v -0.02922820 0.05687508 -0.14092493
v -0.03422018 0.05365010 -0.14103074
v -0.03300816 0.05687514 -0.14529976
v -0.03469835 0.05687515 -0.19226356
v -0.03616640 0.05365025 -0.19649944
v -0.03134484 0.05687509 -0.19677947
v -0.01219898 0.05687484 -0.20938237
v -0.01682664 0.05687491 -0.20763837
v -0.01528835 0.05364980 -0.21214968
v -0.00465366 0.05687460 -0.21096478
v -0.00151553 0.05365045 -0.21481128
v 0.00231957 0.05687383 -0.21116431
v -0.00409543 0.05365082 -0.21464951
v -0.00729703 0.05365024 -0.21423921
v -0.03015994 0.05364988 -0.20317578
v -0.02689365 0.05364994 -0.20587480
v -0.02518346 0.05687501 -0.20264167
v -0.03968041 0.05687525 -0.18118407
v -0.04384404 0.05364984 -0.17937632
v -0.04246314 0.05364978 -0.18439093
v -0.04447597 0.05365001 -0.17566589
v -0.04090401 0.05687530 -0.17514539
v -0.04481266 0.05365015 -0.17142791
v -0.04122610 0.05687531 -0.16984937
v -0.04468288 0.05365007 -0.16630489
v -0.03682910 0.05365025 -0.14442958
v -0.00245672 0.05357296 -0.12515996
v -0.00189446 0.05687436 -0.12881510
v 0.00312042 0.05365010 -0.12527180
v -0.00530072 0.05365064 -0.12547745
v -0.00751384 0.05687475 -0.12946217
v -0.03841871 0.05365023 -0.14688665
v -0.03682780 0.05687520 -0.15147027
v -0.03440181 0.05687516 -0.14728093
v -0.03985624 0.05687526 -0.15945970
v -0.03869799 0.05687523 -0.15578410
v -0.04299712 0.05364977 -0.15729311
v -0.04370894 0.05348165 -0.15947843
v -0.04049894 0.05687528 -0.16228954
v -0.04107278 0.05687531 -0.16644466
v -0.03827468 0.05687521 -0.18531920
v -0.04050590 0.05365002 -0.18922217
v -0.03614851 0.05687517 -0.18982233
v -0.02177475 0.05687497 -0.20500849
v -0.02335876 0.05365013 -0.20827082
v -0.01962105 0.05365014 -0.21031527
v -0.01122774 0.05364967 -0.21340834
v -0.00742547 0.05687473 -0.21055409
v -0.01541743 0.05687491 -0.13176273
v -0.01127246 0.05687484 -0.13034253
v -0.01570432 0.05364984 -0.12800354
v -0.01297469 0.05364966 -0.12708148
v -0.02154879 0.05365018 -0.13068146
v -0.01839137 0.05687495 -0.13310111
v -0.01770242 0.05365002 -0.12880604
v -0.00896925 0.05364992 -0.12606929
v -0.04438638 0.05364995 -0.16367036
v -0.04148696 0.05364990 -0.15299849
v -0.02864342 0.05364988 -0.13550626
v -0.02455212 0.05687502 -0.13688070
v -0.02519728 0.05365004 -0.13291392
v -0.02092993 0.05687498 -0.13447984
v -0.02641669 0.05692877 -0.13844337
v -0.04013659 0.05687527 -0.17941646
v -0.03802097 0.05365026 -0.19376194
v -0.03315973 0.05365004 -0.20017737
v -0.02845464 0.05687505 -0.19983259
v 0.00305969 0.05550101 -0.21039906
v -0.00196755 0.05282981 -0.21345888
v -0.00305373 0.05550101 -0.21039906
v -0.00524079 0.05282981 -0.21318635
v -0.00609302 0.05550101 -0.21005329
v -0.00912759 0.05282981 -0.21253458
v -0.00909755 0.05550101 -0.20947921
v -0.01231068 0.05282981 -0.21172448
v -0.01606481 0.05550101 -0.20719211
v -0.01542358 0.05282981 -0.21067652
v -0.01844855 0.05282981 -0.20939669
v -0.02147798 0.05550101 -0.20435107
v -0.02259347 0.05282981 -0.20717470
v -0.02524776 0.05282981 -0.20542538
v -0.02640205 0.05550101 -0.20072787
v -0.02784854 0.05282981 -0.20341931
v -0.03029056 0.05282981 -0.20122273
v -0.02864512 0.05550101 -0.19864810
v -0.03262949 0.05550101 -0.19401143
v -0.03424228 0.05282981 -0.19682945
v -0.03652980 0.05282981 -0.19362020
v -0.03498120 0.05550101 -0.19043365
v -0.03788930 0.05282981 -0.19137132
v -0.03642315 0.05550101 -0.18773596
v -0.03966789 0.05282981 -0.18785441
v -0.03867709 0.05550101 -0.18205319
v -0.04090188 0.05282981 -0.18481046
v -0.04226160 0.05282981 -0.18030837
v -0.04005031 0.05550101 -0.17609599
v -0.04290152 0.05282981 -0.17719455
v -0.04348071 0.05282981 -0.17131394
v -0.04051155 0.05550101 -0.17000000
v -0.04345591 0.05282981 -0.16802947
v -0.03539775 0.05700101 -0.14952067
v -0.00892023 0.05700101 -0.15264469
v -0.00092089 0.05700101 -0.15054005
v -0.00247061 0.05700237 -0.18910658
v -0.00770261 0.05700851 -0.18744723
v -0.03403478 0.05700101 -0.19267234
v -0.01954670 0.05700101 -0.16972387
v -0.03831314 0.05700101 -0.18430023
v -0.01851435 0.05700101 -0.17626324
v -0.01606068 0.05700845 -0.15965131
v -0.01601795 0.05700101 -0.18118539
v -0.03900360 0.05700101 -0.15770726
v -0.04089459 0.05700101 -0.16985057
v -0.00977858 0.05550101 -0.18688817
v -0.00138357 0.05550101 -0.18953387
v -0.03867709 0.05550101 -0.15794681
v -0.00818672 0.05553346 -0.15318461
v -0.01618912 0.05550101 -0.15906085
v -0.03718913 0.05550101 -0.15393220
v -0.00083130 0.05550101 -0.15043475
v -0.03528583 0.05550101 -0.15009704
v -0.03947622 0.05550101 -0.16089946
v -0.01873533 0.05550101 -0.16442783
v -0.01877054 0.05550101 -0.17545089
v -0.04039608 0.05550101 -0.16694328
v -0.04318337 0.05282981 -0.16475622
v -0.04253160 0.05282981 -0.16086943
v -0.04172149 0.05282981 -0.15768634
v -0.04067353 0.05282981 -0.15457344
v -0.03878021 0.05282981 -0.15029158
v -0.03717171 0.05282981 -0.14740355
v -0.03262949 0.05550101 -0.14598857
v -0.03534857 0.05282981 -0.14464599
v -0.03341633 0.05282981 -0.14214848
v -0.02864512 0.05550101 -0.14135189
v -0.03121976 0.05282981 -0.13970646
v -0.02400845 0.05550101 -0.13736752
v -0.02784854 0.05282981 -0.13658069
v -0.02361722 0.05282981 -0.13346723
v -0.02147798 0.05550101 -0.13564894
v -0.02079360 0.05282981 -0.13178927
v -0.01882506 0.05550101 -0.13412616
v -0.01785143 0.05282981 -0.13032913
v -0.01205022 0.05550101 -0.13131993
v -0.01480748 0.05282981 -0.12909514
v -0.00912759 0.05282981 -0.12746543
v -0.00609302 0.05550101 -0.12994671
v -0.00706635 0.05282981 -0.12707469
v -0.00393404 0.05282981 -0.12667498
v -0.00305373 0.05550101 -0.12960094
v 0.00197352 0.05282981 -0.12654111
v -0.00260101 0.05100101 -0.13465804
v -0.00303109 0.05100101 -0.13875000
v -0.00332870 0.05100101 -0.13591844
v -0.00072769 0.05100101 -0.14042352
v 0.00155622 0.05100101 -0.14013499
v 0.00316689 0.05100101 -0.13849023
v 0.00322652 0.05100101 -0.13564369
v 0.00239591 0.05100101 -0.13444860
v -0.00000000 0.05100101 -0.13349999
v 0.00050133 0.05550101 -0.14096846
v -0.00050133 0.05550101 -0.14096846
v 0.00050133 0.05150101 -0.14096846
v -0.00050133 0.05150101 -0.14096846
v -0.00177854 0.05150101 -0.14058284
v -0.00207211 0.05550101 -0.14042147
v -0.00261368 0.05150101 -0.14002798
v -0.00308205 0.05550101 -0.13954970
v -0.00346410 0.05150101 -0.13900000
v -0.00361931 0.05550101 -0.13870312
v -0.00385265 0.05150101 -0.13807568
v -0.00397809 0.05550101 -0.13741812
v -0.00399211 0.05150101 -0.13674884
v -0.00395709 0.05550101 -0.13641566
v -0.00380423 0.05150101 -0.13576393
v -0.00368745 0.05550101 -0.13544993
v -0.00297258 0.05150101 -0.13432348
v -0.00273819 0.05550101 -0.13408412
v -0.00162695 0.05150101 -0.13334581
v -0.00162695 0.05550101 -0.13334581
v -0.00033471 0.05550101 -0.13301402
v 0.00033471 0.05150101 -0.13301402
v 0.00162695 0.05550101 -0.13334581
v 0.00162695 0.05150101 -0.13334581
v 0.00273819 0.05150101 -0.13408412
v 0.00297258 0.05550101 -0.13432348
v 0.00368745 0.05150101 -0.13544993
v 0.00380423 0.05550101 -0.13576393
v 0.00399912 0.05150101 -0.13708377
v 0.00399211 0.05550101 -0.13674884
v 0.00385265 0.05550101 -0.13807568
v 0.00361931 0.05150101 -0.13870312
v 0.00346410 0.05550101 -0.13900000
v 0.00308205 0.05150101 -0.13954970
v 0.00261368 0.05550101 -0.14002798
v 0.00207211 0.05150101 -0.14042147
v 0.00177854 0.05550101 -0.14058284
v -0.00155622 0.05100101 -0.20613499
v -0.00142358 0.05100101 -0.19980259
v -0.00000000 0.05100101 -0.19949999
v -0.00332870 0.05100101 -0.20191844
v -0.00303109 0.05100101 -0.20475000
v 0.00205725 0.05100101 -0.20583156
v 0.00101161 0.05100101 -0.20635062
v 0.00316689 0.05100101 -0.20449023
v 0.00346245 0.05100101 -0.20248871
v 0.00193687 0.05100101 -0.20008478
v 0.00050133 0.05550101 -0.20696846
v -0.00050133 0.05550101 -0.20696846
v 0.00050133 0.05150101 -0.20696846
v -0.00050133 0.05150101 -0.20696846
v -0.00177854 0.05550101 -0.20658284
v -0.00235114 0.05150101 -0.20623606
v -0.00261368 0.05550101 -0.20602798
v -0.00346410 0.05150101 -0.20500000
v -0.00361931 0.05550101 -0.20470312
v -0.00385265 0.05150101 -0.20407568
v -0.00397809 0.05550101 -0.20341812
v -0.00399211 0.05150101 -0.20274884
v -0.00389432 0.05550101 -0.20208660
v -0.00368745 0.05150101 -0.20144993
v -0.00354481 0.05550101 -0.20114681
v -0.00273819 0.05150101 -0.20008412
v -0.00273819 0.05550101 -0.20008412
v -0.00162695 0.05550101 -0.19934581
v -0.00162695 0.05150101 -0.19934581
v -0.00033471 0.05550101 -0.19901402
v 0.00033471 0.05150101 -0.19901402
v 0.00162695 0.05550101 -0.19934581
v 0.00162695 0.05150101 -0.19934581
v 0.00273819 0.05550101 -0.20008412
v 0.00273819 0.05150101 -0.20008412
v 0.00354481 0.05150101 -0.20114681
v 0.00368745 0.05550101 -0.20144993
v 0.00389432 0.05150101 -0.20208660
v 0.00399211 0.05550101 -0.20274884
v 0.00397809 0.05150101 -0.20341812
v 0.00385265 0.05550101 -0.20407568
v 0.00361931 0.05150101 -0.20470312
v 0.00346410 0.05550101 -0.20500000
v 0.00261368 0.05150101 -0.20602798
v 0.00235114 0.05550101 -0.20623606
v 0.00177854 0.05150101 -0.20658284
v -0.00456019 0.05582624 -0.18692887
v -0.00159372 0.05730938 -0.18574716
v 0.00119662 0.05674010 -0.18633877
v 0.00082301 0.05580756 -0.18763326
v -0.00641450 0.05553354 -0.18755692
v 0.00221922 0.05615691 -0.18701470
v 0.00176780 0.05777527 -0.18566094
v -0.01263240 0.05561116 -0.18315600
v -0.01844952 0.05551943 -0.17407191
v -0.01776345 0.05569924 -0.16755998
v -0.01718360 0.05582175 -0.17379163
v -0.01658730 0.05597903 -0.17481473
v -0.01551753 0.05607077 -0.17721093
v -0.00820592 0.05575857 -0.18570398
v -0.01251231 0.05617187 -0.18142748
v -0.00702574 0.05590026 -0.18589994
v -0.01666684 0.05638815 -0.17071518
v -0.01542668 0.05650785 -0.17597634
v -0.00661997 0.05664133 -0.18497258
v -0.00491091 0.05677192 -0.18548247
v -0.01185189 0.05754566 -0.18035530
v -0.01090175 0.05754742 -0.18134393
v -0.00929377 0.05689642 -0.18322009
v -0.01569957 0.05753905 -0.17136021
v -0.01385918 0.05715441 -0.17797253
v -0.01530918 0.05753972 -0.17372769
v -0.01364228 0.05950101 -0.17564745
v -0.00763219 0.05950101 -0.18262437
v -0.00942985 0.05950101 -0.18134990
v -0.00571094 0.05950101 -0.18359654
v -0.00266369 0.05743585 -0.15446845
v 0.00137948 0.05649576 -0.15346289
v 0.00193956 0.05714455 -0.15401980
v -0.00515056 0.05677091 -0.15459085
v -0.00134380 0.05576301 -0.15237013
v -0.00639796 0.05617613 -0.15434282
v -0.00139698 0.05560976 -0.15184815
v -0.01492114 0.05551948 -0.15842982
v -0.00977820 0.05575805 -0.15521125
v -0.01575743 0.05589645 -0.16255291
v -0.01391539 0.05569992 -0.15871772
v -0.01159261 0.05598126 -0.15722694
v -0.01305436 0.05627787 -0.15941846
v -0.01527188 0.05663129 -0.16397001
v -0.00933968 0.05617390 -0.15587854
v -0.01634231 0.05638838 -0.16665614
v -0.01021038 0.05715927 -0.15771909
v -0.01201097 0.05754486 -0.15982603
v -0.00770511 0.05689809 -0.15580310
v -0.01360048 0.05754223 -0.16205935
v -0.01595913 0.05715145 -0.16886295
v -0.01458357 0.05950101 -0.16767937
v -0.01489247 0.05754019 -0.16485861
v -0.01036721 0.05950101 -0.15949523
v -0.00604816 0.05950101 -0.15654799
v 0.01088243 0.05550101 -0.13097353
v 0.01147061 0.05550101 -0.13114230
v 0.03226909 0.05550101 -0.14549845
v 0.03263546 0.05550101 -0.14598857
v 0.02640801 0.05550101 -0.13927212
v 0.02686909 0.05550101 -0.13967444
v 0.01550722 0.05550101 -0.13256945
v 0.01494013 0.05550101 -0.13233955
v 0.01436963 0.05550101 -0.13211825
v 0.01379586 0.05550101 -0.13190559
v 0.01205618 0.05550101 -0.13131993
v 0.01263900 0.05550101 -0.13150638
v 0.01321894 0.05550101 -0.13170162
v 0.00850622 0.05550101 -0.13038784
v 0.00910352 0.05550101 -0.13052079
v 0.00969874 0.05550101 -0.13066274
v 0.01029176 0.05550101 -0.13081367
v 0.02777275 0.05550101 -0.14049971
v 0.02821514 0.05550101 -0.14092249
v 0.02865108 0.05550101 -0.14135189
v 0.02908050 0.05550101 -0.14178784
v 0.01990593 0.05550101 -0.13471119
v 0.02043664 0.05550101 -0.13501582
v 0.03498717 0.05550101 -0.14956634
v 0.02732404 0.05550101 -0.14008366
v 0.02251165 0.05550101 -0.13631339
v 0.02301786 0.05550101 -0.13665719
v 0.01773894 0.05550101 -0.13357386
v 0.01828707 0.05550101 -0.13384590
v 0.01883103 0.05550101 -0.13412616
v 0.01937069 0.05550101 -0.13441461
v 0.01607078 0.05550101 -0.13280788
v 0.01663067 0.05550101 -0.13305481
v 0.01718676 0.05550101 -0.13331015
v 0.00609898 0.05550101 -0.12994671
v 0.00670322 0.05550101 -0.13004334
v 0.00730593 0.05550101 -0.13014910
v 0.00790698 0.05550101 -0.13026394
v 0.02498906 0.05550101 -0.13810763
v 0.02546789 0.05550101 -0.13848864
v 0.02594091 0.05550101 -0.13887684
v 0.02096268 0.05550101 -0.13532843
v 0.02148394 0.05550101 -0.13564894
v 0.02200031 0.05550101 -0.13597728
v 0.03073085 0.05550101 -0.14359498
v 0.03112615 0.05550101 -0.14406207
v 0.02351882 0.05550101 -0.13700859
v 0.02401442 0.05550101 -0.13736752
v 0.02450453 0.05550101 -0.13773389
v 0.00488647 0.05550101 -0.12978086
v 0.00549335 0.05550101 -0.12985921
v 0.00122664 0.05550101 -0.12950395
v 0.03334579 0.05550101 -0.14698513
v 0.03368958 0.05550101 -0.14749134
v 0.02950327 0.05550101 -0.14223023
v 0.02991932 0.05550101 -0.14267895
v 0.03032855 0.05550101 -0.14313389
v 0.03299439 0.05550101 -0.14648417
v 0.03402570 0.05550101 -0.14800267
v 0.03435405 0.05550101 -0.14851904
v 0.03467456 0.05550101 -0.14904030
v 0.03151435 0.05550101 -0.14453509
v 0.03189535 0.05550101 -0.14501393
v 0.00220957 0.05777663 -0.15439586
v 0.00091843 0.05950101 -0.15525924
v -0.00198452 0.05950101 -0.15539587
v -0.00414798 0.05950101 -0.15585113
v -0.00811436 0.05950101 -0.15767774
v -0.01152938 0.05950101 -0.16078220
v -0.01312998 0.05950101 -0.16324773
v -0.01476746 0.05950101 -0.17003715
v 0.03308109 0.05950101 -0.15569539
v 0.03482108 0.05777600 -0.15485616
v 0.03576545 0.05677105 -0.15420952
v 0.03618298 0.05620976 -0.15360481
v 0.03633550 0.05587477 -0.15303941
v 0.03606898 0.05551687 -0.15158170
v 0.00910352 0.05550101 -0.20947921
v 0.01494013 0.05550101 -0.20766044
v 0.03538774 0.05550367 -0.18972574
v 0.02546789 0.05550101 -0.20151137
v 0.02200031 0.05550101 -0.20402272
v 0.01773894 0.05550101 -0.20642613
v 0.03263546 0.05550101 -0.19401143
v 0.02777275 0.05550101 -0.19950029
v -0.01273860 0.05950101 -0.17746218
v -0.01447664 0.05950101 -0.17291300
v -0.01099662 0.05950101 -0.17984489
v -0.00366697 0.05950101 -0.18427850
v -0.00026634 0.05950101 -0.18473391
v 0.03266387 0.05950101 -0.18523316
v 0.03584135 0.05587812 -0.18797289
v 0.03573418 0.05558158 -0.18890536
v 0.03563436 0.05632691 -0.18725696
v 0.03493015 0.05720081 -0.18646263
v 0.03593890 0.05950101 -0.16728099
v 0.03604161 0.05950101 -0.17000000
v 0.03512067 0.05950101 -0.17809515
v 0.03440981 0.05950101 -0.18072160
v 0.03593890 0.05950101 -0.17271902
v 0.03563133 0.05950101 -0.17542253
v 0.00391866 0.05282981 -0.12667304
v 0.00784471 0.05282981 -0.12720905
v 0.00828189 0.05282981 -0.12729149
v 0.00913355 0.05282981 -0.12746543
v 0.00936115 0.05282981 -0.12751491
v 0.00977492 0.05282981 -0.12760817
v 0.01041406 0.05282981 -0.12776059
v 0.01105083 0.05282981 -0.12792265
v 0.01150098 0.05282981 -0.12804343
v 0.01231665 0.05282981 -0.12827553
v 0.01256016 0.05282981 -0.12834817
v 0.01542955 0.05282981 -0.12932348
v 0.01785739 0.05282981 -0.13032913
v 0.02079956 0.05282981 -0.13178927
v 0.02353392 0.05282981 -0.13340966
v 0.02734659 0.05282981 -0.13616385
v 0.02982150 0.05282981 -0.13832329
v 0.03212643 0.05282981 -0.14066331
v 0.03424825 0.05282981 -0.14317055
v 0.03653576 0.05282981 -0.14637980
v 0.03939967 0.05282981 -0.15154848
v 0.04090785 0.05282981 -0.15518954
v 0.03440981 0.05950101 -0.15927839
v 0.04190867 0.05282981 -0.15831791
v 0.04253756 0.05282981 -0.16086943
v 0.03512067 0.05950101 -0.16190486
v 0.04290748 0.05282981 -0.16280544
v 0.03563133 0.05950101 -0.16457747
v 0.04332801 0.05282981 -0.16606298
v 0.04350156 0.05282981 -0.16934295
v 0.04017073 0.05282981 -0.18670660
v 0.03882440 0.05282981 -0.18963301
v 0.03723250 0.05282981 -0.19250603
v 0.03470090 0.05282981 -0.19624142
v 0.03260814 0.05282981 -0.19880038
v 0.03032710 0.05282981 -0.20119303
v 0.02787097 0.05282981 -0.20340559
v 0.02525373 0.05282981 -0.20542538
v 0.02362318 0.05282981 -0.20653278
v 0.01845451 0.05282981 -0.20939669
v 0.01542955 0.05282981 -0.21067652
v 0.01231665 0.05282981 -0.21172448
v 0.00923737 0.05282981 -0.21251217
v 0.00459390 0.05282981 -0.21326062
v 0.04346187 0.05282981 -0.17197053
v 0.04318933 0.05282981 -0.17524377
v 0.04253756 0.05282981 -0.17913057
v 0.04172745 0.05282981 -0.18231367
v 0.00143562 0.05758827 -0.18760930
v -0.00340763 0.05776112 -0.18702336
v 0.00082093 0.05727165 -0.18803997
v -0.00612875 0.05734963 -0.18676822
v 0.00148103 0.05826626 -0.18709585
v -0.01205689 0.05775441 -0.18255447
v -0.01017622 0.05746746 -0.18448503
v -0.01075464 0.05809749 -0.18335409
v -0.00692267 0.05810159 -0.18566521
v -0.00439874 0.05848392 -0.18631756
v -0.01656289 0.05846665 -0.17365398
v -0.01702989 0.05746462 -0.17494383
v -0.01614265 0.05809232 -0.17585342
v -0.01546420 0.05775221 -0.17802386
v -0.01372130 0.05734710 -0.18147892
v -0.01407310 0.05809424 -0.17982228
v -0.00954648 0.05809873 -0.18423583
v -0.01702941 0.05827588 -0.17110296
v -0.01771449 0.05746435 -0.16912468
v -0.01837447 0.05710036 -0.17199714
v -0.01831074 0.05710036 -0.16748460
v -0.01640048 0.05716393 -0.17806223
v -0.01157250 0.05710096 -0.18437545
v -0.00736677 0.05716532 -0.18668030
v -0.00196558 0.05704743 -0.18856990
v -0.00349587 0.05710177 -0.15191635
v -0.00720675 0.05700851 -0.15234208
v 0.00182528 0.05702432 -0.15112326
v 0.00186184 0.05716097 -0.15174143
v -0.00205785 0.05810777 -0.15302294
v 0.00191647 0.05745866 -0.15228537
v 0.00196092 0.05845924 -0.15305685
v 0.00195659 0.05790812 -0.15272222
v -0.00401155 0.05792670 -0.15323925
v -0.00565270 0.05734963 -0.15306529
v -0.00437462 0.06060358 -0.15475646
v -0.00546146 0.05792518 -0.15364547
v -0.00862307 0.05775654 -0.15489627
v -0.01006380 0.05716482 -0.15477604
v -0.01121580 0.05760301 -0.15650135
v -0.01082531 0.05847356 -0.15697505
v -0.01284489 0.05809512 -0.15862456
v -0.01339161 0.05734710 -0.15813804
v -0.01504282 0.05775232 -0.16121301
v -0.01677708 0.05791589 -0.16579801
v -0.01500146 0.06044679 -0.16452155
v -0.01618430 0.05734630 -0.16235034
v -0.01744604 0.05724556 -0.16522357
v -0.01685110 0.05846623 -0.16805850
v 0.00324389 0.05700101 -0.13675712
v 0.01707647 0.05700101 -0.13283819
v 0.01639673 0.05700101 -0.13253336
v 0.01571155 0.05700101 -0.13224097
v 0.01841874 0.05700101 -0.13348475
v 0.01775055 0.05700101 -0.13315536
v 0.01973657 0.05700101 -0.13417976
v 0.01908082 0.05700101 -0.13382626
v -0.00048141 0.05700101 -0.14021370
v -0.00208608 0.05700101 -0.13948965
v -0.00272710 0.05700101 -0.13523673
v -0.00745332 0.05700101 -0.12978876
v -0.01484122 0.05700101 -0.13189144
v 0.00493927 0.05700101 -0.12940274
v -0.00032061 0.05700101 -0.13376614
v 0.01502115 0.05700101 -0.13196109
v 0.01432577 0.05700101 -0.13169384
v 0.00281756 0.05700101 -0.13537499
v 0.01362564 0.05700101 -0.13143930
v 0.01292099 0.05700101 -0.13119756
v 0.02102820 0.05700101 -0.13492231
v 0.02038576 0.05700101 -0.13454515
v 0.02352608 0.05700101 -0.13654603
v 0.02291281 0.05700101 -0.13612311
v 0.02229193 0.05700101 -0.13571142
v 0.02166366 0.05700101 -0.13531111
v -0.00324601 0.05700101 -0.13708103
v 0.01221205 0.05700101 -0.13096869
v 0.01149906 0.05700101 -0.13075279
v 0.01078226 0.05700101 -0.13054989
v 0.01006188 0.05700101 -0.13036008
v 0.00933816 0.05700101 -0.13018344
v 0.00861134 0.05700101 -0.13002001
v 0.00788167 0.05700101 -0.12986983
v 0.00714938 0.05700101 -0.12973298
v -0.02865358 0.05700101 -0.14082167
v 0.00169765 0.05700101 -0.13422680
v 0.00567794 0.05700101 -0.12949939
v 0.00641473 0.05700101 -0.12960948
v 0.00232955 0.05700101 -0.13926928
v 0.02413155 0.05700101 -0.13698006
v 0.02472901 0.05700101 -0.13742505
v 0.03022107 0.05700101 -0.14244330
v 0.02971410 0.05700101 -0.14189745
v 0.03510134 0.05700101 -0.14900929
v 0.02813474 0.05700101 -0.14031653
v 0.02867077 0.05700101 -0.14083388
v 0.02919728 0.05700101 -0.14136092
v 0.03471316 0.05700101 -0.14837345
v 0.02531827 0.05700101 -0.13788085
v 0.02589913 0.05700101 -0.13834730
v 0.02758939 0.05700101 -0.13980904
v 0.02703488 0.05700101 -0.13931155
v 0.02647139 0.05700101 -0.13882425
v 0.03071800 0.05700101 -0.14299831
v 0.03120475 0.05700101 -0.14356227
v 0.03431347 0.05700101 -0.14774479
v 0.03390239 0.05700101 -0.14712350
v 0.03348007 0.05700101 -0.14650981
v 0.03304664 0.05700101 -0.14590392
v 0.03260224 0.05700101 -0.14530602
v 0.03214702 0.05700101 -0.14471632
v 0.03168114 0.05700101 -0.14413500
v 0.00320578 0.06044825 -0.15406986
v 0.03543578 0.05854230 -0.15357180
v 0.03351177 0.06044823 -0.15449791
v -0.00159077 0.06048179 -0.15414700
v -0.00785173 0.06043442 -0.15609646
v -0.01021437 0.06043876 -0.15772565
v -0.01562995 0.06056321 -0.16706496
v -0.01595859 0.06044821 -0.16937236
v -0.01422671 0.06044559 -0.16274405
v -0.01298162 0.06044353 -0.16069897
v -0.00039379 0.06084285 -0.15441175
v 0.03336464 0.06100101 -0.15539035
v 0.03336275 0.06078800 -0.15477329
v -0.00083136 0.06100101 -0.15496832
v -0.00661632 0.06094161 -0.15608911
v -0.00951181 0.06100101 -0.15831187
v -0.01281680 0.06099920 -0.17804706
v -0.01317365 0.06088603 -0.16175832
v -0.01519230 0.06096445 -0.16784653
v -0.00862034 0.06071528 -0.15679792
v -0.01454469 0.06081166 -0.16419406
v -0.01055137 0.06084925 -0.15850975
v -0.01543870 0.06088851 -0.17174511
v 0.03655297 0.05703125 -0.15167552
v 0.03651889 0.05749505 -0.15282111
v 0.03611359 0.05791106 -0.15320723
v -0.02559152 0.05700101 -0.20189828
v -0.00307778 0.05700101 -0.20196491
v -0.00195938 0.05700101 -0.20040932
v 0.00324389 0.05700101 -0.20324287
v 0.03574860 0.05700161 -0.18987164
v 0.00281756 0.05700101 -0.20137499
v 0.00289507 0.05700101 -0.20448269
v 0.01530891 0.05700101 -0.20792404
v -0.00392384 0.05700101 -0.21070725
v -0.00079898 0.05700101 -0.20614950
v -0.01795266 0.05700101 -0.20674530
v -0.00295941 0.05700101 -0.20433669
v 0.02436803 0.05700101 -0.20284583
v 0.00452426 0.05700101 -0.21064557
v 0.00111455 0.05700101 -0.20605400
v 0.00169765 0.05700101 -0.20022680
v -0.00032061 0.05700101 -0.19976614
v 0.00212875 0.06044821 -0.18600442
v 0.03506518 0.05843871 -0.18747705
v -0.00109147 0.06041889 -0.18592501
v -0.00274996 0.06042281 -0.18572505
v -0.00639882 0.06043074 -0.18462777
v -0.00844549 0.06043483 -0.18355110
v -0.01423091 0.06044526 -0.17724754
v -0.01265614 0.06055926 -0.17962763
v -0.01586852 0.06044802 -0.17180400
v -0.01514298 0.06044677 -0.17507410
v -0.01142548 0.06044036 -0.18115644
v 0.03306055 0.06044823 -0.18644233
v 0.03289293 0.06091524 -0.18595070
v 0.03293870 0.06100101 -0.18554610
v -0.00080941 0.06099911 -0.18509337
v 0.00278702 0.06081388 -0.18570271
v -0.00358551 0.06088338 -0.18510962
v -0.00802760 0.06100101 -0.18274988
v -0.00986188 0.06081006 -0.18215995
v -0.00753408 0.06080837 -0.18372323
v -0.01455213 0.06096567 -0.17484926
v 0.03578979 0.05774854 -0.18793897
v 0.03610557 0.05737408 -0.18836892
v 0.03614091 0.05709757 -0.18899749
v 0.03617969 0.06100101 -0.17420575
v 0.03536697 0.06100101 -0.16129190
v 0.01923624 0.05687383 -0.13353154
v 0.01967597 0.05687383 -0.13376686
v 0.02044549 0.05365010 -0.13009468
v 0.03676960 0.05688801 -0.15137814
v 0.03934222 0.05365010 -0.14848824
v 0.03520581 0.05687383 -0.14853777
v 0.03499594 0.05687383 -0.14819726
v 0.03686209 0.05365010 -0.14447086
v 0.03459299 0.05687383 -0.14756347
v 0.03417857 0.05687383 -0.14693713
v 0.03375280 0.05687383 -0.14631845
v 0.03349568 0.05687383 -0.14595617
v 0.03331584 0.05687383 -0.14570761
v 0.03193922 0.05687383 -0.14392428
v 0.03224999 0.05687383 -0.14430960
v 0.03345424 0.05365010 -0.14014462
v 0.03240890 0.05687383 -0.14451033
v 0.03286782 0.05687383 -0.14510484
v 0.02452834 0.05365010 -0.13246551
v 0.02057705 0.05687383 -0.13427082
v 0.02119949 0.05687383 -0.13463654
v 0.03159662 0.05687383 -0.14351021
v 0.03145895 0.05687383 -0.14334688
v 0.03096824 0.05687383 -0.14277832
v 0.03046725 0.05687383 -0.14221880
v 0.03023086 0.05687383 -0.14196178
v 0.02995615 0.05687383 -0.14166850
v 0.02943512 0.05687383 -0.14112760
v 0.02954172 0.05365010 -0.13626879
v 0.02890432 0.05687383 -0.14059627
v 0.02836393 0.05687383 -0.14007472
v 0.02804121 0.05687383 -0.13977213
v 0.02781413 0.05687383 -0.13956307
v 0.02727554 0.05687383 -0.13907956
v 0.02668703 0.05687383 -0.13857026
v 0.02649277 0.05687383 -0.13840637
v 0.02611010 0.05687383 -0.13808942
v 0.02772482 0.05365010 -0.13476038
v 0.02569339 0.05687383 -0.13775299
v 0.02552451 0.05687383 -0.13761917
v 0.02493045 0.05687383 -0.13715966
v 0.02432812 0.05687383 -0.13671105
v 0.02404681 0.05687383 -0.13650730
v 0.02371772 0.05687383 -0.13627349
v 0.02320065 0.05687383 -0.13591577
v 0.02247352 0.05687383 -0.13543208
v 0.02184013 0.05687383 -0.13502850
v 0.02146522 0.05687383 -0.13479717
v 0.01989733 0.05687383 -0.13388793
v 0.01856877 0.05687383 -0.13318726
v 0.01789514 0.05687383 -0.13285519
v 0.01721557 0.05687383 -0.13253544
v 0.01690103 0.05687383 -0.13239251
v 0.01539901 0.05365010 -0.12788951
v 0.01653029 0.05687383 -0.13222812
v 0.00572417 0.05687383 -0.12916943
v 0.00767149 0.05365010 -0.12582393
v 0.00497949 0.05687383 -0.12907201
v 0.01583952 0.05687383 -0.13193335
v 0.01514350 0.05687383 -0.13165119
v 0.01444246 0.05687383 -0.13138177
v 0.01403076 0.05687383 -0.13123032
v 0.01373663 0.05687383 -0.13112515
v 0.01305560 0.05687383 -0.13089123
v 0.01240597 0.05365010 -0.12691292
v 0.01231152 0.05687383 -0.13065071
v 0.01207226 0.05687383 -0.13057667
v 0.01159272 0.05687383 -0.13043304
v 0.01108135 0.05687383 -0.13028683
v 0.01087008 0.05687383 -0.13022849
v 0.01014383 0.05687383 -0.13003714
v 0.00941421 0.05687383 -0.12985906
v 0.00907933 0.05687383 -0.12978201
v 0.00868148 0.05687383 -0.12969428
v 0.00806946 0.05687383 -0.12956735
v 0.00720761 0.05687383 -0.12940493
v 0.00646696 0.05687383 -0.12928043
v 0.00603519 0.05687383 -0.12921423
v 0.00198671 0.05687383 -0.12881832
v 0.04090085 0.05365010 -0.15162350
v 0.03681681 0.05748066 -0.15299772
v 0.03418615 0.06087383 -0.15649691
v 0.04168274 0.05365010 -0.15347339
v 0.03512369 0.06087383 -0.15916680
v 0.04318950 0.05365010 -0.15794778
v 0.03613826 0.06087383 -0.16328698
v 0.04373975 0.05365010 -0.16012955
v 0.03646551 0.06087383 -0.16538413
v 0.04479651 0.05365010 -0.16803253
v 0.04454802 0.05365010 -0.16489401
v 0.03670597 0.06087383 -0.16807315
v 0.04483522 0.05365010 -0.17063326
v 0.03674893 0.06087383 -0.17074667
v 0.03651064 0.06087383 -0.17424423
v 0.04455465 0.05365010 -0.17504774
v 0.03607487 0.06087383 -0.17704563
v 0.04359278 0.05365010 -0.18050051
v 0.03378214 0.06087383 -0.18448415
v 0.04138253 0.05365010 -0.18726453
v 0.04274331 0.05365010 -0.18354973
v 0.03518517 0.06087383 -0.18063185
v 0.03609416 0.05779201 -0.18770957
v 0.03932544 0.05365010 -0.19154240
v 0.03631841 0.05690877 -0.18943794
v 0.03513881 0.05687383 -0.19157176
v 0.03861479 0.05354920 -0.19296117
v 0.03593642 0.05365010 -0.19681640
v 0.03347786 0.05687383 -0.19406863
v 0.03391708 0.05365010 -0.19932857
v 0.03015088 0.05687383 -0.19812420
v 0.03062643 0.05365010 -0.20274958
v 0.02802684 0.05687383 -0.20024119
v 0.02762035 0.05365010 -0.20532155
v 0.02456653 0.05687383 -0.20311342
v 0.02305617 0.05365010 -0.20845623
v 0.02016324 0.05687383 -0.20596430
v 0.01886141 0.05365010 -0.21067789
v 0.01681385 0.05687383 -0.20764653
v 0.01597520 0.05354920 -0.21198781
v 0.01403294 0.05687383 -0.20876889
v 0.00972711 0.05687383 -0.21006629
v 0.01065763 0.05365010 -0.21355237
v 0.00677701 0.05365010 -0.21432205
v 0.00678905 0.05687383 -0.21066713
v 0.00363308 0.05365010 -0.21468952
v 0.04492591 0.05327728 -0.17269234
v 0.04499588 0.05242279 -0.17063552
v 0.04492157 0.05327728 -0.16723613
v 0.04492370 0.05250101 -0.16727105
v 0.04452997 0.05242279 -0.16351067
v 0.04355589 0.05327728 -0.15866585
v 0.04350808 0.05220712 -0.15886272
v 0.04317955 0.05250101 -0.15730737
v 0.03947310 0.05340894 -0.14841667
v 0.04128130 0.05250101 -0.15207183
v 0.03916130 0.05250101 -0.14782017
v 0.03699923 0.05327728 -0.14437586
v 0.03514086 0.05234650 -0.14192072
v 0.03356554 0.05340894 -0.14004529
v 0.03198910 0.05242279 -0.13835110
v -0.00015565 0.05242279 -0.12500289
v 0.00000291 0.05327728 -0.12499646
v 0.00470444 0.05340894 -0.12526046
v 0.01085478 0.05242279 -0.12633075
v 0.00696387 0.05242279 -0.12554428
v 0.00860898 0.05340894 -0.12584497
v 0.01466324 0.05250101 -0.12745126
v 0.01910266 0.05327728 -0.12925051
v 0.01615350 0.05242279 -0.12800089
v 0.01906808 0.05234650 -0.12926134
v 0.02191514 0.05327728 -0.13069128
v 0.02527200 0.05234650 -0.13278988
v 0.02460994 0.05340894 -0.13234062
v 0.02784515 0.05242279 -0.13465063
v 0.03024148 0.05327728 -0.13666905
v -0.00332573 0.05227401 -0.12517439
v -0.00603012 0.05327829 -0.12540269
v -0.01268274 0.05234650 -0.12684691
v -0.01163955 0.05327770 -0.12652852
v -0.01038680 0.05250101 -0.12621221
v -0.00803774 0.05220712 -0.12581766
v -0.01495691 0.05250101 -0.12755568
v -0.02007337 0.05250101 -0.12972273
v -0.01776358 0.05338220 -0.12866379
v -0.02646664 0.05327817 -0.13360389
v -0.02406868 0.05348182 -0.13202661
v -0.02351647 0.05227401 -0.13169527
v -0.03193050 0.05327819 -0.13828926
v -0.02929568 0.05327810 -0.13583998
v -0.02870374 0.05242279 -0.13534905
v -0.03434178 0.05242279 -0.14092764
v -0.03478239 0.05327844 -0.14144662
v -0.03696506 0.05327861 -0.14433520
v -0.03843153 0.05220712 -0.14677241
v -0.03968561 0.05338255 -0.14880681
v -0.03966960 0.05234650 -0.14880559
v -0.04163992 0.05327845 -0.15293580
v -0.04254576 0.05250101 -0.15533975
v -0.04418542 0.05250101 -0.16147338
v -0.04347389 0.05250101 -0.15837760
v -0.04495338 0.05234650 -0.16857110
v -0.04499607 0.05327883 -0.16936439
v -0.04477770 0.05327871 -0.16552688
v -0.04429787 0.05200101 -0.17048772
v -0.04453244 0.05202548 -0.17330717
v -0.04411748 0.05202548 -0.16309160
v -0.04057319 0.05200101 -0.18778700
v -0.04127081 0.05202548 -0.18705329
v -0.04215346 0.05200101 -0.18362489
v -0.04402525 0.05200101 -0.17493136
v 0.04006059 0.05200101 -0.18892595
v 0.03787130 0.05205551 -0.19380780
v 0.03795890 0.05200101 -0.19285063
v -0.04330803 0.05200101 -0.17932521
v -0.04325993 0.05202548 -0.18107527
v -0.03858319 0.05200101 -0.19176950
v -0.03714183 0.05200716 -0.19465353
v -0.03037514 0.05200101 -0.20224862
v -0.02632883 0.05200716 -0.20597456
v -0.03288395 0.05205551 -0.20031947
v -0.03620355 0.05200101 -0.19553216
v -0.02332281 0.05200101 -0.20766579
v -0.01889371 0.05200716 -0.21037881
v -0.02698524 0.05200101 -0.20513459
v -0.01533068 0.05200101 -0.21156541
v -0.01942484 0.05200101 -0.20981662
v 0.04387436 0.05200101 -0.17617294
v 0.04450085 0.05202548 -0.17377898
v 0.04303334 0.05200101 -0.18054478
v 0.00451801 0.05200101 -0.12592714
v -0.00172743 0.05200716 -0.12545183
v 0.00770144 0.05205551 -0.12593693
v -0.00548125 0.05200101 -0.12603721
v 0.00118532 0.05200101 -0.12571225
v -0.04412315 0.05200101 -0.16603914
v -0.03345829 0.05200101 -0.19903699
v 0.04457474 0.05200716 -0.16905606
v 0.04427239 0.05200101 -0.17173876
v 0.04277489 0.05200716 -0.15742633
v 0.04379141 0.05202548 -0.16122988
v 0.04403121 0.05200101 -0.16506864
v 0.00891845 0.05200101 -0.12660278
v 0.01605772 0.05205551 -0.12824996
v 0.01322885 0.05200101 -0.12771668
v -0.01624206 0.05200101 -0.12878226
v -0.01407234 0.05200716 -0.12769848
v -0.00952228 0.05200716 -0.12644771
v -0.01202335 0.05200101 -0.12735999
v -0.02128094 0.05200716 -0.13082695
v -0.04350283 0.05200101 -0.16163057
v -0.00672076 0.05200101 -0.21379036
v -0.00692697 0.05209650 -0.21425816
v -0.01108169 0.05200101 -0.21289445
v 0.00878321 0.05200101 -0.21342477
v 0.00252364 0.05202548 -0.21458685
v 0.00216006 0.05200101 -0.21425100
v 0.02775818 0.05200101 -0.20453191
v 0.02788186 0.05202548 -0.20488709
v 0.02415236 0.05200101 -0.20714311
v 0.03337364 0.05200101 -0.19914109
v 0.03414407 0.05205551 -0.19889995
v 0.04406606 0.05205551 -0.17769845
v 0.04175302 0.05205551 -0.18605474
v 0.04175778 0.05200101 -0.18481013
v 0.04057916 0.05200101 -0.15221301
v 0.04215942 0.05200101 -0.15637510
v 0.04057980 0.05200716 -0.15153232
v 0.03744663 0.05200101 -0.14631927
v -0.04005463 0.05200101 -0.15107405
v -0.04115446 0.05205551 -0.15248184
v -0.03675688 0.05200101 -0.14527115
v -0.04175182 0.05200101 -0.15518986
v -0.01381970 0.05205551 -0.21254121
v -0.00340307 0.05200101 -0.21417242
v 0.02872243 0.05200101 -0.13626578
v 0.02950097 0.05205551 -0.13637428
v 0.03196305 0.05200101 -0.13931845
v 0.01740570 0.05200101 -0.12925753
v 0.01889967 0.05200716 -0.12962119
v 0.02140682 0.05200101 -0.13120981
v -0.02320536 0.05200101 -0.13226174
v -0.03262481 0.05200101 -0.14002950
v -0.03201449 0.05205551 -0.13876377
v -0.02687566 0.05200101 -0.13478151
v -0.02594608 0.05200716 -0.13374838
v -0.03513676 0.05205551 -0.14232294
v 0.01337402 0.05205551 -0.21268532
v 0.01520708 0.05200101 -0.21161297
v 0.01778204 0.05202548 -0.21096641
v 0.02030268 0.05200101 -0.20937926
v 0.03488094 0.05200101 -0.14268093
v 0.03494670 0.05205551 -0.14207587
v 0.02519180 0.05200101 -0.13355379
v -0.04492881 0.05250101 -0.17254016
v -0.04483944 0.05327876 -0.17380469
v -0.04463649 0.05220712 -0.17490412
v -0.04457765 0.05327865 -0.17615516
v -0.04407077 0.05227401 -0.17882727
v -0.04400928 0.05327848 -0.17939356
v -0.04293698 0.05242279 -0.18345080
v -0.04291650 0.05327836 -0.18353650
v -0.04217071 0.05250101 -0.18570665
v -0.04061678 0.05242279 -0.18935974
v -0.03980913 0.05327857 -0.19098367
v -0.04139191 0.05348174 -0.18754694
v -0.03562498 0.05234650 -0.19745478
v -0.03629996 0.05327857 -0.19659728
v -0.03875779 0.05250101 -0.19286746
v -0.02906938 0.05242279 -0.20434476
v -0.03265415 0.05327824 -0.20096499
v -0.03083372 0.05234650 -0.20274468
v -0.02884738 0.05327807 -0.20453948
v -0.02622806 0.05327814 -0.20656843
v -0.01978618 0.05242279 -0.21041229
v -0.02011811 0.05327827 -0.21025494
v -0.02303039 0.05338234 -0.20864967
v -0.02327399 0.05250101 -0.20851624
v -0.01710704 0.05327805 -0.21162410
v -0.01465727 0.05250101 -0.21254875
v -0.01444903 0.05338188 -0.21260835
v -0.01084881 0.05242279 -0.21366924
v -0.01126654 0.05338179 -0.21355835
v -0.00604176 0.05327829 -0.21459574
v -0.00695791 0.05242279 -0.21445571
v -0.00301324 0.05250101 -0.21490234
v 0.00254314 0.05250101 -0.21493179
v 0.00048943 0.05327728 -0.21500091
v 0.00364659 0.05327728 -0.21485579
v 0.00649232 0.05242279 -0.21452700
v 0.00914755 0.05327728 -0.21406467
v 0.01115787 0.05234650 -0.21357390
v 0.01223365 0.05327728 -0.21330969
v 0.01525880 0.05327728 -0.21233885
v 0.01791714 0.05242279 -0.21127769
v 0.02078420 0.05242279 -0.20991123
v 0.02314194 0.05327728 -0.20859931
v 0.02554413 0.05242279 -0.20704611
v 0.02771223 0.05340894 -0.20543908
v 0.03188153 0.05327728 -0.20176597
v 0.03330490 0.05250101 -0.20027046
v 0.03350519 0.05340894 -0.20002221
v 0.03535719 0.05250101 -0.19784598
v 0.03649137 0.05340894 -0.19631213
v 0.03851395 0.05242279 -0.19327380
v 0.04004343 0.05234650 -0.19049095
v 0.04054508 0.05340894 -0.18949537
v 0.04311881 0.05340894 -0.18283573
v 0.04171623 0.05250101 -0.18689154
v 0.04326205 0.05242279 -0.18238619
v 0.04431088 0.05234650 -0.17774123
v 0.04393419 0.05327728 -0.17976563
v 0.04451371 0.05327728 -0.17664182
v 0.04484510 0.05250101 -0.17380822
v -0.00196565 0.05410101 -0.13892016
v -0.00054192 0.05410101 -0.13969548
v 0.00275213 0.05410101 -0.13693143
v -0.00264423 0.05410101 -0.13774481
v -0.00260382 0.05410101 -0.13612416
v -0.00119020 0.05410101 -0.13452233
v 0.00041285 0.05410101 -0.13428071
v 0.00187346 0.05410101 -0.13498411
v 0.00197162 0.05410101 -0.13892016
v 0.00265020 0.05410101 -0.13774481
v 0.00131818 0.05410101 -0.13941512
v 0.00041285 0.05650101 -0.13971929
v 0.00166344 0.05650101 -0.13919212
v 0.00223581 0.05650101 -0.13860530
v 0.00273164 0.05650101 -0.13734195
v 0.00256289 0.05650101 -0.13599531
v 0.00197162 0.05650101 -0.13507985
v 0.00081356 0.05650101 -0.13437217
v -0.00054192 0.05650101 -0.13430452
v -0.00176468 0.05650101 -0.13489337
v -0.00264423 0.05650101 -0.13625519
v -0.00260382 0.05650101 -0.13787584
v -0.00165748 0.05650101 -0.13919212
v -0.00040688 0.05650101 -0.13971929
v -0.00264423 0.05410101 -0.20374481
v -0.00196565 0.05410101 -0.20492016
v -0.00054192 0.05410101 -0.20569548
v -0.00260382 0.05410101 -0.20212416
v -0.00119020 0.05410101 -0.20052233
v 0.00041285 0.05410101 -0.20028071
v 0.00187346 0.05410101 -0.20098411
v 0.00275213 0.05410101 -0.20293143
v 0.00265020 0.05410101 -0.20374481
v 0.00197162 0.05410101 -0.20492016
v 0.00027679 0.05410101 -0.20573634
v 0.00068157 0.05650101 -0.20566496
v 0.00223581 0.05650101 -0.20460530
v 0.00273164 0.05650101 -0.20334195
v 0.00256289 0.05650101 -0.20199531
v 0.00197162 0.05650101 -0.20107985
v 0.00081356 0.05650101 -0.20037217
v -0.00054192 0.05650101 -0.20030452
v -0.00176468 0.05650101 -0.20089337
v -0.00264423 0.05650101 -0.20225519
v -0.00260382 0.05650101 -0.20387584
v -0.00222985 0.05650101 -0.20460530
v -0.00093757 0.05650101 -0.20558415
v -0.01642559 0.05227401 -0.12816080
v 0.04459180 0.05214746 -0.16510144
v 0.03903387 0.05214746 -0.14789234
v 0.01006238 0.05220712 -0.12623310
v 0.00300939 0.05214746 -0.12524377
v -0.04333241 0.05214746 -0.15841544
v 0.04212261 0.05327728 -0.15414895
v 0.02113992 0.05214746 -0.13043500
v -0.02677639 0.05220712 -0.13395007
v -0.03043681 0.05220712 -0.13698255
v -0.04067135 0.05220712 -0.15096501
v -0.04483147 0.05214746 -0.16857497
v -0.02522614 0.05220712 -0.20715137
v -0.03945677 0.05220712 -0.19143970
v 0.00568770 0.05214746 -0.21449542
v -0.03647252 0.05214746 -0.19610932
v -0.02113395 0.05214746 -0.20956500
v -0.00142204 0.05214746 -0.21483445
v 0.02344310 0.05209650 -0.20817553
v 0.02870971 0.05242279 -0.20465095
v 0.03104905 0.05227401 -0.20250474
v 0.02933404 -0.05376470 -0.13868821
v 0.02933404 -0.05496470 -0.13868821
v 0.03007627 -0.05376470 -0.13849816
v 0.03045844 -0.05496470 -0.13855608
v 0.03081173 -0.05376470 -0.13871290
v 0.03111103 -0.05496470 -0.13895749
v 0.03123360 -0.05376470 -0.13910748
v 0.03146796 -0.05496470 -0.13963544
v 0.03142957 -0.05376470 -0.14040065
v 0.03126102 -0.05496470 -0.14074850
v 0.03100657 -0.05376470 -0.14103946
v 0.03068429 -0.05496470 -0.14125286
v 0.02973952 -0.05496470 -0.14136389
v 0.02973952 -0.05376470 -0.14136389
v 0.02906157 -0.05376470 -0.14100696
v 0.02881698 -0.05496470 -0.14070766
v 0.02866015 -0.05376470 -0.14035437
v 0.02870782 -0.05496470 -0.13940428
v 0.02879228 -0.05376470 -0.13922997
v -0.03077003 -0.05376470 -0.13868821
v -0.03131180 -0.05496470 -0.13922997
v -0.03077003 -0.05496470 -0.13868821
v -0.03002781 -0.05376470 -0.13849816
v -0.02964564 -0.05496470 -0.13855608
v -0.02929235 -0.05376470 -0.13871290
v -0.02876899 -0.05496470 -0.13927247
v -0.02887048 -0.05376470 -0.13910748
v -0.02860386 -0.05376470 -0.14002062
v -0.02884305 -0.05496470 -0.14074850
v -0.02884305 -0.05376470 -0.14074850
v -0.02941979 -0.05496470 -0.14125286
v -0.02959936 -0.05376470 -0.14132549
v -0.03036456 -0.05496470 -0.14136389
v -0.03036456 -0.05376470 -0.14136389
v -0.03104251 -0.05376470 -0.14100696
v -0.03104251 -0.05496470 -0.14100696
v -0.03144392 -0.05376470 -0.14035437
v -0.03144392 -0.05496470 -0.14035437
v -0.03131180 -0.05376470 -0.13922997
v -0.03059572 -0.05376470 -0.19870782
v -0.03131180 -0.05496470 -0.19933404
v -0.03022126 -0.05496470 -0.19861194
v -0.02913451 -0.05496470 -0.19892925
v -0.02929235 -0.05376470 -0.19881698
v -0.02869041 -0.05376470 -0.19955358
v -0.02860710 -0.05496470 -0.19993103
v -0.02862647 -0.05376470 -0.20031707
v -0.02896054 -0.05376470 -0.20100658
v -0.02925150 -0.05496470 -0.20126103
v -0.03036456 -0.05496470 -0.20146796
v -0.02997938 -0.05376470 -0.20150022
v -0.03104251 -0.05376470 -0.20111103
v -0.03104251 -0.05496470 -0.20111103
v -0.03150184 -0.05496470 -0.20007627
v -0.03150184 -0.05376470 -0.20007627
v -0.03131180 -0.05376470 -0.19933404
v 0.02879228 -0.05376470 -0.19933404
v 0.02933404 -0.05496470 -0.19879228
v 0.02950836 -0.05376470 -0.19870782
v 0.03045844 -0.05496470 -0.19866015
v 0.03081173 -0.05376470 -0.19881698
v 0.03096957 -0.05496470 -0.19892925
v 0.03141367 -0.05496470 -0.19955358
v 0.03146796 -0.05376470 -0.19973952
v 0.03142957 -0.05496470 -0.20050472
v 0.03135694 -0.05376470 -0.20068429
v 0.03085257 -0.05496470 -0.20126103
v 0.03068429 -0.05376470 -0.20135693
v 0.02937654 -0.05496470 -0.20133509
v 0.02937654 -0.05376470 -0.20133509
v 0.02872674 -0.05376470 -0.20064034
v 0.02861841 -0.05496470 -0.20026930
v 0.02861195 -0.05376470 -0.19988282
v 0.02870782 -0.05496470 -0.19950835
v -0.00704260 -0.05376470 -0.12981242
v -0.00398309 -0.05226470 -0.12939489
v -0.00295731 -0.05376470 -0.12930731
v 0.00012869 -0.05226470 -0.12920021
v 0.00012869 -0.05376470 -0.12920021
v 0.00218671 -0.05226470 -0.12925865
v 0.00423916 -0.05376470 -0.12942082
v 0.00526167 -0.05226470 -0.12954070
v 0.00729597 -0.05376470 -0.12985764
v 0.00729597 -0.05226470 -0.12985764
v 0.01031100 -0.05226470 -0.13052440
v -0.00805433 -0.05226470 -0.13000290
v -0.01105619 -0.05376470 -0.13072659
v -0.01006176 -0.05226470 -0.13046013
v -0.01302330 -0.05226470 -0.13133433
v -0.01399472 -0.05376470 -0.13167523
v -0.01591023 -0.05226470 -0.13243000
v -0.01778523 -0.05376470 -0.13328044
v -0.01961494 -0.05226470 -0.13422439
v -0.02051135 -0.05376470 -0.13473068
v -0.02226443 -0.05226470 -0.13581030
v -0.02311998 -0.05376470 -0.13638294
v -0.02478639 -0.05226470 -0.13759205
v -0.02559618 -0.05376470 -0.13822776
v -0.02716637 -0.05226470 -0.13955943
v -0.02716637 -0.05376470 -0.13955943
v -0.03009540 -0.05376470 -0.14245173
v -0.03009540 -0.05226470 -0.14245173
v -0.03144678 -0.05376470 -0.14400500
v -0.03271808 -0.05226470 -0.14562446
v -0.03332269 -0.05376470 -0.14645773
v -0.03446787 -0.05226470 -0.14816870
v -0.03500773 -0.05376470 -0.14904530
v -0.03602023 -0.05226470 -0.15083799
v -0.03602023 -0.05376470 -0.15083799
v -0.03694102 -0.05226470 -0.15267946
v -0.03736627 -0.05376470 -0.15361702
v -0.03814515 -0.05226470 -0.15552287
v -0.03882690 -0.05376470 -0.15746556
v -0.03882690 -0.05226470 -0.15746556
v -0.03989230 -0.05376470 -0.16144168
v -0.03989230 -0.05226470 -0.16144168
v -0.04055163 -0.05376470 -0.16550493
v -0.04055163 -0.05226470 -0.16550493
v -0.04072675 -0.05226470 -0.16755632
v -0.04077544 -0.05376470 -0.16858467
v -0.04079493 -0.05226470 -0.17064343
v -0.04079493 -0.05376470 -0.17064343
v -0.04052246 -0.05376470 -0.17475079
v -0.04052246 -0.05226470 -0.17475079
v -0.04004711 -0.05376470 -0.17780185
v -0.04004711 -0.05226470 -0.17780185
v -0.03960255 -0.05226470 -0.17981213
v -0.03905715 -0.05376470 -0.18179743
v -0.03841229 -0.05226470 -0.18375269
v -0.03805307 -0.05376470 -0.18471748
v -0.03726218 -0.05226470 -0.18661837
v -0.03683102 -0.05376470 -0.18755324
v -0.03487484 -0.05376470 -0.19117512
v -0.03539801 -0.05226470 -0.19028845
v -0.03376224 -0.05226470 -0.19290745
v -0.03317351 -0.05376470 -0.19375202
v -0.03193308 -0.05226470 -0.19539525
v -0.03128217 -0.05376470 -0.19619286
v -0.02992102 -0.05226470 -0.19773757
v -0.02992102 -0.05376470 -0.19773757
v -0.02848368 -0.05226470 -0.19921164
v -0.02697380 -0.05376470 -0.20061134
v -0.02539524 -0.05226470 -0.20193309
v -0.02539524 -0.05376470 -0.20193309
v -0.02375201 -0.05226470 -0.20317352
v -0.02290745 -0.05376470 -0.20376223
v -0.02117512 -0.05226470 -0.20487484
v -0.02117512 -0.05376470 -0.20487484
v -0.01938886 -0.05226470 -0.20589864
v -0.01755324 -0.05376470 -0.20683102
v -0.01567291 -0.05226470 -0.20766962
v -0.01471748 -0.05376470 -0.20805307
v -0.01277912 -0.05226470 -0.20874706
v -0.01179743 -0.05376470 -0.20905715
v -0.00981213 -0.05226470 -0.20960255
v -0.00981213 -0.05376470 -0.20960255
v -0.00780185 -0.05226470 -0.21004711
v -0.00678894 -0.05376470 -0.21023121
v -0.00475079 -0.05226470 -0.21052246
v -0.00372686 -0.05376470 -0.21062943
v -0.00167252 -0.05226470 -0.21076570
v -0.00064343 -0.05376470 -0.21079493
v 0.00141533 -0.05226470 -0.21077545
v 0.00347048 -0.05376470 -0.21065213
v 0.00551679 -0.05226470 -0.21042530
v 0.00653501 -0.05376470 -0.21027324
v 0.00956211 -0.05376470 -0.20966366
v 0.01055982 -0.05226470 -0.20940977
v 0.01253443 -0.05376470 -0.20882690
v 0.01447713 -0.05226470 -0.20814516
v 0.01543497 -0.05376470 -0.20776774
v 0.01732054 -0.05226470 -0.20694102
v 0.01732054 -0.05376470 -0.20694102
v 0.02006474 -0.05376470 -0.20552529
v 0.02095469 -0.05226470 -0.20500773
v 0.02354227 -0.05376470 -0.20332269
v 0.02354227 -0.05226470 -0.20332269
v 0.02678016 -0.05376470 -0.20078090
v 0.02678016 -0.05226470 -0.20078090
v 0.02829883 -0.05376470 -0.19939075
v 0.02974544 -0.05226470 -0.19792578
v 0.02974544 -0.05376470 -0.19792578
v 0.03111631 -0.05226470 -0.19638968
v 0.03177224 -0.05376470 -0.19559619
v 0.03302301 -0.05226470 -0.19396082
v 0.03302301 -0.05376470 -0.19396082
v 0.03418970 -0.05226470 -0.19226442
v 0.03474056 -0.05376470 -0.19139470
v 0.03577561 -0.05226470 -0.18961494
v 0.03671955 -0.05376470 -0.18778524
v 0.03756999 -0.05226470 -0.18591024
v 0.03756999 -0.05376470 -0.18591024
v 0.03898195 -0.05376470 -0.18204358
v 0.03898195 -0.05226470 -0.18204358
v 0.03953987 -0.05226470 -0.18006176
v 0.03978115 -0.05376470 -0.17906094
v 0.04018758 -0.05226470 -0.17704260
v 0.04035248 -0.05376470 -0.17602637
v 0.04060511 -0.05226470 -0.17398310
v 0.04069268 -0.05376470 -0.17295732
v 0.04079005 -0.05226470 -0.17090076
v 0.04079005 -0.05376470 -0.17090076
v 0.04078356 -0.05226470 -0.16884193
v 0.04074136 -0.05376470 -0.16781329
v 0.04057918 -0.05226470 -0.16576083
v 0.04057918 -0.05376470 -0.16576083
v 0.04031366 -0.05226470 -0.16371918
v 0.04014236 -0.05376470 -0.16270402
v 0.03972320 -0.05226470 -0.16068830
v 0.03972320 -0.05376470 -0.16068830
v 0.03920288 -0.05226470 -0.15869628
v 0.03890520 -0.05376470 -0.15771075
v 0.03823572 -0.05226470 -0.15576379
v 0.03786435 -0.05376470 -0.15480359
v 0.03704955 -0.05226470 -0.15291284
v 0.03660662 -0.05376470 -0.15198348
v 0.03565116 -0.05226470 -0.15015976
v 0.03565116 -0.05376470 -0.15015976
v 0.03460491 -0.05226470 -0.14838657
v 0.03404856 -0.05376470 -0.14752033
v 0.03287121 -0.05226470 -0.14583135
v 0.03225094 -0.05376470 -0.14500967
v 0.03094922 -0.05226470 -0.14341456
v 0.03026859 -0.05376470 -0.14264214
v 0.02884996 -0.05226470 -0.14115004
v 0.02735786 -0.05376470 -0.13973141
v 0.02579610 -0.05226470 -0.13838986
v 0.02499034 -0.05376470 -0.13774906
v 0.02333159 -0.05226470 -0.13652946
v 0.02247966 -0.05376470 -0.13595143
v 0.01984023 -0.05376470 -0.13434884
v 0.01984023 -0.05226470 -0.13434884
v 0.01614692 -0.05376470 -0.13253112
v 0.01708716 -0.05226470 -0.13295045
v 0.01519641 -0.05226470 -0.13213564
v 0.01423621 -0.05376470 -0.13176428
v 0.01228925 -0.05226470 -0.13109480
v 0.01130372 -0.05376470 -0.13079712
v -0.02885240 -0.05176470 -0.19741493
v -0.02508402 -0.05176470 -0.20154175
v -0.02590596 -0.05176470 -0.20021459
v -0.02268935 -0.05176470 -0.20269914
v -0.02091562 -0.05176470 -0.20444745
v -0.01923612 -0.05176470 -0.20484267
v -0.01548084 -0.05176470 -0.20720798
v -0.01558228 -0.05176470 -0.20662284
v -0.01176594 -0.05176470 -0.20802107
v -0.01165285 -0.05176470 -0.20857851
v -0.00782690 -0.05176470 -0.20902281
v -0.00469257 -0.05176470 -0.21002586
v -0.00177837 -0.05176470 -0.20976025
v -0.00165203 -0.05176470 -0.21026613
v 0.00127047 -0.05176470 -0.20977972
v 0.00241373 -0.05176470 -0.21022765
v 0.00532090 -0.05176470 -0.20944272
v 0.00845343 -0.05176470 -0.20940343
v 0.01127944 -0.05176470 -0.20816824
v 0.01429972 -0.05176470 -0.20767769
v 0.01604870 -0.05176470 -0.20642087
v 0.01710828 -0.05176470 -0.20648831
v 0.01967951 -0.05176470 -0.20459418
v 0.02325376 -0.05176470 -0.20291433
v 0.02310508 -0.05176470 -0.20240672
v 0.02567643 -0.05176470 -0.20106141
v 0.02849995 -0.05176470 -0.19778116
v 0.02867560 -0.05176470 -0.19831607
v 0.03201079 -0.05176470 -0.19448264
v 0.03118468 -0.05176470 -0.19472964
v 0.03354420 -0.05176470 -0.19142024
v 0.03533718 -0.05176470 -0.18937457
v 0.03555390 -0.05176470 -0.18788743
v 0.03710958 -0.05176470 -0.18571526
v 0.03719281 -0.05176470 -0.18416810
v 0.03850423 -0.05176470 -0.18189599
v 0.03844385 -0.05176470 -0.18030100
v 0.03969509 -0.05176470 -0.17695630
v 0.03929397 -0.05176470 -0.17632647
v 0.04029018 -0.05176470 -0.17088974
v 0.03973430 -0.05176470 -0.17228597
v 0.03976025 -0.05176470 -0.16822164
v 0.04008188 -0.05176470 -0.16581279
v 0.03937155 -0.05176470 -0.16417584
v 0.03872245 -0.05176470 -0.15883480
v 0.03857226 -0.05176470 -0.16019079
v 0.03737071 -0.05176470 -0.15630803
v 0.03659551 -0.05176470 -0.15312225
v 0.03577943 -0.05176470 -0.15256806
v 0.03470859 -0.05176470 -0.14952065
v 0.03381501 -0.05176470 -0.14900988
v 0.03185571 -0.05176470 -0.14531592
v 0.03149795 -0.05176470 -0.14567061
v 0.02885240 -0.05176470 -0.14258505
v 0.02920632 -0.05176470 -0.14223166
v 0.02590596 -0.05176470 -0.13978541
v 0.02468408 -0.05176470 -0.13814428
v 0.02268935 -0.05176470 -0.13730086
v 0.01959709 -0.05176470 -0.13478574
v 0.01743194 -0.05176470 -0.13422057
v 0.01687776 -0.05176470 -0.13340449
v 0.01464191 -0.05176470 -0.13299115
v 0.01310437 -0.05176470 -0.13189009
v 0.00782690 -0.05176470 -0.13097718
v 0.00820469 -0.05176470 -0.13054404
v 0.00177837 -0.05176470 -0.13023975
v 0.00418721 -0.05176470 -0.12991811
v 0.00012711 -0.05176470 -0.12970020
v -0.00329999 -0.05176470 -0.13033704
v -0.00393428 -0.05176470 -0.12989250
v -0.00632647 -0.05176470 -0.13070603
v -0.00795562 -0.05176470 -0.13049306
v -0.01127944 -0.05176470 -0.13183177
v -0.01286370 -0.05176470 -0.13180818
v -0.01416809 -0.05176470 -0.13280720
v -0.01756728 -0.05176470 -0.13373044
v -0.02055658 -0.05176470 -0.13591969
v -0.02025998 -0.05176470 -0.13516290
v -0.02366717 -0.05176470 -0.13738167
v -0.02392517 -0.05176470 -0.13819392
v -0.02758354 -0.05176470 -0.14061908
v -0.02920015 -0.05176470 -0.14295575
v -0.03169936 -0.05176470 -0.14511545
v -0.03180607 -0.05176470 -0.14607483
v -0.03404547 -0.05176470 -0.14843623
v -0.03408030 -0.05176470 -0.14944342
v -0.03690835 -0.05176470 -0.15381780
v -0.03599912 -0.05176470 -0.15302640
v -0.03754251 -0.05176470 -0.15678638
v -0.03865125 -0.05176470 -0.15859075
v -0.03869438 -0.05176470 -0.16068417
v -0.03960416 -0.05176470 -0.16254345
v -0.03966296 -0.05176470 -0.16670001
v -0.04022765 -0.05176470 -0.16758627
v -0.03979919 -0.05176470 -0.16974586
v -0.04026613 -0.05176470 -0.17165203
v -0.03961758 -0.05176470 -0.17380624
v -0.03955634 -0.05176470 -0.17770624
v -0.03902281 -0.05176470 -0.17782690
v -0.03794155 -0.05176470 -0.18358414
v -0.03802108 -0.05176470 -0.18176594
v -0.03662284 -0.05176470 -0.18558228
v -0.03545870 -0.05176470 -0.18915126
v -0.03484267 -0.05176470 -0.18923612
v -0.03276698 -0.05176470 -0.19346094
v -0.03269913 -0.05176470 -0.19268936
v -0.02955434 -0.05176470 -0.19739765
v 0.02849560 -0.05226470 -0.14293544
v 0.02632189 -0.05496470 -0.14081699
v 0.02918301 -0.05496470 -0.14367811
v 0.03110225 -0.05226470 -0.14597626
v 0.03112737 -0.05496470 -0.14600882
v 0.03232114 -0.05496470 -0.14764303
v 0.03339020 -0.05226470 -0.14927357
v 0.03444860 -0.05496470 -0.15108483
v 0.03532994 -0.05226470 -0.15278706
v 0.03621089 -0.05496470 -0.15472712
v 0.03690123 -0.05226470 -0.15648003
v 0.03758935 -0.05496470 -0.15853129
v 0.03754343 -0.05226470 -0.15838186
v 0.03856934 -0.05496470 -0.16245706
v 0.03853257 -0.05226470 -0.16227143
v 0.03914049 -0.05496470 -0.16646278
v 0.03911987 -0.05226470 -0.16624159
v 0.03929674 -0.05496470 -0.17050599
v 0.03929920 -0.05226470 -0.17025094
v 0.03903644 -0.05496470 -0.17454384
v 0.03906868 -0.05226470 -0.17425768
v 0.03836234 -0.05496470 -0.17853352
v 0.03843074 -0.05226470 -0.17822002
v 0.03728159 -0.05496470 -0.18243274
v 0.03739200 -0.05226470 -0.18209663
v 0.03580564 -0.05496470 -0.18620019
v 0.03596332 -0.05226470 -0.18584709
v 0.03395015 -0.05496470 -0.18979590
v 0.03415957 -0.05226470 -0.18943228
v 0.03173478 -0.05496470 -0.19318175
v 0.03199960 -0.05226470 -0.19281481
v 0.02918301 -0.05496470 -0.19632189
v 0.02950590 -0.05226470 -0.19595942
v 0.02632189 -0.05496470 -0.19918302
v 0.02743215 -0.05226470 -0.19814192
v 0.02441897 -0.05226470 -0.20079292
v 0.02318176 -0.05496470 -0.20173478
v 0.02115114 -0.05226470 -0.20312279
v 0.01979589 -0.05496470 -0.20395015
v 0.01766272 -0.05226470 -0.20510724
v 0.01620018 -0.05496470 -0.20580564
v 0.01399010 -0.05226470 -0.20672557
v 0.01243274 -0.05496470 -0.20728159
v 0.01017159 -0.05226470 -0.20796089
v 0.00853352 -0.05496470 -0.20836234
v 0.00624700 -0.05226470 -0.20880032
v 0.00454384 -0.05496470 -0.20903644
v 0.00225726 -0.05226470 -0.20923512
v 0.00050599 -0.05496470 -0.20929675
v -0.00175603 -0.05226470 -0.20926075
v -0.00353722 -0.05496470 -0.20914049
v -0.00475625 -0.05226470 -0.20901112
v -0.00754294 -0.05496470 -0.20856935
v -0.00871012 -0.05226470 -0.20832263
v -0.01146870 -0.05496470 -0.20758934
v -0.01257315 -0.05226470 -0.20723447
v -0.01338855 -0.05496470 -0.20694911
v -0.01620018 -0.05496470 -0.20580564
v -0.01630506 -0.05226470 -0.20575801
v -0.01802193 -0.05496470 -0.20492421
v -0.01986692 -0.05226470 -0.20390864
v -0.01979589 -0.05496470 -0.20395015
v -0.02151735 -0.05496470 -0.20288607
v -0.02322160 -0.05226470 -0.20170563
v -0.02318176 -0.05496470 -0.20173478
v -0.02478469 -0.05496470 -0.20049934
v -0.02633411 -0.05226470 -0.19917199
v -0.02632189 -0.05496470 -0.19918302
v -0.02849560 -0.05226470 -0.19706456
v -0.02778930 -0.05496470 -0.19778930
v -0.03049933 -0.05496470 -0.19478469
v -0.03110225 -0.05226470 -0.19402374
v -0.03173478 -0.05496470 -0.19318175
v -0.03339020 -0.05226470 -0.19072643
v -0.03395015 -0.05496470 -0.18979590
v -0.03532994 -0.05226470 -0.18721294
v -0.03580564 -0.05496470 -0.18620019
v -0.03690123 -0.05226470 -0.18351996
v -0.03728159 -0.05496470 -0.18243274
v -0.03754343 -0.05226470 -0.18161812
v -0.03856934 -0.05496470 -0.17754294
v -0.03853257 -0.05226470 -0.17772856
v -0.03914049 -0.05496470 -0.17353722
v -0.03911987 -0.05226470 -0.17375842
v -0.03929674 -0.05496470 -0.16949402
v -0.03929920 -0.05226470 -0.16974905
v -0.03903644 -0.05496470 -0.16545616
v -0.03906868 -0.05226470 -0.16574232
v -0.03836234 -0.05496470 -0.16146648
v -0.03843074 -0.05226470 -0.16177998
v -0.03728159 -0.05496470 -0.15756726
v -0.03739200 -0.05226470 -0.15790337
v -0.03580564 -0.05496470 -0.15379982
v -0.03596332 -0.05226470 -0.15415291
v -0.03395015 -0.05496470 -0.15020411
v -0.03415957 -0.05226470 -0.15056773
v -0.03173478 -0.05496470 -0.14681825
v -0.03199960 -0.05226470 -0.14718519
v -0.02918301 -0.05496470 -0.14367811
v -0.02950590 -0.05226470 -0.14404057
v -0.02632189 -0.05496470 -0.14081699
v -0.02595942 -0.05226470 -0.14049409
v -0.02318176 -0.05496470 -0.13826522
v -0.02441897 -0.05226470 -0.13920708
v -0.02115114 -0.05226470 -0.13687721
v -0.01979589 -0.05496470 -0.13604985
v -0.01766272 -0.05226470 -0.13489276
v -0.01620018 -0.05496470 -0.13419436
v -0.01399010 -0.05226470 -0.13327444
v -0.01243274 -0.05496470 -0.13271841
v -0.01017159 -0.05226470 -0.13203911
v -0.00853352 -0.05496470 -0.13163766
v -0.00624700 -0.05226470 -0.13119967
v -0.00454384 -0.05496470 -0.13096356
v -0.00225726 -0.05226470 -0.13076487
v -0.00050599 -0.05496470 -0.13070326
v 0.00175603 -0.05226470 -0.13073926
v 0.00353722 -0.05496470 -0.13085951
v 0.00475625 -0.05226470 -0.13098887
v 0.00754294 -0.05496470 -0.13143066
v 0.00871012 -0.05226470 -0.13167737
v 0.01146870 -0.05496470 -0.13241066
v 0.01257315 -0.05226470 -0.13276553
v 0.01338855 -0.05496470 -0.13305089
v 0.01620018 -0.05496470 -0.13419436
v 0.01630506 -0.05226470 -0.13424200
v 0.01802193 -0.05496470 -0.13507579
v 0.01979589 -0.05496470 -0.13604985
v 0.01986692 -0.05226470 -0.13609137
v 0.02151735 -0.05496470 -0.13711393
v 0.02318176 -0.05496470 -0.13826522
v 0.02322160 -0.05226470 -0.13829437
v 0.02478469 -0.05496470 -0.13950066
v 0.02633411 -0.05226470 -0.14082801
v -0.03599613 -0.05976470 -0.15561526
v -0.01838011 -0.05976470 -0.20412937
v -0.02199248 -0.05976470 -0.20192136
v -0.00431513 -0.05976470 -0.20852301
v 0.01037338 -0.05976470 -0.20735018
v 0.02066633 -0.05976470 -0.20279551
v 0.02928667 -0.05976040 -0.19553666
v 0.03725417 -0.05976470 -0.18071306
v 0.03884435 -0.05976040 -0.17097293
v 0.03720500 -0.05976470 -0.15911743
v 0.02862940 -0.05976470 -0.14386573
v 0.01088257 -0.05976470 -0.13279499
v -0.00660213 -0.05976040 -0.13170846
v -0.01276191 -0.05976040 -0.13329899
v -0.02851011 -0.05976470 -0.14373565
v -0.03537663 -0.05976470 -0.18584728
v -0.03870117 -0.05976470 -0.17220497
v 0.03080699 -0.05965913 -0.14574215
v 0.03182701 -0.05831473 -0.14274845
v 0.03353601 -0.05716989 -0.14122400
v 0.02948696 -0.05930335 -0.14308642
v 0.02683490 -0.05905628 -0.13977733
v 0.02738914 -0.05955158 -0.14164047
v 0.02481486 -0.05965913 -0.13963988
v 0.02834598 -0.05696470 -0.13556650
v 0.02876092 -0.05718084 -0.13647991
v 0.02750785 -0.05808131 -0.13777792
v -0.02418225 -0.05965913 -0.13913363
v -0.02691358 -0.05930335 -0.14051303
v -0.02725155 -0.05831473 -0.13817298
v -0.02822563 -0.05972626 -0.14303109
v -0.02866586 -0.05950284 -0.14278984
v -0.03222207 -0.05808131 -0.14249215
v -0.03022267 -0.05905628 -0.14316511
v -0.03113544 -0.05965913 -0.14616519
v -0.03492937 -0.05696470 -0.14226738
v -0.03352009 -0.05718084 -0.14123908
v -0.03027302 -0.05965913 -0.19492105
v -0.03109607 -0.05868865 -0.19695422
v -0.03353601 -0.05716989 -0.19877601
v -0.02821796 -0.05956819 -0.19748741
v -0.02492104 -0.05965913 -0.20027302
v -0.02690430 -0.05929041 -0.19953045
v -0.02750785 -0.05808131 -0.20222206
v -0.02709749 -0.05696470 -0.20542437
v -0.02876092 -0.05718084 -0.20352009
v 0.02684448 -0.05915258 -0.19995603
v 0.02725155 -0.05831473 -0.20182700
v 0.02564527 -0.05965913 -0.19966200
v 0.02878998 -0.05696860 -0.20405293
v 0.02877600 -0.05716989 -0.20353602
v 0.02748741 -0.05956819 -0.19821796
v 0.03022267 -0.05905628 -0.19683489
v 0.03027302 -0.05965913 -0.19492105
v 0.03222207 -0.05808131 -0.19750786
v 0.03526065 -0.05696470 -0.19731019
v 0.03358489 -0.05713916 -0.19881342
v -0.03728732 -0.05696470 -0.19447072
v -0.03228963 -0.05965913 -0.19224621
v -0.03542437 -0.05696470 -0.19709750
v -0.03405292 -0.05696860 -0.19878998
v -0.03895587 -0.05696470 -0.19171636
v -0.03382316 -0.05965913 -0.18983704
v -0.04042133 -0.05696470 -0.18884878
v -0.03517727 -0.05965913 -0.18732263
v -0.04167604 -0.05696470 -0.18588293
v -0.03634479 -0.05965913 -0.18471634
v -0.04271348 -0.05696470 -0.18283428
v -0.03731950 -0.05965913 -0.18203199
v -0.04352823 -0.05696470 -0.17971870
v -0.03809626 -0.05965913 -0.17928380
v -0.04411604 -0.05696470 -0.17655247
v -0.03867093 -0.05965913 -0.17648637
v -0.04447385 -0.05696470 -0.17335208
v -0.03904047 -0.05965913 -0.17365454
v -0.04459980 -0.05696470 -0.17013422
v -0.03920292 -0.05965913 -0.17080332
v -0.04449322 -0.05696470 -0.16691564
v -0.03898691 -0.05965913 -0.16581255
v -0.04386945 -0.05696470 -0.16196063
v -0.03857873 -0.05965913 -0.16298604
v -0.04247481 -0.05696470 -0.15639666
v -0.03796590 -0.05965913 -0.16019672
v -0.04317188 -0.05696470 -0.15880407
v -0.03743570 -0.05965913 -0.15833457
v -0.04138250 -0.05696470 -0.15336724
v -0.03556247 -0.05965913 -0.15348260
v -0.04007444 -0.05696470 -0.15042453
v -0.03855745 -0.05696470 -0.14758387
v -0.03426595 -0.05965913 -0.15093803
v -0.03683944 -0.05696470 -0.14486009
v -0.03278766 -0.05965913 -0.14849457
v -0.02558151 -0.05696470 -0.13346581
v -0.02877600 -0.05716989 -0.13646398
v -0.02379353 -0.05696470 -0.13227695
v -0.02120597 -0.05965913 -0.13701788
v -0.02120231 -0.05696470 -0.13076198
v -0.01695207 -0.05965913 -0.13464266
v -0.01946864 -0.05965913 -0.13596347
v -0.01830441 -0.05696470 -0.12932926
v -0.01531035 -0.05696470 -0.12811023
v -0.01355071 -0.05965913 -0.13320473
v -0.01223586 -0.05696470 -0.12711126
v -0.01166544 -0.05965913 -0.13256431
v -0.00681786 -0.05696470 -0.12592420
v -0.00806512 -0.05965913 -0.13162725
v -0.00909708 -0.05696470 -0.12633762
v -0.00361968 -0.05696470 -0.12554713
v -0.00525080 -0.05965913 -0.13114202
v -0.00040262 -0.05696470 -0.12540182
v -0.00240863 -0.05965913 -0.13086291
v 0.00047378 -0.05965913 -0.13079172
v 0.00281653 -0.05696470 -0.12548903
v 0.00331258 -0.05965913 -0.13092902
v 0.00602100 -0.05696470 -0.12580828
v 0.00613397 -0.05965913 -0.13127162
v 0.00919408 -0.05696470 -0.12635794
v 0.01231923 -0.05696470 -0.12713513
v 0.00892315 -0.05965913 -0.13181765
v 0.01538015 -0.05696470 -0.12813580
v 0.01166544 -0.05965913 -0.13256431
v 0.01731631 -0.05696470 -0.12889884
v 0.01695207 -0.05965913 -0.13464266
v 0.01298944 -0.05972626 -0.13318583
v 0.02024798 -0.05696470 -0.13026111
v 0.01946864 -0.05965913 -0.13596347
v 0.02307327 -0.05696470 -0.13183215
v 0.02188293 -0.05965913 -0.13746308
v 0.02577734 -0.05696470 -0.13360372
v 0.03639628 -0.05696470 -0.14422266
v 0.03208572 -0.05965913 -0.14746068
v 0.03871424 -0.05696470 -0.14785574
v 0.03349304 -0.05972626 -0.14994447
v 0.04021655 -0.05696470 -0.15071818
v 0.03501808 -0.05965913 -0.15235777
v 0.04186420 -0.05696470 -0.15461986
v 0.03620927 -0.05965913 -0.15495332
v 0.03720839 -0.05965913 -0.15762869
v 0.04286487 -0.05696470 -0.15768078
v 0.03801014 -0.05965913 -0.16036968
v 0.04432384 -0.05696470 -0.16504449
v 0.03912573 -0.05965913 -0.16741320
v 0.03883367 -0.05965913 -0.16457233
v 0.04364206 -0.05696470 -0.16080593
v 0.04456588 -0.05696470 -0.16825572
v 0.03921023 -0.05965913 -0.17026779
v 0.04457557 -0.05696470 -0.17147604
v 0.03908674 -0.05965913 -0.17312096
v 0.04435286 -0.05696470 -0.17468867
v 0.03875592 -0.05965913 -0.17595758
v 0.04389892 -0.05696470 -0.17787685
v 0.03821951 -0.05965913 -0.17876260
v 0.04321611 -0.05696470 -0.18102396
v 0.03748036 -0.05965913 -0.18152113
v 0.04230800 -0.05696470 -0.18411361
v 0.03679527 -0.05965913 -0.18355070
v 0.04021655 -0.05696470 -0.18928182
v 0.03541059 -0.05965913 -0.18684053
v 0.04117930 -0.05696470 -0.18712966
v 0.03871424 -0.05696470 -0.19214424
v 0.03700853 -0.05696470 -0.19489034
v 0.03298213 -0.05965913 -0.19120598
v 0.03135119 -0.05965913 -0.19355030
v 0.02209896 -0.05965913 -0.20239058
v 0.02513991 -0.05696470 -0.20683944
v 0.01968283 -0.05965913 -0.20391312
v 0.01860516 -0.05696470 -0.21053404
v 0.01455071 -0.05965913 -0.20641141
v 0.01716229 -0.05965913 -0.20525578
v 0.02241613 -0.05696470 -0.20855746
v 0.01563182 -0.05696470 -0.21177088
v 0.01186194 -0.05965913 -0.20737390
v 0.01257698 -0.05696470 -0.21278995
v 0.00911026 -0.05965913 -0.20813814
v 0.00945657 -0.05696470 -0.21358593
v 0.00631024 -0.05965913 -0.20870006
v 0.00628685 -0.05696470 -0.21415468
v 0.00418745 -0.05965913 -0.20898691
v 0.00308436 -0.05696470 -0.21449322
v -0.00008926 -0.05965913 -0.20921104
v -0.00120774 -0.05696470 -0.21458365
v -0.00294297 -0.05965913 -0.20910054
v -0.00442165 -0.05696470 -0.21438028
v -0.00578106 -0.05965913 -0.20878264
v -0.00761250 -0.05696470 -0.21394554
v -0.00858849 -0.05965913 -0.20825902
v -0.01076367 -0.05696470 -0.21328168
v -0.01270962 -0.05965913 -0.20709419
v -0.01688152 -0.05696470 -0.21128164
v -0.01385872 -0.05696470 -0.21239217
v -0.02077235 -0.05696470 -0.20946732
v -0.01537578 -0.05965913 -0.20607075
v -0.01796037 -0.05965913 -0.20485598
v -0.02356607 -0.05696470 -0.20786555
v -0.02044970 -0.05965913 -0.20345630
v -0.02283055 -0.05965913 -0.20187914
v 0.03622986 -0.05396470 -0.19669077
v 0.03349583 -0.05396470 -0.20005044
v 0.03441595 -0.05496470 -0.19899212
v 0.03124014 -0.05496470 -0.20238909
v 0.03045144 -0.05396470 -0.20313171
v -0.02902904 -0.05496470 -0.20438480
v -0.02819295 -0.05396470 -0.20507360
v -0.03220050 -0.05496470 -0.20143451
v -0.03065029 -0.05396470 -0.20294784
v -0.03294783 -0.05396470 -0.20065029
v -0.03507360 -0.05396470 -0.19819295
v -0.03425626 -0.05496470 -0.19914399
v -0.03412888 -0.05657831 -0.19922635
v -0.03313170 -0.05496470 -0.13954856
v -0.03425626 -0.05496470 -0.14085601
v -0.03524264 -0.05396470 -0.14201865
v -0.03238910 -0.05396470 -0.13875987
v -0.03084803 -0.05396470 -0.13723722
v -0.02914398 -0.05496470 -0.13574374
v -0.02840352 -0.05396470 -0.13509671
v -0.02922635 -0.05657831 -0.13587113
v 0.02776875 -0.05396470 -0.13458960
v 0.03104465 -0.05396470 -0.13742347
v 0.02914398 -0.05496470 -0.13574374
v 0.03257653 -0.05496470 -0.13895535
v 0.03257653 -0.05396470 -0.13895535
v 0.03436970 -0.05496470 -0.14095668
v 0.03541040 -0.05396470 -0.14223126
v 0.03441595 -0.05656470 -0.14100789
v -0.02755513 -0.05656470 -0.13442312
v -0.02669077 -0.05396470 -0.13377014
v -0.02400693 -0.05396470 -0.13193864
v -0.02400693 -0.05656470 -0.13193864
v -0.02214727 -0.05656470 -0.13082732
v -0.02023629 -0.05396470 -0.12980682
v -0.01827841 -0.05656470 -0.12887944
v -0.01728329 -0.05396470 -0.12845138
v -0.01526359 -0.05656470 -0.12766771
v -0.01526359 -0.05396470 -0.12766771
v -0.01112283 -0.05396470 -0.12639630
v -0.01112283 -0.05656470 -0.12639630
v -0.00901136 -0.05396470 -0.12591150
v -0.00794749 -0.05656470 -0.12570737
v -0.00580654 -0.05396470 -0.12537619
v -0.00365214 -0.05656470 -0.12514845
v -0.00365214 -0.05396470 -0.12514845
v -0.00148928 -0.05656470 -0.12502465
v -0.00040623 -0.05396470 -0.12500183
v 0.00175993 -0.05656470 -0.12503442
v 0.00175993 -0.05396470 -0.12503442
v 0.00607500 -0.05396470 -0.12541194
v 0.00607500 -0.05656470 -0.12541194
v 0.00821391 -0.05656470 -0.12575600
v 0.00927654 -0.05396470 -0.12596653
v 0.01138505 -0.05656470 -0.12646402
v 0.01346717 -0.05396470 -0.12706243
v 0.01551808 -0.05656470 -0.12776034
v 0.01753303 -0.05396470 -0.12855615
v 0.01950734 -0.05656470 -0.12944801
v 0.02047782 -0.05396470 -0.12992932
v 0.02238263 -0.05656470 -0.13096133
v 0.02238263 -0.05396470 -0.13096133
v 0.02423556 -0.05656470 -0.13208380
v 0.02514122 -0.05396470 -0.13267817
v 0.02690833 -0.05656470 -0.13393143
v 0.02899211 -0.05656470 -0.13558406
v -0.03574208 -0.05656470 -0.19734052
v -0.03638984 -0.05396470 -0.19647224
v -0.03762174 -0.05656470 -0.19469018
v -0.03820516 -0.05396470 -0.19377743
v -0.03930525 -0.05656470 -0.19191112
v -0.03930525 -0.05396470 -0.19191112
v -0.04122981 -0.05396470 -0.18803060
v -0.04122981 -0.05656470 -0.18803060
v -0.04277237 -0.05396470 -0.18398301
v -0.04277237 -0.05656470 -0.18398301
v -0.04339578 -0.05656470 -0.18190825
v -0.04366985 -0.05396470 -0.18086021
v -0.04414193 -0.05656470 -0.17874587
v -0.04451170 -0.05396470 -0.17661124
v -0.04477831 -0.05656470 -0.17446131
v -0.04477831 -0.05396470 -0.17446131
v -0.04498350 -0.05396470 -0.17121857
v -0.04499980 -0.05656470 -0.17013541
v -0.04495417 -0.05396470 -0.16796948
v -0.04480435 -0.05656470 -0.16580828
v -0.04455068 -0.05396470 -0.16365676
v -0.04419377 -0.05656470 -0.16151996
v -0.04373442 -0.05396470 -0.15940282
v -0.04317372 -0.05656470 -0.15731022
v -0.04285575 -0.05396470 -0.15627466
v -0.04214551 -0.05656470 -0.15422799
v -0.04214551 -0.05396470 -0.15422799
v -0.04043385 -0.05396470 -0.15024896
v -0.04043385 -0.05656470 -0.15024896
v -0.03943641 -0.05656470 -0.14832583
v -0.03943641 -0.05396470 -0.14832583
v -0.03776965 -0.05396470 -0.14553669
v -0.03776965 -0.05656470 -0.14553669
v -0.03441595 -0.05656470 -0.14100789
v 0.02904331 -0.05496470 -0.20436971
v 0.02712492 -0.05396470 -0.20590597
v 0.02798135 -0.05656470 -0.20524265
v 0.02536538 -0.05656470 -0.20716985
v 0.02536538 -0.05396470 -0.20716985
v 0.02167417 -0.05396470 -0.20943642
v 0.02167417 -0.05656470 -0.20943642
v 0.01975104 -0.05656470 -0.21043386
v 0.01778213 -0.05396470 -0.21133758
v 0.01577201 -0.05656470 -0.21214551
v 0.01475295 -0.05396470 -0.21251294
v 0.01268978 -0.05656470 -0.21317372
v 0.01268978 -0.05396470 -0.21317372
v 0.01059719 -0.05656470 -0.21373442
v 0.00954138 -0.05396470 -0.21397683
v 0.00741379 -0.05656470 -0.21438509
v 0.00634324 -0.05396470 -0.21455069
v 0.00419173 -0.05656470 -0.21480435
v 0.00311202 -0.05396470 -0.21489227
v 0.00094782 -0.05656470 -0.21499002
v -0.00013541 -0.05396470 -0.21499979
v -0.00230103 -0.05656470 -0.21494113
v -0.00338214 -0.05396470 -0.21487272
v -0.00553788 -0.05656470 -0.21465795
v -0.00661124 -0.05396470 -0.21451171
v -0.00874586 -0.05656470 -0.21414194
v -0.01086020 -0.05396470 -0.21366985
v -0.01294938 -0.05656470 -0.21309656
v -0.01398301 -0.05396470 -0.21277237
v -0.01602538 -0.05656470 -0.21204983
v -0.01703292 -0.05396470 -0.21165189
v -0.01901782 -0.05656470 -0.21078385
v -0.01999403 -0.05396470 -0.21031426
v -0.02191112 -0.05656470 -0.20930526
v -0.02191112 -0.05396470 -0.20930526
v -0.02377743 -0.05656470 -0.20820516
v -0.02469018 -0.05396470 -0.20762174
v -0.02647224 -0.05656470 -0.20638984
v -0.02899211 -0.05656470 -0.20441595
v 0.03670584 -0.05656470 -0.14396769
v 0.03791619 -0.05396470 -0.14576444
v 0.03903867 -0.05656470 -0.14761737
v 0.03903867 -0.05396470 -0.14761737
v 0.04100980 -0.05396470 -0.15147445
v 0.04100980 -0.05656470 -0.15147445
v 0.04185389 -0.05656470 -0.15346965
v 0.04260096 -0.05396470 -0.15550317
v 0.04324931 -0.05656470 -0.15757029
v 0.04379741 -0.05396470 -0.15966621
v 0.04424400 -0.05656470 -0.16178609
v 0.04458805 -0.05396470 -0.16392499
v 0.04458805 -0.05656470 -0.16392499
v 0.04496557 -0.05396470 -0.16824007
v 0.04496557 -0.05656470 -0.16824007
v 0.04492647 -0.05396470 -0.17257145
v 0.04492647 -0.05656470 -0.17257145
v 0.04475065 -0.05656470 -0.17473072
v 0.04462381 -0.05396470 -0.17580654
v 0.04429263 -0.05656470 -0.17794749
v 0.04385881 -0.05396470 -0.18007001
v 0.04385881 -0.05656470 -0.18007001
v 0.04332333 -0.05396470 -0.18216920
v 0.04268744 -0.05656470 -0.18424018
v 0.04233229 -0.05396470 -0.18526359
v 0.04154862 -0.05656470 -0.18728329
v 0.04154862 -0.05396470 -0.18728329
v 0.03969443 -0.05396470 -0.19119793
v 0.03969443 -0.05656470 -0.19119793
v 0.03862821 -0.05656470 -0.19308379
v 0.03806137 -0.05396470 -0.19400693
v 0.03686184 -0.05656470 -0.19581094
v 0.03441595 -0.05656470 -0.19899212
v 0.02764533 -0.05376470 -0.13474697
v 0.03031610 -0.05376470 -0.20298445
v 0.03474817 -0.05376470 -0.19827729
v 0.01366434 -0.05376470 -0.21266527
v 0.03316630 -0.05376470 -0.13988295
v 0.02134116 -0.05376470 -0.13060971
v 0.01745510 -0.05376470 -0.12874034
v 0.01340732 -0.05376470 -0.12725326
v 0.02525265 -0.05376470 -0.20700465
v 0.02157784 -0.05376470 -0.20926113
v 0.03525303 -0.05376470 -0.14235467
v 0.04241163 -0.05376470 -0.15556760
v 0.03886517 -0.05376470 -0.14771685
v 0.04383776 -0.05376470 -0.16076469
v 0.03845653 -0.05376470 -0.19298120
v 0.04136396 -0.05376470 -0.18720648
v 0.04282666 -0.05376470 -0.18314981
v 0.04389255 -0.05376470 -0.17897131
v 0.04471058 -0.05376470 -0.16717084
v 0.04472680 -0.05376470 -0.17256002
v -0.03224515 -0.05376470 -0.13889870
v -0.02827729 -0.05376470 -0.13525183
v -0.02390023 -0.05376470 -0.13210779
v -0.01720647 -0.05376470 -0.12863603
v -0.01417689 -0.05376470 -0.12750228
v -0.04378138 -0.05376470 -0.16050103
v -0.03638606 -0.05376470 -0.14386392
v -0.04195819 -0.05376470 -0.15429808
v -0.03976917 -0.05376470 -0.14937347
v -0.00791217 -0.05376470 -0.12590422
v -0.00040443 -0.05376470 -0.12520182
v 0.00711477 -0.05376470 -0.12576856
v 0.00390458 -0.05376470 -0.12537047
v -0.04449184 -0.05376470 -0.16475441
v -0.04479006 -0.05376470 -0.16905639
v -0.04457929 -0.05376470 -0.17444147
v -0.04320291 -0.05376470 -0.18185532
v -0.03491772 -0.05376470 -0.19806765
v -0.03205739 -0.05376470 -0.20129479
v -0.02721900 -0.05376470 -0.20558323
v -0.04146677 -0.05376470 -0.18695723
v -0.03745453 -0.05376470 -0.19458045
v -0.01289183 -0.05376470 -0.21290502
v -0.00870699 -0.05376470 -0.21394575
v -0.02274933 -0.05376470 -0.20859414
v -0.01990516 -0.05376470 -0.21013507
v -0.00229080 -0.05376470 -0.21474139
v 0.00202149 -0.05376470 -0.21475437
v 0.00844235 -0.05376470 -0.21399735
v -0.02890965 -0.05776470 -0.19228189
v -0.02772427 -0.05776470 -0.19374058
v -0.02580940 -0.05776470 -0.19580939
v -0.03153131 -0.05776470 -0.18838550
v -0.03054304 -0.05776470 -0.18998431
v -0.03325460 -0.05776470 -0.18504597
v -0.03462539 -0.05776470 -0.18154696
v -0.03517391 -0.05776470 -0.17974918
v -0.03598990 -0.05776470 -0.17608088
v -0.03625522 -0.05776470 -0.17422010
v -0.03649697 -0.05776470 -0.17046994
v -0.03635186 -0.05776470 -0.16671479
v -0.03598990 -0.05776470 -0.16391912
v -0.03562915 -0.05776470 -0.16207446
v -0.03462539 -0.05776470 -0.15845305
v -0.03363098 -0.05776470 -0.15581526
v -0.03243596 -0.05776470 -0.15326208
v -0.03153131 -0.05776470 -0.15161450
v -0.02947378 -0.05776470 -0.14846987
v -0.02772427 -0.05776470 -0.14625943
v -0.02646538 -0.05776470 -0.14486369
v -0.02374057 -0.05776470 -0.14227572
v -0.02228188 -0.05776470 -0.14109035
v -0.01998431 -0.05776470 -0.13945696
v -0.01838549 -0.05776470 -0.13846868
v -0.01589722 -0.05776470 -0.13714382
v -0.01331411 -0.05776470 -0.13601494
v -0.00974917 -0.05776470 -0.13482609
v -0.00792553 -0.05776470 -0.13437085
v -0.00422010 -0.05776470 -0.13374478
v -0.00046994 -0.05776470 -0.13350302
v 0.00140950 -0.05776470 -0.13352722
v 0.00422010 -0.05776470 -0.13374478
v 0.00792553 -0.05776470 -0.13437085
v 0.01154695 -0.05776470 -0.13537461
v 0.01504597 -0.05776470 -0.13674539
v 0.01756753 -0.05776470 -0.13800575
v 0.01998431 -0.05776470 -0.13945696
v 0.02153013 -0.05776470 -0.14052622
v 0.02513630 -0.05776470 -0.14353462
v 0.02374057 -0.05776470 -0.14227572
v 0.02890965 -0.05776470 -0.14771812
v 0.02772427 -0.05776470 -0.14625943
v 0.03054304 -0.05776470 -0.15001570
v 0.03153131 -0.05776470 -0.15161450
v 0.03325460 -0.05776470 -0.15495403
v 0.03431660 -0.05776470 -0.15756534
v 0.03517391 -0.05776470 -0.16025083
v 0.03562915 -0.05776470 -0.16207446
v 0.03625522 -0.05776470 -0.16577990
v 0.03647278 -0.05776470 -0.16859050
v 0.03647278 -0.05776470 -0.17140950
v 0.03625522 -0.05776470 -0.17422010
v 0.03517391 -0.05776470 -0.17974918
v 0.03562915 -0.05776470 -0.17792553
v 0.03325460 -0.05776470 -0.18504597
v 0.03398506 -0.05776470 -0.18331411
v 0.03153131 -0.05776470 -0.18838550
v 0.02947378 -0.05776470 -0.19153014
v 0.02772427 -0.05776470 -0.19374058
v 0.02646538 -0.05776470 -0.19513631
v 0.02444654 -0.05776470 -0.19710381
v 0.02153013 -0.05776470 -0.19947378
v 0.01998431 -0.05776470 -0.20054305
v 0.01673792 -0.05776470 -0.20243597
v 0.01504597 -0.05776470 -0.20325461
v 0.01154695 -0.05776470 -0.20462540
v 0.00974917 -0.05776470 -0.20517391
v 0.00700553 -0.05776470 -0.20582139
v 0.00328521 -0.05776470 -0.20635186
v -0.00046994 -0.05776470 -0.20649697
v -0.00328521 -0.05776470 -0.20635186
v -0.00515220 -0.05776470 -0.20613454
v -0.00884028 -0.05776470 -0.20541327
v -0.01154695 -0.05776470 -0.20462540
v -0.01673792 -0.05776470 -0.20243597
v -0.01504597 -0.05776470 -0.20325461
v -0.01998431 -0.05776470 -0.20054305
v -0.02301886 -0.05776470 -0.19832635
v 0.03150932 -0.05496470 -0.19771990
v 0.03147911 -0.05784914 -0.19770129
v 0.03294404 -0.05678084 -0.19905496
v 0.03052957 -0.05496470 -0.19734381
v 0.03077894 -0.05829211 -0.19739985
v 0.02948028 -0.05496470 -0.19736214
v 0.02998989 -0.05869218 -0.19730274
v 0.02880463 -0.05910067 -0.19760123
v 0.02829412 -0.05918203 -0.19793728
v 0.02810749 -0.05496470 -0.19810750
v 0.02763529 -0.05496470 -0.19873986
v 0.02765476 -0.05912231 -0.19870462
v 0.02742932 -0.05496470 -0.19922510
v 0.02730245 -0.05868572 -0.20000434
v 0.02731051 -0.05496470 -0.20026781
v 0.02736982 -0.05835934 -0.20065883
v 0.02748469 -0.05496470 -0.20103756
v 0.02810749 -0.05744879 -0.20199658
v 0.02804082 -0.05496470 -0.20192753
v 0.03325000 -0.05496470 -0.19926386
v 0.02926386 -0.05496470 -0.20325001
v 0.02905495 -0.05678084 -0.20294404
v 0.02934694 -0.05496470 -0.20369379
v 0.03384440 -0.05496470 -0.19932899
v -0.02771991 -0.05496470 -0.20150931
v -0.02759098 -0.05798537 -0.20127910
v -0.02810749 -0.05744879 -0.20199658
v -0.02734382 -0.05496470 -0.20052958
v -0.02730274 -0.05869218 -0.19998989
v -0.02736213 -0.05496470 -0.19948028
v -0.02760123 -0.05910067 -0.19880463
v -0.02793727 -0.05918203 -0.19829412
v -0.02810749 -0.05496470 -0.19810750
v -0.02873985 -0.05496470 -0.19763529
v -0.02870461 -0.05912231 -0.19765475
v -0.02922510 -0.05496470 -0.19742931
v -0.03000434 -0.05868572 -0.19730245
v -0.03026780 -0.05496470 -0.19731052
v -0.03065883 -0.05835934 -0.19736981
v -0.03103755 -0.05496470 -0.19748469
v -0.03190326 -0.05752724 -0.19801845
v -0.03192753 -0.05496470 -0.19804081
v -0.02926386 -0.05496470 -0.20325001
v -0.02919113 -0.05673736 -0.20311368
v -0.03325000 -0.05496470 -0.19926386
v -0.03324999 -0.05670720 -0.19926386
v -0.02932899 -0.05496470 -0.20384440
v -0.03150932 -0.05496470 -0.14228010
v -0.03147911 -0.05784914 -0.14229870
v -0.03311368 -0.05673736 -0.14080887
v -0.03052957 -0.05496470 -0.14265618
v -0.03077894 -0.05829211 -0.14260015
v -0.02948028 -0.05496470 -0.14263786
v -0.02998989 -0.05869218 -0.14269726
v -0.02880463 -0.05910067 -0.14239877
v -0.02800426 -0.05918699 -0.14178348
v -0.02810749 -0.05496470 -0.14189251
v -0.02763529 -0.05496470 -0.14126015
v -0.02752055 -0.05905768 -0.14102224
v -0.02742932 -0.05496470 -0.14077491
v -0.02731051 -0.05496470 -0.13973220
v -0.02730245 -0.05868572 -0.13999566
v -0.02736982 -0.05835934 -0.13934118
v -0.02748469 -0.05496470 -0.13896245
v -0.02810749 -0.05744879 -0.13800342
v -0.02804082 -0.05496470 -0.13807246
v -0.03325000 -0.05496470 -0.14073615
v -0.02926386 -0.05496470 -0.13675000
v -0.02905495 -0.05678084 -0.13705596
v 0.02771991 -0.05496470 -0.13849068
v 0.02759098 -0.05798537 -0.13872090
v 0.02810749 -0.05744879 -0.13800342
v 0.02734382 -0.05496470 -0.13947043
v 0.02730274 -0.05869218 -0.14001012
v 0.02736213 -0.05496470 -0.14051972
v 0.02760123 -0.05910067 -0.14119537
v 0.02821652 -0.05918699 -0.14199574
v 0.02810749 -0.05496470 -0.14189251
v 0.02922510 -0.05496470 -0.14257069
v 0.02897777 -0.05905768 -0.14247945
v 0.03026780 -0.05496470 -0.14268948
v 0.03000434 -0.05868572 -0.14269756
v 0.03065883 -0.05835934 -0.14263019
v 0.03103755 -0.05496470 -0.14251530
v 0.03199658 -0.05744879 -0.14189251
v 0.03192753 -0.05496470 -0.14195919
v 0.02926386 -0.05496470 -0.13675000
v 0.02919113 -0.05673736 -0.13688631
v 0.03299448 -0.05496470 -0.14089797
v 0.03324999 -0.05670720 -0.14073615
v 0.03369380 -0.05496470 -0.14065306
v -0.02934189 -0.05665266 -0.20354217
v -0.03354218 -0.05665266 -0.14065811
v -0.02934189 -0.05665265 -0.13645780
v 0.02934189 -0.05665266 -0.13645782
v 0.03412888 -0.05657831 -0.14077365
v 0.02914436 -0.05656954 -0.20425576
v 0.02934189 -0.05665265 -0.20354220
v 0.03397263 -0.05659327 -0.19929476
v -0.01342816 -0.05976040 -0.13353749
v 0.03802571 -0.05976040 -0.17799218
v 0.01826806 -0.05976040 -0.20429443
v -0.00937163 -0.05976040 -0.13229056
v 0.02472717 -0.05976040 -0.19997327
v 0.01764050 -0.05976040 -0.20462142
v -0.00238685 -0.05976040 -0.13121685
v -0.01209142 -0.05976040 -0.13307267
v -0.01141693 -0.05976040 -0.13285860
v -0.01005681 -0.05976040 -0.13246748
v -0.00868335 -0.05976040 -0.13212614
v -0.00799218 -0.05976040 -0.13197428
v -0.00729836 -0.05976040 -0.13183504
v -0.00590370 -0.05976040 -0.13159458
v -0.00520332 -0.05976040 -0.13149343
v -0.00450121 -0.05976040 -0.13140507
v -0.00379760 -0.05976040 -0.13132949
v -0.00309274 -0.05976040 -0.13126674
v 0.03882018 -0.05976040 -0.17168017
v 0.03878315 -0.05976040 -0.17238685
v 0.03873325 -0.05976040 -0.17309274
v 0.03867051 -0.05976040 -0.17379761
v 0.03859494 -0.05976040 -0.17450121
v 0.03850656 -0.05976040 -0.17520332
v 0.03787386 -0.05976040 -0.17868334
v 0.03770944 -0.05976040 -0.17937164
v 0.03753252 -0.05976040 -0.18005681
v 0.03692732 -0.05976040 -0.18209143
v 0.03670100 -0.05976040 -0.18276191
v 0.03646251 -0.05976040 -0.18342815
v 0.03621192 -0.05976040 -0.18408996
v 0.03594932 -0.05976040 -0.18474708
v 0.03567480 -0.05976040 -0.18539931
v 0.03538844 -0.05976040 -0.18604644
v 0.03509035 -0.05976040 -0.18668823
v 0.03478062 -0.05976040 -0.18732451
v 0.03445935 -0.05976040 -0.18795502
v 0.03412665 -0.05976040 -0.18857959
v 0.03378264 -0.05976040 -0.18919799
v 0.03342742 -0.05976040 -0.18981004
v 0.03306112 -0.05976040 -0.19041550
v 0.03229573 -0.05976040 -0.19160591
v 0.03189691 -0.05976040 -0.19219047
v 0.03148751 -0.05976040 -0.19276768
v 0.03106766 -0.05976040 -0.19333732
v 0.03063751 -0.05976040 -0.19389923
v 0.02881676 -0.05976040 -0.19606577
v 0.02526891 -0.05976040 -0.19951800
v 0.02417722 -0.05976040 -0.20041861
v 0.02361925 -0.05976040 -0.20085387
v 0.02305345 -0.05976040 -0.20127888
v 0.02248001 -0.05976040 -0.20169352
v 0.02189910 -0.05976040 -0.20209765
v 0.02131094 -0.05976040 -0.20249113
v 0.02011360 -0.05976040 -0.20324564
v 0.00750929 -0.05606752 -0.08109374
v 0.00750000 -0.05607024 -0.06350000
v 0.00750512 -0.06301980 -0.08110589
v 0.00750000 -0.06301999 -0.06350000
v 0.00801705 -0.06351993 -0.08111031
v 0.00800098 -0.06352007 -0.06355605
v 0.00798168 -0.06307367 -0.06301089
v 0.00797798 -0.05557014 -0.08031433
v 0.00798533 -0.05557753 -0.06303874
v 0.01543949 -0.06352099 -0.09526019
v 0.01575625 -0.06352063 -0.09636199
v 0.01286853 -0.06352009 -0.10041532
v 0.00355761 -0.06351995 -0.09991561
v 0.01166934 -0.06351995 -0.09382968
v 0.00489858 -0.06351991 -0.10219488
v 0.00856645 -0.06352001 -0.10365418
v 0.00536507 -0.06352401 -0.10468619
v 0.00662670 -0.06351918 -0.09630007
v 0.01010231 -0.06353237 -0.09146949
v 0.00125967 -0.06354244 -0.09855805
v -0.01374761 -0.06351997 -0.09488513
v -0.01349039 -0.06352019 -0.09977465
v -0.01580840 -0.06354859 -0.09547611
v -0.01089720 -0.06351985 -0.09307152
v -0.00490310 -0.06351996 -0.10232765
v -0.00538557 -0.06352521 -0.10472788
v -0.00882334 -0.06352003 -0.10353532
v -0.00359048 -0.06351987 -0.09988874
v -0.01020001 -0.06324202 -0.08926614
v -0.00902033 -0.06351987 -0.09349122
v -0.00623666 -0.06351934 -0.09655983
v -0.00125251 -0.06354364 -0.09857031
v -0.00680395 -0.06251367 -0.10559712
v -0.00654683 -0.05951999 -0.10566032
v -0.00997404 -0.05952000 -0.10397498
v -0.01079443 -0.06251868 -0.10343333
v -0.01329077 -0.05952000 -0.10136577
v -0.01375847 -0.06251868 -0.10086125
v -0.01584787 -0.05952000 -0.09813830
v -0.01669024 -0.06253041 -0.09680042
v -0.01686039 -0.05952000 -0.09620377
v 0.00038088 -0.06301817 0.01400960
v 0.00194142 -0.05701999 0.01388767
v -0.00127041 -0.05701999 0.01397531
v 0.00319213 -0.06302112 0.01366224
v 0.00416830 -0.05701999 0.01337756
v 0.00588926 -0.06301871 0.01272489
v 0.00644663 -0.05701999 0.01246451
v 0.00835190 -0.06302033 0.01127819
v 0.00904096 -0.05701999 0.01071603
v 0.01062437 -0.06301852 0.00915694
v 0.01162340 -0.05701999 0.00792070
v 0.01271798 -0.06301975 0.00601294
v 0.01322563 -0.05701999 0.00465349
v 0.01389262 -0.06301993 0.00198543
v 0.01396087 -0.05701999 0.00144016
v 0.01394622 -0.06301977 -0.00185672
v 0.01385039 -0.05701999 -0.00245103
v 0.01294523 -0.06301999 -0.00536215
v 0.01271476 -0.05701999 -0.00590822
v 0.01164247 -0.06302111 -0.00782939
v 0.01134276 -0.05701999 -0.00824100
v 0.00935959 -0.06301609 -0.01046647
v 0.00954813 -0.05701999 -0.01026672
v 0.00682692 -0.05701999 -0.01227719
v 0.00679951 -0.06302177 -0.01227131
v 0.00340556 -0.06302187 -0.01365041
v 0.00368327 -0.05701999 -0.01352796
v -0.00008424 -0.05701999 -0.01406533
v -0.00038088 -0.06301817 -0.01400960
v -0.00285979 -0.06301996 -0.01372672
v -0.00368327 -0.05701999 -0.01352796
v -0.00587496 -0.06301990 -0.01274598
v -0.00682692 -0.05701999 -0.01227719
v -0.00827366 -0.06302126 -0.01131583
v -0.00954813 -0.05701999 -0.01026672
v -0.01028453 -0.06301777 -0.00953591
v -0.01134276 -0.05701999 -0.00824100
v -0.01231915 -0.06301985 -0.00675291
v -0.01271476 -0.05701999 -0.00590822
v -0.01367520 -0.06301991 -0.00315283
v -0.01385039 -0.05701999 -0.00245103
v -0.01403268 -0.06301981 0.00071934
v -0.01396087 -0.05701999 0.00144016
v -0.01329444 -0.06301983 0.00454203
v -0.01322563 -0.05701999 0.00465349
v -0.01162340 -0.05701999 0.00792070
v -0.01188541 -0.06302126 0.00743226
v -0.00946564 -0.06301658 0.01040834
v -0.00904096 -0.05701999 0.01071603
v -0.00644663 -0.05701999 0.01246451
v -0.00568359 -0.06301554 0.01285635
v -0.00416830 -0.05701999 0.01337756
v -0.00219549 -0.06302111 0.01385736
v -0.01879050 -0.05952000 0.00155456
v -0.01879751 -0.06251882 0.00116460
v -0.01880000 -0.05952000 -0.01643750
v -0.01879488 -0.06252276 -0.04309487
v -0.01878643 -0.05952000 -0.04313465
v 0.01879489 -0.06252331 -0.05329822
v 0.01877672 -0.05952000 -0.05285407
v 0.01878761 -0.06251424 -0.06402992
v 0.01877923 -0.05952000 -0.06410995
v 0.01878699 -0.05952000 -0.08510044
v 0.01878947 -0.06251743 -0.08492802
v 0.01879012 -0.06252488 -0.07409874
v 0.01878233 -0.05952000 -0.07415117
v 0.00614575 -0.05951999 -0.10581697
v 0.00613835 -0.06252544 -0.10573953
v 0.00851236 -0.06252159 -0.10478365
v 0.00971057 -0.05952000 -0.10411032
v 0.01158340 -0.06251868 -0.10285032
v 0.01234208 -0.05952000 -0.10222515
v 0.01407869 -0.06252001 -0.10049001
v 0.01520988 -0.05952000 -0.09913033
v 0.01666479 -0.06251480 -0.09686600
v 0.01675368 -0.05952000 -0.09647718
v -0.01879536 -0.06252269 -0.06364852
v -0.01879327 -0.05952000 -0.06382735
v -0.01879188 -0.06251547 -0.05307534
v -0.01879671 -0.05952000 -0.05330595
v -0.00122851 -0.05431778 0.01201386
v -0.00355408 -0.05101841 0.01150678
v -0.00509498 -0.05431763 0.01090999
v -0.00751587 -0.05102095 0.00946627
v -0.00768692 -0.05431825 0.00924280
v -0.00988092 -0.05431755 0.00691010
v -0.01015682 -0.05101969 0.00645441
v -0.01169278 -0.05431910 0.00295148
v -0.01175254 -0.05102082 0.00277860
v -0.01202055 -0.05431825 -0.00015717
v -0.01199930 -0.05102071 -0.00055007
v -0.01164586 -0.05431639 -0.00313316
v -0.01160496 -0.05102104 -0.00321121
v -0.01012686 -0.05102129 -0.00652881
v -0.00971100 -0.05431942 -0.00713776
v -0.00774510 -0.05102104 -0.00921957
v -0.00747827 -0.05431889 -0.00942124
v -0.00435956 -0.05431778 -0.01126216
v -0.00507346 -0.05101970 -0.01091239
v -0.00127279 -0.05102322 -0.01199262
v -0.00051187 -0.05431799 -0.01202289
v -0.00106016 -0.05102108 0.01196965
v 0.00167058 -0.05102216 0.01192562
v 0.00330802 -0.05431786 0.01160431
v 0.00509499 -0.05102104 0.01090999
v 0.00750976 -0.05431770 0.00947107
v 0.00779279 -0.05101875 0.00915555
v 0.00971271 -0.05101895 0.00710664
v 0.01015681 -0.05431843 0.00645440
v 0.01153097 -0.05102095 0.00362428
v 0.01175072 -0.05431779 0.00278614
v 0.01202055 -0.05102002 -0.00015717
v 0.01199930 -0.05431783 -0.00055008
v 0.01165579 -0.05102104 -0.00302149
v 0.01160495 -0.05431763 -0.00321121
v 0.01005610 -0.05102071 -0.00666921
v 0.00993327 -0.05431778 -0.00686820
v 0.00726093 -0.05102234 -0.00962734
v 0.00730336 -0.05431726 -0.00954944
v 0.00507346 -0.05431843 -0.01091238
v 0.00301585 -0.05102095 -0.01170484
v 0.00217199 -0.05431727 -0.01182427
v -0.00351003 -0.05558364 -0.10793500
v -0.00622951 -0.05557125 -0.10728420
v -0.00429762 -0.05951801 -0.10778309
v 0.00350996 -0.05944415 -0.10796463
v 0.00561699 -0.05566405 -0.10748084
v 0.00093370 -0.05557170 -0.10826541
v 0.00784042 -0.05557106 -0.10668667
v 0.00978955 -0.05939603 -0.10578298
v 0.01108440 -0.05570956 -0.10501212
v 0.00634561 -0.05951647 -0.10723609
v -0.00077384 -0.05951529 -0.10823157
v -0.00779289 -0.05950639 -0.10673822
v 0.02027982 -0.05950522 -0.05012797
v 0.02028621 -0.05931990 -0.04069753
v 0.02027342 -0.05557939 -0.04097706
v 0.02029894 -0.05558123 -0.06866966
v 0.02029594 -0.05951267 -0.06729630
v 0.02051350 -0.05558028 -0.08835015
v 0.02051467 -0.05949431 -0.08815408
v 0.02014982 -0.05951374 -0.09162410
v 0.02010705 -0.05557623 -0.09195378
v 0.01932787 -0.05951684 -0.09467594
v 0.01878750 -0.05571036 -0.09602194
v 0.01800111 -0.05938675 -0.09760994
v 0.01713827 -0.05557129 -0.09903271
v 0.01576298 -0.05950527 -0.10091202
v 0.01415477 -0.05557083 -0.10261620
v 0.01242542 -0.05951288 -0.10407021
v -0.01053901 -0.05557472 -0.10538737
v -0.01196979 -0.05950067 -0.10443150
v -0.01430573 -0.05557359 -0.10245798
v -0.01587471 -0.05950660 -0.10078435
v -0.01680898 -0.05557303 -0.09950345
v -0.01798924 -0.05951466 -0.09760927
v -0.01864625 -0.05557296 -0.09638023
v -0.01936411 -0.05939039 -0.09455209
v -0.02005200 -0.05557317 -0.09210987
v -0.02024735 -0.05951929 -0.09113725
v -0.02051045 -0.05558696 -0.08838220
v -0.02051785 -0.05939746 -0.08839644
v -0.02028305 -0.05558898 -0.04084909
v -0.02028600 -0.05931990 -0.04029728
v -0.02029031 -0.05951074 -0.06757008
v -0.02025683 -0.05557328 -0.06343880
v -0.03404488 -0.04602806 -0.00567160
v -0.03372456 -0.05951916 -0.00739961
v -0.03322988 -0.04611917 -0.00929579
v -0.03450055 -0.04603503 -0.00082104
v -0.03439524 -0.05951473 -0.00290445
v -0.03421021 -0.04604226 0.00487042
v -0.03450036 -0.05951838 0.00105404
v -0.03425368 -0.04852098 0.00424525
v -0.03132288 -0.04603408 0.01451508
v -0.03161898 -0.05951448 0.01386963
v -0.03307937 -0.04603506 0.00986978
v -0.02553904 -0.04615865 0.02324369
v -0.02710894 -0.05944788 0.02137885
v -0.02915021 -0.04602634 0.01849751
v -0.02508966 -0.05943843 0.02369204
v -0.02325619 -0.04603504 0.02550457
v -0.01962432 -0.04603510 0.02839824
v -0.01987806 -0.05944123 0.02822156
v -0.01595029 -0.04612868 0.03062158
v -0.01692493 -0.05942078 0.03007922
v -0.01176763 -0.04603413 0.03246937
v -0.01412814 -0.05951899 0.03148600
v -0.01141227 -0.05951846 0.03257222
v -0.00574180 -0.04603727 0.03405754
v -0.00813645 -0.05936253 0.03353767
v -0.00064232 -0.04604299 0.03453424
v -0.00407342 -0.05951920 0.03428222
v 0.03292267 -0.05944056 -0.01032655
v 0.03276610 -0.04603306 -0.01085296
v 0.03192187 -0.05951846 -0.01313418
v 0.03332862 -0.05951902 -0.00897459
v 0.03381484 -0.04852097 -0.00686671
v 0.03365038 -0.04613287 -0.00765997
v 0.03406675 -0.05936983 -0.00550761
v 0.03438082 -0.05943809 -0.00291913
v 0.03431734 -0.04603595 -0.00367833
v 0.03450417 -0.05944593 -0.00056788
v 0.03446224 -0.05942331 0.00167217
v 0.03435415 -0.04603155 0.00343339
v 0.03450493 -0.04614130 0.00006817
v 0.03421074 -0.05942915 0.00457675
v 0.03407628 -0.04852098 0.00546360
v 0.03377358 -0.05945273 0.00707844
v 0.03335845 -0.04603136 0.00892422
v 0.03307930 -0.05943816 0.00983516
v 0.03172949 -0.05933671 0.01355382
v 0.03117862 -0.04602113 0.01484039
v 0.03237770 -0.05939548 0.01192959
v 0.03204722 -0.04614252 0.01280862
v 0.03097872 -0.05940067 0.01519508
v 0.02994350 -0.05942605 0.01714675
v 0.02933932 -0.05943670 0.01815155
v 0.02804421 -0.04852098 0.02012701
v 0.02823035 -0.05943643 0.01983266
v 0.02754377 -0.05934071 0.02078536
v 0.02625124 -0.05937221 0.02238757
v 0.02773117 -0.04613061 0.02059396
v 0.02558937 -0.05945155 0.02313319
v 0.02471931 -0.04603007 0.02409537
v 0.02471705 -0.05933671 0.02407313
v 0.02378068 -0.05939734 0.02499876
v 0.02242718 -0.05939727 0.02621933
v 0.02340347 -0.04618220 0.02535218
v 0.02141907 -0.05934483 0.02704874
v 0.02145161 -0.04852098 0.02702567
v 0.02003565 -0.05937479 0.02809430
v 0.01846769 -0.05941152 0.02914390
v 0.01804633 -0.04603328 0.02944299
v 0.01741457 -0.05942926 0.02978757
v 0.01541034 -0.05941828 0.03087247
v 0.01368445 -0.05934495 0.03167173
v 0.01399817 -0.04603920 0.03156927
v 0.01293601 -0.05944889 0.03198084
v 0.01155085 -0.05933671 0.03251179
v 0.00994264 -0.05943199 0.03304084
v 0.00815842 -0.04602479 0.03352890
v 0.00872218 -0.05935198 0.03338076
v 0.00734392 -0.05944573 0.03370754
v 0.00593377 -0.05942969 0.03399005
v 0.00462490 -0.04613910 0.03421474
v 0.00431803 -0.05946130 0.03422971
v 0.00308104 -0.05945607 0.03436681
v 0.00115298 -0.05946343 0.03448907
v -0.00210478 -0.05937713 0.03445715
v -0.02267889 -0.05944894 0.02601829
v -0.02955354 -0.05935338 0.01784922
v -0.03283154 -0.05940091 0.01061924
v -0.03369946 -0.05951678 0.00745608
v -0.03422420 -0.05937031 0.00440710
v -0.03208306 -0.05935702 -0.01279553
v -0.03212741 -0.04603241 -0.01265383
v -0.03008926 -0.04603594 -0.01695845
v -0.02994657 -0.05951937 -0.01715209
v 0.01143879 -0.04616966 0.03258497
v 0.02137032 -0.04616152 0.02709826
v 0.03113739 -0.04614859 -0.01488182
v 0.03001256 -0.05951905 -0.01706700
v -0.02027948 -0.04853821 -0.04082631
v -0.02032150 -0.05951298 -0.03475238
v -0.02032306 -0.04849869 -0.03490102
v -0.02095332 -0.04849834 -0.03170654
v -0.02117898 -0.05936087 -0.03109863
v -0.02250378 -0.04851464 -0.02826189
v -0.02188368 -0.05951461 -0.02944640
v -0.02368707 -0.05936536 -0.02630378
v -0.02405166 -0.04852003 -0.02575577
v -0.02588774 -0.04816674 -0.02311181
v -0.02670937 -0.05951717 -0.02200274
v -0.02753452 -0.04614978 -0.02083107
v 0.02960955 -0.04603009 -0.01772296
v 0.02752374 -0.05937328 -0.02086129
v 0.02743812 -0.04609203 -0.02097077
v 0.02541311 -0.04791354 -0.02374128
v 0.02424316 -0.05951637 -0.02545652
v 0.02301165 -0.04853146 -0.02739735
v 0.02202439 -0.05951467 -0.02913022
v 0.02166248 -0.04850760 -0.02990298
v 0.02077663 -0.05933419 -0.03239312
v 0.02059541 -0.04849936 -0.03309153
v 0.02031192 -0.05951231 -0.03491933
v 0.02028531 -0.04851647 -0.03564229
v 0.02028068 -0.04847167 -0.04082069
v -0.00799762 -0.04602030 0.03271382
v 0.00251401 -0.04602005 0.03347410
v 0.00844498 -0.04602001 0.03245372
v 0.01709219 -0.04602036 0.02902796
v -0.00556652 -0.04602001 -0.03307870
v -0.01070820 -0.04603118 -0.03291605
v -0.00185310 -0.04602116 -0.03448441
v 0.03352573 -0.04602000 0.00036386
v 0.00822557 -0.04602002 -0.03253574
v 0.00752541 -0.04602083 -0.03374321
v 0.01529940 -0.04602005 -0.02989267
v 0.01683865 -0.04602193 -0.03018709
v 0.00096075 -0.04602002 -0.03354505
v -0.01132887 -0.04602002 -0.03158822
v -0.01777456 -0.04602007 -0.02850513
v 0.02424597 -0.04602004 0.02321492
v 0.03302019 -0.04602006 -0.00609467
v 0.02263561 -0.04602015 -0.02486702
v -0.02156200 -0.04602993 -0.02711199
v -0.02584367 -0.04602024 -0.02155723
v 0.02941274 -0.04602025 0.01637166
v 0.03293264 -0.04602006 0.00655126
v 0.03130175 -0.04602001 -0.01203519
v 0.02839774 -0.04602006 -0.01792093
v 0.02266548 -0.04601813 -0.02598389
v -0.03347994 -0.04602013 0.00301115
v -0.01754170 -0.04602013 0.02867762
v -0.03115540 -0.04602013 -0.01262085
v -0.03316411 -0.04602002 -0.00507923
v -0.03152606 -0.04602006 0.01156807
v -0.02331664 -0.04602001 0.02411327
v -0.02758923 -0.04602010 0.01918768
v 0.00661852 -0.04658757 -0.03560744
v 0.01256104 -0.04658790 -0.03358862
v 0.02084728 -0.04689104 -0.02835553
v 0.01426354 -0.04767574 -0.03774603
v 0.01866262 -0.04822643 -0.03690407
v 0.01874711 -0.04722733 -0.03102222
v 0.00725291 -0.04720003 -0.04076375
v 0.00680563 -0.04708961 -0.03853270
v 0.01711351 -0.04746752 -0.03339574
v 0.01148766 -0.04710983 -0.03608737
v 0.02355332 -0.04716358 -0.02566727
v -0.00812271 -0.04717804 -0.03851023
v -0.01366322 -0.04714185 -0.03475690
v -0.01619508 -0.04768246 -0.03552811
v -0.01887167 -0.04755785 -0.03170462
v -0.01764455 -0.04663061 -0.03069242
v -0.02417733 -0.04730226 -0.02498295
v -0.02203835 -0.04806851 -0.02833361
v -0.01597259 -0.04791671 -0.03876872
v -0.01077296 -0.04739060 -0.04076324
v -0.00174243 -0.04650100 -0.03612415
v -0.00821585 -0.04657913 -0.03517058
v -0.02147338 -0.04709869 -0.02785097
v 0.00000243 -0.04696734 -0.04078735
v 0.00030610 -0.04681078 -0.03785953
v -0.01273857 -0.04812263 -0.04134667
v -0.00799996 -0.05557024 -0.04134786
v -0.00799972 -0.05302022 -0.04134532
v -0.00016318 -0.04746604 -0.04134598
v -0.01978014 -0.04899801 -0.04134797
v -0.01978194 -0.05557021 -0.04134664
v 0.01266585 -0.04811673 -0.04134630
v 0.01978873 -0.05557024 -0.04134675
v 0.01978021 -0.04899736 -0.04134795
v 0.00799996 -0.05557024 -0.04134796
v 0.00799989 -0.05302044 -0.04134517
v -0.00039958 -0.05952000 -0.10450937
v 0.00088623 -0.05952000 -0.10415859
v 0.00053537 -0.05952000 -0.09951603
v 0.00085073 -0.05952000 -0.10282565
v -0.00015568 -0.05952000 -0.10245624
v -0.00124081 -0.05952000 -0.09964885
v -0.00110166 -0.05952000 -0.10327323
v -0.00408857 -0.05952001 -0.10450213
v -0.00392086 -0.05952000 -0.10256144
v -0.00522233 -0.05952000 -0.10556924
v 0.00221351 -0.05952000 -0.10011306
v -0.00302913 -0.05952000 -0.10081759
v 0.00380873 -0.05951999 -0.10202912
v 0.00413216 -0.05952001 -0.10466187
v -0.01661547 -0.05952000 -0.08627601
v -0.01654744 -0.05952000 -0.08844080
v -0.01722832 -0.05952000 -0.09016203
v -0.01799695 -0.05952000 -0.08597825
v -0.01590358 -0.05952001 -0.09421581
v -0.01598402 -0.05952000 -0.09203094
v -0.01341603 -0.05952000 -0.08851704
v -0.01289339 -0.05952000 -0.08654477
v -0.01114300 -0.05951999 -0.08858994
v -0.01481832 -0.05952000 -0.08777320
v -0.01378307 -0.05952000 -0.09384407
v -0.01362058 -0.05952000 -0.09178612
v -0.01478183 -0.05952000 -0.08597382
v -0.01279170 -0.05952000 -0.08983887
v -0.01196064 -0.05952000 -0.09269802
v -0.01108819 -0.05952000 -0.09092663
v -0.01877923 -0.05952000 -0.07389005
v -0.01879711 -0.05952000 -0.08464850
v -0.01775970 -0.05952000 -0.06508193
v -0.01699574 -0.05952000 -0.07267112
v -0.01713797 -0.05952000 -0.06862962
v -0.01587080 -0.05951995 -0.06510057
v -0.01698486 -0.05952000 -0.06994127
v -0.01571238 -0.05952000 -0.07109644
v -0.01514820 -0.05952000 -0.07302909
v -0.01313098 -0.05952000 -0.07012592
v -0.01170500 -0.05952000 -0.07137811
v -0.01412503 -0.05952000 -0.07099883
v -0.01645938 -0.05952000 -0.06733483
v -0.01339372 -0.05952000 -0.07269802
v -0.01285695 -0.05952000 -0.06829264
v -0.01098426 -0.05952000 -0.06935960
v -0.01139944 -0.05951999 -0.06707396
v -0.01454603 -0.05952000 -0.06681240
v -0.01338104 -0.05951999 -0.06527288
v -0.01804159 -0.05952000 -0.05209897
v -0.02016962 -0.05951470 -0.04880869
v -0.01695667 -0.05952000 -0.04432618
v -0.01719419 -0.05952000 -0.04829677
v -0.01675344 -0.05952000 -0.05169479
v -0.01347660 -0.05952000 -0.04639320
v -0.01522907 -0.05952000 -0.04579771
v -0.01648967 -0.05952000 -0.04957766
v -0.01532695 -0.05952000 -0.05200657
v -0.01517950 -0.05952000 -0.05020689
v -0.01672732 -0.05952000 -0.04664278
v -0.01338107 -0.05952000 -0.05172713
v -0.01333247 -0.05952000 -0.04948694
v -0.01173073 -0.05952000 -0.05035952
v -0.01193023 -0.05952000 -0.04533750
v -0.01282400 -0.05952000 -0.04783909
v -0.01441951 -0.05951999 -0.04393551
v -0.01089427 -0.05951999 -0.04800000
v -0.02394385 -0.05952000 0.01502488
v -0.02937090 -0.05952127 0.01772683
v -0.01854391 -0.05952000 0.02885504
v -0.02527404 -0.05952000 0.01451437
v -0.02317479 -0.05952000 0.01415863
v -0.02469245 -0.05952000 0.01298726
v -0.02359200 -0.05952000 0.01317393
v -0.01808285 -0.05952000 0.00518078
v -0.01634870 -0.05952000 0.00945476
v -0.01054300 -0.05952000 0.01560456
v -0.01352090 -0.05952000 0.01310887
v -0.00675599 -0.05952000 0.01757951
v 0.00116901 -0.05952000 0.01884801
v -0.00348094 -0.05952000 0.01849534
v 0.00426129 -0.05952021 0.03394579
v 0.00574142 -0.05952000 0.01792291
v 0.00870589 -0.05952000 0.01669924
v 0.01151798 -0.05951979 0.03238961
v 0.01630549 -0.05951992 0.03024696
v 0.01949343 -0.05952000 0.01691251
v 0.01602692 -0.05952000 0.00988913
v 0.01317882 -0.05952000 0.01352743
v 0.01799494 -0.05952000 0.00566117
v 0.01879328 -0.05952000 0.00116527
v 0.01764903 -0.05952000 -0.04412234
v 0.01879464 -0.05952000 -0.04289051
v 0.01880000 -0.05952000 -0.01643750
v 0.01695665 -0.05952000 -0.05167382
v 0.01717176 -0.05952000 -0.04756872
v 0.01663735 -0.05952000 -0.04428696
v 0.01522887 -0.05952000 -0.05015772
v 0.01666753 -0.05952000 -0.04948694
v 0.01392379 -0.05952000 -0.04991506
v 0.01460372 -0.05951999 -0.05206407
v 0.01203778 -0.05951999 -0.05081052
v 0.01585712 -0.05952000 -0.04591233
v 0.01291451 -0.05952000 -0.04869021
v 0.01089426 -0.05951999 -0.04800000
v 0.01295592 -0.05952000 -0.04723671
v 0.01441951 -0.05951999 -0.04393551
v 0.01387962 -0.05952000 -0.04611045
v 0.01193022 -0.05952000 -0.04533750
v 0.01753855 -0.05952000 -0.07277849
v 0.01699574 -0.05952000 -0.06532888
v 0.01725086 -0.05952000 -0.06883672
v 0.01619206 -0.05952000 -0.06715482
v 0.01436500 -0.05952000 -0.06685793
v 0.01532690 -0.05952000 -0.06499343
v 0.01294447 -0.05952000 -0.06982301
v 0.01146976 -0.05951999 -0.07109629
v 0.01100110 -0.05952000 -0.06827804
v 0.01299381 -0.05952000 -0.06810509
v 0.01428762 -0.05952000 -0.07109644
v 0.01339372 -0.05952000 -0.07269802
v 0.01338104 -0.05952000 -0.06527288
v 0.01523093 -0.05951999 -0.07302856
v 0.01625449 -0.05952000 -0.07084877
v 0.01184867 -0.05952000 -0.06650428
v 0.01481609 -0.05952000 -0.09224927
v 0.01550237 -0.05952000 -0.09408948
v 0.01343124 -0.05952000 -0.09374914
v 0.01674051 -0.05952000 -0.09136865
v 0.01323463 -0.05952000 -0.09128234
v 0.01659478 -0.05952000 -0.09506007
v 0.01152796 -0.05952000 -0.09211233
v 0.01279946 -0.05952000 -0.08961362
v 0.01717681 -0.05952000 -0.08970475
v 0.01698396 -0.05952000 -0.08633120
v 0.01410658 -0.05952000 -0.08795220
v 0.01478183 -0.05952000 -0.08597382
v 0.01621356 -0.05952000 -0.08812411
v 0.01257013 -0.05951999 -0.08671740
v 0.01095328 -0.05951999 -0.08930085
v 0.02316355 -0.05952000 0.01403025
v 0.02369703 -0.05952000 0.01310038
v 0.02390601 -0.05952000 0.01503007
v 0.02530181 -0.05952000 0.01445481
v 0.03331352 -0.05951998 0.00839935
v 0.02480714 -0.05952000 0.01306776
v 0.03045925 -0.05951953 0.01595482
v 0.03430466 -0.05952008 -0.00183060
v 0.02734115 -0.05951923 0.02086026
v 0.02379981 -0.05951972 0.02482130
v 0.01944922 -0.05951994 0.02830041
v -0.02038516 -0.05952000 0.02758506
v -0.01978066 -0.05952000 0.02802170
v -0.02433145 -0.05952000 0.02417582
v -0.02380013 -0.05952000 0.02469906
v -0.02325757 -0.05952000 0.02521062
v -0.02270401 -0.05952000 0.02571027
v -0.02213972 -0.05952000 0.02619776
v -0.02726944 -0.05952000 0.02080548
v -0.02681070 -0.05952000 0.02139338
v -0.02633928 -0.05952000 0.02197117
v -0.02585542 -0.05952000 0.02253857
v -0.02535934 -0.05952000 0.02309533
v -0.02485127 -0.05952000 0.02364116
v -0.02156497 -0.05952000 0.02667287
v -0.02098002 -0.05952000 0.02713537
v -0.02897344 -0.05952000 0.01835838
v -0.02856749 -0.05952000 0.01898390
v -0.02814804 -0.05952000 0.01960045
v -0.02771529 -0.05952000 0.02020773
v 0.01404374 -0.05557024 -0.04602232
v 0.01709764 -0.05557024 -0.04846618
v 0.01692132 -0.05557024 -0.04896154
v 0.02008644 -0.05557024 -0.05850000
v 0.01589925 -0.05557024 -0.04604854
v 0.01539637 -0.05557024 -0.04588116
v 0.01671380 -0.05557024 -0.04670399
v 0.01697768 -0.05557024 -0.04715977
v 0.01712282 -0.05557024 -0.04766585
v 0.01714898 -0.05557024 -0.04806621
v 0.01663184 -0.05557024 -0.04940290
v 0.01613183 -0.05557024 -0.04982797
v 0.01577658 -0.05557024 -0.05000289
v 0.01539481 -0.05557024 -0.05011638
v 0.01400288 -0.05557182 -0.05849204
v 0.01634698 -0.05557024 -0.04632600
v 0.01290891 -0.05557201 -0.05538098
v 0.01460494 -0.05557024 -0.05011339
v 0.01423333 -0.05557024 -0.05000974
v 0.01253553 -0.05557024 -0.05496447
v 0.01364253 -0.05557024 -0.04968048
v 0.01092794 -0.05557398 -0.05386188
v 0.01320610 -0.05557024 -0.04681037
v 0.00800010 -0.05557086 -0.05349874
v 0.01274613 -0.05557024 -0.04811456
v 0.01468497 -0.05557024 -0.06680836
v 0.01614178 -0.05557024 -0.06715438
v 0.01374551 -0.05557024 -0.07084877
v 0.01278863 -0.05557024 -0.06911146
v 0.01331693 -0.05557024 -0.06761142
v 0.01068381 -0.05557056 -0.06336202
v 0.01719444 -0.05557024 -0.06847325
v 0.01669534 -0.05557024 -0.07039697
v 0.02023126 -0.05557030 -0.07608447
v 0.01537058 -0.05557024 -0.07115159
v 0.01343349 -0.05557040 -0.06098093
v 0.01531842 -0.05557024 -0.09221140
v 0.01676536 -0.05557024 -0.09128234
v 0.01720054 -0.05557024 -0.08961362
v 0.01344088 -0.05557024 -0.09157217
v 0.01481832 -0.05557024 -0.08777320
v 0.01635993 -0.05557024 -0.08830867
v 0.00902039 -0.05557030 -0.09349126
v 0.01047198 -0.05557033 -0.08950812
v 0.01279170 -0.05557024 -0.08983887
v 0.01344137 -0.05557024 -0.08848982
v 0.00623699 -0.05557033 -0.09656029
v 0.00990119 -0.05557050 -0.08412886
v -0.00058350 -0.05557024 -0.10258444
v -0.00796415 -0.05557014 -0.08031755
v -0.01558197 -0.05557024 -0.08786368
v -0.01409368 -0.05557024 -0.08802805
v -0.01296016 -0.05557024 -0.08908855
v -0.01317224 -0.05557024 -0.09132376
v -0.01058142 -0.05557046 -0.08909509
v -0.00969900 -0.05557041 -0.08368430
v -0.00838889 -0.05557036 -0.09446565
v -0.01495786 -0.05557024 -0.09219634
v -0.01873136 -0.05557024 -0.07950000
v -0.01655912 -0.05557024 -0.09157217
v -0.01716092 -0.05557024 -0.09020108
v -0.01692316 -0.05557024 -0.08893834
v -0.00800000 -0.05557024 -0.05850000
v -0.01314584 -0.05557024 -0.04917804
v -0.01468157 -0.05557024 -0.05021140
v -0.01504510 -0.05557024 -0.04574368
v -0.01327268 -0.05557024 -0.04664278
v -0.01622244 -0.05557024 -0.04979270
v -0.01717258 -0.05557024 -0.04852111
v -0.01677812 -0.05557024 -0.04671005
v -0.01283080 -0.05557024 -0.04793233
v -0.01389024 -0.05557024 -0.06713545
v -0.01300382 -0.05557024 -0.06808274
v -0.01302342 -0.05557024 -0.07008911
v -0.01482048 -0.05557024 -0.07120688
v -0.01531503 -0.05557024 -0.06680836
v -0.01644852 -0.05557024 -0.07065151
v -0.01721137 -0.05557024 -0.06911146
v -0.01668307 -0.05557024 -0.06761142
v -0.00390545 -0.05557062 -0.09794902
v 0.00074721 -0.05557024 -0.10434068
v -0.00058913 -0.05557024 -0.10439232
v -0.00105494 -0.05557024 -0.10352793
v 0.00084069 -0.05557024 -0.10275279
v 0.00190744 -0.05557031 -0.09840661
v 0.01879932 -0.06251966 -0.04264730
v 0.01879772 -0.06252135 0.00126184
v -0.01833569 -0.06252001 0.00424228
v -0.01701625 -0.06252283 0.00810154
v -0.01438356 -0.06252554 0.01218043
v -0.01186377 -0.06252001 0.01460977
v -0.00870592 -0.06252408 0.01669919
v -0.00574141 -0.06252002 0.01792291
v -0.00271310 -0.06252001 0.01862347
v 0.00038923 -0.06252001 0.01881604
v 0.00348094 -0.06252001 0.01849534
v 0.00675601 -0.06251871 0.01757950
v 0.00979510 -0.06252265 0.01605881
v 0.01209800 -0.06251871 0.01443331
v 0.01480245 -0.06251871 0.01164343
v 0.01717975 -0.06252283 0.00774882
v 0.01828148 -0.06252265 0.00442911
v -0.01879489 -0.06252331 -0.08470179
v -0.01879711 -0.06251778 -0.07427947
v 0.01013511 -0.06351996 -0.05356389
v 0.00796160 -0.06348225 -0.05396022
v 0.00800185 -0.06351999 -0.03807832
v 0.01404563 -0.06351993 -0.05909900
v 0.01332155 -0.06351960 -0.05568751
v 0.01771975 -0.06352460 -0.05287730
v 0.01461081 -0.06351991 -0.08490844
v 0.01771899 -0.06352542 -0.07387801
v 0.01775030 -0.06353006 -0.08508778
v 0.01190476 -0.06351940 -0.06280214
v 0.01117346 -0.06351762 -0.06548388
v 0.01779700 -0.06351996 -0.06356755
v 0.01522635 -0.06351983 -0.05304495
v 0.01251606 -0.06351962 -0.05243250
v 0.01708278 -0.06352910 -0.06424730
v 0.01050424 -0.06351747 -0.08756371
v 0.00969911 -0.06351994 -0.08368426
v 0.01070715 -0.06351992 -0.05062923
v 0.01009010 -0.06351992 -0.01553850
v 0.00613641 -0.06351995 -0.01323833
v 0.00990991 -0.06351998 -0.01065451
v 0.01136006 -0.06351966 -0.07260165
v 0.01477335 -0.06351984 -0.07410376
v 0.00998969 -0.06351254 -0.04778100
v 0.01775265 -0.06352000 0.00302575
v 0.01355330 -0.06351958 -0.01711114
v 0.01286903 -0.06351583 -0.00676285
v 0.00995981 -0.06351654 -0.06935944
v 0.01184227 -0.06351801 -0.08610700
v 0.01589789 -0.06350058 -0.06398328
v 0.01389904 -0.06351961 -0.01974224
v 0.01406484 -0.06351985 -0.04291924
v -0.01213006 -0.06351972 -0.01584908
v -0.01079704 -0.06351990 -0.00985135
v -0.00843766 -0.06351990 -0.01619393
v 0.01002078 -0.06351606 -0.04743449
v 0.01778970 -0.06352232 -0.04298798
v -0.00580292 -0.06351996 -0.01337440
v -0.01334103 -0.06351997 -0.00578732
v 0.01083550 -0.06351981 -0.04508187
v 0.01030492 -0.06352004 0.01458923
v 0.00662856 -0.06351997 0.01296338
v 0.00673777 -0.06352001 0.01650850
v 0.00127472 -0.06351988 0.01458860
v 0.00143428 -0.06352011 0.01784397
v -0.00824276 -0.06352001 0.01581092
v -0.00581296 -0.06351983 0.01347938
v -0.01281978 -0.06352011 0.01249856
v -0.01777467 -0.06351996 0.00288202
v -0.01452811 -0.06351995 -0.00135122
v -0.01410652 -0.06352000 -0.01901988
v 0.01469968 -0.06352018 0.01026196
v 0.01100293 -0.06351992 0.00961981
v -0.01779224 -0.06352060 -0.04286370
v 0.01445910 -0.06351719 0.00122888
v 0.01360492 -0.06351998 0.00516055
v -0.00434262 -0.06352001 -0.01782432
v 0.00114420 -0.06352003 -0.01834721
v 0.00035725 -0.06351991 -0.01462820
v 0.00670378 -0.06352001 -0.01708445
v -0.00447274 -0.06352004 0.01729253
v -0.01121963 -0.06351996 0.00929326
v -0.01569519 -0.06352002 0.00849241
v -0.01388656 -0.06351993 0.00451286
v 0.01443987 -0.06351995 -0.00179888
v -0.01498132 -0.06351984 -0.04287690
v 0.01309077 -0.06351692 -0.00627882
v -0.01097524 -0.06351969 -0.04478908
v -0.01687106 -0.06352057 -0.07372427
v -0.01636901 -0.06351852 -0.07381316
v -0.01541352 -0.06352224 -0.08504097
v -0.01779046 -0.06352068 -0.07423705
v -0.01777814 -0.06352246 -0.08479820
v -0.01277201 -0.06351971 -0.08530802
v -0.00968032 -0.06351968 -0.08364969
v -0.00799946 -0.06352003 -0.08083904
v -0.01417884 -0.06351998 -0.07395860
v -0.01179706 -0.06351982 -0.07295939
v -0.01026009 -0.06351998 -0.07069566
v -0.00990936 -0.06351995 -0.04826449
v -0.01444255 -0.06351991 -0.05307914
v -0.01771899 -0.06352542 -0.06412200
v -0.01775031 -0.06353005 -0.05291233
v -0.00995674 -0.06351961 -0.06827858
v -0.01124083 -0.06351990 -0.05146167
v -0.01145065 -0.06351985 -0.06536315
v -0.01477334 -0.06351987 -0.06389622
v -0.00800072 -0.06351999 -0.03807916
v -0.01769340 -0.05551801 0.00996386
v -0.02318065 -0.05551999 0.01371866
v -0.02422393 -0.05551999 0.01291468
v -0.01979910 -0.05550393 0.00270619
v -0.02530674 -0.05551999 0.01368424
v -0.03278937 -0.05551999 0.00390056
v -0.03301952 -0.05551999 -0.00026065
v -0.02063971 -0.05551999 0.02579129
v -0.02426346 -0.05551999 0.02241893
v -0.02474339 -0.05551999 0.01498714
v -0.01325161 -0.05552899 -0.01555531
v -0.01820872 -0.05551651 -0.00890231
v -0.01533048 -0.05552432 -0.01881190
v -0.03092557 -0.05551999 0.01161023
v -0.03220893 -0.05551999 0.00723713
v 0.02506982 -0.05551999 0.01328817
v 0.03092557 -0.05551999 0.01161023
v 0.02520507 -0.05551999 0.01447821
v 0.02902110 -0.05551999 0.01575223
v -0.02073321 -0.05551999 -0.02570002
v -0.01820050 -0.05551999 -0.02753204
v -0.01495051 -0.05551999 -0.02945625
v -0.02902110 -0.05551999 0.01575223
v -0.02695030 -0.05551999 0.01906496
v 0.03220893 -0.05551999 0.00723713
v 0.01900935 -0.05550957 0.00632612
v 0.02413152 -0.05551999 0.01295061
v 0.02323934 -0.05551999 0.01360043
v 0.02695030 -0.05551999 0.01906496
v 0.02421846 -0.05551999 0.01508516
v 0.02426346 -0.05551999 0.02241893
v -0.02586287 -0.05551999 -0.02052970
v -0.02361760 -0.05551999 -0.02306513
v -0.02973432 -0.05551999 -0.01436062
v -0.02809948 -0.05551999 -0.01732659
v -0.03281060 -0.05551999 -0.00364087
v -0.03231917 -0.05551999 -0.00672778
v -0.03130635 -0.05551999 -0.01050092
v 0.03278937 -0.05551999 0.00390056
v 0.03301952 -0.05551999 -0.00026065
v 0.01733091 -0.05551999 -0.02810688
v 0.02073321 -0.05551999 -0.02570002
v 0.01460917 -0.05550897 0.01351905
v -0.01377608 -0.05551999 0.03002346
v -0.02362252 -0.05551999 0.01485020
v -0.00925748 -0.05551999 0.03169630
v 0.02063971 -0.05551999 0.02579129
v 0.02586287 -0.05551999 -0.02052970
v 0.02809948 -0.05551999 -0.01732659
v 0.02361760 -0.05551999 -0.02306513
v -0.01754750 -0.05551999 0.02796206
v 0.03231917 -0.05551999 -0.00672778
v 0.03281060 -0.05551999 -0.00364087
v 0.02973432 -0.05551999 -0.01436062
v 0.03130635 -0.05551999 -0.01050092
v 0.02339268 -0.05551999 0.01459801
v 0.00925748 -0.05551999 0.03169630
v 0.00519129 -0.05551999 0.03260993
v 0.01754750 -0.05551999 0.02796206
v 0.01377608 -0.05551999 0.03002346
v -0.00104241 -0.05551999 0.03300409
v -0.00519129 -0.05551999 0.03260993
v -0.01304088 -0.05550186 0.01516165
v -0.01147074 -0.05553291 -0.03094968
v -0.01975060 -0.05551082 -0.00425220
v 0.01513491 -0.05552915 -0.01896733
v 0.01525861 -0.05548130 -0.01295619
v 0.01274761 -0.05577318 -0.01599790
v 0.01825446 -0.05551597 -0.00865000
v 0.00849431 -0.05548618 0.01810037
v 0.00495753 -0.05551879 0.01957974
v -0.00831941 -0.05551397 0.01828264
v 0.02000810 -0.05549894 -0.00043856
v 0.00208275 -0.05551999 0.03293833
v 0.01125281 -0.05554017 -0.03105039
v 0.01458761 -0.05551999 -0.02960528
v -0.00045958 -0.05551598 0.02006388
v 0.00994288 -0.04651868 -0.03148624
v 0.01439829 -0.04652269 -0.02973838
v 0.01002078 -0.05187861 -0.03147757
v 0.01842710 -0.04651999 -0.02740196
v 0.02173187 -0.04651999 -0.02486264
v 0.02508524 -0.04652036 -0.02149334
v 0.02785216 -0.04652147 -0.01774766
v 0.02975245 -0.04651915 -0.01429708
v 0.03110866 -0.04652184 -0.01108744
v 0.03236921 -0.04651780 -0.00657136
v 0.03292906 -0.04652139 -0.00234339
v 0.03300343 -0.04652184 0.00120555
v 0.03267256 -0.04651999 0.00467365
v 0.03198240 -0.04651880 0.00825429
v 0.03059476 -0.04652124 0.01242570
v 0.02875699 -0.04652220 0.01623907
v 0.02580370 -0.04652005 0.02064944
v 0.02233855 -0.04651999 0.02431973
v 0.01922795 -0.04651798 0.02684229
v 0.01597695 -0.04652139 0.02888859
v 0.01254826 -0.04652255 0.03054895
v 0.00869251 -0.04651869 0.03185324
v 0.00477315 -0.04652184 0.03267870
v 0.00022773 -0.04651744 0.03302936
v -0.00457991 -0.04652184 0.03270634
v -0.00856702 -0.04651798 0.03188775
v -0.01285539 -0.04652157 0.03043703
v -0.01767083 -0.04652001 0.02791176
v -0.02141248 -0.04651999 0.02514033
v -0.02530770 -0.04652005 0.02125443
v -0.02813941 -0.04651798 0.01727415
v -0.03016063 -0.04652124 0.01344523
v -0.03170587 -0.04652176 0.00929350
v -0.03264844 -0.04651915 0.00486767
v -0.03303929 -0.04652379 0.00035964
v -0.03275859 -0.04652001 -0.00415928
v -0.03213341 -0.04651915 -0.00755373
v -0.03117366 -0.04652184 -0.01090336
v -0.02930857 -0.04652001 -0.01524129
v -0.02665368 -0.04652001 -0.01949376
v -0.02358823 -0.04652003 -0.02312684
v -0.02011959 -0.04652001 -0.02618449
v -0.01666115 -0.04652001 -0.02851019
v -0.01335344 -0.04652013 -0.03019547
v -0.00950931 -0.04651531 -0.03162764
v -0.01037507 -0.05598705 -0.03132515
v -0.01015594 -0.05182757 -0.03140796
v -0.00774327 -0.05181877 -0.03209987
v -0.00551246 -0.04651906 -0.03255507
v -0.00334694 -0.05186973 -0.03285477
v -0.00188841 -0.04652247 -0.03296107
v 0.00074247 -0.05171593 -0.03302395
v 0.00182375 -0.04652009 -0.03297109
v 0.00546572 -0.05166595 -0.03256560
v 0.00596225 -0.04652013 -0.03247873
v 0.00499656 -0.05055402 -0.01421434
v 0.00352251 -0.05052017 -0.01211318
v -0.00553034 -0.05053445 -0.01428093
v -0.00227104 -0.05052017 -0.01240955
v -0.00633757 -0.05052472 0.01352117
v -0.00326883 -0.05052017 0.01219208
v 0.00082258 -0.05051218 0.01437894
v 0.00178047 -0.05052002 0.01241635
v 0.00719810 -0.05053994 0.01323141
v 0.00777544 -0.05052053 0.01006438
v 0.01149598 -0.05052013 0.00516373
v 0.01342972 -0.05053627 0.00651527
v 0.01474394 -0.05053417 0.00146465
v 0.01253419 -0.05052003 0.00065598
v 0.01044906 -0.05053172 -0.01068953
v 0.00888002 -0.05052025 -0.00899790
v -0.00771160 -0.05052013 -0.00996812
v -0.01362847 -0.05052517 0.00552744
v -0.01119733 -0.05052037 0.00594806
v 0.01427924 -0.05054035 -0.00461147
v 0.01192288 -0.05052010 -0.00404646
v -0.00761857 -0.05052006 0.00999758
v -0.01485525 -0.05056264 -0.00291053
v -0.01259847 -0.05052026 -0.00105736
v -0.01214239 -0.05050289 -0.00781636
v -0.01096922 -0.05052004 -0.00612207
v 0.00888124 -0.05607149 -0.08333099
v 0.00876361 -0.06301887 -0.08314949
v 0.00981716 -0.06301640 -0.08584318
v 0.00991048 -0.05607122 -0.08633988
v 0.01001290 -0.06301769 -0.08841370
v 0.00992852 -0.05607149 -0.08944933
v -0.00750550 -0.06301374 -0.08125520
v -0.00750491 -0.05606786 -0.08111487
v -0.00878532 -0.06301998 -0.08317843
v -0.00945599 -0.05607230 -0.08464237
v -0.00973828 -0.06301804 -0.08555169
v -0.01005364 -0.05607095 -0.08773882
v -0.01000227 -0.06301922 -0.08880669
v -0.00954770 -0.05607052 -0.09110779
v -0.00941310 -0.06302057 -0.09145841
v -0.00791502 -0.06301919 -0.09421941
v -0.00845113 -0.05606987 -0.09337682
v -0.00690403 -0.05607163 -0.09527208
v -0.00498688 -0.06301929 -0.09673356
v -0.00427759 -0.05607105 -0.09711213
v -0.00213256 -0.06301998 -0.09779191
v -0.00064617 -0.05607122 -0.09802777
v 0.00064617 -0.06301901 -0.09802777
v 0.00213256 -0.05607025 -0.09779191
v 0.00427759 -0.06301919 -0.09711213
v 0.00498688 -0.05607095 -0.09673356
v 0.00690403 -0.06301861 -0.09527208
v 0.00738143 -0.05607007 -0.09478689
v 0.00837354 -0.06301887 -0.09349655
v 0.00902360 -0.05607052 -0.09240359
v 0.00954771 -0.06302486 -0.09110775
v -0.00987613 -0.05564474 -0.01612389
v -0.00973248 -0.06301816 -0.01616921
v -0.00716860 -0.05552131 -0.01739679
v -0.00741645 -0.06301960 -0.01728716
v -0.00474235 -0.06302138 -0.01822522
v -0.00487125 -0.05554923 -0.01817262
v -0.00180461 -0.05553068 -0.01873126
v -0.00117261 -0.06301937 -0.01878438
v 0.00099141 -0.05551651 -0.01877896
v 0.00175642 -0.06301960 -0.01872871
v 0.00375471 -0.05551748 -0.01843470
v 0.00426464 -0.06302140 -0.01832929
v 0.00708385 -0.05557985 -0.01746207
v 0.00724006 -0.06301887 -0.01737315
v 0.00987246 -0.06302644 -0.01611962
v 0.00953446 -0.05554509 -0.01624317
v -0.00928593 -0.05321233 -0.03244871
v -0.00751011 -0.05351999 -0.03799406
v -0.00750120 -0.06302052 -0.03800159
v -0.00942116 -0.05701512 -0.03207454
v -0.01340058 -0.05700894 -0.01972070
v -0.01353947 -0.06301470 -0.01923014
v 0.00938697 -0.05712000 -0.03215758
v 0.01341598 -0.05707718 -0.01966780
v 0.01349273 -0.06302200 -0.01940211
v 0.00750177 -0.06302099 -0.03800245
v 0.00751017 -0.05351999 -0.03798406
v 0.00926872 -0.05332354 -0.03248063
v -0.00304549 -0.05351489 -0.03465597
v 0.00329749 -0.05351413 -0.03468166
v 0.00750001 -0.05352000 -0.04084556
v -0.00750001 -0.05351999 -0.04084588
v -0.00750000 -0.05607024 -0.04084866
v 0.00750000 -0.06301999 -0.05350000
v 0.00750000 -0.05607024 -0.05350000
v 0.00750000 -0.05607024 -0.04084876
v -0.01334856 -0.05711270 -0.01835016
v -0.01267608 -0.06301910 -0.01708654
v -0.01266763 -0.05736463 -0.01709829
v -0.01162041 -0.05676700 -0.01634323
v -0.01134566 -0.06301918 -0.01626658
v 0.01097786 -0.05638289 -0.01614644
v 0.01172270 -0.06301927 -0.01640835
v 0.01256244 -0.05711707 -0.01695075
v 0.01295408 -0.06301627 -0.01744419
v 0.01338208 -0.05690345 -0.01841574
v -0.01676561 -0.06252078 -0.06527339
v -0.01389857 -0.06251528 -0.06508129
v -0.01165350 -0.06251813 -0.06665912
v -0.01096909 -0.06251973 -0.06888027
v -0.01131264 -0.06251973 -0.07063277
v -0.01233186 -0.06252173 -0.07201815
v -0.01417364 -0.06251861 -0.07297944
v -0.01661026 -0.06251517 -0.07273763
v -0.01663037 -0.06251642 -0.08622438
v -0.01378502 -0.06251911 -0.08613902
v -0.01206236 -0.06251714 -0.08723011
v -0.01096509 -0.06251231 -0.08936393
v -0.01162477 -0.06251692 -0.09234010
v -0.01377377 -0.06252194 -0.09385198
v -0.01576567 -0.06253437 -0.09417677
v 0.01399091 -0.06252224 -0.09390274
v 0.01252114 -0.06251781 -0.09317072
v 0.01127908 -0.06251667 -0.09162131
v 0.01098912 -0.06251871 -0.08966676
v 0.01154232 -0.06252294 -0.08789574
v 0.01325784 -0.06251889 -0.08632738
v 0.01535085 -0.06251945 -0.08598448
v 0.01724530 -0.06252588 -0.07267759
v 0.01407871 -0.06251634 -0.07294650
v 0.01201050 -0.06251892 -0.07175346
v 0.01105449 -0.06251973 -0.06983400
v 0.01122539 -0.06252119 -0.06740303
v 0.01314962 -0.06251861 -0.06538133
v 0.01507332 -0.06251962 -0.06497987
v 0.01706233 -0.06252983 -0.06533868
v 0.01663414 -0.06251649 -0.05177462
v 0.01390770 -0.06251717 -0.05188667
v 0.01206046 -0.06252196 -0.05079807
v 0.01106462 -0.06251717 -0.04890117
v 0.01124510 -0.06251698 -0.04633829
v 0.01311592 -0.06251942 -0.04441809
v 0.01481123 -0.06252115 -0.04398700
v 0.01697284 -0.06252062 -0.04431814
v -0.01699749 -0.06251934 -0.04432217
v -0.01389032 -0.06252119 -0.04405454
v -0.01171820 -0.06251634 -0.04562230
v -0.01093750 -0.06251892 -0.04787871
v -0.01144491 -0.06252173 -0.04989460
v -0.01269245 -0.06251913 -0.05132494
v -0.01442360 -0.06251783 -0.05198299
v -0.01721879 -0.06252821 -0.05168054
v -0.00341395 -0.05551980 -0.01363840
v -0.00705910 -0.05551990 -0.01213677
v -0.01015706 -0.05551973 -0.00973229
v -0.01322994 -0.05551882 -0.00500848
v -0.01404017 -0.05551973 0.00089964
v -0.01230165 -0.05551824 0.00703867
v -0.00746910 -0.05551964 0.01193795
v -0.00260504 -0.05551937 0.01385828
v 0.00256719 -0.05550753 0.01380678
v 0.00171412 -0.05551952 -0.01398408
v 0.00649070 -0.05551974 -0.01248110
v 0.01001604 -0.05551986 -0.00985154
v 0.01264628 -0.05551952 -0.00622905
v 0.01413022 -0.05551904 -0.00025886
v 0.01290070 -0.05551986 0.00556555
v 0.01057651 -0.05551952 0.00930786
v 0.00705910 -0.05551990 0.01213677
v -0.00959685 -0.05701999 -0.01157165
v -0.00735183 -0.05701999 -0.01308157
v -0.00673296 -0.05701999 -0.01340730
v -0.00545690 -0.05701999 -0.01397219
v -0.00480149 -0.05701999 -0.01421388
v -0.00345924 -0.05701999 -0.01459567
v -0.00277658 -0.05701999 -0.01474378
v 0.00094020 -0.05701999 -0.01505540
v 0.00547601 -0.05701999 -0.01401698
v 0.00853480 -0.05701999 -0.01234237
v 0.00909887 -0.05701999 -0.01192892
v 0.01016827 -0.05701999 -0.01103153
v 0.01115923 -0.05701999 -0.01004424
v 0.01243556 -0.05701999 -0.00838789
v 0.01281235 -0.05701999 -0.00780023
v 0.01316138 -0.05701999 -0.00719569
v 0.01348474 -0.05701999 -0.00657650
v 0.01403474 -0.05701999 -0.00529396
v 0.01427982 -0.05701999 -0.00463701
v 0.01501037 -0.05701999 -0.00104923
v 0.01459964 -0.05701999 0.00362583
v 0.00200849 -0.05701999 0.01493066
v -0.00336928 -0.05701999 0.01470363
v -0.00825716 -0.05701999 0.01257668
v -0.00881884 -0.05701999 0.01213741
v -0.00990883 -0.05701999 0.01126514
v -0.01091302 -0.05701999 0.01029535
v -0.01182273 -0.05701999 0.00923642
v -0.01263007 -0.05701999 0.00809752
v -0.01332806 -0.05701999 0.00688850
v 0.01350028 -0.05701999 0.00658418
v 0.01174836 -0.05701999 0.00940150
v 0.00904640 -0.05701999 0.01200604
v 0.00603377 -0.05701999 0.01376866
v -0.01438689 -0.05701999 0.00431132
v -0.01471048 -0.05701999 0.00294794
v -0.01498310 -0.05701999 0.00155080
v -0.01448283 -0.05701999 -0.00421861
v -0.01237556 -0.05701999 -0.00855907
v -0.00904640 -0.05551999 0.01200604
v -0.00603377 -0.05551999 0.01376866
v 0.00336928 -0.05551999 0.01470363
v -0.00200849 -0.05551999 0.01493066
v -0.00058948 -0.05551999 -0.01509619
v -0.01018759 -0.05551999 -0.01110221
v -0.00610936 -0.05551999 -0.01371495
v -0.00546085 -0.05551999 -0.01399282
v 0.00545777 -0.05551999 -0.01403946
v -0.01181895 -0.05551999 0.00934299
v 0.00856537 -0.05551999 -0.01237975
v 0.00610418 -0.05551999 -0.01370842
v -0.01467872 -0.05551999 0.00339024
v 0.00767676 -0.05551999 0.01294333
v -0.01354888 -0.05551999 -0.00658191
v -0.01166578 -0.05551999 -0.00952908
v -0.01333078 -0.05551999 0.00688959
v -0.01501214 -0.05551999 -0.00078611
v 0.01092322 -0.05551999 0.01031109
v -0.01463789 -0.05551999 -0.00328943
v 0.01114914 -0.05551999 -0.01003930
v 0.01203397 -0.05551999 -0.00895945
v 0.01243556 -0.05551999 -0.00838789
v 0.01281235 -0.05551999 -0.00780023
v 0.01316138 -0.05551999 -0.00719569
v 0.01144089 -0.05551999 0.00979796
v 0.01348191 -0.05551999 -0.00657557
v 0.01477494 -0.05551999 -0.00260562
v 0.01495317 -0.05551999 -0.00122101
v 0.01427842 -0.05551999 -0.00464229
v 0.01500592 -0.05551999 0.00017496
v 0.01332804 -0.05551999 0.00688849
v 0.01463884 -0.05551999 0.00356134
v 0.01446606 -0.05551999 -0.00396651
v 0.00703691 -0.05168820 -0.01510312
v 0.00833206 -0.05151625 -0.01431965
v 0.00508022 -0.05156406 -0.01580398
v 0.00401387 -0.05168858 -0.01619447
v -0.00040643 -0.05168642 -0.01671060
v -0.00481831 -0.05161001 -0.01591283
v -0.00829211 -0.05173166 -0.01456507
v -0.01038323 -0.05441396 -0.01496834
v -0.01266207 -0.05435454 -0.01304073
v -0.01161978 -0.05154305 -0.01180406
v -0.01494325 -0.05442350 -0.01044973
v -0.01299869 -0.05153503 -0.01025926
v -0.01365353 -0.05156653 -0.00942998
v -0.01482110 -0.05154855 -0.00742824
v -0.01703859 -0.05458713 -0.00680702
v -0.01570237 -0.05154217 -0.00529207
v -0.01807806 -0.05443887 -0.00261809
v -0.01656919 -0.05158732 -0.00132780
v -0.01818470 -0.05455688 0.00237222
v -0.01647465 -0.05154634 0.00182032
v -0.01585106 -0.05154054 0.00481509
v -0.01697475 -0.05433835 0.00655393
v -0.01473390 -0.05152731 0.00762555
v -0.01389307 -0.05153922 0.00900214
v -0.01463713 -0.05416836 0.01061320
v -0.01299129 -0.05153355 0.01026434
v -0.01195170 -0.05149540 0.01141053
v -0.01271369 -0.05431898 0.01295060
v -0.01086086 -0.05154813 0.01251259
v -0.01049132 -0.05450360 0.01497614
v -0.00879664 -0.05153159 0.01402226
v -0.00822616 -0.05420368 0.01611133
v -0.00744389 -0.05156055 0.01480875
v -0.00598843 -0.05466491 0.01737948
v -0.00602813 -0.05153431 0.01540221
v -0.00408143 -0.05152841 0.01603689
v -0.00316390 -0.05478669 0.01820057
v -0.00039187 -0.05185855 0.01682207
v -0.00006512 -0.05417383 0.01806773
v 0.00354927 -0.05432608 0.01783174
v 0.00308730 -0.05169829 0.01636377
v 0.00459611 -0.05169020 0.01600709
v 0.00605886 -0.05161753 0.01547400
v 0.00822202 -0.05439337 0.01630342
v 0.00748907 -0.05168206 0.01487255
v 0.00916197 -0.05199953 0.01412926
v 0.01255359 -0.05448518 0.01328823
v 0.01039275 -0.05133024 0.01273292
v 0.01368361 -0.05169261 0.00951666
v 0.01487499 -0.05432073 0.01041460
v 0.01475217 -0.05169120 0.00772489
v 0.01674671 -0.05467283 0.00759322
v 0.01541708 -0.05170095 0.00632610
v 0.01750766 -0.05453999 0.00531157
v 0.01802435 -0.05435862 0.00249311
v 0.01656599 -0.05169206 0.00182669
v 0.01820535 -0.05436661 -0.00012765
v 0.01656189 -0.05169440 -0.00180200
v 0.01632750 -0.05152272 -0.00280917
v 0.01751226 -0.05436510 -0.00500330
v 0.01620627 -0.05169990 -0.00385198
v 0.01658340 -0.05443222 -0.00756752
v 0.01479971 -0.05136193 -0.00721187
v 0.01397826 -0.05168320 -0.00905430
v 0.01483682 -0.05426854 -0.01041988
v 0.01307067 -0.05169246 -0.01033006
v 0.01240943 -0.05416017 -0.01318372
v 0.01168223 -0.05168738 -0.01188600
v 0.00949219 -0.05169299 -0.01367905
v 0.01139817 -0.05527623 -0.01545657
v -0.01641511 -0.05527331 -0.01018920
v -0.01272812 -0.05529695 -0.01471394
v -0.01711256 -0.05499008 0.00804810
v 0.01385840 -0.05507076 -0.01304588
v 0.01790918 -0.05504864 -0.00652694
v 0.01909063 -0.05515740 0.00060878
v 0.01644636 -0.05524695 0.01002308
v 0.00996799 -0.05500752 0.01608384
v 0.00169923 -0.05516332 0.01907759
v -0.01465446 -0.05517726 0.01228388
v -0.01886038 -0.05511454 -0.00274674
v -0.01605013 -0.05152208 -0.00381487
v -0.01649904 -0.05152149 0.00000143
v -0.01602084 -0.05143535 0.00381881
v -0.01526489 -0.05151798 0.00625568
v 0.01050712 -0.05161798 -0.01287526
v 0.01538884 -0.05169573 -0.00630417
v 0.01586603 -0.05157088 -0.00482974
v 0.01662895 -0.05168518 -0.00025935
v 0.01618192 -0.05168054 0.00384581
v 0.01557631 -0.05137164 0.00539787
v 0.01238200 -0.05168942 0.01110093
v 0.01129380 -0.05169447 0.01220782
v 0.00969128 -0.05169565 0.01351422
v 0.00880987 -0.05156833 0.01407885
v 0.00206415 -0.05169565 0.01650135
v 0.00077720 -0.05154519 0.01653702
v -0.01630177 -0.05150712 -0.00255399
v -0.00994010 -0.05133498 0.01304414
v -0.00204654 -0.05152922 0.01636411
v -0.00051420 -0.05152180 0.01648962
v -0.00455156 -0.05084179 -0.01508129
v 0.00139536 -0.05097263 -0.01588870
v 0.01120305 -0.05100138 -0.01142582
v 0.01582195 -0.05094839 0.00142146
v 0.01219810 -0.05090074 0.01008673
v 0.00285061 -0.05091795 0.01557208
v -0.01361617 -0.05084647 -0.00787482
v -0.01557419 -0.05077158 0.00083497
v -0.01377680 -0.05088162 0.00777651
v -0.00367315 -0.05082582 0.01534260
v -0.00951819 -0.05088460 -0.01267390
v -0.01121424 -0.05062903 0.01027430
v -0.00390863 -0.06252082 -0.10236523
v -0.00272518 -0.06251974 -0.10052771
v -0.00101042 -0.06251943 -0.09958123
v 0.00094896 -0.06251974 -0.09958074
v 0.00283412 -0.06251892 -0.10058736
v 0.00394139 -0.06251895 -0.10259053
v -0.01330633 -0.05620859 -0.01722504
v -0.01422188 -0.05597126 -0.01940089
v 0.00230862 -0.05265735 -0.03325248
v 0.00601557 -0.05299062 -0.03305694
v -0.00335644 -0.05285744 -0.03337364
v -0.00433522 -0.05332134 -0.03392190
v 0.01005816 -0.05625468 -0.03149252
v 0.01401494 -0.05617300 -0.01941967
v -0.00409073 -0.06252154 -0.10439010
v -0.00504322 -0.06252317 -0.10551821
v 0.00428252 -0.06252984 -0.10494149
v 0.01730055 -0.06252495 -0.08629520
v -0.01803322 -0.06252230 -0.08590715
v 0.01826599 -0.06252162 -0.04368131
v 0.01803322 -0.06252230 -0.05209286
v 0.01587050 -0.06252353 -0.09424777
v 0.01669533 -0.06252123 -0.09536995
v -0.01667798 -0.06252123 -0.09531905
v -0.01788752 -0.06252336 -0.07297283
v -0.01814391 -0.06252336 -0.06483904
v 0.01433650 -0.05949553 0.03126994
v 0.02665385 -0.05949516 0.02174660
v 0.02865152 -0.05949612 0.01903972
v 0.03136130 -0.05949553 0.01413553
v 0.03411078 -0.05949612 0.00445811
v 0.03371575 -0.05950546 -0.00669972
v 0.03401986 -0.05949277 -0.00523438
v 0.03415243 -0.05949310 -0.00412026
v 0.03437902 -0.05949698 0.00097987
v 0.03430180 -0.05949310 0.00259838
v 0.03394650 -0.05949310 0.00556783
v 0.03247080 -0.05949310 0.01135835
v 0.03189325 -0.05949700 0.01287230
v 0.02164190 -0.05948819 0.02676907
v 0.00858629 -0.05949700 0.03330392
v 0.00797510 -0.05601729 -0.05398927
v 0.00985023 -0.06302088 -0.06296594
v 0.01010264 -0.05606552 -0.06292663
v 0.01009950 -0.06301618 -0.05407263
v 0.00985022 -0.05606935 -0.05403406
v 0.01354772 -0.05607094 -0.05900990
v 0.01354772 -0.06301929 -0.05799010
v 0.01298613 -0.06301622 -0.06072952
v 0.01238274 -0.05607401 -0.06157101
v 0.01156866 -0.06302077 -0.06221890
v 0.01156866 -0.05606946 -0.05478110
v 0.01238272 -0.06301622 -0.05542897
v 0.01298614 -0.05607401 -0.05627049
v -0.00808044 -0.06589843 -0.10187861
v -0.01443184 -0.06591744 -0.09514686
v -0.00269564 -0.06592070 -0.10145687
v -0.01656439 -0.06542549 -0.09290736
v -0.01383164 -0.06573081 -0.09729920
v -0.01620585 -0.06592048 -0.08927961
v -0.01839356 -0.06473984 -0.08921286
v -0.01132730 -0.06528709 -0.10118179
v -0.01668328 -0.06455061 -0.09599045
v -0.01809212 -0.06294547 -0.09734651
v -0.01951758 -0.06296010 -0.09400696
v -0.00275118 -0.06558931 -0.10451404
v -0.00275269 -0.06297266 -0.10799812
v -0.00732396 -0.06495011 -0.10427801
v -0.00706960 -0.06296121 -0.10690948
v -0.01165368 -0.06294361 -0.10457459
v -0.01387137 -0.06460765 -0.10002130
v -0.01576652 -0.06291644 -0.10085131
v -0.02050781 -0.06292954 -0.08941368
v 0.02089039 -0.06533072 0.01574372
v 0.02187726 -0.06473381 0.01693113
v 0.01935752 -0.06507757 0.01866550
v 0.02044503 -0.06598204 0.01351038
v 0.01934984 -0.06672561 0.01079724
v 0.02385895 -0.06543108 0.01022280
v 0.02170265 -0.06598978 0.01114697
v 0.03201427 -0.06217644 -0.00912806
v 0.03291450 -0.06218635 -0.00514244
v 0.02915378 -0.06360739 -0.00814865
v 0.02222054 -0.06672016 -0.00208015
v 0.02053466 -0.06672008 -0.00882875
v 0.02440861 -0.06566881 -0.00664610
v 0.02483896 -0.06578273 0.00267289
v 0.02156476 -0.06672005 0.00593346
v 0.01500004 -0.06671986 0.01665399
v 0.00458271 -0.06672023 0.02189988
v 0.00366802 -0.06558312 0.02541463
v -0.00148762 -0.06672595 0.02220757
v 0.00609458 -0.06218096 0.03291308
v 0.00931611 -0.06399336 0.02803586
v 0.01338000 -0.06218435 0.03064839
v 0.02862370 -0.06426802 -0.00294242
v 0.02565059 -0.06441399 -0.01214075
v 0.02568624 -0.06478483 0.01050649
v 0.02912916 -0.06404147 0.00341855
v 0.03333059 -0.06222117 0.00016656
v 0.03229870 -0.06221047 0.00828170
v 0.02959757 -0.06274658 0.01274422
v 0.03045672 -0.06219318 -0.01344775
v 0.03114342 -0.06217099 0.01198738
v 0.03302878 -0.06217787 0.00445865
v 0.02356548 -0.06392421 0.01793579
v 0.00345305 -0.06364726 0.03012353
v -0.00209491 -0.06467590 0.02784344
v 0.02421501 -0.06221447 0.02299588
v 0.01765732 -0.06417772 0.02313492
v -0.00001020 -0.06219089 0.03343216
v 0.01424911 -0.06412730 0.02549966
v 0.02563320 -0.06283155 0.01914984
v 0.02618858 -0.06225556 0.02043590
v 0.01928216 -0.06217831 0.02734728
v 0.01029091 -0.06672020 0.01997363
v 0.00951803 -0.06574316 0.02331216
v 0.01917208 -0.06240261 -0.09013839
v 0.01799426 -0.06293284 -0.09272875
v 0.01783947 -0.06238478 -0.09522681
v 0.00794138 -0.06239157 -0.10527391
v 0.00932639 -0.06383572 -0.10258953
v 0.00381461 -0.06350937 -0.10532096
v 0.00520164 -0.06241122 -0.10619937
v 0.01672975 -0.06371876 -0.09361224
v 0.01504403 -0.06463392 -0.09408531
v 0.01121778 -0.06471429 -0.09930170
v 0.01552236 -0.06385958 -0.09593906
v 0.01526971 -0.06241305 -0.09950171
v 0.01780152 -0.06371195 -0.08719727
v 0.01600947 -0.06471938 -0.09032813
v 0.01243049 -0.06376402 -0.10022283
v 0.01227323 -0.06240414 -0.10259324
v 0.00670295 -0.06462641 -0.10254873
v 0.00376135 -0.06459177 -0.10355315
v 0.00341900 -0.06472038 -0.10183481
v 0.00510639 -0.05951999 -0.10625753
v 0.00997061 -0.05951997 -0.10424551
v 0.00952873 -0.05952000 0.03203027
v 0.02593789 -0.05952000 0.02096732
v 0.02375321 -0.05952001 0.02348444
v 0.01916284 -0.05951999 0.02740604
v 0.01369824 -0.05951999 0.03048994
v 0.00400344 -0.05951999 0.03320767
v -0.00079050 -0.05952000 0.03341291
v -0.00467254 -0.06218875 0.03309334
v -0.00646844 -0.05951998 0.03282463
v -0.00801491 -0.06223688 0.03243108
v -0.01152354 -0.06220534 0.03136056
v -0.01257236 -0.05951999 0.03098360
v -0.01547438 -0.06216773 0.02965584
v -0.01796070 -0.05952000 0.02819788
v -0.02043165 -0.06218050 0.02643187
v -0.02266775 -0.05952000 0.02453694
v -0.02303106 -0.06218296 0.02417122
v -0.02608958 -0.05952000 0.02082691
v -0.02590035 -0.06217286 0.02108105
v 0.01909616 -0.05952000 -0.03456920
v 0.01926340 -0.06240261 -0.03347234
v 0.01908500 -0.06241275 -0.03790737
v 0.02020369 -0.05952000 -0.03014350
v 0.02021356 -0.06236584 -0.03017050
v 0.02257822 -0.06228197 -0.02563949
v 0.02285368 -0.05951999 -0.02524910
v 0.02605836 -0.06221051 -0.02075263
v 0.02771479 -0.05951998 -0.01845439
v 0.02819748 -0.06221179 -0.01763538
v 0.03106107 -0.05952000 -0.01200133
v 0.03263642 -0.05952001 -0.00674018
v 0.03334889 -0.05952000 -0.00062540
v 0.03286485 -0.05951999 0.00573519
v 0.03110947 -0.05951999 0.01212165
v 0.02845845 -0.06201999 0.01960586
v 0.02845365 -0.06245192 0.01960333
v 0.02727100 -0.05951999 0.02126881
v 0.03001922 -0.05952000 0.01717080
v 0.03125599 -0.06201999 0.01493811
v 0.03176514 -0.05952000 0.01359622
v 0.03140196 -0.06298858 0.01440598
v 0.03119363 -0.06244372 0.01483409
v 0.03271937 -0.06296178 0.01109177
v 0.03349309 -0.05952000 0.00860166
v 0.03387094 -0.06292870 0.00680753
v 0.03434735 -0.05951999 0.00349558
v 0.03443829 -0.06292666 0.00252567
v 0.03451156 -0.05951999 -0.00079627
v 0.03445259 -0.06292930 -0.00236895
v 0.03384216 -0.05952000 -0.00696803
v 0.03344499 -0.06291858 -0.00858904
v 0.03200239 -0.05952000 -0.01288370
v 0.03184694 -0.06293252 -0.01321440
v 0.02941175 -0.05952000 -0.01799783
v 0.02981100 -0.06295195 -0.01729989
v 0.02804144 -0.06290832 -0.02003585
v 0.02470288 -0.06296515 -0.02468497
v 0.02615934 -0.05951999 -0.02264230
v 0.02294820 -0.05952000 -0.02737445
v 0.02169003 -0.06294922 -0.02971630
v 0.02122347 -0.05952001 -0.03089073
v 0.02070635 -0.06293570 -0.03241172
v 0.02029379 -0.05952000 -0.03457839
v 0.02028334 -0.06293049 -0.03606134
v -0.03104552 -0.05952000 -0.01505809
v -0.03287184 -0.06294920 -0.01052343
v -0.03080807 -0.06292590 -0.01549664
v -0.03314128 -0.05952000 -0.00956939
v -0.03410967 -0.06291959 -0.00524566
v -0.03419040 -0.05952000 -0.00483766
v -0.03451416 -0.06294880 -0.00082245
v -0.03451464 -0.05952000 0.00085970
v -0.03444085 -0.06293552 0.00251529
v -0.03388065 -0.05952000 0.00694320
v -0.03388212 -0.06295662 0.00672179
v -0.03262642 -0.06294617 0.01140439
v -0.03219243 -0.05952000 0.01259883
v -0.03141085 -0.06299090 0.01439506
v -0.03120358 -0.06201999 0.01484073
v -0.03119206 -0.06244927 0.01483315
v -0.02779545 -0.05952000 0.02057704
v -0.02852077 -0.06202140 0.01961553
v -0.03016885 -0.05952000 0.01687868
v -0.02817860 -0.06299398 0.01999646
v -0.02610740 -0.06292812 0.02270747
v -0.02461350 -0.05951999 0.02432466
v -0.02291402 -0.06294065 0.02591068
v -0.02105674 -0.05952000 0.02745809
v -0.01983316 -0.06292603 0.02835888
v -0.01739322 -0.05952000 0.02992156
v -0.01618263 -0.06294016 0.03059539
v -0.01345030 -0.05952000 0.03189523
v -0.01205960 -0.06292902 0.03244928
v -0.00929424 -0.05952000 0.03334848
v -0.00791643 -0.06293719 0.03370351
v -0.00499566 -0.05952000 0.03425966
v -0.00288109 -0.06292100 0.03453706
v -0.00025596 -0.05952000 0.03463581
v 0.00321192 -0.06296732 0.03446777
v 0.00542613 -0.05952000 0.03421338
v 0.00664454 -0.06292714 0.03398769
v 0.01078782 -0.05952000 0.03289478
v 0.01257930 -0.06292470 0.03227868
v 0.01488204 -0.05952000 0.03125123
v 0.01667033 -0.06295730 0.03033796
v 0.01872840 -0.05952000 0.02910205
v 0.02105359 -0.06292035 0.02746140
v 0.02348517 -0.05952000 0.02546105
v 0.02392616 -0.06295013 0.02498455
v 0.02653362 -0.06295526 0.02216358
v 0.02819172 -0.06298297 0.02000252
v 0.02030301 -0.05952000 -0.06868567
v 0.02029840 -0.06294328 -0.06814263
v 0.02052034 -0.05952000 -0.08869877
v 0.02051225 -0.06294059 -0.08849551
v -0.02100058 -0.05952001 -0.03149153
v -0.02074473 -0.06292110 -0.03240703
v -0.02028543 -0.05952000 -0.03527430
v -0.02028444 -0.06291862 -0.03554006
v -0.02181434 -0.06291962 -0.02948982
v -0.02332457 -0.05952000 -0.02668483
v -0.02470792 -0.06293342 -0.02466422
v -0.02859835 -0.05952000 -0.01922011
v -0.02834314 -0.06291765 -0.01958278
v 0.02015646 -0.06300067 -0.09152237
v -0.02050424 -0.05952001 -0.08929333
v -0.02030878 -0.05952000 -0.07007850
v -0.02031276 -0.06293259 -0.07007196
v 0.01974961 -0.05952000 -0.09332369
v 0.01959885 -0.06292007 -0.09378365
v 0.01821529 -0.05952000 -0.09712023
v 0.01780984 -0.06292152 -0.09790374
v 0.01598376 -0.05951999 -0.10055488
v 0.01521469 -0.06299095 -0.10140225
v 0.01295183 -0.06291783 -0.10356577
v 0.01271867 -0.05951999 -0.10374484
v 0.00864451 -0.05952000 -0.10630797
v 0.00944337 -0.06296601 -0.10587985
v 0.00397668 -0.05952000 -0.10776484
v 0.00272454 -0.06202189 -0.10805677
v 0.00322706 -0.06297081 -0.10788171
v -0.00031591 -0.05951999 -0.10817594
v -0.00274764 -0.06202000 -0.10796754
v -0.00550165 -0.05952000 -0.10744236
v 0.00546958 -0.06291942 -0.10741303
v -0.00889955 -0.05952000 -0.10611325
v -0.01263583 -0.05952000 -0.10386303
v -0.01574406 -0.05951999 -0.10079933
v -0.01768945 -0.05951999 -0.09807269
v -0.01959064 -0.05951999 -0.09381549
v 0.01799404 -0.06505045 -0.03365710
v 0.01799387 -0.06546313 -0.02985289
v 0.01864189 -0.06436113 -0.03846087
v 0.02131337 -0.06517895 -0.02260903
v 0.02133865 -0.06422900 -0.02653164
v 0.01703429 -0.06547444 -0.03924009
v 0.01592914 -0.06590188 -0.03570044
v 0.02708925 -0.06496926 -0.01323089
v 0.02030388 -0.06639906 -0.01780092
v 0.02028675 -0.06791969 -0.00984133
v 0.01726544 -0.06603808 -0.02629206
v 0.01595791 -0.06659696 -0.02272678
v 0.01380371 -0.06624754 -0.02821409
v 0.00930827 -0.06792021 0.02060405
v 0.01672364 -0.06660991 0.02033099
v 0.01576971 -0.06792375 0.01592075
v 0.02235851 -0.06792002 -0.00243356
v 0.02520647 -0.06664806 -0.00678952
v 0.02109480 -0.06689955 0.01420120
v 0.02252947 -0.06700047 0.01123279
v 0.01985462 -0.06792019 0.01070614
v 0.00948358 -0.06451697 0.02988083
v 0.01760483 -0.06478576 0.02516314
v 0.00405718 -0.06604637 0.02742558
v -0.00176044 -0.06481577 0.03063976
v 0.01307329 -0.06588903 0.02486117
v 0.00871412 -0.06634819 0.02553008
v 0.02150397 -0.06641900 0.01594005
v 0.02210999 -0.06529898 0.01947279
v -0.00001121 -0.06708483 0.02502321
v 0.00416722 -0.06792006 0.02218122
v 0.03120300 -0.06445964 -0.00321363
v 0.02918794 -0.06474868 -0.00931564
v 0.03064551 -0.06460140 0.00503195
v 0.02703025 -0.06587120 0.00767086
v 0.02762255 -0.06605172 0.00031057
v 0.02535000 -0.06604447 0.01094066
v 0.02224104 -0.06791996 0.00412495
v -0.00198880 -0.06792025 0.02258256
v -0.01853921 -0.06792030 -0.01262187
v -0.02275572 -0.06741445 -0.00745595
v -0.02171272 -0.06792058 -0.00498749
v -0.02557867 -0.06683519 -0.00113812
v -0.02227529 -0.06791992 0.00336645
v -0.02381114 -0.06704790 0.00771477
v -0.02017699 -0.06791604 0.01007292
v -0.02116272 -0.06707419 0.01327353
v -0.01533095 -0.06792016 0.01666470
v -0.01405871 -0.06685759 0.02147073
v -0.00818305 -0.06791950 0.02109639
v -0.02414313 -0.06654348 0.01056314
v -0.00386903 -0.06618695 0.02712316
v -0.00972010 -0.06428313 0.03029963
v -0.01060354 -0.06565960 0.02665882
v -0.01705403 -0.06445648 0.02639592
v -0.01903761 -0.06591956 0.02063229
v -0.02289807 -0.06476787 0.02048409
v -0.02171091 -0.06628434 0.01613357
v -0.02863258 -0.06505895 0.00894326
v -0.02687376 -0.06615384 0.00520327
v -0.03038164 -0.06484190 0.00217235
v -0.03071667 -0.06467196 -0.00295326
v -0.03050006 -0.06450503 -0.00660279
v -0.02642994 -0.06612986 -0.00728912
v -0.02574437 -0.06554671 -0.01298112
v 0.01100318 -0.06611071 -0.03173392
v 0.00752340 -0.06592499 -0.03665720
v 0.01203492 -0.06792384 -0.01866500
v 0.00825992 -0.06720966 -0.02415373
v 0.00202878 -0.06792025 -0.02225429
v -0.01917635 -0.06672314 -0.01781104
v 0.01734008 -0.06792028 -0.01406489
v 0.01612983 -0.06736758 -0.01813510
v -0.01067659 -0.06731755 -0.02254647
v -0.01321726 -0.06791975 -0.01794925
v -0.00327358 -0.06791850 -0.02205744
v 0.01210136 -0.06716567 -0.02247313
v 0.00355603 -0.06714678 -0.02562208
v 0.00291408 -0.06608740 -0.03358035
v -0.00137452 -0.06662076 -0.02890722
v -0.00995435 -0.06684666 -0.02574562
v -0.01647182 -0.06623092 -0.02543371
v -0.01183689 -0.06614449 -0.03065227
v 0.00652567 -0.06647027 -0.02930264
v -0.00587210 -0.06630293 -0.03074867
v -0.01596066 -0.06589426 -0.03388828
v -0.00857991 -0.06592378 -0.03591414
v -0.01610722 -0.06665070 -0.02220978
v 0.01589941 -0.06591930 -0.07046402
v 0.01686666 -0.06556566 -0.06775987
v 0.01837172 -0.06474400 -0.08853362
v 0.01806170 -0.06480637 -0.06811687
v 0.01661735 -0.06580634 -0.08871751
v -0.02374326 -0.06501005 -0.01906090
v -0.02231306 -0.06432083 -0.02433589
v -0.01685961 -0.06557167 -0.03717182
v -0.01808545 -0.06534962 -0.03012887
v -0.01845517 -0.06464573 -0.03414017
v -0.01999204 -0.06416203 -0.02981764
v -0.01906000 -0.06551707 -0.02620011
v -0.01845842 -0.06452347 -0.03836970
v 0.00000005 -0.06592029 -0.06572334
v -0.01571658 -0.06591996 -0.06651480
v -0.01838524 -0.06457181 -0.06948730
v -0.01687020 -0.06558092 -0.06844461
v 0.00261535 -0.06592032 -0.10156036
v 0.00044244 -0.06591962 -0.10041456
v 0.01432945 -0.06590667 -0.09562046
v 0.01010872 -0.06591641 -0.10020556
v 0.01138658 -0.06445295 -0.10256448
v 0.00326072 -0.06582849 -0.10409166
v 0.00770307 -0.06437580 -0.10492408
v 0.00749200 -0.06556550 -0.10311849
v 0.01664872 -0.06557160 -0.09180962
v 0.01592221 -0.06446684 -0.09756007
v 0.01732357 -0.06466716 -0.09417675
v 0.01252473 -0.06544223 -0.09967443
v 0.02393438 -0.05952040 0.01245184
v 0.02566997 -0.05952001 0.01050090
v 0.02550430 -0.05952015 0.01318549
v 0.02949173 -0.05952000 0.01267878
v 0.00007758 -0.05952028 -0.10200538
v -0.00125789 -0.05952000 -0.09991843
v -0.00120488 -0.05952022 -0.10258371
v 0.02204530 -0.05952000 0.01090784
v 0.02399770 -0.05952000 0.01021170
v 0.00057859 -0.05952014 -0.10488028
v 0.00113792 -0.05952026 -0.10255052
v 0.00210010 -0.05952000 -0.10033781
v -0.02299312 -0.05952026 0.01318549
v -0.02296005 -0.05952000 0.01039015
v -0.02105428 -0.05951999 0.01194043
v -0.02456304 -0.05952030 0.01245184
v -0.02545553 -0.05952001 0.01038885
v 0.00148335 -0.05952018 -0.10380222
v 0.00047177 -0.05952000 -0.09976014
v 0.00366645 -0.05952001 -0.10232510
v 0.00378955 -0.05952000 -0.10516764
v 0.02094658 -0.05952000 0.01219316
v -0.02047443 -0.05952000 0.01378181
v -0.02282906 -0.05952026 0.01447382
v -0.02976856 -0.05952000 0.01279770
v -0.02574991 -0.05952000 0.01921463
v -0.02493729 -0.05952011 0.01534816
v -0.02363543 -0.05952019 0.01534917
v -0.02192903 -0.05952000 0.01698041
v -0.02083234 -0.05951999 0.01566072
v 0.02274219 -0.05952029 0.01385155
v -0.00082325 -0.05952012 -0.10477040
v 0.02566837 -0.05952008 0.01447382
v 0.02455436 -0.05952013 0.01550272
v 0.02046948 -0.05952000 0.01364013
v 0.02321684 -0.05952017 0.01506377
v 0.02172503 -0.05952001 0.01685100
v 0.02072787 -0.05952000 0.01534718
v 0.02599042 -0.05952000 0.01939388
v -0.02578177 -0.05952011 0.01396362
v -0.00270018 -0.05952000 -0.10086975
v -0.00369433 -0.05952001 -0.10253398
v -0.00144926 -0.05952034 -0.10374720
v 0.01382921 -0.05951998 -0.10114854
v 0.01588833 -0.05951999 -0.09863287
v -0.00379870 -0.05952001 -0.10524389
v 0.01789088 -0.05951999 -0.09501640
v 0.01896338 -0.05952001 -0.09139903
v -0.03129924 -0.05952000 0.01165796
v 0.01931867 -0.05952000 -0.08836107
v 0.01909330 -0.05952000 -0.06739407
v -0.00503252 -0.05952002 -0.10618739
v -0.00838935 -0.05952001 -0.10509422
v -0.01276719 -0.05951999 -0.10217128
v -0.01593148 -0.05952000 -0.09862567
v -0.01853514 -0.05952000 -0.09334535
v -0.01930689 -0.05952001 -0.08876953
v -0.01910456 -0.05952000 -0.06885367
v -0.01909351 -0.05952000 -0.03467177
v -0.01992961 -0.05952000 -0.03091171
v -0.02162516 -0.05952000 -0.02726493
v -0.02519413 -0.05951997 -0.02195283
v -0.03304310 -0.05951999 0.00468181
v -0.03329842 -0.05951999 -0.00124284
v -0.03263599 -0.05952000 -0.00687923
v -0.03092071 -0.05951999 -0.01229870
v -0.02916544 -0.05952000 -0.01602782
v -0.02036164 -0.06672037 -0.00856927
v -0.01679204 -0.06672275 -0.01430175
v 0.01671494 -0.06672021 -0.01456016
v -0.00978674 -0.06672002 0.02021602
v -0.01652488 -0.06671944 0.01514891
v -0.01943459 -0.06672018 0.01104924
v -0.02193296 -0.06672034 0.00377608
v -0.02204765 -0.06671978 -0.00310265
v 0.00994784 -0.06673504 -0.01963187
v 0.00203724 -0.06671803 -0.02199974
v -0.00932375 -0.06671563 -0.02055038
v 0.01568018 -0.06471997 -0.07059430
v -0.00031432 -0.06472391 -0.03726051
v 0.00000005 -0.06472028 -0.06572334
v -0.01568137 -0.06472007 -0.07184562
v -0.01579978 -0.06471456 -0.03482794
v 0.01575731 -0.06471018 -0.03745276
v 0.01585133 -0.06475741 -0.03132747
v -0.02126952 -0.06605031 -0.01147733
v -0.01647500 -0.06567299 -0.02007141
v 0.02177156 -0.06461890 -0.01815387
v 0.01531980 -0.06531698 -0.02379328
v 0.01815679 -0.06487041 -0.02388678
v -0.01359617 -0.06519645 -0.02665129
v -0.01418377 -0.06571363 -0.02221509
v -0.01644074 -0.06475873 -0.02904862
v -0.01342672 -0.06486652 -0.03114861
v -0.00770016 -0.06516442 -0.02988044
v -0.00416392 -0.06486606 -0.03373170
v -0.00474581 -0.06583179 -0.02603976
v 0.00231803 -0.06537303 -0.02905115
v 0.00855986 -0.06602366 -0.02395339
v 0.01050576 -0.06541385 -0.02693417
v 0.00730316 -0.06486064 -0.03313557
v 0.01285528 -0.06501386 -0.02953241
v 0.01862843 -0.06535119 -0.01914009
v 0.01472702 -0.06603921 -0.01996200
v -0.01850956 -0.06568948 -0.01744614
v -0.02131120 -0.06459242 -0.01919812
v -0.00758696 -0.06625641 -0.02307453
v -0.00233554 -0.06472080 -0.10045937
v 0.00012948 -0.06472028 -0.09968829
v 0.00210020 -0.06472028 -0.10035460
v -0.01176779 -0.06469577 -0.09881151
v -0.00354518 -0.06472220 -0.10222314
v -0.02187159 -0.06473226 0.01692999
v -0.02069779 -0.06547355 0.01538930
v -0.02068717 -0.06426782 0.02014760
v -0.02453247 -0.06556271 0.00747253
v -0.02249493 -0.06580743 0.01064162
v -0.02486539 -0.06505607 0.01020580
v -0.02123367 -0.06603767 0.01172853
v -0.02052891 -0.06596997 0.01328469
v -0.01550545 -0.06339490 0.02667011
v -0.00608688 -0.06536834 0.02547555
v -0.01577995 -0.06562397 0.02001705
v -0.02416441 -0.06602193 0.00300612
v -0.02371879 -0.06582712 -0.00736624
v -0.03142554 -0.06217460 -0.01103805
v -0.02998590 -0.06221514 -0.01440695
v -0.02874631 -0.06378163 -0.00810133
v -0.03293686 -0.06220602 -0.00513077
v -0.03315466 -0.06217932 0.00349423
v -0.03331420 -0.06222594 -0.00005961
v -0.02935675 -0.06394820 0.00325277
v -0.03244350 -0.06223368 0.00764999
v -0.03125178 -0.06217442 0.01175260
v -0.02971279 -0.06269515 0.01280110
v -0.02508468 -0.06448033 -0.01296702
v -0.02723180 -0.06487396 -0.00253108
v -0.01605938 -0.06448220 0.02345685
v -0.01045259 -0.06468216 0.02583717
v -0.02594956 -0.06269597 0.01933365
v 0.01885011 -0.06383011 -0.02841080
v 0.01725838 -0.06414639 -0.03287245
v 0.02201731 -0.06324310 -0.02376324
v 0.01721206 -0.06396182 -0.03744383
v 0.01748683 -0.06371970 -0.05115345
v 0.01751975 -0.06371100 -0.06304812
v 0.01860714 -0.06281333 -0.04989085
v 0.01908538 -0.06239156 -0.06463730
v 0.01899036 -0.06247400 -0.04716777
v 0.01750682 -0.06371824 -0.04473760
v 0.01755314 -0.06371984 -0.07212469
v 0.01748929 -0.06371933 -0.06581551
v 0.01663765 -0.06436867 -0.07419511
v 0.01920639 -0.06242194 -0.07739935
v 0.01911430 -0.06241618 -0.06980024
v 0.01859622 -0.06283533 -0.06712548
v 0.01931460 -0.06239018 -0.08760735
v -0.01774700 -0.06370986 -0.08692392
v -0.01921575 -0.06242072 -0.07828718
v -0.01931776 -0.06238779 -0.08821663
v -0.01893717 -0.06255960 -0.06997114
v -0.01908132 -0.06242092 -0.06297110
v -0.01881843 -0.06264503 -0.06760547
v -0.01899023 -0.06247507 -0.04883221
v -0.01908614 -0.06240041 -0.03870549
v -0.01860713 -0.06281324 -0.04610882
v -0.01637070 -0.06450878 -0.03849110
v -0.01748635 -0.06371983 -0.04482190
v -0.01694212 -0.06411655 -0.06257068
v -0.01660783 -0.06439301 -0.07427134
v -0.01631531 -0.06464054 -0.08948136
v -0.01748952 -0.06371974 -0.06581107
v -0.01757986 -0.06371365 -0.07217475
v -0.01771403 -0.06355451 -0.05094839
v -0.01825928 -0.06435278 -0.02710122
v -0.02055600 -0.06239313 -0.02934214
v -0.02164111 -0.06323478 -0.02438896
v -0.02285986 -0.06228471 -0.02525733
v -0.02581869 -0.06223958 -0.02107190
v -0.02822254 -0.06218821 -0.01759640
v -0.01958379 -0.06239340 -0.03200154
v -0.01910744 -0.06240416 -0.03508513
v -0.01780673 -0.06367233 -0.03366061
v -0.01915794 -0.06243371 -0.09020340
v -0.01818329 -0.06283884 -0.09253263
v -0.01783303 -0.06238900 -0.09519607
v -0.01317136 -0.06244425 -0.10176420
v -0.01028181 -0.06238680 -0.10401898
v -0.01041015 -0.06361106 -0.10217912
v -0.01721010 -0.06368738 -0.09251136
v -0.00816296 -0.06456801 -0.10203328
v -0.01446240 -0.06465825 -0.09525694
v -0.01516705 -0.06365258 -0.09712169
v -0.00382941 -0.06354107 -0.10526495
v -0.00721225 -0.06240716 -0.10554694
v -0.00503785 -0.06246502 -0.10620222
v -0.01536497 -0.06238829 -0.09938652
v -0.00375278 -0.06467985 -0.10339201
v 0.00007943 -0.06201999 -0.10507736
v 0.00141909 -0.06201999 -0.10397432
v 0.00129957 -0.06201999 -0.10278840
v 0.00026115 -0.06201999 -0.10200926
v -0.00098294 -0.06201999 -0.10239135
v -0.00152411 -0.06201999 -0.10380906
v 0.02397957 -0.06201999 0.01246834
v 0.02554099 -0.06201999 0.01321226
v 0.02563983 -0.06201999 0.01450996
v 0.02462580 -0.06201999 0.01548600
v 0.02317593 -0.06201999 0.01504304
v 0.02276561 -0.06201999 0.01369846
v -0.02340420 -0.06201999 0.01269416
v -0.02280941 -0.06201999 0.01465023
v -0.02443854 -0.06201999 0.01550149
v -0.02580420 -0.06201999 0.01427354
v -0.02502691 -0.06201999 0.01272203
v -0.02532494 -0.06202000 0.01144919
v -0.02247025 -0.06202000 0.01614173
v -0.02344558 -0.06201999 0.01125989
v -0.02183262 -0.06201997 0.01261475
v -0.02146561 -0.06202000 0.01451179
v -0.02498525 -0.06561295 0.01129835
v -0.02289811 -0.06643049 0.01151061
v -0.02146629 -0.06656700 0.01343469
v -0.02211924 -0.06575336 0.01592175
v 0.02184107 -0.06201997 0.01260014
v 0.02521426 -0.06202000 0.01138894
v 0.02330029 -0.06202000 0.01133389
v 0.02147411 -0.06201999 0.01467452
v 0.02257775 -0.06202000 0.01620745
v 0.02227719 -0.06562271 0.01598860
v 0.02144460 -0.06639187 0.01422487
v 0.02187105 -0.06661489 0.01256694
v 0.02283670 -0.06644542 0.01160567
v 0.02470977 -0.06573535 0.01119960
v -0.00193017 -0.06201999 -0.10145266
v -0.00000000 -0.06201999 -0.10068626
v -0.00274396 -0.06202000 -0.10302893
v 0.00205220 -0.06201999 -0.10154615
v 0.00274686 -0.06201999 -0.10315622
v 0.00276956 -0.06560007 -0.10357637
v 0.00212955 -0.06545412 -0.10167757
v 0.00045061 -0.06546025 -0.10072774
v -0.00185180 -0.06544854 -0.10131440
v -0.00274338 -0.06543832 -0.10311402
v -0.01873526 -0.06372005 -0.09174657
v -0.01889543 -0.06372000 -0.08885998
v -0.01892032 -0.06372003 -0.07012395
v -0.01880262 -0.06372001 -0.06758092
v -0.01866167 -0.06372005 -0.04976140
v -0.01897962 -0.06372005 -0.04700314
v 0.01908612 -0.06372005 -0.08947089
v 0.01837150 -0.06372001 -0.09225982
v 0.01866177 -0.06372005 -0.04623853
v 0.01896629 -0.06372008 -0.04910404
v 0.01897423 -0.06372003 -0.06799349
v 0.01874244 -0.06372000 -0.07052799
v -0.03038642 0.06354368 -0.17194417
v -0.03021265 0.06500182 -0.17162830
v -0.03181610 0.06500234 -0.17395326
v -0.03237455 0.06354179 -0.17429839
v -0.03519772 0.06500535 -0.17513694
v -0.03554483 0.06353890 -0.17501006
v -0.03796546 0.06500129 -0.17405851
v -0.03785447 0.06354763 -0.17406864
v -0.03944037 0.06500181 -0.17241932
v -0.03919082 0.06354176 -0.17269534
v -0.03986310 0.06353539 -0.17099795
v -0.04003298 0.06500140 -0.17015298
v -0.03989234 0.06353735 -0.16908990
v -0.03007624 0.06353921 -0.16893852
v -0.03000560 0.06500129 -0.16943300
v -0.03073155 0.06500196 -0.16727743
v -0.03134136 0.06353911 -0.16661601
v -0.03309505 0.06500316 -0.16527128
v -0.03292122 0.06353725 -0.16546442
v -0.03494805 0.06355654 -0.16496933
v -0.03688243 0.06500535 -0.16521631
v -0.03765597 0.06354368 -0.16573021
v -0.03950372 0.06500234 -0.16765864
v -0.03933037 0.06354732 -0.16751890
v -0.03099065 0.06550217 -0.17243747
v -0.03477217 0.06550166 -0.17464007
v -0.03807879 0.06550125 -0.17340375
v -0.03972082 0.06550261 -0.16982797
v -0.03079371 0.06550183 -0.16798714
v -0.03348577 0.06550134 -0.16564997
v -0.03761051 0.06550174 -0.16613582
v -0.03342238 0.06550101 -0.17066652
v -0.03350225 0.06550101 -0.16920580
v -0.03437877 0.06550101 -0.17155710
v -0.03664602 0.06550101 -0.16952698
v -0.03647769 0.06550101 -0.17078340
v -0.03560513 0.06550101 -0.17158946
v -0.03470595 0.06550101 -0.16830632
v -0.03590073 0.06550101 -0.16859899
v -0.03358307 0.05800101 -0.17098506
v -0.03345652 0.05800101 -0.16921271
v -0.03467556 0.05800101 -0.17163368
v -0.03593348 0.05800101 -0.17145142
v -0.03671258 0.05800101 -0.16998640
v -0.03597210 0.05800101 -0.16858998
v -0.03464679 0.05800101 -0.16835685
v -0.03445517 0.06146313 -0.17501006
v -0.03689023 0.06145053 -0.17461032
v -0.03892698 0.06146054 -0.17312954
v -0.03707878 0.06146478 -0.16546442
v -0.03892034 0.06145453 -0.16685727
v -0.03983244 0.06146605 -0.16868423
v -0.03991765 0.06146954 -0.17074467
v -0.02995570 0.06146261 -0.17007361
v -0.03070385 0.06146179 -0.16747800
v -0.03234404 0.06145835 -0.16573021
v -0.03505195 0.06144548 -0.16496933
v -0.03214553 0.06145440 -0.17406864
v -0.03081350 0.06146149 -0.17270052
v -0.03001232 0.06000101 -0.17128740
v -0.03213044 0.06000101 -0.17417909
v -0.03433207 0.06000101 -0.17498194
v -0.03659977 0.06000101 -0.17480357
v -0.03912187 0.06000101 -0.17300065
v -0.04002981 0.06000101 -0.17032410
v -0.03049204 0.06000101 -0.16766629
v -0.03274330 0.06000101 -0.16543683
v -0.03651517 0.06000101 -0.16507673
v -0.03947276 0.06000101 -0.16755293
v -0.04109727 0.06000101 -0.17056338
v -0.04047330 0.06000101 -0.16747729
v -0.02896004 0.06000101 -0.17005086
v -0.02969901 0.06000101 -0.16696912
v -0.03961110 0.06000101 -0.17394644
v -0.03910881 0.06000101 -0.16555010
v -0.02975063 0.06000101 -0.17311943
v -0.03191665 0.06000101 -0.16481178
v -0.03226182 0.06000101 -0.17540242
v -0.03688885 0.06000101 -0.16426790
v -0.03434147 0.06000101 -0.16397919
v -0.03482322 0.06000101 -0.17603759
v -0.03727265 0.06000101 -0.17560193
v -0.02898210 0.05800101 -0.16911122
v -0.02932473 0.05800101 -0.17206793
v -0.03112209 0.05800101 -0.17472760
v -0.03434147 0.05800101 -0.17602082
v -0.03684528 0.05800101 -0.17574155
v -0.03899572 0.05800101 -0.17455171
v -0.04064062 0.05800101 -0.17220619
v -0.04103008 0.05800101 -0.16956754
v -0.03053719 0.05800101 -0.16584401
v -0.03368554 0.05800101 -0.16406053
v -0.03677336 0.05800101 -0.16421480
v -0.03875083 0.05800101 -0.16528809
v -0.04025296 0.05800101 -0.16699670
v 0.00075023 -0.04914618 -0.22920014
v 0.00075119 -0.04915024 -0.22670019
v 0.00428234 -0.04897460 -0.22919935
v 0.00605400 -0.04880937 -0.22669654
v 0.00941357 -0.04826052 -0.22920156
v 0.01170170 -0.04776153 -0.22670388
v 0.00075428 -0.04823025 -0.22970283
v 0.00737243 -0.04804462 -0.22970058
v 0.01985186 -0.05556996 -0.07157011
v -0.01993599 -0.05557030 -0.08169273
v 0.01993594 -0.05557027 -0.09093601
v 0.01752501 -0.05557170 -0.09756640
v 0.00831125 -0.05556946 -0.10658803
v 0.00391727 -0.05557110 -0.10789678
v -0.00804308 -0.05556889 -0.10669522
v -0.01238098 -0.05556639 -0.10410149
v -0.01969847 -0.05557022 -0.09177496
v -0.01713867 -0.05553763 -0.09895661
v -0.00240483 -0.05557149 -0.10820805
v 0.01430717 -0.05556794 -0.10254261
v -0.04302735 0.05146740 -0.18099372
v 0.00134777 0.05146644 -0.21506141
v 0.01357181 0.05146684 -0.21285573
v -0.02098431 0.05146641 -0.13015251
v -0.02716667 0.05146596 -0.13406956
v -0.04004486 0.05146708 -0.18965554
v -0.02808612 0.05146631 -0.20523705
v -0.00880190 0.05146052 -0.21421881
v 0.02646504 0.05146634 -0.13360065
v 0.02007848 0.05146625 -0.12961194
v -0.04450629 0.05146741 -0.16849490
v 0.02177412 0.05146675 -0.20937821
v 0.03640225 0.05146740 -0.14428081
v -0.01554500 0.05146663 -0.12774765
v 0.04426502 0.05146501 -0.17663337
v 0.04472126 0.05146599 -0.16926715
v -0.03566219 0.05146857 -0.19677615
v -0.01596974 0.05145347 -0.21205382
v 0.04143316 0.05146426 -0.18708353
v 0.04362730 0.05146837 -0.16073012
v 0.04089982 0.05146748 -0.15230832
v -0.03221844 0.05146571 -0.13858220
v -0.00976570 0.05146703 -0.12609822
v -0.03731529 0.05146725 -0.14545092
v -0.04133069 0.05146731 -0.15321659
v 0.03277737 0.05146456 -0.20080869
v -0.04365553 0.05146677 -0.16061133
v 0.01145317 0.05146715 -0.12649846
v -0.00005750 0.05146723 -0.12509179
v 0.04927384 0.00046200 -0.22920205
v 0.04844864 0.00648758 -0.22970000
v 0.04872080 -0.00090969 -0.22970034
v 0.04895357 0.00554144 -0.22919954
v 0.04813205 0.01068290 -0.22920184
v 0.04578048 0.01665827 -0.22970122
v 0.04677599 0.01552929 -0.22920561
v 0.04485967 0.02051807 -0.22919758
v 0.04196526 0.02480560 -0.22970060
v 0.04169325 0.02636059 -0.22919831
v 0.03747001 0.03123489 -0.22970062
v 0.03611684 0.03363469 -0.22920769
v 0.03929894 0.02979442 -0.22919947
v 0.03385358 0.03515604 -0.22970022
v 0.03208841 0.03747477 -0.22919868
v 0.02955227 0.03882022 -0.22970042
v 0.02897123 0.03994898 -0.22920197
v 0.02365088 0.04266889 -0.22970074
v 0.02438892 0.04290405 -0.22920196
v 0.02000000 0.04513627 -0.22919963
v 0.01675595 0.04585783 -0.22970025
v 0.01371160 0.04743212 -0.22920322
v 0.00750045 0.04879978 -0.22919723
v 0.01077916 0.04759209 -0.22970058
v 0.00313399 0.04925539 -0.22919394
v 0.00418292 0.04865939 -0.22970024
v -0.00179107 0.04935093 -0.22920033
v -0.00312397 0.04868282 -0.22970058
v -0.01024921 0.04774315 -0.22970018
v -0.00888213 0.04859110 -0.22919776
v -0.02027960 -0.05507025 -0.04134527
v -0.02027961 -0.04861347 -0.04134527
v 0.02029335 -0.04862109 -0.04134527
v 0.02029329 -0.05507024 -0.04134527
v 0.01738313 -0.04821798 -0.04134527
v -0.00459071 -0.04718618 -0.04134527
v 0.00238915 -0.04713288 -0.04134527
v -0.01592419 -0.04804580 -0.04134527
v 0.00790236 -0.04734674 -0.04134531
v 0.01209101 -0.04764662 -0.04134527
v -0.01115659 -0.04756901 -0.04134527
v 0.04496384 -0.00747948 -0.17251338
v 0.04495690 0.03128221 -0.17223644
v 0.04471470 0.01279469 -0.17635746
v 0.04413648 0.01205867 -0.18224059
v 0.04435433 0.00329682 -0.18085255
v 0.04420677 0.02579528 -0.17945245
v 0.04399296 0.02058103 -0.18170694
v 0.04436379 -0.03856209 -0.17729905
v 0.04458813 -0.01813325 -0.17721264
v 0.04414489 -0.02424463 -0.18001090
v 0.04418429 -0.01037875 -0.18215938
v 0.04501285 -0.00353798 -0.16943128
v 0.04470278 0.03836464 -0.17519166
v 0.04487725 -0.03729941 -0.17336363
v 0.04338491 -0.02038474 -0.18594889
v 0.04618667 -0.00217173 -0.21645565
v 0.04599198 -0.00256229 -0.20957209
v 0.04619590 0.00081361 -0.21333338
v 0.04474000 0.01173089 -0.21321499
v 0.04371797 0.01506487 -0.20957422
v 0.04480427 0.01166567 -0.22369476
v 0.04049790 0.02260469 -0.21132790
v 0.04092792 0.02162015 -0.22367540
v 0.04185101 0.01983206 -0.21236676
v 0.04082138 0.02259628 -0.20416589
v 0.04207504 0.01959885 -0.20440815
v 0.04203754 0.02058751 -0.19845541
v 0.04364088 0.01657126 -0.18598796
v 0.04329996 0.02290211 -0.18535024
v 0.04353364 0.01489308 -0.18894875
v 0.04377348 0.01161125 -0.19134961
v 0.04399564 0.00781973 -0.18654904
v 0.04476225 0.00783296 -0.20018186
v 0.04436770 0.00664836 -0.19491017
v 0.04408830 0.01087308 -0.19678649
v 0.04551310 -0.00174385 -0.20285492
v 0.04476092 0.00037692 -0.19614467
v 0.04564032 0.00159460 -0.20397322
v 0.04325252 0.01582199 -0.19686358
v 0.04302835 0.01776486 -0.19218601
v 0.04275327 0.01773785 -0.20153570
v 0.04240088 0.02077071 -0.19357759
v 0.04483672 0.01030970 -0.20609449
v 0.04562091 0.00541920 -0.20649076
v 0.04563919 0.00746586 -0.21385428
v 0.04613665 0.00367010 -0.22370124
v 0.04624998 -0.00064578 -0.22370398
v 0.04610930 0.00344058 -0.21557532
v 0.04565668 0.00752438 -0.22370252
v 0.04386555 0.01315143 -0.19960269
v 0.04312382 0.01684531 -0.22370359
v 0.04211196 0.01922295 -0.22369429
v 0.04222019 -0.01879647 -0.21437015
v 0.04039903 -0.02246943 -0.21585689
v 0.04184685 -0.01983006 -0.20667896
v 0.04044429 -0.02299438 -0.20562868
v 0.04005328 -0.02450316 -0.20256934
v 0.04239067 -0.01891799 -0.19981629
v 0.04113165 -0.02274688 -0.19936618
v 0.04297101 -0.01695494 -0.20477337
v 0.04326558 -0.01630164 -0.22370309
v 0.04413116 -0.01369136 -0.21373478
v 0.04379745 -0.01398344 -0.20305710
v 0.04564992 -0.00701740 -0.21261400
v 0.04476949 -0.00954960 -0.20349729
v 0.04537532 -0.00602900 -0.20461369
v 0.04477560 -0.01092910 -0.20871402
v 0.04483762 -0.01136944 -0.22372049
v 0.04160303 -0.02012267 -0.22369860
v 0.04423099 -0.01058992 -0.19842188
v 0.04556887 -0.00792938 -0.22370490
v 0.04603801 -0.00450806 -0.22370897
v 0.04341663 -0.01702472 -0.18766490
v 0.04277017 -0.01952893 -0.19168305
v 0.04350432 -0.01425802 -0.19134921
v 0.04382535 -0.01191943 -0.18638632
v 0.04166470 -0.02262346 -0.19547975
v 0.04322542 -0.01575259 -0.19646412
v 0.04400801 -0.00767858 -0.19007044
v 0.04408889 -0.00124321 -0.18639006
v 0.04269068 0.02193534 -0.18984680
v 0.04423999 0.00035550 -0.19087340
v 0.04427544 -0.00501442 -0.19254935
v 0.04406587 0.00576205 -0.18959214
v 0.04382781 -0.01179100 -0.19430700
v 0.04245942 -0.01973529 -0.19479488
v 0.04467259 -0.00535565 -0.19708514
v -0.03243346 -0.04234014 -0.20394444
v -0.03274511 -0.04046052 -0.20435821
v -0.03520335 -0.04323962 -0.19922787
v -0.03989764 -0.02379970 -0.20784630
v -0.04124873 -0.02116810 -0.20677170
v -0.03779624 -0.02815367 -0.20590879
v -0.04075291 -0.02183375 -0.21442430
v -0.03958160 -0.02381179 -0.22368583
v -0.04209448 -0.01910802 -0.22369806
v -0.03546500 -0.02966586 -0.21878585
v -0.03719741 -0.02744877 -0.22370490
v -0.03835998 -0.02582514 -0.21573709
v -0.03325053 -0.03206836 -0.22369775
v -0.02043858 -0.04145588 -0.22084522
v -0.02352848 -0.03973600 -0.22369869
v -0.02592747 -0.03832160 -0.21969019
v -0.03170447 -0.05133678 -0.20242094
v -0.02921997 -0.05090775 -0.20505501
v -0.03250814 -0.04638116 -0.20258094
v -0.02739107 -0.05350230 -0.20581491
v -0.02626670 -0.05045651 -0.20774160
v -0.02891997 -0.04756638 -0.20642881
v -0.02483928 -0.05376435 -0.20749165
v -0.02477925 -0.04756204 -0.21020092
v -0.02205037 -0.05003267 -0.21087247
v -0.02781148 -0.04445484 -0.20899691
v -0.01675635 -0.05174456 -0.21270032
v -0.01907882 -0.04992181 -0.21256991
v -0.01941690 -0.05376402 -0.21060425
v -0.01435775 -0.04891493 -0.21497394
v -0.01631049 -0.04671119 -0.21556903
v -0.02001089 -0.04630207 -0.21410492
v -0.01371385 -0.05358928 -0.21294382
v -0.02348545 -0.04536067 -0.21242790
v -0.02108654 -0.04336170 -0.21564116
v -0.01762102 -0.04445834 -0.21681044
v -0.01545265 -0.04352086 -0.22142142
v -0.01932858 -0.04237993 -0.21865691
v -0.01459266 -0.04408016 -0.21944918
v -0.02407760 -0.04272778 -0.21387030
v -0.02695510 -0.04282403 -0.21087289
v -0.02923491 -0.04118931 -0.20929733
v -0.02407654 -0.04108708 -0.21574688
v -0.02763154 -0.04013314 -0.21244551
v -0.03189122 -0.03605160 -0.21019351
v -0.03083288 -0.03813190 -0.20959906
v -0.02869757 -0.03778420 -0.21402967
v -0.02299681 -0.04044438 -0.21856356
v -0.01759957 -0.04274753 -0.22371671
v -0.02632762 -0.03890010 -0.21628051
v -0.03088393 -0.04385808 -0.20554467
v -0.02744118 -0.03715161 -0.22370245
v -0.02942797 -0.03559500 -0.22368540
v -0.03514095 -0.03244469 -0.20712505
v -0.03706968 -0.03040414 -0.20380524
v -0.03592321 -0.03353082 -0.20308128
v -0.03396438 -0.03567263 -0.20568658
v -0.03438866 -0.03832515 -0.20260207
v -0.03160293 -0.03509616 -0.21276437
v -0.03353140 -0.03224491 -0.21485591
v -0.03459109 -0.03181116 -0.21089818
v -0.03677224 -0.02829270 -0.21342945
v -0.03811898 -0.02682561 -0.20885289
v -0.03046156 -0.03522078 -0.21649534
v -0.02887336 -0.03621928 -0.21862128
v -0.03148511 -0.03382571 -0.21998103
v -0.04359260 -0.02740891 -0.18253389
v -0.04411925 -0.03226400 -0.17920902
v -0.04282070 -0.03432721 -0.18409972
v -0.04089840 -0.03341351 -0.18998317
v -0.04184252 -0.02981919 -0.18859856
v -0.04029222 -0.02963959 -0.19382411
v -0.04190849 -0.02587476 -0.19060427
v -0.04279390 -0.02850824 -0.18566170
v -0.04068282 -0.04061755 -0.18889430
v -0.03792924 -0.03734988 -0.19580518
v -0.03931439 -0.03484074 -0.19352926
v -0.04227231 -0.03805457 -0.18511775
v -0.03644540 -0.03598772 -0.19965869
v -0.03829449 -0.03209049 -0.19790968
v -0.03933063 -0.02909295 -0.19764230
v -0.04321874 -0.02175972 -0.18641828
v -0.04433471 -0.02407490 -0.17883247
v -0.04273396 -0.01992164 -0.19152857
v -0.04160316 -0.02413557 -0.19377260
v -0.04161828 -0.02257016 -0.19630614
v -0.03947361 -0.02705411 -0.19978714
v -0.04010982 -0.02451450 -0.20206019
v -0.04152334 -0.02132023 -0.20098598
v -0.04168992 -0.05340472 -0.18688963
v -0.04220387 -0.04812860 -0.18508574
v -0.04351376 -0.05343277 -0.18153448
v -0.04381446 -0.04248040 -0.17967509
v -0.04283955 -0.04268789 -0.18313549
v -0.03990189 -0.04805127 -0.19051182
v -0.03904084 -0.04331845 -0.19232599
v -0.03207792 -0.05346312 -0.20167215
v -0.03760893 -0.04018676 -0.19563991
v -0.03676017 -0.04362361 -0.19652438
v -0.03664869 -0.04828244 -0.19630702
v -0.03406773 -0.05015241 -0.19978416
v -0.03623389 -0.05345364 -0.19671926
v -0.03977520 -0.05339941 -0.19108114
v -0.04503804 -0.05335078 -0.16979113
v -0.04464528 -0.05352703 -0.17581247
v -0.04469100 -0.04310080 -0.17498578
v -0.04430342 -0.04384238 -0.17738251
v -0.04501311 -0.02197572 -0.16942212
v -0.04496264 -0.03824911 -0.17207448
v -0.04481516 -0.01327651 -0.17502992
v -0.04440648 0.02449033 -0.17824751
v -0.04479397 0.01930636 -0.17509323
v -0.04423926 0.01494095 -0.18089673
v -0.04441897 -0.00903311 -0.17968816
v -0.04436139 0.00478838 -0.18076667
v -0.04498671 0.01951607 -0.17186341
v -0.04499485 0.03742833 -0.16952685
v -0.04610375 -0.00346116 -0.21628080
v -0.04602971 -0.00203002 -0.20956165
v -0.04573189 -0.00664645 -0.21409866
v -0.04371363 0.02339393 -0.18294147
v -0.04361326 0.01784225 -0.18543351
v -0.04408567 -0.01522466 -0.18217850
v -0.04297225 0.02258556 -0.18761225
v -0.04238635 -0.01894996 -0.19883174
v -0.04249307 -0.01825670 -0.20725296
v -0.04319209 -0.01629031 -0.20601417
v -0.04334028 -0.01607718 -0.22370620
v -0.04427188 -0.01324732 -0.21375650
v -0.04500726 -0.01070263 -0.22370037
v -0.04519490 -0.00737613 -0.20439032
v -0.04411593 -0.00970165 -0.19561706
v -0.04488653 -0.01017671 -0.20708321
v -0.04523645 -0.00950102 -0.21593887
v -0.04535069 -0.00467834 -0.20285119
v -0.04625888 0.00065868 -0.21636568
v -0.04595220 -0.00533159 -0.22369821
v -0.04624753 -0.00067927 -0.22370075
v -0.04535725 0.00500572 -0.20306483
v -0.04457129 0.00543376 -0.19619389
v -0.04520271 0.00062332 -0.19977380
v -0.04451292 0.01197096 -0.20659174
v -0.04309791 0.01655830 -0.19986171
v -0.04409681 0.01232057 -0.20058981
v -0.04227719 0.01888605 -0.21319546
v -0.04107832 0.02140476 -0.21381459
v -0.04260630 0.01821102 -0.20404550
v -0.04141171 0.02126256 -0.20421498
v -0.04557470 0.00777034 -0.21337162
v -0.04503278 0.01061667 -0.21619564
v -0.04575665 -0.00060496 -0.20498632
v -0.04594859 0.00365102 -0.20969062
v -0.04600073 0.00481792 -0.21636644
v -0.04610852 0.00407289 -0.22369856
v -0.04531690 0.00727118 -0.20558745
v -0.04506784 0.01063927 -0.22369918
v -0.04417660 0.01373876 -0.21285808
v -0.04349965 0.01586671 -0.22370711
v -0.04183462 0.01985939 -0.22369932
v -0.04415887 -0.00123498 -0.18421580
v -0.04398808 0.00938945 -0.18524158
v -0.04400636 0.00733212 -0.18781225
v -0.04430825 0.00282695 -0.19234979
v -0.04400269 0.00874832 -0.19131897
v -0.04408401 -0.00183211 -0.18781407
v -0.04426612 0.00900773 -0.19614993
v -0.04363626 0.01352894 -0.19516447
v -0.04357625 0.01407454 -0.18956411
v -0.04303147 0.01855262 -0.19076897
v -0.04267503 0.01880623 -0.19554202
v -0.04187630 0.02069935 -0.19989695
v -0.04194887 0.02285110 -0.19363956
v -0.04346444 -0.01592992 -0.18866846
v -0.04391108 -0.01210766 -0.18524344
v -0.04396969 -0.00764070 -0.18815443
v -0.04338532 -0.01530418 -0.19148903
v -0.04306396 -0.01671241 -0.19526991
v -0.04374001 -0.01292469 -0.19646798
v -0.04367294 -0.01427614 -0.20161431
v -0.04380699 -0.01107239 -0.19123296
v -0.04445199 -0.00100822 -0.19345886
v -0.04418704 -0.00602174 -0.19234812
v -0.04456850 -0.00679341 -0.19730406
v -0.01951292 0.00424980 -0.11854137
v -0.02050596 0.00319956 -0.11801328
v -0.01950430 0.00383749 -0.11924822
v -0.02050138 0.00295537 -0.12063760
v -0.01950252 0.00384102 -0.12002778
v -0.01950168 0.00429463 -0.12078607
v -0.01061248 -0.05340911 -0.12541467
v -0.00926435 -0.05376431 -0.12595247
v -0.01618649 -0.05376396 -0.12800223
v -0.01100173 -0.05441694 -0.10667687
v -0.01976520 -0.04305864 -0.12169825
v -0.01796828 -0.04612767 -0.12015882
v -0.01887762 -0.04623022 -0.12338564
v -0.02028600 -0.04431578 -0.12442709
v -0.02042592 -0.04768075 -0.12654279
v -0.02213730 -0.04487005 -0.12739010
v -0.03538630 -0.04704860 -0.14220257
v -0.03274976 -0.05334003 -0.13902932
v -0.03672856 -0.05337004 -0.14398114
v -0.02838570 -0.05055666 -0.13463619
v -0.02820365 -0.05375921 -0.13495968
v -0.01193275 -0.05272115 -0.10869156
v -0.00904041 -0.05432845 -0.10854894
v -0.00941021 -0.05321426 -0.11145985
v -0.01691507 -0.04721392 -0.11018393
v -0.01764184 -0.04558255 -0.11298726
v -0.01859591 -0.04529165 -0.10794508
v -0.01744328 -0.04748085 -0.10771213
v -0.01562157 -0.04781967 -0.11450681
v -0.01579051 -0.04810182 -0.11157325
v -0.01765621 -0.04572819 -0.11731251
v -0.01459434 -0.04897282 -0.11811662
v -0.01979442 -0.05513470 -0.09341709
v -0.01911253 -0.05021062 -0.09901247
v -0.01942758 -0.04831125 -0.09952305
v -0.02007931 -0.04919088 -0.09487808
v -0.02038948 -0.04774337 -0.09143540
v -0.02053061 -0.05178775 -0.08873969
v -0.01658518 -0.05126441 -0.10380723
v -0.01467552 -0.05053807 -0.10840793
v -0.01816228 -0.04847443 -0.10390973
v -0.01754770 -0.04812168 -0.12340485
v -0.01571670 -0.04875976 -0.12085168
v -0.01369209 -0.04952697 -0.11429759
v -0.01250065 -0.05126484 -0.11124709
v -0.01860417 -0.05215627 -0.09890822
v -0.02051220 -0.05506919 -0.08946310
v -0.01840875 -0.05520623 -0.09712327
v -0.01615749 -0.05358895 -0.10207377
v -0.01396700 -0.05290583 -0.10573136
v -0.01190354 -0.05093862 -0.11764153
v -0.01149066 -0.05132010 -0.11405653
v -0.01441125 -0.05525960 -0.10260520
v -0.01006854 -0.05206991 -0.11726135
v -0.00846809 -0.05309851 -0.11464969
v -0.01452843 -0.05108918 -0.12387133
v -0.01424992 -0.05262779 -0.12584895
v -0.01798289 -0.05168182 -0.12715830
v -0.01287001 -0.05080917 -0.12057513
v -0.01200117 -0.05215394 -0.12325432
v -0.00985786 -0.05261057 -0.12173840
v -0.03762844 -0.04074560 -0.14532070
v -0.03896107 -0.05336867 -0.14746650
v -0.02630882 -0.04754104 -0.13235277
v -0.03040710 -0.04782809 -0.13653515
v -0.02403099 -0.04593242 -0.12978050
v -0.02348265 -0.04902247 -0.12997350
v -0.02416841 -0.05170216 -0.13132901
v -0.03266624 -0.04447380 -0.13904706
v -0.02052239 -0.05124127 -0.12854472
v -0.02282558 -0.05376357 -0.13125458
v -0.01937200 -0.04960132 -0.12670419
v -0.01638141 -0.04961319 -0.12380250
v -0.02050419 0.02349001 -0.09767274
v -0.02050656 0.02760056 -0.10275772
v -0.02050413 0.03132423 -0.09709347
v -0.02050639 -0.00437550 -0.10070088
v -0.02050539 0.02052523 -0.10091248
v -0.02050540 -0.00055281 -0.09769616
v -0.02050493 -0.02556401 -0.09767988
v -0.02050341 -0.02493306 -0.10102192
v -0.02053134 -0.03048450 -0.11284998
v -0.02049492 -0.03205710 -0.09694289
v -0.02050605 0.03097176 -0.10077675
v -0.02050936 0.03586464 -0.10070898
v -0.02050544 0.03546897 -0.09621803
v -0.03645016 -0.03748948 -0.14371207
v -0.03801151 -0.00703807 -0.14590175
v -0.03632693 -0.00918275 -0.14357466
v -0.03445339 -0.03415326 -0.14134665
v -0.03371549 -0.00918293 -0.14052434
v -0.02885738 -0.00918341 -0.13512367
v -0.03016319 -0.03457876 -0.13657308
v -0.02637653 -0.03415876 -0.13224909
v -0.02556955 -0.00918377 -0.13126503
v -0.02385215 -0.02177353 -0.12906951
v -0.02238368 -0.00918415 -0.12693180
v -0.02210321 -0.03411638 -0.12647034
v -0.02135392 -0.02108753 -0.12506883
v -0.02080538 -0.00918434 -0.12369204
v -0.02069159 -0.03548324 -0.12322385
v -0.02050831 -0.01232598 -0.12200324
v -0.02049813 -0.03479106 -0.12154945
v -0.02050526 -0.02248349 -0.12125950
v -0.02050857 -0.00589638 -0.12187918
v -0.02052902 0.00103078 -0.12207932
v -0.02050338 -0.01323769 -0.12124371
v -0.02050500 0.00458686 -0.12205201
v -0.02055372 0.03632190 -0.12207016
v -0.02067310 0.03579628 -0.12319070
v -0.02135997 0.03677070 -0.12511159
v -0.02668009 0.03599102 -0.13260442
v -0.02440021 0.03721639 -0.12979886
v -0.02270182 0.03589027 -0.12741385
v -0.02868817 0.03672339 -0.13492508
v -0.03349667 0.03601028 -0.14028230
v -0.03668626 0.04006250 -0.14401957
v -0.03567979 0.03695280 -0.14279123
v -0.03788266 0.04013848 -0.14571446
v -0.03828666 0.05104746 -0.14632921
v -0.03983961 0.05109761 -0.14906301
v -0.04492499 0.05099576 -0.16745362
v -0.04499662 0.05121051 -0.17093045
v -0.04437451 0.05106199 -0.16249834
v -0.04444579 -0.05332039 -0.16289175
v -0.04473434 0.05105146 -0.16512436
v -0.04485234 -0.05332286 -0.16635434
v -0.04374655 0.05104982 -0.15945153
v -0.04376603 -0.05329656 -0.15952992
v -0.04290452 0.05099095 -0.15640029
v -0.04318347 -0.05331882 -0.15733881
v -0.04235710 -0.05329660 -0.15478721
v -0.04207421 0.05104997 -0.15403412
v -0.04115377 0.05105555 -0.15178920
v -0.04115488 -0.05329653 -0.15178384
v -0.04003467 -0.05354106 -0.14944765
v -0.00198508 0.06372295 -0.00084598
v 0.00151387 0.06374386 0.00053228
v -0.00193114 0.06350827 0.00374928
v -0.01497528 0.06111770 0.00287877
v -0.01274366 0.06187278 0.00077131
v -0.01026219 0.06241184 0.00229257
v -0.01060165 0.06231483 -0.00209799
v -0.01224038 0.06195609 -0.00049462
v -0.00637905 0.06322248 0.00030233
v -0.00563377 0.06296983 0.00532237
v -0.00526993 0.06236592 0.00931981
v -0.00959682 0.06203036 0.00735083
v -0.00841605 0.06108459 0.01288860
v -0.01346102 0.06119289 0.00674968
v -0.01359357 0.05999192 0.01268875
v -0.00458356 0.06120880 0.01423039
v -0.00674692 0.05997900 0.01739072
v -0.00009269 0.06298554 0.00774283
v -0.01056487 0.05996889 0.01528961
v -0.01802957 0.05996777 0.00461735
v -0.01863798 0.05994659 0.00013768
v -0.01767291 0.06028970 0.00061948
v 0.00239083 0.06346631 0.00387085
v -0.00050555 0.06203745 0.01206549
v -0.00110123 0.06002874 0.01854527
v -0.01617949 0.05997878 0.00917169
v 0.00528927 0.06334144 0.00092687
v 0.00785284 0.06292190 0.00209267
v 0.00882500 0.06199637 0.00838443
v 0.01084428 0.06228566 0.00289700
v 0.00474716 0.06202462 0.01120893
v 0.00477408 0.06282625 0.00708018
v 0.00385961 0.05999467 0.01824527
v 0.01351105 0.06161226 0.00142417
v 0.01699691 0.06052648 0.00078941
v 0.01739737 0.05999901 0.00663580
v 0.01213498 0.06106120 0.00967161
v 0.01444500 0.05996441 0.01177461
v 0.01218300 0.05996550 0.01405716
v 0.00759564 0.06090286 0.01402919
v 0.01853243 0.05996647 0.00212412
v 0.00866978 0.05996861 0.01643997
v -0.00008639 0.06382282 -0.06458170
v -0.00000029 0.06382448 -0.07758468
v 0.00178902 0.06372786 -0.05593079
v 0.00000019 0.06382246 -0.03808790
v -0.00000714 0.06381749 -0.04545666
v 0.00000080 0.06382005 -0.05342731
v -0.00035160 0.06380428 -0.00449680
v -0.00003965 0.06382003 -0.01284582
v -0.00000495 0.06381894 -0.02137408
v 0.00838631 0.06290917 -0.07207882
v 0.00499899 0.06342606 -0.06134124
v 0.00789676 0.06298761 -0.08734602
v 0.00293651 0.06364347 -0.08795309
v 0.01493166 0.06134648 -0.07790505
v 0.01905225 0.05998839 -0.08279657
v 0.01623194 0.06099847 -0.06775046
v 0.01312960 0.06184859 -0.08666349
v 0.01927504 0.05996009 -0.06791507
v 0.00890618 0.06279313 -0.04261326
v 0.01166991 0.06223419 -0.06342228
v 0.01899581 0.05996715 -0.04261340
v 0.01603451 0.06098657 -0.04261329
v -0.01950605 -0.02340313 -0.10170113
v -0.01950630 0.00298989 -0.10170103
v -0.01951363 0.01986647 -0.10177349
v -0.01949850 0.02073651 -0.10266560
v -0.02050594 0.02187803 -0.10306621
v -0.01950829 -0.02404013 -0.10187725
v -0.01950621 -0.02461158 -0.10249326
v -0.02050645 0.01535798 -0.10860427
v -0.01950627 0.00544794 -0.11361758
v -0.02050642 0.02111332 -0.10496397
v -0.01950676 0.02026994 -0.10434787
v -0.01950291 0.02070973 -0.10373910
v -0.01951113 -0.00606103 -0.12080488
v -0.01952327 -0.00689458 -0.12110430
v -0.01953170 -0.01114879 -0.12113240
v -0.01950202 -0.01261049 -0.12042721
v 0.02051612 -0.02396998 -0.10073434
v 0.02051673 -0.00633130 -0.10070193
v 0.01951489 -0.02368229 -0.10170478
v 0.01951665 0.00388646 -0.10170103
v 0.02051278 0.02064030 -0.10089992
v 0.01951366 0.01978649 -0.10175142
v 0.01950801 0.02056905 -0.10238193
v 0.02051171 -0.02598945 -0.10288554
v 0.01951778 -0.02461034 -0.10244409
v 0.02051326 0.02183631 -0.10419367
v 0.01951730 0.02080464 -0.10318282
v 0.01952022 0.02049610 -0.10416758
v 0.01951367 0.00574080 -0.11343458
v 0.02051566 0.01249043 -0.11039609
v 0.02051954 -0.00615185 -0.12202085
v 0.01951502 -0.02476560 -0.10361358
v 0.02051552 -0.02144382 -0.10999949
v 0.01951566 -0.01961336 -0.11082353
v 0.02051630 -0.01270496 -0.12172998
v 0.01951690 -0.01256635 -0.12046891
v 0.01952354 -0.00625084 -0.12090687
v 0.01953761 -0.01111683 -0.12113307
v 0.01953927 -0.00711141 -0.12112585
v -0.04472207 -0.05376299 -0.16778912
v -0.04387749 -0.05376475 -0.17841777
v -0.03660969 -0.05376446 -0.14404912
v -0.04291873 -0.05376109 -0.15708452
v -0.03213976 -0.05376532 -0.20096977
v -0.03837954 -0.05376557 -0.19272532
v -0.04214021 -0.05376482 -0.18469909
v -0.01157438 -0.05376428 -0.21349226
v 0.02760469 -0.05376207 -0.13447247
v 0.03194221 -0.05354681 -0.13822202
v 0.03779342 -0.05376392 -0.14580671
v 0.03582905 -0.05341541 -0.14266984
v 0.03926821 -0.05353066 -0.14798041
v 0.02871594 -0.05344845 -0.13523696
v 0.04304967 -0.05376074 -0.15785874
v 0.04412362 -0.05349411 -0.16100897
v 0.04465663 -0.05376510 -0.17145114
v 0.04193105 -0.05347224 -0.15360548
v 0.04497643 -0.05351976 -0.16808018
v 0.04083082 -0.05332991 -0.15105148
v 0.04302279 -0.05330648 -0.15674244
v 0.04469771 -0.05330156 -0.16463253
v -0.00581773 -0.05366018 -0.21467455
v -0.00160146 -0.05376436 -0.21494173
v 0.00158692 -0.05355202 -0.21508172
v 0.00541533 -0.05376437 -0.21464585
v 0.00935519 -0.05359729 -0.21410133
v 0.01562846 -0.05376421 -0.21220213
v 0.04498830 -0.05345714 -0.17126220
v 0.03192371 -0.05376378 -0.20164144
v 0.02667674 -0.05362259 -0.20630901
v 0.02346190 -0.05376423 -0.20837425
v 0.01942531 -0.05364098 -0.21066320
v 0.04404747 -0.05376470 -0.17635803
v 0.04464849 -0.05360392 -0.17555557
v 0.04387351 -0.05376468 -0.17745562
v 0.04400124 -0.05376469 -0.17662650
v 0.04292506 -0.05376458 -0.18253961
v 0.04422299 -0.05346128 -0.17825374
v 0.03801972 -0.05376505 -0.19322325
v 0.04033389 -0.05352024 -0.18997382
v 0.03774402 -0.05341110 -0.19451770
v 0.03476202 -0.05344367 -0.19863538
v 0.04295103 -0.05338776 -0.18351777
v -0.01490900 0.04647504 -0.22970039
v -0.01505903 0.04701491 -0.22919632
v -0.02079287 0.04478931 -0.22919825
v -0.02090849 0.04411098 -0.22970025
v -0.02554209 0.04159371 -0.22970027
v -0.02648417 0.04164610 -0.22920109
v -0.02987678 0.03859023 -0.22970027
v -0.03080869 0.03854848 -0.22920115
v -0.03386136 0.03513601 -0.22970028
v -0.03501164 0.03477918 -0.22920358
v -0.03744931 0.03127138 -0.22970030
v -0.03959950 0.02945263 -0.22919479
v -0.04086545 0.02659715 -0.22970061
v -0.04302309 0.02412000 -0.22920220
v -0.04474883 0.01928834 -0.22970091
v -0.04601334 0.01783087 -0.22919862
v -0.04709331 0.01253364 -0.22970068
v -0.04810099 0.01076507 -0.22920084
v -0.04824804 0.00695597 -0.22970036
v -0.04903593 0.00500031 -0.22920214
v -0.04883759 -0.00115701 -0.22970000
v -0.04923226 -0.00245081 -0.22919601
v -0.02034008 -0.04668460 -0.08526917
v -0.02042970 -0.05505884 -0.08157082
v -0.02027968 -0.04861217 -0.07134341
v -0.02029139 -0.05506037 -0.06810563
v -0.02029424 -0.04812634 -0.07845403
v 0.02032357 -0.04800431 -0.07952902
v 0.02043316 -0.05507075 -0.08011624
v 0.02029560 -0.05506861 -0.06712487
v 0.02042172 -0.04724795 -0.09166908
v 0.02049746 -0.05241996 -0.09032957
v 0.02052319 -0.05030656 -0.08713781
v 0.02035843 -0.04629152 -0.08626871
v 0.02039666 -0.04395515 -0.09043852
v 0.02029267 -0.04861332 -0.06841043
v 0.02030032 -0.04841349 -0.07527683
v 0.02051140 -0.05508313 -0.08977832
v 0.02051428 0.00280316 -0.11865780
v 0.02052849 0.00396135 -0.12205324
v 0.02051566 0.00938736 -0.11413907
v 0.02051648 0.03087094 -0.10072797
v 0.01327741 -0.05376448 -0.12692104
v 0.00483277 -0.05376498 -0.12537572
v 0.04415783 -0.05376470 -0.17552863
v 0.04382716 -0.05376467 -0.17772321
v 0.01951220 -0.05376330 -0.12945160
v 0.00190524 -0.05509856 -0.10978545
v -0.00360134 -0.05366774 -0.12180423
v 0.00200509 -0.05366825 -0.12308634
v -0.00778986 -0.05345593 -0.12340605
v -0.00666110 -0.05337184 -0.11808866
v -0.00806123 -0.05304208 -0.11953733
v 0.00030416 -0.05410038 -0.11496540
v 0.00047161 -0.05369669 -0.11913159
v -0.00273558 -0.05393075 -0.11649106
v -0.00475091 -0.05434125 -0.11228798
v -0.00608144 -0.05465969 -0.10992332
v -0.00004813 -0.05468113 -0.11172239
v -0.00499738 -0.05371270 -0.11696411
v 0.00923165 -0.05237897 -0.11728936
v 0.00651641 -0.05309030 -0.11622129
v 0.00960137 -0.05263031 -0.11327957
v 0.00633825 -0.05413237 -0.11094604
v 0.01161076 -0.05297511 -0.10920395
v 0.00735166 -0.05445532 -0.10933350
v 0.00909720 -0.05467904 -0.10764827
v 0.00438798 -0.05391882 -0.11335038
v 0.00379305 -0.05353625 -0.11689337
v 0.00970021 -0.05307129 -0.12380622
v 0.00622042 -0.05355551 -0.12424308
v 0.00473579 -0.05334593 -0.12048953
v 0.01000649 -0.05235248 -0.12024864
v -0.01911315 0.02820250 -0.09597572
v 0.02051887 0.02440183 -0.09767967
v 0.01660733 0.02838348 -0.09407530
v 0.01825180 0.03101298 -0.09528413
v 0.02052240 0.03226180 -0.09698430
v 0.01668411 0.03289466 -0.09384380
v 0.02052208 0.03668097 -0.09581066
v 0.01686229 0.04510443 -0.08579341
v 0.02050362 0.04546119 -0.08837720
v 0.01715034 0.04426626 -0.08739022
v 0.02048478 0.04719554 -0.08412421
v -0.01646134 0.04827202 -0.06682691
v -0.02050381 0.04879458 -0.07167081
v -0.02049037 0.04882293 -0.06482001
v -0.01673401 0.04585374 -0.08398111
v -0.01784515 0.04496224 -0.08664650
v -0.02050697 0.04700385 -0.08461761
v -0.02051187 0.04810548 -0.08004773
v -0.01536799 0.04663219 -0.08068268
v -0.01491875 0.04768130 -0.07556566
v -0.02050135 0.04850229 -0.07677667
v -0.01392401 0.04704565 -0.07804317
v -0.01013447 0.04730914 -0.07376061
v -0.01406983 0.04794228 -0.07120040
v -0.00889635 0.04756425 -0.06497435
v -0.01218077 0.04503721 -0.08249039
v -0.01022178 0.04581099 -0.07982425
v -0.00414279 0.04455212 -0.08048645
v -0.00693252 0.04662322 -0.07573108
v -0.00776667 0.04748091 -0.06945942
v -0.00580578 0.04714949 -0.07231300
v -0.00390797 0.04575404 -0.07792562
v 0.00808083 0.04307352 -0.08381738
v 0.00936011 0.04105280 -0.08632248
v 0.00597083 0.04145893 -0.08480007
v 0.02051570 0.04317829 -0.09153634
v 0.01685283 0.04280212 -0.08902613
v 0.00986889 0.04467354 -0.08223906
v 0.01461539 0.04570012 -0.08303204
v 0.01290758 0.04298336 -0.08626822
v 0.00929707 0.04575148 -0.07968243
v 0.00348746 0.04471963 -0.08017702
v 0.00208478 0.04330414 -0.08217013
v 0.01744470 0.04691052 -0.08191851
v 0.02042634 0.04829454 -0.07877162
v 0.00838658 0.04670259 -0.07619910
v 0.01427140 0.04740267 -0.07675900
v 0.00667020 0.04748132 -0.06828295
v -0.00153607 0.04730723 -0.06841370
v 0.00270266 0.04734030 -0.06669492
v 0.00228572 0.04697520 -0.07254016
v 0.01031648 0.04743303 -0.07277741
v 0.01193702 0.04779132 -0.06975920
v 0.00921183 0.04763851 -0.06195966
v 0.00291522 0.04614756 -0.07666098
v -0.00080580 0.04651725 -0.07493848
v 0.01596510 0.04822003 -0.07046033
v 0.01394693 0.04803186 -0.06297246
v 0.02037664 0.04870287 -0.07378715
v 0.00129821 0.04153340 -0.08396325
v 0.01654997 0.04834145 -0.05457852
v 0.02031422 0.04882995 -0.06721511
v 0.00365387 0.00042238 -0.08845144
v 0.00303410 0.02628849 -0.08834703
v 0.00535430 0.01919682 -0.08875565
v 0.00843832 0.02084321 -0.08958358
v 0.00710092 0.02655140 -0.08920017
v 0.01670272 0.02253677 -0.09397895
v 0.01478305 0.02164828 -0.09259091
v 0.01253241 0.02905913 -0.09146816
v 0.01225439 0.02167438 -0.09115393
v 0.00969166 0.02788977 -0.09010888
v 0.01045308 0.02124308 -0.09033819
v 0.01850983 0.02218334 -0.09553443
v 0.01369573 0.04064020 -0.08885369
v 0.01688876 0.04081016 -0.09090348
v 0.01461632 0.03844132 -0.09070125
v 0.01264262 0.03364815 -0.09104788
v 0.01656922 0.03593380 -0.09308816
v 0.02052470 0.04023358 -0.09405386
v -0.01445432 0.02633061 -0.09201355
v -0.01545272 0.02039659 -0.09243391
v -0.01711360 0.02205302 -0.09374320
v -0.01908205 0.02095122 -0.09574740
v -0.01661989 0.02859068 -0.09373634
v -0.01621173 0.03241891 -0.09331109
v -0.00862791 0.03052166 -0.08924171
v -0.00760665 0.02332155 -0.08892471
v -0.01121981 0.02678573 -0.09027237
v -0.01100618 0.02091471 -0.08999513
v -0.01126039 0.03176126 -0.09022856
v -0.01584917 0.03564010 -0.09234831
v -0.01363218 0.02160913 -0.09128220
v -0.01112787 0.03528607 -0.08951373
v -0.01379714 0.03194990 -0.09165353
v -0.02050343 0.04467035 -0.08983583
v -0.01751507 0.04123956 -0.09081034
v -0.02050686 0.04095253 -0.09356670
v -0.01845968 0.04400248 -0.08866662
v -0.00587152 0.03038163 -0.08847760
v -0.00431712 0.02318468 -0.08832010
v -0.00512683 0.00529457 -0.08840849
v -0.01513149 0.03813158 -0.09083840
v -0.01449815 0.04054640 -0.08907226
v -0.00254006 0.02738499 -0.08813044
v -0.00185392 0.00763178 -0.08811967
v -0.01019775 0.03845016 -0.08795442
v -0.00648179 0.03479556 -0.08790982
v -0.01382735 0.04244959 -0.08704065
v 0.00082425 0.00658899 -0.08814824
v -0.00164330 0.03164669 -0.08774269
v 0.00019627 0.02774538 -0.08807602
v -0.01035868 0.04081376 -0.08662465
v -0.01164797 0.04385198 -0.08411866
v -0.00553100 0.03675594 -0.08711139
v 0.00312066 0.03069084 -0.08813857
v 0.00815482 0.03094552 -0.08933996
v -0.02049858 0.03847328 -0.09505066
v -0.00575761 0.03912367 -0.08612474
v -0.00086163 0.03513297 -0.08709428
v -0.00642975 0.04080087 -0.08521084
v 0.00690135 0.03340169 -0.08860397
v -0.00916296 0.04251784 -0.08461768
v 0.00289803 0.03536307 -0.08732699
v -0.00635346 0.04383620 -0.08211730
v -0.00158209 0.03859688 -0.08589622
v 0.01194315 0.03656303 -0.08991458
v -0.00367429 0.04243696 -0.08326314
v 0.00667698 0.03652619 -0.08773784
v -0.00240391 0.04102384 -0.08441421
v 0.00157664 0.03899214 -0.08572940
v 0.00501257 0.03939193 -0.08605965
v 0.00940468 0.03903166 -0.08763321
v -0.01631839 -0.04808564 -0.06697565
v -0.01076058 -0.04754006 -0.06804801
v -0.00420671 -0.04717180 -0.06874774
v 0.00200050 -0.04713409 -0.06812243
v 0.00741910 -0.04731224 -0.06867468
v 0.01426795 -0.04785172 -0.06692670
v 0.03792010 -0.04664931 -0.14574713
v 0.03819974 -0.00396055 -0.14617860
v 0.03976363 0.00010108 -0.14889792
v 0.04120008 0.00010108 -0.15186299
v 0.04241576 0.00010108 -0.15492520
v 0.04340468 0.00010108 -0.15806797
v 0.04416085 0.00010108 -0.16127472
v 0.04456532 0.00010108 -0.16371246
v 0.04485055 0.00010108 -0.16616701
v 0.01117993 0.04792038 0.00622566
v 0.00828052 0.04790299 0.00981349
v 0.01349724 0.04834908 0.00996159
v 0.01604475 0.04832546 0.00172532
v 0.01270567 0.04798589 0.00170515
v -0.01413801 0.04830530 0.00764428
v -0.01277427 0.04799112 0.00125402
v -0.01579654 0.04829409 -0.00139520
v -0.00895148 0.04793597 0.00920268
v -0.01144178 0.04796334 0.00572389
v -0.00534189 0.04831273 0.01558698
v 0.00024679 0.04787875 0.01281134
v -0.00442573 0.04790244 0.01205503
v 0.00360840 0.04789617 0.01229141
v 0.00669192 0.04823244 0.01459417
v 0.01663504 0.04882874 0.01052710
v 0.01880117 0.04882380 0.00580042
v 0.01144348 0.04881876 0.01596383
v 0.00115413 0.04880913 0.01960670
v 0.00471418 0.04882415 0.01907007
v -0.01187854 0.04882820 0.01565121
v -0.00834331 0.04882861 0.01781340
v -0.01409351 0.04881447 0.01369684
v -0.01715003 0.04882966 0.00969081
v -0.01884458 0.04881423 0.00558126
v -0.01958339 0.04882331 0.00167469
v 0.01457342 0.04881950 0.01321226
v -0.00314108 0.04882180 0.01944797
v 0.01960507 0.04882288 0.00099821
v 0.00819810 0.04881528 0.01789995
v 0.01249033 0.04796417 -0.00271188
v 0.01485862 0.04821447 -0.01684681
v 0.01086814 0.04782863 -0.00674305
v -0.00794890 0.04784200 -0.01000101
v -0.00741404 0.04803805 -0.01381960
v -0.01091158 0.04793286 -0.00672643
v -0.01236977 0.04798122 -0.00317951
v -0.01943483 0.04882352 -0.00264428
v -0.01880638 0.04882382 -0.00560390
v -0.01719424 0.04877293 -0.00946668
v -0.00245203 0.04832892 -0.02258530
v -0.00681822 0.04882411 -0.02105425
v -0.00808661 0.04881136 -0.01879894
v -0.00610564 0.04881369 -0.03002606
v -0.00616705 0.04882534 -0.02343046
v -0.00617893 0.04881429 -0.04490082
v -0.00521511 0.04849844 -0.04824241
v -0.00795491 0.04883171 -0.04886339
v -0.00788784 0.04815483 -0.05401881
v -0.01307472 0.04882684 -0.05415870
v -0.01455689 0.04821048 -0.06051189
v -0.01831016 0.04883539 -0.05945646
v -0.01976247 0.04882190 -0.06195461
v 0.01997144 0.04881551 -0.03482796
v -0.01525844 0.04880338 -0.01233326
v -0.00458002 0.04770654 -0.01194992
v -0.00074459 0.04757307 -0.01276621
v -0.01000613 0.04875564 -0.01687092
v -0.01285617 0.04882527 -0.01487392
v 0.00413669 0.04753962 -0.01211437
v 0.00318265 0.04788471 -0.02036000
v 0.00707840 0.04785699 -0.02216728
v 0.00802855 0.04763741 -0.00991035
v 0.01243778 0.04804539 -0.02615816
v 0.00435856 0.04741699 -0.06085014
v 0.00479656 0.04786754 -0.04562512
v 0.00874232 0.04785865 -0.04568112
v 0.00034397 0.04761620 -0.05384411
v 0.00935650 0.04789649 -0.03018181
v 0.01242435 0.04801865 -0.04504646
v -0.00802471 0.04762033 -0.06095174
v -0.00084017 0.04819523 -0.02976201
v -0.00051788 0.04815578 -0.04387792
v 0.00001114 0.04798852 -0.04783421
v -0.00124300 0.04735505 -0.06114356
v -0.00179940 0.04807159 -0.01854857
v 0.00302104 0.04795022 -0.02874780
v 0.01792487 -0.04836356 -0.21390468
v 0.01864605 -0.04568247 -0.21524920
v 0.01394642 -0.04881316 -0.21517800
v 0.01516996 -0.04447531 -0.21820971
v 0.01344898 -0.04614769 -0.21715976
v 0.01078699 -0.05032048 -0.21530032
v -0.00809216 -0.05063594 -0.21573204
v -0.00420055 -0.05072926 -0.21621959
v -0.00977660 -0.04515191 -0.22369115
v -0.01045960 -0.04500461 -0.22089799
v -0.00612761 -0.04576709 -0.22125296
v -0.00238313 -0.04611287 -0.22369860
v -0.00190215 -0.04612966 -0.22138932
v 0.00312253 -0.04607058 -0.22368228
v 0.00542135 -0.04586236 -0.22130871
v 0.01027177 -0.04500829 -0.22367823
v 0.00199905 -0.04632284 -0.22024411
v -0.00410884 -0.04655007 -0.21951489
v -0.01156689 -0.04542867 -0.21876383
v -0.00971430 -0.04676412 -0.21788628
v -0.00637773 -0.04778266 -0.21773124
v -0.00231724 -0.04806386 -0.21796899
v 0.00056642 -0.04930628 -0.21719263
v -0.01105617 -0.04878111 -0.21603900
v 0.00610435 -0.04908320 -0.21691696
v 0.00942763 -0.04705101 -0.21770565
v 0.01650098 -0.04314187 -0.22370121
v 0.01190414 -0.04463726 -0.22104448
v 0.01650469 -0.04337424 -0.21951132
v 0.01783874 -0.04259970 -0.22120854
v 0.00180624 -0.05152946 -0.21599549
v 0.00811521 -0.04605045 -0.21929301
v 0.00324340 -0.04719073 -0.21869992
v -0.02917412 0.03599177 -0.22369803
v -0.02594353 0.03840194 -0.22369200
v -0.03021578 0.03518138 -0.22022527
v -0.02065192 0.04152351 -0.22370066
v -0.02527016 0.03889553 -0.22074628
v -0.01434060 0.04411132 -0.22369547
v -0.01996879 0.04184937 -0.22166057
v -0.00099749 0.04638026 -0.22368397
v -0.00475413 0.04615601 -0.22176039
v -0.00853802 0.04557186 -0.22369553
v 0.01450821 0.04403911 -0.22367255
v 0.01369923 0.04434591 -0.22094622
v 0.00913781 0.04546174 -0.22170718
v 0.00666519 0.04592297 -0.22369653
v 0.01980984 0.04189594 -0.22368486
v 0.01767637 0.04286028 -0.22137177
v 0.02503528 0.03903899 -0.22370887
v 0.02950150 0.03573382 -0.22369318
v 0.02731235 0.03749996 -0.21973315
v 0.03104310 0.03444909 -0.21953101
v 0.03293741 0.03257182 -0.22369839
v 0.02256078 -0.04030018 -0.22369131
v -0.00075000 -0.04814418 -0.22970000
v -0.04730714 -0.01203315 -0.22970000
v -0.04259817 -0.02389872 -0.22970000
v -0.00075100 -0.04870127 -0.22970000
v -0.01045200 -0.04760593 -0.22970000
v -0.03626025 -0.03261605 -0.22970000
v -0.02900626 -0.03914815 -0.22970000
v -0.02062276 -0.04420148 -0.22970010
v 0.04775982 -0.01011476 -0.22970000
v 0.04523469 -0.01816593 -0.22970000
v 0.03642834 -0.03243107 -0.22970000
v 0.04218546 -0.02444176 -0.22970000
v 0.03018164 -0.03824463 -0.22970000
v 0.01393991 -0.04664853 -0.22970001
v 0.02180793 -0.04359988 -0.22970007
v -0.04897709 -0.00538581 -0.22669886
v -0.04924481 0.00247058 -0.22669855
v -0.04810399 -0.01050403 -0.22670028
v -0.04652638 -0.01616644 -0.22670296
v -0.04418068 -0.02169656 -0.22669733
v -0.04132510 -0.02675880 -0.22670220
v -0.03775156 -0.03155109 -0.22669683
v -0.03433572 -0.03524356 -0.22670397
v -0.03071161 -0.03840604 -0.22669977
v -0.02654709 -0.04142158 -0.22669928
v -0.02037829 -0.04478117 -0.22670195
v -0.01411685 -0.04710191 -0.22669971
v -0.00870122 -0.04840554 -0.22669627
v -0.00077209 -0.04920982 -0.22669749
v -0.00074995 -0.04814418 -0.22570524
v -0.00587402 0.04900673 -0.22669737
v -0.01108999 0.04811414 -0.22669899
v -0.00104760 0.04936197 -0.22670421
v 0.00359643 0.04923185 -0.22670211
v 0.00884613 0.04858114 -0.22669362
v 0.01433223 0.04724131 -0.22670022
v 0.01924569 0.04545308 -0.22670110
v 0.02445330 0.04288023 -0.22669826
v 0.02945568 0.03960288 -0.22670098
v 0.03462616 0.03517585 -0.22669768
v 0.03834958 0.03102718 -0.22669670
v 0.04875460 0.00731921 -0.22670282
v 0.04922682 0.00186772 -0.22670175
v 0.04767842 0.01245841 -0.22669937
v 0.04612115 0.01747311 -0.22669925
v 0.04379623 0.02266553 -0.22670104
v 0.04125093 0.02701825 -0.22669962
v 0.00269792 -0.02323932 -0.08831329
v -0.00019149 -0.02265723 -0.08811884
v 0.01831253 -0.04723636 -0.08099495
v -0.01849441 -0.03691617 -0.09333696
v -0.02041952 -0.04122793 -0.09321613
v -0.02046585 -0.03599332 -0.09590954
v -0.01877202 -0.04388902 -0.08857789
v -0.02037443 -0.04404434 -0.09029267
v -0.01643114 -0.04758453 -0.07722338
v -0.01570264 -0.04796951 -0.07175589
v 0.01725192 -0.04769118 -0.07732588
v 0.01564668 -0.04789964 -0.07269017
v 0.01708783 -0.04348756 -0.08803215
v 0.01793703 -0.04156331 -0.09068917
v 0.02046192 -0.03861974 -0.09497781
v 0.01856814 -0.03628132 -0.09401665
v 0.02050392 -0.03127340 -0.09711041
v 0.01883811 -0.02475087 -0.09582991
v 0.01893582 -0.00951383 -0.09594055
v 0.02051948 -0.00966684 -0.09771053
v 0.01698377 -0.00951371 -0.09418698
v 0.01528181 -0.02358430 -0.09291039
v 0.01477306 -0.00951394 -0.09258647
v 0.01051870 -0.02608565 -0.09033355
v 0.01120207 -0.00470636 -0.09066196
v 0.01274344 -0.01715301 -0.09141202
v 0.00555372 -0.02298765 -0.08880128
v -0.00351327 -0.02347992 -0.08821693
v -0.00199781 -0.02032258 -0.08812887
v -0.00834186 -0.00470630 -0.08910554
v -0.00769533 -0.02089663 -0.08893590
v -0.00968010 -0.02393364 -0.08949637
v -0.01019653 -0.00951369 -0.08971059
v -0.01210230 -0.02363948 -0.09048828
v -0.01210385 -0.00711006 -0.09049559
v -0.01460703 -0.02407282 -0.09185734
v -0.01421578 -0.00711006 -0.09161773
v -0.01652144 -0.00711006 -0.09324072
v -0.01607644 -0.02669290 -0.09287069
v -0.01788222 -0.02707598 -0.09443120
v -0.01823992 -0.00951383 -0.09482355
v -0.01942879 -0.02716354 -0.09612181
v -0.01937387 -0.00951368 -0.09612407
v 0.01653131 -0.02758983 -0.09373292
v 0.00328562 -0.03243820 -0.08762372
v 0.00089626 -0.02998489 -0.08773996
v 0.00619823 -0.02858009 -0.08865836
v 0.00735491 -0.03276621 -0.08846562
v 0.02051680 -0.02461544 -0.09767161
v 0.01844957 -0.03216964 -0.09493250
v 0.01881387 -0.03895642 -0.09315767
v -0.00004832 -0.04371597 -0.08160921
v 0.00631861 -0.04377881 -0.08239362
v 0.00461953 -0.04514331 -0.07996751
v 0.00877219 -0.04531950 -0.08068305
v 0.00255686 -0.04606784 -0.07737509
v -0.00052830 -0.04504205 -0.07963191
v 0.00894185 -0.03977085 -0.08662890
v 0.00545528 -0.03862439 -0.08614209
v 0.00543611 -0.03598760 -0.08714571
v 0.01070159 -0.03705247 -0.08859839
v 0.00837948 -0.02399526 -0.08955048
v 0.01122731 -0.03236288 -0.09003042
v 0.00765292 -0.04235926 -0.08430240
v 0.00209004 -0.04207366 -0.08344167
v 0.01227196 -0.04283838 -0.08573303
v 0.01207639 -0.03587909 -0.08965424
v 0.00877892 -0.00951375 -0.08969944
v 0.01321497 -0.03991482 -0.08852401
v 0.01344376 -0.02823908 -0.09163212
v 0.01384336 -0.03346338 -0.09126885
v 0.01173913 -0.04468412 -0.08307054
v 0.01429291 -0.04184693 -0.08779017
v 0.01587186 -0.03803204 -0.09122473
v 0.01650726 -0.03360631 -0.09306321
v 0.01724729 -0.04551822 -0.08499106
v 0.01057508 -0.04706022 -0.07548152
v 0.01391581 -0.04678593 -0.07906289
v 0.00521730 -0.04693914 -0.07387611
v -0.01836797 -0.04580707 -0.08497185
v -0.01618141 -0.04430736 -0.08572542
v -0.01472913 -0.04612103 -0.08135041
v -0.00955386 -0.04616618 -0.07864995
v -0.01786351 -0.04688781 -0.08156109
v -0.01308253 -0.04528722 -0.08220436
v -0.01178928 -0.04360930 -0.08397961
v -0.00887412 -0.04259577 -0.08391998
v -0.00568677 -0.04405531 -0.08157100
v -0.00805822 -0.04516364 -0.08039819
v -0.00312747 -0.04237189 -0.08307765
v -0.00337405 -0.04601435 -0.07757074
v -0.00512123 -0.04673519 -0.07501785
v -0.00997340 -0.04690847 -0.07612215
v -0.00883132 -0.04721420 -0.07263093
v 0.00830920 -0.04630857 -0.07792769
v 0.00015203 -0.04684342 -0.07368171
v 0.01486737 -0.04597023 -0.08216967
v -0.01344633 -0.03069704 -0.09079039
v -0.01556374 -0.03367279 -0.09169079
v -0.01831204 -0.03269414 -0.09424578
v -0.00228461 -0.03002936 -0.08771469
v -0.00518623 -0.03013601 -0.08799413
v -0.00584974 -0.02371575 -0.08853099
v -0.00804299 -0.03029598 -0.08858767
v -0.01081196 -0.03049134 -0.08951440
v 0.00100373 -0.03554645 -0.08665860
v -0.00321192 -0.03456883 -0.08687824
v -0.00893234 -0.03496909 -0.08787201
v -0.01295517 -0.03541293 -0.08951823
v -0.01555536 -0.03718919 -0.09057620
v 0.00186066 -0.03927603 -0.08525767
v -0.00339144 -0.03736121 -0.08601280
v -0.00910782 -0.03782851 -0.08695395
v -0.01313749 -0.03836345 -0.08851429
v -0.01848181 -0.03939416 -0.09211297
v -0.01565736 -0.04004869 -0.08924009
v -0.00336398 -0.04003422 -0.08476548
v -0.00908332 -0.04052312 -0.08557741
v -0.01452655 -0.04165922 -0.08729564
v -0.01800467 -0.04133086 -0.09033702
v 0.00666813 -0.00470633 -0.08907229
v -0.00075018 -0.04914185 -0.22919953
v -0.00451016 -0.04896936 -0.22920610
v -0.01159298 -0.04783010 -0.22919874
v -0.02070172 -0.04465577 -0.22920048
v -0.02683964 -0.04122381 -0.22919708
v -0.03333585 -0.03623250 -0.22920415
v -0.03823745 -0.03098823 -0.22920039
v -0.04150603 -0.02644112 -0.22920208
v -0.04411190 -0.02185014 -0.22919732
v -0.04666397 -0.01577719 -0.22920324
v -0.04837271 -0.00928701 -0.22920002
v 0.04914517 -0.00347405 -0.22669812
v 0.04899253 -0.00512645 -0.22919899
v 0.04862562 -0.00774274 -0.22669874
v 0.04810089 -0.01056302 -0.22920094
v 0.04764378 -0.01247445 -0.22670315
v 0.04651827 -0.01618557 -0.22919995
v 0.04565075 -0.01847295 -0.22669964
v 0.04338076 -0.02323597 -0.22669987
v 0.04403406 -0.02201350 -0.22919890
v 0.04139042 -0.02661073 -0.22920291
v 0.04079059 -0.02752917 -0.22669895
v 0.03833438 -0.03084784 -0.22920109
v 0.03848914 -0.03063098 -0.22670025
v 0.03514935 -0.03443925 -0.22670065
v 0.03477617 -0.03480271 -0.22919825
v 0.03152830 -0.03774551 -0.22669950
v 0.03080863 -0.03834672 -0.22920093
v 0.02783464 -0.04055001 -0.22669962
v 0.02601706 -0.04175892 -0.22920120
v 0.02349327 -0.04321935 -0.22670099
v 0.01939323 -0.04520683 -0.22920036
v 0.01767956 -0.04589219 -0.22669359
v 0.01435924 -0.04702184 -0.22919896
v 0.03904175 0.02493642 -0.22369447
v 0.03540158 0.02987984 -0.22369389
v 0.02056154 -0.02599292 -0.12235003
v 0.02051505 -0.02212330 -0.12134607
v 0.02069905 0.00515747 -0.12321828
v 0.02059676 0.03614719 -0.12209069
v 0.02069874 0.03599874 -0.12325989
v 0.02104757 -0.00047199 -0.12432171
v 0.02149217 0.03637605 -0.12535414
v 0.02158863 -0.00900419 -0.12552178
v 0.02259230 -0.00405929 -0.12723801
v 0.02315911 0.03663126 -0.12809265
v 0.02458727 0.00248265 -0.13002864
v 0.02560042 0.03606392 -0.13129710
v 0.02697296 -0.00047198 -0.13294101
v 0.03000391 0.03642973 -0.13637778
v 0.02939249 -0.00047198 -0.13570307
v 0.03212622 -0.00270714 -0.13873979
v 0.03458395 0.03774358 -0.14145757
v 0.03489760 0.00008765 -0.14185628
v 0.03663656 0.00008765 -0.14395048
v 0.03740832 0.03994338 -0.14495215
v -0.01953052 0.03532052 -0.12111400
v 0.01953561 0.03540339 -0.12110699
v -0.01953115 0.03337834 -0.12113769
v 0.01953997 0.02467001 -0.12113789
v -0.01953127 0.00506255 -0.12113742
v 0.01954025 0.00508395 -0.12113672
v -0.01751917 0.00530480 -0.12113788
v -0.01948714 0.03634734 -0.12059038
v 0.01950832 0.03628540 -0.12061866
v 0.01945942 0.03685887 -0.11973464
v -0.01943273 0.03691502 -0.11949524
v 0.01933584 0.03691737 -0.11389825
v -0.01937596 0.03691735 -0.10852981
v 0.01949491 0.03691423 -0.10339325
v -0.01948870 0.03686634 -0.10313333
v 0.01951118 0.03639667 -0.10229069
v -0.01949457 0.03628103 -0.10221115
v -0.01950715 0.03530359 -0.10170711
v 0.01951587 0.03526143 -0.10170411
v -0.01950636 0.03158434 -0.10170818
v 0.01951203 0.03157941 -0.10171483
v -0.01950645 -0.01882346 -0.11191524
v -0.01950640 -0.02461227 -0.10390342
v -0.01950509 -0.02479615 -0.10323429
v -0.02050925 -0.02201274 -0.10921810
v -0.02050645 -0.02575880 -0.10391743
v -0.01788191 0.05456296 -0.05922106
v -0.01784269 0.05770755 -0.05973516
v -0.01143361 0.05739943 -0.05311980
v -0.01762420 0.05996245 -0.06030655
v -0.01043136 0.05997801 -0.05300209
v -0.01344310 0.05998537 -0.05609150
v -0.01182862 0.05373655 -0.05302243
v -0.00693059 0.05255496 -0.04715741
v -0.00608903 0.05369982 -0.04412983
v -0.00607081 0.05323022 -0.04083832
v -0.00609512 0.05238004 -0.02569448
v -0.00697676 0.05246994 -0.02068024
v -0.01180342 0.05995696 -0.01435331
v -0.00880060 0.05812091 -0.01710720
v -0.00840067 0.05995557 -0.01684276
v -0.00651215 0.05993267 -0.01937570
v -0.00543189 0.05993729 -0.02192273
v -0.00614882 0.05727874 -0.02169616
v -0.00624225 0.05323451 -0.02287245
v -0.00783090 0.05445876 -0.01901249
v -0.00972316 0.05361567 -0.01701459
v -0.00857426 0.05435608 -0.04974789
v -0.00843259 0.05722462 -0.05003662
v -0.00687535 0.05997127 -0.04918575
v -0.00658040 0.05691840 -0.04719803
v -0.00527022 0.05999904 -0.04548578
v -0.00565742 0.05773280 -0.04426361
v -0.00508624 0.05996376 -0.04412778
v -0.00570239 0.05714694 -0.04101102
v -0.00506903 0.05994620 -0.03954515
v -0.00569059 0.05739630 -0.02485061
v -0.00507339 0.05995183 -0.02410076
v -0.01158304 0.05669939 -0.01539907
v -0.01907842 0.05995340 -0.06662793
v -0.01977770 0.05575584 -0.06352826
v -0.01974351 0.05727519 -0.06909843
v -0.01890532 0.05995841 -0.08846192
v -0.01926994 0.05820768 -0.08452909
v -0.01995917 0.05421055 -0.08344122
v -0.01874076 0.05997145 -0.07778122
v -0.02020376 0.05259892 -0.07649645
v -0.02033157 0.05326999 -0.06698841
v -0.01996979 0.05310369 -0.08774588
v -0.01948923 0.05707529 -0.07701062
v -0.01904178 0.05460798 -0.06089075
v -0.01870177 0.05995173 -0.06254926
v 0.01053810 0.05367613 0.01651279
v -0.01921575 0.05390502 0.00360753
v -0.01957561 0.05239089 0.00087510
v -0.01921294 0.05713452 0.00141950
v -0.01818839 0.05740422 0.00625541
v -0.01781301 0.05361139 0.00809825
v -0.01677059 0.05360910 0.01009475
v -0.01568737 0.05209184 0.01176959
v -0.01659322 0.05769669 0.00953627
v -0.01492637 0.05694951 0.01223294
v -0.01266975 0.05337394 0.01495750
v -0.01048547 0.05744859 0.01609406
v -0.01290174 0.05735398 0.01422696
v -0.01017528 0.05369999 0.01671915
v -0.00798936 0.05590255 0.01767137
v -0.00571242 0.05316772 0.01873984
v -0.00187155 0.05331353 0.01953200
v -0.00145785 0.05770651 0.01912329
v -0.00530211 0.05735727 0.01846997
v 0.00123507 0.05376589 0.01953545
v 0.00364463 0.05355802 0.01925054
v 0.00358830 0.05776875 0.01882404
v 0.00731274 0.05303453 0.01821427
v 0.00766956 0.05689282 0.01772427
v 0.01245765 0.05365491 0.01511079
v 0.01489151 0.05447927 0.01266167
v 0.01756189 0.05218293 0.00873868
v 0.01740368 0.05563809 0.00869676
v 0.01884313 0.05376405 0.00535036
v 0.01940079 0.05342968 0.00272513
v 0.01934109 0.05616188 0.00029721
v 0.01879703 0.05786423 0.00344882
v 0.01899435 0.05827446 0.00028813
v 0.01957748 0.05269929 0.00037126
v 0.01048670 0.05786823 0.01599522
v 0.01353126 0.05702047 0.01370967
v 0.01560671 0.05794191 0.01099886
v 0.01692294 0.05816154 0.00878688
v 0.01805624 0.05781845 0.00626842
v 0.01983355 0.05761234 -0.06774748
v 0.02015453 0.05491713 -0.06654301
v 0.02036662 0.05139218 -0.07329097
v -0.01368597 0.05245614 -0.01401274
v -0.01600848 0.05333830 -0.01126994
v -0.01651758 0.05996750 -0.00859221
v -0.01711029 0.05830732 -0.00829447
v -0.01572767 0.05823650 -0.01065548
v -0.01398752 0.05995448 -0.01222598
v -0.01164247 0.05303401 -0.01570795
v -0.01752328 0.05475562 -0.00855794
v -0.01435432 0.05663108 -0.01289723
v -0.01942620 0.05256604 -0.00270175
v -0.01830430 0.05996776 -0.00299517
v -0.01841072 0.05753475 -0.00519552
v -0.01844978 0.05297327 -0.00651305
v -0.01918178 0.05650806 -0.00208123
v -0.00216227 0.06277417 -0.01538388
v -0.00751397 0.06099126 -0.01417749
v -0.01180753 0.06093481 -0.01026784
v -0.01732851 0.06042724 -0.00072309
v -0.01397689 0.06122648 -0.00460166
v -0.00225410 0.06338686 -0.00750294
v -0.00617987 0.06243593 -0.00907499
v -0.00333183 0.06282040 -0.01138245
v -0.00947450 0.06210857 -0.00639787
v -0.00519815 0.06323149 -0.00374732
v -0.00180913 0.06256023 -0.02038621
v -0.00450697 0.06131907 -0.01746910
v 0.01881098 0.05996659 -0.09096949
v 0.01994686 0.05406292 -0.09159431
v 0.01983179 0.05703274 -0.08709037
v 0.01963430 0.05794932 -0.07953377
v 0.02051239 0.04821122 -0.08834735
v 0.02037643 0.05271656 -0.08654083
v 0.02010818 0.05517070 -0.07446369
v 0.01690752 0.05998342 -0.09693674
v 0.01249696 0.06121255 -0.09719846
v 0.01343200 0.05997531 -0.10232171
v -0.00624813 0.05999809 -0.10716924
v -0.00160634 0.05997229 -0.10810861
v -0.00191394 0.06096066 -0.10528395
v -0.01336857 0.06118141 -0.09705112
v -0.01795078 0.05997209 -0.09399225
v -0.01579122 0.05997450 -0.09920782
v -0.01549385 0.06132738 -0.08848318
v -0.00134494 0.06387728 -0.08755229
v -0.00431910 0.06382167 -0.08350647
v -0.00394023 0.06375298 -0.08998692
v -0.01511815 0.06143050 -0.08109317
v -0.00792785 0.06339262 -0.08763091
v -0.01199994 0.06253475 -0.08448428
v -0.01003399 0.06272166 -0.09193770
v -0.00829587 0.06335039 -0.08257926
v -0.01416556 0.06153238 -0.09242027
v 0.00003375 0.06342445 -0.09423528
v -0.00667664 0.06322644 -0.09312829
v 0.00196733 0.06229896 -0.10029195
v -0.00246750 0.06226150 -0.10060049
v -0.00350090 0.06312145 -0.09604525
v -0.00644699 0.06198217 -0.10054665
v -0.00958300 0.06001607 -0.10562472
v -0.00990605 0.06209164 -0.09697497
v -0.01218431 0.06006027 -0.10364104
v -0.01421236 0.05999235 -0.10157036
v 0.00784085 0.06103696 -0.10281791
v 0.00659412 0.06003127 -0.10703190
v 0.00974158 0.05997871 -0.10549426
v 0.01817044 0.05996604 -0.09367133
v 0.01511280 0.06114725 -0.09155744
v 0.00803827 0.06211688 -0.09768134
v 0.01155634 0.06208276 -0.09161306
v 0.00276981 0.06005500 -0.10789009
v 0.00370249 0.06319351 -0.09431969
v 0.00818151 0.06271044 -0.09266544
v -0.01319674 0.06094795 -0.06156702
v -0.01442134 0.06109098 -0.06757059
v -0.00143815 0.06306283 -0.05143199
v -0.00162269 0.06333701 -0.05826857
v -0.00227314 0.06344996 -0.06759719
v -0.00168318 0.06374317 -0.07838640
v -0.01705210 0.06052868 -0.07446484
v -0.00239997 0.06223769 -0.04796921
v -0.00428572 0.06144219 -0.05008535
v -0.00373337 0.06261987 -0.05697072
v -0.00564692 0.06148797 -0.05332810
v -0.00716234 0.06187522 -0.05886219
v -0.00610831 0.06264678 -0.06505529
v -0.00788890 0.06088903 -0.05391734
v -0.01266645 0.06182381 -0.07457193
v -0.00414421 0.06342859 -0.07520563
v -0.00774680 0.06288741 -0.07437107
v 0.03671165 0.05106308 -0.14386599
v 0.03918909 0.05114068 -0.14785136
v 0.04502339 0.05111793 -0.17062682
v 0.04493635 0.05113974 -0.16739048
v 0.04470566 0.05103402 -0.16465798
v 0.04412881 0.05107262 -0.16109286
v 0.04302683 0.05105736 -0.15672052
v 0.04122982 0.05116973 -0.15187465
v 0.02587057 0.04171233 -0.13159460
v 0.02993665 0.04637795 -0.13568918
v 0.03041561 0.04129672 -0.13648470
v 0.03113076 0.05127632 -0.13735737
v 0.02819302 0.04974360 -0.13439789
v 0.01079192 0.05650103 -0.10755742
v 0.02051706 0.03624122 -0.10089055
v 0.02039425 0.04275000 -0.09736715
v 0.02052087 0.03798247 -0.10298332
v 0.02419608 0.04490843 -0.13009357
v 0.02239368 0.04775288 -0.12922683
v 0.02617589 0.04688392 -0.13218567
v 0.01987698 0.04234187 -0.12292706
v 0.02090546 0.04042239 -0.12460391
v 0.01968937 0.04167217 -0.12085782
v 0.02189820 0.04344255 -0.12723520
v 0.02318347 0.04024439 -0.12832792
v 0.02396378 0.04987171 -0.13115506
v 0.03299836 0.04633557 -0.13897833
v 0.03456389 0.05114243 -0.14098816
v 0.03510304 0.04503650 -0.14165583
v 0.02045036 0.03907807 -0.12218236
v 0.01967064 0.04395306 -0.10373655
v 0.02006676 0.04639988 -0.09732743
v 0.01965355 0.04849624 -0.09806530
v 0.01982963 0.04042776 -0.11798690
v 0.02045649 0.03807950 -0.11965802
v 0.01887946 0.04286915 -0.11299933
v 0.01998296 0.04014114 -0.11095160
v 0.02037226 0.03810812 -0.11570332
v 0.02040281 0.03804364 -0.10901606
v 0.02019810 0.04101757 -0.10357386
v 0.01861090 0.04762752 -0.10397378
v 0.01937530 0.04322790 -0.10753721
v 0.01607362 0.05764407 -0.10051735
v 0.01789105 0.05688610 -0.09737035
v 0.01728514 0.05254338 -0.10242189
v 0.01614456 0.05322180 -0.10420476
v 0.01918514 0.05575073 -0.09419423
v 0.01831060 0.05119752 -0.10100190
v 0.01088983 0.05352427 -0.11058916
v 0.00908283 0.05557815 -0.10956144
v 0.00748476 0.05483116 -0.11108323
v 0.01272805 0.05603663 -0.10624049
v 0.01034380 0.05198707 -0.11337486
v 0.01438670 0.05482734 -0.10540331
v 0.01443485 0.05011517 -0.11121002
v 0.01470433 0.05176273 -0.10825308
v 0.01276171 0.05209810 -0.11050686
v 0.01381017 0.04942289 -0.11414012
v 0.01111936 0.05056657 -0.11600471
v 0.01338749 0.04911468 -0.11630793
v 0.00816588 0.05151771 -0.11650372
v 0.01167159 0.05098425 -0.12545100
v 0.01515007 0.05064719 -0.12653865
v 0.01303958 0.05010702 -0.12409186
v 0.00936370 0.05066101 -0.12247245
v 0.01167060 0.04987843 -0.12125472
v 0.00987965 0.05049866 -0.11896092
v 0.01354406 0.04909986 -0.12151185
v 0.01361853 0.04878208 -0.11907110
v 0.01689813 0.04952252 -0.12621517
v 0.01557519 0.04861139 -0.12362486
v 0.01849898 0.04847498 -0.12643668
v 0.02027056 0.04990119 -0.12869646
v 0.01858982 0.04656794 -0.12463531
v 0.01720687 0.04629870 -0.12167238
v 0.02080472 0.04646979 -0.12719131
v 0.01521728 0.04750773 -0.11776948
v 0.01628682 0.05022083 -0.10728986
v 0.01786501 0.04702966 -0.10768790
v 0.01603367 0.04798669 -0.11173639
v 0.01656508 0.04621673 -0.11626108
v 0.01930928 0.05079732 -0.09776026
v 0.01737757 0.04551182 -0.11375482
v 0.01807009 0.04516391 -0.11074111
v 0.01736120 0.04522827 -0.11810116
v 0.02004001 0.04387840 -0.12460942
v 0.01867916 0.04411982 -0.12154149
v 0.01890299 0.04281024 -0.11807726
v -0.02045152 0.03972526 -0.12281571
v -0.01797605 0.05018298 -0.12746762
v -0.02038474 0.03995489 -0.09810346
v -0.01678706 0.05624375 -0.10034159
v -0.03214259 0.04917070 -0.13808037
v -0.03539128 0.05103189 -0.14203213
v -0.02787380 0.04907280 -0.13401827
v -0.01874622 0.04511398 -0.12289981
v -0.02010042 0.04262824 -0.12357875
v -0.01977739 0.04609104 -0.12569907
v -0.02064337 0.04806881 -0.12783575
v -0.02173658 0.04476328 -0.12742704
v -0.02347179 0.04737252 -0.12995902
v -0.01740523 0.04837229 -0.12500471
v -0.01707046 0.04738171 -0.12305319
v -0.02233926 0.05033432 -0.13026986
v -0.01506528 0.04893843 -0.12323415
v -0.01626262 0.04720746 -0.12068063
v -0.02984520 0.04616920 -0.13564326
v -0.01495495 0.05036988 -0.12577754
v -0.01327996 0.05006888 -0.12382267
v -0.00987143 0.05115976 -0.12498009
v -0.01075197 0.05050027 -0.12257069
v -0.01751295 0.04527546 -0.11504974
v -0.01709186 0.04594987 -0.11886764
v -0.01494394 0.04804887 -0.11858228
v -0.01673861 0.04915142 -0.10766640
v -0.01429028 0.04974262 -0.11263921
v -0.01436704 0.05115983 -0.10986045
v -0.01574015 0.05389852 -0.10430811
v -0.01760641 0.05252026 -0.10144680
v -0.01806340 0.04848638 -0.10437537
v -0.01790882 0.05679240 -0.09704427
v -0.01865322 0.05112472 -0.09912159
v -0.01908266 0.05531193 -0.09331708
v -0.01954026 0.04748504 -0.09806760
v -0.01439670 0.04861467 -0.11592285
v -0.01294997 0.04945360 -0.11748789
v -0.00984595 0.05065502 -0.12012726
v -0.01826202 0.04431812 -0.11946312
v -0.01267396 0.04963121 -0.12105291
v -0.01617766 0.04725115 -0.11402382
v -0.01680021 0.04723187 -0.11145823
v -0.01145492 0.05080593 -0.11511997
v -0.00930292 0.05113127 -0.11732746
v -0.00889071 0.05203659 -0.11489701
v -0.01180071 0.05217062 -0.11177346
v -0.00994962 0.05321265 -0.11182979
v -0.00735841 0.05394387 -0.11225326
v -0.00808043 0.05640951 -0.10917932
v -0.01183916 0.05440067 -0.10886190
v -0.01481183 0.05219438 -0.10769614
v -0.01125875 0.05776409 -0.10623332
v -0.01358400 0.05598212 -0.10553511
v -0.02049449 0.03793532 -0.10288443
v -0.01890367 0.04280091 -0.11523959
v -0.01967669 0.04118734 -0.11835101
v -0.01889229 0.04324000 -0.11141090
v -0.01839148 0.04557598 -0.10794437
v -0.01905444 0.04666329 -0.10235907
v -0.01955802 0.04339512 -0.10503160
v -0.02018403 0.04111026 -0.10254677
v -0.02029452 0.03804927 -0.11250092
v -0.01993701 0.04013088 -0.11077973
v -0.01994245 0.04681053 -0.09506951
v -0.00916679 0.05750024 -0.10774092
v -0.03483175 0.04402385 -0.14142102
v -0.03283278 0.04357745 -0.13902462
v -0.02831187 0.04189187 -0.13423207
v -0.02181506 0.03972886 -0.12622128
v -0.02090181 0.04310516 -0.12554446
v -0.02570226 0.04523581 -0.13161534
v -0.02414615 0.04293274 -0.12979503
v -0.02282171 0.04125980 -0.12793453
v -0.01959091 0.04226493 -0.12113698
v -0.02045802 0.03812664 -0.11930256
v -0.00527106 0.05132097 -0.12326746
v 0.00529619 0.05125407 -0.12333835
v 0.00203031 0.05138050 -0.12215203
v 0.00725709 0.05275143 -0.11410441
v 0.00719435 0.05107200 -0.12004249
v -0.00465857 0.05801502 -0.10896920
v -0.00157813 0.05775274 -0.10962923
v -0.00570247 0.05581326 -0.11060281
v -0.00239420 0.05562734 -0.11143879
v 0.00152726 0.05659468 -0.11060827
v 0.00116082 0.05497622 -0.11233924
v -0.00322222 0.05390103 -0.11346748
v 0.00009921 0.05333495 -0.11468193
v 0.00067318 0.05191274 -0.11839737
v -0.00233998 0.05248959 -0.11643158
v -0.00538256 0.05276766 -0.11499155
v -0.00445783 0.05197198 -0.11767061
v -0.00672116 0.05131738 -0.11958389
v -0.00270153 0.05150717 -0.12089011
v 0.00805341 0.05119264 -0.12454125
v 0.00777092 0.05807201 -0.10805605
v 0.00426571 0.05797908 -0.10918574
v 0.00482585 0.05519063 -0.11154840
v 0.00531082 0.05159843 -0.11838837
v 0.00386569 0.05336955 -0.11420882
v 0.00389762 0.05233176 -0.11643538
v -0.01272946 0.04921585 -0.21477450
v -0.00892141 0.04912518 -0.21590461
v -0.00393207 0.04952696 -0.21641162
v 0.00155493 0.04993360 -0.21619204
v 0.00708321 0.04996967 -0.21562964
v 0.01067349 0.05136166 -0.21382497
v 0.01722205 0.05132088 -0.21165386
v 0.01593447 0.04702310 -0.21533775
v -0.01281835 0.04462318 -0.22140828
v -0.01098994 0.04544601 -0.21980868
v -0.01645242 0.04378620 -0.21924455
v -0.01770449 0.04548906 -0.21592282
v -0.01282308 0.04620946 -0.21753314
v -0.01570135 0.04536339 -0.21718325
v -0.00514406 0.04739599 -0.21841954
v -0.00900244 0.04681698 -0.21822070
v -0.00638997 0.04613083 -0.22047628
v -0.00095063 0.04769919 -0.21846613
v -0.00166569 0.04665878 -0.22021809
v 0.00262870 0.04636248 -0.22140376
v 0.00262270 0.04681511 -0.21973823
v 0.00665519 0.04623631 -0.22008118
v 0.01087270 0.04543252 -0.21983318
v 0.01550986 0.04411483 -0.21939878
v 0.01180162 0.04771214 -0.21635205
v 0.01470792 0.04532637 -0.21781085
v 0.01028757 0.04660409 -0.21804030
v 0.00405376 0.04814358 -0.21769422
v 0.00690343 0.04743725 -0.21797214
v 0.03459759 -0.04634112 -0.14123754
v 0.03304885 -0.04908018 -0.13930446
v 0.03192750 -0.03716131 -0.13851517
v 0.03595900 -0.03686006 -0.14310788
v 0.03679629 -0.04442951 -0.14407922
v 0.02336981 -0.04098822 -0.12840335
v 0.02174231 -0.03884173 -0.12586524
v 0.02590908 -0.03579520 -0.13170758
v 0.02879183 -0.04255453 -0.13486736
v 0.02536610 -0.04322279 -0.13098353
v 0.01548184 -0.05272336 -0.12629890
v 0.02451189 -0.05081307 -0.13124827
v 0.02006288 -0.04071389 -0.11839892
v 0.01935424 -0.04286605 -0.11375435
v 0.02009989 -0.04024916 -0.11111916
v 0.01948669 -0.04301285 -0.10903696
v 0.02018457 -0.04120884 -0.10472848
v 0.02792864 -0.04688935 -0.13389818
v 0.02477003 -0.04791887 -0.13086943
v 0.01762117 -0.05117189 -0.12593281
v 0.02252528 -0.05231410 -0.13026343
v 0.01964338 -0.05078852 -0.12734145
v 0.01615223 -0.05064187 -0.12371293
v 0.01410056 -0.05133589 -0.12247816
v 0.01252332 -0.05204225 -0.12252266
v 0.02121259 -0.04846359 -0.12750910
v 0.01772026 -0.05520011 -0.09852238
v 0.01905952 -0.05314728 -0.09682789
v 0.01759072 -0.05191950 -0.10130639
v 0.01964060 -0.05507429 -0.09415279
v 0.01577309 -0.05372756 -0.10266013
v 0.01287250 -0.05438369 -0.10524242
v 0.01218778 -0.05137232 -0.11484565
v 0.01199268 -0.05206979 -0.11134574
v 0.01422688 -0.05118806 -0.10926628
v 0.01158065 -0.05371748 -0.10747514
v 0.01405138 -0.05025629 -0.11433817
v 0.01220723 -0.05136510 -0.11835293
v 0.01563669 -0.04893868 -0.11713900
v 0.01645384 -0.04901724 -0.12069717
v 0.01394697 -0.05043392 -0.11826823
v 0.01995970 -0.04404221 -0.10125472
v 0.02040976 -0.04191009 -0.09715480
v 0.01999860 -0.04761907 -0.09623420
v 0.01943560 -0.04811560 -0.09935438
v 0.01899801 -0.05087088 -0.09861138
v 0.01826843 -0.04856766 -0.10352374
v 0.01902227 -0.04625722 -0.10407897
v 0.01678211 -0.05052609 -0.10483475
v 0.01761541 -0.04742168 -0.10825749
v 0.01516071 -0.05228417 -0.10539642
v 0.02190858 -0.04424034 -0.12695053
v 0.02058505 -0.04143944 -0.12390757
v 0.01872836 -0.04535219 -0.10807604
v 0.02072831 -0.04478136 -0.12544915
v 0.01935039 -0.04756312 -0.12473339
v 0.01965289 -0.04395317 -0.12257636
v 0.01890066 -0.04423121 -0.11741965
v 0.01803654 -0.04576452 -0.11314873
v 0.02025111 -0.04076248 -0.12196769
v 0.01621037 -0.04941649 -0.10869577
v 0.01660282 -0.04790179 -0.11308564
v 0.01513807 -0.04959976 -0.11233608
v 0.01720225 -0.04714416 -0.11705337
v 0.01831277 -0.04614025 -0.12011991
v 0.01832651 -0.04760866 -0.12294272
v 0.02052376 -0.03189494 -0.10512612
v 0.02050358 -0.03676392 -0.12164187
v 0.02080552 -0.03675154 -0.12363884
v 0.02050554 -0.03505114 -0.11454733
v 0.02044103 -0.03759397 -0.10592510
v 0.02036844 -0.03783814 -0.11407230
v -0.01871273 -0.04384467 -0.11342783
v -0.01947050 -0.04389908 -0.10590289
v -0.01955098 -0.04190840 -0.11228457
v -0.01994107 -0.04178886 -0.10607004
v -0.02026347 -0.03873989 -0.11069042
v -0.02036316 -0.03951590 -0.10254205
v -0.01918368 -0.04330964 -0.11778177
v -0.01996421 -0.04087362 -0.11768589
v -0.02034539 -0.03935028 -0.12166730
v -0.02053415 -0.03684807 -0.11783376
v -0.02049909 -0.03602569 -0.10476212
v -0.02340955 -0.04148082 -0.12849848
v -0.02196468 -0.04110869 -0.12632452
v -0.02133894 -0.03844357 -0.12499579
v -0.02638111 -0.04178981 -0.13214910
v -0.02052880 -0.04144839 -0.12347695
v -0.02040289 -0.04156524 -0.09662634
v -0.02010403 -0.04435490 -0.09921463
v -0.01969979 -0.04569328 -0.10114655
v 0.01952911 0.00441743 -0.12087534
v 0.01950203 0.00378482 -0.11994211
v 0.01951475 0.02189646 -0.10750162
v 0.01951172 0.00410040 -0.11867442
v 0.01951862 0.03065672 -0.10203192
v -0.01950522 0.02350709 -0.10649529
v -0.01950734 0.03064874 -0.10203602
v 0.04301855 0.05118290 -0.18326366
v 0.04353005 0.04333692 -0.18103264
v 0.04455044 0.05102811 -0.17675281
v 0.04415798 0.04557535 -0.17846906
v 0.04385094 0.03223468 -0.18046781
v 0.04300227 0.03186547 -0.18396011
v 0.04292561 0.03694545 -0.18338796
v -0.04440738 0.05130075 -0.17733352
v -0.04485377 0.03985977 -0.17341977
v -0.04400174 0.04780689 -0.17949991
v -0.04381199 0.05104386 -0.18033546
v -0.04456517 0.04165133 -0.17601752
v -0.04410053 0.03915208 -0.17883031
v -0.04388211 0.03024209 -0.18058479
v -0.04311963 0.03495412 -0.18309589
v -0.02156661 0.05128860 -0.20963658
v -0.02817640 0.05127019 -0.20521656
v -0.02445996 0.04881505 -0.20906475
v -0.04314469 0.04732024 -0.18287152
v -0.03324452 0.05119763 -0.20045072
v -0.03020560 0.04816332 -0.20444815
v -0.04218214 0.03164770 -0.18704063
v -0.04211259 0.03905438 -0.18607816
v -0.04084755 0.03712542 -0.18976496
v -0.04287986 0.02752409 -0.18573576
v -0.04133325 0.02820845 -0.19153209
v -0.03852280 0.03562877 -0.19588779
v -0.03996616 0.04146812 -0.19132850
v -0.04075447 0.03156302 -0.19160968
v -0.03954889 0.02974436 -0.19659309
v -0.03833907 0.03323222 -0.19756715
v -0.04130081 0.02612416 -0.19326209
v -0.03564498 0.03488060 -0.20309007
v -0.03579297 0.03676923 -0.20132977
v -0.03793843 0.03126518 -0.20025770
v -0.04064721 0.02519188 -0.19764023
v -0.03897006 0.02756292 -0.20167504
v -0.03700858 0.03012762 -0.20532626
v -0.03564776 0.03318327 -0.20497592
v -0.03999671 0.02386112 -0.20764373
v -0.03879262 0.02669013 -0.20503551
v -0.04059634 0.02372483 -0.20145978
v -0.03243529 0.03618682 -0.20902015
v -0.03432876 0.03269164 -0.21013175
v -0.03747371 0.02800105 -0.20933244
v -0.03581037 0.03007093 -0.21182784
v -0.03205870 0.03468405 -0.21279976
v -0.02897100 0.03741463 -0.21447869
v -0.03142603 0.03443950 -0.21640666
v -0.03199636 0.03351071 -0.22369482
v -0.03374495 0.03182133 -0.21805787
v -0.03574676 0.02946058 -0.22368026
v -0.03778448 0.02685082 -0.21618281
v -0.03937010 0.02442598 -0.21521340
v -0.03918961 0.02470316 -0.22369714
v -0.03585330 0.02949104 -0.21599613
v -0.02767741 0.04897920 -0.20649655
v -0.02115169 0.04907890 -0.21112455
v -0.02172101 0.04574653 -0.21297880
v -0.02507065 0.04562911 -0.21037447
v -0.01824848 0.04711414 -0.21414541
v -0.01762926 0.04917836 -0.21289964
v -0.03160724 0.04308530 -0.20493229
v -0.03229501 0.04545024 -0.20310284
v -0.02751539 0.04444872 -0.20880231
v -0.02951180 0.04160694 -0.20835681
v -0.02220077 0.04287343 -0.21525398
v -0.02467465 0.04327263 -0.21248640
v -0.02721740 0.04116811 -0.21165021
v -0.02523950 0.04103958 -0.21425609
v -0.02913618 0.03867429 -0.21187259
v -0.03178897 0.04052004 -0.20607921
v -0.03264396 0.03826307 -0.20633712
v -0.02837550 0.03708200 -0.21708710
v -0.02422776 0.04041156 -0.21690655
v -0.01932274 0.04324920 -0.21750219
v -0.01968171 0.04221457 -0.21962629
v -0.02397788 0.03989936 -0.21904832
v -0.03912560 0.05119217 -0.19227777
v -0.04200070 0.05121263 -0.18626279
v -0.04038067 0.04779008 -0.19009061
v -0.03274523 0.04823231 -0.20172028
v -0.04139794 0.04311895 -0.18788601
v -0.03661019 0.05115965 -0.19623366
v -0.03513579 0.04745824 -0.19889794
v -0.03766619 0.04713498 -0.19516270
v -0.03840803 0.04210310 -0.19446696
v -0.03662679 0.04225794 -0.19768658
v -0.03532236 0.03919051 -0.20098256
v -0.03831833 0.03815217 -0.19547234
v -0.03452357 0.04264297 -0.20095642
v 0.04370144 -0.03199829 -0.18116997
v 0.04281564 -0.04555758 -0.18309920
v 0.04354272 -0.04476468 -0.18065631
v 0.04008852 -0.04206726 -0.19005257
v 0.03936834 -0.03808869 -0.19221438
v 0.03780067 -0.04513132 -0.19446000
v 0.02050589 -0.04930684 -0.21214639
v 0.02398332 -0.04515644 -0.21210209
v 0.02232665 -0.04304818 -0.21500881
v 0.02646182 -0.03816406 -0.21801129
v 0.02776230 -0.03861396 -0.21417043
v 0.02954608 -0.03658848 -0.21460234
v 0.03268008 -0.03266135 -0.21994501
v 0.03370110 -0.03185954 -0.21617772
v 0.03586664 -0.02916841 -0.21847583
v 0.03153489 -0.05016472 -0.20286009
v 0.02938394 -0.05030800 -0.20505898
v 0.02175124 -0.04079045 -0.22050126
v 0.02559907 -0.03839653 -0.22365458
v 0.03704396 -0.02760419 -0.22370306
v 0.03464588 -0.03055206 -0.22369143
v 0.03932618 -0.02426514 -0.22369580
v 0.04354427 -0.02406438 -0.18355918
v 0.04160594 -0.04729250 -0.18652438
v 0.03812080 -0.02654631 -0.21067134
v 0.03664759 -0.02938173 -0.20834152
v 0.03960051 -0.02424634 -0.20856233
v 0.03820816 -0.02598992 -0.21639542
v 0.03543211 -0.03024931 -0.21248662
v 0.03229240 -0.03438384 -0.21209462
v 0.03445156 -0.03269570 -0.20886087
v 0.03015217 -0.03530545 -0.21721599
v 0.02862657 -0.03627058 -0.22081164
v 0.03083653 -0.03442036 -0.22370377
v 0.03308431 -0.03898117 -0.20445885
v 0.03448824 -0.03446405 -0.20576434
v 0.03116599 -0.03879932 -0.20808609
v 0.02869248 -0.03998027 -0.21095449
v 0.02993551 -0.04120105 -0.20819969
v 0.03241742 -0.04610037 -0.20272967
v 0.03168116 -0.04239958 -0.20500365
v 0.02962550 -0.04490643 -0.20657699
v 0.02715283 -0.04286987 -0.21053980
v 0.03108393 -0.03687181 -0.21058279
v 0.02550651 -0.04134256 -0.21370439
v 0.02427077 -0.04073577 -0.21591295
v 0.02414762 -0.04950726 -0.20976363
v 0.02704218 -0.04737787 -0.20831428
v 0.02340093 -0.04029065 -0.21825410
v 0.02018264 -0.04223526 -0.21815199
v 0.01986992 -0.04317607 -0.21680276
v 0.03556889 -0.03831911 -0.20013024
v 0.03602486 -0.04089591 -0.19834203
v 0.03725434 -0.03737570 -0.19708373
v 0.03500735 -0.03558036 -0.20320979
v 0.03451201 -0.04292084 -0.20044288
v 0.03567946 -0.04764788 -0.19783849
v 0.03392959 -0.04886199 -0.20020197
v 0.04015485 -0.04582031 -0.18982261
v 0.04218381 -0.03848088 -0.18518049
v 0.04278129 -0.02982566 -0.18530287
v 0.04280478 -0.02530531 -0.18688737
v 0.04149918 -0.03381949 -0.18802361
v 0.04152701 -0.02902983 -0.19008303
v 0.04208211 -0.02441828 -0.19102961
v 0.04031938 -0.02969932 -0.19358084
v 0.03907184 -0.03231542 -0.19536699
v 0.03946326 -0.03501055 -0.19298100
v 0.04070470 -0.02611644 -0.19550574
v 0.03961870 -0.02668721 -0.19962893
v 0.03846185 -0.03038129 -0.19899368
v 0.03811996 -0.02761335 -0.20538831
v 0.03746912 -0.02975551 -0.20339808
v 0.03717652 -0.03480263 -0.19863293
v 0.03810864 0.02634040 -0.21748021
v 0.03455868 0.03112754 -0.21566597
v 0.03516394 0.03020279 -0.21916842
v 0.03893891 0.05119900 -0.19263721
v 0.03773208 0.04833265 -0.19465216
v 0.03992549 0.04562406 -0.19055036
v 0.04215706 0.04443278 -0.18530396
v 0.03660005 0.04474033 -0.19677617
v 0.04122743 0.05114490 -0.18804127
v 0.03863969 0.04242213 -0.19323604
v 0.03611950 0.04132673 -0.19821639
v 0.03806816 0.03719053 -0.19558428
v 0.03966444 0.03900321 -0.19158456
v 0.03249417 0.04555455 -0.20258652
v 0.03349778 0.04801025 -0.20070344
v 0.03476009 0.05119580 -0.19867674
v 0.02938267 0.04912996 -0.20485032
v 0.02904140 0.04551267 -0.20655946
v 0.03495023 0.03558229 -0.20360030
v 0.03444050 0.03821564 -0.20260139
v 0.03342780 0.03553957 -0.20721209
v 0.02694624 0.03853923 -0.21618856
v 0.02960928 0.03649732 -0.21505192
v 0.02993604 0.03733446 -0.21235818
v 0.03162333 0.04260468 -0.20481050
v 0.03169262 0.03969460 -0.20639278
v 0.02920095 0.04003377 -0.20995967
v 0.02554523 0.03997191 -0.21555930
v 0.03421260 0.04125626 -0.20148964
v 0.02596599 0.04176742 -0.21247905
v 0.02227285 0.04505100 -0.21306923
v 0.02625642 0.04350278 -0.21067509
v 0.02527492 0.04572076 -0.21010649
v 0.02434585 0.03944172 -0.22124162
v 0.02411775 0.03992002 -0.21854605
v 0.02291405 0.04154997 -0.21643558
v 0.02161855 0.04105397 -0.22049530
v 0.01911236 0.04262241 -0.21916784
v 0.02146402 0.04286249 -0.21604943
v 0.02652312 0.04856763 -0.20760486
v 0.02711467 0.05131158 -0.20601360
v 0.02334826 0.04863305 -0.20994142
v 0.01920085 0.04733665 -0.21341987
v 0.02066119 0.04899381 -0.21144901
v 0.01873721 0.04516130 -0.21557699
v 0.01879070 0.04390440 -0.21696457
v 0.02895323 0.04250791 -0.20830081
v 0.03938373 0.02472180 -0.20946537
v 0.03808214 0.02715388 -0.20829156
v 0.03659214 0.02894672 -0.21181029
v 0.03760323 0.02928912 -0.20422690
v 0.03547352 0.03145888 -0.20833535
v 0.03068153 0.03813956 -0.20966035
v 0.03276831 0.03492370 -0.20995669
v 0.03586913 0.03283349 -0.20433328
v 0.03322474 0.03343878 -0.21203189
v 0.03173229 0.03430243 -0.21529607
v 0.04156102 0.02415991 -0.19419149
v 0.04248374 0.02783783 -0.18723522
v 0.04127990 0.02304503 -0.19802651
v 0.03988340 0.02584491 -0.20041251
v 0.04000637 0.02803357 -0.19640057
v 0.04193467 0.02596144 -0.19056238
v 0.04184582 0.03284714 -0.18742272
v 0.04079922 0.02992536 -0.19210342
v 0.04161155 0.03897235 -0.18687329
v 0.04027097 0.03473800 -0.19122744
v 0.03939905 0.02563237 -0.20419361
v 0.03851042 0.03087275 -0.19849202
v 0.03873885 0.03371687 -0.19565466
v 0.03705410 0.03319443 -0.20047599
v 0.03686117 0.03621064 -0.19873300
v -0.01589428 0.04671977 -0.22669971
v -0.01957584 0.04531332 -0.22669823
v -0.02486075 0.04266306 -0.22669834
v -0.03080108 0.03855642 -0.22670078
v -0.03504433 0.03476049 -0.22670226
v -0.03934133 0.02976217 -0.22670068
v -0.04226054 0.02542341 -0.22670045
v -0.04477334 0.02068350 -0.22670019
v -0.04693808 0.01507519 -0.22669771
v -0.04836940 0.00956496 -0.22670029
v 0.00075000 -0.04814418 -0.22570588
v 0.01188822 0.04871116 -0.00180748
v 0.01198677 0.05500100 -0.00108464
v 0.01196024 0.04872523 0.00141867
v 0.01182836 0.05500102 0.00215852
v 0.01083786 0.05500099 0.00528303
v 0.01104884 0.04867565 0.00477439
v 0.00908452 0.04864584 0.00793671
v 0.00873085 0.05500100 0.00826906
v 0.00674653 0.05500101 0.00994927
v 0.00609179 0.04862988 0.01037814
v 0.00425257 0.05500102 0.01125983
v 0.00331396 0.04863741 0.01157781
v 0.00092309 0.05500102 0.01200595
v 0.00021216 0.04863950 0.01201881
v -0.00194537 0.05500101 0.01186253
v -0.00270279 0.04865218 0.01173574
v -0.00505541 0.05500101 0.01092815
v -0.00559636 0.04866174 0.01062932
v -0.00786884 0.04867624 0.00911653
v -0.00744691 0.05500102 0.00943651
v -0.00971878 0.05500101 0.00711454
v -0.00988299 0.04869883 0.00685668
v -0.01124591 0.05500099 0.00424752
v -0.01150947 0.04871662 0.00361976
v -0.01189480 0.05500100 0.00173058
v -0.01199067 0.05500101 -0.00086705
v -0.01203953 0.04871947 -0.00021204
v -0.01147829 0.04871450 -0.00364552
v -0.01147715 0.05500101 -0.00363873
v -0.00996202 0.05500100 -0.00675491
v -0.01001273 0.04865942 -0.00667789
v -0.00731436 0.05500103 -0.00958894
v -0.00770961 0.04858284 -0.00925057
v -0.00535948 0.04849551 -0.01075579
v -0.00384454 0.05500101 -0.01140934
v -0.00236935 0.04838658 -0.01181161
v -0.00004620 0.05500101 -0.01206052
v 0.00041441 0.04831212 -0.01200990
v 0.00384391 0.05500101 -0.01140996
v 0.00316676 0.04828621 -0.01161743
v 0.00693505 0.05500101 -0.00984172
v 0.00659397 0.04834983 -0.01007984
v 0.00945360 0.05500104 -0.00745903
v 0.00947803 0.04850941 -0.00744017
v 0.01118474 0.05500102 -0.00445543
v 0.01116521 0.04863801 -0.00449162
v -0.00149309 0.05500101 -0.00995216
v -0.00566647 0.05500101 -0.00835401
v 0.00692549 0.05500101 -0.00734412
v 0.00277866 0.05500101 -0.00970451
v -0.00819249 0.05500101 -0.00580285
v -0.00980111 0.05500101 -0.00228319
v -0.00989271 0.05500101 0.00199204
v 0.01005121 0.05500101 -0.00049793
v 0.00933109 0.05500101 -0.00370416
v 0.00646846 0.05500101 0.00774551
v 0.00930331 0.05500101 0.00390925
v 0.00184394 0.05500101 0.01000854
v -0.00803569 0.05500101 0.00605825
v -0.00438482 0.05500101 0.00912792
v -0.00184394 0.05550101 0.01000854
v 0.00445771 0.05550101 0.00909145
v 0.00803569 0.05550101 0.00605825
v 0.00989271 0.05550101 0.00199204
v 0.00980111 0.05550101 -0.00228319
v 0.00819249 0.05550101 -0.00580285
v 0.00566647 0.05550101 -0.00835401
v 0.00149309 0.05550101 -0.00995216
v -0.00277866 0.05550101 -0.00970451
v -0.00692549 0.05550101 -0.00734412
v -0.00933109 0.05550101 -0.00370416
v -0.01005121 0.05550101 -0.00049793
v -0.00930331 0.05550101 0.00390925
v -0.00646846 0.05550101 0.00774551
v -0.01233945 0.06110027 0.00062412
v -0.01264658 0.06104584 -0.00072121
v -0.01723760 0.05962319 0.00077216
v -0.01775833 0.05940649 -0.00050550
v 0.00930091 -0.03775465 -0.21770000
v 0.01090197 -0.03728168 -0.21770000
v 0.01163947 -0.03878363 -0.21770000
v 0.00982504 -0.03973538 -0.21770000
v 0.00912345 -0.03885378 -0.21770000
v 0.01093610 -0.03966381 -0.21770000
v 0.01162717 -0.03871864 -0.21419802
v 0.01129012 -0.03765351 -0.21419802
v 0.01035276 -0.03853602 -0.21344893
v 0.01010224 -0.03725019 -0.21419661
v 0.00898540 -0.03848989 -0.21419019
v 0.00977168 -0.03966494 -0.21419881
v 0.01088313 -0.03973387 -0.21419661
v -0.01081709 -0.03733510 -0.21770000
v -0.00944093 -0.03755722 -0.21770000
v -0.00925209 -0.03935057 -0.21770000
v -0.01073850 -0.03976444 -0.21770000
v -0.01172117 -0.03858544 -0.21770000
v -0.00898540 -0.03858216 -0.21419019
v -0.00989114 -0.03733420 -0.21419802
v -0.01035276 -0.03853602 -0.21344893
v -0.01126647 -0.03755983 -0.21419416
v -0.01145057 -0.03935249 -0.21419019
v -0.00996435 -0.03976346 -0.21419802
v -0.02717750 -0.02743190 -0.21770000
v -0.02739245 -0.02922231 -0.21770000
v -0.02932332 -0.02907508 -0.21770000
v -0.02832052 -0.02691406 -0.21770000
v -0.02933613 -0.02740189 -0.21770000
v -0.02828427 -0.02818326 -0.21344893
v -0.02703935 -0.02793370 -0.21419881
v -0.02767844 -0.02702176 -0.21419661
v -0.02932455 -0.02729465 -0.21419019
v -0.02933407 -0.02896687 -0.21419661
v -0.02831799 -0.02945250 -0.21419881
v -0.02728670 -0.02903236 -0.21419661
v -0.03838071 -0.00890665 -0.21770000
v -0.03736290 -0.01006630 -0.21770000
v -0.03963288 -0.01110336 -0.21770000
v -0.03983639 -0.00972403 -0.21770000
v -0.03799878 -0.01146320 -0.21770000
v -0.03736984 -0.01058393 -0.21419661
v -0.03778793 -0.00925418 -0.21419661
v -0.03863703 -0.01025175 -0.21344893
v -0.03945350 -0.00915394 -0.21419019
v -0.03983488 -0.01078212 -0.21419661
v -0.03853131 -0.01158465 -0.21419416
v -0.03737031 0.01078896 -0.21770000
v -0.03983639 0.01098149 -0.21770000
v -0.03853440 0.01178755 -0.21770000
v -0.03945159 0.00935310 -0.21770000
v -0.03778543 0.00945793 -0.21770000
v -0.03736262 0.01027116 -0.21419802
v -0.03800219 0.01166571 -0.21419019
v -0.03863703 0.01045377 -0.21344893
v -0.03963460 0.01130288 -0.21419661
v -0.03983488 0.00992340 -0.21419661
v -0.03837775 0.00911043 -0.21419019
v -0.02932332 0.02749346 -0.21770000
v -0.02728843 0.02923689 -0.21770000
v -0.02703883 0.02813820 -0.21770000
v -0.02832052 0.02965448 -0.21770000
v -0.02933613 0.02916665 -0.21770000
v -0.02767561 0.02722491 -0.21770000
v -0.02717625 0.02763689 -0.21419416
v -0.02723448 0.02916890 -0.21419661
v -0.02828427 0.02838528 -0.21344893
v -0.02853479 0.02967112 -0.21419661
v -0.02965163 0.02843142 -0.21419017
v -0.02861646 0.02711809 -0.21419661
v -0.00988844 0.03753712 -0.21770000
v -0.00996702 0.03996646 -0.21770000
v -0.00898435 0.03878746 -0.21770000
v -0.01145344 0.03955260 -0.21770000
v -0.01126460 0.03775924 -0.21770000
v -0.00925495 0.03955451 -0.21419019
v -0.01074118 0.03996548 -0.21419802
v -0.01035276 0.03873805 -0.21344893
v -0.01172012 0.03878418 -0.21419019
v -0.01081438 0.03753622 -0.21419802
v -0.00943905 0.03776186 -0.21419416
v 0.01088048 0.03993740 -0.21770000
v 0.01162689 0.03892350 -0.21770000
v 0.01129217 0.03785752 -0.21770000
v 0.00976942 0.03986583 -0.21770000
v 0.00898435 0.03868863 -0.21770000
v 0.01010516 0.03745133 -0.21770000
v 0.01163859 0.03898857 -0.21419661
v 0.01093384 0.03986696 -0.21419881
v 0.01035276 0.03873805 -0.21344893
v 0.00982239 0.03993589 -0.21419661
v 0.00912285 0.03905335 -0.21419881
v 0.00930297 0.03795443 -0.21419661
v 0.01090447 0.03748608 -0.21419017
v 0.02724522 0.02749346 -0.21770000
v 0.02928011 0.02923689 -0.21770000
v 0.02952971 0.02813820 -0.21770000
v 0.02824803 0.02965448 -0.21770000
v 0.02723241 0.02916665 -0.21770000
v 0.02889294 0.02722491 -0.21770000
v 0.02939229 0.02763689 -0.21419416
v 0.02933407 0.02916890 -0.21419661
v 0.02828427 0.02838528 -0.21344893
v 0.02803375 0.02967112 -0.21419661
v 0.02691691 0.02843142 -0.21419017
v 0.02795209 0.02711809 -0.21419661
v 0.03785566 0.00940192 -0.21770000
v 0.03976482 0.01103711 -0.21770000
v 0.03983639 0.00992605 -0.21770000
v 0.03888464 0.01174049 -0.21770000
v 0.03738270 0.01100298 -0.21770000
v 0.03895479 0.00922446 -0.21770000
v 0.03983488 0.01098414 -0.21419661
v 0.03881965 0.01172818 -0.21419802
v 0.03863703 0.01045377 -0.21344893
v 0.03775452 0.01139113 -0.21419802
v 0.03735120 0.01020325 -0.21419661
v 0.03859090 0.00908641 -0.21419019
v 0.03976595 0.00987269 -0.21419881
v 0.03775651 -0.01119116 -0.21770000
v 0.03976482 -0.00966841 -0.21770000
v 0.03983639 -0.01077947 -0.21770000
v 0.03858761 -0.00888334 -0.21770000
v 0.03735032 -0.01000415 -0.21770000
v 0.03882249 -0.01152588 -0.21770000
v 0.03983488 -0.00972138 -0.21419661
v 0.03895234 -0.00902184 -0.21419881
v 0.03863703 -0.01025175 -0.21344893
v 0.03785342 -0.00920195 -0.21419661
v 0.03738507 -0.01080346 -0.21419017
v 0.03888756 -0.01153758 -0.21419661
v 0.03976595 -0.01083283 -0.21419881
v 0.02939105 -0.02743190 -0.21770000
v 0.02933613 -0.02896463 -0.21770000
v 0.02803667 -0.02946997 -0.21770000
v 0.02824803 -0.02691406 -0.21770000
v 0.02723241 -0.02740189 -0.21770000
v 0.02708335 -0.02864759 -0.21770000
v 0.02828427 -0.02818326 -0.21344893
v 0.02952919 -0.02793370 -0.21419881
v 0.02889011 -0.02702176 -0.21419661
v 0.02724399 -0.02729465 -0.21419019
v 0.02723447 -0.02896687 -0.21419661
v 0.02825055 -0.02945250 -0.21419881
v 0.02928184 -0.02903236 -0.21419661
v -0.00100757 0.03823779 -0.21770000
v 0.00175538 0.04117743 -0.21770000
v 0.00172067 0.03873875 -0.21770000
v -0.00005903 0.04221839 -0.21770000
v -0.00209593 0.04059967 -0.21770000
v -0.00061612 0.03803656 -0.21670000
v 0.00180419 0.03899119 -0.21670000
v 0.00180989 0.04108301 -0.21670000
v 0.00005903 0.04221839 -0.21670000
v -0.00214958 0.04054348 -0.21670000
v 0.03700514 0.00124913 -0.21770000
v 0.03693677 -0.00219220 -0.21770000
v -0.03699998 -0.00066394 -0.21770000
v 0.03662132 0.00543661 -0.21770000
v 0.03524352 0.01139147 -0.21770000
v 0.03605548 0.00844252 -0.21770000
v 0.03419077 0.01426328 -0.21770000
v 0.03139336 0.01969771 -0.21770000
v 0.03290474 0.01703850 -0.21770000
v 0.02966833 0.02222364 -0.21770000
v 0.02562193 0.02680471 -0.21770000
v 0.02773960 0.02459767 -0.21770000
v 0.02214045 0.02979371 -0.21770000
v 0.01695124 0.03303291 -0.21770000
v 0.01129967 0.03537404 -0.21770000
v 0.00533976 0.03675338 -0.21770000
v -0.00038229 0.03712010 -0.21770000
v -0.00534036 0.03675281 -0.21770000
v -0.01130032 0.03537422 -0.21770000
v -0.01695227 0.03303376 -0.21770000
v -0.02182193 0.03000682 -0.21770000
v -0.02449667 0.02784077 -0.21770000
v -0.02749538 0.02489291 -0.21770000
v -0.02966811 0.02222341 -0.21770000
v -0.03290375 0.01703799 -0.21770000
v -0.03139352 0.01969778 -0.21770000
v -0.03419082 0.01426338 -0.21770000
v -0.03537413 0.01103111 -0.21770000
v -0.03657806 0.00581742 -0.21770000
v -0.03693678 0.00239422 -0.21770000
v -0.03615652 -0.00787073 -0.21770000
v -0.03681041 -0.00371664 -0.21770000
v -0.03419186 -0.01406184 -0.21770000
v -0.03524467 -0.01118993 -0.21770000
v -0.03237635 -0.01785489 -0.21770000
v -0.03055766 -0.02077706 -0.21770000
v -0.02670358 -0.02552106 -0.21770000
v -0.02872824 -0.02322839 -0.21770000
v -0.02334858 -0.02865138 -0.21770000
v -0.01829766 -0.03210225 -0.21770000
v -0.01274766 -0.03467483 -0.21770000
v -0.00684988 -0.03629925 -0.21770000
v -0.00114782 -0.03690337 -0.21770000
v 0.00382099 -0.03673842 -0.21770000
v 0.00983233 -0.03560766 -0.21770000
v 0.01557695 -0.03350493 -0.21770000
v 0.01959699 -0.03129279 -0.21770000
v 0.02303917 -0.02887748 -0.21770000
v 0.02562207 -0.02660270 -0.21770000
v 0.02849670 -0.02353364 -0.21770000
v 0.03217648 -0.01818167 -0.21770000
v 0.03055675 -0.02077629 -0.21770000
v 0.03357609 -0.01546201 -0.21770000
v 0.03513964 -0.01155846 -0.21770000
v 0.03662132 -0.00523459 -0.21770000
v 0.03605548 -0.00824049 -0.21770000
v 0.03638082 -0.00676751 -0.19542210
v 0.03684947 -0.00334126 -0.19473375
v 0.03702286 0.00075332 -0.19447775
v 0.03541404 0.00025908 -0.19674756
v 0.03663412 0.00545682 -0.19506206
v 0.03549227 0.01064879 -0.19665231
v 0.03525929 -0.01117361 -0.19695275
v 0.03439895 0.00027778 -0.19804102
v 0.03442178 0.01368974 -0.19801581
v 0.03368110 -0.01528689 -0.19891378
v 0.03368008 -0.00085425 -0.19890051
v 0.03312346 0.01662001 -0.19954182
v 0.03250578 -0.00062438 -0.20021525
v 0.03127674 -0.01970847 -0.20149723
v 0.03180717 0.01901829 -0.20094992
v 0.03095231 0.00013591 -0.20180474
v 0.02872524 -0.02324795 -0.20383897
v 0.02990973 0.00038013 -0.20278712
v 0.03001843 0.02175434 -0.20269653
v 0.02863201 -0.00013300 -0.20390862
v 0.02717771 0.00014874 -0.20508502
v 0.02679903 -0.02541523 -0.20537472
v 0.02791531 0.02439150 -0.20449929
v 0.02542682 -0.02677937 -0.20637269
v 0.02597607 0.00028560 -0.20598376
v 0.02537310 0.02706646 -0.20643398
v 0.02473398 -0.00019239 -0.20684856
v 0.02385385 -0.02819559 -0.20743328
v 0.02322275 -0.00008634 -0.20781918
v 0.02212401 0.02977159 -0.20848066
v 0.02213591 0.00054351 -0.20846541
v 0.02135921 -0.03011818 -0.20890488
v 0.01908039 -0.03161577 -0.21007971
v 0.02078394 -0.00038752 -0.20921242
v 0.01874589 0.00021506 -0.21022658
v 0.01969171 0.03143209 -0.20977333
v 0.01743054 0.03274719 -0.21082158
v 0.01755151 -0.00018655 -0.21076187
v 0.01517005 -0.03367006 -0.21172482
v 0.01585433 -0.00008711 -0.21145150
v 0.01503967 0.03390842 -0.21175413
v 0.01264197 0.03488680 -0.21254922
v 0.01412389 0.00020352 -0.21207258
v 0.01286321 -0.00011695 -0.21247499
v 0.01182504 -0.03497022 -0.21279114
v 0.01133619 0.00031961 -0.21290778
v 0.01003347 0.03571864 -0.21323092
v 0.00905220 0.00010877 -0.21344703
v 0.00819411 -0.03599932 -0.21362789
v 0.00848766 0.03611292 -0.21355838
v 0.00748381 0.00012356 -0.21374448
v 0.00499781 0.03678483 -0.21411552
v 0.00590369 0.00013113 -0.21398561
v 0.00538494 -0.03650858 -0.21405298
v 0.00233686 -0.03684248 -0.21432966
v 0.00431428 0.00013182 -0.21416983
v 0.00347637 0.03696450 -0.21425667
v -0.00051283 0.03711047 -0.21438308
v -0.00178371 -0.03686876 -0.21435022
v -0.00345976 0.03694724 -0.21425052
v -0.00284979 0.00011690 -0.21428843
v -0.00542103 -0.03651885 -0.21406350
v -0.00444564 0.00008516 -0.21415681
v -0.00654645 0.03653756 -0.21390676
v -0.00678720 0.00025160 -0.21385796
v -0.00877720 -0.03585051 -0.21351245
v -0.00836023 -0.00006697 -0.21358547
v -0.01040603 0.03562049 -0.21315426
v -0.00991989 -0.00007672 -0.21325716
v -0.01144194 -0.03509269 -0.21288541
v -0.01146363 0.00028063 -0.21287391
v -0.01369716 0.03448359 -0.21222392
v -0.01275909 0.00018597 -0.21250638
v -0.01367537 -0.03428037 -0.21222036
v -0.01449490 0.00025787 -0.21194620
v -0.01528473 -0.03359323 -0.21166471
v -0.01678313 0.03308713 -0.21109620
v -0.01623264 0.00035841 -0.21130481
v -0.01740369 -0.03255751 -0.21083121
v -0.01743514 0.00000748 -0.21081179
v -0.01933544 0.03166962 -0.20995905
v -0.01951758 0.00054982 -0.20985788
v -0.01923313 -0.03150717 -0.21000102
v -0.02111991 -0.03028581 -0.20903945
v -0.02090026 -0.00031117 -0.20915055
v -0.02265309 0.02936757 -0.20817199
v -0.02201183 0.00027900 -0.20853655
v -0.02403341 -0.02806204 -0.20732710
v -0.02356522 0.00038923 -0.20760673
v -0.02427271 0.02802850 -0.20715314
v -0.02569679 0.02672742 -0.20618495
v -0.02484347 0.00029707 -0.20677483
v -0.02655060 -0.02568258 -0.20557128
v -0.02661631 -0.00053036 -0.20551279
v -0.02768588 0.02467311 -0.20469616
v -0.02779038 0.00060856 -0.20460175
v -0.02833329 -0.02369889 -0.20416023
v -0.02969907 0.02217666 -0.20298046
v -0.02910064 0.00068159 -0.20350730
v -0.03027312 -0.02120557 -0.20246308
v -0.03044251 -0.00067648 -0.20229304
v -0.03144594 0.01964227 -0.20132913
v -0.03128752 0.00036852 -0.20147502
v -0.03279060 -0.01711079 -0.19992560
v -0.03276964 -0.00080601 -0.19992886
v -0.03357331 0.01569453 -0.19903040
v -0.03394942 -0.00111439 -0.19858363
v -0.03461849 -0.01298341 -0.19777206
v -0.03505456 0.01200147 -0.19722825
v -0.03498438 -0.00131030 -0.19730714
v -0.03567121 -0.00978981 -0.19640696
v -0.03601720 -0.00202278 -0.19592968
v -0.03623686 0.00769481 -0.19562556
v -0.03660635 -0.00543675 -0.19509400
v -0.03676934 0.00429769 -0.19485229
v -0.03696245 -0.00176960 -0.19456583
v -0.03699173 0.00124855 -0.19454879
v 0.03676843 0.00475624 -0.24319179
v 0.03045671 0.00606215 -0.24666281
v 0.03120092 0.00242006 -0.24650121
v 0.00398309 0.03085257 -0.24666111
v 0.00581243 0.03665521 -0.24319881
v 0.00330794 0.03151428 -0.24632552
v 0.00383124 0.03681336 -0.24325085
v -0.00331395 0.03150438 -0.24633104
v -0.00384161 0.03682826 -0.24324167
v -0.00625818 0.03659853 -0.24319468
v -0.00396705 0.03086414 -0.24665910
v 0.03687554 -0.00303736 -0.24319714
v 0.03115853 -0.00222649 -0.24652815
v 0.03651769 -0.00593289 -0.24320063
v 0.03059088 -0.00498410 -0.24666494
v 0.03533840 -0.00218816 -0.24411669
v 0.03599658 -0.00148498 -0.24377190
v 0.03701292 0.00032560 -0.24319939
v 0.03582038 0.00219161 -0.24384861
v -0.00700719 0.03031245 -0.24666490
v -0.01094795 0.03546718 -0.24320038
v -0.01003264 0.02944416 -0.24666363
v -0.01556553 0.03371622 -0.24319975
v -0.01377226 0.02790638 -0.24666439
v -0.01781281 0.02551736 -0.24666560
v -0.02063805 0.03083689 -0.24320033
v -0.02489226 0.02753473 -0.24320012
v -0.02082543 0.02308024 -0.24666366
v -0.02308157 0.02082304 -0.24666451
v -0.02859147 0.02362018 -0.24320029
v -0.02587757 0.01724189 -0.24666223
v -0.03171891 0.01923593 -0.24320015
v -0.02806138 0.01331914 -0.24666449
v -0.03413892 0.01442433 -0.24320026
v -0.02971057 0.00908670 -0.24666221
v -0.03539121 0.01093933 -0.24319954
v -0.03652668 0.00625045 -0.24320260
v -0.03065260 0.00479739 -0.24666514
v -0.03702039 0.00043803 -0.24319978
v -0.03100351 0.00135122 -0.24666254
v -0.03089180 -0.00264227 -0.24666488
v -0.03670453 -0.00505461 -0.24319631
v -0.03045226 -0.00575901 -0.24666362
v -0.03513608 -0.01159822 -0.24320015
v -0.02944883 -0.00967537 -0.24666442
v -0.03330684 -0.01606308 -0.24320030
v -0.02764402 -0.01400916 -0.24666560
v -0.03062827 -0.02073509 -0.24320014
v -0.02564958 -0.01733007 -0.24666366
v -0.02372693 -0.01987881 -0.24666449
v -0.02726606 -0.02494265 -0.24320026
v -0.02056929 -0.02314473 -0.24666221
v -0.02361282 -0.02842706 -0.24320011
v -0.01706532 -0.02579130 -0.24666514
v -0.01969704 -0.03124624 -0.24320041
v -0.01536026 -0.03360849 -0.24319971
v -0.01408003 -0.02754915 -0.24666254
v -0.01040500 -0.02911485 -0.24666490
v -0.00987105 -0.03558072 -0.24320036
v -0.00738937 -0.03001664 -0.24666363
v -0.00503911 -0.03659515 -0.24320184
v -0.00445447 -0.03058905 -0.24666391
v -0.00049219 -0.03093199 -0.24666493
v 0.00078558 -0.03691258 -0.24320033
v 0.00570721 -0.03649921 -0.24320081
v 0.00377598 -0.03067988 -0.24666385
v 0.00662322 -0.03019713 -0.24666363
v 0.01137611 -0.03512976 -0.24320027
v 0.01022443 -0.02919327 -0.24666458
v 0.01637518 -0.03312680 -0.24320017
v 0.01369866 -0.02772146 -0.24666366
v 0.01649080 -0.02617090 -0.24666449
v 0.02100934 -0.03038228 -0.24320024
v 0.01913941 -0.02429478 -0.24666376
v 0.02496785 -0.02724898 -0.24320011
v 0.02195461 -0.02182430 -0.24666567
v 0.02830409 -0.02376322 -0.24320038
v 0.02428183 -0.01918797 -0.24666363
v 0.03124638 -0.01979701 -0.24319974
v 0.02660038 -0.01587506 -0.24666438
v 0.02871261 -0.01168339 -0.24666560
v 0.03396267 -0.01463534 -0.24320035
v 0.03566185 -0.00988138 -0.24320006
v 0.02993374 -0.00800543 -0.24666366
v 0.03527540 0.01137320 -0.24320011
v 0.02945576 0.00980158 -0.24666366
v 0.02834020 0.01268951 -0.24666514
v 0.03350045 0.01585992 -0.24320039
v 0.03112447 0.02018919 -0.24319972
v 0.02677572 0.01578031 -0.24666254
v 0.02452664 0.01908189 -0.24666490
v 0.02756782 0.02481211 -0.24320036
v 0.02247455 0.02146856 -0.24666362
v 0.02404923 0.02827728 -0.24319977
v 0.01951613 0.02422430 -0.24666440
v 0.01931537 0.03168486 -0.24320030
v 0.01565802 0.02689867 -0.24666558
v 0.01453887 0.03417234 -0.24320014
v 0.01218640 0.02861829 -0.24666366
v 0.00919265 0.02972627 -0.24666449
v 0.00943753 0.03589984 -0.24320027
v 0.00604389 0.03051388 -0.24666376
v 0.03090603 0.00264062 -0.24859321
v 0.03100521 0.00102617 -0.25870246
v 0.03061011 0.00522076 -0.25869733
v 0.03100365 0.00191375 -0.24870245
v 0.03093943 -0.00195267 -0.25870132
v 0.03094768 -0.00178464 -0.24870087
v 0.03095425 -0.00229594 -0.24818294
v 0.03058995 -0.00501449 -0.25869888
v -0.00384396 0.03087692 -0.25423929
v -0.00572419 0.03059302 -0.25871190
v -0.00276871 0.03103340 -0.25470141
v -0.00051436 0.03111694 -0.25870174
v 0.00282431 0.03099588 -0.25470084
v 0.00287357 0.03098171 -0.25869948
v 0.00612589 0.03050306 -0.25870052
v 0.00382965 0.03089361 -0.25417355
v -0.00930994 0.02968536 -0.25869897
v -0.01238836 0.02853212 -0.25870073
v -0.01532801 0.02706113 -0.25870076
v -0.01809686 0.02528906 -0.25869855
v -0.02065985 0.02323043 -0.25870073
v -0.02284992 0.02106255 -0.25870070
v -0.02457454 0.01902256 -0.25869855
v -0.02643745 0.01631398 -0.25870073
v -0.02831685 0.01277653 -0.25870037
v -0.02952032 0.00960628 -0.25870073
v -0.03036266 0.00642864 -0.25869858
v -0.03078779 0.00379138 -0.25869882
v -0.03100676 0.00071760 -0.25870073
v -0.03089779 -0.00256774 -0.25870079
v -0.03054949 -0.00521623 -0.25869825
v -0.02987487 -0.00822314 -0.25870073
v -0.02882596 -0.01133845 -0.25870076
v -0.02745514 -0.01432636 -0.25869855
v -0.02577200 -0.01715017 -0.25870073
v -0.02392894 -0.01961984 -0.25870067
v -0.02214793 -0.02161078 -0.25869855
v -0.01972399 -0.02383146 -0.25870073
v -0.01700003 -0.02585111 -0.25869751
v -0.01350886 -0.02781511 -0.25870073
v -0.01047820 -0.02908807 -0.25870079
v -0.00792626 -0.02987764 -0.25869823
v -0.00491237 -0.03052035 -0.25870073
v -0.00164366 -0.03086662 -0.25870168
v 0.00159239 -0.03087410 -0.25869697
v 0.00491237 -0.03052035 -0.25870073
v 0.00792605 -0.02987704 -0.25870067
v 0.01047884 -0.02909020 -0.25869855
v 0.01350886 -0.02781511 -0.25870073
v 0.01700004 -0.02585110 -0.25870037
v 0.01972399 -0.02383146 -0.25870073
v 0.02214625 -0.02160931 -0.25870079
v 0.02392940 -0.01962028 -0.25869823
v 0.02577200 -0.01715017 -0.25870073
v 0.02745312 -0.01432543 -0.25870076
v 0.02882797 -0.01133937 -0.25869855
v 0.02987487 -0.00822314 -0.25870073
v 0.02952032 0.00960627 -0.25870073
v 0.02831685 0.01277655 -0.25869751
v 0.02643746 0.01631397 -0.25870073
v 0.02457285 0.01902111 -0.25870079
v 0.02285043 0.02106294 -0.25869823
v 0.02065985 0.02323042 -0.25870073
v 0.01809566 0.02528719 -0.25870076
v 0.01532921 0.02706301 -0.25869855
v 0.01238836 0.02853212 -0.25870073
v 0.00930993 0.02968536 -0.25869897
v 0.03135658 -0.00438608 -0.23970009
v 0.03523190 -0.00970390 -0.23969999
v 0.02956155 -0.00297025 -0.23969996
v 0.02902382 -0.00798447 -0.23970000
v 0.02951115 0.00274219 -0.23970005
v -0.00446865 0.03123152 -0.23970003
v -0.00264116 0.02961218 -0.23970008
v -0.00518105 0.02674071 -0.23970000
v 0.02663970 0.00528206 -0.23970000
v 0.03113074 0.00456969 -0.23970005
v 0.02807340 0.00621661 -0.23970000
v 0.02429708 0.00540646 -0.23970000
v 0.03594265 -0.00450960 -0.23968688
v -0.02398464 0.02768913 -0.23970000
v -0.01698239 0.03255726 -0.23969997
v -0.00611560 0.02817441 -0.23970000
v -0.00760782 0.02900188 -0.23970000
v 0.02478224 0.00193180 -0.23970000
v -0.02955678 0.00321431 -0.23970027
v -0.02684211 0.00536492 -0.23970000
v -0.02440846 0.00533420 -0.23970000
v -0.02812687 0.00627551 -0.23970000
v -0.02902382 0.00818649 -0.23970000
v -0.03027074 0.02076360 -0.23969999
v 0.00442000 0.03093964 -0.23970017
v 0.02187974 0.02940615 -0.23969999
v 0.02756261 0.02413765 -0.23970000
v 0.01575512 0.03307334 -0.23970000
v 0.02812687 -0.00607349 -0.23970000
v 0.02634492 -0.00495407 -0.23970000
v -0.03113050 -0.00436764 -0.23970003
v -0.02577500 -0.02598805 -0.23969999
v -0.03230447 -0.01711828 -0.23969999
v -0.02457823 0.00375267 -0.23970000
v -0.02483896 0.00083407 -0.23970000
v -0.03153526 0.00459567 -0.23970003
v -0.00867000 0.03559626 -0.23970000
v -0.00463510 0.03598854 -0.23969027
v -0.00531138 0.02438468 -0.23970000
v -0.00146643 0.02492528 -0.23970000
v -0.02428904 -0.00520855 -0.23970000
v -0.02951117 -0.00254015 -0.23970008
v -0.02475254 -0.00209508 -0.23970000
v -0.03587228 0.00469416 -0.23968686
v -0.03491785 0.01114242 -0.23969999
v 0.03286432 0.01624015 -0.23969997
v 0.00921146 0.03547537 -0.23969999
v -0.03531843 -0.00932399 -0.23969999
v -0.03590919 -0.00454180 -0.23969062
v -0.02807340 -0.00601459 -0.23970000
v -0.02890087 -0.00750681 -0.23970000
v -0.02663970 -0.00508004 -0.23970000
v 0.00201376 0.02486905 -0.23970000
v 0.00237477 0.02960335 -0.23970000
v 0.00538863 0.02436847 -0.23970000
v 0.00679021 0.02875358 -0.23970000
v 0.00505508 0.02644593 -0.23970000
v 0.00460291 0.03601203 -0.23968670
v 0.00954311 0.02889328 -0.23970000
v 0.02877735 0.00952154 -0.23970000
v 0.02654332 -0.02510881 -0.23969999
v 0.01910466 -0.02249207 -0.23970000
v 0.03221055 -0.01726019 -0.23969999
v 0.01884696 -0.02033454 -0.23970000
v 0.01779081 -0.01908283 -0.23970000
v 0.01951025 -0.01818035 -0.23970000
v -0.01650108 0.01872248 -0.23970000
v -0.01862446 0.01653245 -0.23970000
v -0.01951025 0.01838237 -0.23970000
v -0.01779081 0.01928485 -0.23970000
v 0.02890087 0.00770883 -0.23970000
v 0.03542484 0.00909607 -0.23970000
v 0.03586305 0.00472740 -0.23968996
v 0.02482045 -0.00127361 -0.23970000
v 0.02427443 -0.00528358 -0.23970000
v 0.01648425 -0.01852409 -0.23970000
v 0.01862604 -0.01633674 -0.23970000
v -0.01807515 0.02437357 -0.23970000
v -0.01910466 0.02269409 -0.23970000
v -0.01162365 0.02583116 -0.23970000
v -0.01422938 0.02483087 -0.23970000
v -0.01643129 0.02520175 -0.23970000
v 0.01850662 0.01995099 -0.23970000
v 0.01915719 0.02175428 -0.23970000
v 0.02050265 0.01897784 -0.23970000
v 0.01757861 -0.02463015 -0.23970000
v 0.02055469 -0.03011383 -0.23970000
v 0.02834293 -0.01017746 -0.23970000
v -0.00944379 0.02887010 -0.23970000
v -0.01104034 0.02771616 -0.23970000
v -0.02170938 0.01926053 -0.23970000
v -0.01887683 0.02060366 -0.23970000
v -0.02385299 0.01863511 -0.23970000
v 0.01871834 0.02359545 -0.23970000
v 0.01760658 0.02471643 -0.23970000
v 0.02461542 -0.01750556 -0.23970000
v 0.02512624 -0.01601600 -0.23970000
v 0.02513561 0.01640174 -0.23970000
v 0.02761514 0.01114135 -0.23970000
v 0.02480956 0.01459245 -0.23970000
v 0.02349444 -0.01861732 -0.23970000
v -0.01272496 0.02300801 -0.23970000
v 0.02427256 0.01817616 -0.23970000
v 0.01611702 0.02522725 -0.23970000
v -0.00993255 -0.02267502 -0.23970000
v -0.01444075 -0.02469524 -0.23970000
v -0.01282496 -0.02315100 -0.23970000
v 0.02170938 -0.01905851 -0.23970000
v 0.02472216 -0.01418632 -0.23970000
v 0.02505880 0.01174196 -0.23970000
v 0.02383529 0.01335011 -0.23970000
v -0.01915952 -0.02160837 -0.23970000
v -0.02345892 -0.01865276 -0.23970000
v -0.02098957 -0.01901394 -0.23970000
v -0.01828136 -0.01940924 -0.23970000
v -0.02140262 -0.01251361 -0.23970000
v -0.02352505 -0.01288703 -0.23970000
v -0.02276916 -0.00989871 -0.23970000
v -0.01264840 0.02148005 -0.23970000
v -0.00993939 0.02290447 -0.23970000
v -0.01103853 0.02381201 -0.23970000
v -0.02512323 0.01648767 -0.23970000
v -0.02472216 0.01438834 -0.23970000
v -0.02834293 0.01037948 -0.23970000
v -0.02694083 0.01147249 -0.23970000
v 0.01282496 0.02335302 -0.23970000
v 0.01262614 0.02153363 -0.23970000
v 0.01078964 0.02355673 -0.23970000
v 0.00985675 0.02290280 -0.23970000
v -0.01918384 -0.01768980 -0.23970000
v -0.01644717 -0.01852610 -0.23970000
v -0.01862281 -0.01635868 -0.23970000
v -0.01263389 -0.02131219 -0.23970000
v -0.02277444 0.01003129 -0.23970000
v -0.02325201 0.01292597 -0.23970000
v -0.02142244 0.01273147 -0.23970000
v 0.02275496 0.01008076 -0.23970000
v 0.02148079 0.01261822 -0.23970000
v 0.02259308 0.01920567 -0.23970000
v 0.01444075 0.02489726 -0.23970000
v 0.01128215 0.02729241 -0.23970000
v 0.01160734 0.02534977 -0.23970000
v -0.01130146 -0.02413258 -0.23970000
v -0.02513148 -0.01593189 -0.23970000
v -0.02876909 -0.00934278 -0.23970000
v -0.02761514 -0.01093932 -0.23970000
v -0.02480956 -0.01439043 -0.23970000
v 0.01347642 -0.02406718 -0.23970000
v 0.01534750 -0.02498120 -0.23970000
v 0.01465204 -0.03339056 -0.23970000
v 0.02470921 -0.01145460 -0.23970000
v 0.02325201 -0.01272395 -0.23970000
v 0.02277576 -0.00983177 -0.23970000
v 0.02140493 -0.01253559 -0.23970000
v 0.01713956 0.01892992 -0.23970000
v 0.01918384 0.01789182 -0.23970000
v 0.01862168 0.01661291 -0.23970000
v 0.01641396 0.01874028 -0.23970000
v -0.01159043 -0.02634678 -0.23970000
v -0.01741479 -0.03210553 -0.23969999
v 0.02694083 -0.01127047 -0.23970000
v -0.02505880 -0.01153994 -0.23970000
v -0.01611702 -0.02502523 -0.23970000
v 0.00616808 -0.02802134 -0.23970000
v 0.00291044 -0.03580941 -0.23969771
v 0.00267542 -0.02853436 -0.23970135
v -0.02470921 0.01165663 -0.23970000
v -0.02465682 -0.01743765 -0.23970000
v 0.00791704 -0.03558170 -0.23970000
v 0.00942052 -0.02867634 -0.23970000
v 0.01104034 -0.02751413 -0.23970000
v 0.01164095 -0.02495779 -0.23970000
v -0.01868154 -0.02345700 -0.23970000
v 0.00518105 -0.02653868 -0.23970000
v 0.00513137 -0.02500200 -0.23970000
v 0.00018405 -0.02476709 -0.23970002
v 0.00534777 -0.02420421 -0.23970000
v -0.00507666 -0.02517052 -0.23970000
v -0.00542731 -0.02414126 -0.23970000
v -0.00310736 -0.02455371 -0.23970000
v 0.00760782 -0.02879986 -0.23970000
v 0.01251814 -0.02137933 -0.23970000
v 0.00998223 -0.02265602 -0.23970000
v -0.01760658 -0.02451441 -0.23970000
v -0.01027847 -0.02824192 -0.23970000
v -0.00873006 -0.03540957 -0.23969999
v -0.00558242 -0.02748386 -0.23970000
v -0.00076196 -0.02706753 -0.23970141
v -0.00272403 -0.02913464 -0.23970008
v -0.00808548 -0.02892281 -0.23970000
v -0.00286051 -0.03582729 -0.23969707
v 0.02719930 0.00932112 -0.25220001
v 0.02733291 0.00789843 -0.25220001
v 0.02877677 0.00684499 -0.25220001
v 0.00595374 0.02900769 -0.25220001
v 0.00783538 0.02743398 -0.25220001
v 0.01056916 0.02770312 -0.25220001
v 0.00897775 0.02738982 -0.25220001
v 0.01005107 0.02630551 -0.25220001
v 0.00685206 0.02668002 -0.25220001
v 0.00269439 0.02949948 -0.25220001
v 0.01210683 0.02386200 -0.25220001
v 0.01625418 0.02478674 -0.25220001
v 0.01113430 0.02231658 -0.25220001
v 0.01367092 0.02084959 -0.25220001
v 0.01411612 0.02201129 -0.25220001
v 0.01583919 0.02368636 -0.25220001
v 0.01692032 0.02330793 -0.25220001
v 0.01469460 0.02321462 -0.25220001
v 0.01756152 0.02236230 -0.25220001
v 0.02118110 0.02071520 -0.25220001
v 0.01736160 0.02104398 -0.25220001
v 0.01600301 0.02016263 -0.25220001
v 0.01460005 0.02076887 -0.25220001
v 0.01693109 0.01832918 -0.25220001
v 0.02349790 0.01647929 -0.25220001
v 0.02522188 0.01551081 -0.25220001
v 0.02289357 0.01733468 -0.25220001
v 0.02345374 0.01533692 -0.25220001
v 0.02236943 0.01426360 -0.25220001
v 0.02024738 0.01454090 -0.25220004
v 0.02011849 0.01564604 -0.25220001
v 0.02056916 0.01719999 -0.25220001
v 0.02086674 0.01454245 -0.25220001
v 0.02191032 0.01770062 -0.25220001
v 0.02201236 0.01164567 -0.25220001
v 0.02424423 0.00555405 -0.25220001
v 0.02502507 0.00678147 -0.25220001
v 0.02343299 0.00837002 -0.25220001
v 0.02389669 0.00831166 -0.25220001
v 0.02470960 0.00992600 -0.25220001
v 0.02726688 0.01139529 -0.25220001
v 0.02654201 0.00694456 -0.25220001
v 0.02955374 0.00050123 -0.25220001
v 0.02477141 0.00229827 -0.25220001
v 0.02612854 0.01011564 -0.25220001
v 0.02728880 -0.00887674 -0.25220001
v 0.02756272 -0.01045076 -0.25220001
v 0.02894884 -0.00586124 -0.25220001
v 0.02620450 -0.00995006 -0.25220001
v 0.02557983 -0.01470634 -0.25220001
v 0.02470181 -0.00967121 -0.25220001
v 0.02395355 -0.00856762 -0.25220001
v 0.02420606 -0.00735160 -0.25220001
v 0.02392437 -0.00659386 -0.25220001
v 0.02324057 -0.00868261 -0.25220001
v 0.02733297 -0.00773437 -0.25220001
v 0.02657901 -0.00675105 -0.25220001
v 0.02469640 -0.00291830 -0.25220001
v 0.02516226 -0.00656473 -0.25220001
v 0.02044266 -0.01402653 -0.25220001
v 0.02191028 -0.01401511 -0.25220001
v 0.02226195 -0.01095435 -0.25220001
v 0.02311361 -0.01459359 -0.25220001
v 0.02358535 -0.01573818 -0.25220001
v 0.02320692 -0.01681930 -0.25220001
v 0.02066786 -0.01449904 -0.25220001
v 0.01972419 -0.02188243 -0.25220001
v 0.02094297 -0.01726059 -0.25220001
v 0.02006162 -0.01590200 -0.25220001
v 0.01840883 -0.01662417 -0.25220001
v 0.02275072 -0.01869920 -0.25220001
v 0.02226129 -0.01746051 -0.25220001
v 0.01709898 -0.02046815 -0.25220001
v 0.01759961 -0.02180931 -0.25220001
v 0.01523591 -0.02335273 -0.25220001
v 0.01416259 -0.02226842 -0.25220001
v 0.01349854 -0.02616469 -0.25220001
v 0.01554503 -0.02001747 -0.25220001
v 0.01545131 -0.01935825 -0.25220001
v 0.01444144 -0.02076573 -0.25220001
v 0.01689188 -0.02410039 -0.25220001
v 0.01723366 -0.02279256 -0.25220001
v 0.01637828 -0.02339689 -0.25220001
v 0.01235983 -0.02149298 -0.25220001
v 0.01001463 -0.02602753 -0.25220001
v 0.00982499 -0.02460859 -0.25220001
v 0.00209985 -0.02937268 -0.25220001
v 0.00684355 -0.02644100 -0.25220001
v 0.00068719 -0.02473578 -0.25220001
v 0.00668045 -0.02492406 -0.25220001
v 0.00980163 -0.02773730 -0.25220001
v 0.00922011 -0.02709829 -0.25220001
v 0.00673433 -0.02863385 -0.25220001
v 0.00779742 -0.02723190 -0.25220001
v 0.00410524 -0.02441466 -0.25220001
v 0.00821065 -0.02379568 -0.25220001
v 0.00634031 -0.02391513 -0.25220001
v 0.00844130 -0.02326968 -0.25220001
v -0.00685206 -0.02647800 -0.25220001
v -0.00269439 -0.02929746 -0.25220001
v -0.01422212 -0.02577319 -0.25220001
v -0.00977222 -0.02460080 -0.25220001
v -0.00866863 -0.02385254 -0.25220001
v -0.00809594 -0.02339296 -0.25220001
v -0.00745261 -0.02410505 -0.25220001
v -0.00527401 -0.02418368 -0.25220001
v -0.00666574 -0.02506125 -0.25220001
v -0.00228759 -0.02464824 -0.25220001
v -0.00783538 -0.02723196 -0.25220001
v -0.01056753 -0.02750173 -0.25220001
v -0.00595374 -0.02880567 -0.25220001
v -0.00897775 -0.02718779 -0.25220001
v -0.01005107 -0.02610349 -0.25220001
v -0.01411612 -0.02180927 -0.25220001
v -0.01469460 -0.02301260 -0.25220001
v -0.01583919 -0.02348434 -0.25220001
v -0.01754105 -0.02363409 -0.25220001
v -0.01692032 -0.02310591 -0.25220001
v -0.01756152 -0.02216028 -0.25220001
v -0.02118110 -0.02051318 -0.25220001
v -0.01335851 -0.02083927 -0.25220001
v -0.01089158 -0.02224302 -0.25220001
v -0.01538211 -0.01941934 -0.25220001
v -0.01460005 -0.02056685 -0.25220001
v -0.01600301 -0.01996061 -0.25220001
v -0.01744568 -0.01760350 -0.25220001
v -0.01736160 -0.02084196 -0.25220001
v -0.02086674 -0.01434043 -0.25220001
v -0.02011849 -0.01544402 -0.25220001
v -0.01979787 -0.01491735 -0.25220001
v -0.02444613 -0.01647265 -0.25220001
v -0.02349790 -0.01627727 -0.25220001
v -0.02345374 -0.01513489 -0.25220001
v -0.02276489 -0.00997349 -0.25220001
v -0.02197950 -0.01153113 -0.25220001
v -0.02236943 -0.01406158 -0.25220001
v -0.02191032 -0.01749860 -0.25220001
v -0.02289357 -0.01713265 -0.25220001
v -0.02056916 -0.01699797 -0.25220001
v -0.02709811 -0.01166758 -0.25220001
v -0.02719930 -0.00911910 -0.25220001
v -0.02733291 -0.00769641 -0.25220001
v -0.02894884 -0.00586124 -0.25220001
v -0.02654201 -0.00674254 -0.25220001
v -0.02955374 0.00050123 -0.25220001
v -0.02877677 0.00684499 -0.25220001
v -0.02733297 0.00793639 -0.25220001
v -0.02728880 0.00907877 -0.25220001
v -0.02665360 0.01287480 -0.25220001
v -0.02620450 0.01015208 -0.25220001
v -0.02657901 0.00695307 -0.25220001
v -0.02516226 0.00676675 -0.25220001
v -0.02006162 0.01610402 -0.25220001
v -0.02066786 0.01470106 -0.25220001
v -0.02003304 0.01483593 -0.25220004
v -0.02525111 0.01548339 -0.25220001
v -0.02358535 0.01594020 -0.25220001
v -0.02320692 0.01702133 -0.25220001
v -0.02311361 0.01479561 -0.25220001
v -0.02191028 0.01421713 -0.25220001
v -0.01783320 0.01741624 -0.25220001
v -0.02118110 0.02071520 -0.25220001
v -0.02226129 0.01766253 -0.25220001
v -0.02094297 0.01746261 -0.25220001
v -0.02242480 0.01082811 -0.25220001
v -0.01759961 0.02201133 -0.25220001
v -0.01754105 0.02383611 -0.25220001
v -0.01146078 0.02215008 -0.25220001
v -0.01416259 0.02247044 -0.25220001
v -0.01429112 0.02045545 -0.25220004
v -0.01444144 0.02096776 -0.25220001
v -0.01723366 0.02299458 -0.25220001
v -0.01523591 0.02355475 -0.25220001
v -0.01346246 0.02641360 -0.25220001
v -0.01637828 0.02359891 -0.25220001
v -0.01554503 0.02021950 -0.25220001
v -0.01709898 0.02067017 -0.25220001
v -0.00752124 0.02868448 -0.25220001
v -0.00779742 0.02743392 -0.25220001
v -0.00684355 0.02664302 -0.25220001
v -0.00160006 0.02959494 -0.25220001
v -0.00922011 0.02730031 -0.25220001
v 0.00666574 0.02526327 -0.25220001
v 0.00977222 0.02480282 -0.25220001
v 0.00704863 0.02392937 -0.25220001
v 0.00866863 0.02405456 -0.25220001
v 0.00745261 0.02430707 -0.25220001
v 0.00210591 0.02486969 -0.25220001
v 0.00491312 0.02444898 -0.25220001
v -0.00073269 0.02493345 -0.25220001
v -0.00668045 0.02512608 -0.25220001
v -0.00374329 0.02467482 -0.25220001
v -0.00784357 0.02370757 -0.25220001
v -0.00821065 0.02399770 -0.25220001
v -0.00982499 0.02481062 -0.25220001
v -0.01001463 0.02622955 -0.25220001
v -0.02395355 0.00876965 -0.25220001
v -0.02420606 0.00755362 -0.25220001
v -0.02368383 0.00767970 -0.25220001
v -0.02470181 0.00987323 -0.25220001
v -0.02465457 0.00339192 -0.25220001
v -0.02483896 -0.00063205 -0.25220001
v -0.02612854 -0.00991362 -0.25220001
v -0.02437112 -0.00490908 -0.25220001
v -0.02389669 -0.00810964 -0.25220001
v -0.02470960 -0.00972398 -0.25220001
v -0.02502507 -0.00657944 -0.25220001
v 0.00912337 0.02320379 -0.25220001
v 0.00415248 -0.03666189 -0.24170002
v 0.00347942 -0.03659469 -0.24018846
v 0.00702884 -0.03624369 -0.24019897
v -0.00508792 0.03673917 -0.24170001
v -0.00521460 0.03668866 -0.24019429
v -0.00900620 0.03602748 -0.24019718
v -0.00383079 0.03679750 -0.25422451
v -0.00134655 0.03708822 -0.25420108
v -0.00011187 0.03714160 -0.24169998
v -0.01552584 0.03376552 -0.24019848
v -0.02157372 0.03021429 -0.24019718
v -0.02610582 0.02636542 -0.24019814
v -0.02956419 0.02238590 -0.24020091
v -0.03281985 0.01734074 -0.24019848
v -0.03529939 0.01126392 -0.24020091
v -0.03670434 0.00533332 -0.24020933
v -0.03666472 0.00540913 -0.24169999
v -0.03662555 -0.00497246 -0.24170002
v -0.03700537 -0.00158387 -0.24169999
v -0.00702934 -0.03624555 -0.24020094
v -0.00369756 -0.03662784 -0.24019255
v -0.00364026 -0.03671234 -0.24169999
v -0.03664964 -0.00532257 -0.24019858
v -0.03501472 -0.01203162 -0.24019994
v -0.03284591 -0.01696221 -0.24020000
v -0.03068088 -0.02063583 -0.24019814
v -0.02734871 -0.02486659 -0.24019814
v -0.02235941 -0.02946937 -0.24019848
v -0.01726231 -0.03264070 -0.24020000
v -0.01218747 -0.03489578 -0.24020134
v 0.00101049 -0.03690713 -0.24169999
v 0.01159707 -0.03508056 -0.24019718
v 0.01656731 -0.03300711 -0.24019724
v 0.02157309 -0.03001329 -0.24020089
v 0.02569792 -0.02654996 -0.24020091
v 0.02873387 -0.02324470 -0.24020091
v 0.03141516 -0.01950564 -0.24019814
v 0.03424556 -0.01402384 -0.24020089
v 0.03594625 -0.00879444 -0.24019909
v 0.03660466 -0.00493338 -0.24020396
v 0.03660773 -0.00516188 -0.24170002
v 0.03688023 0.00335274 -0.24170001
v 0.03699492 -0.00180842 -0.24169999
v 0.03659157 0.00511849 -0.24170007
v 0.03659258 0.00566634 -0.24019815
v 0.03551778 0.01062512 -0.24020089
v 0.03381974 0.01514203 -0.24020000
v 0.03188136 0.01894012 -0.24019814
v 0.02794016 0.02446693 -0.24019848
v 0.02308865 0.02905351 -0.24019814
v 0.01743846 0.03281570 -0.24019848
v 0.01137679 0.03533205 -0.24020091
v 0.00525026 0.03681136 -0.24020924
v 0.00529264 0.03672471 -0.24169996
v 0.00335296 0.03699031 -0.25419298
v -0.00363854 -0.02981516 -0.25919971
v -0.00165607 -0.03046641 -0.25920025
v 0.00362343 -0.02973646 -0.25919995
v 0.00884455 -0.02926949 -0.25920060
v 0.00990036 -0.02827833 -0.25919995
v 0.01572220 -0.02551571 -0.25919995
v 0.01630449 -0.02571188 -0.25920004
v 0.02067105 -0.02242864 -0.25920013
v 0.02082136 -0.02157559 -0.25919995
v 0.02496344 -0.01663908 -0.25919995
v 0.02502877 -0.01738333 -0.25920004
v 0.02804406 -0.01211639 -0.25920016
v 0.02795805 -0.01093310 -0.25919995
v 0.02979237 -0.00412467 -0.25919986
v 0.03013776 -0.00493839 -0.25920007
v 0.03052814 0.00264154 -0.25920033
v 0.02988180 0.00332313 -0.25919992
v 0.02851013 0.00961920 -0.25919995
v 0.02854819 0.01099509 -0.25920007
v 0.02582594 0.01547777 -0.25919995
v 0.02493225 0.01789392 -0.25920033
v 0.02195460 0.02062951 -0.25919995
v 0.01911885 0.02393689 -0.25920007
v 0.01707407 0.02483762 -0.25919995
v 0.01269548 0.02798015 -0.25920033
v 0.01140870 0.02790866 -0.25919995
v 0.00521890 0.02970146 -0.25919995
v 0.00238362 0.03065749 -0.25920045
v -0.00121076 0.03013336 -0.25919995
v -0.00738135 0.02980419 -0.25920025
v -0.00758467 0.02918498 -0.25919995
v -0.01360993 0.02689978 -0.25919995
v -0.01439336 0.02705488 -0.25920007
v -0.01900960 0.02338275 -0.25919995
v -0.02008986 0.02312621 -0.25920007
v -0.02353547 0.01879555 -0.25919995
v -0.02501792 0.01770384 -0.25920019
v -0.02697951 0.01334903 -0.25919995
v -0.02910651 0.00978822 -0.25920060
v -0.02974438 0.00494088 -0.25919965
v -0.03055015 0.00070803 -0.25920007
v -0.02995749 -0.00231767 -0.25919992
v -0.03004463 -0.00533308 -0.25920004
v -0.02875541 -0.00864830 -0.25919995
v -0.02808265 -0.01207693 -0.25920025
v -0.02622947 -0.01457682 -0.25919995
v -0.02454691 -0.01809770 -0.25920007
v -0.02249784 -0.01983065 -0.25919995
v -0.02011973 -0.02287875 -0.25920004
v -0.01773205 -0.02416827 -0.25919995
v -0.01432128 -0.02692965 -0.25920016
v -0.01215117 -0.02739031 -0.25919995
v -0.00810095 -0.02934805 -0.25920004
v -0.00089524 0.02960602 -0.25869653
v 0.00278136 0.02948319 -0.25870001
v 0.00681031 0.02884896 -0.25869757
v 0.01272145 0.02678029 -0.25870028
v 0.01813782 0.02343873 -0.25870028
v 0.02271328 0.01901509 -0.25870025
v 0.02623567 0.01371448 -0.25870025
v 0.02854165 0.00778269 -0.25870025
v 0.02951354 0.00161926 -0.25869998
v 0.02920271 -0.00446324 -0.25869945
v 0.02754878 -0.01060881 -0.25869966
v 0.02461757 -0.01625784 -0.25869983
v 0.02054497 -0.02114839 -0.25869998
v 0.01551984 -0.02505369 -0.25870007
v 0.00977521 -0.02779267 -0.25870016
v 0.00514675 -0.02896048 -0.25870004
v 0.00099556 -0.02941055 -0.25869736
v -0.00278136 -0.02928117 -0.25870001
v -0.00641657 -0.02871568 -0.25870100
v -0.01126470 -0.02722521 -0.25870028
v -0.01685333 -0.02418051 -0.25870028
v -0.02166062 -0.02000998 -0.25870025
v -0.02529937 -0.01515718 -0.25870085
v -0.02721044 -0.01133085 -0.25870007
v -0.02873839 -0.00680828 -0.25870025
v -0.02954374 -0.00062131 -0.25870001
v -0.02906903 0.00545102 -0.25869948
v -0.02725000 0.01154976 -0.25869969
v -0.02416752 0.01711770 -0.25869986
v -0.01996452 0.02189665 -0.25869998
v -0.01483592 0.02566503 -0.25870010
v -0.00901952 0.02824810 -0.25870016
v -0.00436127 0.02929067 -0.25870004
v 0.00837447 0.02752143 -0.24370000
v 0.00943907 0.02710672 -0.24370000
v 0.01001463 0.02622955 -0.24370000
v 0.00982499 0.02481062 -0.24370000
v 0.00860353 0.02406849 -0.24370000
v 0.00739046 0.02432113 -0.24370000
v 0.00658104 0.02561335 -0.24370000
v 0.00713368 0.02703316 -0.24370000
v 0.00531220 0.02439033 -0.24370000
v 0.00826689 0.02352846 -0.24370000
v 0.00998166 0.02285751 -0.24370000
v 0.01164095 0.02515982 -0.24370000
v 0.01104034 0.02771616 -0.24370000
v 0.00760782 0.02900188 -0.24370000
v 0.00944379 0.02887010 -0.24370000
v 0.00518105 0.02674071 -0.24370000
v 0.00611560 0.02817441 -0.24370000
v -0.00783538 0.02743398 -0.24370000
v -0.00673483 0.02651849 -0.24370000
v -0.00675630 0.02508941 -0.24370000
v -0.00745261 0.02430707 -0.24370000
v -0.00866863 0.02405456 -0.24370000
v -0.00977222 0.02480282 -0.24370000
v -0.01005107 0.02630551 -0.24370000
v -0.00897775 0.02738982 -0.24370000
v -0.00988199 0.02290826 -0.24370000
v -0.00540908 0.02438083 -0.24369998
v -0.01160734 0.02534977 -0.24370000
v -0.01094249 0.02377770 -0.24370000
v -0.01137148 0.02704184 -0.24370000
v -0.01033690 0.02839942 -0.24370000
v -0.00808548 0.02912483 -0.24370000
v -0.00617450 0.02822788 -0.24370000
v -0.00505508 0.02644593 -0.24370000
v -0.01583919 0.02368636 -0.24370000
v -0.01469460 0.02321462 -0.24370000
v -0.01411612 0.02201129 -0.24370000
v -0.01460005 0.02076887 -0.24370000
v -0.01600301 0.02016263 -0.24370000
v -0.01736160 0.02104398 -0.24370000
v -0.01756152 0.02236230 -0.24370000
v -0.01692032 0.02330793 -0.24370000
v -0.01282496 0.02335302 -0.24370000
v -0.01647142 0.01877509 -0.24369998
v -0.01444075 0.02489726 -0.24370000
v -0.01611702 0.02522725 -0.24370000
v -0.01871834 0.02359545 -0.24370000
v -0.01760658 0.02471643 -0.24370000
v -0.01915952 0.02181039 -0.24370000
v -0.01264788 0.02148855 -0.24369998
v -0.01828136 0.01961127 -0.24370000
v -0.02191032 0.01770062 -0.24370000
v -0.02056916 0.01719999 -0.24370000
v -0.02011849 0.01564604 -0.24370000
v -0.02086674 0.01454245 -0.24370000
v -0.02236943 0.01426360 -0.24370000
v -0.02345374 0.01533692 -0.24370000
v -0.02349790 0.01647929 -0.24370000
v -0.02289357 0.01733468 -0.24370000
v -0.02139841 0.01280168 -0.24369998
v -0.01862829 0.01655672 -0.24370000
v -0.01918384 0.01789182 -0.24370000
v -0.02427256 0.01817616 -0.24370000
v -0.02259308 0.01920567 -0.24370000
v -0.02510074 0.01653230 -0.24370000
v -0.02050265 0.01897784 -0.24370000
v -0.02290700 0.01282597 -0.24370000
v -0.02472986 0.01433039 -0.24370000
v -0.02612854 0.01011564 -0.24370000
v -0.02470960 0.00992600 -0.24370000
v -0.02396748 0.00870454 -0.24370000
v -0.02422012 0.00749147 -0.24370000
v -0.02551234 0.00668205 -0.24370000
v -0.02693215 0.00723469 -0.24370000
v -0.02742042 0.00847548 -0.24370000
v -0.02700570 0.00954008 -0.24370000
v -0.02275768 0.01008325 -0.24370000
v -0.02377638 0.00732561 -0.24370000
v -0.02890087 0.00770883 -0.24370000
v -0.02807340 0.00621661 -0.24370000
v -0.02505880 0.01174196 -0.24370000
v -0.02426720 0.00541717 -0.24370000
v -0.02876909 0.00954480 -0.24370000
v -0.02663970 0.00528206 -0.24370000
v -0.02761514 0.01114135 -0.24370000
v -0.02641748 -0.00663382 -0.24370000
v -0.02498840 -0.00665529 -0.24370000
v -0.02420606 -0.00735160 -0.24370000
v -0.02395355 -0.00856762 -0.24370000
v -0.02470181 -0.00967121 -0.24370000
v -0.02620450 -0.00995006 -0.24370000
v -0.02728880 -0.00887674 -0.24370000
v -0.02733297 -0.00773437 -0.24370000
v -0.02283594 -0.00978559 -0.24369998
v -0.02902382 -0.00798447 -0.24370000
v -0.02367669 -0.01084148 -0.24370000
v -0.02829841 -0.01023589 -0.24370000
v -0.02524876 -0.01150632 -0.24370000
v -0.02694083 -0.01127047 -0.24370000
v -0.02429968 -0.00515328 -0.24370000
v -0.02812687 -0.00607349 -0.24370000
v -0.02684211 -0.00516289 -0.24370000
v -0.02191028 -0.01401511 -0.24370000
v -0.02066786 -0.01449904 -0.24370000
v -0.02006162 -0.01590200 -0.24370000
v -0.02094297 -0.01726059 -0.24370000
v -0.02226129 -0.01746051 -0.24370000
v -0.02320692 -0.01681930 -0.24370000
v -0.02358535 -0.01573818 -0.24370000
v -0.02311361 -0.01459359 -0.24370000
v -0.02170938 -0.01905851 -0.24370000
v -0.01951025 -0.01818035 -0.24370000
v -0.02461542 -0.01750556 -0.24370000
v -0.02512624 -0.01601600 -0.24370000
v -0.02349444 -0.01861732 -0.24370000
v -0.01863591 -0.01635431 -0.24370000
v -0.02140496 -0.01257480 -0.24369997
v -0.02479625 -0.01433974 -0.24370000
v -0.02325201 -0.01272395 -0.24370000
v -0.01554503 -0.02001747 -0.24370000
v -0.01444144 -0.02076573 -0.24370000
v -0.01416259 -0.02226842 -0.24370000
v -0.01523591 -0.02335273 -0.24370000
v -0.01637828 -0.02339689 -0.24370000
v -0.01723366 -0.02279256 -0.24370000
v -0.01759961 -0.02180931 -0.24370000
v -0.01709898 -0.02046815 -0.24370000
v -0.01644998 -0.01852502 -0.24370000
v -0.01270821 -0.02130386 -0.24369998
v -0.01391712 -0.02437831 -0.24370000
v -0.01576496 -0.02506096 -0.24370000
v -0.01887683 -0.02040164 -0.24370000
v -0.01910466 -0.02249207 -0.24370000
v -0.01779081 -0.01908283 -0.24370000
v -0.01788570 -0.02436208 -0.24370000
v -0.01272496 -0.02280599 -0.24370000
v -0.00860353 -0.02386647 -0.24370000
v -0.00739046 -0.02411911 -0.24370000
v -0.00658104 -0.02541133 -0.24370000
v -0.00713368 -0.02683114 -0.24370000
v -0.00837447 -0.02731941 -0.24370000
v -0.00943907 -0.02690469 -0.24370000
v -0.01001463 -0.02602753 -0.24370000
v -0.00982499 -0.02460859 -0.24370000
v -0.00944379 -0.02866808 -0.24370000
v -0.01104034 -0.02751413 -0.24370000
v -0.00760782 -0.02879986 -0.24370000
v -0.01164095 -0.02495779 -0.24370000
v -0.00546457 -0.02417169 -0.24369998
v -0.00998632 -0.02266259 -0.24370000
v -0.00611560 -0.02797239 -0.24370000
v -0.00518105 -0.02653868 -0.24370000
v -0.00513137 -0.02500200 -0.24370000
v 0.00866863 -0.02385254 -0.24370000
v 0.00977222 -0.02460080 -0.24370000
v 0.01005107 -0.02610349 -0.24370000
v 0.00897775 -0.02718779 -0.24370000
v 0.00783538 -0.02723196 -0.24370000
v 0.00673483 -0.02631647 -0.24370000
v 0.00675630 -0.02488739 -0.24370000
v 0.00745261 -0.02410505 -0.24370000
v 0.00808548 -0.02892281 -0.24370000
v 0.00617450 -0.02802586 -0.24370000
v 0.01033690 -0.02819740 -0.24370000
v 0.00505508 -0.02624391 -0.24370000
v 0.01137148 -0.02683982 -0.24370000
v 0.01155562 -0.02460820 -0.24370000
v 0.00995975 -0.02271962 -0.24369998
v 0.00539944 -0.02415651 -0.24370000
v 0.01600301 -0.01996061 -0.24370000
v 0.01736160 -0.02084196 -0.24370000
v 0.01756152 -0.02216028 -0.24370000
v 0.01692032 -0.02310591 -0.24370000
v 0.01583919 -0.02348434 -0.24370000
v 0.01469460 -0.02301260 -0.24370000
v 0.01411612 -0.02180927 -0.24370000
v 0.01460005 -0.02056685 -0.24370000
v 0.01611702 -0.02502523 -0.24370000
v 0.01444075 -0.02469524 -0.24370000
v 0.01760658 -0.02451441 -0.24370000
v 0.01871834 -0.02339342 -0.24370000
v 0.01282496 -0.02315100 -0.24370000
v 0.01915952 -0.02160837 -0.24370000
v 0.01265307 -0.02128818 -0.24370000
v 0.01645679 -0.01855963 -0.24369998
v 0.01828136 -0.01940924 -0.24370000
v 0.02236943 -0.01406158 -0.24370000
v 0.02345374 -0.01513489 -0.24370000
v 0.02349790 -0.01627727 -0.24370000
v 0.02289357 -0.01713265 -0.24370000
v 0.02191032 -0.01749860 -0.24370000
v 0.02056916 -0.01699797 -0.24370000
v 0.02011849 -0.01544402 -0.24370000
v 0.02086674 -0.01434043 -0.24370000
v 0.02472986 -0.01412836 -0.24370000
v 0.02510074 -0.01633028 -0.24370000
v 0.02050265 -0.01877582 -0.24370000
v 0.01918384 -0.01768980 -0.24370000
v 0.02259308 -0.01900365 -0.24370000
v 0.02139523 -0.01255386 -0.24370000
v 0.01865159 -0.01636812 -0.24369997
v 0.02290700 -0.01262395 -0.24370000
v 0.02427256 -0.01797414 -0.24370000
v 0.02551234 -0.00648003 -0.24370000
v 0.02693215 -0.00703267 -0.24370000
v 0.02742042 -0.00827346 -0.24370000
v 0.02700570 -0.00933806 -0.24370000
v 0.02612854 -0.00991362 -0.24370000
v 0.02470960 -0.00972398 -0.24370000
v 0.02396748 -0.00850252 -0.24370000
v 0.02422012 -0.00728945 -0.24370000
v 0.02876909 -0.00934278 -0.24370000
v 0.02761514 -0.01093932 -0.24370000
v 0.02890087 -0.00750681 -0.24370000
v 0.02505880 -0.01153994 -0.24370000
v 0.02276530 -0.00988952 -0.24370000
v 0.02428273 -0.00521248 -0.24370000
v 0.02365699 -0.00747008 -0.24370000
v 0.02663970 -0.00508004 -0.24370000
v 0.02807340 -0.00601459 -0.24370000
v 0.02620450 0.01015208 -0.24370000
v 0.02728880 0.00907877 -0.24370000
v 0.02733297 0.00793639 -0.24370000
v 0.02641748 0.00683584 -0.24370000
v 0.02498840 0.00685732 -0.24370000
v 0.02420606 0.00755362 -0.24370000
v 0.02395355 0.00876965 -0.24370000
v 0.02470181 0.00987323 -0.24370000
v 0.02364603 0.00776502 -0.24370000
v 0.02902382 0.00818649 -0.24370000
v 0.02812687 0.00627551 -0.24370000
v 0.02829841 0.01043791 -0.24370000
v 0.02524876 0.01170835 -0.24370000
v 0.02694083 0.01147249 -0.24370000
v 0.02634492 0.00515609 -0.24370000
v 0.02279081 0.00997350 -0.24370000
v 0.02424402 0.00550316 -0.24370000
v 0.02367669 0.01104350 -0.24370000
v 0.02226129 0.01766253 -0.24370000
v 0.02320692 0.01702133 -0.24370000
v 0.02358535 0.01594020 -0.24370000
v 0.02311361 0.01479561 -0.24370000
v 0.02191028 0.01421713 -0.24370000
v 0.02066786 0.01470106 -0.24370000
v 0.02006162 0.01610402 -0.24370000
v 0.02094297 0.01746261 -0.24370000
v 0.01951025 0.01838237 -0.24370000
v 0.02461542 0.01770759 -0.24370000
v 0.02512624 0.01621803 -0.24370000
v 0.01866707 0.01656464 -0.24369998
v 0.02479625 0.01454176 -0.24370000
v 0.02349444 0.01881935 -0.24370000
v 0.02170938 0.01926053 -0.24370000
v 0.02325201 0.01292597 -0.24370000
v 0.02139295 0.01274942 -0.24370000
v 0.01637828 0.02359891 -0.24370000
v 0.01723366 0.02299458 -0.24370000
v 0.01759961 0.02201133 -0.24370000
v 0.01709898 0.02067017 -0.24370000
v 0.01554503 0.02021950 -0.24370000
v 0.01444144 0.02096776 -0.24370000
v 0.01416259 0.02247044 -0.24370000
v 0.01523591 0.02355475 -0.24370000
v 0.01427836 0.02043914 -0.24370000
v 0.01652460 0.01865944 -0.24370000
v 0.01264901 0.02147567 -0.24370000
v 0.01272496 0.02300801 -0.24370000
v 0.01837349 0.01982413 -0.24370000
v 0.01914481 0.02149543 -0.24370000
v 0.01857691 0.02392720 -0.24370000
v 0.01643129 0.02520175 -0.24370000
v 0.01422938 0.02483087 -0.24370000
v -0.03001484 0.00261980 -0.24169999
v -0.03000763 0.00258430 -0.24019772
v -0.03000822 -0.00240320 -0.24169999
v -0.03000755 -0.00230385 -0.24020219
v -0.03121233 -0.00384907 -0.24169999
v -0.03111546 -0.00385241 -0.24019238
v -0.03541624 -0.00390161 -0.24169999
v -0.03567186 -0.00393338 -0.24018411
v -0.03567290 0.00413503 -0.24169999
v -0.03545444 0.00410747 -0.24020389
v -0.03124099 0.00407122 -0.24169999
v -0.03119292 0.00404934 -0.24021241
v 0.00251879 0.03011585 -0.24169999
v 0.00248329 0.03010864 -0.24019772
v -0.00250422 0.03010923 -0.24169999
v -0.00240486 0.03010856 -0.24020219
v -0.00395008 0.03131334 -0.24169999
v -0.00395342 0.03121647 -0.24019238
v -0.00400262 0.03551725 -0.24169999
v -0.00403439 0.03577287 -0.24018411
v 0.00403402 0.03577391 -0.24169999
v 0.00400646 0.03555546 -0.24020389
v 0.00397021 0.03134201 -0.24169999
v 0.00394833 0.03129393 -0.24021241
v 0.03000453 -0.00235036 -0.24169999
v 0.03003772 -0.00277291 -0.24019243
v 0.03000822 0.00260523 -0.24169999
v 0.03000755 0.00250587 -0.24020219
v 0.03121233 0.00405109 -0.24169999
v 0.03111546 0.00405443 -0.24019238
v 0.03541624 0.00410363 -0.24169999
v 0.03591160 0.00418210 -0.24016450
v 0.03567290 -0.00393301 -0.24169999
v 0.03545444 -0.00390545 -0.24020389
v 0.03124099 -0.00386920 -0.24169998
v 0.03159022 -0.00388965 -0.24020247
v 0.00383140 0.03657023 -0.25419992
v 0.00331996 0.03165030 -0.25419915
v -0.00331818 0.03165331 -0.25420165
v 0.00331933 0.03655071 -0.25470039
v -0.00331801 0.03646392 -0.25470006
v -0.00000000 -0.02754171 -0.24470000
v 0.00003785 -0.02759210 -0.24020132
v 0.00144439 -0.02813664 -0.24019872
v 0.00185267 -0.02852496 -0.24470000
v 0.00223241 -0.02934041 -0.24020420
v 0.00227705 -0.03052671 -0.24470001
v 0.00222124 -0.03059486 -0.24170001
v 0.00104924 -0.03193764 -0.24169999
v 0.00070909 -0.03210944 -0.24470000
v -0.00070909 -0.03210944 -0.24169999
v -0.00104924 -0.03193764 -0.24470000
v -0.00222544 -0.03064263 -0.24170001
v -0.00228291 -0.03045050 -0.24470001
v -0.00223304 -0.02942162 -0.24021006
v -0.00185267 -0.02852496 -0.24470000
v -0.00151225 -0.02817430 -0.24020077
v 0.00230187 -0.03568289 -0.24169999
v -0.00226256 -0.03514638 -0.24169999
v 0.00226298 -0.03514846 -0.24019322
v -0.00226680 -0.03532695 -0.24020796
v 0.03599259 0.00171276 -0.24819854
v 0.03599182 -0.00151221 -0.24820311
v 0.03531251 -0.00219226 -0.24819878
v 0.03150056 0.00240540 -0.24820666
v 0.03531645 0.00239199 -0.24820432
v 0.03546296 0.00184521 -0.24870248
v 0.03543655 -0.00166924 -0.24870121
f 1 3 2
f 4 6 5
f 7 9 8
f 10 12 11
f 13 14 10
f 15 17 16
f 18 20 19
f 21 23 22
f 23 25 24
f 3 26 2
f 27 29 28
f 30 28 31
f 32 34 33
f 35 37 36
f 38 35 39
f 25 40 24
f 24 22 23
f 20 18 41
f 42 41 43
f 44 46 45
f 9 46 8
f 44 8 46
f 7 48 47
f 48 10 14
f 13 10 11
f 9 7 47
f 47 48 14
f 49 51 50
f 51 52 50
f 53 55 54
f 55 51 49
f 52 56 50
f 31 56 30
f 50 56 31
f 27 28 30
f 38 39 57
f 25 57 40
f 39 40 57
f 35 38 37
f 33 58 32
f 36 37 58
f 26 34 32
f 33 36 58
f 34 26 3
f 59 1 2
f 59 61 60
f 62 61 53
f 61 62 60
f 59 63 1
f 55 49 54
f 59 60 63
f 53 54 62
f 64 18 19
f 22 64 21
f 64 19 21
f 41 42 20
f 65 4 5
f 42 43 65
f 43 4 65
f 6 15 66
f 15 6 67
f 5 6 66
f 17 44 16
f 16 44 45
f 15 67 17
f 68 70 69
f 69 70 71
f 70 72 71
f 72 73 71
f 72 74 73
f 74 75 73
f 74 76 75
f 76 77 75
f 76 78 77
f 76 79 78
f 79 80 78
f 79 81 80
f 79 82 81
f 82 83 81
f 82 84 83
f 82 85 84
f 85 86 84
f 84 86 87
f 86 88 87
f 86 89 88
f 89 90 88
f 89 91 90
f 91 92 90
f 91 93 92
f 93 94 92
f 93 95 94
f 93 96 95
f 96 97 95
f 96 98 97
f 96 99 98
f 100 98 99
f 101 103 102
f 104 106 105
f 107 109 108
f 101 102 110
f 105 106 111
f 110 107 112
f 106 109 111
f 109 106 108
f 112 107 113
f 107 108 113
f 110 112 101
f 114 89 115
f 116 118 117
f 116 120 119
f 120 121 119
f 120 116 117
f 122 123 116
f 93 124 96
f 91 89 114
f 124 125 99
f 116 123 118
f 124 123 122
f 124 122 125
f 96 124 99
f 114 124 91
f 124 93 91
f 99 125 100
f 100 125 126
f 125 122 126
f 122 127 126
f 122 128 127
f 122 116 128
f 116 129 128
f 116 119 129
f 119 130 129
f 119 121 130
f 121 131 130
f 121 132 131
f 132 133 131
f 132 134 133
f 132 135 134
f 135 136 134
f 135 137 136
f 136 137 138
f 137 139 138
f 137 140 139
f 140 141 139
f 140 142 141
f 142 143 141
f 142 144 143
f 144 145 143
f 144 146 145
f 144 147 146
f 147 148 146
f 147 149 148
f 147 150 149
f 151 149 150
f 152 154 153
f 155 152 153
f 156 152 155
f 157 152 156
f 158 152 157
f 159 152 158
f 152 159 160
f 161 163 162
f 163 164 162
f 164 165 162
f 165 166 162
f 165 167 166
f 167 168 166
f 167 169 168
f 169 170 168
f 169 171 170
f 171 172 170
f 171 173 172
f 173 174 172
f 173 175 174
f 175 176 174
f 175 177 176
f 177 178 176
f 177 179 178
f 179 180 178
f 179 181 180
f 179 182 181
f 182 183 181
f 182 184 183
f 184 185 183
f 185 186 183
f 185 187 186
f 187 188 186
f 187 189 188
f 189 190 188
f 189 191 190
f 189 192 191
f 192 193 191
f 192 194 193
f 194 195 193
f 194 196 195
f 196 197 195
f 196 163 197
f 163 161 197
f 198 200 199
f 198 199 201
f 198 201 202
f 198 204 203
f 205 198 203
f 206 198 205
f 198 206 207
f 198 207 200
f 208 210 209
f 210 211 209
f 211 212 209
f 211 213 212
f 213 214 212
f 213 215 214
f 215 216 214
f 215 217 216
f 217 218 216
f 217 219 218
f 219 220 218
f 219 221 220
f 221 222 220
f 221 223 222
f 223 224 222
f 223 225 224
f 223 226 225
f 226 227 225
f 226 228 227
f 228 229 227
f 228 230 229
f 230 231 229
f 230 232 231
f 232 233 231
f 233 234 231
f 233 235 234
f 235 236 234
f 235 237 236
f 237 238 236
f 237 239 238
f 239 240 238
f 239 241 240
f 241 242 240
f 241 243 242
f 243 208 242
f 243 210 208
f 244 246 245
f 246 244 247
f 248 115 247
f 247 249 246
f 245 246 250
f 248 114 115
f 251 124 114
f 114 248 251
f 124 252 123
f 123 252 253
f 244 248 247
f 252 254 253
f 252 255 254
f 252 124 255
f 124 256 255
f 124 251 256
f 248 257 251
f 251 257 258
f 257 248 259
f 248 244 259
f 251 258 256
f 254 260 253
f 254 255 260
f 255 256 261
f 259 244 262
f 244 263 262
f 258 265 264
f 258 257 265
f 257 259 265
f 259 266 265
f 258 264 256
f 259 262 266
f 244 245 263
f 255 261 267
f 256 268 261
f 256 264 268
f 255 267 260
f 261 269 267
f 261 268 270
f 262 263 271
f 269 261 270
f 266 272 265
f 266 262 272
f 262 271 272
f 263 273 271
f 274 276 275
f 277 275 278
f 275 277 274
f 278 280 279
f 281 117 118
f 253 118 123
f 117 280 120
f 282 117 281
f 283 118 253
f 118 283 281
f 283 284 281
f 285 281 284
f 285 282 281
f 279 280 117
f 282 279 117
f 286 285 284
f 287 284 283
f 287 286 284
f 288 279 282
f 277 278 279
f 260 289 253
f 289 283 253
f 286 282 285
f 290 279 288
f 289 287 283
f 291 288 282
f 292 279 290
f 292 277 279
f 287 293 286
f 291 290 288
f 267 289 260
f 294 287 289
f 293 282 286
f 294 289 267
f 295 287 294
f 295 296 287
f 296 293 287
f 291 282 293
f 291 297 290
f 297 292 290
f 298 277 292
f 298 274 277
f 172 135 132
f 299 186 300
f 172 137 135
f 301 191 302
f 172 140 137
f 172 174 140
f 120 132 121
f 303 191 304
f 305 306 188
f 306 307 188
f 307 308 188
f 186 188 300
f 300 188 309
f 188 310 309
f 188 311 310
f 188 308 311
f 312 186 313
f 186 314 313
f 186 315 314
f 186 299 315
f 120 172 132
f 120 170 172
f 170 120 168
f 316 191 317
f 191 318 317
f 191 319 318
f 190 321 320
f 147 178 180
f 193 120 322
f 191 323 304
f 191 316 323
f 190 325 324
f 326 190 327
f 190 328 327
f 190 329 328
f 190 320 329
f 305 188 330
f 188 331 330
f 188 190 331
f 190 332 331
f 190 326 332
f 183 186 333
f 186 334 333
f 186 335 334
f 186 336 335
f 186 312 336
f 120 166 168
f 120 162 166
f 337 191 338
f 191 339 338
f 191 303 339
f 321 190 340
f 190 341 340
f 190 342 341
f 190 324 342
f 174 142 140
f 120 193 195
f 343 191 344
f 325 190 345
f 190 346 345
f 190 191 346
f 191 347 346
f 191 337 347
f 183 349 348
f 183 333 349
f 180 150 147
f 180 181 150
f 181 350 150
f 181 183 350
f 183 348 350
f 147 176 178
f 147 144 176
f 144 174 176
f 144 142 174
f 161 120 197
f 120 195 197
f 351 191 352
f 319 191 353
f 191 354 353
f 191 355 354
f 191 343 355
f 191 356 302
f 191 351 356
f 352 191 357
f 191 358 357
f 191 359 358
f 359 191 322
f 191 193 322
f 344 191 360
f 191 361 360
f 191 301 361
f 120 161 162
f 362 276 363
f 274 365 364
f 274 298 365
f 366 298 292
f 366 292 297
f 367 291 293
f 293 368 367
f 293 296 368
f 369 295 294
f 368 296 295
f 291 367 297
f 362 363 370
f 371 362 370
f 364 276 274
f 276 364 363
f 276 371 372
f 276 362 371
f 275 372 373
f 373 374 278
f 374 375 280
f 375 322 120
f 276 372 275
f 373 278 275
f 374 280 278
f 375 120 280
f 218 220 79
f 220 82 79
f 82 220 85
f 212 214 70
f 214 72 70
f 376 240 242
f 115 225 227
f 216 76 74
f 216 218 76
f 225 115 224
f 115 89 224
f 89 222 224
f 220 89 86
f 220 222 89
f 218 79 76
f 240 376 377
f 238 240 377
f 72 214 74
f 214 216 74
f 231 234 115
f 234 378 115
f 85 220 86
f 242 68 376
f 242 208 68
f 208 209 68
f 209 70 68
f 209 212 70
f 379 236 380
f 115 229 231
f 381 238 377
f 236 238 380
f 238 381 380
f 227 229 115
f 382 234 236
f 234 382 378
f 383 236 379
f 382 236 383
f 268 384 270
f 269 270 385
f 267 385 369
f 267 369 294
f 269 385 267
f 384 268 386
f 386 268 264
f 386 264 265
f 386 265 272
f 387 273 263
f 388 387 263
f 388 263 245
f 388 245 250
f 388 250 389
f 390 247 391
f 390 392 249
f 246 392 393
f 250 393 389
f 249 392 246
f 247 390 249
f 247 115 391
f 250 246 393
f 115 378 391
f 387 272 273
f 389 394 388
f 394 295 388
f 389 395 394
f 384 386 388
f 270 388 385
f 389 397 396
f 388 386 272
f 395 389 398
f 389 396 399
f 272 387 388
f 388 270 384
f 369 388 295
f 389 399 398
f 272 271 273
f 385 388 369
f 150 350 151
f 151 350 400
f 350 348 400
f 348 349 400
f 349 333 400
f 400 333 401
f 333 334 401
f 334 335 401
f 335 402 401
f 335 336 402
f 336 403 402
f 336 312 403
f 312 404 403
f 312 313 404
f 404 313 405
f 313 406 405
f 313 314 406
f 314 315 406
f 406 315 407
f 315 408 407
f 315 299 408
f 299 409 408
f 299 300 409
f 300 410 409
f 300 309 410
f 309 310 410
f 310 311 410
f 311 411 410
f 311 308 411
f 308 307 411
f 307 306 411
f 306 305 411
f 305 330 411
f 411 330 412
f 330 331 412
f 331 332 412
f 332 326 412
f 326 327 412
f 327 328 412
f 412 328 413
f 328 329 413
f 329 320 413
f 320 321 413
f 413 321 414
f 321 340 414
f 340 341 414
f 341 342 414
f 342 324 414
f 324 325 414
f 325 345 414
f 345 346 414
f 414 346 415
f 346 347 415
f 347 337 415
f 337 338 415
f 338 339 415
f 339 303 415
f 415 303 416
f 303 304 416
f 304 323 416
f 323 316 416
f 316 317 416
f 317 318 416
f 416 318 417
f 318 319 417
f 319 353 417
f 353 354 417
f 354 355 417
f 355 343 417
f 417 343 418
f 343 344 418
f 344 360 418
f 360 361 418
f 361 301 418
f 301 302 418
f 302 356 418
f 356 351 418
f 351 419 418
f 351 352 419
f 352 357 419
f 357 358 419
f 358 359 419
f 359 322 419
f 322 375 419
f 375 420 419
f 420 375 374
f 420 374 373
f 371 421 372
f 421 373 372
f 373 421 420
f 370 421 371
f 370 422 421
f 422 423 421
f 422 424 423
f 422 425 424
f 425 426 424
f 425 427 426
f 427 428 426
f 427 394 428
f 394 429 428
f 394 395 429
f 430 393 392
f 430 389 393
f 431 392 390
f 431 430 392
f 391 431 390
f 431 391 378
f 378 432 431
f 378 382 432
f 382 433 432
f 382 434 433
f 382 383 434
f 383 435 434
f 383 436 435
f 383 379 436
f 379 437 436
f 379 380 437
f 380 438 437
f 380 381 438
f 381 439 438
f 381 377 439
f 439 377 440
f 440 377 441
f 377 376 441
f 441 376 442
f 442 376 443
f 376 68 443
f 68 69 443
f 395 444 429
f 395 398 444
f 444 398 445
f 398 399 445
f 399 446 445
f 399 396 446
f 396 447 446
f 396 397 447
f 397 430 447
f 397 389 430
f 295 394 370
f 370 394 427
f 295 370 363
f 363 368 295
f 367 364 365
f 367 363 364
f 370 427 425
f 367 366 297
f 370 425 422
f 368 363 367
f 298 367 365
f 367 298 366
f 448 450 449
f 449 450 451
f 449 452 448
f 453 455 454
f 456 457 449
f 458 460 459
f 460 461 459
f 461 463 462
f 456 449 451
f 463 453 462
f 455 464 454
f 464 451 454
f 464 456 451
f 458 459 465
f 466 465 467
f 467 465 459
f 466 467 468
f 459 461 469
f 461 462 469
f 462 453 470
f 453 454 470
f 454 471 470
f 454 451 471
f 471 451 472
f 451 450 472
f 467 459 469
f 468 467 107
f 469 462 109
f 462 470 109
f 470 471 105
f 467 109 107
f 467 469 109
f 471 104 105
f 471 472 104
f 109 470 111
f 470 105 111
f 473 474 103
f 473 103 475
f 475 476 473
f 477 473 478
f 479 477 480
f 477 478 480
f 476 478 473
f 481 473 477
f 482 473 481
f 483 484 481
f 484 482 481
f 485 482 484
f 482 474 473
f 486 482 485
f 102 103 474
f 487 485 488
f 489 487 488
f 487 486 485
f 486 474 482
f 486 102 474
f 490 487 489
f 490 486 487
f 490 489 491
f 490 110 486
f 110 102 486
f 492 491 493
f 494 490 491
f 494 110 490
f 495 468 110
f 492 494 491
f 466 468 495
f 107 110 468
f 495 494 492
f 496 495 492
f 495 110 494
f 496 465 495
f 466 495 465
f 497 499 498
f 497 500 499
f 497 502 501
f 497 498 502
f 497 504 503
f 497 501 504
f 103 506 505
f 507 509 508
f 510 511 508
f 500 497 512
f 497 513 512
f 497 514 513
f 514 515 513
f 514 516 515
f 497 518 517
f 497 503 518
f 519 497 520
f 497 521 520
f 497 522 521
f 497 517 522
f 507 523 509
f 516 514 524
f 514 525 524
f 514 526 525
f 514 527 526
f 514 528 527
f 514 529 528
f 514 530 529
f 514 531 530
f 509 523 532
f 510 534 533
f 534 535 533
f 535 531 533
f 531 514 533
f 510 533 511
f 103 505 536
f 511 507 508
f 519 537 497
f 537 538 497
f 497 540 539
f 497 541 536
f 541 103 536
f 103 101 506
f 542 543 497
f 543 544 497
f 544 540 497
f 497 545 541
f 538 546 497
f 546 547 497
f 542 497 548
f 497 549 548
f 497 550 549
f 497 547 550
f 539 551 497
f 551 552 497
f 545 497 553
f 497 554 553
f 497 555 554
f 497 556 555
f 523 506 101
f 556 497 557
f 497 558 557
f 497 559 558
f 497 552 559
f 523 101 532
f 479 561 560
f 560 561 562
f 477 479 563
f 564 484 483
f 485 564 565
f 566 492 493
f 567 496 566
f 567 465 496
f 566 496 492
f 491 568 493
f 568 491 569
f 569 491 489
f 489 488 565
f 565 488 485
f 481 563 483
f 485 484 564
f 563 481 477
f 570 572 571
f 573 575 574
f 576 578 577
f 572 560 562
f 572 570 560
f 574 564 483
f 564 579 565
f 568 580 493
f 563 570 483
f 560 563 479
f 574 483 570
f 560 570 563
f 565 579 581
f 569 581 577
f 489 581 569
f 489 565 581
f 566 578 567
f 569 577 568
f 493 580 566
f 577 580 568
f 582 567 578
f 580 578 566
f 564 574 579
f 579 575 581
f 579 574 575
f 570 573 574
f 580 577 578
f 581 575 577
f 573 570 571
f 475 103 583
f 103 541 583
f 476 583 584
f 480 561 479
f 561 480 585
f 480 478 585
f 478 584 585
f 478 476 584
f 476 475 583
f 106 587 586
f 587 106 588
f 589 591 590
f 592 589 593
f 594 596 595
f 596 597 595
f 597 596 586
f 590 598 589
f 593 589 598
f 599 595 600
f 599 594 595
f 587 597 586
f 106 104 588
f 601 602 104
f 104 590 601
f 590 591 601
f 588 104 602
f 592 593 599
f 599 600 592
f 603 604 452
f 605 452 449
f 606 449 457
f 607 457 456
f 464 455 608
f 609 610 463
f 609 463 461
f 460 609 461
f 458 465 611
f 465 567 611
f 612 458 611
f 612 460 458
f 609 460 612
f 613 463 610
f 463 613 453
f 613 455 453
f 455 613 608
f 456 608 607
f 607 606 457
f 606 605 449
f 614 604 603
f 464 608 456
f 605 603 452
f 615 617 616
f 615 618 617
f 618 615 614
f 603 618 614
f 619 617 618
f 620 622 621
f 576 621 610
f 620 617 619
f 620 621 576
f 576 623 582
f 576 610 623
f 607 619 606
f 618 603 605
f 618 605 619
f 622 619 607
f 622 620 619
f 608 621 622
f 622 607 608
f 605 606 619
f 608 613 621
f 621 613 610
f 609 623 610
f 623 609 612
f 623 612 582
f 582 612 611
f 611 567 582
f 576 582 578
f 604 624 452
f 448 624 625
f 626 104 472
f 626 590 104
f 450 626 472
f 450 625 626
f 448 625 450
f 448 452 624
f 627 616 628
f 616 617 628
f 617 576 628
f 576 617 620
f 573 571 576
f 628 576 571
f 576 575 573
f 575 576 577
f 629 631 630
f 632 634 633
f 634 635 633
f 635 636 633
f 635 637 636
f 637 638 636
f 638 639 636
f 639 640 636
f 640 641 636
f 642 644 643
f 644 645 643
f 644 646 645
f 644 636 646
f 636 641 646
f 647 649 648
f 642 650 644
f 650 651 644
f 651 652 644
f 652 653 644
f 653 654 644
f 654 655 644
f 655 656 644
f 656 657 644
f 656 658 657
f 658 659 657
f 659 660 657
f 660 661 657
f 661 662 657
f 662 663 657
f 663 664 657
f 664 665 657
f 665 666 657
f 665 667 666
f 667 668 666
f 668 669 666
f 669 670 666
f 670 671 666
f 671 647 666
f 671 672 647
f 672 673 647
f 673 674 647
f 674 675 647
f 675 676 647
f 676 649 647
f 631 647 630
f 647 677 630
f 647 648 677
f 629 678 631
f 678 679 631
f 679 680 631
f 680 681 631
f 681 682 631
f 681 683 682
f 684 686 685
f 683 687 682
f 687 688 682
f 688 689 682
f 689 690 682
f 690 691 682
f 691 692 682
f 692 693 682
f 692 694 693
f 694 695 693
f 695 696 693
f 696 697 693
f 697 698 693
f 698 699 693
f 699 700 693
f 700 701 693
f 701 702 693
f 702 685 693
f 702 703 685
f 703 704 685
f 704 705 685
f 705 706 685
f 706 684 685
f 686 29 685
f 686 707 29
f 29 707 28
f 633 708 632
f 708 709 632
f 708 710 709
f 708 711 710
f 711 712 710
f 711 713 712
f 713 714 712
f 713 715 714
f 716 718 717
f 716 714 718
f 714 715 718
f 716 717 719
f 717 720 719
f 720 721 719
f 720 722 721
f 720 723 722
f 723 724 722
f 723 725 724
f 726 728 727
f 726 729 728
f 729 725 728
f 729 724 725
f 730 615 726
f 727 730 726
f 727 625 730
f 727 731 625
f 731 732 625
f 731 733 732
f 731 734 733
f 734 735 733
f 735 736 733
f 735 737 736
f 737 739 738
f 739 740 738
f 739 741 740
f 741 742 740
f 741 743 742
f 743 744 742
f 743 745 744
f 745 746 744
f 745 747 746
f 747 748 746
f 747 749 748
f 747 750 749
f 750 751 749
f 751 752 749
f 751 12 752
f 751 753 12
f 753 11 12
f 754 756 755
f 756 757 755
f 756 758 757
f 756 759 758
f 759 760 758
f 759 761 760
f 762 764 763
f 765 766 764
f 765 767 766
f 767 768 766
f 769 771 770
f 772 774 773
f 775 777 776
f 777 778 776
f 778 779 776
f 780 781 779
f 780 782 781
f 782 768 783
f 784 770 785
f 786 788 787
f 788 789 785
f 789 784 785
f 787 790 786
f 791 790 792
f 793 795 794
f 795 791 794
f 796 798 797
f 798 793 797
f 796 800 799
f 800 801 799
f 801 803 802
f 803 804 802
f 803 805 804
f 805 806 804
f 807 808 38
f 809 811 810
f 812 814 813
f 815 817 816
f 818 812 813
f 819 821 820
f 822 818 823
f 824 816 825
f 824 815 816
f 826 828 827
f 817 823 816
f 817 822 823
f 829 824 825
f 830 827 831
f 830 832 827
f 833 834 831
f 835 837 836
f 838 840 839
f 841 842 839
f 812 843 814
f 823 818 813
f 844 829 825
f 832 826 827
f 845 846 836
f 846 835 836
f 847 849 848
f 850 852 851
f 853 855 854
f 853 856 855
f 853 854 857
f 843 858 814
f 826 844 828
f 844 825 828
f 859 861 860
f 862 864 863
f 865 867 866
f 868 865 869
f 865 866 869
f 821 868 820
f 870 872 871
f 872 819 871
f 819 820 871
f 837 872 870
f 849 845 848
f 849 846 845
f 873 874 847
f 873 847 875
f 876 873 875
f 856 841 855
f 877 879 878
f 880 878 814
f 861 833 881
f 833 831 881
f 861 881 860
f 864 882 863
f 868 869 820
f 837 870 836
f 883 885 884
f 886 888 887
f 852 887 851
f 852 886 887
f 838 850 840
f 850 851 840
f 842 838 839
f 841 839 855
f 889 853 857
f 890 892 891
f 892 893 891
f 879 890 894
f 879 894 878
f 880 877 878
f 858 880 814
f 834 830 831
f 882 859 860
f 862 863 895
f 896 862 897
f 862 895 897
f 898 896 897
f 899 876 900
f 876 875 900
f 885 899 900
f 883 884 901
f 888 901 887
f 892 857 893
f 892 889 857
f 890 891 894
f 882 860 863
f 898 897 867
f 885 900 884
f 902 809 810
f 902 810 903
f 904 902 903
f 904 903 905
f 906 904 905
f 906 905 907
f 908 907 909
f 910 908 909
f 911 913 912
f 911 910 913
f 914 916 915
f 917 919 918
f 917 918 920
f 921 917 920
f 922 924 923
f 922 925 924
f 922 923 926
f 927 926 928
f 929 928 930
f 929 927 928
f 930 931 929
f 931 932 929
f 933 932 931
f 934 933 935
f 935 936 934
f 936 938 937
f 939 937 938
f 938 940 939
f 941 745 942
f 745 943 942
f 944 946 945
f 947 949 948
f 949 950 948
f 949 951 950
f 951 952 950
f 953 952 734
f 734 954 953
f 955 956 954
f 957 956 955
f 958 957 959
f 959 960 958
f 961 960 754
f 755 961 754
f 962 964 963
f 965 964 962
f 964 965 966
f 964 966 967
f 968 964 967
f 964 968 969
f 970 964 971
f 964 970 972
f 963 964 972
f 963 972 973
f 972 974 973
f 972 970 974
f 970 975 974
f 970 971 975
f 971 976 975
f 971 964 976
f 964 977 976
f 964 969 977
f 969 978 977
f 969 979 978
f 969 968 979
f 968 980 979
f 968 967 980
f 967 981 980
f 967 966 981
f 966 982 981
f 966 965 982
f 965 983 982
f 965 984 983
f 965 962 984
f 962 985 984
f 962 963 985
f 963 973 985
f 986 988 987
f 988 986 989
f 988 989 990
f 991 988 990
f 988 991 992
f 988 992 993
f 988 993 994
f 995 988 994
f 996 988 995
f 996 995 997
f 995 998 997
f 995 994 998
f 994 999 998
f 994 993 999
f 993 1000 999
f 993 992 1000
f 992 1001 1000
f 992 1002 1001
f 992 991 1002
f 991 1003 1002
f 991 990 1003
f 990 1004 1003
f 990 989 1004
f 989 1005 1004
f 989 986 1005
f 986 1006 1005
f 986 1007 1006
f 986 987 1007
f 987 1008 1007
f 987 988 1008
f 988 997 1008
f 988 996 997
f 100 812 98
f 812 818 98
f 98 818 97
f 818 822 97
f 97 822 95
f 822 817 95
f 95 817 94
f 817 815 94
f 94 815 92
f 815 824 92
f 92 824 90
f 824 829 90
f 90 829 88
f 88 829 87
f 829 844 87
f 87 844 84
f 844 826 84
f 84 826 83
f 826 832 83
f 83 832 81
f 832 830 81
f 81 830 80
f 830 834 80
f 80 834 78
f 834 833 78
f 78 833 77
f 77 833 75
f 833 861 75
f 75 861 73
f 861 859 73
f 73 859 71
f 859 882 71
f 71 882 69
f 882 864 69
f 864 443 69
f 864 862 443
f 443 862 442
f 442 862 441
f 862 896 441
f 441 896 440
f 440 896 439
f 896 898 439
f 898 867 439
f 439 867 438
f 438 867 437
f 867 865 437
f 437 865 436
f 436 865 435
f 865 868 435
f 435 868 434
f 434 868 433
f 868 821 433
f 433 821 432
f 432 821 431
f 821 819 431
f 431 819 430
f 819 872 430
f 430 872 447
f 872 837 447
f 447 837 446
f 837 835 446
f 446 835 445
f 835 846 445
f 444 445 846
f 444 846 429
f 846 849 429
f 429 849 428
f 428 849 426
f 849 847 426
f 426 847 424
f 847 874 424
f 424 874 423
f 423 874 421
f 874 873 421
f 421 873 420
f 873 876 420
f 420 876 419
f 876 899 419
f 419 899 418
f 899 885 418
f 418 885 417
f 885 883 417
f 417 883 416
f 416 883 415
f 883 901 415
f 415 901 414
f 901 888 414
f 414 888 413
f 888 886 413
f 413 886 412
f 412 886 411
f 886 852 411
f 411 852 410
f 410 852 409
f 852 408 409
f 852 850 408
f 408 850 407
f 850 406 407
f 406 850 405
f 850 404 405
f 404 850 403
f 850 402 403
f 850 838 402
f 402 838 401
f 401 838 400
f 838 842 400
f 400 842 151
f 842 149 151
f 842 841 149
f 149 841 148
f 148 841 146
f 841 856 146
f 146 856 145
f 856 853 145
f 145 853 143
f 143 853 141
f 853 889 141
f 141 889 139
f 889 892 139
f 139 892 138
f 138 892 136
f 892 890 136
f 136 890 134
f 134 890 133
f 890 879 133
f 133 879 131
f 131 879 130
f 879 877 130
f 130 877 129
f 877 880 129
f 129 880 128
f 128 880 127
f 880 858 127
f 127 858 126
f 858 843 126
f 843 812 126
f 100 126 812
f 163 156 155
f 163 196 156
f 196 194 156
f 194 157 156
f 194 192 157
f 192 189 157
f 189 158 157
f 189 187 158
f 187 159 158
f 187 185 159
f 185 184 159
f 184 160 159
f 184 182 160
f 182 179 160
f 179 152 160
f 179 177 152
f 177 154 152
f 177 175 154
f 175 173 154
f 173 153 154
f 173 171 153
f 171 169 153
f 169 167 153
f 167 155 153
f 167 165 155
f 165 164 155
f 164 163 155
f 210 243 204
f 243 203 204
f 243 241 203
f 241 205 203
f 241 239 205
f 239 237 205
f 237 206 205
f 237 235 206
f 235 233 206
f 233 207 206
f 233 232 207
f 232 230 207
f 230 228 207
f 228 200 207
f 228 226 200
f 226 199 200
f 226 223 199
f 223 201 199
f 223 221 201
f 221 219 201
f 219 202 201
f 219 217 202
f 217 215 202
f 215 213 202
f 213 198 202
f 213 211 198
f 211 210 198
f 210 204 198
f 997 600 595
f 997 998 600
f 998 592 600
f 998 999 592
f 999 589 592
f 999 1000 589
f 1000 591 589
f 1000 1001 591
f 1001 601 591
f 1001 1002 601
f 1002 602 601
f 1002 1003 602
f 1003 1004 602
f 1004 588 602
f 1004 1005 588
f 1005 587 588
f 1005 597 587
f 1005 1006 597
f 1006 1007 597
f 1007 595 597
f 1007 1008 595
f 1008 997 595
f 973 536 505
f 973 974 536
f 974 975 536
f 975 976 536
f 976 497 536
f 976 977 497
f 977 514 497
f 977 978 514
f 978 533 514
f 978 979 533
f 979 511 533
f 979 980 511
f 980 981 511
f 981 507 511
f 981 982 507
f 982 523 507
f 982 983 523
f 983 506 523
f 983 984 506
f 984 985 506
f 985 505 506
f 985 973 505
f 791 1009 790
f 845 757 1010
f 848 760 847
f 761 763 875
f 763 764 1011
f 884 780 901
f 851 1012 840
f 772 773 1012
f 771 769 1013
f 789 786 855
f 857 791 795
f 857 795 893
f 1014 807 814
f 755 757 845
f 848 845 1010
f 757 758 1010
f 1010 758 760
f 760 848 1010
f 760 761 847
f 847 761 875
f 761 1015 763
f 875 763 1011
f 875 1011 900
f 1011 764 766
f 900 1011 766
f 768 900 766
f 900 768 884
f 884 768 782
f 884 782 780
f 1016 901 780
f 778 780 779
f 778 1016 780
f 887 901 1016
f 851 887 1016
f 1016 778 851
f 777 851 778
f 1012 851 777
f 777 775 1012
f 772 1012 775
f 773 840 1012
f 840 773 1013
f 771 1013 773
f 840 1013 839
f 1013 784 839
f 1013 769 784
f 769 770 784
f 839 789 855
f 839 784 789
f 786 789 788
f 854 855 786
f 790 1009 786
f 1009 854 786
f 791 857 1009
f 857 854 1009
f 1017 795 793
f 795 1017 893
f 798 1017 793
f 893 1017 1018
f 1018 1017 798
f 891 893 1018
f 798 799 1018
f 798 796 799
f 799 891 1018
f 891 799 894
f 802 894 799
f 799 801 802
f 1019 894 802
f 878 894 1019
f 804 1019 802
f 804 806 1019
f 806 878 1019
f 1014 878 806
f 814 878 1014
f 806 808 1014
f 1014 808 807
f 814 807 1020
f 807 811 1020
f 809 1020 811
f 814 1020 813
f 925 1021 921
f 1020 904 813
f 904 906 823
f 906 908 823
f 816 1022 825
f 911 916 1022
f 917 921 1021
f 831 927 881
f 881 929 860
f 934 937 1023
f 934 936 937
f 863 1023 895
f 937 939 1023
f 956 957 871
f 961 755 836
f 1020 809 904
f 809 902 904
f 813 904 823
f 906 907 908
f 823 908 816
f 908 910 816
f 816 910 911
f 816 911 1022
f 916 911 912
f 1022 1024 825
f 1024 1022 916
f 916 914 1024
f 828 1024 914
f 828 825 1024
f 828 914 919
f 919 914 918
f 827 828 919
f 919 1021 827
f 919 917 1021
f 827 1025 831
f 827 1021 1025
f 1021 925 1025
f 922 1025 925
f 1025 922 831
f 922 926 831
f 927 831 926
f 929 881 927
f 929 932 860
f 933 860 932
f 860 1026 863
f 860 933 1026
f 933 934 1026
f 863 1026 934
f 1023 863 934
f 1023 939 895
f 939 940 895
f 940 941 895
f 942 895 941
f 895 942 897
f 897 942 943
f 897 943 1027
f 867 897 1027
f 943 945 1027
f 943 944 945
f 866 1027 945
f 866 867 1027
f 945 1028 866
f 945 946 1028
f 1029 866 1028
f 866 1029 869
f 1029 1028 947
f 948 1029 947
f 1029 948 869
f 950 869 948
f 869 950 952
f 820 869 952
f 820 952 953
f 956 953 954
f 871 820 953
f 953 956 871
f 957 870 871
f 958 870 957
f 958 961 870
f 958 960 961
f 870 961 836
f 845 836 755
f 924 925 921
f 914 66 918
f 66 914 915
f 930 9 47
f 923 46 9
f 924 16 45
f 16 920 15
f 65 915 916
f 916 912 65
f 913 20 42
f 930 47 14
f 928 9 930
f 928 926 9
f 926 923 9
f 924 45 46
f 924 921 16
f 921 920 16
f 920 918 15
f 918 66 15
f 5 915 65
f 912 42 65
f 912 913 42
f 935 933 11
f 933 13 11
f 933 931 13
f 931 14 13
f 931 930 14
f 923 924 46
f 915 5 66
f 913 910 20
f 910 909 20
f 909 19 20
f 909 907 19
f 907 905 19
f 19 905 21
f 903 21 905
f 21 903 23
f 810 23 903
f 27 770 29
f 25 23 811
f 57 25 811
f 38 811 807
f 38 808 37
f 808 806 37
f 806 58 37
f 806 805 58
f 58 803 32
f 803 26 32
f 790 51 792
f 790 787 51
f 794 53 61
f 56 787 788
f 788 785 56
f 30 56 785
f 56 52 787
f 52 51 787
f 51 55 792
f 2 800 796
f 2 26 800
f 811 23 810
f 27 785 770
f 27 30 785
f 55 791 792
f 55 53 791
f 53 794 791
f 794 61 793
f 61 59 793
f 59 797 793
f 59 2 797
f 2 796 797
f 800 26 801
f 26 803 801
f 803 58 805
f 57 811 38
f 739 946 741
f 731 727 954
f 955 728 725
f 723 720 754
f 955 959 957
f 951 734 952
f 946 947 1028
f 745 944 943
f 941 940 747
f 751 938 936
f 723 959 725
f 728 954 727
f 954 734 731
f 944 745 743
f 938 751 750
f 751 936 753
f 935 11 753
f 753 936 935
f 946 739 947
f 739 737 949
f 737 735 951
f 954 728 955
f 725 959 955
f 723 754 960
f 750 940 938
f 750 747 940
f 743 741 944
f 741 946 944
f 739 949 947
f 737 951 949
f 735 734 951
f 723 960 959
f 747 745 941
f 774 771 773
f 693 772 775
f 776 682 775
f 666 781 782
f 783 666 782
f 768 767 783
f 763 708 762
f 759 1015 761
f 759 718 715
f 713 711 1015
f 779 647 631
f 685 29 771
f 718 759 756
f 1015 708 763
f 762 765 764
f 657 666 783
f 693 774 772
f 770 771 29
f 776 779 631
f 767 765 636
f 708 1015 711
f 759 713 1015
f 771 774 685
f 693 775 682
f 776 631 682
f 783 767 657
f 765 762 633
f 762 708 633
f 756 720 717
f 774 693 685
f 779 781 647
f 781 666 647
f 657 767 644
f 767 636 644
f 765 633 636
f 713 759 715
f 756 717 718
f 754 720 756
f 10 594 12
f 10 48 594
f 7 596 48
f 7 8 596
f 8 44 596
f 67 6 17
f 6 4 106
f 4 43 106
f 44 586 596
f 44 17 586
f 17 6 586
f 106 586 6
f 596 594 48
f 738 736 737
f 736 738 590
f 738 598 590
f 744 593 598
f 752 599 593
f 599 12 594
f 744 746 593
f 746 749 593
f 749 752 593
f 599 752 12
f 749 746 748
f 744 598 742
f 598 740 742
f 598 738 740
f 736 590 733
f 590 732 733
f 590 626 732
f 626 625 732
f 625 624 730
f 604 730 624
f 614 730 604
f 614 615 730
f 627 729 616
f 722 627 721
f 724 627 722
f 724 729 627
f 726 616 729
f 726 615 616
f 721 716 719
f 721 714 716
f 721 628 714
f 628 721 627
f 571 710 712
f 628 571 712
f 712 714 628
f 571 572 710
f 572 709 710
f 561 572 562
f 561 709 572
f 709 561 585
f 709 585 584
f 583 632 584
f 709 584 632
f 510 508 28
f 706 705 684
f 700 702 701
f 696 698 697
f 694 696 695
f 689 691 690
f 681 680 683
f 630 677 629
f 676 675 649
f 670 672 671
f 665 668 667
f 663 665 664
f 659 661 660
f 654 653 655
f 650 642 651
f 643 645 642
f 640 639 641
f 707 510 28
f 553 635 545
f 635 541 545
f 635 583 541
f 632 583 634
f 583 635 634
f 635 553 637
f 553 638 637
f 553 554 638
f 554 639 638
f 554 555 639
f 555 641 639
f 555 556 641
f 556 646 641
f 556 557 646
f 557 645 646
f 557 558 645
f 558 642 645
f 558 559 642
f 559 651 642
f 559 552 651
f 552 652 651
f 552 551 652
f 551 653 652
f 551 539 653
f 539 655 653
f 539 540 655
f 540 656 655
f 540 544 656
f 544 658 656
f 544 543 658
f 543 659 658
f 543 542 659
f 542 661 659
f 542 548 661
f 548 662 661
f 548 549 662
f 549 663 662
f 549 550 663
f 550 665 663
f 550 547 665
f 547 668 665
f 547 546 668
f 546 669 668
f 546 538 669
f 538 670 669
f 538 537 670
f 537 672 670
f 537 519 672
f 519 673 672
f 519 520 673
f 520 674 673
f 520 521 674
f 521 675 674
f 521 522 675
f 522 649 675
f 522 517 649
f 517 648 649
f 517 518 648
f 518 677 648
f 518 503 677
f 503 629 677
f 503 504 629
f 504 678 629
f 504 501 678
f 501 679 678
f 501 502 679
f 502 680 679
f 502 498 680
f 498 683 680
f 498 499 683
f 499 687 683
f 499 500 687
f 500 688 687
f 500 512 688
f 512 689 688
f 512 513 689
f 513 691 689
f 513 515 691
f 515 692 691
f 515 516 692
f 516 694 692
f 516 524 694
f 524 696 694
f 524 525 696
f 525 698 696
f 525 526 698
f 526 699 698
f 526 527 699
f 527 700 699
f 527 528 700
f 528 702 700
f 528 529 702
f 529 703 702
f 529 530 703
f 530 704 703
f 530 531 704
f 531 705 704
f 531 535 705
f 535 684 705
f 535 534 684
f 534 686 684
f 534 510 686
f 510 707 686
f 509 49 50
f 509 54 49
f 54 60 62
f 63 532 1
f 532 3 1
f 101 34 3
f 101 33 34
f 508 31 28
f 508 50 31
f 60 532 63
f 508 509 50
f 509 532 54
f 532 60 54
f 532 101 3
f 112 35 36
f 101 36 33
f 35 40 39
f 101 112 36
f 112 113 35
f 113 40 35
f 43 108 106
f 43 41 108
f 41 18 108
f 18 64 108
f 64 22 108
f 108 22 113
f 24 40 113
f 22 24 113
f 1030 1032 1031
f 1032 1033 1031
f 1032 1034 1033
f 1034 1035 1033
f 1034 1036 1035
f 1036 1037 1035
f 1036 1038 1037
f 1038 1039 1037
f 1038 1040 1039
f 1040 1041 1039
f 1040 1042 1041
f 1040 1043 1042
f 1043 1044 1042
f 1044 1045 1042
f 1044 1046 1045
f 1046 1047 1045
f 1046 1048 1047
f 1048 1031 1047
f 1048 1030 1031
f 1049 1051 1050
f 1049 1052 1051
f 1052 1053 1051
f 1052 1054 1053
f 1054 1055 1053
f 1054 1056 1055
f 1056 1057 1055
f 1057 1058 1055
f 1057 1059 1058
f 1059 1060 1058
f 1059 1061 1060
f 1061 1062 1060
f 1061 1063 1062
f 1063 1064 1062
f 1064 1065 1062
f 1064 1066 1065
f 1066 1067 1065
f 1066 1050 1067
f 1066 1068 1050
f 1068 1049 1050
f 1069 1071 1070
f 1069 1072 1071
f 1069 1073 1072
f 1073 1074 1072
f 1074 1075 1072
f 1074 1076 1075
f 1076 1077 1075
f 1077 1078 1075
f 1077 1079 1078
f 1077 1080 1079
f 1080 1081 1079
f 1081 1082 1079
f 1081 1083 1082
f 1081 1084 1083
f 1084 1085 1083
f 1085 1070 1083
f 1085 1069 1070
f 1086 1088 1087
f 1088 1089 1087
f 1088 1090 1089
f 1090 1091 1089
f 1090 1092 1091
f 1090 1093 1092
f 1093 1094 1092
f 1093 1095 1094
f 1095 1096 1094
f 1095 1097 1096
f 1097 1098 1096
f 1097 1099 1098
f 1099 1100 1098
f 1100 1101 1098
f 1100 1102 1101
f 1102 1103 1101
f 1102 1086 1103
f 1086 1087 1103
f 1104 1106 1105
f 1106 1107 1105
f 1106 1108 1107
f 1108 1109 1107
f 1108 1110 1109
f 1110 1111 1109
f 1110 1112 1111
f 1112 1113 1111
f 1112 1114 1113
f 1105 1115 1104
f 1115 1116 1104
f 1115 1117 1116
f 1117 1118 1116
f 1118 1119 1116
f 1118 1120 1119
f 1120 1121 1119
f 1120 1122 1121
f 1122 1123 1121
f 1122 1124 1123
f 1124 1125 1123
f 1124 1126 1125
f 1126 1127 1125
f 1126 1128 1127
f 1128 1129 1127
f 1128 1130 1129
f 1128 1131 1130
f 1131 1132 1130
f 1131 1133 1132
f 1133 1134 1132
f 1133 1135 1134
f 1135 1136 1134
f 1135 1137 1136
f 1137 1138 1136
f 1137 1139 1138
f 1139 1140 1138
f 1139 1141 1140
f 1141 1142 1140
f 1141 1143 1142
f 1143 1144 1142
f 1143 1145 1144
f 1145 1146 1144
f 1145 1147 1146
f 1147 1148 1146
f 1148 1149 1146
f 1148 1150 1149
f 1150 1151 1149
f 1150 1152 1151
f 1150 1153 1152
f 1153 1154 1152
f 1153 1155 1154
f 1155 1156 1154
f 1156 1157 1154
f 1156 1158 1157
f 1158 1159 1157
f 1158 1160 1159
f 1160 1161 1159
f 1160 1162 1161
f 1160 1163 1162
f 1163 1164 1162
f 1164 1165 1162
f 1164 1166 1165
f 1166 1167 1165
f 1166 1168 1167
f 1168 1169 1167
f 1168 1170 1169
f 1170 1171 1169
f 1170 1172 1171
f 1172 1173 1171
f 1172 1174 1173
f 1174 1175 1173
f 1174 1176 1175
f 1176 1177 1175
f 1176 1178 1177
f 1178 1179 1177
f 1178 1180 1179
f 1180 1181 1179
f 1180 1182 1181
f 1182 1183 1181
f 1182 1184 1183
f 1184 1185 1183
f 1184 1186 1185
f 1186 1187 1185
f 1186 1188 1187
f 1188 1189 1187
f 1188 1190 1189
f 1190 1191 1189
f 1190 1192 1191
f 1192 1193 1191
f 1192 1194 1193
f 1194 1195 1193
f 1194 1196 1195
f 1194 1197 1196
f 1196 1197 1198
f 1197 1199 1198
f 1199 1200 1198
f 1199 1201 1200
f 1201 1202 1200
f 1201 1203 1202
f 1201 1204 1203
f 1204 1205 1203
f 1204 1206 1205
f 1206 1207 1205
f 1206 1208 1207
f 1208 1209 1207
f 1208 1210 1209
f 1210 1211 1209
f 1210 1212 1211
f 1212 1213 1211
f 1212 1214 1213
f 1214 1215 1213
f 1214 1216 1215
f 1216 1217 1215
f 1216 1218 1217
f 1218 1219 1217
f 1218 1220 1219
f 1220 1221 1219
f 1220 1222 1221
f 1220 1223 1222
f 1223 1224 1222
f 1224 1225 1222
f 1224 1226 1225
f 1226 1227 1225
f 1226 1228 1227
f 1228 1229 1227
f 1228 1230 1229
f 1230 1231 1229
f 1230 1232 1231
f 1232 1233 1231
f 1232 1234 1233
f 1234 1235 1233
f 1234 1236 1235
f 1236 1237 1235
f 1236 1238 1237
f 1238 1239 1237
f 1238 1240 1239
f 1240 1241 1239
f 1240 1242 1241
f 1242 1243 1241
f 1242 1244 1243
f 1244 1245 1243
f 1244 1246 1245
f 1246 1247 1245
f 1246 1248 1247
f 1248 1249 1247
f 1248 1250 1249
f 1250 1251 1249
f 1250 1252 1251
f 1252 1253 1251
f 1252 1254 1253
f 1254 1255 1253
f 1254 1256 1255
f 1256 1257 1255
f 1256 1258 1257
f 1258 1259 1257
f 1258 1260 1259
f 1258 1261 1260
f 1261 1262 1260
f 1261 1263 1262
f 1263 1264 1262
f 1264 1265 1262
f 1264 1266 1265
f 1266 1267 1265
f 1266 1114 1267
f 1114 1112 1267
f 1268 1270 1269
f 1270 1271 1269
f 1271 1272 1269
f 1271 1273 1272
f 1273 1274 1272
f 1273 1275 1274
f 1275 1276 1274
f 1276 1277 1274
f 1276 1278 1277
f 1278 1279 1277
f 1278 1280 1279
f 1280 1281 1279
f 1280 1282 1281
f 1282 1283 1281
f 1282 1284 1283
f 1284 1285 1283
f 1284 1286 1285
f 1286 1287 1285
f 1286 1288 1287
f 1288 1289 1287
f 1288 1290 1289
f 1290 1291 1289
f 1290 1292 1291
f 1292 1293 1291
f 1292 1294 1293
f 1294 1295 1293
f 1294 1296 1295
f 1294 1297 1296
f 1297 1298 1296
f 1298 1299 1296
f 1298 1300 1299
f 1300 1301 1299
f 1300 1302 1301
f 1302 1303 1301
f 1302 1304 1303
f 1304 1305 1303
f 1304 1306 1305
f 1306 1307 1305
f 1306 1308 1307
f 1308 1309 1307
f 1309 1310 1307
f 1309 1311 1310
f 1311 1312 1310
f 1311 1313 1312
f 1313 1314 1312
f 1314 1315 1312
f 1314 1316 1315
f 1316 1317 1315
f 1316 1318 1317
f 1318 1319 1317
f 1318 1320 1319
f 1320 1321 1319
f 1321 1322 1319
f 1321 1323 1322
f 1323 1324 1322
f 1323 1325 1324
f 1325 1326 1324
f 1325 1327 1326
f 1327 1328 1326
f 1327 1329 1328
f 1329 1330 1328
f 1329 1331 1330
f 1331 1332 1330
f 1331 1333 1332
f 1333 1334 1332
f 1333 1335 1334
f 1333 1336 1335
f 1336 1337 1335
f 1336 1338 1337
f 1338 1339 1337
f 1338 1340 1339
f 1339 1340 1341
f 1340 1342 1341
f 1342 1343 1341
f 1342 1344 1343
f 1344 1345 1343
f 1344 1346 1345
f 1344 1347 1346
f 1347 1348 1346
f 1347 1349 1348
f 1349 1350 1348
f 1349 1351 1350
f 1351 1352 1350
f 1351 1353 1352
f 1353 1354 1352
f 1353 1355 1354
f 1355 1356 1354
f 1356 1357 1354
f 1356 1358 1357
f 1358 1359 1357
f 1358 1360 1359
f 1360 1361 1359
f 1360 1362 1361
f 1362 1363 1361
f 1362 1364 1363
f 1364 1365 1363
f 1364 1366 1365
f 1366 1367 1365
f 1366 1368 1367
f 1368 1369 1367
f 1369 1370 1367
f 1369 1371 1370
f 1371 1372 1370
f 1371 1373 1372
f 1373 1268 1372
f 1268 1374 1372
f 1268 1269 1374
f 1375 1377 1376
f 1375 1378 1377
f 1378 1379 1377
f 1378 1380 1379
f 1378 1381 1380
f 1381 1382 1380
f 1381 1383 1382
f 1383 1384 1382
f 1383 1385 1384
f 1385 1386 1384
f 1385 1387 1386
f 1387 1388 1386
f 1387 1389 1388
f 1389 1390 1388
f 1389 1391 1390
f 1391 1392 1390
f 1391 1393 1392
f 1393 1394 1392
f 1393 1395 1394
f 1395 1396 1394
f 1395 1397 1396
f 1397 1398 1396
f 1397 1399 1398
f 1399 1400 1398
f 1399 1401 1400
f 1401 1402 1400
f 1401 1403 1402
f 1403 1404 1402
f 1403 1405 1404
f 1405 1406 1404
f 1405 1407 1406
f 1407 1408 1406
f 1407 1409 1408
f 1409 1410 1408
f 1410 1411 1408
f 1410 1412 1411
f 1412 1413 1411
f 1412 1414 1413
f 1414 1415 1413
f 1414 1416 1415
f 1416 1417 1415
f 1416 1418 1417
f 1418 1419 1417
f 1418 1420 1419
f 1420 1421 1419
f 1420 1422 1421
f 1422 1423 1421
f 1422 1424 1423
f 1424 1425 1423
f 1424 1426 1425
f 1426 1427 1425
f 1426 1428 1427
f 1428 1429 1427
f 1428 1430 1429
f 1430 1431 1429
f 1430 1432 1431
f 1430 1433 1432
f 1433 1434 1432
f 1433 1435 1434
f 1435 1436 1434
f 1435 1437 1436
f 1435 1438 1437
f 1438 1439 1437
f 1438 1440 1439
f 1438 1441 1440
f 1441 1442 1440
f 1441 1443 1442
f 1443 1444 1442
f 1445 1444 1446
f 1444 1443 1446
f 1447 1445 1446
f 1447 1446 1448
f 1449 1447 1448
f 1449 1448 1450
f 1451 1449 1450
f 1451 1450 1452
f 1453 1451 1452
f 1453 1452 1454
f 1455 1453 1454
f 1455 1454 1456
f 1457 1455 1456
f 1457 1456 1458
f 1459 1457 1458
f 1459 1458 1460
f 1461 1459 1460
f 1461 1460 1462
f 1463 1461 1462
f 1463 1462 1464
f 1465 1463 1464
f 1465 1464 1466
f 1467 1465 1466
f 1467 1466 1468
f 1469 1467 1468
f 1469 1468 1470
f 1471 1469 1470
f 1471 1470 1472
f 1473 1471 1472
f 1473 1472 1474
f 1475 1473 1474
f 1475 1474 1476
f 1477 1475 1476
f 1477 1476 1478
f 1477 1478 1479
f 1480 1477 1479
f 1480 1479 1481
f 1482 1480 1481
f 1482 1481 1483
f 1484 1482 1483
f 1484 1483 1485
f 1486 1484 1485
f 1486 1485 1487
f 1488 1486 1487
f 1488 1487 1489
f 1490 1488 1489
f 1490 1489 1491
f 1492 1490 1491
f 1492 1491 1493
f 1494 1492 1493
f 1494 1493 1495
f 1496 1494 1495
f 1496 1495 1497
f 1498 1496 1497
f 1499 1498 1497
f 1499 1497 1500
f 1501 1499 1500
f 1502 1501 1503
f 1501 1500 1503
f 1504 1502 1503
f 1505 1504 1506
f 1504 1503 1506
f 1507 1505 1506
f 1376 1507 1508
f 1507 1506 1508
f 1376 1508 1375
f 1509 1511 1510
f 1509 1510 1512
f 1509 1512 1513
f 1509 1513 1514
f 1515 1509 1514
f 1516 1509 1515
f 1509 1516 1517
f 1509 1517 1518
f 1519 1509 1518
f 1509 1519 1520
f 1509 1520 1521
f 1522 1509 1521
f 1523 1509 1522
f 1509 1525 1524
f 1509 1524 1511
f 1526 1528 1527
f 1526 1527 1529
f 1530 1532 1531
f 1533 1535 1534
f 1532 1530 1535
f 1536 1538 1537
f 1539 1536 1540
f 1536 1537 1540
f 1541 1543 1542
f 1543 1540 1542
f 1540 1543 1539
f 1541 1545 1544
f 1546 1548 1547
f 1546 1547 1549
f 1550 1549 1551
f 1550 1551 1552
f 1552 1554 1553
f 1555 1557 1556
f 1558 1559 1556
f 1557 1555 1560
f 1561 1562 1560
f 1563 1562 1561
f 1563 1565 1564
f 1566 1568 1567
f 1568 1546 1567
f 1568 1569 1546
f 1569 1548 1546
f 1570 1566 1571
f 1566 1567 1571
f 1572 1570 1573
f 1570 1571 1573
f 1574 1572 1575
f 1572 1573 1575
f 1576 1574 1577
f 1574 1575 1577
f 1578 1576 1579
f 1576 1577 1579
f 1580 1578 1581
f 1578 1579 1581
f 1582 1580 1583
f 1580 1581 1583
f 1584 1582 1585
f 1582 1583 1585
f 1586 1584 1587
f 1584 1585 1587
f 1588 1586 1587
f 1588 1587 1589
f 1590 1592 1591
f 1592 1588 1591
f 1588 1589 1591
f 1590 1591 1593
f 1594 1590 1593
f 1594 1593 1595
f 1595 1596 1594
f 1597 1596 1598
f 1596 1595 1598
f 1599 1597 1600
f 1597 1598 1600
f 1544 1599 1543
f 1599 1600 1543
f 1544 1543 1541
f 1601 1602 1536
f 1602 1538 1536
f 1603 1601 1604
f 1601 1536 1604
f 1605 1607 1606
f 1605 1603 1607
f 1603 1604 1607
f 1608 1605 1606
f 1609 1608 1610
f 1608 1606 1610
f 1611 1609 1612
f 1609 1610 1612
f 1613 1615 1614
f 1615 1611 1614
f 1611 1612 1614
f 1616 1613 1617
f 1613 1614 1617
f 1618 1616 1619
f 1616 1617 1619
f 1618 1619 1620
f 1621 1618 1620
f 1621 1620 1622
f 1622 1623 1621
f 1622 1624 1623
f 1625 1623 1624
f 1626 1625 1627
f 1625 1624 1627
f 1628 1626 1629
f 1626 1627 1629
f 1630 1632 1631
f 1630 1628 1632
f 1628 1629 1632
f 1633 1631 1634
f 1633 1630 1631
f 1635 1634 1636
f 1635 1633 1634
f 1637 1635 1636
f 1636 1532 1637
f 1532 1533 1637
f 1532 1535 1533
f 1638 1526 1639
f 1638 1528 1526
f 1640 1638 1641
f 1638 1639 1641
f 1642 1640 1643
f 1640 1641 1643
f 1644 1642 1645
f 1642 1643 1645
f 1644 1645 1646
f 1647 1646 1648
f 1647 1644 1646
f 1649 1651 1650
f 1649 1652 1651
f 1652 1648 1651
f 1652 1647 1648
f 1653 1650 1654
f 1653 1649 1650
f 1655 1654 1656
f 1655 1653 1654
f 1657 1656 1658
f 1657 1655 1656
f 1659 1658 1660
f 1659 1657 1658
f 1661 1660 1662
f 1661 1659 1660
f 1663 1662 1664
f 1663 1661 1662
f 1665 1667 1666
f 1667 1664 1666
f 1667 1663 1664
f 1668 1665 1666
f 1669 1668 1670
f 1668 1666 1670
f 1564 1669 1671
f 1669 1670 1671
f 1564 1562 1563
f 1564 1671 1562
f 1557 1558 1556
f 1557 1672 1558
f 1673 1672 1674
f 1673 1558 1672
f 1675 1677 1676
f 1675 1678 1677
f 1678 1674 1677
f 1678 1673 1674
f 1679 1676 1680
f 1679 1675 1676
f 1681 1680 1682
f 1681 1679 1680
f 1683 1682 1684
f 1683 1681 1682
f 1685 1684 1686
f 1685 1683 1684
f 1687 1686 1688
f 1687 1685 1686
f 1689 1688 1690
f 1689 1687 1688
f 1691 1690 1692
f 1691 1689 1690
f 1693 1692 1694
f 1693 1691 1692
f 1695 1694 1696
f 1695 1693 1694
f 1697 1698 1696
f 1698 1695 1696
f 1699 1697 1700
f 1697 1696 1700
f 1699 1700 1701
f 1702 1699 1703
f 1699 1701 1703
f 1553 1702 1704
f 1702 1703 1704
f 1553 1550 1552
f 1553 1704 1550
f 1705 1707 1706
f 1707 1708 1706
f 1708 1709 1706
f 1710 1712 1711
f 1712 1713 1711
f 1712 1714 1713
f 1712 1715 1714
f 1712 1716 1715
f 1716 1717 1715
f 1718 1720 1719
f 1720 1718 1721
f 1718 1722 1721
f 1718 1723 1722
f 1723 1724 1722
f 1723 1725 1724
f 1726 1728 1727
f 1728 1729 1727
f 1729 1730 1727
f 1729 1731 1730
f 1731 1732 1730
f 1731 1733 1732
f 1725 1734 1724
f 1734 1735 1724
f 1734 1736 1735
f 1734 1737 1736
f 1737 1738 1736
f 1738 1739 1736
f 1738 1740 1739
f 1740 1741 1739
f 1740 1742 1741
f 1742 1743 1741
f 1742 1744 1743
f 1742 1745 1744
f 1745 1746 1744
f 1745 1747 1746
f 1747 1748 1746
f 1747 1749 1748
f 1749 1750 1748
f 1749 1751 1750
f 1751 1752 1750
f 1751 1753 1752
f 1753 1754 1752
f 1753 1755 1754
f 1753 1756 1755
f 1756 1757 1755
f 1757 1758 1755
f 1757 1759 1758
f 1759 1760 1758
f 1759 1761 1760
f 1761 1762 1760
f 1761 1763 1762
f 1763 1764 1762
f 1763 1765 1764
f 1765 1766 1764
f 1765 1767 1766
f 1767 1768 1766
f 1767 1769 1768
f 1769 1726 1768
f 1769 1770 1726
f 1770 1728 1726
f 1717 1771 1715
f 1771 1772 1715
f 1771 1773 1772
f 1773 1774 1772
f 1773 1775 1774
f 1775 1776 1774
f 1775 1777 1776
f 1775 1778 1777
f 1778 1779 1777
f 1778 1780 1779
f 1780 1781 1779
f 1781 1782 1779
f 1781 1783 1782
f 1783 1784 1782
f 1783 1785 1784
f 1785 1786 1784
f 1785 1787 1786
f 1785 1788 1787
f 1788 1789 1787
f 1788 1790 1789
f 1790 1791 1789
f 1790 1792 1791
f 1792 1793 1791
f 1792 1794 1793
f 1794 1795 1793
f 1794 1796 1795
f 1796 1797 1795
f 1796 1798 1797
f 1796 1799 1798
f 1799 1800 1798
f 1800 1801 1798
f 1800 1802 1801
f 1800 1803 1802
f 1803 1720 1802
f 1803 1804 1720
f 1804 1719 1720
f 1708 1805 1709
f 1805 1806 1709
f 1805 1807 1806
f 1807 1808 1806
f 1808 1809 1806
f 1808 1810 1809
f 1808 1811 1810
f 1811 1812 1810
f 1812 1813 1810
f 1812 1814 1813
f 1814 1815 1813
f 1814 1816 1815
f 1816 1817 1815
f 1816 1818 1817
f 1818 1819 1817
f 1818 1820 1819
f 1820 1821 1819
f 1820 1822 1821
f 1822 1823 1821
f 1822 1824 1823
f 1824 1825 1823
f 1824 1826 1825
f 1826 1827 1825
f 1826 1828 1827
f 1828 1829 1827
f 1828 1830 1829
f 1830 1831 1829
f 1830 1832 1831
f 1832 1833 1831
f 1832 1834 1833
f 1834 1835 1833
f 1834 1836 1835
f 1836 1837 1835
f 1836 1838 1837
f 1838 1839 1837
f 1838 1840 1839
f 1840 1841 1839
f 1840 1842 1841
f 1842 1711 1841
f 1842 1843 1711
f 1843 1710 1711
f 1733 1844 1732
f 1844 1845 1732
f 1844 1846 1845
f 1846 1847 1845
f 1846 1848 1847
f 1846 1849 1848
f 1849 1850 1848
f 1850 1851 1848
f 1850 1852 1851
f 1852 1853 1851
f 1852 1854 1853
f 1854 1855 1853
f 1854 1856 1855
f 1856 1857 1855
f 1856 1858 1857
f 1858 1859 1857
f 1858 1860 1859
f 1860 1861 1859
f 1861 1862 1859
f 1861 1863 1862
f 1863 1864 1862
f 1863 1865 1864
f 1865 1866 1864
f 1865 1867 1866
f 1867 1868 1866
f 1867 1869 1868
f 1869 1870 1868
f 1869 1871 1870
f 1869 1872 1871
f 1872 1873 1871
f 1873 1874 1871
f 1873 1875 1874
f 1875 1705 1874
f 1875 1876 1705
f 1876 1707 1705
f 1877 1034 1032
f 1095 1879 1878
f 1095 1093 1879
f 1198 1880 1196
f 1044 1253 1255
f 1044 1043 1253
f 1030 1877 1032
f 1877 1881 1034
f 1881 1036 1034
f 1030 1882 1877
f 1878 1097 1095
f 1207 1209 1102
f 1209 1086 1102
f 1255 1046 1044
f 1048 1884 1883
f 1102 1100 1207
f 1088 1209 1211
f 1088 1086 1209
f 1030 1048 1882
f 1048 1883 1882
f 1878 1099 1097
f 1259 1048 1257
f 1048 1046 1257
f 1046 1255 1257
f 1048 1260 1884
f 1048 1259 1260
f 1099 1878 1885
f 1880 1100 1886
f 1205 1207 1100
f 1100 1203 1205
f 1217 1090 1215
f 1881 1038 1036
f 1881 1887 1038
f 1887 1040 1038
f 1040 1889 1888
f 1265 1884 1262
f 1884 1260 1262
f 1100 1885 1886
f 1100 1099 1885
f 1202 1880 1200
f 1211 1213 1088
f 1213 1090 1088
f 1213 1215 1090
f 1040 1887 1889
f 1251 1253 1040
f 1253 1043 1040
f 1100 1880 1203
f 1880 1202 1203
f 1880 1198 1200
f 1040 1888 1890
f 1891 1879 1090
f 1879 1093 1090
f 1112 1884 1267
f 1884 1265 1267
f 1245 1890 1243
f 1040 1249 1251
f 1040 1890 1249
f 1890 1247 1249
f 1247 1890 1245
f 1090 1893 1892
f 1893 1090 1894
f 1090 1892 1891
f 1890 1241 1243
f 1890 1239 1241
f 1894 1217 1219
f 1890 1237 1239
f 1890 1235 1237
f 1890 1895 1235
f 1895 1233 1235
f 1895 1231 1233
f 1895 1896 1231
f 1222 1894 1221
f 1894 1219 1221
f 1090 1217 1894
f 1894 1222 1225
f 1896 1229 1231
f 1896 1227 1229
f 1896 1894 1227
f 1227 1894 1225
f 1897 1898 1052
f 1127 1129 1056
f 1129 1057 1056
f 1897 1052 1049
f 1057 1129 1059
f 1129 1130 1059
f 1061 1059 1130
f 1898 1054 1052
f 1049 1068 1897
f 1064 1134 1136
f 1898 1899 1054
f 1897 1068 1066
f 1899 1900 1056
f 1119 1121 1901
f 1901 1116 1119
f 1061 1130 1063
f 1130 1132 1063
f 1132 1064 1063
f 1132 1134 1064
f 1902 1136 1138
f 1066 1064 1903
f 1056 1054 1899
f 1056 1900 1901
f 1136 1902 1064
f 1064 1902 1904
f 1903 1064 1905
f 1064 1904 1905
f 1066 1903 1897
f 1056 1125 1127
f 1123 1901 1121
f 1140 1142 1902
f 1902 1142 1144
f 1902 1138 1140
f 1056 1901 1125
f 1901 1123 1125
f 1901 1906 1116
f 1906 1104 1116
f 1906 1106 1104
f 1906 1907 1106
f 1907 1108 1106
f 1112 1908 1884
f 1112 1110 1908
f 1110 1909 1908
f 1110 1108 1909
f 1108 1907 1909
f 1144 1146 1902
f 1146 1910 1902
f 1146 1149 1910
f 1149 1911 1910
f 1149 1151 1911
f 1151 1912 1911
f 1151 1152 1912
f 1152 1154 1912
f 1154 1913 1912
f 1914 1084 1915
f 1169 1073 1069
f 1175 1177 1076
f 1080 1077 1916
f 1915 1084 1081
f 1076 1173 1175
f 1916 1915 1080
f 1915 1081 1080
f 1914 1085 1084
f 1917 1069 1918
f 1171 1076 1074
f 1171 1173 1076
f 1085 1914 1918
f 1069 1167 1169
f 1069 1165 1167
f 1165 1069 1162
f 1169 1074 1073
f 1169 1171 1074
f 1077 1920 1919
f 1069 1085 1918
f 1161 1162 1917
f 1154 1157 1913
f 1077 1921 1916
f 1917 1159 1161
f 1187 1920 1185
f 1920 1183 1185
f 1921 1077 1922
f 1069 1917 1162
f 1920 1179 1181
f 1077 1919 1922
f 1917 1157 1159
f 1917 1913 1157
f 1191 1924 1923
f 1191 1193 1924
f 1193 1925 1924
f 1193 1195 1925
f 1195 1196 1925
f 1196 1880 1925
f 1187 1189 1920
f 1189 1923 1920
f 1189 1191 1923
f 1920 1177 1179
f 1920 1181 1183
f 1077 1177 1920
f 1077 1076 1177
f 1926 1928 1927
f 1929 1926 1930
f 1926 1929 1931
f 1926 1931 1932
f 1926 1932 1933
f 1926 1933 1934
f 1926 1934 1935
f 1926 1935 1936
f 1937 1926 1936
f 1938 1926 1937
f 1926 1938 1939
f 1940 1926 1939
f 1941 1926 1940
f 1942 1926 1941
f 1926 1942 1943
f 1944 1926 1943
f 1945 1926 1944
f 1926 1945 1946
f 1947 1926 1946
f 1926 1947 1948
f 1926 1948 1949
f 1926 1949 1950
f 1926 1950 1951
f 1926 1951 1952
f 1926 1952 1953
f 1926 1953 1954
f 1926 1954 1955
f 1956 1926 1955
f 1926 1956 1957
f 1926 1957 1958
f 1959 1926 1958
f 1926 1959 1960
f 1926 1960 1961
f 1926 1961 1962
f 1926 1962 1963
f 1926 1963 1964
f 1965 1926 1966
f 1926 1964 1966
f 1967 1926 1968
f 1926 1965 1968
f 1969 1926 1967
f 1926 1969 1970
f 1971 1926 1970
f 1972 1926 1971
f 1973 1926 1972
f 1926 1973 1974
f 1975 1926 1974
f 1976 1926 1975
f 1977 1926 1976
f 1978 1926 1977
f 1979 1926 1980
f 1926 1978 1980
f 1981 1926 1982
f 1926 1979 1982
f 1926 1981 1983
f 1926 1983 1984
f 1926 1984 1985
f 1926 1985 1986
f 1926 1986 1987
f 1926 1987 1988
f 1926 1988 1989
f 1926 1989 1990
f 1926 1990 1991
f 1926 1991 1992
f 1926 1992 1993
f 1926 1993 1994
f 1926 1994 1995
f 1996 1926 1995
f 1997 1926 1996
f 1926 1997 1998
f 1999 1926 1998
f 2000 1926 1999
f 2001 1926 2002
f 1926 2000 2002
f 1926 2001 2003
f 1926 2003 2004
f 1928 1926 2004
f 2005 2007 2006
f 2006 2008 2005
f 2008 2006 2009
f 2010 2008 2011
f 2008 2009 2011
f 2012 2010 2011
f 2013 2014 2012
f 2014 2010 2012
f 2015 2014 2016
f 2014 2013 2016
f 2017 2015 2016
f 2018 2017 2016
f 2019 2017 2018
f 2019 2018 2020
f 2021 2019 2020
f 2021 2020 2022
f 2023 2021 2022
f 2005 2024 2007
f 2025 2023 2026
f 2023 2022 2026
f 1708 2027 1805
f 1708 2028 2024
f 1708 1707 2028
f 2021 2023 1101
f 2023 1098 1101
f 2023 2025 1098
f 2025 1096 1098
f 2024 1094 1096
f 2024 1092 1094
f 2024 2005 1092
f 2005 1091 1092
f 2021 1101 2019
f 1101 2017 2019
f 1101 1103 2017
f 2025 2024 1096
f 2025 1708 2024
f 2025 2027 1708
f 1089 2005 2008
f 1089 1091 2005
f 1087 1089 2010
f 1087 2010 2014
f 1089 2008 2010
f 2017 1103 2015
f 1103 1087 2015
f 1087 2014 2015
f 2029 2031 2030
f 2030 2032 2029
f 2033 2032 2030
f 2034 2032 2033
f 2035 2034 2033
f 2036 2037 2035
f 2037 2034 2035
f 2038 2037 2039
f 2037 2036 2039
f 2040 2038 2039
f 2041 2040 2039
f 2042 2040 2041
f 2042 2041 2043
f 2044 2042 2043
f 2044 2043 2045
f 2046 2044 2045
f 2029 2047 2031
f 2047 2048 2031
f 2049 2046 2050
f 2046 2045 2050
f 2051 1712 1710
f 1712 2051 2047
f 2049 1070 1071
f 1716 1712 2049
f 1070 2049 1083
f 2049 1712 1083
f 1712 1082 1083
f 1712 2047 1082
f 2047 1079 1082
f 2047 1078 1079
f 2047 2029 1078
f 1071 1072 2042
f 2042 1072 2040
f 1071 2046 2049
f 1075 2032 2034
f 1075 2029 2032
f 1075 1078 2029
f 1072 2038 2040
f 1072 2037 2038
f 1072 1075 2037
f 1075 2034 2037
f 1071 2044 2046
f 1071 2042 2044
f 2052 2054 2053
f 2053 2055 2052
f 2055 2053 2056
f 2057 2055 2058
f 2055 2056 2058
f 2059 2057 2058
f 2060 2061 2059
f 2061 2057 2059
f 2062 2061 2060
f 2063 2062 2060
f 2064 2062 2063
f 2065 2064 2066
f 2064 2063 2066
f 2065 2066 2067
f 2068 2065 2067
f 2068 2067 2069
f 2070 2068 2069
f 2052 2071 2054
f 2072 2070 2073
f 2070 2069 2073
f 1723 1718 2072
f 1718 1719 2071
f 2072 1051 1053
f 2072 1718 1051
f 1718 1050 1051
f 1067 1718 2071
f 1067 1050 1718
f 1062 1065 2052
f 1065 2071 2052
f 1065 1067 2071
f 1062 2052 2055
f 1062 2055 2057
f 1055 1058 2064
f 1055 2065 2068
f 1055 2064 2065
f 2072 1055 2070
f 1055 2072 1053
f 1060 1062 2057
f 2068 2070 1055
f 1058 2062 2064
f 2062 1058 2061
f 1058 1060 2061
f 1060 2057 2061
f 2074 2076 2075
f 2075 2077 2074
f 2078 2077 2075
f 2079 2077 2078
f 2080 2079 2078
f 2081 2082 2080
f 2082 2079 2080
f 2083 2082 2081
f 2084 2083 2081
f 2085 2083 2086
f 2083 2084 2086
f 2085 2086 2087
f 2088 2085 2087
f 2088 2087 2089
f 2090 2088 2089
f 2074 2091 2076
f 2091 2092 2076
f 2093 2090 2094
f 2090 2089 2094
f 1729 2095 1731
f 2091 1729 1728
f 1042 1045 2083
f 1045 2082 2083
f 2091 1033 1035
f 2091 1031 1033
f 2091 2074 1031
f 1045 2079 2082
f 1042 2083 2085
f 1037 2093 1035
f 1047 1031 2074
f 1047 2074 2077
f 1045 1047 2079
f 1047 2077 2079
f 1039 1041 2090
f 1041 2088 2090
f 2090 2093 1039
f 2093 1037 1039
f 1729 2091 2095
f 2091 2093 2095
f 2091 1035 2093
f 1041 1042 2088
f 1042 2085 2088
f 2049 2050 1716
f 1716 2050 1717
f 2096 1710 1843
f 2096 2051 1710
f 2047 2051 2096
f 2096 2048 2047
f 1719 1804 2097
f 2071 1719 2097
f 2097 2054 2071
f 2072 2073 2098
f 2072 2098 1723
f 1723 2098 1725
f 1728 1770 2099
f 2091 1728 2099
f 2099 2092 2091
f 2095 2093 2094
f 2095 2094 2100
f 1731 2095 2100
f 1731 2100 1733
f 2101 2027 2102
f 2025 2026 2102
f 2027 2025 2102
f 1805 2027 2101
f 1807 1805 2101
f 1707 1876 2103
f 2103 2028 1707
f 2024 2028 2103
f 2103 2007 2024
f 1443 1268 1446
f 1268 1373 1446
f 1446 1373 1448
f 1373 1371 1448
f 1448 1371 1450
f 1371 1369 1450
f 1450 1369 1452
f 1369 1368 1452
f 1452 1368 1454
f 1368 1366 1454
f 1454 1366 1456
f 1366 1364 1456
f 1456 1364 1458
f 1364 1362 1458
f 1458 1362 1460
f 1362 1360 1460
f 1460 1360 1462
f 1360 1358 1462
f 1462 1358 1464
f 1358 1356 1464
f 1464 1356 1466
f 1356 1355 1466
f 1466 1355 1468
f 1355 1353 1468
f 1468 1353 1470
f 1353 1351 1470
f 1470 1351 1472
f 1351 1349 1472
f 1472 1349 1474
f 1349 1476 1474
f 1349 1347 1476
f 1476 1347 1478
f 1478 1347 1479
f 1347 1344 1479
f 1479 1344 1481
f 1344 1342 1481
f 1481 1342 1483
f 1342 1340 1483
f 1483 1340 1485
f 1485 1340 1487
f 1340 1338 1487
f 1338 1336 1487
f 1487 1336 1489
f 1489 1336 1491
f 1336 1333 1491
f 1491 1333 1493
f 1333 1331 1493
f 1493 1331 1495
f 1495 1331 1497
f 1331 1329 1497
f 1497 1329 1500
f 1329 1327 1500
f 1500 1327 1503
f 1327 1325 1503
f 1503 1325 1506
f 1325 1323 1506
f 1506 1323 1508
f 1323 1321 1508
f 1508 1321 1375
f 1321 1320 1375
f 1375 1320 1378
f 1320 1318 1378
f 1378 1318 1381
f 1318 1316 1381
f 1381 1316 1383
f 1316 1314 1383
f 1383 1314 1385
f 1314 1313 1385
f 1385 1313 1387
f 1387 1313 1389
f 1313 1311 1389
f 1389 1311 1391
f 1311 1309 1391
f 1391 1309 1393
f 1309 1308 1393
f 1393 1308 1395
f 1308 1306 1395
f 1395 1306 1397
f 1306 1304 1397
f 1397 1304 1399
f 1304 1302 1399
f 1399 1302 1401
f 1302 1300 1401
f 1401 1300 1403
f 1300 1298 1403
f 1403 1298 1405
f 1298 1297 1405
f 1405 1297 1407
f 1297 1294 1407
f 1294 1409 1407
f 1409 1294 1410
f 1294 1292 1410
f 1410 1292 1412
f 1292 1290 1412
f 1412 1290 1414
f 1290 1288 1414
f 1414 1288 1416
f 1288 1286 1416
f 1416 1286 1418
f 1418 1286 1420
f 1286 1284 1420
f 1420 1284 1422
f 1284 1282 1422
f 1422 1282 1424
f 1282 1280 1424
f 1424 1280 1426
f 1280 1278 1426
f 1426 1278 1428
f 1278 1276 1428
f 1428 1276 1430
f 1276 1275 1430
f 1430 1275 1433
f 1275 1273 1433
f 1433 1273 1435
f 1273 1271 1435
f 1435 1271 1438
f 1271 1270 1438
f 1438 1270 1441
f 1270 1268 1441
f 1441 1268 1443
f 1166 1372 1374
f 1166 1164 1372
f 1164 1163 1372
f 1163 1370 1372
f 1163 1160 1370
f 1160 1367 1370
f 1160 1158 1367
f 1158 1156 1367
f 1156 1365 1367
f 1156 1155 1365
f 1155 1153 1365
f 1153 1363 1365
f 1153 1150 1363
f 1150 1361 1363
f 1150 1148 1361
f 1148 1147 1361
f 1147 1359 1361
f 1147 1145 1359
f 1145 1357 1359
f 1145 1143 1357
f 1143 1141 1357
f 1141 1354 1357
f 1141 1139 1354
f 1139 1137 1354
f 1137 1352 1354
f 1137 1135 1352
f 1135 1350 1352
f 1135 1133 1350
f 1133 1131 1350
f 1131 1348 1350
f 1131 1128 1348
f 1128 1126 1348
f 1126 1346 1348
f 1126 1124 1346
f 1124 1345 1346
f 1124 1122 1345
f 1122 1343 1345
f 1122 1120 1343
f 1120 1341 1343
f 1120 1118 1341
f 1118 1117 1341
f 1117 1339 1341
f 1117 1115 1339
f 1115 1337 1339
f 1115 1105 1337
f 1105 1335 1337
f 1105 1107 1335
f 1107 1334 1335
f 1107 1109 1334
f 1109 1111 1334
f 1111 1332 1334
f 1111 1113 1332
f 1113 1114 1332
f 1114 1330 1332
f 1114 1266 1330
f 1266 1264 1330
f 1264 1328 1330
f 1264 1263 1328
f 1263 1326 1328
f 1263 1261 1326
f 1261 1258 1326
f 1258 1324 1326
f 1258 1256 1324
f 1256 1254 1324
f 1254 1322 1324
f 1374 1168 1166
f 1374 1170 1168
f 1374 1269 1170
f 1269 1172 1170
f 1269 1174 1172
f 1269 1272 1174
f 1272 1176 1174
f 1272 1178 1176
f 1272 1274 1178
f 1274 1180 1178
f 1274 1182 1180
f 1274 1277 1182
f 1277 1184 1182
f 1277 1186 1184
f 1277 1279 1186
f 1279 1188 1186
f 1279 1190 1188
f 1279 1281 1190
f 1281 1192 1190
f 1281 1283 1192
f 1283 1194 1192
f 1283 1285 1194
f 1285 1197 1194
f 1285 1287 1197
f 1287 1199 1197
f 1287 1201 1199
f 1287 1289 1201
f 1289 1204 1201
f 1289 1291 1204
f 1291 1206 1204
f 1291 1293 1206
f 1293 1208 1206
f 1293 1295 1208
f 1295 1210 1208
f 1295 1212 1210
f 1295 1296 1212
f 1296 1214 1212
f 1296 1216 1214
f 1296 1299 1216
f 1299 1218 1216
f 1299 1220 1218
f 1299 1301 1220
f 1301 1223 1220
f 1301 1303 1223
f 1303 1224 1223
f 1303 1305 1224
f 1305 1226 1224
f 1305 1228 1226
f 1305 1307 1228
f 1307 1230 1228
f 1307 1232 1230
f 1307 1310 1232
f 1310 1234 1232
f 1310 1236 1234
f 1310 1312 1236
f 1312 1238 1236
f 1312 1240 1238
f 1312 1242 1240
f 1312 1315 1242
f 1315 1244 1242
f 1315 1246 1244
f 1315 1317 1246
f 1317 1248 1246
f 1317 1319 1248
f 1319 1250 1248
f 1319 1252 1250
f 1319 1322 1252
f 1322 1254 1252
f 1944 1943 1471
f 1943 1469 1471
f 1943 1942 1469
f 1942 1467 1469
f 1942 1941 1467
f 1941 1940 1467
f 1940 1465 1467
f 1940 1939 1465
f 1939 1463 1465
f 1939 1938 1463
f 1938 1461 1463
f 1938 1937 1461
f 1937 1936 1461
f 1936 1459 1461
f 1936 1935 1459
f 1935 1457 1459
f 1935 1934 1457
f 1934 1455 1457
f 1934 1933 1455
f 1933 1453 1455
f 1933 1932 1453
f 1932 1931 1453
f 1931 1451 1453
f 1931 1929 1451
f 1929 1449 1451
f 1929 1930 1449
f 1930 1447 1449
f 1930 1926 1447
f 1926 1445 1447
f 1926 1927 1445
f 1927 1444 1445
f 1927 1928 1444
f 1928 1442 1444
f 1928 2004 1442
f 2004 1440 1442
f 2004 1439 1440
f 2004 2003 1439
f 2003 1437 1439
f 2003 1436 1437
f 2003 2001 1436
f 2001 1434 1436
f 2001 1432 1434
f 2001 2002 1432
f 2002 2000 1432
f 2000 1431 1432
f 2000 1429 1431
f 2000 1999 1429
f 1999 1427 1429
f 1999 1998 1427
f 1998 1425 1427
f 1998 1997 1425
f 1997 1996 1425
f 1996 1423 1425
f 1996 1995 1423
f 1995 1421 1423
f 1995 1994 1421
f 1994 1419 1421
f 1994 1993 1419
f 1993 1417 1419
f 1993 1992 1417
f 1992 1991 1417
f 1991 1415 1417
f 1991 1990 1415
f 1990 1413 1415
f 1990 1989 1413
f 1989 1411 1413
f 1989 1988 1411
f 1988 1987 1411
f 1987 1408 1411
f 1987 1986 1408
f 1986 1406 1408
f 1471 1473 1944
f 1473 1945 1944
f 1473 1946 1945
f 1473 1475 1946
f 1475 1947 1946
f 1475 1477 1947
f 1477 1948 1947
f 1477 1949 1948
f 1477 1480 1949
f 1480 1950 1949
f 1480 1482 1950
f 1482 1951 1950
f 1482 1952 1951
f 1482 1484 1952
f 1484 1953 1952
f 1484 1486 1953
f 1486 1954 1953
f 1486 1488 1954
f 1488 1955 1954
f 1488 1490 1955
f 1490 1956 1955
f 1490 1957 1956
f 1490 1492 1957
f 1492 1958 1957
f 1492 1494 1958
f 1494 1959 1958
f 1494 1496 1959
f 1496 1960 1959
f 1496 1498 1960
f 1498 1499 1960
f 1499 1961 1960
f 1499 1501 1961
f 1501 1962 1961
f 1501 1502 1962
f 1502 1963 1962
f 1502 1504 1963
f 1504 1964 1963
f 1504 1505 1964
f 1505 1507 1964
f 1507 1966 1964
f 1507 1376 1966
f 1376 1965 1966
f 1376 1377 1965
f 1377 1968 1965
f 1377 1379 1968
f 1379 1967 1968
f 1379 1380 1967
f 1380 1969 1967
f 1380 1970 1969
f 1380 1382 1970
f 1382 1971 1970
f 1382 1384 1971
f 1384 1972 1971
f 1384 1386 1972
f 1386 1973 1972
f 1386 1388 1973
f 1388 1974 1973
f 1388 1390 1974
f 1390 1975 1974
f 1390 1976 1975
f 1390 1392 1976
f 1392 1977 1976
f 1392 1394 1977
f 1394 1978 1977
f 1394 1396 1978
f 1396 1980 1978
f 1396 1979 1980
f 1396 1398 1979
f 1398 1982 1979
f 1398 1400 1982
f 1400 1981 1982
f 1400 1402 1981
f 1402 1983 1981
f 1402 1404 1983
f 1404 1984 1983
f 1404 1406 1984
f 1406 1985 1984
f 1406 1986 1985
f 1641 1639 1526
f 1517 1654 1650
f 1650 1651 1517
f 1648 1518 1651
f 1648 1646 1518
f 1643 1641 1645
f 1641 1526 1519
f 1526 1529 1519
f 1529 1531 1519
f 1636 1634 1532
f 1631 1632 1634
f 1629 1627 1632
f 1624 1622 1627
f 1620 1619 1622
f 1524 1573 1571
f 1524 1577 1573
f 1577 1575 1573
f 1581 1525 1583
f 1525 1585 1583
f 1585 1525 1587
f 1525 1589 1587
f 1589 1593 1591
f 1509 1595 1593
f 1509 1598 1595
f 1598 1539 1600
f 1539 1543 1600
f 1607 2104 1606
f 2104 1610 1606
f 2104 1612 1610
f 1614 1619 1617
f 2105 1660 1658
f 2105 1662 1660
f 1662 1666 1664
f 1666 1671 1670
f 1562 1557 1560
f 2106 1677 1674
f 2106 1676 1677
f 1676 1513 1680
f 1513 1682 1680
f 1513 1684 1682
f 1688 1512 1690
f 1512 1692 1690
f 1696 1510 1700
f 1510 1701 1700
f 1510 1703 1701
f 1510 1511 1703
f 1511 1704 1703
f 1511 1550 1704
f 1656 1654 1517
f 1646 1645 1518
f 1645 1641 1518
f 1531 1532 1519
f 1567 1546 1549
f 1567 1524 1571
f 1577 1581 1579
f 1589 1509 1593
f 1612 2107 1614
f 2108 1672 1557
f 1672 2106 1674
f 2106 2109 1676
f 1684 1512 1686
f 1512 1688 1686
f 1512 1694 1692
f 1619 2110 1622
f 1511 1567 1549
f 1523 1536 1539
f 1523 1604 1536
f 1604 1522 1607
f 1522 2104 1607
f 2104 1522 1612
f 1522 2111 1612
f 2111 2112 1612
f 2112 2113 1612
f 2113 2107 1612
f 2114 1614 2107
f 2114 2115 1614
f 2115 2116 1614
f 2116 1521 1614
f 1521 1619 1614
f 1521 2117 1619
f 2117 2118 1619
f 2118 2119 1619
f 2119 2120 1619
f 2121 1619 2120
f 2121 2110 1619
f 1517 2122 1656
f 2122 2123 1656
f 2123 2124 1656
f 2124 2125 1656
f 2125 1658 1656
f 2125 2126 1658
f 2126 2127 1658
f 2127 2105 1658
f 2105 2128 1662
f 2128 2129 1662
f 2129 2130 1662
f 2130 1516 1662
f 2131 2132 1662
f 2132 1666 1662
f 2132 2133 1666
f 2133 2134 1666
f 2134 2135 1666
f 2135 2136 1666
f 2137 1666 2136
f 2137 2138 1666
f 2138 2139 1666
f 2139 2140 1666
f 2140 2141 1666
f 2141 2142 1666
f 2142 2143 1666
f 2143 2144 1666
f 2144 1671 1666
f 2144 2145 1671
f 2145 2146 1671
f 2146 2147 1671
f 2148 1671 2147
f 2148 2149 1671
f 2149 1515 1671
f 1515 1562 1671
f 1515 2150 1562
f 2150 1557 1562
f 2150 2151 1557
f 2151 2108 1557
f 2152 1672 2108
f 2152 2153 1672
f 2153 2154 1672
f 2154 2155 1672
f 2155 2156 1672
f 2156 2157 1672
f 2157 1514 1672
f 1514 2158 1672
f 2158 2106 1672
f 2109 1513 1676
f 1550 1511 1549
f 1651 1518 1517
f 1518 1641 1519
f 1532 1634 1519
f 1634 1632 1519
f 1632 1520 1519
f 1632 1627 1520
f 1627 1622 1520
f 1511 1524 1567
f 1524 1525 1577
f 1525 1581 1577
f 1525 1509 1589
f 1509 1539 1598
f 1509 1523 1539
f 1523 1522 1604
f 1522 2112 2111
f 1522 1521 2112
f 1521 2113 2112
f 1521 2107 2113
f 1521 2114 2107
f 1521 2115 2114
f 1521 2116 2115
f 1521 2118 2117
f 1521 2119 2118
f 1521 2120 2119
f 1521 2121 2120
f 1521 2110 2121
f 1521 1520 2110
f 1520 1622 2110
f 1517 2123 2122
f 1517 2124 2123
f 1517 2125 2124
f 1517 2126 2125
f 1517 2127 2126
f 1517 1516 2127
f 1516 2105 2127
f 1516 2128 2105
f 1516 2129 2128
f 1516 2130 2129
f 1516 2131 1662
f 1516 2132 2131
f 1516 2133 2132
f 1516 2134 2133
f 1516 2135 2134
f 1516 2136 2135
f 1516 2137 2136
f 1516 2138 2137
f 1516 2139 2138
f 1516 2140 2139
f 1516 2141 2140
f 1516 2142 2141
f 1516 2143 2142
f 1516 2144 2143
f 1516 2145 2144
f 1516 1515 2145
f 1515 2146 2145
f 1515 2147 2146
f 1515 2148 2147
f 1515 2149 2148
f 1515 2151 2150
f 1515 1514 2151
f 1514 2108 2151
f 1514 2152 2108
f 1514 2153 2152
f 1514 2154 2153
f 1514 2155 2154
f 1514 2156 2155
f 1514 2157 2156
f 1514 2106 2158
f 1514 2109 2106
f 1514 1513 2109
f 1513 1512 1684
f 1512 1510 1694
f 1510 1696 1694
f 1743 1744 1901
f 1744 1906 1901
f 1744 1746 1906
f 1746 1748 1906
f 1748 1750 1906
f 1750 1907 1906
f 1750 1752 1907
f 1752 1909 1907
f 1752 1754 1909
f 1754 1755 1909
f 1755 1908 1909
f 1755 1758 1908
f 1758 1760 1908
f 1760 1884 1908
f 1817 1819 1880
f 1819 1925 1880
f 1819 1821 1925
f 1821 1823 1925
f 1823 1924 1925
f 1823 1825 1924
f 1825 1923 1924
f 1825 1827 1923
f 1827 1829 1923
f 1829 1920 1923
f 1829 1831 1920
f 1831 1919 1920
f 1831 1833 1919
f 1833 1835 1919
f 1835 1922 1919
f 1835 1837 1922
f 1837 1921 1922
f 1837 1839 1921
f 1839 1841 1921
f 1841 1916 1921
f 1841 1711 1916
f 1711 1713 1916
f 1713 1915 1916
f 1713 1714 1915
f 1714 1914 1915
f 1714 1715 1914
f 1715 1918 1914
f 1715 1772 1918
f 1772 1774 1918
f 1774 1776 1918
f 1776 1917 1918
f 1776 1777 1917
f 1777 1779 1917
f 1779 1913 1917
f 1779 1782 1913
f 1782 1784 1913
f 1784 1912 1913
f 1784 1786 1912
f 1786 1787 1912
f 1787 1911 1912
f 1787 1789 1911
f 1789 1910 1911
f 1789 1791 1910
f 1791 1902 1910
f 1791 1793 1902
f 1793 1795 1902
f 1795 1904 1902
f 1795 1797 1904
f 1797 1798 1904
f 1798 1905 1904
f 1798 1801 1905
f 1801 1802 1905
f 1802 1903 1905
f 1802 1720 1903
f 1720 1897 1903
f 1720 1721 1897
f 1721 1722 1897
f 1722 1898 1897
f 1722 1724 1898
f 1724 1735 1898
f 1735 1899 1898
f 1735 1736 1899
f 1736 1739 1899
f 1739 1900 1899
f 1739 1741 1900
f 1741 1901 1900
f 1741 1743 1901
f 1760 1883 1884
f 1760 1762 1883
f 1762 1882 1883
f 1762 1764 1882
f 1764 1766 1882
f 1766 1768 1882
f 1768 1877 1882
f 1768 1726 1877
f 1726 1727 1877
f 1727 1881 1877
f 1727 1730 1881
f 1730 1887 1881
f 1730 1732 1887
f 1732 1845 1887
f 1845 1889 1887
f 1845 1847 1889
f 1847 1848 1889
f 1848 1888 1889
f 1848 1851 1888
f 1851 1853 1888
f 1853 1890 1888
f 1853 1855 1890
f 1855 1895 1890
f 1855 1857 1895
f 1857 1859 1895
f 1859 1896 1895
f 1859 1862 1896
f 1862 1894 1896
f 1862 1864 1894
f 1864 1893 1894
f 1864 1866 1893
f 1866 1868 1893
f 1868 1892 1893
f 1868 1870 1892
f 1870 1871 1892
f 1871 1891 1892
f 1871 1874 1891
f 1874 1705 1891
f 1705 1879 1891
f 1705 1706 1879
f 1706 1878 1879
f 1706 1709 1878
f 1709 1806 1878
f 1806 1885 1878
f 1806 1809 1885
f 1809 1886 1885
f 1809 1810 1886
f 1810 1813 1886
f 1813 1880 1886
f 1813 1815 1880
f 1815 1817 1880
f 1771 1569 1568
f 1771 1717 1569
f 1773 1771 1566
f 1771 1568 1566
f 1775 1773 1570
f 1773 1566 1570
f 1775 1570 1572
f 1778 1775 1572
f 1778 1572 1574
f 1780 1778 1574
f 1780 1574 1576
f 1781 1780 1576
f 1781 1576 1578
f 1783 1781 1578
f 1783 1578 1580
f 1785 1783 1580
f 1785 1580 1582
f 1788 1785 1584
f 1785 1582 1584
f 1788 1584 1586
f 1790 1788 1586
f 1790 1586 1588
f 1792 1790 1588
f 1792 1588 1592
f 1794 1792 1592
f 1794 1592 1590
f 1796 1794 1590
f 1796 1590 1594
f 1799 1796 1596
f 1796 1594 1596
f 1800 1799 1596
f 1800 1596 1597
f 1803 1800 1597
f 1803 1597 1599
f 1804 1803 1544
f 1803 1599 1544
f 1717 1548 1569
f 1548 1717 2050
f 1545 2054 2097
f 1544 1545 1804
f 1545 2097 1804
f 2050 2045 1548
f 1545 1541 2054
f 2035 1549 2036
f 2033 1551 2035
f 1551 1549 2035
f 2033 1552 1551
f 1552 2033 2030
f 2030 2031 1552
f 1548 2045 1547
f 1547 2045 2043
f 1547 2041 2039
f 1549 1547 2039
f 1547 2043 2041
f 1549 2039 2036
f 2069 1538 1602
f 1537 2060 1540
f 2059 1540 2060
f 2058 1540 2059
f 1542 1540 2058
f 1541 1542 2056
f 1542 2058 2056
f 2054 1541 2053
f 1541 2056 2053
f 1538 2069 2067
f 1537 2066 2063
f 1537 2063 2060
f 1537 2067 2066
f 1537 1538 2067
f 1552 2031 1554
f 2031 2048 1554
f 2073 2069 1602
f 1553 1554 1843
f 1554 2096 1843
f 1554 2048 2096
f 1602 2098 2073
f 1602 1725 2098
f 1808 1807 1673
f 1807 1558 1673
f 1678 1808 1673
f 1811 1808 1678
f 1675 1812 1678
f 1812 1811 1678
f 1814 1812 1679
f 1812 1675 1679
f 1814 1681 1816
f 1681 1814 1679
f 1816 1681 1818
f 1818 1681 1683
f 1685 1820 1683
f 1820 1818 1683
f 1820 1685 1822
f 1822 1685 1687
f 1824 1822 1687
f 1824 1689 1826
f 1824 1687 1689
f 1691 1826 1689
f 1828 1826 1691
f 1828 1693 1830
f 1828 1691 1693
f 1695 1830 1693
f 1830 1695 1832
f 1832 1695 1698
f 1834 1832 1697
f 1832 1698 1697
f 1834 1697 1836
f 1836 1697 1699
f 1838 1836 1699
f 1840 1838 1702
f 1838 1699 1702
f 1840 1553 1842
f 1840 1702 1553
f 1842 1553 1843
f 1602 1734 1725
f 1734 1602 1601
f 1737 1734 1601
f 1737 1601 1603
f 1738 1737 1603
f 1738 1603 1605
f 1740 1738 1608
f 1738 1605 1608
f 1742 1740 1609
f 1740 1608 1609
f 1742 1609 1611
f 1745 1742 1611
f 1745 1611 1615
f 1747 1745 1615
f 1747 1615 1613
f 1749 1747 1616
f 1747 1613 1616
f 1751 1749 1616
f 1751 1616 1618
f 1753 1751 1618
f 1753 1618 1621
f 1756 1753 1623
f 1753 1621 1623
f 1757 1756 1623
f 1757 1623 1625
f 1759 1757 1625
f 1759 1625 1626
f 1761 1759 1628
f 1759 1626 1628
f 1761 1628 1630
f 1763 1761 1630
f 1763 1630 1633
f 1765 1763 1633
f 1765 1633 1635
f 1767 1765 1635
f 1767 1635 1637
f 1769 1767 1637
f 1769 1637 1533
f 1770 1769 1533
f 1559 2102 2026
f 1807 2101 1558
f 2101 2102 1558
f 1558 2102 1559
f 1534 2092 2099
f 1533 1534 1770
f 1534 2099 1770
f 2026 2022 1559
f 1535 2076 1534
f 2076 2092 1534
f 2022 1556 1559
f 2012 1560 2013
f 2011 1561 2012
f 1561 1560 2012
f 1563 1561 2009
f 2009 1561 2011
f 2007 1563 2006
f 1563 2009 2006
f 1555 1556 2020
f 1556 2022 2020
f 1555 2018 2016
f 1560 1555 2016
f 1555 2020 2018
f 1560 2016 2013
f 2089 1527 1528
f 1529 2081 1531
f 2080 1531 2081
f 2078 1531 2080
f 2078 1530 1531
f 2075 1535 1530
f 1530 2078 2075
f 2075 2076 1535
f 1527 2089 2087
f 1529 2086 2084
f 1529 2084 2081
f 1529 2087 2086
f 1529 1527 2087
f 1563 2007 1565
f 2094 2089 1528
f 1564 1565 2103
f 1565 2007 2103
f 1564 2103 1876
f 1528 1733 2100
f 1528 2100 2094
f 1733 1638 1844
f 1528 1638 1733
f 1844 1640 1846
f 1640 1844 1638
f 1846 1642 1849
f 1846 1640 1642
f 1849 1644 1850
f 1644 1849 1642
f 1850 1647 1852
f 1647 1850 1644
f 1852 1652 1854
f 1852 1647 1652
f 1854 1652 1856
f 1856 1652 1649
f 1856 1653 1858
f 1653 1856 1649
f 1858 1655 1860
f 1858 1653 1655
f 1860 1657 1861
f 1657 1860 1655
f 1863 1861 1659
f 1861 1657 1659
f 1661 1865 1659
f 1865 1863 1659
f 1867 1865 1663
f 1865 1661 1663
f 1867 1667 1869
f 1667 1867 1663
f 1665 1869 1667
f 1869 1665 1872
f 1872 1668 1873
f 1872 1665 1668
f 1669 1873 1668
f 1875 1873 1669
f 1875 1669 1564
f 1876 1875 1564
f 2159 2161 2160
f 2161 2162 2160
f 2163 2164 2161
f 2164 2162 2161
f 2164 2165 2162
f 2166 2160 2167
f 2166 2159 2160
f 2168 2170 2169
f 2171 2173 2172
f 2168 2174 2170
f 2172 2173 2175
f 2168 2172 2174
f 2172 2175 2174
f 2172 2177 2176
f 2176 2178 2171
f 2171 2172 2176
f 2179 2181 2180
f 2182 2184 2183
f 2179 2180 2185
f 2182 2179 2185
f 2182 2183 2186
f 2182 2188 2187
f 2182 2185 2184
f 2182 2189 2188
f 2186 2189 2182
f 2186 2190 2189
f 2191 2193 2192
f 2191 2194 2193
f 2194 2195 2193
f 2194 2196 2195
f 2196 2197 2195
f 2196 2198 2197
f 2198 2199 2197
f 2200 2202 2201
f 2201 2203 2200
f 2201 2204 2203
f 2203 2204 2205
f 2204 2206 2205
f 2205 2206 2207
f 2206 2208 2207
f 2207 2208 2209
f 2208 2210 2209
f 2210 2211 2209
f 2210 2212 2211
f 2212 2213 2211
f 2212 2214 2213
f 2214 2215 2213
f 2214 2216 2215
f 2216 2217 2215
f 2216 2218 2217
f 2218 2219 2217
f 2218 2220 2219
f 2219 2220 2221
f 2220 2222 2221
f 2222 2223 2221
f 2223 2224 2221
f 2224 2223 2225
f 2223 2226 2225
f 2226 2227 2225
f 2225 2227 2228
f 2227 2229 2228
f 2227 2230 2229
f 2230 2231 2229
f 2230 2232 2231
f 2232 2233 2231
f 2232 2234 2233
f 2233 2234 2235
f 2234 2236 2235
f 2236 2237 2235
f 2236 2238 2237
f 2238 2239 2237
f 2238 2240 2239
f 2240 2241 2239
f 2240 2242 2241
f 2242 2243 2241
f 2242 2244 2243
f 2244 2245 2243
f 2245 2246 2243
f 2246 2245 2247
f 2245 2248 2247
f 2248 2249 2247
f 2247 2249 2250
f 2249 2251 2250
f 2251 2252 2250
f 2251 2202 2252
f 2252 2202 2200
f 2253 2255 2254
f 2255 2256 2254
f 2255 2257 2256
f 2258 2260 2259
f 2260 2261 2259
f 2262 2264 2263
f 2262 2265 2264
f 2266 2268 2267
f 2266 2269 2268
f 2269 2270 2268
f 2269 2271 2270
f 2271 2272 2270
f 2271 2273 2272
f 2273 2274 2272
f 2273 2275 2274
f 2276 2278 2277
f 2278 2279 2277
f 2280 2282 2281
f 2282 2283 2281
f 2282 2284 2283
f 2284 2285 2283
f 2285 2286 2283
f 2285 2287 2286
f 2287 2288 2286
f 2287 2289 2288
f 2289 2290 2288
f 2289 2291 2290
f 2291 2292 2290
f 2291 2293 2292
f 2291 2294 2293
f 2294 2295 2293
f 2294 2296 2295
f 2296 2297 2295
f 2297 2298 2295
f 2297 2299 2298
f 2297 2300 2299
f 2281 2301 2280
f 2301 2302 2280
f 2302 2303 2280
f 2302 2304 2303
f 2304 2305 2303
f 2304 2306 2305
f 2306 2307 2305
f 2307 2308 2305
f 2307 2309 2308
f 2309 2310 2308
f 2309 2311 2310
f 2311 2312 2310
f 2311 2313 2312
f 2313 2314 2312
f 2313 2315 2314
f 2315 2316 2314
f 2315 2317 2316
f 2317 2318 2316
f 2317 2319 2318
f 2317 2320 2319
f 2320 2321 2319
f 2320 2300 2321
f 2320 2299 2300
f 2322 2324 2323
f 2325 2327 2326
f 2328 2329 2326
f 2328 2330 2329
f 2331 2326 2329
f 2325 2326 2331
f 2327 2325 2332
f 2327 2332 2322
f 2332 2324 2322
f 2323 2324 2333
f 2334 2336 2335
f 2337 2336 2334
f 2334 2338 2337
f 2339 2337 2340
f 2337 2338 2340
f 2340 2341 2339
f 2341 2342 2339
f 2341 2343 2342
f 2343 2344 2342
f 2343 2345 2344
f 2345 2346 2344
f 2345 2347 2346
f 2347 2348 2346
f 2347 2349 2348
f 2349 2330 2348
f 2349 2329 2330
f 2333 2350 2323
f 2333 2351 2350
f 2351 2352 2350
f 2351 2353 2352
f 2353 2354 2352
f 2353 2355 2354
f 2355 2356 2354
f 2355 2357 2356
f 2357 2358 2356
f 2357 2359 2358
f 2359 2360 2358
f 2359 2361 2360
f 2362 2364 2363
f 2361 2365 2360
f 2361 2364 2365
f 2362 2365 2364
f 2366 2368 2367
f 2369 2366 2370
f 2371 2369 2372
f 2371 2372 2373
f 2374 2376 2375
f 2377 2379 2378
f 2377 2378 2380
f 2377 2380 2381
f 2382 2381 2383
f 2382 2385 2384
f 2386 2384 2387
f 2386 2387 2388
f 2389 2386 2390
f 2391 2389 2392
f 2393 2395 2394
f 2394 2396 2393
f 2396 2398 2397
f 2396 2394 2398
f 2399 2396 2397
f 2400 2399 2401
f 2400 2401 2402
f 2403 2402 2404
f 2402 2405 2404
f 2406 2403 2404
f 2406 2404 2407
f 2408 2407 2409
f 2408 2406 2407
f 2408 2409 2410
f 2411 2413 2412
f 2413 2414 2412
f 2413 2410 2414
f 2415 2411 2412
f 2416 2415 2412
f 2417 2416 2418
f 2419 2417 2418
f 2420 2419 2418
f 2421 2420 2422
f 2420 2418 2422
f 2423 2421 2424
f 2421 2422 2424
f 2425 2423 2424
f 2426 2425 2424
f 2426 2428 2427
f 2426 2424 2428
f 2429 2427 2430
f 2429 2430 2431
f 2432 2431 2433
f 2434 2432 2433
f 2435 2434 2433
f 2436 2435 2437
f 2435 2433 2437
f 2438 2436 2437
f 2438 2437 2439
f 2437 2440 2439
f 2441 2442 2440
f 2441 2443 2442
f 2441 2444 2443
f 2441 2445 2444
f 2445 2446 2444
f 2445 2447 2446
f 2391 2448 2447
f 2391 2449 2448
f 2449 2391 2392
f 2390 2392 2389
f 2388 2390 2386
f 2387 2384 2385
f 2383 2385 2382
f 2450 2383 2381
f 2380 2450 2381
f 2378 2379 2451
f 2375 2451 2374
f 2451 2379 2374
f 2452 2375 2376
f 2453 2452 2376
f 2453 2376 2371
f 2371 2373 2453
f 2373 2454 2453
f 2372 2454 2373
f 2369 2370 2372
f 2366 2367 2370
f 2455 2367 2456
f 2367 2368 2456
f 2456 2457 2455
f 2457 2458 2455
f 2445 2391 2447
f 2459 2441 2440
f 2440 2437 2459
f 2460 2431 2430
f 2460 2433 2431
f 2428 2460 2427
f 2460 2430 2427
f 2412 2422 2416
f 2422 2418 2416
f 2409 2414 2410
f 2404 2409 2407
f 2401 2405 2402
f 2398 2401 2397
f 2401 2399 2397
f 2395 2461 2394
f 2395 2462 2461
f 2362 2363 2463
f 2363 2464 2463
f 2463 2464 2465
f 2464 2466 2465
f 2464 2467 2466
f 2466 2467 2468
f 2467 2469 2468
f 2469 2470 2468
f 2470 2471 2468
f 2470 2472 2471
f 2470 2473 2472
f 2473 2474 2472
f 2457 2473 2458
f 2457 2474 2473
f 2462 2476 2475
f 2476 2477 2475
f 2476 2478 2477
f 2476 2479 2478
f 2479 2480 2478
f 2479 2481 2480
f 2481 2482 2480
f 2481 2483 2482
f 2483 2484 2482
f 2483 2485 2484
f 2486 2484 2485
f 2487 2485 2335
f 2487 2486 2485
f 2335 2336 2487
f 2389 2391 2488
f 2391 2489 2488
f 2391 2441 2489
f 2490 2441 2491
f 2441 2437 2491
f 2441 2490 2489
f 2492 2494 2493
f 2404 2401 2495
f 2496 2498 2497
f 2498 2499 2497
f 2492 2500 2494
f 2500 2497 2494
f 2500 2496 2497
f 2501 2492 2493
f 2502 2501 2493
f 2437 2433 2491
f 2433 2424 2491
f 2424 2503 2491
f 2401 2504 2495
f 2498 2505 2499
f 2493 2506 2502
f 2506 2507 2502
f 2412 2409 2508
f 2409 2509 2508
f 2409 2404 2509
f 2404 2495 2509
f 2506 2457 2507
f 2424 2412 2503
f 2503 2412 2508
f 2401 2394 2504
f 2394 2510 2504
f 2386 2389 2488
f 2394 2475 2510
f 2475 2511 2510
f 2511 2475 2512
f 2505 2511 2512
f 2505 2512 2499
f 2371 2376 2513
f 2382 2386 2514
f 2457 2456 2515
f 2369 2513 2516
f 2369 2371 2513
f 2513 2376 2517
f 2381 2514 2518
f 2381 2382 2514
f 2457 2515 2507
f 2456 2366 2515
f 2366 2369 2516
f 2386 2488 2514
f 2515 2366 2516
f 2376 2374 2517
f 2379 2518 2519
f 2379 2381 2518
f 2374 2519 2517
f 2374 2379 2519
f 2497 2521 2520
f 2499 2512 2522
f 2462 2475 2461
f 2523 2524 2487
f 2499 2521 2497
f 2482 2484 2525
f 2526 2527 2523
f 2487 2524 2486
f 2528 2523 2529
f 2523 2527 2529
f 2487 2526 2523
f 2530 2477 2478
f 2478 2480 2530
f 2499 2522 2525
f 2530 2522 2512
f 2525 2528 2521
f 2522 2482 2525
f 2480 2522 2530
f 2528 2529 2521
f 2523 2528 2524
f 2524 2528 2484
f 2522 2480 2482
f 2524 2484 2486
f 2525 2484 2528
f 2477 2530 2512
f 2525 2521 2499
f 2531 2533 2532
f 2534 2535 2532
f 2536 2472 2474
f 2506 2493 2535
f 2537 2471 2472
f 2466 2534 2465
f 2538 2531 2539
f 2463 2465 2538
f 2534 2533 2465
f 2465 2533 2538
f 2531 2541 2540
f 2532 2541 2531
f 2532 2493 2541
f 2493 2532 2535
f 2531 2538 2533
f 2539 2463 2538
f 2506 2536 2474
f 2542 2506 2535
f 2535 2534 2542
f 2537 2468 2471
f 2542 2537 2536
f 2537 2534 2466
f 2537 2466 2468
f 2536 2537 2472
f 2542 2534 2537
f 2534 2532 2533
f 2542 2536 2506
f 2541 2493 2494
f 2529 2520 2521
f 2526 2543 2527
f 2543 2539 2531
f 2520 2527 2544
f 2520 2529 2527
f 2543 2544 2527
f 2497 2540 2494
f 2497 2520 2540
f 2531 2540 2544
f 2541 2494 2540
f 2531 2544 2543
f 2540 2520 2544
f 2545 2547 2546
f 2545 2548 2547
f 2545 2550 2549
f 2545 2546 2550
f 2551 2553 2552
f 2552 2554 2551
f 2554 2555 2551
f 2548 2555 2547
f 2548 2551 2555
f 2332 2557 2556
f 2558 2560 2559
f 2561 2560 2558
f 2562 2564 2563
f 2192 2324 2565
f 2558 2559 2566
f 2562 2567 2564
f 2562 2560 2567
f 2560 2561 2567
f 2562 2563 2565
f 2556 2562 2324
f 2324 2332 2556
f 2559 2557 2568
f 2557 2569 2568
f 2559 2568 2566
f 2565 2324 2562
f 2557 2332 2331
f 2557 2266 2569
f 2557 2331 2266
f 2355 2353 2197
f 2192 2333 2324
f 2192 2193 2333
f 2193 2351 2333
f 2193 2195 2351
f 2195 2353 2351
f 2195 2197 2353
f 2570 2572 2571
f 2570 2573 2572
f 2574 2575 2572
f 2573 2355 2572
f 2355 2197 2199
f 2576 2578 2577
f 2572 2199 2574
f 2572 2355 2199
f 2570 2571 2579
f 2574 2580 2575
f 2580 2581 2575
f 2570 2576 2582
f 2576 2583 2578
f 2579 2576 2570
f 2581 2580 2584
f 2583 2581 2585
f 2581 2584 2585
f 2583 2585 2578
f 2576 2577 2582
f 2364 2359 2586
f 2359 2587 2586
f 2359 2573 2587
f 2573 2359 2355
f 2364 2277 2279
f 2364 2588 2277
f 2588 2364 2586
f 2589 2590 2586
f 2590 2588 2586
f 2590 2591 2588
f 2589 2592 2590
f 2593 2589 2594
f 2595 2597 2596
f 2592 2589 2593
f 2598 2591 2590
f 2597 2594 2599
f 2597 2593 2594
f 2596 2597 2599
f 2600 2595 2601
f 2595 2596 2601
f 2600 2601 2602
f 2591 2598 2603
f 2603 2604 2591
f 2603 2600 2604
f 2600 2602 2604
f 2257 2279 2605
f 2464 2255 2469
f 2255 2473 2469
f 2257 2255 2464
f 2364 2257 2606
f 2257 2464 2606
f 2257 2364 2279
f 2255 2458 2473
f 2257 2605 2607
f 2605 2609 2608
f 2607 2611 2610
f 2609 2612 2608
f 2613 2614 2609
f 2614 2612 2609
f 2611 2607 2615
f 2614 2613 2616
f 2615 2607 2608
f 2607 2605 2608
f 2617 2616 2618
f 2617 2614 2616
f 2610 2620 2619
f 2610 2621 2607
f 2620 2617 2622
f 2617 2618 2622
f 2619 2620 2622
f 2610 2619 2621
f 2623 2625 2624
f 2626 2624 2375
f 2623 2624 2626
f 2627 2625 2623
f 2255 2253 2628
f 2253 2629 2628
f 2628 2453 2372
f 2375 2453 2626
f 2453 2628 2626
f 2255 2628 2458
f 2629 2253 2630
f 2628 2372 2370
f 2628 2367 2458
f 2367 2628 2370
f 2629 2630 2627
f 2630 2625 2627
f 2630 2631 2625
f 2625 2633 2632
f 2625 2631 2633
f 2632 2634 2625
f 2634 2387 2625
f 2634 2388 2387
f 2388 2634 2392
f 2392 2636 2635
f 2392 2634 2636
f 2635 2637 2392
f 2637 2635 2638
f 2639 2641 2640
f 2637 2638 2640
f 2638 2639 2640
f 2642 2644 2643
f 2644 2642 2639
f 2643 2645 2642
f 2642 2645 2646
f 2334 2648 2647
f 2259 2261 2334
f 2485 2481 2649
f 2649 2648 2485
f 2646 2649 2642
f 2485 2648 2334
f 2334 2647 2259
f 2647 2650 2259
f 2647 2652 2651
f 2653 2650 2654
f 2650 2651 2654
f 2655 2657 2656
f 2658 2651 2652
f 2659 2660 2657
f 2655 2659 2657
f 2650 2653 2656
f 2653 2655 2656
f 2659 2661 2660
f 2650 2647 2651
f 2658 2652 2662
f 2663 2658 2662
f 2663 2662 2664
f 2661 2663 2664
f 2661 2664 2660
f 2338 2665 2265
f 2665 2338 2261
f 2261 2338 2334
f 2665 2261 2666
f 2667 2666 2668
f 2669 2668 2670
f 2668 2666 2670
f 2671 2673 2672
f 2671 2674 2673
f 2675 2672 2676
f 2675 2671 2672
f 2669 2670 2677
f 2678 2675 2676
f 2666 2667 2665
f 2665 2667 2679
f 2674 2680 2673
f 2674 2669 2680
f 2669 2677 2680
f 2678 2665 2675
f 2675 2665 2679
f 2340 2262 2341
f 2340 2338 2262
f 2338 2265 2262
f 2262 2343 2341
f 2681 2683 2682
f 2273 2343 2275
f 2682 2684 2681
f 2681 2685 2683
f 2275 2343 2686
f 2343 2262 2686
f 2685 2688 2687
f 2685 2687 2683
f 2682 2686 2684
f 2686 2689 2684
f 2262 2689 2686
f 2262 2690 2689
f 2691 2693 2692
f 2693 2690 2692
f 2691 2692 2694
f 2687 2688 2695
f 2690 2693 2689
f 2688 2694 2695
f 2688 2691 2694
f 2269 2266 2349
f 2271 2269 2349
f 2273 2271 2347
f 2271 2349 2347
f 2266 2331 2349
f 2273 2347 2343
f 2649 2481 2479
f 2462 2649 2479
f 2696 2649 2697
f 2698 2642 2696
f 2642 2649 2696
f 2699 2701 2700
f 2699 2700 2702
f 2649 2701 2697
f 2649 2462 2701
f 2462 2395 2701
f 2700 2701 2703
f 2703 2701 2396
f 2396 2701 2395
f 2699 2702 2698
f 2702 2642 2698
f 2642 2702 2704
f 2642 2704 2705
f 2639 2642 2641
f 2642 2706 2641
f 2642 2705 2706
f 2707 2625 2708
f 2709 2625 2710
f 2710 2625 2711
f 2625 2712 2711
f 2625 2713 2712
f 2714 2625 2715
f 2625 2716 2715
f 2625 2717 2716
f 2717 2625 2718
f 2625 2719 2718
f 2625 2709 2719
f 2713 2625 2720
f 2625 2721 2720
f 2625 2707 2721
f 2625 2722 2624
f 2625 2723 2722
f 2723 2625 2724
f 2625 2725 2724
f 2625 2714 2725
f 2554 2552 2726
f 2552 2336 2726
f 2727 2729 2728
f 2730 2731 2336
f 2732 2336 2733
f 2336 2734 2733
f 2336 2735 2734
f 2336 2729 2735
f 2729 2727 2735
f 2729 2736 2728
f 2729 2737 2736
f 2729 2738 2737
f 2729 2739 2738
f 2729 2740 2739
f 2726 2336 2731
f 2730 2336 2741
f 2336 2732 2741
f 2742 2744 2743
f 2742 2745 2744
f 2746 2744 2747
f 2554 2726 2748
f 2746 2747 2749
f 2749 2750 2746
f 2744 2745 2747
f 2743 2739 2742
f 2739 2740 2742
f 2554 2748 2750
f 2749 2554 2750
f 2729 2752 2751
f 2753 2166 2754
f 2751 2740 2729
f 2755 2756 2751
f 2752 2729 2337
f 2752 2337 2757
f 2757 2337 2758
f 2337 2759 2758
f 2759 2760 2758
f 2166 2167 2754
f 2754 2167 2755
f 2167 2756 2755
f 2756 2761 2751
f 2759 2166 2760
f 2166 2753 2760
f 2751 2761 2740
f 2762 2763 2346
f 2763 2342 2346
f 2763 2764 2342
f 2346 2348 2762
f 2348 2765 2762
f 2759 2767 2766
f 2768 2769 2765
f 2769 2770 2765
f 2764 2339 2342
f 2759 2339 2767
f 2339 2764 2767
f 2770 2769 2771
f 2166 2759 2766
f 2768 2765 2772
f 2771 2769 2773
f 2166 2771 2773
f 2166 2766 2771
f 2323 2327 2322
f 2774 2323 2350
f 2774 2350 2352
f 2356 2774 2354
f 2774 2352 2354
f 2775 2777 2776
f 2778 2780 2779
f 2778 2781 2780
f 2779 2780 2782
f 2774 2779 2782
f 2774 2783 2779
f 2774 2356 2783
f 2776 2784 2775
f 2778 2777 2781
f 2777 2775 2781
f 2356 2785 2783
f 2785 2356 2358
f 2785 2358 2786
f 2787 2786 2784
f 2784 2776 2787
f 2784 2358 2360
f 2358 2784 2786
f 2784 2360 2365
f 2365 2362 2550
f 2788 2790 2789
f 2788 2365 2790
f 2546 2792 2791
f 2550 2546 2791
f 2365 2793 2790
f 2794 2550 2795
f 2546 2796 2792
f 2546 2788 2796
f 2788 2789 2796
f 2365 2794 2793
f 2365 2550 2794
f 2550 2791 2795
f 2797 2788 2798
f 2788 2775 2798
f 2775 2799 2798
f 2775 2800 2799
f 2801 2788 2797
f 2784 2802 2800
f 2784 2803 2802
f 2775 2784 2800
f 2365 2801 2804
f 2801 2365 2788
f 2803 2784 2365
f 2365 2804 2803
f 2774 2782 2805
f 2323 2328 2327
f 2323 2806 2328
f 2807 2323 2808
f 2348 2328 2809
f 2328 2806 2809
f 2806 2323 2807
f 2810 2809 2774
f 2810 2774 2805
f 2772 2348 2809
f 2323 2774 2808
f 2772 2809 2810
f 2765 2348 2772
f 2648 2649 2811
f 2649 2812 2811
f 2649 2646 2812
f 2254 2813 2253
f 2813 2630 2253
f 2813 2814 2630
f 2814 2631 2630
f 2814 2815 2631
f 2815 2633 2631
f 2815 2816 2633
f 2816 2632 2633
f 2816 2817 2632
f 2817 2634 2632
f 2817 2818 2634
f 2818 2636 2634
f 2818 2819 2636
f 2819 2635 2636
f 2819 2820 2635
f 2820 2821 2635
f 2821 2638 2635
f 2821 2822 2638
f 2822 2639 2638
f 2822 2823 2639
f 2823 2644 2639
f 2823 2824 2644
f 2824 2825 2644
f 2825 2643 2644
f 2825 2826 2643
f 2826 2645 2643
f 2826 2827 2645
f 2827 2812 2645
f 2812 2646 2645
f 2828 2829 2587
f 2829 2586 2587
f 2830 2832 2831
f 2833 2835 2834
f 2836 2838 2837
f 2839 2164 2840
f 2841 2835 2833
f 2842 2843 2834
f 2839 2844 2841
f 2845 2164 2846
f 2830 2834 2843
f 2830 2843 2847
f 2848 2850 2849
f 2164 2163 2846
f 2851 2836 2852
f 2841 2833 2839
f 2853 2830 2847
f 2848 2855 2854
f 2848 2856 2850
f 2842 2834 2835
f 2836 2837 2852
f 2857 2858 2836
f 2839 2840 2859
f 2844 2839 2859
f 2860 2832 2861
f 2840 2164 2857
f 2862 2864 2863
f 2857 2836 2851
f 2164 2845 2857
f 2845 2858 2857
f 2832 2853 2865
f 2866 2854 2860
f 2854 2855 2860
f 2830 2853 2832
f 2864 2867 2863
f 2862 2863 2868
f 2861 2866 2860
f 2832 2869 2861
f 2832 2865 2869
f 2870 2872 2871
f 2872 2873 2871
f 2872 2874 2873
f 2875 2877 2876
f 2862 2879 2878
f 2862 2868 2879
f 2862 2878 2880
f 2881 2870 2882
f 2870 2871 2882
f 2878 2883 2880
f 2884 2854 2885
f 2881 2882 2885
f 2886 2867 2864
f 2887 2888 2886
f 2889 2888 2887
f 2888 2889 2849
f 2854 2881 2885
f 2874 2890 2873
f 2890 2875 2876
f 2877 2892 2891
f 2878 2893 2892
f 2889 2848 2849
f 2890 2876 2873
f 2876 2877 2891
f 2892 2893 2891
f 2867 2886 2888
f 2854 2884 2894
f 2895 2880 2883
f 2848 2896 2856
f 2848 2854 2896
f 2854 2894 2896
f 2878 2879 2893
f 2880 2895 2897
f 2898 2900 2899
f 2900 2898 2901
f 2901 2902 2900
f 2903 2187 2904
f 2905 2903 2904
f 2903 2907 2906
f 2907 2903 2908
f 2909 2880 2897
f 2910 2912 2911
f 2908 2905 2913
f 2914 2913 2905
f 2900 2906 2899
f 2900 2903 2906
f 2910 2916 2915
f 2905 2908 2903
f 2911 2916 2910
f 2910 2915 2913
f 2880 2909 2917
f 2914 2905 2909
f 2905 2917 2909
f 2914 2910 2913
f 2918 2920 2919
f 2918 2921 2920
f 2922 2920 2923
f 2920 2924 2923
f 2925 2927 2926
f 2928 2930 2929
f 2931 2922 2932
f 2922 2923 2932
f 2933 2935 2934
f 2935 2936 2934
f 2937 2920 2938
f 2920 2939 2938
f 2922 2931 2940
f 2940 2927 2922
f 2940 2941 2927
f 2941 2926 2927
f 2933 2934 2942
f 2943 2945 2944
f 2935 2946 2936
f 2935 2947 2946
f 2947 2948 2946
f 2920 2950 2949
f 2920 2952 2951
f 2920 2949 2952
f 2920 2953 2924
f 2950 2920 2937
f 2920 2955 2954
f 2955 2920 2951
f 2920 2954 2953
f 2933 2942 2956
f 2933 2956 2957
f 2944 2959 2958
f 2945 2943 2960
f 2961 2963 2962
f 2947 2964 2948
f 2944 2966 2965
f 2959 2944 2967
f 2944 2965 2967
f 2925 2962 2927
f 2962 2925 2968
f 2962 2968 2961
f 2933 2970 2969
f 2933 2957 2970
f 2944 2972 2971
f 2944 2933 2972
f 2933 2969 2972
f 2944 2971 2966
f 2973 2975 2974
f 2947 2977 2976
f 2947 2973 2977
f 2947 2976 2964
f 2962 2979 2978
f 2919 2980 2918
f 2977 2973 2974
f 2930 2981 2939
f 2920 2921 2982
f 2983 2985 2984
f 2983 2984 2986
f 2979 2962 2963
f 2939 2982 2929
f 2939 2929 2930
f 2987 2988 2973
f 2980 2919 2989
f 2939 2920 2982
f 2944 2990 2943
f 2990 2958 2986
f 2975 2973 2991
f 2973 2988 2991
f 2958 2983 2986
f 2983 2993 2992
f 2919 2991 2989
f 2919 2962 2991
f 2962 2978 2991
f 2991 2988 2994
f 2983 2958 2993
f 2987 2973 2960
f 2973 2945 2960
f 2944 2958 2990
f 2989 2991 2994
f 2992 2996 2995
f 2995 2997 2992
f 2992 2993 2996
f 2993 2958 2996
f 2996 2958 2998
f 2958 2959 2998
f 2998 2959 2999
f 2959 2967 2999
f 2999 2967 3000
f 2967 2965 3000
f 3000 2965 3001
f 2965 2966 3001
f 2966 2971 3001
f 2971 3002 3001
f 3002 2971 3003
f 2971 2972 3003
f 2972 3004 3003
f 2972 2969 3004
f 2969 2970 3004
f 3004 2970 3005
f 2970 2957 3005
f 3005 2957 3006
f 2957 2956 3006
f 2956 3007 3006
f 2956 3008 3007
f 2956 2942 3008
f 2942 2934 3008
f 3008 2934 3009
f 2934 2936 3009
f 3009 2936 3010
f 2936 2946 3010
f 2946 3011 3010
f 2946 2948 3011
f 2948 3012 3011
f 2948 2964 3012
f 2964 3013 3012
f 2964 2976 3013
f 3013 2976 3014
f 2976 2977 3014
f 3014 2977 3015
f 2977 2974 3015
f 2974 3016 3015
f 2974 2975 3016
f 3016 2975 3017
f 2975 2991 3017
f 2991 3018 3017
f 2991 2978 3018
f 3018 2978 3019
f 2978 2979 3019
f 2979 3020 3019
f 2979 2963 3020
f 3020 2963 3021
f 2963 2961 3021
f 2961 3022 3021
f 2961 2968 3022
f 2968 2925 3022
f 2925 3023 3022
f 2925 2926 3023
f 2926 3024 3023
f 2926 2941 3024
f 2941 3025 3024
f 2941 2940 3025
f 3025 2940 3026
f 2940 2931 3026
f 3026 2931 3027
f 2931 2932 3027
f 2932 3028 3027
f 2932 2923 3028
f 3028 2923 3029
f 2923 2924 3029
f 2924 3030 3029
f 2924 2953 3030
f 2953 2954 3030
f 2954 3031 3030
f 2954 2955 3031
f 3031 2955 3032
f 2955 2951 3032
f 2951 3033 3032
f 2951 2952 3033
f 2952 3034 3033
f 2952 2949 3034
f 2949 3035 3034
f 2949 2950 3035
f 2950 2937 3035
f 2937 3036 3035
f 2937 2938 3036
f 2938 3037 3036
f 2938 2939 3037
f 2939 3038 3037
f 2939 2981 3038
f 2981 3039 3038
f 3040 3041 2981
f 2981 3041 3039
f 3041 3042 3039
f 3042 3043 3039
f 3042 3044 3043
f 3044 3045 3043
f 3044 3046 3045
f 3046 3047 3045
f 3046 3048 3047
f 3048 3049 3047
f 3048 2997 3049
f 2997 2995 3049
f 3050 3052 3051
f 3052 3053 3051
f 3054 3056 3055
f 3056 3057 3055
f 3058 3060 3059
f 3058 3061 3060
f 3056 3059 3057
f 3056 3058 3059
f 3061 3062 3060
f 3060 3062 3063
f 3064 3051 3065
f 3064 3050 3051
f 3052 3066 3053
f 3067 3054 3068
f 3062 3069 3063
f 3069 3070 3063
f 3054 3071 3068
f 3054 3055 3071
f 3069 3065 3070
f 3069 3064 3065
f 3072 3067 3073
f 3052 3074 3066
f 3074 3075 3066
f 3067 3068 3073
f 3075 3074 3073
f 3074 3072 3073
f 2159 3076 2161
f 3076 3077 2161
f 3076 3078 3077
f 3076 3079 3078
f 3079 3080 3078
f 3079 3081 3080
f 3082 3084 3083
f 3084 3085 3083
f 3084 3086 3085
f 3086 3087 3085
f 3086 3088 3087
f 3088 3089 3087
f 3088 3090 3089
f 3090 3091 3089
f 3091 3092 3089
f 3091 3093 3092
f 3091 3094 3093
f 3094 3095 3093
f 3094 3096 3095
f 3096 3097 3095
f 3096 3098 3097
f 3098 3099 3097
f 3098 3100 3099
f 3100 3101 3099
f 3100 3102 3101
f 3102 3103 3101
f 3102 3104 3103
f 3104 3105 3103
f 3104 3106 3105
f 3106 3081 3105
f 3106 3080 3081
f 3107 3109 3108
f 3109 3110 3108
f 3111 3110 3109
f 3111 3109 3112
f 3112 3113 3111
f 3114 3111 3113
f 3113 3115 3114
f 3115 3116 3114
f 3115 3117 3116
f 3118 3116 3117
f 3117 3119 3118
f 3119 3120 3118
f 3119 3121 3120
f 3119 3122 3121
f 3123 3125 3124
f 3126 3125 3123
f 3126 3127 3125
f 3127 3128 3125
f 3129 3131 3130
f 3131 3129 3132
f 3129 3133 3132
f 3129 3134 3133
f 3124 3135 3123
f 3134 3136 3133
f 3133 3136 3135
f 3124 3133 3135
f 3137 3133 3138
f 3133 3124 3138
f 3083 3139 3082
f 3139 3125 3082
f 3139 3138 3125
f 3138 3124 3125
f 3140 3132 3141
f 3132 3142 3141
f 3132 3133 3142
f 3133 3137 3142
f 3128 3127 3143
f 3144 3128 3143
f 3144 3143 3145
f 3146 3144 3145
f 3147 3144 3146
f 3147 3146 3107
f 3107 3108 3147
f 3121 3122 3148
f 3149 3121 3148
f 3150 3149 3148
f 3151 3149 3150
f 3131 3151 3152
f 3151 3150 3152
f 3131 3152 3130
f 2801 2797 2603
f 2797 2600 2603
f 2797 2798 2600
f 2798 2799 2600
f 2799 2595 2600
f 2799 2597 2595
f 2799 2800 2597
f 2800 2593 2597
f 2800 2802 2593
f 2802 2592 2593
f 2802 2803 2592
f 2803 2590 2592
f 2803 2804 2590
f 2804 2598 2590
f 2804 2801 2598
f 2801 2603 2598
f 3153 2591 3154
f 2591 2604 3154
f 2604 3155 3154
f 2604 2602 3155
f 2602 3156 3155
f 2602 2601 3156
f 2601 3157 3156
f 2601 2596 3157
f 2596 3158 3157
f 2596 2599 3158
f 3158 2599 3159
f 2599 2594 3159
f 3159 2594 3160
f 3160 2594 2589
f 2776 2777 2579
f 2777 2576 2579
f 2777 2778 2576
f 2778 2583 2576
f 2778 2779 2583
f 2779 2581 2583
f 2779 2783 2581
f 2783 2575 2581
f 2783 2785 2575
f 2785 2572 2575
f 2785 2786 2572
f 2786 2787 2572
f 2787 2571 2572
f 2787 2776 2571
f 2776 2579 2571
f 2570 2582 3161
f 3161 2582 3162
f 2582 2577 3162
f 3162 2577 3163
f 2577 2578 3163
f 2578 3164 3163
f 2578 2585 3164
f 2585 3165 3164
f 2585 2584 3165
f 2584 3166 3165
f 2584 2580 3166
f 3167 3166 2574
f 3166 2580 2574
f 2766 2693 2691
f 2766 2767 2693
f 2767 2764 2693
f 2764 2689 2693
f 2764 2684 2689
f 2764 2763 2684
f 2763 2762 2684
f 2762 2681 2684
f 2762 2765 2681
f 2765 2685 2681
f 2765 2770 2685
f 2770 2688 2685
f 2770 2771 2688
f 2771 2691 2688
f 2771 2766 2691
f 2682 2683 3168
f 3168 2683 3169
f 2683 2687 3169
f 2687 3170 3169
f 2687 2695 3170
f 3170 2695 3171
f 2695 3172 3171
f 2695 2694 3172
f 2694 3173 3172
f 2694 2692 3173
f 2692 3174 3173
f 2692 2690 3174
f 2751 2668 2669
f 2751 2752 2668
f 2752 2757 2668
f 2757 2667 2668
f 2757 2758 2667
f 2758 2679 2667
f 2758 2760 2679
f 2760 2675 2679
f 2760 2753 2675
f 2753 2671 2675
f 2753 2754 2671
f 2754 2674 2671
f 2754 2755 2674
f 2755 2669 2674
f 2755 2751 2669
f 3175 2678 3176
f 2678 2676 3176
f 2676 3177 3176
f 2676 2672 3177
f 2672 3178 3177
f 2672 2673 3178
f 2673 3179 3178
f 2673 2680 3179
f 3179 2680 3180
f 2680 2677 3180
f 3180 2677 3181
f 2677 2670 3181
f 3182 2670 2666
f 3182 3181 2670
f 2731 2730 2658
f 2730 2741 2658
f 2741 2732 2658
f 2732 2651 2658
f 2732 2733 2651
f 2733 2734 2651
f 2734 2735 2651
f 2735 2727 2651
f 2727 2654 2651
f 2727 2728 2654
f 2728 2736 2654
f 2736 2737 2654
f 2737 2738 2654
f 2738 2653 2654
f 2738 2739 2653
f 2739 2743 2653
f 2743 2655 2653
f 2743 2744 2655
f 2744 2746 2655
f 2746 2659 2655
f 2746 2750 2659
f 2750 2661 2659
f 2750 2748 2661
f 2748 2663 2661
f 2748 2726 2663
f 2726 2658 2663
f 2726 2731 2658
f 2650 2656 3183
f 3183 2656 3184
f 2656 2657 3184
f 2657 3185 3184
f 3185 2657 3186
f 2657 2660 3186
f 2660 3187 3186
f 2660 2664 3187
f 2664 3188 3187
f 2664 2662 3188
f 2662 3189 3188
f 3189 2662 3190
f 3190 2662 2652
f 2791 2610 2611
f 2791 2792 2610
f 2792 2620 2610
f 2792 2796 2620
f 2796 2789 2620
f 2789 2617 2620
f 2789 2790 2617
f 2790 2614 2617
f 2790 2793 2614
f 2793 2612 2614
f 2793 2794 2612
f 2794 2608 2612
f 2794 2795 2608
f 2795 2615 2608
f 2795 2791 2615
f 2791 2611 2615
f 2607 2621 3191
f 2621 3192 3191
f 2621 2619 3192
f 3192 2619 3193
f 2619 2622 3193
f 2622 3194 3193
f 2622 3195 3194
f 2622 2618 3195
f 3195 2618 3196
f 2618 2616 3196
f 3196 2616 3197
f 2616 2613 3197
f 2613 3198 3197
f 3198 2613 2609
f 2297 3200 3199
f 2297 2296 3200
f 2296 3201 3200
f 2296 2294 3201
f 2294 3202 3201
f 2294 2291 3202
f 2291 2289 3202
f 2289 3203 3202
f 2289 2287 3203
f 2287 3204 3203
f 2287 2285 3204
f 2285 2284 3204
f 2284 3205 3204
f 2284 2282 3205
f 2282 3206 3205
f 2282 2280 3206
f 2280 3207 3206
f 3199 2300 2297
f 3199 3208 2300
f 3208 2321 2300
f 3208 2319 2321
f 3208 3209 2319
f 3209 2318 2319
f 3209 3210 2318
f 3210 2316 2318
f 3210 3211 2316
f 3211 2314 2316
f 3211 3212 2314
f 3212 2312 2314
f 3212 2310 2312
f 3212 3213 2310
f 3213 2308 2310
f 3213 3214 2308
f 3214 2305 2308
f 3214 3215 2305
f 3215 2303 2305
f 3215 3207 2303
f 3207 2280 2303
f 2232 3217 3216
f 2232 3218 3217
f 2232 3219 3218
f 2232 2230 3219
f 2230 3220 3219
f 2230 3221 3220
f 2230 3222 3221
f 2230 2227 3222
f 2227 3223 3222
f 2227 2226 3223
f 2226 3224 3223
f 2226 2223 3224
f 3224 2223 3225
f 2223 3226 3225
f 2223 2222 3226
f 2222 3227 3226
f 2222 3228 3227
f 2222 2220 3228
f 2220 3229 3228
f 2220 3230 3229
f 2220 2218 3230
f 2218 3231 3230
f 2218 3232 3231
f 2218 3233 3232
f 2218 2216 3233
f 2216 3234 3233
f 2216 3235 3234
f 2216 2214 3235
f 2214 3236 3235
f 2214 2212 3236
f 2201 2202 3237
f 2202 3238 3237
f 2202 2251 3238
f 2251 2249 3238
f 2249 3239 3238
f 2249 2248 3239
f 2248 3240 3239
f 2248 3241 3240
f 2248 2245 3241
f 2245 3242 3241
f 2245 3243 3242
f 2245 3244 3243
f 2245 3245 3244
f 2245 2244 3245
f 2212 3246 3236
f 2212 2210 3246
f 2210 3247 3246
f 2210 2208 3247
f 2208 3248 3247
f 2208 2206 3248
f 2206 3249 3248
f 2206 2204 3249
f 2204 3237 3249
f 2204 2201 3237
f 3245 2244 3250
f 2244 2242 3250
f 2242 3251 3250
f 2242 3252 3251
f 2242 2240 3252
f 2240 3253 3252
f 2240 2238 3253
f 2238 3254 3253
f 2238 2236 3254
f 2236 2234 3254
f 2234 3216 3254
f 2234 2232 3216
f 3255 3205 3256
f 3257 3258 3207
f 3207 3258 3206
f 3256 3206 3258
f 3199 3259 3208
f 3260 3261 3200
f 3262 3259 3199
f 3259 3263 3208
f 3261 3262 3200
f 3256 3205 3206
f 3264 3205 3255
f 3260 3200 3201
f 3262 3199 3200
f 3265 3209 3266
f 3264 3204 3205
f 3267 3203 3204
f 3263 3266 3209
f 3268 3257 3215
f 3269 3270 3202
f 3270 3201 3202
f 3270 3260 3201
f 3263 3209 3208
f 3215 3257 3207
f 3264 3271 3204
f 3267 3272 3203
f 3268 3214 3273
f 3271 3267 3204
f 3274 3269 3202
f 3268 3215 3214
f 3275 3210 3265
f 3272 3202 3203
f 3272 3274 3202
f 3209 3265 3210
f 3275 3276 3210
f 3277 3278 3211
f 3278 3279 3211
f 3280 3273 3214
f 3276 3277 3210
f 3277 3211 3210
f 3279 3281 3211
f 3282 3283 3212
f 3281 3284 3211
f 3283 3285 3212
f 3286 3213 3287
f 3285 3287 3212
f 3287 3213 3212
f 3284 3288 3211
f 3288 3282 3211
f 3282 3212 3211
f 3286 3280 3213
f 3280 3214 3213
f 3220 3221 3262
f 3221 3259 3262
f 3221 3222 3259
f 3222 3223 3259
f 3262 3219 3220
f 3262 3261 3219
f 3261 3218 3219
f 3261 3217 3218
f 3261 3260 3217
f 3260 3216 3217
f 3260 3254 3216
f 3260 3270 3254
f 3270 3269 3254
f 3269 3253 3254
f 3269 3274 3253
f 3274 3272 3253
f 3272 3252 3253
f 3272 3267 3252
f 3267 3251 3252
f 3267 3250 3251
f 3267 3271 3250
f 3271 3245 3250
f 3271 3264 3245
f 3264 3244 3245
f 3264 3243 3244
f 3264 3242 3243
f 3264 3241 3242
f 3264 3255 3241
f 3255 3240 3241
f 3255 3239 3240
f 3255 3256 3239
f 3256 3238 3239
f 3256 3258 3238
f 3258 3237 3238
f 3258 3257 3237
f 3257 3249 3237
f 3257 3268 3249
f 3268 3248 3249
f 3268 3273 3248
f 3273 3247 3248
f 3273 3280 3247
f 3280 3246 3247
f 3280 3286 3246
f 3286 3287 3246
f 3287 3236 3246
f 3287 3285 3236
f 3285 3235 3236
f 3285 3283 3235
f 3283 3282 3235
f 3282 3234 3235
f 3282 3288 3234
f 3288 3284 3234
f 3284 3233 3234
f 3284 3232 3233
f 3284 3281 3232
f 3281 3279 3232
f 3279 3231 3232
f 3279 3278 3231
f 3278 3230 3231
f 3278 3277 3230
f 3277 3229 3230
f 3277 3276 3229
f 3276 3228 3229
f 3276 3275 3228
f 3275 3227 3228
f 3275 3265 3227
f 3265 3226 3227
f 3265 3225 3226
f 3265 3224 3225
f 3265 3266 3224
f 3266 3263 3224
f 3263 3223 3224
f 3263 3259 3223
f 3289 3290 3122
f 3122 3119 3289
f 3119 3291 3289
f 3119 3292 3291
f 3119 3117 3292
f 3117 3115 3292
f 3115 3293 3292
f 3115 3113 3293
f 3113 3112 3293
f 3112 3294 3293
f 3112 3109 3294
f 3109 3295 3294
f 3295 3109 3107
f 3295 3107 3296
f 3296 3297 3295
f 3295 3297 3298
f 3297 3299 3298
f 3299 3300 3298
f 3301 3300 3299
f 3302 3301 3303
f 3301 3299 3303
f 3303 3304 3302
f 3303 3305 3304
f 3305 3306 3304
f 3305 3307 3306
f 3307 3308 3306
f 3308 3307 3309
f 3307 3310 3309
f 3309 3310 3311
f 3310 3312 3311
f 3310 3313 3312
f 3313 3314 3312
f 3313 3315 3314
f 3313 3316 3315
f 3316 3317 3315
f 3316 3318 3317
f 3318 3319 3317
f 3318 3320 3319
f 3320 3321 3319
f 3320 3322 3321
f 3321 3322 3323
f 3322 3324 3323
f 3322 3325 3324
f 3325 3326 3324
f 3325 3327 3326
f 3327 3328 3326
f 3328 3329 3326
f 3328 3330 3329
f 3328 3331 3330
f 3328 3332 3331
f 3332 3333 3331
f 3332 3334 3333
f 3332 3335 3334
f 3335 3336 3334
f 3335 3338 3337
f 3338 3339 3337
f 3338 3340 3339
f 3340 3341 3339
f 3340 3342 3341
f 3343 3344 3342
f 3343 3345 3344
f 3345 3347 3346
f 3345 3348 3347
f 3348 3349 3347
f 3350 3351 3348
f 3350 3352 3351
f 3350 3353 3352
f 3353 3354 3352
f 3353 3355 3354
f 3355 3356 3354
f 3357 3355 3122
f 3355 3357 3356
f 3122 3290 3357
f 2984 2985 3358
f 3359 3360 2928
f 3299 3360 3359
f 3299 3297 3360
f 2929 3359 2928
f 3297 3296 3360
f 3313 3310 3361
f 3362 3355 3353
f 2984 3358 3362
f 3362 3363 2986
f 3363 3348 3345
f 3364 3342 2943
f 3364 3343 3342
f 2990 3364 2943
f 3340 3365 2943
f 3335 3332 3366
f 2987 3367 2988
f 2994 3325 2989
f 3325 3322 2989
f 3320 3318 3322
f 3322 3318 2989
f 3318 3316 3368
f 3316 3313 3368
f 3368 3361 2918
f 2918 3307 2921
f 3307 3369 2921
f 3369 3305 3303
f 3358 3355 3362
f 3350 3362 3353
f 2984 3362 2986
f 3362 3350 3363
f 3350 3348 3363
f 2990 2986 3363
f 3363 3345 3364
f 3345 3343 3364
f 3364 2990 3363
f 3340 2943 3342
f 3338 3365 3340
f 3365 3338 3335
f 2960 3365 3335
f 2960 2943 3365
f 2960 3335 3366
f 2987 2960 3366
f 3366 3332 2987
f 2987 3332 3328
f 3328 3367 2987
f 3367 3328 3327
f 3367 3327 3325
f 3367 2994 2988
f 3325 2994 3367
f 2989 3318 2980
f 3368 2980 3318
f 3361 3368 3313
f 2980 3368 2918
f 3307 3361 3310
f 3307 2918 3361
f 3307 3305 3369
f 2921 3369 2982
f 3369 3303 2982
f 3303 3299 3359
f 3359 2982 3303
f 2929 2982 3359
f 3122 3355 3358
f 3304 3306 3370
f 3306 3308 3371
f 3308 3309 3372
f 3311 3373 3309
f 3374 3356 3357
f 3375 3348 3351
f 3375 3376 3348
f 3376 3349 3348
f 3377 3345 3346
f 3377 3344 3345
f 3378 3342 3344
f 3378 3379 3342
f 3379 3341 3342
f 3380 3335 3337
f 3380 3381 3335
f 3381 3336 3335
f 3382 3334 3336
f 3382 3383 3334
f 3383 3333 3334
f 3384 3326 3329
f 3384 3385 3326
f 3370 3306 3386
f 3317 3319 3387
f 3324 3326 3388
f 3388 3326 3389
f 3326 3385 3389
f 3347 3377 3346
f 3309 3373 3372
f 3373 3311 3312
f 3312 3314 3315
f 3317 3387 3315
f 3319 3321 3387
f 3390 3294 3295
f 3391 3292 3293
f 3291 3290 3289
f 3290 3374 3357
f 3356 3392 3354
f 3392 3352 3354
f 3351 3376 3375
f 3376 3347 3349
f 3377 3393 3344
f 3393 3378 3344
f 3379 3339 3341
f 3379 3337 3339
f 3379 3394 3337
f 3394 3380 3337
f 3394 3336 3380
f 3336 3381 3380
f 3336 3383 3382
f 3330 3395 3329
f 3395 3384 3329
f 3395 3385 3384
f 3301 3396 3300
f 3301 3302 3396
f 3302 3304 3396
f 3304 3370 3072
f 3371 3308 3397
f 3308 3372 3397
f 3373 3312 3398
f 3321 3323 3399
f 3323 3324 3399
f 3324 3388 3399
f 3388 3389 3399
f 3298 3400 3295
f 3400 3390 3295
f 3391 3291 3292
f 3374 3392 3356
f 3347 3393 3377
f 3393 3379 3378
f 3383 3331 3333
f 3395 3330 3331
f 3304 3072 3396
f 3370 3386 3072
f 3386 3306 3397
f 3306 3371 3397
f 3372 3373 3398
f 3312 3315 3398
f 3387 3321 3399
f 3389 3385 3399
f 3400 3298 3300
f 3294 3391 3293
f 3290 3392 3374
f 3351 3352 3392
f 3400 3300 3396
f 3386 3397 3072
f 3390 3391 3294
f 3291 3050 3290
f 3058 3331 3383
f 3058 3395 3331
f 3372 3398 3397
f 3398 3315 3401
f 3315 3387 3401
f 3387 3399 3054
f 3050 3291 3391
f 3050 3392 3290
f 3069 3376 3351
f 3069 3347 3376
f 3069 3393 3347
f 3393 3061 3379
f 3336 3058 3383
f 3395 3399 3385
f 3052 3391 3390
f 3064 3351 3392
f 3379 3061 3394
f 3397 3398 3067
f 3387 3054 3401
f 3064 3392 3050
f 3064 3069 3351
f 3069 3062 3393
f 3062 3061 3393
f 3398 3401 3067
f 3074 3400 3396
f 3050 3391 3052
f 3394 3058 3336
f 3056 3399 3395
f 3396 3072 3074
f 3399 3056 3054
f 3052 3390 3400
f 3061 3058 3394
f 3058 3056 3395
f 3397 3067 3072
f 3074 3052 3400
f 3401 3054 3067
f 2563 2564 3402
f 2564 2567 3402
f 2567 3403 3402
f 2567 2561 3403
f 2561 3404 3403
f 2561 2558 3404
f 2558 3405 3404
f 2558 2566 3405
f 2566 3406 3405
f 2566 2568 3406
f 2568 3407 3406
f 3407 2568 2569
f 3107 3360 3296
f 2928 3107 3146
f 3107 2928 3360
f 2928 3408 2930
f 3408 3143 3409
f 3408 3145 3143
f 2928 3146 3408
f 3146 3145 3408
f 3408 3409 2930
f 3127 3409 3143
f 3126 3040 3127
f 3040 3409 3127
f 3040 2981 3409
f 2981 2930 3409
f 3040 3126 3041
f 3126 3123 3041
f 3358 3148 3122
f 3048 3046 3410
f 2997 3048 3411
f 3048 3410 3411
f 3046 3412 3410
f 3046 3044 3412
f 3044 3042 3412
f 3042 3123 3412
f 3042 3041 3123
f 2997 3411 3134
f 3410 3412 3413
f 3412 3123 3413
f 3411 3410 3135
f 3410 3413 3135
f 3411 3135 3136
f 3413 3123 3135
f 3134 3411 3136
f 3148 2985 3150
f 2985 3148 3358
f 2997 3134 3129
f 3129 3414 2997
f 2997 3414 2992
f 3130 3152 3415
f 3415 3152 2983
f 2983 3152 2985
f 2985 3152 3150
f 3415 2992 3414
f 2992 3415 2983
f 3130 3414 3129
f 3414 3130 3415
f 3024 3025 2519
f 3025 3026 2519
f 3026 2517 2519
f 3010 3011 2508
f 3011 2503 2508
f 3011 3012 2503
f 3012 2491 2503
f 3012 3013 2491
f 3013 3014 2491
f 3014 3015 2491
f 3015 2490 2491
f 3015 3016 2490
f 3016 3017 2490
f 3017 2489 2490
f 3017 3018 2489
f 3018 2488 2489
f 3018 3019 2488
f 3019 3020 2488
f 3020 3021 2488
f 3021 2514 2488
f 3021 3022 2514
f 3022 3023 2514
f 3023 2518 2514
f 3023 3024 2518
f 3024 2519 2518
f 2500 3045 3047
f 2500 2492 3045
f 2492 3043 3045
f 2492 3039 3043
f 2492 2501 3039
f 2501 3038 3039
f 2501 2502 3038
f 2502 3037 3038
f 2502 3036 3037
f 2502 2507 3036
f 2507 3035 3036
f 2507 3034 3035
f 2507 3033 3034
f 2507 2515 3033
f 2515 3032 3033
f 2515 3031 3032
f 2515 2516 3031
f 2516 3030 3031
f 2516 2513 3030
f 2513 3029 3030
f 2513 3028 3029
f 2513 3027 3028
f 2513 2517 3027
f 2517 3026 3027
f 2508 3009 3010
f 2508 2509 3009
f 2509 3008 3009
f 2509 3007 3008
f 2509 3006 3007
f 2509 2495 3006
f 2495 3005 3006
f 2495 2504 3005
f 2504 3004 3005
f 2504 3003 3004
f 2504 2510 3003
f 2510 3002 3003
f 2510 2511 3002
f 2511 3001 3002
f 2511 3000 3001
f 2511 2505 3000
f 2505 2999 3000
f 2505 2998 2999
f 2505 2498 2998
f 2498 2996 2998
f 2498 2995 2996
f 2498 2496 2995
f 2496 3049 2995
f 2496 2500 3049
f 2500 3047 3049
f 2281 2283 3055
f 2283 3071 3055
f 2283 3068 3071
f 2283 2286 3068
f 2286 2288 3068
f 2288 3073 3068
f 2288 2290 3073
f 2290 2292 3073
f 2292 3075 3073
f 2292 2293 3075
f 2293 3066 3075
f 2293 2295 3066
f 2295 2298 3066
f 2298 3053 3066
f 2298 2299 3053
f 3055 2301 2281
f 3055 3057 2301
f 3057 2302 2301
f 3057 3059 2302
f 3059 2304 2302
f 3059 2306 2304
f 3059 2307 2306
f 3059 3060 2307
f 3060 2309 2307
f 3060 3063 2309
f 3063 2311 2309
f 3063 3070 2311
f 3070 2313 2311
f 3070 2315 2313
f 3070 3065 2315
f 3065 2317 2315
f 3065 3051 2317
f 3051 2320 2317
f 3051 3053 2320
f 3053 2299 2320
f 2873 2252 2200
f 2873 2876 2252
f 2876 2250 2252
f 2876 2247 2250
f 2876 2891 2247
f 2891 2246 2247
f 2891 2893 2246
f 2893 2243 2246
f 2893 2241 2243
f 2893 2879 2241
f 2879 2239 2241
f 2879 2868 2239
f 2868 2237 2239
f 2868 2863 2237
f 2863 2235 2237
f 2863 2233 2235
f 2863 2867 2233
f 2867 2231 2233
f 2867 2229 2231
f 2867 2888 2229
f 2888 2228 2229
f 2888 2225 2228
f 2888 2849 2225
f 2849 2224 2225
f 2849 2850 2224
f 2850 2221 2224
f 2850 2219 2221
f 2850 2856 2219
f 2856 2896 2219
f 2896 2217 2219
f 2896 2215 2217
f 2896 2894 2215
f 2894 2884 2215
f 2884 2213 2215
f 2884 2885 2213
f 2885 2211 2213
f 2885 2882 2211
f 2882 2209 2211
f 2882 2207 2209
f 2882 2871 2207
f 2871 2205 2207
f 2871 2203 2205
f 2871 2873 2203
f 2873 2200 2203
f 3402 3416 2563
f 3416 3417 2563
f 3417 2565 2563
f 3417 2192 2565
f 3417 2191 2192
f 2569 3418 3407
f 2569 2266 3418
f 2266 2267 3418
f 2690 3419 3174
f 2690 2262 3419
f 2262 2263 3419
f 2587 2573 2828
f 2573 3420 2828
f 2573 3161 3420
f 2573 2570 3161
f 2652 2647 3190
f 2647 3421 3190
f 2647 2648 3421
f 2648 2811 3421
f 2259 3422 2258
f 2259 2650 3422
f 2650 3183 3422
f 2666 2261 3182
f 2261 2260 3182
f 2265 2665 2264
f 2665 3175 2264
f 2665 2678 3175
f 3168 3423 2682
f 3423 2686 2682
f 3423 3424 2686
f 3424 2275 2686
f 3424 2274 2275
f 2574 3425 3167
f 2574 2199 3425
f 2199 2198 3425
f 2589 3426 3160
f 2589 2586 3426
f 2586 2829 3426
f 2277 3427 2276
f 2277 2588 3427
f 2588 3153 3427
f 2588 2591 3153
f 2609 2605 3198
f 2605 2278 3198
f 2605 2279 2278
f 2257 3191 2256
f 2257 2607 3191
f 2854 2866 2812
f 2866 2811 2812
f 2878 2813 2254
f 2878 2814 2813
f 2878 2892 2814
f 2892 2815 2814
f 2892 2877 2815
f 2877 2816 2815
f 2877 2817 2816
f 2877 2875 2817
f 2875 2818 2817
f 2875 2890 2818
f 2890 2819 2818
f 2890 2874 2819
f 2874 2820 2819
f 2874 2821 2820
f 2874 2822 2821
f 2874 2872 2822
f 2872 2823 2822
f 2872 2870 2823
f 2870 2824 2823
f 2870 2881 2824
f 2881 2825 2824
f 2881 2826 2825
f 2881 2854 2826
f 2854 2827 2826
f 2854 2812 2827
f 2866 3421 2811
f 2866 3190 3421
f 2883 2878 2256
f 2878 2254 2256
f 3183 2842 2835
f 3183 3184 2842
f 3184 2843 2842
f 3184 3185 2843
f 3185 2847 2843
f 3185 3186 2847
f 3186 2853 2847
f 3186 3187 2853
f 3187 2865 2853
f 3187 2869 2865
f 3187 3188 2869
f 3188 2861 2869
f 3188 3189 2861
f 3189 3190 2861
f 3190 2866 2861
f 2895 2883 3191
f 2883 2256 3191
f 2835 3422 3183
f 2835 2258 3422
f 3191 3192 2895
f 3192 2897 2895
f 3192 3193 2897
f 3193 3194 2897
f 3194 2909 2897
f 3194 3195 2909
f 3195 2914 2909
f 3195 3196 2914
f 3196 2910 2914
f 3196 3197 2910
f 3197 3198 2910
f 3198 2912 2910
f 2260 2258 2841
f 2258 2835 2841
f 2912 3198 2278
f 2841 2844 2260
f 2844 3182 2260
f 2911 2912 2276
f 2912 2278 2276
f 3175 2852 2837
f 3175 3176 2852
f 3176 2851 2852
f 3176 3177 2851
f 3177 3178 2851
f 3178 2857 2851
f 3178 3179 2857
f 3179 2840 2857
f 3179 3180 2840
f 3180 2859 2840
f 3180 3181 2859
f 3181 3182 2859
f 3182 2844 2859
f 2911 3427 3153
f 2911 2276 3427
f 2837 2264 3175
f 3153 2916 2911
f 3153 3154 2916
f 3154 2915 2916
f 3154 3155 2915
f 3155 2913 2915
f 3155 3156 2913
f 3156 2908 2913
f 3156 3157 2908
f 3157 2907 2908
f 3157 3158 2907
f 3158 3159 2907
f 3159 2906 2907
f 3159 2899 2906
f 3159 3160 2899
f 2263 2264 2838
f 2264 2837 2838
f 2901 3426 2829
f 2901 2898 3426
f 2898 3160 3426
f 2898 2899 3160
f 2838 3419 2263
f 2838 3174 3419
f 2902 2901 2828
f 2901 2829 2828
f 2845 3171 3172
f 2845 2177 3171
f 2177 3170 3171
f 2838 2836 3174
f 2836 3173 3174
f 2836 2858 3173
f 2858 2845 3173
f 2845 3172 3173
f 3168 3169 2168
f 3169 2172 2168
f 3169 3170 2172
f 3170 2177 2172
f 2900 3420 3161
f 2900 2902 3420
f 2902 2828 3420
f 2168 3423 3168
f 2168 3424 3423
f 2168 2169 3424
f 2169 2274 3424
f 2181 2179 3167
f 2179 3166 3167
f 2179 2182 3166
f 2182 3165 3166
f 2182 2187 3165
f 2187 3164 3165
f 3161 3162 2900
f 3162 2903 2900
f 3162 3163 2903
f 3163 2187 2903
f 3163 3164 2187
f 2169 2170 2274
f 2170 2272 2274
f 2170 2270 2272
f 2170 2174 2270
f 2174 2268 2270
f 2174 2267 2268
f 2174 2175 2267
f 2181 3425 2198
f 2181 3167 3425
f 2175 3418 2267
f 2175 3407 3418
f 2184 2185 2191
f 2185 2194 2191
f 2185 2180 2194
f 2180 2196 2194
f 2180 2198 2196
f 2180 2181 2198
f 3402 2183 2184
f 3402 2186 2183
f 3402 3403 2186
f 3403 3404 2186
f 3404 2190 2186
f 3404 2178 2190
f 3404 3405 2178
f 3405 3406 2178
f 3406 2171 2178
f 3406 2173 2171
f 3406 3407 2173
f 3407 2175 2173
f 2184 3416 3402
f 2184 3417 3416
f 2184 2191 3417
f 2555 2554 3137
f 2554 3142 3137
f 3137 2547 2555
f 3137 3138 2547
f 2546 3138 3139
f 3138 2546 2547
f 2487 2552 2553
f 2552 2487 2336
f 2526 2487 2551
f 2487 2553 2551
f 2539 2548 2545
f 2539 2543 2548
f 2543 2526 2548
f 2526 2551 2548
f 2463 2545 2549
f 2545 2463 2539
f 2550 2463 2549
f 2362 2463 2550
f 3082 3125 2905
f 3125 2917 2905
f 3090 3088 2187
f 3088 3086 2187
f 3086 2904 2187
f 3086 3084 2904
f 3084 3082 2904
f 3082 2905 2904
f 3080 2177 2845
f 3080 3106 2177
f 3106 3104 2177
f 3104 3102 2177
f 3102 2176 2177
f 3102 3100 2176
f 3100 2178 2176
f 3100 3098 2178
f 3098 2190 2178
f 3098 3096 2190
f 3096 3094 2190
f 3094 2189 2190
f 3094 3091 2189
f 3091 2188 2189
f 3091 3090 2188
f 3090 2187 2188
f 2161 3077 2163
f 3077 2846 2163
f 3077 3078 2846
f 3078 2845 2846
f 3078 3080 2845
f 2880 2917 3128
f 2917 3125 3128
f 3128 3144 2880
f 3144 2862 2880
f 3144 3147 2862
f 3147 3108 2862
f 3108 2864 2862
f 2831 3132 3140
f 2831 2832 3132
f 2848 3120 3121
f 2848 2889 3120
f 2889 3118 3120
f 2889 2887 3118
f 2887 3116 3118
f 2887 3114 3116
f 2887 2886 3114
f 2886 3111 3114
f 2886 3110 3111
f 2886 2864 3110
f 2864 3108 3110
f 3121 3149 2848
f 3149 2855 2848
f 3149 3151 2855
f 3151 3131 2855
f 3131 2860 2855
f 3131 3132 2860
f 3132 2832 2860
f 2327 2328 2326
f 2344 2346 2342
f 2330 2328 2348
f 2337 2729 2336
f 2339 2759 2337
f 2457 2506 2474
f 2386 2382 2384
f 2381 2379 2377
f 2366 2456 2368
f 2394 2401 2398
f 2409 2412 2414
f 2475 2394 2461
f 2401 2404 2405
f 2412 2424 2422
f 2424 2460 2428
f 2424 2433 2460
f 2437 2441 2459
f 2441 2391 2445
f 2477 2512 2475
f 2332 2325 2331
f 2331 2329 2349
f 2357 2355 2359
f 2343 2347 2345
f 2364 2361 2359
f 2364 2464 2363
f 2364 2606 2464
f 2469 2473 2470
f 2467 2464 2469
f 2624 2722 2378
f 2722 2723 2378
f 2723 2724 2378
f 2724 2725 2378
f 2725 2714 2378
f 2714 2715 2378
f 2715 2380 2378
f 2715 2716 2380
f 2716 2717 2380
f 2717 2718 2380
f 2718 2719 2380
f 2719 2450 2380
f 2719 2709 2450
f 2709 2710 2450
f 2710 2711 2450
f 2711 2712 2450
f 2712 2713 2450
f 2713 2720 2450
f 2720 2383 2450
f 2720 2721 2383
f 2721 2707 2383
f 2707 2708 2383
f 2708 2625 2383
f 2625 2387 2383
f 2392 2637 2448
f 2385 2383 2387
f 2372 2453 2454
f 2453 2375 2452
f 2624 2378 2451
f 2388 2392 2390
f 2392 2448 2449
f 2458 2367 2455
f 2624 2451 2375
f 2334 2335 2485
f 2640 2641 3428
f 2705 2704 3429
f 2704 2702 3430
f 2702 2700 3431
f 2700 2703 3432
f 2395 2393 2396
f 3433 2703 2396
f 3433 3434 2703
f 3434 3435 2703
f 3435 2400 2703
f 2402 3436 2703
f 3436 3437 2703
f 3437 3432 2703
f 3437 2406 3432
f 3432 3438 2700
f 3438 2408 2700
f 2410 3439 2700
f 3439 3440 2700
f 3440 3431 2700
f 2416 2417 2702
f 2417 3430 2702
f 3430 2419 2704
f 3429 2423 2705
f 3441 2706 2705
f 2432 2434 2706
f 2434 2641 2706
f 2641 2435 3428
f 3428 2438 2640
f 2440 3442 2640
f 3442 2637 2640
f 3442 2443 2637
f 2443 2444 2637
f 2444 2446 2637
f 2446 2447 2637
f 2447 2448 2637
f 2435 2641 2434
f 2706 3441 2432
f 2705 2427 3441
f 2702 3431 2415
f 3440 3439 2413
f 3437 3436 2403
f 3434 3433 2399
f 3433 2396 2399
f 3442 2440 2443
f 2640 2438 2440
f 2438 3428 2435
f 2432 3441 2431
f 3441 2427 2431
f 2427 2705 2426
f 2705 2423 2426
f 2423 3429 2421
f 3429 2419 2421
f 3429 2704 2419
f 3430 2417 2419
f 2702 2415 2416
f 3431 3440 2415
f 3440 2413 2415
f 3439 2410 2413
f 2700 2408 2410
f 2408 3438 2406
f 3438 3432 2406
f 3437 2403 2406
f 2403 3436 2402
f 2703 2400 2402
f 3435 3434 2400
f 2443 2440 2442
f 2440 2438 2439
f 2438 2435 2436
f 2431 2427 2429
f 2426 2423 2425
f 2421 2419 2420
f 2415 2413 2411
f 2400 3434 2399
f 2481 2485 2483
f 2462 2479 2476
f 2775 2788 3083
f 2788 3139 3083
f 2788 2546 3139
f 3081 3079 2769
f 3079 2773 2769
f 3079 3076 2773
f 3076 2159 2773
f 2159 2166 2773
f 3083 2781 2775
f 3083 3085 2781
f 3085 3087 2781
f 3087 2780 2781
f 3087 3089 2780
f 3089 2782 2780
f 3089 3092 2782
f 3092 3093 2782
f 3093 2805 2782
f 3093 3095 2805
f 3095 3097 2805
f 3097 2810 2805
f 3097 3099 2810
f 3099 3101 2810
f 3101 2772 2810
f 3101 3103 2772
f 3103 2768 2772
f 3103 3105 2768
f 3105 2769 2768
f 3105 3081 2769
f 2554 2749 3142
f 2749 3141 3142
f 2749 3443 3141
f 2774 2809 2560
f 2809 2559 2560
f 2809 2557 2559
f 2809 2806 2557
f 2806 2556 2557
f 2806 2807 2556
f 2807 2562 2556
f 2807 2808 2562
f 2808 2774 2562
f 2774 2560 2562
f 2947 2699 2698
f 2947 2935 2699
f 2935 2933 2699
f 2933 2701 2699
f 2933 2944 2701
f 2944 2697 2701
f 2944 2945 2697
f 2945 2696 2697
f 2945 2973 2696
f 2973 2698 2696
f 2973 2947 2698
f 2927 2962 2623
f 2962 2627 2623
f 2962 2919 2627
f 2919 2629 2627
f 2919 2920 2629
f 2920 2628 2629
f 2920 2922 2628
f 2922 2626 2628
f 2922 2927 2626
f 2927 2623 2626
f 2165 3444 2167
f 3444 3445 2167
f 3446 2831 3447
f 2831 3443 3447
f 3448 3450 3449
f 3448 3451 3450
f 3451 3452 3450
f 3451 3445 3452
f 3445 3444 3452
f 3447 3453 3446
f 3453 3454 3446
f 3453 3455 3454
f 3455 3449 3454
f 3455 3448 3449
f 2160 2165 2167
f 2160 2162 2165
f 2167 3445 2756
f 3444 2165 2164
f 2740 2761 3448
f 3448 2761 3451
f 2761 2756 3451
f 3451 2756 3445
f 2164 2839 3444
f 3444 2839 3452
f 2839 3450 3452
f 2839 2833 3450
f 3450 2833 3449
f 2749 2747 3447
f 3447 2747 3453
f 2747 2745 3453
f 2745 3455 3453
f 2745 2742 3455
f 2742 2740 3455
f 3455 2740 3448
f 2833 2834 3449
f 3449 2834 3454
f 2834 2830 3454
f 3454 2830 3446
f 3447 3443 2749
f 2830 2831 3446
f 3140 3141 2831
f 3141 3443 2831
f 3456 3458 3457
f 3459 3460 3457
f 3461 3459 3457
f 3461 3462 3459
f 3460 3463 3456
f 3464 3466 3465
f 3467 3469 3468
f 3469 3470 3468
f 3471 3470 3469
f 3463 3471 3469
f 3458 3456 3467
f 3456 3469 3467
f 3472 3471 3463
f 3472 3473 3471
f 3463 3469 3456
f 3464 3473 3472
f 3465 3473 3464
f 3472 3463 3460
f 3460 3464 3472
f 3459 3464 3460
f 3459 3466 3464
f 3457 3460 3456
f 3459 3462 3466
f 3462 3474 3466
f 3475 3477 3476
f 3478 3477 3475
f 3479 3481 3480
f 3482 3484 3483
f 3485 3487 3486
f 3485 3489 3488
f 3479 3490 3478
f 3491 3493 3492
f 3494 3496 3495
f 3487 3485 3497
f 3489 3479 3480
f 3486 3487 3498
f 3485 3488 3497
f 3488 3489 3499
f 3489 3480 3499
f 3497 3488 3500
f 3488 3499 3500
f 3487 3484 3498
f 3487 3497 3484
f 3497 3500 3501
f 3499 3503 3502
f 3498 3484 3504
f 3499 3502 3500
f 3484 3497 3483
f 3497 3501 3483
f 3503 3505 3502
f 3484 3482 3504
f 3500 3506 3501
f 3500 3502 3506
f 3477 3507 3476
f 3492 3509 3508
f 3492 3508 3495
f 3507 3477 3510
f 3477 3511 3510
f 3509 3512 3508
f 3513 3495 3496
f 3507 3515 3514
f 3507 3510 3515
f 3510 3511 3516
f 3511 3513 3516
f 3513 3496 3516
f 3495 3508 3494
f 3508 3512 3494
f 3478 3481 3479
f 3478 3490 3477
f 3517 3491 3518
f 3491 3492 3518
f 3490 3517 3511
f 3517 3518 3513
f 3490 3511 3477
f 3517 3513 3511
f 3518 3495 3513
f 3518 3492 3495
f 3519 3521 3520
f 3522 3524 3523
f 3525 3524 3522
f 3520 3521 3526
f 3527 3529 3528
f 3529 3521 3530
f 3526 3532 3531
f 3521 3529 3526
f 3533 3528 3529
f 3533 3523 3528
f 3534 3522 3523
f 3532 3526 3527
f 3529 3527 3526
f 3530 3533 3529
f 3530 3534 3533
f 3534 3523 3533
f 3535 3528 3523
f 3524 3536 3535
f 3524 3535 3523
f 3527 3528 3532
f 3535 3537 3528
f 3535 3536 3537
f 3525 3522 3538
f 3539 3538 3522
f 3494 3540 3496
f 3515 3510 3541
f 3510 3542 3541
f 3542 3510 3516
f 3543 3542 3516
f 3516 3544 3543
f 3516 3496 3544
f 3496 3540 3544
f 3494 3545 3540
f 3545 3494 3512
f 3546 3545 3512
f 3546 3512 3547
f 3548 3546 3547
f 3548 3547 3549
f 3549 3550 3548
f 3550 3551 3548
f 3551 3550 3552
f 3553 3551 3552
f 3552 3554 3553
f 3554 3555 3553
f 3555 3554 3556
f 3557 3555 3558
f 3555 3556 3558
f 3559 3561 3560
f 3562 3559 3560
f 3563 3562 3560
f 3563 3564 3562
f 3564 3565 3562
f 3566 3567 3564
f 3567 3565 3564
f 3567 3566 3568
f 3567 3568 3504
f 3504 3569 3567
f 3504 3482 3569
f 3570 3569 3482
f 3570 3482 3483
f 3571 3570 3483
f 3571 3483 3501
f 3501 3506 3571
f 3506 3572 3571
f 3506 3502 3572
f 3573 3572 3502
f 3573 3502 3505
f 3574 3576 3575
f 3577 3574 3578
f 3577 3576 3574
f 3579 3581 3580
f 3579 3578 3581
f 3579 3577 3578
f 3580 3582 3579
f 3583 3579 3582
f 3583 3582 3584
f 3585 3583 3584
f 3585 3584 3586
f 3587 3585 3586
f 3587 3586 3588
f 3589 3587 3588
f 3589 3588 3590
f 3591 3589 3590
f 3590 3592 3591
f 3593 3591 3594
f 3591 3592 3594
f 3593 3594 3595
f 3595 3596 3593
f 3597 3593 3596
f 3596 3598 3597
f 3598 3596 3599
f 3600 3598 3599
f 3599 3601 3600
f 3602 3600 3601
f 3601 3603 3602
f 3604 3606 3605
f 3605 3607 3604
f 3608 3607 3605
f 3608 3609 3607
f 3610 3609 3608
f 3611 3609 3610
f 3610 3612 3611
f 3613 3611 3612
f 3612 3614 3613
f 3614 3615 3613
f 3616 3613 3615
f 3616 3615 3617
f 3618 3616 3619
f 3617 3619 3616
f 3620 3622 3621
f 3622 3618 3621
f 3622 3616 3618
f 3620 3621 3623
f 3623 3624 3620
f 3624 3625 3620
f 3625 3624 3626
f 3627 3625 3626
f 3626 3628 3627
f 3629 3627 3628
f 3628 3630 3629
f 3631 3629 3630
f 3630 3632 3631
f 3633 3631 3632
f 3632 3634 3633
f 3635 3633 3634
f 3634 3636 3635
f 3637 3635 3636
f 3637 3636 3638
f 3639 3637 3638
f 3639 3638 3640
f 3641 3639 3640
f 3640 3642 3641
f 3643 3641 3642
f 3642 3644 3643
f 3645 3643 3644
f 3644 3646 3645
f 3647 3645 3646
f 3646 3648 3647
f 3576 3647 3649
f 3647 3648 3649
f 3649 3650 3576
f 3650 3575 3576
f 3651 3602 3652
f 3602 3603 3652
f 3653 3652 3654
f 3653 3651 3652
f 3655 3657 3656
f 3657 3658 3656
f 3655 3656 3659
f 3660 3655 3659
f 3660 3659 3661
f 3662 3660 3661
f 3604 3662 3606
f 3662 3663 3606
f 3662 3661 3663
f 3664 3653 3654
f 3474 3666 3665
f 3666 3474 3667
f 3657 3666 3658
f 3666 3667 3658
f 3668 3653 3664
f 3668 3664 3669
f 3669 3670 3668
f 3669 3671 3670
f 3672 3670 3671
f 3672 3671 3673
f 3673 3674 3672
f 3674 3675 3672
f 3676 3675 3677
f 3675 3674 3677
f 3678 3680 3679
f 3681 3679 3682
f 3681 3678 3679
f 3683 3681 3682
f 3677 3684 3676
f 3684 3678 3676
f 3684 3680 3678
f 3468 3683 3682
f 3683 3468 3470
f 3470 3685 3683
f 3470 3471 3685
f 3471 3686 3685
f 3471 3473 3686
f 3473 3687 3686
f 3688 3687 3473
f 3688 3473 3465
f 3465 3689 3688
f 3465 3466 3689
f 3665 3689 3474
f 3689 3466 3474
f 3601 3690 3603
f 3601 3599 3690
f 3691 3690 3599
f 3603 3690 3692
f 3693 3691 3694
f 3690 3696 3695
f 3690 3691 3696
f 3693 3694 3596
f 3697 3698 3693
f 3697 3699 3698
f 3700 3691 3693
f 3700 3698 3701
f 3697 3693 3594
f 3698 3700 3693
f 3700 3696 3691
f 3696 3700 3702
f 3595 3594 3693
f 3596 3694 3599
f 3596 3595 3693
f 3599 3694 3691
f 3695 3692 3690
f 3703 3705 3704
f 3706 3699 3707
f 3708 3710 3709
f 3711 3642 3640
f 3712 3646 3644
f 3713 3638 3714
f 3715 3712 3644
f 3713 3716 3711
f 3716 3715 3711
f 3717 3650 3718
f 3719 3713 3714
f 3704 3717 3718
f 3638 3711 3640
f 3711 3644 3642
f 3712 3648 3646
f 3713 3711 3638
f 3715 3644 3711
f 3704 3648 3712
f 3704 3718 3648
f 3718 3649 3648
f 3718 3650 3649
f 3715 3704 3712
f 3703 3704 3715
f 3720 3713 3719
f 3720 3716 3713
f 3703 3715 3716
f 3705 3717 3704
f 3717 3710 3708
f 3588 3721 3590
f 3592 3697 3594
f 3590 3721 3722
f 3586 3584 3723
f 3584 3582 3723
f 3592 3722 3697
f 3592 3590 3722
f 3588 3586 3721
f 3586 3723 3721
f 3582 3724 3723
f 3721 3723 3725
f 3582 3580 3724
f 3722 3707 3697
f 3722 3721 3707
f 3721 3725 3707
f 3580 3726 3724
f 3697 3707 3699
f 3723 3727 3725
f 3723 3724 3727
f 3707 3725 3706
f 3724 3726 3709
f 3724 3709 3727
f 3725 3727 3706
f 3709 3710 3727
f 3717 3705 3710
f 3716 3720 3703
f 3719 3728 3720
f 3729 3731 3730
f 3731 3733 3732
f 3733 3735 3734
f 3735 3737 3736
f 3737 3739 3738
f 3740 3735 3736
f 3714 3638 3636
f 3741 3719 3714
f 3634 3714 3636
f 3742 3714 3634
f 3742 3741 3714
f 3742 3634 3632
f 3743 3741 3742
f 3630 3742 3632
f 3630 3743 3742
f 3744 3743 3630
f 3738 3739 3743
f 3628 3744 3630
f 3744 3738 3743
f 3626 3744 3628
f 3745 3744 3626
f 3745 3738 3744
f 3624 3746 3626
f 3746 3745 3626
f 3623 3746 3624
f 3746 3623 3747
f 3745 3746 3747
f 3743 3739 3741
f 3741 3728 3719
f 3741 3739 3728
f 3738 3745 3737
f 3747 3737 3745
f 3747 3736 3737
f 3748 3617 3615
f 3614 3748 3615
f 3749 3748 3614
f 3750 3614 3612
f 3750 3749 3614
f 3610 3750 3612
f 3751 3750 3610
f 3608 3751 3610
f 3752 3751 3608
f 3605 3752 3608
f 3605 3753 3752
f 3754 3605 3606
f 3732 3730 3731
f 3751 3753 3732
f 3748 3734 3740
f 3748 3749 3734
f 3750 3732 3749
f 3754 3753 3605
f 3730 3754 3729
f 3730 3732 3753
f 3733 3734 3749
f 3730 3753 3754
f 3732 3733 3749
f 3734 3735 3740
f 3753 3751 3752
f 3732 3750 3751
f 3740 3617 3748
f 3755 3756 3696
f 3757 3759 3758
f 3729 3754 3760
f 3696 3702 3755
f 3761 3757 3762
f 3763 3765 3764
f 3760 3764 3729
f 3699 3761 3698
f 3761 3762 3698
f 3757 3701 3762
f 3701 3698 3762
f 3701 3757 3766
f 3766 3757 3758
f 3758 3759 3767
f 3701 3702 3700
f 3701 3766 3702
f 3755 3768 3756
f 3765 3770 3769
f 3771 3772 3770
f 3769 3767 3765
f 3758 3767 3773
f 3769 3774 3768
f 3775 3772 3771
f 3772 3774 3770
f 3774 3769 3770
f 3772 3775 3776
f 3772 3776 3774
f 3776 3768 3774
f 3773 3769 3768
f 3773 3768 3755
f 3776 3756 3768
f 3755 3702 3773
f 3702 3766 3758
f 3773 3767 3769
f 3773 3702 3758
f 3760 3777 3764
f 3760 3771 3777
f 3763 3764 3777
f 3765 3763 3770
f 3763 3777 3770
f 3759 3765 3767
f 3777 3771 3770
f 3652 3603 3692
f 3778 3779 3696
f 3652 3781 3780
f 3779 3778 3782
f 3692 3781 3652
f 3781 3692 3695
f 3781 3695 3779
f 3779 3695 3696
f 3652 3780 3654
f 3781 3782 3780
f 3781 3779 3782
f 3783 3663 3784
f 3663 3661 3784
f 3783 3606 3663
f 3783 3754 3606
f 3783 3760 3754
f 3775 3786 3785
f 3787 3785 3786
f 3786 3788 3787
f 3789 3788 3786
f 3786 3775 3789
f 3771 3789 3775
f 3788 3789 3784
f 3658 3790 3787
f 3656 3788 3659
f 3656 3787 3788
f 3656 3658 3787
f 3659 3788 3784
f 3787 3790 3785
f 3783 3771 3760
f 3783 3789 3771
f 3783 3784 3789
f 3784 3661 3659
f 3791 3756 3776
f 3776 3792 3791
f 3791 3778 3756
f 3776 3775 3792
f 3778 3696 3756
f 3778 3792 3461
f 3791 3792 3778
f 3793 3667 3462
f 3667 3474 3462
f 3794 3793 3462
f 3794 3462 3461
f 3792 3794 3461
f 3775 3794 3792
f 3775 3785 3794
f 3785 3790 3794
f 3790 3793 3794
f 3790 3667 3793
f 3790 3658 3667
f 3795 3778 3796
f 3795 3797 3778
f 3461 3458 3796
f 3795 3798 3797
f 3458 3461 3457
f 3778 3461 3796
f 3674 3799 3677
f 3798 3795 3800
f 3801 3802 3800
f 3802 3798 3800
f 3782 3803 3780
f 3804 3671 3805
f 3797 3782 3778
f 3803 3797 3805
f 3797 3804 3805
f 3782 3797 3803
f 3806 3804 3797
f 3799 3673 3806
f 3799 3674 3673
f 3677 3799 3801
f 3797 3798 3806
f 3799 3802 3801
f 3799 3806 3802
f 3684 3677 3801
f 3806 3798 3802
f 3800 3680 3801
f 3654 3780 3664
f 3780 3803 3664
f 3664 3805 3669
f 3805 3664 3803
f 3805 3671 3669
f 3804 3673 3671
f 3804 3806 3673
f 3684 3801 3680
f 3710 3731 3727
f 3739 3731 3728
f 3706 3731 3699
f 3731 3703 3720
f 3729 3761 3699
f 3699 3731 3729
f 3705 3731 3710
f 3731 3739 3737
f 3757 3761 3729
f 3735 3733 3737
f 3731 3720 3728
f 3727 3731 3706
f 3731 3705 3703
f 3759 3757 3765
f 3737 3733 3731
f 3757 3729 3764
f 3757 3764 3765
f 3807 3809 3808
f 3809 3810 3808
f 3811 3813 3812
f 3807 3815 3814
f 3678 3681 3816
f 3817 3811 3818
f 3810 3579 3573
f 3807 3808 3815
f 3819 3821 3820
f 3822 3820 3823
f 3816 3824 3678
f 3811 3812 3825
f 3811 3825 3818
f 3817 3818 3826
f 3824 3817 3826
f 3538 3824 3827
f 3828 3807 3814
f 3819 3830 3829
f 3819 3829 3821
f 3822 3819 3820
f 3822 3823 3831
f 3832 3834 3833
f 3832 3835 3834
f 3824 3538 3678
f 3829 3830 3836
f 3676 3678 3538
f 3835 3830 3834
f 3835 3836 3830
f 3827 3824 3826
f 3828 3837 3807
f 3681 3838 3816
f 3681 3683 3838
f 3809 3579 3810
f 3809 3839 3579
f 3839 3577 3579
f 3839 3840 3577
f 3837 3828 3841
f 3842 3844 3843
f 3842 3837 3844
f 3837 3841 3844
f 3840 3842 3845
f 3842 3843 3845
f 3831 3846 3822
f 3813 3847 3812
f 3579 3583 3573
f 3583 3572 3573
f 3676 3538 3539
f 3848 3813 3849
f 3557 3832 3620
f 3850 3672 3675
f 3850 3851 3672
f 3849 3852 3848
f 3813 3848 3847
f 3672 3851 3670
f 3851 3853 3670
f 3853 3668 3670
f 3853 3854 3668
f 3854 3653 3668
f 3833 3620 3832
f 3833 3622 3620
f 3833 3846 3622
f 3541 3576 3845
f 3576 3840 3845
f 3576 3577 3840
f 3850 3675 3539
f 3675 3676 3539
f 3616 3831 3855
f 3616 3846 3831
f 3616 3622 3846
f 3854 3856 3653
f 3856 3857 3653
f 3857 3651 3653
f 3857 3559 3651
f 3559 3602 3651
f 3559 3562 3602
f 3562 3600 3602
f 3849 3838 3852
f 3838 3858 3852
f 3838 3683 3858
f 3620 3625 3557
f 3625 3555 3557
f 3562 3598 3600
f 3562 3565 3598
f 3565 3597 3598
f 3565 3567 3597
f 3567 3593 3597
f 3567 3569 3593
f 3569 3591 3593
f 3569 3570 3591
f 3570 3589 3591
f 3570 3571 3589
f 3571 3587 3589
f 3571 3585 3587
f 3571 3572 3585
f 3572 3583 3585
f 3683 3859 3858
f 3683 3685 3859
f 3685 3686 3859
f 3686 3860 3859
f 3686 3687 3860
f 3687 3861 3860
f 3687 3688 3861
f 3688 3862 3861
f 3688 3689 3862
f 3689 3665 3862
f 3665 3863 3862
f 3665 3666 3863
f 3666 3864 3863
f 3666 3657 3864
f 3657 3865 3864
f 3657 3655 3865
f 3655 3866 3865
f 3639 3540 3545
f 3639 3641 3540
f 3641 3544 3540
f 3641 3643 3544
f 3643 3645 3544
f 3645 3543 3544
f 3645 3647 3543
f 3647 3542 3543
f 3647 3576 3542
f 3576 3541 3542
f 3637 3639 3545
f 3655 3660 3866
f 3660 3867 3866
f 3660 3868 3867
f 3625 3627 3555
f 3627 3553 3555
f 3627 3629 3553
f 3629 3631 3553
f 3631 3551 3553
f 3631 3633 3551
f 3633 3548 3551
f 3633 3635 3548
f 3635 3637 3548
f 3637 3546 3548
f 3637 3545 3546
f 3855 3613 3616
f 3855 3869 3613
f 3869 3611 3613
f 3869 3870 3611
f 3870 3609 3611
f 3870 3871 3609
f 3871 3607 3609
f 3871 3872 3607
f 3872 3604 3607
f 3872 3873 3604
f 3873 3662 3604
f 3873 3868 3662
f 3868 3660 3662
f 3874 3486 3875
f 3875 3486 3876
f 3874 3493 3491
f 3874 3485 3486
f 3479 3874 3490
f 3874 3877 3493
f 3490 3874 3517
f 3874 3489 3485
f 3874 3479 3489
f 3874 3491 3517
f 3877 3874 3878
f 3878 3874 3879
f 3880 3879 3881
f 3879 3874 3881
f 3875 3876 3882
f 3875 3882 3883
f 3875 3883 3884
f 3885 3887 3886
f 3887 3888 3886
f 3886 3888 3889
f 3885 3886 3890
f 3888 3885 3532
f 3888 3887 3885
f 3890 3886 3891
f 3875 3892 3874
f 3893 3875 3884
f 3894 3486 3498
f 3895 3896 3891
f 3897 3899 3898
f 3899 3897 3900
f 3901 3902 3900
f 3900 3889 3899
f 3900 3902 3889
f 3897 3901 3900
f 3902 3886 3889
f 3903 3901 3897
f 3904 3883 3905
f 3904 3905 3906
f 3904 3903 3883
f 3907 3906 3908
f 3907 3904 3906
f 3901 3903 3904
f 3895 3891 3908
f 3906 3895 3908
f 3902 3901 3904
f 3907 3908 3891
f 3902 3907 3886
f 3907 3891 3886
f 3907 3902 3904
f 3486 3909 3876
f 3486 3894 3909
f 3909 3910 3876
f 3896 3895 3909
f 3876 3910 3882
f 3882 3910 3905
f 3910 3909 3895
f 3911 3892 3875
f 3892 3911 3912
f 3893 3911 3875
f 3884 3898 3893
f 3911 3893 3912
f 3913 3898 3884
f 3906 3910 3895
f 3905 3883 3882
f 3913 3897 3898
f 3903 3913 3883
f 3913 3884 3883
f 3906 3905 3910
f 3903 3897 3913
f 3888 3915 3914
f 3888 3532 3915
f 3532 3916 3915
f 3914 3918 3917
f 3537 3916 3532
f 3528 3537 3532
f 3919 3921 3920
f 3922 3924 3923
f 3925 3879 3923
f 3879 3925 3926
f 3878 3926 3920
f 3554 3552 3927
f 3493 3877 3928
f 3877 3878 3929
f 3879 3880 3922
f 3880 3881 3930
f 3881 3874 3931
f 3874 3892 3931
f 3932 3934 3933
f 3932 3935 3934
f 3936 3938 3937
f 3936 3939 3938
f 3940 3941 3939
f 3933 3934 3942
f 3935 3943 3934
f 3935 3937 3943
f 3939 3922 3938
f 3941 3924 3939
f 3937 3938 3943
f 3939 3924 3922
f 3934 3931 3942
f 3934 3943 3931
f 3938 3922 3930
f 3938 3930 3943
f 3942 3931 3892
f 3943 3881 3931
f 3922 3923 3879
f 3921 3878 3920
f 3944 3945 3877
f 3921 3929 3878
f 3945 3928 3877
f 3878 3879 3926
f 3944 3877 3929
f 3928 3509 3493
f 3509 3492 3493
f 3930 3922 3880
f 3943 3930 3881
f 3558 3921 3946
f 3558 3556 3921
f 3552 3550 3927
f 3509 3549 3547
f 3944 3554 3927
f 3944 3921 3554
f 3921 3556 3554
f 3550 3549 3945
f 3547 3512 3509
f 3945 3927 3550
f 3927 3945 3944
f 3549 3928 3945
f 3928 3549 3509
f 3921 3919 3946
f 3944 3929 3921
f 3894 3896 3909
f 3947 3891 3896
f 3891 3947 3948
f 3896 3949 3947
f 3896 3894 3949
f 3948 3947 3563
f 3950 3948 3560
f 3563 3947 3564
f 3560 3948 3563
f 3560 3561 3950
f 3566 3564 3949
f 3498 3568 3894
f 3568 3566 3894
f 3504 3568 3498
f 3890 3948 3950
f 3949 3564 3947
f 3891 3948 3890
f 3894 3566 3949
f 3951 3953 3952
f 3954 3952 3953
f 3561 3954 3955
f 3954 3953 3955
f 3561 3955 3956
f 3950 3561 3956
f 3957 3959 3958
f 3959 3957 3960
f 3961 3960 3957
f 3954 3961 3962
f 3532 3885 3959
f 3959 3885 3890
f 3959 3890 3950
f 3950 3951 3952
f 3950 3956 3951
f 3963 3531 3960
f 3959 3531 3532
f 3959 3960 3531
f 3962 3958 3952
f 3954 3962 3952
f 3959 3950 3952
f 3958 3959 3952
f 3963 3519 3531
f 3964 3966 3965
f 3965 3968 3967
f 3967 3968 3969
f 3968 3971 3970
f 3970 3971 3972
f 3971 3973 3972
f 3973 3974 3972
f 3973 3976 3975
f 3888 3976 3973
f 3973 3889 3888
f 3976 3888 3977
f 3977 3964 3976
f 3965 3976 3964
f 3968 3978 3969
f 3965 3967 3979
f 3976 3965 3979
f 3968 3970 3980
f 3973 3975 3974
f 3975 3980 3974
f 3975 3968 3980
f 3976 3978 3975
f 3979 3978 3976
f 3978 3968 3975
f 3898 3912 3893
f 3898 3899 3912
f 3889 3981 3899
f 3982 3983 3981
f 3981 3912 3899
f 3892 3912 3942
f 3984 3983 3982
f 3983 3984 3985
f 3942 3986 3933
f 3986 3912 3985
f 3912 3986 3942
f 3983 3985 3912
f 3987 3989 3988
f 3971 3988 3989
f 3981 3983 3912
f 3981 3889 3982
f 3889 3973 3989
f 3973 3971 3989
f 3982 3989 3987
f 3989 3982 3889
f 3966 3964 3990
f 3991 3992 3990
f 3993 3995 3994
f 3964 3977 3996
f 3993 3917 3995
f 3917 3997 3995
f 3917 3998 3914
f 3998 3977 3914
f 3914 3977 3888
f 3991 3996 3992
f 3998 3996 3977
f 3998 3999 3996
f 4000 4002 4001
f 3997 4001 3994
f 3999 3917 3993
f 3992 3996 3999
f 3999 3998 3917
f 4003 3999 3993
f 4003 3992 3999
f 4000 3997 4004
f 4001 3997 4000
f 3994 3995 3997
f 4004 3997 3918
f 3997 3917 3918
f 3863 3966 3990
f 3862 3863 3990
f 3862 3990 3992
f 3992 3861 3862
f 3861 3992 4003
f 4003 3860 3861
f 4003 3993 3860
f 3860 3993 3994
f 3859 3860 3994
f 3859 3994 4001
f 3858 3859 4002
f 3859 4001 4002
f 3522 3534 3539
f 3534 3850 3539
f 3850 3534 3530
f 3851 3850 3530
f 3521 3851 3530
f 3853 3851 3521
f 3854 3853 3521
f 3521 3519 3854
f 3865 3988 3971
f 3971 3968 3865
f 3968 3864 3865
f 3864 3968 3965
f 3864 3966 3863
f 3966 3864 3965
f 3856 3854 3519
f 3519 3963 3856
f 3933 3986 3873
f 3986 3868 3873
f 3985 3868 3986
f 3868 3985 3984
f 3867 3868 3984
f 3867 3984 3982
f 3866 3867 3982
f 3982 3987 3866
f 3865 3866 3987
f 3865 3987 3988
f 3961 3857 3960
f 3857 3856 3960
f 3856 3963 3960
f 3961 3954 3857
f 3559 3857 3561
f 3857 3954 3561
f 3869 3855 3939
f 3855 3940 3939
f 3869 3939 3936
f 3936 3870 3869
f 3936 3937 3870
f 3870 3937 3935
f 3871 3870 3935
f 3871 3935 3932
f 3872 3871 3932
f 3873 3872 3933
f 3872 3932 3933
f 3480 3815 3499
f 3815 3808 3499
f 3481 3814 3480
f 3814 3815 3480
f 3828 3814 3481
f 3481 3478 3828
f 3841 3828 3478
f 3844 3841 3478
f 3844 3478 3475
f 3843 3844 3475
f 3843 3475 3476
f 3503 3499 3808
f 3503 3808 3810
f 3843 3476 3507
f 3507 3845 3843
f 3507 3514 3845
f 3920 3836 3919
f 3836 3835 3919
f 3829 3836 3920
f 3920 3926 3829
f 3926 3821 3829
f 3821 3926 3925
f 3820 3821 3923
f 3821 3925 3923
f 3820 3923 3924
f 3823 3820 3924
f 3946 3919 3835
f 3946 3835 3832
f 3823 3924 3941
f 3941 3831 3823
f 3827 3826 3524
f 3826 3536 3524
f 3848 4004 3918
f 3918 3914 3848
f 3914 3847 3848
f 3914 3812 3847
f 3914 3915 3812
f 3915 3825 3812
f 3915 3818 3825
f 3915 3916 3818
f 3916 3537 3818
f 3537 3826 3818
f 3826 3537 3536
f 4000 4004 3852
f 4004 3848 3852
f 3524 3538 3827
f 3538 3524 3525
f 4002 3852 3858
f 4002 4000 3852
f 3845 3514 3515
f 3541 3845 3515
f 3573 3505 3503
f 3503 3810 3573
f 3855 3831 3940
f 3831 3941 3940
f 3557 3558 3946
f 3946 3832 3557
f 4005 4006 3816
f 4006 3824 3816
f 4006 4007 3824
f 4007 3817 3824
f 4007 4008 3817
f 4008 3811 3817
f 4008 4009 3811
f 4009 3813 3811
f 4009 4010 3813
f 4010 3849 3813
f 4010 3838 3849
f 4010 4005 3838
f 4005 3816 3838
f 4011 4012 3807
f 4012 3809 3807
f 4012 3839 3809
f 4012 4013 3839
f 4013 4014 3839
f 4014 3840 3839
f 4014 4015 3840
f 4015 3842 3840
f 4015 3837 3842
f 4015 4016 3837
f 4016 3807 3837
f 4016 4011 3807
f 4017 3819 3822
f 4017 4018 3819
f 4018 3830 3819
f 4018 3834 3830
f 4018 4019 3834
f 4019 3833 3834
f 4019 4020 3833
f 4020 3846 3833
f 4020 4021 3846
f 4021 3822 3846
f 4021 4017 3822
f 3618 4022 4020
f 4022 4021 4020
f 4018 4023 4019
f 4023 3621 4019
f 3621 3618 4020
f 4017 4021 4024
f 4021 4022 4024
f 4020 4019 3621
f 4017 4024 4025
f 4018 4017 4025
f 4023 4018 4026
f 4018 4025 4026
f 4027 4022 3619
f 3619 4022 3618
f 4024 4022 4027
f 4024 4027 4028
f 4025 4024 4028
f 4025 4028 4029
f 4026 4025 4029
f 4030 4026 4029
f 4023 4026 4030
f 4023 4030 3621
f 4011 4016 4031
f 4011 4032 4012
f 4011 4031 4033
f 4016 4015 4034
f 4016 4034 4031
f 3574 4035 4014
f 4011 4033 4032
f 4034 4015 4035
f 4015 4014 4035
f 4032 3578 4012
f 3578 4013 4012
f 3578 4014 4013
f 3578 3574 4014
f 4036 4035 3575
f 3575 4035 3574
f 4034 4035 4036
f 4034 4036 4037
f 4038 4031 4037
f 4031 4034 4037
f 4033 4031 4039
f 4031 4038 4039
f 4040 4033 4039
f 4032 4033 4040
f 4032 4040 3581
f 3578 4032 3581
f 4009 4008 4041
f 4008 4042 4041
f 4010 4009 4043
f 4009 4041 4043
f 3682 4005 4010
f 3682 3679 4005
f 4008 4007 4044
f 4008 4044 4042
f 4043 3682 4010
f 4006 3679 4045
f 4006 4005 3679
f 4045 4007 4006
f 4045 4044 4007
f 4044 4045 4046
f 4044 4046 4047
f 4044 4047 4048
f 4042 4044 4048
f 4042 4048 4049
f 4041 4042 4049
f 4043 4041 4049
f 4043 4049 4050
f 3682 4043 3468
f 3468 4043 3467
f 3467 4043 4050
f 4045 3679 4046
f 3726 3580 4040
f 3580 3581 4040
f 3717 4037 4036
f 3717 3708 4037
f 4037 3708 4038
f 3708 3709 4038
f 4038 3709 4039
f 3709 4040 4039
f 3709 3726 4040
f 3575 3717 4036
f 3717 3575 3650
f 3747 3623 4030
f 3621 4030 3623
f 3740 4028 4027
f 3740 3736 4028
f 4028 3736 4029
f 3736 3747 4029
f 3747 4030 4029
f 3619 3740 4027
f 3740 3619 3617
f 4046 3679 3680
f 3800 4046 3680
f 4050 3458 3467
f 4050 4049 3458
f 4049 3796 3458
f 4049 4048 3796
f 4048 4047 3796
f 4047 3795 3796
f 4047 4046 3795
f 4046 3800 3795
f 3991 4051 3996
f 3990 4051 3991
f 4052 4051 3990
f 4052 3990 3964
f 3964 3996 4052
f 3996 4051 4052
f 3967 4053 3979
f 4054 4053 3969
f 4053 3967 3969
f 3969 3978 4054
f 3978 3979 4053
f 3978 4053 4054
f 3970 4055 3980
f 4056 4055 3970
f 4056 3970 3972
f 3974 4056 3972
f 4055 3974 3980
f 4056 3974 4055
f 3519 4057 3531
f 4058 4057 3519
f 4058 3519 3520
f 3526 4058 3520
f 3526 3531 4058
f 3531 4057 4058
f 3955 4059 3956
f 4060 4059 3955
f 4060 3955 3953
f 4060 3953 3951
f 3951 3956 4060
f 3956 4059 4060
f 3962 4061 3958
f 4061 3962 3961
f 4062 4061 3961
f 3957 4062 3961
f 3957 3958 4061
f 3957 4061 4062
f 4063 4065 4064
f 4063 4066 4065
f 4066 4067 4065
f 4066 4068 4067
f 4068 4069 4067
f 4068 4070 4069
f 4070 4071 4069
f 4070 4072 4071
f 4072 4073 4071
f 4073 4074 4071
f 4073 4075 4074
f 4064 4076 4063
f 4064 4077 4076
f 4077 4078 4076
f 4078 4079 4076
f 4078 4080 4079
f 4080 4081 4079
f 4080 4082 4081
f 4080 4083 4082
f 4083 4084 4082
f 4083 4085 4084
f 4085 4086 4084
f 4085 4075 4086
f 4085 4074 4075
f 4064 4065 4087
f 4065 4088 4087
f 4065 4067 4088
f 4067 4089 4088
f 4067 4069 4089
f 4069 4071 4089
f 4071 4090 4089
f 4071 4074 4090
f 4087 4077 4064
f 4087 4091 4077
f 4091 4078 4077
f 4091 4080 4078
f 4091 4092 4080
f 4092 4083 4080
f 4092 4093 4083
f 4093 4085 4083
f 4093 4090 4085
f 4090 4074 4085
f 4094 4095 4091
f 4096 4094 4087
f 4094 4091 4087
f 4096 4087 4088
f 4097 4098 4090
f 4099 4088 4089
f 4098 4089 4090
f 4099 4096 4088
f 4098 4099 4089
f 4095 4100 4091
f 4100 4092 4091
f 4101 4097 4093
f 4100 4101 4093
f 4097 4090 4093
f 4100 4093 4092
f 4102 4103 4094
f 4094 4096 4102
f 4096 4104 4102
f 4096 4099 4104
f 4099 4105 4104
f 4099 4098 4105
f 4098 4106 4105
f 4098 4097 4106
f 4097 4107 4106
f 4097 4101 4107
f 4101 4100 4107
f 4100 4108 4107
f 4100 4103 4108
f 4100 4095 4103
f 4095 4094 4103
f 4109 4110 4068
f 4110 4070 4068
f 4110 4111 4070
f 4111 4072 4070
f 4084 4113 4112
f 4084 4086 4113
f 4086 4114 4113
f 4086 4075 4114
f 4075 4115 4114
f 4075 4073 4115
f 4073 4111 4115
f 4073 4072 4111
f 4076 4117 4116
f 4076 4079 4117
f 4079 4118 4117
f 4079 4081 4118
f 4081 4119 4118
f 4081 4082 4119
f 4082 4112 4119
f 4082 4084 4112
f 4068 4066 4109
f 4066 4120 4109
f 4066 4121 4120
f 4066 4063 4121
f 4063 4116 4121
f 4063 4076 4116
f 4122 4123 4121
f 4123 4120 4121
f 4123 4109 4120
f 4123 4124 4109
f 4124 4125 4109
f 4125 4110 4109
f 4125 4126 4110
f 4126 4111 4110
f 4126 4115 4111
f 4126 4127 4115
f 4127 4114 4115
f 4121 4116 4122
f 4116 4128 4122
f 4116 4117 4128
f 4117 4118 4128
f 4118 4129 4128
f 4118 4119 4129
f 4119 4130 4129
f 4119 4112 4130
f 4112 4113 4130
f 4113 4131 4130
f 4113 4114 4131
f 4114 4127 4131
f 4131 4127 4132
f 4131 4132 4133
f 4122 4128 4134
f 4128 4135 4134
f 4126 4136 4132
f 4131 4133 4137
f 4122 4134 4138
f 4126 4125 4136
f 4127 4126 4132
f 4128 4129 4135
f 4129 4139 4135
f 4123 4122 4138
f 4124 4123 4140
f 4123 4138 4140
f 4130 4131 4137
f 4130 4137 4141
f 4130 4141 4142
f 4124 4140 4143
f 4136 4125 4144
f 4129 4130 4142
f 4125 4143 4144
f 4125 4124 4143
f 4129 4142 4139
f 4145 4146 4134
f 4146 4138 4134
f 4146 4147 4138
f 4147 4140 4138
f 4147 4148 4140
f 4148 4143 4140
f 4148 4149 4143
f 4149 4144 4143
f 4149 4150 4144
f 4150 4136 4144
f 4150 4151 4136
f 4151 4132 4136
f 4151 4152 4132
f 4134 4135 4145
f 4135 4153 4145
f 4135 4139 4153
f 4139 4154 4153
f 4139 4142 4154
f 4142 4155 4154
f 4142 4141 4155
f 4141 4137 4155
f 4137 4156 4155
f 4137 4157 4156
f 4137 4133 4157
f 4133 4152 4157
f 4133 4132 4152
f 4145 4103 4102
f 4102 4146 4145
f 4106 4157 4152
f 4105 4106 4151
f 4102 4147 4146
f 4104 4148 4147
f 4102 4104 4147
f 4107 4156 4157
f 4106 4152 4151
f 4105 4151 4150
f 4105 4150 4149
f 4103 4145 4153
f 4106 4107 4157
f 4105 4149 4148
f 4104 4105 4148
f 4108 4103 4153
f 4107 4155 4156
f 4108 4153 4154
f 4107 4108 4155
f 4155 4108 4154
f 4158 4160 4159
f 4160 4161 4159
f 4161 4160 4162
f 4163 4161 4162
f 4164 4160 4158
f 4164 4165 4160
f 4165 4162 4160
f 2550 4166 2552
f 2550 4167 4166
f 4168 4166 4167
f 4167 4169 4168
f 4170 4167 4171
f 4172 4167 4173
f 4174 4175 4173
f 4167 4174 4173
f 4167 4176 4171
f 4169 4167 4177
f 4177 4167 4170
f 4167 4172 4176
f 4178 4180 4179
f 4180 4182 4181
f 4179 4183 4178
f 4184 4179 4185
f 4180 4187 4186
f 4180 4178 4188
f 4180 4190 4189
f 4191 4180 4181
f 4189 4193 4192
f 4179 4194 4183
f 4195 4184 4185
f 4189 4192 4196
f 4189 4197 4193
f 4197 4189 4198
f 4180 4199 4182
f 4179 4184 4194
f 4189 4190 4198
f 4180 4191 4200
f 4180 4202 4201
f 4180 4186 4190
f 4189 4196 4203
f 4204 4202 4180
f 4180 4205 4187
f 4180 4201 4199
f 4204 4180 4188
f 4205 4180 4206
f 4180 4200 4206
f 4207 4209 4208
f 4207 4208 4210
f 4210 4208 4211
f 4208 4212 4211
f 4212 4213 4211
f 4214 4213 4212
f 4212 4215 4214
f 4216 4214 4215
f 4217 4216 4215
f 4218 4219 4217
f 4217 4220 4218
f 4218 4220 4221
f 4220 4222 4221
f 4222 4223 4221
f 4223 4222 4224
f 4223 4224 4225
f 4224 4227 4226
f 4226 4225 4224
f 4227 4228 4226
f 4228 4230 4229
f 4231 4229 4232
f 4229 4230 4232
f 4232 4233 4231
f 4232 4234 4233
f 4235 4236 4234
f 4234 4236 4233
f 4228 4227 4230
f 4216 4217 4219
f 4237 2550 4238
f 4239 4241 4240
f 4241 2552 4240
f 2550 2552 4242
f 2552 4243 4242
f 2550 4244 4238
f 2552 4245 4243
f 2552 4246 4245
f 2552 4241 4246
f 2550 4247 4244
f 2550 4242 4247
f 4248 4250 4249
f 4250 4252 4251
f 4253 4250 4254
f 4251 4254 4250
f 4255 4257 4256
f 4256 4257 4258
f 4256 4258 4252
f 4249 4259 4248
f 4260 4249 4250
f 4256 4252 4250
f 4248 4256 4250
f 4248 4261 4256
f 4262 4258 4257
f 4263 4265 4264
f 4266 4268 4267
f 4269 4271 4270
f 4272 4274 4273
f 4275 4254 4251
f 4275 4276 4254
f 4277 4279 4278
f 4279 4277 4275
f 4280 4282 4281
f 4283 4285 4284
f 4285 4281 4284
f 4286 4288 4287
f 4287 4288 4274
f 4288 4273 4274
f 4289 4287 4274
f 4290 4280 4291
f 4292 4290 4291
f 4293 4265 4294
f 4293 4295 4265
f 4292 4293 4296
f 4268 4292 4296
f 4267 4297 4266
f 4267 4298 4288
f 4272 4273 4269
f 4273 4271 4269
f 4297 4290 4266
f 4268 4298 4267
f 4266 4290 4292
f 4288 4271 4273
f 4288 4298 4271
f 4299 4271 4298
f 4271 4299 4270
f 4292 4268 4266
f 4300 4302 4301
f 4302 4303 4301
f 4302 4305 4304
f 4305 4306 4304
f 4300 4307 4302
f 4307 4305 4302
f 4308 4309 4307
f 4309 4310 4307
f 4311 4313 4312
f 4264 4285 4283
f 4314 4311 4312
f 4311 4264 4313
f 4291 4265 4295
f 4313 4264 4283
f 4264 4265 4285
f 4265 4291 4285
f 4315 4314 4309
f 4301 4316 4300
f 4307 4300 4308
f 4317 4314 4312
f 4317 4310 4314
f 4310 4309 4314
f 4264 4311 4263
f 4314 4315 4311
f 4315 4318 4311
f 4263 4319 4294
f 4319 4311 4318
f 4295 4292 4291
f 4295 4293 4292
f 4265 4263 4294
f 4262 4320 4258
f 4262 4321 4320
f 4320 4321 4322
f 4258 4320 4323
f 4324 4306 4305
f 4317 4325 4310
f 4325 4307 4310
f 4325 4305 4307
f 4323 4322 4326
f 4323 4320 4322
f 4287 4275 4277
f 4251 4279 4275
f 4251 4327 4279
f 4258 4323 4327
f 4258 4327 4252
f 4327 4251 4252
f 4275 4328 4276
f 4326 4329 4327
f 4326 4330 4329
f 4279 4331 4278
f 4279 4327 4331
f 4327 4323 4326
f 4331 4327 4329
f 4326 4322 4332
f 4324 4305 4333
f 4305 4325 4333
f 4317 4332 4325
f 4317 4330 4332
f 4317 4334 4330
f 4326 4332 4330
f 4322 4325 4332
f 4322 4321 4325
f 4321 4333 4325
f 4277 4286 4287
f 4277 4278 4286
f 4331 4281 4278
f 4330 4284 4329
f 4330 4334 4284
f 4331 4329 4281
f 4329 4284 4281
f 4278 4297 4286
f 4278 4282 4297
f 4278 4281 4282
f 4328 4287 4289
f 4328 4275 4287
f 4311 4319 4263
f 4309 4308 4315
f 4286 4267 4288
f 4286 4297 4267
f 4282 4290 4297
f 4282 4280 4290
f 4280 4281 4291
f 4281 4285 4291
f 4284 4334 4283
f 4334 4313 4283
f 4334 4317 4313
f 4317 4312 4313
f 4300 4316 4308
f 4335 4337 4336
f 4338 4340 4339
f 4341 4343 4342
f 4344 4346 4345
f 4344 4345 4347
f 4348 4350 4349
f 4351 4353 4352
f 4354 4352 4355
f 4352 4353 4356
f 4354 4355 4357
f 4358 4357 4355
f 4359 4357 4358
f 4358 4356 4360
f 4361 4363 4362
f 4361 4362 4364
f 4362 4366 4365
f 4363 4361 4367
f 4359 4366 4362
f 4364 4362 4365
f 4363 4359 4362
f 4368 4366 4359
f 4368 4369 4366
f 4369 4370 4366
f 4357 4359 4363
f 4358 4368 4359
f 4371 4373 4372
f 4368 4358 4360
f 4360 4374 4368
f 4360 4376 4375
f 4377 4375 4378
f 4379 4381 4380
f 4376 4380 4378
f 4380 4381 4378
f 4374 4369 4368
f 4358 4355 4356
f 4370 4365 4366
f 4374 4360 4375
f 4374 4377 4369
f 4377 4382 4372
f 4374 4375 4377
f 4383 4371 4348
f 4382 4348 4372
f 4370 4369 4373
f 4369 4372 4373
f 4377 4372 4369
f 4377 4378 4384
f 4377 4384 4382
f 4384 4378 4381
f 4378 4375 4376
f 4353 4385 4356
f 4385 4360 4356
f 4360 4385 4376
f 4383 4348 4349
f 4372 4348 4371
f 4382 4350 4348
f 4350 4386 4349
f 4350 4387 4386
f 4388 4390 4389
f 4388 4391 4390
f 4379 4391 4388
f 4379 4380 4391
f 4380 4392 4391
f 4393 4381 4379
f 4394 4393 4395
f 4396 4394 4395
f 4396 4395 4397
f 4395 4340 4397
f 4397 4340 4338
f 4341 4346 4338
f 4346 4397 4338
f 4379 4395 4393
f 4397 4346 4396
f 4395 4388 4340
f 4388 4389 4340
f 4395 4379 4388
f 4380 4336 4392
f 4381 4393 4398
f 4393 4394 4398
f 4396 4344 4394
f 4396 4346 4344
f 4341 4342 4346
f 4350 4398 4399
f 4399 4387 4350
f 4399 4400 4387
f 4384 4350 4382
f 4344 4400 4398
f 4398 4400 4399
f 4400 4347 4387
f 4400 4344 4347
f 4398 4350 4384
f 4345 4346 4342
f 4344 4398 4394
f 4398 4384 4381
f 4401 4403 4402
f 4403 4405 4404
f 4405 4407 4406
f 4408 4405 4403
f 4409 4411 4410
f 4409 4412 4411
f 4411 4412 4404
f 4412 4403 4404
f 4413 4411 4414
f 4411 4406 4414
f 4411 4404 4406
f 4404 4405 4406
f 4414 4406 4415
f 4401 4416 4408
f 4407 4405 4408
f 4408 4416 4407
f 4417 4416 4401
f 4417 4401 4402
f 4418 4407 4416
f 4408 4403 4401
f 4419 4406 4407
f 4419 4415 4406
f 4415 4419 4420
f 4421 4389 4415
f 4389 4414 4415
f 4389 4390 4414
f 4390 4413 4414
f 4413 4390 4391
f 4422 4339 4340
f 4392 4413 4391
f 4421 4340 4389
f 4421 4422 4340
f 4420 4422 4421
f 4420 4423 4422
f 4407 4418 4419
f 4418 4420 4419
f 4423 4339 4422
f 4424 4426 4425
f 4427 4428 4426
f 4427 4403 4428
f 4403 4427 4402
f 4426 4428 4425
f 4428 4403 4412
f 4424 4425 4429
f 4430 4429 4409
f 4431 4351 4352
f 4352 4354 4431
f 4432 4433 4430
f 4429 4430 4434
f 4430 4433 4434
f 4353 4435 4434
f 4431 4435 4351
f 4435 4353 4351
f 4385 4353 4335
f 4434 4435 4436
f 4435 4431 4436
f 4437 4434 4436
f 4337 4433 4432
f 4434 4437 4429
f 4433 4337 4434
f 4336 4432 4392
f 4392 4410 4413
f 4337 4353 4434
f 4337 4335 4353
f 4335 4376 4385
f 4412 4409 4428
f 4409 4432 4430
f 4392 4432 4410
f 4432 4336 4337
f 4336 4376 4335
f 4437 4424 4429
f 4425 4409 4429
f 4425 4428 4409
f 4409 4410 4432
f 4410 4411 4413
f 4420 4421 4415
f 4380 4376 4336
f 4356 4355 4352
f 4438 4440 4439
f 4439 4441 4426
f 4441 4427 4426
f 4440 4441 4439
f 4441 4402 4427
f 4402 4441 4417
f 4441 4440 4417
f 4442 4443 4438
f 4443 4440 4438
f 4443 4444 4440
f 4445 4447 4446
f 4444 4449 4448
f 4444 4417 4440
f 4449 4444 4446
f 4417 4444 4448
f 4447 4449 4446
f 4450 4442 4451
f 4450 4443 4442
f 4444 4450 4446
f 4444 4443 4450
f 4452 4454 4453
f 4455 4456 4447
f 4339 4341 4338
f 4417 4457 4416
f 4457 4417 4448
f 4455 4458 4456
f 4423 4459 4339
f 4459 4460 4339
f 4461 4343 4460
f 4461 4462 4343
f 4341 4460 4343
f 4461 4463 4462
f 4464 4462 4463
f 4465 4467 4466
f 4468 4463 4467
f 4454 4467 4465
f 4467 4454 4468
f 4454 4465 4453
f 4465 4469 4453
f 4468 4454 4464
f 4453 4470 4452
f 4471 4454 4452
f 4471 4452 4472
f 4452 4470 4472
f 4454 4471 4464
f 4463 4468 4464
f 4473 4475 4474
f 4476 4478 4477
f 4479 4481 4480
f 4481 4482 4480
f 4476 4484 4483
f 4473 4486 4485
f 4486 4487 4470
f 4470 4488 4472
f 4470 4453 4486
f 4453 4485 4486
f 4489 4486 4473
f 4486 4483 4487
f 4490 4483 4484
f 4487 4483 4488
f 4483 4490 4488
f 4470 4487 4488
f 4475 4473 4485
f 4476 4491 4484
f 4481 4479 4492
f 4479 4480 4493
f 4492 4479 4493
f 4490 4491 4492
f 4484 4491 4490
f 4449 4495 4494
f 4496 4498 4497
f 4499 4496 4497
f 4500 4489 4473
f 4501 4500 4498
f 4489 4476 4483
f 4495 4496 4494
f 4495 4456 4496
f 4456 4495 4447
f 4495 4449 4447
f 4496 4456 4502
f 4445 4455 4447
f 4502 4456 4503
f 4458 4503 4456
f 4477 4501 4504
f 4500 4501 4478
f 4477 4478 4501
f 4501 4503 4504
f 4482 4481 4505
f 4506 4504 4503
f 4504 4505 4477
f 4505 4481 4477
f 4478 4489 4500
f 4478 4476 4489
f 4416 4507 4418
f 4507 4416 4508
f 4457 4508 4416
f 4448 4494 4457
f 4448 4449 4494
f 4509 4508 4499
f 4508 4494 4499
f 4418 4507 4510
f 4457 4494 4508
f 4510 4512 4511
f 4418 4459 4420
f 4459 4423 4420
f 4339 4460 4341
f 4459 4511 4460
f 4461 4513 4463
f 4513 4511 4512
f 4418 4511 4459
f 4418 4510 4511
f 4467 4463 4513
f 4507 4514 4510
f 4514 4512 4510
f 4511 4513 4460
f 4513 4461 4460
f 4496 4499 4494
f 4474 4497 4498
f 4497 4515 4499
f 4509 4516 4514
f 4516 4466 4514
f 4516 4517 4466
f 4466 4517 4465
f 4517 4469 4465
f 4467 4512 4466
f 4469 4485 4453
f 4469 4475 4485
f 4491 4476 4477
f 4473 4474 4500
f 4474 4475 4497
f 4475 4515 4497
f 4500 4474 4498
f 4509 4514 4507
f 4466 4512 4514
f 4512 4467 4513
f 4502 4498 4496
f 4502 4501 4498
f 4502 4503 4501
f 4481 4491 4477
f 4481 4492 4491
f 4486 4489 4483
f 4469 4515 4475
f 4469 4516 4515
f 4516 4499 4515
f 4516 4509 4499
f 4509 4507 4508
f 4517 4516 4469
f 4518 4520 4519
f 4521 4519 4522
f 4519 4520 4522
f 4522 4523 4521
f 4524 4526 4525
f 4173 4527 4172
f 4528 4530 4529
f 4530 4528 4531
f 4531 4533 4532
f 4534 4536 4535
f 4535 4538 4537
f 4539 4541 4540
f 4542 4544 4543
f 4545 4544 4542
f 4546 4547 4543
f 4548 4549 4546
f 4548 4529 4549
f 4550 4552 4551
f 4550 4553 4552
f 4553 4555 4554
f 4556 4545 4557
f 4556 4558 4545
f 4559 4560 4529
f 4529 4560 4549
f 4547 4546 4561
f 4546 4549 4561
f 4542 4547 4557
f 4547 4562 4557
f 4547 4561 4562
f 4558 4551 4552
f 4558 4563 4551
f 4558 4556 4563
f 4550 4551 4563
f 4553 4550 4564
f 4565 4550 4563
f 4555 4553 4564
f 4563 4175 4565
f 4556 4567 4566
f 4568 4569 4561
f 4569 4562 4561
f 4539 4557 4562
f 4539 4567 4557
f 4175 4556 4566
f 4566 4570 4175
f 4567 4539 4527
f 4569 4571 4541
f 4569 4568 4571
f 4562 4541 4539
f 4562 4569 4541
f 4173 4570 4567
f 4527 4539 4540
f 4541 4571 4572
f 4567 4527 4173
f 4573 4575 4574
f 4576 4573 4577
f 4576 4577 4578
f 4573 4574 4577
f 4575 4526 4574
f 4574 4524 4577
f 4574 4526 4524
f 4577 4524 4578
f 4571 4576 4578
f 4571 4568 4576
f 4568 4549 4576
f 4534 4579 4536
f 4579 4580 4536
f 4581 4582 4537
f 4582 4535 4537
f 4583 4532 4533
f 4531 4532 4530
f 4556 4557 4567
f 4545 4542 4557
f 4542 4543 4547
f 4548 4546 4543
f 4583 4581 4584
f 4581 4537 4584
f 4585 4584 4537
f 4532 4583 4584
f 4530 4559 4529
f 4530 4532 4559
f 4538 4585 4537
f 4534 4535 4586
f 4535 4582 4586
f 4585 4587 4584
f 4585 4538 4588
f 4585 4588 4587
f 4532 4589 4559
f 4575 4588 4526
f 4587 4588 4575
f 4575 4590 4589
f 4590 4559 4589
f 4590 4560 4559
f 4589 4587 4575
f 4532 4584 4589
f 4584 4587 4589
f 4563 4556 4175
f 4566 4567 4570
f 4561 4549 4568
f 4549 4560 4576
f 4560 4590 4576
f 4590 4573 4576
f 4590 4575 4573
f 4591 4593 4592
f 4594 4596 4595
f 4596 4591 4595
f 4591 4592 4595
f 4594 4597 4596
f 4594 4598 4597
f 4598 4599 4597
f 4599 4600 4597
f 4592 4593 4601
f 4602 4601 4593
f 4602 4593 4603
f 4604 4605 4579
f 4606 4605 4604
f 4606 4604 4607
f 4607 4608 4606
f 4609 4608 4610
f 4608 4607 4610
f 4609 4610 4611
f 4611 4612 4609
f 4612 4611 4613
f 4613 4615 4614
f 4616 4614 4615
f 4617 4616 4618
f 4618 4619 4617
f 4618 4620 4619
f 4620 4621 4619
f 4620 4599 4621
f 4622 4623 4619
f 4619 4621 4624
f 4521 4623 4622
f 4623 4521 4625
f 4626 4623 4625
f 4626 4627 4623
f 4627 4619 4623
f 4627 4617 4619
f 4616 4617 4628
f 4617 4627 4628
f 4609 4612 4629
f 4612 4630 4629
f 4612 4613 4630
f 4613 4614 4630
f 4614 4631 4630
f 4614 4628 4631
f 4614 4616 4628
f 4629 4632 4609
f 4608 4609 4633
f 4609 4632 4633
f 4634 4606 4635
f 4606 4608 4635
f 4608 4633 4635
f 4636 4605 4634
f 4605 4606 4634
f 4637 4605 4636
f 4580 4579 4605
f 4605 4637 4580
f 4637 4638 4580
f 4438 4639 4442
f 4442 4639 4451
f 4639 4640 4451
f 4641 4643 4642
f 4643 4644 4642
f 4643 4639 4644
f 4639 4438 4644
f 4641 4646 4645
f 4646 4641 4642
f 4647 4645 4648
f 4645 4646 4648
f 4647 4648 4649
f 4650 4647 4649
f 4651 4650 4652
f 4650 4649 4652
f 4638 4653 4580
f 4638 4651 4653
f 4651 4652 4653
f 4654 4656 4655
f 4657 4659 4658
f 4660 4661 4659
f 4659 4661 4658
f 4654 4662 4656
f 4663 4664 4656
f 4665 4666 4664
f 4657 4667 4659
f 4663 4665 4664
f 4668 4666 4665
f 4666 4670 4669
f 4656 4664 4671
f 4666 4668 4672
f 4662 4659 4663
f 4657 4673 4667
f 4673 4657 4674
f 4675 4657 4658
f 4675 4674 4657
f 4676 4656 4671
f 4664 4669 4677
f 4664 4677 4671
f 4664 4666 4669
f 4666 4672 4670
f 4678 4669 4670
f 4678 4677 4669
f 4668 4665 4667
f 4668 4667 4679
f 4667 4673 4679
f 4663 4659 4665
f 4659 4667 4665
f 4662 4663 4656
f 4676 4655 4656
f 4676 4680 4655
f 4676 4681 4680
f 4682 4683 4681
f 4684 4671 4677
f 4685 4681 4676
f 4685 4682 4681
f 4685 4676 4671
f 4686 4677 4678
f 4684 4685 4671
f 4687 4689 4688
f 4690 4689 4683
f 4690 4691 4689
f 4690 4692 4691
f 4682 4693 4690
f 4684 4693 4682
f 4689 4694 4688
f 4683 4689 4687
f 4682 4690 4683
f 4690 4693 4692
f 4693 4695 4692
f 4693 4686 4695
f 4684 4686 4693
f 4677 4686 4684
f 4682 4685 4684
f 4696 4698 4697
f 4699 4698 4700
f 4700 4698 4701
f 4701 4698 4696
f 4655 4703 4702
f 4703 4698 4704
f 4704 4698 4699
f 4705 4707 4706
f 4698 4708 4697
f 4698 4706 4708
f 4706 4707 4708
f 4709 4711 4710
f 4712 4709 4710
f 4711 4713 4710
f 4714 4705 4706
f 4714 4715 4705
f 4711 4716 4713
f 4711 4717 4716
f 4717 4694 4716
f 4717 4688 4694
f 4688 4717 4687
f 4711 4715 4717
f 4711 4709 4715
f 4709 4712 4715
f 4705 4715 4707
f 4715 4712 4707
f 4655 4698 4703
f 4655 4706 4698
f 4655 4680 4706
f 4680 4714 4706
f 4680 4681 4714
f 4681 4683 4714
f 4683 4715 4714
f 4683 4687 4715
f 4687 4717 4715
f 4598 4594 4718
f 4594 4719 4718
f 4720 4719 4595
f 4719 4594 4595
f 4595 4722 4721
f 4598 4718 4723
f 4598 4723 4724
f 4595 4721 4720
f 4622 4726 4725
f 4727 4725 4728
f 4725 4726 4728
f 4727 4728 4729
f 4722 4727 4729
f 4721 4722 4729
f 4726 4622 4730
f 4731 4730 4622
f 4732 4731 4619
f 4731 4622 4619
f 4732 4619 4624
f 4624 4733 4732
f 4734 4736 4735
f 4736 4737 4735
f 4738 4735 4737
f 4738 4737 4739
f 4740 4738 4739
f 4734 4741 4736
f 4741 4742 4736
f 4738 4740 4743
f 4743 4740 4744
f 4744 4745 4743
f 4745 4746 4743
f 4743 4746 4747
f 4748 4747 4746
f 4741 4749 4742
f 4741 4750 4749
f 4749 4750 4751
f 4751 4750 4752
f 4751 4752 4753
f 4746 4754 4748
f 4752 4755 4753
f 4752 4748 4755
f 4755 4748 4756
f 4748 4754 4756
f 4757 4439 4758
f 4439 4757 4438
f 4758 4439 4426
f 4757 4644 4438
f 4759 4653 4760
f 4757 4760 4642
f 4757 4642 4644
f 4642 4760 4646
f 4760 4648 4646
f 4760 4649 4648
f 4760 4652 4649
f 4760 4653 4652
f 4580 4653 4759
f 4535 4759 4538
f 4536 4580 4759
f 4535 4536 4759
f 4761 4436 4431
f 4761 4762 4436
f 4762 4437 4436
f 4762 4763 4437
f 4763 4424 4437
f 4763 4426 4424
f 4763 4758 4426
f 4764 4363 4367
f 4357 4761 4354
f 4761 4431 4354
f 4765 4767 4766
f 4766 4767 4768
f 4769 4768 4767
f 4766 4770 4765
f 4771 4773 4772
f 4769 4767 4774
f 4767 4771 4774
f 4772 4773 4775
f 4769 4774 4776
f 4774 4771 4777
f 4771 4772 4777
f 4772 4775 4778
f 4779 4780 4764
f 4781 4782 4780
f 4783 4784 4782
f 4775 4773 4785
f 4786 4788 4787
f 4788 4784 4789
f 4790 4791 4773
f 4792 4791 4793
f 4791 4790 4793
f 4791 4792 4794
f 4791 4785 4773
f 4791 4794 4795
f 4796 4798 4797
f 4796 4799 4798
f 4796 4786 4799
f 4794 4796 4797
f 4795 4794 4800
f 4794 4797 4800
f 4235 4801 4236
f 4801 4802 4236
f 4801 4803 4802
f 4801 4804 4803
f 4804 4805 4803
f 4805 4806 4803
f 4805 4807 4806
f 4807 4808 4806
f 4807 4809 4808
f 4809 4810 4808
f 4809 4811 4810
f 4811 4812 4810
f 4811 4813 4812
f 4813 4814 4812
f 4813 4815 4814
f 4815 4816 4814
f 4815 4817 4816
f 4817 4818 4816
f 4817 4819 4818
f 4819 4820 4818
f 4819 4821 4820
f 4822 4820 4821
f 4555 4824 4823
f 4824 4555 4564
f 4825 4827 4826
f 4827 4824 4826
f 4827 4823 4824
f 4828 4830 4829
f 4831 4833 4832
f 4831 4835 4834
f 4831 4834 4833
f 4828 4833 4834
f 4830 4837 4836
f 4830 4828 4837
f 4829 4833 4828
f 4829 4838 4833
f 4838 4832 4833
f 4754 4746 4730
f 4746 4726 4730
f 4746 4745 4726
f 4745 4728 4726
f 4729 4728 4745
f 4745 4744 4729
f 4729 4744 4721
f 4744 4740 4721
f 4720 4721 4740
f 4720 4740 4739
f 4739 4719 4720
f 4739 4737 4719
f 4736 4718 4737
f 4718 4719 4737
f 4622 4519 4521
f 4592 4722 4595
f 4592 4727 4722
f 4592 4519 4727
f 4622 4725 4519
f 4519 4725 4727
f 4748 4840 4839
f 4839 4747 4748
f 4839 4841 4747
f 4743 4841 4842
f 4841 4743 4747
f 4761 4357 4843
f 4763 4843 4758
f 4796 4843 4786
f 4761 4843 4762
f 4758 4844 4525
f 4773 4767 4765
f 4773 4843 4845
f 4843 4790 4845
f 4790 4843 4792
f 4843 4846 4792
f 4843 4794 4846
f 4764 4843 4363
f 4758 4843 4844
f 4843 4788 4786
f 4773 4765 4847
f 4363 4843 4357
f 4758 4538 4759
f 4773 4847 4843
f 4843 4796 4794
f 4758 4588 4538
f 4788 4843 4784
f 4780 4843 4764
f 4758 4526 4588
f 4758 4525 4526
f 4843 4782 4784
f 4843 4763 4762
f 4758 4759 4757
f 4782 4843 4780
f 4760 4757 4759
f 4767 4773 4771
f 4848 4171 4176
f 4525 4844 4849
f 4844 4850 4849
f 4524 4525 4851
f 4851 4578 4524
f 4852 4851 4849
f 4851 4852 4853
f 4853 4578 4851
f 4851 4525 4849
f 4854 4856 4855
f 4578 4853 4571
f 4572 4571 4853
f 4853 4852 4572
f 4857 4858 4572
f 4858 4541 4572
f 4859 4858 4857
f 4540 4541 4858
f 4540 4858 4172
f 4858 4176 4172
f 4172 4527 4540
f 4854 4859 4857
f 4857 4856 4854
f 4857 4860 4856
f 4857 4572 4860
f 4572 4852 4860
f 4861 4863 4862
f 4863 4864 4862
f 4863 4865 4864
f 4865 4866 4864
f 4867 4170 4866
f 4170 4171 4866
f 4171 4864 4866
f 4868 4864 4848
f 4848 4864 4171
f 4869 4868 4854
f 4868 4848 4859
f 4854 4868 4859
f 4858 4859 4176
f 4859 4848 4176
f 4870 4872 4871
f 4861 4872 4873
f 4872 4870 4873
f 4872 4861 4862
f 4844 4871 4850
f 4870 4871 4844
f 4872 4850 4871
f 4870 4844 4843
f 4869 4872 4862
f 4850 4855 4849
f 4872 4869 4855
f 4860 4849 4856
f 4849 4855 4856
f 4869 4854 4855
f 4855 4850 4872
f 4849 4860 4852
f 4862 4868 4869
f 4862 4864 4868
f 4866 4865 4867
f 4591 4874 4593
f 4875 4877 4876
f 4875 4878 4877
f 4878 4879 4877
f 4878 4880 4879
f 4881 4883 4882
f 4882 4884 4881
f 4885 4887 4886
f 4888 4890 4889
f 4891 4890 4892
f 4890 4888 4892
f 4886 4894 4893
f 4894 4891 4893
f 4891 4895 4893
f 4896 4897 4893
f 4885 4886 4897
f 4897 4898 4885
f 4888 4899 4892
f 4899 4900 4892
f 4899 4901 4900
f 4900 4902 4895
f 4902 4896 4895
f 4900 4895 4892
f 4896 4893 4895
f 4903 4897 4896
f 4898 4897 4903
f 4886 4893 4897
f 4904 4903 4896
f 4901 4905 4900
f 4905 4902 4900
f 4896 4902 4904
f 4906 4908 4907
f 4909 4882 4910
f 4882 4883 4910
f 4911 4906 4912
f 4906 4881 4912
f 4906 4913 4881
f 4914 4911 4912
f 4906 4907 4913
f 4914 4915 4911
f 4915 4906 4911
f 4915 4916 4906
f 4916 4908 4906
f 4884 4918 4917
f 4919 4914 4920
f 4921 4923 4922
f 4924 4921 4922
f 4925 4921 4924
f 4925 4926 4921
f 4926 4927 4921
f 4928 4924 4929
f 4930 4927 4926
f 4930 4931 4927
f 4917 4914 4912
f 4917 4920 4914
f 4883 4881 4913
f 4883 4913 4910
f 4918 4920 4917
f 4918 4932 4920
f 4881 4884 4912
f 4884 4917 4912
f 4928 4915 4914
f 4916 4933 4908
f 4925 4920 4932
f 4915 4928 4905
f 4920 4925 4919
f 4932 4930 4925
f 4928 4929 4905
f 4919 4925 4924
f 4928 4919 4924
f 4925 4930 4926
f 4934 4931 4930
f 4935 4934 4930
f 4935 4930 4932
f 4919 4928 4914
f 4936 4938 4937
f 4939 4940 4938
f 4876 4942 4941
f 4876 4943 4942
f 4943 4944 4942
f 4943 4945 4944
f 4940 4937 4938
f 4939 4945 4940
f 4939 4946 4945
f 4946 4944 4945
f 4941 4947 4876
f 4876 4947 4875
f 4948 4949 4910
f 4948 4950 4949
f 4951 4879 4952
f 4879 4876 4877
f 4949 4950 4953
f 4950 4880 4953
f 4950 4952 4880
f 4952 4879 4880
f 4910 4949 4909
f 4949 4953 4909
f 4910 4913 4948
f 4913 4907 4948
f 4954 4956 4955
f 4591 4957 4874
f 4956 4874 4957
f 4874 4958 4593
f 4956 4958 4874
f 4958 4959 4593
f 4960 4962 4961
f 4962 4963 4961
f 4964 4962 4960
f 4959 4965 4593
f 4966 4963 4962
f 4967 4968 4964
f 4968 4962 4964
f 4968 4954 4962
f 4954 4966 4962
f 4965 4968 4967
f 4954 4955 4966
f 4965 4959 4968
f 4959 4958 4968
f 4958 4954 4968
f 4958 4956 4954
f 4969 4971 4970
f 4969 4889 4890
f 4969 4972 4889
f 4960 4961 4973
f 4961 4975 4974
f 4974 4973 4961
f 4967 4976 4965
f 4977 4970 4976
f 4960 4967 4964
f 4978 4974 4979
f 4978 4973 4974
f 4967 4980 4976
f 4981 4967 4960
f 4982 4970 4977
f 4982 4972 4970
f 4983 4978 4979
f 4973 4981 4960
f 4980 4977 4976
f 4982 4889 4972
f 4984 4973 4978
f 4985 4978 4983
f 4981 4980 4967
f 4986 4977 4980
f 4889 4987 4899
f 4889 4982 4987
f 4977 4986 4982
f 4970 4972 4969
f 4980 4981 4988
f 4973 4984 4981
f 4978 4985 4984
f 4985 4983 4937
f 4983 4936 4937
f 4985 4937 4989
f 4937 4940 4989
f 4940 4990 4989
f 4940 4945 4990
f 4965 4603 4593
f 4965 4991 4603
f 4965 4976 4991
f 4976 4971 4991
f 4976 4970 4971
f 4889 4899 4888
f 4980 4988 4992
f 4981 4984 4993
f 4981 4993 4988
f 4986 4992 4994
f 4989 4990 4995
f 4990 4943 4951
f 4943 4879 4951
f 4986 4994 4996
f 4951 4995 4990
f 4997 4989 4995
f 4997 4993 4989
f 4993 4984 4989
f 4998 4987 4996
f 4998 4899 4987
f 4899 4998 4901
f 4988 4993 4999
f 4988 4999 4992
f 4951 4952 5000
f 4996 4994 5001
f 4997 4995 5002
f 4995 5000 5002
f 4995 4951 5000
f 5000 4952 4950
f 4994 4992 5003
f 4992 4999 5003
f 4999 4993 5004
f 4993 4997 5004
f 5001 4994 5003
f 4997 5005 5004
f 4997 5002 5005
f 5002 5006 5005
f 5002 5000 5006
f 5000 4950 5006
f 5003 5004 4933
f 4904 4924 4922
f 4904 4902 4924
f 4902 4929 4924
f 5003 4999 5004
f 5005 5006 4907
f 5006 4948 4907
f 4898 4903 4922
f 4903 4904 4922
f 4902 4905 4929
f 4998 5001 4901
f 5006 4950 4948
f 4996 5001 4998
f 4891 4892 4895
f 4987 4982 4996
f 4982 4986 4996
f 4980 4992 4986
f 4985 4989 4984
f 4945 4943 4990
f 4943 4876 4879
f 4901 4915 4905
f 4901 4916 4915
f 4901 5001 4916
f 5001 4933 4916
f 5001 5003 4933
f 5004 5005 4933
f 5005 4908 4933
f 5005 4907 4908
f 4238 5007 4825
f 4241 4239 4836
f 4825 4237 4238
f 4825 4826 4237
f 4830 4239 4240
f 4830 4836 4239
f 4238 4244 5007
f 4244 4247 5007
f 4247 5008 5007
f 4247 4242 5008
f 4242 5009 5008
f 4242 4243 5009
f 4243 5010 5009
f 4243 5011 5010
f 4243 4245 5011
f 4246 5012 4245
f 4246 4241 5012
f 4241 4836 5012
f 4769 5014 5013
f 4769 5015 5014
f 4776 5015 4769
f 5016 5015 4776
f 5017 5016 4774
f 5016 4776 4774
f 4774 4777 5017
f 5018 5017 4777
f 4777 4772 5018
f 5019 5018 4772
f 5020 4772 4778
f 5020 5019 4772
f 4778 5021 5020
f 5021 4778 4775
f 4775 4259 5021
f 5022 5024 5023
f 5025 5022 5026
f 5027 5029 5028
f 5027 5031 5030
f 5032 5034 5033
f 5035 5036 5033
f 5023 5036 5035
f 5024 5038 5037
f 5024 5039 5036
f 5040 5036 5041
f 5042 5032 5043
f 5044 5032 5042
f 5027 5044 5045
f 5031 5027 5028
f 5046 5029 5027
f 5046 5047 5029
f 5027 5045 5046
f 5032 5030 5034
f 5044 5030 5032
f 5044 5027 5030
f 5048 5024 5037
f 5039 5024 5048
f 5024 5036 5023
f 5032 5049 5043
f 5032 5040 5049
f 5033 5040 5032
f 5033 5036 5040
f 5025 5038 5024
f 5025 5050 5038
f 5036 5051 5041
f 5036 5039 5051
f 5022 5025 5024
f 5052 5054 5053
f 5055 5057 5056
f 5058 5028 5029
f 5029 5047 5059
f 5059 5060 5029
f 5060 5061 5029
f 5062 5064 5063
f 5065 5062 5066
f 5062 5063 5066
f 5067 5069 5068
f 5069 5070 5068
f 5070 5069 5071
f 5071 5072 5070
f 5071 5073 5072
f 5072 5073 5074
f 5074 4887 5072
f 4887 4885 5072
f 4935 5075 4934
f 5075 5050 5025
f 5076 5056 5061
f 5056 5077 5055
f 5056 5057 5061
f 5057 5029 5061
f 5057 5058 5029
f 5078 5077 5056
f 5056 5076 5079
f 5076 5080 5079
f 5078 5082 5081
f 5083 5085 5084
f 5084 5081 5083
f 5084 5053 5054
f 5075 5025 5053
f 5025 5052 5053
f 5025 5026 5052
f 4921 4927 5086
f 5087 5089 5088
f 5089 5086 5088
f 4927 5088 5086
f 5082 5083 5081
f 5088 5091 5090
f 5083 5088 5090
f 5088 4927 5091
f 5086 4923 4921
f 4927 4931 5091
f 5091 4934 5085
f 5091 4931 4934
f 5084 5085 5053
f 4934 5075 5053
f 5053 5085 4934
f 5083 5090 5085
f 5090 5091 5085
f 4898 5072 4885
f 5092 5072 4898
f 5092 5070 5072
f 5065 5093 5062
f 5065 5094 5093
f 5068 5095 5094
f 5068 5070 5095
f 5094 5067 5068
f 5094 5065 5067
f 5070 5089 5095
f 5092 5096 5089
f 5092 4898 5096
f 5056 5097 5078
f 5097 5062 5082
f 5062 5098 5082
f 5062 5093 5098
f 5093 5094 5098
f 5094 5087 5098
f 5094 5095 5087
f 4898 4922 5096
f 5079 5064 5056
f 5064 5097 5056
f 5064 5062 5097
f 5070 5092 5089
f 5078 5097 5082
f 5095 5089 5087
f 4923 5086 5096
f 5086 5089 5096
f 5088 5083 5087
f 5083 5098 5087
f 5083 5082 5098
f 5099 5101 5100
f 5102 5100 5103
f 5104 4784 4783
f 4782 5104 4783
f 5105 5106 4779
f 4764 5105 4779
f 4367 5105 4764
f 4371 4383 5107
f 5107 5108 4371
f 5107 5109 5108
f 5110 5111 5109
f 5111 5110 5112
f 5112 5114 5113
f 4373 4371 5108
f 5115 5116 5111
f 5116 5109 5111
f 5116 5108 5109
f 5116 5117 5108
f 5117 4373 5108
f 4373 5117 4370
f 5117 5116 5118
f 5116 5119 5118
f 5116 5120 5119
f 5117 4365 4370
f 5117 5118 4365
f 5121 5106 5120
f 5106 5119 5120
f 5106 5105 5119
f 5105 5122 5119
f 5122 5105 4367
f 5122 4367 4364
f 4364 4367 4361
f 5101 5103 5100
f 4784 5101 5099
f 4784 5104 5101
f 4782 5123 5104
f 5104 5124 5101
f 5124 5103 5101
f 5125 5126 5114
f 5126 5127 5102
f 5125 5128 5126
f 5126 5128 5127
f 5129 4782 4781
f 5130 5126 5102
f 5129 5123 4782
f 5124 5130 5103
f 5123 5124 5104
f 5130 5102 5103
f 4780 5121 5129
f 5131 5124 5123
f 5131 5130 5124
f 5130 5131 5115
f 4364 4365 5122
f 4365 5118 5122
f 5118 5119 5122
f 5120 5131 5121
f 5113 5115 5112
f 5106 4780 4779
f 5106 5121 4780
f 5121 5131 5123
f 5115 5113 5130
f 4780 5129 4781
f 5121 5123 5129
f 5113 5126 5130
f 5113 5114 5126
f 5115 5111 5112
f 5131 5116 5115
f 5131 5120 5116
f 5132 5134 5133
f 5135 5133 5136
f 5137 5135 5138
f 5139 5141 5140
f 5142 5144 5143
f 5142 5145 5144
f 5146 5142 5147
f 5148 5150 5149
f 5151 5152 5149
f 5128 5125 5153
f 4165 4164 4209
f 5154 4209 4164
f 4821 5154 5155
f 4217 5154 4220
f 5154 4208 4209
f 4222 5154 4224
f 5156 5154 5157
f 5156 5157 5158
f 5154 4235 4234
f 5154 4222 4220
f 5158 5159 5156
f 5158 5161 5160
f 4212 5154 4215
f 4215 5154 4217
f 4227 5154 4230
f 5155 5154 5156
f 5158 5160 5159
f 5154 4801 4235
f 4165 4209 5162
f 5154 4807 4805
f 5154 4811 4809
f 4819 5154 4821
f 4165 5162 5163
f 5154 4232 4230
f 4807 5154 4809
f 4811 5154 4813
f 4813 5154 4815
f 5154 4804 4801
f 4804 5154 4805
f 5154 4817 4815
f 5154 4819 4817
f 5164 4165 5165
f 4165 5163 5165
f 4165 5164 5166
f 5154 4234 4232
f 5166 5167 4165
f 5167 5166 5168
f 4208 5154 4212
f 5154 4227 4224
f 5109 5107 5110
f 4471 4472 5169
f 4472 5170 5169
f 5169 4464 4471
f 5169 5171 4464
f 5171 5172 4464
f 5172 4462 4464
f 5172 4343 4462
f 5172 5173 4343
f 4342 5173 5174
f 4342 4343 5173
f 4345 4342 5174
f 4345 5174 5175
f 4347 4345 5175
f 4347 5175 5176
f 4387 4347 5176
f 4387 5176 5177
f 5177 4386 4387
f 5177 5178 4386
f 5178 4349 4386
f 4349 5178 5179
f 4383 4349 5179
f 5180 4383 5179
f 5107 4383 5180
f 5181 5107 5180
f 5182 5110 5181
f 5110 5107 5181
f 5110 5182 5183
f 4236 5185 5184
f 5184 4233 4236
f 4233 5184 5186
f 4231 4233 5187
f 4233 5186 5187
f 5187 4229 4231
f 5187 5188 4229
f 5188 4228 4229
f 4228 5188 5189
f 5190 4226 5189
f 4226 4228 5189
f 5191 4225 4226
f 5191 4226 5190
f 5191 4223 4225
f 5191 5192 4223
f 4221 4223 5192
f 4221 5192 5193
f 4218 4221 5193
f 4218 5193 5194
f 5195 4210 4211
f 5195 5196 4210
f 5196 4207 4210
f 5195 4211 5197
f 4211 4213 5197
f 4213 5198 5197
f 4213 4214 5198
f 4214 5199 5198
f 4214 4216 5199
f 5200 5199 4216
f 4216 4219 5200
f 4219 5194 5200
f 4219 4218 5194
f 4983 5202 5201
f 4834 5203 4828
f 5204 5206 5205
f 5207 5208 4823
f 5209 4827 4825
f 5007 5008 5210
f 5012 5011 4245
f 4828 5211 4837
f 5212 4836 4837
f 4835 5213 4834
f 4835 5215 5214
f 5215 5217 5216
f 5218 5220 5219
f 5218 5219 5221
f 5222 5221 5223
f 5224 5226 5225
f 5227 4936 5201
f 5228 5229 4975
f 5230 5232 5231
f 5230 5233 5232
f 5234 5232 5235
f 5236 5234 5237
f 5236 5237 5238
f 5236 5238 5239
f 5240 5239 5241
f 5239 5238 5241
f 5242 5240 5243
f 5240 5241 5243
f 5243 4596 5242
f 4596 4597 5242
f 5221 5222 5218
f 5222 5244 5218
f 5245 5247 5246
f 5248 5247 5245
f 5220 5218 5249
f 5218 5217 5249
f 5250 5216 5217
f 5216 5251 5215
f 5251 5214 5215
f 5252 5254 5253
f 5255 5253 5254
f 5256 5254 5257
f 5258 5260 5259
f 5258 5261 5260
f 5261 5248 5260
f 5262 5247 5224
f 5247 5263 5224
f 5247 5248 5263
f 5264 5265 5253
f 5266 5258 5264
f 5267 5263 5248
f 5224 5268 5262
f 5248 5261 5267
f 5258 5269 5261
f 5258 5266 5269
f 5224 5271 5270
f 5224 5263 5271
f 5264 5253 5272
f 5226 5224 5270
f 5263 5267 5271
f 5269 5266 5273
f 5269 5274 5267
f 5222 5226 5270
f 5222 5223 5226
f 5270 5271 5275
f 5273 5266 5213
f 5271 5274 5275
f 5273 5213 5214
f 5266 5272 5276
f 5244 5275 5250
f 5216 5274 5251
f 5244 5250 5218
f 5274 5214 5251
f 5218 5250 5217
f 5214 5213 4835
f 5213 5276 4834
f 5276 5203 4834
f 5203 5211 4828
f 5211 5277 5212
f 5211 5278 5277
f 4837 5211 5212
f 5203 5278 5211
f 5010 5011 5279
f 5012 5212 5011
f 4836 5212 5012
f 5212 5277 5011
f 5277 5279 5011
f 5280 5282 5281
f 5282 5209 5283
f 4823 5284 5280
f 4823 5280 5207
f 5284 5282 5280
f 5282 5285 5281
f 5286 5288 5287
f 5286 5289 5288
f 5288 5257 5252
f 5265 5290 5252
f 5290 5288 5252
f 5285 5289 5286
f 5289 5291 5257
f 5291 5256 5257
f 5291 5292 5256
f 5287 5288 5290
f 5257 5254 5252
f 5209 5210 5293
f 5207 5280 5281
f 5209 5293 5283
f 5007 5210 4825
f 5209 4823 4827
f 5293 5210 5294
f 5210 5008 5294
f 5210 5209 4825
f 5284 4823 5209
f 5284 5209 5282
f 5283 5293 5291
f 5283 5291 5289
f 5293 5292 5291
f 5281 5285 5286
f 5285 5283 5289
f 5293 5294 5292
f 5282 5283 5285
f 5289 5257 5288
f 5271 5267 5274
f 5254 5256 5295
f 5222 5270 5244
f 5270 5275 5244
f 5269 5214 5274
f 5269 5273 5214
f 5254 5295 5255
f 5292 5294 5296
f 5275 5274 5216
f 5266 5276 5213
f 5272 5255 5297
f 5255 5278 5297
f 5255 5295 5278
f 5295 5279 5277
f 5250 5275 5216
f 5276 5272 5297
f 5256 5279 5295
f 5256 5296 5279
f 5010 5279 5296
f 5276 5297 5203
f 5297 5278 5203
f 5295 5277 5278
f 5296 5009 5010
f 5296 5294 5009
f 5294 5008 5009
f 5267 5261 5269
f 5264 5272 5266
f 5253 5255 5272
f 5292 5296 5256
f 5239 5299 5298
f 5239 5300 5299
f 5239 5240 5300
f 5240 5242 5300
f 5242 4600 5300
f 4597 4600 5242
f 5245 5260 5248
f 5227 5201 5247
f 5201 5246 5247
f 5201 5202 5246
f 5202 5301 5246
f 5202 5228 5301
f 5228 5302 5301
f 5228 5303 5302
f 5303 5304 5302
f 5303 5232 5304
f 5232 5305 5304
f 5232 5234 5305
f 5234 5298 5305
f 5234 5236 5298
f 5236 5239 5298
f 5229 5228 5202
f 5231 5232 5303
f 5245 5246 5306
f 5246 5307 5306
f 5246 5301 5307
f 5301 5302 5307
f 5302 5308 5307
f 5302 5304 5308
f 5304 5305 5308
f 5305 5309 5308
f 5305 5298 5309
f 5298 5299 5309
f 5299 5300 5204
f 5300 5206 5204
f 5300 4600 5206
f 5306 5260 5245
f 5260 5306 5259
f 5309 5299 5310
f 5299 5204 5310
f 5258 5311 5264
f 5306 5307 5312
f 5307 5313 5312
f 5307 5308 5313
f 5308 5314 5313
f 5308 5309 5314
f 5309 5310 5314
f 5310 5204 5315
f 5311 5259 5306
f 5311 5258 5259
f 5306 5312 5311
f 5314 5310 5316
f 5310 5315 5316
f 5311 5312 5317
f 5312 5318 5317
f 5312 5313 5318
f 5313 5319 5318
f 5313 5314 5319
f 5314 5316 5319
f 5205 5315 5204
f 5320 5316 5315
f 5265 5264 5311
f 5316 5320 5319
f 5320 5207 5319
f 5311 5317 5265
f 5320 5208 5207
f 5320 5205 5208
f 5205 5320 5315
f 5252 5253 5265
f 5207 5281 5319
f 5281 5286 5319
f 5286 5318 5319
f 5286 5287 5318
f 5287 5317 5318
f 5287 5290 5317
f 5290 5265 5317
f 5247 5262 5227
f 5262 5321 5227
f 5262 5268 5321
f 5235 5237 5234
f 5233 5235 5232
f 4975 5230 5231
f 4975 5231 5303
f 4975 5303 5228
f 5229 4979 4975
f 5229 5202 4979
f 5202 4983 4979
f 4936 4983 5201
f 4938 4936 5227
f 5321 4938 5227
f 5225 5268 5224
f 4957 4591 5243
f 4591 4596 5243
f 4957 5243 5241
f 4956 4957 5241
f 4956 5241 5238
f 5238 4955 4956
f 4955 5238 5237
f 4966 4955 5237
f 4966 5237 5235
f 5235 4963 4966
f 4963 5235 5233
f 5233 5230 4963
f 5230 4961 4963
f 5230 4975 4961
f 4974 4975 4979
f 5321 4939 4938
f 5321 5268 4939
f 5268 4946 4939
f 5268 5225 4946
f 5225 4944 4946
f 5225 5226 4944
f 4942 4944 5223
f 4944 5226 5223
f 5223 5221 4942
f 4941 4942 5221
f 4947 5221 5219
f 4947 4941 5221
f 4947 5219 4875
f 5219 5220 4875
f 4923 5096 4922
f 5182 5323 5322
f 5182 5181 5323
f 5324 5323 5181
f 5180 5324 5181
f 5179 5325 5180
f 5325 5324 5180
f 5326 5325 5178
f 5325 5179 5178
f 5327 5326 5177
f 5326 5178 5177
f 5176 5327 5177
f 5328 5176 5175
f 5328 5327 5176
f 5174 5329 5328
f 5328 5175 5174
f 5330 5329 5174
f 5330 5174 5173
f 5331 5330 5172
f 5330 5173 5172
f 5172 5171 5331
f 5171 5332 5331
f 5332 5171 5169
f 4822 5332 5169
f 4822 5169 5170
f 4207 5196 5333
f 5334 4207 5333
f 5334 5333 5335
f 5336 5334 5335
f 5336 5335 5337
f 5338 5336 5337
f 5338 5337 5339
f 5340 5341 5339
f 5341 5338 5339
f 5342 5341 5340
f 5342 5340 5343
f 5344 5343 5345
f 5344 5342 5343
f 5346 5344 5345
f 5347 5344 5346
f 5348 5347 5346
f 5349 5347 5348
f 5349 5348 5350
f 5351 5349 5350
f 5351 5350 5352
f 5353 5351 5352
f 5353 5352 5354
f 5355 5353 5354
f 4162 5355 4163
f 5355 5354 4163
f 5196 4293 4294
f 5196 5195 4293
f 5195 4296 4293
f 5195 4268 4296
f 5195 5197 4268
f 5197 5198 4268
f 5198 4298 4268
f 5198 4299 4298
f 5198 5199 4299
f 5199 4270 4299
f 5199 5200 4270
f 5200 5356 4270
f 5200 5194 5356
f 5194 5357 5356
f 5357 5194 5193
f 5152 5357 5193
f 5149 5152 5193
f 5193 5192 5149
f 5192 5148 5149
f 5192 5191 5148
f 5191 5146 5148
f 5191 5190 5146
f 5190 5142 5146
f 5190 5189 5142
f 5189 5188 5142
f 5188 5145 5142
f 5187 5145 5188
f 5139 5187 5186
f 5139 5145 5187
f 4752 5358 4748
f 4840 4748 5358
f 5359 5358 4752
f 5360 4840 5358
f 4840 5362 5361
f 4840 5360 5362
f 5360 5363 5362
f 5362 5363 5364
f 5363 5365 5364
f 5365 5366 5364
f 5367 5364 5366
f 5366 5368 5367
f 5369 5368 5370
f 5369 5367 5368
f 5369 5370 5371
f 5370 5372 5371
f 5371 5372 5373
f 5374 5371 5375
f 5371 5373 5375
f 5375 5376 5374
f 5377 5376 5014
f 5377 5374 5376
f 5378 5380 5379
f 5381 5379 5380
f 5381 5380 5382
f 5381 5384 5383
f 5381 5382 5384
f 5379 5385 5378
f 5379 5386 5385
f 5385 5386 5387
f 5385 5387 5388
f 5387 5389 5388
f 5389 5390 5388
f 5389 5391 5390
f 5391 5392 5390
f 5391 5393 5392
f 5392 5393 5394
f 5394 5393 5395
f 5393 5396 5395
f 5396 5397 5395
f 5396 5398 5397
f 4731 4732 4756
f 4732 4755 4756
f 4754 4730 4731
f 4756 4754 4731
f 4732 4753 4755
f 4753 4732 4733
f 4733 4751 4753
f 4733 5399 4751
f 5399 5400 4751
f 5400 4749 4751
f 5400 5401 4749
f 5401 4742 4749
f 5401 4724 4742
f 4724 4723 4742
f 4723 4736 4742
f 4723 4718 4736
f 4624 5399 4733
f 4624 5402 5399
f 5402 5403 5399
f 5399 5403 5400
f 5403 5401 5400
f 4724 5401 4598
f 5401 5403 4598
f 5327 5159 5160
f 5328 5156 5159
f 4821 5332 4822
f 4821 5155 5332
f 5155 5331 5332
f 5155 5156 5331
f 5156 5330 5331
f 5156 5329 5330
f 5156 5328 5329
f 5159 5327 5328
f 5160 5326 5327
f 5160 5161 5326
f 5161 5325 5326
f 5161 5324 5325
f 5161 5158 5324
f 5158 5323 5324
f 5158 5157 5323
f 5322 5323 5157
f 5342 5164 5165
f 5347 5166 5164
f 4165 5167 4162
f 5167 5355 4162
f 5167 5353 5355
f 5167 5168 5353
f 5168 5351 5353
f 5168 5166 5351
f 5166 5349 5351
f 5166 5347 5349
f 5164 5344 5347
f 5164 5342 5344
f 5342 5165 5341
f 5165 5163 5341
f 5163 5338 5341
f 5163 5162 5338
f 5162 5336 5338
f 5162 5334 5336
f 5162 4209 5334
f 4209 4207 5334
f 5404 5406 5405
f 5406 5407 5405
f 5406 5408 5407
f 5408 5409 5407
f 5404 5073 5410
f 5073 5071 5410
f 5411 5069 5067
f 5412 5411 5067
f 5412 5067 5413
f 5067 5065 5413
f 5414 5065 5066
f 5415 5063 5064
f 5416 5418 5417
f 5418 5419 5417
f 5420 5421 5419
f 5066 5063 5422
f 5063 5415 5422
f 5064 5423 5415
f 5064 5424 5423
f 5064 5079 5424
f 5079 5080 5424
f 5422 5414 5066
f 5413 5065 5414
f 5069 5411 5425
f 5071 5425 5410
f 5071 5069 5425
f 5406 5426 5408
f 5426 5427 5408
f 5428 5429 5427
f 5428 5430 5429
f 5430 5431 5429
f 5430 5432 5431
f 5432 5433 5431
f 5428 5427 5426
f 5432 5434 5433
f 5434 5435 5433
f 5434 5421 5435
f 5421 5420 5435
f 5425 5428 5426
f 5412 5430 5428
f 5412 5413 5430
f 5413 5432 5430
f 5421 5423 5419
f 5423 5417 5419
f 5422 5415 5421
f 5415 5423 5421
f 5436 5417 5424
f 5417 5423 5424
f 5421 5434 5422
f 5432 5413 5434
f 5428 5411 5412
f 5428 5425 5411
f 5426 5406 5425
f 5406 5410 5425
f 5406 5404 5410
f 5414 5434 5413
f 5414 5422 5434
f 5437 5439 5438
f 5440 5442 5441
f 5440 5441 5443
f 5444 4891 4894
f 5445 4886 4887
f 5446 5442 5440
f 5447 5442 5444
f 5441 5447 5443
f 5447 5441 5442
f 5438 5439 5445
f 5444 5439 5447
f 5448 5405 5449
f 5449 5405 5407
f 5438 5449 5437
f 5443 5447 5439
f 5439 5437 5443
f 5439 5444 5445
f 4887 5438 5445
f 5073 5448 5074
f 4887 5074 5438
f 5074 5448 5438
f 5405 5448 5404
f 5446 4890 4891
f 5446 4969 4890
f 5446 4891 5442
f 4891 5444 5442
f 5444 4886 5445
f 5444 4894 4886
f 5404 5448 5073
f 5449 5438 5448
f 5450 5051 5039
f 5451 5452 5047
f 5453 5452 5451
f 4673 5453 5454
f 5454 5451 5046
f 5455 5046 5045
f 5451 5047 5046
f 5451 5454 5453
f 5455 5045 5456
f 5045 5044 5457
f 5456 5458 5455
f 5459 5457 5460
f 5461 4672 5462
f 5043 5463 5042
f 5460 5462 5459
f 5461 4670 4672
f 5464 5463 5043
f 5465 5049 5466
f 5467 5468 5466
f 5468 5467 4670
f 5049 5040 5466
f 5466 5040 5469
f 5467 4686 4678
f 5041 5470 5040
f 5469 5467 5466
f 5469 5471 5467
f 5041 5472 5470
f 5450 5473 5472
f 5048 5474 5039
f 5048 5475 5474
f 5048 5037 5475
f 5476 5477 5037
f 5038 5476 5037
f 5478 5477 5476
f 5038 5479 5478
f 5038 5050 5479
f 5480 5481 5479
f 5480 5482 5481
f 5050 5483 5479
f 5483 5480 5479
f 5453 4673 4674
f 5454 4679 4673
f 5458 4679 5454
f 5458 5459 4679
f 5046 5455 5454
f 5455 5458 5454
f 5459 4668 4679
f 5456 5459 5458
f 5462 4668 5459
f 5462 4672 4668
f 5045 5457 5456
f 5457 5459 5456
f 5044 5460 5457
f 5463 5461 5460
f 5464 4670 5461
f 5042 5460 5044
f 5460 5461 5462
f 5463 5464 5461
f 5464 5468 4670
f 5467 4678 4670
f 5042 5463 5460
f 5468 5464 5465
f 5464 5043 5465
f 5471 4686 5467
f 5468 5465 5466
f 5465 5043 5049
f 4686 5471 5473
f 5471 5469 5470
f 5473 4695 4686
f 5040 5470 5469
f 5470 5473 5471
f 5472 5473 5470
f 5484 4695 5473
f 5051 5472 5041
f 5484 4692 4695
f 5450 5484 5473
f 5485 4692 5484
f 5051 5450 5472
f 4691 4692 5485
f 5474 5484 5450
f 5474 5485 5484
f 5039 5474 5450
f 5475 4691 5485
f 5475 5486 4691
f 5487 4691 5486
f 5475 5485 5474
f 5487 4689 4691
f 5477 5487 5486
f 5477 5486 5475
f 5487 5488 4689
f 5037 5477 5475
f 5488 5481 4689
f 5481 4694 4689
f 5477 5488 5487
f 5038 5478 5476
f 5478 5488 5477
f 5478 5481 5488
f 5482 4694 5481
f 5479 5481 5478
f 4694 4713 4716
f 4694 5482 4713
f 5482 5489 4713
f 5482 5480 5489
f 5480 5490 5489
f 5491 5490 5483
f 5490 5480 5483
f 5483 4935 5491
f 5483 5050 4935
f 4935 5050 5075
f 4699 5435 4704
f 5435 4699 5433
f 4699 5431 5433
f 4699 4700 5431
f 5431 4700 5429
f 5436 5416 5417
f 5080 5493 5492
f 5080 5076 5493
f 5076 5061 5493
f 5494 5496 5495
f 5496 5494 5497
f 5492 5498 5080
f 5498 5424 5080
f 5493 5061 5499
f 5424 5498 5436
f 5498 5492 5436
f 5492 5500 5436
f 5492 5493 5500
f 5500 5493 5496
f 5493 5495 5496
f 5493 5499 5495
f 5436 5500 5416
f 5500 5497 5416
f 5500 5496 5497
f 5501 5047 5452
f 5502 5494 5503
f 5494 5495 5503
f 5501 5452 5453
f 5504 5061 5060
f 5504 5499 5061
f 5505 5453 4674
f 4674 5502 5505
f 5503 5505 5502
f 5505 5501 5453
f 5503 5495 5499
f 5047 5501 5059
f 5505 5503 5501
f 5501 5504 5060
f 5059 5501 5060
f 5501 5503 5504
f 5503 5499 5504
f 4659 4662 4660
f 4703 4704 5506
f 5507 5418 5416
f 5494 5508 5497
f 4675 5509 4674
f 5509 5502 4674
f 5509 4661 5510
f 4661 4660 5510
f 4702 4703 5511
f 5512 5511 5513
f 4702 5511 4654
f 4654 4655 4702
f 5512 5508 5514
f 5508 5510 5514
f 5515 5512 5514
f 5515 5511 5512
f 5514 4660 5515
f 5514 5510 4660
f 5494 5510 5508
f 5494 5502 5510
f 5515 4660 4662
f 4654 5515 4662
f 5502 5509 5510
f 5507 5416 5508
f 4654 5511 5515
f 5512 5507 5508
f 5508 5416 5497
f 4704 5435 5420
f 5511 4703 5513
f 5506 4704 5516
f 5420 5517 5516
f 4703 5506 5513
f 5506 5516 5517
f 5517 5507 5506
f 5507 5419 5418
f 5507 5517 5419
f 5517 5420 5419
f 5507 5512 5513
f 4704 5420 5516
f 5506 5507 5513
f 5518 5520 5519
f 4710 4713 5521
f 5491 4935 4932
f 4918 5491 4932
f 4882 5522 4884
f 5520 5518 4710
f 4710 5521 5520
f 5520 5523 5519
f 5491 4918 4884
f 5491 5522 5523
f 5520 5524 5523
f 5524 5491 5523
f 5521 4713 5489
f 5520 5521 5524
f 5490 5524 5489
f 5524 5521 5489
f 5490 5491 5524
f 5491 4884 5522
f 5525 5527 5526
f 5528 5530 5529
f 5531 5533 5532
f 5534 5532 5440
f 5535 5537 5536
f 5538 5440 5443
f 5539 5541 5540
f 5539 5540 5542
f 5543 5540 5541
f 5537 5535 5544
f 5537 5545 5539
f 5541 5531 5543
f 5534 5440 5538
f 5543 5532 5534
f 5540 5543 5534
f 5532 5543 5531
f 5546 5547 5544
f 5546 5530 5547
f 5548 5544 5547
f 5528 5549 5530
f 5549 5547 5530
f 5549 5548 5547
f 5549 5545 5548
f 5550 5549 5528
f 5551 5545 5549
f 5545 5537 5548
f 5537 5544 5548
f 5552 5549 5550
f 5552 5551 5549
f 5551 5541 5545
f 5531 5553 5533
f 5545 5541 5539
f 5553 5531 5552
f 5531 5551 5552
f 5531 5541 5551
f 5554 5556 5555
f 5525 5558 5557
f 5558 5518 5557
f 5558 4710 5518
f 4710 5558 4712
f 5558 5525 5526
f 5526 5527 5559
f 5526 5560 5558
f 5560 4712 5558
f 5561 5546 5555
f 5544 4708 5562
f 5546 5554 5555
f 5546 5559 5554
f 5546 5562 5559
f 5562 5563 5559
f 5562 4707 5563
f 5562 4708 4707
f 5554 5527 5556
f 5554 5559 5527
f 5559 5560 5526
f 5559 5563 5560
f 5563 4707 5560
f 4707 4712 5560
f 5530 5561 5529
f 5530 5546 5561
f 5546 5544 5562
f 5535 4708 5544
f 5535 4697 4708
f 5407 5564 5449
f 5449 5565 5437
f 4700 4701 5566
f 4701 4696 5567
f 4696 4697 5568
f 4697 5535 5569
f 5537 5542 5536
f 5537 5539 5542
f 5538 5540 5534
f 5570 5443 5437
f 5564 5407 5409
f 5567 5566 4701
f 5429 4700 5571
f 5566 5572 5571
f 4700 5566 5571
f 5566 5573 5572
f 5573 5575 5574
f 5573 5574 5572
f 5576 5575 5573
f 5571 5572 5429
f 5572 5427 5429
f 5574 5577 5427
f 5577 5408 5427
f 5574 5427 5572
f 5564 5409 5575
f 5574 5575 5577
f 5575 5409 5577
f 5564 5565 5449
f 5577 5409 5408
f 5540 5578 5542
f 5576 5565 5564
f 5538 5570 5578
f 5570 5565 5578
f 5570 5437 5565
f 5443 5570 5538
f 5536 5579 5569
f 5542 5580 5536
f 5580 5579 5536
f 5536 5569 5535
f 5579 5568 5569
f 5568 4697 5569
f 5576 4696 5568
f 5576 5573 4696
f 5573 5567 4696
f 5542 5578 5580
f 5565 5580 5578
f 5540 5538 5578
f 5576 5579 5580
f 5576 5568 5579
f 5565 5576 5580
f 5564 5575 5576
f 5566 5567 5573
f 5377 5582 5581
f 5583 5584 4259
f 5021 4259 5584
f 5584 5585 5021
f 5585 5020 5021
f 5585 5019 5020
f 5585 5586 5019
f 5018 5586 5587
f 5018 5019 5586
f 5017 5018 5587
f 5016 5017 5588
f 5017 5587 5588
f 5588 5015 5016
f 5588 5582 5015
f 5582 5014 5015
f 5582 5377 5014
f 5589 5591 5590
f 4186 5593 5592
f 5594 5556 5527
f 4953 5522 4909
f 5595 4953 4880
f 4878 5595 4880
f 4842 5595 4878
f 5596 5595 5597
f 5598 5600 5599
f 5601 5603 5602
f 5598 5604 5589
f 5605 5604 5602
f 5605 5589 5604
f 4187 5606 4186
f 5606 5593 4186
f 5593 5590 5592
f 5607 5592 5590
f 5608 5609 5581
f 5609 5377 5581
f 5607 5374 5609
f 5600 5589 5590
f 5600 5598 5589
f 5603 5610 5602
f 5610 5361 5362
f 5362 5602 5610
f 5362 5364 5602
f 5605 5367 5369
f 5591 5371 5374
f 5607 5609 5608
f 5590 5591 5607
f 5591 5374 5607
f 5374 5377 5609
f 5592 5607 5608
f 5611 5613 5612
f 5522 4882 4909
f 5522 5596 5612
f 5522 5595 5596
f 5522 4953 5595
f 5614 5615 5610
f 5616 5617 5614
f 5617 5619 5618
f 5589 5369 5371
f 5589 5605 5369
f 5610 5615 5361
f 5614 5618 5615
f 5614 5617 5618
f 5597 5619 5620
f 5611 5622 5621
f 5620 5617 5622
f 5620 5619 5617
f 5612 5596 5620
f 5620 5611 5612
f 5620 5596 5597
f 5527 5525 5623
f 5624 5623 5525
f 5625 5626 5623
f 5557 5624 5525
f 5557 5518 5627
f 5557 5627 5624
f 5624 5627 5628
f 5522 5612 5523
f 5612 5519 5523
f 5612 5613 5519
f 5629 5631 5630
f 5630 5594 5629
f 5594 5527 5632
f 5629 5633 5631
f 5632 5623 5634
f 5632 5527 5623
f 5635 5637 5636
f 5637 5634 5636
f 5638 5633 5637
f 5639 5633 5638
f 5623 5626 5634
f 5626 5636 5634
f 5640 5639 5638
f 5639 5641 5633
f 5642 5644 5643
f 5645 5646 5644
f 5639 5647 5641
f 5647 5646 5645
f 5644 5642 5645
f 5643 4205 5642
f 5644 5646 5648
f 5649 5647 5639
f 5649 5646 5647
f 4205 5643 4187
f 5643 5644 5650
f 5644 5651 5650
f 5644 5648 5651
f 5652 5653 5650
f 5606 4187 5653
f 5650 5651 5652
f 5654 5651 5655
f 5654 5652 5651
f 5656 5653 5652
f 5656 5599 5653
f 5599 5606 5653
f 5657 5649 5640
f 5649 5655 5648
f 5655 5651 5648
f 5640 5649 5639
f 5649 5648 5646
f 5653 5643 5650
f 5624 5628 5625
f 5625 5628 5658
f 5628 5659 5658
f 5659 5660 5658
f 5659 5628 5621
f 5635 5636 5658
f 5636 5626 5658
f 5624 5625 5623
f 5658 5660 5635
f 5625 5658 5626
f 5519 5627 5518
f 5661 5638 5660
f 5632 5637 5629
f 5660 5638 5635
f 5662 5627 5519
f 5662 5621 5628
f 5622 5617 5616
f 5663 5660 5664
f 5621 5622 5659
f 5635 5638 5637
f 5632 5629 5594
f 5629 5637 5633
f 5637 5632 5634
f 5661 5657 5638
f 5665 5657 5661
f 5652 5654 5656
f 5657 5665 5655
f 5654 5667 5666
f 5654 5604 5656
f 5654 5666 5604
f 5655 5667 5654
f 5655 5665 5667
f 5599 5656 5598
f 5661 5663 5665
f 5665 5668 5667
f 5665 5616 5668
f 5665 5663 5616
f 5667 5603 5601
f 5667 5601 5666
f 5614 5603 5668
f 5668 5603 5667
f 5601 5602 5666
f 5602 5604 5666
f 5656 5604 5598
f 5662 5628 5627
f 5659 5622 5664
f 5622 5616 5664
f 5614 5668 5616
f 5657 5655 5649
f 5599 5600 5606
f 5600 5593 5606
f 5622 5611 5620
f 5621 5613 5611
f 5621 5662 5613
f 5662 5519 5613
f 5643 5653 4187
f 5593 5600 5590
f 5591 5589 5371
f 5605 5364 5367
f 5605 5602 5364
f 5610 5603 5614
f 5663 5664 5616
f 5664 5660 5659
f 5663 5661 5660
f 5657 5640 5638
f 4626 5669 4627
f 4191 4181 5670
f 4969 5671 4971
f 5532 5533 5672
f 4199 5674 5673
f 4182 4199 5675
f 4199 5673 5675
f 5676 5678 5677
f 5679 5680 5678
f 5679 5681 5680
f 5682 5678 5683
f 5682 5679 5678
f 5670 5679 5682
f 5670 5684 5679
f 5685 5683 5686
f 5685 5682 5683
f 5684 4182 5681
f 4182 5675 5681
f 5675 5673 5687
f 5688 5682 5685
f 5688 5670 5682
f 4181 5684 5670
f 4181 4182 5684
f 5689 5688 5685
f 4191 5670 5688
f 5690 4191 5688
f 5690 5688 5689
f 5690 4200 4191
f 5689 5691 5690
f 5692 5694 5693
f 5695 5697 5696
f 5695 5699 5698
f 5695 5700 5699
f 5698 5699 5672
f 5699 5701 5672
f 5699 5702 5701
f 5702 5704 5703
f 5440 5532 5703
f 5705 5706 5694
f 5691 5707 5690
f 5708 5692 5693
f 5693 5694 5686
f 5706 5709 5694
f 5706 5707 5709
f 5710 5705 5694
f 5692 5710 5694
f 5711 5705 5710
f 5705 5696 5706
f 5712 5714 5713
f 5711 5696 5705
f 5715 5714 5712
f 5715 5716 5714
f 5717 5716 5718
f 5715 5719 5716
f 5715 5697 5719
f 5718 5716 5719
f 5697 5720 5719
f 5697 5695 5720
f 5532 5701 5703
f 5532 5672 5701
f 5672 5533 5698
f 5553 5698 5533
f 5719 5722 5721
f 5722 5720 5698
f 5721 5722 5552
f 5722 5553 5552
f 5722 5698 5553
f 4602 5671 5723
f 5709 5707 5691
f 5686 5694 5685
f 5694 5709 5685
f 5708 5724 5692
f 5712 5706 5696
f 5712 5707 5706
f 5712 5713 5707
f 5724 5708 5725
f 5710 5692 5711
f 5692 5726 5711
f 5715 5696 5697
f 5711 5726 5727
f 5696 5715 5712
f 5695 5711 5700
f 5711 5727 5700
f 5727 5728 5700
f 5727 5729 5728
f 5729 5727 5726
f 5695 5696 5711
f 5726 5692 5724
f 5730 5723 5671
f 5730 5731 5723
f 4991 4971 5671
f 5732 5731 5730
f 5733 5730 5671
f 5671 4602 4991
f 4602 4603 4991
f 5733 5671 4969
f 5729 5730 5733
f 5729 5732 5730
f 5725 5732 5724
f 5732 5726 5724
f 5732 5729 5726
f 5728 5704 5702
f 5700 5702 5699
f 5700 5728 5702
f 5703 5704 5733
f 4969 5446 5733
f 5446 5703 5733
f 5440 5703 5446
f 5719 5734 5718
f 5719 5721 5734
f 5719 5720 5722
f 5720 5695 5698
f 5728 5729 5704
f 5729 5733 5704
f 5703 5701 5702
f 5735 4634 4635
f 4635 4633 5735
f 4633 5736 5735
f 5737 5736 4633
f 5687 5736 5737
f 5673 5736 5687
f 5673 5674 5736
f 5674 5735 5736
f 5674 4634 5735
f 5674 4636 4634
f 5674 4637 4636
f 4628 5738 4631
f 4628 4627 5669
f 5738 4628 5669
f 5738 5669 5739
f 5737 4633 4632
f 5737 5740 5687
f 5740 5675 5687
f 4630 5740 4629
f 5681 5675 5740
f 5683 5678 5676
f 5741 4630 5742
f 5683 5676 5708
f 5740 5741 5681
f 5740 4630 5741
f 5686 5683 5708
f 5737 4629 5740
f 5737 4632 4629
f 5739 5669 5677
f 5669 5725 5743
f 5708 5743 5725
f 4631 5742 4630
f 4631 5738 5742
f 5742 5739 5680
f 5742 5738 5739
f 4626 5744 5669
f 5676 5743 5708
f 5678 5739 5677
f 5678 5680 5739
f 5686 5708 5693
f 5742 5681 5741
f 5742 5680 5681
f 5669 5743 5677
f 5669 5744 5725
f 5744 5732 5725
f 5744 5731 5732
f 5684 5681 5679
f 5689 5709 5691
f 5709 5689 5685
f 5676 5677 5743
f 4206 4200 5745
f 4206 5747 5746
f 4206 5745 5747
f 5748 5633 5641
f 5647 5645 5749
f 5528 5529 5750
f 5528 5750 5718
f 5529 5751 5750
f 5552 5550 5721
f 5718 5750 5752
f 5750 5751 5752
f 5751 5753 5752
f 5751 5754 5753
f 5753 5754 5755
f 5718 5734 5528
f 5734 5550 5528
f 5755 5756 5753
f 5756 5717 5753
f 5756 5755 5757
f 5550 5734 5721
f 5717 5718 5752
f 5758 5759 5757
f 5759 5760 5756
f 5717 5760 5714
f 5760 5759 5761
f 5759 5758 5761
f 5717 5714 5716
f 5761 5714 5760
f 5761 5713 5714
f 5762 5713 5761
f 5763 5762 5761
f 4200 5690 5745
f 5645 5642 5764
f 5746 5764 4206
f 5764 5642 4205
f 5747 5749 5746
f 5749 5645 5746
f 5746 5645 5764
f 5707 5745 5690
f 5747 5745 5763
f 5763 5745 5762
f 5745 5707 5762
f 5765 5594 5630
f 5765 5556 5594
f 5748 5631 5633
f 5765 5630 5766
f 5630 5631 5766
f 5631 5748 5767
f 5768 5647 5749
f 5768 5641 5647
f 5555 5556 5765
f 5555 5766 5561
f 5631 5767 5766
f 5769 5748 5770
f 5766 5555 5765
f 5713 5762 5707
f 5761 5758 5763
f 5755 5767 5769
f 5747 5758 5768
f 5747 5763 5758
f 5766 5751 5529
f 5766 5754 5751
f 5561 5766 5529
f 5768 5758 5770
f 5758 5757 5770
f 5757 5769 5770
f 5757 5755 5769
f 5754 5767 5755
f 5754 5766 5767
f 5747 5768 5749
f 5768 5770 5641
f 5770 5748 5641
f 5769 5767 5748
f 5759 5756 5757
f 5760 5717 5756
f 5752 5753 5717
f 4185 5771 4195
f 4185 5772 5771
f 4185 5773 5772
f 4185 4179 5773
f 4179 5775 5774
f 4179 5776 5775
f 4180 5777 5776
f 5777 5778 5776
f 5779 5781 5780
f 5771 5783 5782
f 5771 5772 5783
f 5782 5783 5784
f 5783 5780 5781
f 5785 5780 5786
f 5785 5788 5787
f 5788 5789 5787
f 5140 5790 5139
f 5787 5780 5785
f 5780 5783 5786
f 5790 5789 5791
f 5790 5140 5789
f 5140 5787 5789
f 5779 5141 5137
f 5780 5787 5779
f 5787 5140 5779
f 5140 5141 5779
f 5792 5144 5790
f 5793 5143 5144
f 5143 5793 5794
f 5793 5144 5792
f 5144 5145 5790
f 5792 5790 5791
f 5790 5145 5139
f 5795 5776 5778
f 5796 5795 5778
f 5796 5793 5797
f 5796 5794 5793
f 5775 5798 5774
f 5775 5799 5798
f 5775 5795 5799
f 4179 5774 5773
f 5775 5776 5795
f 5799 5797 5792
f 5772 5786 5783
f 5772 5773 5786
f 5773 5785 5786
f 5773 5788 5785
f 5773 5774 5788
f 5774 5798 5788
f 5795 5797 5799
f 5795 5796 5797
f 5798 5791 5788
f 5798 5799 5791
f 5788 5791 5789
f 5799 5792 5791
f 5797 5793 5792
f 5800 5802 5801
f 5800 5804 5803
f 5014 5804 5013
f 5803 5802 5800
f 5366 5806 5805
f 5807 5809 5808
f 5807 5805 5809
f 5801 5802 5808
f 5802 5807 5808
f 4843 4847 5810
f 4765 4770 5811
f 4766 4768 5801
f 5804 5801 4768
f 4768 4769 5013
f 5812 5814 5813
f 5814 5816 5815
f 5809 5818 5817
f 5808 5809 5817
f 5817 5801 5808
f 4766 5801 5817
f 5800 5801 5804
f 5818 4766 5817
f 5818 4770 4766
f 5819 5810 4847
f 4765 5820 4847
f 4847 5821 5819
f 4847 5820 5821
f 4765 5811 5820
f 5822 5810 5819
f 5823 5810 5822
f 5824 4843 5823
f 5824 4870 4843
f 4843 5810 5823
f 5821 5820 5825
f 5826 5828 5827
f 5827 5829 5826
f 5830 5828 5826
f 5826 4177 5830
f 4177 5831 5830
f 5832 5834 5833
f 5831 4170 4867
f 5835 5831 4867
f 5834 4865 5833
f 5835 4867 4865
f 4863 5832 5833
f 4861 5832 4863
f 5836 5834 5832
f 4873 5837 4861
f 5838 5840 5839
f 5840 5823 5839
f 5824 5837 4873
f 5824 5823 5837
f 5823 5840 5837
f 5836 5832 5837
f 4861 5837 5832
f 5824 4873 4870
f 5841 5842 4831
f 5843 5841 4831
f 5843 5844 5841
f 4831 4832 5843
f 4832 4838 5829
f 5827 5845 5829
f 5845 5846 5844
f 5845 5828 5846
f 5828 5845 5827
f 5844 5829 5845
f 5844 5843 5829
f 5846 5847 5844
f 5847 5841 5844
f 5828 5848 5846
f 5846 5848 5849
f 4177 4170 5831
f 4835 4831 5842
f 4832 5829 5843
f 5828 5850 5848
f 5828 5830 5850
f 5806 5851 5805
f 5806 5852 5851
f 5814 5815 5813
f 5816 5841 5815
f 5830 5831 5850
f 5815 5841 5853
f 5809 5805 5818
f 5805 5851 5818
f 5854 5856 5855
f 5813 5858 5857
f 5813 5815 5858
f 5815 5853 5858
f 5857 5812 5813
f 5857 5856 5812
f 5856 5859 5812
f 5856 5852 5859
f 5856 5854 5852
f 5854 5851 5852
f 5849 5848 5860
f 5850 4865 5834
f 5860 5862 5861
f 5833 4865 4863
f 5861 5862 5838
f 5862 5834 5836
f 5860 5834 5862
f 5858 5853 5849
f 5853 5847 5849
f 5858 5861 5863
f 5858 5849 5861
f 5849 5860 5861
f 5851 5825 5818
f 5854 5855 5825
f 5857 5863 5864
f 5857 5858 5863
f 5840 5838 5836
f 5818 5825 5811
f 5819 5855 5865
f 5820 5811 5825
f 5811 4770 5818
f 5825 5855 5821
f 5863 5838 5839
f 5863 5861 5838
f 5864 5839 5865
f 5864 5863 5839
f 5840 5836 5837
f 5838 5862 5836
f 5864 5856 5857
f 5864 5865 5856
f 5865 5855 5856
f 5825 5851 5854
f 5841 5847 5853
f 5846 5849 5847
f 5848 5834 5860
f 5848 5850 5834
f 5850 5831 4865
f 5831 5835 4865
f 5013 5804 4768
f 5855 5819 5821
f 5865 5822 5819
f 5865 5839 5822
f 5839 5823 5822
f 4878 4875 4842
f 4743 4842 4875
f 4738 4743 4875
f 4875 4735 4738
f 4875 5220 4735
f 5220 5249 4735
f 4734 4735 5249
f 4734 5249 4741
f 5217 5866 5249
f 5805 5368 5366
f 5805 5807 5368
f 5807 5370 5368
f 5807 5372 5370
f 5807 5802 5372
f 5802 5373 5372
f 5373 5802 5375
f 5802 5803 5375
f 5803 5376 5375
f 5803 5804 5376
f 5804 5014 5376
f 5867 5358 5359
f 5365 5363 5868
f 5363 5360 5868
f 5360 5358 5868
f 5359 4752 4750
f 5359 4750 5866
f 5866 4750 4741
f 5249 5866 4741
f 5867 5866 5869
f 5867 5359 5866
f 5866 5217 5215
f 5816 5842 5841
f 5866 5215 5842
f 5842 5215 4835
f 5816 5870 5842
f 5859 5852 5868
f 5852 5806 5868
f 5806 5366 5365
f 5365 5868 5806
f 5358 5867 5868
f 5812 5859 5867
f 5859 5868 5867
f 5867 5869 5871
f 5871 5814 5812
f 5866 5870 5869
f 5867 5871 5812
f 5871 5870 5814
f 5870 5816 5814
f 5866 5842 5870
f 5869 5870 5871
f 4621 5402 4624
f 4621 4599 5402
f 4599 5403 5402
f 4599 4598 5403
f 4543 5872 4548
f 4558 4544 4545
f 5873 5875 5874
f 5875 5877 5876
f 4544 5873 5872
f 5873 5874 5872
f 4544 5872 4543
f 5878 4548 5872
f 5878 5874 5879
f 5874 5876 5879
f 5874 5878 5872
f 5878 5879 4528
f 5878 4529 4548
f 5879 5880 4528
f 5879 5881 5880
f 5882 5881 5876
f 5876 5881 5879
f 4620 5881 4599
f 5881 4600 4599
f 5882 5876 5877
f 5882 4600 5881
f 5874 5875 5876
f 4613 4611 5883
f 5883 5884 4613
f 4620 5880 5881
f 4534 4586 4607
f 4586 4610 4607
f 4613 5884 4615
f 5884 5885 4615
f 5885 4618 4616
f 5886 4611 4610
f 4620 4618 5880
f 5885 4616 4615
f 4607 4604 4534
f 4579 4534 4604
f 5878 4528 4529
f 4531 5887 5884
f 4531 4528 5887
f 5880 5887 4528
f 4618 5887 5880
f 4618 5885 5887
f 5885 5884 5887
f 5886 4582 4583
f 4581 4583 4582
f 5884 5883 4533
f 4531 5884 4533
f 4533 5883 4583
f 5883 5886 4583
f 5886 4586 4582
f 5883 4611 5886
f 4610 4586 5886
f 4554 4555 4823
f 5888 5205 5206
f 4600 5882 5206
f 5882 5888 5206
f 5877 5888 5882
f 5889 4553 4554
f 4554 5208 5205
f 5208 4554 4823
f 4544 4558 4552
f 5889 5890 4553
f 5889 5875 5873
f 5889 5877 5875
f 5890 5889 5873
f 4544 5890 5873
f 4554 5888 5889
f 5205 5888 4554
f 4544 4552 5890
f 4552 4553 5890
f 5877 5889 5888
f 5383 4840 5381
f 5381 5361 5379
f 4840 5361 5381
f 5618 5619 5389
f 5619 5597 5389
f 5597 5391 5389
f 5597 5393 5391
f 5597 5595 5393
f 5595 5396 5393
f 5595 4842 5396
f 4842 5398 5396
f 5615 5386 5361
f 5615 5387 5386
f 5361 5386 5379
f 5615 5389 5387
f 5615 5618 5389
f 5383 5891 4840
f 5891 5892 4840
f 4842 4841 5893
f 5894 4841 4839
f 5894 5893 4841
f 4839 5892 5894
f 4840 5892 4839
f 5893 5895 4842
f 4842 5895 5398
f 5896 5897 5893
f 5897 5895 5893
f 5897 5397 5895
f 5397 5398 5895
f 5894 4518 5893
f 4518 5896 5893
f 5395 5397 4602
f 5397 4601 4602
f 4626 5380 5378
f 5382 5380 4625
f 5380 4626 4625
f 5731 5390 5723
f 4626 5378 5385
f 5744 4626 5388
f 5388 4626 5385
f 5731 5744 5388
f 5731 5388 5390
f 5390 5392 5723
f 5723 5392 5394
f 5394 4602 5723
f 5395 4602 5394
f 4519 5896 4518
f 4519 4592 5896
f 4625 4521 4523
f 4523 5382 4625
f 4592 4601 5896
f 4601 5897 5896
f 4601 5397 5897
f 5384 5382 5383
f 5382 5891 5383
f 5382 4523 5891
f 4523 5892 5891
f 4523 4522 5892
f 4522 4520 5892
f 4520 5894 5892
f 4520 4518 5894
f 5898 5900 5899
f 5900 5901 5899
f 5900 4260 5901
f 5900 4249 4260
f 5900 5583 4249
f 5583 4259 4249
f 5902 4260 4253
f 4260 4250 4253
f 5903 5904 5902
f 5899 5902 5904
f 5899 5901 5902
f 4260 5902 5901
f 5905 5906 4640
f 5907 5905 5908
f 5909 4445 4446
f 5909 5907 5910
f 5909 5905 5907
f 4450 5906 4446
f 4450 4640 5906
f 4640 4450 4451
f 5909 5906 5905
f 5906 5909 4446
f 5909 5910 4445
f 5910 5911 4445
f 5912 5911 5910
f 5913 5915 5914
f 5916 5907 5908
f 5917 5914 5918
f 4506 4503 4458
f 5912 5920 5919
f 5921 5919 5920
f 5911 4455 4445
f 5911 5912 4455
f 5912 5922 4455
f 5912 5919 5922
f 5922 4458 4455
f 5922 5919 5923
f 5924 5921 5925
f 5926 5921 5924
f 5926 5919 5921
f 5927 5926 5928
f 5929 5923 5927
f 5924 5931 5930
f 5932 5933 5927
f 5932 5934 5933
f 5934 5936 5935
f 5934 5932 5936
f 5932 5927 5928
f 5929 5922 5923
f 4458 5922 5929
f 5929 4506 4458
f 5926 5923 5919
f 5933 4506 5929
f 5933 4504 4506
f 5933 4505 4504
f 5937 5939 5938
f 5938 5934 5935
f 5934 5939 5933
f 5939 5934 5938
f 5940 5941 5936
f 5936 5941 5935
f 5941 5943 5942
f 5941 5942 5935
f 5944 5941 5940
f 5945 5946 5944
f 5132 5947 5134
f 5134 5948 5946
f 5947 5948 5134
f 5949 5948 5947
f 5943 5950 5942
f 5950 5937 5942
f 5935 5942 5938
f 5942 5937 5938
f 5940 5936 5930
f 5944 5943 5941
f 4482 5939 5937
f 4482 4505 5939
f 4505 5933 5939
f 4480 4482 5937
f 5951 5952 4480
f 5949 5950 5953
f 5948 5949 5953
f 5949 5952 5950
f 5952 5951 5950
f 5952 4493 4480
f 5914 5915 5954
f 5914 5954 5918
f 5955 5915 5913
f 5956 5957 5915
f 5955 5958 5956
f 5955 5913 5959
f 5960 5961 5918
f 5962 5960 5918
f 5960 5962 5963
f 5964 5965 5956
f 5966 5965 5967
f 5963 5966 5968
f 5969 5963 5970
f 5963 5968 5970
f 5940 5970 5968
f 5970 5930 5931
f 5963 5969 5960
f 5962 5966 5963
f 5954 5915 5957
f 5940 5930 5970
f 5955 5959 5958
f 5913 4195 5959
f 5956 5965 5957
f 5958 5964 5956
f 5958 5782 5964
f 5958 5771 5782
f 5138 5779 5137
f 5138 5781 5779
f 5965 5964 5967
f 5956 5915 5955
f 5959 5771 5958
f 5959 4195 5771
f 5957 5965 5962
f 5965 5966 5962
f 5966 5967 5968
f 5968 5967 5945
f 5945 5972 5971
f 5937 5950 5951
f 5943 5953 5950
f 5944 5948 5943
f 5944 5946 5948
f 5973 5972 5964
f 5974 5975 5972
f 5973 5974 5972
f 5975 5136 5971
f 5136 5134 5971
f 5134 5946 5971
f 5937 5951 4480
f 5943 5948 5953
f 5781 5973 5784
f 5781 5974 5973
f 5136 5138 5135
f 5136 5975 5138
f 5974 5781 5138
f 5134 5136 5133
f 5971 5972 5975
f 5975 5974 5138
f 5784 5783 5781
f 5784 5973 5782
f 5973 5964 5782
f 5972 5967 5964
f 5972 5945 5967
f 5971 5946 5945
f 5945 5944 5968
f 5944 5940 5968
f 5976 5978 5977
f 5908 5977 5916
f 5979 5917 5918
f 5925 5980 5978
f 5907 5916 5910
f 5916 5912 5910
f 5916 5977 5912
f 5977 5920 5912
f 5977 5980 5920
f 5978 5980 5977
f 5980 5921 5920
f 5980 5925 5921
f 5917 5982 5981
f 5978 5976 5925
f 5976 5983 5925
f 5982 5983 5981
f 5957 5962 5954
f 5962 5918 5954
f 5918 5961 5979
f 5925 5983 5984
f 5984 5983 5985
f 5985 5986 5984
f 5984 5987 5925
f 5986 5987 5984
f 5926 5924 5928
f 5986 5985 5988
f 5988 5982 5917
f 5982 5988 5985
f 5986 5988 5960
f 5988 5961 5960
f 5985 5983 5982
f 5983 5976 5981
f 5979 5961 5988
f 5936 5932 5930
f 5931 5987 5986
f 5931 5924 5987
f 5924 5930 5928
f 5930 5932 5928
f 5986 5960 5969
f 5926 5927 5923
f 5924 5925 5987
f 5979 5988 5917
f 5969 5970 5986
f 5929 5927 5933
f 5931 5986 5970
f 5989 5991 5990
f 4775 4785 4259
f 4785 4791 4261
f 4795 4800 5991
f 5989 4255 5991
f 4256 4261 4255
f 4248 4785 4261
f 4248 4259 4785
f 4255 5989 4257
f 4255 4795 5991
f 4255 4791 4795
f 4255 4261 4791
f 5992 5994 5993
f 5100 5996 5995
f 5997 5996 5100
f 5998 6000 5999
f 6001 6003 6002
f 6004 4786 6005
f 5153 6007 6006
f 6003 6009 6008
f 6010 4316 4301
f 4257 5989 6011
f 6012 4800 4797
f 6004 4799 4786
f 6013 6015 6014
f 6010 6016 6008
f 6015 6013 6016
f 6016 6003 6008
f 6016 6017 6003
f 6017 6018 6002
f 6017 6002 6003
f 6019 6018 6017
f 6002 6018 6020
f 6000 6020 6018
f 6003 6001 6009
f 6021 6022 6001
f 6022 6009 6001
f 6020 5998 6021
f 6021 6007 6022
f 6001 6002 6020
f 6023 6025 6024
f 6026 6025 6027
f 6028 6030 6029
f 6031 6026 6027
f 6026 5999 6032
f 6033 5999 6026
f 5999 6033 6034
f 6035 5996 6036
f 4787 6035 6036
f 4787 6036 6005
f 5995 6035 4788
f 6035 4787 4788
f 5998 6020 6000
f 6020 6021 6001
f 6007 6021 5998
f 6033 5996 5997
f 6033 6031 5996
f 6034 6033 5997
f 6034 6037 5998
f 6034 6038 6037
f 5999 6034 5998
f 6034 6039 6038
f 6032 5999 6000
f 5997 6039 6034
f 5998 6006 6007
f 6037 6006 5998
f 6037 6038 6006
f 6006 5128 5153
f 5127 6006 6038
f 5127 5128 6006
f 5997 5100 6039
f 5100 5995 5099
f 4789 4784 5995
f 4784 5099 5995
f 6039 5102 6038
f 5127 6038 5102
f 5102 6039 5100
f 6040 5993 6041
f 5993 5994 6041
f 6040 6042 5993
f 6040 6023 6043
f 6032 6025 6026
f 6041 6023 6040
f 6029 6030 6027
f 6044 6023 6041
f 6044 6029 6023
f 6030 6036 6031
f 6036 5996 6031
f 6029 6025 6023
f 6029 6027 6025
f 6030 6031 6027
f 6044 5994 6045
f 6005 6036 6030
f 6045 6046 6028
f 6045 6028 6044
f 6047 6012 4797
f 5990 4800 6012
f 5991 4800 5990
f 4797 4798 5992
f 5994 5992 4798
f 5992 6047 4797
f 6048 5990 6012
f 6048 5989 5990
f 4799 6046 6045
f 4786 4787 6005
f 6028 6046 6004
f 4799 6004 6046
f 6005 6030 6004
f 6030 6028 6004
f 6049 6051 6050
f 6049 6011 5989
f 6049 6048 6051
f 4799 6045 4798
f 6045 5994 4798
f 5992 6012 6047
f 5992 6048 6012
f 6050 6011 6049
f 6052 6050 6051
f 6050 6053 4262
f 6050 6052 6053
f 6052 6054 6053
f 4257 6011 4262
f 6011 6050 4262
f 6054 6052 6055
f 5993 6051 5992
f 5993 6056 6051
f 5992 6051 6048
f 6053 4324 4321
f 6053 6057 4324
f 6057 4306 4324
f 6057 6058 4306
f 6058 6057 6059
f 6015 4303 6060
f 6016 4301 6015
f 6016 6010 4301
f 6048 6049 5989
f 6053 4321 4262
f 6053 6054 6057
f 4333 4321 4324
f 6058 6061 4304
f 6059 6054 6055
f 6058 6059 6061
f 6055 6052 6056
f 4304 6061 6060
f 6055 6056 6062
f 6055 6062 6059
f 4304 6060 4303
f 6015 6060 6014
f 6061 6059 6024
f 6061 6014 6060
f 6013 6017 6016
f 6024 6059 6043
f 6059 6062 6043
f 6033 6026 6031
f 6062 6056 6042
f 6056 5993 6042
f 6013 6014 6017
f 6061 6019 6014
f 6019 6024 6018
f 6018 6024 6032
f 6014 6019 6017
f 6061 6024 6019
f 6062 6040 6043
f 4306 6058 4304
f 6057 6054 6059
f 6051 6056 6052
f 5994 6044 6041
f 6028 6029 6044
f 6035 5995 5996
f 4788 4789 5995
f 4301 4303 6015
f 4302 4304 4303
f 6042 6040 6062
f 6043 6023 6024
f 6025 6032 6024
f 6032 6000 6018
f 6063 6065 6064
f 6066 6068 6067
f 4253 4276 5902
f 4253 4254 4276
f 4270 5356 4269
f 5356 5357 6063
f 5357 6065 6063
f 6065 5357 5152
f 6069 5899 5904
f 6069 5898 5899
f 6067 6068 6070
f 6071 6068 6066
f 6072 6070 6068
f 6072 6074 6073
f 6070 6072 6073
f 6075 6074 6072
f 6073 6076 6070
f 6076 6077 6070
f 6070 6078 6067
f 4203 6078 6077
f 6079 6076 6080
f 6076 6079 4203
f 6081 6083 6082
f 6084 6086 6085
f 6087 6082 6088
f 6089 6086 6090
f 6091 6082 6087
f 6089 6090 6092
f 6093 6095 6094
f 6096 5150 5148
f 6097 6090 6084
f 6098 6090 6097
f 6099 6100 6097
f 6100 6098 6097
f 6099 6096 5148
f 6099 5148 5146
f 5147 6100 6099
f 6098 6101 6092
f 5146 5147 6099
f 6098 6100 6101
f 6102 6080 6095
f 6103 6079 6102
f 6103 4203 6079
f 6095 6104 6102
f 6079 6080 6102
f 6070 6077 6078
f 6077 6076 4203
f 6102 6104 6103
f 6104 4189 6103
f 6076 6073 6091
f 5777 6106 6105
f 4189 6106 5777
f 6107 6093 6108
f 6093 6106 6104
f 6093 6105 6106
f 6107 5778 6105
f 6108 6101 6100
f 6093 6094 6101
f 6094 6092 6101
f 6108 5796 6107
f 5147 5143 5794
f 6092 6094 6109
f 5147 5794 6100
f 5147 5142 5143
f 4189 6104 6106
f 6105 6093 6107
f 6104 6095 6093
f 6095 6080 6094
f 5794 5796 6100
f 5796 5778 6107
f 5778 5777 6105
f 4272 4269 6110
f 6110 6112 6111
f 6112 6110 6063
f 6111 6114 6113
f 6083 6088 6082
f 6115 6088 6083
f 6086 6115 6083
f 6116 6086 6083
f 6117 6083 6081
f 6114 6112 6118
f 6064 6118 6112
f 6064 6119 6118
f 6113 6114 6117
f 6114 6116 6083
f 6119 6085 6086
f 6084 6090 6086
f 6085 5150 6084
f 5150 6097 6084
f 6114 6083 6117
f 4269 6063 6110
f 5151 6065 5152
f 6119 5151 6085
f 5151 5150 6085
f 5150 6096 6097
f 5150 5151 5149
f 6119 6064 5151
f 6064 6065 5151
f 6096 6099 6097
f 4328 4289 6120
f 5903 4276 6121
f 4328 6120 4276
f 6122 4272 6123
f 6122 4274 4272
f 5356 6063 4269
f 4274 6122 4289
f 6124 6125 6120
f 6120 6123 6124
f 6120 6122 6123
f 5902 4276 5903
f 6126 5903 6121
f 6125 6124 6127
f 6127 6121 6125
f 6126 6128 5904
f 5898 6069 6071
f 6069 6068 6071
f 6069 6128 6068
f 6128 6075 6068
f 6128 6129 6075
f 6069 5904 6128
f 6128 6126 6129
f 6121 6127 6126
f 6123 4272 6130
f 6113 6124 6123
f 6131 6127 6124
f 6131 6132 6127
f 6124 6113 6131
f 4272 6110 6130
f 6114 6118 6116
f 6118 6086 6116
f 6113 6123 6130
f 6131 6133 6132
f 6113 6117 6131
f 4289 6122 6120
f 6125 4276 6120
f 6125 6121 4276
f 5903 6126 5904
f 6132 6074 6129
f 6132 6134 6074
f 6108 6093 6101
f 6076 6091 6087
f 6127 6129 6126
f 6127 6132 6129
f 6131 6117 6133
f 6081 6134 6133
f 6098 6092 6090
f 6092 6109 6089
f 6109 6087 6089
f 6087 6088 6089
f 6134 6081 6082
f 6117 6081 6133
f 6132 6133 6134
f 6068 6075 6072
f 6129 6074 6075
f 6067 6078 6066
f 6111 6112 6114
f 6063 6064 6112
f 6086 6118 6119
f 6113 6130 6111
f 6130 6110 6111
f 6108 6100 5796
f 6094 6080 6109
f 6080 6087 6109
f 6080 6076 6087
f 6073 6082 6091
f 6073 6134 6082
f 6073 6074 6134
f 6088 6115 6089
f 6115 6086 6089
f 4236 4802 5185
f 4802 6135 5185
f 4802 6136 6135
f 4802 4803 6136
f 6137 6136 4803
f 6137 4803 4806
f 6138 4806 4808
f 6138 6137 4806
f 6139 4808 4810
f 6139 6138 4808
f 6140 6139 4812
f 6139 4810 4812
f 4812 6141 6140
f 4812 4814 6141
f 6142 6141 4814
f 6142 4814 4816
f 6143 6142 4816
f 6144 6143 4818
f 6143 4816 4818
f 5170 6144 4820
f 6144 4818 4820
f 5170 4820 4822
f 5139 5186 5184
f 5184 5141 5139
f 5141 5184 5185
f 5185 5137 5141
f 5185 6135 5137
f 6135 6136 5137
f 6136 5135 5137
f 6136 6137 5135
f 6137 5133 5135
f 6137 6138 5133
f 6138 5132 5133
f 6138 5947 5132
f 6138 6139 5947
f 6139 5949 5947
f 6139 6140 5949
f 6140 5952 5949
f 6140 6141 5952
f 6141 6142 5952
f 6142 4493 5952
f 6142 4492 4493
f 6142 6143 4492
f 6143 4490 4492
f 6143 6144 4490
f 6144 4488 4490
f 6144 5170 4488
f 5170 4472 4488
f 5343 5340 6010
f 5340 4316 6010
f 5340 5339 4316
f 5339 4308 4316
f 5339 5337 4308
f 5337 4315 4308
f 5337 4318 4315
f 5337 5335 4318
f 5335 5333 4318
f 5333 4319 4318
f 5333 4294 4319
f 5333 5196 4294
f 5183 6145 5110
f 6145 5112 5110
f 6010 6008 5343
f 6008 5345 5343
f 6008 6009 5345
f 5346 5345 6009
f 6009 6022 5346
f 6022 5348 5346
f 6022 5350 5348
f 6022 6007 5350
f 6007 5153 5350
f 5153 5352 5350
f 5153 5125 5352
f 5125 5354 5352
f 5125 5114 5354
f 5114 4163 5354
f 5114 4161 4163
f 5114 5112 4161
f 5112 4159 4161
f 5112 6145 4159
f 4205 4206 5764
f 5582 4190 5581
f 5592 4190 4186
f 5592 5608 4190
f 5608 5581 4190
f 5674 4199 4201
f 4637 5674 4201
f 4197 4198 5588
f 4193 5585 5584
f 4193 4197 5585
f 4197 5586 5585
f 4197 5587 5586
f 4197 5588 5587
f 4198 5582 5588
f 4198 4190 5582
f 4201 4638 4637
f 4201 4202 4638
f 4204 4188 4641
f 4202 4651 4638
f 4202 4645 4650
f 4202 4204 4645
f 4204 4641 4645
f 4641 4188 4643
f 4188 4640 4643
f 4651 4202 4650
f 4650 4645 4647
f 4643 4640 4639
f 4192 4193 5583
f 5583 5900 4192
f 5900 5898 4192
f 5583 4193 5584
f 4196 4192 5898
f 4640 4188 5905
f 4188 4178 5905
f 4196 6071 6066
f 4203 6066 6078
f 4196 5898 6071
f 4180 4189 5777
f 4189 4203 6103
f 4203 4196 6066
f 5905 5977 5908
f 5976 4194 5981
f 4184 5914 5917
f 4183 5976 5977
f 4194 5917 5981
f 5914 4184 5913
f 4184 4195 5913
f 4178 5977 5905
f 4178 4183 5977
f 4183 4194 5976
f 4194 4184 5917
f 4179 4180 5776
f 6146 6148 6147
f 6149 6147 6148
f 6150 6149 6151
f 6149 6148 6151
f 6150 6151 6152
f 6153 6150 6152
f 6154 6153 6152
f 6154 6152 6155
f 6155 6156 6154
f 6155 6157 6156
f 6158 6156 6157
f 6157 6159 6158
f 6159 6160 6158
f 6159 6161 6160
f 6162 6160 6161
f 6161 6163 6162
f 6163 6164 6162
f 6164 6165 6162
f 6166 6165 6164
f 6164 6167 6166
f 6168 6166 6169
f 6166 6167 6169
f 6170 6168 6169
f 6171 6170 6172
f 6170 6169 6172
f 6173 6171 6172
f 6173 6174 6171
f 6175 6174 6176
f 6174 6173 6176
f 6177 6175 6178
f 6175 6176 6178
f 6177 6178 6179
f 6180 6177 6179
f 6179 6181 6180
f 6182 6180 6181
f 6181 6183 6182
f 6184 6182 6185
f 6182 6183 6185
f 6186 6184 6187
f 6184 6185 6187
f 6188 6186 6189
f 6186 6187 6189
f 6190 6188 6191
f 6188 6189 6191
f 6147 6190 6146
f 6190 6191 6146
f 6192 6180 6182
f 6192 6193 6180
f 6193 6177 6180
f 6194 6186 6188
f 6194 6195 6186
f 6195 6184 6186
f 6195 6182 6184
f 6195 6192 6182
f 6193 6196 6177
f 6196 6175 6177
f 6196 6197 6175
f 6197 6174 6175
f 6197 6171 6174
f 6197 6198 6171
f 6199 6200 6147
f 6200 6190 6147
f 6200 6194 6190
f 6194 6188 6190
f 6201 6202 6153
f 6202 6150 6153
f 6202 6149 6150
f 6202 6199 6149
f 6199 6147 6149
f 6203 6156 6158
f 6203 6201 6156
f 6201 6154 6156
f 6201 6153 6154
f 6204 6205 6165
f 6205 6162 6165
f 6205 6160 6162
f 6205 6203 6160
f 6203 6158 6160
f 6198 6170 6171
f 6198 6168 6170
f 6198 6204 6168
f 6204 6166 6168
f 6204 6165 6166
f 6206 6207 6203
f 6207 6201 6203
f 6207 6208 6201
f 6208 6202 6201
f 6208 6209 6202
f 6209 6199 6202
f 6209 6210 6199
f 6210 6200 6199
f 6210 6211 6200
f 6211 6194 6200
f 6211 6212 6194
f 6212 6195 6194
f 6212 6213 6195
f 6213 6192 6195
f 6213 6214 6192
f 6214 6193 6192
f 6214 6215 6193
f 6215 6196 6193
f 6215 6216 6196
f 6216 6197 6196
f 6216 6217 6197
f 6217 6198 6197
f 6217 6218 6198
f 6218 6204 6198
f 6218 6219 6204
f 6219 6205 6204
f 6219 6206 6205
f 6206 6203 6205
f 6219 6207 6206
f 6218 6207 6219
f 6217 6207 6218
f 6207 6217 6216
f 6215 6207 6216
f 6214 6207 6215
f 6213 6207 6214
f 6207 6213 6212
f 6207 6212 6211
f 6210 6207 6211
f 6207 6210 6209
f 6207 6209 6208
f 6172 6169 5028
f 5031 5028 6169
f 6169 6167 5031
f 5030 5031 6167
f 5030 6167 6164
f 5034 5030 6163
f 5030 6164 6163
f 6163 6161 5034
f 5033 5034 6161
f 6161 6159 5033
f 5035 5033 6157
f 5033 6159 6157
f 5035 6157 6155
f 6155 5023 5035
f 5023 6155 6152
f 6152 5022 5023
f 5022 6152 6151
f 6151 5026 5022
f 5026 6151 6148
f 6172 5028 5058
f 5058 6173 6172
f 5058 5057 6173
f 5057 6176 6173
f 5057 6178 6176
f 5057 5055 6178
f 5055 6179 6178
f 5055 5077 6179
f 6179 5077 6181
f 5077 5078 6181
f 5078 6183 6181
f 5078 5081 6183
f 5081 6185 6183
f 5081 6187 6185
f 5081 5084 6187
f 5084 6189 6187
f 5084 5054 6189
f 5054 6191 6189
f 5054 5052 6191
f 5052 6146 6191
f 5052 5026 6146
f 5026 6148 6146
f 4826 2550 4237
f 4167 4826 4824
f 4167 2550 4826
f 4824 4564 4167
f 4564 4174 4167
f 4570 4173 4175
f 4175 4174 4565
f 4174 4550 4565
f 4174 4564 4550
f 4166 4830 2552
f 4830 4240 2552
f 4166 4829 4830
f 4166 4838 4829
f 4166 4168 4838
f 4168 5829 4838
f 4168 4169 5829
f 4169 5826 5829
f 4169 4177 5826
f 4159 6145 4158
f 6145 4164 4158
f 5322 5157 5182
f 5157 5183 5182
f 5157 5154 5183
f 6145 5183 4164
f 5183 5154 4164
f 6220 4661 6221
f 4658 4661 6220
f 6222 4675 4658
f 6220 6222 4658
f 6222 6223 4675
f 6223 5509 4675
f 4661 5509 6221
f 5509 6223 6221
f 6223 6222 6221
f 6220 6221 6222
f 6224 6226 6225
f 6224 6228 6227
f 6224 6227 6229
f 6224 6229 6226
f 6230 6232 6231
f 6232 6233 6231
f 6233 6232 6234
f 6232 6235 6234
f 6232 6236 6235
f 6236 6232 6230
f 6230 6231 6226
f 6231 6225 6226
f 6231 6233 6225
f 6233 6224 6225
f 6233 6234 6224
f 6234 6228 6224
f 6234 6227 6228
f 6234 6235 6227
f 6235 6236 6227
f 6236 6229 6227
f 6236 6226 6229
f 6236 6230 6226
f 6237 6239 6238
f 6240 6237 6241
f 6237 6240 6239
f 6242 6244 6243
f 6243 6244 6245
f 6245 6244 6246
f 6244 6247 6246
f 6247 6244 6242
f 6242 6238 6239
f 6242 6243 6238
f 6243 6237 6238
f 6243 6245 6237
f 6245 6241 6237
f 6245 6246 6241
f 6246 6240 6241
f 6246 6247 6240
f 6247 6239 6240
f 6247 6242 6239
f 6248 6250 6249
f 6251 6250 6248
f 6252 6250 6251
f 6253 6255 6254
f 6255 6253 6256
f 6253 6257 6256
f 6257 6253 6258
f 6258 6253 6259
f 6259 6253 6254
f 6254 6255 6248
f 6255 6251 6248
f 6255 6256 6251
f 6256 6252 6251
f 6256 6250 6252
f 6256 6257 6250
f 6257 6258 6250
f 6258 6249 6250
f 6258 6259 6249
f 6259 6254 6249
f 6254 6248 6249
f 6260 6262 6261
f 6262 6260 6263
f 6261 6262 6264
f 6265 6267 6266
f 6266 6267 6268
f 6268 6267 6269
f 6269 6267 6270
f 6270 6267 6265
f 6265 6266 6261
f 6266 6260 6261
f 6266 6268 6260
f 6268 6263 6260
f 6268 6269 6263
f 6269 6262 6263
f 6269 6270 6262
f 6270 6264 6262
f 6270 6265 6264
f 6265 6261 6264
f 6271 6273 6272
f 6274 6271 6272
f 6271 6274 6275
f 6276 6278 6277
f 6278 6279 6277
f 6279 6278 6280
f 6280 6278 6281
f 6281 6278 6276
f 6276 6277 6271
f 6277 6273 6271
f 6277 6279 6273
f 6279 6272 6273
f 6279 6280 6272
f 6280 6274 6272
f 6280 6281 6274
f 6281 6275 6274
f 6281 6276 6275
f 6276 6271 6275
f 6282 6284 6283
f 6285 6282 6283
f 6286 6282 6285
f 6282 6287 6284
f 6288 6290 6289
f 6290 6291 6289
f 6291 6290 6292
f 6290 6293 6292
f 6293 6290 6288
f 6288 6289 6284
f 6289 6283 6284
f 6289 6291 6283
f 6291 6285 6283
f 6291 6286 6285
f 6291 6292 6286
f 6292 6282 6286
f 6292 6293 6282
f 6293 6287 6282
f 6293 6288 6287
f 6288 6284 6287
f 6294 6296 6295
f 6294 6295 6297
f 6298 6294 6297
f 6299 6301 6300
f 6300 6301 6302
f 6301 6303 6302
f 6303 6301 6304
f 6304 6301 6299
f 6299 6295 6296
f 6299 6300 6295
f 6300 6297 6295
f 6300 6302 6297
f 6302 6298 6297
f 6302 6303 6298
f 6303 6294 6298
f 6303 6304 6294
f 6304 6296 6294
f 6304 6299 6296
f 6305 6307 6306
f 6307 6305 6308
f 6307 6308 6309
f 6310 6307 6309
f 6311 6313 6312
f 6312 6313 6314
f 6313 6315 6314
f 6313 6316 6315
f 6316 6313 6317
f 6313 6311 6317
f 6311 6305 6306
f 6311 6312 6305
f 6312 6314 6305
f 6314 6308 6305
f 6314 6309 6308
f 6314 6315 6309
f 6315 6316 6309
f 6316 6310 6309
f 6316 6317 6310
f 6317 6307 6310
f 6317 6311 6307
f 6311 6306 6307
f 6318 6320 6319
f 6321 6318 6319
f 6322 6318 6321
f 6318 6323 6320
f 6324 6326 6325
f 6326 6327 6325
f 6327 6326 6328
f 6326 6329 6328
f 6329 6326 6324
f 6324 6325 6320
f 6325 6319 6320
f 6325 6327 6319
f 6327 6321 6319
f 6327 6322 6321
f 6327 6328 6322
f 6328 6318 6322
f 6328 6329 6318
f 6329 6323 6318
f 6329 6324 6323
f 6324 6320 6323
f 6330 6332 6331
f 6330 6331 6333
f 6334 6330 6333
f 6332 6330 6335
f 6336 6338 6337
f 6338 6339 6337
f 6339 6338 6340
f 6338 6341 6340
f 6341 6338 6342
f 6342 6338 6336
f 6336 6331 6332
f 6336 6333 6331
f 6336 6337 6333
f 6337 6339 6333
f 6339 6334 6333
f 6339 6340 6334
f 6340 6330 6334
f 6340 6341 6330
f 6341 6335 6330
f 6341 6332 6335
f 6341 6342 6332
f 6342 6336 6332
f 6343 6345 6344
f 6343 6344 6346
f 6343 6346 6347
f 6345 6343 6348
f 6349 6351 6350
f 6350 6351 6352
f 6352 6351 6353
f 6353 6351 6354
f 6354 6351 6355
f 6355 6351 6349
f 6349 6344 6345
f 6349 6346 6344
f 6349 6350 6346
f 6350 6352 6346
f 6352 6347 6346
f 6352 6353 6347
f 6353 6343 6347
f 6353 6354 6343
f 6354 6348 6343
f 6354 6345 6348
f 6354 6355 6345
f 6355 6349 6345
f 6356 6358 6357
f 6359 6358 6356
f 6360 6358 6359
f 6358 6360 6361
f 6362 6364 6363
f 6364 6362 6365
f 6362 6366 6365
f 6366 6362 6367
f 6367 6362 6368
f 6368 6362 6363
f 6363 6364 6356
f 6364 6359 6356
f 6364 6365 6359
f 6365 6360 6359
f 6365 6361 6360
f 6365 6366 6361
f 6366 6358 6361
f 6366 6367 6358
f 6367 6368 6358
f 6368 6357 6358
f 6368 6363 6357
f 6363 6356 6357
f 6369 6371 6370
f 6369 6370 6372
f 6369 6372 6373
f 6374 6376 6375
f 6374 6378 6377
f 6374 6377 6376
f 6375 6376 6371
f 6376 6370 6371
f 6376 6377 6370
f 6377 6372 6370
f 6377 6378 6372
f 6378 6373 6372
f 6378 6369 6373
f 6378 6374 6369
f 6374 6371 6369
f 6374 6375 6371
f 6379 6381 6380
f 6381 6379 6382
f 6383 6381 6384
f 6381 6382 6384
f 6381 6383 6385
f 6386 6381 6387
f 6381 6385 6387
f 6381 6386 6388
f 6389 6381 6390
f 6381 6388 6390
f 6381 6389 6391
f 6392 6381 6391
f 6381 6392 6393
f 6381 6393 6394
f 6395 6381 6394
f 6396 6381 6395
f 6381 6396 6397
f 6381 6397 6398
f 6399 6381 6398
f 6400 6381 6399
f 6381 6400 6401
f 6381 6401 6402
f 6403 6381 6404
f 6381 6402 6404
f 6381 6403 6405
f 6381 6405 6406
f 6381 6406 6407
f 6381 6407 6408
f 6381 6410 6409
f 6411 6381 6412
f 6381 6409 6412
f 6381 6411 6413
f 6381 6413 6414
f 6415 6381 6416
f 6381 6414 6416
f 6381 6415 6417
f 6418 6381 6417
f 6381 6418 6419
f 6381 6419 6420
f 6421 6381 6420
f 6422 6381 6421
f 6381 6422 6423
f 6381 6423 6424
f 6425 6381 6424
f 6381 6425 6426
f 6381 6426 6427
f 6381 6427 6428
f 6429 6381 6430
f 6381 6428 6430
f 6381 6429 6431
f 6381 6431 6432
f 6433 6381 6434
f 6381 6432 6434
f 6381 6433 6380
f 6435 6437 6436
f 6438 6440 6439
f 6438 6435 6441
f 6438 6439 6435
f 6439 6437 6435
f 6442 6443 6440
f 6442 6441 6444
f 6438 6441 6440
f 6441 6442 6440
f 6442 6444 6443
f 6444 6445 6443
f 6443 6445 6446
f 6446 6444 6447
f 6446 6445 6444
f 6448 6447 6444
f 6447 6449 6446
f 6447 6448 6449
f 6448 6450 6449
f 6451 6452 6448
f 6450 6453 6449
f 6450 6448 6453
f 6448 6452 6453
f 6452 6451 6453
f 6451 6454 6453
f 6455 6451 6456
f 6454 6457 6453
f 6454 6451 6457
f 6451 6455 6457
f 6458 6459 6456
f 6455 6460 6457
f 6455 6456 6460
f 6456 6459 6460
f 6459 6458 6460
f 6458 6461 6460
f 6458 6462 6461
f 6461 6462 6460
f 6462 6463 6460
f 6463 6464 6460
f 6463 6462 6464
f 6462 6465 6464
f 6462 6466 6465
f 6467 6468 6466
f 6466 6464 6465
f 6466 6468 6464
f 6469 6471 6470
f 6464 6468 6470
f 6468 6467 6470
f 6467 6469 6470
f 6467 6471 6469
f 6467 6472 6471
f 6467 6473 6472
f 6473 6471 6472
f 6473 6474 6471
f 6474 6475 6471
f 6475 6477 6476
f 6475 6473 6477
f 6475 6474 6473
f 6476 6473 6478
f 6476 6477 6473
f 6478 6473 6479
f 6478 6479 6476
f 6479 6480 6476
f 6480 6481 6476
f 6480 6479 6481
f 6479 6482 6481
f 6479 6483 6482
f 6482 6484 6481
f 6482 6483 6484
f 6483 6485 6484
f 6485 6486 6484
f 6485 6483 6486
f 6483 6487 6486
f 6483 6488 6487
f 6489 6490 6488
f 6487 6488 6486
f 6488 6490 6486
f 6490 6489 6486
f 6489 6491 6486
f 6489 6492 6491
f 6489 6493 6492
f 6493 6494 6492
f 6493 6495 6494
f 6493 6496 6495
f 6496 6494 6495
f 6496 6497 6494
f 6497 6498 6494
f 6498 6496 6499
f 6498 6497 6496
f 6500 6499 6496
f 6499 6500 6498
f 6500 6501 6498
f 6498 6501 6502
f 6501 6500 6502
f 6500 6503 6502
f 6500 6504 6503
f 6503 6504 6502
f 6504 6505 6502
f 6505 6506 6502
f 6505 6504 6506
f 6504 6507 6506
f 6504 6508 6507
f 6507 6508 6506
f 6508 6509 6506
f 6508 6510 6509
f 6509 6511 6506
f 6509 6510 6511
f 6510 6512 6511
f 6510 6513 6512
f 6513 6511 6512
f 6513 6514 6511
f 6514 6515 6511
f 6515 6517 6516
f 6515 6514 6517
f 6514 6513 6517
f 6518 6516 6517
f 6516 6518 6515
f 6518 6519 6515
f 6515 6519 6520
f 6519 6518 6520
f 6518 6521 6520
f 6518 6522 6521
f 6521 6522 6520
f 6522 6523 6520
f 6524 6526 6525
f 6520 6523 6524
f 6523 6522 6524
f 6522 6526 6524
f 6522 6527 6526
f 6527 6525 6526
f 6527 6528 6525
f 6528 6529 6525
f 6528 6527 6529
f 6527 6530 6529
f 6527 6531 6530
f 6529 6533 6532
f 6530 6531 6529
f 6531 6533 6529
f 6531 6534 6533
f 6534 6532 6533
f 6534 6535 6532
f 6535 6536 6532
f 6535 6534 6536
f 6534 6537 6536
f 6534 6538 6537
f 6538 6536 6537
f 6538 6539 6536
f 6539 6540 6536
f 6539 6538 6540
f 6538 6541 6540
f 6541 6538 6542
f 6540 6541 6543
f 6541 6542 6543
f 6542 6544 6543
f 6544 6542 6545
f 6546 6547 6543
f 6544 6545 6543
f 6545 6546 6543
f 6548 6546 6545
f 6549 6547 6550
f 6547 6548 6550
f 6547 6546 6548
f 6549 6550 6551
f 6500 6419 6504
f 6491 6394 6486
f 6382 6379 6439
f 6379 6437 6439
f 6384 6382 6439
f 6384 6439 6440
f 6383 6384 6440
f 6440 6443 6383
f 6443 6385 6383
f 6387 6385 6446
f 6385 6443 6446
f 6386 6387 6449
f 6387 6446 6449
f 6453 6386 6449
f 6453 6388 6386
f 6390 6388 6457
f 6388 6453 6457
f 6389 6390 6460
f 6390 6457 6460
f 6391 6389 6460
f 6391 6460 6464
f 6470 6391 6464
f 6392 6470 6471
f 6392 6391 6470
f 6392 6471 6475
f 6393 6392 6476
f 6392 6475 6476
f 6393 6476 6481
f 6484 6394 6393
f 6484 6486 6394
f 6393 6481 6484
f 6491 6395 6394
f 6491 6492 6395
f 6492 6494 6395
f 6494 6396 6395
f 6396 6494 6498
f 6397 6498 6502
f 6397 6396 6498
f 6502 6506 6397
f 6398 6397 6506
f 6398 6506 6511
f 6511 6515 6398
f 6399 6398 6515
f 6520 6399 6515
f 6400 6399 6520
f 6400 6520 6524
f 6401 6400 6525
f 6400 6524 6525
f 6525 6529 6401
f 6402 6401 6529
f 6402 6529 6532
f 6532 6536 6402
f 6536 6404 6402
f 6403 6404 6536
f 6403 6536 6540
f 6405 6403 6540
f 6540 6543 6405
f 6543 6406 6405
f 6406 6543 6547
f 6547 6407 6406
f 6547 6549 6407
f 6408 6407 6549
f 6408 6549 6551
f 6381 6408 6551
f 6381 6551 6550
f 6410 6381 6550
f 6410 6550 6548
f 6409 6410 6548
f 6409 6548 6545
f 6412 6545 6542
f 6412 6409 6545
f 6411 6542 6538
f 6411 6412 6542
f 6413 6411 6538
f 6414 6413 6534
f 6413 6538 6534
f 6416 6534 6531
f 6416 6414 6534
f 6415 6416 6527
f 6416 6531 6527
f 6417 6415 6522
f 6522 6415 6527
f 6417 6522 6518
f 6418 6417 6518
f 6513 6418 6517
f 6418 6518 6517
f 6418 6510 6419
f 6418 6513 6510
f 6504 6419 6508
f 6419 6510 6508
f 6420 6419 6500
f 6420 6500 6496
f 6421 6420 6496
f 6421 6496 6493
f 6422 6421 6489
f 6421 6493 6489
f 6488 6422 6489
f 6423 6422 6483
f 6422 6488 6483
f 6423 6483 6479
f 6479 6424 6423
f 6424 6479 6473
f 6473 6467 6424
f 6467 6425 6424
f 6467 6466 6425
f 6466 6426 6425
f 6426 6466 6462
f 6462 6427 6426
f 6462 6458 6427
f 6458 6456 6427
f 6456 6428 6427
f 6428 6456 6451
f 6451 6430 6428
f 6451 6448 6430
f 6429 6430 6448
f 6431 6429 6444
f 6429 6448 6444
f 6432 6431 6444
f 6444 6441 6432
f 6434 6432 6441
f 6434 6441 6435
f 6433 6434 6435
f 6380 6433 6436
f 6433 6435 6436
f 6379 6380 6437
f 6380 6436 6437
f 6552 6554 6553
f 6555 6557 6556
f 6556 6557 6558
f 6559 6561 6560
f 6561 6559 6562
f 6563 6565 6564
f 6565 6566 6564
f 6563 6564 6567
f 6568 6569 6563
f 6563 6567 6568
f 6569 6568 6570
f 6552 6570 6554
f 6552 6569 6570
f 6562 6571 6561
f 6571 6572 6561
f 6571 6573 6572
f 6572 6573 6574
f 6574 6573 6575
f 6575 6576 6574
f 6576 6577 6574
f 6578 6577 6576
f 6578 6576 6579
f 6578 6579 6580
f 6581 6578 6580
f 6582 6581 6580
f 6583 6581 6582
f 6583 6582 6584
f 6585 6583 6584
f 6586 6585 6584
f 6587 6585 6586
f 6586 6588 6587
f 6586 6589 6588
f 6588 6591 6590
f 6588 6589 6591
f 6591 6592 6590
f 6592 6593 6590
f 6592 6594 6593
f 6595 6593 6596
f 6593 6594 6596
f 6597 6595 6598
f 6595 6596 6598
f 6599 6597 6598
f 6599 6598 6600
f 6599 6600 6601
f 6602 6599 6601
f 6603 6602 6601
f 6604 6602 6603
f 6603 6605 6604
f 6605 6606 6604
f 6606 6608 6607
f 6606 6605 6608
f 6608 6609 6607
f 6609 6610 6607
f 6609 6611 6610
f 6610 6611 6612
f 6612 6611 6613
f 6613 6614 6612
f 6614 6615 6612
f 6616 6615 6617
f 6615 6614 6617
f 6616 6617 6618
f 6619 6616 6618
f 6619 6618 6620
f 6621 6619 6620
f 6621 6620 6622
f 6621 6622 6623
f 6624 6621 6623
f 6625 6624 6623
f 6626 6624 6625
f 6625 6627 6626
f 6627 6628 6626
f 6627 6629 6628
f 6628 6629 6630
f 6630 6629 6631
f 6631 6632 6630
f 6632 6633 6630
f 6634 6633 6632
f 6634 6632 6635
f 6565 6634 6566
f 6634 6635 6566
f 6636 6552 6553
f 6553 6637 6636
f 6637 6638 6636
f 6638 6639 6636
f 6639 6641 6640
f 6639 6638 6641
f 6641 6642 6640
f 6642 6643 6640
f 6642 6644 6643
f 6643 6644 6645
f 6645 6644 6646
f 6647 6645 6648
f 6645 6646 6648
f 6649 6647 6648
f 6649 6648 6650
f 6649 6650 6651
f 6652 6649 6651
f 6653 6652 6651
f 6556 6652 6653
f 6556 6653 6555
f 6654 6553 6554
f 6655 6656 6654
f 6654 6657 6655
f 6657 6658 6655
f 6657 6659 6658
f 6658 6659 6660
f 6564 6566 6660
f 6566 6661 6660
f 6661 6658 6660
f 6662 6663 6562
f 6664 6663 6662
f 6663 6664 6665
f 6664 6666 6665
f 6666 6667 6665
f 6666 6668 6667
f 6666 6669 6668
f 6669 6555 6668
f 6562 6663 6571
f 6663 6670 6571
f 6670 6573 6571
f 6670 6671 6573
f 6671 6575 6573
f 6671 6672 6575
f 6575 6672 6576
f 6672 6673 6576
f 6673 6674 6576
f 6674 6579 6576
f 6674 6675 6579
f 6579 6675 6580
f 6675 6676 6580
f 6676 6582 6580
f 6676 6677 6582
f 6677 6678 6582
f 6582 6678 6584
f 6678 6586 6584
f 6678 6679 6586
f 6679 6680 6586
f 6589 6586 6680
f 6680 6681 6589
f 6681 6591 6589
f 6681 6682 6591
f 6682 6683 6591
f 6591 6683 6592
f 6683 6684 6592
f 6684 6594 6592
f 6684 6685 6594
f 6685 6596 6594
f 6685 6686 6596
f 6596 6686 6598
f 6686 6687 6598
f 6687 6688 6598
f 6688 6600 6598
f 6688 6689 6600
f 6600 6689 6601
f 6689 6690 6601
f 6690 6603 6601
f 6690 6691 6603
f 6691 6692 6603
f 6605 6603 6692
f 6692 6608 6605
f 6692 6693 6608
f 6693 6694 6608
f 6608 6694 6609
f 6694 6695 6609
f 6695 6611 6609
f 6695 6696 6611
f 6696 6613 6611
f 6696 6697 6613
f 6613 6697 6614
f 6697 6698 6614
f 6698 6617 6614
f 6698 6699 6617
f 6617 6699 6618
f 6699 6700 6618
f 6700 6620 6618
f 6700 6701 6620
f 6701 6702 6620
f 6702 6622 6620
f 6702 6703 6622
f 6622 6703 6623
f 6703 6625 6623
f 6703 6704 6625
f 6704 6627 6625
f 6704 6705 6627
f 6705 6706 6627
f 6706 6629 6627
f 6706 6707 6629
f 6707 6631 6629
f 6707 6708 6631
f 6631 6708 6632
f 6708 6709 6632
f 6709 6710 6632
f 6710 6635 6632
f 6710 6661 6635
f 6635 6661 6566
f 6654 6656 6553
f 6656 6711 6553
f 6711 6637 6553
f 6711 6712 6637
f 6638 6637 6712
f 6712 6641 6638
f 6712 6713 6641
f 6713 6714 6641
f 6641 6714 6642
f 6714 6715 6642
f 6715 6644 6642
f 6715 6716 6644
f 6716 6646 6644
f 6716 6717 6646
f 6646 6717 6648
f 6717 6718 6648
f 6718 6719 6648
f 6719 6650 6648
f 6719 6720 6650
f 6650 6720 6651
f 6720 6668 6651
f 6668 6653 6651
f 6668 6555 6653
f 6721 6723 6722
f 6724 6723 6725
f 6726 6728 6727
f 6725 6730 6729
f 6730 6731 6729
f 6725 6729 6732
f 6722 6733 6721
f 6726 6735 6734
f 6728 6726 6736
f 6726 6737 6736
f 6725 6732 6738
f 6739 6741 6740
f 6742 6739 6740
f 6743 6739 6742
f 6726 6734 6744
f 6745 6747 6746
f 6745 6746 6748
f 6724 6725 6749
f 6725 6750 6749
f 6751 6753 6752
f 6739 6754 6741
f 6739 6755 6754
f 6756 6739 6743
f 6726 6758 6757
f 6759 6760 6727
f 6761 6763 6762
f 6764 6756 6765
f 6756 6743 6765
f 6766 6747 6730
f 6767 6745 6748
f 6768 6751 6769
f 6751 6771 6770
f 6762 6751 6772
f 6751 6770 6772
f 6762 6772 6761
f 6726 6757 6735
f 6773 6775 6774
f 6776 6745 6777
f 6767 6778 6745
f 6727 6728 6759
f 6745 6776 6779
f 6730 6747 6780
f 6753 6751 6768
f 6781 6783 6782
f 6783 6784 6782
f 6784 6786 6785
f 6739 6762 6755
f 6762 6763 6755
f 6787 6789 6788
f 6787 6790 6789
f 6774 6760 6773
f 6774 6727 6760
f 6745 6774 6777
f 6774 6775 6777
f 6730 6780 6791
f 6731 6730 6791
f 6725 6738 6750
f 6766 6730 6792
f 6730 6793 6792
f 6794 6795 6750
f 6796 6786 6797
f 6796 6785 6786
f 6744 6799 6798
f 6800 6802 6801
f 6803 6805 6804
f 6794 6750 6738
f 6782 6806 6781
f 6806 6807 6781
f 6783 6722 6808
f 6724 6722 6723
f 6809 6744 6810
f 6811 6812 6799
f 6811 6789 6812
f 6799 6744 6811
f 6744 6813 6811
f 6747 6815 6814
f 6816 6783 6817
f 6722 6724 6808
f 6744 6798 6802
f 6818 6819 6780
f 6818 6820 6819
f 6821 6783 6816
f 6802 6810 6744
f 6802 6800 6810
f 6801 6822 6800
f 6790 6812 6789
f 6747 6823 6818
f 6747 6824 6815
f 6825 6827 6826
f 6784 6828 6786
f 6783 6829 6817
f 6726 6809 6737
f 6726 6744 6809
f 6819 6831 6830
f 6780 6747 6818
f 6747 6814 6804
f 6745 6779 6747
f 6832 6834 6833
f 6835 6834 6832
f 6836 6838 6837
f 6839 6840 6822
f 6840 6841 6822
f 6765 6843 6842
f 6844 6845 6843
f 6819 6820 6831
f 6846 6848 6847
f 6848 6849 6847
f 6835 6851 6850
f 6851 6852 6850
f 6825 6853 6827
f 6828 6784 6821
f 6784 6783 6821
f 6800 6822 6841
f 6854 6856 6855
f 6830 6858 6857
f 6747 6859 6823
f 6747 6779 6824
f 6779 6860 6824
f 6779 6861 6860
f 6860 6861 6862
f 6863 6825 6826
f 6864 6866 6865
f 6864 6867 6866
f 6868 6870 6869
f 6871 6873 6872
f 6873 6874 6872
f 6813 6744 6842
f 6744 6765 6842
f 6830 6831 6858
f 6875 6877 6876
f 6875 6878 6877
f 6876 6803 6875
f 6876 6805 6803
f 6804 6805 6859
f 6859 6747 6804
f 6862 6848 6846
f 6835 6850 6834
f 6752 6880 6879
f 6783 6808 6829
f 6808 6881 6829
f 6765 6844 6843
f 6765 6743 6844
f 6846 6860 6862
f 6882 6837 6838
f 6871 6829 6881
f 6863 6826 6883
f 6884 6886 6885
f 6854 6855 6887
f 6887 6843 6845
f 6867 6882 6866
f 6752 6833 6888
f 6889 6870 6890
f 6891 6868 6892
f 6890 6870 6891
f 6870 6868 6891
f 6872 6829 6871
f 6855 6843 6887
f 6882 6867 6837
f 6863 6883 6879
f 6833 6893 6832
f 6833 6752 6893
f 6884 6894 6886
f 6895 6897 6896
f 6898 6900 6899
f 6885 6901 6884
f 6868 6902 6892
f 6902 6903 6892
f 6751 6865 6771
f 6752 6904 6893
f 6883 6752 6879
f 6905 6880 6906
f 6905 6879 6880
f 6898 6907 6894
f 6752 6883 6904
f 6894 6908 6886
f 6894 6907 6908
f 6898 6896 6900
f 6894 6895 6898
f 6895 6896 6898
f 6890 6901 6889
f 6901 6885 6889
f 6870 6806 6869
f 6870 6807 6806
f 6864 6752 6888
f 6907 6909 6908
f 6751 6752 6865
f 6752 6864 6865
f 6905 6906 6910
f 6906 6911 6910
f 6911 6909 6907
f 6907 6910 6911
f 6912 6914 6913
f 6915 6917 6916
f 6917 6919 6918
f 6917 6918 6916
f 6916 6920 6915
f 6920 6921 6915
f 6922 6917 6923
f 6924 6926 6925
f 6923 6928 6927
f 6924 6922 6926
f 6926 6922 6929
f 6922 6927 6929
f 6922 6923 6927
f 6923 6931 6930
f 6932 6931 6933
f 6923 6930 6928
f 6925 6926 6934
f 6935 6925 6933
f 6925 6934 6933
f 6930 6931 6932
f 6936 6938 6937
f 6939 6937 6940
f 6937 6939 6936
f 6938 6931 6937
f 6941 6935 6942
f 6935 6943 6942
f 6941 6942 6944
f 6931 6945 6943
f 6931 6938 6945
f 6946 6941 6940
f 6941 6944 6940
f 6947 6949 6948
f 6948 6949 6950
f 6937 6951 6950
f 6952 6914 6912
f 6914 6953 6913
f 6914 6954 6953
f 6954 6955 6953
f 6948 6953 6955
f 6937 6952 6951
f 6952 6956 6951
f 6952 6912 6956
f 6948 6955 6947
f 6957 6959 6958
f 6958 6960 6957
f 6961 6963 6962
f 6964 6966 6965
f 6964 6963 6966
f 6960 6961 6962
f 6959 6957 6967
f 6967 6968 6959
f 6968 6954 6959
f 6958 6961 6960
f 6969 6955 6970
f 6955 6954 6970
f 6954 6968 6970
f 6965 6970 6964
f 6965 6969 6970
f 6971 6973 6972
f 6961 6974 6972
f 6961 6975 6974
f 6961 6976 6975
f 6971 6972 6977
f 6973 6961 6972
f 6978 6980 6979
f 6981 6971 6980
f 6971 6977 6980
f 6961 6982 6976
f 6982 6983 6976
f 6983 6982 6979
f 6982 6978 6979
f 6978 6985 6984
f 6986 6988 6987
f 6989 6991 6990
f 6992 6994 6993
f 6992 6986 6994
f 6992 6988 6986
f 6985 6978 6993
f 6978 6992 6993
f 6995 6990 6991
f 6995 6991 6987
f 6996 6997 6988
f 6998 7000 6999
f 7000 7001 6999
f 6988 7002 6996
f 7002 7003 6996
f 7004 6998 7005
f 6998 6999 7005
f 7002 7005 7003
f 7002 7004 7005
f 7006 7001 7000
f 6997 7007 6988
f 7001 7006 7008
f 7008 7009 7001
f 7009 7007 7001
f 7009 6988 7007
f 7010 6998 7011
f 7012 7014 7013
f 7015 7016 7014
f 7017 7019 7018
f 7020 7022 7021
f 7020 7021 7023
f 7021 7012 7024
f 7015 7017 7016
f 7017 7018 7016
f 7010 7018 6998
f 7018 7000 6998
f 7018 7019 7000
f 7020 7010 7022
f 7010 7011 7022
f 7021 7024 7023
f 7024 7012 7013
f 7012 7026 7025
f 7012 7027 7026
f 7012 7028 7027
f 7028 7029 7027
f 7030 7028 7031
f 7032 7033 7025
f 7034 7032 7035
f 7028 7030 7029
f 7034 7035 7036
f 7032 7025 7035
f 7037 7034 7036
f 7031 7036 7038
f 7030 7031 7038
f 7039 7041 7040
f 7041 7037 7040
f 7042 7044 7043
f 7042 7045 7044
f 7039 7047 7046
f 7048 7031 7049
f 7031 7042 7049
f 7042 7043 7049
f 7045 7047 7044
f 7046 7041 7039
f 7031 7048 7050
f 7045 7042 7051
f 7052 7054 7053
f 7051 7054 7052
f 7055 7054 7056
f 7055 7053 7054
f 7057 7059 7058
f 7057 7060 7059
f 7060 7061 7059
f 7062 7063 7056
f 7058 7062 7057
f 7062 7056 7057
f 7064 7066 7065
f 7067 7069 7068
f 7067 7068 7070
f 7067 7070 7071
f 7072 7066 7064
f 7067 7073 7069
f 7073 7074 7069
f 7073 7064 7075
f 7066 7071 7065
f 7066 7076 7071
f 7074 7073 7075
f 7077 7073 7078
f 7079 7081 7080
f 7081 7082 7080
f 7077 7078 7083
f 7084 7085 7080
f 7078 7086 7083
f 7078 7084 7086
f 7078 7085 7084
f 7081 7072 7087
f 7072 7088 7087
f 7073 7077 7088
f 7081 7087 7082
f 7089 7091 7090
f 7089 7092 7091
f 7089 7093 7085
f 7089 7090 7093
f 6920 7092 6921
f 6920 7094 7092
f 6917 6922 6919
f 6922 7095 6919
f 7096 7098 7097
f 6922 7097 7095
f 7094 7100 7099
f 7094 7096 7100
f 7094 7098 7096
f 7099 7092 7094
f 7099 7101 7092
f 7091 7092 7102
f 7092 7101 7102
f 7101 7103 7102
f 7103 7104 7102
f 7105 7085 7106
f 7085 7093 7107
f 7104 7105 7102
f 7085 7107 7106
f 7108 7110 7109
f 7067 7108 7111
f 7110 7063 7109
f 7110 7112 7063
f 7063 7113 7056
f 7063 7112 7113
f 7060 7067 7061
f 7067 7111 7061
f 7051 7052 7114
f 7115 7045 7116
f 7116 7045 7117
f 7118 7115 7116
f 7045 7051 7117
f 7051 7114 7117
f 7055 7056 7118
f 7056 7113 7118
f 7118 7113 7115
f 6937 6949 6946
f 6940 6937 6946
f 6949 6937 6950
f 6935 6931 6943
f 6933 6931 6935
f 7097 6922 7096
f 6922 7119 7096
f 7119 6922 6924
f 7104 7085 7105
f 7080 7085 7079
f 7079 7085 7104
f 7072 7073 7088
f 7064 7073 7072
f 7108 7067 7110
f 7067 7076 7110
f 7076 7067 7071
f 7047 7045 7046
f 7040 7037 7050
f 7037 7031 7050
f 7036 7031 7037
f 7015 7014 7012
f 7012 7033 7015
f 7033 7012 7025
f 6987 6988 6995
f 6995 6988 7009
f 6989 6990 6984
f 6990 6978 6984
f 6990 6981 6978
f 6980 6978 6981
f 6963 6961 6966
f 6966 6961 6973
f 7120 7122 7121
f 7123 7125 7124
f 6560 7127 7126
f 6561 7128 6560
f 7123 7128 6561
f 7123 6561 7125
f 6561 6572 7125
f 6572 7129 7125
f 6572 6574 7129
f 6574 6577 7129
f 6577 7130 7129
f 6577 6578 7130
f 6578 7131 7130
f 6578 6581 7131
f 6581 7132 7131
f 6581 6583 7132
f 6583 7133 7132
f 6583 6585 7133
f 6585 7134 7133
f 6585 6587 7134
f 6587 7135 7134
f 6587 6588 7135
f 6588 7136 7135
f 7137 7138 6593
f 7138 6590 6593
f 7138 7136 6590
f 7136 6588 6590
f 7139 7141 7140
f 7137 6593 7142
f 6593 7143 7142
f 6593 6595 7143
f 6595 6597 7143
f 6597 7144 7143
f 6597 6599 7144
f 6599 7145 7144
f 6599 7146 7145
f 6599 6602 7146
f 6602 6604 7146
f 6604 7147 7146
f 6604 6606 7147
f 6606 7148 7147
f 6606 6607 7148
f 6607 7149 7148
f 6607 6610 7149
f 6610 7139 7149
f 6610 6612 7139
f 6612 7141 7139
f 7120 7150 6616
f 7150 6615 6616
f 7150 7141 6615
f 7141 6612 6615
f 7120 6616 7122
f 6616 7151 7122
f 6616 6619 7151
f 6619 6621 7151
f 6621 7152 7151
f 6621 7153 7152
f 6621 6624 7153
f 6624 6626 7153
f 6626 7154 7153
f 6626 6628 7154
f 6628 7155 7154
f 6628 6630 7155
f 6630 7156 7155
f 6630 7157 7156
f 6630 6633 7157
f 6633 6634 7157
f 6634 7158 7157
f 6634 6565 7158
f 7158 6565 7159
f 6565 7160 7159
f 7161 6569 6552
f 7161 7162 6569
f 7162 6563 6569
f 7162 6565 6563
f 7162 7160 6565
f 7163 7161 6552
f 7163 6552 7164
f 6552 7165 7164
f 6552 6636 7165
f 6636 7166 7165
f 6636 6639 7166
f 6639 7167 7166
f 6639 6640 7167
f 6640 7168 7167
f 6640 6643 7168
f 6643 6645 7168
f 6645 7169 7168
f 6645 6647 7169
f 6647 7170 7169
f 6647 6649 7170
f 6649 7171 7170
f 6649 6652 7171
f 6652 7172 7171
f 6652 6556 7172
f 6556 7173 7172
f 7128 7173 6558
f 7173 6556 6558
f 6560 7128 7127
f 7128 7174 7127
f 7128 6558 7174
f 7175 7177 7176
f 7177 7178 7176
f 7177 7179 7178
f 7179 7180 7178
f 7180 7181 7178
f 7180 7182 7181
f 7180 7183 7182
f 7183 7184 7182
f 7184 7185 7182
f 7184 7186 7185
f 7184 7187 7186
f 7187 7188 7186
f 7188 7189 7186
f 7188 7190 7189
f 7188 7191 7190
f 7191 7192 7190
f 7192 7193 7190
f 7192 7194 7193
f 7194 7195 7193
f 7194 7196 7195
f 7196 7197 7195
f 7196 7198 7197
f 7198 7199 7197
f 7198 7200 7199
f 7200 7201 7199
f 7201 7202 7199
f 7201 7203 7202
f 7203 7204 7202
f 7203 7205 7204
f 7205 7206 7204
f 7206 7207 7204
f 7206 7208 7207
f 7208 7209 7207
f 7208 7210 7209
f 7210 7211 7209
f 7210 7212 7211
f 7212 7213 7211
f 7212 7214 7213
f 7214 7215 7213
f 7214 7216 7215
f 7216 7217 7215
f 7216 7218 7217
f 7218 7219 7217
f 7218 7220 7219
f 7220 7221 7219
f 7220 7222 7221
f 7222 7223 7221
f 7222 7224 7223
f 7224 7225 7223
f 7224 7226 7225
f 7226 7227 7225
f 7226 7175 7227
f 7175 7176 7227
f 7228 6921 7092
f 7228 7229 6921
f 7229 7230 6921
f 7230 6915 6921
f 7230 6917 6915
f 7230 7231 6917
f 7231 6923 6917
f 7231 7232 6923
f 7232 6931 6923
f 7232 7233 6931
f 7233 6937 6931
f 7233 7234 6937
f 7234 6952 6937
f 7234 7235 6952
f 7235 6914 6952
f 7235 7236 6914
f 7236 6954 6914
f 7236 7237 6954
f 7237 6959 6954
f 7237 7238 6959
f 7238 6958 6959
f 7238 6961 6958
f 7238 7239 6961
f 7239 6982 6961
f 7239 7240 6982
f 7240 6978 6982
f 7240 6992 6978
f 7240 7241 6992
f 7241 6988 6992
f 7241 7242 6988
f 7242 7002 6988
f 7242 7004 7002
f 7242 7243 7004
f 7243 6998 7004
f 7243 7244 6998
f 7011 6998 7244
f 7011 7244 7245
f 7022 7011 7246
f 7011 7245 7246
f 7021 7022 7246
f 7021 7246 7247
f 7012 7021 7247
f 7012 7247 7248
f 7028 7012 7248
f 7031 7028 7248
f 7031 7248 7249
f 7042 7031 7249
f 7042 7249 7250
f 7051 7042 7250
f 7051 7250 7251
f 7051 7251 7252
f 7054 7051 7252
f 7054 7252 7253
f 7056 7054 7253
f 7056 7253 7254
f 7057 7056 7254
f 7057 7254 7255
f 7060 7057 7255
f 7060 7255 7256
f 7067 7060 7256
f 7073 7067 7256
f 7073 7256 7257
f 7078 7073 7257
f 7078 7257 7258
f 7085 7078 7258
f 7085 7258 7259
f 7089 7085 7259
f 7089 7259 7260
f 7092 7089 7260
f 7092 7260 7228
f 6916 6918 7261
f 6918 7262 7261
f 6918 6919 7262
f 6919 7263 7262
f 6919 7264 7263
f 6919 7095 7264
f 7095 7097 7264
f 7097 7265 7264
f 7097 7266 7265
f 7097 7098 7266
f 7098 7094 7266
f 7094 7267 7266
f 7094 6920 7267
f 6920 7268 7267
f 6920 6916 7268
f 6916 7261 7268
f 7269 7270 7266
f 7269 7266 7267
f 7266 7270 7265
f 7264 7265 7271
f 7265 7270 7271
f 7264 7271 7272
f 7262 7263 7273
f 7261 7275 7274
f 7263 7264 7272
f 7263 7272 7273
f 7261 7262 7275
f 7262 7273 7275
f 7268 7277 7276
f 7267 7268 7276
f 7267 7276 7269
f 7268 7274 7277
f 7268 7261 7274
f 7269 6777 6775
f 7269 7276 6777
f 7276 7277 6777
f 7277 6776 6777
f 7277 7274 6776
f 7274 6779 6776
f 7274 7275 6779
f 7275 7273 6779
f 7273 6861 6779
f 7273 7272 6861
f 7272 6862 6861
f 7272 6848 6862
f 7272 7271 6848
f 7271 6849 6848
f 7090 7279 7278
f 7090 7091 7279
f 7091 7102 7279
f 7102 7280 7279
f 7102 7281 7280
f 7102 7105 7281
f 7105 7282 7281
f 7105 7106 7282
f 7106 7283 7282
f 7106 7284 7283
f 7106 7107 7284
f 7107 7093 7284
f 7093 7285 7284
f 7093 7090 7285
f 7090 7278 7285
f 7283 7286 7282
f 7286 7287 7282
f 7283 7284 7288
f 7283 7288 7289
f 7284 7290 7288
f 7283 7289 7286
f 7281 7282 7287
f 7284 7285 7291
f 7278 7293 7292
f 7278 7279 7293
f 7285 7278 7292
f 7284 7291 7290
f 7287 7280 7281
f 7285 7292 7291
f 7279 7280 7294
f 7280 7287 7294
f 7293 7279 7294
f 7286 6841 6840
f 7286 7289 6841
f 7289 7288 6841
f 7288 6800 6841
f 7288 7290 6800
f 7290 6810 6800
f 7290 7291 6810
f 7291 6809 6810
f 7291 7292 6809
f 7292 6737 6809
f 7292 7293 6737
f 7293 6736 6737
f 7293 7294 6736
f 7294 6728 6736
f 7294 6759 6728
f 7294 7287 6759
f 7086 7084 7295
f 7084 7296 7295
f 7084 7080 7296
f 7080 7297 7296
f 7080 7082 7297
f 7082 7298 7297
f 7082 7087 7298
f 7087 7299 7298
f 7087 7088 7299
f 7088 7300 7299
f 7088 7077 7300
f 7077 7301 7300
f 7077 7083 7301
f 7083 7302 7301
f 7083 7086 7302
f 7086 7295 7302
f 7296 7297 7303
f 7298 7299 7304
f 7296 7303 7305
f 7295 7305 7306
f 7295 7296 7305
f 7301 7302 7307
f 7302 7295 7308
f 7295 7306 7308
f 7307 7302 7308
f 7301 7307 7309
f 7300 7301 7309
f 7304 7310 7298
f 7298 7310 7297
f 7310 7303 7297
f 7300 7309 7311
f 7304 7299 7311
f 7299 7300 7311
f 7304 7311 6787
f 7311 6790 6787
f 7311 6812 6790
f 7311 7309 6812
f 7309 6799 6812
f 7309 7307 6799
f 7307 6798 6799
f 7307 7308 6798
f 7308 6802 6798
f 7308 7306 6802
f 7306 6801 6802
f 7306 7305 6801
f 7305 7303 6801
f 7303 6822 6801
f 7303 7310 6822
f 7310 6839 6822
f 7074 7075 7312
f 7075 7313 7312
f 7075 7064 7313
f 7064 7314 7313
f 7064 7065 7314
f 7065 7315 7314
f 7065 7071 7315
f 7071 7316 7315
f 7071 7070 7316
f 7070 7317 7316
f 7070 7068 7317
f 7068 7318 7317
f 7068 7069 7318
f 7069 7319 7318
f 7069 7074 7319
f 7074 7312 7319
f 7320 7321 7314
f 7313 7321 7322
f 7313 7314 7321
f 7319 7324 7323
f 7319 7312 7324
f 7325 7318 7323
f 7318 7319 7323
f 7320 7314 7315
f 7326 7313 7322
f 7312 7313 7326
f 7312 7326 7324
f 7327 7320 7316
f 7320 7315 7316
f 7317 7325 7328
f 7317 7318 7325
f 7316 7317 7328
f 7316 7328 7327
f 7320 7327 6856
f 7327 6855 6856
f 7327 7328 6855
f 7328 6843 6855
f 7328 6842 6843
f 7328 7325 6842
f 7325 7323 6842
f 7323 6813 6842
f 7323 7324 6813
f 7324 6811 6813
f 7324 7326 6811
f 7326 6789 6811
f 7326 7322 6789
f 7322 7321 6789
f 7321 6788 6789
f 7061 7330 7329
f 7061 7111 7330
f 7111 7108 7330
f 7108 7331 7330
f 7108 7332 7331
f 7108 7109 7332
f 7109 7063 7332
f 7063 7333 7332
f 7063 7062 7333
f 7062 7334 7333
f 7062 7058 7334
f 7058 7335 7334
f 7058 7059 7335
f 7059 7336 7335
f 7059 7061 7336
f 7061 7329 7336
f 7337 7331 7338
f 7338 7331 7332
f 7337 7330 7331
f 7334 7335 7339
f 7334 7339 7340
f 7329 7330 7341
f 7332 7333 7338
f 7333 7342 7338
f 7335 7343 7339
f 7330 7337 7341
f 7335 7336 7343
f 7334 7340 7344
f 7333 7334 7344
f 7333 7344 7342
f 7343 7336 7345
f 7336 7329 7345
f 7329 7341 7345
f 7342 7344 6741
f 7344 6740 6741
f 7344 7340 6740
f 7340 6742 6740
f 7340 7339 6742
f 7339 6743 6742
f 7339 7343 6743
f 7343 6844 6743
f 7343 7345 6844
f 7345 6845 6844
f 7345 7341 6845
f 7341 6887 6845
f 7341 7337 6887
f 7337 6854 6887
f 7118 7347 7346
f 7118 7348 7347
f 7118 7116 7348
f 7116 7349 7348
f 7116 7117 7349
f 7117 7350 7349
f 7117 7351 7350
f 7117 7114 7351
f 7114 7052 7351
f 7052 7352 7351
f 7052 7053 7352
f 7053 7353 7352
f 7053 7346 7353
f 7053 7055 7346
f 7055 7118 7346
f 7350 7354 7349
f 7352 7353 7355
f 7350 7356 7354
f 7352 7355 7357
f 7351 7352 7357
f 7350 7351 7358
f 7351 7357 7359
f 7350 7358 7356
f 7349 7354 7348
f 7354 7360 7348
f 7351 7359 7358
f 7347 7348 7360
f 7353 7361 7355
f 7353 7346 7361
f 7361 7346 7362
f 7362 7346 7360
f 7346 7347 7360
f 7354 7356 6838
f 7356 6882 6838
f 7356 7358 6882
f 7358 7359 6882
f 7359 6866 6882
f 7359 7357 6866
f 7357 6865 6866
f 7357 7355 6865
f 7355 6771 6865
f 7355 7361 6771
f 7361 6770 6771
f 7361 7362 6770
f 7362 6772 6770
f 7362 7360 6772
f 7360 6761 6772
f 7047 7039 7363
f 7039 7364 7363
f 7039 7040 7364
f 7040 7365 7364
f 7040 7050 7365
f 7050 7366 7365
f 7050 7048 7366
f 7048 7367 7366
f 7048 7049 7367
f 7049 7368 7367
f 7049 7043 7368
f 7043 7369 7368
f 7043 7044 7369
f 7044 7370 7369
f 7044 7047 7370
f 7047 7363 7370
f 7371 7366 7367
f 7371 7372 7366
f 7368 7369 7373
f 7369 7374 7373
f 7367 7368 7375
f 7367 7375 7371
f 7372 7365 7366
f 7372 7376 7365
f 7375 7368 7373
f 7376 7377 7365
f 7377 7364 7365
f 7363 7364 7377
f 7369 7378 7374
f 7369 7370 7378
f 7363 7377 7379
f 7370 7363 7379
f 7378 7370 7379
f 7376 7372 6852
f 7372 6850 6852
f 7372 6834 6850
f 7372 7371 6834
f 7371 6833 6834
f 7371 7375 6833
f 7375 7373 6833
f 7373 6888 6833
f 7373 7374 6888
f 7374 6864 6888
f 7374 7378 6864
f 7378 6867 6864
f 7378 6837 6867
f 7378 7379 6837
f 7379 6836 6837
f 7379 7377 6836
f 7036 7035 7380
f 7035 7381 7380
f 7035 7025 7381
f 7025 7382 7381
f 7025 7026 7382
f 7026 7383 7382
f 7026 7027 7383
f 7027 7384 7383
f 7027 7029 7384
f 7029 7385 7384
f 7029 7030 7385
f 7030 7386 7385
f 7030 7038 7386
f 7038 7387 7386
f 7038 7036 7387
f 7036 7380 7387
f 7380 7389 7388
f 7380 7381 7389
f 7383 7391 7390
f 7389 7381 7382
f 7386 7387 7392
f 7386 7392 7393
f 7383 7384 7391
f 7382 7383 7390
f 7392 7387 7394
f 7384 7385 7395
f 7384 7395 7391
f 7387 7388 7394
f 7387 7380 7388
f 7385 7393 7395
f 7385 7386 7393
f 7382 7390 7396
f 7382 7396 7389
f 7389 7396 6853
f 7396 6827 6853
f 7396 7390 6827
f 7390 6826 6827
f 7390 7391 6826
f 7391 6883 6826
f 7391 7395 6883
f 7395 6904 6883
f 7395 6893 6904
f 7395 7393 6893
f 7393 6832 6893
f 7393 7392 6832
f 7392 6835 6832
f 7392 7394 6835
f 7394 7388 6835
f 7388 6851 6835
f 7014 7398 7397
f 7014 7016 7398
f 7016 7018 7398
f 7018 7399 7398
f 7018 7010 7399
f 7010 7400 7399
f 7010 7020 7400
f 7020 7401 7400
f 7020 7023 7401
f 7023 7402 7401
f 7023 7024 7402
f 7024 7403 7402
f 7024 7404 7403
f 7024 7013 7404
f 7013 7014 7404
f 7014 7397 7404
f 7401 7402 7405
f 7402 7403 7406
f 7401 7405 7407
f 7403 7404 7408
f 7403 7408 7406
f 7405 7402 7406
f 7409 7410 7398
f 7410 7397 7398
f 7400 7401 7407
f 7400 7407 7411
f 7400 7411 7412
f 7410 7404 7397
f 7404 7410 7408
f 7399 7400 7412
f 7398 7399 7409
f 7399 7412 7413
f 7399 7413 7409
f 7409 6898 6899
f 7409 7413 6898
f 7413 7412 6898
f 7412 6907 6898
f 7412 7411 6907
f 7411 7407 6907
f 7407 6910 6907
f 7407 7405 6910
f 7405 6905 6910
f 7405 7406 6905
f 7406 6879 6905
f 7406 7408 6879
f 7408 6863 6879
f 7408 7410 6863
f 7410 6825 6863
f 7007 6997 7414
f 6997 7415 7414
f 6997 7416 7415
f 6997 6996 7416
f 6996 7003 7416
f 7003 7417 7416
f 7003 7005 7417
f 7005 7418 7417
f 7005 7419 7418
f 7005 6999 7419
f 6999 7001 7419
f 7001 7420 7419
f 7001 7421 7420
f 7001 7007 7421
f 7007 7414 7421
f 7418 7423 7422
f 7418 7419 7423
f 7416 7417 7424
f 7423 7419 7425
f 7417 7418 7422
f 7417 7422 7424
f 7416 7424 7426
f 7416 7426 7427
f 7415 7416 7427
f 7415 7427 7428
f 7414 7415 7428
f 7421 7429 7420
f 7428 7421 7414
f 7428 7429 7421
f 7419 7420 7425
f 7420 7429 7425
f 7428 7427 6903
f 7427 6892 6903
f 7427 7426 6892
f 7426 6891 6892
f 7426 7424 6891
f 7424 6890 6891
f 7424 7422 6890
f 7422 6901 6890
f 7422 7423 6901
f 7423 6884 6901
f 7423 7425 6884
f 7425 6894 6884
f 7425 6895 6894
f 7425 7429 6895
f 7429 6897 6895
f 6989 6984 7430
f 6984 7431 7430
f 6984 6985 7431
f 6985 7432 7431
f 6985 6993 7432
f 6993 7433 7432
f 6993 6994 7433
f 6994 7434 7433
f 6994 6986 7434
f 6986 7435 7434
f 6986 6987 7435
f 6987 7436 7435
f 6987 6991 7436
f 6991 7437 7436
f 6991 6989 7437
f 6989 7430 7437
f 7434 7439 7438
f 7434 7435 7439
f 7433 7434 7440
f 7434 7438 7440
f 7432 7433 7441
f 7435 7436 7442
f 7435 7442 7439
f 7441 7433 7440
f 7432 7441 7443
f 7431 7432 7443
f 7436 7444 7442
f 7445 7444 7437
f 7444 7436 7437
f 7445 7437 7430
f 7431 7443 7446
f 7445 7430 7446
f 7430 7431 7446
f 7445 7446 6796
f 7446 6785 6796
f 7446 6784 6785
f 7446 7443 6784
f 7443 6782 6784
f 7443 7441 6782
f 7441 6806 6782
f 7441 7440 6806
f 7440 7438 6806
f 7438 6869 6806
f 7438 7439 6869
f 7439 6868 6869
f 7439 7442 6868
f 7442 6902 6868
f 7442 7444 6902
f 6972 6974 7447
f 6974 7448 7447
f 6974 6975 7448
f 6975 7449 7448
f 6975 6976 7449
f 6976 7450 7449
f 6976 6983 7450
f 6983 7451 7450
f 6983 6979 7451
f 6979 7452 7451
f 6979 6980 7452
f 6980 7453 7452
f 6980 6977 7453
f 6977 7454 7453
f 6977 6972 7454
f 6972 7447 7454
f 7448 7456 7455
f 7448 7449 7456
f 7452 7458 7457
f 7459 7451 7457
f 7451 7452 7457
f 7460 7461 7454
f 7461 7452 7453
f 7461 7458 7452
f 7455 7447 7448
f 7455 7462 7447
f 7449 7450 7463
f 7449 7463 7456
f 7461 7453 7454
f 7450 7459 7463
f 7450 7451 7459
f 7462 7460 7447
f 7460 7454 7447
f 7460 7462 6874
f 7462 6872 6874
f 7462 7455 6872
f 7455 6829 6872
f 7455 6817 6829
f 7455 7456 6817
f 7456 6816 6817
f 7456 7463 6816
f 7463 6821 6816
f 7463 7459 6821
f 7459 6828 6821
f 7459 7457 6828
f 7457 6786 6828
f 7457 7458 6786
f 7458 7461 6786
f 7461 6797 6786
f 6970 6968 7464
f 6968 7465 7464
f 6968 6967 7465
f 6967 7466 7465
f 6967 6957 7466
f 6957 7467 7466
f 6957 6960 7467
f 6960 7468 7467
f 6960 7469 7468
f 6960 6962 7469
f 6962 6963 7469
f 6963 7470 7469
f 6963 7471 7470
f 6963 6964 7471
f 6964 6970 7471
f 6970 7464 7471
f 7466 7467 7472
f 7467 7473 7472
f 7466 7472 7474
f 7468 7475 7473
f 7467 7468 7473
f 7476 7469 7470
f 7468 7469 7475
f 7477 7478 7471
f 7470 7478 7476
f 7470 7471 7478
f 7465 7466 7474
f 7477 7471 7464
f 7469 7476 7475
f 7465 7480 7479
f 7465 7474 7480
f 7464 7465 7479
f 7464 7479 7477
f 7477 6750 6795
f 7477 7479 6750
f 7479 7480 6750
f 7480 6749 6750
f 7480 7474 6749
f 7474 6724 6749
f 7474 7472 6724
f 7472 6808 6724
f 7472 7473 6808
f 7473 6881 6808
f 7473 7475 6881
f 7475 6871 6881
f 7475 7476 6871
f 7476 6873 6871
f 6956 6912 7481
f 6912 7482 7481
f 6912 6913 7482
f 6913 7483 7482
f 6913 7484 7483
f 6913 6953 7484
f 6953 6948 7484
f 6948 7485 7484
f 6948 7486 7485
f 6948 6950 7486
f 6950 7487 7486
f 6950 6951 7487
f 6951 7488 7487
f 6951 7481 7488
f 6951 6956 7481
f 7487 7489 7486
f 7483 7491 7490
f 7483 7484 7491
f 7482 7483 7490
f 7481 7482 7492
f 7482 7490 7492
f 7481 7494 7493
f 7491 7484 7495
f 7481 7492 7494
f 7487 7496 7489
f 7487 7488 7496
f 7485 7489 7497
f 7485 7486 7489
f 7484 7485 7495
f 7485 7497 7495
f 7488 7498 7496
f 7488 7481 7493
f 7488 7493 7498
f 7496 7498 6857
f 7498 6830 6857
f 7498 7493 6830
f 7493 7494 6830
f 7494 6819 6830
f 7494 7492 6819
f 7492 6780 6819
f 7492 7490 6780
f 7490 6791 6780
f 7490 7491 6791
f 7491 6731 6791
f 7491 7495 6731
f 7495 6729 6731
f 7495 6732 6729
f 7495 7497 6732
f 6945 6938 7499
f 6938 7500 7499
f 6938 6936 7500
f 6936 7501 7500
f 6936 6939 7501
f 6939 7502 7501
f 6939 6940 7502
f 6940 7503 7502
f 6940 6944 7503
f 6944 7504 7503
f 6944 6942 7504
f 6942 7505 7504
f 6942 6943 7505
f 6943 7506 7505
f 6943 6945 7506
f 6945 7499 7506
f 7506 7507 7505
f 7500 7501 7508
f 7501 7509 7508
f 7507 7510 7505
f 7501 7511 7509
f 7501 7502 7511
f 7499 7500 7512
f 7500 7508 7512
f 7506 7499 7513
f 7506 7513 7507
f 7511 7502 7514
f 7499 7512 7513
f 7510 7515 7504
f 7515 7503 7504
f 7502 7503 7514
f 7510 7504 7505
f 7515 7514 7503
f 7510 7507 6877
f 7507 6876 6877
f 7507 6805 6876
f 7507 7513 6805
f 7513 6859 6805
f 7513 7512 6859
f 7512 6823 6859
f 7512 7508 6823
f 7508 6818 6823
f 7508 7509 6818
f 7509 7511 6818
f 7511 6820 6818
f 7511 6831 6820
f 7511 7514 6831
f 7514 6858 6831
f 7514 7515 6858
f 6927 6928 7516
f 6928 7517 7516
f 6928 6930 7517
f 6930 7518 7517
f 6930 6932 7518
f 6932 7519 7518
f 6932 6933 7519
f 6933 7520 7519
f 6933 6934 7520
f 6934 7521 7520
f 6934 6926 7521
f 6926 7522 7521
f 6926 6929 7522
f 6929 7523 7522
f 6929 6927 7523
f 6927 7516 7523
f 7524 7525 7520
f 7526 7524 7522
f 7522 7527 7526
f 7524 7520 7521
f 7522 7524 7521
f 7525 7519 7520
f 7519 7525 7528
f 7518 7519 7529
f 7519 7528 7529
f 7517 7518 7530
f 7518 7529 7530
f 7516 7517 7530
f 7516 7530 7531
f 7522 7532 7527
f 7522 7523 7532
f 7523 7531 7532
f 7523 7516 7531
f 7526 7527 6847
f 7527 6846 6847
f 7527 7532 6846
f 7532 6860 6846
f 7532 6824 6860
f 7532 7531 6824
f 7531 6815 6824
f 7531 7530 6815
f 7530 6814 6815
f 7530 6804 6814
f 7530 7529 6804
f 7529 6803 6804
f 7529 7528 6803
f 7528 7525 6803
f 7525 6875 6803
f 7525 6878 6875
f 7533 7535 7534
f 7535 7536 7534
f 7537 7539 7538
f 7539 7540 7538
f 7541 7543 7542
f 7543 7544 7542
f 7138 7137 7539
f 7539 7136 7138
f 7136 7539 7541
f 7543 7537 7533
f 7543 7541 7537
f 7541 7539 7537
f 7533 7537 7535
f 7545 7547 7546
f 7547 7548 7546
f 7549 7551 7550
f 7551 7552 7550
f 7553 7555 7554
f 7555 7556 7554
f 7173 7128 7553
f 7553 7128 7551
f 7128 7123 7551
f 7555 7553 7549
f 7553 7551 7549
f 7555 7549 7545
f 7549 7547 7545
f 7557 7559 7558
f 7559 7560 7558
f 7561 7563 7562
f 7563 7564 7562
f 7565 7567 7566
f 7567 7568 7566
f 7160 7162 7565
f 7563 7565 7162
f 7163 7563 7161
f 7563 7162 7161
f 7557 7567 7565
f 7563 7561 7565
f 7561 7557 7565
f 7561 7559 7557
f 6558 6557 7569
f 6557 7570 7569
f 6559 6560 7571
f 6560 7126 7571
f 7572 6664 7573
f 6666 6664 7572
f 6698 6697 7176
f 6668 6720 7199
f 6720 6719 7199
f 6719 6718 7199
f 6718 7197 7199
f 6718 6717 7197
f 6717 6716 7197
f 6716 7195 7197
f 6716 6715 7195
f 6715 6714 7195
f 6714 6713 7195
f 6713 6712 7195
f 6712 7193 7195
f 6712 6711 7193
f 6711 7190 7193
f 6711 6656 7190
f 6656 6655 7190
f 6655 6658 7190
f 6658 7189 7190
f 6658 6661 7189
f 6661 6710 7189
f 6710 7186 7189
f 6710 6709 7186
f 6709 6708 7186
f 6708 7185 7186
f 6708 6707 7185
f 6707 6706 7185
f 6706 7182 7185
f 6706 6705 7182
f 6705 6704 7182
f 6704 7181 7182
f 6704 6703 7181
f 6703 6702 7181
f 6702 7178 7181
f 6702 6701 7178
f 6701 6700 7178
f 6700 6699 7178
f 6699 7176 7178
f 6699 6698 7176
f 6697 6696 7176
f 6696 7227 7176
f 6696 6695 7227
f 6695 6694 7227
f 6694 7225 7227
f 6694 6693 7225
f 6693 6692 7225
f 6692 7223 7225
f 6692 6691 7223
f 6691 6690 7223
f 6690 7221 7223
f 6690 6689 7221
f 6689 6688 7221
f 6688 7219 7221
f 6688 6687 7219
f 6687 6686 7219
f 6686 6685 7219
f 6685 7217 7219
f 6685 6684 7217
f 6684 6683 7217
f 6683 7215 7217
f 6683 6682 7215
f 6682 6681 7215
f 6681 7213 7215
f 6681 6680 7213
f 6680 6679 7213
f 6679 6678 7213
f 6678 7211 7213
f 6678 6677 7211
f 6677 6676 7211
f 6676 6675 7211
f 6675 7209 7211
f 6675 6674 7209
f 6674 6673 7209
f 6673 7207 7209
f 6673 6672 7207
f 6672 6671 7207
f 6671 7204 7207
f 6671 6670 7204
f 6670 6663 7204
f 6663 7202 7204
f 6663 6665 7202
f 6665 6667 7202
f 6667 6668 7202
f 6668 7199 7202
f 7244 7175 7245
f 7245 7175 7246
f 7246 7175 7247
f 7175 7226 7247
f 7247 7226 7248
f 7226 7224 7248
f 7248 7224 7249
f 7224 7222 7249
f 7249 7222 7250
f 7222 7220 7250
f 7250 7220 7251
f 7220 7218 7251
f 7251 7218 7252
f 7218 7216 7252
f 7252 7216 7253
f 7216 7214 7253
f 7253 7214 7254
f 7254 7214 7255
f 7214 7212 7255
f 7255 7212 7256
f 7212 7210 7256
f 7256 7210 7257
f 7210 7208 7257
f 7257 7208 7258
f 7208 7206 7258
f 7258 7206 7259
f 7206 7205 7259
f 7259 7205 7260
f 7205 7203 7260
f 7260 7203 7228
f 7228 7203 7229
f 7203 7201 7229
f 7229 7201 7230
f 7201 7200 7230
f 7230 7200 7231
f 7200 7198 7231
f 7231 7198 7232
f 7198 7196 7232
f 7232 7196 7233
f 7196 7194 7233
f 7233 7194 7234
f 7194 7192 7234
f 7234 7192 7235
f 7192 7191 7235
f 7235 7191 7236
f 7191 7188 7236
f 7236 7188 7237
f 7188 7187 7237
f 7237 7187 7238
f 7187 7184 7238
f 7238 7184 7239
f 7184 7183 7239
f 7239 7183 7240
f 7183 7180 7240
f 7240 7180 7241
f 7180 7179 7241
f 7241 7179 7242
f 7179 7177 7242
f 7242 7177 7243
f 7243 7177 7244
f 7177 7175 7244
f 6662 6562 6559
f 6559 7571 6662
f 6557 6669 7570
f 6557 6555 6669
f 6558 7569 7174
f 6669 6666 7570
f 6666 7572 7570
f 7572 7569 7570
f 7569 7572 7174
f 7572 7127 7174
f 7572 7573 7127
f 7573 7126 7127
f 7571 7126 6664
f 7126 7573 6664
f 6664 6662 7571
f 7574 7576 7575
f 7574 7577 7576
f 7576 7577 7578
f 7577 7579 7578
f 7579 7580 7578
f 7579 7581 7580
f 7579 7582 7581
f 7582 7583 7581
f 7582 7584 7583
f 7584 7585 7583
f 7584 7586 7585
f 7585 7586 7587
f 7586 7588 7587
f 7588 7589 7587
f 7588 7574 7589
f 7574 7575 7589
f 7574 7588 7586
f 7584 7574 7586
f 7574 7584 7582
f 7574 7582 7579
f 7577 7574 7579
f 7590 7150 7120
f 7590 7591 7141
f 7141 7150 7590
f 7591 7583 7585
f 7590 7580 7581
f 7583 7590 7581
f 7591 7590 7583
f 7580 7590 7578
f 7590 7592 7578
f 7591 7585 7593
f 7585 7587 7593
f 7141 7593 7140
f 7141 7591 7593
f 7590 7121 7592
f 7590 7120 7121
f 7546 7556 7545
f 7556 7555 7545
f 7550 7547 7549
f 7550 7548 7547
f 7534 7544 7533
f 7544 7543 7533
f 7538 7535 7537
f 7538 7536 7535
f 7562 7559 7561
f 7562 7560 7559
f 7558 7567 7557
f 7558 7568 7567
f 7173 7553 7172
f 7553 7554 7172
f 7551 7123 7552
f 7123 7124 7552
f 7563 7163 7564
f 7163 7164 7564
f 7160 7565 7159
f 7565 7566 7159
f 7136 7541 7135
f 7541 7542 7135
f 7539 7137 7540
f 7137 7142 7540
f 7587 7589 6909
f 7589 6908 6909
f 7589 7575 6908
f 7575 6886 6908
f 7575 7576 6886
f 7576 7578 6886
f 7593 7587 6911
f 7587 6909 6911
f 6885 6886 7592
f 6886 7578 7592
f 6911 7140 7593
f 6885 7592 7121
f 6911 7139 7140
f 6911 6906 7139
f 6906 7149 7139
f 6906 6880 7149
f 6880 7148 7149
f 6880 7147 7148
f 6880 6752 7147
f 6752 7146 7147
f 6752 7145 7146
f 6752 6753 7145
f 6753 7144 7145
f 6753 7143 7144
f 6753 6768 7143
f 6768 7142 7143
f 6768 6769 7142
f 6733 7158 7159
f 6733 6722 7158
f 6722 7157 7158
f 6722 6783 7157
f 6783 7156 7157
f 6783 7155 7156
f 6783 6781 7155
f 6781 7154 7155
f 6781 7153 7154
f 6781 6807 7153
f 6807 7152 7153
f 6807 6870 7152
f 6870 7151 7152
f 6870 6889 7151
f 6889 7122 7151
f 6889 7121 7122
f 6889 6885 7121
f 6769 7540 7142
f 6733 7159 7566
f 7538 7540 6751
f 7540 6769 6751
f 6721 6733 7568
f 6733 7566 7568
f 6751 6762 7538
f 7538 6762 7536
f 6723 6721 7558
f 7558 6721 7568
f 7534 7536 6739
f 7536 6762 6739
f 6725 6723 7560
f 6723 7558 7560
f 7534 6739 7544
f 6739 6756 7544
f 6730 6725 7562
f 7562 6725 7560
f 7542 7544 6764
f 7544 6756 6764
f 6793 6730 7564
f 6730 7562 7564
f 6764 7135 7542
f 6793 7564 7164
f 6764 6765 7135
f 6765 7134 7135
f 6765 7133 7134
f 6765 6744 7133
f 6744 7132 7133
f 6744 7131 7132
f 6744 6734 7131
f 6734 7130 7131
f 6734 6735 7130
f 6735 7129 7130
f 6735 7125 7129
f 6735 6757 7125
f 6757 7124 7125
f 6757 6758 7124
f 6778 6767 7172
f 6767 7171 7172
f 6767 6748 7171
f 6748 7170 7171
f 6748 6746 7170
f 6746 7169 7170
f 6746 7168 7169
f 6746 6747 7168
f 6747 7167 7168
f 6747 6766 7167
f 6766 7166 7167
f 6766 7165 7166
f 6766 6792 7165
f 6792 7164 7165
f 6792 6793 7164
f 6758 7552 7124
f 6778 7172 7554
f 7550 7552 6726
f 7552 6758 6726
f 6745 6778 7556
f 6778 7554 7556
f 6726 6727 7550
f 7550 6727 7548
f 6774 6745 7546
f 7546 6745 7556
f 7546 7548 6774
f 7548 6727 6774
f 6568 7594 6570
f 7595 7594 6568
f 6567 6564 7596
f 6564 6660 7596
f 6554 7598 7597
f 6554 6570 7598
f 7599 7600 6657
f 7600 6659 6657
f 6554 7597 6654
f 6570 7594 7598
f 6568 6567 7595
f 6567 7596 7595
f 6657 6654 7597
f 7599 6657 7598
f 6657 7597 7598
f 7599 7598 7594
f 7600 7599 7595
f 7599 7594 7595
f 7600 7595 7596
f 6659 7600 6660
f 7600 7596 6660
f 7525 6877 6878
f 7017 7015 7409
f 7015 7410 7409
f 7015 7033 7410
f 6995 7009 7428
f 7009 7008 7428
f 7008 7429 7428
f 7008 7006 7429
f 6981 6990 7445
f 6990 6995 7445
f 6995 7444 7445
f 6973 6971 7460
f 6971 7461 7460
f 6971 6981 7461
f 6969 6965 7477
f 6965 7478 7477
f 6965 6966 7478
f 6966 7476 7478
f 6966 6973 7476
f 6946 6949 7496
f 6949 7489 7496
f 6949 6947 7489
f 6947 7497 7489
f 6935 6941 7510
f 6941 7515 7510
f 6941 6946 7515
f 6924 6925 7526
f 6925 7524 7526
f 6925 6935 7524
f 6935 7525 7524
f 7100 7096 7269
f 7096 7270 7269
f 7096 7119 7270
f 7119 7271 7270
f 7119 6924 7271
f 7079 7104 7286
f 7104 7287 7286
f 7104 7103 7287
f 7072 7081 7304
f 7081 7310 7304
f 7081 7079 7310
f 7076 7066 7320
f 7066 7321 7320
f 7066 7072 7321
f 7112 7110 7342
f 7110 7338 7342
f 7110 7337 7338
f 7110 7076 7337
f 7046 7045 7354
f 7045 7115 7354
f 7115 7360 7354
f 7037 7041 7376
f 7041 7377 7376
f 7041 7046 7377
f 7033 7032 7389
f 7032 7034 7389
f 7034 7388 7389
f 7034 7037 7388
f 6857 6946 7496
f 6857 6858 6946
f 6858 7515 6946
f 6877 6935 7510
f 6877 7525 6935
f 6847 6924 7526
f 6847 6849 6924
f 6849 7271 6924
f 6775 7100 7269
f 6775 7099 7100
f 6775 6773 7099
f 6773 6760 7099
f 6760 7101 7099
f 6760 7103 7101
f 6760 6759 7103
f 6759 7287 7103
f 6840 7079 7286
f 6840 6839 7079
f 6839 7310 7079
f 6787 7072 7304
f 6787 6788 7072
f 6788 7321 7072
f 6856 7076 7320
f 6856 6854 7076
f 6854 7337 7076
f 6741 6754 7342
f 6754 7112 7342
f 6754 6755 7112
f 6755 7113 7112
f 6755 6763 7113
f 6763 7115 7113
f 6763 6761 7115
f 6761 7360 7115
f 6838 7046 7354
f 6838 6836 7046
f 6836 7377 7046
f 6852 7037 7376
f 6852 6851 7037
f 6851 7388 7037
f 6853 7033 7389
f 6853 6825 7033
f 6825 7410 7033
f 6899 7017 7409
f 6899 6900 7017
f 6900 7019 7017
f 6900 6896 7019
f 6896 7000 7019
f 6896 7006 7000
f 6896 6897 7006
f 6897 7429 7006
f 6903 6995 7428
f 6903 6902 6995
f 6902 7444 6995
f 6796 6981 7445
f 6796 6797 6981
f 6797 7461 6981
f 6874 6973 7460
f 6874 6873 6973
f 6873 7476 6973
f 6795 6969 7477
f 6795 6794 6969
f 6794 6955 6969
f 6794 6738 6955
f 6738 6732 6955
f 6732 6947 6955
f 6732 7497 6947

