v -0.00131017 -0.06130721 -0.22518042
v -0.00362613 -0.06121080 -0.20896639
v -0.00029517 -0.06130977 -0.20900689
v -0.00551045 -0.06106680 -0.22517827
v -0.00891105 -0.06068167 -0.20895232
v -0.00851595 -0.06071322 -0.22517833
v -0.01150265 -0.06022642 -0.22518010
v -0.01379337 -0.05974875 -0.20895474
v -0.01543980 -0.05934398 -0.22517681
v -0.01704167 -0.05889628 -0.20899436
v -0.01930839 -0.05819791 -0.22518031
v -0.02106132 -0.05760320 -0.20897067
v -0.02309507 -0.05680513 -0.22517824
v -0.02624443 -0.05543959 -0.20896465
v -0.02586647 -0.05558964 -0.22517833
v -0.02858098 -0.05425220 -0.22518015
v -0.03199190 -0.05233627 -0.20894390
v -0.03208911 -0.05225899 -0.22517683
v -0.03545468 -0.05003359 -0.22518034
v -0.03689908 -0.04899720 -0.20896351
v -0.03866993 -0.04759619 -0.22517823
v -0.04011442 -0.04637998 -0.20895077
v -0.04171808 -0.04495242 -0.22517619
v -0.04361809 -0.04312797 -0.20897490
v -0.04458128 -0.04210953 -0.22518028
v -0.04617286 -0.04035254 -0.20895052
v -0.04725594 -0.03908876 -0.22517805
v -0.04806763 -0.03808729 -0.20895714
v -0.04912030 -0.03670501 -0.22517833
v -0.05097017 -0.03412009 -0.20895849
v -0.05087683 -0.03424089 -0.22518025
v -0.05302030 -0.03082265 -0.22517827
v -0.05312803 -0.03063897 -0.20897131
v -0.05446915 -0.02816580 -0.22517833
v -0.05465804 -0.02781366 -0.20894676
v -0.05579942 -0.02544769 -0.22517902
v -0.05662587 -0.02359759 -0.20897701
v -0.05735340 -0.02172412 -0.22517772
v -0.05811409 -0.01960138 -0.20896880
v -0.05865539 -0.01790524 -0.22518028
v -0.05929030 -0.01569360 -0.20896755
v -0.05970779 -0.01401021 -0.22517826
v -0.06010113 -0.01219139 -0.20896457
v -0.06031800 -0.01104615 -0.22517833
v -0.06063982 -0.00914954 -0.20899685
v -0.06079584 -0.00805801 -0.22518012
v -0.06105582 -0.00581633 -0.20895867
v -0.06119728 -0.00404319 -0.22517681
v -0.06130809 -0.00155980 -0.20898746
v -0.06132766 -0.00001049 -0.22517955
v -0.06131443 0.00145886 -0.20896822
v -0.06119667 0.00402211 -0.22517814
v -0.06107649 0.00553317 -0.20897767
v -0.06091501 0.00703520 -0.22517833
v -0.06071673 0.00865909 -0.20895718
v -0.06049976 0.01003268 -0.22518018
v -0.05985318 0.01341160 -0.20894122
v -0.05971180 0.01398981 -0.22517690
v -0.05841271 0.01872580 -0.20896345
v -0.05865872 0.01788475 -0.22518031
v -0.05735713 0.02170374 -0.22517806
v -0.05684597 0.02300984 -0.20896210
v -0.05620816 0.02450337 -0.22517833
v -0.05554449 0.02598638 -0.20898674
v -0.05493601 0.02724909 -0.22518022
v -0.05408168 0.02890588 -0.20895287
v -0.05302735 0.03080392 -0.22517687
v -0.05181984 0.03281490 -0.20894776
v -0.05088324 0.03422185 -0.22518028
v -0.04857225 0.03745941 -0.20896211
v -0.04852384 0.03749483 -0.22517772
v -0.04595124 0.04060312 -0.22517902
v -0.04533022 0.04129157 -0.20894605
v -0.04388590 0.04281494 -0.22517833
v -0.04305845 0.04366197 -0.20894831
v -0.04172381 0.04493218 -0.22518013
v -0.04035563 0.04616369 -0.20895937
v -0.03945129 0.04693043 -0.22517833
v -0.03718086 0.04876694 -0.20895141
v -0.03709111 0.04882432 -0.22518000
v -0.03463259 0.05058874 -0.22517833
v -0.03417986 0.05090678 -0.20894144
v -0.03209821 0.05224227 -0.22517817
v -0.03086935 0.05297799 -0.20894951
v -0.02947674 0.05375422 -0.22517833
v -0.02773492 0.05467853 -0.20894605
v -0.02679078 0.05514811 -0.22518018
v -0.02488417 0.05603207 -0.20896798
v -0.02310629 0.05679261 -0.22517689
v -0.02165317 0.05736259 -0.20897345
v -0.01931930 0.05818478 -0.22518034
v -0.01808896 0.05858286 -0.20896246
v -0.01545062 0.05933027 -0.22517812
v -0.01408955 0.05966797 -0.20899116
v -0.01250198 0.06001113 -0.22517833
v -0.01003160 0.06047943 -0.20899272
v -0.00952612 0.06056027 -0.22518021
v -0.00678094 0.06093019 -0.20898552
v -0.00652510 0.06094919 -0.22517833
v -0.00364061 0.06120049 -0.20894775
v -0.00350967 0.06120465 -0.22517787
v 0.00083990 0.06131011 -0.20897561
v -0.00014094 0.06130115 -0.22517818
v -0.04012326 0.04578261 -0.22567837
v -0.05174191 0.03208284 -0.22567835
v -0.03102721 0.05240938 -0.22567834
v 0.05348068 0.02879198 -0.22567883
v 0.04923765 0.03556580 -0.22567880
v -0.00254671 -0.06069207 -0.22567843
v 0.05679781 0.02151981 -0.22567888
v 0.05913164 0.01387514 -0.22567894
v -0.00119702 0.06076972 -0.22567835
v -0.05042265 -0.03393513 -0.22567880
v -0.04535488 -0.04043374 -0.22567898
v -0.05444048 -0.02702536 -0.22567885
v -0.00943506 -0.06006311 -0.22567841
v -0.03007966 -0.05280711 -0.22567873
v -0.02288831 -0.05629599 -0.22567871
v -0.03811945 -0.04731414 -0.22567895
v 0.03828236 0.04716009 -0.22567874
v 0.03175971 0.05177991 -0.22567873
v 0.04414215 0.04172402 -0.22567877
v -0.06064750 -0.00400692 -0.22567903
v -0.05959753 -0.01193064 -0.22567895
v 0.02445235 0.05559000 -0.22567891
v 0.06044177 0.00599025 -0.22567900
v 0.06070554 -0.00199838 -0.22567908
v 0.05355832 -0.02883083 -0.22567834
v 0.05744446 -0.02015426 -0.22567834
v -0.01530121 -0.05881070 -0.22567871
v -0.05751652 -0.01964798 -0.22567889
v -0.06077963 0.00198998 -0.22567838
v -0.05661206 0.02249093 -0.22567835
v -0.00746219 0.06030497 -0.22567908
v 0.00715875 0.06031240 -0.22567888
v 0.01526002 0.05880122 -0.22567871
v 0.05999943 -0.00996670 -0.22567834
v 0.03987584 -0.04593859 -0.22567834
v 0.04709264 -0.03864494 -0.22567834
v 0.00543838 -0.06060049 -0.22567834
v -0.06001018 0.01045876 -0.22567834
v -0.04690283 0.03877281 -0.22567835
v 0.01456890 -0.05909809 -0.22567834
v -0.02292943 0.05635863 -0.22567834
v -0.01533250 0.05887811 -0.22567834
v 0.03098611 -0.05241877 -0.22567837
v 0.02288820 -0.05636804 -0.22567841
v 0.02515225 0.05098552 -0.18219745
v 0.02635145 0.05106379 -0.18144219
v 0.02517849 0.05118017 -0.18143609
v 0.03863299 0.05083227 -0.16791193
v 0.03898760 0.05036844 -0.16752966
v 0.03858594 0.05093516 -0.16762242
v 0.03862315 0.05092767 -0.16714798
v 0.03897314 0.05040367 -0.16676678
v 0.03858907 0.05100302 -0.16666350
v 0.01920529 0.05110577 -0.18298663
v 0.02042796 0.05094983 -0.18376103
v 0.02040581 0.05107949 -0.18298012
v 0.00946882 0.05104915 -0.18234155
v 0.00814102 0.05108769 -0.18160461
v 0.00696056 0.05098095 -0.18167445
v -0.00167106 0.05088100 -0.17475611
v -0.00084676 0.05101726 -0.17541322
v -0.00115019 0.05116267 -0.17453398
v 0.00026129 0.05096522 -0.17684881
v 0.00108098 0.05100410 -0.17752264
v 0.00089570 0.05117359 -0.17675370
v -0.01246630 0.03197821 -0.17770153
v -0.01165490 0.03646072 -0.17453352
v -0.01209911 0.03237006 -0.17462716
v -0.00377985 0.05086033 -0.17061310
v -0.00509135 0.04989560 -0.17096718
v -0.00364356 0.05086277 -0.17100288
v -0.00404574 0.05114150 -0.16569783
v -0.00408290 0.05112119 -0.16503286
v -0.00415178 0.05107271 -0.16530070
v -0.00037036 0.05117747 -0.17544058
v -0.00001700 0.05110625 -0.17607746
v 0.00015534 0.05120802 -0.17580456
v 0.00050247 0.05118477 -0.17633647
v 0.00199196 0.05120917 -0.17748618
v 0.00246156 0.05115726 -0.17812270
v 0.00259467 0.05121170 -0.17792994
v 0.00319397 0.05121002 -0.17837182
v 0.00509525 0.05121133 -0.17952098
v 0.00445255 0.05121175 -0.17915472
v 0.00465189 0.05117977 -0.17947184
v 0.00779289 0.05121143 -0.18075904
v 0.00800722 0.05120232 -0.18092965
v 0.00850049 0.05121285 -0.18100092
v 0.00933492 0.05117135 -0.18154901
v 0.00920747 0.05121294 -0.18123440
v 0.00991577 0.05121223 -0.18145494
v 0.01279812 0.05121300 -0.18208532
v 0.01186824 0.05116051 -0.18227026
v 0.01307908 0.05120009 -0.18224721
v 0.01499527 0.05121267 -0.18235773
v 0.01558466 0.05111808 -0.18301331
v 0.01573511 0.05121289 -0.18240446
v 0.02018995 0.05121236 -0.18228737
v 0.02998361 0.05118087 -0.17933737
v 0.03055493 0.05108976 -0.17924769
v 0.03025655 0.05121282 -0.17897911
v 0.03175597 0.05117586 -0.17820258
v 0.03141557 0.05117313 -0.17845388
v 0.03175670 0.05105033 -0.17853242
v 0.03603796 0.05113512 -0.17397983
v 0.03670299 0.05088746 -0.17351489
v 0.03633019 0.05114533 -0.17349769
v 0.03665134 0.05112412 -0.17303470
v 0.03751158 0.05106013 -0.17149816
v 0.03719889 0.05110977 -0.17205015
v 0.03739782 0.05094337 -0.17204763
v -0.00466682 0.05069374 -0.16541827
v -0.00429815 0.05096677 -0.16503285
v -0.00463474 0.05071743 -0.16503286
v -0.01211882 0.03704106 -0.18184383
v -0.01354795 0.03178240 -0.18159117
v -0.01416564 0.03223802 -0.18347950
v -0.02353818 0.05456596 -0.20643832
v -0.01687652 0.05691936 -0.20636992
v -0.01963287 0.05196600 -0.20328093
v -0.01393480 0.05576781 -0.20462391
v -0.01054064 0.05844041 -0.20638812
v -0.00983704 0.05655940 -0.20433497
v -0.00619224 0.05627174 -0.20315550
v -0.00498188 0.05834889 -0.20541918
v -0.00202791 0.05912903 -0.20614706
v 0.00235912 0.05881748 -0.20567939
v -0.00006228 0.05743780 -0.20367160
v 0.00680046 0.05944202 -0.20701593
v 0.00567605 0.05777072 -0.20427670
v 0.01021574 0.05646659 -0.20276164
v 0.01311150 0.05765832 -0.20574182
v 0.01536917 0.05662065 -0.20459396
v 0.01974708 0.05610991 -0.20582467
v 0.02692367 0.05308497 -0.20402223
v 0.02702924 0.05357236 -0.20576723
v 0.03845576 0.05101181 -0.16828245
v 0.03861772 0.05079248 -0.16829285
v 0.03859656 0.05074711 -0.16867307
v 0.03835637 0.05101937 -0.16884415
v 0.03856989 0.05069635 -0.16905250
v 0.03822757 0.05102740 -0.16941172
v 0.03853821 0.05064052 -0.16943108
v 0.03850209 0.05058000 -0.16980873
v 0.03806131 0.05107153 -0.16986616
v 0.03792643 0.05072204 -0.17130822
v 0.03800210 0.05091878 -0.17054683
v 0.03762278 0.05111376 -0.17100225
v 0.03807653 0.05096061 -0.17018516
v 0.03694354 0.05107929 -0.17265052
v 0.03727417 0.05074326 -0.17278695
v 0.03584171 0.05050597 -0.17569938
v 0.03545541 0.05113500 -0.17478369
v 0.03536033 0.05079037 -0.17568639
v 0.03432218 0.05115492 -0.17603788
v 0.03486883 0.05106045 -0.17567271
v 0.03461649 0.05115303 -0.17573699
v 0.03488733 0.05115535 -0.17541368
v 0.03516650 0.05115081 -0.17509626
v 0.03229804 0.05088311 -0.17854477
v 0.02850127 0.05118665 -0.18010376
v 0.02934598 0.05108588 -0.17997113
v 0.02917370 0.05121266 -0.17959295
v 0.02990993 0.05097161 -0.17997968
v 0.02813664 0.05105064 -0.18070358
v 0.02756044 0.05113557 -0.18069763
v 0.02768286 0.05121284 -0.18031056
v 0.02696951 0.05119210 -0.18075690
v 0.02623999 0.05119625 -0.18101600
v 0.02165499 0.05120154 -0.18218440
v 0.02278782 0.05114900 -0.18219694
v 0.02238448 0.05121296 -0.18194842
v 0.02311081 0.05121295 -0.18179703
v 0.02383504 0.05121262 -0.18162748
v 0.01796989 0.05121274 -0.18243514
v 0.01871234 0.05121288 -0.18240274
v 0.01945218 0.05121286 -0.18235229
v 0.01425935 0.05121283 -0.18228608
v 0.01352633 0.05121259 -0.18220004
v 0.01437727 0.05110367 -0.18302676
v 0.01317253 0.05108084 -0.18304412
v 0.01066423 0.05111115 -0.18230115
v 0.01135006 0.05121271 -0.18181051
v 0.01207262 0.05121297 -0.18195657
v 0.00679649 0.05111208 -0.18088932
v 0.00710483 0.05121239 -0.18047173
v 0.00642247 0.05121185 -0.18017803
v -0.00214659 0.05118965 -0.17285092
v -0.00196729 0.05097883 -0.17398448
v -0.00187494 0.05117690 -0.17342401
v -0.00338038 0.05087004 -0.17178847
v -0.00256439 0.05113752 -0.17239487
v -0.00284734 0.05114150 -0.17179577
v -0.00326208 0.05116393 -0.17060411
v -0.00302317 0.05117022 -0.17118621
v -0.00350445 0.05085957 -0.17139228
v -0.00428901 0.05079122 -0.16905105
v -0.00365462 0.05115405 -0.16939725
v -0.00373463 0.05115680 -0.16902253
v -0.00389800 0.05116767 -0.16789095
v -0.00411949 0.05104481 -0.16775562
v -0.00397228 0.05110788 -0.16818605
v -0.00394740 0.05116267 -0.16751352
v -0.00422130 0.05099696 -0.16736482
v -0.00398387 0.05115808 -0.16713400
v -0.00431773 0.05094292 -0.16697443
v -0.00402157 0.05114794 -0.16675429
v -0.00449770 0.05082195 -0.16619521
v -0.00402497 0.05115042 -0.16637436
v -0.00440547 0.05075850 -0.16866012
v -0.00451700 0.05071949 -0.16826919
v -0.00578282 0.04972393 -0.16836208
v -0.00511035 0.05028960 -0.16800696
v -0.00462336 0.05067421 -0.16787836
v -0.00472438 0.05062274 -0.16748777
v -0.00521034 0.05023458 -0.16761658
v -0.00482002 0.05056532 -0.16709758
v -0.00388323 0.05112489 -0.16860102
v -0.00499837 0.05043750 -0.16631871
v -0.00530519 0.05017413 -0.16722660
v -0.00548141 0.05004037 -0.16644812
v -0.00416787 0.05081766 -0.16944188
v -0.00346631 0.05116060 -0.17000595
v -0.00404240 0.05083792 -0.16983256
v -0.00391293 0.05085210 -0.17022297
v -0.00717526 0.04793362 -0.17107852
v -0.00827703 0.04706851 -0.16526623
v -0.00941905 0.04526705 -0.16590588
v -0.00832804 0.04688491 -0.16862768
v -0.00611542 0.04948544 -0.16580693
v -0.00708349 0.04852542 -0.16607441
v -0.01133393 0.03968742 -0.16770661
v -0.01170851 0.03696053 -0.16722441
v -0.01185956 0.03438510 -0.16607465
v -0.01194194 0.03308090 -0.17150211
v -0.01191209 0.03025988 -0.16815652
v -0.01216377 0.02682509 -0.17274007
v -0.00226804 0.05106676 -0.17321295
v -0.00913563 0.04532617 -0.17041795
v -0.00562985 0.04855032 -0.17435949
v -0.00137887 0.05077257 -0.17552665
v -0.00056019 0.05089042 -0.17618388
v 0.00602613 0.05119004 -0.18014826
v 0.00543826 0.05111430 -0.18019836
v 0.00620786 0.05104880 -0.18093282
v 0.00562371 0.05097667 -0.18098062
v 0.00485518 0.05103208 -0.18025349
v 0.01063230 0.05121285 -0.18163855
v 0.01197214 0.05104942 -0.18306671
v 0.00189533 0.05101442 -0.17820603
v 0.00164088 0.05116893 -0.17743151
v 0.00575587 0.05121231 -0.17985441
v 0.00407105 0.05108265 -0.17953412
v 0.00381284 0.05120989 -0.17878154
v 0.00270133 0.05100222 -0.17889903
v 0.00349580 0.05097739 -0.17960204
v 0.00327248 0.05112634 -0.17882366
v 0.00427717 0.05094173 -0.18031380
v 0.00150868 0.05120876 -0.17708819
v -0.00068245 0.05120273 -0.17488736
v -0.00158810 0.05115527 -0.17396455
v 0.00364218 0.05059274 -0.18192557
v -0.00198319 0.04989044 -0.17776412
v -0.01038868 0.04313389 -0.16570416
v -0.01021326 0.04305738 -0.17065158
v 0.00566999 0.05066460 -0.18427619
v 0.00052933 0.05082457 -0.17762004
v -0.00027733 0.05073930 -0.17695066
v -0.01079334 0.04193350 -0.13299295
v -0.00114129 0.04959249 -0.18085961
v -0.01086950 0.04103108 -0.17112207
v -0.01091703 0.03949853 -0.17953706
v -0.01174781 0.03672856 -0.17881314
v -0.01098293 0.03954266 -0.17510097
v -0.01023526 0.04117398 -0.17876273
v -0.00994898 0.04233686 -0.17551684
v -0.00909925 0.04331022 -0.17852329
v -0.01040985 0.04100363 -0.18192413
v -0.01267761 0.03317272 -0.17977314
v -0.01288911 0.02501838 -0.17664301
v -0.01303701 0.03592560 -0.18364005
v -0.01291317 0.03687725 -0.18432543
v -0.00922525 0.04320312 -0.18369125
v -0.01115352 0.04036711 -0.18413499
v -0.01181447 0.04025484 -0.18595420
v -0.01480682 0.03473491 -0.18628079
v -0.01484480 0.03662944 -0.18768398
v 0.01828556 0.05083603 -0.18574457
v 0.01804418 0.05099966 -0.18378252
v 0.01233867 0.05088780 -0.18504921
v -0.00392743 0.04857050 -0.17898206
v -0.00641660 0.04709036 -0.17713046
v -0.00830290 0.04559290 -0.17436960
v 0.00825054 0.05082113 -0.18645619
v 0.00547701 0.05073949 -0.18739428
v 0.00386472 0.05111406 -0.19012350
v 0.01263462 0.05102171 -0.18819383
v 0.00271122 0.05044723 -0.18751781
v -0.00155983 0.04912832 -0.18453887
v -0.00417049 0.04789577 -0.18294577
v -0.00783088 0.04525790 -0.17821586
v -0.00020532 0.04977808 -0.18727052
v -0.00035564 0.05038692 -0.19020483
v -0.00670233 0.04609579 -0.18110427
v -0.00439401 0.04783040 -0.18556824
v -0.00834977 0.04423772 -0.18130328
v 0.00410435 0.05187862 -0.19273104
v -0.00006007 0.05119806 -0.19254735
v 0.00280222 0.05314329 -0.19610736
v -0.00625552 0.04644882 -0.18431811
v -0.00612553 0.04696820 -0.18720204
v -0.00356893 0.04872941 -0.18841687
v -0.00801475 0.04484626 -0.18472369
v -0.01200003 0.04098507 -0.18750729
v -0.00910632 0.04469614 -0.18798120
v -0.00635498 0.04754574 -0.18952879
v -0.01122684 0.04243630 -0.18812117
v -0.00300336 0.05020660 -0.19225594
v -0.00011483 0.05253192 -0.19567773
v -0.00341122 0.05174199 -0.19572659
v -0.00516511 0.05018880 -0.19405185
v -0.00752590 0.04796062 -0.19221817
v -0.01056301 0.04661546 -0.19319893
v -0.00931283 0.04911617 -0.19549020
v -0.00740058 0.05129386 -0.19721551
v -0.01215401 0.04310118 -0.19053327
v -0.00981771 0.04544107 -0.19062918
v -0.01346119 0.04107908 -0.18990698
v -0.01312677 0.04626799 -0.19502385
v -0.00296777 0.05317656 -0.19788508
v -0.01248579 0.04941840 -0.19790703
v -0.01504066 0.04054904 -0.19125731
v -0.01432879 0.04390588 -0.19363937
v -0.01849113 0.04775830 -0.19954699
v -0.01530939 0.04698784 -0.19718622
v -0.01416880 0.05070893 -0.20000146
v -0.01894527 0.04475566 -0.19753209
v -0.01769003 0.04151146 -0.19431920
v -0.01500361 0.05331706 -0.20273641
v 0.04355163 0.04296483 -0.18354219
v 0.04492784 0.04158816 -0.19383603
v 0.04569390 0.04084034 -0.18096505
v 0.04586235 0.04063887 -0.20352468
v 0.04100797 0.04496165 -0.18561549
v 0.04310172 0.04324292 -0.18971108
v 0.03911667 0.04642127 -0.18352254
v 0.03874889 0.04628089 -0.18812793
v 0.04040977 0.04522104 -0.19260180
v 0.04199699 0.04414883 -0.19589886
v 0.03806283 0.04661427 -0.19253895
v 0.03641809 0.04754338 -0.18649736
v 0.03428731 0.04830164 -0.19074869
v 0.03394743 0.04840747 -0.18794344
v 0.03489055 0.04862329 -0.18325756
v 0.03323661 0.04880022 -0.19375880
v 0.03725505 0.04744282 -0.19901958
v 0.04346909 0.04304105 -0.20102623
v 0.03987905 0.04575375 -0.19781251
v 0.02968070 0.05011903 -0.18319525
v 0.03048150 0.04961149 -0.18557590
v 0.03201000 0.04976223 -0.18233246
v 0.01722466 0.05121275 -0.18244554
v 0.01800043 0.05112005 -0.18299401
v 0.01923819 0.05098037 -0.18377148
v 0.01647820 0.05121274 -0.18243612
v 0.01679297 0.05112378 -0.18300268
v 0.02437481 0.05054223 -0.18512255
v 0.02278698 0.05098290 -0.18296862
v 0.02161192 0.05090502 -0.18375081
v 0.02160027 0.05103947 -0.18297417
v 0.02159733 0.05066076 -0.18779679
v 0.02092401 0.05121274 -0.18219247
v 0.01855139 0.05094070 -0.18908948
v 0.02079988 0.05101103 -0.19086808
v 0.00147781 0.05001543 -0.18411860
v 0.01454393 0.05164466 -0.19196954
v 0.02083320 0.05150079 -0.19354984
v 0.00858125 0.05164292 -0.19137351
v 0.03963588 0.04634775 -0.20470993
v 0.04184482 0.04461485 -0.20524134
v 0.04327089 0.04342061 -0.20870629
v 0.03684188 0.04851842 -0.20639274
v 0.03548709 0.04876979 -0.20213825
v 0.03352658 0.05038044 -0.20549956
v 0.02958412 0.04960810 -0.18809389
v 0.03011052 0.05010154 -0.19609246
v 0.03312109 0.04925337 -0.19764276
v 0.02631544 0.05086866 -0.18219903
v 0.02564641 0.05086898 -0.19410458
v 0.02674188 0.05029404 -0.19158521
v 0.02672700 0.05154359 -0.19837168
v 0.02996258 0.05095818 -0.20017466
v 0.02574433 0.05277457 -0.20164962
v 0.02343084 0.05191926 -0.19680840
v 0.01893893 0.05238125 -0.19589572
v 0.01093223 0.05264629 -0.19469367
v 0.00634728 0.05276374 -0.19482850
v 0.01608860 0.05316415 -0.19713685
v 0.02101303 0.05372301 -0.20081401
v -0.00236708 0.05452994 -0.19979152
v 0.02892481 0.04978868 -0.19059508
v 0.03236031 0.05041605 -0.20249937
v 0.03061381 0.05199988 -0.20591804
v 0.01320945 0.05414035 -0.19871560
v 0.00849654 0.05470086 -0.19912559
v 0.00372609 0.05533882 -0.20016900
v -0.00970587 0.05249611 -0.19985332
v -0.00964968 0.05409352 -0.20162486
v 0.00037743 0.05530486 -0.20041768
v 0.01649227 0.05504084 -0.20173986
v -0.01653922 0.03771496 -0.19059560
v 0.03965742 0.04932741 -0.16828755
v 0.04329898 0.04411286 -0.16945919
v 0.04189408 0.04610426 -0.16712408
v 0.03986968 0.04777239 -0.17414884
v 0.03928245 0.04974183 -0.16904835
v 0.03923561 0.04965410 -0.16980539
v 0.03932610 0.04986957 -0.16752860
v 0.03931610 0.04981609 -0.16828957
v 0.03897080 0.05030552 -0.16829140
v 0.03887307 0.05011965 -0.16980746
v 0.03890459 0.05017318 -0.16942960
v 0.03893173 0.05022221 -0.16905092
v 0.03895394 0.05026640 -0.16867150
v 0.03846217 0.05051524 -0.17018545
v 0.04354187 0.04332730 -0.17669684
v 0.04143096 0.04613428 -0.17370048
v 0.04183456 0.04485887 -0.17908701
v 0.04535068 0.04136164 -0.17074880
v 0.04731006 0.03895355 -0.19511546
v 0.03861493 0.04971554 -0.17205435
v 0.03871419 0.04986767 -0.17131013
v 0.04011662 0.04636503 -0.17913629
v 0.03841907 0.05044668 -0.17056122
v 0.03879928 0.05000068 -0.17056066
v 0.03832553 0.05029975 -0.17130998
v 0.03822470 0.05014140 -0.17205513
v 0.03811743 0.04997189 -0.17279691
v 0.03758187 0.05017065 -0.17353046
v 0.03800638 0.04979421 -0.17353611
v 0.03746209 0.04997279 -0.17426603
v 0.03702109 0.05032335 -0.17425780
v 0.03714770 0.05053553 -0.17352344
v 0.03770099 0.05036349 -0.17279275
v 0.03781662 0.05054810 -0.17205219
v 0.03657014 0.05066114 -0.17424825
v 0.03610861 0.05098513 -0.17423736
v 0.03571291 0.05113442 -0.17444336
v 0.03631337 0.05020786 -0.17571157
v 0.03773517 0.04862288 -0.17741078
v 0.03917130 0.04954860 -0.17055915
v 0.03372263 0.05115854 -0.17662588
v 0.03423180 0.05104886 -0.17638874
v 0.03399892 0.05117311 -0.17630854
v 0.03473618 0.05080385 -0.17640290
v 0.03523307 0.05054811 -0.17641798
v 0.03309691 0.05116174 -0.17718534
v 0.03358868 0.05101194 -0.17710540
v 0.03339093 0.05117358 -0.17688473
v 0.03410436 0.05079040 -0.17711951
v 0.03461191 0.05055667 -0.17713419
v 0.03242074 0.05114450 -0.17779352
v 0.03294304 0.05095501 -0.17782375
v 0.03275712 0.05117374 -0.17743360
v 0.03346848 0.05075534 -0.17783734
v 0.03398541 0.05054225 -0.17785110
v 0.03449401 0.05031600 -0.17786498
v 0.03209632 0.05117488 -0.17795347
v 0.03283167 0.05070353 -0.17855741
v 0.03335758 0.05051133 -0.17857049
v 0.03663243 0.04842052 -0.18051624
v 0.03061154 0.05121262 -0.17876123
v 0.03105740 0.05117838 -0.17867857
v 0.03110901 0.05095092 -0.17925833
v 0.03165630 0.05080099 -0.17926927
v 0.03219971 0.05064597 -0.17928267
v 0.03046795 0.05084746 -0.17998855
v 0.03101988 0.05071306 -0.17999782
v 0.03156560 0.05056804 -0.18000759
v 0.03210499 0.05041204 -0.18001799
v 0.03039009 0.05062220 -0.18073033
v 0.02983494 0.05074413 -0.18072324
v 0.02927406 0.05085529 -0.18071631
v 0.02870790 0.05095733 -0.18070978
v 0.02750847 0.05091932 -0.18144919
v 0.02513102 0.05081576 -0.18295987
v 0.02308198 0.05413221 -0.20333926
v 0.02396444 0.05090992 -0.18296388
v 0.02397586 0.05107791 -0.18219686
v 0.02458746 0.05119758 -0.18154502
v 0.02535505 0.05121281 -0.18119001
v 0.02563784 0.05024290 -0.18793784
v 0.03410436 -0.05079988 -0.17711951
v 0.03346848 -0.05076483 -0.17783734
v 0.03358868 -0.05102142 -0.17710540
v 0.03657106 -0.05067166 -0.17424868
v 0.03584171 -0.05051545 -0.17569938
v 0.03610861 -0.05099462 -0.17423736
v 0.01066413 -0.05112052 -0.18230133
v 0.00814102 -0.05109718 -0.18160461
v 0.00933492 -0.05118083 -0.18154901
v 0.00634743 -0.05248388 -0.19409157
v 0.00812464 -0.05146620 -0.19062941
v 0.01092577 -0.05239121 -0.19394949
v 0.01437727 -0.05111315 -0.18302676
v 0.01197220 -0.05105769 -0.18306680
v 0.01317253 -0.05109033 -0.18304412
v 0.03260208 -0.04970700 -0.19900887
v 0.02993944 -0.05137216 -0.20195006
v 0.02739049 -0.05190583 -0.20047092
v 0.03545540 -0.04801410 -0.19536085
v 0.03731479 -0.04698480 -0.19153655
v 0.03765485 -0.04698070 -0.19608065
v 0.03401865 -0.05117061 -0.17632839
v 0.03431655 -0.05116788 -0.17603248
v 0.03423180 -0.05105834 -0.17638874
v 0.03371910 -0.05117019 -0.17662215
v 0.03141555 -0.05118262 -0.17845385
v 0.03110901 -0.05096041 -0.17925833
v 0.03096921 -0.05121999 -0.17854506
v 0.03034183 -0.05119145 -0.17912020
v 0.03062494 -0.05121795 -0.17878243
v 0.03055493 -0.05109924 -0.17924769
v 0.02882949 -0.05118957 -0.17996711
v 0.02870790 -0.05096681 -0.18070978
v 0.02849583 -0.05119950 -0.18009247
v 0.02238499 -0.05122222 -0.18195105
v 0.02278782 -0.05115849 -0.18219694
v 0.02165969 -0.05121991 -0.18210511
v 0.01279767 -0.05122231 -0.18208805
v 0.01352589 -0.05122183 -0.18220328
v 0.01307908 -0.05120957 -0.18224721
v 0.00151997 -0.05122067 -0.17707501
v 0.00200205 -0.05122087 -0.17747359
v 0.00164088 -0.05117841 -0.17743151
v 0.02272831 -0.05576241 -0.20701316
v 0.01988251 -0.05620582 -0.20610443
v 0.02279452 -0.05443703 -0.20386556
v 0.01209845 -0.05868964 -0.20709987
v 0.01609801 -0.05630693 -0.20423771
v 0.01131575 -0.05691805 -0.20380303
v 0.00793159 -0.05853162 -0.20589125
v 0.00230453 -0.05925301 -0.20629925
v 0.00541118 -0.05746826 -0.20375390
v 0.00127694 -0.05743569 -0.20357883
v -0.00387600 -0.05743653 -0.20409286
v -0.00560846 -0.05953545 -0.20696115
v -0.00889819 -0.05716745 -0.20473944
v -0.01054064 -0.05844991 -0.20638810
v -0.01306173 -0.05533165 -0.20396070
v -0.01592899 -0.05722228 -0.20640749
v -0.01605717 -0.05417307 -0.20384942
v -0.01982450 -0.05415075 -0.20499204
v -0.02162389 -0.05530737 -0.20640109
v -0.01188296 -0.03364965 -0.16779783
v -0.01191219 -0.00453133 -0.16690652
v -0.01190933 -0.02970997 -0.16458267
v 0.00108233 -0.05100787 -0.17752166
v 0.00084357 -0.05117093 -0.17675270
v 0.00776448 -0.05121248 -0.18083322
v 0.00800722 -0.05121181 -0.18092965
v 0.01135003 -0.05122219 -0.18181066
v 0.01063086 -0.05122190 -0.18164425
v 0.00991536 -0.05122160 -0.18145639
v 0.01573462 -0.05122169 -0.18241349
v 0.01499497 -0.05122189 -0.18236147
v 0.01722466 -0.05122198 -0.18244916
v 0.01797000 -0.05122191 -0.18243912
v 0.01679297 -0.05113326 -0.18300268
v 0.01800043 -0.05112953 -0.18299401
v 0.01871270 -0.05122183 -0.18240938
v 0.01920529 -0.05111525 -0.18298663
v 0.01945329 -0.05122121 -0.18236579
v 0.02040581 -0.05108898 -0.18298012
v 0.02018986 -0.05122194 -0.18228653
v 0.02092538 -0.05122130 -0.18220250
v 0.02160027 -0.05104896 -0.18297417
v 0.02278702 -0.05099317 -0.18296872
v 0.02458745 -0.05120708 -0.18154497
v 0.02397586 -0.05108740 -0.18219686
v 0.02383713 -0.05122126 -0.18163572
v 0.02311244 -0.05122169 -0.18180433
v 0.02515233 -0.05099509 -0.18219759
v 0.02517849 -0.05118965 -0.18143609
v 0.02635145 -0.05107328 -0.18144219
v 0.02535668 -0.05122172 -0.18119512
v 0.02624064 -0.05120537 -0.18101725
v 0.02750851 -0.05092898 -0.18144925
v 0.02696916 -0.05120185 -0.18075599
v 0.02756044 -0.05114506 -0.18069763
v 0.02990993 -0.05098110 -0.17997968
v 0.02923923 -0.05119924 -0.17971697
v 0.02998192 -0.05119141 -0.17933443
v 0.03309688 -0.05117123 -0.17718530
v 0.03294304 -0.05096449 -0.17782375
v 0.03275881 -0.05118220 -0.17743564
v 0.03241543 -0.05116012 -0.17778051
v 0.03229804 -0.05089260 -0.17854477
v 0.03536033 -0.05079985 -0.17568639
v 0.03473618 -0.05081333 -0.17640290
v 0.03487906 -0.05109854 -0.17559485
v 0.03460592 -0.05116607 -0.17572735
v 0.03572084 -0.05113858 -0.17444922
v 0.03543504 -0.05115766 -0.17476781
v 0.03517148 -0.05115711 -0.17510036
v 0.03749667 -0.04697536 -0.18728587
v 0.03471297 -0.04811361 -0.19027665
v 0.03439113 -0.04833431 -0.18680568
v 0.04116064 -0.04521487 -0.18134582
v 0.04006817 -0.04546231 -0.18906933
v 0.03811115 -0.04706771 -0.18335566
v 0.03315197 -0.04892042 -0.19499047
v 0.04381222 -0.04267070 -0.19443908
v 0.04425499 -0.04240259 -0.20700197
v 0.04268808 -0.04381175 -0.20405988
v 0.04618594 -0.04028188 -0.20165722
v 0.04488125 -0.04167373 -0.18551603
v 0.04227958 -0.04392323 -0.19007277
v 0.04242866 -0.04394842 -0.18411295
v 0.04005480 -0.04605814 -0.20498869
v 0.03802969 -0.04741194 -0.20365784
v 0.04020215 -0.04552834 -0.19729131
v 0.04371182 -0.04308019 -0.17817324
v 0.03604000 -0.04836660 -0.20122819
v 0.03080589 -0.04931715 -0.18847297
v 0.03207159 -0.04936306 -0.18406148
v 0.03079710 -0.04948824 -0.19300395
v 0.02701824 -0.05009853 -0.18936397
v 0.03467850 -0.04892388 -0.18217008
v 0.02701232 -0.05039037 -0.19283853
v 0.01772991 -0.05114908 -0.19041009
v 0.01651522 -0.05085948 -0.18699546
v 0.02219184 -0.05068652 -0.18957567
v 0.02930795 -0.05045969 -0.19672236
v 0.03252928 -0.05051031 -0.20342119
v 0.02673632 -0.05117470 -0.19678891
v 0.02342661 -0.05143673 -0.19490415
v 0.03624236 -0.04908041 -0.20715263
v 0.03357084 -0.05043490 -0.20581742
v 0.02952857 -0.05243067 -0.20562772
v 0.02679179 -0.05332593 -0.20462154
v 0.01647820 -0.05122224 -0.18243611
v 0.01558466 -0.05112756 -0.18301331
v 0.02213798 -0.05069103 -0.18514799
v 0.01808909 -0.05090374 -0.18476450
v 0.01263141 -0.05088549 -0.18583460
v 0.02689691 -0.05013753 -0.18664831
v 0.02797912 -0.05025959 -0.18424214
v 0.01292105 -0.05111788 -0.18896051
v 0.01892336 -0.05177303 -0.19382426
v 0.01419019 -0.05168651 -0.19199784
v 0.02424677 -0.05259853 -0.19970714
v 0.01836571 -0.05304375 -0.19758563
v 0.01523691 -0.05249188 -0.19499640
v 0.00403684 -0.05067833 -0.18780488
v 0.00835201 -0.05091950 -0.18752801
v 0.00748830 -0.05076896 -0.18437950
v 0.00342102 -0.05035385 -0.18437581
v 0.00311871 -0.05116402 -0.19066386
v 0.00261262 -0.05200874 -0.19350144
v 0.02060705 -0.05365372 -0.20030859
v 0.00080681 -0.05019794 -0.18823683
v 0.00006526 -0.04970448 -0.18498841
v 0.00012471 -0.05099666 -0.19193633
v -0.00221030 -0.05228484 -0.19600026
v 0.00139646 -0.05343839 -0.19701108
v -0.00241099 -0.04923149 -0.18827115
v -0.00267162 -0.04994614 -0.19126906
v -0.00327901 -0.05115861 -0.19451901
v -0.00733579 -0.04661827 -0.18900155
v -0.01030153 -0.04499337 -0.19060495
v -0.01004487 -0.04429522 -0.18901660
v -0.00880934 -0.04702356 -0.19196805
v -0.00764618 -0.04525157 -0.18509160
v -0.00981254 -0.04331096 -0.18633431
v -0.00527449 -0.04859540 -0.19070092
v -0.01384028 -0.03917975 -0.18849443
v -0.01326970 -0.04196385 -0.19057448
v -0.01544028 -0.03728123 -0.18901613
v -0.01629043 -0.03943763 -0.19158125
v -0.01164472 -0.04203327 -0.18825974
v -0.01604792 -0.04176220 -0.19319834
v -0.00781449 -0.04839635 -0.19315760
v -0.00541191 -0.04771269 -0.18830128
v -0.01082096 -0.04859976 -0.19595957
v -0.00639224 -0.05014691 -0.19488782
v -0.01258803 -0.04666897 -0.19506758
v -0.01276794 -0.04465191 -0.19300236
v -0.01563804 -0.04484550 -0.19552051
v -0.01956307 -0.04211604 -0.19607073
v -0.01456016 -0.04855548 -0.19816515
v 0.00397699 -0.05427581 -0.19817065
v 0.00709650 -0.05490653 -0.19942188
v 0.01173786 -0.05457183 -0.19937406
v 0.01626106 -0.05471188 -0.20087819
v -0.01291947 -0.05166316 -0.20036483
v -0.00720806 -0.05180398 -0.19781569
v -0.00624387 -0.05321153 -0.19922607
v -0.00714998 -0.05523926 -0.20212276
v -0.01000171 -0.05386347 -0.20147158
v 0.00091690 -0.05567338 -0.20088969
v -0.00227364 -0.05444690 -0.19967893
v -0.01028022 -0.05055613 -0.19790991
v -0.01924461 -0.04575428 -0.19841471
v -0.01668054 -0.04857171 -0.19927900
v -0.02056571 -0.04895570 -0.20138511
v -0.01839671 -0.05166109 -0.20256566
v -0.02355274 -0.05101096 -0.20398946
v -0.00383165 -0.05122225 -0.16845372
v -0.00538121 -0.04990003 -0.17003670
v -0.00485195 -0.05057942 -0.16557592
v -0.00643214 -0.04919268 -0.16636027
v -0.00740106 -0.04775205 -0.17084353
v -0.00767234 -0.04786064 -0.16537198
v 0.01425911 -0.05122216 -0.18228830
v 0.01186824 -0.05116999 -0.18227026
v 0.01207190 -0.05122218 -0.18196031
v 0.00920620 -0.05122207 -0.18123844
v 0.00849835 -0.05122182 -0.18100707
v 0.00562376 -0.05098604 -0.18098083
v 0.00679649 -0.05112157 -0.18088932
v 0.00710559 -0.05122205 -0.18046992
v 0.00642192 -0.05122121 -0.18017922
v 0.00050271 -0.05119279 -0.17633624
v 0.00320073 -0.05122100 -0.17836194
v 0.00246156 -0.05116674 -0.17812270
v 0.00259708 -0.05122164 -0.17792667
v 0.00189533 -0.05102390 -0.17820603
v 0.00270054 -0.05101524 -0.17889984
v 0.00327248 -0.05113582 -0.17882366
v 0.00375977 -0.05120537 -0.17886534
v 0.00349665 -0.05098156 -0.17960177
v 0.00407105 -0.05109213 -0.17953412
v 0.00445328 -0.05122139 -0.17915347
v 0.00465189 -0.05118926 -0.17947184
v 0.00509809 -0.05122144 -0.17951573
v -0.00024212 -0.05122278 -0.17532814
v 0.00017028 -0.05122742 -0.17578995
v -0.00111434 -0.05121630 -0.17443193
v -0.00007650 -0.04984739 -0.18146071
v 0.00485518 -0.05104156 -0.18025349
v 0.00543826 -0.05112379 -0.18019836
v 0.00427739 -0.05094987 -0.18031366
v 0.00602613 -0.05119953 -0.18014826
v 0.00620786 -0.05105828 -0.18093282
v 0.00575715 -0.05122206 -0.17985183
v -0.00138936 -0.05122187 -0.17385913
v -0.00187851 -0.05118641 -0.17342627
v -0.00272905 -0.04914562 -0.17965372
v -0.00359316 -0.04943003 -0.17654067
v -0.00224874 -0.05108145 -0.17320810
v -0.00220193 -0.05125647 -0.17287131
v -0.00216086 -0.04894017 -0.18282455
v -0.00560242 -0.04805154 -0.17619669
v -0.00963570 -0.04458854 -0.16949753
v -0.00871234 -0.04644347 -0.16730416
v -0.00850653 -0.04591266 -0.17217325
v -0.00999705 -0.04408392 -0.16569832
v -0.01095251 -0.04136882 -0.16814932
v -0.01057077 -0.04260735 -0.16546911
v -0.01038287 -0.04101173 -0.17693068
v -0.01144721 -0.03778361 -0.17398351
v -0.01199439 -0.03060219 -0.17139176
v -0.01181385 -0.03542651 -0.16593941
v -0.01184512 -0.03499373 -0.17304729
v -0.01164397 -0.03753550 -0.16730663
v -0.01136932 -0.03946098 -0.16819963
v -0.01215117 -0.03202301 -0.17484285
v -0.01105478 -0.03899641 -0.17775333
v -0.01187063 -0.03582386 -0.17752203
v -0.00730094 -0.04627122 -0.17673258
v -0.00624874 -0.04657036 -0.18090715
v -0.00409266 -0.04794856 -0.18332306
v -0.00362436 -0.04833712 -0.18627620
v -0.00604159 -0.04666137 -0.18500587
v -0.00940453 -0.04299102 -0.18353653
v -0.00850613 -0.04417016 -0.17977066
v -0.01099107 -0.04125549 -0.12231293
v -0.01257404 -0.02988693 -0.17685480
v -0.01125058 -0.03884282 -0.18026392
v -0.01026370 -0.04123045 -0.18144755
v -0.01018253 -0.04246636 -0.17308691
v -0.00911563 -0.04400897 -0.17539147
v -0.01119658 -0.03998896 -0.18343261
v -0.01190693 -0.03993668 -0.18566675
v -0.01314556 -0.02897486 -0.17885733
v -0.01244559 -0.03705288 -0.18320999
v -0.01272175 -0.03495966 -0.18173496
v -0.01427802 -0.03558458 -0.18604271
v -0.01289777 -0.03300606 -0.18059130
v -0.01298083 -0.03887680 -0.18671267
v 0.03957024 -0.04952953 -0.16689157
v 0.04115693 -0.04698398 -0.17063397
v 0.03836106 -0.05121338 -0.16809574
v 0.03986134 -0.04832884 -0.17213544
v 0.03785057 -0.05112458 -0.17052995
v 0.03728117 -0.05121911 -0.17172159
v 0.04233073 -0.04489634 -0.17501196
v 0.04378612 -0.04327962 -0.17265023
v 0.04034120 -0.04670520 -0.17646548
v 0.03847935 -0.04865134 -0.17554276
v 0.04566735 -0.04096387 -0.17239825
v 0.04290372 -0.04467301 -0.16770437
v 0.04733119 -0.03893716 -0.15098092
v 0.03779823 -0.04785851 -0.18018407
v 0.03210042 -0.05118188 -0.17795891
v 0.03175618 -0.05105789 -0.17853178
v 0.03064050 -0.05048088 -0.18101266
v 0.03630374 -0.05019617 -0.17570621
v 0.03434116 -0.04999977 -0.17897576
v 0.03571625 -0.05028133 -0.17642997
v 0.03510865 -0.05031570 -0.17714737
v 0.03602887 -0.05115053 -0.17397365
v 0.03523090 -0.05055418 -0.17641667
v 0.03461095 -0.05056453 -0.17713352
v 0.02934598 -0.05109537 -0.17997113
v 0.02813664 -0.05106012 -0.18070358
v 0.02768844 -0.05122054 -0.18032330
v 0.03166235 -0.05121913 -0.17807287
v 0.03339080 -0.05118312 -0.17688458
v -0.00930671 -0.04546108 -0.16538300
v -0.01461890 -0.02046224 -0.18054713
v -0.01387932 -0.02811842 -0.18072802
v -0.01512475 -0.02420568 -0.18218629
v -0.01567769 0.02779968 -0.18420896
v -0.01620158 0.03066442 -0.18616034
v -0.01858559 0.03183846 -0.18947765
v -0.01753753 0.02563180 -0.18607742
v -0.01994287 0.02849925 -0.18954894
v -0.01977843 0.03957576 -0.19457974
v -0.02101544 0.04596110 -0.19946277
v -0.05920863 -0.00489847 -0.20641388
v -0.05387758 -0.00448893 -0.20445147
v -0.05799361 -0.01313993 -0.20641403
v -0.05570482 -0.02066842 -0.20640838
v -0.05034078 -0.02048090 -0.20439585
v -0.05360287 -0.02554822 -0.20641488
v -0.04767648 -0.02657389 -0.20437552
v -0.05102553 -0.03043549 -0.20641214
v -0.02639657 -0.04849584 -0.20349370
v -0.02602428 -0.05341091 -0.20642957
v -0.03087375 -0.05072001 -0.20640229
v -0.02944043 -0.04766456 -0.20420125
v -0.03497087 -0.04801572 -0.20640817
v -0.03837218 -0.03977245 -0.20422831
v -0.03806249 -0.04556198 -0.20640193
v -0.04175960 -0.04225615 -0.20641497
v -0.04106576 -0.03669973 -0.20427161
v -0.04500714 -0.03876409 -0.20640576
v -0.04342197 -0.03359830 -0.20430696
v -0.04824183 -0.03459990 -0.20639960
v -0.04581380 -0.02993726 -0.20434989
v -0.05940703 0.00127289 -0.20641889
v -0.04194841 0.04209112 -0.20645618
v -0.04024763 0.03767470 -0.20425877
v -0.04594895 0.03756712 -0.20636626
v -0.02391470 0.04693188 -0.20149215
v -0.02700899 0.05288163 -0.20640738
v -0.03782095 0.04571510 -0.20635717
v -0.03163252 0.04563739 -0.20403036
v -0.03537829 0.04257230 -0.20411432
v -0.03135306 0.04152310 -0.20196696
v -0.02797736 0.04065130 -0.19998381
v -0.02757781 0.03450809 -0.19719012
v -0.02446789 0.03486834 -0.19543868
v -0.02256862 0.03645353 -0.19487330
v -0.02090753 0.03294724 -0.19204606
v -0.03199886 0.00837633 -0.19481122
v -0.02706198 0.00470885 -0.19171202
v -0.03252191 0.00244685 -0.19488446
v -0.04252163 0.00796270 -0.19996180
v -0.03973600 0.01128173 -0.19892834
v -0.03790274 0.00510875 -0.19771683
v -0.04445608 0.01512381 -0.20137525
v -0.04813923 0.01062763 -0.20250675
v -0.03036883 0.01322478 -0.19425516
v -0.02658142 0.00936218 -0.19162373
v -0.05152778 0.01705337 -0.20443726
v -0.03501470 0.01373205 -0.19682291
v -0.05692917 0.01699123 -0.20641081
v -0.05534140 0.02162392 -0.20643473
v -0.02634967 0.01413390 -0.19183393
v -0.02944735 0.01963135 -0.19451436
v -0.03359007 0.02077560 -0.19700213
v -0.04527291 0.02015959 -0.20234378
v -0.04856625 0.02474846 -0.20439315
v -0.03933589 0.01749491 -0.19935575
v -0.04075392 0.02372760 -0.20099455
v -0.02498876 0.01858761 -0.19145438
v -0.02929547 0.02517437 -0.19547369
v -0.04186740 0.03196073 -0.20322621
v -0.03720177 0.02646412 -0.19988611
v -0.04464988 0.03015244 -0.20393270
v -0.04958680 0.03264780 -0.20638858
v -0.05228712 0.02818321 -0.20641933
v -0.03263225 0.02558084 -0.19742018
v -0.02291571 0.00492413 -0.18876576
v -0.01970526 0.00287499 -0.18594618
v -0.02145728 0.00000536 -0.18750297
v -0.01734913 0.00705108 -0.18352637
v -0.01748478 -0.00112634 -0.18358435
v -0.02868319 -0.00069882 -0.19264589
v -0.02485315 -0.00064740 -0.19013111
v -0.02339890 0.01132925 -0.18945594
v -0.02075133 0.01156340 -0.18728492
v -0.01853145 0.01067182 -0.18504933
v -0.01649209 0.01571296 -0.18299676
v -0.02084156 0.02013395 -0.18839100
v -0.02169364 0.01702899 -0.18867762
v -0.01810048 0.01926042 -0.18544926
v -0.03715673 0.03173853 -0.20114507
v -0.02484573 0.02371230 -0.19226326
v -0.02917814 0.03020642 -0.19666632
v -0.03347789 0.03122586 -0.19926780
v -0.03485614 0.03625262 -0.20149116
v -0.03242935 0.03743098 -0.20078783
v -0.02672220 0.04458467 -0.20138913
v -0.02858762 0.04862629 -0.20441636
v -0.03310872 0.04927695 -0.20639832
v -0.02964014 0.05140249 -0.20636386
v -0.01751718 0.03483996 -0.18984668
v -0.01783229 0.03829849 -0.19222759
v -0.02059918 0.03700055 -0.19374485
v -0.02270898 0.04199256 -0.19790010
v -0.02503455 0.03983583 -0.19805413
v -0.01595551 0.02206619 -0.18314049
v -0.02075731 0.02406913 -0.18906784
v -0.02580743 0.02851154 -0.19412525
v -0.02321969 0.02928147 -0.19252729
v -0.01891139 0.02518348 -0.18754323
v -0.01464274 0.02550552 -0.18163313
v -0.01205507 -0.01602214 -0.17070027
v -0.01198784 0.02077501 -0.16986862
v -0.01259850 0.01725471 -0.17455339
v -0.01220470 0.00749824 -0.17190184
v -0.01265599 0.00477964 -0.17435518
v -0.01334719 0.00878137 -0.17672928
v -0.01253625 0.02443120 -0.17501369
v -0.01330355 -0.00099615 -0.17655408
v -0.01382420 0.02552534 -0.17977139
v -0.01490480 0.01814005 -0.18075527
v -0.01381482 0.02106163 -0.17886691
v -0.01473648 0.00774992 -0.17975132
v -0.01313120 0.02799510 -0.17856175
v -0.01375572 0.01512242 -0.17807880
v -0.01419825 -0.00075918 -0.17860863
v -0.01558396 -0.00242079 -0.18109363
v -0.01190864 0.02334632 -0.16377640
v -0.01268567 -0.02247879 -0.17539953
v -0.01227366 -0.02441409 -0.17334665
v -0.01404681 -0.01288498 -0.17864418
v -0.01516146 -0.01088099 -0.18066609
v -0.01592181 0.00703421 -0.18167412
v -0.01246889 -0.01048511 -0.17361690
v -0.01298890 -0.01308521 -0.17586522
v -0.02244399 -0.04491454 -0.19952926
v -0.02002372 -0.03869396 -0.19424351
v -0.02743319 -0.04401108 -0.20138606
v -0.03243576 -0.04523592 -0.20413835
v -0.02312593 -0.03875633 -0.19635129
v -0.02471250 -0.04166662 -0.19881023
v -0.02945326 -0.03534056 -0.19852163
v -0.02888853 -0.03908793 -0.19973911
v -0.02062259 -0.03543117 -0.19293080
v -0.02345789 -0.03532655 -0.19494958
v -0.02339843 -0.03098684 -0.19321321
v -0.03295399 -0.04057091 -0.20226896
v -0.02120028 -0.02980864 -0.19108246
v -0.02701522 -0.03412822 -0.19669944
v -0.01423473 -0.03136441 -0.18305980
v -0.01350105 -0.02087053 -0.17803970
v -0.01544098 -0.03157072 -0.18540420
v -0.01572278 -0.02672430 -0.18391638
v -0.02856316 -0.02975632 -0.19620170
v -0.02776161 -0.02703799 -0.19496870
v -0.03396253 -0.03616984 -0.20105711
v -0.02696168 -0.02493146 -0.19396478
v -0.03325913 -0.02992157 -0.19878657
v -0.03720847 -0.03178219 -0.20117469
v -0.02306430 -0.02482298 -0.19118509
v -0.02631540 -0.02169166 -0.19289307
v -0.02131798 -0.01899039 -0.18862298
v -0.02326289 -0.01772971 -0.19000751
v -0.01712675 -0.03577081 -0.18996805
v -0.01692013 -0.03103175 -0.18721604
v -0.01698521 -0.02157687 -0.18451303
v -0.01913621 -0.01735422 -0.18629527
v -0.02075727 -0.02407889 -0.18906780
v -0.01891012 -0.02519980 -0.18751504
v -0.01875494 -0.03204716 -0.18969208
v -0.01686113 -0.01616282 -0.18356884
v -0.01741517 -0.02601644 -0.18602261
v -0.04088215 -0.02542824 -0.20133518
v -0.03642670 -0.02398228 -0.19900578
v -0.03327617 -0.02331631 -0.19728218
v -0.04371881 -0.01858807 -0.20145641
v -0.03186736 -0.01977973 -0.19591561
v -0.03641229 -0.01801250 -0.19803260
v -0.05263480 -0.01278053 -0.20443098
v -0.04332225 -0.01483807 -0.20086509
v -0.03809153 -0.01161446 -0.19817080
v -0.03359849 -0.01388950 -0.19610985
v -0.02988864 -0.01692034 -0.19437604
v -0.04720406 -0.00756699 -0.20194039
v -0.04204716 -0.00967222 -0.19985244
v -0.04142405 -0.00497325 -0.19935250
v -0.03379015 -0.00709359 -0.19571398
v -0.03122117 -0.01123228 -0.19456472
v -0.02608933 -0.01688449 -0.19198245
v -0.02045925 -0.01242046 -0.18709183
v -0.02404877 -0.01084191 -0.18993200
v -0.02060277 -0.00656876 -0.18687242
v -0.02764142 -0.01169097 -0.19245917
v -0.01688340 -0.00928656 -0.18306154
v -0.01845291 -0.00725726 -0.18478113
v -0.05527371 0.00284077 -0.20493685
v -0.04932769 0.00067182 -0.20261542
v -0.03861322 -0.00226270 -0.19796486
v -0.05886817 0.00802309 -0.20641501
v -0.04453798 0.00206826 -0.20064947
v -0.05317771 0.00862479 -0.20436771
v -0.03290697 -0.00320268 -0.19512103
v -0.05800196 0.01271385 -0.20642284
v -0.02299335 -0.00527253 -0.18882717
v -0.02695570 -0.00605951 -0.19169071
v 0.03659601 0.04918264 -0.20894590
v 0.03996423 0.04647163 -0.20894618
v 0.02995853 0.05347252 -0.20895244
v 0.03260277 0.05190128 -0.20895132
v 0.02644549 0.05530522 -0.20897642
v 0.01584567 0.05920830 -0.20897953
v 0.01882553 0.05833511 -0.20899858
v 0.02365907 0.05568766 -0.20748489
v 0.01268863 0.05997147 -0.20897743
v 0.00487879 0.06110833 -0.20894970
v 0.00908768 0.06062688 -0.20894545
v 0.02134701 0.05746643 -0.20892803
v 0.00690277 -0.06093178 -0.20897061
v 0.01617711 -0.05914346 -0.20900661
v 0.02573369 -0.05496459 -0.20767815
v 0.03171755 -0.05246640 -0.20889507
v 0.02816316 -0.05445334 -0.20897897
v 0.03490823 -0.05038422 -0.20894629
v 0.03725462 -0.04868354 -0.20894611
v 0.04128319 -0.04532790 -0.20894618
v 0.01182582 -0.06016449 -0.20895064
v 0.02420330 -0.05633084 -0.20891027
v 0.01920896 -0.05822924 -0.20895199
v 0.00270958 -0.06124966 -0.20895518
v -0.01202805 -0.05908810 -0.20763338
v -0.01716613 -0.00000474 -0.06469519
v -0.01604259 0.03404244 -0.06568918
v -0.01742281 0.03481878 -0.06450340
v -0.01479582 0.03234459 -0.06712525
v -0.01537926 0.00748785 -0.06640851
v -0.01353509 0.03247967 -0.06924968
v -0.01380922 -0.00000474 -0.06872295
v -0.01160614 0.03816348 -0.07762017
v -0.01121258 0.04035658 -0.10095285
v -0.01098995 0.04133532 -0.07839898
v -0.00538366 0.05015336 -0.07656007
v -0.00387396 0.05121300 -0.08127206
v -0.00469524 0.05121284 -0.07315046
v -0.01022956 0.05099498 -0.06688091
v -0.01249771 0.05096219 -0.06567180
v -0.01132001 0.04854529 -0.06740655
v -0.01685680 0.05100894 -0.06374682
v -0.01482192 0.04804611 -0.06517527
v -0.01228327 0.03108091 -0.07336276
v -0.01206124 0.03594582 -0.07399143
v -0.01277699 0.03307636 -0.07126950
v -0.01200117 0.03136631 -0.07611885
v -0.01187580 0.03485982 -0.07853718
v -0.01194242 0.03171315 -0.07909676
v -0.01287921 0.03894972 -0.06989621
v -0.01392363 0.03555169 -0.06832554
v -0.01198347 0.03873786 -0.07272151
v -0.01370351 0.04007060 -0.06806178
v -0.01098100 0.04201166 -0.07460004
v -0.01168697 0.04222767 -0.07114258
v -0.01329486 0.04478700 -0.06724485
v -0.01222680 0.04430938 -0.06876421
v -0.01074044 0.04656521 -0.06945599
v -0.01050829 0.04463812 -0.07202815
v -0.00960874 0.04845043 -0.06927042
v -0.00927628 0.04663853 -0.07243621
v -0.00989760 0.04481408 -0.07460634
v -0.00779598 0.04799664 -0.07476884
v -0.00952005 0.04511558 -0.07768571
v -0.00848991 0.04680370 -0.07832712
v -0.01027988 0.04347684 -0.07880116
v -0.00799878 0.04886464 -0.07128473
v -0.00630895 0.05121309 -0.07005065
v -0.00808287 0.05121302 -0.06821894
v -0.00711075 0.04850637 -0.07864568
v -0.00605604 0.04955150 -0.07956506
v -0.02015330 0.05089614 -0.06264254
v -0.02092437 0.03635453 -0.06246833
v -0.01898487 0.04243050 -0.06333797
v -0.01475840 0.03907735 -0.06682064
v -0.01744265 0.04763365 -0.06385922
v -0.01645022 0.04287638 -0.06485805
v -0.02384252 0.04259078 -0.06129000
v -0.01546329 0.04157848 -0.06582181
v -0.01397732 0.04663582 -0.06604035
v -0.02620361 0.05081452 -0.06032615
v -0.01871879 0.03603554 -0.06362742
v -0.02318039 0.01159922 -0.06154718
v -0.01871932 -0.04776763 -0.06326134
v -0.02354822 -0.05086144 -0.06142783
v -0.01639505 -0.05079855 -0.06400917
v -0.01216530 -0.03279535 -0.07425856
v -0.01195482 -0.03215903 -0.07737055
v -0.01199260 -0.00749734 -0.07627298
v -0.01385457 -0.03480271 -0.06858860
v -0.01336183 -0.03130632 -0.06964000
v -0.01543499 -0.04863901 -0.06475113
v -0.00982108 -0.05121316 -0.06692497
v -0.00863488 -0.04962572 -0.06925718
v -0.00638617 -0.05121486 -0.06989390
v -0.00609391 -0.04952552 -0.10629281
v -0.00559433 -0.05008090 -0.07553453
v -0.00480094 -0.05060900 -0.07895003
v -0.00686443 -0.04876656 -0.07827204
v -0.01090977 -0.04179625 -0.07605676
v -0.01056673 -0.04267437 -0.11163288
v -0.01028942 -0.04346029 -0.07775497
v -0.01762430 -0.04194230 -0.06413669
v -0.02031799 -0.04439295 -0.06267238
v -0.02331425 -0.04118980 -0.06149489
v -0.01154593 -0.03987600 -0.07415966
v -0.01059265 -0.04402266 -0.07274947
v -0.01191594 -0.04187528 -0.07076186
v -0.01329662 -0.04080411 -0.06849171
v -0.01450584 -0.03827965 -0.06724497
v -0.01341629 -0.04410174 -0.06729364
v -0.01549441 -0.04201538 -0.06570124
v -0.01624394 -0.03760854 -0.06538470
v -0.01159464 -0.04441094 -0.06968781
v -0.01428687 -0.04559520 -0.06602120
v -0.00807120 -0.04784672 -0.07379034
v -0.00961257 -0.04537245 -0.07442214
v -0.00973531 -0.04719168 -0.07049868
v -0.01112228 -0.04742001 -0.06827684
v -0.01352662 -0.04765064 -0.06605993
v -0.00704896 -0.04950151 -0.07224675
v -0.01153192 -0.04969475 -0.06667075
v -0.00396704 -0.05122205 -0.07562345
v -0.00801101 -0.04746036 -0.07731785
v -0.00889449 -0.04620671 -0.07851795
v -0.01181996 -0.03684704 -0.07569274
v -0.01147883 -0.03901060 -0.07826394
v -0.01178891 -0.03643636 -0.07910278
v -0.01137365 -0.03953655 -0.11163289
v -0.00971667 -0.04474024 -0.07893451
v -0.01258872 -0.03100980 -0.07191736
v -0.01283056 -0.03560853 -0.07075414
v -0.01578617 -0.02294193 -0.06594921
v -0.01487400 -0.03243283 -0.06703504
v -0.02025956 -0.03535284 -0.06279190
v -0.01862674 -0.03334658 -0.06368573
v -0.02113964 -0.01600464 -0.06238772
v -0.01715884 -0.03359085 -0.06469985
v -0.01891720 -0.00749733 -0.06350379
v -0.01220292 -0.03825898 -0.07204474
v -0.01315010 -0.00000475 -0.07017080
v -0.01450178 -0.00000475 -0.06756072
v -0.01250627 -0.00000475 -0.07227676
v -0.01217356 -0.00000475 -0.07423557
v -0.01194342 0.00491316 -0.07921418
v -0.01194269 -0.03172264 -0.07909676
v -0.01192624 0.03010433 -0.12231292
v -0.01191046 0.03312811 -0.12231293
v -0.01181674 0.03561584 -0.12231293
v -0.01155822 0.03839784 -0.12231293
v -0.01008734 0.04391215 -0.12231290
v -0.00908990 0.04586229 -0.12231289
v -0.00775995 0.04776258 -0.12231287
v -0.01191004 -0.03313768 -0.12231293
v -0.01192629 -0.03011391 -0.12231292
v -0.01163873 -0.03770728 -0.12231293
v -0.01181735 -0.03562543 -0.12231293
v -0.00978196 -0.04459267 -0.12231290
v -0.00817535 -0.04722121 -0.12231287
v -0.00898978 -0.04602312 -0.12231289
v -0.00730341 -0.04828928 -0.12231285
v -0.00480122 -0.05060785 -0.12231280
v -0.00392706 -0.05122152 -0.11762781
v -0.01194040 -0.02516653 -0.08640592
v -0.01193962 -0.02756753 -0.08793989
v -0.01193834 -0.02893426 -0.09030159
v -0.01192125 -0.02892308 -0.13285533
v -0.01191547 -0.02891281 -0.14789546
v -0.01192028 -0.02803180 -0.13520728
v -0.01191019 -0.02891052 -0.15952183
v -0.01190967 -0.02801752 -0.16168107
v -0.01190901 -0.02645882 -0.16313107
v -0.01190900 -0.02453408 -0.16377462
v -0.01191693 -0.02644496 -0.14414157
v -0.01191914 -0.02507591 -0.13715588
v -0.01191992 -0.02258433 -0.13702901
v -0.01191608 -0.02829333 -0.14607611
v -0.01190820 0.02620525 -0.16331650
v -0.01190979 0.02796075 -0.16173190
v -0.01191058 0.02890069 -0.15962340
v -0.01192143 0.02891284 -0.13108569
v -0.01192313 0.02726781 -0.12817684
v -0.01192659 0.02528637 -0.12047795
v -0.01192389 0.02443159 -0.12698562
v -0.01192395 0.02256660 -0.12717782
v -0.01192716 0.02736598 -0.11931270
v -0.01192734 0.02890883 -0.11684858
v -0.01193722 0.02892683 -0.09056785
v -0.01193944 0.02798826 -0.08844770
v -0.01193998 0.02629718 -0.08694699
v -0.01194044 0.02422584 -0.08640067
v -0.06594928 -0.04548573 0.00092294
v -0.06594747 -0.04551231 -0.00053036
v -0.06595767 0.05074436 0.00109113
v -0.06585571 -0.05122146 -0.00054930
v -0.06588452 -0.05075405 -0.00289665
v -0.06589462 0.05083718 -0.00273513
v -0.02702694 -0.05075405 -0.05996095
v -0.02950435 0.05077694 -0.05879326
v -0.02963394 -0.05080834 -0.05872204
v -0.03181289 -0.05074358 -0.05757201
v -0.03304953 0.05073410 -0.05687451
v -0.03443185 -0.05074883 -0.05605783
v -0.03464245 0.05094590 -0.05591649
v -0.03666909 0.05073410 -0.05462235
v -0.03710314 -0.05084881 -0.05432945
v -0.03882103 0.05084642 -0.05311570
v -0.03950977 -0.05081906 -0.05260920
v -0.04033815 0.05074457 -0.05198155
v -0.04174526 -0.05085355 -0.05086248
v -0.04270306 0.05079836 -0.05006522
v -0.04409480 -0.05075405 -0.04884879
v -0.04474393 0.05073410 -0.04825864
v -0.04613794 -0.05080332 -0.04693313
v -0.04664867 0.05073409 -0.04642266
v -0.04816047 0.05090305 -0.04486513
v -0.04809371 -0.05082291 -0.04493546
v -0.04956234 0.05073409 -0.04331111
v -0.05019650 -0.05074358 -0.04258511
v -0.05083613 0.05079873 -0.04182359
v -0.05179055 -0.05084578 -0.04064482
v -0.05280707 0.05073410 -0.03931927
v -0.05372914 -0.05081379 -0.03805355
v -0.05449801 0.05082868 -0.03695269
v -0.05528639 -0.05082686 -0.03576964
v -0.05617428 0.05079028 -0.03436750
v -0.05693135 -0.05107274 -0.03310290
v -0.05815165 0.05073934 -0.03093599
v -0.05849267 -0.05080801 -0.03029144
v -0.05955343 0.05079874 -0.02815116
v -0.06017739 -0.05085272 -0.02680443
v -0.06049194 0.05099912 -0.02607580
v -0.06128899 0.05079874 -0.02417421
v -0.06141065 -0.05075405 -0.02386622
v -0.06244659 0.05079777 -0.02103866
v -0.06209861 -0.05074358 -0.02201835
v -0.06279491 -0.05080837 -0.01997985
v -0.06323937 0.05074456 -0.01854636
v -0.06367059 -0.05080301 -0.01702259
v -0.06406970 0.05080476 -0.01546687
v -0.06439021 -0.05075405 -0.01409652
v -0.06469843 0.05102682 -0.01261807
v -0.06476785 -0.05085598 -0.01225377
v -0.06510194 0.05073409 -0.01037267
v -0.06518570 -0.05077334 -0.00986298
v -0.06540018 0.05082568 -0.00837111
v -0.06547596 -0.05096275 -0.00772817
v -0.06570321 -0.05075405 -0.00558670
v -0.06573012 0.05074457 -0.00526772
v 0.06378106 0.05098461 -0.01657656
v 0.06197801 0.05081551 -0.02235929
v 0.06249717 0.04506486 -0.02106033
v 0.05663212 0.05094426 -0.03370237
v 0.05293936 0.04873588 -0.03990782
v 0.05544752 0.04724224 -0.03649715
v 0.05125733 0.05101821 -0.04138696
v 0.04790448 0.04867037 -0.04633562
v 0.04723709 0.05121089 -0.04572091
v 0.04244537 0.05120977 -0.05075711
v 0.03985680 0.05121184 -0.05439582
v 0.04333564 0.04758488 -0.05287763
v 0.04527115 0.04339899 -0.05451798
v 0.03875352 0.05121255 -0.05725036
v 0.04210732 0.04638560 -0.05724000
v 0.05980410 0.02347755 -0.03300420
v 0.05822620 0.02928599 -0.03647709
v 0.05849648 0.02530625 -0.03808807
v 0.06056660 0.02334649 -0.02955963
v 0.06052202 0.02735718 -0.02878488
v 0.06148963 0.02128005 -0.02599360
v 0.06220234 0.02392657 -0.02271794
v 0.06399906 0.03834765 -0.01568759
v 0.06327716 0.01584788 -0.01871423
v 0.06430033 0.00577364 -0.01443300
v 0.06303050 0.03300612 -0.01935879
v 0.06050236 0.03435453 -0.02764286
v 0.05923153 0.03285711 -0.03176850
v 0.06116063 0.01702999 -0.02905462
v 0.05753038 0.03437838 -0.03620369
v 0.05956286 0.03810909 -0.02980538
v 0.06177108 0.03207671 -0.02379886
v 0.06133641 0.04324404 -0.02450279
v 0.06017427 0.01793644 -0.03501048
v 0.05759159 0.04539441 -0.03296804
v 0.05753490 0.03862439 -0.03474355
v 0.05845387 0.04055050 -0.03210407
v 0.05596884 0.04086049 -0.03740378
v 0.05550694 0.03690462 -0.04012226
v 0.05924891 0.04479672 -0.02959251
v 0.06040351 0.04567447 -0.02678853
v 0.05976439 0.05085727 -0.02777995
v 0.04587324 0.04156473 -0.05633212
v 0.04751428 0.03869531 -0.05960714
v 0.04960807 0.03657105 -0.05613466
v 0.04963916 0.03754154 -0.05357040
v 0.05088295 0.03777501 -0.04995815
v 0.04698153 0.04269347 -0.05208910
v 0.05279863 0.03762731 -0.04575157
v 0.05270060 0.04077777 -0.04368131
v 0.05431134 0.04233027 -0.03998160
v 0.04870157 0.04442251 -0.04782112
v 0.04979468 0.04082099 -0.04894667
v 0.05068734 0.04203469 -0.04640891
v 0.04692593 0.04610097 -0.04908844
v 0.05043848 0.04534730 -0.04478661
v 0.05238806 0.04551424 -0.04187803
v 0.04470553 0.04219625 -0.05961895
v 0.03842200 0.05121245 -0.05972438
v 0.04260035 0.04509057 -0.06079704
v 0.03859399 0.05098466 -0.06880086
v 0.04493418 0.04867999 -0.04974503
v 0.05001157 0.04893099 -0.04368856
v 0.05090453 0.03411895 -0.06098937
v 0.05215771 0.03217784 -0.05892057
v 0.05005756 0.03535339 -0.05967733
v 0.04864236 0.03727850 -0.06052017
v 0.05609843 0.02519820 -0.05374210
v 0.05440792 0.02860772 -0.05542460
v 0.05424429 0.02850990 -0.06027342
v 0.05343915 0.03108035 -0.05337943
v 0.05607611 0.02473102 -0.05916131
v 0.05579869 0.02721579 -0.04932561
v 0.05367820 0.03189203 -0.05020664
v 0.05148689 0.03549788 -0.05152136
v 0.05501811 0.02698748 -0.06067638
v 0.05323695 0.03035386 -0.06029496
v 0.05933838 0.01752895 -0.04328609
v 0.05899175 0.02122820 -0.03954376
v 0.05864155 0.01911313 -0.04734690
v 0.05774314 0.02286241 -0.04592873
v 0.05763884 0.02472910 -0.04315270
v 0.05766670 0.02135457 -0.05174125
v 0.05538671 0.03063389 -0.04549070
v 0.05653463 0.02840489 -0.04359390
v 0.05345879 0.03393212 -0.04779672
v 0.05494768 0.03401643 -0.04345020
v 0.05720122 0.02199328 -0.05826046
v 0.05804688 0.01964775 -0.05952749
v 0.05708979 0.03013461 -0.03990278
v 0.04458983 -0.04237448 -0.08736169
v 0.04376413 -0.04348673 -0.06061094
v 0.04532494 -0.04141073 -0.05945018
v 0.03883250 -0.05121942 -0.05692334
v 0.03986260 -0.05122229 -0.05441476
v 0.04166971 -0.04811860 -0.05521908
v 0.04356198 -0.04779375 -0.05228537
v 0.04211221 -0.05121915 -0.05108609
v 0.04528450 -0.04815231 -0.04974942
v 0.04407415 -0.05104943 -0.04913834
v 0.05518036 -0.04784394 -0.03679008
v 0.05312452 -0.05119983 -0.03882426
v 0.05707383 -0.05082477 -0.03300565
v 0.05756935 -0.04626271 -0.03289079
v 0.06009756 -0.05086078 -0.02703754
v 0.06228663 -0.05081329 -0.02155550
v 0.06224073 -0.04788671 -0.02181111
v 0.06358074 -0.04350203 -0.01734208
v 0.06416968 -0.05084326 -0.01501555
v 0.05944165 -0.02149395 -0.03625503
v 0.05972964 -0.01830339 -0.03792676
v 0.05883183 -0.02069399 -0.04150800
v 0.05897172 -0.01800494 -0.04679547
v 0.05791448 -0.02240157 -0.04549560
v 0.05790251 -0.02095884 -0.05049305
v 0.05852944 -0.02464887 -0.03839792
v 0.05784595 -0.02445099 -0.04230810
v 0.05840441 -0.01881261 -0.05458740
v 0.05651630 -0.02370409 -0.05779643
v 0.05658716 -0.02419896 -0.05268130
v 0.05683334 -0.02478100 -0.04832712
v 0.05568469 -0.02804506 -0.04819592
v 0.05628343 -0.03338262 -0.04012441
v 0.05618764 -0.02937032 -0.04389805
v 0.05428042 -0.03603435 -0.04358631
v 0.05541066 -0.03741836 -0.04005202
v 0.05204531 -0.03656925 -0.04853896
v 0.05444272 -0.03336974 -0.04552678
v 0.05455929 -0.03040473 -0.04900422
v 0.05430673 -0.02867603 -0.05667996
v 0.05209253 -0.03329036 -0.05411043
v 0.05456191 -0.02870536 -0.05360255
v 0.05316118 -0.03281783 -0.05047287
v 0.05088665 -0.03660855 -0.05150774
v 0.04941050 -0.04080483 -0.04963877
v 0.05014743 -0.04862428 -0.04365046
v 0.04728340 -0.05109337 -0.04581441
v 0.05104849 -0.05098892 -0.04165760
v 0.04766635 -0.04827572 -0.04684691
v 0.04945086 -0.04525598 -0.04622782
v 0.05198584 -0.04519161 -0.04257615
v 0.04685979 -0.04559386 -0.04954875
v 0.05000887 -0.04297323 -0.04686880
v 0.04801302 -0.04022204 -0.05323522
v 0.05356181 -0.02979794 -0.05992855
v 0.05202364 -0.03240512 -0.05915159
v 0.04780313 -0.03835505 -0.05965584
v 0.04635696 -0.04071264 -0.05692390
v 0.04987815 -0.03614314 -0.05624384
v 0.04569288 -0.04218159 -0.05557888
v 0.05719230 -0.02202412 -0.06021975
v 0.05804762 -0.01965556 -0.05945408
v 0.05061092 -0.03456370 -0.05962426
v 0.05482050 -0.02740291 -0.06044698
v 0.05591558 -0.02509012 -0.06068243
v 0.04712193 -0.04292361 -0.05155277
v 0.04155774 -0.04659696 -0.05969065
v 0.04997694 -0.03547652 -0.06081942
v 0.04860440 -0.03733779 -0.06077201
v 0.03854671 -0.05107394 -0.06026975
v 0.04002887 -0.04884794 -0.10053056
v 0.06319842 -0.02644063 -0.01882419
v 0.06195214 -0.03760438 -0.02298954
v 0.06376048 -0.01346285 -0.01671474
v 0.05819425 -0.03680633 -0.03358046
v 0.05712140 -0.04226101 -0.03463197
v 0.05221729 -0.04008224 -0.04500674
v 0.05164189 -0.03908605 -0.04693384
v 0.05403707 -0.03927780 -0.04195962
v 0.05503281 -0.04268477 -0.03854660
v 0.05632436 -0.03972761 -0.03702979
v 0.05357848 -0.04380952 -0.04064393
v 0.06043208 -0.04074935 -0.02713955
v 0.05928861 -0.03938938 -0.03025999
v 0.05892997 -0.04695183 -0.03000335
v 0.05794391 -0.03353983 -0.03541994
v 0.06215249 -0.02032828 -0.02319838
v 0.06176736 -0.02744698 -0.02412994
v 0.06054195 -0.02599156 -0.02903010
v 0.06042640 -0.02112943 -0.03104295
v 0.06175880 -0.01568183 -0.02603583
v 0.05957972 -0.02545652 -0.03307393
v 0.05864729 -0.02699815 -0.03617898
v 0.05721977 -0.02869796 -0.04060165
v 0.06070759 -0.03223418 -0.02728502
v 0.05922685 -0.03166140 -0.03214267
v 0.05741199 -0.03156993 -0.03790080
v 0.00294837 -0.05072264 0.06607896
v 0.00388761 0.05071315 0.06603010
v 0.00388761 -0.05072264 0.06603010
v 0.06479610 -0.05089813 -0.01202819
v 0.06484488 0.05077408 -0.01176998
v 0.06489037 0.05071354 0.01190999
v 0.06486177 -0.05072300 0.01206005
v 0.06478596 -0.05072264 0.01246758
v 0.06525876 -0.05074358 -0.00927280
v 0.06512852 0.05098452 -0.01009528
v 0.06545269 0.05074456 -0.00781321
v 0.06560726 -0.05081306 -0.00643882
v 0.06574412 0.05080734 -0.00491568
v 0.06585186 -0.05081021 -0.00326605
v 0.06591032 0.05074456 -0.00184837
v 0.06593643 -0.05075405 -0.00050065
v 0.06593737 0.05079385 0.00102077
v 0.06593071 -0.05103480 0.00117453
v 0.06583991 -0.05075405 0.00386401
v 0.06583827 0.05081263 0.00390324
v 0.06557912 -0.05075405 0.00712204
v 0.06560326 0.05074457 0.00685637
v 0.06541961 0.05096573 0.00847193
v 0.06522670 -0.05080503 0.00987214
v 0.06478596 0.05071315 0.01246758
v 0.06457963 -0.05072264 0.01351124
v 0.06461100 0.05071315 0.01335807
v 0.06436722 -0.05072264 0.01450465
v 0.06436691 0.05071315 0.01450458
v 0.06430060 0.05071336 0.01479973
v 0.06388421 -0.05072301 0.01652680
v 0.06395805 0.05071356 0.01623408
v 0.06388385 0.05071315 0.01652735
v 0.06353437 -0.05097429 0.01781995
v 0.06358355 0.05071315 0.01766043
v 0.06333724 -0.05072264 0.01853388
v 0.06333724 0.05071315 0.01853388
v 0.06312786 -0.05080622 0.01924186
v 0.06317719 0.05071349 0.01907803
v 0.06273931 0.05071315 0.02048621
v 0.06268534 -0.05072292 0.02065241
v 0.06226982 0.05079676 0.02188413
v 0.06060151 -0.05080623 0.02618449
v 0.06052721 -0.05072264 0.02635801
v 0.06132192 0.05071315 0.02443619
v 0.06123783 0.05079674 0.02464698
v 0.06116904 -0.05072305 0.02481948
v 0.06132192 -0.05072264 0.02443619
v 0.06176929 0.05079676 0.02327137
v 0.06170049 -0.05097431 0.02343981
v 0.06205564 0.05071315 0.02249027
v 0.06205564 -0.05072264 0.02249027
v 0.06221079 -0.05080623 0.02205249
v 0.06067621 0.05071315 0.02601047
v 0.06052721 0.05071315 0.02635801
v 0.05999966 -0.05097429 0.02753431
v 0.06008388 0.05071315 0.02736098
v 0.05967229 -0.05072264 0.02825381
v 0.05967229 0.05071315 0.02825381
v 0.05937618 -0.05072291 0.02887525
v 0.05946130 0.05079674 0.02869789
v 0.05871853 -0.05072293 0.03019929
v 0.05880945 0.05071369 0.03002061
v 0.05812787 0.05071332 0.03132834
v 0.05667486 0.05096474 0.03389465
v 0.05579362 -0.05087329 0.03533620
v 0.05566846 -0.05072264 0.03553959
v 0.05656957 -0.05072306 0.03407815
v 0.05675510 -0.05072264 0.03376642
v 0.05741264 0.05096481 0.03261851
v 0.05731481 -0.05072264 0.03280136
v 0.05778530 0.05071315 0.03195986
v 0.05778530 -0.05072264 0.03195986
v 0.05803121 -0.05072298 0.03150817
v 0.05566872 0.05071315 0.03553975
v 0.05499424 -0.05072264 0.03658006
v 0.05511468 0.05071315 0.03639731
v 0.05452644 -0.05072264 0.03727762
v 0.05452644 0.05071315 0.03727762
v 0.05416488 -0.05072284 0.03780389
v 0.05429147 0.05071351 0.03762085
v 0.05333044 0.05071315 0.03897896
v 0.05330835 -0.05080623 0.03900876
v 0.05256406 0.05071332 0.04001122
v 0.04942827 -0.05072264 0.04384437
v 0.05132359 0.05073410 0.04160943
v 0.05057930 -0.05080625 0.04250404
v 0.05077978 -0.05072264 0.04226374
v 0.05151504 -0.05080625 0.04135942
v 0.05208127 -0.05072264 0.04064166
v 0.04977692 0.05071356 0.04344601
v 0.04879752 0.05071342 0.04454850
v 0.04862896 -0.05097431 0.04472532
v 0.04802739 -0.05072264 0.04538141
v 0.04681046 0.05098734 0.04666384
v 0.04762204 -0.05080625 0.04580826
v 0.04676595 0.05071339 0.04668639
v 0.04658431 -0.05097430 0.04686106
v 0.04552716 -0.05097429 0.04789342
v 0.04571461 0.05071345 0.04772051
v 0.04508395 -0.05072264 0.04831938
v 0.04420998 0.05074457 0.04912872
v 0.04444922 -0.05080625 0.04890605
v 0.04354438 -0.05072264 0.04971749
v 0.04242612 0.05071342 0.05067885
v 0.04222143 -0.05080623 0.05084969
v 0.04196118 -0.05072264 0.05106599
v 0.04128677 0.05071342 0.05161513
v 0.04107244 -0.05097431 0.05177947
v 0.04033640 -0.05072264 0.05236408
v 0.04048066 0.05100201 0.05225648
v 0.03990869 -0.05080625 0.05269169
v 0.03867156 -0.05072264 0.05361038
v 0.03894685 0.05071357 0.05341032
v 0.03751364 -0.05097430 0.05442386
v 0.03774703 0.05071344 0.05426772
v 0.03696812 -0.05072264 0.05480338
v 0.03652869 0.05071349 0.05509860
v 0.03628853 -0.05097424 0.05525266
v 0.03571159 0.05088380 0.05563487
v 0.03522815 -0.05072264 0.05594246
v 0.03403749 0.05071333 0.05667713
v 0.02990369 -0.05080621 0.05897071
v 0.03164436 0.05071315 0.05805244
v 0.03121459 -0.05072304 0.05828539
v 0.03164431 -0.05072264 0.05805236
v 0.03276610 0.05071315 0.05742432
v 0.03250884 -0.05072264 0.05757090
v 0.03345278 0.05071315 0.05702553
v 0.03345295 -0.05072264 0.05702580
v 0.03017477 0.05071357 0.05883243
v 0.02980437 0.05071315 0.05902167
v 0.02857970 -0.05072264 0.05962650
v 0.02885616 0.05071315 0.05949272
v 0.02793477 -0.05072264 0.05993247
v 0.02793477 0.05071315 0.05993247
v 0.02724037 -0.05072282 0.06025241
v 0.02752291 0.05079674 0.06012306
v 0.02617504 0.05096471 0.06072111
v 0.02603738 -0.05072264 0.06078387
v 0.02588734 -0.05072264 0.06084815
v 0.02481634 0.05071333 0.06129434
v 0.02452129 -0.05072299 0.06141338
v 0.02411409 -0.05072264 0.06157502
v 0.02411409 0.05071315 0.06157502
v 0.02314294 -0.05072264 0.06194790
v 0.02344401 0.05071315 0.06183418
v 0.02216681 -0.05072264 0.06230513
v 0.02205871 0.05096471 0.06234043
v 0.02175292 -0.05072302 0.06245133
v 0.02035199 -0.05072285 0.06292351
v 0.02066484 0.05071352 0.06282109
v 0.02019748 -0.05072264 0.06297347
v 0.02019748 0.05071315 0.06297347
v 0.01893980 -0.05097431 0.06335901
v 0.01925941 0.05071315 0.06326772
v 0.01820805 -0.05072264 0.06357939
v 0.01820805 0.05071315 0.06357939
v 0.01752003 -0.05080622 0.06377283
v 0.01784433 0.05071336 0.06368278
v 0.01620052 -0.05072264 0.06412233
v 0.01642033 0.05071365 0.06406610
v 0.01620051 0.05071315 0.06412227
v 0.01029814 -0.05097422 0.06533113
v 0.01210213 0.05079672 0.06502350
v 0.01213911 -0.05072264 0.06501707
v 0.01354840 0.05071341 0.06473678
v 0.01320806 -0.05072264 0.06480735
v 0.01417684 0.05071315 0.06460158
v 0.01417684 -0.05072264 0.06460158
v 0.01498678 0.05096486 0.06441151
v 0.01465302 -0.05072285 0.06449483
v 0.00596147 0.05071315 0.06587479
v 0.00736909 -0.05072282 0.06573131
v 0.00589790 -0.05097427 0.06587567
v 0.01064935 0.05071354 0.06527836
v 0.01008922 0.05071315 0.06536764
v 0.00883623 -0.05072264 0.06554949
v 0.00919147 0.05071315 0.06550042
v 0.00802933 -0.05072264 0.06565362
v 0.00802935 0.05071315 0.06565386
v 0.00479315 0.05071315 0.06597025
v 0.00442441 -0.05072285 0.06599612
v 0.00332126 0.05071349 0.06606115
v 0.00184739 0.05091269 0.06611855
v 0.00180992 -0.05072264 0.06612059
v -0.00026959 -0.05072264 0.06614522
v -0.00026959 0.05071315 0.06614520
v -0.00148572 -0.05072291 0.06612871
v -0.00110179 0.05096483 0.06613077
v -0.00234884 -0.05072264 0.06610372
v -0.00234884 0.05071315 0.06610372
v -0.00296326 -0.05072264 0.06607904
v -0.00845209 0.05096466 0.06560040
v -0.00738399 -0.05072264 0.06573150
v -0.00856436 -0.05072264 0.06558786
v -0.00257562 0.05079674 0.06609492
v -0.00404841 0.05071339 0.06602138
v -0.00443929 -0.05080624 0.06599603
v -0.00442576 0.05071315 0.06599715
v -0.00591313 -0.05072286 0.06588036
v -0.00551923 0.05071315 0.06591459
v -0.00649829 -0.05072264 0.06582513
v -0.00649829 0.05071315 0.06582513
v -0.00698729 0.05071350 0.06577491
v -0.01470327 -0.05072282 0.06448713
v -0.01281613 0.05079673 0.06488896
v -0.01322297 -0.05072303 0.06480763
v -0.01266893 -0.05072264 0.06491851
v -0.01136762 0.05071342 0.06515954
v -0.01177136 -0.05072264 0.06508765
v -0.01062199 0.05071315 0.06528602
v -0.01062200 -0.05072264 0.06528607
v -0.00885113 -0.05072308 0.06554966
v -0.01854502 0.05071345 0.06348658
v -0.01753506 -0.05072282 0.06377348
v -0.01872640 -0.05072264 0.06343322
v -0.01470341 0.05071315 0.06448739
v -0.01610366 -0.05097431 0.06414553
v -0.01569683 0.05071345 0.06425188
v -0.01672315 -0.05072264 0.06399177
v -0.01672324 0.05071315 0.06399208
v -0.02453627 -0.05072306 0.06141390
v -0.02267488 0.05071315 0.06212742
v -0.02315791 -0.05072303 0.06194841
v -0.02267486 -0.05072264 0.06212739
v -0.02135601 0.05071315 0.06259432
v -0.02176791 -0.05072264 0.06245186
v -0.02071089 0.05071315 0.06281133
v -0.02071089 -0.05072264 0.06281133
v -0.01995547 0.05071344 0.06305606
v -0.02036695 -0.05072286 0.06292399
v -0.02725539 -0.05072282 0.06025305
v -0.02842383 -0.05072264 0.05970909
v -0.02818473 0.05071341 0.05982265
v -0.02842383 0.05071315 0.05970909
v -0.02859474 -0.05072264 0.05962718
v -0.02412435 0.05071355 0.06157742
v -0.02461629 0.05071315 0.06138187
v -0.02590236 -0.05072264 0.06084876
v -0.02549079 0.05071315 0.06102283
v -0.02653325 -0.05072264 0.06057550
v -0.02684452 0.05071352 0.06043793
v -0.02991956 -0.05080622 0.05897128
v -0.02951092 0.05071315 0.05917770
v -0.03028615 -0.05072264 0.05878349
v -0.03028615 0.05071315 0.05878349
v -0.03122967 -0.05072264 0.05828614
v -0.03082233 0.05071338 0.05850323
v -0.03211835 -0.05072264 0.05779963
v -0.03211825 0.05079675 0.05779945
v -0.03252392 -0.05072287 0.05757164
v -0.03339831 0.05071315 0.05706722
v -0.03391868 -0.05072264 0.05675858
v -0.03391862 0.05071315 0.05675849
v -0.03506277 -0.05072264 0.05605657
v -0.03466155 0.05071343 0.05630635
v -0.03568517 -0.05072264 0.05566110
v -0.03590612 0.05096468 0.05551523
v -0.03630607 -0.05072294 0.05525671
v -0.03752929 -0.05097415 0.05442779
v -0.03713546 0.05071358 0.05470086
v -0.03741623 0.05071315 0.05450855
v -0.03911049 -0.05072264 0.05330255
v -0.03834488 0.05071315 0.05385705
v -0.03911010 0.05071315 0.05330199
v -0.03992411 -0.05072264 0.05269285
v -0.03953511 0.05071349 0.05298636
v -0.04070561 0.05071348 0.05208934
v -0.04076507 -0.05072264 0.05204262
v -0.04109079 -0.05072287 0.05178487
v -0.04185570 0.05071334 0.05116631
v -0.04223690 -0.05072304 0.05085104
v -0.04237951 0.05071315 0.05073169
v -0.04336166 -0.05072264 0.04989162
v -0.04298491 0.05071315 0.05021782
v -0.04395181 -0.05072264 0.04937050
v -0.04395181 0.05071315 0.04937050
v -0.04446468 -0.05072295 0.04890728
v -0.04409260 0.05071337 0.04924430
v -0.04554352 -0.05097415 0.04789728
v -0.04517825 0.05071357 0.04824626
v -0.04548041 0.05071315 0.04796042
v -0.04624133 0.05071315 0.04722422
v -0.04660317 -0.05072298 0.04686569
v -0.04696379 -0.05072264 0.04650284
v -0.04696379 0.05071315 0.04650284
v -0.04763756 -0.05072264 0.04580947
v -0.04728127 0.05071338 0.04617864
v -0.04840047 -0.05072264 0.04499920
v -0.04829759 0.05071315 0.04511008
v -0.04840047 0.05071315 0.04499920
v -0.04864800 -0.05072288 0.04473030
v -0.04928974 0.05071334 0.04401904
v -0.04978915 -0.05072264 0.04345113
v -0.04978902 0.05071315 0.04345101
v -0.05059507 -0.05072264 0.04250542
v -0.05025711 0.05079676 0.04290591
v -0.05112806 -0.05072264 0.04185982
v -0.05112806 0.05071315 0.04185982
v -0.05153069 -0.05072300 0.04136078
v -0.05119964 0.05071337 0.04177181
v -0.05241628 -0.05072264 0.04022720
v -0.05211641 0.05071355 0.04061672
v -0.05241626 0.05071315 0.04022718
v -0.05300716 0.05071315 0.03944143
v -0.05332383 -0.05072298 0.03901006
v -0.05365234 -0.05072264 0.03855474
v -0.05365234 0.05071315 0.03855474
v -0.05418045 -0.05072264 0.03780516
v -0.05387138 0.05071338 0.03824650
v -0.05483528 -0.05072264 0.03684429
v -0.05470868 0.05071315 0.03703257
v -0.05483507 0.05071315 0.03684416
v -0.05551860 0.05071334 0.03580019
v -0.05596346 -0.05072264 0.03509724
v -0.05596328 0.05071315 0.03509713
v -0.05658523 -0.05072264 0.03407949
v -0.05630079 0.05071315 0.03455003
v -0.05703583 -0.05072264 0.03331539
v -0.05705475 0.05079672 0.03328275
v -0.05733046 -0.05072302 0.03280269
v -0.05804378 -0.05097421 0.03150838
v -0.05778029 0.05071354 0.03199879
v -0.05805168 0.05071315 0.03150072
v -0.05873418 -0.05072287 0.03020062
v -0.05847692 0.05071315 0.03069901
v -0.05900979 -0.05072264 0.02965493
v -0.05900979 0.05071315 0.02965493
v -0.05939196 -0.05072264 0.02887664
v -0.05914427 0.05071338 0.02938396
v -0.05990923 -0.05072264 0.02777983
v -0.05978205 0.05071359 0.02805431
v -0.05990923 0.05071315 0.02777983
v -0.06001985 -0.05072290 0.02753824
v -0.06038999 0.05071315 0.02671076
v -0.06061760 -0.05072301 0.02618610
v -0.06074909 -0.05072264 0.02587731
v -0.06074909 0.05071315 0.02587731
v -0.06096768 0.05071337 0.02535393
v -0.06118492 -0.05072264 0.02482092
v -0.06151494 0.05079674 0.02398445
v -0.06152855 -0.05072264 0.02394926
v -0.06172145 -0.05072287 0.02344334
v -0.06203138 0.05071315 0.02260323
v -0.06222708 -0.05080620 0.02205397
v -0.06224682 0.05071315 0.02199758
v -0.06270126 -0.05072264 0.02065387
v -0.06251682 0.05071344 0.02121073
v -0.06290320 -0.05072264 0.02002423
v -0.06290355 0.05071315 0.02002433
v -0.06314400 -0.05072295 0.01924335
v -0.06349713 -0.05072264 0.01803119
v -0.06339370 0.05071357 0.01839490
v -0.06349702 0.05071315 0.01803116
v -0.06393390 -0.05080622 0.01639436
v -0.06378474 0.05071315 0.01697300
v -0.06402770 -0.05072264 0.01602035
v -0.06402770 0.05071315 0.01602035
v -0.06428109 -0.05072264 0.01495725
v -0.06414384 0.05071339 0.01554270
v -0.06449472 -0.05072264 0.01399382
v -0.06447125 0.05079675 0.01410459
v -0.06459574 -0.05072287 0.01351275
v -0.06476569 0.05071335 0.01265980
v -0.06488319 -0.05083397 0.01203465
v -0.06512155 0.05080298 0.01068727
v -0.06521644 -0.05075405 0.01006428
v -0.06548142 -0.05086247 0.00808323
v -0.06555906 0.05074457 0.00744607
v -0.06575584 -0.05075405 0.00535995
v -0.06581376 0.05084979 0.00455661
v -0.06586557 -0.05086855 0.00364207
v -0.06595719 -0.05105941 0.00095113
v 0.03859872 0.05098798 -0.07657570
v 0.04255761 0.04515712 -0.11369855
v 0.04479109 0.04208811 -0.11369837
v 0.04804982 0.03804380 -0.16132233
v 0.04548509 -0.04121069 -0.11369833
v 0.03854603 -0.05107348 -0.15840413
v 0.04255817 -0.04516700 -0.11369855
v 0.04894131 -0.03690127 -0.20894633
v 0.05233685 0.03188815 -0.20894633
v 0.05111572 0.03380458 -0.20894633
v 0.04997568 0.03546888 -0.20894633
v 0.05372073 0.02948770 -0.20894633
v 0.05466231 0.02770362 -0.20894633
v 0.05554330 0.02588888 -0.20894633
v 0.05636587 0.02404692 -0.20894633
v 0.05712709 0.02217876 -0.20894633
v 0.05782469 0.02028593 -0.20894633
v 0.05853991 0.01813440 -0.20894633
v 0.05877548 0.01735799 -0.05448773
v 0.05936503 0.01521855 -0.20894633
v 0.05931091 0.01540946 -0.05765222
v 0.05988095 0.01305436 -0.05741796
v 0.05998833 0.01251801 -0.20894633
v 0.06036851 0.01053686 -0.20894633
v 0.06039861 0.01037040 -0.05916902
v 0.06082230 0.00754512 -0.20894633
v 0.06078143 0.00782188 -0.05757370
v 0.06106899 0.00517804 -0.05768615
v 0.06111353 0.00453317 -0.20894633
v 0.06127016 0.00151127 -0.20894633
v 0.06125781 0.00176720 -0.05776243
v 0.06128252 -0.00086511 -0.05833376
v 0.06126307 -0.00151471 -0.20894633
v 0.06116838 -0.00378103 -0.20894633
v 0.06113020 -0.00430473 -0.05532086
v 0.06090776 -0.00679817 -0.20894633
v 0.06089647 -0.00692345 -0.05774109
v 0.06049817 -0.00979410 -0.20894633
v 0.06049606 -0.00977878 -0.05757243
v 0.06043421 -0.01019724 -0.04959453
v 0.05994149 -0.01277033 -0.20894633
v 0.05992752 -0.01281974 -0.05556523
v 0.05942835 -0.01497264 -0.05852710
v 0.05923850 -0.01571183 -0.20894633
v 0.05876968 -0.01737322 -0.05941568
v 0.05839130 -0.01861817 -0.20894633
v 0.05740162 -0.02147656 -0.20894633
v 0.05627264 -0.02428490 -0.20894633
v 0.05467140 -0.02771113 -0.20894633
v 0.05323124 -0.03037244 -0.20894633
v 0.05220309 -0.03210807 -0.20894633
v 0.05098123 -0.03402083 -0.20894633
v -0.06524432 -0.05122299 0.00667271
v -0.06495349 -0.05122264 0.00095000
v -0.00000745 -0.05122264 0.06564528
v -0.00147453 -0.05122261 0.06562926
v -0.00294087 -0.05122261 0.06557996
v 0.03132376 -0.05122264 -0.07677186
v 0.03828232 -0.05122182 -0.06014204
v 0.03169213 -0.05122264 -0.07730949
v 0.03264471 -0.05122264 -0.07935631
v 0.03246384 -0.05122264 -0.07883062
v 0.00244740 -0.05122264 -0.16983198
v 0.00273144 -0.05122264 -0.17032655
v -0.00204687 -0.05122264 -0.17279409
v -0.00172567 -0.05122264 -0.17333016
v 0.00308703 -0.05122264 -0.17086248
v -0.03844576 -0.05122241 0.05317256
v -0.01023587 -0.05122257 0.06484225
v -0.03962217 -0.05122256 0.05229576
v 0.03198826 -0.05122264 -0.07780910
v 0.03224321 -0.05122264 -0.07831103
v -0.00878448 -0.05122244 0.06505711
v -0.00101735 -0.05122264 -0.17435962
v 0.00345830 -0.05122264 -0.17135255
v -0.00063689 -0.05122251 -0.17485036
v 0.00390885 -0.05122264 -0.17187706
v -0.00440574 -0.05122261 0.06549780
v -0.00586836 -0.05122263 0.06538241
v 0.03002794 -0.05122264 -0.07530909
v 0.03048163 -0.05122264 -0.07576393
v 0.03094477 -0.05122264 -0.07628709
v -0.04078076 -0.05122248 0.05139558
v -0.00732836 -0.05122246 0.06523731
v -0.04191805 -0.05122249 0.05046860
v -0.04303429 -0.05122250 0.04951638
v -0.04412890 -0.05122251 0.04853939
v -0.06175589 -0.05122259 0.02188862
v -0.06125421 -0.05122259 0.02326736
v -0.06307381 -0.05122260 0.01768981
v -0.06345002 -0.05122260 0.01627169
v -0.06379433 -0.05122260 0.01484549
v 0.03123599 -0.05122264 -0.17110243
v 0.03159141 -0.05122102 -0.17060469
v 0.03582719 -0.05122264 -0.17383599
v 0.03613113 -0.05122265 -0.17337245
v -0.05459366 -0.05122257 0.03630608
v -0.05538929 -0.05122257 0.03507335
v -0.05615708 -0.05122257 0.03382310
v -0.05828969 -0.05122258 0.02997354
v -0.05894244 -0.05122259 0.02865957
v -0.05956557 -0.05122259 0.02733129
v -0.06222654 -0.05122259 0.02049899
v -0.06266592 -0.05122260 0.01909915
v -0.06410660 -0.05122261 0.01341193
v 0.03271289 -0.05122264 -0.07959409
v 0.03277892 -0.05122264 -0.07986126
v 0.03283569 -0.05122264 -0.08014061
v 0.00435296 -0.05122264 -0.17233531
v 0.00061421 -0.05122264 -0.17622307
v 0.00482589 -0.05122264 -0.17277209
v 0.00228408 -0.05122264 -0.07824795
v 0.00241729 -0.05122264 -0.07798177
v -0.01168331 -0.05122221 0.06460194
v -0.03227840 -0.05122250 0.05713844
v -0.01312422 -0.05122215 0.06432485
v -0.01455862 -0.05122208 0.06401567
v -0.03354823 -0.05122229 0.05640336
v -0.03479943 -0.05122233 0.05563695
v -0.03603316 -0.05122236 0.05484276
v -0.03724881 -0.05122238 0.05402116
v -0.04727758 -0.05122253 0.04546475
v -0.04828032 -0.05122254 0.04439369
v -0.04925881 -0.05122254 0.04330043
v -0.05689666 -0.05122258 0.03255596
v -0.05760765 -0.05122258 0.03127256
v 0.03287863 -0.05122264 -0.08040497
v 0.03291187 -0.05122264 -0.08067803
v 0.03293352 -0.05122264 -0.08097884
v 0.03294985 -0.05122264 -0.16758020
v 0.03295286 -0.05122264 -0.08153711
v 0.03825816 -0.05122251 -0.16053692
v 0.03085081 -0.05122264 -0.17158125
v 0.03525126 -0.05122264 -0.17462446
v 0.03550496 -0.05122264 -0.17429002
v 0.00162231 -0.05122264 -0.08038845
v 0.00165379 -0.05122264 -0.08016311
v -0.06267718 -0.05122218 -0.01928993
v 0.00379942 -0.05122264 -0.07600095
v -0.05965114 -0.05122289 -0.02685427
v 0.00424870 -0.05122264 -0.07552435
v -0.06456405 -0.05122327 -0.01096629
v -0.06495349 -0.05122264 -0.00055000
v 0.00472421 -0.05122264 -0.07507463
v -0.01598579 -0.05122200 0.06367461
v -0.01740505 -0.05122190 0.06330190
v -0.01881573 -0.05122177 0.06289776
v -0.02706422 -0.05121983 0.05983169
v -0.02160653 -0.05122189 0.06199019
v -0.02839135 -0.05122037 0.05920435
v -0.02970446 -0.05122080 0.05854845
v -0.04520134 -0.05122252 0.04753812
v -0.04625108 -0.05122253 0.04651307
v -0.05021255 -0.05122255 0.04218551
v -0.05114106 -0.05122256 0.04104950
v -0.05204387 -0.05122256 0.03989297
v -0.05292054 -0.05122256 0.03871649
v -0.05377061 -0.05122257 0.03752066
v -0.06015877 -0.05122259 0.02598938
v -0.06072174 -0.05122259 0.02463451
v 0.03416052 -0.05122264 -0.17588283
v 0.03042519 -0.05122264 -0.17205217
v 0.03444418 -0.05122264 -0.17557971
v 0.03472301 -0.05122238 -0.17527111
v 0.03498975 -0.05122264 -0.17495073
v 0.00590159 -0.05122264 -0.17362134
v 0.00656895 -0.05122264 -0.17407219
v 0.00382753 -0.05122264 -0.17875834
v 0.00725919 -0.05122264 -0.17448983
v 0.00154295 -0.05122264 -0.16613063
v 0.00339382 -0.05122264 -0.07648504
v -0.02021717 -0.05122161 0.06246251
v -0.03100291 -0.05122114 0.05786426
v 0.03386986 -0.05122264 -0.17617863
v 0.02996168 -0.05122264 -0.17250997
v 0.03357235 -0.05122264 -0.17646728
v 0.00870568 -0.05122264 -0.17522669
v 0.00949245 -0.05122264 -0.17555824
v 0.00779983 -0.05122264 -0.18074091
v 0.01031571 -0.05122264 -0.17586024
v 0.00168463 -0.05122264 -0.07999596
v 0.00268994 -0.05122264 -0.07749809
v 0.00521724 -0.05122264 -0.07465521
v 0.00575726 -0.05122264 -0.07423970
v 0.00634225 -0.05122264 -0.07383212
v -0.02572306 -0.05121930 0.06042882
v -0.02300061 -0.05121853 0.06152883
v -0.02437172 -0.05121800 0.06100323
v 0.02844213 -0.05122264 -0.07402530
v 0.02900947 -0.05122264 -0.07444049
v 0.02953921 -0.05122264 -0.07486963
v 0.03326811 -0.05122264 -0.17674890
v 0.02947281 -0.05122264 -0.17294331
v 0.03295724 -0.05122264 -0.17702359
v 0.03263986 -0.05122264 -0.17729147
v 0.02894309 -0.05122264 -0.17336698
v 0.03231822 -0.05122241 -0.17755538
v 0.00796323 -0.05122264 -0.17487042
v 0.00106237 -0.05122253 -0.17665242
v 0.00534233 -0.05122264 -0.17320147
v 0.00156974 -0.05122264 -0.16669628
v 0.00156613 -0.05122264 -0.08112862
v 0.00158743 -0.05122264 -0.08077329
v 0.00160749 -0.05122264 -0.08052976
v 0.00215739 -0.05122264 -0.07852633
v 0.00205104 -0.05122264 -0.07878432
v 0.00195443 -0.05122264 -0.07904334
v 0.00178855 -0.05122264 -0.07956679
v 0.00174062 -0.05122264 -0.07974835
v 0.00160902 -0.05122264 -0.16724284
v 0.00162739 -0.05122264 -0.16741075
v 0.00166946 -0.05122264 -0.16768257
v 0.00169694 -0.05122264 -0.16781984
v 0.00175664 -0.05122264 -0.16807137
v 0.00180923 -0.05122264 -0.16826263
v 0.00197264 -0.05122264 -0.16876422
v 0.00207963 -0.05122264 -0.16904421
v 0.00219810 -0.05122264 -0.16932289
v -0.01514037 -0.05122107 -0.06417111
v 0.00303316 -0.05122264 -0.07697064
v 0.02542244 -0.05122264 -0.07236877
v 0.06409038 -0.05122261 0.01341041
v 0.06437042 -0.05122261 0.01197021
v 0.06377812 -0.05122261 0.01484397
v 0.03198604 -0.05122264 -0.17780732
v 0.02836861 -0.05122264 -0.17378224
v 0.00154295 -0.05122264 -0.08162604
v 0.00154956 -0.05122264 -0.08147676
v 0.02461902 -0.05122264 -0.07205142
v 0.06173970 -0.05122261 0.02188709
v 0.06221035 -0.05122261 0.02049745
v 0.06535549 -0.05122285 -0.00512102
v 0.06385920 -0.05122166 -0.01529966
v 0.02777210 -0.05122264 -0.07358404
v 0.02707745 -0.05122264 -0.07317492
v 0.02775242 -0.05122264 -0.17418484
v 0.03130739 -0.05122264 -0.17829718
v 0.01377150 -0.05122264 -0.17671683
v 0.01466307 -0.05122264 -0.17683980
v 0.01557448 -0.05122264 -0.17692602
v 0.06343381 -0.05122261 0.01627017
v 0.06305748 -0.05122262 0.01768825
v 0.06264972 -0.05122261 0.01909762
v 0.02618807 -0.05122264 -0.07271431
v 0.02691609 -0.05122264 -0.07308631
v 0.02709504 -0.05122264 -0.17457195
v 0.03025533 -0.05122264 -0.17897710
v 0.00697672 -0.05122264 -0.07343216
v 0.00766942 -0.05122264 -0.07303981
v 0.00837624 -0.05122264 -0.07268262
v 0.00909887 -0.05122264 -0.07235870
v 0.00983411 -0.05122264 -0.07206784
v 0.06123802 -0.05122261 0.02326582
v 0.06070545 -0.05122262 0.02463292
v 0.02378274 -0.05122264 -0.07176479
v 0.06014259 -0.05122261 0.02598782
v 0.01650150 -0.05122264 -0.17697479
v 0.01743224 -0.05122264 -0.17698592
v 0.01203710 -0.05122264 -0.17636427
v 0.01290196 -0.05122264 -0.17655899
v 0.01117474 -0.05122264 -0.17613189
v -0.02489774 -0.05122165 -0.06059768
v 0.05954938 -0.05122261 0.02732972
v 0.05892625 -0.05122261 0.02865799
v 0.05827350 -0.05122261 0.02997195
v 0.02579617 -0.05122264 -0.17522480
v 0.02651106 -0.05122264 -0.17488281
v 0.02843325 -0.05122264 -0.17996261
v 0.02917199 -0.05122264 -0.17958972
v 0.02989760 -0.05122264 -0.17918858
v -0.03709248 -0.05122125 -0.05407825
v 0.06549951 -0.05122196 0.00533427
v 0.02119151 -0.05122264 -0.07111982
v 0.04826397 -0.05122263 0.04439168
v 0.02206026 -0.05122264 -0.07129749
v 0.05537309 -0.05122262 0.03507169
v 0.02292415 -0.05122264 -0.07151225
v 0.05457746 -0.05122262 0.03630439
v 0.06139474 -0.05122023 -0.02314881
v 0.02097137 -0.05122264 -0.17667587
v 0.02184181 -0.05122264 -0.17650744
v 0.02269609 -0.05122264 -0.17630486
v 0.01921700 -0.05122264 -0.17690206
v 0.02009355 -0.05122264 -0.17680767
v 0.01059934 -0.05122264 -0.07180204
v 0.01140101 -0.05122264 -0.07156005
v 0.01224139 -0.05122264 -0.07134297
v 0.01940912 -0.05122264 -0.07087220
v 0.03723158 -0.05122263 0.05401732
v 0.02031234 -0.05122264 -0.07097831
v 0.05759146 -0.05122261 0.03127095
v 0.05688038 -0.05122262 0.03255429
v 0.05614089 -0.05122261 0.03382146
v 0.01833465 -0.05122264 -0.17696115
v 0.01311774 -0.05122264 -0.07115500
v 0.01399774 -0.05122264 -0.07100495
v 0.01487363 -0.05122264 -0.07089350
v 0.04076423 -0.05122262 0.05139299
v 0.03960641 -0.05122262 0.05229411
v 0.03842867 -0.05122262 0.05316905
v 0.04726126 -0.05122262 0.04546273
v 0.04623473 -0.05122262 0.04651098
v 0.04518497 -0.05122262 0.04753596
v 0.04411249 -0.05122262 0.04853715
v 0.04301780 -0.05122263 0.04951399
v 0.04190157 -0.05122262 0.05046615
v 0.05112481 -0.05122262 0.04104769
v 0.05019629 -0.05122262 0.04218366
v 0.04924253 -0.05122262 0.04329853
v 0.05762916 -0.05121799 -0.03139312
v 0.02455436 -0.05122264 -0.18142867
v 0.02351765 -0.05122264 -0.17607416
v 0.02430733 -0.05122264 -0.17581704
v 0.02614194 -0.05122264 -0.18091972
v 0.02506231 -0.05122264 -0.17553557
v 0.02691792 -0.05122264 -0.18062696
v -0.04925508 -0.05121965 -0.04338937
v 0.03601585 -0.05122262 0.05483864
v 0.03478197 -0.05122262 0.05563244
v 0.03353062 -0.05122262 0.05639840
v 0.05375440 -0.05122262 0.03751895
v 0.05290425 -0.05122262 0.03871470
v 0.05202764 -0.05122262 0.03989119
v 0.03226240 -0.05122262 0.05713610
v 0.03097794 -0.05122263 0.05784515
v 0.01848932 -0.05122264 -0.07080334
v 0.02967796 -0.05122262 0.05852532
v 0.02836304 -0.05122262 0.05917612
v 0.02703386 -0.05122262 0.05979729
v 0.02569106 -0.05122263 0.06038846
v 0.01756189 -0.05122264 -0.07077214
v 0.00439082 -0.05122263 0.06549746
v 0.00292596 -0.05122263 0.06557966
v 0.00145962 -0.05122263 0.06562901
v 0.02433540 -0.05122262 0.06094948
v 0.02296747 -0.05122262 0.06147991
v 0.02158801 -0.05122262 0.06197955
v 0.01022081 -0.05122263 0.06484114
v 0.01574660 -0.05122264 -0.07081869
v 0.00876920 -0.05122263 0.06505419
v 0.00731317 -0.05122263 0.06523461
v 0.00585347 -0.05122263 0.06538244
v 0.01596860 -0.05122262 0.06366535
v 0.01663679 -0.05122264 -0.07077795
v 0.01454190 -0.05122262 0.06400755
v 0.01310788 -0.05122263 0.06431764
v 0.01166729 -0.05122263 0.06459560
v 0.02019768 -0.05122262 0.06244815
v 0.01879719 -0.05122263 0.06288541
v 0.01738728 -0.05122262 0.06329126
v 0.05979193 -0.01399960 -0.04879571
v 0.06085004 -0.00680428 -0.04553989
v 0.05987079 -0.01501721 -0.04278514
v 0.06124200 -0.00136114 -0.03699617
v 0.06110335 -0.00310396 -0.04311457
v 0.06116046 -0.00590989 -0.03580902
v 0.06118834 -0.01199770 -0.03122374
v 0.06159730 -0.00450753 -0.02997555
v 0.06164645 -0.01049135 -0.02794090
v 0.06273162 -0.01226558 -0.02124254
v 0.06231826 0.00299014 -0.02408760
v 0.06210835 -0.00659325 -0.02521535
v 0.06060407 -0.01024702 -0.04150986
v 0.06067809 -0.01394820 -0.03462451
v 0.06048212 -0.01306962 -0.03797157
v 0.06120803 -0.01579175 -0.02917599
v 0.06290143 0.00171538 -0.02072408
v 0.06062819 0.01260708 -0.03656322
v 0.06087927 0.00872632 -0.03829251
v 0.06097754 0.01251656 -0.03291392
v 0.06227333 0.01427629 -0.02340031
v 0.06138140 0.01138512 -0.02976960
v 0.06006039 0.01617801 -0.03807775
v 0.06118179 0.00240681 -0.03829267
v 0.06135804 0.00585385 -0.03248640
v 0.06147474 0.00089601 -0.03227372
v 0.06181018 0.00838381 -0.02714866
v 0.06182077 -0.00007958 -0.02795294
v 0.05981603 0.01384405 -0.04918433
v 0.06119082 -0.00106621 -0.04923244
v 0.06053523 0.00958671 -0.04846578
v 0.06105924 0.00423507 -0.04720481
v 0.06092834 0.00663582 -0.04172912
v 0.06006776 0.01382175 -0.04278721
v 0.00345693 0.06120307 -0.22518013
v 0.00747556 0.06084324 -0.22517858
v 0.01046783 0.06039131 -0.22517833
v 0.01343697 0.05980683 -0.22517979
v 0.01734220 0.05879289 -0.22517897
v 0.02117292 0.05752571 -0.22517662
v 0.02491036 0.05600515 -0.22517873
v 0.02853995 0.05424306 -0.22517972
v 0.03117870 0.05276167 -0.22517833
v 0.03374919 0.05116463 -0.22517836
v 0.03704077 0.04883134 -0.22517991
v 0.03940130 0.04693782 -0.22517833
v 0.04167605 0.04494189 -0.22517747
v 0.04383668 0.04282316 -0.22517833
v 0.04590236 0.04061170 -0.22517909
v 0.04784485 0.03829132 -0.22517833
v 0.04968309 0.03588746 -0.22517833
v 0.05138678 0.03338645 -0.22517833
v 0.05297910 0.03081309 -0.22517833
v 0.05489141 0.02726023 -0.22517833
v 0.05656588 0.02358927 -0.22517833
v 0.05765345 0.02076530 -0.22517833
v 0.05861607 0.01789632 -0.22517833
v 0.05941997 0.01497889 -0.22517833
v 0.06009509 0.01202900 -0.22517833
v 0.06060749 0.00904654 -0.22517833
v 0.06098853 0.00604446 -0.22517833
v 0.06125431 0.00201841 -0.22517833
v 0.06127120 -0.00100771 -0.22517833
v 0.06115530 -0.00403165 -0.22517833
v 0.06075795 -0.00804685 -0.22517833
v 0.06009734 -0.01202722 -0.22517833
v 0.05917636 -0.01595553 -0.22517833
v 0.05799898 -0.01981474 -0.22517833
v 0.05657030 -0.02358815 -0.22517833
v 0.05489652 -0.02725942 -0.22517833
v 0.05298488 -0.03081265 -0.22517833
v 0.05084366 -0.03423243 -0.22517833
v 0.04818202 -0.03791006 -0.22517826
v 0.04522997 -0.04135781 -0.22517833
v 0.04313886 -0.04354519 -0.22517997
v 0.04018361 -0.04629232 -0.22517659
v 0.03665486 -0.04914846 -0.22517911
v 0.03290782 -0.05170976 -0.22517833
v 0.03032024 -0.05327897 -0.22517830
v 0.02674969 -0.05515778 -0.22517993
v 0.02399277 -0.05640553 -0.22517833
v 0.02118368 -0.05753123 -0.22517660
v 0.01735323 -0.05879915 -0.22517893
v 0.01344827 -0.05981430 -0.22517928
v 0.00948497 -0.06057005 -0.22517994
v 0.00648390 -0.06095867 -0.22517833
v 0.00346841 -0.06121187 -0.22518018
v 0.00556082 -0.04822264 -0.08133489
v 0.00557733 -0.04822264 -0.08105737
v 0.01431812 -0.04822264 -0.07922315
v 0.00559667 -0.04822257 -0.08084892
v 0.00582883 -0.04822264 -0.08011395
v 0.00577470 -0.04822264 -0.08024527
v 0.00572516 -0.04822264 -0.08037812
v 0.00611262 -0.04822264 -0.07956818
v 0.00596207 -0.04822264 -0.07983503
v 0.00589274 -0.04822264 -0.07997350
v 0.00563612 -0.04822262 -0.08066173
v 0.01387355 -0.04822264 -0.07508294
v 0.01316270 -0.04822264 -0.07523543
v 0.01247996 -0.04822264 -0.07541178
v 0.01183357 -0.04822264 -0.07560688
v 0.01122563 -0.04822264 -0.07581799
v 0.01065129 -0.04822264 -0.07604516
v 0.01009635 -0.04822264 -0.07629389
v 0.00855313 -0.04822264 -0.07716558
v 0.00812053 -0.04822264 -0.07746692
v 0.00773328 -0.04822264 -0.07776481
v 0.00955698 -0.04822264 -0.07656644
v 0.00903137 -0.04822264 -0.07686413
v 0.00739240 -0.04822264 -0.07805470
v 0.00707798 -0.04822264 -0.07835191
v 0.00678953 -0.04822264 -0.07865787
v 0.00653418 -0.04822264 -0.07896256
v 0.00631378 -0.04822264 -0.07925921
v 0.01674137 -0.04822264 -0.07477658
v 0.01600851 -0.04822264 -0.07481011
v 0.01529550 -0.04822264 -0.07487118
v 0.01458598 -0.04822264 -0.07496145
v 0.02119896 -0.04822264 -0.07922315
v 0.02047252 -0.04822264 -0.07505468
v 0.02117689 -0.04822264 -0.07519872
v 0.01827347 -0.04822264 -0.07479751
v 0.01750789 -0.04822264 -0.07477178
v 0.01976047 -0.04822264 -0.07494005
v 0.01902687 -0.04822264 -0.07485389
v 0.02323625 -0.04822264 -0.07580481
v 0.02257084 -0.04822264 -0.07557679
v 0.02187791 -0.04822264 -0.07537301
v 0.02694287 -0.04822264 -0.07791250
v 0.02656944 -0.04822264 -0.07761007
v 0.02615697 -0.04822264 -0.07730828
v 0.02565726 -0.04822264 -0.07697926
v 0.02513264 -0.04822264 -0.07667030
v 0.02501009 -0.04822264 -0.07660300
v 0.02445437 -0.04822264 -0.07631907
v 0.02386503 -0.04822264 -0.07605313
v 0.02786665 -0.04822264 -0.07884154
v 0.02757134 -0.04822264 -0.07850804
v 0.02727498 -0.04822264 -0.07821101
v 0.02895286 -0.04822264 -0.08159311
v 0.02893827 -0.04822264 -0.08117359
v 0.02119963 -0.04822264 -0.09624846
v 0.02895286 -0.04822264 -0.11007459
v 0.02892517 -0.04822261 -0.08102183
v 0.02890020 -0.04822264 -0.08085611
v 0.02886350 -0.04822261 -0.08068693
v 0.02881832 -0.04822264 -0.08052194
v 0.02848322 -0.04822264 -0.07973644
v 0.02831745 -0.04822264 -0.07945693
v 0.02810057 -0.04822264 -0.07914063
v 0.02872955 -0.04822264 -0.08026418
v 0.02861807 -0.04822264 -0.08000170
v 0.02894187 -0.04822264 -0.16650066
v 0.02169288 -0.04822264 -0.17243271
v 0.02895034 -0.04822264 -0.16625048
v 0.02235784 -0.04822264 -0.17224599
v 0.02882450 -0.04822264 -0.16721424
v 0.02886833 -0.04822261 -0.16705020
v 0.02890904 -0.04822262 -0.16684720
v 0.02893389 -0.04822261 -0.16664648
v 0.02298945 -0.04822264 -0.17204037
v 0.02358457 -0.04822264 -0.17181852
v 0.02415357 -0.04822264 -0.17157763
v 0.02470145 -0.04822264 -0.17131554
v 0.02514598 -0.04822264 -0.17107894
v 0.02564245 -0.04822264 -0.17078660
v 0.02610273 -0.04822264 -0.17048591
v 0.02652180 -0.04822264 -0.17018306
v 0.02878882 -0.04822264 -0.16732720
v 0.02689678 -0.04822264 -0.16988322
v 0.02723076 -0.04822264 -0.16958728
v 0.02753482 -0.04822264 -0.16928707
v 0.02780743 -0.04822264 -0.16898552
v 0.02804722 -0.04822264 -0.16868754
v 0.02825870 -0.04822264 -0.16839007
v 0.02843124 -0.04822264 -0.16811235
v 0.02857489 -0.04822264 -0.16784480
v 0.02869697 -0.04822264 -0.16757464
v 0.02119978 -0.04822264 -0.15152219
v 0.02119817 -0.04822264 -0.17255311
v 0.01850406 -0.04822264 -0.15827972
v 0.01970861 -0.04822264 -0.15996893
v 0.01848351 -0.04822264 -0.15854082
v 0.01833611 -0.04822264 -0.15888023
v 0.01969494 -0.04822264 -0.16058421
v 0.01815963 -0.04822264 -0.15904883
v 0.01965237 -0.04822264 -0.16095035
v 0.01581633 -0.04822264 -0.16039617
v 0.01581174 -0.04822264 -0.15996167
v 0.01745948 -0.04822264 -0.15909958
v 0.01712919 -0.04822264 -0.15879396
v 0.01448067 -0.04822264 -0.15307374
v 0.01431690 -0.04822264 -0.15152219
v 0.01466841 -0.04822264 -0.15288983
v 0.01491501 -0.04822264 -0.15279347
v 0.01550903 -0.04822264 -0.15291886
v 0.01565813 -0.04822264 -0.15307023
v 0.01575615 -0.04822264 -0.15325150
v 0.01799756 -0.04822264 -0.15912701
v 0.01915430 -0.04822264 -0.16200408
v 0.01894036 -0.04822264 -0.16220208
v 0.01850406 -0.04822264 -0.15530485
v 0.01970861 -0.04822264 -0.15530485
v 0.01850598 -0.04822264 -0.15507320
v 0.01932115 -0.04822264 -0.16179526
v 0.01946676 -0.04822264 -0.16154411
v 0.01957680 -0.04822264 -0.16126490
v 0.01869490 -0.04822264 -0.16236676
v 0.01782613 -0.04822264 -0.15916312
v 0.01842326 -0.04822264 -0.16249301
v 0.01584531 -0.04822264 -0.16079704
v 0.01590470 -0.04822264 -0.16112573
v 0.01600569 -0.04822264 -0.16143683
v 0.01702892 -0.04822264 -0.15851676
v 0.01581174 -0.04822264 -0.15365852
v 0.01764387 -0.04822264 -0.15915687
v 0.01700534 -0.04822264 -0.16245607
v 0.01727610 -0.04822264 -0.16254991
v 0.01755149 -0.04822264 -0.16260149
v 0.01651455 -0.04822264 -0.16214788
v 0.01674849 -0.04822264 -0.16232097
v 0.01614133 -0.04822264 -0.16170573
v 0.01631041 -0.04822264 -0.16194107
v 0.01758719 -0.04822264 -0.16409644
v 0.01432259 -0.04822264 -0.17275393
v 0.01718722 -0.04822264 -0.16405182
v 0.01679609 -0.04822264 -0.16396025
v 0.01518416 -0.04822264 -0.15278178
v 0.01534856 -0.04822264 -0.15282784
v 0.01783688 -0.04822264 -0.16261154
v 0.01813134 -0.04822264 -0.16257617
v 0.01496725 -0.04822264 -0.16262943
v 0.01476799 -0.04822264 -0.16229837
v 0.01460715 -0.04822264 -0.16194646
v 0.01573725 -0.04822264 -0.16343045
v 0.01543699 -0.04822264 -0.16317895
v 0.01516957 -0.04822264 -0.16289604
v 0.01642118 -0.04822264 -0.16382438
v 0.01606672 -0.04822264 -0.16364676
v 0.01512449 -0.04822264 -0.17286649
v 0.01793317 -0.04822264 -0.16409644
v 0.01586747 -0.04822264 -0.17293675
v 0.01662963 -0.04822264 -0.17297684
v 0.01740044 -0.04822264 -0.17298605
v 0.01986443 -0.04822264 -0.15291461
v 0.02014302 -0.04822264 -0.15304703
v 0.02039703 -0.04822264 -0.15321779
v 0.02062016 -0.04822264 -0.15342216
v 0.02080752 -0.04822264 -0.15365450
v 0.02095718 -0.04822264 -0.15391073
v 0.02106843 -0.04822264 -0.15418722
v 0.01440311 -0.04822264 -0.17276701
v 0.01732334 -0.04822264 -0.15378365
v 0.01718749 -0.04822264 -0.15406583
v 0.01579912 -0.04822264 -0.15342189
v 0.01709902 -0.04822264 -0.15434733
v 0.01704356 -0.04822264 -0.15465751
v 0.01747665 -0.04822264 -0.15355721
v 0.01767905 -0.04822264 -0.15333547
v 0.01791321 -0.04822264 -0.15314563
v 0.02091132 -0.04822264 -0.16195126
v 0.02074111 -0.04822264 -0.16231957
v 0.02053417 -0.04822264 -0.16265686
v 0.01926912 -0.04822264 -0.15428700
v 0.01952389 -0.04822264 -0.15444097
v 0.01854892 -0.04822264 -0.15471411
v 0.01434575 -0.04822264 -0.15338953
v 0.01448445 -0.04822264 -0.16157533
v 0.01439868 -0.04822264 -0.16118471
v 0.01434746 -0.04822264 -0.16077082
v 0.01701629 -0.04822264 -0.15828052
v 0.01701629 -0.04822264 -0.15530485
v 0.01701940 -0.04822264 -0.15499985
v 0.01970565 -0.04822264 -0.15503854
v 0.01966769 -0.04822264 -0.15473156
v 0.01896016 -0.04822264 -0.15428270
v 0.01869284 -0.04822264 -0.15443628
v 0.01956826 -0.04822264 -0.15282424
v 0.01916878 -0.04822264 -0.15277582
v 0.02029380 -0.04822264 -0.16296205
v 0.02001933 -0.04822264 -0.16323772
v 0.01971531 -0.04822264 -0.16347955
v 0.01432500 -0.04822264 -0.16023514
v 0.01432397 -0.04822264 -0.15996167
v 0.01432397 -0.04822264 -0.15365893
v 0.01817460 -0.04822264 -0.15299116
v 0.01845699 -0.04822264 -0.15287584
v 0.01875299 -0.04822264 -0.15280268
v 0.02117169 -0.04822264 -0.16078527
v 0.02111838 -0.04822264 -0.16120391
v 0.02103183 -0.04822264 -0.16159014
v 0.02114275 -0.04822264 -0.15448347
v 0.02118327 -0.04822264 -0.15480341
v 0.02119639 -0.04822264 -0.15529877
v 0.01938642 -0.04822264 -0.16368449
v 0.01903768 -0.04822264 -0.16385013
v 0.02099975 -0.04822264 -0.17259708
v 0.01867489 -0.04822264 -0.16397454
v 0.02029408 -0.04822264 -0.17273363
v 0.01830444 -0.04822264 -0.16405663
v 0.02119639 -0.04822264 -0.15996167
v 0.02119387 -0.04822264 -0.16033340
v 0.01814619 -0.04822264 -0.17296560
v 0.01887002 -0.04822264 -0.17291714
v 0.01958326 -0.04822264 -0.17284037
v 0.00560256 -0.04822261 -0.16695167
v 0.01369871 -0.04822264 -0.17263913
v 0.00564203 -0.04822261 -0.16711617
v 0.00559026 -0.04822264 -0.16685587
v 0.00556391 -0.04822264 -0.16648026
v 0.00573462 -0.04822264 -0.16740499
v 0.00578931 -0.04822264 -0.16754812
v 0.01160712 -0.04822264 -0.17207445
v 0.01229659 -0.04822264 -0.17229243
v 0.01299681 -0.04822264 -0.17248112
v 0.00978083 -0.04822264 -0.17130722
v 0.01034857 -0.04822264 -0.17157964
v 0.01095748 -0.04822264 -0.17183618
v 0.00584939 -0.04822264 -0.16768949
v 0.00746160 -0.04822264 -0.16976325
v 0.00782181 -0.04822264 -0.17006263
v 0.00822608 -0.04822264 -0.17036608
v 0.00872354 -0.04822264 -0.17070206
v 0.00924531 -0.04822264 -0.17101775
v 0.00657435 -0.04822264 -0.16884452
v 0.00685938 -0.04822264 -0.16917625
v 0.00714556 -0.04822264 -0.16947152
v 0.00597815 -0.04822264 -0.16795212
v 0.00613648 -0.04822264 -0.16822757
v 0.00634617 -0.04822264 -0.16854343
v 0.01431796 -0.04822264 -0.12389245
v 0.01432179 -0.04822264 -0.11384139
v 0.01432189 -0.04822264 -0.12014494
v 0.01431681 -0.04822264 -0.11007459
v 0.01487217 -0.04822264 -0.12196550
v 0.01469433 -0.04822264 -0.12173348
v 0.01451449 -0.04822264 -0.12138759
v 0.02119985 -0.04822264 -0.12389245
v 0.02048209 -0.04822264 -0.12213170
v 0.02069569 -0.04822264 -0.12191007
v 0.01555593 -0.04822264 -0.12246675
v 0.01582989 -0.04822264 -0.12256749
v 0.01611115 -0.04822264 -0.12262831
v 0.01529487 -0.04822264 -0.12232573
v 0.01508652 -0.04822264 -0.12217329
v 0.02108643 -0.04822264 -0.12116829
v 0.02098987 -0.04822264 -0.12143216
v 0.02085956 -0.04822264 -0.12168073
v 0.02027952 -0.04822264 -0.12229003
v 0.02001625 -0.04822264 -0.12244256
v 0.01972917 -0.04822264 -0.12255587
v 0.01439325 -0.04822264 -0.12101085
v 0.01434260 -0.04822264 -0.12069281
v 0.01942217 -0.04822264 -0.12262639
v 0.01910852 -0.04822264 -0.12265000
v 0.01641183 -0.04822264 -0.12265000
v 0.02119855 -0.04822264 -0.12013006
v 0.02116545 -0.04822264 -0.12077609
v 0.02119980 -0.04822264 -0.11007459
v 0.01874715 -0.04822264 -0.11134965
v 0.01844334 -0.04822264 -0.11142678
v 0.01504222 -0.04822264 -0.11183381
v 0.01479150 -0.04822264 -0.11209942
v 0.02042209 -0.04822264 -0.11178523
v 0.02063862 -0.04822264 -0.11199206
v 0.02081831 -0.04822264 -0.11222313
v 0.01441986 -0.04822264 -0.11284955
v 0.01450980 -0.04822264 -0.11258457
v 0.01463370 -0.04822264 -0.11233293
v 0.01532451 -0.04822264 -0.11162395
v 0.01559583 -0.04822264 -0.11148404
v 0.01589011 -0.04822264 -0.11138429
v 0.01620213 -0.04822264 -0.11132877
v 0.01659804 -0.04822264 -0.11132936
v 0.01933808 -0.04822264 -0.11133086
v 0.01963833 -0.04822264 -0.11138638
v 0.01991338 -0.04822264 -0.11147934
v 0.02017745 -0.04822264 -0.11161279
v 0.01905172 -0.04822264 -0.11131902
v 0.02095911 -0.04822264 -0.11246957
v 0.02106252 -0.04822264 -0.11272404
v 0.02113257 -0.04822264 -0.11298256
v 0.01434874 -0.04822264 -0.11324152
v 0.01700474 -0.04822264 -0.11140396
v 0.01735975 -0.04822264 -0.11154582
v 0.01816139 -0.04822264 -0.11154523
v 0.01790152 -0.04822264 -0.11165096
v 0.02118046 -0.04822264 -0.11330309
v 0.02119853 -0.04822264 -0.11382984
v 0.02895286 -0.04822264 -0.12389245
v 0.02895286 -0.04822264 -0.13770902
v 0.02119981 -0.04822264 -0.13770902
v 0.02895286 -0.04822264 -0.15152219
v 0.02895286 -0.04822264 -0.16616356
v 0.02032782 -0.04822264 -0.13897158
v 0.02067464 -0.04822264 -0.13899110
v 0.02105037 -0.04822264 -0.14012714
v 0.02114606 -0.04822264 -0.13995415
v 0.02073895 -0.04822264 -0.14883685
v 0.02100885 -0.04822264 -0.14905420
v 0.02119476 -0.04822264 -0.13973872
v 0.02110789 -0.04822264 -0.14919519
v 0.01722524 -0.04822264 -0.14267750
v 0.01654229 -0.04822264 -0.14316048
v 0.01686488 -0.04822264 -0.14291663
v 0.02087820 -0.04822264 -0.14893314
v 0.02093088 -0.04822264 -0.14025597
v 0.02074530 -0.04822264 -0.14039154
v 0.01722524 -0.04822264 -0.14655501
v 0.02118196 -0.04822264 -0.14942493
v 0.02113806 -0.04822264 -0.14981677
v 0.01431707 -0.04822264 -0.13770902
v 0.02007326 -0.04822264 -0.13905987
v 0.02097411 -0.04822264 -0.13916990
v 0.02093874 -0.04822264 -0.15009576
v 0.02059888 -0.04822264 -0.15025805
v 0.01640588 -0.04822264 -0.14594954
v 0.01667803 -0.04822264 -0.14618054
v 0.01705354 -0.04822264 -0.14644298
v 0.02115501 -0.04822264 -0.13946074
v 0.01515028 -0.04822264 -0.14678700
v 0.01489946 -0.04822264 -0.14646378
v 0.01434638 -0.04822264 -0.14423004
v 0.01441130 -0.04822264 -0.14387013
v 0.01451696 -0.04822264 -0.14351515
v 0.01604042 -0.04822264 -0.14548382
v 0.01631089 -0.04822264 -0.14337969
v 0.01619866 -0.04822264 -0.14572109
v 0.01469623 -0.04822264 -0.14612558
v 0.01453632 -0.04822264 -0.14576969
v 0.01441976 -0.04822264 -0.14539725
v 0.01466393 -0.04822264 -0.14317040
v 0.01485104 -0.04822264 -0.14284147
v 0.01507665 -0.04822264 -0.14253248
v 0.01434838 -0.04822264 -0.14501247
v 0.01610717 -0.04822264 -0.14760013
v 0.01573659 -0.04822264 -0.14733335
v 0.01541949 -0.04822264 -0.14706440
v 0.02030063 -0.04822264 -0.15025987
v 0.02013433 -0.04822264 -0.15020311
v 0.01992920 -0.04822264 -0.15008496
v 0.01533995 -0.04822264 -0.14224435
v 0.01564291 -0.04822264 -0.14197364
v 0.01599328 -0.04822264 -0.14171062
v 0.01641494 -0.04822264 -0.14142975
v 0.01992865 -0.04822264 -0.13914791
v 0.01597866 -0.04822264 -0.14386915
v 0.01581386 -0.04822264 -0.14470203
v 0.01584841 -0.04822264 -0.14428601
v 0.01612112 -0.04822264 -0.14361796
v 0.01584882 -0.04822264 -0.14497377
v 0.01592402 -0.04822264 -0.14523312
v 0.01641494 -0.04822264 -0.14780277
v 0.01478534 -0.04822264 -0.13639976
v 0.01455858 -0.04822264 -0.13626219
v 0.01440657 -0.04822264 -0.13605192
v 0.01974391 -0.04822264 -0.12568031
v 0.01980821 -0.04822264 -0.12552045
v 0.01519069 -0.04822264 -0.13646647
v 0.01437922 -0.04822264 -0.13544238
v 0.01447023 -0.04822264 -0.13528191
v 0.01971353 -0.04822264 -0.12585582
v 0.01985522 -0.04822264 -0.13577573
v 0.01952934 -0.04822264 -0.13599329
v 0.01462237 -0.04822264 -0.13513225
v 0.01480287 -0.04822264 -0.13503478
v 0.01991339 -0.04822264 -0.12537333
v 0.02005305 -0.04822264 -0.12525594
v 0.02030793 -0.04822264 -0.12515780
v 0.02116334 -0.04822264 -0.13347369
v 0.02109969 -0.04822264 -0.13384338
v 0.02098577 -0.04822264 -0.13423595
v 0.02083238 -0.04822264 -0.13459693
v 0.01433062 -0.04822264 -0.13567035
v 0.02065258 -0.04822264 -0.12517101
v 0.02097327 -0.04822264 -0.12536468
v 0.02015084 -0.04822264 -0.13552402
v 0.02116113 -0.04822264 -0.12569596
v 0.02119639 -0.04822264 -0.12602505
v 0.01918197 -0.04822264 -0.13617036
v 0.01881954 -0.04822264 -0.13630469
v 0.01844827 -0.04822264 -0.13639611
v 0.02119639 -0.04822264 -0.13275521
v 0.02119219 -0.04822264 -0.13308986
v 0.02064081 -0.04822264 -0.13493250
v 0.02041382 -0.04822264 -0.13524126
v 0.01497326 -0.04822264 -0.13499181
v 0.01520975 -0.04822264 -0.13497919
v 0.01807157 -0.04822264 -0.13644761
v 0.01761851 -0.04822264 -0.13646665
v 0.01748463 -0.04822264 -0.13646697
v 0.01967343 -0.04822264 -0.13338669
v 0.01970421 -0.04822264 -0.13306689
v 0.01970861 -0.04822264 -0.13275521
v 0.01970861 -0.04822264 -0.12602505
v 0.01868783 -0.04822264 -0.13475873
v 0.01893233 -0.04822264 -0.13460800
v 0.01841800 -0.04822264 -0.13487132
v 0.01814561 -0.04822264 -0.13494886
v 0.01915426 -0.04822264 -0.13441768
v 0.01934652 -0.04822264 -0.13419032
v 0.01949739 -0.04822264 -0.13394018
v 0.01960603 -0.04822264 -0.13367218
v 0.01679609 -0.04822264 -0.10868534
v 0.01718722 -0.04822264 -0.10877690
v 0.01833314 -0.04822264 -0.09755038
v 0.01872427 -0.04822264 -0.09764193
v 0.01909918 -0.04822264 -0.09777781
v 0.02053417 -0.04822264 -0.10738194
v 0.02074111 -0.04822264 -0.10704466
v 0.01460903 -0.04822264 -0.09965093
v 0.01431668 -0.04822264 -0.09624846
v 0.01477925 -0.04822264 -0.09928261
v 0.01498619 -0.04822264 -0.09894533
v 0.01642118 -0.04822264 -0.10854947
v 0.01606672 -0.04822264 -0.10837185
v 0.01573725 -0.04822264 -0.10815555
v 0.01945363 -0.04822264 -0.09795542
v 0.01978311 -0.04822264 -0.09817173
v 0.02008337 -0.04822264 -0.09842323
v 0.02029380 -0.04822264 -0.10768714
v 0.02001933 -0.04822264 -0.10796281
v 0.01971531 -0.04822264 -0.10820465
v 0.01522655 -0.04822264 -0.09864013
v 0.01550102 -0.04822264 -0.09836446
v 0.01580505 -0.04822264 -0.09812263
v 0.02035079 -0.04822264 -0.09870614
v 0.02055310 -0.04822264 -0.09897277
v 0.02075237 -0.04822264 -0.09930381
v 0.01938642 -0.04822264 -0.10840958
v 0.01903768 -0.04822264 -0.10857521
v 0.01867489 -0.04822264 -0.10869962
v 0.01543699 -0.04822264 -0.10790405
v 0.01516957 -0.04822264 -0.10762113
v 0.01496725 -0.04822264 -0.10735451
v 0.01613394 -0.04822264 -0.09791769
v 0.01648268 -0.04822264 -0.09775206
v 0.01684546 -0.04822264 -0.09762765
v 0.01830444 -0.04822264 -0.10878172
v 0.01793317 -0.04822264 -0.10882153
v 0.01758719 -0.04822264 -0.10882153
v 0.01476799 -0.04822264 -0.10702346
v 0.01460715 -0.04822264 -0.10667155
v 0.01448445 -0.04822264 -0.10630041
v 0.02111838 -0.04822264 -0.10592899
v 0.02103183 -0.04822264 -0.10631523
v 0.02091132 -0.04822264 -0.10667635
v 0.01434867 -0.04822264 -0.10081691
v 0.01440198 -0.04822264 -0.10039828
v 0.01448853 -0.04822264 -0.10001203
v 0.02091321 -0.04822264 -0.09965573
v 0.02103591 -0.04822264 -0.10002685
v 0.02112168 -0.04822264 -0.10041746
v 0.01721592 -0.04822264 -0.09754555
v 0.01758719 -0.04822264 -0.09750574
v 0.01793317 -0.04822264 -0.09750574
v 0.02117289 -0.04822264 -0.10083136
v 0.02119536 -0.04822264 -0.10136705
v 0.02119639 -0.04822264 -0.10164051
v 0.01439868 -0.04822264 -0.10590981
v 0.01434746 -0.04822264 -0.10549591
v 0.01432500 -0.04822264 -0.10496022
v 0.02119639 -0.04822264 -0.10468676
v 0.02117200 -0.04822264 -0.10551036
v 0.01432397 -0.04822264 -0.10468676
v 0.01432397 -0.04822264 -0.10164051
v 0.01432649 -0.04822264 -0.10126878
v 0.01486776 -0.04822264 -0.09497675
v 0.01521241 -0.04822264 -0.09498997
v 0.01434760 -0.04822264 -0.08428802
v 0.01448326 -0.04822264 -0.08397863
v 0.01577645 -0.04822264 -0.09446745
v 0.01571215 -0.04822264 -0.09462731
v 0.01466841 -0.04822264 -0.08379797
v 0.01483047 -0.04822264 -0.08371978
v 0.01462668 -0.04822264 -0.09486279
v 0.01444179 -0.04822264 -0.09464622
v 0.02047928 -0.04822264 -0.08860593
v 0.02065480 -0.04822264 -0.08863630
v 0.02081465 -0.04822264 -0.08870061
v 0.02096178 -0.04822264 -0.08880579
v 0.01560696 -0.04822264 -0.09477443
v 0.01546731 -0.04822264 -0.09489182
v 0.01550903 -0.04822264 -0.08382700
v 0.01565713 -0.04822264 -0.08397703
v 0.02107916 -0.04822264 -0.08894544
v 0.02115734 -0.04822264 -0.08910751
v 0.02119101 -0.04822264 -0.08936172
v 0.02071749 -0.04822264 -0.09003318
v 0.02089798 -0.04822264 -0.08993574
v 0.01432389 -0.04822264 -0.09412274
v 0.01500190 -0.04822264 -0.08368368
v 0.01518416 -0.04822264 -0.08368991
v 0.01534856 -0.04822264 -0.08373599
v 0.02108771 -0.04822264 -0.08972019
v 0.01432397 -0.04822264 -0.08456707
v 0.01575615 -0.04822264 -0.08415964
v 0.01579912 -0.04822264 -0.08433003
v 0.01581174 -0.04822264 -0.08455708
v 0.02031006 -0.04822264 -0.08860101
v 0.01581175 -0.04822264 -0.09081057
v 0.01581174 -0.04822264 -0.09412272
v 0.01580682 -0.04822264 -0.09429194
v 0.01653074 -0.04822264 -0.08860099
v 0.02054710 -0.04822264 -0.09007616
v 0.02032085 -0.04822264 -0.09008878
v 0.01595678 -0.04822264 -0.08840057
v 0.01620319 -0.04822264 -0.08856081
v 0.01601202 -0.04822264 -0.09023397
v 0.01585196 -0.04822264 -0.09048018
v 0.01581174 -0.04822264 -0.08787723
v 0.01583486 -0.04822264 -0.08814822
v 0.01653552 -0.04822264 -0.09008878
v 0.01626203 -0.04822264 -0.09011235
v 0.00554300 -0.04822264 -0.08171320
v 0.00554295 -0.04822264 -0.09624846
v 0.00554295 -0.04822264 -0.11007459
v 0.00554295 -0.04822264 -0.12389245
v 0.00554295 -0.04822264 -0.13770902
v 0.00554295 -0.04822264 -0.15152219
v 0.00554295 -0.04822264 -0.16604234
v -0.00379354 0.05121315 -0.16503295
v -0.00379542 0.05121315 -0.16569813
v -0.00394495 0.05118975 -0.16503289
v -0.00379255 0.05121315 -0.16637139
v 0.03818415 0.05121291 -0.16657031
v 0.03834336 0.05118633 -0.16637172
v 0.03818350 0.05121315 -0.16637173
v -0.00376924 0.05121315 -0.16712223
v -0.00378480 0.05121315 -0.16674727
v -0.00240370 0.05120388 -0.17227818
v -0.00268588 0.05120186 -0.17172202
v -0.00360191 0.05121200 -0.16860996
v -0.00141145 0.05120885 -0.17387435
v 0.03231724 0.05121294 -0.17755413
v 0.03684212 0.05117609 -0.17249972
v 0.03733813 0.05116802 -0.17149581
v 0.03774098 0.05116494 -0.17044283
v -0.00374293 0.05121315 -0.16749589
v -0.00370493 0.05121315 -0.16786817
v -0.00365795 0.05121292 -0.16823943
v -0.00352049 0.05121315 -0.16897649
v -0.00343574 0.05121315 -0.16934314
v -0.00172567 0.05121315 -0.17333016
v -0.00101735 0.05121315 -0.17435962
v -0.00023580 0.05121315 -0.17532261
v 0.00061421 0.05121315 -0.17622307
v 0.00106381 0.05121315 -0.17665085
v 0.02165506 0.05121315 -0.18207711
v 0.02455436 0.05121315 -0.18142867
v 0.02614194 0.05121315 -0.18091972
v 0.02691792 0.05121315 -0.18062696
v 0.02843325 0.05121315 -0.17996261
v 0.02989760 0.05121315 -0.17918858
v 0.03096031 0.05121315 -0.17853157
v 0.03130739 0.05121315 -0.17829718
v 0.03164979 0.05121315 -0.17805547
v 0.03198605 0.05121315 -0.17780732
v 0.03263986 0.05121315 -0.17729147
v 0.03295724 0.05121315 -0.17702359
v 0.03326811 0.05121315 -0.17674890
v 0.03357235 0.05121315 -0.17646728
v 0.03386986 0.05121315 -0.17617863
v 0.03416052 0.05121315 -0.17588283
v 0.03444479 0.05121309 -0.17558028
v 0.03472065 0.05121315 -0.17526907
v 0.03498975 0.05121315 -0.17495073
v 0.03525126 0.05121315 -0.17462446
v 0.03550496 0.05121315 -0.17429002
v 0.03582719 0.05121315 -0.17383601
v 0.03613113 0.05121315 -0.17337245
v 0.03641646 0.05121315 -0.17289920
v 0.03668271 0.05121315 -0.17241599
v 0.03693025 0.05121302 -0.17192298
v 0.03715509 0.05121315 -0.17141825
v 0.03736101 0.05121315 -0.17090359
v 0.03754696 0.05121315 -0.17037852
v 0.03771274 0.05121297 -0.16984656
v 0.03805462 0.05116261 -0.16935846
v 0.03785200 0.05121315 -0.16931003
v 0.03796813 0.05121315 -0.16877002
v 0.03818263 0.05115763 -0.16881098
v 0.03805875 0.05121315 -0.16822596
v 0.03827905 0.05115535 -0.16825731
v 0.03812363 0.05121315 -0.16767782
v 0.03834890 0.05115321 -0.16769920
v 0.03816374 0.05121315 -0.16712575
v 0.03839288 0.05115138 -0.16713753
v 0.03848759 0.05110877 -0.16637172
v 0.03848842 0.05110874 -0.07657570
v 0.03848849 0.05110874 -0.06880087
v 0.03834419 0.05118633 -0.07657570
v 0.03818262 0.05121315 -0.07657570
v 0.03818269 0.05121315 -0.06880087
v 0.03834426 0.05118633 -0.06880087
v -0.01424032 0.05121305 -0.06461407
v -0.02749035 0.05121345 -0.05934205
v -0.06262498 0.05121330 -0.01917268
v -0.06522614 0.05121328 -0.00566816
v -0.04559628 0.05121313 -0.04695532
v -0.05210055 0.05121347 -0.03967623
v -0.05800813 0.05121313 -0.03051439
v -0.03940101 0.05121340 -0.05223072
v -0.06534561 0.05121345 0.00492321
v 0.05444781 0.05121255 -0.03667953
v 0.06348199 0.05121337 -0.01586420
v 0.06089884 0.05121270 -0.02437128
v 0.05787516 0.05121342 -0.03059191
v 0.05216565 0.05121314 0.03970951
v 0.05133461 0.05120630 0.04091822
v 0.05126895 0.05121315 0.04086615
v 0.05034680 0.05121315 0.04200259
v 0.04939963 0.05121314 0.04311827
v 0.04842755 0.05121314 0.04421232
v 0.04749186 0.05120609 0.04534195
v 0.04743114 0.05121315 0.04528426
v 0.04641128 0.05121314 0.04633390
v 0.04102634 0.05120758 0.05129085
v 0.04210434 0.05121315 0.05029607
v 0.04430220 0.05121314 0.04836325
v 0.04097361 0.05121315 0.05122522
v 0.03865125 0.05121315 0.05300653
v 0.03870076 0.05120630 0.05307414
v 0.03746078 0.05121315 0.05385778
v 0.03625168 0.05121314 0.05468239
v 0.06458622 0.05085951 0.01335303
v 0.06355916 0.05085951 0.01765374
v 0.06006084 0.05085951 0.02735056
v 0.05509354 0.05085951 0.03638343
v 0.03275353 0.05085951 0.05740238
v 0.02884509 0.05085951 0.05946998
v 0.02343502 0.05085951 0.06181055
v 0.01925202 0.05085951 0.06324354
v 0.00918794 0.05085951 0.06547538
v 0.00479131 0.05085951 0.06594503
v -0.00551722 0.05085998 0.06589025
v -0.02134782 0.05085951 0.06257039
v -0.02548102 0.05085951 0.06099951
v -0.02949961 0.05085951 0.05915508
v -0.03338551 0.05085952 0.05704542
v -0.03833018 0.05085951 0.05383647
v -0.04296843 0.05085951 0.05019864
v -0.04622360 0.05085951 0.04720619
v -0.04824478 0.05096810 0.04506097
v -0.05298684 0.05085951 0.03942639
v -0.05468827 0.05085739 0.03701882
v -0.05627921 0.05085952 0.03453686
v -0.05845450 0.05085951 0.03068731
v -0.06036683 0.05085951 0.02670059
v -0.06200761 0.05085952 0.02259464
v -0.06376029 0.05085951 0.01696657
v 0.06310166 0.05121313 0.01752812
v 0.06347337 0.05121313 0.01611259
v 0.06372031 0.05113966 0.01617449
v 0.06406158 0.05113966 0.01474546
v 0.06381327 0.05121314 0.01468909
v 0.06437082 0.05113966 0.01330916
v 0.06412135 0.05121313 0.01325837
v 0.06464785 0.05113966 0.01186631
v 0.06439736 0.05121321 0.01182111
v 0.06541552 0.05121379 -0.00238392
v 0.06334718 0.05113966 0.01759553
v 0.06269840 0.05121313 0.01893498
v 0.06294235 0.05113966 0.01900787
v 0.06226375 0.05121314 0.02033247
v 0.06250605 0.05113966 0.02041080
v 0.06179804 0.05121313 0.02171991
v 0.06203849 0.05113966 0.02180363
v 0.06130137 0.05121313 0.02309657
v 0.06153990 0.05113966 0.02318565
v 0.06077401 0.05121314 0.02446177
v 0.06101052 0.05113966 0.02455618
v 0.06021633 0.05121313 0.02581487
v 0.06045064 0.05113966 0.02591453
v 0.05962849 0.05121313 0.02715515
v 0.05986052 0.05113966 0.02726002
v 0.05901080 0.05121314 0.02848192
v 0.05924046 0.05113966 0.02859198
v 0.05836366 0.05121314 0.02979459
v 0.05859077 0.05113966 0.02990974
v 0.05768727 0.05121314 0.03109243
v 0.05791178 0.05113966 0.03121264
v 0.05698209 0.05121314 0.03237484
v 0.05720383 0.05113966 0.03250003
v 0.05624837 0.05121314 0.03364116
v 0.05646726 0.05113966 0.03377127
v 0.05548649 0.05121314 0.03489073
v 0.05570246 0.05113966 0.03502573
v 0.05469693 0.05121314 0.03612299
v 0.05490979 0.05113966 0.03626277
v 0.05387998 0.05121314 0.03733727
v 0.05408966 0.05113966 0.03748177
v 0.05303605 0.05121314 0.03853295
v 0.05324247 0.05113966 0.03868213
v 0.05237033 0.05114309 0.03986464
v 0.04955184 0.05117114 0.04325050
v 0.04536810 0.05121314 0.04736038
v 0.03636346 0.05117121 0.05485032
v 0.03502431 0.05121314 0.05547953
v 0.03513217 0.05117068 0.05564973
v 0.03377947 0.05121314 0.05624911
v 0.03391095 0.05113966 0.05646722
v 0.03251769 0.05121314 0.05699058
v 0.03264428 0.05113966 0.05721162
v 0.03123968 0.05121314 0.05770373
v 0.03136129 0.05113966 0.05792750
v 0.02994601 0.05121314 0.05838805
v 0.03006260 0.05113966 0.05861452
v 0.02863737 0.05121314 0.05904329
v 0.02874887 0.05113966 0.05927233
v 0.02731444 0.05121314 0.05966917
v 0.02742077 0.05113966 0.05990059
v 0.02597779 0.05121315 0.06026521
v 0.02607894 0.05113966 0.06049901
v 0.02462818 0.05121315 0.06083126
v 0.02472408 0.05113966 0.06106726
v 0.02326620 0.05121315 0.06136687
v 0.02335684 0.05113966 0.06160508
v 0.02189272 0.05121313 0.06187229
v 0.02197792 0.05113966 0.06211220
v 0.02050820 0.05121313 0.06234660
v 0.02058800 0.05113966 0.06258835
v 0.01911341 0.05121313 0.06278984
v 0.01918779 0.05113966 0.06303331
v 0.01770906 0.05121313 0.06320178
v 0.01777798 0.05113966 0.06344683
v 0.01629585 0.05121313 0.06358220
v 0.01635927 0.05113966 0.06382874
v 0.01487449 0.05121313 0.06393094
v 0.01493237 0.05113966 0.06417882
v 0.01344568 0.05121313 0.06424779
v 0.01349801 0.05113966 0.06449690
v 0.01201015 0.05121313 0.06453263
v 0.01205689 0.05113966 0.06478284
v 0.01056860 0.05121313 0.06478529
v 0.01060974 0.05113966 0.06503648
v 0.00912177 0.05121313 0.06500566
v 0.00915728 0.05113966 0.06525770
v 0.00767037 0.05121313 0.06519362
v 0.00770023 0.05113966 0.06544638
v 0.00621513 0.05121313 0.06534907
v 0.00623933 0.05113966 0.06560244
v 0.00475677 0.05121313 0.06547195
v 0.00477531 0.05113966 0.06572578
v 0.00329604 0.05121313 0.06556219
v 0.00330889 0.05113966 0.06581637
v 0.00183365 0.05121313 0.06561974
v 0.00183931 0.05117068 0.06582093
v 0.00037034 0.05121313 0.06564458
v 0.00037181 0.05113966 0.06589905
v -0.00109316 0.05121313 0.06563669
v -0.00109738 0.05113966 0.06589112
v -0.00255610 0.05121315 0.06559575
v -0.00256602 0.05113966 0.06585035
v -0.00401781 0.05121312 0.06552286
v -0.00403339 0.05113966 0.06577674
v -0.00547749 0.05121312 0.06541689
v -0.00549874 0.05113966 0.06567033
v -0.00693444 0.05121312 0.06527830
v -0.00696135 0.05113966 0.06553119
v -0.00838792 0.05121312 0.06510717
v -0.00842048 0.05113966 0.06535938
v -0.00983722 0.05121311 0.06490357
v -0.00987541 0.05113966 0.06515498
v -0.01128160 0.05121311 0.06466763
v -0.01132540 0.05113966 0.06491809
v -0.01272034 0.05121311 0.06439944
v -0.01276973 0.05113966 0.06464885
v -0.01415273 0.05121311 0.06409916
v -0.01420768 0.05113966 0.06434738
v -0.01557805 0.05121311 0.06376691
v -0.01563852 0.05113966 0.06401382
v -0.01699558 0.05121311 0.06340289
v -0.01706156 0.05113966 0.06364836
v -0.01840462 0.05121310 0.06300726
v -0.01847606 0.05113966 0.06325116
v -0.01980446 0.05121310 0.06258022
v -0.01988133 0.05113966 0.06282244
v -0.02119440 0.05121310 0.06212198
v -0.02127666 0.05113966 0.06236240
v -0.02257375 0.05121310 0.06163278
v -0.02266135 0.05113966 0.06187127
v -0.02394182 0.05121310 0.06111287
v -0.02403472 0.05113966 0.06134930
v -0.02529792 0.05121309 0.06056248
v -0.02539607 0.05113966 0.06079676
v -0.02664137 0.05121309 0.05998193
v -0.02674472 0.05113966 0.06021391
v -0.02797151 0.05121309 0.05937147
v -0.02808001 0.05113966 0.05960105
v -0.02928767 0.05121309 0.05873143
v -0.02940125 0.05113966 0.05895848
v -0.03058919 0.05121308 0.05806211
v -0.03070780 0.05113966 0.05828653
v -0.03187543 0.05121308 0.05736387
v -0.03199900 0.05113966 0.05758554
v -0.03314573 0.05121308 0.05663704
v -0.03327420 0.05113966 0.05685584
v -0.03439946 0.05121307 0.05588199
v -0.03453276 0.05113966 0.05609782
v -0.03563600 0.05121307 0.05509910
v -0.03577406 0.05113966 0.05531184
v -0.03685473 0.05121306 0.05428876
v -0.03699747 0.05113966 0.05449830
v -0.03805503 0.05121306 0.05345137
v -0.03820238 0.05113966 0.05365761
v -0.03923632 0.05121305 0.05258736
v -0.03938820 0.05113966 0.05279018
v -0.04039800 0.05121305 0.05169715
v -0.04055432 0.05113966 0.05189645
v -0.04153949 0.05121304 0.05078119
v -0.04170017 0.05113966 0.05097688
v -0.04266022 0.05121303 0.04983994
v -0.04282516 0.05113966 0.05003191
v -0.04375963 0.05121303 0.04887388
v -0.04392875 0.05113966 0.04906202
v -0.04483718 0.05121302 0.04788348
v -0.04501037 0.05113966 0.04806770
v -0.04589232 0.05121301 0.04686924
v -0.04606948 0.05113966 0.04704944
v -0.04692453 0.05121300 0.04583166
v -0.04710557 0.05113966 0.04600774
v -0.04793330 0.05121299 0.04477128
v -0.04811810 0.05113966 0.04494315
v -0.04891812 0.05121297 0.04368862
v -0.04910657 0.05113966 0.04385618
v -0.04987851 0.05121296 0.04258421
v -0.05007048 0.05113966 0.04274737
v -0.05081399 0.05121294 0.04145863
v -0.05100937 0.05113966 0.04161729
v -0.05172409 0.05121292 0.04031242
v -0.05192275 0.05113966 0.04046650
v -0.05260838 0.05121290 0.03914617
v -0.05281017 0.05113966 0.03929558
v -0.05346641 0.05121287 0.03796045
v -0.05367118 0.05113966 0.03810510
v -0.05429776 0.05121284 0.03675588
v -0.05450536 0.05113966 0.03689566
v -0.05510204 0.05121281 0.03553304
v -0.05531228 0.05113966 0.03566788
v -0.05587885 0.05121277 0.03429256
v -0.05609155 0.05113966 0.03442235
v -0.05662782 0.05121272 0.03303506
v -0.05684277 0.05113966 0.03315972
v -0.05734861 0.05121266 0.03176118
v -0.05756557 0.05113966 0.03188060
v -0.05804089 0.05121259 0.03047156
v -0.05825959 0.05113966 0.03058564
v -0.05870435 0.05121251 0.02916685
v -0.05892448 0.05113966 0.02927549
v -0.05933871 0.05121241 0.02784772
v -0.05955990 0.05113966 0.02795079
v -0.05993986 0.05121258 0.02651313
v -0.06016555 0.05113966 0.02661222
v -0.06052501 0.05121165 0.02517127
v -0.06074111 0.05113966 0.02526044
v -0.06106751 0.05121171 0.02381152
v -0.06128630 0.05113966 0.02389612
v -0.06160313 0.05120970 0.02244854
v -0.06180084 0.05113966 0.02251996
v -0.06209209 0.05120904 0.02106797
v -0.06228449 0.05113966 0.02113263
v -0.06254855 0.05120852 0.01967616
v -0.06273700 0.05113966 0.01973484
v -0.06294598 0.05121060 0.01826638
v -0.06315813 0.05113966 0.01832728
v -0.06333105 0.05121088 0.01685368
v -0.06354769 0.05113966 0.01691065
v -0.06366985 0.05121228 0.01542931
v -0.06390547 0.05113966 0.01548567
v -0.06399667 0.05121212 0.01400244
v -0.06423129 0.05113966 0.01405304
v -0.06427476 0.05121315 0.01256534
v -0.06452500 0.05113966 0.01261349
v 0.00184353 0.05106446 0.06597057
v 0.06388682 0.05096797 0.01621623
v 0.06422899 0.05096797 0.01478347
v 0.06450751 0.05102049 0.01333700
v 0.06481678 0.05096797 0.01189679
v 0.06348170 0.05102049 0.01763247
v 0.06310683 0.05096797 0.01905701
v 0.06266939 0.05096797 0.02046361
v 0.06220061 0.05096797 0.02186008
v 0.06170071 0.05096797 0.02324571
v 0.06116996 0.05096797 0.02461982
v 0.06060861 0.05096797 0.02598172
v 0.05998765 0.05102049 0.02731748
v 0.05939527 0.05096797 0.02866616
v 0.05874465 0.05096832 0.02998778
v 0.05803477 0.05102049 0.03127849
v 0.05584802 0.05096797 0.03511672
v 0.05502640 0.05102049 0.03633934
v 0.05423101 0.05096797 0.03757918
v 0.05338230 0.05096832 0.03878320
v 0.05248746 0.05102551 0.03995384
v 0.03399958 0.05096797 0.05661424
v 0.03271362 0.05102049 0.05733267
v 0.03144325 0.05096797 0.05807833
v 0.03014117 0.05096797 0.05876715
v 0.02880993 0.05102049 0.05939776
v 0.02749243 0.05096797 0.06005658
v 0.02478870 0.05096797 0.06122630
v 0.02340645 0.05102049 0.06173547
v 0.02064182 0.05096797 0.06275136
v 0.01922855 0.05102049 0.06316672
v 0.01782445 0.05096797 0.06361209
v 0.01640203 0.05096797 0.06399499
v 0.01353330 0.05096797 0.06466490
v 0.01208841 0.05096797 0.06495159
v 0.01063748 0.05096797 0.06520589
v 0.00917674 0.05102049 0.06539584
v 0.00772037 0.05096797 0.06561686
v 0.00625565 0.05096797 0.06577332
v 0.00478546 0.05102049 0.06586492
v 0.00331755 0.05096797 0.06598781
v 0.00037280 0.05096797 0.06607072
v -0.00257271 0.05096797 0.06602188
v -0.00404391 0.05096797 0.06594808
v -0.00551040 0.05102049 0.06580935
v -0.00697612 0.05102049 0.06566991
v -0.00990119 0.05096797 0.06532469
v -0.01135497 0.05096797 0.06508719
v -0.01280307 0.05096797 0.06481724
v -0.01424478 0.05096797 0.06451498
v -0.01567936 0.05096797 0.06418055
v -0.01710611 0.05096797 0.06381413
v -0.01852431 0.05096797 0.06341591
v -0.01993325 0.05096797 0.06298606
v -0.02132182 0.05102049 0.06249439
v -0.02272054 0.05096797 0.06203241
v -0.02409749 0.05096797 0.06150907
v -0.02544998 0.05102049 0.06092543
v -0.02681496 0.05096832 0.06037149
v -0.02813962 0.05102049 0.05972718
v -0.02946367 0.05102049 0.05908325
v -0.03078802 0.05096797 0.05843830
v -0.03208258 0.05096797 0.05773547
v -0.03334484 0.05102049 0.05697614
v -0.03462297 0.05096797 0.05624387
v -0.03709412 0.05096797 0.05464017
v -0.03828349 0.05102049 0.05377112
v -0.03949109 0.05096797 0.05292759
v -0.04066026 0.05096797 0.05203153
v -0.04180910 0.05096797 0.05110955
v -0.04291608 0.05102049 0.05013772
v -0.04404350 0.05096797 0.04918969
v -0.04512795 0.05096797 0.04819277
v -0.04616729 0.05102049 0.04714891
v -0.04722862 0.05096797 0.04612743
v -0.04923485 0.05096797 0.04397024
v -0.05020197 0.05096832 0.04285908
v -0.05111766 0.05102049 0.04170524
v -0.05205839 0.05096797 0.04057171
v -0.05292229 0.05102049 0.03937859
v -0.05381139 0.05096797 0.03820413
v -0.05462107 0.05102049 0.03697358
v -0.05545678 0.05096797 0.03576055
v -0.05621064 0.05102049 0.03449502
v -0.05699127 0.05096797 0.03324584
v -0.05771596 0.05096797 0.03196337
v -0.05838328 0.05102049 0.03065016
v -0.05907841 0.05096797 0.02935145
v -0.05971550 0.05096797 0.02802330
v -0.06029328 0.05102049 0.02666830
v -0.06089979 0.05096797 0.02532591
v -0.06144641 0.05096797 0.02395804
v -0.06193206 0.05102049 0.02256735
v -0.06244721 0.05096797 0.02118733
v -0.06290090 0.05096797 0.01978588
v -0.06332313 0.05096797 0.01837464
v -0.06368261 0.05102049 0.01694614
v -0.06407242 0.05096797 0.01552561
v -0.06439909 0.05096797 0.01408924
v -0.06469357 0.05096797 0.01264592
v -0.06425644 -0.05086901 0.01495159
v -0.06267723 -0.05086901 0.02064602
v -0.06116145 -0.05086901 0.02481148
v -0.05936918 -0.05086901 0.02886565
v -0.05657917 -0.05080639 0.03407586
v -0.05415967 -0.05086901 0.03779074
v -0.05057567 -0.05086901 0.04248919
v -0.04761930 -0.05086901 0.04579198
v -0.04334503 -0.05086901 0.04987257
v -0.03990881 -0.05086901 0.05267272
v -0.03504933 -0.05086901 0.05603515
v -0.03121769 -0.05086901 0.05826386
v -0.02858408 -0.05086687 0.05960500
v -0.02589243 -0.05086901 0.06082550
v -0.02175956 -0.05086901 0.06242799
v -0.01176685 -0.05086901 0.06506277
v -0.00738116 -0.05086901 0.06570636
v -0.00296212 -0.05086898 0.06605379
v 0.00294723 -0.05086901 0.06605370
v 0.00883284 -0.05086901 0.06552442
v 0.01320299 -0.05086901 0.06478257
v 0.02313406 -0.05086901 0.06192422
v 0.02587768 -0.05086688 0.06082552
v 0.02856874 -0.05086901 0.05960372
v 0.03249637 -0.05086901 0.05754890
v 0.05729283 -0.05086901 0.03278886
v 0.06455486 -0.05086901 0.01350614
v -0.05917123 -0.05114914 0.02877005
v -0.05979681 -0.05114914 0.02743663
v -0.06039234 -0.05114914 0.02608952
v -0.06095752 -0.05114914 0.02472940
v -0.06149208 -0.05114914 0.02335695
v -0.06199573 -0.05114914 0.02197287
v -0.06246823 -0.05114914 0.02057784
v -0.06290934 -0.05114914 0.01917257
v -0.06331884 -0.05114914 0.01775776
v -0.06369652 -0.05114914 0.01633413
v -0.06404219 -0.05114914 0.01490240
v -0.06435797 -0.05115077 0.01346367
v -0.05851591 -0.05114914 0.03008911
v -0.05783119 -0.05114914 0.03139316
v -0.05711742 -0.05114914 0.03268152
v -0.05637493 -0.05114914 0.03395356
v -0.05560413 -0.05114914 0.03520864
v -0.05480538 -0.05114914 0.03644612
v -0.05397909 -0.05114914 0.03766538
v -0.05312568 -0.05114914 0.03886582
v -0.05224556 -0.05114914 0.04004682
v -0.05133921 -0.05114914 0.04120780
v -0.05040704 -0.05114914 0.04234817
v -0.04944956 -0.05114914 0.04346735
v -0.04846722 -0.05114914 0.04456479
v -0.04746053 -0.05114914 0.04563994
v -0.04642999 -0.05114914 0.04669224
v -0.04537612 -0.05114914 0.04772119
v -0.04429945 -0.05114914 0.04872625
v -0.04320052 -0.05114914 0.04970692
v -0.04207988 -0.05114914 0.05066270
v -0.04093810 -0.05114914 0.05159314
v -0.03977575 -0.05114914 0.05249773
v -0.03859341 -0.05114914 0.05337605
v -0.03739168 -0.05114914 0.05422764
v -0.03617116 -0.05114914 0.05505208
v -0.03493248 -0.05114914 0.05584896
v -0.03367623 -0.05114914 0.05661786
v -0.03240307 -0.05114914 0.05735841
v -0.03111362 -0.05114914 0.05807023
v -0.02980854 -0.05114914 0.05875297
v -0.02848849 -0.05114914 0.05940628
v -0.02715412 -0.05114914 0.06002984
v -0.02580611 -0.05114914 0.06062333
v -0.02444513 -0.05114914 0.06118645
v -0.02307188 -0.05114914 0.06171892
v -0.02168703 -0.05114914 0.06222047
v -0.02029128 -0.05114914 0.06269086
v -0.01888534 -0.05114914 0.06312983
v -0.01746992 -0.05114914 0.06353719
v -0.01604572 -0.05114914 0.06391270
v -0.01461346 -0.05114914 0.06425621
v -0.01317386 -0.05114914 0.06456751
v -0.01172764 -0.05114914 0.06484646
v -0.01027553 -0.05114914 0.06509294
v -0.00881827 -0.05114914 0.06530678
v -0.00735657 -0.05114914 0.06548792
v -0.00589118 -0.05114914 0.06563624
v -0.00442284 -0.05114914 0.06575167
v -0.00295227 -0.05114914 0.06583416
v -0.00148023 -0.05114914 0.06588367
v -0.00000745 -0.05114914 0.06590015
v 0.00146533 -0.05114914 0.06588363
v 0.00293738 -0.05114914 0.06583409
v 0.00440794 -0.05114914 0.06575157
v 0.00587628 -0.05114914 0.06563610
v 0.00734167 -0.05114914 0.06548775
v 0.00880336 -0.05114914 0.06530658
v 0.01026062 -0.05114914 0.06509269
v 0.01171272 -0.05114914 0.06484620
v 0.01315893 -0.05114914 0.06456720
v 0.01459853 -0.05114914 0.06425586
v 0.01603078 -0.05114914 0.06391233
v 0.01745497 -0.05114914 0.06353679
v 0.01887038 -0.05114914 0.06312940
v 0.02027631 -0.05114914 0.06269038
v 0.02167205 -0.05114914 0.06221997
v 0.02305688 -0.05114914 0.06171838
v 0.02443013 -0.05114914 0.06118588
v 0.02579109 -0.05114914 0.06062273
v 0.02711710 -0.05118017 0.05998074
v 0.02847344 -0.05114914 0.05940562
v 0.02979348 -0.05114914 0.05875228
v 0.03109854 -0.05114914 0.05806950
v 0.03238797 -0.05114914 0.05735765
v 0.03366112 -0.05114914 0.05661707
v 0.03491734 -0.05114914 0.05584814
v 0.03615602 -0.05114914 0.05505124
v 0.03737652 -0.05114914 0.05422677
v 0.03857823 -0.05114914 0.05337515
v 0.03976054 -0.05114914 0.05249681
v 0.04092287 -0.05114914 0.05159218
v 0.04206463 -0.05114914 0.05066172
v 0.04318525 -0.05114914 0.04970591
v 0.04428415 -0.05114914 0.04872521
v 0.04536080 -0.05114914 0.04772013
v 0.04641464 -0.05114914 0.04669116
v 0.04744516 -0.05114914 0.04563883
v 0.04845183 -0.05114914 0.04456366
v 0.04943414 -0.05114914 0.04346620
v 0.05039160 -0.05114914 0.04234699
v 0.05132373 -0.05114914 0.04120660
v 0.05223007 -0.05114914 0.04004560
v 0.05311015 -0.05114914 0.03886458
v 0.05396353 -0.05114914 0.03766412
v 0.05478979 -0.05114914 0.03644484
v 0.05558852 -0.05114914 0.03520733
v 0.05635929 -0.05114914 0.03395224
v 0.05710175 -0.05114914 0.03268019
v 0.05781550 -0.05114914 0.03139181
v 0.05850018 -0.05114914 0.03008775
v 0.05915547 -0.05114914 0.02876867
v 0.05978101 -0.05114914 0.02743524
v 0.06037651 -0.05114914 0.02608811
v 0.06094167 -0.05114914 0.02472798
v 0.06147619 -0.05114914 0.02335552
v 0.06197981 -0.05114914 0.02197142
v 0.06245228 -0.05114914 0.02057638
v 0.06289335 -0.05114914 0.01917110
v 0.06330281 -0.05114914 0.01775629
v 0.06368046 -0.05114914 0.01633265
v 0.06402609 -0.05114914 0.01490090
v 0.06433955 -0.05114914 0.01346177
v 0.06462114 -0.05114968 0.01201604
v 0.02717895 -0.05107394 0.06011707
v -0.05929685 -0.05102998 0.02883072
v -0.05995303 -0.05097745 0.02750780
v -0.06055012 -0.05097745 0.02615717
v -0.06108695 -0.05102998 0.02478149
v -0.06165272 -0.05097745 0.02341746
v -0.06215769 -0.05097745 0.02202976
v -0.06260086 -0.05102998 0.02062111
v -0.06307369 -0.05097745 0.01922214
v -0.06348426 -0.05097745 0.01780364
v -0.06386293 -0.05097745 0.01637629
v -0.06417816 -0.05102998 0.01493361
v -0.06452381 -0.05097745 0.01349792
v -0.05866878 -0.05097745 0.03016721
v -0.05726738 -0.05097780 0.03276684
v -0.05649462 -0.05102998 0.03402523
v -0.05574939 -0.05097745 0.03530011
v -0.05494855 -0.05097745 0.03654082
v -0.05409369 -0.05102998 0.03774494
v -0.05326446 -0.05097745 0.03896685
v -0.05238205 -0.05097745 0.04015093
v -0.05147332 -0.05097745 0.04131494
v -0.05051406 -0.05102998 0.04243767
v -0.04957874 -0.05097745 0.04358040
v -0.04859383 -0.05097745 0.04468071
v -0.04756129 -0.05102998 0.04573642
v -0.04655128 -0.05097745 0.04681372
v -0.04441518 -0.05097745 0.04885304
v -0.04329223 -0.05102998 0.04981204
v -0.04218981 -0.05097745 0.05079456
v -0.04104504 -0.05097745 0.05172742
v -0.03986019 -0.05102998 0.05260878
v -0.03869423 -0.05097745 0.05351499
v -0.03626565 -0.05097745 0.05519540
v -0.03500663 -0.05102998 0.05596712
v -0.03376420 -0.05097745 0.05676527
v -0.03248771 -0.05097745 0.05750775
v -0.03117967 -0.05102998 0.05819311
v -0.02988641 -0.05097745 0.05890596
v -0.02854896 -0.05102998 0.05953200
v -0.02722505 -0.05097745 0.06018617
v -0.02586089 -0.05102998 0.06075163
v -0.02450898 -0.05097745 0.06134580
v -0.02313214 -0.05097745 0.06187966
v -0.02173306 -0.05102998 0.06235217
v -0.02034428 -0.05097745 0.06285413
v -0.01893467 -0.05097745 0.06329426
v -0.01751554 -0.05097745 0.06370268
v -0.01465162 -0.05097745 0.06442357
v -0.01320826 -0.05097745 0.06473570
v -0.01175252 -0.05102998 0.06498373
v -0.01030236 -0.05097745 0.06526249
v -0.00884128 -0.05097745 0.06547689
v -0.00737217 -0.05102998 0.06562655
v -0.00590655 -0.05097745 0.06580721
v -0.00443437 -0.05097745 0.06592295
v -0.00295852 -0.05102998 0.06597353
v -0.00148408 -0.05097745 0.06605528
v -0.00000745 -0.05097745 0.06607182
v 0.00146919 -0.05097745 0.06605525
v 0.00294363 -0.05102998 0.06597346
v 0.00441948 -0.05097745 0.06592284
v 0.00736087 -0.05097745 0.06565833
v 0.00882207 -0.05102998 0.06544483
v 0.01174335 -0.05097745 0.06501510
v 0.01318689 -0.05102998 0.06470388
v 0.01463669 -0.05097745 0.06442323
v 0.01607268 -0.05097745 0.06407880
v 0.01750060 -0.05097745 0.06370227
v 0.02032931 -0.05097745 0.06285366
v 0.02172869 -0.05097745 0.06238201
v 0.02310586 -0.05102998 0.06184901
v 0.02449398 -0.05097745 0.06134522
v 0.02584587 -0.05102998 0.06075103
v 0.02853392 -0.05102998 0.05953133
v 0.02987135 -0.05097745 0.05890526
v 0.03117982 -0.05097745 0.05822071
v 0.03245676 -0.05102998 0.05747902
v 0.03374909 -0.05097745 0.05676448
v 0.03500860 -0.05097745 0.05599354
v 0.03867904 -0.05097745 0.05351409
v 0.03986445 -0.05097745 0.05263345
v 0.04217456 -0.05097745 0.05079357
v 0.04329810 -0.05097745 0.04983526
v 0.04439988 -0.05097745 0.04885200
v 0.04756915 -0.05097745 0.04575755
v 0.04956332 -0.05097745 0.04357925
v 0.05052328 -0.05097745 0.04245711
v 0.05145785 -0.05097745 0.04131375
v 0.05236655 -0.05097745 0.04014971
v 0.05324894 -0.05097745 0.03896560
v 0.05410455 -0.05097745 0.03776201
v 0.05490615 -0.05102998 0.03652180
v 0.05570657 -0.05102998 0.03528167
v 0.05650657 -0.05097745 0.03404043
v 0.05722301 -0.05102998 0.03274915
v 0.05796658 -0.05097745 0.03147331
v 0.05865306 -0.05097745 0.03016584
v 0.05931005 -0.05097745 0.02884332
v 0.06053429 -0.05097745 0.02615575
v 0.06110092 -0.05097745 0.02479207
v 0.06214177 -0.05097745 0.02202830
v 0.06261547 -0.05097745 0.02062962
v 0.06305770 -0.05097745 0.01922067
v 0.06384687 -0.05097745 0.01637480
v 0.06419341 -0.05097745 0.01493931
v 0.06447618 -0.05102998 0.01348993
v 0.06478953 -0.05097745 0.01204684
v 0.02722282 -0.05092430 0.06021374
v 0.01432889 -0.04772264 -0.08439784
v 0.01432397 -0.04772264 -0.08456707
v 0.01439711 -0.04772264 -0.08412606
v 0.01499727 -0.04772264 -0.08367772
v 0.01527168 -0.04772264 -0.08371386
v 0.01560909 -0.04772264 -0.08392639
v 0.01577937 -0.04772264 -0.08425042
v 0.01581175 -0.04772264 -0.08456592
v 0.01432397 -0.04772264 -0.09412302
v 0.01579816 -0.04772264 -0.09434284
v 0.01581174 -0.04772264 -0.09412272
v 0.01571496 -0.04772264 -0.09464035
v 0.01470052 -0.04772264 -0.09490683
v 0.01448384 -0.04772264 -0.09471997
v 0.01435634 -0.04772264 -0.09443936
v 0.01581176 -0.04772264 -0.09080800
v 0.01652306 -0.04772264 -0.09008910
v 0.01614927 -0.04772264 -0.09014893
v 0.01592578 -0.04772264 -0.09032886
v 0.01583122 -0.04772264 -0.09054282
v 0.02032265 -0.04772264 -0.09008878
v 0.02047928 -0.04772264 -0.08860593
v 0.02031006 -0.04772264 -0.08860101
v 0.02075065 -0.04772264 -0.08867454
v 0.02102517 -0.04772264 -0.08887739
v 0.02117322 -0.04772264 -0.08947016
v 0.02095074 -0.04772264 -0.08988612
v 0.02062671 -0.04772264 -0.09005640
v 0.01653112 -0.04772264 -0.08860099
v 0.01581609 -0.04772264 -0.08803791
v 0.01581174 -0.04772264 -0.08787723
v 0.01587641 -0.04772264 -0.08827378
v 0.01599784 -0.04772264 -0.08845033
v 0.01619913 -0.04772264 -0.08855955
v 0.01970861 -0.04822264 -0.10164051
v 0.01970403 -0.04772264 -0.10120601
v 0.01970861 -0.04772264 -0.10164051
v 0.01970403 -0.04822264 -0.10120601
v 0.01967505 -0.04772264 -0.10080513
v 0.01967505 -0.04822264 -0.10080513
v 0.01961566 -0.04772264 -0.10047645
v 0.01961566 -0.04822264 -0.10047645
v 0.01951467 -0.04772264 -0.10016536
v 0.01951467 -0.04822264 -0.10016536
v 0.01937903 -0.04772264 -0.09989645
v 0.01937903 -0.04822264 -0.09989645
v 0.01920995 -0.04772264 -0.09966112
v 0.01920995 -0.04822264 -0.09966112
v 0.01900581 -0.04772264 -0.09945430
v 0.01900581 -0.04822264 -0.09945430
v 0.01877187 -0.04772264 -0.09928121
v 0.01877187 -0.04822264 -0.09928121
v 0.01851502 -0.04772264 -0.09914611
v 0.01851502 -0.04822264 -0.09914611
v 0.01824425 -0.04772264 -0.09905227
v 0.01824425 -0.04822264 -0.09905227
v 0.01796887 -0.04772264 -0.09900069
v 0.01796887 -0.04822264 -0.09900069
v 0.01768347 -0.04772264 -0.09899063
v 0.01768347 -0.04822264 -0.09899063
v 0.01738902 -0.04772264 -0.09902602
v 0.01723655 -0.04822264 -0.09906843
v 0.01709710 -0.04772264 -0.09910918
v 0.01682545 -0.04772264 -0.09923542
v 0.01669393 -0.04822264 -0.09932276
v 0.01657999 -0.04772264 -0.09940011
v 0.01636606 -0.04772264 -0.09959810
v 0.01636606 -0.04822264 -0.09959810
v 0.01619921 -0.04772264 -0.09980692
v 0.01619921 -0.04822264 -0.09980692
v 0.01605360 -0.04772264 -0.10005806
v 0.01605360 -0.04822264 -0.10005806
v 0.01594356 -0.04772264 -0.10033729
v 0.01594356 -0.04822264 -0.10033729
v 0.01586799 -0.04772264 -0.10065184
v 0.01586799 -0.04822264 -0.10065184
v 0.01582542 -0.04772264 -0.10101797
v 0.01582542 -0.04822264 -0.10101797
v 0.01581174 -0.04772264 -0.10162673
v 0.01581175 -0.04822264 -0.10163082
v 0.01970862 -0.04772264 -0.10470054
v 0.01970861 -0.04822264 -0.10469645
v 0.01581174 -0.04822264 -0.10468676
v 0.01581633 -0.04772264 -0.10512126
v 0.01581174 -0.04772264 -0.10468676
v 0.01581633 -0.04822264 -0.10512126
v 0.01584531 -0.04772264 -0.10552214
v 0.01584531 -0.04822264 -0.10552214
v 0.01590470 -0.04772264 -0.10585082
v 0.01590470 -0.04822264 -0.10585082
v 0.01600569 -0.04772264 -0.10616191
v 0.01600569 -0.04822264 -0.10616191
v 0.01614133 -0.04772264 -0.10643083
v 0.01614133 -0.04822264 -0.10643083
v 0.01631041 -0.04772264 -0.10666616
v 0.01631041 -0.04822264 -0.10666616
v 0.01651455 -0.04772264 -0.10687297
v 0.01651455 -0.04822264 -0.10687297
v 0.01674849 -0.04772264 -0.10704607
v 0.01674849 -0.04822264 -0.10704607
v 0.01700534 -0.04772264 -0.10718116
v 0.01700534 -0.04822264 -0.10718116
v 0.01727610 -0.04772264 -0.10727500
v 0.01727610 -0.04822264 -0.10727500
v 0.01755149 -0.04772264 -0.10732658
v 0.01755149 -0.04822264 -0.10732658
v 0.01783688 -0.04772264 -0.10733664
v 0.01783688 -0.04822264 -0.10733664
v 0.01813134 -0.04772264 -0.10730126
v 0.01828381 -0.04822264 -0.10725884
v 0.01842326 -0.04772264 -0.10721809
v 0.01869490 -0.04772264 -0.10709185
v 0.01882643 -0.04822264 -0.10700451
v 0.01894036 -0.04772264 -0.10692716
v 0.01915430 -0.04772264 -0.10672917
v 0.01915430 -0.04822264 -0.10672917
v 0.01932115 -0.04772264 -0.10652035
v 0.01932115 -0.04822264 -0.10652035
v 0.01946676 -0.04772264 -0.10626920
v 0.01946676 -0.04822264 -0.10626920
v 0.01957680 -0.04772264 -0.10598999
v 0.01957680 -0.04822264 -0.10598999
v 0.01965237 -0.04772264 -0.10567544
v 0.01965237 -0.04822264 -0.10567544
v 0.01969494 -0.04772264 -0.10530929
v 0.01969494 -0.04822264 -0.10530929
v 0.01432649 -0.04772264 -0.10126878
v 0.01432397 -0.04772264 -0.10164051
v 0.01434867 -0.04772264 -0.10081691
v 0.01440198 -0.04772264 -0.10039828
v 0.01448853 -0.04772264 -0.10001203
v 0.01460903 -0.04772264 -0.09965093
v 0.01477925 -0.04772264 -0.09928261
v 0.01498619 -0.04772264 -0.09894533
v 0.01522655 -0.04772264 -0.09864013
v 0.01550102 -0.04772264 -0.09836446
v 0.01580505 -0.04772264 -0.09812263
v 0.01613394 -0.04772264 -0.09791769
v 0.01648268 -0.04772264 -0.09775206
v 0.01684546 -0.04772264 -0.09762765
v 0.01721592 -0.04772264 -0.09754555
v 0.01758719 -0.04772264 -0.09750574
v 0.01793317 -0.04772264 -0.09750574
v 0.01833314 -0.04772264 -0.09755038
v 0.01872427 -0.04772264 -0.09764193
v 0.01909918 -0.04772264 -0.09777781
v 0.01945363 -0.04772264 -0.09795542
v 0.01978311 -0.04772264 -0.09817173
v 0.02008337 -0.04772264 -0.09842323
v 0.02035079 -0.04772264 -0.09870614
v 0.02055310 -0.04772264 -0.09897277
v 0.02075237 -0.04772264 -0.09930381
v 0.02091321 -0.04772264 -0.09965573
v 0.02103591 -0.04772264 -0.10002685
v 0.02112168 -0.04772264 -0.10041746
v 0.02117289 -0.04772264 -0.10083136
v 0.02119536 -0.04772264 -0.10136705
v 0.02119639 -0.04772264 -0.10164051
v 0.01432397 -0.04772264 -0.10468676
v 0.02119387 -0.04772264 -0.10505849
v 0.02119639 -0.04772264 -0.10468676
v 0.02117169 -0.04772264 -0.10551036
v 0.02111838 -0.04772264 -0.10592899
v 0.02103183 -0.04772264 -0.10631523
v 0.02091132 -0.04772264 -0.10667635
v 0.02074111 -0.04772264 -0.10704466
v 0.02053417 -0.04772264 -0.10738194
v 0.02029380 -0.04772264 -0.10768714
v 0.02001933 -0.04772264 -0.10796281
v 0.01971531 -0.04772264 -0.10820465
v 0.01938642 -0.04772264 -0.10840958
v 0.01903768 -0.04772264 -0.10857521
v 0.01867489 -0.04772264 -0.10869962
v 0.01830444 -0.04772264 -0.10878172
v 0.01793317 -0.04772264 -0.10882153
v 0.01758719 -0.04772264 -0.10882153
v 0.01718722 -0.04772264 -0.10877690
v 0.01679609 -0.04772264 -0.10868534
v 0.01642118 -0.04772264 -0.10854947
v 0.01606672 -0.04772264 -0.10837185
v 0.01573725 -0.04772264 -0.10815555
v 0.01543699 -0.04772264 -0.10790405
v 0.01516957 -0.04772264 -0.10762113
v 0.01496725 -0.04772264 -0.10735451
v 0.01476799 -0.04772264 -0.10702346
v 0.01460715 -0.04772264 -0.10667155
v 0.01448445 -0.04772264 -0.10630041
v 0.01439868 -0.04772264 -0.10590981
v 0.01434746 -0.04772264 -0.10549591
v 0.01432500 -0.04772264 -0.10496022
v 0.01850625 -0.04772264 -0.12011775
v 0.01850625 -0.04772264 -0.11385049
v 0.01850625 -0.04822264 -0.12011775
v 0.01850625 -0.04822264 -0.11385049
v 0.01971080 -0.04822264 -0.11385049
v 0.01970784 -0.04772264 -0.11358418
v 0.01971080 -0.04772264 -0.11385049
v 0.01970784 -0.04822264 -0.11358418
v 0.01966481 -0.04772264 -0.11325742
v 0.01966988 -0.04822264 -0.11327720
v 0.01952373 -0.04772264 -0.11298457
v 0.01952607 -0.04822264 -0.11298661
v 0.01926755 -0.04772264 -0.11283202
v 0.01927130 -0.04822264 -0.11283263
v 0.01894611 -0.04772264 -0.11283311
v 0.01896235 -0.04822264 -0.11282834
v 0.01871351 -0.04772264 -0.11296364
v 0.01869502 -0.04822264 -0.11298192
v 0.01857371 -0.04772264 -0.11317266
v 0.01855111 -0.04822264 -0.11325975
v 0.01853069 -0.04772264 -0.11334043
v 0.01850817 -0.04772264 -0.11361884
v 0.01850817 -0.04822264 -0.11361884
v 0.01971080 -0.04772264 -0.12011775
v 0.01971080 -0.04822264 -0.12011775
v 0.01850921 -0.04772264 -0.12038407
v 0.01850921 -0.04822264 -0.12038407
v 0.01852914 -0.04772264 -0.12061816
v 0.01854717 -0.04822264 -0.12069104
v 0.01860001 -0.04772264 -0.12084645
v 0.01869098 -0.04822264 -0.12098163
v 0.01874164 -0.04772264 -0.12103529
v 0.01887701 -0.04772264 -0.12111604
v 0.01894575 -0.04822264 -0.12113561
v 0.01913624 -0.04772264 -0.12115726
v 0.01925470 -0.04822264 -0.12113991
v 0.01933369 -0.04772264 -0.12111866
v 0.01952811 -0.04772264 -0.12097905
v 0.01952202 -0.04822264 -0.12098633
v 0.01966643 -0.04772264 -0.12070616
v 0.01966594 -0.04822264 -0.12070850
v 0.01970888 -0.04772264 -0.12034940
v 0.01970888 -0.04822264 -0.12034940
v 0.01701411 -0.04822264 -0.11385049
v 0.01701115 -0.04772264 -0.11358418
v 0.01701411 -0.04772264 -0.11385049
v 0.01701115 -0.04822264 -0.11358418
v 0.01699122 -0.04772264 -0.11335009
v 0.01697319 -0.04822264 -0.11327720
v 0.01689387 -0.04772264 -0.11307102
v 0.01682938 -0.04822264 -0.11298661
v 0.01670193 -0.04772264 -0.11288694
v 0.01657461 -0.04822264 -0.11283263
v 0.01649894 -0.04772264 -0.11281230
v 0.01626157 -0.04772264 -0.11282998
v 0.01626565 -0.04822264 -0.11282834
v 0.01599696 -0.04772264 -0.11298432
v 0.01589158 -0.04822264 -0.11314258
v 0.01585393 -0.04772264 -0.11326209
v 0.01583400 -0.04822264 -0.11334043
v 0.01581148 -0.04772264 -0.11361884
v 0.01581148 -0.04822264 -0.11361884
v 0.01580956 -0.04772264 -0.11385049
v 0.01580956 -0.04822264 -0.11385049
v 0.01701411 -0.04772264 -0.12011775
v 0.01701411 -0.04822264 -0.12011775
v 0.01580956 -0.04822264 -0.12011775
v 0.01581252 -0.04772264 -0.12038407
v 0.01580956 -0.04772264 -0.12011775
v 0.01581252 -0.04822264 -0.12038407
v 0.01585515 -0.04772264 -0.12070924
v 0.01585048 -0.04822264 -0.12069104
v 0.01599565 -0.04772264 -0.12098263
v 0.01599429 -0.04822264 -0.12098163
v 0.01624056 -0.04772264 -0.12113285
v 0.01624906 -0.04822264 -0.12113561
v 0.01648745 -0.04772264 -0.12115750
v 0.01655801 -0.04822264 -0.12113991
v 0.01669861 -0.04772264 -0.12108356
v 0.01693209 -0.04822264 -0.12082566
v 0.01687208 -0.04772264 -0.12093657
v 0.01696885 -0.04772264 -0.12071003
v 0.01698967 -0.04822264 -0.12062782
v 0.01701219 -0.04772264 -0.12034940
v 0.01701219 -0.04822264 -0.12034940
v 0.01433300 -0.04772264 -0.11338826
v 0.01432180 -0.04772264 -0.11384261
v 0.01436224 -0.04772264 -0.11312217
v 0.01441986 -0.04772264 -0.11284955
v 0.01450980 -0.04772264 -0.11258457
v 0.01463370 -0.04772264 -0.11233293
v 0.01479150 -0.04772264 -0.11209942
v 0.01503352 -0.04772264 -0.11184154
v 0.01532451 -0.04772264 -0.11162395
v 0.01559583 -0.04772264 -0.11148404
v 0.01589011 -0.04772264 -0.11138429
v 0.01620213 -0.04772264 -0.11132877
v 0.01649230 -0.04772264 -0.11131980
v 0.01672131 -0.04772264 -0.11134123
v 0.01700474 -0.04772264 -0.11140396
v 0.01727823 -0.04772264 -0.11150625
v 0.01755423 -0.04772264 -0.11163055
v 0.01783604 -0.04772264 -0.11166323
v 0.01816139 -0.04772264 -0.11154523
v 0.01844334 -0.04772264 -0.11142678
v 0.01874715 -0.04772264 -0.11134965
v 0.01905172 -0.04772264 -0.11131902
v 0.01933808 -0.04772264 -0.11133086
v 0.01963833 -0.04772264 -0.11138638
v 0.01991338 -0.04772264 -0.11147934
v 0.02017745 -0.04772264 -0.11161279
v 0.02042209 -0.04772264 -0.11178523
v 0.02063862 -0.04772264 -0.11199206
v 0.02081831 -0.04772264 -0.11222313
v 0.02095911 -0.04772264 -0.11246957
v 0.02106252 -0.04772264 -0.11272404
v 0.02113257 -0.04772264 -0.11298256
v 0.02118046 -0.04772264 -0.11330309
v 0.02119789 -0.04772264 -0.11367653
v 0.02119857 -0.04772264 -0.11385049
v 0.01432179 -0.04772264 -0.12011775
v 0.01611115 -0.04772264 -0.12262831
v 0.01641183 -0.04772264 -0.12265000
v 0.01582989 -0.04772264 -0.12256749
v 0.01555593 -0.04772264 -0.12246675
v 0.01529487 -0.04772264 -0.12232573
v 0.01508652 -0.04772264 -0.12217329
v 0.01487217 -0.04772264 -0.12196550
v 0.01469433 -0.04772264 -0.12173348
v 0.01455542 -0.04772264 -0.12148653
v 0.01446737 -0.04772264 -0.12127209
v 0.01439325 -0.04772264 -0.12101085
v 0.01434260 -0.04772264 -0.12069281
v 0.01432293 -0.04772264 -0.12032627
v 0.01910852 -0.04772264 -0.12265000
v 0.02119788 -0.04772264 -0.12029313
v 0.02119857 -0.04772264 -0.12011775
v 0.02118354 -0.04772264 -0.12063017
v 0.02114983 -0.04772264 -0.12089632
v 0.02108643 -0.04772264 -0.12116829
v 0.02098987 -0.04772264 -0.12143216
v 0.02085956 -0.04772264 -0.12168073
v 0.02069569 -0.04772264 -0.12191007
v 0.02048209 -0.04772264 -0.12213170
v 0.02027952 -0.04772264 -0.12229003
v 0.02001625 -0.04772264 -0.12244256
v 0.01972917 -0.04772264 -0.12255587
v 0.01942217 -0.04772264 -0.12262639
v 0.01970861 -0.04772264 -0.12602505
v 0.01970861 -0.04772264 -0.13275521
v 0.01783532 -0.04772264 -0.13497294
v 0.01748463 -0.04772264 -0.13497919
v 0.01814575 -0.04772264 -0.13493900
v 0.01841800 -0.04772264 -0.13487132
v 0.01868783 -0.04772264 -0.13475873
v 0.01893233 -0.04772264 -0.13460800
v 0.01915312 -0.04772264 -0.13441882
v 0.01934652 -0.04772264 -0.13419032
v 0.01949739 -0.04772264 -0.13394018
v 0.01960603 -0.04772264 -0.13367218
v 0.01967343 -0.04772264 -0.13338669
v 0.01970421 -0.04772264 -0.13306689
v 0.01519771 -0.04772264 -0.13497919
v 0.01504107 -0.04772264 -0.13646205
v 0.01521030 -0.04772264 -0.13646697
v 0.01476784 -0.04772264 -0.13639471
v 0.01455640 -0.04772264 -0.13518456
v 0.01489365 -0.04772264 -0.13501157
v 0.01751705 -0.04772264 -0.13646692
v 0.02119219 -0.04772264 -0.13308986
v 0.02119639 -0.04772264 -0.13275521
v 0.02116334 -0.04772264 -0.13347369
v 0.02109969 -0.04772264 -0.13384338
v 0.02098577 -0.04772264 -0.13423595
v 0.02083238 -0.04772264 -0.13459693
v 0.02064081 -0.04772264 -0.13493250
v 0.02041382 -0.04772264 -0.13524126
v 0.02015084 -0.04772264 -0.13552402
v 0.01985522 -0.04772264 -0.13577573
v 0.01952934 -0.04772264 -0.13599329
v 0.01918197 -0.04772264 -0.13617036
v 0.01881954 -0.04772264 -0.13630469
v 0.01844827 -0.04772264 -0.13639611
v 0.01807157 -0.04772264 -0.13644761
v 0.02119639 -0.04772264 -0.12602445
v 0.01971353 -0.04772264 -0.12585582
v 0.01978175 -0.04772264 -0.12558404
v 0.02038192 -0.04772264 -0.12513570
v 0.02065632 -0.04772264 -0.12517184
v 0.02099373 -0.04772264 -0.12538436
v 0.02116401 -0.04772264 -0.12570840
v 0.02073895 -0.04772264 -0.14883685
v 0.01722524 -0.04772264 -0.14655501
v 0.01686488 -0.04772264 -0.14291663
v 0.01722524 -0.04772264 -0.14267750
v 0.01654229 -0.04772264 -0.14316048
v 0.01631089 -0.04772264 -0.14337969
v 0.01612112 -0.04772264 -0.14361796
v 0.01597866 -0.04772264 -0.14386915
v 0.01587799 -0.04772264 -0.14413993
v 0.01582244 -0.04772264 -0.14442368
v 0.01581386 -0.04772264 -0.14470203
v 0.01584882 -0.04772264 -0.14497377
v 0.01592402 -0.04772264 -0.14523312
v 0.01604042 -0.04772264 -0.14548382
v 0.01619866 -0.04772264 -0.14572109
v 0.01640588 -0.04772264 -0.14594954
v 0.01667803 -0.04772264 -0.14618054
v 0.01705354 -0.04772264 -0.14644298
v 0.02073973 -0.04772264 -0.14039516
v 0.02007326 -0.04772264 -0.13905987
v 0.01992865 -0.04772264 -0.13914791
v 0.02033834 -0.04772264 -0.13896906
v 0.02104123 -0.04772264 -0.13922821
v 0.02116038 -0.04772264 -0.13947803
v 0.02116590 -0.04772264 -0.13987675
v 0.02098688 -0.04772264 -0.14019606
v 0.01641494 -0.04772264 -0.14142975
v 0.01610717 -0.04772264 -0.14760013
v 0.01641494 -0.04772264 -0.14780277
v 0.01573659 -0.04772264 -0.14733335
v 0.01541949 -0.04772264 -0.14706440
v 0.01515028 -0.04772264 -0.14678700
v 0.01489946 -0.04772264 -0.14646378
v 0.01469623 -0.04772264 -0.14612558
v 0.01453632 -0.04772264 -0.14576969
v 0.01441976 -0.04772264 -0.14539725
v 0.01434838 -0.04772264 -0.14501247
v 0.01432397 -0.04772264 -0.14461100
v 0.01434717 -0.04772264 -0.14422998
v 0.01441130 -0.04772264 -0.14387013
v 0.01451696 -0.04772264 -0.14351515
v 0.01466393 -0.04772264 -0.14317040
v 0.01485104 -0.04772264 -0.14284147
v 0.01507665 -0.04772264 -0.14253248
v 0.01533995 -0.04772264 -0.14224435
v 0.01564291 -0.04772264 -0.14197364
v 0.01599328 -0.04772264 -0.14171062
v 0.01992943 -0.04772264 -0.15008511
v 0.02087820 -0.04772264 -0.14893314
v 0.02106898 -0.04772264 -0.14913836
v 0.02116219 -0.04772264 -0.14973602
v 0.02057635 -0.04772264 -0.15026358
v 0.02021185 -0.04772264 -0.15022990
v 0.01433755 -0.04772264 -0.15343881
v 0.01432397 -0.04772264 -0.15365893
v 0.01442075 -0.04772264 -0.15314130
v 0.01527168 -0.04772264 -0.15280572
v 0.01560908 -0.04772264 -0.15301825
v 0.01577937 -0.04772264 -0.15334228
v 0.01581174 -0.04772264 -0.15364635
v 0.01432397 -0.04772264 -0.15996167
v 0.02119387 -0.04772264 -0.16033340
v 0.02119639 -0.04772264 -0.15996167
v 0.02117169 -0.04772264 -0.16078527
v 0.02111838 -0.04772264 -0.16120391
v 0.02103183 -0.04772264 -0.16159014
v 0.02091132 -0.04772264 -0.16195126
v 0.02074111 -0.04772264 -0.16231957
v 0.02053417 -0.04772264 -0.16265686
v 0.02029380 -0.04772264 -0.16296205
v 0.02001933 -0.04772264 -0.16323772
v 0.01971531 -0.04772264 -0.16347955
v 0.01938642 -0.04772264 -0.16368449
v 0.01903768 -0.04772264 -0.16385013
v 0.01867489 -0.04772264 -0.16397454
v 0.01830444 -0.04772264 -0.16405663
v 0.01793317 -0.04772264 -0.16409644
v 0.01758719 -0.04772264 -0.16409644
v 0.01718722 -0.04772264 -0.16405182
v 0.01679609 -0.04772264 -0.16396025
v 0.01642118 -0.04772264 -0.16382438
v 0.01606672 -0.04772264 -0.16364676
v 0.01573725 -0.04772264 -0.16343045
v 0.01543699 -0.04772264 -0.16317895
v 0.01516957 -0.04772264 -0.16289604
v 0.01496725 -0.04772264 -0.16262943
v 0.01476799 -0.04772264 -0.16229837
v 0.01460715 -0.04772264 -0.16194646
v 0.01448445 -0.04772264 -0.16157533
v 0.01439868 -0.04772264 -0.16118471
v 0.01434746 -0.04772264 -0.16077082
v 0.01432500 -0.04772264 -0.16023514
v 0.02119639 -0.04772264 -0.15529877
v 0.01701940 -0.04772264 -0.15499985
v 0.01701629 -0.04772264 -0.15530485
v 0.01704356 -0.04772264 -0.15465751
v 0.01709902 -0.04772264 -0.15434733
v 0.01718749 -0.04772264 -0.15406583
v 0.01732334 -0.04772264 -0.15378365
v 0.01747665 -0.04772264 -0.15355721
v 0.01767905 -0.04772264 -0.15333547
v 0.01791321 -0.04772264 -0.15314563
v 0.01817460 -0.04772264 -0.15299116
v 0.01845699 -0.04772264 -0.15287584
v 0.01875299 -0.04772264 -0.15280268
v 0.01914689 -0.04772264 -0.15277532
v 0.01956826 -0.04772264 -0.15282424
v 0.01986443 -0.04772264 -0.15291461
v 0.02014302 -0.04772264 -0.15304703
v 0.02039703 -0.04772264 -0.15321779
v 0.02062016 -0.04772264 -0.15342216
v 0.02080752 -0.04772264 -0.15365450
v 0.02095718 -0.04772264 -0.15391073
v 0.02106843 -0.04772264 -0.15418722
v 0.02114275 -0.04772264 -0.15448347
v 0.02118327 -0.04772264 -0.15480341
v 0.01701629 -0.04772264 -0.15829231
v 0.01849915 -0.04772264 -0.15844895
v 0.01850406 -0.04772264 -0.15827972
v 0.01843181 -0.04772264 -0.15872218
v 0.01799646 -0.04772264 -0.15913232
v 0.01739291 -0.04772264 -0.15906230
v 0.01717616 -0.04772264 -0.15887697
v 0.01704867 -0.04772264 -0.15859637
v 0.01850406 -0.04772264 -0.15530485
v 0.01970565 -0.04772264 -0.15503854
v 0.01970861 -0.04772264 -0.15530485
v 0.01966196 -0.04772264 -0.15470916
v 0.01952179 -0.04772264 -0.15443920
v 0.01926907 -0.04772264 -0.15428740
v 0.01894409 -0.04772264 -0.15428741
v 0.01869704 -0.04772264 -0.15443292
v 0.01855120 -0.04772264 -0.15470563
v 0.01850598 -0.04772264 -0.15507320
v 0.01970862 -0.04772264 -0.15997146
v 0.01581633 -0.04772264 -0.16039617
v 0.01581174 -0.04772264 -0.15996167
v 0.01584531 -0.04772264 -0.16079704
v 0.01590470 -0.04772264 -0.16112573
v 0.01600569 -0.04772264 -0.16143683
v 0.01614133 -0.04772264 -0.16170573
v 0.01631041 -0.04772264 -0.16194107
v 0.01651455 -0.04772264 -0.16214788
v 0.01674849 -0.04772264 -0.16232097
v 0.01700534 -0.04772264 -0.16245607
v 0.01727610 -0.04772264 -0.16254991
v 0.01755149 -0.04772264 -0.16260149
v 0.01783688 -0.04772264 -0.16261154
v 0.01813134 -0.04772264 -0.16257617
v 0.01842326 -0.04772264 -0.16249301
v 0.01869490 -0.04772264 -0.16236676
v 0.01894036 -0.04772264 -0.16220208
v 0.01915430 -0.04772264 -0.16200408
v 0.01932115 -0.04772264 -0.16179526
v 0.01946676 -0.04772264 -0.16154411
v 0.01957680 -0.04772264 -0.16126490
v 0.01965237 -0.04772264 -0.16095035
v 0.01969494 -0.04772264 -0.16058421
v -0.00890853 -0.02420239 -0.08943293
v -0.00890854 0.02589600 -0.11627178
v -0.00890853 0.02418994 -0.08943260
v -0.00890853 -0.02347516 -0.13415059
v -0.00890853 -0.02591132 -0.09117753
v -0.00890806 -0.02590533 -0.13283664
v -0.00890828 0.02590068 -0.09104510
v -0.00890844 0.02494988 -0.11739709
v -0.00889579 -0.02459949 -0.13410142
v -0.00890826 -0.02535452 -0.08995599
v -0.00890447 0.02517569 -0.08984791
v -0.00890854 -0.02589971 -0.14794974
v -0.00890853 0.02590157 -0.15905069
v -0.00890853 -0.02492945 -0.14679973
v -0.00890852 -0.02590615 -0.15919673
v -0.00890854 -0.02419139 -0.16077554
v -0.00890846 0.02428261 -0.16077527
v -0.00890845 0.02524446 -0.13050303
v -0.00890764 0.02589998 -0.13163057
v -0.00890851 0.02380683 -0.12994131
v -0.00890429 0.02548890 -0.16004725
v -0.00890166 -0.02518696 -0.16035616
v -0.06495349 -0.04562230 0.00094298
v -0.06495352 -0.04534104 -0.00050609
v 0.02790840 -0.04022919 -0.23899895
v 0.03036236 -0.03842324 -0.23879834
v 0.02935480 -0.04044903 -0.23879750
v 0.04894690 0.00145764 -0.23879834
v 0.04858401 0.00612207 -0.23879834
v 0.04988979 0.00418953 -0.23879831
v 0.04777771 0.01073059 -0.23879834
v 0.04811273 0.01396051 -0.23879828
v 0.04653536 0.01524115 -0.23879834
v 0.04448972 0.02049807 -0.23879351
v 0.04560136 0.02034778 -0.23879784
v 0.03368137 -0.03702557 -0.23879832
v 0.03367672 -0.03555104 -0.23879834
v 0.03633659 -0.03283455 -0.23879834
v 0.03988894 -0.03033633 -0.23879826
v 0.03930327 -0.02921689 -0.23879834
v 0.04191121 -0.02533266 -0.23879834
v 0.04490901 -0.02203271 -0.23879834
v 0.04413664 -0.02121732 -0.23879834
v 0.04595925 -0.01690841 -0.23879834
v 0.04758815 -0.01550131 -0.23879832
v 0.04736241 -0.01244525 -0.23879834
v 0.04977653 -0.00574241 -0.23879826
v 0.04833330 -0.00786857 -0.23879834
v 0.04886308 -0.00322014 -0.23879834
v 0.00116328 0.04898596 -0.23879834
v -0.00515338 0.04978626 -0.23879832
v 0.00131635 0.05000560 -0.23879834
v -0.00409888 0.04880125 -0.23879834
v -0.00873711 0.04818825 -0.23879834
v -0.01267160 0.04839389 -0.23879834
v -0.01329568 0.04713549 -0.23879834
v -0.02025291 0.04580986 -0.23879747
v -0.01773301 0.04565257 -0.23879834
v 0.04020673 0.02792958 -0.23892289
v 0.03840689 0.03036302 -0.23879834
v 0.04037357 0.02947575 -0.23879814
v -0.02080658 0.04432002 -0.23891652
v 0.03740788 0.03325095 -0.23879832
v 0.03594180 0.03325717 -0.23879834
v 0.03260393 0.03653549 -0.23879834
v 0.03064860 0.03958601 -0.23879831
v 0.02896862 0.03948051 -0.23879834
v 0.02506889 0.04206521 -0.23879834
v 0.02385033 0.04396750 -0.23879834
v 0.02094033 0.04426602 -0.23879834
v 0.01640448 0.04730727 -0.23879831
v 0.01662061 0.04606286 -0.23879834
v 0.01214915 0.04743933 -0.23879834
v 0.00834587 0.04934875 -0.23879832
v 0.00756675 0.04838288 -0.23879834
v -0.02915043 0.04050747 -0.23879404
v -0.03014771 0.03859281 -0.23879834
v -0.03291662 0.03768814 -0.23879832
v -0.04555552 -0.01800043 -0.23879834
v -0.04431418 -0.02084499 -0.23899537
v -0.04551817 -0.02049326 -0.23879495
v -0.04750920 -0.01577980 -0.23879832
v -0.04706825 -0.01357352 -0.23879834
v -0.04954014 -0.00734338 -0.23879831
v -0.04814822 -0.00902132 -0.23879834
v -0.04878891 -0.00438683 -0.23879834
v -0.05005313 0.00102646 -0.23879832
v -0.04900507 0.00087413 -0.23879834
v -0.03348425 0.03574597 -0.23879834
v -0.03902025 0.03141741 -0.23879828
v -0.03674257 0.03238858 -0.23879834
v -0.03966583 0.02873575 -0.23879834
v -0.04222719 0.02482065 -0.23879834
v -0.04377891 0.02424672 -0.23879832
v -0.04440330 0.02067901 -0.23879834
v -0.04709478 0.01702826 -0.23879831
v -0.04617431 0.01634864 -0.23879834
v -0.04752405 0.01186904 -0.23879834
v -0.04932306 0.00849216 -0.23879832
v -0.04844021 0.00728109 -0.23879834
v -0.02792557 0.04022743 -0.23895638
v -0.01827686 -0.04544700 -0.23879834
v -0.01492566 -0.04664230 -0.23889591
v -0.01586489 -0.04725866 -0.23879129
v -0.04023326 -0.02793844 -0.23888777
v -0.03842507 -0.03037423 -0.23879834
v -0.04052678 -0.02917181 -0.23879406
v -0.03575792 -0.03512518 -0.23879826
v -0.03555829 -0.03369364 -0.23879834
v -0.03085398 -0.03807946 -0.23879834
v -0.02762305 -0.04179722 -0.23879828
v -0.02657649 -0.04114923 -0.23879834
v -0.02252943 -0.04349654 -0.23879834
v -0.02057523 -0.04562239 -0.23879832
v 0.02753037 -0.04235614 -0.24254388
v 0.02644552 -0.04122286 -0.24342430
v 0.02610623 -0.04263726 -0.24283816
v 0.02368688 -0.04461084 -0.24254619
v 0.02367505 -0.04400127 -0.24285814
v 0.02249296 -0.04349107 -0.24343501
v 0.04468258 0.02356648 -0.24254754
v 0.04265704 0.02702928 -0.24254690
v 0.04578101 0.02075930 -0.24280530
v 0.04032312 0.02926244 -0.24289642
v 0.03902201 0.03209775 -0.24254081
v 0.04476209 0.01990468 -0.24343756
v 0.04674315 0.01911885 -0.24254535
v 0.04537329 0.02020718 -0.24301958
v 0.04825242 0.01492598 -0.24254556
v 0.04683486 0.01429844 -0.24343504
v 0.04944212 0.01032381 -0.24254556
v 0.04797888 0.00979793 -0.24343514
v 0.05038592 0.00385763 -0.24254560
v 0.04869147 0.00520929 -0.24343528
v 0.04896021 0.00079254 -0.24343511
v 0.05048740 -0.00149067 -0.24254505
v 0.04884603 -0.00348372 -0.24343477
v 0.05012419 -0.00623023 -0.24254566
v 0.04829708 -0.00809480 -0.24343477
v 0.04931712 -0.01091468 -0.24254566
v 0.04731385 -0.01263315 -0.24343477
v 0.04807332 -0.01550252 -0.24254566
v 0.04590517 -0.01705796 -0.24343477
v 0.04640381 -0.01995316 -0.24254566
v 0.04408370 -0.02132944 -0.24343477
v 0.04432337 -0.02422717 -0.24254566
v 0.04186583 -0.02540918 -0.24343477
v 0.04185042 -0.02828671 -0.24254566
v 0.03927152 -0.02926048 -0.24343477
v 0.03900686 -0.03209585 -0.24254566
v 0.03632407 -0.03284868 -0.24343634
v 0.03508467 -0.03635836 -0.24254565
v 0.03304828 -0.03613945 -0.24343476
v 0.03138755 -0.03957804 -0.24254714
v 0.02936918 -0.03920523 -0.24343501
v 0.01946858 -0.04494323 -0.24343511
v 0.01925809 -0.04671209 -0.24254748
v 0.01512555 -0.04658654 -0.24343477
v 0.01463833 -0.04835238 -0.24254556
v 0.01064609 -0.04781058 -0.24343477
v 0.00857294 -0.04981140 -0.24254559
v 0.00607082 -0.04860487 -0.24343477
v 0.00140536 -0.04896715 -0.24343558
v 0.00296194 -0.05043482 -0.24254556
v -0.00179119 -0.05049074 -0.24254505
v -0.00377674 -0.04883751 -0.24343477
v -0.00652839 -0.05009881 -0.24254617
v -0.00896006 -0.04817810 -0.24343762
v -0.01120817 -0.04926521 -0.24254557
v -0.01664487 -0.04773735 -0.24254195
v -0.01486330 -0.04666763 -0.24343555
v -0.01841458 -0.04539256 -0.24343477
v -0.02238496 -0.04529598 -0.24254566
v -0.02263019 -0.04344529 -0.24343477
v -0.02654287 -0.04299226 -0.24254566
v -0.02664239 -0.04110747 -0.24343477
v -0.03188404 -0.03922741 -0.24254601
v -0.03041510 -0.03840015 -0.24343477
v -0.03464742 -0.03464434 -0.24343672
v -0.03656766 -0.03488315 -0.24254563
v -0.03766543 -0.03130791 -0.24343623
v -0.03976562 -0.03116722 -0.24254707
v -0.03997038 -0.02832073 -0.24343500
v -0.04371625 -0.02541199 -0.24254562
v -0.04247311 -0.02440908 -0.24343477
v -0.04446484 -0.02053836 -0.24343646
v -0.04682795 -0.01899588 -0.24254757
v -0.04592202 -0.01705781 -0.24343477
v -0.04733085 -0.01263300 -0.24343477
v -0.04834772 -0.01464901 -0.24254557
v -0.04933361 -0.01091441 -0.24254556
v -0.04831427 -0.00809462 -0.24343477
v -0.05009476 -0.00652388 -0.24254557
v -0.04888139 -0.00333891 -0.24343580
v -0.05045490 -0.00267816 -0.24254556
v -0.04895005 0.00180730 -0.24343477
v -0.05048285 0.00207521 -0.24254507
v -0.04857061 0.00636246 -0.24343477
v -0.05006390 0.00681018 -0.24254566
v -0.04774941 0.01093291 -0.24343477
v -0.04920177 0.01148480 -0.24254566
v -0.04649899 0.01540503 -0.24343477
v -0.04790407 0.01605769 -0.24254566
v -0.04483059 0.01973860 -0.24343477
v -0.04618231 0.02048838 -0.24254566
v -0.04275922 0.02389464 -0.24343477
v -0.04405173 0.02473761 -0.24254566
v -0.04030352 0.02783578 -0.24343477
v -0.04153119 0.02876778 -0.24254566
v -0.03721197 0.03186599 -0.24343646
v -0.03882745 0.03230979 -0.24254569
v -0.03625087 0.03518738 -0.24254560
v -0.03349257 0.03573804 -0.24343295
v -0.03233994 0.03883620 -0.24255128
v -0.02995655 0.03874720 -0.24343583
v -0.02515789 0.04385201 -0.24254562
v -0.02455574 0.04241736 -0.24343717
v -0.01895103 0.04516161 -0.24343504
v -0.01995336 0.04640011 -0.24254525
v -0.01458867 0.04675322 -0.24343477
v -0.01635189 0.04779588 -0.24254556
v -0.01009501 0.04792407 -0.24343477
v -0.01178670 0.04912043 -0.24254556
v -0.00551064 0.04866406 -0.24343477
v -0.00741029 0.04995896 -0.24254557
v -0.00253418 0.05046025 -0.24254559
v -0.00174722 0.04893304 -0.24343559
v 0.00209337 0.04892552 -0.24343477
v 0.00236865 0.05045678 -0.24254507
v 0.00664675 0.04851906 -0.24343477
v 0.00710107 0.05000999 -0.24254566
v 0.01121225 0.04767078 -0.24343477
v 0.01177054 0.04912036 -0.24254566
v 0.01567688 0.04639387 -0.24343477
v 0.01633572 0.04779579 -0.24254566
v 0.02000047 0.04469980 -0.24343477
v 0.02075620 0.04604799 -0.24254566
v 0.02414416 0.04260383 -0.24343477
v 0.02499282 0.04389245 -0.24254566
v 0.02807067 0.04012480 -0.24343477
v 0.02900809 0.04134824 -0.24254566
v 0.03208247 0.03700941 -0.24343644
v 0.03253414 0.03862371 -0.24254569
v 0.03539652 0.03603024 -0.24254559
v 0.03593208 0.03326757 -0.24343294
v 0.03961090 0.02880700 -0.24344650
v 0.04005290 0.01823298 -0.25779933
v 0.04119401 0.01548380 -0.26229855
v 0.04064986 0.01684531 -0.25729746
v 0.03898996 0.02042634 -0.26230061
v 0.03813657 0.02201988 -0.25779834
v 0.03709616 0.02366087 -0.26230070
v 0.03470093 0.02706637 -0.26229799
v 0.03499952 0.02667708 -0.25751409
v 0.03330373 0.02875449 -0.24779834
v 0.03491411 0.02678917 -0.24779834
v 0.01779462 -0.04026382 -0.26229620
v 0.01931768 -0.03954584 -0.24947974
v 0.02175949 -0.03826261 -0.26229885
v 0.02365738 -0.03714539 -0.24980135
v 0.02454116 -0.03653130 -0.24959005
v 0.02550226 -0.03587264 -0.26230121
v 0.02728100 -0.03454223 -0.24779834
v 0.02457397 -0.03660088 -0.24779834
v 0.02910008 -0.03303793 -0.26230198
v 0.03041622 -0.03180332 -0.24779834
v 0.03236044 -0.02982195 -0.26230070
v 0.03292529 -0.02920962 -0.24779834
v 0.03452278 -0.02728856 -0.26230070
v 0.03553814 -0.02595190 -0.24779834
v 0.03648732 -0.02459888 -0.26230070
v 0.03739180 -0.02320032 -0.24779834
v 0.03865516 -0.02104481 -0.26229832
v 0.03955262 -0.01934944 -0.24779834
v 0.04013579 -0.01806022 -0.24779834
v 0.04085246 -0.01640418 -0.26229703
v 0.04175080 -0.01392328 -0.24779834
v 0.04239969 -0.01179927 -0.26229832
v 0.04294074 -0.00964466 -0.24779834
v 0.04321507 -0.00828387 -0.26230070
v 0.04353292 -0.00636696 -0.24779834
v 0.04381236 -0.00416389 -0.26229832
v 0.04397073 -0.00208738 -0.24779834
v 0.04399733 -0.00055991 -0.26230070
v 0.04393836 0.00249319 -0.24779834
v 0.04391328 0.00276976 -0.26230070
v 0.04357766 0.00608354 -0.26230070
v 0.04360972 0.00580769 -0.24779834
v 0.04285807 0.01004344 -0.24779834
v 0.04279368 0.01031427 -0.26230198
v 0.04156775 0.01443822 -0.24779834
v 0.04058064 0.01721518 -0.24779834
v -0.03900867 -0.02043808 -0.24779834
v -0.03650466 -0.02459752 -0.24779834
v -0.03759782 -0.02290929 -0.26229891
v -0.03554685 -0.02596243 -0.26230070
v -0.03453919 -0.02728857 -0.24779834
v -0.03294172 -0.02920962 -0.26229832
v -0.03237686 -0.02982197 -0.24779834
v -0.03043263 -0.03180334 -0.26230070
v -0.02983110 -0.03237967 -0.24779834
v -0.02794061 -0.03401323 -0.26230070
v -0.02638029 -0.03524733 -0.24779834
v -0.02528860 -0.03602832 -0.26230070
v -0.02237797 -0.03792739 -0.24779834
v -0.02177618 -0.03826303 -0.26229832
v -0.01856523 -0.03991004 -0.26230070
v -0.01806040 -0.04014094 -0.24779834
v -0.01471479 -0.04149278 -0.26229832
v -0.01379191 -0.04181978 -0.24779834
v -0.01032658 -0.04280679 -0.26230198
v -0.00937700 -0.04301365 -0.24779834
v -0.00485862 -0.04376497 -0.26230198
v -0.00456305 -0.04379718 -0.24779834
v -0.00028577 -0.04401291 -0.26230070
v 0.00026936 -0.04401291 -0.24779834
v 0.00456597 -0.04379530 -0.26229703
v 0.00484222 -0.04376497 -0.24779834
v 0.00936057 -0.04301366 -0.26229832
v 0.00908741 -0.04306360 -0.24779834
v 0.01249275 -0.04221034 -0.24779834
v 0.01364661 -0.04185073 -0.26229832
v 0.01677017 -0.04069297 -0.24779834
v 0.01901520 -0.03969849 -0.24779834
v 0.03179655 0.03042547 -0.26229832
v 0.03101843 0.03121846 -0.24779834
v 0.02856842 0.03347535 -0.26229832
v 0.02855919 0.03346482 -0.24779834
v 0.02597242 0.03552772 -0.24779834
v 0.02594617 0.03552944 -0.26229835
v 0.02319191 0.03740241 -0.26229832
v 0.02224045 0.03797601 -0.24779834
v 0.01930456 0.03954975 -0.26229832
v 0.01929826 0.03953724 -0.24779834
v 0.01625752 0.04089718 -0.24779834
v 0.01625251 0.04088410 -0.26229835
v 0.01311786 0.04201010 -0.26229832
v 0.01205332 0.04232799 -0.24779834
v 0.00881749 0.04311889 -0.26229832
v 0.00881451 0.04310521 -0.24779834
v 0.00553053 0.04366290 -0.24779834
v 0.00552895 0.04364898 -0.26229835
v 0.00221244 0.04395671 -0.26229832
v 0.00137974 0.04398241 -0.24779834
v -0.00139619 0.04398241 -0.26230070
v -0.00222887 0.04395671 -0.24779834
v -0.00554696 0.04366290 -0.26229832
v -0.00554538 0.04364898 -0.24779834
v -0.00883392 0.04311889 -0.24779834
v -0.00883094 0.04310521 -0.26229835
v -0.01206974 0.04232799 -0.26229832
v -0.01313428 0.04201010 -0.24779834
v -0.01627395 0.04089718 -0.26229832
v -0.01624471 0.04089385 -0.24779834
v -0.01932099 0.03954975 -0.24779834
v -0.01931468 0.03953724 -0.26229835
v -0.02225688 0.03797601 -0.26229832
v -0.02316473 0.03742971 -0.24779834
v -0.02597071 0.03554085 -0.26229832
v -0.02596259 0.03552944 -0.24779834
v -0.02859858 0.03346353 -0.24779834
v -0.02857562 0.03346482 -0.26229835
v -0.03103486 0.03121846 -0.26229832
v -0.03161417 0.03061976 -0.24779834
v -0.03348202 0.02856623 -0.26230070
v -0.03403070 0.02792386 -0.24779834
v -0.03603859 0.02528068 -0.26229832
v -0.03602723 0.02527249 -0.24779834
v -0.03784786 0.02248308 -0.24779834
v -0.03840306 0.02152144 -0.26229832
v -0.03992122 0.01855577 -0.24779834
v -0.04065873 0.01690891 -0.26229703
v -0.04158211 0.01445760 -0.24779834
v -0.04226393 0.01232388 -0.26229832
v -0.04283213 0.01017627 -0.24779834
v -0.04342315 0.00732191 -0.26229703
v -0.04359410 0.00608352 -0.24779834
v -0.04395479 0.00249319 -0.26229832
v -0.04395518 0.00248560 -0.24779834
v -0.04398715 -0.00208741 -0.26230198
v -0.04398280 -0.00194802 -0.24779834
v -0.04351092 -0.00679044 -0.24779834
v -0.04354935 -0.00636696 -0.26229835
v -0.04295717 -0.00964465 -0.26229832
v -0.04241611 -0.01179927 -0.24779834
v -0.04176723 -0.01392328 -0.26229832
v -0.04101182 -0.01601240 -0.24779834
v -0.04010462 -0.01819161 -0.26230198
v 0.03527142 0.02046430 -0.25479832
v 0.03721036 0.02053910 -0.25479832
v 0.03537520 0.02356958 -0.25479832
v 0.03388055 0.02150081 -0.25479832
v 0.03561160 0.01901713 -0.25479832
v 0.03901601 0.01687249 -0.25479832
v 0.03251158 0.02740199 -0.25479832
v 0.04045771 0.01301593 -0.25479832
v 0.03513888 0.01787444 -0.25479832
v 0.02904383 0.03103893 -0.25479832
v 0.02571215 0.03385074 -0.25479832
v 0.02211004 0.03630660 -0.25479832
v 0.02397588 0.03279492 -0.25479832
v 0.02569856 0.03005419 -0.25479832
v 0.02487764 0.02879597 -0.25479832
v 0.02536676 0.03175840 -0.25479832
v 0.01007172 0.04130053 -0.25479832
v 0.01141396 0.03898926 -0.25479832
v 0.01424851 0.04005118 -0.25479832
v 0.01227695 0.03720627 -0.25479832
v 0.00675806 0.03486235 -0.25479832
v 0.01252298 0.03328875 -0.25479829
v 0.00839912 0.03546209 -0.25479832
v 0.01144925 0.03540660 -0.25479832
v 0.00991850 0.03490691 -0.25479832
v 0.01830358 0.03836737 -0.25479832
v 0.00999142 0.03945005 -0.25479832
v 0.00890608 0.03920351 -0.25479832
v 0.00807843 0.03845271 -0.25479832
v 0.00055386 0.04251984 -0.25479832
v 0.00765255 0.03716020 -0.25479832
v 0.00082348 0.03555924 -0.25479829
v 0.00578896 0.04211561 -0.25479832
v -0.00331143 0.03969639 -0.25479832
v -0.00400050 0.04232483 -0.25479832
v -0.00474360 0.04043689 -0.25479832
v -0.00642625 0.04002223 -0.25479832
v -0.00831418 0.04169348 -0.25479832
v -0.00729528 0.03851916 -0.25479832
v -0.01254052 0.04062372 -0.25479832
v -0.00698464 0.03693983 -0.25479832
v -0.01724315 0.03445411 -0.25479832
v -0.01700254 0.03311470 -0.25479832
v -0.02055487 0.03721845 -0.25479832
v -0.01871144 0.03559279 -0.25479832
v -0.01663511 0.03912679 -0.25479832
v -0.02140200 0.03256832 -0.25479832
v -0.02890487 0.02506712 -0.25479832
v -0.02039873 0.03131608 -0.25479832
v -0.01854835 0.03114544 -0.25479832
v -0.01737309 0.03206046 -0.25479832
v -0.02141687 0.03418933 -0.25479832
v -0.02030845 0.03535735 -0.25479832
v -0.02425862 0.03491873 -0.25479832
v -0.02770739 0.03225183 -0.25479832
v -0.03369806 0.02593221 -0.25479832
v -0.03281683 0.02353051 -0.25479832
v -0.03244704 0.02471734 -0.25479832
v -0.03617696 0.02234593 -0.25479832
v -0.03148742 0.02549732 -0.25479832
v -0.03086494 0.02924579 -0.25479832
v -0.03039007 0.02570383 -0.25479832
v -0.03449490 0.00872015 -0.25479826
v -0.03520595 0.01106528 -0.25479832
v -0.03492690 0.00947462 -0.25479832
v -0.03597929 0.01187194 -0.25479832
v -0.03827552 0.01852481 -0.25479832
v -0.03703412 0.01223104 -0.25479832
v -0.03168880 0.01617542 -0.25479829
v -0.03914895 0.01113079 -0.25479832
v -0.03997188 0.01450857 -0.25479832
v -0.04124800 0.01033988 -0.25479832
v -0.03824659 0.01197991 -0.25479832
v -0.03946087 0.01005772 -0.25479832
v -0.04246793 0.00205492 -0.25479832
v -0.03748437 0.00770127 -0.25479832
v -0.03851693 0.00811759 -0.25479832
v -0.03924418 0.00896306 -0.25479832
v -0.03602437 0.00797627 -0.25479832
v -0.03557174 0.00082739 -0.25479829
v -0.04209052 0.00606244 -0.25479832
v -0.04211606 -0.00589205 -0.25479832
v -0.04027218 -0.00406780 -0.25479832
v -0.04249758 -0.00154914 -0.25479832
v -0.04034992 -0.00580241 -0.25479832
v -0.04129182 -0.01017305 -0.25479832
v -0.03940319 -0.00694959 -0.25479832
v -0.04003353 -0.01434715 -0.25479832
v -0.03796547 -0.00732398 -0.25479832
v -0.03451538 -0.01728423 -0.25479832
v -0.03280341 -0.01699919 -0.25479832
v -0.03380858 -0.02579750 -0.25479832
v -0.03447411 -0.02124908 -0.25479832
v -0.03612284 -0.02242899 -0.25479832
v -0.03541975 -0.01830565 -0.25479832
v -0.03794397 -0.01923134 -0.25479832
v -0.03557687 -0.01991034 -0.25479832
v -0.03326080 -0.02151961 -0.25479832
v -0.03098964 -0.02912316 -0.25479832
v -0.03196711 -0.02109729 -0.25479832
v -0.02442113 -0.02849010 -0.25479832
v -0.03115264 -0.01985024 -0.25479832
v -0.03126127 -0.01824368 -0.25479832
v -0.02525086 -0.03198097 -0.25479832
v -0.02440763 -0.03482427 -0.25479832
v -0.02398027 -0.03276197 -0.25479832
v -0.02572220 -0.03057378 -0.25479832
v -0.02539813 -0.02937786 -0.25479832
v -0.02784497 -0.03214266 -0.25479832
v -0.01166940 -0.04089176 -0.25479832
v -0.02057288 -0.03723152 -0.25479832
v -0.01579503 -0.03948268 -0.25479832
v -0.00873288 -0.03449194 -0.25479826
v -0.00968288 -0.03492188 -0.25479832
v -0.00834857 -0.03557962 -0.25479832
v -0.01185063 -0.03592358 -0.25479832
v -0.01227652 -0.03721609 -0.25479832
v -0.01001056 -0.03946938 -0.25479832
v -0.01152995 -0.03891420 -0.25479832
v -0.00742115 -0.04187095 -0.25479832
v -0.00847982 -0.03896968 -0.25479832
v -0.00309481 -0.04240998 -0.25479832
v -0.00765212 -0.03717003 -0.25479832
v -0.00083991 -0.03556873 -0.25479829
v -0.01102299 -0.03517278 -0.25479832
v -0.01618836 -0.03168583 -0.25479829
v 0.00126366 -0.04250313 -0.25479832
v 0.00345985 -0.03989668 -0.25479832
v 0.00560893 -0.04214948 -0.25479832
v 0.00628902 -0.04007870 -0.25479832
v 0.00497923 -0.04045186 -0.25479832
v 0.01370016 -0.04024360 -0.25479832
v 0.00728651 -0.03866054 -0.25479832
v 0.00700516 -0.03708006 -0.25479832
v 0.00989513 -0.04135272 -0.25479832
v 0.01711894 -0.03891993 -0.25479832
v 0.02101392 -0.03696148 -0.25479832
v 0.01908150 -0.03560767 -0.25479832
v 0.01790531 -0.03520532 -0.25479832
v 0.02017914 -0.03542162 -0.25479832
v 0.02468788 -0.03461448 -0.25479832
v 0.02149746 -0.03356926 -0.25479832
v 0.02112691 -0.03462349 -0.25479832
v 0.02809950 -0.03190595 -0.25479832
v 0.03401135 -0.02550770 -0.25479832
v 0.03122093 -0.02885732 -0.25479832
v 0.02988503 -0.02561323 -0.25479832
v 0.02882217 -0.02496073 -0.25479832
v 0.03124575 -0.02563386 -0.25479832
v 0.03234100 -0.02481288 -0.25479832
v 0.03281372 -0.02367020 -0.25479832
v 0.03644407 -0.02188993 -0.25479832
v 0.03090924 -0.01769080 -0.25479829
v 0.03849355 -0.01804207 -0.25479832
v 0.04013821 -0.01400457 -0.25479832
v 0.03555531 -0.00083687 -0.25479829
v 0.03624482 -0.00790453 -0.25479832
v 0.03759796 -0.00770346 -0.25479832
v 0.04136078 -0.00981987 -0.25479832
v 0.03902527 -0.01137660 -0.25479832
v 0.03447847 -0.00872963 -0.25479826
v 0.03528521 -0.00868451 -0.25479832
v 0.03751795 -0.01223341 -0.25479832
v 0.03605601 -0.01196361 -0.25479832
v 0.03945252 -0.00969377 -0.25479832
v 0.03888041 -0.00845527 -0.25479832
v 0.04243816 -0.00221233 -0.25479832
v 0.03491542 -0.00987134 -0.25479832
v 0.03513211 -0.01096601 -0.25479832
v 0.04214840 -0.00553197 -0.25479832
v 0.03702973 0.00699644 -0.25479832
v 0.03832466 0.00729177 -0.25479832
v 0.03949065 0.00686974 -0.25479832
v 0.04249746 0.00099456 -0.25479832
v 0.04217168 0.00534200 -0.25479832
v 0.04024276 0.00406513 -0.25479832
v 0.04037294 0.00566971 -0.25479832
v 0.04140242 0.00963323 -0.25479832
v 0.03122236 0.01835912 -0.25479832
v 0.03231425 0.01717923 -0.25479832
v 0.03404362 0.01705346 -0.25479832
v 0.03194098 0.02110160 -0.25479832
v 0.03110674 0.01971878 -0.25479832
v 0.02237886 0.03255947 -0.25479832
v 0.02133577 0.03150156 -0.25479832
v 0.01961738 0.02966551 -0.25479829
v 0.02128768 0.02964367 -0.25479832
v 0.02264305 0.02837372 -0.25479832
v 0.02572764 0.02455443 -0.25479829
v -0.00307086 0.03698744 -0.25479832
v -0.00276163 0.03831619 -0.25479832
v -0.00711119 0.03485260 -0.25479826
v -0.00591921 0.03607948 -0.25479832
v -0.01468832 0.03239581 -0.25479826
v -0.00444162 0.03592188 -0.25479832
v -0.03255453 0.02232151 -0.25479832
v -0.03133836 0.02126693 -0.25479832
v -0.02847197 0.02247719 -0.25479832
v -0.02960565 0.02133217 -0.25479832
v -0.02848646 0.02121973 -0.25479832
v -0.02456701 0.02573086 -0.25479829
v -0.02830257 0.02370869 -0.25479832
v -0.03922908 -0.00300989 -0.25479832
v -0.03515335 -0.00513394 -0.25479832
v -0.03605315 -0.00414157 -0.25479832
v -0.03801660 -0.00275875 -0.25479832
v -0.03696177 -0.00311785 -0.25479832
v -0.03385086 -0.01096520 -0.25479829
v -0.03661856 -0.00668812 -0.25479832
v -0.03598129 -0.00562550 -0.25479832
v -0.02262058 -0.03268427 -0.25479832
v -0.02179809 -0.02891429 -0.25479832
v -0.02123272 -0.02848310 -0.25479832
v -0.02328329 -0.02827759 -0.25479832
v -0.02140838 -0.03162491 -0.25479832
v -0.02119578 -0.03027272 -0.25479832
v -0.02574407 -0.02456391 -0.25479829
v 0.00505214 -0.03590872 -0.25479832
v 0.00624912 -0.03624598 -0.25479832
v 0.00709476 -0.03486209 -0.25479826
v 0.01467189 -0.03240529 -0.25479826
v 0.00385186 -0.03620486 -0.25479832
v 0.00294748 -0.03722629 -0.25479832
v 0.00275693 -0.03845059 -0.25479832
v 0.01852815 -0.03113828 -0.25479832
v 0.02037357 -0.03133999 -0.25479832
v 0.02134173 -0.03246689 -0.25479832
v 0.01721723 -0.03227818 -0.25479832
v 0.01699924 -0.03387693 -0.25479832
v 0.03257409 -0.02245042 -0.25479832
v 0.03166768 -0.02143533 -0.25479832
v 0.02982226 -0.02123362 -0.25479832
v 0.02595495 -0.02432284 -0.25479829
v 0.02844256 -0.02247985 -0.25479832
v 0.02830477 -0.02384169 -0.25479832
v 0.03749149 0.00279887 -0.25479832
v 0.03921728 0.00298881 -0.25479832
v 0.03239445 0.01467597 -0.25479829
v 0.03484881 0.00709762 -0.25479826
v 0.03602099 0.00412483 -0.25479832
v 0.03611060 0.00610491 -0.25479832
v -0.03056354 -0.01822119 -0.25479826
v -0.01987836 0.02943445 -0.25479832
v 0.02943106 0.01986546 -0.25479832
v 0.02401162 0.02834886 -0.25479832
v 0.02028756 -0.02918187 -0.25479829
v 0.03033723 0.01751393 -0.25429612
v 0.02900391 0.01960422 -0.24779834
v 0.03067790 0.01685358 -0.24779834
v 0.02786055 0.02119826 -0.25429842
v 0.02660304 0.02275619 -0.24779834
v 0.02529928 0.02419821 -0.25429845
v 0.02386142 0.02561672 -0.24779834
v 0.02241680 0.02689105 -0.25429845
v 0.02081420 0.02814923 -0.24779834
v 0.01924972 0.02924260 -0.25429845
v 0.01750040 0.03032128 -0.24779834
v 0.01583824 0.03122303 -0.25429845
v 0.01373913 0.03220150 -0.24779834
v 0.01222565 0.03280720 -0.25429845
v 0.01024560 0.03347777 -0.24779834
v 0.00845779 0.03397500 -0.25429845
v 0.00639749 0.03442179 -0.24779834
v 0.00458249 0.03471161 -0.25429845
v 0.00246737 0.03492505 -0.24779834
v 0.00064892 0.03500767 -0.25429845
v -0.00149445 0.03498112 -0.24779834
v -0.00329298 0.03485943 -0.25429845
v -0.00543723 0.03458926 -0.24779834
v -0.00719320 0.03426877 -0.25429845
v -0.00931051 0.03375450 -0.24779834
v -0.01100222 0.03324319 -0.25429845
v -0.01306470 0.03248753 -0.24779834
v -0.01467173 0.03179571 -0.25429845
v -0.01665172 0.03080456 -0.24779834
v -0.01788815 0.03010141 -0.25429779
v -0.02002566 0.02872714 -0.24779834
v -0.02101416 0.02801380 -0.25429744
v -0.02314332 0.02628187 -0.24779834
v -0.02403210 0.02547363 -0.25429758
v -0.02631524 0.02314685 -0.24779834
v -0.02674520 0.02261012 -0.25429770
v -0.02911901 0.01945963 -0.25429782
v -0.02956374 0.01877530 -0.24779834
v -0.03112341 0.01606214 -0.25429794
v -0.03149610 0.01531624 -0.24779834
v -0.03273297 0.01246077 -0.25429806
v -0.03265523 0.01270154 -0.24779834
v -0.03392725 0.00870122 -0.25429815
v -0.03413182 0.00785645 -0.24779834
v -0.03469111 0.00483121 -0.25429821
v -0.03480145 0.00395123 -0.24779834
v -0.03501484 0.00089985 -0.25429827
v -0.03502563 -0.00000463 -0.24779834
v -0.03489434 -0.00304297 -0.25429833
v -0.03480148 -0.00396050 -0.24779834
v -0.03433115 -0.00694719 -0.25429836
v -0.03413187 -0.00786572 -0.24779834
v -0.03287130 -0.01216925 -0.25429878
v -0.03302539 -0.01167030 -0.24779834
v -0.03134435 -0.01566558 -0.24779834
v -0.03035366 -0.01752341 -0.25429612
v -0.02902034 -0.01961371 -0.24779834
v -0.02787698 -0.02120775 -0.25429842
v -0.02661947 -0.02276568 -0.24779834
v -0.02531571 -0.02420770 -0.25429845
v -0.02387785 -0.02562621 -0.24779834
v -0.02243323 -0.02690053 -0.25429845
v -0.02083063 -0.02815871 -0.24779834
v -0.01926615 -0.02925209 -0.25429845
v -0.01751683 -0.03033077 -0.24779834
v -0.01585467 -0.03123252 -0.25429845
v -0.01397886 -0.03211456 -0.24779834
v -0.01224208 -0.03281669 -0.25429845
v -0.01026203 -0.03348725 -0.24779834
v -0.00847422 -0.03398449 -0.25429845
v -0.00641392 -0.03443127 -0.24779834
v -0.00459892 -0.03472109 -0.25429845
v -0.00309620 -0.03489222 -0.24779834
v -0.00066535 -0.03501715 -0.25429845
v 0.00147802 -0.03499060 -0.24779834
v 0.00327655 -0.03486891 -0.25429845
v 0.00542080 -0.03459875 -0.24779834
v 0.00717677 -0.03427825 -0.25429845
v 0.00929409 -0.03376399 -0.24779834
v 0.01098580 -0.03325268 -0.25429845
v 0.01304827 -0.03249701 -0.24779834
v 0.01465530 -0.03180519 -0.25429845
v 0.01663529 -0.03081404 -0.24779834
v 0.01787172 -0.03011089 -0.25429779
v 0.02000923 -0.02873663 -0.24779834
v 0.02099773 -0.02802329 -0.25429744
v 0.02312689 -0.02629136 -0.24779834
v 0.02401568 -0.02548311 -0.25429758
v 0.02594835 -0.02350955 -0.24779834
v 0.02767969 -0.02148601 -0.25429970
v 0.02843750 -0.02042681 -0.24779834
v 0.03056246 -0.01708261 -0.24779834
v 0.03015266 -0.01779862 -0.25429788
v 0.03229602 -0.01351976 -0.24779834
v 0.03196252 -0.01429362 -0.25429800
v 0.03361600 -0.00978388 -0.24779834
v 0.03336667 -0.01060731 -0.25429809
v 0.03450549 -0.00592280 -0.24779834
v 0.03434729 -0.00678646 -0.25429818
v 0.03495311 -0.00198596 -0.24779834
v 0.03489195 -0.00287957 -0.25429824
v 0.03495312 0.00197626 -0.24779834
v 0.03499373 0.00106377 -0.25429830
v 0.03450553 0.00591311 -0.24779834
v 0.03465134 0.00499353 -0.25429836
v 0.03361606 0.00977419 -0.24779834
v 0.03386914 0.00885983 -0.25429839
v 0.03229610 0.01351008 -0.24779834
v 0.03265705 0.01261359 -0.25429842
v -0.00891266 -0.04817207 -0.23878570
v -0.00471214 -0.04982349 -0.23879832
v -0.00985199 -0.04893701 -0.23879293
v -0.00176481 -0.04897791 -0.23879834
v 0.00382337 -0.04997415 -0.23879826
v 0.00349917 -0.04885612 -0.23879834
v 0.00814439 -0.04829857 -0.23879834
v 0.01322376 -0.04825103 -0.23879834
v 0.01271522 -0.04730034 -0.23879834
v 0.01716994 -0.04587052 -0.23879834
v 0.02039887 -0.04572386 -0.23879653
v 0.02078494 -0.04433713 -0.23885240
v 0.04608597 0.02063206 -0.24079832
v 0.04330841 0.02603388 -0.24079834
v 0.04083101 0.02969191 -0.24079835
v -0.02042262 0.04618444 -0.24079834
v -0.02252010 0.04522362 -0.24079834
v -0.02704683 0.04266760 -0.24079834
v -0.02970750 0.04083335 -0.24079837
v -0.03186829 0.03919717 -0.23930109
v -0.02919468 0.04101864 -0.23928075
v -0.04619555 -0.02042226 -0.24079835
v -0.04489749 -0.02317732 -0.24079834
v -0.04092486 -0.02970474 -0.24079832
v -0.04105449 -0.02929451 -0.23930179
v -0.01638255 -0.04777862 -0.24079834
v -0.00975176 -0.04960908 -0.24079834
v -0.00965085 -0.04956988 -0.23930024
v 0.02062965 -0.04609491 -0.24079834
v 0.02591200 -0.04341124 -0.24079834
v 0.02968772 -0.04084295 -0.24079835
v 0.02930467 -0.04105530 -0.23930323
v 0.03345465 -0.03788023 -0.23929617
v 0.03745403 -0.03389568 -0.23929833
v 0.04028828 -0.03045723 -0.23929599
v 0.04250447 -0.02729370 -0.23929833
v 0.04488118 -0.02317708 -0.23929833
v 0.04686046 -0.01885529 -0.23929833
v 0.04833128 -0.01464903 -0.23929599
v 0.04954175 -0.00989904 -0.23929480
v 0.05025683 -0.00504860 -0.23929833
v 0.05052033 0.00014432 -0.23929951
v 0.05021788 0.00533392 -0.23929599
v 0.04967142 0.00915763 -0.23929833
v 0.04847746 0.01421830 -0.23929951
v 0.04618304 0.02050096 -0.23929453
v -0.00549689 -0.05023293 -0.23929574
v -0.00089969 -0.05050590 -0.23929599
v 0.00296222 -0.05043481 -0.23929833
v 0.00915801 -0.04970706 -0.23929594
v 0.01648567 -0.04778616 -0.23929273
v 0.02101333 -0.04570358 -0.23927142
v -0.03902233 -0.03209513 -0.23929958
v -0.03478733 -0.03667561 -0.23929594
v -0.03011528 -0.04058454 -0.23929951
v -0.02552378 -0.04360487 -0.23929833
v -0.02078012 -0.04607650 -0.23929757
v -0.01577199 -0.04778948 -0.23926780
v -0.03541294 0.03603024 -0.23929833
v -0.03844447 0.03276439 -0.23929599
v -0.04171869 0.02853603 -0.23929594
v -0.04447413 0.02395239 -0.23929599
v -0.04637194 0.02008408 -0.23929951
v -0.04789087 0.01605309 -0.23929833
v -0.04935730 0.01091102 -0.23929358
v -0.05021043 0.00563019 -0.23929833
v -0.05051782 0.00088668 -0.23929833
v -0.05039143 -0.00356753 -0.23929599
v -0.04998025 -0.00740814 -0.23929833
v -0.04881476 -0.01308210 -0.23929480
v -0.04730410 -0.01774609 -0.23929596
v -0.04573896 -0.02101727 -0.23926589
v 0.03940134 0.03159899 -0.23929837
v 0.03551000 0.03593343 -0.23929480
v 0.03185260 0.03919863 -0.23929833
v 0.02826897 0.04184693 -0.23929599
v 0.02460948 0.04412149 -0.23929951
v 0.01870876 0.04692895 -0.23929480
v 0.01406845 0.04851188 -0.23929833
v 0.00973636 0.04955538 -0.23929599
v 0.00592196 0.05016346 -0.23929833
v 0.00073450 0.05051856 -0.23929951
v -0.00445964 0.05030775 -0.23929599
v -0.00829239 0.04982886 -0.23929833
v -0.01437656 0.04845029 -0.23929594
v -0.02052658 0.04617679 -0.23929809
v 0.00164205 0.04303736 -0.26279825
v 0.00595541 0.04317791 -0.26279846
v -0.00556318 0.04328537 -0.26279861
v 0.01034153 0.04180708 -0.26279825
v 0.01649028 0.04036850 -0.26279852
v 0.01861040 0.03883715 -0.26279825
v 0.02409549 0.03625471 -0.26279837
v 0.02610460 0.03425115 -0.26279825
v 0.03054160 0.03112508 -0.26279852
v 0.03251235 0.02823988 -0.26279825
v 0.03700484 0.02302901 -0.26279846
v 0.03639497 0.02291507 -0.26279834
v 0.03951859 0.01711134 -0.26279825
v 0.04190348 0.01215459 -0.26279861
v 0.04216937 0.00873480 -0.26279825
v 0.04360655 0.00054886 -0.26279852
v 0.04306531 -0.00000537 -0.26279825
v 0.04216912 -0.00874550 -0.26279825
v 0.04259929 -0.00921577 -0.26279846
v 0.03951809 -0.01712197 -0.26279825
v 0.04003123 -0.01710969 -0.26279837
v 0.03693390 -0.02307888 -0.26279840
v 0.03522253 -0.02478625 -0.26279825
v -0.03800509 -0.02126915 -0.26279837
v -0.03438130 -0.02603648 -0.26279813
v -0.03908267 -0.01812398 -0.26279825
v -0.03319648 -0.02823997 -0.26279843
v -0.02857866 -0.03284383 -0.26279834
v -0.02629988 -0.03415186 -0.26279822
v -0.02122148 -0.03811640 -0.26279852
v -0.02008505 -0.03807753 -0.26279831
v -0.01116643 -0.04216932 -0.26279852
v -0.01162902 -0.04150455 -0.26279822
v -0.00275737 -0.04299044 -0.26279825
v -0.00206903 -0.04351208 -0.26279840
v 0.00691759 -0.04309313 -0.26279861
v 0.00602215 -0.04265404 -0.26279825
v 0.01455077 -0.04054317 -0.26279825
v 0.01679750 -0.04021176 -0.26279843
v 0.02247365 -0.03674565 -0.26279825
v 0.02582845 -0.03514255 -0.26279852
v 0.02946114 -0.03141947 -0.26279825
v 0.03238520 -0.02909775 -0.26279837
v -0.04107577 -0.01463263 -0.26279846
v -0.04194892 -0.00981919 -0.26279825
v -0.04316809 -0.00575681 -0.26279837
v -0.04306789 -0.00110469 -0.26279825
v -0.04356115 0.00185208 -0.26279846
v -0.04239530 0.00765557 -0.26279825
v -0.04209926 0.01134706 -0.26279846
v -0.03995913 0.01609712 -0.26279825
v -0.03876680 0.01983544 -0.26279837
v -0.03586074 0.02386872 -0.26279825
v -0.03503126 0.02591741 -0.26279843
v -0.03027065 0.03064703 -0.26279825
v -0.02950921 0.03201950 -0.26279837
v -0.02342144 0.03615002 -0.26279825
v -0.02350675 0.03671208 -0.26279846
v -0.01559809 0.04014874 -0.26279825
v -0.01527545 0.04080703 -0.26279843
v -0.00712609 0.04247680 -0.26279825
v 0.03749135 0.02007401 -0.26229486
v 0.03476368 0.02446256 -0.26229835
v 0.03208123 0.02788804 -0.26229832
v 0.02906284 0.03102154 -0.26229841
v 0.02573995 0.03383010 -0.26229841
v 0.02214742 0.03628438 -0.26229841
v 0.01832288 0.03835866 -0.26229841
v 0.01430636 0.04003123 -0.26229841
v 0.01013994 0.04128457 -0.26229841
v 0.00586724 0.04210556 -0.26229841
v 0.00153300 0.04248558 -0.26229841
v -0.00281739 0.04242068 -0.26229841
v -0.00713838 0.04191152 -0.26229841
v -0.01138471 0.04096343 -0.26229841
v -0.01551192 0.03958635 -0.26229841
v -0.01947679 0.03779469 -0.26229841
v -0.02323781 0.03560721 -0.26229841
v -0.02675558 0.03304682 -0.26229841
v -0.02999327 0.03014032 -0.26229841
v -0.03291697 0.02691816 -0.26229841
v -0.03549608 0.02341408 -0.26229841
v -0.03770357 0.01966477 -0.26229841
v -0.03951634 0.01570949 -0.26229841
v -0.04091540 0.01158966 -0.26229841
v -0.04188611 0.00734843 -0.26229841
v -0.04241829 0.00303020 -0.26229841
v -0.04250637 -0.00131981 -0.26229841
v -0.04214944 -0.00565604 -0.26229841
v -0.04135123 -0.00993308 -0.26229841
v -0.04012010 -0.01410615 -0.26229841
v -0.03846894 -0.01813156 -0.26229841
v -0.03658725 -0.02167324 -0.26229772
v -0.03430499 -0.02513522 -0.26229730
v -0.03155724 -0.02850866 -0.26229736
v -0.02847912 -0.03158362 -0.26229742
v -0.02510286 -0.03432791 -0.26229751
v -0.02146382 -0.03671279 -0.26229757
v -0.01760010 -0.03871328 -0.26229763
v -0.01355216 -0.04030845 -0.26229769
v -0.00936240 -0.04148158 -0.26229775
v -0.00507468 -0.04222038 -0.26229781
v -0.00073391 -0.04251713 -0.26229784
v 0.00361446 -0.04236871 -0.26229790
v 0.00792490 -0.04177668 -0.26229796
v 0.01215226 -0.04074723 -0.26229799
v 0.01625228 -0.03929116 -0.26229805
v 0.02018203 -0.03742370 -0.26229808
v 0.02390035 -0.03516441 -0.26229811
v 0.02736831 -0.03253695 -0.26229814
v 0.03054959 -0.02956884 -0.26229820
v 0.03341088 -0.02629116 -0.26229823
v 0.03592221 -0.02273822 -0.26229826
v 0.03805730 -0.01894725 -0.26229826
v 0.03979378 -0.01495793 -0.26229829
v 0.04111347 -0.01081204 -0.26229832
v 0.04200255 -0.00655299 -0.26229832
v 0.04245172 -0.00222540 -0.26229835
v 0.04245627 0.00212544 -0.26229835
v 0.04201616 0.00645395 -0.26229838
v 0.04113599 0.01071481 -0.26229838
v 0.03982499 0.01486340 -0.26229838
v 0.03342017 0.02152112 -0.24779834
v 0.03233442 0.02127969 -0.24779834
v 0.03124484 0.02025633 -0.24779834
v 0.03116126 0.01852300 -0.24779834
v 0.03187212 0.01751286 -0.24779834
v 0.03287283 0.01701560 -0.24779834
v 0.03435328 0.01717923 -0.24779834
v 0.03556061 0.01859180 -0.24779834
v 0.03540332 0.02019435 -0.24779834
v 0.03459985 0.02113758 -0.24779834
v 0.02351551 0.03281523 -0.24779834
v 0.02208343 0.03240940 -0.24779834
v 0.02112507 0.03081737 -0.24779834
v 0.02154326 0.02926322 -0.24779834
v 0.02260414 0.02840394 -0.24779834
v 0.02408969 0.02834751 -0.24779834
v 0.02529666 0.02921542 -0.24779834
v 0.02570577 0.03051443 -0.24779834
v 0.02538170 0.03171035 -0.24779834
v 0.02458569 0.03248870 -0.24779834
v 0.01004272 0.03945927 -0.24779834
v 0.00872424 0.03911280 -0.24779834
v 0.00779898 0.03794920 -0.24779834
v 0.00781327 0.03633724 -0.24779837
v 0.00879640 0.03522421 -0.24779834
v 0.00999413 0.03490691 -0.24779834
v 0.01140296 0.03539033 -0.24779834
v 0.01221028 0.03678312 -0.24779834
v 0.01206633 0.03801132 -0.24779834
v 0.01133121 0.03901377 -0.24779834
v -0.00494707 0.04044175 -0.24779834
v -0.00626555 0.04009528 -0.24779834
v -0.00719081 0.03893170 -0.24779834
v -0.00720598 0.03744364 -0.24779834
v -0.00649513 0.03643350 -0.24779834
v -0.00537151 0.03590175 -0.24779834
v -0.00390957 0.03617154 -0.24779834
v -0.00298519 0.03717171 -0.24779834
v -0.00276896 0.03826383 -0.24779834
v -0.00308088 0.03933688 -0.24779834
v -0.00387689 0.04011522 -0.24779834
v -0.02039000 0.03534396 -0.24779834
v -0.01892570 0.03559032 -0.24779834
v -0.02135815 0.03421706 -0.24779834
v -0.02151389 0.03311470 -0.24779834
v -0.02114406 0.03206111 -0.24779834
v -0.02019557 0.03126234 -0.24779834
v -0.01884275 0.03108602 -0.24779834
v -0.01754763 0.03181589 -0.24779834
v -0.01699810 0.03306201 -0.24779834
v -0.01692443 0.03347816 -0.24779834
v -0.01769031 0.03500524 -0.24779834
v -0.03132178 0.02556460 -0.24779834
v -0.03021978 0.02568566 -0.24779834
v -0.03225279 0.02494658 -0.24779834
v -0.03285131 0.02358265 -0.24779834
v -0.03243816 0.02215643 -0.24779834
v -0.03114416 0.02118856 -0.24779834
v -0.02954657 0.02138995 -0.24779834
v -0.02855045 0.02232212 -0.24779834
v -0.02829923 0.02391372 -0.24779834
v -0.02908574 0.02517412 -0.24779834
v -0.03723525 0.01224929 -0.24779834
v -0.03841343 0.01187195 -0.24779834
v -0.03932205 0.01084823 -0.24779834
v -0.03930480 0.00898973 -0.24779837
v -0.03778820 0.00771578 -0.24779834
v -0.03631062 0.00787339 -0.24779834
v -0.03532881 0.00863585 -0.24779834
v -0.03490402 0.01019016 -0.24779834
v -0.03571388 0.01172335 -0.24779834
v -0.03858484 -0.00278897 -0.24779834
v -0.03980303 -0.00341674 -0.24779834
v -0.04042036 -0.00463069 -0.24779834
v -0.04025907 -0.00598611 -0.24779834
v -0.03944105 -0.00691267 -0.24779834
v -0.03839169 -0.00729684 -0.24779834
v -0.03693824 -0.00697133 -0.24779834
v -0.03608912 -0.00590788 -0.24779834
v -0.03591703 -0.00467673 -0.24779834
v -0.03645198 -0.00356182 -0.24779834
v -0.03735721 -0.00290662 -0.24779834
v -0.03363849 -0.01698314 -0.24779834
v -0.03516745 -0.01781134 -0.24779834
v -0.03562478 -0.01935526 -0.24779834
v -0.03510343 -0.02074967 -0.24779834
v -0.03356356 -0.02154873 -0.24779834
v -0.03212584 -0.02117433 -0.24779834
v -0.03123832 -0.02013824 -0.24779834
v -0.03112317 -0.01878122 -0.24779834
v -0.03195741 -0.01739840 -0.24779834
v -0.02386214 -0.02828243 -0.24779834
v -0.02514600 -0.02903483 -0.24779834
v -0.02565124 -0.03002691 -0.24779834
v -0.02561804 -0.03127109 -0.24779834
v -0.02451377 -0.03260912 -0.24779834
v -0.02291079 -0.03276197 -0.24779834
v -0.02193031 -0.03223458 -0.24779834
v -0.02124928 -0.03119464 -0.24779834
v -0.02125725 -0.02995807 -0.24779834
v -0.02205275 -0.02869250 -0.24779834
v -0.00988634 -0.03491702 -0.24779832
v -0.01143038 -0.03538702 -0.24779834
v -0.01217847 -0.03667096 -0.24779834
v -0.01211580 -0.03803905 -0.24779834
v -0.01113267 -0.03915208 -0.24779834
v -0.00993493 -0.03946938 -0.24779834
v -0.00852610 -0.03898595 -0.24779834
v -0.00775663 -0.03771507 -0.24779834
v -0.00787941 -0.03623068 -0.24779834
v -0.00881617 -0.03524355 -0.24779834
v 0.00424757 -0.03604335 -0.24779834
v 0.00547540 -0.03593191 -0.24779834
v 0.00313708 -0.03684359 -0.24779834
v 0.00274246 -0.03827589 -0.24779834
v 0.00313120 -0.03945150 -0.24779834
v 0.00430718 -0.04036717 -0.24779834
v 0.00579198 -0.04031624 -0.24779834
v 0.00696752 -0.03940156 -0.24779834
v 0.00728264 -0.03794969 -0.24779834
v 0.00675893 -0.03668997 -0.24779834
v 0.01811000 -0.03133999 -0.24779834
v 0.01957432 -0.03109364 -0.24779834
v 0.01714185 -0.03246689 -0.24779834
v 0.01701880 -0.03395250 -0.24779834
v 0.01806981 -0.03533024 -0.24779834
v 0.01978483 -0.03558569 -0.24779834
v 0.02102309 -0.03476475 -0.24779834
v 0.02156015 -0.03324171 -0.24779834
v 0.02080969 -0.03167871 -0.24779834
v 0.02874410 -0.02201725 -0.24779834
v 0.03024087 -0.02113969 -0.24779834
v 0.02828614 -0.02316594 -0.24779834
v 0.02841767 -0.02427753 -0.24779834
v 0.02907424 -0.02517445 -0.24779834
v 0.03019787 -0.02570620 -0.24779834
v 0.03177650 -0.02538339 -0.24779834
v 0.03273214 -0.02408786 -0.24779834
v 0.03269729 -0.02272640 -0.24779834
v 0.03191078 -0.02161168 -0.24779834
v 0.03644987 -0.00779036 -0.24779834
v 0.03547945 -0.00845527 -0.24779834
v 0.03497422 -0.00944733 -0.24779834
v 0.03500742 -0.01069151 -0.24779834
v 0.03571827 -0.01170166 -0.24779834
v 0.03684191 -0.01223341 -0.24779834
v 0.03853587 -0.01185270 -0.24779834
v 0.03946716 -0.01024578 -0.24779834
v 0.03907465 -0.00868451 -0.24779834
v 0.03800156 -0.00784589 -0.24779834
v 0.03812352 0.00731001 -0.24779834
v 0.03694534 0.00693267 -0.24779834
v 0.03603672 0.00590895 -0.24779834
v 0.03605397 0.00405046 -0.24779835
v 0.03733745 0.00288510 -0.24779834
v 0.03869714 0.00280739 -0.24779834
v 0.03987299 0.00349916 -0.24779834
v 0.04048078 0.00512552 -0.24779834
v 0.03964489 0.00678407 -0.24779834
v -0.02113649 0.04518285 -0.24079834
v -0.02842614 0.04080364 -0.24079834
v -0.02110680 0.04424651 -0.24079812
v -0.02782781 0.04031163 -0.24079821
v 0.04080017 0.02841318 -0.24079834
v 0.04160433 0.02582145 -0.24079841
v 0.04486343 0.02110311 -0.24079834
v 0.04333603 0.02276951 -0.24079834
v 0.04024824 0.02786041 -0.24079834
v 0.04425307 0.02092802 -0.24079835
v 0.02840971 -0.04081312 -0.24079834
v 0.02104908 -0.04421617 -0.24079834
v 0.02443843 -0.04244524 -0.24079812
v 0.02785705 -0.04026792 -0.24079835
v -0.04519581 -0.02113302 -0.24079834
v -0.04081659 -0.02842267 -0.24079834
v -0.04224680 -0.02484114 -0.24079837
v -0.04026508 -0.02786987 -0.24079834
v -0.04426837 -0.02093528 -0.24079834
v 0.04131688 0.02901593 -0.25729874
v 0.04291589 0.02662596 -0.24279833
v 0.04119459 0.02914802 -0.24279833
v 0.04248451 0.02729990 -0.25729644
v 0.04451670 0.02385328 -0.25729832
v 0.04463605 0.02361463 -0.24279833
v 0.04576090 0.02133441 -0.24279833
v 0.04579500 0.02124400 -0.25730157
v 0.04472101 0.01991000 -0.24779834
v 0.04122672 0.01834592 -0.24779834
v 0.04127691 0.01837393 -0.25729901
v 0.04557419 0.02031090 -0.25731006
v 0.03960670 0.02877713 -0.24779834
v 0.04038449 0.02932496 -0.25729662
v 0.03651112 0.02653285 -0.24779834
v 0.03630480 0.02640871 -0.25729090
v 0.04313519 0.02536075 -0.25779834
v 0.03671359 0.02606415 -0.25779831
v 0.04069121 0.02891200 -0.25780278
v 0.04535641 0.02078352 -0.25780171
v -0.02111289 0.04501933 -0.23929678
v 0.04099568 0.02907086 -0.23929103
v 0.04435696 0.02108724 -0.23926497
v 0.03559234 0.02645442 -0.24779834
v 0.04073686 0.01768772 -0.25730029
v -0.01467584 -0.04673916 -0.24079834
v -0.01049369 -0.04860334 -0.24079834
v -0.01057176 -0.04784103 -0.24077651
v -0.01050226 -0.04866307 -0.23929502
v 0.02642194 -0.04122232 -0.24779834
v 0.02450704 -0.03785757 -0.24779834
v 0.02628249 -0.04094192 -0.24929798
v 0.02441267 -0.03765726 -0.24929105
v 0.02592534 -0.04275781 -0.24930148
v 0.02383246 -0.04394821 -0.24929225
v 0.02031464 -0.03988440 -0.24779834
v 0.02229907 -0.04324175 -0.24779834
v 0.02051521 -0.04015935 -0.24929973
v 0.02251005 -0.04355522 -0.24931176
v 0.02072233 -0.03957248 -0.24979836
v 0.02613358 -0.04183263 -0.24980101
v 0.02323369 -0.04358709 -0.24980402
v 0.02255577 -0.04349673 -0.24779834
v 0.02645065 -0.04187785 -0.24931322
v 0.04113134 0.02656021 -0.24779834
v 0.04334608 0.02277473 -0.24779834
v 0.03480300 0.01104634 -0.24779834
v -0.03587726 -0.01105582 -0.24779834
v 0.02732029 -0.02701578 -0.24779834
v 0.00373923 0.03575156 -0.24779834
v -0.03553436 0.00374271 -0.24779834
v -0.02701925 -0.02614619 -0.24779834
v 0.00748668 -0.03553089 -0.24779834
f 1 3 2
f 1 2 4
f 4 2 5
f 4 5 6
f 6 5 7
f 7 5 8
f 7 8 9
f 9 8 10
f 9 10 11
f 10 12 11
f 11 12 13
f 13 12 14
f 13 14 15
f 15 14 16
f 16 14 17
f 16 17 18
f 18 17 19
f 17 20 19
f 19 20 21
f 21 20 22
f 21 22 23
f 24 23 22
f 23 24 25
f 25 24 26
f 25 26 27
f 27 26 28
f 27 28 29
f 28 30 29
f 29 30 31
f 31 30 32
f 32 30 33
f 32 33 34
f 34 33 35
f 34 35 36
f 36 35 37
f 36 37 38
f 37 39 38
f 38 39 40
f 40 39 41
f 40 41 42
f 42 41 43
f 42 43 44
f 43 45 44
f 44 45 46
f 46 45 47
f 46 47 48
f 48 47 49
f 48 49 50
f 50 49 51
f 50 51 52
f 52 51 53
f 52 53 54
f 53 55 54
f 54 55 56
f 56 55 57
f 56 57 58
f 58 57 59
f 58 59 60
f 60 59 61
f 61 59 62
f 61 62 63
f 62 64 63
f 63 64 65
f 65 64 66
f 65 66 67
f 67 66 68
f 67 68 69
f 69 68 70
f 69 70 71
f 71 70 72
f 70 73 72
f 72 73 74
f 74 73 75
f 74 75 76
f 76 75 77
f 76 77 78
f 78 77 79
f 78 79 80
f 80 79 81
f 81 79 82
f 81 82 83
f 83 82 84
f 83 84 85
f 84 86 85
f 85 86 87
f 87 86 88
f 87 88 89
f 89 88 90
f 89 90 91
f 90 92 91
f 91 92 93
f 93 92 94
f 93 94 95
f 94 96 95
f 95 96 97
f 97 96 98
f 97 98 99
f 99 98 100
f 99 100 101
f 100 102 101
f 101 102 103
f 104 106 105
f 107 109 108
f 110 111 109
f 112 114 113
f 112 113 115
f 112 109 116
f 112 118 117
f 119 114 112
f 109 121 120
f 120 122 109
f 109 107 110
f 117 119 112
f 123 112 124
f 125 121 109
f 109 122 108
f 109 111 126
f 126 127 109
f 109 129 128
f 112 116 130
f 112 130 118
f 112 115 131
f 112 131 124
f 112 123 132
f 106 133 105
f 132 134 112
f 109 112 135
f 135 136 109
f 109 127 137
f 109 139 138
f 109 138 140
f 106 132 141
f 104 105 142
f 109 136 125
f 109 137 129
f 109 128 139
f 143 140 138
f 106 141 133
f 132 106 144
f 132 144 145
f 143 138 146
f 143 146 147
f 145 134 132
f 148 150 149
f 151 153 152
f 154 156 155
f 157 159 158
f 160 162 161
f 163 165 164
f 166 168 167
f 169 171 170
f 172 174 173
f 175 177 176
f 178 180 179
f 179 180 181
f 182 184 183
f 183 184 185
f 186 188 187
f 189 190 161
f 191 193 192
f 192 193 194
f 195 197 196
f 198 200 199
f 159 157 201
f 202 204 203
f 205 207 206
f 208 210 209
f 209 210 211
f 212 214 213
f 215 217 216
f 218 220 219
f 221 223 222
f 224 225 222
f 225 224 226
f 227 225 226
f 225 227 228
f 229 231 230
f 230 233 232
f 232 233 234
f 232 234 235
f 236 237 235
f 238 239 237
f 153 241 240
f 240 241 242
f 240 242 243
f 243 242 244
f 243 244 245
f 245 244 246
f 247 248 246
f 246 248 245
f 249 251 250
f 252 250 248
f 213 214 253
f 253 214 254
f 255 257 256
f 258 260 259
f 259 260 261
f 259 261 257
f 257 261 262
f 257 262 256
f 207 205 263
f 264 266 265
f 265 266 202
f 265 202 267
f 268 269 264
f 264 269 270
f 149 272 271
f 273 275 274
f 274 275 276
f 274 276 277
f 278 279 157
f 157 279 280
f 157 280 201
f 281 283 282
f 282 283 284
f 285 286 196
f 196 286 287
f 196 287 195
f 288 290 289
f 291 293 292
f 294 296 295
f 172 297 174
f 174 297 298
f 174 298 299
f 299 298 296
f 299 296 294
f 300 302 301
f 303 305 304
f 303 304 306
f 306 304 307
f 306 307 308
f 308 307 309
f 308 309 310
f 310 309 311
f 310 311 312
f 312 311 175
f 175 311 215
f 175 215 177
f 177 215 216
f 177 216 176
f 313 315 314
f 314 315 316
f 314 316 317
f 317 316 318
f 318 316 319
f 318 319 320
f 321 313 314
f 321 314 305
f 305 314 317
f 305 317 304
f 304 317 318
f 304 318 307
f 307 318 320
f 307 320 309
f 309 320 322
f 309 322 311
f 311 322 215
f 215 322 217
f 316 315 319
f 319 315 323
f 319 323 320
f 320 323 324
f 320 324 322
f 173 315 300
f 173 300 325
f 325 300 301
f 325 301 326
f 327 328 173
f 173 329 315
f 315 313 300
f 300 313 321
f 300 321 302
f 330 332 331
f 333 315 334
f 330 334 332
f 333 324 315
f 315 324 323
f 334 315 329
f 334 329 332
f 173 325 327
f 327 325 326
f 327 326 328
f 335 170 336
f 336 338 337
f 337 338 339
f 171 338 170
f 340 338 171
f 295 341 294
f 173 174 299
f 173 299 294
f 295 291 341
f 341 291 292
f 326 297 328
f 328 297 172
f 328 172 173
f 341 292 163
f 342 331 332
f 329 173 343
f 341 163 344
f 344 163 164
f 344 164 345
f 346 348 347
f 347 348 349
f 347 349 350
f 190 191 161
f 161 191 192
f 161 192 160
f 160 192 194
f 160 194 285
f 285 194 351
f 285 351 286
f 160 285 352
f 352 285 196
f 352 196 284
f 284 196 197
f 284 197 282
f 282 197 195
f 167 354 353
f 288 348 290
f 290 348 346
f 290 346 355
f 355 346 347
f 355 347 186
f 186 347 350
f 186 350 188
f 188 350 356
f 188 356 187
f 187 356 357
f 358 360 359
f 289 189 288
f 288 189 162
f 288 162 348
f 348 162 349
f 349 361 350
f 350 361 356
f 356 361 359
f 356 359 357
f 357 359 360
f 357 360 185
f 185 360 358
f 185 358 183
f 183 358 353
f 183 353 182
f 182 353 354
f 182 354 362
f 362 354 167
f 362 167 168
f 181 168 166
f 181 166 179
f 179 166 345
f 179 345 178
f 178 345 164
f 178 164 363
f 363 164 165
f 165 163 364
f 364 163 292
f 364 292 293
f 361 349 365
f 344 366 341
f 331 368 367
f 162 369 365
f 358 365 370
f 344 371 366
f 341 366 294
f 332 329 342
f 342 368 331
f 367 335 372
f 343 173 294
f 344 345 371
f 371 345 166
f 371 166 370
f 370 166 167
f 370 167 353
f 370 353 358
f 358 359 365
f 365 359 361
f 365 349 162
f 371 373 366
f 367 368 374
f 375 376 170
f 375 170 377
f 377 379 378
f 378 375 377
f 380 381 378
f 376 169 170
f 376 382 169
f 171 169 383
f 376 219 382
f 384 375 381
f 384 381 385
f 386 388 387
f 387 388 389
f 388 390 389
f 391 393 392
f 369 162 160
f 369 160 393
f 393 160 352
f 393 352 284
f 393 284 283
f 365 371 370
f 367 374 335
f 189 161 162
f 371 365 373
f 366 394 294
f 294 394 343
f 343 395 329
f 329 396 342
f 393 397 369
f 369 397 398
f 398 400 399
f 342 396 379
f 398 399 401
f 373 402 394
f 394 403 395
f 395 404 396
f 399 406 405
f 403 408 407
f 407 409 404
f 404 409 380
f 410 412 411
f 408 414 413
f 409 386 380
f 380 386 381
f 378 381 375
f 375 218 376
f 376 218 219
f 408 415 414
f 409 416 386
f 417 386 418
f 418 386 416
f 418 416 419
f 420 417 418
f 406 421 415
f 381 387 385
f 411 422 421
f 415 419 414
f 385 387 389
f 422 423 421
f 421 424 419
f 423 424 421
f 424 425 419
f 426 425 427
f 428 427 424
f 428 424 423
f 425 424 427
f 429 417 420
f 430 426 429
f 430 429 420
f 418 419 425
f 418 425 430
f 430 425 426
f 431 417 429
f 418 430 420
f 432 426 427
f 423 422 433
f 428 423 433
f 427 428 434
f 435 431 429
f 435 429 436
f 437 438 434
f 437 434 439
f 439 223 437
f 438 437 440
f 438 440 432
f 432 440 441
f 432 441 436
f 436 441 435
f 223 439 442
f 443 445 444
f 444 445 446
f 447 443 448
f 449 447 450
f 451 450 447
f 448 452 447
f 447 452 451
f 444 448 443
f 451 453 450
f 450 454 449
f 455 456 454
f 454 456 457
f 455 453 458
f 458 453 459
f 448 444 460
f 448 460 452
f 451 461 453
f 462 464 463
f 465 278 466
f 466 278 157
f 466 157 467
f 467 157 158
f 468 465 469
f 469 465 466
f 469 466 392
f 392 466 467
f 200 468 199
f 199 468 469
f 199 469 392
f 392 467 391
f 470 472 471
f 471 472 473
f 474 391 470
f 470 391 467
f 470 467 158
f 470 158 472
f 472 158 159
f 472 159 473
f 473 159 201
f 473 201 475
f 281 198 283
f 283 198 199
f 283 199 393
f 393 199 392
f 476 474 477
f 474 400 391
f 369 478 365
f 365 478 373
f 396 329 395
f 394 366 373
f 397 393 400
f 400 393 391
f 400 474 476
f 477 480 479
f 476 477 479
f 476 479 400
f 400 479 481
f 400 481 399
f 401 405 478
f 478 405 402
f 394 402 403
f 395 403 407
f 395 407 404
f 481 410 399
f 396 404 380
f 396 380 379
f 379 368 342
f 395 343 394
f 402 373 478
f 478 369 401
f 401 369 398
f 398 397 400
f 461 451 452
f 453 455 450
f 449 454 457
f 461 459 453
f 461 482 459
f 483 461 452
f 444 446 484
f 444 484 460
f 460 483 452
f 461 483 482
f 459 482 485
f 459 485 486
f 486 485 487
f 463 456 488
f 488 456 455
f 458 490 489
f 491 462 463
f 492 493 489
f 492 489 494
f 494 489 495
f 494 495 496
f 497 498 480
f 401 399 405
f 480 498 479
f 479 499 481
f 481 499 500
f 481 500 410
f 399 410 406
f 402 405 415
f 402 408 403
f 408 413 407
f 374 368 379
f 378 379 380
f 408 402 415
f 170 338 336
f 416 409 413
f 498 502 501
f 412 422 411
f 411 421 406
f 413 414 416
f 381 386 387
f 375 384 218
f 218 384 220
f 422 503 433
f 415 421 419
f 414 419 416
f 386 417 388
f 388 417 390
f 489 493 504
f 505 487 506
f 454 450 455
f 506 239 505
f 487 505 486
f 486 458 459
f 490 458 486
f 490 486 505
f 489 490 495
f 495 490 505
f 495 505 238
f 464 457 463
f 463 457 456
f 505 239 238
f 488 455 504
f 504 455 458
f 504 458 489
f 501 507 499
f 499 507 508
f 499 508 500
f 500 508 509
f 500 509 412
f 412 509 422
f 433 510 428
f 428 510 439
f 428 439 434
f 224 442 511
f 226 511 227
f 228 227 229
f 229 227 503
f 229 503 231
f 231 503 512
f 231 512 509
f 233 509 508
f 233 508 234
f 236 234 513
f 502 513 501
f 509 512 422
f 422 512 503
f 503 511 433
f 433 511 510
f 495 238 496
f 222 223 442
f 222 442 224
f 224 511 226
f 230 231 509
f 230 509 233
f 235 234 236
f 236 513 237
f 502 237 513
f 501 513 507
f 507 513 234
f 507 234 508
f 503 227 511
f 510 511 442
f 510 442 439
f 434 438 427
f 427 438 432
f 432 436 426
f 426 436 429
f 431 435 417
f 417 435 514
f 497 502 498
f 498 501 479
f 479 501 499
f 500 412 410
f 410 411 406
f 405 406 415
f 407 413 409
f 379 377 374
f 374 377 335
f 335 377 170
f 515 517 516
f 518 520 519
f 153 154 152
f 152 154 155
f 152 155 521
f 521 522 152
f 152 522 523
f 152 523 151
f 524 525 519
f 519 525 526
f 519 526 522
f 522 526 527
f 522 527 523
f 248 247 252
f 252 247 528
f 252 528 250
f 529 530 516
f 529 531 530
f 532 533 445
f 529 532 445
f 529 445 443
f 530 518 519
f 534 535 518
f 519 516 530
f 530 536 518
f 524 538 537
f 537 538 535
f 537 535 539
f 539 535 534
f 539 534 540
f 540 534 541
f 541 543 542
f 542 543 544
f 542 544 545
f 546 254 547
f 547 254 214
f 547 214 548
f 548 214 212
f 548 212 249
f 249 212 251
f 253 254 211
f 211 254 546
f 211 546 209
f 209 546 549
f 209 549 208
f 208 549 550
f 208 550 551
f 517 521 155
f 153 151 241
f 241 151 523
f 241 523 242
f 242 523 527
f 242 527 244
f 244 527 526
f 244 526 246
f 246 526 525
f 246 525 247
f 247 525 524
f 247 524 528
f 528 524 537
f 528 537 250
f 250 537 539
f 250 539 249
f 249 539 540
f 249 540 548
f 548 540 541
f 548 541 547
f 547 541 542
f 547 542 546
f 546 542 545
f 546 545 549
f 256 551 255
f 255 551 550
f 255 550 552
f 552 550 549
f 552 549 553
f 553 549 545
f 553 545 544
f 553 544 543
f 535 538 554
f 554 538 524
f 554 524 520
f 520 524 519
f 555 557 556
f 556 557 258
f 556 258 558
f 558 258 259
f 558 259 559
f 559 259 257
f 559 257 255
f 559 255 552
f 559 552 553
f 529 443 531
f 531 536 530
f 515 516 519
f 536 553 518
f 532 529 516
f 449 536 447
f 447 536 531
f 447 531 443
f 446 445 533
f 560 562 561
f 561 562 555
f 561 555 563
f 563 555 556
f 563 556 564
f 564 556 558
f 564 558 559
f 565 567 566
f 566 567 560
f 566 560 568
f 568 560 561
f 568 561 569
f 569 561 563
f 569 563 570
f 570 563 564
f 553 564 559
f 205 571 263
f 263 571 565
f 263 565 572
f 572 565 566
f 572 566 573
f 573 566 568
f 573 568 569
f 573 569 574
f 574 569 570
f 574 570 564
f 574 564 553
f 204 575 203
f 203 575 576
f 203 576 577
f 577 576 206
f 577 206 578
f 578 206 207
f 578 207 579
f 579 207 263
f 579 263 572
f 579 572 573
f 267 202 580
f 580 202 203
f 580 203 581
f 581 203 577
f 581 577 582
f 582 577 578
f 582 578 583
f 583 578 579
f 579 573 574
f 574 553 536
f 579 464 583
f 583 464 582
f 582 464 581
f 581 464 580
f 580 464 584
f 580 584 267
f 267 584 585
f 267 585 265
f 265 585 586
f 265 586 264
f 264 586 587
f 264 587 268
f 588 269 268
f 588 268 587
f 588 587 462
f 462 587 586
f 462 586 585
f 462 585 584
f 464 579 457
f 457 579 574
f 449 574 536
f 584 464 462
f 589 491 470
f 492 494 497
f 497 494 496
f 237 502 590
f 496 590 502
f 496 502 497
f 497 480 492
f 492 480 477
f 591 471 592
f 591 592 148
f 148 592 593
f 148 593 150
f 150 593 594
f 150 594 149
f 149 594 272
f 475 273 473
f 473 273 471
f 471 273 274
f 471 274 592
f 592 274 277
f 592 277 593
f 270 269 271
f 271 269 588
f 271 588 149
f 149 588 491
f 149 491 148
f 148 491 589
f 148 589 591
f 591 589 470
f 591 470 471
f 470 595 474
f 474 595 493
f 474 493 477
f 477 493 492
f 238 237 590
f 238 590 496
f 504 493 595
f 504 595 488
f 488 595 470
f 488 470 463
f 463 470 491
f 491 588 462
f 457 574 449
f 518 553 534
f 553 543 534
f 534 543 541
f 518 535 554
f 518 554 520
f 519 522 515
f 515 522 521
f 515 521 517
f 596 598 597
f 599 601 600
f 602 604 603
f 605 607 606
f 608 610 609
f 611 613 612
f 614 616 615
f 617 619 618
f 598 596 620
f 621 623 622
f 624 626 625
f 627 629 628
f 630 632 631
f 633 635 634
f 636 638 637
f 639 641 640
f 640 643 642
f 642 643 644
f 642 644 645
f 645 647 646
f 646 648 3
f 3 648 649
f 649 650 3
f 650 649 651
f 650 651 652
f 652 651 653
f 653 654 652
f 655 654 653
f 654 655 656
f 654 656 657
f 658 660 659
f 636 662 661
f 636 661 638
f 603 664 663
f 665 666 602
f 602 666 667
f 668 669 608
f 670 672 671
f 671 672 673
f 671 673 674
f 674 673 675
f 674 675 676
f 676 675 677
f 676 677 678
f 678 677 679
f 679 677 680
f 679 680 632
f 632 680 681
f 632 681 631
f 682 684 683
f 683 684 685
f 686 687 682
f 688 690 689
f 691 693 692
f 694 696 695
f 697 699 698
f 698 699 700
f 698 700 701
f 702 704 703
f 703 704 705
f 706 707 702
f 702 707 708
f 702 708 704
f 709 711 710
f 709 710 615
f 712 714 713
f 615 710 614
f 713 709 615
f 614 710 715
f 716 718 717
f 716 717 719
f 716 719 720
f 720 722 721
f 723 725 724
f 720 726 722
f 722 713 721
f 721 713 725
f 725 616 727
f 723 716 725
f 718 716 723
f 711 729 728
f 710 728 730
f 709 714 711
f 728 710 711
f 715 710 730
f 731 730 728
f 732 711 714
f 733 730 731
f 734 736 735
f 731 736 733
f 730 733 737
f 713 615 616
f 611 614 715
f 611 715 730
f 730 737 611
f 611 738 727
f 733 739 737
f 736 740 733
f 741 724 727
f 741 727 742
f 742 727 738
f 612 738 611
f 738 743 742
f 744 641 639
f 670 745 672
f 672 745 668
f 672 668 746
f 746 668 608
f 746 608 609
f 747 681 680
f 747 680 677
f 747 677 675
f 747 675 748
f 748 675 673
f 748 673 672
f 748 672 746
f 748 746 609
f 748 609 749
f 750 751 747
f 735 748 749
f 747 748 735
f 750 747 736
f 736 747 735
f 735 749 752
f 735 752 734
f 736 734 753
f 736 753 740
f 733 740 739
f 606 607 754
f 734 754 753
f 739 740 755
f 739 755 613
f 612 743 738
f 755 740 756
f 756 740 753
f 754 607 757
f 754 757 753
f 606 759 758
f 758 759 760
f 758 760 761
f 758 762 606
f 762 605 606
f 763 605 762
f 764 755 756
f 761 766 765
f 761 765 758
f 758 765 762
f 765 767 762
f 763 767 768
f 763 768 769
f 762 767 763
f 766 770 765
f 765 770 771
f 765 771 767
f 767 771 772
f 767 772 768
f 773 775 774
f 776 773 774
f 777 778 775
f 777 775 773
f 776 779 773
f 780 782 781
f 781 782 783
f 778 784 775
f 785 781 783
f 786 779 776
f 773 779 787
f 788 789 786
f 788 786 790
f 786 776 790
f 774 791 776
f 775 784 781
f 775 781 774
f 774 781 791
f 790 791 792
f 776 791 790
f 785 793 792
f 790 794 788
f 753 757 756
f 769 795 605
f 605 795 796
f 605 796 607
f 607 796 797
f 607 797 757
f 757 797 756
f 798 764 756
f 799 801 800
f 802 801 803
f 798 756 797
f 796 795 804
f 804 795 769
f 804 769 805
f 805 768 801
f 772 800 768
f 806 789 788
f 806 788 794
f 799 806 794
f 772 789 800
f 800 789 806
f 800 806 799
f 792 794 790
f 807 809 808
f 807 808 792
f 808 794 792
f 801 768 800
f 803 801 799
f 799 655 653
f 799 653 803
f 794 808 799
f 809 810 808
f 808 810 655
f 808 655 799
f 769 768 805
f 805 801 802
f 803 653 802
f 802 649 805
f 805 649 804
f 804 649 648
f 804 648 796
f 796 648 647
f 796 647 797
f 797 647 644
f 797 644 798
f 798 644 643
f 798 643 764
f 764 643 641
f 764 641 755
f 755 641 613
f 613 641 744
f 613 744 612
f 612 744 743
f 811 656 810
f 810 656 655
f 802 653 651
f 802 651 649
f 647 645 644
f 744 639 743
f 648 646 647
f 643 640 641
f 812 814 813
f 813 814 815
f 816 813 815
f 816 815 817
f 669 818 608
f 608 818 634
f 608 634 610
f 610 634 635
f 610 635 819
f 819 635 633
f 819 633 820
f 602 667 604
f 604 667 821
f 604 821 603
f 603 821 822
f 603 822 664
f 606 752 759
f 759 752 749
f 759 749 760
f 760 749 609
f 760 609 602
f 602 603 823
f 823 603 663
f 823 663 824
f 824 663 825
f 824 825 826
f 609 610 819
f 609 819 602
f 602 819 820
f 602 820 665
f 662 827 661
f 828 830 829
f 829 830 637
f 829 637 831
f 831 637 638
f 831 638 661
f 661 832 831
f 831 832 829
f 829 832 828
f 828 832 833
f 828 833 834
f 832 835 833
f 833 835 834
f 834 835 836
f 834 836 837
f 837 836 838
f 837 838 839
f 840 842 841
f 661 843 832
f 844 846 845
f 845 846 823
f 845 823 847
f 847 823 848
f 835 761 846
f 846 761 823
f 832 843 835
f 836 835 846
f 836 846 838
f 838 846 844
f 838 844 839
f 839 844 845
f 839 845 849
f 849 845 847
f 849 847 826
f 826 847 848
f 826 848 824
f 824 848 823
f 602 823 760
f 850 851 842
f 827 841 852
f 827 852 661
f 835 843 761
f 842 854 853
f 842 853 841
f 841 853 852
f 661 852 843
f 812 813 855
f 851 854 842
f 854 855 853
f 813 853 855
f 852 856 843
f 813 857 853
f 843 856 766
f 843 766 761
f 823 761 760
f 858 860 859
f 861 863 862
f 862 865 864
f 659 866 658
f 658 868 867
f 867 868 869
f 869 865 870
f 869 868 865
f 658 866 868
f 868 866 871
f 872 864 865
f 873 865 868
f 873 868 871
f 857 813 816
f 816 817 859
f 874 857 816
f 853 875 852
f 852 876 856
f 856 876 877
f 856 877 766
f 766 877 770
f 860 816 859
f 857 874 875
f 875 878 876
f 876 878 877
f 877 878 787
f 877 787 770
f 770 787 779
f 771 779 786
f 789 771 786
f 876 852 875
f 875 777 878
f 878 773 787
f 878 777 773
f 879 777 875
f 879 875 880
f 860 874 816
f 863 881 862
f 862 870 865
f 871 882 873
f 883 884 864
f 883 864 872
f 880 864 884
f 858 861 862
f 885 862 864
f 858 862 885
f 886 885 864
f 886 864 880
f 880 884 879
f 886 858 885
f 883 887 884
f 887 888 778
f 860 858 886
f 874 886 880
f 860 886 874
f 882 889 873
f 865 873 872
f 884 887 879
f 890 887 883
f 883 872 873
f 778 888 784
f 781 785 791
f 888 887 890
f 891 892 890
f 890 883 891
f 883 873 893
f 893 891 883
f 894 780 784
f 782 780 892
f 892 780 894
f 888 894 784
f 894 888 892
f 892 888 890
f 784 780 781
f 791 785 792
f 889 893 873
f 879 887 778
f 879 778 777
f 880 875 874
f 895 897 896
f 898 896 897
f 899 900 898
f 901 902 898
f 898 897 899
f 903 898 904
f 904 898 900
f 902 896 898
f 902 901 726
f 720 719 905
f 726 905 902
f 902 905 906
f 719 907 905
f 725 713 616
f 727 616 614
f 727 614 611
f 611 737 613
f 613 737 739
f 754 734 752
f 754 752 606
f 727 724 725
f 716 721 725
f 712 726 903
f 908 903 904
f 903 908 712
f 908 714 712
f 908 732 714
f 713 714 709
f 722 726 712
f 722 712 713
f 705 618 703
f 703 618 619
f 703 619 596
f 596 619 617
f 596 617 620
f 700 909 701
f 701 909 910
f 624 911 626
f 626 911 622
f 626 622 625
f 625 622 623
f 912 913 732
f 908 912 732
f 906 895 896
f 904 900 599
f 904 599 912
f 912 914 913
f 913 914 915
f 913 911 729
f 599 900 916
f 599 916 601
f 601 916 706
f 601 706 600
f 600 706 702
f 600 702 917
f 917 702 703
f 917 703 918
f 918 703 596
f 918 596 913
f 913 596 597
f 913 910 911
f 732 913 729
f 694 919 911
f 691 628 920
f 920 628 629
f 920 629 921
f 694 695 919
f 919 695 627
f 919 627 911
f 911 627 628
f 911 628 691
f 909 922 910
f 910 922 621
f 910 621 622
f 910 622 911
f 911 691 751
f 624 696 911
f 911 696 694
f 620 923 598
f 598 923 697
f 598 697 597
f 597 697 698
f 597 698 913
f 913 698 701
f 913 701 910
f 686 751 691
f 686 691 688
f 688 691 692
f 688 692 690
f 691 920 693
f 693 920 921
f 693 921 692
f 912 599 600
f 912 600 914
f 914 600 917
f 914 917 915
f 915 917 918
f 915 918 913
f 682 683 686
f 751 728 729
f 750 728 751
f 747 751 686
f 747 686 681
f 681 686 683
f 681 683 631
f 631 683 685
f 631 685 630
f 906 896 902
f 901 898 903
f 729 911 751
f 686 688 687
f 687 688 689
f 687 689 682
f 741 723 724
f 721 716 720
f 720 905 726
f 903 726 901
f 908 904 912
f 711 732 729
f 731 728 750
f 731 750 736
f 605 763 769
f 789 772 771
f 779 771 770
f 875 853 857
f 858 859 924
f 858 924 861
f 925 927 926
f 220 929 928
f 930 932 931
f 440 934 933
f 935 937 936
f 938 940 939
f 940 942 941
f 943 945 944
f 946 947 945
f 948 950 949
f 951 952 950
f 953 954 952
f 955 942 954
f 935 936 956
f 957 959 958
f 223 221 934
f 440 437 934
f 437 223 934
f 960 934 221
f 960 221 961
f 933 441 440
f 962 964 963
f 963 964 965
f 966 965 967
f 966 967 968
f 969 968 970
f 971 973 972
f 974 976 975
f 976 973 971
f 977 978 974
f 977 974 975
f 979 971 980
f 981 978 977
f 979 982 971
f 981 984 983
f 985 986 979
f 979 987 982
f 988 989 984
f 990 988 977
f 981 988 984
f 979 986 987
f 987 991 990
f 990 991 988
f 992 993 986
f 991 995 994
f 991 994 996
f 991 996 997
f 987 995 991
f 989 991 997
f 989 997 998
f 986 993 999
f 1000 1002 1001
f 1001 1004 1003
f 973 1005 972
f 972 1005 1006
f 972 1006 1000
f 1000 1006 1002
f 1007 1000 1008
f 975 976 982
f 982 976 971
f 971 972 980
f 980 972 1000
f 980 1000 1007
f 1000 1001 1008
f 1008 1001 1009
f 1009 1001 1003
f 977 975 990
f 1009 1003 1010
f 981 977 988
f 985 980 1007
f 989 988 991
f 992 986 985
f 1011 1012 1008
f 1011 1008 1009
f 1011 1009 1013
f 1013 1009 1010
f 998 984 989
f 990 982 987
f 992 985 1007
f 992 1007 1012
f 1012 1007 1008
f 990 975 982
f 979 980 985
f 999 1014 995
f 995 1014 994
f 996 994 959
f 996 959 997
f 1014 958 994
f 994 958 959
f 1015 1016 993
f 993 1017 999
f 999 1017 1014
f 1016 1018 1017
f 1017 1018 958
f 1017 958 1014
f 1016 1019 1018
f 1016 967 1019
f 1020 1021 963
f 1021 1023 1022
f 932 930 970
f 930 1024 970
f 960 961 1021
f 435 441 1025
f 1026 1025 933
f 1026 933 1027
f 1027 960 1020
f 1020 960 1021
f 1021 961 1023
f 514 435 1025
f 514 1026 970
f 970 1026 969
f 1028 1020 966
f 966 1020 963
f 963 1021 1022
f 514 1025 1026
f 969 1026 1027
f 969 1027 1028
f 1028 1027 1020
f 970 1024 514
f 514 1024 417
f 933 934 1027
f 1027 934 960
f 929 930 931
f 1024 930 390
f 1024 390 417
f 968 969 1028
f 968 1028 966
f 966 963 965
f 963 1022 962
f 1017 993 1016
f 1013 1010 1029
f 1030 1011 1013
f 1031 1016 1015
f 1031 1015 1032
f 1032 1015 1011
f 1032 1011 1030
f 1033 1030 1013
f 1033 1013 931
f 931 1013 1029
f 930 929 389
f 930 389 390
f 929 220 389
f 220 384 389
f 389 384 385
f 1034 219 928
f 928 219 220
f 931 928 929
f 995 987 999
f 999 987 986
f 993 992 1015
f 1015 992 1012
f 1015 1012 1011
f 441 933 1025
f 1035 659 1036
f 1037 1039 1038
f 1038 1035 1036
f 1037 1041 1040
f 1037 1040 1042
f 1043 219 1034
f 1029 1034 928
f 1029 928 931
f 1033 931 932
f 1019 964 1018
f 1018 964 962
f 1018 962 957
f 1030 1033 932
f 1030 932 1032
f 1031 1032 967
f 1031 967 1016
f 1018 957 958
f 1044 1046 1045
f 964 1019 965
f 965 1019 967
f 968 967 1032
f 968 1032 970
f 970 1032 932
f 1047 169 382
f 383 1047 1045
f 383 1045 1048
f 1048 1045 1046
f 1048 1046 1049
f 1049 1046 1050
f 169 1047 383
f 1042 1040 1049
f 1049 1040 1048
f 1048 1040 383
f 383 1041 171
f 1042 1039 1037
f 1037 340 1041
f 1041 340 171
f 1040 1041 383
f 1038 1036 340
f 1038 340 1037
f 339 1036 659
f 1036 339 338
f 1036 338 340
f 339 659 1051
f 926 893 889
f 882 871 1052
f 1052 871 1053
f 1054 1049 1055
f 1054 1055 925
f 1044 1010 1056
f 1050 1056 1004
f 871 866 1053
f 1053 866 1035
f 1035 866 659
f 889 882 1052
f 1038 1057 1035
f 1052 1053 1057
f 1058 1052 1057
f 1057 1038 1039
f 1057 1039 1042
f 1057 1053 1035
f 1034 1029 1044
f 1044 1029 1010
f 1010 1003 1056
f 1056 1003 1004
f 811 810 809
f 807 792 793
f 954 953 955
f 1059 809 807
f 1059 807 793
f 793 785 1060
f 1060 785 783
f 1061 1062 946
f 1063 1065 1064
f 1064 1065 1066
f 1064 1066 1061
f 1067 1069 1068
f 1062 1070 949
f 1062 949 947
f 1071 1069 1067
f 1068 1072 1063
f 1063 1072 1065
f 1066 1070 1061
f 1061 1070 1062
f 811 944 656
f 656 944 657
f 892 891 1073
f 1074 889 1052
f 1074 1052 1058
f 1073 893 926
f 1073 891 893
f 926 889 925
f 1075 1073 1076
f 1075 892 1073
f 1076 1073 927
f 925 1074 1054
f 1073 926 927
f 925 889 1074
f 1054 1074 1058
f 1069 1077 1068
f 1069 1078 1077
f 1065 1079 1066
f 1066 1079 1070
f 1070 948 949
f 1071 1080 1069
f 1072 1081 1065
f 1065 1082 1079
f 1079 951 948
f 948 951 950
f 1065 1081 1082
f 1082 953 951
f 951 953 952
f 1083 1084 1080
f 1085 1086 1083
f 1071 1083 1080
f 1069 1080 1078
f 1072 1077 1081
f 1068 1077 1072
f 1083 1086 1084
f 1079 1082 951
f 811 809 943
f 943 809 1059
f 1060 783 1067
f 1067 783 1087
f 1087 782 892
f 1087 892 1075
f 1088 1075 1076
f 1089 1076 927
f 1090 1085 1091
f 946 1062 947
f 1092 1090 1091
f 1092 1071 1093
f 1067 1068 1060
f 1061 946 943
f 1089 927 1094
f 1064 1059 793
f 1063 793 1060
f 1093 1088 1095
f 1094 1090 1089
f 1089 1090 1092
f 1087 1093 1067
f 943 946 945
f 1093 1087 1088
f 1092 1091 1071
f 1093 1071 1067
f 1060 1068 1063
f 944 811 943
f 1087 1075 1088
f 1095 1088 1076
f 1095 1076 1089
f 1091 1085 1083
f 1091 1083 1071
f 1070 1079 948
f 925 1094 927
f 782 1087 783
f 955 953 1082
f 941 942 955
f 1096 955 1082
f 1096 1082 1081
f 941 955 1096
f 939 940 941
f 1097 1096 1081
f 1098 1097 1077
f 1098 1077 1078
f 939 941 1096
f 1099 939 1096
f 1099 1096 1097
f 1078 1080 1100
f 1078 1100 1098
f 1097 1098 1101
f 937 938 1102
f 1102 938 939
f 1103 1099 1097
f 1103 1097 1101
f 1077 1097 1081
f 1102 939 1099
f 1103 1102 1099
f 1104 1103 1101
f 1105 1101 1100
f 1105 1100 1106
f 936 937 1102
f 1107 1102 1103
f 1108 1103 1104
f 936 1102 1107
f 1109 1108 1104
f 1110 1104 1105
f 1110 1105 1111
f 1101 1098 1100
f 1106 1100 1080
f 1106 1080 1084
f 1106 1084 1112
f 1086 1085 1113
f 1113 1085 1090
f 1112 1084 1086
f 1107 1103 1108
f 1104 1101 1105
f 1111 1105 1106
f 1113 1115 1114
f 1106 1116 1111
f 925 1055 1094
f 1094 1055 1117
f 1094 1117 1118
f 1094 1118 1090
f 1090 1118 1113
f 1086 1113 1114
f 1086 1114 1112
f 1112 1114 1116
f 1112 1116 1106
f 1119 956 936
f 1120 936 1107
f 1109 1107 1108
f 1121 1109 1104
f 1120 1119 936
f 1122 956 1119
f 1123 1120 1109
f 1124 1122 1119
f 1124 1119 1120
f 1121 1123 1109
f 1125 1121 1110
f 1124 1120 1123
f 976 1123 1121
f 978 1124 1123
f 974 1123 976
f 981 983 1126
f 981 1126 978
f 976 1125 973
f 1120 1107 1109
f 1121 1104 1110
f 1127 1114 1115
f 1125 1110 1111
f 1125 1111 1128
f 1128 1111 1116
f 1128 1116 1114
f 1128 1114 1127
f 1115 1113 1118
f 1122 1124 1126
f 1117 1055 1050
f 1117 1050 1004
f 1118 1004 1001
f 1118 1001 1115
f 1115 1001 1002
f 1115 1002 1127
f 1127 1006 1128
f 1128 1006 1005
f 1128 1005 1125
f 1004 1118 1117
f 1127 1002 1006
f 1125 1005 973
f 1121 1125 976
f 1123 974 978
f 1124 978 1126
f 1089 1092 1095
f 1095 1092 1093
f 1063 1064 793
f 1059 1064 1061
f 1059 1061 943
f 1034 1044 1043
f 1043 1047 219
f 1050 1046 1056
f 1056 1046 1044
f 1044 1045 1043
f 1043 1045 1047
f 219 1047 382
f 1058 1057 1042
f 1058 1042 1054
f 1054 1042 1049
f 1055 1049 1050
f 1129 487 485
f 485 482 1130
f 484 1130 483
f 1130 1129 485
f 506 1132 1131
f 1133 239 1131
f 1131 239 506
f 487 1129 1132
f 1132 506 487
f 1130 482 483
f 483 460 484
f 1134 235 237
f 1134 237 1135
f 237 239 1136
f 1135 237 1136
f 1137 232 235
f 1137 235 1134
f 230 232 102
f 230 102 229
f 232 1138 102
f 1139 1138 232
f 1137 1139 232
f 1136 1133 1140
f 1136 1140 1135
f 239 1133 1136
f 96 225 98
f 225 228 98
f 225 96 94
f 225 94 222
f 221 88 961
f 998 64 984
f 1122 53 956
f 94 92 222
f 222 92 90
f 222 90 221
f 88 1023 961
f 77 957 962
f 62 59 984
f 984 59 983
f 49 956 51
f 51 956 53
f 959 70 997
f 100 229 102
f 229 98 228
f 229 100 98
f 221 90 88
f 86 84 1023
f 86 1023 88
f 84 1022 1023
f 1022 84 82
f 82 79 962
f 82 962 1022
f 962 79 77
f 77 75 957
f 75 73 957
f 70 959 73
f 73 959 957
f 68 997 70
f 997 68 998
f 66 998 68
f 66 64 998
f 64 62 984
f 59 1126 983
f 59 57 1126
f 1126 57 55
f 1126 55 1122
f 55 53 1122
f 1141 645 646
f 1142 640 642
f 639 640 1142
f 1143 743 639
f 742 743 1144
f 1144 743 1145
f 1145 743 1143
f 742 1144 741
f 1144 1146 741
f 741 1146 1147
f 723 1148 718
f 718 1148 717
f 741 1147 723
f 723 1147 1148
f 642 1141 1149
f 639 1151 1150
f 1142 1151 639
f 642 1149 1142
f 1145 1143 1150
f 1150 1143 639
f 1141 642 645
f 1152 1141 646
f 1152 646 3
f 2 3 650
f 2 650 5
f 650 652 1153
f 5 1153 8
f 1153 652 654
f 654 10 1153
f 8 1153 10
f 10 657 12
f 10 654 657
f 12 657 14
f 20 949 22
f 28 954 30
f 35 940 37
f 45 937 935
f 935 49 47
f 49 935 956
f 14 944 945
f 945 947 20
f 20 947 949
f 22 949 950
f 22 950 24
f 24 950 952
f 28 952 954
f 33 942 940
f 37 940 938
f 37 938 39
f 39 938 41
f 41 938 937
f 43 41 937
f 43 937 45
f 47 45 935
f 5 650 1153
f 657 944 14
f 17 14 945
f 17 945 20
f 24 952 26
f 26 952 28
f 30 954 942
f 30 942 33
f 35 33 940
f 1154 1156 1155
f 1157 1158 1155
f 1159 1160 1157
f 1161 1163 1162
f 1164 1166 1165
f 1167 1169 1168
f 1168 1171 1170
f 1172 1174 1173
f 1172 1173 1175
f 1176 1177 1175
f 1175 1173 1176
f 1159 1179 1178
f 1159 1178 1174
f 1174 1178 1180
f 1174 1180 1173
f 1161 1173 1180
f 1178 1179 1181
f 1176 1173 1161
f 1182 1161 1180
f 1182 1180 1183
f 1183 1180 1178
f 1184 1169 1185
f 1185 1169 1186
f 1186 1188 1187
f 1187 1188 1189
f 1187 1189 1190
f 1169 1167 1188
f 1183 1187 1182
f 1182 1187 1190
f 1181 1184 1185
f 1181 1185 1178
f 1178 1185 1183
f 1183 1185 1186
f 1183 1186 1187
f 1191 1193 1192
f 1191 1192 1190
f 1191 1190 1189
f 1190 1192 1182
f 1182 1192 1194
f 1195 1191 1189
f 1166 1195 1196
f 1195 1197 1196
f 1188 1197 1195
f 1195 1166 1191
f 1191 1166 1164
f 1198 1193 1191
f 1164 1199 1198
f 1182 1194 1163
f 1182 1163 1161
f 1186 1169 1188
f 1198 1191 1164
f 1189 1188 1195
f 1200 1202 1201
f 1181 1203 1184
f 1204 1205 1202
f 1201 1206 1200
f 1200 1204 1202
f 1170 1171 1204
f 1204 1171 1205
f 1170 1204 1200
f 1207 1205 1171
f 1207 1171 1208
f 1208 1171 1168
f 1203 1207 1184
f 1184 1207 1208
f 1184 1208 1168
f 1184 1168 1169
f 1200 1206 1209
f 1157 1179 1159
f 1201 1202 1210
f 1156 1207 1155
f 1207 1203 1155
f 1179 1203 1181
f 1157 1155 1203
f 1157 1203 1179
f 1156 1205 1207
f 1205 1156 1202
f 1202 1156 1210
f 1211 1206 1201
f 1212 1214 1213
f 1215 1217 1216
f 1160 1219 1218
f 1220 1221 1214
f 1222 1223 1221
f 1224 1226 1225
f 1224 1225 1227
f 881 1229 1228
f 1228 1229 1230
f 1212 1232 1231
f 1233 1232 1212
f 1220 1214 1212
f 1212 1213 1233
f 1234 1228 1235
f 1234 1235 1236
f 1237 1239 1238
f 1238 1239 1240
f 1241 1240 1231
f 1236 1235 1242
f 1236 1242 1237
f 1237 1242 1239
f 1239 1243 1240
f 1240 1243 1231
f 1231 1243 1220
f 1231 1220 1212
f 1235 1245 1244
f 1235 1244 1246
f 1235 1246 1242
f 1242 1246 1247
f 1242 1247 1239
f 1239 1247 1243
f 1243 1247 1248
f 1243 1248 1220
f 1246 1249 1222
f 1246 1222 1247
f 1247 1222 1250
f 1247 1250 1248
f 1248 1250 1220
f 1244 1249 1246
f 1250 1221 1220
f 1249 1223 1222
f 1222 1221 1250
f 1249 1251 1223
f 1244 1245 1252
f 1245 1235 1228
f 1245 1253 1252
f 1252 1227 1244
f 1244 1227 1225
f 1251 1225 1226
f 1254 1215 1216
f 1255 1234 1254
f 1256 1255 1254
f 1257 881 1255
f 1228 1230 1245
f 1244 1225 1249
f 1249 1225 1251
f 1255 881 1228
f 1245 1230 1253
f 1253 1230 1258
f 1259 1260 1219
f 1219 1260 1218
f 1261 1262 1241
f 1263 1264 1231
f 1233 1265 1263
f 1263 1231 1232
f 1261 1241 1266
f 1154 1266 1264
f 1154 1264 1267
f 1215 1254 1268
f 1215 1268 1260
f 1262 1238 1241
f 1216 1256 1254
f 1260 1268 1237
f 1260 1237 1218
f 1231 1264 1266
f 1231 1266 1241
f 1240 1241 1238
f 1237 1238 1218
f 1234 1255 1228
f 1234 1236 1268
f 1268 1236 1237
f 1254 1234 1268
f 1259 1215 1260
f 1262 1218 1238
f 1233 1263 1232
f 1159 1269 1160
f 1211 1201 1265
f 1267 1263 1265
f 1211 1265 1233
f 1265 1201 1267
f 1267 1201 1210
f 1267 1264 1263
f 1267 1210 1156
f 1267 1156 1154
f 1154 1155 1261
f 1261 1266 1154
f 1261 1155 1158
f 1158 1262 1261
f 1157 1270 1158
f 1262 1158 1270
f 1157 1160 1270
f 1262 1270 1218
f 1218 1270 1160
f 1219 1160 1269
f 1269 1259 1219
f 1269 1271 1259
f 1259 1271 1272
f 1259 1272 1215
f 1159 1174 1269
f 1269 1174 1271
f 1271 1174 1172
f 1271 1172 1272
f 1272 1172 1175
f 1175 1217 1272
f 1272 1217 1215
f 1217 1175 1177
f 1217 1177 1273
f 1216 1217 1273
f 1216 1273 1274
f 1164 1165 176
f 1177 1276 1275
f 1275 1276 339
f 1276 337 339
f 1276 1177 1176
f 1276 1176 1277
f 1277 1176 1161
f 1277 1161 1278
f 1278 336 1277
f 1277 336 337
f 1277 337 1276
f 1162 1278 1161
f 1162 335 1278
f 1278 335 336
f 1162 372 335
f 1162 1163 372
f 372 1163 1194
f 372 1194 1279
f 367 372 1279
f 367 1279 331
f 1192 1280 1279
f 1192 1279 1194
f 1280 331 1279
f 1281 330 1280
f 1280 330 331
f 1280 1192 1193
f 1280 1193 1281
f 1281 1193 1198
f 1281 1198 333
f 333 1198 1199
f 333 334 1281
f 1281 334 330
f 333 1199 324
f 324 1199 1164
f 324 1164 322
f 1164 176 216
f 1164 216 217
f 1164 217 322
f 1274 1283 1282
f 1274 1282 1216
f 1216 1282 1256
f 1284 1256 1285
f 1257 1255 1284
f 1284 1255 1256
f 1253 1258 1286
f 1253 1288 1287
f 1253 1287 1252
f 1252 1289 1227
f 1227 1289 1224
f 1226 1224 1290
f 1226 1290 1291
f 1226 1291 1251
f 1283 660 1282
f 1282 660 658
f 1282 658 1285
f 1282 1285 1256
f 658 867 1285
f 1285 867 1284
f 1284 867 869
f 1284 869 1257
f 1257 869 870
f 1257 870 881
f 881 870 862
f 1229 881 863
f 1229 863 1286
f 1229 1286 1230
f 1230 1286 1258
f 863 861 1286
f 861 924 1286
f 1286 924 1288
f 1286 1288 1253
f 1288 924 859
f 1288 859 1287
f 1287 859 817
f 1287 817 1289
f 1287 1289 1252
f 1289 817 1224
f 1224 817 815
f 814 1291 1290
f 814 1290 1224
f 814 1224 815
f 1292 1293 1274
f 1293 1294 1274
f 1274 1294 1283
f 1283 1294 660
f 660 1294 1295
f 1295 1296 660
f 1296 1295 1297
f 1296 1298 660
f 1299 1300 660
f 1300 1301 660
f 660 1301 659
f 1302 1297 1303
f 1302 1303 1304
f 1297 1302 1305
f 1297 1305 1296
f 1051 1306 339
f 339 1306 1307
f 339 1307 1308
f 339 1308 1275
f 1275 1308 1309
f 1275 1309 1310
f 1311 1310 1312
f 1311 1312 1313
f 1314 1275 1310
f 1314 1310 1311
f 1314 1315 1275
f 1275 1315 1177
f 1177 1315 1316
f 1177 1316 1317
f 1177 1317 1318
f 1177 1318 1319
f 1177 1319 1273
f 1274 1273 1292
f 1292 1273 1319
f 1311 1313 1304
f 1304 1313 1302
f 1051 659 1301
f 1206 1211 1213
f 1213 1211 1233
f 1320 1322 1321
f 1323 1321 1324
f 1325 1321 1322
f 1209 1206 1213
f 1209 1213 1326
f 1209 1326 1327
f 1327 1326 1328
f 1327 1328 1329
f 1327 1329 1330
f 1330 1329 1331
f 1330 1331 1332
f 1332 1331 1333
f 1333 1331 1334
f 1333 1334 1335
f 1335 1334 1336
f 1335 1336 1337
f 1337 1336 1338
f 1337 1338 1339
f 1339 1338 1340
f 1339 1340 1341
f 1341 1340 1342
f 1341 1342 1343
f 1343 1342 1344
f 1344 1342 1345
f 1344 1345 1346
f 1346 1345 1347
f 1346 1347 1348
f 1348 1347 1349
f 1348 1349 1350
f 1350 1349 1351
f 1350 1351 1352
f 1352 1351 1353
f 1352 1353 1354
f 1354 1353 1355
f 1354 1355 1356
f 1356 1355 1357
f 1356 1357 1358
f 1358 1357 1359
f 1358 1359 1360
f 1360 1359 1361
f 1361 1359 1362
f 1361 1362 1363
f 1363 1362 1364
f 1363 1364 1365
f 1363 1365 1366
f 1366 1365 1367
f 1366 1367 1368
f 1368 1367 1369
f 1368 1369 1370
f 1370 1369 1371
f 1370 1371 1372
f 1372 1371 1373
f 1372 1373 1374
f 1374 1373 1375
f 1374 1375 1376
f 1374 1376 1377
f 1377 1376 1324
f 1377 1324 1325
f 1325 1324 1321
f 1378 1380 1379
f 1381 1383 1382
f 1381 1382 1384
f 1385 1386 1384
f 1387 1389 1388
f 1388 1389 1390
f 1388 1392 1391
f 1393 1395 1394
f 1396 1393 1397
f 1398 1397 1399
f 1400 1402 1401
f 1400 1401 1403
f 1403 1401 1399
f 1397 1405 1404
f 1406 1396 1398
f 1394 1407 1405
f 1404 1405 1408
f 1409 1404 1410
f 1378 1400 1403
f 1409 1403 1399
f 1409 1399 1397
f 1396 1406 1393
f 1406 1411 1393
f 1398 1396 1397
f 1412 1414 1413
f 1415 1413 1407
f 1415 1407 1416
f 1412 1417 1414
f 1414 1417 1408
f 1413 1415 1412
f 1417 1418 1404
f 1417 1404 1408
f 1379 1410 1419
f 1419 1410 1418
f 1419 1418 1417
f 1404 1418 1410
f 1409 1380 1403
f 1378 1403 1380
f 1420 1422 1421
f 1423 1425 1424
f 1426 1427 1416
f 1427 1428 1416
f 1415 1416 1428
f 1412 1415 1383
f 1429 1431 1430
f 1429 1430 1432
f 1431 1433 1427
f 1427 1433 1434
f 1417 1412 1419
f 1419 1412 1381
f 1383 1381 1412
f 1428 1383 1415
f 1421 1435 1420
f 1420 1435 1392
f 1425 1389 1432
f 1389 1425 1390
f 1390 1420 1392
f 1435 1437 1436
f 1438 1436 1437
f 1392 1435 1436
f 1392 1436 1391
f 1388 1390 1392
f 1389 1387 1439
f 1439 1387 1386
f 1385 1433 1432
f 1432 1433 1429
f 1383 1428 1382
f 1382 1428 1434
f 1433 1440 1434
f 1434 1440 1382
f 1439 1385 1432
f 1439 1432 1389
f 1384 1440 1385
f 1385 1440 1433
f 1382 1440 1384
f 1441 1443 1442
f 1443 1444 1421
f 1445 1447 1446
f 1446 1442 1448
f 1445 1449 1447
f 1448 1442 1422
f 1422 1420 1390
f 1430 1425 1432
f 1445 1446 1450
f 1450 1446 1448
f 1451 1448 1452
f 1428 1427 1434
f 1452 1448 1423
f 1452 1423 1424
f 1424 1425 1430
f 1429 1433 1431
f 1390 1423 1422
f 1422 1423 1448
f 1449 1453 1447
f 1447 1454 1446
f 1446 1454 1442
f 1442 1443 1422
f 1422 1443 1421
f 1423 1390 1425
f 1385 1439 1386
f 1455 1457 1456
f 1456 1457 1458
f 1459 1456 1458
f 1458 1457 1460
f 1461 1462 1450
f 1462 1459 1450
f 1450 1459 1458
f 1451 1461 1450
f 1461 1451 1463
f 1431 1427 1426
f 1431 1426 1430
f 1430 1426 1424
f 1463 1451 1424
f 1463 1424 1426
f 1464 1426 1416
f 1460 1445 1450
f 1450 1448 1451
f 1451 1452 1424
f 1450 1458 1460
f 1465 1460 1466
f 1459 1462 1395
f 1459 1395 1456
f 1463 1464 1461
f 1462 1467 1395
f 1456 1395 1411
f 1462 1464 1467
f 1395 1467 1394
f 1414 1405 1413
f 1413 1405 1407
f 1407 1394 1467
f 1407 1467 1464
f 1416 1407 1464
f 1461 1464 1462
f 1411 1395 1393
f 1409 1397 1404
f 1405 1397 1393
f 1405 1393 1394
f 1449 1445 1465
f 1379 1380 1410
f 1380 1409 1410
f 1408 1405 1414
f 1426 1464 1463
f 1445 1460 1465
f 1468 1470 1469
f 1471 1473 1472
f 1472 1473 1474
f 1472 1474 1475
f 1476 1477 1475
f 1478 1480 1479
f 1478 1481 1480
f 1482 1484 1483
f 1483 1484 1485
f 1483 1485 1486
f 1487 1489 1488
f 1490 1489 1491
f 1490 1491 1492
f 1489 1487 1493
f 1489 1494 1491
f 1495 1497 1496
f 1492 1498 1497
f 1495 1492 1497
f 1497 1498 1499
f 1500 1502 1501
f 1502 1500 1503
f 1504 1506 1505
f 1507 1509 1508
f 1510 1506 1504
f 1510 1504 1511
f 1504 1512 1511
f 1513 1515 1514
f 1516 1517 1513
f 1513 1517 1518
f 1519 1520 1517
f 1517 1516 1519
f 1519 1516 1476
f 1514 1516 1513
f 1516 1514 1476
f 1476 1514 1477
f 1508 1511 1521
f 1511 1512 1521
f 1510 1509 1506
f 1506 1509 1497
f 1509 1510 1508
f 1508 1510 1511
f 1522 1507 1523
f 1524 1525 1470
f 1508 1521 1526
f 1526 1521 1527
f 1527 1525 1526
f 1508 1526 1523
f 1508 1523 1507
f 1496 1528 1495
f 1495 1528 1529
f 1525 1524 1526
f 1526 1524 1530
f 1526 1530 1523
f 1522 1531 1507
f 1507 1531 1532
f 1507 1532 1496
f 1507 1496 1509
f 1509 1496 1497
f 1497 1499 1506
f 1533 1520 1519
f 1533 1519 1474
f 1474 1519 1476
f 1512 1520 1533
f 1521 1533 1473
f 1533 1474 1473
f 1521 1473 1527
f 1475 1474 1476
f 1525 1527 1471
f 1470 1525 1471
f 1470 1471 1534
f 1469 1470 1534
f 1535 1530 1524
f 1535 1524 1536
f 1473 1471 1527
f 1471 1537 1534
f 1538 1534 1537
f 1539 1484 1540
f 1541 1486 1485
f 1539 1485 1484
f 1542 1481 1543
f 1544 1545 1502
f 1544 1502 1546
f 1546 1503 1547
f 1547 1503 1548
f 1546 1547 1549
f 1546 1549 1544
f 1544 1549 1518
f 1544 1520 1545
f 1482 1551 1550
f 1552 1551 1482
f 1553 1542 1543
f 1481 1478 1543
f 1547 1548 1478
f 1544 1518 1520
f 1512 1545 1520
f 1504 1545 1512
f 1481 1552 1480
f 1515 1518 1479
f 1479 1518 1549
f 1479 1549 1478
f 1478 1549 1547
f 1543 1478 1548
f 1543 1548 1553
f 1513 1518 1515
f 1520 1518 1517
f 1554 1539 1555
f 1556 1554 1555
f 1539 1541 1485
f 1541 1402 1486
f 1540 1555 1539
f 1557 1558 1554
f 1557 1554 1556
f 1557 1559 1487
f 1488 1557 1487
f 1487 1559 1560
f 1487 1560 1493
f 1501 1491 1494
f 1561 1494 1493
f 1489 1493 1494
f 1562 1555 1540
f 1563 1551 1542
f 1542 1551 1481
f 1556 1555 1562
f 1481 1551 1552
f 1550 1551 1562
f 1556 1563 1559
f 1559 1563 1553
f 1561 1560 1564
f 1560 1553 1564
f 1553 1560 1559
f 1553 1563 1542
f 1564 1553 1500
f 1561 1564 1500
f 1561 1500 1501
f 1548 1500 1553
f 1551 1563 1562
f 1562 1563 1556
f 1501 1494 1561
f 1561 1493 1560
f 1556 1559 1557
f 1480 1552 1482
f 1484 1482 1550
f 1484 1550 1540
f 1562 1540 1550
f 1492 1491 1498
f 1498 1491 1499
f 1499 1491 1501
f 1499 1501 1506
f 1506 1501 1505
f 1505 1501 1502
f 1503 1500 1548
f 1503 1546 1502
f 1505 1502 1545
f 1505 1545 1504
f 1521 1512 1533
f 1565 1567 1566
f 1402 1568 1486
f 1569 1402 1400
f 1569 1400 1378
f 1570 1572 1571
f 1568 1402 1569
f 1568 1569 1573
f 1573 1569 1574
f 1573 1574 1575
f 1573 1575 1576
f 1576 1575 1577
f 1576 1577 1578
f 1578 1577 1579
f 1578 1579 1580
f 1580 1579 1581
f 1580 1581 1582
f 1582 1581 1583
f 1583 1581 1584
f 1583 1584 1585
f 1585 1584 1586
f 1585 1586 1587
f 1585 1587 1588
f 1588 1587 1570
f 1588 1570 1571
f 1572 1570 1589
f 1572 1589 1590
f 1590 1589 1591
f 1590 1591 1592
f 1592 1591 1593
f 1592 1593 1594
f 1592 1594 1595
f 1595 1594 1596
f 1595 1596 1597
f 1595 1597 1598
f 1598 1597 1599
f 1598 1599 1600
f 1600 1599 1601
f 1600 1601 1602
f 1601 1603 1602
f 1602 1603 1604
f 1602 1604 1605
f 1605 1604 1606
f 1607 1609 1608
f 1608 1609 1610
f 1607 1611 1609
f 1609 1611 1612
f 1609 1612 1613
f 1613 1612 1614
f 1613 1614 1615
f 1615 1614 1616
f 1615 1616 1606
f 1606 1616 1617
f 1606 1617 1605
f 1610 1618 1608
f 1608 1618 1619
f 1608 1619 1620
f 1620 1619 1621
f 1620 1621 1622
f 1622 1621 1623
f 1622 1623 1624
f 1624 1623 1625
f 1624 1625 1626
f 1625 1627 1626
f 1626 1627 1628
f 1629 1631 1630
f 1630 1632 1629
f 1629 1632 1633
f 1629 1633 1634
f 1634 1633 1635
f 1634 1635 1636
f 1636 1635 1637
f 1636 1637 1628
f 1628 1637 1638
f 1628 1638 1626
f 1629 1639 1631
f 1631 1639 1640
f 1640 1639 1641
f 1640 1641 1642
f 1642 1641 1643
f 1642 1643 1644
f 1643 1645 1644
f 1644 1645 1646
f 1644 1646 1647
f 1647 1646 1648
f 1649 1651 1650
f 1650 1651 1652
f 1650 1652 1653
f 1650 1653 1654
f 1650 1654 1648
f 1648 1654 1647
f 1650 1655 1649
f 1649 1655 1656
f 1649 1656 1657
f 1657 1656 1658
f 1658 1656 1659
f 1658 1659 1660
f 1660 1659 1661
f 1660 1661 1662
f 1662 1661 1663
f 1663 1661 1664
f 1663 1664 1665
f 1665 1664 1666
f 1665 1666 1667
f 1667 1666 1668
f 1668 1666 1669
f 1668 1669 1670
f 1670 1669 1671
f 1671 1669 1672
f 1671 1672 1673
f 1673 1672 1674
f 1674 1672 1675
f 1674 1675 1676
f 1676 1675 1677
f 1677 1675 1678
f 1677 1678 1679
f 1679 1678 1680
f 1679 1680 1681
f 1681 1680 1682
f 1681 1682 1683
f 1683 1682 1684
f 1683 1684 1685
f 1685 1684 1686
f 1687 1689 1688
f 1688 1689 1690
f 1688 1690 1691
f 1691 1690 1692
f 1691 1692 1693
f 1693 1692 1694
f 1693 1694 1686
f 1686 1694 1685
f 1688 1695 1687
f 1687 1695 1696
f 1687 1696 1697
f 1697 1696 1698
f 1697 1698 1699
f 1699 1698 1700
f 1699 1700 1701
f 1700 1702 1701
f 1701 1702 1703
f 1701 1703 1704
f 1704 1703 1705
f 1705 1703 1706
f 1705 1706 1707
f 1707 1706 1708
f 1708 1706 1709
f 1708 1709 1710
f 1710 1709 1711
f 1710 1711 1712
f 1712 1711 1713
f 1712 1713 1714
f 1714 1713 1715
f 1715 1713 1716
f 1715 1716 1717
f 1717 1716 1718
f 1717 1718 1719
f 1719 1718 1720
f 1719 1720 1721
f 1721 1720 1722
f 1721 1722 1723
f 1723 1722 1724
f 1723 1724 1725
f 1725 1724 1726
f 1725 1726 1727
f 1728 1730 1729
f 1729 1730 1731
f 1731 1730 1732
f 1731 1732 1733
f 1733 1732 1734
f 1733 1734 1735
f 1735 1734 1736
f 1735 1736 1727
f 1727 1736 1725
f 1737 1739 1738
f 1729 1740 1728
f 1728 1740 1741
f 1728 1741 1742
f 1742 1741 1743
f 1742 1743 1744
f 1744 1743 1745
f 1744 1745 1738
f 1738 1745 1737
f 1566 1567 1746
f 1746 1567 1747
f 1746 1747 1737
f 1737 1747 1739
f 1566 1748 1565
f 1565 1748 1749
f 1565 1749 1750
f 1750 1749 1751
f 1751 1749 1752
f 1751 1752 1753
f 1753 1752 1754
f 1753 1754 1755
f 1755 1754 1756
f 1755 1756 1757
f 1758 1760 1759
f 1756 1761 1757
f 1757 1761 1762
f 1757 1762 1763
f 1763 1762 1764
f 1763 1764 1765
f 1765 1764 1766
f 1765 1766 1767
f 1767 1766 1768
f 1767 1768 1759
f 1759 1768 1769
f 1759 1769 1758
f 1770 1772 1771
f 1771 1772 1773
f 1771 1773 1774
f 1774 1773 1775
f 1774 1775 1776
f 1776 1775 1777
f 1776 1777 1758
f 1758 1777 1778
f 1758 1778 1760
f 1779 1781 1780
f 1771 1782 1770
f 1770 1782 1783
f 1783 1782 1784
f 1783 1784 1785
f 1785 1784 1786
f 1785 1786 1780
f 1780 1786 1779
f 1787 1789 1788
f 1788 1789 1790
f 1788 1790 1791
f 1791 1790 1792
f 1791 1792 1793
f 1793 1792 1794
f 1793 1794 1795
f 1795 1794 1796
f 1795 1796 1779
f 1779 1796 1781
f 1797 1799 1798
f 1798 1799 1800
f 1798 1800 1801
f 1788 1802 1787
f 1787 1802 1803
f 1787 1803 1804
f 1804 1803 1805
f 1804 1805 1806
f 1806 1805 1807
f 1806 1807 1797
f 1797 1807 1799
f 1801 1800 1808
f 1808 1800 1809
f 1808 1809 1810
f 1810 1809 1811
f 1810 1811 1812
f 1812 1811 1813
f 1812 1813 1814
f 1814 1813 1815
f 1814 1815 1816
f 1816 1815 1817
f 1816 1817 1818
f 1818 1817 1819
f 1818 1819 1820
f 1820 1819 1821
f 1820 1821 1822
f 1822 1821 1823
f 1822 1823 1824
f 1824 1823 1825
f 1825 1823 1826
f 1825 1826 1827
f 1825 1827 1828
f 1828 1827 1829
f 1828 1829 1830
f 1828 1830 1831
f 1830 1832 1831
f 1831 1832 1833
f 1831 1833 1834
f 1834 1833 1835
f 1835 1833 1836
f 1835 1836 1837
f 1837 1836 1838
f 1837 1838 1839
f 1839 1838 1840
f 1839 1840 1841
f 1841 1840 1842
f 1841 1842 1843
f 1843 1842 1844
f 1843 1844 1845
f 1844 1846 1845
f 1845 1846 1847
f 1845 1847 1848
f 1845 1848 1849
f 1849 1848 1850
f 1850 1848 1851
f 1850 1851 1852
f 1852 1851 1853
f 1852 1853 1854
f 1853 1855 1854
f 1854 1855 1856
f 1854 1856 1857
f 1857 1856 1858
f 1857 1858 1859
f 1859 1858 1860
f 1859 1860 1861
f 1861 1860 1862
f 1861 1862 1863
f 1863 1862 1864
f 1863 1864 1865
f 1865 1864 1866
f 1865 1866 1867
f 1866 1868 1867
f 1867 1868 1869
f 1867 1869 1870
f 1867 1870 1871
f 1871 1870 1872
f 1872 1870 1873
f 1872 1873 1874
f 1874 1873 1875
f 1874 1875 1876
f 1875 1877 1876
f 1876 1877 1878
f 1876 1878 1879
f 1876 1879 1880
f 1880 1879 1881
f 1880 1881 1882
f 1882 1881 1883
f 1882 1883 1884
f 1884 1883 1885
f 1884 1885 1886
f 1886 1885 1887
f 1885 1888 1887
f 1887 1888 1889
f 1887 1889 1890
f 1890 1889 1891
f 1890 1891 1892
f 1892 1891 1893
f 1892 1893 1894
f 1894 1893 1895
f 1894 1895 1896
f 1895 1897 1896
f 1896 1897 1898
f 1896 1898 1899
f 1899 1898 1900
f 1899 1900 1901
f 1901 1900 1902
f 1900 1903 1902
f 1902 1903 1904
f 1902 1904 1905
f 1905 1904 1906
f 1905 1906 1907
f 1907 1906 1908
f 1908 1906 1909
f 1908 1909 1910
f 1910 1909 1911
f 1910 1911 1912
f 1912 1911 1913
f 1912 1913 1914
f 1914 1913 1915
f 1914 1915 1916
f 1916 1915 1917
f 1917 1915 1918
f 1917 1918 1919
f 1917 1919 1920
f 1920 1919 1921
f 1920 1921 1922
f 1922 1921 1923
f 1922 1923 1924
f 1924 1923 1925
f 1924 1925 1926
f 1925 1927 1926
f 1926 1927 1928
f 1928 1927 1929
f 1928 1929 1930
f 1930 1929 1931
f 1930 1931 1932
f 1932 1931 1933
f 1931 1934 1933
f 1933 1934 1935
f 1935 1934 1936
f 1935 1936 1937
f 1937 1936 1322
f 1937 1322 1938
f 1938 1322 1320
f 156 1939 155
f 517 155 1940
f 517 1940 516
f 1941 532 516
f 1421 1942 1435
f 1435 1942 1941
f 516 1940 1941
f 1941 1940 1437
f 1941 1437 1435
f 1939 1438 155
f 155 1438 1437
f 155 1437 1940
f 1942 533 532
f 1942 532 1941
f 1468 905 1943
f 1468 906 905
f 895 1538 1944
f 895 1944 897
f 1943 905 907
f 1468 1943 1470
f 1470 1943 907
f 1470 907 1524
f 1468 1469 1945
f 1468 1945 906
f 906 1945 1538
f 906 1538 895
f 1945 1469 1534
f 1945 1534 1538
f 1538 1537 1944
f 1536 1524 907
f 1536 907 1946
f 1442 1947 1441
f 1441 1947 1948
f 1441 1948 1443
f 1443 1948 1949
f 1443 1949 1444
f 1444 1949 1942
f 1444 1942 1421
f 1947 1442 1454
f 1947 1454 1950
f 1950 1454 1447
f 1950 1447 1951
f 1951 1447 1453
f 1951 1453 1952
f 1453 1449 1952
f 1952 1449 1953
f 1953 1449 1954
f 1954 1449 1465
f 1954 1465 1955
f 1465 1466 1955
f 1955 1466 1956
f 1956 1466 1957
f 1956 1957 1958
f 1957 1959 1958
f 1958 1959 1960
f 1958 1960 1961
f 1961 1960 1962
f 1962 1960 1963
f 1962 1963 1964
f 1964 1963 1965
f 1964 1965 1966
f 1964 1966 1967
f 1967 1966 1968
f 1968 1966 1969
f 1968 1969 1970
f 1968 1970 1971
f 1971 1970 1972
f 1972 1970 1973
f 1972 1973 1974
f 1974 1973 1975
f 1974 1975 1976
f 1976 1975 1977
f 1976 1977 1978
f 1976 1978 1979
f 1979 1978 1980
f 1979 1980 1981
f 1979 1981 1982
f 1982 1981 1983
f 1982 1983 1984
f 1984 1983 1529
f 1984 1529 1985
f 1985 1529 1528
f 1985 1528 1986
f 1986 1528 1496
f 1986 1496 1532
f 1986 1532 1987
f 1987 1532 1531
f 1987 1531 1522
f 1987 1522 1988
f 1988 1522 1989
f 1522 1523 1989
f 1989 1523 1990
f 1990 1523 1530
f 1990 1530 1535
f 1990 1535 1946
f 1946 1535 1536
f 1991 1938 1992
f 1992 1993 1991
f 1991 1993 1994
f 1991 1994 1995
f 1996 1998 1997
f 1997 2000 1999
f 2001 2003 2002
f 2002 2003 2004
f 2002 2004 2005
f 2006 2008 2007
f 1998 2009 1997
f 1997 2009 2010
f 1997 2010 2000
f 2007 2008 2011
f 2004 850 2005
f 2005 850 2012
f 2005 2012 2013
f 2013 2012 2014
f 2013 2014 2015
f 1995 2016 1991
f 1991 2016 2017
f 2018 2019 1997
f 1997 2019 2020
f 1997 2020 1996
f 2021 2017 2008
f 2008 2017 2022
f 2008 2022 2011
f 2021 2023 2017
f 2017 2023 2024
f 2017 2024 2025
f 2017 2027 2026
f 2028 2029 2017
f 2017 2029 2030
f 2031 2033 2032
f 2032 2033 2034
f 2035 2036 2017
f 2017 2036 2037
f 2038 2039 2017
f 2017 2039 2040
f 2026 2041 2017
f 2017 2041 2042
f 2017 2042 2028
f 2030 2043 2017
f 2043 1991 2017
f 1999 2044 1997
f 1997 2044 2045
f 1997 2045 2046
f 2014 840 2015
f 2015 840 841
f 2015 841 2047
f 2047 841 2048
f 2047 2048 2049
f 2050 2051 1251
f 2052 2054 2053
f 2053 2054 2055
f 2052 2053 2007
f 2007 2053 2056
f 2007 2056 2057
f 2057 2058 2007
f 2007 2058 2059
f 2007 2059 2006
f 2060 2061 2017
f 2017 2061 2062
f 2037 2063 2017
f 2017 2063 2064
f 2017 2064 2038
f 2046 2065 1997
f 1997 2065 2066
f 1997 2066 2067
f 2068 2070 2069
f 2069 2070 2067
f 2070 2068 897
f 2071 2072 2031
f 2031 2072 2073
f 2031 2073 2033
f 2074 2075 1251
f 2076 2078 2077
f 2079 2080 2077
f 2077 2080 2076
f 2081 1323 2082
f 2055 2083 2053
f 2053 2083 2084
f 2053 2084 2085
f 2086 2088 2087
f 2087 2088 2089
f 2025 2090 2017
f 2017 2090 2091
f 2017 2091 2060
f 2062 2092 2017
f 2017 2092 2093
f 2017 2093 2094
f 2094 2095 2017
f 2017 2095 2096
f 2017 2096 2035
f 2040 2097 2017
f 2017 2097 2098
f 2017 2098 2027
f 2067 2070 1997
f 2034 900 2032
f 2032 900 2068
f 2068 900 897
f 2099 2101 2100
f 2100 2101 2102
f 2100 2102 2071
f 2071 2102 2103
f 2071 2103 2072
f 2104 828 2105
f 2105 828 2106
f 2105 2106 2107
f 2108 1291 812
f 2078 2109 2077
f 2080 2079 1323
f 1323 2079 2082
f 2085 2110 2053
f 2053 2110 2087
f 2053 2087 2111
f 2111 2087 2089
f 2099 2100 2112
f 2112 2100 2113
f 2112 2113 2114
f 2115 825 2116
f 2116 825 2117
f 2116 2117 2118
f 1251 2075 2119
f 2120 1223 1251
f 2082 2121 2081
f 2081 2121 2122
f 2081 2122 2123
f 2086 2087 2124
f 2124 2087 2125
f 2124 2125 2126
f 2127 2128 1997
f 1997 2128 2129
f 1997 2129 2018
f 2114 2113 2130
f 2130 2113 2131
f 2130 2131 2132
f 2132 2131 2133
f 2133 2131 2134
f 2133 2134 2135
f 2106 837 2107
f 2107 837 839
f 2107 839 2136
f 2136 839 849
f 2136 849 2115
f 2115 849 826
f 2115 826 825
f 2048 2137 2049
f 2049 2137 636
f 2049 636 2138
f 2138 636 637
f 2138 637 2104
f 2104 637 830
f 2104 830 828
f 2108 812 2139
f 2140 2141 1251
f 1251 2141 2142
f 1251 2142 2074
f 2050 1251 2143
f 2143 1251 2144
f 2144 1251 2145
f 2145 1251 2146
f 2146 1251 2147
f 2147 1251 2119
f 2139 812 2148
f 2148 812 2149
f 2149 812 2150
f 2150 812 2151
f 2151 812 2152
f 2152 812 2153
f 2153 812 2154
f 2154 812 2155
f 2155 812 2156
f 2156 812 2003
f 2156 2003 2001
f 2157 1221 2078
f 2078 1221 2109
f 2109 1221 2158
f 2158 1221 2120
f 2120 1221 1223
f 2159 2161 2160
f 2159 2160 2162
f 2135 2134 2163
f 2163 2134 2164
f 2163 2164 922
f 1291 2108 2165
f 1291 2165 1251
f 1251 2165 2166
f 1251 2166 2140
f 2120 1251 2051
f 2167 2169 2168
f 2170 1472 2171
f 2172 1997 1471
f 1471 2173 2172
f 2174 623 2164
f 2164 623 2175
f 2164 2175 922
f 2176 634 2177
f 2177 634 818
f 2177 818 2178
f 2162 2179 2159
f 2159 2179 2180
f 2159 2180 2167
f 2167 2180 2181
f 2167 2181 2169
f 1472 2182 1471
f 1471 2182 2183
f 1471 2183 2173
f 2184 2185 2174
f 2174 2185 625
f 2174 625 623
f 2123 2186 2081
f 2081 2186 2187
f 2081 2187 1992
f 1992 2187 2188
f 1992 2188 1993
f 1993 2188 2189
f 1993 2189 2190
f 2168 2191 2167
f 2167 2191 2192
f 2167 2192 2193
f 2193 2192 2194
f 818 669 2178
f 2178 669 668
f 2178 668 2195
f 2195 668 745
f 2195 745 2196
f 2197 665 2198
f 2198 665 820
f 2198 820 2176
f 2176 820 633
f 2176 633 634
f 2117 822 2118
f 2118 822 821
f 2118 821 2199
f 2199 821 667
f 2199 667 2197
f 2197 667 666
f 2197 666 665
f 2078 2200 2157
f 2194 2201 2193
f 2193 2201 2202
f 2193 2202 2203
f 2127 1997 2172
f 2204 2206 2205
f 2205 2206 2207
f 2205 2207 2184
f 2184 2207 2208
f 2184 2208 2185
f 2209 2200 2078
f 2182 2210 2159
f 2159 2210 2161
f 2211 2213 2212
f 2214 2216 2215
f 1472 2170 2182
f 2182 2170 2210
f 1475 2171 1472
f 2171 1475 2217
f 2218 630 2219
f 2219 630 685
f 2219 685 2220
f 2221 678 2222
f 2222 678 679
f 2222 679 2218
f 2218 679 632
f 2218 632 630
f 2190 2223 1993
f 1993 2223 2224
f 1993 2224 2225
f 2226 2228 2227
f 2203 2229 2193
f 2193 2229 2230
f 2193 2230 2215
f 2215 2230 2231
f 2215 2231 2214
f 745 670 2196
f 2196 670 671
f 2196 671 2232
f 2232 671 674
f 2232 674 2221
f 2221 674 676
f 2221 676 678
f 2225 2233 1993
f 1993 2233 2234
f 1993 2234 2235
f 2236 2237 2228
f 2228 2237 2238
f 2228 2238 2227
f 2212 2239 2211
f 2211 2239 2240
f 2211 2240 2241
f 2241 2242 2211
f 2211 2242 2243
f 2211 2243 2228
f 2228 2243 2244
f 2228 2244 2236
f 2245 2246 2213
f 2213 2246 2247
f 2213 2247 2212
f 1475 2248 2217
f 685 684 2220
f 2220 684 2249
f 2220 2249 2250
f 2250 2249 689
f 2250 689 2251
f 2251 689 2252
f 2251 2252 2253
f 2253 2252 2254
f 2253 2254 2204
f 2204 2254 921
f 2204 921 2206
f 2078 2255 2209
f 2227 2256 2226
f 2226 2256 2257
f 2226 2257 2258
f 2216 2259 2215
f 2215 2259 2260
f 2215 2260 2213
f 2213 2260 2261
f 2213 2261 2245
f 2258 2262 2226
f 2226 2262 2263
f 2226 2263 2264
f 2264 2263 2265
f 2264 2265 2266
f 2078 1355 2255
f 2266 2267 2264
f 2264 2267 2268
f 2264 2268 2269
f 1475 1479 2248
f 2270 2271 2235
f 2235 2271 2272
f 2235 2272 1993
f 2268 2273 2269
f 2269 2273 2274
f 2269 2274 2275
f 2276 2278 2277
f 2277 2278 2279
f 2277 2279 2235
f 2235 2279 2280
f 2235 2280 2270
f 2281 2283 2282
f 2282 2283 2284
f 2282 2284 2277
f 2277 2284 2285
f 2277 2285 2276
f 2275 2286 2269
f 2269 2286 2287
f 2269 2287 2282
f 2282 2287 2288
f 2282 2288 2281
f 1466 1460 1957
f 1983 1495 1529
f 2289 1980 1978
f 1980 2289 1981
f 1981 2289 1495
f 1977 1975 2290
f 2291 1488 1490
f 1488 1489 1490
f 2289 2291 1490
f 2289 1490 1495
f 1495 1490 1492
f 2290 1978 1977
f 2292 2294 2293
f 2294 2296 2295
f 2296 2297 2295
f 2298 2300 2299
f 2301 2294 2302
f 2289 1978 2301
f 2289 2301 2291
f 2291 2301 2303
f 1978 2290 2301
f 2301 2290 2294
f 2302 2294 2295
f 2303 2301 2302
f 2295 2297 2304
f 2295 2304 2302
f 2303 1488 2291
f 1558 1557 2304
f 1558 2297 2300
f 1558 2300 2298
f 2298 2305 1539
f 2297 1558 2304
f 1539 1554 2298
f 2306 2308 2307
f 1406 1398 2309
f 1406 2310 2308
f 2308 2306 1411
f 1411 2306 2311
f 2312 2307 2313
f 2313 2308 2310
f 2314 2313 2315
f 2314 2315 2316
f 2312 2313 2314
f 2315 2299 2316
f 2296 2316 2300
f 2296 2300 2297
f 2302 1488 2303
f 2292 2312 2314
f 2316 2296 2314
f 2314 2296 2294
f 2314 2294 2292
f 2293 2294 2290
f 1981 1495 1983
f 1411 1406 2308
f 1398 1399 2309
f 1399 1401 2309
f 2313 2307 2308
f 2310 1406 2315
f 2315 1406 2309
f 2305 1401 1541
f 2317 1959 1957
f 1957 1460 1457
f 1969 2318 1970
f 1970 2318 1973
f 1963 1960 2319
f 1963 2319 1965
f 1966 1965 2320
f 2320 2319 2321
f 2322 2317 1957
f 2322 1957 1455
f 1455 1957 1457
f 2319 2317 2322
f 1973 2318 2293
f 1973 2293 2290
f 2293 2318 2312
f 2312 2318 2320
f 2312 2320 2321
f 2321 2319 2307
f 2307 2319 2322
f 2306 2322 2311
f 2311 2322 1455
f 2311 1455 1456
f 2319 2320 1965
f 2317 2319 1960
f 2317 1960 1959
f 1966 2320 1969
f 1969 2320 2318
f 1975 1973 2290
f 2302 1557 1488
f 2316 2299 2300
f 2299 2305 2298
f 2305 1541 1539
f 2298 1554 1558
f 2304 1557 2302
f 2313 2310 2315
f 2299 2315 2309
f 2299 2309 2305
f 2305 2309 1401
f 1401 1402 1541
f 2292 2293 2312
f 2312 2321 2307
f 2307 2322 2306
f 2311 1456 1411
f 103 102 2323
f 2323 102 1138
f 2323 1138 2324
f 2324 1138 1139
f 2324 1139 2325
f 2325 1139 1137
f 2325 1137 2326
f 2326 1137 1134
f 2326 1134 2327
f 2327 1134 1135
f 2327 1135 2328
f 2328 1135 1140
f 2328 1140 2329
f 2329 1140 1133
f 1133 2330 2329
f 2330 1133 1131
f 2330 1131 2331
f 1131 1132 2331
f 2331 1132 2332
f 2332 1132 1129
f 1129 2333 2332
f 2333 1129 2334
f 2334 1129 1130
f 2334 1130 2335
f 2335 1130 484
f 484 2336 2335
f 2336 484 2337
f 484 446 2337
f 533 2338 2337
f 533 2337 446
f 2338 533 1942
f 2338 1942 2339
f 2339 1942 1949
f 2339 1949 1948
f 2339 1948 2340
f 2340 1948 1947
f 2340 1947 2341
f 1947 1950 2341
f 2341 1950 2342
f 1950 1951 2342
f 1951 1952 2342
f 2342 1952 2343
f 1952 1953 2343
f 1953 1954 2343
f 2343 1954 2344
f 1954 1955 2344
f 2344 1955 2345
f 1955 1956 2345
f 2345 1956 1958
f 2345 1958 2346
f 2346 1958 2347
f 1958 1961 2347
f 1961 1962 2347
f 2347 1962 2348
f 1962 1964 2348
f 2348 1964 2349
f 1964 1967 2349
f 2349 1967 2350
f 1967 1968 2350
f 2350 1968 2351
f 1968 1971 2351
f 2351 1971 2352
f 1971 1972 2352
f 2352 1972 1974
f 2352 1974 2353
f 1974 1976 2353
f 2353 1976 2354
f 2354 1976 1979
f 2354 1979 2355
f 1979 1982 2355
f 2355 1982 1984
f 2355 1984 2356
f 1984 1985 2356
f 2356 1985 2357
f 2357 1985 1986
f 2357 1986 2358
f 1986 1987 2358
f 2358 1987 2359
f 1987 1988 2359
f 1988 1989 2359
f 2359 1989 2360
f 1989 1990 2360
f 2360 1990 1946
f 2360 1946 2361
f 907 2361 1946
f 2361 907 719
f 2361 719 2362
f 2362 719 717
f 2362 717 2363
f 2363 717 1148
f 1148 2364 2363
f 1147 2365 2364
f 1147 2364 1148
f 2365 1147 1146
f 2365 1146 2366
f 1146 1144 2366
f 2366 1144 2367
f 2367 1144 1145
f 1145 2368 2367
f 1145 1150 2368
f 2368 1150 2369
f 2369 1150 2370
f 2370 1150 1151
f 2370 1151 2371
f 1151 1142 2371
f 2371 1142 2372
f 1142 1149 2372
f 2372 1149 2373
f 2373 1149 1141
f 2373 1141 2374
f 2374 1141 2375
f 1141 1152 2375
f 2375 1152 1
f 1 1152 3
f 2376 2378 2377
f 2377 2378 2379
f 2380 2381 2378
f 2378 2381 2382
f 2383 2384 2378
f 2378 2384 2385
f 2378 2385 2380
f 2382 2386 2378
f 2378 2386 2379
f 2387 2388 2378
f 2378 2388 2389
f 2378 2389 2390
f 2390 2391 2378
f 2378 2391 2392
f 2378 2392 2393
f 2394 2395 2378
f 2378 2395 2396
f 2393 2397 2378
f 2378 2397 2398
f 2378 2398 2394
f 2396 2399 2378
f 2378 2399 2400
f 2378 2400 2401
f 2401 2402 2378
f 2378 2402 2403
f 2378 2403 2383
f 2404 2405 2378
f 2378 2405 2406
f 2378 2406 2407
f 2408 2410 2409
f 2408 2411 2378
f 2378 2411 2412
f 2378 2412 2404
f 2409 2413 2408
f 2408 2413 2414
f 2408 2414 2411
f 2415 2416 2408
f 2408 2416 2417
f 2408 2417 2410
f 2418 2419 2408
f 2408 2419 2420
f 2420 2421 2408
f 2408 2421 2422
f 2408 2422 2423
f 2423 2424 2408
f 2408 2424 2425
f 2408 2425 2415
f 2426 2427 2408
f 2408 2427 2428
f 2408 2428 2418
f 2429 2430 2408
f 2431 2432 2429
f 2430 2433 2408
f 2408 2433 2434
f 2434 2435 2408
f 2408 2435 2436
f 2437 2438 2408
f 2408 2438 2439
f 2408 2439 2426
f 2436 2440 2408
f 2408 2440 2441
f 2408 2441 2437
f 2442 2444 2443
f 2445 2446 2443
f 2443 2446 2447
f 2443 2447 2448
f 2448 2449 2443
f 2443 2449 2442
f 2445 2450 2446
f 2446 2450 2451
f 2446 2451 2452
f 2452 2453 2446
f 2446 2453 2454
f 2446 2454 2455
f 2455 2456 2446
f 2446 2456 2457
f 2446 2457 2458
f 2457 2459 2458
f 2458 2459 2460
f 2458 2460 2461
f 2461 2462 2458
f 2458 2462 2463
f 2458 2463 2464
f 2464 2465 2458
f 2458 2465 2466
f 2458 2466 2467
f 2468 2469 2443
f 2470 2472 2471
f 2471 2472 2473
f 2471 2473 2474
f 2474 2473 2475
f 2474 2475 2476
f 2477 2479 2478
f 2478 2479 2480
f 2481 2483 2482
f 2482 2483 2484
f 2485 2486 2468
f 2468 2486 2487
f 2488 2490 2489
f 2470 2471 2491
f 2491 2471 2492
f 2491 2492 2493
f 2489 2494 2488
f 2488 2494 2495
f 2488 2495 2475
f 2475 2495 2496
f 2475 2496 2476
f 2490 2488 2497
f 2497 2488 2498
f 2497 2498 2499
f 2477 2500 2479
f 2479 2500 2501
f 2479 2501 2502
f 2478 2480 2503
f 2478 2503 2504
f 2505 2506 2498
f 2498 2506 2507
f 2498 2507 2508
f 2479 2509 2505
f 2505 2509 2510
f 2505 2510 2506
f 2502 2511 2479
f 2479 2511 2512
f 2479 2512 2509
f 2513 2515 2514
f 2514 2515 2516
f 2482 2484 2517
f 2482 2517 2468
f 2468 2517 2518
f 2468 2518 2485
f 2508 2519 2498
f 2498 2519 2520
f 2498 2520 2499
f 2521 2522 2514
f 2514 2522 2523
f 2524 2525 2514
f 2514 2525 2526
f 2514 2526 2521
f 2516 2527 2514
f 2514 2527 2528
f 2514 2528 2524
f 2529 2531 2530
f 2530 2531 2532
f 2530 2532 2533
f 2534 2535 2468
f 2468 2535 2536
f 2468 2536 2537
f 2537 2538 2468
f 2468 2538 2539
f 2468 2539 2540
f 2513 2514 2530
f 2530 2514 2541
f 2530 2541 2529
f 2542 2487 2543
f 2543 2487 2544
f 2543 2544 2545
f 2545 2544 2546
f 2542 2547 2487
f 2487 2547 2548
f 2487 2548 2549
f 2550 2551 2469
f 2469 2551 2552
f 2553 2555 2554
f 2482 2556 2481
f 2523 2557 2514
f 2514 2557 2558
f 2514 2558 2559
f 2560 2561 2544
f 2544 2561 2562
f 2544 2562 2546
f 2492 2563 2493
f 2493 2563 2564
f 2493 2564 2555
f 2555 2564 2554
f 2553 2565 2555
f 2555 2565 2566
f 2504 2503 2544
f 2544 2503 2560
f 2468 2568 2567
f 2468 2567 2534
f 2552 2569 2469
f 2469 2569 2570
f 2469 2570 2571
f 2559 2572 2514
f 2514 2572 2573
f 2514 2573 2482
f 2482 2573 2574
f 2482 2574 2556
f 2549 2575 2487
f 2487 2575 2576
f 2487 2576 2468
f 2468 2576 2577
f 2468 2577 2568
f 2578 2579 2469
f 2469 2579 2580
f 2469 2580 2550
f 2540 2581 2468
f 2468 2581 2582
f 2468 2582 2583
f 2571 2584 2469
f 2469 2584 2585
f 2469 2585 2586
f 2586 2585 2587
f 2586 2587 2588
f 2588 2587 2589
f 2468 2583 2590
f 2468 2590 2469
f 2469 2590 2591
f 2469 2591 2578
f 2533 2592 2530
f 2530 2592 2593
f 2530 2593 2589
f 2589 2593 2594
f 2589 2594 2588
f 2595 2597 2596
f 2596 2599 2598
f 2596 2597 2600
f 2596 2600 2601
f 2602 2603 2601
f 2601 2603 2604
f 2601 2604 2596
f 2598 2595 2596
f 2605 2606 2601
f 2601 2606 2607
f 2601 2607 2602
f 2608 2609 2601
f 2601 2609 2610
f 2601 2610 2611
f 2611 2612 2601
f 2601 2612 2613
f 2601 2613 2605
f 2614 2615 2608
f 2608 2615 2616
f 2608 2616 2609
f 2617 2618 2608
f 2608 2618 2619
f 2608 2619 2614
f 2620 2622 2621
f 2620 2621 2623
f 2624 2625 2620
f 2620 2625 2626
f 2627 2629 2628
f 2630 2620 2631
f 2631 2620 2632
f 2630 2633 2620
f 2620 2633 2634
f 2620 2634 2624
f 2635 2636 2627
f 2627 2636 2637
f 2627 2637 2629
f 2628 2638 2627
f 2627 2638 2639
f 2627 2639 2640
f 2620 2626 2641
f 2620 2641 2642
f 2640 2643 2627
f 2627 2643 2644
f 2627 2644 2620
f 2620 2644 2645
f 2620 2645 2632
f 2646 2647 2627
f 2627 2647 2635
f 2627 2648 2646
f 2623 2650 2649
f 2623 2652 2651
f 2653 2654 2648
f 2648 2654 2655
f 2656 2657 2623
f 2623 2657 2658
f 2623 2658 2652
f 2623 2651 2659
f 2623 2659 2660
f 2660 2661 2623
f 2623 2661 2662
f 2623 2662 2663
f 2664 2665 2648
f 2665 2666 2648
f 2648 2666 2667
f 2648 2667 2653
f 2623 2649 2648
f 2648 2649 2668
f 2648 2668 2664
f 2655 2669 2648
f 2648 2669 2670
f 2648 2670 2671
f 2621 2672 2623
f 2623 2672 2656
f 2623 2663 2673
f 2623 2673 2650
f 2650 2673 2674
f 2650 2674 2675
f 2675 2674 2676
f 2671 2677 2648
f 2648 2677 2678
f 2648 2678 2646
f 2432 2648 2679
f 2679 2648 2627
f 2679 2627 2680
f 2680 2627 2681
f 2680 2681 2682
f 2682 2681 2468
f 2682 2468 2683
f 2684 2685 2681
f 2686 2688 2687
f 2689 2691 2690
f 2692 2694 2693
f 2687 2688 2690
f 2690 2688 2695
f 2690 2695 2689
f 2686 2696 2688
f 2688 2696 2697
f 2688 2697 2698
f 2699 2700 2468
f 2701 2702 2681
f 2681 2702 2684
f 2681 2685 2703
f 2444 2683 2443
f 2443 2683 2468
f 2468 2681 2699
f 2699 2681 2690
f 2699 2690 2691
f 2700 2704 2468
f 2468 2704 2705
f 2706 2707 2697
f 2697 2707 2708
f 2697 2708 2698
f 2703 2709 2681
f 2681 2709 2690
f 2710 2711 2482
f 2712 2713 2701
f 2701 2713 2714
f 2715 2717 2716
f 2716 2717 2706
f 2716 2706 2693
f 2693 2706 2697
f 2693 2697 2692
f 2711 2718 2482
f 2482 2718 2719
f 2482 2719 2720
f 2714 2721 2701
f 2701 2721 2722
f 2701 2722 2723
f 2720 2724 2482
f 2482 2724 2712
f 2482 2712 2701
f 2725 2726 2482
f 2482 2726 2727
f 2482 2727 2710
f 2468 2705 2728
f 2468 2728 2482
f 2482 2728 2729
f 2482 2729 2730
f 2723 2731 2701
f 2701 2731 2732
f 2701 2732 2733
f 2733 2734 2701
f 2701 2734 2735
f 2701 2735 2702
f 2736 2738 2737
f 2736 2737 2739
f 2739 2737 2740
f 2739 2740 2716
f 2716 2740 2741
f 2716 2741 2715
f 2482 2730 2742
f 2482 2742 2725
f 2743 2744 2701
f 2701 2744 2745
f 2746 2747 2620
f 2701 2748 2743
f 2749 2750 2620
f 2746 2620 2751
f 2752 2753 2681
f 2750 2754 2620
f 2620 2754 2755
f 2747 2756 2620
f 2620 2756 2757
f 2620 2757 2627
f 2627 2757 2758
f 2759 2760 2681
f 2681 2760 2761
f 2681 2761 2762
f 2701 2745 2763
f 2701 2763 2620
f 2620 2763 2749
f 2758 2764 2627
f 2627 2764 2765
f 2752 2681 2766
f 2765 2767 2627
f 2627 2767 2768
f 2753 2769 2681
f 2681 2769 2770
f 2681 2770 2771
f 2627 2768 2772
f 2627 2772 2681
f 2681 2772 2773
f 2681 2773 2759
f 2762 2774 2681
f 2681 2774 2775
f 2681 2775 2766
f 2755 2776 2620
f 2620 2776 2777
f 2771 2778 2681
f 2681 2778 2779
f 2681 2779 2701
f 2701 2779 2780
f 2701 2780 2748
f 2781 2782 2777
f 2777 2782 2783
f 2777 2783 2620
f 2620 2783 2784
f 2620 2784 2751
f 2785 2786 2777
f 2777 2788 2787
f 2777 2787 2785
f 2786 2789 2777
f 2777 2789 2790
f 2790 2791 2777
f 2777 2791 2792
f 2777 2792 2781
f 2623 2794 2793
f 2795 2796 2431
f 2431 2796 2797
f 2648 2799 2798
f 2800 2802 2801
f 2801 2802 2803
f 2793 2804 2623
f 2623 2804 2805
f 2623 2805 2806
f 2797 2807 2431
f 2431 2807 2808
f 2431 2808 2809
f 2798 2810 2648
f 2648 2810 2811
f 2648 2811 2812
f 2803 2813 2801
f 2801 2813 2814
f 2801 2814 2815
f 2809 2816 2431
f 2431 2816 2817
f 2431 2817 2818
f 2812 2819 2648
f 2648 2819 2820
f 2648 2820 2821
f 2806 2822 2623
f 2623 2822 2823
f 2623 2823 2824
f 2815 2825 2801
f 2801 2825 2826
f 2801 2826 2827
f 2821 2828 2648
f 2648 2828 2829
f 2648 2829 2623
f 2623 2829 2830
f 2623 2830 2794
f 2824 2831 2623
f 2623 2831 2832
f 2623 2832 2833
f 2834 2835 2648
f 2648 2835 2836
f 2648 2836 2799
f 2837 2838 2801
f 2801 2838 2839
f 2801 2839 2800
f 2818 2840 2431
f 2431 2840 2841
f 2431 2841 2842
f 2827 2843 2801
f 2801 2843 2844
f 2801 2844 2431
f 2431 2844 2845
f 2431 2845 2795
f 2842 2846 2431
f 2431 2846 2847
f 2431 2847 2848
f 2833 2849 2623
f 2623 2849 2850
f 2623 2850 2851
f 2852 2853 2648
f 2648 2853 2834
f 2432 2431 2648
f 2648 2431 2848
f 2648 2848 2852
f 2851 2854 2623
f 2623 2854 2855
f 2623 2855 2801
f 2801 2855 2856
f 2801 2856 2837
f 2857 2801 2858
f 2859 2860 2378
f 2861 2862 2431
f 2378 2860 2863
f 2378 2863 2864
f 2857 2865 2801
f 2801 2865 2866
f 2867 2868 2408
f 2408 2868 2869
f 2408 2869 2870
f 2862 2871 2431
f 2431 2871 2872
f 2431 2872 2801
f 2801 2872 2858
f 2873 2874 2408
f 2870 2875 2408
f 2408 2875 2876
f 2408 2876 2877
f 2878 2431 2879
f 2801 2866 2880
f 2864 2881 2378
f 2378 2881 2882
f 2378 2882 2408
f 2408 2882 2883
f 2408 2883 2873
f 2877 2884 2431
f 2431 2884 2879
f 2801 2880 2885
f 2801 2885 2378
f 2378 2885 2859
f 2429 2408 2431
f 2431 2408 2877
f 2874 2886 2408
f 2408 2886 2887
f 2408 2887 2867
f 2867 2887 2888
f 2867 2888 2889
f 2890 2891 2431
f 2431 2891 2892
f 2431 2892 2861
f 2889 2888 2893
f 2878 2894 2431
f 2431 2894 2895
f 2431 2895 2890
f 2896 2897 2888
f 2888 2897 2893
f 2898 2899 2895
f 2895 2899 2890
f 2900 2901 2888
f 2888 2901 2896
f 2902 2903 2895
f 2895 2903 2898
f 2642 2622 2620
f 2514 2482 2596
f 2407 2387 2378
f 2376 2904 2378
f 2378 2904 2801
f 2801 2904 2905
f 2801 2905 2623
f 2623 2905 2906
f 2623 2906 2620
f 2620 2906 2907
f 2620 2907 2701
f 2701 2907 2908
f 2701 2908 2482
f 2482 2908 2909
f 2482 2909 2596
f 2596 2909 2910
f 2596 2910 2599
f 2165 2904 2166
f 2166 2904 2140
f 2140 2904 2376
f 2140 2376 2141
f 2141 2376 2377
f 2141 2377 2142
f 2142 2377 2379
f 2142 2379 2074
f 2074 2379 2075
f 2075 2379 2119
f 2119 2379 2147
f 2147 2379 2386
f 2147 2386 2146
f 2146 2386 2145
f 2145 2386 2382
f 2145 2382 2144
f 2144 2382 2381
f 2144 2381 2143
f 2143 2381 2380
f 2143 2380 2050
f 2050 2380 2385
f 2050 2385 2051
f 2051 2385 2384
f 2051 2384 2120
f 2120 2384 2383
f 2120 2383 2158
f 2158 2383 2403
f 2158 2403 2109
f 2109 2403 2402
f 2109 2402 2077
f 2077 2402 2401
f 2077 2401 2079
f 2079 2401 2400
f 2079 2400 2082
f 2082 2400 2399
f 2082 2399 2121
f 2121 2399 2396
f 2121 2396 2122
f 2122 2396 2395
f 2122 2395 2123
f 2123 2395 2394
f 2123 2394 2186
f 2186 2394 2398
f 2186 2398 2187
f 2187 2398 2397
f 2187 2397 2188
f 2188 2397 2393
f 2188 2393 2189
f 2189 2393 2392
f 2189 2392 2190
f 2190 2392 2391
f 2190 2391 2223
f 2223 2391 2390
f 2223 2390 2224
f 2224 2390 2389
f 2224 2389 2225
f 2225 2389 2388
f 2225 2388 2233
f 2233 2388 2387
f 2233 2387 2234
f 2234 2387 2407
f 2234 2407 2235
f 2235 2407 2406
f 2235 2406 2277
f 2277 2406 2405
f 2277 2405 2282
f 2282 2405 2404
f 2282 2404 2269
f 2269 2404 2412
f 2269 2412 2264
f 2264 2412 2411
f 2264 2411 2226
f 2226 2411 2414
f 2226 2414 2228
f 2228 2414 2413
f 2228 2413 2211
f 2211 2413 2409
f 2211 2409 2213
f 2213 2409 2410
f 2213 2410 2215
f 2215 2410 2417
f 2215 2417 2193
f 2193 2417 2416
f 2193 2416 2167
f 2167 2416 2415
f 2167 2415 2159
f 2159 2415 2425
f 2159 2425 2182
f 2182 2425 2424
f 2182 2424 2183
f 2183 2424 2423
f 2183 2423 2173
f 2173 2423 2422
f 2173 2422 2172
f 2172 2422 2421
f 2172 2421 2127
f 2127 2421 2420
f 2127 2420 2128
f 2128 2420 2419
f 2128 2419 2129
f 2129 2419 2418
f 2129 2418 2018
f 2018 2418 2428
f 2018 2428 2019
f 2019 2428 2427
f 2019 2427 2020
f 2020 2427 2426
f 2020 2426 1996
f 1996 2426 2439
f 1996 2439 1998
f 1998 2439 2438
f 1998 2438 2009
f 2009 2438 2437
f 2009 2437 2010
f 2010 2437 2441
f 2010 2441 2000
f 2000 2441 2440
f 2000 2440 1999
f 1999 2440 2436
f 1999 2436 2044
f 2044 2436 2435
f 2044 2435 2045
f 2045 2435 2046
f 2046 2435 2434
f 2046 2434 2065
f 2065 2434 2433
f 2065 2433 2066
f 2066 2433 2067
f 2067 2433 2430
f 2067 2430 2069
f 2069 2430 2429
f 2905 2904 2165
f 2108 2910 2909
f 2909 2908 2108
f 2108 2908 2907
f 2108 2907 2165
f 2165 2907 2906
f 2165 2906 2905
f 2069 2429 2432
f 2069 2432 2679
f 2069 2679 2068
f 2679 2680 2068
f 2068 2680 2682
f 2068 2682 2683
f 2910 2108 2599
f 2599 2108 2139
f 2599 2139 2598
f 2598 2139 2148
f 2598 2148 2595
f 2595 2148 2149
f 2595 2149 2150
f 2595 2150 2151
f 2595 2151 2597
f 2597 2151 2152
f 2597 2152 2153
f 2597 2153 2600
f 2600 2153 2154
f 2600 2154 2601
f 2601 2154 2155
f 2601 2155 2608
f 2608 2155 2156
f 2608 2156 2617
f 2617 2156 2001
f 2617 2001 2618
f 2618 2001 2002
f 2618 2002 2619
f 2619 2002 2005
f 2619 2005 2614
f 2614 2005 2013
f 2614 2013 2615
f 2615 2013 2015
f 2615 2015 2616
f 2616 2015 2047
f 2616 2047 2609
f 2609 2047 2049
f 2609 2049 2610
f 2610 2049 2138
f 2610 2138 2611
f 2611 2138 2104
f 2611 2104 2612
f 2612 2104 2105
f 2612 2105 2613
f 2613 2105 2107
f 2613 2107 2605
f 2605 2107 2136
f 2605 2136 2606
f 2606 2136 2115
f 2606 2115 2607
f 2607 2115 2116
f 2607 2116 2602
f 2602 2116 2118
f 2602 2118 2603
f 2603 2118 2199
f 2603 2199 2604
f 2604 2199 2197
f 2604 2197 2596
f 2596 2197 2198
f 2596 2198 2514
f 2514 2198 2176
f 2219 2586 2218
f 2218 2586 2588
f 2218 2588 2222
f 2222 2588 2594
f 2222 2594 2221
f 2221 2594 2593
f 2221 2593 2232
f 2232 2593 2592
f 2232 2592 2196
f 2196 2592 2533
f 2196 2533 2195
f 2195 2533 2532
f 2195 2532 2178
f 2178 2532 2531
f 2178 2531 2177
f 2177 2531 2529
f 2177 2529 2176
f 2176 2529 2541
f 2176 2541 2514
f 2068 2683 2444
f 2068 2444 2442
f 2068 2442 2449
f 2068 2449 2448
f 2068 2448 2447
f 2068 2447 2446
f 2068 2446 2458
f 2068 2458 2467
f 2068 2467 2032
f 2032 2467 2466
f 2032 2466 2465
f 2032 2465 2464
f 2032 2464 2031
f 2031 2464 2463
f 2031 2463 2071
f 2071 2463 2462
f 2071 2462 2100
f 2100 2462 2461
f 2100 2461 2113
f 2113 2461 2460
f 2113 2460 2131
f 2131 2460 2459
f 2131 2459 2134
f 2134 2459 2457
f 2134 2457 2164
f 2164 2457 2456
f 2164 2456 2174
f 2174 2456 2455
f 2174 2455 2184
f 2184 2455 2454
f 2184 2454 2205
f 2205 2454 2453
f 2205 2453 2204
f 2204 2453 2452
f 2204 2452 2253
f 2253 2452 2451
f 2253 2451 2251
f 2251 2451 2450
f 2251 2450 2250
f 2250 2450 2445
f 2250 2445 2220
f 2220 2445 2443
f 2220 2443 2219
f 2219 2443 2469
f 2219 2469 2586
f 2911 2912 175
f 2911 175 2913
f 2913 175 176
f 312 175 2914
f 2914 175 2912
f 2915 2917 2916
f 310 2919 2918
f 291 295 2920
f 2920 295 296
f 2920 296 2921
f 2921 296 298
f 302 321 2922
f 2922 321 305
f 165 364 2923
f 2923 364 293
f 191 190 189
f 567 565 2924
f 2924 565 571
f 213 253 2925
f 2925 253 211
f 251 212 2926
f 2926 212 213
f 251 2927 250
f 250 2927 248
f 310 2918 308
f 308 2918 2928
f 308 2928 306
f 306 2928 2929
f 306 2929 303
f 303 2929 2930
f 2922 2931 302
f 302 2931 2932
f 302 2932 301
f 301 2932 326
f 291 2933 293
f 293 2933 2923
f 2923 2934 165
f 165 2934 363
f 363 2935 178
f 178 2935 180
f 180 2936 181
f 181 2936 2937
f 181 2937 168
f 168 2937 362
f 475 2938 273
f 273 2938 275
f 277 2939 593
f 593 2939 594
f 594 2940 272
f 272 2940 2941
f 272 2941 271
f 271 2941 270
f 270 2942 264
f 264 2942 266
f 266 2943 202
f 202 2943 204
f 575 2944 576
f 576 2944 2945
f 576 2945 206
f 206 2945 2946
f 206 2946 205
f 205 2946 2947
f 205 2947 571
f 571 2947 2924
f 2924 2948 567
f 567 2948 2949
f 567 2949 560
f 560 2949 2950
f 560 2950 562
f 562 2950 2951
f 562 2951 555
f 555 2951 2952
f 555 2952 557
f 557 2952 2953
f 557 2953 258
f 258 2953 2954
f 2954 2955 261
f 261 2955 2956
f 261 2956 262
f 262 2956 2957
f 262 2957 256
f 256 2957 2958
f 256 2958 551
f 551 2958 2959
f 551 2959 208
f 208 2959 2960
f 208 2960 210
f 210 2960 2961
f 210 2961 211
f 211 2961 2962
f 211 2962 2925
f 2925 2962 2963
f 2963 2964 2926
f 2926 2964 2965
f 2926 2965 251
f 251 2965 2966
f 251 2966 2927
f 2927 2966 2967
f 2967 2969 2968
f 2968 2969 2970
f 2968 2970 2971
f 2971 2970 2972
f 2971 2972 2973
f 2973 2972 2974
f 2973 2974 2975
f 2975 2974 2976
f 2975 2976 2977
f 2977 2976 2915
f 2915 2916 2978
f 2914 2919 312
f 312 2919 310
f 303 2930 305
f 305 2930 2922
f 258 2954 260
f 260 2954 261
f 2925 2963 213
f 213 2963 2926
f 2927 2967 248
f 248 2967 2968
f 2977 2915 156
f 156 2915 2978
f 156 154 2977
f 2977 154 153
f 2977 153 2975
f 2975 153 240
f 2975 240 2973
f 2973 240 243
f 2973 243 2971
f 2971 243 245
f 2971 245 2968
f 2968 245 248
f 1165 2911 2913
f 1165 2913 176
f 156 2978 1939
f 1939 2978 2979
f 1939 2979 2980
f 1939 2980 1438
f 1438 2980 1436
f 2916 2917 2981
f 2981 2917 2982
f 2981 2982 2983
f 2981 2983 2984
f 2984 2983 1436
f 2978 2916 2981
f 2978 2981 2979
f 2979 2981 2984
f 2979 2984 2980
f 2980 2984 1436
f 1197 1188 1167
f 1197 1168 2985
f 2985 1170 2986
f 1197 1167 1168
f 2985 1168 1170
f 1170 1200 2986
f 2987 1370 2988
f 2989 1344 2990
f 2991 1360 2987
f 2986 1332 2992
f 2987 1368 1370
f 1370 1374 2988
f 2988 1374 1325
f 2988 1325 2993
f 2993 1325 1936
f 1200 1209 2986
f 2986 1209 1327
f 2986 1327 1332
f 2992 1332 1335
f 2992 1335 1339
f 2992 1339 2989
f 2989 1339 1344
f 1344 1348 2990
f 2990 1352 1354
f 2990 1354 2991
f 2991 1358 1360
f 1360 1361 1363
f 1360 1363 2987
f 2987 1363 1368
f 1325 1322 1936
f 1327 1330 1332
f 1332 1333 1335
f 1335 1337 1339
f 1339 1341 1343
f 1339 1343 1344
f 1344 1346 1348
f 2990 1348 1350
f 2990 1350 1352
f 1354 1356 2991
f 2991 1356 1358
f 1363 1366 1368
f 1370 1372 1374
f 1374 1377 1325
f 1386 2994 1384
f 1378 2996 2995
f 1381 2994 2997
f 1381 2997 1419
f 1419 2997 2996
f 1378 2995 1574
f 1381 1384 2994
f 1419 2996 1379
f 1379 2996 1378
f 2998 3000 2999
f 2999 3000 3001
f 2999 3001 3002
f 3003 3005 3004
f 3004 3005 3006
f 3007 3009 3008
f 3007 3008 3010
f 3007 3010 3011
f 3007 3011 3012
f 3012 3011 3013
f 3012 3013 3014
f 3015 1589 1570
f 1594 1593 3015
f 3015 1593 1591
f 3015 1591 1589
f 3016 1597 1596
f 1603 1601 3016
f 3016 1601 1599
f 3016 1599 1597
f 1613 1615 1606
f 1610 1609 1613
f 3017 1619 1618
f 1625 1623 3017
f 3017 1623 1621
f 3017 1621 1619
f 1636 1628 1634
f 1639 3018 1641
f 1641 3018 1643
f 1643 3018 1645
f 1693 1686 3019
f 1693 3019 1691
f 1691 3019 1688
f 1696 1695 3020
f 1696 3020 1698
f 1698 3020 1700
f 1700 3020 1702
f 3021 1709 1706
f 3021 1713 1711
f 3021 1711 1709
f 3022 1718 1716
f 1724 1722 3022
f 3022 1722 1720
f 3022 1720 1718
f 1727 1726 1735
f 1733 1735 1731
f 1741 1740 3023
f 1741 3023 1743
f 1743 3023 1745
f 1737 3024 1746
f 1746 3024 1566
f 1566 3024 1748
f 1756 1754 1761
f 1764 1762 3025
f 1764 3025 1766
f 1766 3025 1768
f 1768 3025 1769
f 1793 1795 3026
f 1793 3026 1791
f 1791 3026 1788
f 1803 1802 3027
f 1803 3027 1805
f 1805 3027 1807
f 1800 1799 3028
f 1800 3028 1809
f 1809 3028 1811
f 1811 3028 1813
f 1815 3029 1817
f 1817 3029 1819
f 1819 3029 1821
f 1827 1826 3030
f 1827 3030 1829
f 1829 3030 1830
f 1830 3030 1832
f 3031 1838 1836
f 1844 1842 3031
f 3031 1842 1840
f 3031 1840 1838
f 3032 1847 1846
f 1856 1855 3033
f 3033 1855 1853
f 1853 1851 3032
f 3032 1851 1848
f 3032 1848 1847
f 1856 3033 1858
f 1860 1858 1862
f 1864 1862 1866
f 1869 1868 3034
f 1869 3034 1870
f 1870 3034 1873
f 1873 3034 1875
f 1875 3035 1877
f 3036 1881 1879
f 3035 1879 1878
f 3035 1878 1877
f 3036 1885 1883
f 3036 1883 1881
f 3037 1889 1888
f 1895 1893 3037
f 3037 1893 1891
f 3037 1891 1889
f 3038 1898 1897
f 1904 1903 3038
f 3038 1903 1900
f 3038 1900 1898
f 1913 1911 3039
f 3039 1911 1909
f 3039 1909 1906
f 3040 1919 1918
f 1925 1923 3040
f 3040 1923 1921
f 3040 1921 1919
f 3041 3043 3042
f 3042 3043 3044
f 3042 3044 3045
f 3045 3044 3046
f 3045 3046 3047
f 3047 3046 3048
f 3047 3048 3049
f 3049 1587 3050
f 3050 1574 2995
f 3043 3041 3051
f 3051 3041 3052
f 3051 3052 3053
f 3053 3052 3054
f 3053 3054 3055
f 3055 3054 3056
f 3055 3056 3057
f 3057 3056 3058
f 3057 3058 3059
f 3059 3058 3060
f 3059 3060 3061
f 3061 3060 3062
f 3061 3062 3063
f 3063 3062 3064
f 3063 3064 3065
f 3065 3064 3066
f 3065 3066 3067
f 3067 3066 3068
f 3067 3068 3069
f 3069 3068 3070
f 3069 3070 3071
f 3071 3070 3072
f 3071 3072 3073
f 3073 3072 3074
f 3073 3074 3075
f 3075 3074 3076
f 3075 3076 3077
f 3077 3076 3078
f 3077 3078 3079
f 3079 3078 3080
f 3079 3080 3081
f 3081 3080 3082
f 3081 3082 3083
f 3083 3082 2998
f 3083 2998 3084
f 3084 2998 2999
f 3084 2999 3002
f 3084 3002 3085
f 3085 3002 3003
f 3085 3003 3004
f 3085 3004 1659
f 1659 3004 3006
f 1659 3006 3086
f 1659 3086 3009
f 1659 3009 3007
f 1659 3007 1675
f 1675 3007 3012
f 1675 3012 3087
f 3087 3012 3014
f 3087 3014 3088
f 3087 3088 3089
f 3089 3088 3090
f 3089 3090 3091
f 3091 3090 3092
f 3091 3092 3093
f 3093 3092 3094
f 3093 3094 3095
f 3095 3094 3096
f 3095 3096 3097
f 3097 3096 3098
f 3097 3098 3099
f 3099 3098 3100
f 3099 3100 3101
f 3101 3100 3102
f 3101 3102 3103
f 3103 3102 3104
f 3103 3104 3105
f 3105 3104 3106
f 3105 3106 3107
f 3107 3106 3108
f 3107 3108 3109
f 3109 3108 3110
f 3109 3110 3111
f 3111 3110 3112
f 3111 3112 3113
f 3113 3112 3114
f 3113 3114 3115
f 3115 3114 3116
f 3115 3116 3117
f 3117 3116 3118
f 3117 3118 3119
f 3119 3118 3120
f 3119 3120 3121
f 3121 3120 3122
f 3121 3122 3123
f 3123 3122 3124
f 3123 3124 3125
f 3125 3124 3126
f 3125 3126 3127
f 3127 3126 3128
f 3127 3128 3129
f 3129 3128 3130
f 3129 3130 3131
f 3131 3130 3132
f 3131 3132 3133
f 3133 3132 3134
f 3133 3134 3135
f 3135 3134 3136
f 3135 3136 3137
f 3137 3136 3138
f 3137 3138 3139
f 3139 3138 3140
f 3139 3140 3141
f 3141 3140 3142
f 3141 3142 3143
f 3143 3142 3144
f 3143 3144 3145
f 3145 3144 3146
f 3145 3146 3147
f 3147 3146 3148
f 3147 3148 3149
f 3149 3148 3150
f 3149 3150 3151
f 3151 3150 3152
f 3151 3152 3153
f 3153 3152 3154
f 3153 3154 3155
f 3155 3154 3156
f 3155 3156 3157
f 3157 3156 3158
f 3157 3158 3159
f 3159 3158 3160
f 3159 3160 3161
f 3161 3160 3162
f 3161 3162 3163
f 3163 3162 3164
f 3163 3164 3165
f 3165 3164 3166
f 3165 3166 3167
f 3167 3166 3168
f 3167 3168 3169
f 3169 3168 3170
f 3169 3170 3171
f 3171 3170 3172
f 3171 3172 3173
f 3173 3172 3174
f 3173 3174 3175
f 3175 3174 3176
f 3175 3176 3177
f 3177 3176 3178
f 3177 3178 3179
f 3179 3178 3180
f 3179 3180 3181
f 3181 3180 3182
f 3181 3182 3183
f 3183 3182 3184
f 3183 3184 3185
f 3185 3184 3186
f 3185 3186 3187
f 3187 3186 3188
f 3187 3188 3189
f 3189 3188 3190
f 3189 3190 3191
f 3191 3190 3192
f 3191 3192 3193
f 3193 3192 3194
f 3193 3194 3195
f 3195 3194 3196
f 3195 3196 3197
f 3197 3196 3198
f 3197 3198 3199
f 3199 3198 3200
f 3199 3200 3201
f 3201 3200 3202
f 3201 3202 3203
f 3203 3202 3204
f 3203 3204 3205
f 3205 3204 3206
f 3205 3206 3207
f 3207 3206 3208
f 3207 3208 3209
f 3209 3208 3210
f 3209 3210 3211
f 3211 3210 3212
f 3211 3212 3213
f 3213 3212 3214
f 3213 3214 3215
f 3215 3214 3216
f 3215 3216 3217
f 3217 3216 3218
f 3217 3218 3219
f 3219 3218 3220
f 3219 3220 3221
f 3221 3220 3222
f 3221 3222 3223
f 3223 3222 3224
f 3223 3224 3225
f 3225 3224 3226
f 3225 3226 3227
f 3227 3226 3228
f 3227 3228 3229
f 3229 3228 3230
f 3229 3230 3231
f 3231 3230 3232
f 3231 3232 3233
f 3233 3232 3234
f 3233 3234 3235
f 3235 3234 3236
f 3235 3236 3237
f 3237 3236 3238
f 3237 3238 3239
f 3239 3238 3240
f 3239 3240 3241
f 3241 3240 3242
f 3241 3242 3243
f 3243 3242 3244
f 3243 3244 3245
f 3245 3244 3246
f 3245 3246 3247
f 3247 3246 3248
f 3247 3248 3249
f 3249 3248 3250
f 3249 3250 3251
f 3251 3250 3252
f 3251 3252 3253
f 3253 3252 3254
f 3253 3254 3255
f 3255 3254 3256
f 3255 3256 3257
f 3257 3256 3258
f 3257 3258 3259
f 3259 3258 3260
f 3259 3260 3261
f 3261 3260 3262
f 3261 3262 3263
f 3263 3262 2993
f 3048 1587 3049
f 1587 1584 3050
f 3050 1577 1574
f 3084 3085 1659
f 1675 3087 1684
f 1684 3087 3089
f 1684 3089 3091
f 3135 3137 3264
f 3264 3137 3139
f 3263 2993 1931
f 3051 3265 3043
f 3043 3265 3266
f 3043 3266 3044
f 3044 3266 3267
f 3044 3267 3046
f 3046 3267 3268
f 3046 3268 3048
f 3048 3268 1587
f 3050 1584 1581
f 3050 1581 1577
f 3265 3051 3269
f 3269 3051 3053
f 3269 3053 3270
f 3270 3053 3055
f 3270 3055 3271
f 3271 3055 3057
f 3271 3057 3272
f 3272 3057 3059
f 3272 3059 3273
f 3273 3059 3061
f 3273 3061 3274
f 3274 3061 3063
f 3274 3063 3275
f 3275 3063 3065
f 3275 3065 3276
f 3276 3065 3067
f 3276 3067 3277
f 3277 3067 3069
f 3277 3069 3278
f 3278 3069 3071
f 3278 3071 3279
f 3279 3071 3073
f 3279 3073 1634
f 1634 3073 3075
f 1634 3075 1629
f 1629 3075 3077
f 1629 3077 3280
f 3280 3077 3079
f 3280 3079 3281
f 3281 3079 3081
f 3281 3081 3282
f 3282 3081 3083
f 3282 3083 3283
f 3283 3083 3084
f 3283 3084 3284
f 3284 3084 1659
f 1669 1659 1675
f 1684 3091 3285
f 3285 3091 3093
f 3285 3093 3286
f 3286 3093 3095
f 3286 3095 3287
f 3287 3095 3097
f 3287 3097 3288
f 3288 3097 3099
f 3288 3099 3289
f 3289 3099 3101
f 3289 3101 3290
f 3290 3101 3103
f 3290 3103 1703
f 1703 3103 3105
f 1703 3105 3291
f 3291 3105 3107
f 3291 3107 3292
f 3292 3107 3109
f 3292 3109 1713
f 1713 3109 3111
f 1713 3111 3293
f 3293 3111 3113
f 3293 3113 3294
f 3294 3113 3115
f 3294 3115 3295
f 3295 3115 3117
f 3295 3117 3296
f 3296 3117 3119
f 3296 3119 1735
f 1735 3119 3121
f 1735 3121 3297
f 3297 3121 3123
f 3297 3123 3298
f 3298 3123 3125
f 3298 3125 3299
f 3299 3125 3127
f 3299 3127 3300
f 3300 3127 3129
f 3300 3129 3301
f 3301 3129 3131
f 3301 3131 3302
f 3302 3131 3133
f 3302 3133 3303
f 3303 3133 3135
f 3303 3135 3304
f 3304 3135 3264
f 3264 3139 3305
f 3305 3139 3141
f 3305 3141 1754
f 1754 3141 3143
f 1754 3143 3306
f 3306 3143 3145
f 3306 3145 3307
f 3307 3145 3147
f 3307 3147 3308
f 3308 3147 3149
f 3308 3149 3309
f 3309 3149 3151
f 3309 3151 1758
f 1758 3151 3153
f 1758 3153 3310
f 3310 3153 3155
f 3310 3155 3311
f 3311 3155 3157
f 3311 3157 3312
f 3312 3157 3159
f 3312 3159 3313
f 3313 3159 3161
f 3313 3161 3314
f 3314 3161 3163
f 3314 3163 3315
f 3315 3163 3165
f 3315 3165 3316
f 3316 3165 3167
f 3316 3167 3317
f 3317 3167 3169
f 3317 3169 3318
f 3318 3169 3171
f 3318 3171 3319
f 3319 3171 3173
f 3319 3173 3320
f 3320 3173 3175
f 3320 3175 3321
f 3321 3175 3177
f 3321 3177 3322
f 3322 3177 3179
f 3322 3179 3323
f 3323 3179 3181
f 3323 3181 3324
f 3324 3181 3183
f 3324 3183 3325
f 3325 3183 3185
f 3325 3185 3326
f 3326 3185 3187
f 3326 3187 3327
f 3327 3187 3189
f 3327 3189 3328
f 3328 3189 3191
f 3328 3191 1823
f 1823 3191 3193
f 1823 3193 3329
f 3329 3193 3195
f 3329 3195 3330
f 3330 3195 3197
f 3330 3197 3331
f 3331 3197 3199
f 3331 3199 3332
f 3332 3199 3201
f 3332 3201 3333
f 3333 3201 3203
f 3333 3203 3334
f 3334 3203 3205
f 3334 3205 3335
f 3335 3205 3207
f 3335 3207 3336
f 3336 3207 3209
f 3336 3209 3337
f 3337 3209 3211
f 3337 3211 3338
f 3338 3211 3213
f 3338 3213 3033
f 3033 3213 3215
f 3033 3215 3339
f 3339 3215 3217
f 3339 3217 3340
f 3340 3217 3219
f 3340 3219 3341
f 3341 3219 3221
f 3341 3221 3342
f 3342 3221 3223
f 3342 3223 3343
f 3343 3223 3225
f 3343 3225 3344
f 3344 3225 3227
f 3344 3227 3345
f 3345 3227 3229
f 3345 3229 3346
f 3346 3229 3231
f 3346 3231 3347
f 3347 3231 3233
f 3347 3233 3348
f 3348 3233 3235
f 3348 3235 3349
f 3349 3235 3237
f 3349 3237 3350
f 3350 3237 3239
f 3350 3239 3351
f 3351 3239 3241
f 3351 3241 3352
f 3352 3241 3243
f 3352 3243 3353
f 3353 3243 3245
f 3353 3245 3354
f 3354 3245 3247
f 3354 3247 3355
f 3355 3247 3249
f 3355 3249 3356
f 3356 3249 3251
f 3356 3251 3357
f 3357 3251 3253
f 3357 3253 3358
f 3358 3253 3255
f 3358 3255 3359
f 3359 3255 3257
f 3359 3257 3360
f 3360 3257 3259
f 3360 3259 3361
f 3361 3259 3261
f 3361 3261 3362
f 3362 3261 3263
f 3362 3263 3363
f 3363 3263 1931
f 1931 2993 1936
f 3270 3016 3269
f 3269 3016 3265
f 3266 3015 3267
f 3267 3015 3268
f 1574 1569 1378
f 3361 3040 3360
f 3360 3040 3359
f 3357 3039 3356
f 3356 3039 3355
f 3354 3038 3353
f 3353 3038 3352
f 3351 3037 3350
f 3350 3037 3349
f 3348 3036 3347
f 3347 3036 3346
f 3346 3035 3345
f 3345 3035 3344
f 3344 3034 3343
f 3343 3034 3342
f 3342 3340 3341
f 3338 3032 3337
f 3337 3032 3336
f 3335 3031 3334
f 3334 3031 3333
f 3331 3030 3330
f 3330 3030 3329
f 3328 3029 3327
f 3327 3029 3326
f 3325 3028 3324
f 3324 3028 3322
f 3324 3322 3323
f 3322 3027 3321
f 3321 3027 3320
f 3319 3026 3318
f 3318 3026 3317
f 1758 3025 3309
f 3309 3025 3308
f 3308 3025 3307
f 3305 1749 3264
f 3264 1749 3304
f 3304 3024 3303
f 3303 3024 3302
f 3301 3023 3300
f 3300 3023 3299
f 3295 3022 3294
f 3294 3022 3293
f 1713 3021 3292
f 3292 3021 3291
f 3290 3020 3289
f 3289 3020 3288
f 3287 3019 3286
f 3286 3019 3285
f 1659 1655 3284
f 3282 3018 3281
f 3281 3018 3280
f 1634 3278 3279
f 3277 3017 3276
f 3276 3017 3275
f 3016 1596 3265
f 3265 1596 1594
f 3265 1594 3266
f 3266 1594 3015
f 3015 1570 3268
f 3268 1570 1587
f 1587 1586 1584
f 1581 1579 1577
f 1577 1575 1574
f 3016 3270 1603
f 1603 3270 3271
f 1603 3271 1604
f 1604 3271 3272
f 1604 3272 1606
f 1606 3272 3273
f 1606 3273 1613
f 1613 3273 3274
f 1613 3274 1610
f 1610 3274 3275
f 1610 3275 1618
f 1618 3275 3017
f 3017 3277 1625
f 1625 3277 3278
f 1625 3278 1627
f 1627 3278 1628
f 1628 3278 1634
f 1629 3280 1639
f 1639 3280 3018
f 3018 3282 1645
f 1645 3282 3283
f 1645 3283 1646
f 1646 3283 1648
f 1648 3283 3284
f 1648 3284 1650
f 1650 3284 1655
f 1655 1659 1656
f 1661 1659 1664
f 1664 1659 1666
f 1666 1659 1669
f 1672 1669 1675
f 1678 1675 1684
f 1678 1684 1680
f 1680 1684 1682
f 1684 3285 1686
f 1686 3285 3019
f 3019 3287 1688
f 1688 3287 3288
f 1688 3288 1695
f 1695 3288 3020
f 3020 3290 1702
f 1702 3290 1703
f 1703 3291 1706
f 1706 3291 3021
f 1713 3293 1716
f 1716 3293 3022
f 3022 3295 1724
f 1724 3295 3296
f 1724 3296 1726
f 1726 3296 1735
f 1735 3297 1731
f 1731 3297 3298
f 1731 3298 1729
f 1729 3298 3299
f 1729 3299 1740
f 1740 3299 3023
f 3023 3301 1745
f 1745 3301 3302
f 1745 3302 1737
f 1737 3302 3024
f 3024 3304 1748
f 1748 3304 1749
f 1749 3305 1752
f 1752 3305 1754
f 1754 3306 1761
f 1761 3306 3307
f 1761 3307 1762
f 1762 3307 3025
f 1769 3025 1758
f 1758 3310 1776
f 1776 3310 3311
f 1776 3311 1774
f 1774 3311 3312
f 1774 3312 1771
f 1771 3312 3313
f 1771 3313 1782
f 1782 3313 3314
f 1782 3314 1784
f 1784 3314 3315
f 1784 3315 1786
f 1786 3315 3316
f 1786 3316 1779
f 1779 3316 3317
f 1779 3317 1795
f 1795 3317 3026
f 3026 3319 1788
f 1788 3319 3320
f 1788 3320 1802
f 1802 3320 3027
f 3027 3322 1807
f 1807 3322 1799
f 1799 3322 3028
f 3028 3325 1813
f 1813 3325 3326
f 1813 3326 1815
f 1815 3326 3029
f 3029 3328 1821
f 1821 3328 1823
f 1823 3329 1826
f 1826 3329 3030
f 3030 3331 1832
f 1832 3331 3332
f 1832 3332 1833
f 1833 3332 3333
f 1833 3333 1836
f 1836 3333 3031
f 3031 3335 1844
f 1844 3335 3336
f 1844 3336 1846
f 1846 3336 3032
f 3032 3338 1853
f 1853 3338 3033
f 3033 3339 1858
f 1858 3339 3340
f 1858 3340 1862
f 1862 3340 1866
f 1866 3340 3342
f 1866 3342 1868
f 1868 3342 3034
f 3034 3344 1875
f 1875 3344 3035
f 3035 3346 1879
f 1879 3346 3036
f 3036 3348 1885
f 1885 3348 3349
f 1885 3349 1888
f 1888 3349 3037
f 3037 3351 1895
f 1895 3351 3352
f 1895 3352 1897
f 1897 3352 3038
f 3038 3354 1904
f 1904 3354 3355
f 1904 3355 1906
f 1906 3355 3039
f 3039 3357 1913
f 1913 3357 3358
f 1913 3358 1915
f 1915 3358 3359
f 1915 3359 1918
f 1918 3359 3040
f 3040 3361 1925
f 1925 3361 3362
f 1925 3362 1927
f 1927 3362 3363
f 1927 3363 1929
f 1929 3363 1931
f 1934 1931 1936
f 855 854 851
f 663 664 822
f 629 627 695
f 897 900 899
f 708 2102 704
f 704 2102 705
f 699 2135 700
f 700 2135 909
f 636 2137 662
f 662 2137 827
f 840 2014 842
f 900 2034 2033
f 900 2033 916
f 916 2033 2073
f 916 2073 706
f 706 2073 2072
f 706 2072 707
f 707 2072 2103
f 707 2103 708
f 708 2103 2102
f 2102 2101 705
f 705 2101 2099
f 705 2099 618
f 618 2099 2112
f 618 2112 617
f 617 2112 2114
f 617 2114 620
f 620 2114 2130
f 620 2130 923
f 923 2130 2132
f 923 2132 697
f 697 2132 2133
f 697 2133 699
f 699 2133 2135
f 2135 2163 909
f 909 2163 922
f 922 2175 621
f 621 2175 623
f 625 2185 624
f 624 2185 2208
f 624 2208 696
f 696 2208 2207
f 696 2207 695
f 695 2207 2206
f 695 2206 629
f 629 2206 921
f 921 2254 692
f 692 2254 2252
f 692 2252 690
f 690 2252 689
f 689 2249 682
f 682 2249 684
f 822 2117 663
f 663 2117 825
f 837 2106 834
f 834 2106 828
f 2137 2048 827
f 827 2048 841
f 2014 2012 842
f 842 2012 850
f 850 2004 851
f 851 2004 2003
f 851 2003 855
f 855 2003 812
f 897 1944 2070
f 1944 1537 2070
f 2070 1537 1997
f 1291 814 812
f 1997 1537 1471
f 1475 1477 1514
f 1475 1514 1479
f 1479 1480 2248
f 2248 1480 1482
f 1482 1483 2217
f 2217 1483 2171
f 2171 1483 1486
f 2171 1486 1568
f 2248 1482 2217
f 1479 1514 1515
f 2200 1213 1214
f 2200 1214 2157
f 2157 1214 1221
f 3364 1926 1928
f 1920 1922 3364
f 3364 1922 1924
f 3364 1924 1926
f 1914 1916 3365
f 1914 3365 1912
f 1912 3365 1910
f 1907 1908 3366
f 1907 3366 1905
f 1905 3366 1902
f 1902 3366 1901
f 1896 1899 3367
f 1896 3367 1894
f 1894 3367 1892
f 1892 3367 1890
f 1884 1886 3368
f 1884 3368 1882
f 1882 3368 1880
f 1876 3369 1874
f 1874 3369 1872
f 1872 3369 1871
f 1863 1865 3370
f 1863 3370 1861
f 1861 3370 1859
f 1854 1857 3371
f 1854 3371 1852
f 1852 3371 1850
f 1850 3371 1849
f 3372 1841 1843
f 3372 1837 1839
f 3372 1839 1841
f 3373 1834 1835
f 3373 1828 1831
f 3373 1831 1834
f 1822 1824 3374
f 1822 3374 1820
f 1820 3374 1818
f 1814 1816 3375
f 1814 3375 1812
f 1812 3375 1810
f 1810 3375 1808
f 1808 3376 1801
f 3377 1806 1797
f 3376 1797 1798
f 3376 1798 1801
f 3377 1787 1804
f 3377 1804 1806
f 3378 1790 1789
f 1796 1794 3378
f 3378 1794 1792
f 3378 1792 1790
f 1785 1780 1783
f 1773 1772 3379
f 1773 3379 1775
f 1775 3379 1777
f 1760 1778 3380
f 1760 3380 1759
f 1759 3380 1767
f 1767 3380 1765
f 1763 3381 1757
f 1757 3381 1755
f 1755 3381 1753
f 1750 3382 1565
f 1565 3382 1567
f 1567 3382 1747
f 3383 1744 1738
f 3383 1728 1742
f 3383 1742 1744
f 1736 1734 3384
f 3384 1734 1732
f 3384 1732 1730
f 1721 1723 1719
f 1717 1719 1715
f 1712 1714 3385
f 1712 3385 1710
f 1710 3385 1708
f 1708 3385 1707
f 1707 3386 1705
f 3387 1699 1701
f 3386 1701 1704
f 3386 1704 1705
f 3387 1687 1697
f 3387 1697 1699
f 3388 1690 1689
f 3388 1694 1692
f 3388 1692 1690
f 1681 1683 1679
f 1674 1676 1673
f 1671 1673 1670
f 1665 1667 1663
f 1658 1660 1657
f 1652 1651 1653
f 1642 1644 1630
f 1642 1630 1640
f 1640 1630 1631
f 1633 1632 3389
f 1633 3389 1635
f 1635 3389 1637
f 1637 3389 1638
f 1620 1622 1624
f 1607 1608 1620
f 1614 1612 1611
f 1617 1616 1614
f 1600 1602 1598
f 1592 3390 1590
f 1590 3390 1572
f 1572 3390 1571
f 2210 2170 1582
f 2038 3391 2039
f 2039 3391 3392
f 2039 3392 2040
f 2040 3392 3393
f 2040 3393 2097
f 2097 3393 3394
f 2097 3394 2098
f 2098 3394 3395
f 2098 3395 2027
f 2027 3395 3396
f 2027 3396 2026
f 2026 3396 3397
f 2026 3397 2041
f 2041 3397 3398
f 2041 3398 2042
f 2042 3398 3399
f 2042 3399 2028
f 2028 3399 3400
f 2028 3400 2029
f 2029 3400 3401
f 2029 3401 2030
f 2030 3401 3402
f 2030 3402 2043
f 2043 3402 1991
f 3391 2038 3403
f 3403 2038 2064
f 3403 2064 3404
f 3404 2064 2063
f 3404 2063 3405
f 3405 2063 2037
f 3405 2037 3406
f 3406 2037 2036
f 3406 2036 3407
f 3407 2036 2035
f 3407 2035 3408
f 3408 2035 2096
f 3408 2096 3409
f 3409 2096 2095
f 3409 2095 3410
f 3410 2095 2094
f 3410 2094 3411
f 3411 2094 2093
f 3411 2093 3412
f 3412 2093 2092
f 3412 2092 3413
f 3413 2092 2062
f 3413 2062 3414
f 3414 2062 2061
f 3414 2061 3415
f 3415 2061 2060
f 3415 2060 3416
f 3416 2060 2091
f 3416 2091 3417
f 3417 2091 2090
f 3417 2090 3418
f 3418 2090 2025
f 3418 2025 3419
f 3419 2025 2024
f 3419 2024 3420
f 3420 2024 2023
f 3420 2023 3421
f 3421 2023 2021
f 3421 2021 3422
f 3422 2021 2008
f 3422 2008 3423
f 3423 2008 2006
f 3423 2006 3424
f 3424 2006 2059
f 3424 2059 3425
f 3425 2059 2058
f 3425 2058 3426
f 3426 2058 2057
f 3426 2057 3427
f 3427 2057 2056
f 3427 2056 3428
f 3428 2056 2053
f 3428 2053 3429
f 3429 2053 2111
f 3429 2111 3430
f 3430 2111 2089
f 3430 2089 3431
f 3431 2089 2088
f 3431 2088 3432
f 3432 2088 2086
f 3432 2086 3433
f 3433 2086 2124
f 3433 2124 3434
f 3434 2124 2126
f 3434 2126 3435
f 3435 2126 2125
f 3435 2125 3436
f 3436 2125 2087
f 3436 2087 3437
f 3437 2087 2110
f 3437 2110 3438
f 3438 2110 2085
f 3438 2085 3439
f 3439 2085 2084
f 3439 2084 3440
f 3440 2084 2083
f 3440 2083 3441
f 3441 2083 2055
f 3441 2055 3442
f 3442 2055 2054
f 3442 2054 3443
f 3443 2054 2052
f 3443 2052 3444
f 3444 2052 2007
f 3444 2007 3445
f 3445 2007 2011
f 3445 2011 3446
f 3446 2011 2022
f 3446 2022 3447
f 3447 2022 2017
f 3447 2017 3448
f 3448 2017 2016
f 3448 2016 3449
f 3449 2016 1995
f 3449 1995 3450
f 3450 1995 1994
f 3450 1994 3451
f 3451 1994 1993
f 3451 1993 3452
f 3452 1993 2272
f 3452 2272 3453
f 3453 2272 2271
f 3453 2271 3454
f 3454 2271 2270
f 3454 2270 3455
f 3455 2270 2280
f 3455 2280 3456
f 3456 2280 2279
f 3456 2279 3457
f 3457 2279 2278
f 3457 2278 3458
f 3458 2278 2276
f 3458 2276 3459
f 3459 2276 2285
f 3459 2285 3460
f 3460 2285 2284
f 3460 2284 3461
f 3461 2284 2283
f 3461 2283 3462
f 3462 2283 2281
f 3462 2281 3463
f 3463 2281 2288
f 3463 2288 3464
f 3464 2288 2287
f 3464 2287 3465
f 3465 2287 2286
f 3465 2286 3466
f 3466 2286 2275
f 3466 2275 3467
f 3467 2275 2274
f 3467 2274 3468
f 3468 2274 2273
f 3468 2273 3469
f 3469 2273 2268
f 3469 2268 3470
f 3470 2268 2267
f 3470 2267 3471
f 3471 2267 2266
f 3471 2266 3472
f 3472 2266 2265
f 3472 2265 3473
f 3473 2265 2263
f 3473 2263 3474
f 3474 2263 2262
f 3474 2262 3475
f 3475 2262 2258
f 3475 2258 3476
f 3476 2258 2257
f 3476 2257 3477
f 3477 2257 2256
f 3477 2256 3478
f 3478 2256 2227
f 3478 2227 3479
f 3479 2227 2238
f 3479 2238 3480
f 3480 2238 2237
f 3480 2237 3481
f 3481 2237 2236
f 3481 2236 3482
f 3482 2236 2244
f 3482 2244 3483
f 3483 2244 2243
f 3483 2243 3484
f 3484 2243 2242
f 3484 2242 3485
f 3485 2242 2241
f 3485 2241 3486
f 3486 2241 2240
f 3486 2240 3487
f 3487 2240 2239
f 3487 2239 3488
f 3488 2239 2212
f 3488 2212 3489
f 3489 2212 2247
f 3489 2247 3490
f 3490 2247 2246
f 3490 2246 3491
f 3491 2246 2245
f 3491 2245 3492
f 3492 2245 2261
f 3492 2261 3493
f 3493 2261 2260
f 3493 2260 3494
f 3494 2260 2259
f 3494 2259 3495
f 3495 2259 2216
f 3495 2216 3496
f 3496 2216 2214
f 3496 2214 3497
f 3497 2214 2231
f 3497 2231 3498
f 3498 2231 2230
f 3498 2230 3499
f 3499 2230 2229
f 3499 2229 3500
f 3500 2229 2203
f 3500 2203 3501
f 3501 2203 2202
f 3501 2202 3502
f 3502 2202 2201
f 3502 2201 3503
f 3503 2201 2194
f 3503 2194 3504
f 3504 2194 2192
f 3504 2192 3505
f 3505 2192 2191
f 3505 2191 3506
f 3506 2191 2168
f 3506 2168 3507
f 3507 2168 2169
f 3507 2169 3508
f 3508 2169 2181
f 3508 2181 3509
f 3509 2181 2180
f 3509 2180 3510
f 3510 2180 2179
f 3510 2179 3511
f 3511 2179 2162
f 3511 2162 3512
f 3512 2162 2160
f 3512 2160 3513
f 3513 2160 2161
f 3513 2161 3514
f 3514 2161 2210
f 3470 3471 3515
f 3515 3471 3472
f 1568 2170 2171
f 3403 3516 3391
f 3391 3516 3517
f 3391 3517 3392
f 3392 3517 3518
f 3392 3518 3393
f 3393 3518 3519
f 3393 3519 3394
f 3394 3519 3520
f 3394 3520 3395
f 3395 3520 3521
f 3395 3521 3396
f 3396 3521 3522
f 3396 3522 3397
f 3397 3522 3523
f 3397 3523 3398
f 3398 3523 3524
f 3398 3524 3399
f 3399 3524 3525
f 3399 3525 3400
f 3400 3525 3526
f 3400 3526 3401
f 3401 3526 3527
f 3401 3527 3402
f 3402 1933 1991
f 1991 1933 1937
f 1991 1937 1938
f 3516 3403 3528
f 3528 3403 3404
f 3528 3404 1887
f 1887 3404 3405
f 1887 3405 3529
f 3529 3405 3406
f 3529 3406 3530
f 3530 3406 3407
f 3530 3407 3531
f 3531 3407 3408
f 3531 3408 3532
f 3532 3408 3409
f 3532 3409 3533
f 3533 3409 3410
f 3533 3410 3534
f 3534 3410 3411
f 3534 3411 3535
f 3535 3411 3412
f 3535 3412 3536
f 3536 3412 3413
f 3536 3413 3537
f 3537 3413 3414
f 3537 3414 3538
f 3538 3414 3415
f 3538 3415 3539
f 3539 3415 3416
f 3539 3416 3540
f 3540 3416 3417
f 3540 3417 3541
f 3541 3417 3418
f 3541 3418 1845
f 1845 3418 3419
f 1845 3419 3542
f 3542 3419 3420
f 3542 3420 3543
f 3543 3420 3421
f 3543 3421 3544
f 3544 3421 3422
f 3544 3422 3545
f 3545 3422 3423
f 3545 3423 3546
f 3546 3423 3424
f 3546 3424 3547
f 3547 3424 3425
f 3547 3425 1825
f 1825 3425 3426
f 1825 3426 3548
f 3548 3426 3427
f 3548 3427 3549
f 3549 3427 3428
f 3549 3428 3550
f 3550 3428 3429
f 3550 3429 3551
f 3551 3429 3430
f 3551 3430 3552
f 3552 3430 3431
f 3552 3431 3553
f 3553 3431 3432
f 3553 3432 3554
f 3554 3432 3433
f 3554 3433 3555
f 3555 3433 3434
f 3555 3434 3556
f 3556 3434 3435
f 3556 3435 3557
f 3557 3435 3436
f 3557 3436 3558
f 3558 3436 3437
f 3558 3437 3559
f 3559 3437 3438
f 3559 3438 3560
f 3560 3438 3439
f 3560 3439 3561
f 3561 3439 3440
f 3561 3440 3562
f 3562 3440 3441
f 3562 3441 1783
f 1783 3441 3442
f 1783 3442 3563
f 3563 3442 3443
f 3563 3443 3564
f 3564 3443 3444
f 3564 3444 3565
f 3565 3444 3445
f 3565 3445 3566
f 3566 3445 3446
f 3566 3446 3567
f 3567 3446 3447
f 3567 3447 3568
f 3568 3447 3448
f 3568 3448 3569
f 3569 3448 3449
f 3569 3449 3570
f 3570 3449 3450
f 3570 3450 3571
f 3571 3450 3451
f 3571 3451 3572
f 3572 3451 3452
f 3572 3452 3573
f 3573 3452 3453
f 3573 3453 3574
f 3574 3453 3454
f 3574 3454 3575
f 3575 3454 3455
f 3575 3455 3576
f 3576 3455 3456
f 3576 3456 1739
f 1739 3456 3457
f 1739 3457 3577
f 3577 3457 3458
f 3577 3458 3578
f 3578 3458 3459
f 3578 3459 1728
f 1728 3459 3460
f 1728 3460 3579
f 3579 3460 3461
f 3579 3461 3580
f 3580 3461 3462
f 3580 3462 3581
f 3581 3462 3463
f 3581 3463 3582
f 3582 3463 3464
f 3582 3464 3583
f 3583 3464 3465
f 3583 3465 1719
f 1719 3465 3466
f 1719 3466 3584
f 3584 3466 3467
f 3584 3467 3585
f 3585 3467 3468
f 3585 3468 3586
f 3586 3468 3469
f 3586 3469 3587
f 3587 3469 3470
f 3587 3470 3588
f 3588 3470 3515
f 3515 3472 3589
f 3589 3472 3473
f 3589 3473 3590
f 3590 3473 3474
f 3590 3474 3591
f 3591 3474 3475
f 3591 3475 3592
f 3592 3475 3476
f 3592 3476 3593
f 3593 3476 3477
f 3593 3477 3594
f 3594 3477 3478
f 3594 3478 1683
f 1683 3478 3479
f 1683 3479 1679
f 1679 3479 3480
f 1679 3480 3595
f 3595 3480 3481
f 3595 3481 3596
f 3596 3481 3482
f 3596 3482 1673
f 1673 3482 3483
f 1673 3483 3597
f 3597 3483 3484
f 3597 3484 3598
f 3598 3484 3485
f 3598 3485 3599
f 3599 3485 3486
f 3599 3486 1663
f 1663 3486 3487
f 1663 3487 1662
f 1662 3487 3488
f 1662 3488 3600
f 3600 3488 3489
f 3600 3489 1657
f 1657 3489 3490
f 1657 3490 3601
f 3601 3490 3491
f 3601 3491 3602
f 3602 3491 3492
f 3602 3492 3603
f 3603 3492 3493
f 3603 3493 3604
f 3604 3493 3494
f 3604 3494 3605
f 3605 3494 3495
f 3605 3495 3606
f 3606 3495 3496
f 3606 3496 3607
f 3607 3496 3497
f 3607 3497 3608
f 3608 3497 3498
f 3608 3498 3609
f 3609 3498 3499
f 3609 3499 3610
f 3610 3499 3500
f 3610 3500 3611
f 3611 3500 3501
f 3611 3501 3612
f 3612 3501 3502
f 3612 3502 3613
f 3613 3502 3503
f 3613 3503 1620
f 1620 3503 3504
f 1620 3504 3614
f 3614 3504 3505
f 3614 3505 3615
f 3615 3505 3506
f 3615 3506 1614
f 1614 3506 3507
f 1614 3507 3616
f 3616 3507 3508
f 3616 3508 3617
f 3617 3508 3509
f 3617 3509 3618
f 3618 3509 3510
f 3618 3510 1598
f 1598 3510 3511
f 1598 3511 3619
f 3619 3511 3512
f 3619 3512 3620
f 3620 3512 3513
f 3620 3513 3621
f 3621 3513 3514
f 3621 3514 3622
f 3622 3514 1588
f 1588 3514 2210
f 1578 1582 2170
f 1578 2170 1576
f 1576 2170 1568
f 3528 3367 3516
f 3516 3367 3517
f 3518 3366 3519
f 3519 3366 3520
f 3521 3365 3522
f 3522 3365 3523
f 3525 3364 3526
f 3526 3364 3527
f 3527 1930 3402
f 3402 1930 1933
f 3529 3530 3531
f 3532 3533 3369
f 3369 3533 3534
f 3536 3537 3370
f 3370 3537 3538
f 3539 3540 3371
f 3371 3540 3541
f 3542 3543 3372
f 3372 3543 3544
f 3545 3546 3373
f 3373 3546 3547
f 3548 3549 3374
f 3374 3549 3550
f 3551 3552 3375
f 3375 3552 3553
f 3553 3554 3376
f 3376 3554 3555
f 3555 3556 3377
f 3377 3556 3557
f 3558 3559 3378
f 3378 3559 3560
f 3564 3565 3379
f 3379 3565 3566
f 3567 3568 3380
f 3380 3568 3569
f 3570 3571 3381
f 3381 3571 3572
f 3574 3575 3382
f 3382 3575 3576
f 3577 3578 3383
f 3383 3578 1728
f 3579 3580 3384
f 3384 3580 3581
f 3585 3586 3385
f 3385 3586 3587
f 3587 3588 3386
f 3386 3588 3515
f 3386 3515 3623
f 3623 3515 3589
f 3623 3589 3387
f 3387 3589 3590
f 3591 3592 3388
f 3388 3592 3593
f 3606 3607 1630
f 1630 3607 3608
f 1630 3608 3609
f 3609 3610 3389
f 3389 3610 3611
f 3620 3621 3390
f 3390 3621 3622
f 1887 1890 3528
f 3528 1890 3367
f 3367 1899 3517
f 3517 1899 1901
f 3517 1901 3518
f 3518 1901 3366
f 3366 1908 3520
f 3520 1908 1910
f 3520 1910 3521
f 3521 1910 3365
f 3365 1916 3523
f 3523 1916 1917
f 3523 1917 3524
f 3524 1917 1920
f 3524 1920 3525
f 3525 1920 3364
f 3364 1928 3527
f 3527 1928 1930
f 1930 1932 1933
f 1933 1935 1937
f 1568 1573 1576
f 1578 1580 1582
f 1582 1583 2210
f 2210 1583 1585
f 2210 1585 1588
f 1588 1571 3622
f 3622 1571 3390
f 3390 1592 3620
f 3620 1592 1595
f 3620 1595 3619
f 3619 1595 1598
f 1598 1602 3618
f 3618 1602 1605
f 3618 1605 3617
f 3617 1605 1617
f 3617 1617 3616
f 3616 1617 1614
f 1614 1611 3615
f 3615 1611 1607
f 3615 1607 3614
f 3614 1607 1620
f 1620 1624 3613
f 3613 1624 1626
f 3613 1626 3612
f 3612 1626 1638
f 3612 1638 3611
f 3611 1638 3389
f 3389 1632 3609
f 3609 1632 1630
f 1630 1644 3606
f 3606 1644 1647
f 3606 1647 3605
f 3605 1647 1654
f 3605 1654 3604
f 3604 1654 1653
f 3604 1653 3603
f 3603 1653 1651
f 3603 1651 3602
f 3602 1651 1649
f 3602 1649 3601
f 3601 1649 1657
f 1657 1660 3600
f 3600 1660 1662
f 1663 1667 3599
f 3599 1667 1668
f 3599 1668 3598
f 3598 1668 1670
f 3598 1670 3597
f 3597 1670 1673
f 1673 1676 3596
f 3596 1676 1677
f 3596 1677 3595
f 3595 1677 1679
f 1683 1685 3594
f 3594 1685 1694
f 3594 1694 3593
f 3593 1694 3388
f 3388 1689 3591
f 3591 1689 1687
f 3591 1687 3590
f 3590 1687 3387
f 3387 1701 3623
f 3623 1701 3386
f 3386 1707 3587
f 3587 1707 3385
f 3385 1714 3585
f 3585 1714 1715
f 3585 1715 3584
f 3584 1715 1719
f 1719 1723 3583
f 3583 1723 1725
f 3583 1725 3582
f 3582 1725 1736
f 3582 1736 3581
f 3581 1736 3384
f 3384 1730 3579
f 3579 1730 1728
f 3383 1738 3577
f 3577 1738 1739
f 1739 1747 3576
f 3576 1747 3382
f 3382 1750 3574
f 3574 1750 1751
f 3574 1751 3573
f 3573 1751 1753
f 3573 1753 3572
f 3572 1753 3381
f 3381 1763 3570
f 3570 1763 1765
f 3570 1765 3569
f 3569 1765 3380
f 3380 1778 3567
f 3567 1778 1777
f 3567 1777 3566
f 3566 1777 3379
f 3379 1772 3564
f 3564 1772 1770
f 3564 1770 3563
f 3563 1770 1783
f 1783 1780 3562
f 3562 1780 1781
f 3562 1781 3561
f 3561 1781 1796
f 3561 1796 3560
f 3560 1796 3378
f 3378 1789 3558
f 3558 1789 1787
f 3558 1787 3557
f 3557 1787 3377
f 3377 1797 3555
f 3555 1797 3376
f 3376 1808 3553
f 3553 1808 3375
f 3375 1816 3551
f 3551 1816 1818
f 3551 1818 3550
f 3550 1818 3374
f 3374 1824 3548
f 3548 1824 1825
f 1825 1828 3547
f 3547 1828 3373
f 3373 1835 3545
f 3545 1835 1837
f 3545 1837 3544
f 3544 1837 3372
f 3372 1843 3542
f 3542 1843 1845
f 1845 1849 3541
f 3541 1849 3371
f 3371 1857 3539
f 3539 1857 1859
f 3539 1859 3538
f 3538 1859 3370
f 3370 1865 3536
f 3536 1865 1867
f 3536 1867 3535
f 3535 1867 1871
f 3535 1871 3534
f 3534 1871 3369
f 3369 1876 3532
f 3532 1876 1880
f 3532 1880 3531
f 3531 1880 3368
f 3531 3368 3529
f 3529 3368 1886
f 3529 1886 1887
f 2255 1338 2209
f 1323 1375 2080
f 2076 1359 2078
f 2078 1359 1355
f 1355 1353 2255
f 1375 1371 2080
f 2080 1371 1367
f 2080 1367 2076
f 2076 1367 1365
f 2076 1365 1359
f 1359 1357 1355
f 1353 1351 2255
f 2255 1351 1349
f 1349 1345 2255
f 1345 1342 2255
f 2255 1342 1338
f 1338 1336 2209
f 2209 1336 1334
f 2209 1334 1328
f 2209 1328 2200
f 2200 1328 1213
f 1375 1373 1371
f 1323 1324 1376
f 1323 1376 1375
f 1371 1369 1367
f 1365 1364 1362
f 1365 1362 1359
f 1349 1347 1345
f 1342 1340 1338
f 1334 1331 1328
f 1328 1331 1329
f 1328 1326 1213
f 112 103 2323
f 112 2323 135
f 135 2323 2324
f 135 2324 2325
f 135 2325 2326
f 135 2326 136
f 136 2326 2327
f 136 2327 2328
f 136 2328 125
f 125 2328 2329
f 125 2329 2330
f 125 2330 121
f 121 2330 2331
f 121 2331 2332
f 121 2332 2333
f 121 2333 120
f 120 2333 2334
f 120 2334 2335
f 120 2335 122
f 122 2335 2336
f 122 2336 2337
f 122 2337 2338
f 122 2338 108
f 108 2338 2339
f 108 2339 2340
f 108 2340 2341
f 108 2341 107
f 107 2341 2342
f 107 2342 2343
f 107 2343 110
f 110 2343 2344
f 110 2344 2345
f 110 2345 111
f 111 2345 2346
f 111 2346 2347
f 111 2347 2348
f 111 2348 126
f 126 2348 2349
f 126 2349 2350
f 126 2350 127
f 127 2350 2351
f 127 2351 2352
f 127 2352 2353
f 127 2353 137
f 137 2353 2354
f 137 2354 2355
f 137 2355 129
f 129 2355 2356
f 129 2356 2357
f 129 2357 2358
f 129 2358 128
f 128 2358 2359
f 128 2359 2360
f 128 2360 139
f 139 2360 2361
f 139 2361 2362
f 139 2362 2363
f 139 2363 138
f 138 2363 2364
f 138 2364 2365
f 138 2365 146
f 146 2365 2366
f 146 2366 2367
f 146 2367 2368
f 146 2368 147
f 147 2368 2369
f 147 2369 2370
f 147 2370 2371
f 147 2371 143
f 143 2371 2372
f 143 2372 2373
f 143 2373 140
f 140 2373 2374
f 140 2374 2375
f 140 2375 1
f 140 1 109
f 109 1 4
f 109 4 6
f 109 6 116
f 116 6 7
f 116 7 130
f 130 7 9
f 130 9 11
f 130 11 118
f 118 11 13
f 118 13 15
f 118 15 16
f 118 16 117
f 117 16 18
f 117 18 19
f 117 19 119
f 119 19 21
f 119 21 23
f 119 23 114
f 114 23 25
f 114 25 27
f 114 27 29
f 114 29 113
f 113 29 31
f 113 31 32
f 113 32 115
f 115 32 34
f 115 34 36
f 115 36 38
f 115 38 131
f 131 38 40
f 131 40 42
f 131 42 124
f 124 42 44
f 124 44 46
f 124 46 123
f 123 46 48
f 123 48 50
f 123 50 132
f 132 50 52
f 132 52 141
f 141 52 54
f 141 54 56
f 141 56 58
f 141 58 60
f 141 60 133
f 133 60 61
f 133 61 63
f 133 63 65
f 133 65 105
f 105 65 67
f 105 67 69
f 105 69 71
f 105 71 142
f 142 71 72
f 142 72 74
f 142 74 104
f 104 74 76
f 104 76 78
f 104 78 80
f 104 80 106
f 106 80 81
f 106 81 83
f 106 83 85
f 106 85 87
f 106 87 144
f 144 87 89
f 144 89 91
f 144 91 145
f 145 91 93
f 145 93 95
f 145 95 97
f 145 97 134
f 134 97 99
f 134 99 101
f 134 101 112
f 112 101 103
f 2885 3625 3624
f 2885 3624 2859
f 2859 3624 3626
f 2859 3626 2860
f 2860 3626 3627
f 2860 3627 2863
f 2863 3627 2864
f 2864 3627 2881
f 2881 3627 3628
f 2881 3628 2882
f 2882 3628 2883
f 2883 3628 3629
f 2883 3629 2873
f 2873 3629 2874
f 2874 3629 3630
f 2874 3630 2886
f 2886 3630 2887
f 2887 3630 3631
f 2887 3631 2888
f 3625 2885 3632
f 3632 2885 2880
f 2891 3634 3633
f 2891 3633 2892
f 2892 3633 2861
f 2861 3633 3635
f 2861 3635 2862
f 2862 3635 2871
f 2871 3635 2872
f 2872 3635 2858
f 2858 3635 3636
f 2858 3636 2857
f 2857 3636 2865
f 2865 3636 3637
f 2865 3637 2866
f 2866 3637 3638
f 2866 3638 2880
f 2880 3638 3632
f 3634 2891 3639
f 3639 2891 2890
f 2902 3640 2903
f 2903 3640 3641
f 2903 3641 2898
f 2898 3641 3642
f 2898 3642 2899
f 2899 3642 3643
f 2899 3643 3639
f 2899 3639 2890
f 3640 2902 3644
f 3644 2902 2895
f 2889 3646 3645
f 2889 3645 2867
f 2867 3645 3647
f 2867 3647 2868
f 2868 3647 2869
f 2869 3647 3648
f 2869 3648 2870
f 2870 3648 2875
f 2875 3648 2876
f 2876 3648 3649
f 2876 3649 2877
f 2877 3649 2884
f 2884 3649 3650
f 2884 3650 2879
f 2879 3650 3651
f 2879 3651 2878
f 2878 3651 2894
f 2894 3651 3644
f 2894 3644 2895
f 3646 2889 3652
f 3652 2889 2893
f 2900 3654 3653
f 2900 3653 2901
f 2901 3653 3655
f 2901 3655 2896
f 2896 3655 3656
f 2896 3656 3657
f 2896 3657 2897
f 2897 3657 3652
f 2897 3652 2893
f 3654 2900 3631
f 3631 2900 2888
f 3658 3660 3659
f 3658 3659 3661
f 3661 3659 3662
f 3661 3662 3663
f 3663 3662 3664
f 3663 3664 3665
f 3665 3664 3666
f 3665 3666 3667
f 3667 3666 3668
f 3667 3668 3669
f 3669 3668 3670
f 3669 3670 3671
f 3671 3670 3672
f 3671 3672 3673
f 3673 3672 3674
f 3673 3674 3675
f 3675 3674 3676
f 3675 3676 3677
f 3677 3676 3678
f 3677 3678 3679
f 3679 3678 3680
f 3679 3680 3681
f 3681 3680 3682
f 3681 3682 3683
f 3683 3682 3684
f 3683 3684 3685
f 3685 3684 3686
f 3685 3686 3687
f 3685 3687 3688
f 3688 3687 3689
f 3688 3689 3690
f 3688 3690 3691
f 3691 3690 3692
f 3691 3692 3693
f 3693 3692 3694
f 3693 3694 3695
f 3695 3694 3696
f 3695 3696 3697
f 3697 3696 3698
f 3697 3698 3699
f 3699 3698 3700
f 3699 3700 3701
f 3701 3700 3702
f 3701 3702 3703
f 3660 3658 3704
f 3704 3658 3705
f 3706 3708 3707
f 3706 3707 3709
f 3709 3707 3710
f 3709 3710 3711
f 3711 3710 3712
f 3711 3712 3713
f 3713 3712 3714
f 3713 3714 3715
f 3715 3714 3716
f 3715 3716 3717
f 3717 3716 3718
f 3717 3718 3719
f 3719 3718 3720
f 3719 3720 3721
f 3721 3720 3722
f 3721 3722 3723
f 3723 3722 3724
f 3723 3724 3725
f 3725 3724 3726
f 3725 3726 3727
f 3727 3726 3728
f 3727 3728 3729
f 3729 3728 3730
f 3729 3730 3731
f 3731 3730 3732
f 3731 3732 3733
f 3733 3732 3734
f 3733 3734 3735
f 3733 3735 3736
f 3736 3735 3737
f 3736 3737 3738
f 3736 3738 3739
f 3739 3738 3740
f 3739 3740 3741
f 3741 3740 3742
f 3741 3742 3743
f 3743 3742 3744
f 3743 3744 3745
f 3745 3744 3746
f 3745 3746 3747
f 3747 3746 3748
f 3747 3748 3749
f 3749 3748 3704
f 3749 3704 3705
f 3708 3706 3702
f 3702 3706 3703
f 2855 3751 3750
f 2855 3750 2856
f 2856 3750 3752
f 2856 3752 2837
f 2837 3752 3753
f 2837 3753 2838
f 2838 3753 3754
f 2838 3754 2839
f 2839 3754 3755
f 2839 3755 2800
f 2800 3755 3756
f 2800 3756 2802
f 2802 3756 3757
f 2802 3757 2803
f 2803 3757 3758
f 2803 3758 2813
f 2813 3758 3759
f 2813 3759 2814
f 2814 3759 3760
f 2814 3760 2815
f 2815 3760 3761
f 2815 3761 2825
f 2825 3761 3762
f 2825 3762 2826
f 2826 3762 3763
f 2826 3763 2827
f 2827 3763 3764
f 2827 3764 2843
f 2843 3764 3765
f 2843 3765 2844
f 2844 3765 3766
f 2844 3766 2845
f 2845 3766 3767
f 2845 3767 2795
f 2795 3767 3768
f 2795 3768 2796
f 2796 3768 3769
f 2796 3769 2797
f 2797 3769 3770
f 2797 3770 2807
f 2807 3770 3771
f 2807 3771 2808
f 2808 3771 3772
f 2808 3772 2809
f 2809 3772 3773
f 2809 3773 2816
f 2816 3773 3774
f 2816 3774 2817
f 2817 3774 3775
f 2817 3775 2818
f 2818 3775 3776
f 2818 3776 2840
f 2840 3776 3777
f 2840 3777 2841
f 2841 3777 3778
f 2841 3778 2842
f 2842 3778 3779
f 2842 3779 2846
f 2846 3779 3780
f 2846 3780 2847
f 2847 3780 3781
f 2847 3781 2848
f 3751 2855 3782
f 3782 2855 2854
f 2852 3784 3783
f 2852 3783 2853
f 2853 3783 3785
f 2853 3785 3786
f 2853 3786 2834
f 2834 3786 3787
f 2834 3787 2835
f 2835 3787 3788
f 2835 3788 2836
f 2836 3788 3789
f 2836 3789 2799
f 2799 3789 3790
f 2799 3790 2798
f 2798 3790 3791
f 2798 3791 2810
f 2810 3791 3792
f 2810 3792 2811
f 2811 3792 3793
f 2811 3793 2812
f 2812 3793 3794
f 2812 3794 2819
f 2819 3794 3795
f 2819 3795 2820
f 2820 3795 3796
f 2820 3796 2821
f 2821 3796 3797
f 2821 3797 2828
f 2828 3797 3798
f 2828 3798 2829
f 2829 3798 3799
f 2829 3799 2830
f 2830 3799 3800
f 2830 3800 2794
f 2794 3800 3801
f 2794 3801 2793
f 2793 3801 3802
f 2793 3802 2804
f 2804 3802 3803
f 2804 3803 2805
f 2805 3803 3804
f 2805 3804 2806
f 2806 3804 3805
f 2806 3805 2822
f 2822 3805 3806
f 2822 3806 2823
f 2823 3806 3807
f 2823 3807 2824
f 2824 3807 3808
f 2824 3808 2831
f 2831 3808 3809
f 2831 3809 2832
f 2832 3809 3810
f 2832 3810 2833
f 2833 3810 3811
f 2833 3811 2849
f 2849 3811 3812
f 2849 3812 2850
f 2850 3812 3813
f 2850 3813 2851
f 2851 3813 3782
f 2851 3782 2854
f 3784 2852 3781
f 3781 2852 2848
f 3723 3725 3745
f 3745 3725 3727
f 3745 3727 3743
f 3675 3677 3697
f 3697 3677 3679
f 3697 3679 3695
f 3743 3727 3741
f 3741 3727 3729
f 3741 3729 3739
f 3739 3729 3731
f 3739 3731 3736
f 3745 3715 3717
f 3695 3679 3693
f 3693 3679 3681
f 3693 3681 3691
f 3691 3681 3683
f 3691 3683 3688
f 3717 3719 3745
f 3745 3719 3721
f 3745 3721 3723
f 3715 3745 3713
f 3713 3745 3747
f 3713 3747 3711
f 3711 3747 3749
f 3711 3749 3709
f 3709 3749 3705
f 3709 3705 3706
f 3706 3705 3703
f 3703 3705 3658
f 3703 3658 3661
f 3703 3661 3701
f 3701 3661 3663
f 3701 3663 3699
f 3699 3663 3665
f 3699 3665 3697
f 3697 3665 3667
f 3697 3667 3669
f 3731 3733 3736
f 3669 3671 3697
f 3697 3671 3673
f 3697 3673 3675
f 3683 3685 3688
f 3814 3816 3815
f 3815 3816 3817
f 3818 3820 3819
f 3818 3819 3821
f 3821 3819 3822
f 3821 3822 3823
f 3823 3822 3824
f 3823 3824 3825
f 3825 3824 3826
f 3825 3826 3827
f 3827 3826 3828
f 3827 3828 3829
f 3829 3828 3830
f 3829 3830 3831
f 3831 3830 3832
f 3831 3832 3833
f 3833 3832 3834
f 3833 3834 3835
f 3833 3835 3836
f 3836 3835 3815
f 3836 3815 3817
f 3820 3818 3837
f 3837 3818 3838
f 3816 3814 3839
f 3816 3839 3840
f 3840 3839 3841
f 3840 3841 3842
f 3842 3841 3843
f 3842 3843 3844
f 3844 3843 3845
f 3844 3845 3846
f 3844 3846 3847
f 3847 3846 3848
f 3847 3848 3849
f 3849 3848 3850
f 3849 3850 3851
f 3849 3851 3852
f 3852 3851 3853
f 3852 3853 3854
f 3854 3853 3855
f 3854 3855 3856
f 3856 3855 3837
f 3856 3837 3838
f 3857 3859 3858
f 3857 3858 3860
f 3860 3858 3861
f 3860 3861 3862
f 3862 3861 3863
f 3862 3863 3864
f 3864 3863 3865
f 3864 3865 3866
f 3866 3865 3867
f 3866 3867 3868
f 3866 3868 3869
f 3869 3868 3870
f 3869 3870 3871
f 3871 3870 3872
f 3871 3872 3873
f 3873 3872 3874
f 3873 3874 3875
f 3875 3874 3876
f 3875 3876 3877
f 3859 3857 3878
f 3878 3857 3879
f 3880 3882 3881
f 3880 3881 3883
f 3883 3881 3884
f 3883 3884 3885
f 3885 3884 3886
f 3885 3886 3887
f 3887 3886 3888
f 3887 3888 3889
f 3889 3888 3890
f 3889 3890 3891
f 3891 3890 3892
f 3891 3892 3893
f 3893 3892 3894
f 3893 3894 3895
f 3893 3895 3896
f 3896 3895 3897
f 3896 3897 3898
f 3898 3897 3878
f 3898 3878 3879
f 3882 3880 3876
f 3876 3880 3877
f 2621 3900 3899
f 2621 3899 2672
f 2672 3899 3901
f 2672 3901 3902
f 2672 3902 2656
f 2656 3902 3903
f 2656 3903 2657
f 2657 3903 3904
f 2657 3904 2658
f 2658 3904 3905
f 2658 3905 2652
f 2652 3905 3906
f 2652 3906 2651
f 2651 3906 3907
f 2651 3907 2659
f 2659 3907 3908
f 2659 3908 2660
f 2660 3908 3909
f 2660 3909 2661
f 2661 3909 3910
f 2661 3910 2662
f 2662 3910 3911
f 2662 3911 2663
f 2663 3911 3912
f 2663 3912 3913
f 2663 3913 2673
f 2673 3913 3914
f 2673 3914 2674
f 2674 3914 3915
f 2674 3915 2676
f 2676 3915 3916
f 2676 3916 3917
f 2676 3917 2675
f 2675 3917 3918
f 2675 3918 2650
f 2650 3918 3919
f 2650 3919 2649
f 2649 3919 3920
f 2649 3920 2668
f 2668 3920 3921
f 2668 3921 2664
f 2664 3921 3922
f 2664 3922 2665
f 2665 3922 3923
f 2665 3923 2666
f 2666 3923 3924
f 2666 3924 2667
f 2667 3924 3925
f 2667 3925 2653
f 2653 3925 3926
f 2653 3926 2654
f 2654 3926 3927
f 2654 3927 2655
f 2655 3927 3928
f 2655 3928 2669
f 2669 3928 3929
f 2669 3929 2670
f 2670 3929 3930
f 2670 3930 2671
f 2671 3930 3931
f 2671 3931 2677
f 2677 3931 3932
f 2677 3932 2678
f 2678 3932 3933
f 3900 2621 3934
f 3934 2621 2622
f 2645 3936 3935
f 2645 3935 2632
f 2632 3935 3937
f 2632 3937 2631
f 2631 3937 3938
f 2631 3938 2630
f 2630 3938 3939
f 2630 3939 2633
f 2633 3939 3940
f 2633 3940 2634
f 2634 3940 3941
f 2634 3941 2624
f 2624 3941 3942
f 2624 3942 2625
f 2625 3942 3943
f 2625 3943 2626
f 2626 3943 3944
f 2626 3944 3945
f 2626 3945 2641
f 2641 3945 3946
f 2641 3946 2642
f 2642 3946 3947
f 2642 3947 2622
f 2622 3947 3934
f 3936 2645 3948
f 3948 2645 2644
f 2646 3950 3949
f 2646 3949 3951
f 2646 3951 2647
f 2647 3951 3952
f 2647 3952 3953
f 2647 3953 2635
f 2635 3953 3954
f 2635 3954 2636
f 2636 3954 3955
f 2636 3955 2637
f 2637 3955 3956
f 2637 3956 2629
f 2629 3956 3957
f 2629 3957 2628
f 2628 3957 3958
f 2628 3958 2638
f 2638 3958 3959
f 2638 3959 2639
f 2639 3959 3960
f 2639 3960 2640
f 2640 3960 3961
f 2640 3961 2643
f 2643 3961 3948
f 2643 3948 2644
f 3950 2646 3933
f 3933 2646 2678
f 3875 3877 3857
f 3857 3877 3879
f 3879 3877 3880
f 3879 3880 3898
f 3866 3871 3864
f 3889 3893 3887
f 3857 3860 3875
f 3875 3860 3862
f 3875 3862 3873
f 3873 3862 3871
f 3871 3862 3864
f 3866 3869 3871
f 3880 3883 3898
f 3898 3883 3885
f 3898 3885 3896
f 3896 3885 3893
f 3893 3885 3887
f 3889 3891 3893
f 3836 3817 3818
f 3818 3817 3838
f 3838 3817 3816
f 3838 3816 3856
f 3827 3833 3825
f 3847 3854 3844
f 3818 3821 3836
f 3836 3821 3823
f 3836 3823 3833
f 3833 3823 3825
f 3827 3829 3833
f 3833 3829 3831
f 3816 3840 3856
f 3856 3840 3842
f 3856 3842 3854
f 3854 3842 3844
f 3847 3849 3854
f 3854 3849 3852
f 3962 2784 3963
f 3963 2784 2783
f 2788 3965 3964
f 2788 3964 3966
f 2788 3966 3967
f 2788 3967 2787
f 2787 3967 3968
f 2787 3968 2785
f 2785 3968 3969
f 2785 3969 2786
f 2786 3969 3970
f 2786 3970 2789
f 2789 3970 3971
f 2789 3971 2790
f 2790 3971 3972
f 2790 3972 2791
f 2791 3972 3973
f 2791 3973 2792
f 2792 3973 3974
f 2792 3974 2781
f 2781 3974 3975
f 2781 3975 2782
f 2782 3975 3963
f 2782 3963 2783
f 3965 2788 3976
f 3976 2788 2777
f 2748 3978 3977
f 2748 3977 3979
f 2748 3979 2743
f 2743 3979 2744
f 2744 3979 2745
f 2745 3979 3980
f 2745 3980 2763
f 2763 3980 2749
f 2749 3980 2750
f 2750 3980 2754
f 2754 3980 3981
f 2754 3981 2755
f 2755 3981 2776
f 2776 3981 3976
f 2776 3976 2777
f 3978 2748 3982
f 3982 2748 2780
f 2772 3984 3983
f 2772 3983 2773
f 2773 3983 3985
f 2773 3985 2759
f 2759 3985 3986
f 2759 3986 2760
f 2760 3986 3987
f 2760 3987 2761
f 2761 3987 3988
f 2761 3988 2762
f 2762 3988 3989
f 2762 3989 2774
f 2774 3989 3990
f 2774 3990 2775
f 2775 3990 3991
f 2775 3991 2766
f 2766 3991 3992
f 2766 3992 2752
f 2752 3992 3993
f 2752 3993 2753
f 2753 3993 3994
f 2753 3994 2769
f 2769 3994 3995
f 2769 3995 2770
f 2770 3995 3996
f 2770 3996 2771
f 2771 3996 3997
f 2771 3997 2778
f 2778 3997 3982
f 2778 3982 2779
f 2779 3982 2780
f 3984 2772 3998
f 3998 2772 2768
f 2784 3962 3999
f 2784 3999 2751
f 2751 3999 4000
f 2751 4000 2746
f 2746 4000 2747
f 2747 4000 2756
f 2756 4000 4001
f 2756 4001 2757
f 2757 4001 2758
f 2758 4001 4002
f 2758 4002 2764
f 2764 4002 4003
f 2764 4003 2765
f 2765 4003 4004
f 2765 4004 2767
f 2767 4004 3998
f 2767 3998 2768
f 4005 2688 4006
f 4006 2688 2698
f 2692 4008 4007
f 2692 4007 2694
f 2694 4007 4009
f 2694 4009 2693
f 2693 4009 4010
f 2693 4010 2716
f 2716 4010 4011
f 2716 4011 2739
f 2739 4011 4012
f 2739 4012 2736
f 2736 4012 4013
f 2736 4013 2738
f 2738 4013 4014
f 2738 4014 4015
f 2738 4015 2737
f 2737 4015 4016
f 2737 4016 2740
f 2740 4016 4017
f 2740 4017 2741
f 2741 4017 4018
f 2741 4018 2715
f 2715 4018 4019
f 2715 4019 2717
f 2717 4019 4020
f 2717 4020 2706
f 2706 4020 4021
f 2706 4021 2707
f 2707 4021 4022
f 2707 4022 2708
f 2708 4022 4006
f 2708 4006 2698
f 4008 2692 4023
f 4023 2692 2697
f 2735 4025 4024
f 2735 4024 2702
f 2702 4024 4026
f 2702 4026 2684
f 2684 4026 2685
f 2685 4026 4027
f 2685 4027 2703
f 2703 4027 4028
f 2703 4028 2709
f 2709 4028 4029
f 2709 4029 2690
f 2690 4029 2687
f 2687 4029 4030
f 2687 4030 2686
f 2686 4030 2696
f 2696 4030 4023
f 2696 4023 2697
f 4025 2735 4031
f 4031 2735 2734
f 2742 4033 4032
f 2742 4032 2725
f 2725 4032 4034
f 2725 4034 2726
f 2726 4034 4035
f 2726 4035 2727
f 2727 4035 4036
f 2727 4036 2710
f 2710 4036 4037
f 2710 4037 2711
f 2711 4037 4038
f 2711 4038 2718
f 2718 4038 4039
f 2718 4039 2719
f 2719 4039 4040
f 2719 4040 2720
f 2720 4040 4041
f 2720 4041 2724
f 2724 4041 4042
f 2724 4042 2712
f 2712 4042 4043
f 2712 4043 4044
f 2712 4044 2713
f 2713 4044 4045
f 2713 4045 2714
f 2714 4045 4046
f 2714 4046 2721
f 2721 4046 4047
f 2721 4047 2722
f 2722 4047 4048
f 2722 4048 2723
f 2723 4048 4049
f 2723 4049 2731
f 2731 4049 4050
f 2731 4050 2732
f 2732 4050 4051
f 2732 4051 2733
f 2733 4051 4031
f 2733 4031 2734
f 4033 2742 4052
f 4052 2742 2730
f 2688 4005 4053
f 2688 4053 2695
f 2695 4053 4054
f 2695 4054 2689
f 2689 4054 2691
f 2691 4054 2699
f 2699 4054 4055
f 2699 4055 2700
f 2700 4055 2704
f 2704 4055 4056
f 2704 4056 2705
f 2705 4056 4057
f 2705 4057 2728
f 2728 4057 2729
f 2729 4057 4052
f 2729 4052 2730
f 2574 4059 4058
f 2574 4058 2556
f 2556 4058 4060
f 2556 4060 2481
f 2481 4060 2483
f 2483 4060 2484
f 2484 4060 4061
f 2484 4061 2517
f 2517 4061 2518
f 2518 4061 4062
f 2518 4062 2485
f 2485 4062 2486
f 2486 4062 4063
f 2486 4063 2487
f 2487 4063 2544
f 2544 4063 4064
f 2544 4064 2504
f 4059 2574 4065
f 4065 2574 2573
f 2590 4067 4066
f 2590 4066 2591
f 2591 4066 4068
f 2591 4068 2578
f 2578 4068 4069
f 2578 4069 2579
f 2579 4069 4070
f 2579 4070 2580
f 2580 4070 4071
f 2580 4071 2550
f 2550 4071 4072
f 2550 4072 2551
f 2551 4072 4073
f 2551 4073 2552
f 2552 4073 4074
f 2552 4074 2569
f 2569 4074 4075
f 2569 4075 2570
f 2570 4075 4076
f 2570 4076 2571
f 2571 4076 4077
f 2571 4077 2584
f 2584 4077 4078
f 2584 4078 2585
f 2585 4078 4079
f 2585 4079 2587
f 2587 4079 4080
f 2587 4080 2589
f 2589 4080 4081
f 2589 4081 2530
f 2530 4081 4082
f 2530 4082 2513
f 2513 4082 4083
f 2513 4083 2515
f 2515 4083 4084
f 2515 4084 2516
f 2516 4084 4085
f 2516 4085 2527
f 2527 4085 4086
f 2527 4086 2528
f 2528 4086 4087
f 2528 4087 2524
f 2524 4087 4088
f 2524 4088 2525
f 2525 4088 4089
f 2525 4089 2526
f 2526 4089 4090
f 2526 4090 2521
f 2521 4090 4091
f 2521 4091 2522
f 2522 4091 4092
f 2522 4092 2523
f 2523 4092 4093
f 2523 4093 2557
f 2557 4093 4094
f 2557 4094 2558
f 2558 4094 4095
f 2558 4095 2559
f 2559 4095 4096
f 2559 4096 2572
f 2572 4096 4065
f 2572 4065 2573
f 4067 2590 4097
f 4097 2590 2583
f 2561 4099 4098
f 2561 4098 2562
f 2562 4098 4100
f 2562 4100 2546
f 2546 4100 4101
f 2546 4101 2545
f 2545 4101 4102
f 2545 4102 2543
f 2543 4102 4103
f 2543 4103 2542
f 2542 4103 4104
f 2542 4104 2547
f 2547 4104 4105
f 2547 4105 2548
f 2548 4105 4106
f 2548 4106 2549
f 2549 4106 4107
f 2549 4107 2575
f 2575 4107 4108
f 2575 4108 2576
f 2576 4108 4109
f 2576 4109 2577
f 2577 4109 4110
f 2577 4110 2568
f 2568 4110 4111
f 2568 4111 2567
f 2567 4111 4112
f 2567 4112 2534
f 2534 4112 4113
f 2534 4113 2535
f 2535 4113 4114
f 2535 4114 2536
f 2536 4114 4115
f 2536 4115 2537
f 2537 4115 4116
f 2537 4116 2538
f 2538 4116 4117
f 2538 4117 2539
f 2539 4117 4118
f 2539 4118 2540
f 2540 4118 4119
f 2540 4119 2581
f 2581 4119 4120
f 2581 4120 2582
f 2582 4120 4097
f 2582 4097 2583
f 4099 2561 4121
f 4121 2561 2560
f 2470 4123 4122
f 2470 4122 2472
f 2472 4122 4124
f 2472 4124 2473
f 2473 4124 2475
f 2475 4124 4125
f 2475 4125 2488
f 2488 4125 2498
f 2498 4125 2505
f 2505 4125 4126
f 2505 4126 2479
f 2479 4126 4127
f 2479 4127 2480
f 2480 4127 4128
f 2480 4128 2503
f 2503 4128 4121
f 2503 4121 2560
f 4123 2470 4129
f 4129 2470 2491
f 2492 4131 4130
f 2492 4130 2563
f 2563 4130 4132
f 2563 4132 2564
f 2564 4132 4133
f 2564 4133 2554
f 2554 4133 4134
f 2554 4134 2553
f 2553 4134 4135
f 2553 4135 2565
f 2565 4135 4136
f 2565 4136 2566
f 2566 4136 4137
f 2566 4137 2555
f 2555 4137 4138
f 2555 4138 2493
f 2493 4138 4129
f 2493 4129 2491
f 4131 2492 4139
f 4139 2492 2471
f 2478 4141 4140
f 2478 4140 2477
f 2477 4140 4142
f 2477 4142 2500
f 2500 4142 4143
f 2500 4143 2501
f 2501 4143 4144
f 2501 4144 2502
f 2502 4144 4145
f 2502 4145 2511
f 2511 4145 4146
f 2511 4146 2512
f 2512 4146 4147
f 2512 4147 2509
f 2509 4147 4148
f 2509 4148 2510
f 2510 4148 4149
f 2510 4149 2506
f 2506 4149 4150
f 2506 4150 2507
f 2507 4150 4151
f 2507 4151 2508
f 2508 4151 4152
f 2508 4152 2519
f 2519 4152 4153
f 2519 4153 2520
f 2520 4153 4154
f 2520 4154 2499
f 2499 4154 4155
f 2499 4155 2497
f 2497 4155 4156
f 2497 4156 2490
f 2490 4156 4157
f 2490 4157 2489
f 2489 4157 4158
f 2489 4158 2494
f 2494 4158 4159
f 2494 4159 2495
f 2495 4159 4160
f 2495 4160 2496
f 2496 4160 4161
f 2496 4161 2476
f 2476 4161 4162
f 2476 4162 2474
f 2474 4162 4139
f 2474 4139 2471
f 4141 2478 4064
f 4064 2478 2504
f 4163 4165 4164
f 4166 4168 4167
f 4164 4165 4169
f 4166 4163 4164
f 4166 4164 4170
f 4168 4166 4171
f 4167 4172 4166
f 4169 4165 4173
f 4172 4163 4166
f 1299 660 1298
f 4174 4176 4175
f 4174 4175 4177
f 4178 4177 4179
f 4180 4181 4175
f 4182 4180 4175
f 4175 4183 4179
f 4176 4182 4175
f 4177 4175 4179
f 4178 4184 4177
f 4169 1316 4164
f 4164 1316 1315
f 1319 1318 4165
f 4165 1318 4173
f 4173 1318 1317
f 4173 1317 4169
f 1317 1316 4169
f 1315 1314 4164
f 4164 1314 4170
f 1311 4170 1314
f 4163 1292 4165
f 4165 1292 1319
f 1304 4166 1311
f 1311 4166 4170
f 4167 1294 4172
f 4172 1294 1293
f 1293 1292 4172
f 4172 1292 4163
f 1304 1303 4166
f 4166 1303 4171
f 1297 4171 1303
f 4171 1297 4168
f 4168 1297 1295
f 4168 1295 4167
f 4167 1295 1294
f 4181 1309 4175
f 4175 1309 1308
f 1313 1312 4182
f 1312 1310 4182
f 4182 1310 4180
f 4180 1310 4181
f 1310 1309 4181
f 4175 1308 4183
f 1308 1307 4183
f 4183 1307 1306
f 4183 1306 4179
f 1051 4179 1306
f 4176 1302 4182
f 4182 1302 1313
f 1301 4178 1051
f 1051 4178 4179
f 1296 1305 4174
f 4174 1305 4176
f 1305 1302 4176
f 4178 1301 1300
f 4178 1300 4184
f 4184 1300 1299
f 4184 1299 4177
f 1299 1298 4177
f 4177 1298 4174
f 4174 1298 1296
f 1938 1320 4185
f 1938 4185 1992
f 2081 4186 1323
f 1323 4186 1321
f 2081 1992 4186
f 4186 1992 4185
f 1320 4186 4185
f 1321 4186 1320
f 1196 3050 2995
f 1391 1166 1196
f 1196 1388 1391
f 1197 3049 1196
f 1196 3049 3050
f 3041 3042 1197
f 1197 3042 3045
f 1197 3045 3047
f 1197 3047 3049
f 3058 3056 1197
f 1197 3056 3054
f 1197 3054 3052
f 1197 3052 3041
f 3058 1197 3060
f 3060 1197 2985
f 3060 2985 3062
f 2985 3066 3064
f 2985 3064 3062
f 1436 1166 1391
f 3074 3072 2985
f 2985 3072 3070
f 2985 3070 3068
f 2985 3068 3066
f 2983 1166 1436
f 3074 2985 3076
f 3076 2985 3078
f 2985 3082 3080
f 2985 3080 3078
f 3002 3001 2985
f 2985 3001 3000
f 2985 3000 2998
f 2985 2998 3082
f 1386 1387 1196
f 3002 2985 3003
f 3003 2985 3005
f 3005 2985 3006
f 3006 2985 3086
f 1196 1387 1388
f 2982 1166 2983
f 2985 3009 3086
f 2982 1165 1166
f 2985 3010 3008
f 2985 3008 3009
f 3014 3013 2985
f 2985 3013 3011
f 2985 3011 3010
f 3014 2985 3088
f 3088 2985 3090
f 3090 2985 3092
f 3092 2985 3094
f 3094 2985 3096
f 3096 2985 3098
f 3098 2985 3100
f 2914 2912 2917
f 2917 2912 2911
f 3100 2985 3102
f 3102 2985 3104
f 3104 2985 3106
f 2994 1386 1196
f 2996 2997 1196
f 1196 2995 2996
f 2947 2946 2914
f 2914 2946 2945
f 2914 2945 2944
f 200 198 2919
f 2919 198 281
f 3106 2985 2986
f 2993 3262 3142
f 3200 3198 3262
f 201 280 2919
f 2919 280 279
f 2919 279 278
f 278 465 2919
f 2919 465 468
f 2919 468 200
f 3128 3126 2993
f 2993 3126 3124
f 3244 3242 3258
f 3140 3138 2993
f 2993 3138 3136
f 2993 3136 3134
f 2949 2948 2914
f 2914 2948 2924
f 2914 2924 2947
f 281 282 2919
f 2919 282 195
f 2919 195 287
f 2917 2911 2982
f 2982 2911 1165
f 3140 2993 3142
f 3258 3242 3260
f 3134 3132 2993
f 2993 3132 3130
f 2993 3130 3128
f 275 2938 2919
f 2919 2938 475
f 2919 475 201
f 2986 2992 3106
f 3106 2988 2993
f 3238 3236 3262
f 3230 3228 3262
f 3262 3228 3226
f 3262 3226 3224
f 3198 3196 3262
f 3262 3196 3194
f 3262 3194 3192
f 3170 3168 3262
f 3262 3168 3166
f 3262 3166 3164
f 3118 3116 2993
f 2993 3116 3114
f 2993 3114 3112
f 287 286 2919
f 2919 286 351
f 2919 351 2918
f 3224 3222 3262
f 3262 3222 3220
f 3262 3220 3218
f 3152 3150 3262
f 3262 3150 3148
f 3262 3148 3146
f 3142 3262 3144
f 3144 3262 3146
f 3124 3122 2993
f 2993 3122 3120
f 2993 3120 3118
f 3112 3110 2993
f 2993 3110 3108
f 2993 3108 3106
f 2952 2951 2914
f 2914 2951 2950
f 2914 2950 2949
f 2992 2989 3106
f 2987 2988 3106
f 3244 3258 3246
f 3246 3258 3256
f 3246 3256 3254
f 3260 3242 3262
f 3262 3242 3240
f 3262 3240 3238
f 3236 3234 3262
f 3262 3234 3232
f 3262 3232 3230
f 3218 3216 3262
f 3262 3216 3214
f 3262 3214 3212
f 3192 3190 3262
f 3262 3190 3188
f 3262 3188 3186
f 3180 3178 3262
f 3262 3178 3176
f 2939 277 2919
f 2919 277 276
f 2919 276 275
f 3106 2989 2990
f 3106 2991 2987
f 3252 3250 3254
f 3254 3250 3248
f 3254 3248 3246
f 3176 3174 3262
f 3262 3174 3172
f 3262 3172 3170
f 3164 3162 3262
f 3262 3162 3160
f 3262 3160 3158
f 3158 3156 3262
f 3262 3156 3154
f 3262 3154 3152
f 2990 2991 3106
f 3212 3210 3262
f 3262 3210 3208
f 3262 3208 3206
f 3206 3204 3262
f 3262 3204 3202
f 3262 3202 3200
f 2955 2954 2914
f 2914 2954 2953
f 2914 2953 2952
f 351 194 2918
f 2918 194 193
f 2918 193 191
f 3186 3184 3262
f 3262 3184 3182
f 3262 3182 3180
f 1196 2997 2994
f 2941 2940 2919
f 2919 2940 594
f 2919 594 2939
f 2958 2957 2914
f 2914 2957 2956
f 2914 2956 2955
f 2931 189 289
f 189 2931 191
f 191 2931 2922
f 191 2922 2930
f 266 2942 2919
f 2919 2942 270
f 2919 270 2941
f 2930 2929 191
f 191 2929 2928
f 191 2928 2918
f 2944 575 2914
f 2914 575 204
f 2914 204 2919
f 2919 204 2943
f 2919 2943 266
f 2961 2960 2914
f 2914 2960 2959
f 2914 2959 2958
f 289 290 2931
f 2931 290 355
f 2931 355 186
f 2931 362 2937
f 2937 2936 2931
f 2931 2936 180
f 2931 180 2935
f 186 187 2931
f 2931 187 357
f 2931 357 185
f 2969 2967 2914
f 2967 2966 2914
f 2914 2966 2965
f 2914 2965 2964
f 185 184 2931
f 2931 184 182
f 2931 182 362
f 2964 2963 2914
f 2914 2963 2962
f 2914 2962 2961
f 2917 2915 2914
f 2914 2915 2976
f 2914 2976 2974
f 2935 363 2931
f 2931 363 2934
f 2931 2934 2932
f 2932 2934 2923
f 2932 2923 2933
f 2974 2972 2914
f 2914 2972 2970
f 2914 2970 2969
f 2933 291 2932
f 2932 291 2920
f 2932 2920 2921
f 2921 298 2932
f 2932 298 297
f 2932 297 326
f 4187 4189 4188
f 4190 4192 4191
f 4191 4192 4193
f 4193 4192 4194
f 4193 4194 4195
f 4195 4194 4196
f 4196 4194 4197
f 4188 4189 4198
f 4188 4198 4199
f 4199 4198 4200
f 4200 4198 4201
f 4200 4201 4202
f 4202 4201 4203
f 4203 4201 4204
f 4203 4204 4205
f 4205 4204 4206
f 4206 4204 4207
f 4206 4207 4208
f 4208 4207 4209
f 4208 4209 4210
f 4210 4209 4211
f 4211 4209 4190
f 4190 4209 4192
f 4212 4214 4213
f 4212 4213 4215
f 4215 4213 4216
f 4216 4213 4217
f 4216 4217 4218
f 4218 4217 4219
f 4218 4219 4220
f 4221 4223 4222
f 4224 4220 4219
f 4222 4223 4225
f 4222 4225 4226
f 4226 4225 4227
f 4227 4225 4228
f 4227 4228 4229
f 4229 4228 4230
f 4230 4228 4231
f 4230 4231 4232
f 4232 4231 4233
f 4232 4233 4234
f 4234 4233 4235
f 4235 4233 4236
f 4235 4236 4237
f 4237 4236 4212
f 4212 4236 4214
f 4238 4240 4239
f 4241 4243 4242
f 4243 4241 4244
f 4244 4241 4245
f 4244 4245 4246
f 4246 4245 4247
f 4246 4247 4248
f 4246 4248 4249
f 4249 4248 4250
f 4239 4240 4251
f 4251 4240 4252
f 4251 4252 4253
f 4253 4252 4254
f 4254 4252 4255
f 4255 4252 4256
f 4255 4256 4257
f 4257 4256 4258
f 4257 4258 4259
f 4259 4258 4260
f 4260 4258 4261
f 4260 4261 4262
f 4262 4261 4250
f 4250 4261 4249
f 4263 4238 4239
f 4264 4266 4265
f 4267 4269 4268
f 4268 4269 4270
f 4268 4270 4271
f 4271 4270 4272
f 4272 4270 4273
f 4272 4273 4274
f 4274 4273 4275
f 4275 4273 4276
f 4275 4276 4264
f 4264 4276 4266
f 4277 4279 4278
f 4280 4281 4277
f 4277 4281 4279
f 4280 4282 4281
f 4283 4285 4284
f 4284 4285 4286
f 4284 4286 4287
f 4288 4290 4289
f 4289 4290 4285
f 4289 4285 4283
f 4291 4292 4289
f 4289 4292 4288
f 4293 4294 4291
f 4291 4294 4292
f 4295 4296 4293
f 4293 4296 4294
f 4295 4297 4296
f 4297 4295 4298
f 4297 4298 4299
f 4299 4298 4300
f 4299 4300 4301
f 4301 4300 4302
f 4301 4302 4303
f 4303 4302 4304
f 4303 4304 4305
f 4305 4304 4306
f 4305 4306 4307
f 4307 4306 4308
f 4307 4308 4309
f 4309 4308 4310
f 4309 4310 4311
f 4311 4310 4312
f 4311 4312 4313
f 4313 4312 4314
f 4313 4314 4315
f 4314 4316 4315
f 4316 4317 4315
f 4316 4277 4317
f 4277 4278 4317
f 4280 4319 4318
f 4282 4280 4318
f 4320 4318 4319
f 4321 4320 4319
f 4322 4320 4321
f 4323 4322 4321
f 4324 4322 4323
f 4325 4324 4326
f 4326 4324 4323
f 4327 4325 4326
f 4327 4328 4325
f 4329 4328 4327
f 4329 4330 4328
f 4331 4330 4329
f 4332 4333 4331
f 4331 4333 4330
f 4332 4334 4333
f 4335 4334 4332
f 4335 4336 4334
f 4337 4336 4335
f 4337 4338 4336
f 4339 4338 4337
f 4339 4340 4338
f 4339 4341 4340
f 4342 4341 4339
f 4343 4341 4342
f 4344 4343 4342
f 4344 4345 4343
f 4346 4345 4344
f 4346 4347 4345
f 4346 4349 4348
f 4346 4348 4347
f 4350 4348 4349
f 4351 4350 4352
f 4352 4350 4349
f 4352 4353 4351
f 4354 4351 4353
f 4353 4355 4354
f 4356 4354 4355
f 4357 4356 4355
f 4356 4357 4358
f 4358 4357 4359
f 4358 4359 4360
f 4360 4359 4361
f 4360 4361 4362
f 4362 4361 4363
f 4362 4363 4364
f 4364 4363 4365
f 4364 4365 4366
f 4366 4365 4367
f 4366 4367 4368
f 4368 4367 4369
f 4368 4369 4370
f 4370 4369 4371
f 4370 4371 4372
f 4372 4371 4373
f 4372 4373 4374
f 4372 4374 4375
f 4376 4375 4374
f 4376 4377 4375
f 4378 4379 4376
f 4376 4379 4377
f 4378 4381 4380
f 4380 4379 4378
f 4382 4380 4383
f 4383 4380 4381
f 4384 4382 4385
f 4385 4382 4383
f 4386 4384 4387
f 4387 4384 4385
f 4387 4388 4386
f 4389 4386 4388
f 4389 4388 4390
f 4390 4388 4391
f 4390 4391 4392
f 4392 4391 4393
f 4392 4393 4394
f 4394 4393 4395
f 4394 4395 4396
f 4396 4395 4397
f 4396 4397 4398
f 4398 4397 4399
f 4398 4399 4400
f 4400 4399 4401
f 4400 4401 4402
f 4402 4401 4403
f 4402 4403 4404
f 4404 4403 4405
f 4404 4405 4406
f 4404 4406 4407
f 4287 4407 4406
f 4287 4408 4407
f 4287 4286 4408
f 4409 4411 4410
f 4410 4412 4409
f 4409 4412 4413
f 4413 4412 4414
f 4413 4414 4415
f 4415 4416 4413
f 4417 4418 4416
f 4419 4421 4420
f 4420 4421 4422
f 4422 4421 4423
f 4423 4421 4424
f 4425 4426 4423
f 4423 4424 4425
f 4425 4424 4427
f 4425 4427 4428
f 4428 4427 4429
f 4428 4429 4430
f 4430 4429 4431
f 4430 4431 4432
f 4432 4431 4433
f 4432 4433 4434
f 4434 4433 4435
f 4434 4435 4436
f 4436 4435 4437
f 4437 4435 4438
f 4437 4438 4439
f 4439 4438 4440
f 4439 4440 4441
f 4441 4440 4442
f 4441 4442 4443
f 4443 4442 4444
f 4443 4444 4445
f 4445 4444 4446
f 4445 4446 4447
f 4447 4446 4448
f 4447 4448 4449
f 4447 4449 4450
f 4450 4449 4451
f 4451 4449 4452
f 4451 4452 4453
f 4453 4452 4410
f 4453 4410 4411
f 4453 4411 4454
f 4455 4457 4456
f 4456 4457 4458
f 4456 4458 4459
f 4459 4458 4460
f 4459 4460 4461
f 4461 4460 4462
f 4461 4462 4463
f 4463 4462 4464
f 4463 4464 4465
f 4465 4464 4466
f 4465 4466 4467
f 4467 4466 4468
f 4467 4468 4469
f 4467 4469 4470
f 4470 4469 4471
f 4470 4471 4472
f 4472 4471 4473
f 4472 4473 4474
f 4474 4473 4475
f 4474 4475 4476
f 4476 4475 4477
f 4476 4477 4478
f 4478 4477 4479
f 4478 4479 4480
f 4480 4479 4481
f 4480 4481 4482
f 4482 4481 4483
f 4483 4481 4484
f 4483 4484 4485
f 4485 4484 4419
f 4485 4419 4420
f 4485 4420 4486
f 4416 4415 4417
f 4417 4415 4487
f 4417 4487 4488
f 4488 4487 4489
f 4488 4489 4490
f 4490 4489 4491
f 4491 4489 4492
f 4491 4492 4493
f 4491 4493 4494
f 4494 4493 4495
f 4494 4495 4496
f 4496 4495 4497
f 4497 4495 4498
f 4497 4498 4499
f 4497 4499 4500
f 4500 4499 4501
f 4500 4501 4502
f 4502 4501 4503
f 4503 4501 4504
f 4503 4504 4505
f 4503 4505 4506
f 4506 4505 4507
f 4506 4507 4508
f 4508 4507 4509
f 4508 4509 4510
f 4510 4509 4511
f 4511 4509 4512
f 4511 4512 4513
f 4511 4513 4514
f 4514 4513 4515
f 4514 4515 4516
f 4516 4515 4517
f 4517 4515 4518
f 4517 4518 4519
f 4517 4519 4520
f 4520 4519 4521
f 4520 4521 4522
f 4522 4521 4523
f 4523 4521 4524
f 4523 4524 4525
f 4523 4525 4526
f 4526 4525 4527
f 4526 4527 4528
f 4528 4527 4529
f 4528 4529 4530
f 4530 4529 4531
f 4531 4529 4532
f 4531 4532 4533
f 4533 4532 4534
f 4533 4534 4535
f 4535 4534 4536
f 4535 4536 4537
f 4537 4536 4538
f 4537 4538 4539
f 4539 4538 4540
f 4539 4540 4541
f 4541 4540 4542
f 4541 4542 4543
f 4543 4542 4544
f 4544 4542 4545
f 4544 4545 4546
f 4544 4546 4547
f 4547 4546 4548
f 4547 4548 4549
f 4549 4548 4550
f 4549 4550 4455
f 4455 4550 4457
f 4551 4553 4552
f 4551 4554 4553
f 4552 4556 4555
f 4553 4554 4557
f 4558 4559 4556
f 4556 4559 4555
f 4552 4555 4551
f 4557 4561 4560
f 4562 4561 4563
f 4557 4565 4564
f 4557 4564 4561
f 4561 4564 4566
f 4561 4566 4563
f 4567 4569 4568
f 4569 4570 4568
f 4571 4573 4572
f 4572 4575 4574
f 4576 4570 4569
f 4567 4568 4577
f 4572 4573 4575
f 4576 4574 4570
f 4567 4577 4578
f 4579 4581 4580
f 4582 4581 4571
f 4571 4581 4573
f 4578 4579 4567
f 4567 4579 4580
f 4567 4580 4583
f 4584 4586 4585
f 4585 4586 4587
f 4585 4587 4588
f 4589 4591 4590
f 4588 4587 4590
f 4590 4587 4589
f 4591 4593 4592
f 4594 4596 4595
f 4597 4599 4598
f 4600 4591 4598
f 4600 4601 4591
f 4592 4590 4591
f 4599 4600 4598
f 4601 4593 4591
f 4590 4592 4596
f 4596 4592 4595
f 4594 4603 4602
f 4594 4602 4604
f 4604 4602 4605
f 4605 4602 4597
f 4605 4597 4598
f 4594 4595 4603
f 4606 4608 4607
f 4606 4607 4609
f 4606 4611 4610
f 4606 4610 4608
f 4605 4598 4612
f 4605 4612 4611
f 4611 4612 4610
f 4613 4615 4614
f 4616 4618 4617
f 4613 4614 4619
f 4619 4614 4616
f 4619 4616 4617
f 4620 4622 4621
f 4617 4618 4623
f 4617 4623 4621
f 4621 4623 4620
f 4622 4620 4624
f 4625 4627 4626
f 4624 4628 4622
f 4613 4629 4615
f 4630 4626 4629
f 4630 4629 4613
f 4628 4627 4622
f 4622 4627 4625
f 4622 4625 4631
f 4632 4634 4633
f 4633 4635 4632
f 4632 4635 4636
f 4636 4635 4637
f 4637 4639 4638
f 4636 4637 4638
f 4640 4638 4639
f 4639 4641 4640
f 4642 4644 4643
f 4638 4640 4645
f 4645 4647 4646
f 4647 4643 4644
f 4642 4643 4648
f 4642 4648 4649
f 4648 4650 4649
f 4649 4650 4651
f 4651 4650 4652
f 4639 4653 4641
f 4651 4652 4653
f 4653 4639 4651
f 4645 4646 4638
f 4646 4647 4644
f 4654 4656 4655
f 4657 4649 4658
f 4654 4659 4657
f 4651 4658 4649
f 4657 4659 4649
f 4654 4655 4659
f 4660 4662 4661
f 4663 4665 4664
f 4666 4667 4661
f 4660 4669 4668
f 4660 4668 4670
f 4668 4671 4670
f 4661 4667 4660
f 4672 4671 4673
f 4660 4667 4669
f 4665 4663 4673
f 4673 4663 4674
f 4666 4676 4675
f 4675 4676 4663
f 4675 4663 4664
f 4670 4671 4672
f 4672 4678 4677
f 4679 4681 4680
f 4677 4678 4679
f 4679 4678 4681
f 4679 4680 4682
f 4680 4683 4682
f 4682 4683 4684
f 4682 4685 4679
f 4686 4688 4687
f 4682 4689 4686
f 4686 4689 4688
f 4687 4688 4690
f 4691 4693 4692
f 4691 4692 4694
f 4687 4693 4691
f 4687 4690 4693
f 4695 4696 4694
f 4694 4698 4697
f 4694 4697 4699
f 4694 4699 4695
f 4695 4699 4700
f 4695 4700 4701
f 4695 4701 4702
f 4703 4704 4702
f 4705 4704 4703
f 4706 4708 4707
f 4705 4710 4709
f 4707 4712 4711
f 4707 4711 4706
f 4703 4714 4713
f 4715 4716 4709
f 4716 4708 4717
f 4703 4713 4705
f 4713 4710 4705
f 4710 4715 4709
f 4718 4719 4711
f 4711 4712 4718
f 4711 4719 4703
f 4703 4719 4714
f 4709 4716 4717
f 4709 4717 4720
f 4558 4722 4721
f 4558 4723 4722
f 4724 4726 4725
f 4725 4726 4727
f 4725 4727 4723
f 4725 4723 4558
f 4558 4728 4725
f 4729 4730 4721
f 4730 4731 4721
f 4557 4554 4732
f 4721 4731 4558
f 4558 4731 4559
f 4733 4729 4565
f 4557 4732 4565
f 4565 4732 4733
f 4565 4729 4721
f 4562 4563 4734
f 4562 4734 4576
f 4735 4737 4736
f 4576 4734 4735
f 4738 4739 4736
f 4737 4738 4736
f 4740 4741 4580
f 4580 4584 4585
f 4591 4743 4742
f 4591 4742 4744
f 4580 4741 4584
f 4742 4745 4582
f 4582 4745 4740
f 4582 4740 4580
f 4742 4743 4745
f 4609 4607 4746
f 4609 4746 4617
f 4617 4746 4747
f 4748 4750 4749
f 4750 4748 4751
f 4751 4748 4752
f 4751 4752 4598
f 4747 4749 4619
f 4619 4749 4750
f 4625 4753 4634
f 4634 4753 4633
f 4754 4755 4630
f 4625 4756 4753
f 4757 4630 4755
f 4758 4759 4754
f 4754 4759 4760
f 4760 4755 4754
f 4630 4757 4625
f 4625 4757 4756
f 4759 4758 4639
f 4655 4656 4761
f 4655 4761 4661
f 4762 4764 4763
f 4661 4761 4765
f 4765 4766 4676
f 4676 4766 4763
f 4763 4766 4762
f 4763 4764 4767
f 4651 4767 4764
f 4768 4770 4769
f 4771 4684 4770
f 4770 4768 4772
f 4770 4772 4674
f 4772 4773 4674
f 4674 4773 4672
f 4672 4773 4774
f 4672 4774 4678
f 4770 4684 4769
f 4698 4776 4775
f 4694 4692 4777
f 4778 4779 4684
f 4694 4777 4698
f 4698 4777 4776
f 4684 4775 4778
f 4682 4779 4689
f 4684 4779 4682
f 4702 4701 4780
f 4702 4780 4703
f 4703 4780 4781
f 4781 4782 4703
f 4703 4782 4783
f 4783 4782 4784
f 4783 4784 4785
f 4786 4787 4717
f 4717 4787 4724
f 4724 4787 4726
f 4788 4721 4789
f 4706 4790 4786
f 4789 4791 4790
f 4789 4790 4706
f 4706 4786 4717
f 4789 4721 4791
f 4651 4792 4767
f 4639 4758 4792
f 4639 4792 4651
f 4626 4630 4625
f 4747 4619 4617
f 4598 4793 4751
f 4591 4744 4598
f 4598 4744 4793
f 4581 4582 4580
f 4735 4736 4576
f 4572 4574 4576
f 4572 4576 4736
f 4565 4794 4739
f 4739 4738 4795
f 4739 4795 4565
f 4721 4788 4565
f 4565 4788 4794
f 4708 4706 4717
f 4771 4796 4698
f 4785 4698 4783
f 4783 4698 4796
f 4698 4775 4684
f 4698 4684 4771
f 4673 4674 4672
f 4765 4676 4661
f 4676 4666 4661
f 4797 4799 4798
f 4797 4798 4800
f 4800 4798 4801
f 4800 4801 4802
f 4802 4801 4803
f 4802 4803 4804
f 4804 4803 4805
f 4804 4805 4806
f 4806 4805 4807
f 4806 4807 4808
f 4808 4807 4809
f 4808 4809 4810
f 4810 4809 4811
f 4810 4811 4812
f 4812 4811 4813
f 4812 4813 4814
f 4814 4813 4815
f 4814 4815 4816
f 4816 4815 4817
f 4816 4817 4818
f 4818 4817 4819
f 4818 4819 4820
f 4820 4819 4821
f 4820 4821 4822
f 4822 4821 4823
f 4822 4823 4824
f 4824 4823 4825
f 4824 4825 4826
f 4826 4825 4827
f 4826 4827 4828
f 4828 4827 4829
f 4828 4829 4830
f 4830 4829 4831
f 4830 4831 4832
f 4832 4831 4833
f 4833 4831 4834
f 4833 4834 4835
f 4835 4834 4836
f 4835 4836 4837
f 4837 4836 4838
f 4837 4838 4839
f 4839 4838 4840
f 4839 4840 4841
f 4841 4840 4842
f 4841 4842 4843
f 4843 4842 4844
f 4843 4844 4845
f 4845 4844 4846
f 4845 4846 4847
f 4847 4846 4848
f 4847 4848 4849
f 4849 4848 4850
f 4849 4850 4851
f 4849 4851 4852
f 4853 4852 4851
f 4853 4854 4852
f 4855 4854 4853
f 4855 4856 4854
f 4857 4856 4855
f 4857 4858 4856
f 4859 4858 4857
f 4859 4860 4858
f 4861 4860 4859
f 4861 4862 4860
f 4863 4862 4861
f 4863 4864 4862
f 4865 4864 4863
f 4865 4866 4864
f 4867 4866 4865
f 4867 4868 4866
f 4869 4868 4867
f 4869 4870 4868
f 4871 4870 4869
f 4871 4872 4870
f 4873 4872 4871
f 4873 4874 4872
f 4875 4874 4873
f 4875 4876 4874
f 4877 4876 4875
f 4877 4878 4876
f 4879 4878 4877
f 4879 4880 4878
f 4881 4880 4879
f 4881 4882 4880
f 4883 4882 4881
f 4883 4884 4882
f 4885 4884 4883
f 4885 4886 4884
f 4887 4886 4885
f 4888 4889 4887
f 4887 4889 4886
f 4890 4891 4888
f 4888 4891 4889
f 4892 4893 4890
f 4890 4893 4891
f 4894 4895 4892
f 4892 4895 4893
f 4896 4897 4894
f 4894 4897 4895
f 4898 4899 4896
f 4896 4899 4897
f 4900 4901 4898
f 4898 4901 4899
f 4902 4903 4900
f 4900 4903 4901
f 4904 4905 4902
f 4902 4905 4903
f 4799 4797 4904
f 4904 4797 4905
f 4906 4908 4907
f 4906 4907 4909
f 4907 4910 4909
f 4909 4910 4911
f 4911 4910 4912
f 4912 4910 4913
f 4912 4913 4914
f 4914 4913 4915
f 4915 4913 4916
f 4915 4916 4917
f 4289 4283 4918
f 4918 4283 4919
f 4919 4283 4284
f 4919 4284 4287
f 4919 4287 4920
f 4921 4381 4922
f 4922 4381 4378
f 4922 4378 4923
f 4923 4378 4376
f 4923 4376 4924
f 4925 4926 4924
f 4927 4349 4928
f 4928 4349 4346
f 4928 4346 4929
f 4929 4346 4344
f 4929 4344 4930
f 4931 4332 4932
f 4932 4332 4331
f 4932 4331 4329
f 4932 4329 4933
f 4934 4319 4280
f 4934 4280 4935
f 4935 4280 4277
f 4935 4277 4316
f 4935 4316 4936
f 4936 4316 4937
f 4937 4316 4938
f 4938 4316 4314
f 4938 4314 4939
f 4939 4314 4312
f 4939 4312 4940
f 4940 4312 4310
f 4940 4310 4941
f 4941 4310 4308
f 4941 4308 4942
f 4942 4308 4306
f 4942 4306 4943
f 4943 4306 4304
f 4943 4304 4944
f 4944 4304 4302
f 4944 4302 4945
f 4945 4302 4300
f 4945 4300 4946
f 4946 4300 4298
f 4946 4298 4947
f 4947 4298 4295
f 4947 4295 4948
f 4948 4295 4949
f 4949 4295 4293
f 4949 4293 4950
f 4950 4293 4291
f 4950 4291 4289
f 4950 4289 4951
f 4951 4289 4918
f 4933 4329 4952
f 4952 4329 4327
f 4952 4327 4953
f 4953 4327 4326
f 4953 4326 4954
f 4954 4326 4323
f 4954 4323 4955
f 4955 4323 4321
f 4955 4321 4956
f 4956 4321 4319
f 4956 4319 4934
f 4956 4934 4957
f 4930 4344 4958
f 4958 4344 4342
f 4958 4342 4959
f 4959 4342 4339
f 4959 4339 4960
f 4960 4339 4337
f 4960 4337 4961
f 4961 4337 4335
f 4961 4335 4962
f 4962 4335 4332
f 4962 4332 4931
f 4962 4931 4963
f 4924 4376 4925
f 4925 4376 4964
f 4964 4376 4374
f 4964 4374 4965
f 4965 4374 4373
f 4965 4373 4966
f 4966 4373 4371
f 4966 4371 4369
f 4966 4369 4967
f 4967 4369 4367
f 4967 4367 4968
f 4968 4367 4365
f 4968 4365 4969
f 4969 4365 4970
f 4970 4365 4363
f 4970 4363 4361
f 4970 4361 4971
f 4971 4361 4359
f 4971 4359 4972
f 4972 4359 4357
f 4972 4357 4973
f 4973 4357 4355
f 4973 4355 4974
f 4974 4355 4353
f 4974 4353 4975
f 4975 4353 4352
f 4975 4352 4976
f 4976 4352 4349
f 4976 4349 4927
f 4976 4927 4977
f 4920 4287 4978
f 4978 4287 4979
f 4979 4287 4406
f 4979 4406 4405
f 4979 4405 4980
f 4980 4405 4403
f 4980 4403 4981
f 4981 4403 4401
f 4981 4401 4982
f 4982 4401 4399
f 4982 4399 4983
f 4983 4399 4397
f 4983 4397 4984
f 4984 4397 4395
f 4984 4395 4985
f 4985 4395 4393
f 4985 4393 4986
f 4986 4393 4391
f 4986 4391 4987
f 4987 4391 4388
f 4987 4388 4988
f 4988 4388 4387
f 4988 4387 4989
f 4989 4387 4385
f 4989 4385 4990
f 4990 4385 4383
f 4990 4383 4991
f 4991 4383 4381
f 4991 4381 4921
f 4992 4994 4993
f 4992 4993 4995
f 4995 4993 4996
f 4995 4996 4997
f 4997 4996 4998
f 4997 4998 4999
f 4999 4998 5000
f 4999 5000 5001
f 5001 5000 5002
f 5001 5002 5003
f 5003 5002 5004
f 5004 5002 5005
f 5004 5005 5006
f 5006 5005 5007
f 5006 5007 5008
f 5008 5007 5009
f 5009 5007 5010
f 5009 5010 5011
f 5011 5010 5012
f 5011 5012 5013
f 5011 5013 5014
f 5015 5017 5016
f 5015 5016 5018
f 5018 5016 5019
f 5019 5016 5020
f 5019 5020 5021
f 5021 5020 5022
f 5021 5022 5023
f 5023 5022 5024
f 5023 5024 5025
f 5023 5025 5026
f 5026 5025 5027
f 5027 5025 5028
f 5027 5028 5029
f 5027 5029 5030
f 5030 5029 5031
f 5030 5031 5032
f 5032 5031 5033
f 5032 5033 5034
f 5034 5033 5014
f 5034 5014 5013
f 5017 5015 5035
f 5017 5035 5036
f 5036 5035 5037
f 5036 5037 5038
f 5038 5037 5039
f 5038 5039 5040
f 5040 5039 5041
f 5040 5041 5042
f 5042 5041 5043
f 5042 5043 5044
f 5044 5043 5045
f 5044 5045 5046
f 5046 5045 5047
f 5046 5047 5048
f 5048 5047 5049
f 5048 5049 5050
f 5050 5049 5051
f 5050 5051 5052
f 5052 5051 4994
f 5052 4994 4992
f 4553 5053 4552
f 4553 5054 5053
f 4553 4557 5054
f 4557 5055 5054
f 4560 5056 4557
f 4557 5056 5055
f 4561 5057 4560
f 4560 5057 5056
f 4562 5058 4561
f 4561 5058 5057
f 4576 5059 4562
f 4562 5059 5058
f 4569 5060 4576
f 4576 5060 5059
f 4567 5061 4569
f 4569 5061 5060
f 4583 5062 4567
f 4567 5062 5061
f 4580 5063 4583
f 4583 5063 5062
f 4580 5064 5063
f 4585 5064 4580
f 4585 5065 5064
f 4588 5065 4585
f 4588 5066 5065
f 4590 5066 4588
f 4590 5067 5066
f 4596 5067 4590
f 4596 5068 5067
f 4594 5068 4596
f 4594 5069 5068
f 4604 5069 4594
f 4604 5070 5069
f 4605 5070 4604
f 4605 5071 5070
f 4611 5071 4605
f 4611 5072 5071
f 4606 5072 4611
f 4606 5073 5072
f 4609 5073 4606
f 4609 5074 5073
f 4617 5074 4609
f 4617 5075 5074
f 4621 5075 4617
f 4621 5076 5075
f 4622 5076 4621
f 4622 5077 5076
f 4631 5077 4622
f 4631 5078 5077
f 4625 5078 4631
f 4634 5079 4625
f 4625 5079 5078
f 4632 5080 4634
f 4634 5080 5079
f 4636 5081 4632
f 4632 5081 5080
f 4638 5082 4636
f 4636 5082 5081
f 4646 5083 4638
f 4638 5083 5082
f 4646 5084 5083
f 4644 5084 4646
f 4642 5085 4644
f 4644 5085 5084
f 4649 5086 4642
f 4642 5086 5085
f 4659 5087 4649
f 4649 5087 5086
f 4655 5088 4659
f 4659 5088 5087
f 4661 5089 4655
f 4655 5089 5088
f 4661 5090 5089
f 4662 5090 4661
f 4662 5091 5090
f 4660 5091 4662
f 4660 5092 5091
f 4670 5092 4660
f 4670 5093 5092
f 4672 5093 4670
f 4672 5094 5093
f 4677 5094 4672
f 4677 5095 5094
f 4679 5095 4677
f 4679 5096 5095
f 4685 5096 4679
f 4685 5097 5096
f 4682 5097 4685
f 4686 5098 4682
f 4682 5098 5097
f 4687 5099 4686
f 4686 5099 5098
f 4691 5100 4687
f 4687 5100 5099
f 4694 5101 4691
f 4691 5101 5100
f 4696 5102 4694
f 4694 5102 5101
f 4695 5103 4696
f 4696 5103 5102
f 4702 5104 4695
f 4695 5104 5103
f 4704 5105 4702
f 4702 5105 5104
f 4705 5106 4704
f 4704 5106 5105
f 4709 5107 4705
f 4705 5107 5106
f 4720 5108 4709
f 4709 5108 5107
f 4717 5109 4720
f 4720 5109 5108
f 4724 5109 4717
f 4724 5110 5109
f 4725 5110 4724
f 4725 5111 5110
f 4728 5111 4725
f 4728 5112 5111
f 4558 5112 4728
f 4558 5113 5112
f 4556 5113 4558
f 4556 5053 5113
f 4552 5053 4556
f 4554 5114 4732
f 4732 5114 5115
f 4732 5115 5116
f 4732 5116 4733
f 4733 5116 5117
f 4733 5117 4729
f 4729 5117 5118
f 4729 5118 4730
f 4730 5118 5119
f 4730 5119 4731
f 4731 5119 5120
f 4731 5120 4559
f 4559 5120 5121
f 4559 5121 4555
f 4555 5121 5122
f 4555 5122 4551
f 4551 5122 5123
f 4551 5123 4554
f 4554 5123 5114
f 4563 5124 4734
f 4734 5124 5125
f 4734 5125 4735
f 4735 5125 5126
f 4735 5126 4737
f 4737 5126 5127
f 4737 5127 4738
f 4738 5127 5128
f 4738 5128 5129
f 4738 5129 4795
f 4795 5129 4565
f 4565 5129 5130
f 4565 5130 4564
f 4564 5130 5131
f 4564 5131 4566
f 4566 5131 5132
f 4566 5132 5133
f 4566 5133 4563
f 4563 5133 5124
f 4577 5134 4578
f 4578 5134 5135
f 4578 5135 4579
f 4579 5135 5136
f 4579 5136 4581
f 4581 5136 5137
f 4581 5137 4573
f 4573 5137 5138
f 4573 5138 4575
f 4575 5138 5139
f 4575 5139 4574
f 4574 5139 5140
f 4574 5140 5141
f 4574 5141 4570
f 4570 5141 5142
f 4570 5142 4568
f 4568 5142 5143
f 4568 5143 5134
f 4568 5134 4577
f 4586 5144 4587
f 4587 5144 5145
f 4587 5145 5146
f 4587 5146 4589
f 4589 5146 5147
f 4589 5147 4591
f 4591 5147 5148
f 4591 5148 4743
f 4743 5148 5149
f 4743 5149 4745
f 4745 5149 5150
f 4745 5150 4740
f 4740 5150 5151
f 4740 5151 4741
f 4741 5151 5152
f 4741 5152 5153
f 4741 5153 4584
f 4584 5153 5154
f 4584 5154 4586
f 4586 5154 5144
f 4595 5156 5155
f 4595 5155 4603
f 4603 5155 4602
f 4602 5155 5157
f 4602 5157 5158
f 4602 5158 4597
f 4597 5158 5159
f 4597 5159 4599
f 4599 5159 5160
f 4599 5160 5161
f 4599 5161 4600
f 4600 5161 5162
f 4600 5162 4601
f 4601 5162 5163
f 4601 5163 4593
f 4593 5163 4592
f 4592 5163 5164
f 4592 5164 5165
f 4592 5165 4595
f 4595 5165 5156
f 4612 5167 5166
f 4612 5166 4610
f 4610 5166 5168
f 4610 5168 4608
f 4608 5168 5169
f 4608 5169 4607
f 4607 5169 4746
f 4746 5169 5170
f 4746 5170 4747
f 4747 5170 5171
f 4747 5171 4749
f 4749 5171 5172
f 4749 5172 5173
f 4749 5173 4748
f 4748 5173 5174
f 4748 5174 4752
f 4752 5174 4598
f 4598 5174 5175
f 4598 5175 5167
f 4598 5167 4612
f 4618 5176 4623
f 4623 5176 5177
f 4623 5177 4620
f 4620 5177 5178
f 4620 5178 4624
f 4624 5178 5179
f 4624 5179 4628
f 4628 5179 4627
f 4627 5179 5180
f 4627 5180 4626
f 4626 5180 4629
f 4629 5180 5181
f 4629 5181 5182
f 4629 5182 4615
f 4615 5182 5183
f 4615 5183 4614
f 4614 5183 5184
f 4614 5184 4616
f 4616 5184 4618
f 4618 5184 5176
f 4756 5185 4753
f 4753 5185 5186
f 4753 5186 4633
f 4633 5186 5187
f 4633 5187 4635
f 4635 5187 5188
f 4635 5188 4637
f 4637 5188 5189
f 4637 5189 5190
f 4637 5190 4639
f 4639 5190 5191
f 4639 5191 4759
f 4759 5191 5192
f 4759 5192 4760
f 4760 5192 5193
f 4760 5193 4755
f 4755 5193 5194
f 4755 5194 4757
f 4757 5194 5195
f 4757 5195 4756
f 4756 5195 5185
f 4641 5196 4640
f 4640 5196 5197
f 4640 5197 4645
f 4645 5197 5198
f 4645 5198 4647
f 4647 5198 5199
f 4647 5199 4643
f 4643 5199 5200
f 4643 5200 4648
f 4648 5200 4650
f 4650 5200 5201
f 4650 5201 5202
f 4650 5202 4652
f 4652 5202 5203
f 4652 5203 4653
f 4653 5203 5204
f 4653 5204 4641
f 4641 5204 5196
f 4764 5205 4651
f 4651 5205 5206
f 4651 5206 4658
f 4658 5206 5207
f 4658 5207 4657
f 4657 5207 5208
f 4657 5208 4654
f 4654 5208 5209
f 4654 5209 4656
f 4656 5209 5210
f 4656 5210 4761
f 4761 5210 5211
f 4761 5211 4765
f 4765 5211 5212
f 4765 5212 4766
f 4766 5212 5213
f 4766 5213 4762
f 4762 5213 5214
f 4762 5214 4764
f 4764 5214 5205
f 4664 5215 4675
f 4675 5215 5216
f 4675 5216 4666
f 4666 5216 5217
f 4666 5217 4667
f 4667 5217 5218
f 4667 5218 4669
f 4669 5218 5219
f 4669 5219 4668
f 4668 5219 5220
f 4668 5220 4671
f 4671 5220 5221
f 4671 5221 5222
f 4671 5222 4673
f 4673 5222 5223
f 4673 5223 4665
f 4665 5223 5224
f 4665 5224 4664
f 4664 5224 5215
f 4768 5226 5225
f 4768 5225 4772
f 4772 5225 5227
f 4772 5227 4773
f 4773 5227 5228
f 4773 5228 4774
f 4774 5228 5229
f 4774 5229 4678
f 4678 5229 5230
f 4678 5230 4681
f 4681 5230 5231
f 4681 5231 4680
f 4680 5231 5232
f 4680 5232 4683
f 4683 5232 5233
f 4683 5233 4684
f 4684 5233 5234
f 4684 5234 4769
f 4769 5234 5226
f 4769 5226 4768
f 4775 5236 5235
f 4775 5235 4778
f 4778 5235 5237
f 4778 5237 4779
f 4779 5237 5238
f 4779 5238 4689
f 4689 5238 5239
f 4689 5239 4688
f 4688 5239 5240
f 4688 5240 4690
f 4690 5240 5241
f 4690 5241 4693
f 4693 5241 5242
f 4693 5242 4692
f 4692 5242 4777
f 4777 5242 5243
f 4777 5243 4776
f 4776 5243 5236
f 4776 5236 4775
f 4782 5245 5244
f 4782 5244 4784
f 4784 5244 5246
f 4784 5246 4785
f 4785 5246 5247
f 4785 5247 4698
f 4698 5247 5248
f 4698 5248 4697
f 4697 5248 5249
f 4697 5249 4699
f 4699 5249 5250
f 4699 5250 4700
f 4700 5250 5251
f 4700 5251 4701
f 4701 5251 5252
f 4701 5252 4780
f 4780 5252 5253
f 4780 5253 4781
f 4781 5253 5245
f 4781 5245 4782
f 4708 5254 4707
f 4707 5254 5255
f 4707 5255 4712
f 4712 5255 5256
f 4712 5256 4718
f 4718 5256 5257
f 4718 5257 4719
f 4719 5257 5258
f 4719 5258 4714
f 4714 5258 5259
f 4714 5259 4713
f 4713 5259 5260
f 4713 5260 4710
f 4710 5260 5261
f 4710 5261 4715
f 4715 5261 5262
f 4715 5262 4716
f 4716 5262 5263
f 4716 5263 4708
f 4708 5263 5254
f 4722 5264 4721
f 4721 5264 5265
f 4721 5265 4791
f 4791 5265 5266
f 4791 5266 4790
f 4790 5266 5267
f 4790 5267 4786
f 4786 5267 5268
f 4786 5268 5269
f 4786 5269 4787
f 4787 5269 5270
f 4787 5270 4726
f 4726 5270 5271
f 4726 5271 4727
f 4727 5271 5272
f 4727 5272 4723
f 4723 5272 4722
f 4722 5272 5264
f 5273 4921 4922
f 5273 4922 4923
f 4923 5274 5273
f 4923 4924 5274
f 5275 5273 5274
f 5275 5274 5276
f 4919 4920 5277
f 5278 5280 5279
f 5281 5278 5277
f 5279 4919 5277
f 5279 5277 5278
f 5279 5280 5282
f 4919 5279 4918
f 4935 4936 5283
f 4935 5284 4934
f 5285 5283 5286
f 5284 4935 5283
f 5283 5285 5284
f 4928 5287 4927
f 4929 5287 4928
f 4929 5288 5287
f 5288 5289 5287
f 5288 5290 5289
f 5287 5289 5291
f 5292 5294 5293
f 5292 5293 5295
f 5295 5293 5296
f 5296 5293 5297
f 5296 5297 5298
f 5296 5298 5299
f 4290 4288 5300
f 5301 5302 5300
f 5300 5302 5303
f 5300 5303 4290
f 4408 4286 5304
f 5304 4286 5305
f 5304 5305 5306
f 5306 5305 5307
f 5308 4409 5309
f 4413 4416 5309
f 5310 5308 5309
f 5309 4409 4413
f 4409 5308 5311
f 4285 5298 5297
f 4285 5297 5293
f 4285 5293 4286
f 4286 5293 5294
f 5275 4224 5273
f 5273 4224 5312
f 5273 5312 4991
f 5273 4991 4921
f 4924 4926 5274
f 5274 4926 4263
f 5274 4263 5276
f 4929 4930 5288
f 5288 4930 4267
f 5288 4267 5290
f 5291 4242 5287
f 5287 4242 4977
f 5287 4977 4927
f 4920 4978 5313
f 4920 5313 5277
f 5277 5313 4221
f 5277 4221 5281
f 5282 5314 5279
f 5279 5314 4918
f 4918 5314 4951
f 4936 4937 5283
f 5283 4937 4187
f 5283 4187 5286
f 5284 4917 4957
f 5284 4957 4934
f 5315 4416 4418
f 5315 5307 4416
f 5307 5315 5306
f 4454 5316 5301
f 5301 5316 5302
f 5316 4454 4411
f 5305 4286 5294
f 5305 5294 5292
f 4290 5303 4285
f 4285 5303 5299
f 4285 5299 5298
f 4411 4409 5316
f 5302 5316 4409
f 5311 5303 4409
f 4409 5303 5302
f 5311 5299 5303
f 5310 5292 5295
f 5310 5295 5308
f 5308 5295 5296
f 5308 5296 5299
f 5308 5299 5311
f 5310 5305 5292
f 5309 5307 5310
f 5310 5307 5305
f 4416 5307 5309
f 4932 5317 4931
f 4932 5318 5317
f 5317 5318 5319
f 4932 4933 5320
f 4932 5320 5318
f 5318 5320 5319
f 5317 4265 4963
f 5317 4963 4931
f 4238 4926 4925
f 4238 4925 4240
f 4240 4925 4964
f 4240 4964 4252
f 4252 4964 4965
f 4252 4965 4966
f 4252 4966 4256
f 4256 4966 4967
f 4256 4967 4968
f 4256 4968 4258
f 4258 4968 4969
f 4258 4969 4970
f 4258 4970 4261
f 4261 4970 4971
f 4261 4971 4249
f 4249 4971 4972
f 4249 4972 4973
f 4249 4973 4246
f 4246 4973 4974
f 4246 4974 4975
f 4246 4975 4244
f 4244 4975 4976
f 4244 4976 4977
f 4244 4977 4243
f 4977 4242 4243
f 4238 4263 4926
f 4269 4267 4930
f 5312 4224 4219
f 5312 4219 4991
f 4269 4930 4958
f 4269 4958 4270
f 4270 4958 4959
f 4270 4959 4960
f 4270 4960 4273
f 4273 4960 4961
f 4273 4961 4962
f 4273 4962 4276
f 4276 4962 4963
f 4276 4963 4266
f 4223 4978 4225
f 4225 4978 4979
f 4225 4979 4228
f 4228 4979 4980
f 4228 4980 4981
f 4228 4981 4982
f 4228 4982 4231
f 4231 4982 4983
f 4231 4983 4233
f 4233 4983 4984
f 4233 4984 4236
f 4236 4984 4985
f 4236 4985 4986
f 4236 4986 4214
f 4214 4986 4987
f 4214 4987 4213
f 4213 4987 4988
f 4213 4988 4989
f 4213 4989 4217
f 4217 4989 4990
f 4217 4990 4219
f 4219 4990 4991
f 4265 4266 4963
f 4221 5313 4223
f 4223 5313 4978
f 4906 5319 5320
f 4906 5320 4908
f 4908 5320 4933
f 4908 4933 4952
f 4908 4952 4907
f 4907 4952 4953
f 4907 4953 4910
f 4910 4953 4954
f 4910 4954 4955
f 4910 4955 4913
f 4913 4955 4956
f 4913 4956 4916
f 4916 4956 4957
f 4957 4917 4916
f 5314 4196 4197
f 5314 4197 4951
f 4189 4937 4938
f 4189 4938 4198
f 4198 4938 4939
f 4198 4939 4201
f 4201 4939 4940
f 4201 4940 4941
f 4201 4941 4942
f 4201 4942 4204
f 4204 4942 4943
f 4204 4943 4207
f 4207 4943 4944
f 4207 4944 4945
f 4207 4945 4209
f 4209 4945 4946
f 4209 4946 4947
f 4209 4947 4192
f 4192 4947 4948
f 4192 4948 4949
f 4192 4949 4194
f 4194 4949 4950
f 4194 4950 4951
f 4194 4951 4197
f 4187 4937 4189
f 4852 4854 4792
f 4792 4854 4767
f 4854 4856 4767
f 4856 4858 4767
f 4767 4858 4763
f 4858 4860 4763
f 4763 4860 4676
f 4860 4862 4676
f 4862 4864 4676
f 4676 4864 4663
f 4864 4866 4663
f 4866 4868 4663
f 4663 4868 4674
f 4868 4870 4674
f 4870 4872 4674
f 4674 4872 4770
f 4872 4874 4770
f 4874 4876 4770
f 4770 4876 4771
f 4876 4878 4771
f 4878 4880 4771
f 4771 4880 4796
f 4880 4882 4796
f 4796 4882 4783
f 4882 4884 4783
f 4884 4886 4783
f 4783 4886 4703
f 4886 4889 4703
f 4889 4891 4703
f 4703 4891 4711
f 4891 4893 4711
f 4893 4895 4711
f 4711 4895 4706
f 4895 4897 4706
f 4897 4899 4706
f 4706 4899 4789
f 4899 4901 4789
f 4901 4903 4789
f 4789 4903 4788
f 4903 4905 4788
f 4905 4797 4788
f 4788 4797 4794
f 4797 4800 4794
f 4794 4800 4739
f 4800 4802 4739
f 4802 4804 4739
f 4739 4804 4736
f 4804 4806 4736
f 4806 4808 4736
f 4736 4808 4572
f 4808 4810 4572
f 4810 4812 4572
f 4572 4812 4571
f 4812 4814 4571
f 4571 4814 4582
f 4814 4816 4582
f 4816 4818 4582
f 4582 4818 4742
f 4818 4820 4742
f 4820 4822 4742
f 4742 4822 4744
f 4822 4824 4744
f 4824 4826 4744
f 4744 4826 4793
f 4826 4828 4793
f 4793 4828 4751
f 4828 4830 4751
f 4830 4832 4751
f 4751 4832 4750
f 4832 4833 4750
f 4750 4833 4619
f 4833 4835 4619
f 4835 4837 4619
f 4619 4837 4613
f 4837 4839 4613
f 4839 4841 4613
f 4613 4841 4630
f 4841 4843 4630
f 4843 4845 4630
f 4630 4845 4754
f 4845 4847 4754
f 4754 4847 4758
f 4847 4849 4758
f 4758 4849 4792
f 4849 4852 4792
f 4414 5002 4415
f 4415 5002 5000
f 4415 5000 4487
f 4487 5000 4489
f 4489 5000 4998
f 4489 4998 4492
f 4492 4998 4493
f 4493 4998 4996
f 4493 4996 4495
f 4495 4996 4498
f 4498 4996 4499
f 4499 4996 4993
f 4499 4993 4501
f 4501 4993 4504
f 4504 4993 4505
f 4505 4993 4994
f 4505 4994 4507
f 4507 4994 4509
f 4509 4994 4512
f 4512 4994 4513
f 4513 4994 5051
f 4513 5051 4515
f 4515 5051 4518
f 4518 5051 5049
f 4518 5049 4519
f 4519 5049 4521
f 4521 5049 5047
f 4521 5047 4524
f 4524 5047 4525
f 4525 5047 5045
f 4525 5045 4527
f 4527 5045 4529
f 4529 5045 4532
f 4532 5045 5043
f 4532 5043 4534
f 4534 5043 5041
f 4534 5041 4536
f 4536 5041 4538
f 4538 5041 5039
f 4538 5039 4540
f 4540 5039 4542
f 4542 5039 5037
f 4542 5037 4545
f 4545 5037 4546
f 4546 5037 5035
f 4546 5035 4548
f 4548 5035 4550
f 4550 5035 5015
f 4550 5015 4457
f 4457 5015 5018
f 4457 5018 4458
f 4458 5018 4460
f 4460 5018 4462
f 4462 5018 5019
f 4462 5019 4464
f 4464 5019 5021
f 4464 5021 4466
f 4466 5021 4468
f 4468 5021 4469
f 4469 5021 5023
f 4469 5023 4471
f 4471 5023 4473
f 4473 5023 4475
f 4475 5023 5026
f 4475 5026 4477
f 4477 5026 5027
f 4477 5027 4479
f 4479 5027 4481
f 4481 5027 4484
f 4484 5027 5030
f 4484 5030 4419
f 4419 5030 4421
f 4421 5030 5032
f 4421 5032 4424
f 4424 5032 4427
f 4427 5032 5034
f 4427 5034 4429
f 4429 5034 4431
f 4431 5034 5013
f 4431 5013 4433
f 4433 5013 4435
f 4435 5013 5012
f 4435 5012 4438
f 4438 5012 5010
f 4438 5010 4440
f 4440 5010 4442
f 4442 5010 4444
f 4444 5010 5007
f 4444 5007 4446
f 4446 5007 4448
f 4448 5007 4449
f 4449 5007 5005
f 4449 5005 4452
f 4452 5005 4410
f 4410 5005 4412
f 4412 5005 5002
f 4412 5002 4414
f 5084 5085 5016
f 5085 5086 5016
f 5016 5086 5020
f 5086 5087 5020
f 5087 5088 5020
f 5088 5089 5020
f 5020 5089 5022
f 5089 5090 5022
f 5022 5090 5024
f 5090 5091 5024
f 5091 5092 5024
f 5024 5092 5025
f 5092 5093 5025
f 5093 5094 5025
f 5025 5094 5028
f 5094 5095 5028
f 5095 5096 5028
f 5028 5096 5029
f 5096 5097 5029
f 5097 5098 5029
f 5029 5098 5031
f 5098 5099 5031
f 5099 5100 5031
f 5031 5100 5033
f 5100 5101 5033
f 5101 5102 5033
f 5033 5102 5014
f 5102 5103 5014
f 5103 5104 5014
f 5014 5104 5011
f 5104 5105 5011
f 5105 5106 5011
f 5011 5106 5009
f 5106 5107 5009
f 5107 5108 5009
f 5009 5108 5008
f 5108 5109 5008
f 5109 5110 5008
f 5008 5110 5006
f 5110 5111 5006
f 5111 5112 5006
f 5006 5112 5004
f 5112 5113 5004
f 5113 5053 5004
f 5004 5053 5003
f 5053 5054 5003
f 5003 5054 5001
f 5054 5055 5001
f 5055 5056 5001
f 5001 5056 4999
f 5056 5057 4999
f 5057 5058 4999
f 4999 5058 4997
f 5058 5059 4997
f 5059 5060 4997
f 4997 5060 4995
f 5060 5061 4995
f 5061 5062 4995
f 4995 5062 4992
f 5062 5063 4992
f 5063 5064 4992
f 4992 5064 5052
f 5064 5065 5052
f 5065 5066 5052
f 5052 5066 5050
f 5066 5067 5050
f 5067 5068 5050
f 5050 5068 5048
f 5068 5069 5048
f 5069 5070 5048
f 5048 5070 5046
f 5070 5071 5046
f 5071 5072 5046
f 5046 5072 5044
f 5072 5073 5044
f 5073 5074 5044
f 5044 5074 5042
f 5074 5075 5042
f 5075 5076 5042
f 5042 5076 5040
f 5076 5077 5040
f 5077 5078 5040
f 5040 5078 5038
f 5078 5079 5038
f 5079 5080 5038
f 5038 5080 5036
f 5080 5081 5036
f 5081 5082 5036
f 5036 5082 5017
f 5082 5083 5017
f 5083 5084 5017
f 5017 5084 5016
f 5321 5323 5322
f 5322 5323 5324
f 5325 4279 5326
f 5326 4279 4281
f 5327 5329 5328
f 5328 5329 5330
f 4422 5331 4420
f 4422 5332 5331
f 5331 5332 5333
f 5330 4282 5334
f 4282 5330 4281
f 4281 5330 5326
f 5330 5334 5328
f 5321 4278 5335
f 5321 5335 5323
f 5335 4279 5325
f 5335 4278 4279
f 4426 5324 4423
f 5324 4426 5322
f 5327 4420 5329
f 4420 5327 4486
f 4423 5324 4422
f 5323 5332 5324
f 5324 5332 4422
f 5332 5323 5335
f 5332 5335 5325
f 5326 5333 5325
f 5325 5333 5332
f 5333 5326 5330
f 5329 5331 5330
f 5330 5331 5333
f 5329 4420 5331
f 4408 5304 4221
f 4408 4221 4222
f 4222 4226 4407
f 4407 4408 4222
f 4407 4226 4404
f 4404 4226 4227
f 4404 4227 4229
f 4404 4229 4402
f 4402 4229 4230
f 4402 4230 4400
f 4400 4230 4232
f 4400 4232 4398
f 4398 4232 4234
f 4398 4234 4396
f 4396 4234 4235
f 4396 4235 4394
f 4394 4235 4237
f 4394 4237 4392
f 4392 4237 4212
f 4392 4212 4390
f 4390 4212 4389
f 4212 4215 4389
f 4215 4386 4389
f 4215 4216 4386
f 4216 4384 4386
f 4216 4218 4384
f 4218 4382 4384
f 4218 4220 4382
f 4220 4380 4382
f 4220 4224 4380
f 4380 4224 5275
f 4380 5275 4379
f 5275 5276 4379
f 5276 4263 4377
f 5276 4377 4379
f 4239 4377 4263
f 4239 4251 4375
f 4375 4377 4239
f 4375 4251 4372
f 4372 4251 4253
f 4372 4253 4254
f 4372 4254 4370
f 4370 4254 4255
f 4370 4255 4368
f 4368 4255 4257
f 4368 4257 4366
f 4366 4257 4259
f 4366 4259 4364
f 4364 4259 4260
f 4364 4260 4362
f 4362 4260 4262
f 4362 4262 4360
f 4360 4262 4250
f 4360 4250 4358
f 4358 4250 4356
f 4250 4248 4356
f 4248 4247 4354
f 4248 4354 4356
f 4247 4245 4351
f 4247 4351 4354
f 4245 4241 4350
f 4245 4350 4351
f 4242 5291 4348
f 4242 4348 4241
f 4241 4348 4350
f 4347 4348 5289
f 5289 4348 5291
f 4345 4347 5289
f 4267 4268 4345
f 4267 4345 5290
f 5290 4345 5289
f 4268 4343 4345
f 4341 4343 4271
f 4271 4343 4268
f 4341 4271 4272
f 4341 4272 4340
f 4340 4272 4338
f 4338 4272 4274
f 4338 4274 4336
f 4336 4274 4275
f 4336 4275 4334
f 4334 4275 4264
f 4334 4264 4333
f 4333 4264 4265
f 4265 5317 4333
f 4333 5317 5319
f 4333 5319 4330
f 4330 5319 4906
f 4330 4906 4328
f 4328 4906 4909
f 4328 4909 4325
f 4909 4911 4325
f 4324 4325 4911
f 4911 4912 4324
f 4322 4324 4912
f 4912 4914 4322
f 4320 4322 4914
f 4914 4915 4320
f 4318 4320 4915
f 4915 4917 4318
f 4318 4917 5284
f 5285 4282 5284
f 5284 4282 4318
f 4187 4317 5286
f 5286 4317 5285
f 4317 4187 4188
f 4199 4315 4188
f 4188 4315 4317
f 4200 4313 4199
f 4199 4313 4315
f 4202 4311 4200
f 4200 4311 4313
f 4203 4309 4202
f 4202 4309 4311
f 4205 4307 4203
f 4203 4307 4309
f 4206 4305 4205
f 4205 4305 4307
f 4208 4303 4206
f 4206 4303 4305
f 4210 4301 4208
f 4208 4301 4303
f 4211 4299 4210
f 4210 4299 4301
f 4190 4297 4211
f 4211 4297 4299
f 4191 4296 4190
f 4190 4296 4297
f 4193 4294 4191
f 4191 4294 4296
f 4195 4292 4193
f 4193 4292 4294
f 4196 4288 4195
f 4195 4288 4292
f 4196 5314 5282
f 5281 4221 5304
f 5281 5304 5278
f 5278 5304 5336
f 5278 5336 5337
f 5278 5337 5280
f 5280 5337 5282
f 5282 5337 5300
f 5282 5300 4196
f 4196 5300 4288
f 4317 4278 5285
f 5285 4278 5321
f 5285 5321 5334
f 5285 5334 4282
f 4902 4900 5338
f 4850 4848 5339
f 5210 5209 4467
f 5252 5251 4432
f 4537 4539 4541
f 4425 4428 5340
f 4904 5119 4799
f 4799 5119 5118
f 5118 5117 4799
f 4799 5117 4798
f 5117 5116 4798
f 4798 5116 4417
f 4417 5116 5115
f 4417 5115 5114
f 4417 5114 4418
f 5338 5120 5119
f 5315 4418 5114
f 4454 5121 5120
f 5315 5114 5123
f 5315 5123 5122
f 5121 4454 5315
f 5315 5122 5121
f 5135 4502 4503
f 5135 5134 4502
f 4502 5134 4500
f 5134 5143 4500
f 4500 5143 4497
f 5341 5137 5136
f 5341 5136 4503
f 4503 5136 5135
f 4497 5143 5142
f 4497 5142 4809
f 4809 5142 5141
f 5137 5341 5138
f 5138 5341 4813
f 5141 5140 4809
f 4809 5140 5139
f 5139 5138 4811
f 4811 5138 4813
f 4516 5156 5165
f 5157 5155 4520
f 4516 5165 5164
f 5155 5156 4520
f 4520 5156 4516
f 5161 4827 4825
f 4825 5162 5161
f 4823 5163 4825
f 4825 5163 5162
f 4523 5160 5159
f 4523 5159 5158
f 5342 5182 5181
f 5180 5179 4541
f 4541 5179 5178
f 5178 5177 4535
f 4535 5177 5176
f 4838 5176 5184
f 5342 5181 5180
f 5342 4840 5182
f 4838 5184 5183
f 4840 5183 5182
f 5204 5203 4851
f 5202 5201 5343
f 5196 5204 4851
f 4851 5203 4853
f 4853 5203 5202
f 4853 5202 4855
f 4855 5202 5343
f 5343 5201 5200
f 5198 5197 5339
f 4456 5198 5339
f 4456 5199 5198
f 4456 5200 5199
f 5216 5215 4865
f 4865 5215 5224
f 4865 5224 4867
f 4867 5224 4869
f 5220 5219 4472
f 5218 5217 4467
f 5220 4472 4476
f 4472 5219 5218
f 5217 5216 4467
f 5222 5221 4476
f 4476 5221 5220
f 4869 5223 5222
f 4869 5222 4476
f 4869 5224 5223
f 4879 5237 5235
f 4879 5235 4881
f 5238 5237 4877
f 4877 5237 4879
f 4881 5236 4883
f 4883 5236 5243
f 5340 5243 5242
f 4881 5235 5236
f 5239 5238 4483
f 4425 5240 4426
f 5240 5239 4483
f 5240 4483 4426
f 4425 5241 5240
f 5260 5259 4436
f 4441 5261 4439
f 4443 5262 4441
f 4441 5262 5261
f 5261 5260 4439
f 4436 5259 5258
f 4443 5254 5263
f 4443 5263 5262
f 4436 5258 5257
f 4892 5257 5256
f 4894 5255 5254
f 4892 5256 5255
f 4892 5255 4894
f 5315 4454 5306
f 5301 5300 5337
f 4454 5301 5306
f 5301 5337 5306
f 5306 5337 5336
f 5338 4451 4453
f 5338 4453 4454
f 5254 5268 5267
f 5254 5267 5338
f 5338 5267 5266
f 5265 5264 5338
f 4451 5264 5272
f 4450 5271 4447
f 4447 5271 5270
f 4447 5270 4445
f 4445 5270 5269
f 5254 5269 5268
f 5338 5266 5265
f 4451 5272 5271
f 4451 5271 4450
f 5338 5264 4451
f 4445 5269 5254
f 5254 4443 4445
f 4439 5260 4436
f 4439 4436 4437
f 4432 4434 4436
f 5340 4428 4430
f 5340 4430 4432
f 4425 5340 5242
f 4425 5242 5241
f 4483 4486 4426
f 4426 4486 5327
f 5322 4426 5327
f 5334 5321 5322
f 5327 5334 5322
f 5334 5327 5328
f 4483 4485 4486
f 5232 4482 4483
f 4480 5230 4478
f 5232 5231 4482
f 4482 5231 4480
f 4480 5231 5230
f 4478 5230 4476
f 4472 4474 4476
f 5218 4467 4472
f 4472 4467 4470
f 4461 5343 4459
f 5343 4461 4463
f 5343 4463 4465
f 4456 4459 5343
f 4456 5343 5200
f 5339 4455 4456
f 4544 4547 5339
f 5339 4547 4549
f 5188 5187 4544
f 4544 5187 4543
f 4543 5187 5186
f 4535 4537 4541
f 5178 4535 4541
f 5176 4838 4535
f 4535 4838 4533
f 4530 4531 4838
f 4838 4531 4533
f 4530 4838 4528
f 4523 4526 4528
f 4520 4522 4523
f 4520 4523 5157
f 5157 4523 5158
f 4517 4520 4516
f 5164 4511 4514
f 4511 5145 4510
f 4510 5144 4508
f 5150 5149 5341
f 5341 5149 5164
f 5164 5149 5148
f 4510 5145 5144
f 4508 5144 5154
f 4508 5154 4506
f 4506 5154 5153
f 4511 5146 5145
f 5152 5151 5341
f 5148 5147 5164
f 5341 5151 5150
f 5164 5147 4511
f 4511 5147 5146
f 5153 5152 4506
f 4506 5152 5341
f 5341 4503 4506
f 4494 4496 4809
f 4809 4496 4497
f 4491 4494 4809
f 4490 4491 4417
f 4490 4417 4488
f 5306 5336 5304
f 5253 5252 4436
f 4436 5252 4432
f 4887 5245 4888
f 4888 5245 4890
f 4890 5245 4436
f 4436 5245 5253
f 5247 5246 5340
f 5340 5246 4885
f 4887 5244 5245
f 4885 5246 5244
f 4885 5244 4887
f 5340 5249 5248
f 5340 5248 5247
f 4432 5251 5250
f 4432 5250 5340
f 5340 5250 5249
f 4869 5225 5226
f 5344 5226 5234
f 5230 5229 4476
f 4476 5229 5228
f 5344 5234 5233
f 5227 4869 5228
f 4869 5227 5225
f 5344 5233 4483
f 4483 5233 5232
f 4476 5228 4869
f 5343 5205 4859
f 4859 5205 5214
f 5212 4467 4863
f 5212 5211 4467
f 4859 5214 5213
f 4859 5213 4861
f 4861 5213 5212
f 4861 5212 4863
f 5209 4465 4467
f 5343 5207 5206
f 4465 5209 5208
f 4465 5208 5343
f 5343 5208 5207
f 5206 5205 5343
f 5194 5193 5342
f 5342 5193 5339
f 5339 5193 5192
f 4543 5186 4541
f 5339 5192 5191
f 4544 5190 5189
f 5342 5185 5195
f 5195 5194 5342
f 5339 5191 5190
f 4544 5189 5188
f 4541 5186 5185
f 4491 5132 5131
f 4491 5131 4417
f 5126 5125 4809
f 4491 5124 5133
f 4491 5133 5132
f 4807 5126 4809
f 5125 5124 4809
f 4809 5124 4491
f 4417 5131 5130
f 4805 5127 4807
f 4807 5127 5126
f 4417 5129 4805
f 4805 5129 5128
f 4417 5130 5129
f 4805 5128 5127
f 4817 5341 5164
f 4817 5164 4819
f 5164 4514 4516
f 4823 4821 5164
f 5164 4821 4819
f 5163 4823 5164
f 5161 5160 4827
f 4827 5160 4523
f 4523 4829 4827
f 4523 5167 5175
f 4528 5168 5166
f 4523 5174 4831
f 5175 5174 4523
f 5174 5173 4831
f 4838 5171 5170
f 4838 5170 5169
f 5169 5168 4528
f 4831 5173 5172
f 4831 5172 4834
f 4834 5171 4836
f 4838 5169 4528
f 4834 5172 5171
f 4836 5171 4838
f 5166 5167 4528
f 4528 5167 4523
f 5183 4840 4838
f 5342 4842 4840
f 5342 4844 4842
f 5339 4848 4846
f 5339 4846 5342
f 5342 4846 4844
f 5197 5196 5339
f 5196 4851 5339
f 5339 4851 4850
f 5343 4857 4855
f 4859 4857 5343
f 5216 4865 4467
f 4865 4863 4467
f 4875 4873 5344
f 5344 4873 4871
f 4875 5344 4483
f 5238 4877 4483
f 4483 4877 4875
f 4883 5243 5340
f 5340 4885 4883
f 4892 4890 4436
f 5257 4892 4436
f 5254 4898 4896
f 5254 4896 4894
f 4900 4898 5338
f 5338 4898 5254
f 4454 5120 5338
f 5119 4904 5338
f 5338 4904 4902
f 4801 4798 4417
f 4805 4803 4417
f 4417 4803 4801
f 5139 4811 4809
f 5341 4817 4815
f 5341 4815 4813
f 4541 5185 5342
f 4541 5342 5180
f 4549 4455 5339
f 4544 5339 5190
f 4831 4829 4523
f 5210 4467 5211
f 4869 5226 5344
f 4869 5344 4871

