v 0.01432397 -0.04772264 -0.09412302
v 0.01587641 -0.04772264 -0.08827378
v 0.01599784 -0.04772264 -0.08845033
v 0.01592578 -0.04772264 -0.09032886
v 0.01583122 -0.04772264 -0.09054282
v 0.01581176 -0.04772264 -0.09080800
v 0.01581174 -0.04772264 -0.08787723
v 0.01581609 -0.04772264 -0.08803791
v 0.01432397 -0.04772264 -0.08456707
v 0.01614927 -0.04772264 -0.09014893
v 0.01619913 -0.04772264 -0.08855955
v 0.01652306 -0.04772264 -0.09008910
v 0.01653112 -0.04772264 -0.08860099
v 0.02031006 -0.04772264 -0.08860101
v 0.01577937 -0.04772264 -0.08425042
v 0.01432889 -0.04772264 -0.08439784
v 0.01560909 -0.04772264 -0.08392639
v 0.01439711 -0.04772264 -0.08412606
v 0.01435634 -0.04772264 -0.09443936
v 0.01579816 -0.04772264 -0.09434284
v 0.01448384 -0.04772264 -0.09471997
v 0.01581175 -0.04772264 -0.08456592
v 0.01581174 -0.04772264 -0.09412272
v 0.02062671 -0.04772264 -0.09005640
v 0.02047928 -0.04772264 -0.08860593
v 0.02095074 -0.04772264 -0.08988612
v 0.02075065 -0.04772264 -0.08867454
v 0.01499727 -0.04772264 -0.08367772
v 0.01527168 -0.04772264 -0.08371386
v 0.02032265 -0.04772264 -0.09008878
v 0.01571496 -0.04772264 -0.09464035
v 0.01470052 -0.04772264 -0.09490683
v 0.02117322 -0.04772264 -0.08947016
v 0.02102517 -0.04772264 -0.08887739
v 0.01900581 -0.04772264 -0.09945430
v 0.02035079 -0.04772264 -0.09870614
v 0.01920995 -0.04772264 -0.09966112
v 0.01813134 -0.04772264 -0.10730126
v 0.01842326 -0.04772264 -0.10721809
v 0.01867489 -0.04772264 -0.10869962
v 0.01903768 -0.04772264 -0.10857521
v 0.01869490 -0.04772264 -0.10709185
v 0.01938642 -0.04772264 -0.10840958
v 0.01894036 -0.04772264 -0.10692716
v 0.01651455 -0.04772264 -0.10687297
v 0.01516957 -0.04772264 -0.10762113
v 0.01631041 -0.04772264 -0.10666616
v 0.01738902 -0.04772264 -0.09902602
v 0.01709710 -0.04772264 -0.09910918
v 0.01684546 -0.04772264 -0.09762765
v 0.01648268 -0.04772264 -0.09775206
v 0.01682545 -0.04772264 -0.09923542
v 0.01613394 -0.04772264 -0.09791769
v 0.01657999 -0.04772264 -0.09940011
v 0.02055310 -0.04772264 -0.09897277
v 0.01937903 -0.04772264 -0.09989645
v 0.02075237 -0.04772264 -0.09930381
v 0.01951467 -0.04772264 -0.10016536
v 0.02091321 -0.04772264 -0.09965573
v 0.01946676 -0.04772264 -0.10626920
v 0.01957680 -0.04772264 -0.10598999
v 0.02091132 -0.04772264 -0.10667635
v 0.02103183 -0.04772264 -0.10631523
v 0.01965237 -0.04772264 -0.10567544
v 0.02111838 -0.04772264 -0.10592899
v 0.01969494 -0.04772264 -0.10530929
v 0.01971531 -0.04772264 -0.10820465
v 0.02001933 -0.04772264 -0.10796281
v 0.01915430 -0.04772264 -0.10672917
v 0.02029380 -0.04772264 -0.10768714
v 0.01932115 -0.04772264 -0.10652035
v 0.02053417 -0.04772264 -0.10738194
v 0.02074111 -0.04772264 -0.10704466
v 0.01496725 -0.04772264 -0.10735451
v 0.01614133 -0.04772264 -0.10643083
v 0.01476799 -0.04772264 -0.10702346
v 0.01600569 -0.04772264 -0.10616191
v 0.01460715 -0.04772264 -0.10667155
v 0.02103591 -0.04772264 -0.10002685
v 0.01961566 -0.04772264 -0.10047645
v 0.02112168 -0.04772264 -0.10041746
v 0.01967505 -0.04772264 -0.10080513
v 0.02117289 -0.04772264 -0.10083136
v 0.01970403 -0.04772264 -0.10120601
v 0.02119536 -0.04772264 -0.10136705
v 0.02119639 -0.04772264 -0.10468676
v 0.02119387 -0.04772264 -0.10505849
v 0.01970862 -0.04772264 -0.10470054
v 0.02117169 -0.04772264 -0.10551036
v 0.01824425 -0.04772264 -0.09905227
v 0.01796887 -0.04772264 -0.09900069
v 0.01833314 -0.04772264 -0.09755038
v 0.01793317 -0.04772264 -0.09750574
v 0.01768347 -0.04772264 -0.09899063
v 0.01758719 -0.04772264 -0.09750574
v 0.01721592 -0.04772264 -0.09754555
v 0.02008337 -0.04772264 -0.09842323
v 0.01978311 -0.04772264 -0.09817173
v 0.01877187 -0.04772264 -0.09928121
v 0.01945363 -0.04772264 -0.09795542
v 0.01851502 -0.04772264 -0.09914611
v 0.01909918 -0.04772264 -0.09777781
v 0.01872427 -0.04772264 -0.09764193
v 0.02119639 -0.04772264 -0.10164051
v 0.01970861 -0.04772264 -0.10164051
v 0.01727610 -0.04772264 -0.10727500
v 0.01755149 -0.04772264 -0.10732658
v 0.01718722 -0.04772264 -0.10877690
v 0.01758719 -0.04772264 -0.10882153
v 0.01783688 -0.04772264 -0.10733664
v 0.01793317 -0.04772264 -0.10882153
v 0.01830444 -0.04772264 -0.10878172
v 0.01543699 -0.04772264 -0.10790405
v 0.01573725 -0.04772264 -0.10815555
v 0.01674849 -0.04772264 -0.10704607
v 0.01606672 -0.04772264 -0.10837185
v 0.01700534 -0.04772264 -0.10718116
v 0.01642118 -0.04772264 -0.10854947
v 0.01679609 -0.04772264 -0.10868534
v 0.01580505 -0.04772264 -0.09812263
v 0.01550102 -0.04772264 -0.09836446
v 0.01636606 -0.04772264 -0.09959810
v 0.01522655 -0.04772264 -0.09864013
v 0.01619921 -0.04772264 -0.09980692
v 0.01498619 -0.04772264 -0.09894533
v 0.01605360 -0.04772264 -0.10005806
v 0.01477925 -0.04772264 -0.09928261
v 0.01460903 -0.04772264 -0.09965093
v 0.01594356 -0.04772264 -0.10033729
v 0.01448853 -0.04772264 -0.10001203
v 0.01586799 -0.04772264 -0.10065184
v 0.01440198 -0.04772264 -0.10039828
v 0.01582542 -0.04772264 -0.10101797
v 0.01448445 -0.04772264 -0.10630041
v 0.01590470 -0.04772264 -0.10585082
v 0.01439868 -0.04772264 -0.10590981
v 0.01584531 -0.04772264 -0.10552214
v 0.01434746 -0.04772264 -0.10549591
v 0.01581633 -0.04772264 -0.10512126
v 0.01432500 -0.04772264 -0.10496022
v 0.01432397 -0.04772264 -0.10164051
v 0.01432649 -0.04772264 -0.10126878
v 0.01581174 -0.04772264 -0.10162673
v 0.01434867 -0.04772264 -0.10081691
v 0.01432397 -0.04772264 -0.10468676
v 0.01581174 -0.04772264 -0.10468676
v 0.01687208 -0.04772264 -0.12093657
v 0.01641183 -0.04772264 -0.12265000
v 0.01669861 -0.04772264 -0.12108356
v 0.01871351 -0.04772264 -0.11296364
v 0.01857371 -0.04772264 -0.11317266
v 0.01783604 -0.04772264 -0.11166323
v 0.01933369 -0.04772264 -0.12111866
v 0.01952811 -0.04772264 -0.12097905
v 0.02027952 -0.04772264 -0.12229003
v 0.02048209 -0.04772264 -0.12213170
v 0.01532451 -0.04772264 -0.11162395
v 0.01626157 -0.04772264 -0.11282998
v 0.01599696 -0.04772264 -0.11298432
v 0.01894611 -0.04772264 -0.11283311
v 0.01816139 -0.04772264 -0.11154523
v 0.01966481 -0.04772264 -0.11325742
v 0.01952373 -0.04772264 -0.11298457
v 0.02095911 -0.04772264 -0.11246957
v 0.02081831 -0.04772264 -0.11222313
v 0.02063862 -0.04772264 -0.11199206
v 0.02069569 -0.04772264 -0.12191007
v 0.02085956 -0.04772264 -0.12168073
v 0.01966643 -0.04772264 -0.12070616
v 0.01910852 -0.04772264 -0.12265000
v 0.01913624 -0.04772264 -0.12115726
v 0.01942217 -0.04772264 -0.12262639
v 0.01972917 -0.04772264 -0.12255587
v 0.02001625 -0.04772264 -0.12244256
v 0.01503352 -0.04772264 -0.11184154
v 0.02042209 -0.04772264 -0.11178523
v 0.02017745 -0.04772264 -0.11161279
v 0.01926755 -0.04772264 -0.11283202
v 0.01970784 -0.04772264 -0.11358418
v 0.02118046 -0.04772264 -0.11330309
v 0.02113257 -0.04772264 -0.11298256
v 0.02106252 -0.04772264 -0.11272404
v 0.02098987 -0.04772264 -0.12143216
v 0.02108643 -0.04772264 -0.12116829
v 0.01887701 -0.04772264 -0.12111604
v 0.01874164 -0.04772264 -0.12103529
v 0.01860001 -0.04772264 -0.12084645
v 0.01696885 -0.04772264 -0.12071003
v 0.01624056 -0.04772264 -0.12113285
v 0.01529487 -0.04772264 -0.12232573
v 0.01599565 -0.04772264 -0.12098263
v 0.01508652 -0.04772264 -0.12217329
v 0.01487217 -0.04772264 -0.12196550
v 0.01905172 -0.04772264 -0.11131902
v 0.01874715 -0.04772264 -0.11134965
v 0.01844334 -0.04772264 -0.11142678
v 0.01991338 -0.04772264 -0.11147934
v 0.01963833 -0.04772264 -0.11138638
v 0.01933808 -0.04772264 -0.11133086
v 0.02114983 -0.04772264 -0.12089632
v 0.02118354 -0.04772264 -0.12063017
v 0.01970888 -0.04772264 -0.12034940
v 0.02119788 -0.04772264 -0.12029313
v 0.01971080 -0.04772264 -0.12011775
v 0.02119857 -0.04772264 -0.12011775
v 0.01971080 -0.04772264 -0.11385049
v 0.02119857 -0.04772264 -0.11385049
v 0.02119789 -0.04772264 -0.11367653
v 0.01479150 -0.04772264 -0.11209942
v 0.01463370 -0.04772264 -0.11233293
v 0.01585393 -0.04772264 -0.11326209
v 0.01559583 -0.04772264 -0.11148404
v 0.01589011 -0.04772264 -0.11138429
v 0.01648745 -0.04772264 -0.12115750
v 0.01611115 -0.04772264 -0.12262831
v 0.01582989 -0.04772264 -0.12256749
v 0.01555593 -0.04772264 -0.12246675
v 0.01585515 -0.04772264 -0.12070924
v 0.01455542 -0.04772264 -0.12148653
v 0.01469433 -0.04772264 -0.12173348
v 0.01649894 -0.04772264 -0.11281230
v 0.01649230 -0.04772264 -0.11131980
v 0.01620213 -0.04772264 -0.11132877
v 0.01755423 -0.04772264 -0.11163055
v 0.01670193 -0.04772264 -0.11288694
v 0.01727823 -0.04772264 -0.11150625
v 0.01700474 -0.04772264 -0.11140396
v 0.01672131 -0.04772264 -0.11134123
v 0.01852914 -0.04772264 -0.12061816
v 0.01701219 -0.04772264 -0.12034940
v 0.01450980 -0.04772264 -0.11258457
v 0.01441986 -0.04772264 -0.11284955
v 0.01581252 -0.04772264 -0.12038407
v 0.01434260 -0.04772264 -0.12069281
v 0.01439325 -0.04772264 -0.12101085
v 0.01446737 -0.04772264 -0.12127209
v 0.01850625 -0.04772264 -0.12011775
v 0.01850921 -0.04772264 -0.12038407
v 0.01701115 -0.04772264 -0.11358418
v 0.01701411 -0.04772264 -0.11385049
v 0.01701411 -0.04772264 -0.12011775
v 0.01850625 -0.04772264 -0.11385049
v 0.01850817 -0.04772264 -0.11361884
v 0.01699122 -0.04772264 -0.11335009
v 0.01853069 -0.04772264 -0.11334043
v 0.01689387 -0.04772264 -0.11307102
v 0.01436224 -0.04772264 -0.11312217
v 0.01433300 -0.04772264 -0.11338826
v 0.01581148 -0.04772264 -0.11361884
v 0.01432180 -0.04772264 -0.11384261
v 0.01580956 -0.04772264 -0.11385049
v 0.01580956 -0.04772264 -0.12011775
v 0.01432179 -0.04772264 -0.12011775
v 0.01432293 -0.04772264 -0.12032627
v 0.01960603 -0.04772264 -0.13367218
v 0.01967343 -0.04772264 -0.13338669
v 0.02109969 -0.04772264 -0.13384338
v 0.02116334 -0.04772264 -0.13347369
v 0.01970421 -0.04772264 -0.13306689
v 0.02119219 -0.04772264 -0.13308986
v 0.01970861 -0.04772264 -0.13275521
v 0.02119639 -0.04772264 -0.13275521
v 0.01970861 -0.04772264 -0.12602505
v 0.01841800 -0.04772264 -0.13487132
v 0.01868783 -0.04772264 -0.13475873
v 0.01918197 -0.04772264 -0.13617036
v 0.01952934 -0.04772264 -0.13599329
v 0.01893233 -0.04772264 -0.13460800
v 0.01985522 -0.04772264 -0.13577573
v 0.01915312 -0.04772264 -0.13441882
v 0.02015084 -0.04772264 -0.13552402
v 0.02041382 -0.04772264 -0.13524126
v 0.01934652 -0.04772264 -0.13419032
v 0.02064081 -0.04772264 -0.13493250
v 0.01949739 -0.04772264 -0.13394018
v 0.02083238 -0.04772264 -0.13459693
v 0.02098577 -0.04772264 -0.13423595
v 0.01521030 -0.04772264 -0.13646697
v 0.01748463 -0.04772264 -0.13497919
v 0.01751705 -0.04772264 -0.13646692
v 0.01783532 -0.04772264 -0.13497294
v 0.01807157 -0.04772264 -0.13644761
v 0.01814575 -0.04772264 -0.13493900
v 0.01844827 -0.04772264 -0.13639611
v 0.01881954 -0.04772264 -0.13630469
v 0.02116401 -0.04772264 -0.12570840
v 0.01971353 -0.04772264 -0.12585582
v 0.02099373 -0.04772264 -0.12538436
v 0.01978175 -0.04772264 -0.12558404
v 0.02119639 -0.04772264 -0.12602445
v 0.01489365 -0.04772264 -0.13501157
v 0.01504107 -0.04772264 -0.13646205
v 0.01455640 -0.04772264 -0.13518456
v 0.01476784 -0.04772264 -0.13639471
v 0.01519771 -0.04772264 -0.13497919
v 0.02038192 -0.04772264 -0.12513570
v 0.02065632 -0.04772264 -0.12517184
v 0.01582244 -0.04772264 -0.14442368
v 0.01441130 -0.04772264 -0.14387013
v 0.01587799 -0.04772264 -0.14413993
v 0.01451696 -0.04772264 -0.14351515
v 0.01597866 -0.04772264 -0.14386915
v 0.01466393 -0.04772264 -0.14317040
v 0.01434717 -0.04772264 -0.14422998
v 0.01432397 -0.04772264 -0.14461100
v 0.01581386 -0.04772264 -0.14470203
v 0.01485104 -0.04772264 -0.14284147
v 0.01612112 -0.04772264 -0.14361796
v 0.01507665 -0.04772264 -0.14253248
v 0.01631089 -0.04772264 -0.14337969
v 0.01533995 -0.04772264 -0.14224435
v 0.01434838 -0.04772264 -0.14501247
v 0.01584882 -0.04772264 -0.14497377
v 0.01441976 -0.04772264 -0.14539725
v 0.01592402 -0.04772264 -0.14523312
v 0.01453632 -0.04772264 -0.14576969
v 0.01604042 -0.04772264 -0.14548382
v 0.01564291 -0.04772264 -0.14197364
v 0.01654229 -0.04772264 -0.14316048
v 0.01599328 -0.04772264 -0.14171062
v 0.01686488 -0.04772264 -0.14291663
v 0.01641494 -0.04772264 -0.14142975
v 0.01722524 -0.04772264 -0.14267750
v 0.01992865 -0.04772264 -0.13914791
v 0.01469623 -0.04772264 -0.14612558
v 0.01489946 -0.04772264 -0.14646378
v 0.01619866 -0.04772264 -0.14572109
v 0.01515028 -0.04772264 -0.14678700
v 0.01640588 -0.04772264 -0.14594954
v 0.01541949 -0.04772264 -0.14706440
v 0.01667803 -0.04772264 -0.14618054
v 0.01573659 -0.04772264 -0.14733335
v 0.01705354 -0.04772264 -0.14644298
v 0.01610717 -0.04772264 -0.14760013
v 0.01722524 -0.04772264 -0.14655501
v 0.01641494 -0.04772264 -0.14780277
v 0.02073895 -0.04772264 -0.14883685
v 0.02098688 -0.04772264 -0.14019606
v 0.02007326 -0.04772264 -0.13905987
v 0.02116590 -0.04772264 -0.13987675
v 0.02033834 -0.04772264 -0.13896906
v 0.02073973 -0.04772264 -0.14039516
v 0.02021185 -0.04772264 -0.15022990
v 0.02087820 -0.04772264 -0.14893314
v 0.02057635 -0.04772264 -0.15026358
v 0.02106898 -0.04772264 -0.14913836
v 0.01992943 -0.04772264 -0.15008511
v 0.02104123 -0.04772264 -0.13922821
v 0.02116038 -0.04772264 -0.13947803
v 0.02116219 -0.04772264 -0.14973602
v 0.01894409 -0.04772264 -0.15428741
v 0.01869704 -0.04772264 -0.15443292
v 0.01817460 -0.04772264 -0.15299116
v 0.01791321 -0.04772264 -0.15314563
v 0.01767905 -0.04772264 -0.15333547
v 0.02062016 -0.04772264 -0.15342216
v 0.01952179 -0.04772264 -0.15443920
v 0.02039703 -0.04772264 -0.15321779
v 0.02014302 -0.04772264 -0.15304703
v 0.01926907 -0.04772264 -0.15428740
v 0.01966196 -0.04772264 -0.15470916
v 0.02095718 -0.04772264 -0.15391073
v 0.02080752 -0.04772264 -0.15365450
v 0.01747665 -0.04772264 -0.15355721
v 0.01732334 -0.04772264 -0.15378365
v 0.01855120 -0.04772264 -0.15470563
v 0.01651455 -0.04772264 -0.16214788
v 0.01516957 -0.04772264 -0.16289604
v 0.01631041 -0.04772264 -0.16194107
v 0.01914689 -0.04772264 -0.15277532
v 0.01875299 -0.04772264 -0.15280268
v 0.01845699 -0.04772264 -0.15287584
v 0.01986443 -0.04772264 -0.15291461
v 0.01956826 -0.04772264 -0.15282424
v 0.01718749 -0.04772264 -0.15406583
v 0.01709902 -0.04772264 -0.15434733
v 0.01704356 -0.04772264 -0.15465751
v 0.01850598 -0.04772264 -0.15507320
v 0.01701940 -0.04772264 -0.15499985
v 0.01850406 -0.04772264 -0.15530485
v 0.01701629 -0.04772264 -0.15530485
v 0.01850406 -0.04772264 -0.15827972
v 0.01813134 -0.04772264 -0.16257617
v 0.01842326 -0.04772264 -0.16249301
v 0.01867489 -0.04772264 -0.16397454
v 0.01903768 -0.04772264 -0.16385013
v 0.01869490 -0.04772264 -0.16236676
v 0.01938642 -0.04772264 -0.16368449
v 0.01894036 -0.04772264 -0.16220208
v 0.01496725 -0.04772264 -0.16262943
v 0.01614133 -0.04772264 -0.16170573
v 0.01476799 -0.04772264 -0.16229837
v 0.01600569 -0.04772264 -0.16143683
v 0.01460715 -0.04772264 -0.16194646
v 0.01704867 -0.04772264 -0.15859637
v 0.01849915 -0.04772264 -0.15844895
v 0.01717616 -0.04772264 -0.15887697
v 0.01843181 -0.04772264 -0.15872218
v 0.01946676 -0.04772264 -0.16154411
v 0.01957680 -0.04772264 -0.16126490
v 0.02091132 -0.04772264 -0.16195126
v 0.02103183 -0.04772264 -0.16159014
v 0.01965237 -0.04772264 -0.16095035
v 0.02111838 -0.04772264 -0.16120391
v 0.01969494 -0.04772264 -0.16058421
v 0.01971531 -0.04772264 -0.16347955
v 0.02001933 -0.04772264 -0.16323772
v 0.01915430 -0.04772264 -0.16200408
v 0.02029380 -0.04772264 -0.16296205
v 0.01932115 -0.04772264 -0.16179526
v 0.02053417 -0.04772264 -0.16265686
v 0.02074111 -0.04772264 -0.16231957
v 0.01448445 -0.04772264 -0.16157533
v 0.01590470 -0.04772264 -0.16112573
v 0.01439868 -0.04772264 -0.16118471
v 0.01584531 -0.04772264 -0.16079704
v 0.01434746 -0.04772264 -0.16077082
v 0.01581633 -0.04772264 -0.16039617
v 0.01432500 -0.04772264 -0.16023514
v 0.01701629 -0.04772264 -0.15829231
v 0.01727610 -0.04772264 -0.16254991
v 0.01755149 -0.04772264 -0.16260149
v 0.01718722 -0.04772264 -0.16405182
v 0.01758719 -0.04772264 -0.16409644
v 0.01783688 -0.04772264 -0.16261154
v 0.01793317 -0.04772264 -0.16409644
v 0.01830444 -0.04772264 -0.16405663
v 0.01543699 -0.04772264 -0.16317895
v 0.01573725 -0.04772264 -0.16343045
v 0.01674849 -0.04772264 -0.16232097
v 0.01606672 -0.04772264 -0.16364676
v 0.01700534 -0.04772264 -0.16245607
v 0.01642118 -0.04772264 -0.16382438
v 0.01679609 -0.04772264 -0.16396025
v 0.01432397 -0.04772264 -0.15996167
v 0.01581174 -0.04772264 -0.15996167
v 0.01432397 -0.04772264 -0.15365893
v 0.01739291 -0.04772264 -0.15906230
v 0.01799646 -0.04772264 -0.15913232
v 0.02119639 -0.04772264 -0.15996167
v 0.01970861 -0.04772264 -0.15530485
v 0.02119639 -0.04772264 -0.15529877
v 0.01970565 -0.04772264 -0.15503854
v 0.02118327 -0.04772264 -0.15480341
v 0.02114275 -0.04772264 -0.15448347
v 0.02106843 -0.04772264 -0.15418722
v 0.02117169 -0.04772264 -0.16078527
v 0.02119387 -0.04772264 -0.16033340
v 0.01970862 -0.04772264 -0.15997146
v 0.01577937 -0.04772264 -0.15334228
v 0.01433755 -0.04772264 -0.15343881
v 0.01560908 -0.04772264 -0.15301825
v 0.01581174 -0.04772264 -0.15364635
v 0.01442075 -0.04772264 -0.15314130
v 0.01527168 -0.04772264 -0.15280572
v -0.02707790 0.04238858 -0.25084171
v -0.02645288 0.04119876 -0.24779834
v -0.02694500 0.04208584 -0.24285984
v -0.02645436 0.04120122 -0.24344417
v -0.02473693 0.03822386 -0.24779834
v -0.02474772 0.03823963 -0.25033534
v -0.02497426 0.03863771 -0.25084171
v 0.02245273 -0.04350824 -0.22684172
v 0.02245415 -0.04351076 -0.23423925
v 0.02322384 -0.04467991 -0.22684172
v 0.02325606 -0.04470334 -0.23506507
v 0.02476043 -0.04504034 -0.22684073
v 0.02115624 -0.05674339 -0.22684172
v 0.02939207 -0.05293099 -0.22684158
v 0.01346588 -0.05902731 -0.22684172
v 0.00301822 -0.06052642 -0.22684172
v -0.02660281 0.04399325 -0.22684017
v -0.02707494 0.04245930 -0.22684172
v -0.03737454 0.04769732 -0.22684172
v -0.04482907 0.04069300 -0.22684172
v -0.03112470 0.05189000 -0.22684167
v -0.03258968 0.03656333 -0.22684172
v -0.03596971 0.03324502 -0.22684172
v -0.04003658 0.03487874 -0.22684388
v -0.03901340 0.02961572 -0.22684172
v -0.04007789 0.03333713 -0.22684649
v -0.05548106 -0.01795760 -0.22684206
v -0.05687126 -0.02078903 -0.22684172
v -0.05733227 -0.01595072 -0.22693883
v -0.05931148 -0.01237553 -0.22684167
v -0.00567625 -0.04865296 -0.22684172
v -0.00213372 -0.04892178 -0.22684172
v -0.00643085 -0.05174160 -0.22684419
v -0.05307043 -0.02931789 -0.22684170
v -0.04721593 -0.01305108 -0.22684172
v -0.04573492 -0.01755024 -0.22684172
v -0.05014605 -0.01430370 -0.22684450
v -0.04283543 0.03877250 -0.22684193
v -0.04604336 0.03822019 -0.22684227
v -0.04090760 0.03676193 -0.22684549
v -0.02890491 0.03953962 -0.22684172
v -0.04363871 -0.02228875 -0.22684172
v -0.03939323 -0.03626228 -0.22684255
v -0.03806641 -0.03083248 -0.22684172
v -0.03491053 -0.03436466 -0.22684172
v -0.03739774 -0.03627748 -0.22684374
v -0.00574083 -0.06027522 -0.22684172
v -0.02645288 0.04119876 -0.22684172
v -0.04864858 0.00573028 -0.22684172
v -0.04897511 0.00100490 -0.22684172
v -0.05204823 -0.00022716 -0.22684526
v -0.04884364 -0.00372992 -0.22684172
v -0.05160032 -0.00664710 -0.22684349
v -0.04825542 -0.00842990 -0.22684172
v -0.01034906 -0.04787794 -0.22684172
v -0.00987962 -0.05107723 -0.22684504
v -0.04277066 0.02964340 -0.22684520
v -0.04169459 0.02571065 -0.22684172
v -0.04635963 0.02365845 -0.22684538
v -0.04343436 0.02261303 -0.22684172
v -0.04497282 0.01941071 -0.22684172
v -0.04864057 0.01845883 -0.22684549
v -0.04663804 0.01497642 -0.22684172
v -0.05110912 0.00970407 -0.22684316
v -0.04786712 0.01040202 -0.22684172
v -0.03142822 -0.03757547 -0.22684172
v -0.02765203 -0.04043487 -0.22684172
v -0.03107669 -0.04173221 -0.22684345
v -0.02361728 -0.04291614 -0.22684172
v -0.02555492 -0.04534535 -0.22684574
v -0.01936172 -0.04499605 -0.22684172
v -0.01588120 -0.04956212 -0.22684418
v -0.01492515 -0.04665515 -0.22684172
v -0.04086630 -0.02701196 -0.22684172
v -0.00662287 -0.05920849 -0.22684331
v -0.00476378 -0.05681325 -0.22684237
v -0.05909381 -0.00969607 -0.22684175
v -0.06049585 -0.00254647 -0.22684170
v -0.05981272 -0.00171141 -0.22684172
v -0.06028626 0.00579962 -0.22684169
v -0.05937640 0.00809551 -0.22684178
v -0.05864185 0.01532208 -0.22684164
v -0.05658746 0.01953433 -0.22684173
v -0.05425267 0.02695428 -0.22684167
v -0.05237134 0.02912083 -0.22684178
v -0.04953500 0.03481405 -0.22684170
v -0.05185250 -0.01675843 -0.22684273
v -0.04589675 -0.03958089 -0.22684169
v -0.04319774 -0.03912254 -0.22684176
v -0.04273152 -0.04132251 -0.22691448
v -0.04177943 -0.03730276 -0.22684234
v 0.00141878 -0.04896386 -0.22684172
v -0.00492630 -0.05409160 -0.22684352
v 0.00614126 -0.04859445 -0.22684172
v 0.01080617 -0.04777319 -0.22684172
v 0.01536993 -0.04650516 -0.22684172
v 0.01978986 -0.04480220 -0.22684172
v -0.01454800 -0.05812997 -0.22684178
v -0.01438499 -0.05885389 -0.22684167
v -0.02422370 -0.05550919 -0.22684169
v -0.02467784 -0.05452286 -0.22684173
v -0.03189844 -0.05146567 -0.22684170
v -0.03243727 -0.05031465 -0.22684173
v -0.03829433 -0.04690237 -0.22684170
v -0.03874581 -0.04561411 -0.22684173
v -0.02887578 0.03518796 -0.24779834
v -0.02957497 0.03460411 -0.25034186
v -0.03225379 0.03212135 -0.24779834
v -0.03287113 0.03149105 -0.25034186
v -0.03530785 0.02873197 -0.24779834
v -0.03561818 0.02834310 -0.25034121
v -0.03800727 0.02505388 -0.24779834
v -0.03814770 0.02484152 -0.25034091
v -0.04032492 0.02112405 -0.24779834
v -0.04043031 0.02092419 -0.25034112
v -0.04223753 0.01698194 -0.24779834
v -0.04231185 0.01679919 -0.25034130
v -0.04372589 0.01266917 -0.24779834
v -0.04377366 0.01250744 -0.25034145
v -0.04477502 0.00822908 -0.24779834
v -0.04480121 0.00809156 -0.25034156
v -0.04537440 0.00370626 -0.24779834
v -0.04538432 0.00359537 -0.25034168
v -0.04551801 -0.00085384 -0.24779834
v -0.04551720 -0.00093651 -0.25034174
v -0.04520440 -0.00540541 -0.24779834
v -0.04519853 -0.00545911 -0.25034180
v -0.04435174 -0.01032239 -0.24779834
v -0.04434788 -0.01034497 -0.25034189
v -0.04322571 -0.01437940 -0.24779834
v -0.04320947 -0.01467690 -0.25034207
v -0.04886846 -0.01633815 -0.24197517
v -0.04694210 -0.01711811 -0.24286877
v -0.04768556 -0.01805391 -0.24227896
v -0.04778947 -0.01921238 -0.24199778
v -0.02879503 0.04272022 -0.24197544
v -0.02621158 0.04433073 -0.24197762
v -0.02691554 0.04356582 -0.24214686
v -0.04602160 -0.01675156 -0.24344693
v -0.04721162 -0.01307023 -0.24344414
v -0.05019262 -0.01165073 -0.24197713
v -0.04817367 -0.00887351 -0.24344450
v -0.05106818 -0.00685921 -0.24197762
v -0.04878335 -0.00446127 -0.24344462
v -0.05146588 -0.00231051 -0.24197899
v -0.04898612 0.00020897 -0.24344447
v -0.05149971 0.00164729 -0.24197762
v -0.04874262 0.00487727 -0.24344434
v -0.05111355 0.00650281 -0.24197762
v -0.04805506 0.00950106 -0.24344425
v -0.05027055 0.01130016 -0.24197762
v -0.04692972 0.01403819 -0.24344419
v -0.04897826 0.01599645 -0.24197762
v -0.04521588 0.01885520 -0.24344678
v -0.04724822 0.02054971 -0.24197762
v -0.04509589 0.02491923 -0.24197777
v -0.04259220 0.02424033 -0.24344654
v -0.04254053 0.02906596 -0.24197775
v -0.03903314 0.02959098 -0.24344414
v -0.03960497 0.03295282 -0.24197775
v -0.03603406 0.03317674 -0.24344414
v -0.03631544 0.03654506 -0.24197775
v -0.03270670 0.03646017 -0.24344414
v -0.03270137 0.03981059 -0.24197775
v -0.02908139 0.03941135 -0.24344414
v 0.01763682 -0.05840564 -0.24110083
v 0.01760778 -0.05841247 -0.23663335
v 0.01892607 -0.05799198 -0.23474804
v 0.01890276 -0.05799977 -0.24272592
v 0.02085100 -0.05734358 -0.22733913
v 0.01887735 -0.05800807 -0.22948475
v 0.01892584 -0.05799187 -0.24774785
v 0.02193482 -0.05694370 -0.25034979
v 0.01758658 -0.05844006 -0.24966891
v 0.01421308 -0.05933332 -0.23673932
v 0.01131493 -0.05998820 -0.24094658
v 0.00935744 -0.06029955 -0.23674171
v 0.00542496 -0.06078023 -0.24094172
v 0.00296703 -0.06097030 -0.23681229
v 0.00106271 -0.06100251 -0.24092314
v -0.00262152 -0.06094829 -0.24221002
v -0.00244935 -0.06094815 -0.23560973
v -0.00329065 -0.06091193 -0.24305806
v -0.00644244 -0.06068300 -0.25034112
v -0.00328283 -0.06090407 -0.24753627
v -0.00214656 -0.06097227 -0.24905084
v -0.00330839 -0.06091441 -0.23443013
v -0.00644193 -0.06067899 -0.22733821
v -0.00327281 -0.06090691 -0.22992961
v -0.00067661 -0.06103323 -0.22734573
v 0.00146866 -0.06107600 -0.25032753
v 0.00306960 -0.06096156 -0.24979830
v 0.00952240 -0.06028475 -0.25034532
v 0.00984866 -0.06023287 -0.24974288
v 0.01581565 -0.05893705 -0.25033981
v 0.01501942 -0.05915378 -0.22734167
v 0.01712023 -0.05855582 -0.22797039
v 0.00723668 -0.06063133 -0.22734283
v 0.00608367 -0.06073583 -0.22794701
v 0.01276821 -0.05968178 -0.22794054
v -0.00034499 -0.06101502 -0.22802304
v 0.02542861 -0.05545827 -0.22733930
v 0.02692283 -0.05475689 -0.25033832
v 0.02961599 -0.05335231 -0.22733520
v 0.02962695 -0.05332226 -0.25034171
v -0.03136495 0.05231882 -0.22734171
v -0.03395944 0.05069430 -0.22734511
v -0.03139646 0.05232436 -0.25034821
v -0.03504089 0.04993670 -0.25034171
v -0.03821658 0.04756941 -0.25034165
v -0.03716939 0.04837379 -0.22734173
v -0.03998519 0.04608178 -0.22733930
v -0.04146026 0.04475968 -0.25034413
v -0.04217752 0.04407683 -0.22734173
v -0.04495949 0.04125737 -0.25034165
v -0.04495966 0.04125718 -0.22734177
v -0.04774191 0.03799025 -0.25034413
v -0.04815023 0.03747154 -0.22733930
v -0.04991296 0.03508018 -0.25034171
v -0.05048058 0.03426866 -0.22733930
v -0.05156662 0.03261207 -0.25034413
v -0.05277232 0.03064045 -0.22734177
v -0.05404898 0.02832853 -0.25034165
v -0.05522462 0.02596307 -0.22734177
v -0.05589898 0.02445640 -0.25034413
v -0.05726328 0.02109114 -0.22734177
v -0.05724982 0.02108635 -0.25034171
v -0.05821413 0.01827632 -0.25034413
v -0.05887302 0.01606118 -0.22734177
v -0.05927770 0.01446086 -0.25034413
v -0.06004178 0.01091086 -0.22734177
v -0.06009145 0.01058442 -0.25034413
v -0.06076078 0.00567903 -0.25034165
v -0.06060936 0.00699079 -0.22734173
v -0.06094985 0.00304430 -0.22734177
v -0.06100139 0.00139440 -0.25034413
v -0.06100497 -0.00091627 -0.22734173
v -0.06092266 -0.00355581 -0.25034165
v -0.06083151 -0.00487363 -0.22734177
v -0.06038742 -0.00880989 -0.25034165
v -0.06018266 -0.01011488 -0.22734177
v -0.05939986 -0.01399800 -0.25034165
v -0.05938592 -0.01399487 -0.22734173
v -0.05845395 -0.01750392 -0.22733930
v -0.05835299 -0.01781831 -0.25034171
v -0.05742190 -0.02063952 -0.25034413
v -0.05719527 -0.02125954 -0.22733930
v -0.05608753 -0.02401612 -0.25034171
v -0.05608751 -0.02401617 -0.22734173
v -0.05485716 -0.02672026 -0.25034413
v -0.05456488 -0.02731217 -0.22733930
v -0.05251803 -0.03108365 -0.25034165
v -0.05267794 -0.03079476 -0.22733930
v -0.05111180 -0.03331930 -0.22734173
v -0.04963389 -0.03550785 -0.25034165
v -0.04904405 -0.03630367 -0.22733930
v -0.04700894 -0.03890279 -0.25034413
v -0.04637783 -0.03966628 -0.22734177
v -0.04370668 -0.04259140 -0.25034165
v -0.04300348 -0.04328907 -0.22733930
v -0.04059938 -0.04555124 -0.25034413
v -0.04084149 -0.04532669 -0.22734173
v -0.03807663 -0.04767991 -0.22733930
v -0.03755835 -0.04808918 -0.25034413
v -0.03490280 -0.05004966 -0.22733930
v -0.03462825 -0.05023311 -0.25034171
v -0.03214489 -0.05186378 -0.25034413
v -0.03158188 -0.05220847 -0.22733930
v -0.02783849 -0.05430626 -0.25034165
v -0.02783826 -0.05430638 -0.22734177
v -0.02425048 -0.05598464 -0.25034171
v -0.02334075 -0.05637600 -0.22733930
v -0.02149843 -0.05710375 -0.25034413
v -0.01932337 -0.05788482 -0.22734177
v -0.01774803 -0.05837789 -0.25034413
v -0.01552334 -0.05900234 -0.22734173
v -0.01424285 -0.05932431 -0.25034171
v -0.01166495 -0.05989881 -0.22734177
v -0.01133915 -0.05995252 -0.25034413
v -0.03644760 0.04837820 -0.25084171
v -0.04433085 0.04134660 -0.25084171
v 0.02479787 -0.04503533 -0.25084326
v 0.02449545 -0.05538671 -0.25084171
v 0.02937163 -0.05289212 -0.25084171
v -0.02662587 0.04396334 -0.25084269
v 0.02321347 -0.04468337 -0.25084171
v 0.00580008 -0.06036720 -0.25084171
v 0.01663875 -0.05821208 -0.25084171
v -0.03112011 0.05188264 -0.25084171
v -0.02975851 0.03517745 -0.25084171
v -0.03854648 -0.03286754 -0.25084156
v -0.03749751 -0.03625720 -0.25083429
v -0.03418954 -0.03924375 -0.25084049
v -0.05114342 -0.00973278 -0.25083733
v -0.04758208 -0.01687073 -0.25084168
v -0.05193640 -0.00302380 -0.25084093
v -0.05014836 -0.01419537 -0.25083575
v -0.02435930 -0.04599554 -0.25083873
v -0.01429631 -0.05004494 -0.25082394
v -0.00656111 -0.05168002 -0.25084147
v -0.02955238 -0.04281407 -0.25083965
v -0.00962902 -0.05118029 -0.25078294
v -0.04825468 -0.01964331 -0.25084153
v -0.05144221 -0.01631384 -0.25082991
v -0.04608203 0.00010985 -0.25084171
v -0.04520411 -0.00895688 -0.25084171
v -0.03581536 0.02895827 -0.25084171
v -0.03994165 0.03348020 -0.25084040
v -0.05436025 -0.01810392 -0.25083923
v -0.05746247 -0.01641756 -0.25084126
v -0.05787754 -0.01784506 -0.25084171
v -0.04090492 -0.03211474 -0.25084171
v -0.04952082 -0.03482255 -0.25084171
v -0.04445111 -0.04114214 -0.25084171
v -0.04420396 -0.02753633 -0.25084171
v -0.05402873 -0.02740983 -0.25084171
v -0.00525776 -0.05329166 -0.25084102
v -0.00120841 -0.04606369 -0.25084171
v 0.00787579 -0.04539616 -0.25084171
v -0.01888465 -0.04203505 -0.25084168
v -0.01024664 -0.04492736 -0.25084171
v -0.04247115 0.01787564 -0.25084171
v -0.04607209 0.02417897 -0.25084007
v -0.04933873 0.01650480 -0.25083983
v -0.03930990 0.02393263 -0.25084171
v -0.04262317 0.02985678 -0.25083956
v -0.04372337 -0.01512207 -0.25084955
v -0.05197666 0.00246543 -0.25083956
v -0.04515902 0.00917209 -0.25084171
v -0.05075314 0.01145153 -0.25084060
v -0.03496962 -0.03024410 -0.25084516
v -0.02678481 -0.03749982 -0.25084171
v 0.01448923 -0.04367904 -0.25084171
v 0.02101461 -0.04101852 -0.25084171
v -0.04128976 0.03779247 -0.25084153
v -0.04179782 -0.03709404 -0.25084096
v -0.04341444 -0.04068770 -0.25083804
v -0.04522540 0.03878307 -0.25084063
v -0.00696897 -0.06019837 -0.25084174
v -0.00539820 -0.05771777 -0.25082406
v -0.00731013 -0.05938175 -0.25084102
v -0.00475381 -0.05614057 -0.25084013
v -0.05529312 0.02316239 -0.25084162
v -0.05064031 0.03318835 -0.25084174
v -0.05586269 0.02354574 -0.25084183
v -0.04975795 0.03328114 -0.25084168
v -0.05888393 -0.01082105 -0.25084168
v -0.06000646 -0.00850391 -0.25084177
v -0.05990837 0.00156100 -0.25084165
v -0.06052539 0.00220367 -0.25084174
v -0.05859159 0.01227957 -0.25084168
v -0.05935679 0.01211952 -0.25084174
v -0.03923306 -0.04519575 -0.25084171
v -0.03879939 -0.04648548 -0.25084174
v -0.03270672 -0.05013927 -0.25084168
v -0.03258548 -0.05101944 -0.25084171
v -0.02527779 -0.05505652 -0.25084174
v -0.02380983 -0.05494272 -0.25084168
v -0.01698388 -0.05811705 -0.25084174
v -0.01592527 -0.05769040 -0.25084171
v -0.03415616 -0.03017537 -0.25034052
v -0.03162510 -0.03274975 -0.24779834
v -0.03393143 -0.03036183 -0.24779834
v -0.02996904 -0.03427200 -0.25034186
v -0.02818828 -0.03575032 -0.24779834
v -0.02641166 -0.03708275 -0.25034186
v -0.02446835 -0.03839178 -0.24779834
v -0.02259227 -0.03952564 -0.25034186
v -0.02050268 -0.04064757 -0.24779834
v -0.01854875 -0.04157641 -0.25034186
v -0.01633111 -0.04249504 -0.24779834
v -0.01432125 -0.04321472 -0.25034186
v -0.01199555 -0.04391563 -0.24779834
v -0.00995172 -0.04442429 -0.25034186
v -0.00753956 -0.04489507 -0.24779834
v -0.00548352 -0.04519314 -0.25034186
v -0.00300791 -0.04542351 -0.24779834
v -0.00096100 -0.04551361 -0.25034186
v 0.00155388 -0.04549565 -0.24779834
v 0.00357095 -0.04538254 -0.25034186
v 0.00609998 -0.04511076 -0.24779834
v 0.00771546 -0.04486023 -0.25034124
v 0.01058471 -0.04427271 -0.24779834
v 0.01193429 -0.04392894 -0.25034094
v 0.01496302 -0.04298991 -0.24779834
v 0.01624468 -0.04252310 -0.25034112
v 0.02074672 -0.04056076 -0.24779834
v 0.02072689 -0.04053111 -0.25034374
v 0.02259902 -0.04629747 -0.24197374
v 0.02301678 -0.04443510 -0.24281944
v 0.02394059 -0.04497298 -0.24229644
v 0.02501945 -0.04499359 -0.24198842
v -0.03858367 -0.03415204 -0.24197634
v -0.04055096 -0.03175779 -0.24200182
v -0.03960110 -0.03224362 -0.24223298
v -0.03752698 -0.03149400 -0.24344505
v -0.03836937 -0.03213947 -0.24281923
v 0.02245797 -0.04352192 -0.24344732
v 0.01851363 -0.04534590 -0.24344453
v 0.01812603 -0.04822562 -0.24197762
v 0.01410670 -0.04690516 -0.24344440
v 0.01349096 -0.04972271 -0.24197762
v 0.00957117 -0.04803706 -0.24344429
v 0.00873521 -0.05077536 -0.24197762
v 0.00494839 -0.04873130 -0.24344422
v 0.00390131 -0.05137418 -0.24197762
v 0.00028050 -0.04898155 -0.24344417
v -0.00096754 -0.05151380 -0.24197762
v -0.00409771 -0.04880119 -0.24344489
v -0.00582782 -0.05119298 -0.24197768
v -0.00786867 -0.04834744 -0.24344416
v -0.01063607 -0.05041458 -0.24197775
v -0.01244168 -0.04737825 -0.24344414
v -0.01534932 -0.04918557 -0.24197775
v -0.01690146 -0.04597738 -0.24344414
v -0.01992544 -0.04751693 -0.24197775
v -0.02120734 -0.04415761 -0.24344414
v -0.02432351 -0.04542357 -0.24197775
v -0.02532008 -0.04193552 -0.24344414
v -0.02850423 -0.04292421 -0.24197775
v -0.02920217 -0.03933137 -0.24344414
v -0.03243022 -0.04004119 -0.24197714
v -0.03376710 -0.03551811 -0.24344315
v -0.03584206 -0.03700668 -0.24197899
v -0.04163411 -0.03035487 -0.23570421
v -0.03858347 -0.03415226 -0.23570564
v -0.03518613 -0.03764272 -0.23570564
v -0.03147434 -0.04079673 -0.23570564
v -0.02748127 -0.04358610 -0.23570625
v -0.02351022 -0.04583991 -0.23570444
v -0.01992518 -0.04751704 -0.23570581
v -0.01534905 -0.04918566 -0.23570581
v -0.01063579 -0.05041464 -0.23570581
v -0.00582754 -0.05119301 -0.23570581
v -0.00096726 -0.05151381 -0.23570581
v 0.00390159 -0.05137416 -0.23570563
v 0.00873549 -0.05077532 -0.23570564
v 0.01349123 -0.04972263 -0.23570564
v 0.01812630 -0.04822551 -0.23570564
v 0.02259928 -0.04629734 -0.23570795
v 0.02488851 -0.04503430 -0.23567873
v -0.02662233 0.04402972 -0.23567484
v -0.02879528 0.04272006 -0.23570968
v -0.03270159 0.03981041 -0.23570581
v -0.03631565 0.03654486 -0.23570581
v -0.03960515 0.03295260 -0.23570581
v -0.04254069 0.02906572 -0.23570581
v -0.04509603 0.02491898 -0.23570573
v -0.04724833 0.02054945 -0.23570564
v -0.04897835 0.01599618 -0.23570564
v -0.05027062 0.01129988 -0.23570564
v -0.05111359 0.00650253 -0.23570564
v -0.05149972 0.00164700 -0.23570628
v -0.05142557 -0.00322328 -0.23570581
v -0.05089179 -0.00806480 -0.23570581
v -0.04990317 -0.01283427 -0.23570581
v -0.04846616 -0.01748808 -0.23570432
v -0.04659850 -0.02198635 -0.23570436
v -0.04776935 -0.01930573 -0.25034454
v -0.04615574 -0.02288860 -0.25034225
v -0.04431802 -0.02629033 -0.23570681
v -0.04432149 -0.02627306 -0.25033903
v -0.04189289 -0.02999152 -0.25034419
v -0.04056773 -0.03172712 -0.25034058
v -0.02705072 0.04233992 -0.23497985
v -0.02646230 0.04121090 -0.23423651
v -0.03002027 0.03870141 -0.23423895
v -0.03358022 0.03565765 -0.23423910
v -0.03683303 0.03228765 -0.23423921
v -0.03974890 0.02862226 -0.23423928
v -0.04214422 0.02494274 -0.23423852
v -0.04396331 0.02160008 -0.23423930
v -0.04582641 0.01730285 -0.23423931
v -0.04727036 0.01284723 -0.23423931
v -0.04828194 0.00827399 -0.23423931
v -0.04885190 0.00362503 -0.23423931
v -0.04897874 -0.00068600 -0.23423895
v -0.04871657 -0.00514114 -0.23423888
v -0.04800325 -0.00977028 -0.23423904
v -0.04685086 -0.01431007 -0.23423918
v -0.04526994 -0.01871895 -0.23423925
v -0.04327210 -0.02295486 -0.23423743
v -0.04088503 -0.02698426 -0.23423928
v -0.03812141 -0.03076574 -0.23423931
v -0.03500904 -0.03426585 -0.23423931
v -0.03157644 -0.03745254 -0.23423931
v -0.02785504 -0.04029665 -0.23423931
v -0.02419902 -0.04258855 -0.23423894
v -0.02022555 -0.04461577 -0.23423883
v -0.01587188 -0.04634300 -0.23423903
v -0.01137309 -0.04764631 -0.23423916
v -0.00677036 -0.04851376 -0.23423925
v -0.00166710 -0.04896076 -0.23423666
v 0.00257687 -0.04889985 -0.23423913
v 0.00607709 -0.04860317 -0.23423930
v 0.01069146 -0.04780002 -0.23423931
v 0.01520800 -0.04655961 -0.23423931
v 0.01958534 -0.04489328 -0.23423931
v -0.02895137 0.04912366 -0.24657142
v -0.03069020 0.05213802 -0.25034171
v -0.02780461 0.04713993 -0.24753018
v -0.02619802 0.04435709 -0.25034183
v -0.02689026 0.04555469 -0.24623527
v -0.02882882 0.04891180 -0.24074772
v -0.02866361 0.04862527 -0.24355130
v -0.02779318 0.04711967 -0.24138603
v -0.02722997 0.04614160 -0.24351868
v -0.02619182 0.04434657 -0.22734171
v -0.03069020 0.05213802 -0.22734171
v -0.02830388 0.04800450 -0.23022737
v -0.02921946 0.04959020 -0.23840860
v -0.02677830 0.04536120 -0.24004179
v -0.02912599 0.04942714 -0.23279446
v -0.02828389 0.04797002 -0.23441958
v -0.02845937 0.04827187 -0.23643900
v -0.02732281 0.04630433 -0.23423095
v -0.02694005 0.04563491 -0.23703474
v -0.02718960 0.04607346 -0.23065710
v -0.02684733 0.04548191 -0.23252912
v 0.02531533 -0.04486671 -0.22734156
v 0.02530935 -0.04485606 -0.25034171
v 0.02585112 -0.04579442 -0.23243542
v 0.02584164 -0.04577800 -0.24516852
v 0.02606902 -0.04617184 -0.24395458
v 0.02581663 -0.04573799 -0.23756948
v 0.02664364 -0.04716711 -0.23467107
v 0.02600864 -0.04606726 -0.23355918
v 0.02748958 -0.04863231 -0.23461129
v 0.02847655 -0.05034712 -0.23853375
v 0.02597640 -0.04601277 -0.24042475
v 0.02668442 -0.04723775 -0.24298486
v 0.02825942 -0.04996571 -0.23277704
v 0.02980775 -0.05264750 -0.22734171
v 0.02812151 -0.04972686 -0.23111209
v 0.02740750 -0.04849016 -0.22998732
v 0.02601778 -0.04608309 -0.23103981
v 0.02662794 -0.04713992 -0.23007216
v 0.02752640 -0.04869609 -0.24310148
v 0.02732724 -0.04835910 -0.24159096
v 0.02722667 -0.04818098 -0.23613441
v 0.02603742 -0.04611711 -0.24667703
v 0.02671004 -0.04728211 -0.24769610
v 0.02980775 -0.05264750 -0.25034171
v 0.02748960 -0.04863236 -0.24761127
v 0.02796774 -0.04946051 -0.23393472
v 0.02805705 -0.04961520 -0.24674509
v 0.02826442 -0.04997437 -0.24550971
v 0.02812151 -0.04972686 -0.24411209
v -0.03591706 0.04098723 -0.23157956
v -0.03754668 0.04183095 -0.23234171
v -0.03591321 0.04098386 -0.23298387
v -0.03622498 0.04152424 -0.23372822
v -0.03668837 0.04232649 -0.23401977
v -0.03729225 0.04337073 -0.23354797
v -0.03752021 0.04376764 -0.23245077
v -0.03741499 0.04358503 -0.23150268
v -0.03696040 0.04279701 -0.23074059
v -0.03642021 0.04186238 -0.23076265
v -0.02757400 0.04573892 -0.23284440
v -0.02786685 0.04624368 -0.23366739
v -0.02842858 0.04722288 -0.23403975
v -0.02911380 0.04840070 -0.23323779
v -0.02913353 0.04843486 -0.23151396
v -0.02855780 0.04744292 -0.23070307
v -0.02805661 0.04657236 -0.23079692
v -0.02761043 0.04580580 -0.23158838
v -0.03587046 0.04091018 -0.24566703
v -0.03754668 0.04183095 -0.24534172
v -0.03609509 0.04129889 -0.24652828
v -0.03652555 0.04204485 -0.24697722
v -0.03706257 0.04297397 -0.24685819
v -0.03748922 0.04371294 -0.24588521
v -0.03746353 0.04366911 -0.24469955
v -0.03715144 0.04312891 -0.24395519
v -0.03668837 0.04232649 -0.24366365
v -0.03622499 0.04152425 -0.24395519
v -0.03591321 0.04098386 -0.24469955
v -0.02754255 0.04568263 -0.24571140
v -0.02806446 0.04658404 -0.24694878
v -0.02884570 0.04794535 -0.24675700
v -0.02918328 0.04852380 -0.24577524
v -0.02911387 0.04840167 -0.24444708
v -0.02846694 0.04728536 -0.24365993
v -0.02775404 0.04604637 -0.24414948
v 0.02215302 -0.05338912 -0.23321691
v 0.02152754 -0.05230575 -0.23453900
v 0.02088439 -0.05119180 -0.23474841
v 0.02033189 -0.05023484 -0.23437297
v 0.01990343 -0.04949272 -0.23339684
v 0.01978894 -0.04929442 -0.23224802
v 0.01997524 -0.04961710 -0.23100641
v 0.02064786 -0.05078211 -0.22998732
v 0.02161553 -0.05245816 -0.23020093
v 0.02214039 -0.05336725 -0.23152913
v 0.02220224 -0.05347437 -0.24517371
v 0.02205933 -0.05322685 -0.24657133
v 0.02146422 -0.05219609 -0.24758194
v 0.02081982 -0.05107995 -0.24774346
v 0.02011988 -0.04986762 -0.24706075
v 0.01980710 -0.04932588 -0.24576946
v 0.01985559 -0.04940987 -0.24447675
v 0.02025049 -0.05009384 -0.24344018
v 0.02078071 -0.05101222 -0.24295279
v 0.02142742 -0.05213236 -0.24307215
v 0.02199487 -0.05311520 -0.24393833
v -0.04607141 -0.01676239 -0.24779834
v -0.04676585 -0.01703031 -0.25034049
v -0.04400404 -0.01598678 -0.24779834
v -0.04420755 -0.01607587 -0.25034851
v -0.03751349 -0.03147541 -0.24779834
v -0.03563527 -0.03001556 -0.24779834
v -0.03593447 -0.03017503 -0.25033531
v -0.03819144 -0.03202749 -0.25033757
v 0.02077220 -0.05099750 -0.24141148
v 0.01661843 -0.05180293 -0.24183390
v 0.01778729 -0.05382748 -0.24143574
v 0.01991947 -0.04952051 -0.24207014
v 0.01928307 -0.04841823 -0.24336633
v 0.01589154 -0.05054393 -0.24318407
v 0.01557973 -0.05000385 -0.24497154
v 0.01902384 -0.04796923 -0.24562414
v 0.01581897 -0.05041823 -0.24731709
v 0.01935564 -0.04854392 -0.24749935
v 0.02008253 -0.04980293 -0.24884953
v 0.01645537 -0.05152052 -0.24861328
v 0.01727768 -0.05294481 -0.24924769
v 0.02097327 -0.05134577 -0.24925886
v 0.02170547 -0.05261396 -0.24900454
v 0.01844656 -0.05496934 -0.24884953
v 0.02233469 -0.05370378 -0.24820213
v 0.01922368 -0.05631535 -0.24736330
v 0.02281491 -0.05453555 -0.24685901
v 0.01948000 -0.05675933 -0.24577379
v 0.02295531 -0.05477872 -0.24505863
v 0.01940859 -0.05663564 -0.24413830
v 0.02268778 -0.05431535 -0.24332011
v 0.01881910 -0.05561461 -0.24233748
v 0.02191066 -0.05296934 -0.24183390
v 0.02077220 -0.05099750 -0.22841148
v 0.01661843 -0.05180293 -0.22883390
v 0.01778729 -0.05382748 -0.22843574
v 0.01970999 -0.04915767 -0.22933750
v 0.01584131 -0.05045693 -0.23032011
v 0.01915345 -0.04819373 -0.23098612
v 0.01557989 -0.05000413 -0.23234248
v 0.01904914 -0.04801305 -0.23312581
v 0.01585525 -0.05048107 -0.23447070
v 0.01951089 -0.04881281 -0.23489410
v 0.02016149 -0.04993969 -0.23591068
v 0.01667086 -0.05189375 -0.23587111
v 0.01776681 -0.05379201 -0.23625460
v 0.02097327 -0.05134577 -0.23625886
v 0.02178436 -0.05275059 -0.23595349
v 0.01885903 -0.05568376 -0.23527566
v 0.02262018 -0.05419827 -0.23460062
v 0.01946387 -0.05673138 -0.23323010
v 0.02295105 -0.05477136 -0.23272476
v 0.01940859 -0.05663564 -0.23113830
v 0.02285644 -0.05460749 -0.23108068
v 0.02237852 -0.05377970 -0.22953309
v 0.01881910 -0.05561461 -0.22933748
v 0.02167124 -0.05255466 -0.22866429
v -0.00737245 -0.05898162 -0.24584173
v -0.01164571 -0.05838376 -0.24584171
v -0.00790533 -0.05897486 -0.25054437
v -0.01117138 -0.05845718 -0.25053942
v -0.01522278 -0.05754436 -0.25054172
v -0.01675928 -0.05710734 -0.24584171
v -0.02010324 -0.05602689 -0.25054172
v -0.02130135 -0.05558255 -0.24584171
v -0.02585168 -0.05362988 -0.25053820
v -0.02613967 -0.05349014 -0.24584171
v -0.03021018 -0.05127994 -0.25053942
v -0.03213334 -0.05013581 -0.24584171
v -0.03503470 -0.04815163 -0.25053936
v -0.03793132 -0.04588915 -0.24584171
v -0.03974053 -0.04431765 -0.25054172
v -0.04236777 -0.04180665 -0.24584171
v -0.04244913 -0.04168070 -0.25053796
v -0.00731493 -0.05656825 -0.24584170
v -0.00580358 -0.05806061 -0.24581473
v -0.04203684 -0.03952432 -0.24584171
v -0.04300034 -0.03972486 -0.24575675
v -0.04070926 -0.03994255 -0.24584171
v -0.03689961 -0.04350857 -0.24584174
v -0.03242765 -0.04690650 -0.24584173
v -0.02820235 -0.04956315 -0.24584173
v -0.02376040 -0.05183944 -0.24584173
v -0.01722524 -0.05439921 -0.24584179
v -0.01071301 -0.05600769 -0.24584173
v -0.05715547 -0.01622463 -0.24631667
v -0.05821295 -0.01241194 -0.24657798
v -0.05729285 -0.01601555 -0.25054392
v -0.05818794 -0.01251501 -0.25053969
v -0.05901479 -0.00786761 -0.25054175
v -0.05891750 -0.00840182 -0.24652101
v -0.05945793 -0.00316882 -0.24664231
v -0.05949746 -0.00186552 -0.25054225
v -0.05946761 0.00244775 -0.24650495
v -0.05944103 0.00301636 -0.25053969
v -0.05903311 0.00771908 -0.25054172
v -0.05905166 0.00741307 -0.24656066
v -0.05833434 0.01184869 -0.24661578
v -0.05794120 0.01364072 -0.25054222
v -0.05721217 0.01636554 -0.24644445
v -0.05661947 0.01834062 -0.25053969
v -0.05609907 0.01989917 -0.24660015
v -0.05500475 0.02277621 -0.25054166
v -0.05404596 0.02492909 -0.24658164
v -0.05212203 0.02879546 -0.25054139
v -0.05158390 0.02972133 -0.24664287
v -0.04826848 0.03482955 -0.25054264
v -0.04834174 0.03472545 -0.24653804
v -0.04568918 0.03805870 -0.25053874
v -0.04560251 0.03809344 -0.24640740
v -0.05549349 0.01309287 -0.24586871
v -0.05549672 0.01949910 -0.24585235
v -0.05813586 0.00979735 -0.24585019
v -0.05301078 0.02099329 -0.24587844
v -0.05073515 0.02972384 -0.24584484
v -0.04802418 0.03140798 -0.24584454
v -0.04414848 0.03805060 -0.24586390
v -0.05672821 -0.01564058 -0.24586122
v -0.05526099 -0.01669068 -0.24588263
v -0.05627528 -0.00909564 -0.24587287
v -0.05700560 0.00105321 -0.24586940
v -0.05822610 -0.00925715 -0.24585779
v -0.04229647 -0.04184970 -0.23184171
v -0.03974053 -0.04431765 -0.23184171
v -0.04228267 -0.04189388 -0.22714005
v -0.03793133 -0.04588913 -0.22714521
v -0.03503472 -0.04815162 -0.23184171
v -0.03213337 -0.05013579 -0.22714643
v -0.03021020 -0.05127993 -0.23184171
v -0.02613969 -0.05349012 -0.22714521
v -0.02585170 -0.05362988 -0.23184171
v -0.02130135 -0.05558255 -0.22714169
v -0.02010324 -0.05602689 -0.23184171
v -0.01491935 -0.05764705 -0.22714406
v -0.01522278 -0.05754436 -0.23184171
v -0.01117140 -0.05845718 -0.23184171
v -0.00807268 -0.05898364 -0.22714756
v -0.00742446 -0.05899956 -0.23184168
v -0.00627650 -0.05735378 -0.23184171
v -0.00575777 -0.05807383 -0.23177886
v -0.00740948 -0.05654521 -0.23184171
v -0.01255012 -0.05564878 -0.23184168
v -0.01795512 -0.05412224 -0.23184170
v -0.02261966 -0.05234658 -0.23184170
v -0.02711082 -0.05016898 -0.23184170
v -0.03308810 -0.04649027 -0.23184164
v -0.03829185 -0.04225739 -0.23184170
v -0.04124724 -0.03962182 -0.23184170
v -0.04291123 -0.03960643 -0.23183498
v -0.04287820 -0.04072328 -0.23184170
v -0.04600814 0.03772188 -0.23184171
v -0.04837178 0.03470308 -0.23184171
v -0.04573435 0.03802041 -0.22713484
v -0.04940515 0.03324098 -0.22714663
v -0.05227821 0.02850853 -0.23184171
v -0.05241276 0.02821107 -0.22714169
v -0.05488066 0.02307670 -0.22714047
v -0.05518033 0.02232028 -0.23184171
v -0.05722150 0.01648159 -0.23184171
v -0.05692082 0.01741148 -0.22714169
v -0.05822544 0.01236958 -0.22714169
v -0.05853362 0.01077124 -0.23184171
v -0.05928346 0.00561701 -0.22714415
v -0.05925543 0.00577747 -0.23184171
v -0.05951594 0.00041328 -0.23184171
v -0.05950928 -0.00219162 -0.22714415
v -0.05935697 -0.00462988 -0.23184171
v -0.05893800 -0.00835039 -0.22714169
v -0.05843504 -0.01140221 -0.23184171
v -0.05804727 -0.01315056 -0.22714411
v -0.05734915 -0.01585842 -0.23184170
v -0.05494609 -0.01528675 -0.23184171
v -0.05524750 -0.01664281 -0.23184171
v -0.05612531 -0.01021974 -0.23184168
v -0.05684397 -0.00455521 -0.23184170
v -0.05702377 0.00051594 -0.23184170
v -0.05675198 0.00558304 -0.23184170
v -0.05602938 0.01060562 -0.23184170
v -0.05486471 0.01554438 -0.23184170
v -0.05326505 0.02035994 -0.23184170
v -0.05124378 0.02501433 -0.23184170
v -0.04881680 0.02947068 -0.23184170
v -0.04600158 0.03369237 -0.23184170
v -0.04369204 0.03673574 -0.23184176
v -0.04388805 0.03849056 -0.23194425
v -0.04488599 0.03839552 -0.23184171
v -0.05587776 -0.01738922 -0.23193099
v 0.02245273 -0.04350824 -0.24779834
v -0.05087443 -0.01122202 -0.22691381
v -0.05017992 0.01399364 -0.22691166
v -0.05182984 0.00525361 -0.22691211
v -0.03489874 -0.03867783 -0.22691450
v -0.02057134 -0.04786168 -0.22691247
v -0.01948089 -0.04831561 -0.25077099
v -0.05482879 -0.01535520 -0.24595018
v -0.05555538 -0.01173125 -0.24608532
v -0.05662818 -0.00413173 -0.24609184
v -0.05650543 0.00516289 -0.24611643
v -0.05165852 0.00673151 -0.25076362
v -0.05595244 0.00954038 -0.24610975
v -0.05380860 0.01802679 -0.24611820
v -0.04791620 0.02043874 -0.25076312
v -0.04943944 0.02792057 -0.24611342
v -0.04591201 0.03341325 -0.24607983
v -0.04367073 0.03676483 -0.24594210
v -0.04377444 0.03855582 -0.22714856
v -0.04216549 0.03798311 -0.22713716
v -0.04276596 0.03832073 -0.22951107
v -0.05284772 -0.01714598 -0.22715223
v -0.05473410 -0.01761464 -0.22966304
v -0.05499463 -0.01759001 -0.22714619
v -0.05628156 -0.01709635 -0.22714031
v -0.00487080 -0.05585121 -0.22712456
v -0.00518132 -0.05726093 -0.22966304
v -0.00546145 -0.05776866 -0.22715305
v -0.00669217 -0.05870835 -0.22714214
v -0.04156560 -0.03733923 -0.22713223
v -0.04263038 -0.03860001 -0.22971605
v -0.04289391 -0.03928678 -0.22714703
v -0.00518206 -0.05727213 -0.24796583
v -0.00664236 -0.05868926 -0.25053984
v -0.00610928 -0.05449298 -0.24865210
v -0.00488714 -0.05528868 -0.25053656
v -0.04258848 -0.03842570 -0.25051999
v -0.04294644 -0.04024394 -0.25054106
v -0.04263519 -0.03860119 -0.24796945
v -0.04025057 -0.03664271 -0.25061396
v -0.05561357 -0.01749993 -0.25052109
v -0.05305228 -0.01726290 -0.25056821
v -0.05467943 -0.01761412 -0.24815191
v -0.05553450 -0.01748818 -0.24635437
v -0.04353898 0.03852444 -0.24650030
v -0.04190708 0.03788088 -0.25055265
v -0.04342158 0.03854077 -0.25052401
v -0.04027969 0.03534283 -0.25063348
v 0.01946970 -0.05674158 -0.22975515
v 0.01879046 -0.05556501 -0.22847435
v 0.01645661 -0.05152269 -0.22844638
v 0.01601251 -0.05075347 -0.22876696
v 0.01559806 -0.05003563 -0.22985674
v 0.01558503 -0.05001306 -0.23451310
v 0.01645350 -0.05151730 -0.23623709
v 0.01605343 -0.05082431 -0.23595902
v 0.01572722 -0.05025931 -0.23530725
v 0.01878230 -0.05555092 -0.23621128
v 0.01945356 -0.05671364 -0.23499320
v 0.00067854 -0.06057217 -0.23623855
v 0.01597320 -0.05691310 -0.23623917
v 0.00603432 -0.06024246 -0.23624171
v 0.01689625 -0.05824612 -0.23623687
v 0.01813371 -0.05758553 -0.23006561
v 0.01812284 -0.05755762 -0.23484452
v 0.01601060 -0.05692223 -0.22844429
v 0.00077769 -0.06055275 -0.22844417
v 0.00804321 -0.06010053 -0.22844177
v 0.01716910 -0.05803701 -0.22851542
v 0.01946970 -0.05674158 -0.24275516
v 0.01879046 -0.05556500 -0.24147435
v 0.01645660 -0.05152267 -0.24144638
v 0.01601251 -0.05075348 -0.24176696
v 0.01559806 -0.05003563 -0.24285677
v 0.01572721 -0.05025930 -0.24830723
v 0.01558503 -0.05001306 -0.24751310
v 0.01605342 -0.05082429 -0.24895902
v 0.01645349 -0.05151728 -0.24923709
v 0.01878229 -0.05555091 -0.24921128
v 0.01945356 -0.05671364 -0.24799322
v 0.00804320 -0.06010133 -0.24144177
v 0.01601060 -0.05692223 -0.24144429
v 0.00006531 -0.06070668 -0.24145488
v 0.01716911 -0.05803701 -0.24151541
v 0.00069934 -0.06056980 -0.24923906
v 0.01597320 -0.05691310 -0.24923916
v 0.00603432 -0.06024246 -0.24924171
v 0.01689626 -0.05824612 -0.24923687
v 0.01813371 -0.05758553 -0.24306560
v 0.01812284 -0.05755762 -0.24784452
v 0.01736410 -0.05728501 -0.22897486
v -0.00246903 -0.06075930 -0.22937554
v -0.00113168 -0.06071718 -0.22874299
v 0.01728236 -0.05726130 -0.23577513
v -0.00118877 -0.06068670 -0.23590325
v 0.01736414 -0.05728502 -0.24197489
v 0.01728233 -0.05726129 -0.24877514
v -0.00118878 -0.06068672 -0.24890326
v -0.00252486 -0.06075627 -0.24824883
v -0.05899457 0.00434947 -0.24600275
v -0.05912433 -0.00378640 -0.24612834
v -0.04874330 0.03358420 -0.24601053
v -0.05373305 0.02497175 -0.24609283
v -0.04764783 -0.01790459 -0.25034040
v -0.03948351 -0.03229494 -0.25034016
v -0.03038830 0.04361510 -0.23835018
v -0.03069909 0.04415340 -0.24038570
v -0.02736149 0.04537542 -0.23908058
v -0.02764648 0.04586072 -0.24025591
v -0.02830455 0.04700293 -0.24089338
v -0.03155598 0.04563759 -0.24086007
v -0.02911474 0.04841063 -0.24028361
v -0.03213286 0.04663678 -0.24025430
v -0.03244188 0.04717200 -0.23884171
v -0.02939880 0.04889400 -0.23872289
v -0.02916391 0.04849413 -0.23758475
v -0.03196387 0.04634407 -0.23707221
v -0.02862689 0.04756123 -0.23684752
v -0.03101902 0.04470756 -0.23693664
v -0.02792006 0.04633924 -0.23702797
v -0.02749098 0.04559605 -0.23784520
v 0.02117188 -0.05368976 -0.23946519
v 0.02744292 -0.04955632 -0.24027185
v 0.02768925 -0.04997884 -0.23875991
v 0.02066265 -0.05280773 -0.24068485
v 0.02666642 -0.04820803 -0.24098220
v 0.01994333 -0.05156184 -0.24096540
v 0.02602303 -0.04709287 -0.24059714
v 0.01931539 -0.05047421 -0.24020976
v 0.02556088 -0.04629653 -0.23930195
v 0.01905235 -0.05001860 -0.23884171
v 0.02580442 -0.04671836 -0.23741157
v 0.01931538 -0.05047420 -0.23747368
v 0.01994333 -0.05156184 -0.23671803
v 0.02658383 -0.04806498 -0.23670122
v 0.02066265 -0.05280773 -0.23699857
v 0.02738518 -0.04945630 -0.23728915
v 0.02108152 -0.05353323 -0.23788652
v -0.03556370 -0.03368818 -0.24779834
v 0.01979967 -0.04479633 -0.24779834
v 0.01539807 -0.04649574 -0.24779834
v 0.01085290 -0.04776249 -0.24779834
v -0.02028841 -0.04458591 -0.24779834
v -0.02448420 -0.04242753 -0.24779834
v -0.02845282 -0.03987542 -0.24779834
v -0.03215745 -0.03695326 -0.24779834
v -0.01590439 -0.04633053 -0.24779834
v -0.01137285 -0.04764519 -0.24779834
v -0.00673582 -0.04851767 -0.24779834
v -0.00291964 -0.04888986 -0.24779834
v 0.00150327 -0.04895862 -0.24779834
v 0.00620693 -0.04858600 -0.24779834
v -0.02889564 0.03954628 -0.24779834
v -0.03256746 0.03658300 -0.24779834
v -0.04828803 0.00823090 -0.24779834
v -0.04885648 0.00354687 -0.24779834
v -0.04897156 -0.00117012 -0.24779834
v -0.04863220 -0.00587630 -0.24779834
v -0.04784155 -0.01052798 -0.24779834
v -0.03593709 0.03328013 -0.24779834
v -0.03897325 0.02966836 -0.24779834
v -0.04164778 0.02578118 -0.24779834
v -0.04393827 0.02165572 -0.24779834
v -0.04581631 0.01732689 -0.24779834
v -0.04727150 0.01283850 -0.24779834
v 0.02706147 -0.04239807 -0.25084171
v 0.02643645 -0.04120824 -0.24779834
v 0.02692857 -0.04209533 -0.24285984
v 0.02643794 -0.04121070 -0.24344417
v 0.02472050 -0.03823335 -0.24779834
v 0.02473129 -0.03824912 -0.25033534
v 0.02495784 -0.03864719 -0.25084171
v -0.02246916 0.04349876 -0.22684172
v -0.02247058 0.04350128 -0.23423925
v -0.02324027 0.04467043 -0.22684172
v -0.02327249 0.04469386 -0.23506507
v -0.02117267 0.05673391 -0.22684172
v -0.01012509 0.05976572 -0.22684170
v -0.00000023 0.06055214 -0.22684172
v 0.02705852 -0.04246878 -0.22684172
v 0.04493538 -0.04059146 -0.22684172
v 0.03735811 -0.04770680 -0.22684172
v 0.02658638 -0.04400273 -0.22684017
v 0.03110828 -0.05189949 -0.22684167
v -0.02477686 0.04503086 -0.22684073
v -0.02940850 0.05292151 -0.22684158
v 0.03738131 0.03626800 -0.22684374
v 0.03937669 0.03625340 -0.22684349
v 0.03804998 0.03082300 -0.22684172
v 0.03489411 0.03435517 -0.22684172
v 0.02644110 -0.04121520 -0.22684172
v 0.04089108 -0.03677148 -0.22684525
v 0.03344811 -0.03577414 -0.22684172
v 0.03674691 -0.03237505 -0.22684172
v 0.04002015 -0.03488822 -0.22684388
v 0.04006146 -0.03334662 -0.22684649
v 0.04274012 -0.03874097 -0.22684181
v 0.01033263 0.04786845 -0.22684172
v 0.00565982 0.04864348 -0.22684172
v 0.00986320 0.05106774 -0.22684504
v 0.00641442 0.05173212 -0.22684419
v 0.02983641 -0.03883868 -0.22684172
v 0.03141179 0.03756598 -0.22684172
v 0.00211730 0.04891229 -0.22684172
v 0.04863215 -0.00573977 -0.22684172
v 0.04895868 -0.00101439 -0.22684172
v 0.05203180 0.00021768 -0.22684526
v 0.04882721 0.00372044 -0.22684172
v 0.05158389 0.00663762 -0.22684349
v 0.04823899 0.00842042 -0.22684172
v 0.04719951 0.01304159 -0.22684172
v 0.05011297 0.01421934 -0.22684197
v 0.03106026 0.04172273 -0.22684345
v 0.02763560 0.04042539 -0.22684172
v 0.02360085 0.04290665 -0.22684172
v 0.02553849 0.04533587 -0.22684574
v 0.01934529 0.04498656 -0.22684172
v 0.01586477 0.04955263 -0.22684418
v 0.01490872 0.04664567 -0.22684172
v 0.03970192 -0.02867320 -0.22684172
v 0.04275423 -0.02965288 -0.22684520
v 0.04237419 -0.02458261 -0.22684172
v 0.04634320 -0.02366794 -0.22684538
v 0.04495639 -0.01942019 -0.22684172
v 0.04862414 -0.01846832 -0.22684549
v 0.04662161 -0.01498591 -0.22684172
v 0.05109269 -0.00971356 -0.22684316
v 0.04785069 -0.01041150 -0.22684172
v 0.04571849 0.01754075 -0.22684172
v 0.04362229 0.02227926 -0.22684172
v 0.04084987 0.02700247 -0.22684172
v 0.04155109 0.03721472 -0.22684406
v 0.04331801 0.03971493 -0.22684178
v 0.00767399 0.06002339 -0.22684172
v 0.00548053 0.05836624 -0.22684178
v 0.05685483 0.02077954 -0.22684172
v 0.05724455 0.01676133 -0.22684236
v 0.05463857 0.01768426 -0.22686246
v 0.00475026 0.05579527 -0.22684522
v 0.00801145 0.05899096 -0.22696953
v 0.05317493 0.02909542 -0.22684170
v 0.05155528 0.01646262 -0.22685415
v 0.05929505 0.01236605 -0.22684167
v 0.04580548 -0.03836579 -0.22684208
v 0.04236214 0.04178435 -0.22692433
v 0.04588034 0.03957142 -0.22684170
v 0.01453158 0.05812048 -0.22684178
v 0.01436856 0.05884440 -0.22684167
v 0.02420727 0.05549970 -0.22684169
v 0.02466142 0.05451337 -0.22684173
v 0.03188201 0.05145619 -0.22684170
v 0.03242084 0.05030517 -0.22684173
v 0.03827790 0.04689288 -0.22684170
v 0.03872938 0.04560462 -0.22684173
v -0.01082260 0.04776371 -0.22684172
v 0.00505082 0.05374597 -0.22684383
v -0.00615769 0.04858497 -0.22684172
v -0.00143521 0.04895438 -0.22684172
v -0.01980629 0.04479272 -0.22684172
v 0.05907738 0.00968659 -0.22684175
v 0.06047942 0.00253699 -0.22684170
v 0.05979629 0.00170192 -0.22684172
v 0.06026983 -0.00580910 -0.22684169
v 0.05935997 -0.00810500 -0.22684178
v 0.05862543 -0.01533157 -0.22684164
v 0.05657103 -0.01954381 -0.22684173
v 0.05423624 -0.02696377 -0.22684167
v 0.05177070 -0.03026107 -0.22684184
v 0.04978959 -0.03441340 -0.22684170
v -0.01538636 0.04649567 -0.22684172
v 0.02885935 -0.03519745 -0.24779834
v 0.02955854 -0.03461359 -0.25034186
v 0.03223737 -0.03213083 -0.24779834
v 0.03285470 -0.03150053 -0.25034186
v 0.03529142 -0.02874145 -0.24779834
v 0.03560175 -0.02835259 -0.25034121
v 0.03799084 -0.02506337 -0.24779834
v 0.03813127 -0.02485101 -0.25034091
v 0.04030849 -0.02113353 -0.24779834
v 0.04041388 -0.02093367 -0.25034112
v 0.04222110 -0.01699143 -0.24779834
v 0.04229543 -0.01680867 -0.25034130
v 0.04370946 -0.01267866 -0.24779834
v 0.04375723 -0.01251693 -0.25034145
v 0.04475859 -0.00823856 -0.24779834
v 0.04478478 -0.00810105 -0.25034156
v 0.04535798 -0.00371574 -0.24779834
v 0.04536789 -0.00360486 -0.25034168
v 0.04550158 0.00084436 -0.24779834
v 0.04550077 0.00092703 -0.25034174
v 0.04518798 0.00539593 -0.24779834
v 0.04518210 0.00544963 -0.25034180
v 0.04433531 0.01031290 -0.24779834
v 0.04433145 0.01033549 -0.25034189
v 0.04320928 0.01436991 -0.24779834
v 0.04319304 0.01466741 -0.25034207
v 0.04885203 0.01632866 -0.24197517
v 0.04692568 0.01710862 -0.24286877
v 0.04766914 0.01804442 -0.24227896
v 0.04777304 0.01920290 -0.24199778
v 0.02877861 -0.04272971 -0.24197544
v 0.02619515 -0.04434021 -0.24197762
v 0.02689911 -0.04357531 -0.24214686
v 0.04600517 0.01674208 -0.24344693
v 0.04719520 0.01306075 -0.24344414
v 0.05017619 0.01164124 -0.24197713
v 0.04815724 0.00886403 -0.24344450
v 0.05105175 0.00684973 -0.24197762
v 0.04876692 0.00445179 -0.24344462
v 0.05144945 0.00230102 -0.24197899
v 0.04896969 -0.00021846 -0.24344447
v 0.05148328 -0.00165677 -0.24197762
v 0.04872619 -0.00488675 -0.24344434
v 0.05109712 -0.00651229 -0.24197762
v 0.04803863 -0.00951054 -0.24344425
v 0.05025413 -0.01130964 -0.24197762
v 0.04691329 -0.01404768 -0.24344419
v 0.04896183 -0.01600594 -0.24197762
v 0.04519945 -0.01886468 -0.24344678
v 0.04723179 -0.02055920 -0.24197762
v 0.04507947 -0.02492872 -0.24197777
v 0.04257577 -0.02424982 -0.24344654
v 0.04252410 -0.02907544 -0.24197775
v 0.03901672 -0.02960047 -0.24344414
v 0.03958854 -0.03296230 -0.24197775
v 0.03601763 -0.03318622 -0.24344414
v 0.03629902 -0.03655455 -0.24197775
v 0.03269027 -0.03646965 -0.24344414
v 0.03268494 -0.03982008 -0.24197775
v 0.02906496 -0.03942083 -0.24344414
v -0.01765325 0.05839616 -0.24110083
v -0.01762421 0.05840299 -0.23663335
v -0.01894249 0.05798249 -0.23474804
v -0.01891919 0.05799029 -0.24272592
v -0.02086743 0.05733409 -0.22733913
v -0.01889378 0.05799859 -0.22948475
v -0.01894226 0.05798239 -0.24774785
v -0.02195125 0.05693422 -0.25034979
v -0.01760301 0.05843058 -0.24966891
v -0.01422951 0.05932384 -0.23673932
v -0.01133136 0.05997872 -0.24094658
v -0.00937387 0.06029006 -0.23674171
v -0.00544139 0.06077074 -0.24094172
v -0.00298346 0.06096081 -0.23681229
v -0.00107914 0.06099303 -0.24092314
v 0.00260510 0.06093880 -0.24221002
v 0.00243292 0.06093867 -0.23560973
v 0.00327422 0.06090245 -0.24305806
v 0.00642601 0.06067352 -0.25034112
v 0.00326640 0.06089459 -0.24753627
v 0.00213014 0.06096279 -0.24905084
v 0.00329196 0.06090492 -0.23443013
v 0.00642550 0.06066950 -0.22733821
v 0.00325639 0.06089742 -0.22992961
v 0.00066018 0.06102375 -0.22734573
v -0.00148509 0.06106651 -0.25032753
v -0.00308607 0.06095207 -0.24979801
v -0.00953883 0.06027526 -0.25034532
v -0.00986509 0.06022339 -0.24974288
v -0.01583208 0.05892757 -0.25033981
v -0.01503585 0.05914430 -0.22734167
v -0.01713666 0.05854633 -0.22797039
v -0.00725311 0.06062184 -0.22734283
v -0.00412458 0.06086855 -0.22794618
v -0.01149509 0.05996294 -0.22794059
v 0.00032856 0.06100554 -0.22802304
v -0.02544504 0.05544879 -0.22733930
v -0.02693926 0.05474741 -0.25033832
v -0.02963242 0.05334282 -0.22733520
v -0.02964338 0.05331277 -0.25034171
v 0.03134852 -0.05232830 -0.22734171
v 0.03394302 -0.05070379 -0.22734511
v 0.03138003 -0.05233384 -0.25034821
v 0.03502446 -0.04994618 -0.25034171
v 0.03820015 -0.04757889 -0.25034165
v 0.03715296 -0.04838328 -0.22734173
v 0.03996876 -0.04609127 -0.22733930
v 0.04144383 -0.04476917 -0.25034413
v 0.04216109 -0.04408632 -0.22734173
v 0.04494306 -0.04126686 -0.25034165
v 0.04494324 -0.04126667 -0.22734177
v 0.04772548 -0.03799974 -0.25034413
v 0.04813381 -0.03748102 -0.22733930
v 0.04989653 -0.03508966 -0.25034171
v 0.05046415 -0.03427814 -0.22733930
v 0.05155019 -0.03262156 -0.25034413
v 0.05275589 -0.03064994 -0.22734177
v 0.05403255 -0.02833802 -0.25034165
v 0.05520820 -0.02597255 -0.22734177
v 0.05588255 -0.02446588 -0.25034413
v 0.05724685 -0.02110063 -0.22734177
v 0.05723339 -0.02109583 -0.25034171
v 0.05819770 -0.01828581 -0.25034413
v 0.05885659 -0.01607067 -0.22734177
v 0.05926127 -0.01447034 -0.25034413
v 0.06002535 -0.01092035 -0.22734177
v 0.06007502 -0.01059390 -0.25034413
v 0.06074435 -0.00568852 -0.25034165
v 0.06059293 -0.00700028 -0.22734173
v 0.06093342 -0.00305378 -0.22734177
v 0.06098497 -0.00140389 -0.25034413
v 0.06098855 0.00090678 -0.22734173
v 0.06090623 0.00354633 -0.25034165
v 0.06081508 0.00486414 -0.22734177
v 0.06037099 0.00880040 -0.25034165
v 0.06016623 0.01010540 -0.22734177
v 0.05938343 0.01398851 -0.25034165
v 0.05936949 0.01398539 -0.22734173
v 0.05843752 0.01749444 -0.22733930
v 0.05833656 0.01780883 -0.25034171
v 0.05740548 0.02063003 -0.25034413
v 0.05717884 0.02125006 -0.22733930
v 0.05607110 0.02400664 -0.25034171
v 0.05607108 0.02400669 -0.22734173
v 0.05484073 0.02671077 -0.25034413
v 0.05454845 0.02730269 -0.22733930
v 0.05250160 0.03107417 -0.25034165
v 0.05266152 0.03078527 -0.22733930
v 0.05109537 0.03330982 -0.22734173
v 0.04961746 0.03549837 -0.25034165
v 0.04902763 0.03629418 -0.22733930
v 0.04699251 0.03889330 -0.25034413
v 0.04636140 0.03965680 -0.22734177
v 0.04369025 0.04258192 -0.25034165
v 0.04298705 0.04327958 -0.22733930
v 0.04058295 0.04554175 -0.25034413
v 0.04082506 0.04531721 -0.22734173
v 0.03806020 0.04767042 -0.22733930
v 0.03754193 0.04807969 -0.25034413
v 0.03488637 0.05004017 -0.22733930
v 0.03461182 0.05022363 -0.25034171
v 0.03212846 0.05185430 -0.25034413
v 0.03156545 0.05219899 -0.22733930
v 0.02782206 0.05429678 -0.25034165
v 0.02782183 0.05429690 -0.22734177
v 0.02423405 0.05597515 -0.25034171
v 0.02332433 0.05636651 -0.22733930
v 0.02148201 0.05709426 -0.25034413
v 0.01930694 0.05787534 -0.22734177
v 0.01773161 0.05836841 -0.25034413
v 0.01550691 0.05899286 -0.22734173
v 0.01422642 0.05931482 -0.25034171
v 0.01164853 0.05988932 -0.22734177
v 0.01132272 0.05994303 -0.25034413
v -0.02481430 0.04502585 -0.25084326
v -0.02451188 0.05537723 -0.25084171
v -0.02938806 0.05288264 -0.25084171
v 0.02660944 -0.04397282 -0.25084269
v 0.03966213 -0.04573744 -0.25084171
v 0.03117003 -0.05199278 -0.25084203
v 0.04540685 -0.04002637 -0.25084171
v -0.02322990 0.04467389 -0.25084171
v -0.00581651 0.06035772 -0.25084171
v -0.01665518 0.05820259 -0.25084171
v 0.05112699 0.00972330 -0.25083733
v 0.04756565 0.01686125 -0.25084168
v 0.05191997 0.00301431 -0.25084093
v 0.05786110 0.01783557 -0.25084174
v 0.05424468 0.01808793 -0.25084111
v 0.05739740 0.01649283 -0.25084141
v 0.05509592 0.02501380 -0.25084171
v 0.04499233 -0.03892223 -0.25083977
v 0.04094273 -0.03743464 -0.25084132
v 0.04518768 0.00894739 -0.25084171
v 0.04606560 -0.00011933 -0.25084171
v 0.03579893 -0.02896775 -0.25084171
v 0.02974209 -0.03518694 -0.25084171
v 0.03996924 -0.03339319 -0.25084087
v 0.05013194 0.01418589 -0.25083575
v 0.04823823 0.01963376 -0.25084150
v 0.03001835 0.04249743 -0.25083783
v 0.03888990 0.03294475 -0.25084156
v 0.03494351 0.03852465 -0.25083625
v 0.03720187 0.03642282 -0.25083238
v 0.02416672 0.04607818 -0.25084069
v 0.00927913 0.05117524 -0.25083971
v 0.00637192 0.05176500 -0.25084063
v 0.00119198 0.04605421 -0.25084171
v 0.01023021 0.04491788 -0.25084171
v 0.05073024 0.01552990 -0.25083110
v 0.04370694 0.01511259 -0.25084955
v 0.00524806 0.05326162 -0.25084099
v -0.00789222 0.04538668 -0.25084171
v -0.02103104 0.04100904 -0.25084171
v 0.05196023 -0.00247491 -0.25083956
v 0.04514259 -0.00918158 -0.25084171
v 0.05073671 -0.01146101 -0.25084060
v 0.04245472 -0.01788512 -0.25084171
v 0.04932230 -0.01651428 -0.25083983
v -0.01450566 0.04366956 -0.25084171
v 0.03495294 0.03023202 -0.25084305
v 0.02676838 0.03749033 -0.25084171
v 0.01474621 0.04988240 -0.25084004
v 0.05527670 -0.02317188 -0.25084162
v 0.05028751 -0.03376256 -0.25084174
v 0.05426780 -0.02679689 -0.25084171
v 0.04974153 -0.03329062 -0.25084168
v 0.04605566 -0.02418845 -0.25084007
v 0.03929348 -0.02394211 -0.25084171
v 0.04260674 -0.02986627 -0.25083956
v 0.00819192 0.05930126 -0.25084093
v 0.00695255 0.06018888 -0.25084174
v 0.00562839 0.05799237 -0.25082046
v 0.00467318 0.05589631 -0.25084037
v 0.01886823 0.04202557 -0.25084171
v 0.01941361 0.04825035 -0.25083983
v 0.05886750 0.01081157 -0.25084168
v 0.05999003 0.00849442 -0.25084177
v 0.05989194 -0.00157049 -0.25084165
v 0.06042014 -0.00508194 -0.25084186
v 0.05857516 -0.01228906 -0.25084168
v 0.05802083 -0.01745911 -0.25084177
v 0.03914729 0.03620082 -0.25083065
v 0.04582545 0.03963016 -0.25084171
v 0.04321412 0.04137544 -0.25083962
v 0.04239992 0.03761013 -0.25084034
v 0.05168369 0.03154134 -0.25084171
v 0.04418753 0.02752684 -0.25084171
v 0.04088849 0.03210525 -0.25084171
v 0.03878296 0.04647600 -0.25084174
v 0.03353089 0.04964615 -0.25084165
v 0.03256905 0.05100995 -0.25084171
v 0.02526136 0.05504704 -0.25084174
v 0.02379340 0.05493323 -0.25084168
v 0.01696745 0.05810757 -0.25084174
v 0.01590884 0.05768092 -0.25084171
v 0.03413973 0.03016588 -0.25034052
v 0.03160867 0.03274027 -0.24779834
v 0.03391501 0.03035235 -0.24779834
v 0.02995262 0.03426251 -0.25034186
v 0.02817185 0.03574084 -0.24779834
v 0.02639524 0.03707327 -0.25034186
v 0.02445192 0.03838229 -0.24779834
v 0.02257584 0.03951615 -0.25034186
v 0.02048625 0.04063809 -0.24779834
v 0.01853232 0.04156693 -0.25034186
v 0.01631468 0.04248556 -0.24779834
v 0.01430482 0.04320523 -0.25034186
v 0.01197913 0.04390615 -0.24779834
v 0.00993529 0.04441481 -0.25034186
v 0.00752314 0.04488559 -0.24779834
v 0.00546709 0.04518365 -0.25034186
v 0.00299148 0.04541403 -0.24779834
v 0.00094457 0.04550412 -0.25034186
v -0.00157031 0.04548616 -0.24779834
v -0.00358738 0.04537305 -0.25034186
v -0.00611641 0.04510127 -0.24779834
v -0.00773188 0.04485075 -0.25034124
v -0.01060114 0.04426323 -0.24779834
v -0.01195072 0.04391946 -0.25034094
v -0.01497945 0.04298043 -0.24779834
v -0.01626110 0.04251361 -0.25034112
v -0.02076315 0.04055127 -0.24779834
v -0.02074332 0.04052163 -0.25034374
v -0.02261545 0.04628798 -0.24197374
v -0.02303321 0.04442561 -0.24281944
v -0.02395701 0.04496350 -0.24229644
v -0.02503588 0.04498411 -0.24198842
v 0.03856724 0.03414255 -0.24197634
v 0.04040897 0.03189515 -0.24198422
v 0.03933590 0.03225487 -0.24233790
v 0.03751055 0.03148452 -0.24344505
v 0.03835265 0.03212982 -0.24281941
v -0.02247479 0.04351297 -0.24344695
v -0.01853006 0.04533642 -0.24344453
v -0.01814246 0.04821613 -0.24197762
v -0.01412313 0.04689567 -0.24344440
v -0.01350739 0.04971322 -0.24197762
v -0.00958760 0.04802758 -0.24344429
v -0.00875164 0.05076588 -0.24197762
v -0.00496482 0.04872182 -0.24344422
v -0.00391774 0.05136469 -0.24197762
v -0.00029693 0.04897206 -0.24344417
v 0.00095111 0.05150432 -0.24197762
v 0.00408128 0.04879170 -0.24344489
v 0.00581139 0.05118350 -0.24197768
v 0.00785224 0.04833795 -0.24344416
v 0.01061964 0.05040510 -0.24197775
v 0.01242525 0.04736876 -0.24344414
v 0.01533289 0.04917609 -0.24197775
v 0.01688503 0.04596789 -0.24344414
v 0.01990901 0.04750744 -0.24197775
v 0.02119091 0.04414812 -0.24344414
v 0.02430708 0.04541408 -0.24197775
v 0.02530365 0.04192603 -0.24344414
v 0.02848780 0.04291472 -0.24197775
v 0.02918575 0.03932188 -0.24344414
v 0.03241379 0.04003170 -0.24197714
v 0.03375067 0.03550863 -0.24344315
v 0.03582563 0.03699719 -0.24197899
v 0.04161768 0.03034539 -0.23570421
v 0.03856704 0.03414277 -0.23570564
v 0.03516971 0.03763323 -0.23570564
v 0.03145791 0.04078725 -0.23570564
v 0.02746484 0.04357661 -0.23570625
v 0.02349379 0.04583043 -0.23570444
v 0.01990875 0.04750755 -0.23570581
v 0.01533262 0.04917617 -0.23570581
v 0.01061937 0.05040516 -0.23570581
v 0.00581111 0.05118353 -0.23570581
v 0.00095083 0.05150432 -0.23570581
v -0.00391802 0.05136467 -0.23570563
v -0.00875192 0.05076583 -0.23570564
v -0.01350766 0.04971315 -0.23570564
v -0.01814273 0.04821603 -0.23570564
v -0.02261571 0.04628786 -0.23570795
v -0.02490494 0.04502481 -0.23567873
v 0.02660591 -0.04403921 -0.23567484
v 0.02877885 -0.04272954 -0.23570968
v 0.03268516 -0.03981990 -0.23570581
v 0.03629922 -0.03655435 -0.23570581
v 0.03958872 -0.03296208 -0.23570581
v 0.04252426 -0.02907521 -0.23570581
v 0.04507960 -0.02492847 -0.23570573
v 0.04723190 -0.02055894 -0.23570564
v 0.04896192 -0.01600567 -0.23570564
v 0.05025419 -0.01130937 -0.23570564
v 0.05109716 -0.00651201 -0.23570564
v 0.05148329 -0.00165649 -0.23570628
v 0.05140914 0.00321380 -0.23570581
v 0.05087537 0.00805532 -0.23570581
v 0.04988674 0.01282478 -0.23570581
v 0.04844974 0.01747860 -0.23570432
v 0.04658207 0.02197687 -0.23570436
v 0.04775292 0.01929624 -0.25034454
v 0.04613931 0.02287911 -0.25034225
v 0.04430160 0.02628085 -0.23570681
v 0.04430506 0.02626358 -0.25033903
v 0.04187647 0.02998203 -0.25034419
v 0.04055130 0.03171764 -0.25034058
v 0.02703429 -0.04234941 -0.23497985
v 0.02644561 -0.04121979 -0.23423614
v 0.03000384 -0.03871090 -0.23423895
v 0.03356380 -0.03566713 -0.23423910
v 0.03681660 -0.03229713 -0.23423921
v 0.03973247 -0.02863174 -0.23423928
v 0.04212779 -0.02495223 -0.23423852
v 0.04394688 -0.02160957 -0.23423930
v 0.04580998 -0.01731234 -0.23423931
v 0.04725393 -0.01285671 -0.23423931
v 0.04826551 -0.00828348 -0.23423931
v 0.04883547 -0.00363451 -0.23423931
v 0.04896231 0.00067652 -0.23423895
v 0.04870014 0.00513165 -0.23423888
v 0.04798682 0.00976080 -0.23423904
v 0.04683443 0.01430059 -0.23423918
v 0.04525351 0.01870946 -0.23423925
v 0.04325568 0.02294538 -0.23423743
v 0.04086860 0.02697477 -0.23423928
v 0.03810498 0.03075626 -0.23423931
v 0.03499261 0.03425636 -0.23423931
v 0.03156001 0.03744306 -0.23423931
v 0.02783861 0.04028716 -0.23423931
v 0.02418259 0.04257907 -0.23423894
v 0.02020912 0.04460629 -0.23423883
v 0.01585545 0.04633352 -0.23423903
v 0.01135666 0.04763683 -0.23423916
v 0.00675393 0.04850427 -0.23423925
v 0.00165067 0.04895128 -0.23423666
v -0.00259330 0.04889037 -0.23423913
v -0.00609352 0.04859369 -0.23423930
v -0.01070789 0.04779054 -0.23423931
v -0.01522443 0.04655012 -0.23423931
v -0.01960177 0.04488380 -0.23423931
v 0.02870803 -0.04874185 -0.24358946
v 0.03067377 -0.05214750 -0.25034171
v 0.02885025 -0.04898660 -0.24673396
v 0.02902628 -0.04929345 -0.23189126
v 0.02909899 -0.04941889 -0.23762400
v 0.02840051 -0.04820113 -0.23456278
v 0.02778819 -0.04714941 -0.24753018
v 0.02618159 -0.04436658 -0.25034183
v 0.02787626 -0.04729870 -0.23621508
v 0.02688927 -0.04559221 -0.23736434
v 0.02617539 -0.04435606 -0.22734171
v 0.03067377 -0.05214750 -0.22734171
v 0.02828746 -0.04801399 -0.23022737
v 0.02876848 -0.04883621 -0.24100123
v 0.02721333 -0.04615107 -0.24351855
v 0.02731828 -0.04633518 -0.23048967
v 0.02677939 -0.04539911 -0.23297857
v 0.02668552 -0.04523964 -0.23845266
v 0.02687383 -0.04556417 -0.24623527
v 0.02690434 -0.04561329 -0.24063492
v -0.02532578 0.04484658 -0.25034171
v -0.02605385 0.04610762 -0.24667703
v -0.02585807 0.04576851 -0.24516852
v -0.02672647 0.04727263 -0.24769610
v -0.02603421 0.04607360 -0.23103981
v -0.02533178 0.04485722 -0.22734159
v -0.02586754 0.04578493 -0.23243542
v -0.02982418 0.05263802 -0.25034171
v -0.02750603 0.04862288 -0.24761127
v -0.02594931 0.04592763 -0.23729680
v -0.02602507 0.04605777 -0.23355918
v -0.02687321 0.04752709 -0.23621820
v -0.02591250 0.04586487 -0.24024840
v -0.02666007 0.04715763 -0.23467107
v -0.02664437 0.04713043 -0.23007216
v -0.02619848 0.04635813 -0.24362268
v -0.02807347 0.04960572 -0.24674509
v -0.02828084 0.04996489 -0.24550971
v -0.02798416 0.04945102 -0.23393472
v -0.02827584 0.04995622 -0.23277704
v -0.02813794 0.04971737 -0.23111209
v -0.02982418 0.05263802 -0.22734171
v -0.02742393 0.04848068 -0.22998732
v -0.02754283 0.04868661 -0.24310148
v -0.02845995 0.05027726 -0.23894547
v -0.02734367 0.04834961 -0.24159098
v -0.02689843 0.04757047 -0.24293996
v -0.02750601 0.04862283 -0.23461129
v -0.02778513 0.04910728 -0.23658043
v -0.02813794 0.04971737 -0.24411209
v 0.03590063 -0.04099671 -0.23157956
v 0.03753025 -0.04184043 -0.23234171
v 0.03589678 -0.04099335 -0.23298387
v 0.03620855 -0.04153372 -0.23372822
v 0.03667194 -0.04233597 -0.23401977
v 0.03727582 -0.04338021 -0.23354797
v 0.03750378 -0.04377712 -0.23245077
v 0.03739857 -0.04359452 -0.23150268
v 0.03694398 -0.04280650 -0.23074059
v 0.03640378 -0.04187186 -0.23076265
v 0.02755757 -0.04574841 -0.23284440
v 0.02785042 -0.04625317 -0.23366739
v 0.02841215 -0.04723237 -0.23403975
v 0.02909737 -0.04841018 -0.23323779
v 0.02911710 -0.04844435 -0.23151396
v 0.02854137 -0.04745241 -0.23070307
v 0.02804018 -0.04658184 -0.23079692
v 0.02759400 -0.04581529 -0.23158838
v 0.03585403 -0.04091967 -0.24566703
v 0.03753025 -0.04184043 -0.24534172
v 0.03607866 -0.04130838 -0.24652828
v 0.03650913 -0.04205433 -0.24697722
v 0.03704614 -0.04298345 -0.24685819
v 0.03747279 -0.04372243 -0.24588521
v 0.03744711 -0.04367859 -0.24469955
v 0.03713501 -0.04313840 -0.24395519
v 0.03667194 -0.04233597 -0.24366365
v 0.03620856 -0.04153373 -0.24395519
v 0.03589678 -0.04099335 -0.24469955
v 0.02752612 -0.04569212 -0.24571140
v 0.02804803 -0.04659352 -0.24694878
v 0.02882927 -0.04795483 -0.24675700
v 0.02916685 -0.04853328 -0.24577524
v 0.02914692 -0.04850206 -0.24476686
v 0.02868665 -0.04770641 -0.24375457
v 0.02798847 -0.04649080 -0.24383189
v 0.02762631 -0.04586883 -0.24454018
v -0.02216945 0.05337964 -0.23321691
v -0.02154396 0.05229627 -0.23453900
v -0.02090082 0.05118232 -0.23474841
v -0.02034832 0.05022535 -0.23437297
v -0.01991986 0.04948324 -0.23339684
v -0.01980537 0.04928493 -0.23224802
v -0.01999167 0.04960762 -0.23100641
v -0.02066429 0.05077263 -0.22998732
v -0.02163195 0.05244868 -0.23020093
v -0.02215682 0.05335777 -0.23152913
v -0.02221867 0.05346489 -0.24517371
v -0.02207576 0.05321737 -0.24657133
v -0.02148065 0.05218661 -0.24758194
v -0.02083625 0.05107047 -0.24774346
v -0.02013631 0.04985813 -0.24706075
v -0.01982353 0.04931640 -0.24576946
v -0.01987202 0.04940039 -0.24447675
v -0.02026691 0.05008436 -0.24344018
v -0.02079714 0.05100273 -0.24295279
v -0.02144385 0.05212287 -0.24307215
v -0.02201130 0.05310572 -0.24393833
v 0.04605499 0.01675291 -0.24779834
v 0.04674942 0.01702082 -0.25034049
v 0.04398761 0.01597729 -0.24779834
v 0.04419112 0.01606639 -0.25034851
v 0.03749707 0.03146592 -0.24779834
v 0.03561884 0.03000608 -0.24779834
v 0.03591805 0.03016554 -0.25033531
v 0.03817501 0.03201800 -0.25033757
v -0.02078863 0.05098801 -0.24141148
v -0.01663486 0.05179345 -0.24183390
v -0.01780372 0.05381799 -0.24143574
v -0.01993590 0.04951103 -0.24207014
v -0.01929950 0.04840874 -0.24336633
v -0.01590797 0.05053444 -0.24318407
v -0.01559615 0.04999436 -0.24497154
v -0.01904027 0.04795974 -0.24562414
v -0.01583540 0.05040874 -0.24731709
v -0.01937207 0.04853444 -0.24749935
v -0.02009896 0.04979345 -0.24884953
v -0.01647180 0.05151103 -0.24861328
v -0.01729411 0.05293532 -0.24924769
v -0.02098970 0.05133628 -0.24925886
v -0.02172190 0.05260447 -0.24900454
v -0.01846298 0.05495986 -0.24884953
v -0.02235112 0.05369430 -0.24820213
v -0.01924010 0.05630587 -0.24736330
v -0.02283133 0.05452606 -0.24685901
v -0.01949485 0.05674710 -0.24583781
v -0.02297173 0.05476924 -0.24505863
v -0.01942502 0.05662616 -0.24413830
v -0.02270420 0.05430586 -0.24332011
v -0.01883553 0.05560512 -0.24233748
v -0.02192709 0.05295986 -0.24183390
v -0.02078863 0.05098801 -0.22841148
v -0.01663486 0.05179345 -0.22883390
v -0.01780372 0.05381799 -0.22843574
v -0.01972641 0.04914818 -0.22933750
v -0.01585774 0.05044745 -0.23032011
v -0.01916988 0.04818424 -0.23098612
v -0.01559632 0.04999465 -0.23234248
v -0.01906557 0.04800356 -0.23312581
v -0.01587168 0.05047159 -0.23447070
v -0.01952731 0.04880333 -0.23489410
v -0.02017791 0.04993020 -0.23591068
v -0.01668729 0.05188426 -0.23587111
v -0.01778324 0.05378252 -0.23625460
v -0.02098970 0.05133628 -0.23625886
v -0.02180079 0.05274111 -0.23595349
v -0.01887545 0.05567427 -0.23527566
v -0.02263661 0.05418878 -0.23460062
v -0.01948030 0.05672190 -0.23323010
v -0.02296748 0.05476187 -0.23272476
v -0.01942502 0.05662616 -0.23113830
v -0.02287287 0.05459801 -0.23108068
v -0.02239495 0.05377021 -0.22953309
v -0.01883553 0.05560512 -0.22933748
v -0.02168767 0.05254517 -0.22866429
v 0.00735602 0.05897214 -0.24584173
v 0.01162928 0.05837427 -0.24584171
v 0.00788890 0.05896537 -0.25054437
v 0.01115495 0.05844770 -0.25053942
v 0.01520635 0.05753487 -0.25054172
v 0.01674285 0.05709785 -0.24584171
v 0.02008681 0.05601740 -0.25054172
v 0.02128492 0.05557307 -0.24584171
v 0.02583525 0.05362040 -0.25053820
v 0.02612324 0.05348065 -0.24584171
v 0.03019375 0.05127045 -0.25053942
v 0.03211691 0.05012633 -0.24584171
v 0.03501828 0.04814215 -0.25053936
v 0.03791489 0.04587967 -0.24584171
v 0.03972410 0.04430817 -0.25054172
v 0.04235135 0.04179716 -0.24584171
v 0.04243270 0.04167121 -0.25053796
v 0.00729851 0.05655877 -0.24584170
v 0.00578715 0.05805112 -0.24581473
v 0.04291078 0.03953209 -0.24590148
v 0.04283980 0.04067937 -0.24584171
v 0.04076634 0.03987370 -0.24584170
v 0.04212263 0.03951910 -0.24584173
v 0.03746570 0.04298027 -0.24584173
v 0.03280159 0.04663806 -0.24584173
v 0.02818593 0.04955366 -0.24584173
v 0.02374397 0.05182995 -0.24584173
v 0.01720881 0.05438972 -0.24584179
v 0.01069658 0.05599820 -0.24584173
v 0.05720551 0.01612114 -0.24648754
v 0.05832225 0.01186057 -0.24654640
v 0.05727642 0.01600606 -0.25054392
v 0.05817151 0.01250552 -0.25053969
v 0.05899836 0.00785813 -0.25054175
v 0.05916558 0.00622938 -0.24643338
v 0.05945561 0.00257467 -0.24670911
v 0.05948103 0.00185603 -0.25054225
v 0.05945118 -0.00245723 -0.24650495
v 0.05942460 -0.00302585 -0.25053969
v 0.05901668 -0.00772856 -0.25054172
v 0.05898665 -0.00787643 -0.24659069
v 0.05792459 -0.01365016 -0.25054204
v 0.05832343 -0.01165478 -0.24636193
v 0.05717224 -0.01651735 -0.24648100
v 0.05660304 -0.01835010 -0.25053969
v 0.05579187 -0.02068643 -0.24659708
v 0.05498832 -0.02278570 -0.25054166
v 0.05402954 -0.02493857 -0.24658164
v 0.05210560 -0.02880494 -0.25054139
v 0.05156747 -0.02973081 -0.24664287
v 0.04825205 -0.03483903 -0.25054264
v 0.04829481 -0.03477861 -0.24653623
v 0.04567275 -0.03806819 -0.25053874
v 0.04558608 -0.03810293 -0.24640740
v 0.05450740 -0.01774122 -0.24584694
v 0.05575604 -0.01916536 -0.24585840
v 0.05845571 -0.00696074 -0.24585609
v 0.05238054 -0.02695441 -0.24585412
v 0.04860818 -0.02975838 -0.24587072
v 0.04635897 -0.03605752 -0.24584569
v 0.04369757 -0.03813341 -0.24589509
v 0.05692491 0.01503120 -0.24585193
v 0.05537632 0.01696124 -0.24589479
v 0.05713578 0.00619229 -0.24584305
v 0.05674239 -0.00529805 -0.24587327
v 0.05889763 0.00148360 -0.24585524
v 0.04266091 0.04136977 -0.23184170
v 0.03972410 0.04430817 -0.23184171
v 0.03847434 0.04542756 -0.22714466
v 0.03501829 0.04814214 -0.23184171
v 0.03211694 0.05012630 -0.22714643
v 0.03019377 0.05127044 -0.23184171
v 0.02612326 0.05348064 -0.22714521
v 0.02583527 0.05362039 -0.23184171
v 0.02128492 0.05557307 -0.22714169
v 0.02008681 0.05601740 -0.23184171
v 0.01490292 0.05763757 -0.22714406
v 0.01520635 0.05753487 -0.23184171
v 0.01115497 0.05844770 -0.23184171
v 0.00740803 0.05899007 -0.23184168
v 0.04290503 0.03960204 -0.23183934
v 0.04123081 0.03961234 -0.23184170
v 0.00626008 0.05734429 -0.23184171
v 0.00574134 0.05806435 -0.23177886
v 0.00739306 0.05653573 -0.23184171
v 0.01253369 0.05563929 -0.23184168
v 0.01793869 0.05411275 -0.23184170
v 0.02260323 0.05233709 -0.23184170
v 0.02709439 0.05015950 -0.23184170
v 0.03307167 0.04648079 -0.23184164
v 0.03827542 0.04224790 -0.23184170
v 0.04599171 -0.03773137 -0.23184171
v 0.04766620 -0.03562067 -0.23184171
v 0.04571792 -0.03802989 -0.22713484
v 0.04938872 -0.03325047 -0.22714663
v 0.05052803 -0.03146511 -0.23184171
v 0.05239633 -0.02822055 -0.22714169
v 0.05314071 -0.02677295 -0.23184171
v 0.05452482 -0.02382685 -0.22714411
v 0.05516390 -0.02232976 -0.23184171
v 0.05673393 -0.01805091 -0.22714663
v 0.05720507 -0.01649108 -0.23184171
v 0.05820901 -0.01237906 -0.22714169
v 0.05851719 -0.01078073 -0.23184171
v 0.05926703 -0.00562650 -0.22714415
v 0.05923900 -0.00578696 -0.23184171
v 0.05949951 -0.00042276 -0.23184171
v 0.05949285 0.00218213 -0.22714415
v 0.05934054 0.00462040 -0.23184171
v 0.05892157 0.00834091 -0.22714169
v 0.05841861 0.01139272 -0.23184171
v 0.05803084 0.01314108 -0.22714411
v 0.05733272 0.01584894 -0.23184170
v 0.05728884 0.01595500 -0.22714755
v 0.05492966 0.01527726 -0.23184171
v 0.05523107 0.01663333 -0.23184171
v 0.05610888 0.01021026 -0.23184168
v 0.05682755 0.00454572 -0.23184170
v 0.05700734 -0.00052542 -0.23184170
v 0.05673555 -0.00559252 -0.23184170
v 0.05601295 -0.01061511 -0.23184170
v 0.05484828 -0.01555387 -0.23184170
v 0.05324862 -0.02036943 -0.23184170
v 0.05122735 -0.02502381 -0.23184170
v 0.04880037 -0.02948016 -0.23184170
v 0.04598515 -0.03370186 -0.23184170
v 0.04367561 -0.03674523 -0.23184176
v 0.04386634 -0.03849949 -0.23193571
v 0.04486956 -0.03840500 -0.23184171
v 0.05586133 0.01737974 -0.23193099
v -0.02246916 0.04349876 -0.24779834
v 0.05085801 0.01121254 -0.22691381
v 0.05016349 -0.01400312 -0.22691166
v 0.05181342 -0.00526309 -0.22691211
v 0.03488231 0.03866834 -0.22691450
v 0.02055491 0.04785219 -0.22691247
v 0.05481236 0.01534572 -0.24595018
v 0.05553895 0.01172177 -0.24608532
v 0.05655810 0.00600346 -0.24600579
v 0.05689493 -0.00043594 -0.24595992
v 0.05164209 -0.00674099 -0.25076362
v 0.05589263 -0.00996627 -0.24607302
v 0.05459359 -0.01541895 -0.24613337
v 0.05297545 -0.02031224 -0.24611574
v 0.04789978 -0.02044822 -0.25076312
v 0.05071807 -0.02553738 -0.24607743
v 0.04589558 -0.03342273 -0.24607983
v 0.04375563 -0.03654611 -0.24593143
v 0.04375802 -0.03856531 -0.22714856
v 0.04214906 -0.03799260 -0.22713716
v 0.04274954 -0.03833022 -0.22951107
v 0.05283129 0.01713650 -0.22715223
v 0.05471767 0.01760516 -0.22966304
v 0.05626513 0.01708686 -0.22714031
v 0.00516489 0.05725145 -0.22966304
v 0.00544502 0.05775918 -0.22715305
v 0.00667574 0.05869886 -0.22714214
v 0.04261395 0.03859052 -0.22971605
v 0.04253815 0.03837280 -0.22716317
v 0.04293480 0.04042683 -0.22714332
v 0.00476748 0.05589958 -0.25054047
v 0.00516563 0.05726264 -0.24796583
v 0.00662593 0.05867977 -0.25053984
v 0.04261876 0.03859170 -0.24796945
v 0.04298529 0.03966538 -0.25052470
v 0.04163978 0.03742413 -0.25054082
v 0.05559714 0.01749045 -0.25052109
v 0.05234575 0.01688936 -0.25052199
v 0.05541596 0.01755068 -0.24656036
v 0.04352256 -0.03853393 -0.24650030
v 0.04189065 -0.03789037 -0.25055265
v 0.04340515 -0.03855025 -0.25052401
v 0.04026326 -0.03535231 -0.25063348
v -0.01948613 0.05673210 -0.22975515
v -0.01880689 0.05555553 -0.22847435
v -0.01647304 0.05151321 -0.22844638
v -0.01602894 0.05074398 -0.22876696
v -0.01561449 0.05002614 -0.22985674
v -0.01646993 0.05150781 -0.23623709
v -0.01606986 0.05081483 -0.23595902
v -0.01574365 0.05024983 -0.23530725
v -0.01560146 0.05000358 -0.23451310
v -0.01946999 0.05670416 -0.23499320
v -0.01879873 0.05554143 -0.23621128
v -0.00069497 0.06056269 -0.23623855
v -0.01598963 0.05690362 -0.23623917
v -0.00605075 0.06023297 -0.23624171
v -0.01691268 0.05823663 -0.23623687
v -0.01815014 0.05757605 -0.23006561
v -0.01813926 0.05754814 -0.23484452
v -0.01602703 0.05691275 -0.22844429
v -0.00079412 0.06054327 -0.22844417
v -0.01718553 0.05802753 -0.22851542
v -0.00805964 0.06009105 -0.22844177
v -0.01880688 0.05555551 -0.24147435
v -0.01947132 0.05670643 -0.24270838
v -0.01647303 0.05151319 -0.24144638
v -0.01602894 0.05074399 -0.24176696
v -0.01561449 0.05002614 -0.24285677
v -0.01560146 0.05000358 -0.24751310
v -0.01646992 0.05150779 -0.24923709
v -0.01574364 0.05024981 -0.24830723
v -0.01606985 0.05081481 -0.24895902
v -0.01879872 0.05554142 -0.24921128
v -0.01946999 0.05670415 -0.24799322
v -0.01602703 0.05691275 -0.24144429
v -0.00008174 0.06069720 -0.24145488
v -0.01718554 0.05802752 -0.24151541
v -0.00805963 0.06009185 -0.24144177
v -0.00071577 0.06056031 -0.24923906
v -0.01598963 0.05690361 -0.24923916
v -0.00605071 0.06023217 -0.24924171
v -0.01691269 0.05823663 -0.24923687
v -0.01814075 0.05754913 -0.24784304
v -0.01814181 0.05757076 -0.24304894
v -0.01738053 0.05727553 -0.22897486
v 0.00245260 0.06074981 -0.22937554
v 0.00111525 0.06070770 -0.22874299
v -0.01729879 0.05725181 -0.23577513
v 0.00117235 0.06067722 -0.23590325
v -0.01738056 0.05727554 -0.24197489
v -0.01729876 0.05725180 -0.24877514
v 0.00117235 0.06067723 -0.24890326
v 0.00250843 0.06074679 -0.24824883
v 0.04897271 -0.03348634 -0.24614777
v 0.05811532 0.01070734 -0.24599551
v 0.04763140 0.01789510 -0.25034040
v 0.03946707 0.03228546 -0.25034016
v 0.03037188 -0.04362459 -0.23835018
v 0.03068267 -0.04416289 -0.24038570
v 0.02734507 -0.04538491 -0.23908058
v 0.02763005 -0.04587020 -0.24025591
v 0.02828812 -0.04701241 -0.24089338
v 0.03153955 -0.04564707 -0.24086007
v 0.02909831 -0.04842012 -0.24028361
v 0.03211643 -0.04664626 -0.24025430
v 0.03242545 -0.04718148 -0.23884171
v 0.02938237 -0.04890348 -0.23872289
v 0.02914748 -0.04850361 -0.23758475
v 0.03194745 -0.04635355 -0.23707221
v 0.02861046 -0.04757071 -0.23684752
v 0.03100260 -0.04471704 -0.23693664
v 0.02790363 -0.04634873 -0.23702797
v 0.02747455 -0.04560554 -0.23784520
v -0.02120394 0.05370734 -0.23859465
v -0.02104783 0.05343695 -0.24002671
v -0.02770567 0.04996935 -0.23875991
v -0.02745935 0.04954684 -0.24027185
v -0.02039391 0.05230432 -0.24092519
v -0.02668285 0.04819855 -0.24098220
v -0.01978485 0.05124940 -0.24083169
v -0.02603946 0.04708338 -0.24059714
v -0.01933182 0.05046473 -0.24020976
v -0.02557731 0.04628704 -0.23930195
v -0.01906878 0.05000912 -0.23884171
v -0.02582085 0.04670887 -0.23741157
v -0.01944829 0.05066647 -0.23717637
v -0.02660026 0.04805550 -0.23670122
v -0.02020886 0.05198381 -0.23671703
v -0.02740160 0.04944681 -0.23728915
v -0.02088692 0.05315825 -0.23727319
v 0.03554727 0.03367870 -0.24779834
v -0.01541450 0.04648626 -0.24779834
v -0.01086933 0.04775301 -0.24779834
v -0.01981669 0.04478801 -0.24779834
v 0.01588797 0.04632104 -0.24779834
v 0.01135642 0.04763570 -0.24779834
v 0.00671939 0.04850819 -0.24779834
v 0.00290321 0.04888037 -0.24779834
v -0.00151969 0.04894913 -0.24779834
v -0.00622335 0.04857652 -0.24779834
v 0.03214103 0.03694378 -0.24779834
v 0.02843640 0.03986594 -0.24779834
v 0.02446777 0.04241805 -0.24779834
v 0.02027198 0.04457643 -0.24779834
v 0.02887921 -0.03955576 -0.24779834
v 0.03255103 -0.03659248 -0.24779834
v 0.04827160 -0.00824039 -0.24779834
v 0.04884005 -0.00355636 -0.24779834
v 0.04895513 0.00116063 -0.24779834
v 0.04861577 0.00586681 -0.24779834
v 0.04782512 0.01051849 -0.24779834
v 0.03592066 -0.03328962 -0.24779834
v 0.03895682 -0.02967784 -0.24779834
v 0.04163135 -0.02579066 -0.24779834
v 0.04392184 -0.02166521 -0.24779834
v 0.04579988 -0.01733638 -0.24779834
v 0.04725507 -0.01284798 -0.24779834
f 1 3 2
f 4 3 5
f 5 3 1
f 5 1 6
f 7 9 8
f 8 9 1
f 8 1 2
f 3 4 10
f 3 10 11
f 11 10 12
f 11 12 13
f 13 12 14
f 15 17 16
f 16 17 18
f 19 21 20
f 7 22 9
f 9 22 16
f 16 22 15
f 6 1 23
f 23 1 20
f 20 1 19
f 24 26 25
f 25 26 27
f 18 29 28
f 12 30 14
f 14 30 25
f 25 30 24
f 18 17 29
f 20 21 31
f 31 21 32
f 27 26 33
f 33 34 27
f 35 37 36
f 38 40 39
f 39 40 41
f 39 41 42
f 42 41 43
f 42 43 44
f 45 47 46
f 48 50 49
f 49 50 51
f 49 51 52
f 52 51 53
f 52 53 54
f 36 37 55
f 55 37 56
f 55 56 57
f 57 56 58
f 57 58 59
f 60 62 61
f 61 62 63
f 61 63 64
f 64 63 65
f 64 65 66
f 43 67 44
f 44 67 68
f 44 68 69
f 69 68 70
f 69 70 71
f 71 70 72
f 71 72 60
f 60 72 73
f 60 73 62
f 46 47 74
f 74 47 75
f 74 75 76
f 76 75 77
f 76 77 78
f 59 58 79
f 79 58 80
f 79 80 81
f 81 80 82
f 81 82 83
f 83 82 84
f 83 84 85
f 86 88 87
f 87 88 66
f 87 66 89
f 89 66 65
f 90 92 91
f 91 92 93
f 91 93 94
f 94 93 95
f 94 95 48
f 48 95 96
f 48 96 50
f 36 97 35
f 35 97 98
f 35 98 99
f 99 98 100
f 99 100 101
f 101 100 102
f 101 102 90
f 90 102 103
f 90 103 92
f 85 84 104
f 104 84 105
f 104 105 86
f 86 105 88
f 106 108 107
f 107 108 109
f 107 109 110
f 110 109 111
f 110 111 38
f 38 111 112
f 38 112 40
f 46 113 45
f 45 113 114
f 45 114 115
f 115 114 116
f 115 116 117
f 117 116 118
f 117 118 106
f 106 118 119
f 106 119 108
f 53 120 54
f 54 120 121
f 54 121 122
f 122 121 123
f 122 123 124
f 124 123 125
f 124 125 126
f 125 127 126
f 126 127 128
f 126 128 129
f 129 128 130
f 129 130 131
f 131 130 132
f 131 132 133
f 78 77 134
f 134 77 135
f 134 135 136
f 136 135 137
f 136 137 138
f 138 137 139
f 138 139 140
f 141 143 142
f 142 143 133
f 142 133 144
f 144 133 132
f 140 139 145
f 145 139 146
f 145 146 141
f 141 146 143
f 147 149 148
f 150 152 151
f 153 155 154
f 154 155 156
f 157 159 158
f 160 161 150
f 150 161 152
f 162 164 163
f 163 164 165
f 163 165 166
f 156 167 154
f 154 167 168
f 154 168 169
f 170 172 171
f 171 172 173
f 171 173 153
f 153 173 174
f 153 174 155
f 157 175 159
f 166 176 163
f 163 176 177
f 163 177 178
f 179 180 162
f 162 180 181
f 162 181 182
f 162 182 164
f 168 183 169
f 169 183 184
f 170 171 185
f 170 185 148
f 148 185 186
f 148 186 147
f 147 186 187
f 147 187 188
f 189 191 190
f 191 193 192
f 191 192 190
f 178 194 160
f 160 194 195
f 160 195 196
f 160 196 161
f 177 197 178
f 178 197 198
f 178 198 199
f 178 199 194
f 184 200 169
f 169 200 201
f 169 201 202
f 202 201 203
f 202 203 204
f 204 203 205
f 204 205 206
f 206 205 207
f 206 207 179
f 179 207 208
f 179 208 180
f 175 209 159
f 159 209 210
f 159 210 211
f 158 213 212
f 158 212 157
f 148 149 214
f 148 214 215
f 215 214 189
f 215 189 216
f 216 189 217
f 217 189 190
f 218 219 191
f 191 219 220
f 191 220 193
f 221 222 158
f 158 222 223
f 158 223 213
f 224 226 225
f 225 226 227
f 225 227 221
f 221 227 228
f 221 228 222
f 229 230 187
f 187 230 188
f 210 231 211
f 211 231 232
f 233 234 218
f 218 234 235
f 218 235 236
f 218 236 219
f 237 239 238
f 238 239 240
f 238 240 229
f 229 240 241
f 229 241 230
f 237 242 239
f 239 242 243
f 239 243 244
f 244 243 245
f 244 245 246
f 246 245 151
f 246 151 152
f 246 152 225
f 225 152 224
f 232 247 211
f 211 247 248
f 211 248 249
f 249 248 250
f 249 250 251
f 251 250 252
f 252 250 253
f 252 253 233
f 233 253 254
f 233 254 234
f 255 257 256
f 256 257 258
f 256 258 259
f 259 258 260
f 259 260 261
f 261 260 262
f 261 262 263
f 264 266 265
f 265 266 267
f 265 267 268
f 268 267 269
f 268 269 270
f 270 269 271
f 270 271 272
f 270 272 273
f 273 272 274
f 273 274 275
f 275 274 276
f 275 276 255
f 255 276 277
f 255 277 257
f 278 280 279
f 279 280 281
f 281 280 282
f 281 282 283
f 283 282 284
f 283 284 264
f 264 284 285
f 264 285 266
f 286 288 287
f 287 288 289
f 262 290 263
f 263 290 287
f 287 290 286
f 291 293 292
f 292 293 294
f 279 295 278
f 278 295 292
f 292 295 291
f 289 297 296
f 289 288 297
f 298 300 299
f 299 300 301
f 301 300 302
f 301 302 303
f 299 304 298
f 298 304 305
f 298 305 306
f 303 302 307
f 307 302 308
f 307 308 309
f 309 308 310
f 309 310 311
f 306 305 312
f 306 312 313
f 313 312 314
f 313 314 315
f 315 314 316
f 315 316 317
f 311 310 318
f 318 310 319
f 318 319 320
f 320 319 321
f 320 321 322
f 322 321 323
f 322 323 324
f 316 325 317
f 317 325 326
f 317 326 327
f 327 326 328
f 327 328 329
f 329 328 330
f 329 330 331
f 331 330 332
f 331 332 333
f 333 332 334
f 333 334 335
f 335 334 336
f 335 336 337
f 338 340 339
f 339 340 341
f 323 342 324
f 324 342 339
f 339 342 338
f 343 345 344
f 344 345 346
f 336 347 337
f 337 347 344
f 344 347 343
f 341 349 348
f 341 340 349
f 346 345 350
f 351 353 352
f 352 353 354
f 352 354 355
f 356 358 357
f 357 358 359
f 357 359 360
f 361 362 357
f 357 362 363
f 357 363 356
f 355 364 352
f 352 364 365
f 352 365 366
f 367 369 368
f 360 370 351
f 351 370 371
f 351 371 372
f 351 372 353
f 359 373 360
f 360 373 374
f 360 374 370
f 365 375 366
f 366 375 376
f 366 376 377
f 366 377 378
f 378 377 379
f 378 379 380
f 380 379 381
f 380 381 382
f 383 385 384
f 384 385 386
f 384 386 387
f 387 386 388
f 387 388 389
f 368 369 390
f 390 369 391
f 390 391 392
f 392 391 393
f 392 393 394
f 395 397 396
f 396 397 398
f 399 401 400
f 400 401 402
f 400 402 403
f 403 402 404
f 403 404 405
f 388 406 389
f 389 406 407
f 389 407 408
f 408 407 409
f 408 409 410
f 410 409 411
f 410 411 399
f 399 411 412
f 399 412 401
f 394 393 413
f 413 393 414
f 413 414 415
f 415 414 416
f 415 416 417
f 417 416 418
f 417 418 419
f 381 420 382
f 382 420 396
f 396 420 395
f 421 423 422
f 422 423 424
f 422 424 425
f 425 424 426
f 425 426 383
f 383 426 427
f 383 427 385
f 368 428 367
f 367 428 429
f 367 429 430
f 430 429 431
f 430 431 432
f 432 431 433
f 432 433 421
f 421 433 434
f 421 434 423
f 419 418 435
f 435 418 436
f 435 436 437
f 438 439 398
f 398 397 438
f 440 442 441
f 441 442 443
f 443 442 444
f 443 444 361
f 361 444 445
f 361 445 446
f 361 446 362
f 404 447 405
f 405 447 448
f 405 448 449
f 449 448 440
f 449 440 441
f 450 452 451
f 436 453 437
f 437 453 451
f 451 453 450
f 451 452 454
f 454 452 455
f 456 458 457
f 457 458 459
f 460 461 457
f 457 461 462
f 457 462 456
f 463 465 464
f 464 465 466
f 465 468 467
f 467 468 469
f 465 470 468
f 470 465 471
f 472 474 473
f 473 474 475
f 476 474 472
f 477 479 478
f 478 481 480
f 482 484 483
f 483 484 485
f 486 488 487
f 489 482 483
f 479 481 478
f 490 492 491
f 475 494 493
f 475 493 473
f 479 496 495
f 479 477 496
f 497 491 498
f 499 501 500
f 502 471 465
f 496 503 495
f 495 503 473
f 504 506 505
f 505 506 507
f 507 506 508
f 507 508 509
f 509 508 490
f 490 508 492
f 499 498 501
f 510 511 486
f 486 511 488
f 480 481 512
f 480 512 513
f 513 512 514
f 513 514 515
f 515 514 516
f 516 514 517
f 516 517 518
f 518 517 519
f 518 519 520
f 520 519 504
f 504 519 506
f 521 523 522
f 522 523 524
f 524 523 525
f 524 525 526
f 526 525 527
f 526 527 528
f 528 527 510
f 510 527 511
f 473 493 495
f 499 529 498
f 498 529 497
f 500 501 521
f 521 501 523
f 502 531 530
f 485 484 532
f 485 532 533
f 533 532 534
f 533 534 535
f 535 534 536
f 535 536 537
f 537 536 538
f 537 538 539
f 539 538 540
f 465 531 502
f 494 475 541
f 494 541 540
f 540 541 539
f 492 542 491
f 542 482 489
f 543 545 544
f 543 544 489
f 489 544 546
f 489 546 542
f 487 488 547
f 547 488 548
f 547 548 549
f 548 551 550
f 548 550 549
f 552 551 465
f 465 551 548
f 491 542 498
f 463 552 465
f 502 530 553
f 502 553 554
f 554 553 555
f 555 553 556
f 555 556 557
f 557 556 558
f 557 558 559
f 559 558 560
f 559 560 543
f 543 560 545
f 465 548 531
f 542 546 498
f 461 460 561
f 461 561 562
f 562 561 563
f 562 563 564
f 564 563 565
f 564 565 566
f 566 565 567
f 566 567 568
f 568 567 569
f 568 569 570
f 570 569 571
f 570 571 572
f 572 571 573
f 572 573 574
f 574 573 575
f 574 575 576
f 576 575 577
f 576 577 578
f 578 577 579
f 578 579 580
f 580 579 581
f 580 581 582
f 582 581 583
f 582 583 584
f 584 583 585
f 584 585 586
f 587 589 588
f 590 589 587
f 591 593 592
f 591 458 593
f 588 594 587
f 594 595 587
f 587 595 596
f 595 597 596
f 596 597 598
f 597 599 598
f 598 599 600
f 599 601 600
f 600 601 602
f 601 603 602
f 602 603 604
f 603 605 604
f 604 605 606
f 605 607 606
f 606 607 608
f 607 609 608
f 608 609 610
f 610 609 611
f 609 612 611
f 611 612 613
f 612 614 613
f 613 614 615
f 614 616 615
f 615 616 617
f 616 618 617
f 617 618 619
f 618 620 619
f 619 620 591
f 459 458 591
f 459 591 620
f 621 623 622
f 623 621 624
f 623 624 625
f 623 625 626
f 627 628 624
f 627 629 628
f 621 622 630
f 621 630 631
f 631 630 632
f 631 632 633
f 633 632 634
f 633 634 635
f 635 634 636
f 636 634 637
f 638 636 637
f 639 641 640
f 639 640 638
f 638 637 642
f 638 642 639
f 642 644 643
f 644 645 643
f 646 641 639
f 646 647 641
f 647 646 648
f 647 648 649
f 649 648 650
f 649 650 629
f 628 629 650
f 651 652 625
f 625 652 626
f 645 654 653
f 653 654 655
f 653 655 651
f 651 655 652
f 645 656 654
f 645 644 656
f 624 628 625
f 625 628 657
f 657 628 658
f 657 658 659
f 659 658 660
f 661 663 662
f 662 663 664
f 662 664 665
f 662 665 666
f 666 665 667
f 667 665 668
f 667 668 669
f 669 668 670
f 669 670 671
f 671 670 672
f 671 672 673
f 673 672 674
f 673 674 675
f 675 674 676
f 675 676 677
f 677 676 678
f 677 678 679
f 679 678 680
f 679 680 681
f 681 680 682
f 681 682 683
f 681 683 684
f 684 683 685
f 684 685 686
f 686 685 687
f 686 687 688
f 686 688 689
f 689 688 690
f 690 688 691
f 690 691 692
f 692 691 693
f 692 693 694
f 694 693 695
f 694 695 696
f 696 695 697
f 696 697 698
f 698 697 699
f 699 697 700
f 699 700 701
f 699 701 702
f 702 701 703
f 702 703 704
f 704 703 705
f 704 705 706
f 706 705 707
f 706 707 708
f 708 707 709
f 709 707 710
f 709 710 711
f 711 710 712
f 711 712 713
f 713 712 714
f 713 714 715
f 715 714 716
f 715 716 717
f 717 716 718
f 718 716 719
f 718 719 720
f 720 719 721
f 720 721 722
f 720 722 723
f 723 722 724
f 723 724 725
f 725 724 726
f 725 726 727
f 727 726 728
f 727 728 729
f 729 728 730
f 729 730 731
f 731 730 732
f 731 732 733
f 733 732 734
f 733 734 639
f 733 639 643
f 643 639 642
f 456 736 735
f 737 739 738
f 456 735 740
f 741 743 742
f 737 738 741
f 741 738 743
f 744 740 735
f 462 745 456
f 746 748 747
f 749 751 750
f 750 752 749
f 753 755 754
f 755 753 756
f 757 754 755
f 758 759 750
f 755 756 748
f 755 748 746
f 760 761 751
f 762 763 745
f 759 752 750
f 758 764 759
f 751 761 750
f 765 764 766
f 767 769 768
f 767 768 770
f 770 768 771
f 770 771 758
f 758 771 766
f 758 766 764
f 755 773 772
f 772 773 774
f 775 776 755
f 777 779 778
f 777 778 780
f 780 778 781
f 780 781 762
f 762 781 763
f 750 761 782
f 755 776 773
f 760 751 783
f 760 783 784
f 784 783 785
f 784 785 777
f 777 785 779
f 786 787 746
f 787 775 755
f 772 774 788
f 772 788 789
f 772 789 741
f 746 787 755
f 736 456 790
f 767 791 769
f 769 791 792
f 790 793 736
f 794 795 742
f 745 763 456
f 794 796 795
f 741 797 772
f 746 747 767
f 767 747 791
f 795 797 742
f 742 797 741
f 456 763 790
f 798 800 799
f 798 799 801
f 801 799 736
f 801 736 793
f 765 766 802
f 802 766 803
f 802 803 804
f 804 803 805
f 804 805 806
f 806 805 807
f 806 807 798
f 798 807 800
f 769 792 808
f 769 808 809
f 809 808 810
f 809 810 811
f 811 810 812
f 812 810 813
f 812 813 814
f 814 813 815
f 814 815 794
f 794 815 796
f 816 818 817
f 816 817 819
f 819 817 820
f 819 820 821
f 821 820 822
f 821 822 823
f 823 822 824
f 823 824 825
f 825 824 826
f 825 826 827
f 827 826 828
f 827 828 829
f 829 828 830
f 829 830 831
f 831 830 832
f 831 832 833
f 833 832 834
f 833 834 835
f 835 834 836
f 835 836 837
f 837 836 838
f 837 838 839
f 839 838 840
f 839 840 841
f 841 840 842
f 841 842 843
f 844 846 845
f 847 846 844
f 848 850 849
f 851 852 848
f 848 852 850
f 844 845 853
f 853 854 844
f 844 854 855
f 854 856 855
f 855 856 857
f 856 858 857
f 857 858 859
f 858 860 859
f 859 860 861
f 860 862 861
f 861 862 863
f 862 864 863
f 863 864 865
f 864 866 865
f 865 866 867
f 866 868 867
f 867 868 869
f 868 870 869
f 869 870 871
f 870 872 871
f 871 872 873
f 872 874 873
f 873 874 875
f 874 876 875
f 875 876 877
f 876 878 877
f 877 878 879
f 879 878 848
f 878 851 848
f 849 880 848
f 848 880 881
f 848 881 879
f 879 881 882
f 879 882 877
f 877 882 883
f 877 883 875
f 875 883 884
f 875 884 873
f 873 884 885
f 873 885 871
f 871 885 886
f 871 886 869
f 869 886 887
f 869 887 867
f 867 887 888
f 867 888 865
f 865 888 889
f 865 889 863
f 863 889 890
f 863 890 861
f 861 890 891
f 861 891 859
f 859 891 892
f 859 892 857
f 857 892 893
f 857 893 855
f 855 893 894
f 855 894 844
f 844 894 895
f 844 895 847
f 847 895 896
f 592 897 591
f 591 897 898
f 591 898 619
f 619 898 899
f 619 899 617
f 617 899 900
f 617 900 615
f 615 900 901
f 615 901 613
f 613 901 902
f 613 902 611
f 611 902 903
f 611 903 610
f 610 903 904
f 610 904 608
f 608 904 905
f 608 905 606
f 606 905 906
f 606 906 604
f 604 906 907
f 604 907 602
f 602 907 908
f 602 908 600
f 600 908 909
f 600 909 598
f 598 909 910
f 598 910 596
f 596 910 911
f 596 911 587
f 587 911 912
f 587 912 590
f 590 912 913
f 914 590 913
f 913 915 914
f 916 915 913
f 916 917 915
f 917 916 918
f 918 916 880
f 918 880 849
f 918 849 919
f 898 897 920
f 895 466 896
f 898 920 921
f 921 922 898
f 898 922 899
f 922 923 899
f 899 923 900
f 923 924 900
f 900 924 901
f 924 925 901
f 901 925 902
f 925 926 902
f 902 926 903
f 926 927 903
f 903 927 904
f 927 928 904
f 904 928 905
f 928 929 905
f 905 929 906
f 929 930 906
f 906 930 907
f 930 931 907
f 907 931 908
f 931 932 908
f 908 932 909
f 932 933 909
f 909 933 910
f 933 934 910
f 910 934 911
f 934 935 911
f 911 935 912
f 935 936 912
f 912 936 913
f 936 937 913
f 913 937 916
f 937 938 916
f 916 938 880
f 938 939 880
f 880 939 881
f 939 940 881
f 881 940 882
f 940 941 882
f 882 941 883
f 941 942 883
f 883 942 884
f 942 943 884
f 884 943 885
f 943 944 885
f 885 944 886
f 944 945 886
f 886 945 887
f 945 946 887
f 887 946 888
f 946 947 888
f 888 947 889
f 947 948 889
f 889 948 890
f 890 948 891
f 948 949 891
f 949 950 891
f 891 950 892
f 950 951 892
f 892 951 893
f 951 952 893
f 893 952 894
f 952 953 894
f 894 953 895
f 464 466 895
f 464 895 953
f 954 956 955
f 955 956 957
f 957 956 958
f 959 961 960
f 960 961 962
f 963 965 964
f 959 960 966
f 967 962 961
f 964 968 955
f 960 954 966
f 966 954 955
f 965 968 964
f 969 970 966
f 971 972 970
f 971 970 969
f 955 968 966
f 966 968 969
f 973 965 963
f 974 963 957
f 963 974 973
f 957 958 967
f 967 958 962
f 971 974 972
f 972 974 957
f 972 957 967
f 975 977 976
f 978 980 979
f 980 982 981
f 983 984 981
f 980 978 976
f 976 977 980
f 980 977 982
f 979 980 985
f 979 985 986
f 987 989 988
f 988 989 990
f 991 975 992
f 975 991 977
f 986 994 993
f 981 984 995
f 981 995 980
f 976 978 996
f 976 996 997
f 975 988 990
f 975 990 992
f 976 997 998
f 998 997 999
f 1000 987 998
f 993 994 984
f 998 987 988
f 986 985 994
f 999 1001 998
f 1001 1002 998
f 993 984 1003
f 998 1002 1003
f 998 1003 984
f 998 984 1000
f 1000 984 983
f 1004 1006 1005
f 1006 1007 1005
f 1007 1008 1005
f 1008 1009 1005
f 1009 1010 1005
f 1005 1010 1011
f 1011 1012 1005
f 1012 1013 1005
f 1005 1013 1004
f 1014 1006 1004
f 1014 1015 1006
f 1006 1015 1007
f 1007 1015 1016
f 1007 1016 1008
f 1008 1016 1009
f 1016 1017 1009
f 1009 1017 1010
f 1017 1018 1010
f 1010 1018 1011
f 1011 1018 1012
f 1018 1019 1012
f 1012 1019 1013
f 1019 1020 1013
f 1013 1020 1004
f 1004 1020 1021
f 1004 1021 1014
f 1022 1024 1023
f 1024 1025 1023
f 1025 1026 1023
f 1026 1027 1023
f 1027 1028 1023
f 1028 1029 1023
f 1029 1030 1023
f 1030 1031 1023
f 1031 1032 1023
f 1032 1022 1023
f 1022 1033 1024
f 1024 1033 1034
f 1024 1034 1025
f 1025 1034 1026
f 1026 1034 1035
f 1026 1035 1027
f 1035 1036 1027
f 1027 1036 1037
f 1027 1037 1028
f 1028 1037 1029
f 1029 1037 1038
f 1029 1038 1030
f 1030 1038 1039
f 1030 1039 1031
f 1031 1039 1032
f 1032 1039 1033
f 1032 1033 1022
f 1040 987 1000
f 1040 1000 1041
f 1041 1000 983
f 1041 983 1042
f 1042 983 981
f 1042 981 1043
f 1043 981 982
f 1043 982 1044
f 1044 982 977
f 1044 977 1045
f 1045 977 991
f 1045 991 1046
f 1046 991 1047
f 1047 991 992
f 1047 992 990
f 1047 990 1048
f 1048 990 989
f 1048 989 1049
f 1049 989 987
f 1049 987 1040
f 1050 1002 1051
f 1051 1002 1001
f 1051 1001 1052
f 1052 1001 999
f 1052 999 1053
f 1053 999 997
f 1053 997 1054
f 1054 997 996
f 1054 996 1055
f 1055 996 978
f 1055 978 1056
f 1056 978 979
f 1056 979 1057
f 1057 979 986
f 1057 986 1058
f 1058 986 1059
f 1059 986 993
f 1059 993 1060
f 1060 993 1003
f 1060 1003 1050
f 1050 1003 1002
f 594 588 1061
f 1061 588 1062
f 1061 1062 1063
f 1063 1062 1064
f 852 851 1065
f 1066 1067 1065
f 1065 1067 1068
f 1065 1068 852
f 1069 1071 1070
f 1069 1070 1072
f 1072 1070 1073
f 1073 1070 1074
f 1073 1074 1075
f 1073 1075 1076
f 1076 1075 1077
f 1076 1077 1078
f 1078 1077 1079
f 1079 1077 1080
f 1079 1080 1081
f 1079 1081 1082
f 1082 1081 1083
f 1083 1081 1084
f 1083 1084 1085
f 1085 1084 1086
f 1085 1086 1087
f 1087 1086 1088
f 1087 1088 1089
f 1089 1088 1090
f 1089 1090 1091
f 1091 1090 1092
f 1091 1092 1093
f 1093 1092 1071
f 1093 1071 1069
f 1051 1087 1050
f 1050 1087 1089
f 1052 1083 1085
f 1052 1085 1051
f 1051 1085 1087
f 1053 1079 1082
f 1053 1082 1052
f 1057 1072 1073
f 1057 1073 1056
f 1058 1069 1057
f 1057 1069 1072
f 1059 1093 1069
f 1059 1069 1058
f 1060 1091 1093
f 1060 1093 1059
f 1050 1089 1060
f 1060 1089 1091
f 1054 1079 1053
f 1052 1082 1083
f 1054 1078 1079
f 1055 1076 1054
f 1054 1076 1078
f 1056 1073 1076
f 1056 1076 1055
f 1094 1096 1095
f 1094 1095 1097
f 1097 1095 1098
f 1097 1098 1099
f 1099 1098 1100
f 1099 1100 1101
f 1101 1100 1102
f 1101 1102 1103
f 1103 1102 1104
f 1104 1102 1105
f 1104 1105 1106
f 1104 1106 1107
f 1107 1106 1108
f 1108 1106 1109
f 1108 1109 1110
f 1110 1109 1111
f 1110 1111 1112
f 1112 1111 1113
f 1112 1113 1114
f 1114 1113 1115
f 1115 1113 1116
f 1115 1116 1117
f 1117 1116 1096
f 1117 1096 1094
f 1040 1112 1049
f 1040 1110 1112
f 1041 1108 1110
f 1041 1110 1040
f 1042 1104 1107
f 1042 1107 1041
f 1047 1097 1046
f 1048 1115 1117
f 1047 1094 1097
f 1048 1117 1094
f 1048 1094 1047
f 1043 1104 1042
f 1041 1107 1108
f 1044 1103 1043
f 1043 1103 1104
f 1045 1101 1044
f 1044 1101 1103
f 1049 1115 1048
f 1049 1112 1114
f 1049 1114 1115
f 1046 1097 1099
f 1046 1099 1045
f 1045 1099 1101
f 1118 1120 1119
f 1119 1120 1121
f 1119 1121 1122
f 1119 1122 1123
f 1123 1122 1124
f 1123 1124 1125
f 1125 1124 1126
f 1125 1126 1127
f 1127 1126 1128
f 1127 1128 1129
f 1129 1128 1130
f 1129 1130 1131
f 1131 1130 1132
f 1131 1132 1133
f 1133 1132 1134
f 1135 1136 1118
f 1133 1138 1137
f 1133 1137 1139
f 1133 1139 1140
f 1133 1140 1131
f 1131 1140 1129
f 1129 1140 1141
f 1129 1141 1142
f 1129 1142 1127
f 1127 1142 1143
f 1127 1143 1125
f 1125 1143 1144
f 1125 1144 1123
f 1123 1144 1119
f 1119 1144 1145
f 1119 1145 1118
f 1118 1145 1135
f 1146 1148 1147
f 1147 1148 1149
f 1147 1149 1150
f 1147 1150 1151
f 1150 1152 1151
f 1152 1150 1153
f 1152 1153 1154
f 1154 1153 1155
f 1156 1154 1155
f 1156 1157 1154
f 1157 1156 1158
f 1159 1158 1156
f 1158 1159 1160
f 1161 1160 1159
f 1161 1162 1160
f 1162 1161 1163
f 1163 1164 1162
f 1164 1163 1165
f 1164 1165 1166
f 1166 1165 1167
f 1166 1167 1168
f 1168 1167 1169
f 1168 1169 1170
f 1171 1173 1172
f 1171 1172 1174
f 1174 1172 1175
f 1174 1175 1176
f 1176 1175 1177
f 1178 1180 1179
f 1173 1171 1181
f 1173 1181 1182
f 1182 1181 1180
f 1182 1180 1178
f 1183 1185 1184
f 1184 1185 1186
f 1184 1186 1187
f 1187 1186 1188
f 1187 1188 1189
f 1189 1188 1190
f 1189 1190 1191
f 1191 1190 1192
f 1191 1192 1193
f 1193 1192 1194
f 1193 1194 1195
f 1195 1194 1196
f 1196 1194 1197
f 1196 1197 1198
f 1199 1198 1200
f 1198 1199 1201
f 1198 1201 1196
f 1196 1201 1202
f 1196 1202 1195
f 1195 1202 1203
f 1195 1203 1193
f 1193 1203 1204
f 1193 1204 1191
f 1191 1204 1205
f 1191 1205 1189
f 1189 1205 1206
f 1189 1206 1187
f 1187 1206 1184
f 1184 1206 1207
f 1184 1207 1183
f 1183 1207 1208
f 1209 1210 1183
f 1209 1183 1208
f 1211 1213 1212
f 1212 1213 1214
f 1212 1214 1215
f 1215 1214 1216
f 1215 1216 1217
f 1215 1217 1218
f 1218 1217 1219
f 1219 1217 1220
f 1219 1220 1221
f 1219 1221 1222
f 1222 1221 1223
f 1222 1223 1224
f 1224 1223 1225
f 1225 1223 1226
f 1225 1226 1227
f 1227 1226 1228
f 1227 1228 1229
f 1229 1228 1230
f 1229 1230 1231
f 1231 1230 484
f 1231 1233 1232
f 1231 1232 1229
f 1229 1232 1234
f 1229 1234 1227
f 1227 1234 1235
f 1227 1235 1225
f 1225 1235 1236
f 1225 1236 1224
f 1224 1236 1237
f 1224 1237 1222
f 1222 1237 1238
f 1222 1238 1219
f 1219 1238 1239
f 1219 1239 1240
f 1219 1240 1218
f 1218 1240 1241
f 1218 1241 1215
f 1215 1241 1242
f 1215 1242 1212
f 1212 1242 1243
f 1212 1243 1211
f 1211 1243 1244
f 1245 1246 1211
f 1245 1211 1244
f 1233 1231 1247
f 1248 853 845
f 843 842 789
f 789 842 1248
f 789 1248 741
f 741 1248 845
f 921 920 503
f 503 920 473
f 1232 492 1249
f 481 1244 512
f 512 1244 1243
f 512 1243 1242
f 512 1242 514
f 514 1242 1241
f 1240 517 1241
f 1241 517 514
f 1239 1250 1240
f 1240 1250 517
f 1238 519 1239
f 1239 519 1250
f 1237 1251 1238
f 1238 1251 519
f 1236 506 1237
f 1237 506 1251
f 1236 1235 506
f 508 506 1235
f 1235 1234 508
f 1249 508 1234
f 1234 1232 1249
f 1201 488 511
f 501 1208 1207
f 1252 501 1207
f 1207 1206 523
f 523 1252 1207
f 1206 525 523
f 1205 525 1206
f 1204 1253 1205
f 1205 1253 525
f 1203 527 1204
f 1204 527 1253
f 1202 527 1203
f 1202 511 527
f 1202 1201 511
f 1139 747 748
f 755 1135 757
f 757 1135 1145
f 1145 1144 754
f 754 757 1145
f 1144 1254 754
f 1143 1254 1144
f 1143 753 1254
f 1142 753 1143
f 1141 756 1142
f 1142 756 753
f 1140 748 1141
f 1141 748 756
f 1140 1139 748
f 752 1255 749
f 749 1255 1256
f 749 1256 1180
f 749 1180 1257
f 749 1257 751
f 751 1257 1181
f 751 1181 783
f 783 1181 1258
f 783 1258 1259
f 1259 1258 1260
f 1259 1260 785
f 785 1260 1171
f 785 1171 779
f 1171 1261 779
f 779 1261 1262
f 1262 1261 1174
f 1262 1174 778
f 778 1174 1263
f 778 1263 781
f 781 1263 1264
f 781 1264 763
f 763 1264 1265
f 1266 1268 1267
f 1266 1245 1268
f 1245 1266 1246
f 1246 1266 1213
f 1246 1213 1211
f 1245 1244 481
f 495 1268 1245
f 1267 1268 495
f 479 495 1245
f 1245 481 479
f 1233 492 1232
f 542 1233 1247
f 1233 542 492
f 542 1247 1269
f 1247 1270 1269
f 1247 1272 1271
f 1271 1270 1247
f 1269 1270 1271
f 1231 484 1247
f 1247 484 1272
f 1199 488 1201
f 548 1199 1200
f 1199 548 488
f 1200 1273 548
f 1200 1274 1273
f 1275 1274 1200
f 1273 1274 1275
f 1197 1276 1198
f 1198 1276 1200
f 1275 1200 1276
f 1209 1208 501
f 1277 1278 1209
f 498 1277 1209
f 501 498 1209
f 1278 1277 1279
f 1279 1209 1278
f 1209 1279 1210
f 1279 545 1210
f 545 1185 1210
f 1210 1185 1183
f 795 1280 797
f 795 1136 1280
f 795 1281 1136
f 1136 1281 1118
f 1118 1281 1120
f 1282 1136 1135
f 1283 1280 1136
f 1283 797 1280
f 772 1283 1136
f 1282 772 1136
f 1282 755 772
f 755 1282 1135
f 1138 1285 1284
f 1138 1284 1286
f 1133 1134 1138
f 1134 1285 1138
f 1137 747 1139
f 1287 1137 1138
f 1137 1287 747
f 1286 1284 1287
f 1138 1286 1287
f 1288 1290 1289
f 1288 1291 1290
f 1148 1146 1288
f 1288 1146 1291
f 759 1289 1290
f 1179 752 759
f 752 1179 1255
f 759 1291 1179
f 1290 1291 759
f 1292 1294 1293
f 1294 1170 1169
f 1294 1292 1170
f 1295 763 1265
f 1292 1293 1295
f 1295 1265 1292
f 1120 796 1121
f 1121 796 815
f 1121 815 1122
f 1122 815 1124
f 1124 815 813
f 1124 813 1126
f 1126 813 1128
f 1128 813 810
f 1128 810 1130
f 1130 810 808
f 1130 808 1132
f 1132 808 1134
f 1134 808 792
f 795 796 1281
f 1281 796 1120
f 1134 792 1285
f 1285 792 1284
f 1284 792 791
f 797 1283 772
f 791 1287 1284
f 747 1287 791
f 754 1254 753
f 1213 494 1214
f 1214 494 540
f 1214 540 1216
f 1216 540 1217
f 1217 540 538
f 1217 538 1220
f 1220 538 1221
f 1221 538 536
f 1221 536 1223
f 1223 536 1226
f 1226 536 534
f 1226 534 532
f 1226 532 1228
f 1228 532 1230
f 1230 532 484
f 1267 493 1266
f 1266 493 494
f 1266 494 1213
f 484 482 1272
f 1272 482 1271
f 1271 482 1269
f 1269 482 542
f 495 493 1267
f 517 1250 519
f 519 1251 506
f 1249 492 508
f 1185 545 560
f 1185 560 1186
f 1186 560 1188
f 1188 560 558
f 1188 558 1190
f 1190 558 556
f 1190 556 1192
f 1192 556 553
f 1192 553 1194
f 1194 553 1197
f 1197 553 530
f 1277 546 544
f 1277 544 1279
f 1279 544 545
f 1197 530 1276
f 1276 530 1275
f 1275 530 531
f 1275 531 1273
f 546 1277 498
f 548 1273 531
f 523 501 1252
f 525 1253 527
f 1148 765 1149
f 1149 765 802
f 1149 802 1150
f 1150 802 804
f 1150 804 1153
f 1153 804 1155
f 1155 804 1156
f 1156 804 806
f 1156 806 1159
f 1159 806 1161
f 1161 806 798
f 1161 798 1163
f 1163 798 1165
f 1165 798 801
f 1165 801 1167
f 1167 801 1169
f 1169 801 793
f 1289 764 1288
f 1288 764 765
f 1288 765 1148
f 1169 793 1294
f 1294 793 790
f 1294 790 1293
f 764 1289 759
f 790 1295 1293
f 763 1295 790
f 783 1259 785
f 779 1262 778
f 1113 1111 1296
f 1113 1296 1116
f 1297 1096 1116
f 1296 1297 1116
f 1095 1096 1298
f 1299 1098 1095
f 1095 1298 1299
f 1100 1098 1300
f 1098 1299 1300
f 1301 1102 1100
f 1106 1105 1302
f 1302 1105 1303
f 1303 1105 1102
f 1303 1102 1304
f 1304 1102 1301
f 1305 1109 1106
f 1306 1111 1109
f 1305 1306 1109
f 1106 1302 1307
f 1308 1305 1106
f 1106 1307 1308
f 1308 1307 1309
f 1309 1310 1308
f 1311 1296 1312
f 1312 1296 1111
f 1312 1111 1306
f 1297 1313 1096
f 1096 1313 1314
f 1096 1314 1298
f 1313 1315 1314
f 1313 1316 1315
f 1300 644 1100
f 1100 644 642
f 1100 642 1301
f 1090 1088 1317
f 1317 1092 1090
f 1318 1071 1092
f 1317 1318 1092
f 1070 1071 1319
f 1320 1074 1070
f 1070 1319 1320
f 1074 1320 1321
f 1321 1075 1074
f 1077 1323 1322
f 1077 1075 1323
f 1077 1322 1324
f 1077 1324 1080
f 1325 1081 1080
f 1325 1080 1324
f 1086 1084 1326
f 1084 1081 1326
f 1326 1327 1086
f 1088 1086 1327
f 1328 1330 1329
f 1318 1329 1071
f 1071 1329 1330
f 1071 1330 1319
f 1329 1331 1328
f 1321 638 1075
f 1075 638 640
f 1075 640 1323
f 1081 1325 1332
f 1333 1326 1081
f 1081 1332 1333
f 1333 1332 1334
f 1333 1334 1335
f 1336 1317 1337
f 1337 1317 1088
f 1337 1088 1327
f 1297 1338 1313
f 1296 1338 1297
f 1296 1311 1338
f 1339 644 1300
f 1339 1299 1340
f 1299 1339 1300
f 1298 1314 1299
f 1299 1314 1340
f 1312 1306 1341
f 1341 1306 1305
f 1341 1305 1308
f 1303 1307 1302
f 1307 1303 1342
f 1342 1303 1304
f 1342 1304 637
f 642 637 1301
f 1301 637 1304
f 1318 1343 1329
f 1317 1343 1318
f 1317 1336 1343
f 1337 1327 1344
f 1344 1327 1326
f 1344 1326 1333
f 636 638 1321
f 1320 636 1321
f 1320 1330 636
f 1319 1330 1320
f 1324 1332 1325
f 1332 1324 1345
f 1345 1324 1322
f 1345 1322 1346
f 640 1346 1323
f 1323 1346 1322
f 1311 1316 1338
f 1338 1316 1313
f 1310 1341 1308
f 1310 1312 1341
f 1336 1331 1343
f 1343 1331 1329
f 1335 1344 1333
f 1335 1337 1344
f 1146 1179 1291
f 1178 1179 1146
f 1182 1347 1173
f 1348 1347 1182
f 1160 1173 1158
f 1347 1348 1154
f 1152 1348 1151
f 1349 1350 1166
f 1154 1348 1152
f 1151 1348 1182
f 1177 1175 1349
f 1349 1168 1170
f 1164 1350 1162
f 1175 1172 1350
f 1349 1166 1168
f 1164 1166 1350
f 1349 1175 1350
f 1350 1160 1162
f 1172 1160 1350
f 1173 1160 1172
f 1173 1157 1158
f 1173 1347 1157
f 1154 1157 1347
f 1182 1147 1151
f 1182 1178 1146
f 1182 1146 1147
f 1179 1180 1255
f 1177 1170 1292
f 1177 1349 1170
f 1258 1181 1260
f 1260 1181 1171
f 1261 1171 1174
f 1256 1255 1180
f 1257 1180 1181
f 1263 1174 1176
f 1264 1263 1176
f 1264 1176 1265
f 1265 1177 1292
f 1176 1177 1265
f 590 914 1351
f 590 1351 589
f 589 1351 588
f 588 1351 1062
f 852 1068 1352
f 852 1352 850
f 919 849 1352
f 1352 849 850
f 586 585 1063
f 586 1063 1064
f 1067 1066 816
f 816 1066 818
f 1014 974 971
f 1014 971 1015
f 1015 971 1016
f 1016 971 969
f 1016 969 1017
f 1017 969 968
f 1017 968 1018
f 1018 968 965
f 1018 965 1019
f 1019 965 1020
f 1020 965 973
f 1020 973 1021
f 1021 973 974
f 1021 974 1014
f 1033 958 1034
f 1034 958 956
f 1034 956 1035
f 1035 956 954
f 1035 954 1036
f 1036 954 1037
f 1037 954 960
f 1037 960 1038
f 1038 960 962
f 1038 962 1039
f 1039 962 1033
f 1033 962 958
f 816 819 786
f 786 819 787
f 819 821 787
f 821 823 787
f 787 823 775
f 823 825 775
f 825 827 775
f 775 827 776
f 827 829 776
f 829 831 776
f 776 831 773
f 831 833 773
f 833 835 773
f 773 835 774
f 835 837 774
f 837 839 774
f 774 839 788
f 839 841 788
f 788 841 789
f 841 843 789
f 786 1067 816
f 746 1068 786
f 786 1068 1067
f 767 919 1352
f 767 1352 746
f 746 1352 1068
f 914 915 758
f 758 915 770
f 915 917 770
f 917 918 770
f 919 767 918
f 918 767 770
f 750 1062 1351
f 750 1351 758
f 758 1351 914
f 782 1064 750
f 750 1064 1062
f 782 586 1064
f 462 461 745
f 461 562 745
f 562 564 745
f 745 564 762
f 564 566 762
f 566 568 762
f 762 568 780
f 568 570 780
f 780 570 777
f 570 572 777
f 572 574 777
f 777 574 784
f 574 576 784
f 576 578 784
f 784 578 760
f 578 580 760
f 580 582 760
f 760 582 761
f 582 584 761
f 586 782 584
f 584 782 761
f 469 975 467
f 988 975 469
f 988 659 998
f 998 659 660
f 976 998 739
f 976 739 737
f 988 469 659
f 998 660 739
f 963 964 476
f 963 476 472
f 673 475 671
f 671 475 669
f 669 475 474
f 669 474 667
f 667 474 666
f 666 474 662
f 662 474 476
f 662 476 661
f 659 469 657
f 657 469 468
f 657 468 625
f 625 468 651
f 651 468 470
f 651 470 653
f 653 470 471
f 653 471 645
f 645 471 502
f 645 502 643
f 643 502 733
f 733 502 554
f 733 554 731
f 731 554 729
f 729 554 555
f 729 555 727
f 727 555 725
f 725 555 557
f 725 557 723
f 723 557 720
f 720 557 559
f 720 559 718
f 718 559 717
f 717 559 543
f 717 543 715
f 715 543 713
f 713 543 711
f 711 543 489
f 711 489 709
f 709 489 708
f 708 489 706
f 706 489 704
f 704 489 483
f 704 483 702
f 702 483 699
f 699 483 485
f 699 485 698
f 698 485 696
f 696 485 694
f 694 485 533
f 694 533 692
f 692 533 690
f 690 533 535
f 690 535 689
f 689 535 686
f 686 535 537
f 686 537 684
f 684 537 681
f 681 537 539
f 681 539 679
f 679 539 677
f 677 539 541
f 677 541 675
f 675 541 673
f 673 541 475
f 738 739 660
f 648 742 743
f 648 743 650
f 650 743 628
f 628 743 738
f 628 738 658
f 658 738 660
f 744 735 663
f 663 735 664
f 664 735 665
f 665 735 736
f 665 736 668
f 668 736 670
f 670 736 672
f 672 736 799
f 672 799 674
f 674 799 676
f 676 799 678
f 678 799 800
f 678 800 680
f 680 800 682
f 682 800 683
f 683 800 807
f 683 807 685
f 685 807 687
f 687 807 688
f 688 807 805
f 688 805 691
f 691 805 693
f 693 805 803
f 693 803 695
f 695 803 697
f 697 803 766
f 697 766 700
f 700 766 701
f 701 766 771
f 701 771 703
f 703 771 705
f 705 771 707
f 707 771 768
f 707 768 710
f 710 768 769
f 710 769 712
f 712 769 714
f 714 769 809
f 714 809 716
f 716 809 719
f 719 809 811
f 719 811 721
f 721 811 722
f 722 811 812
f 722 812 724
f 724 812 726
f 726 812 728
f 728 812 814
f 728 814 730
f 730 814 732
f 732 814 794
f 732 794 734
f 734 794 639
f 639 794 646
f 646 794 742
f 646 742 648
f 744 957 740
f 955 957 744
f 476 964 661
f 744 663 955
f 955 663 964
f 964 663 661
f 656 1314 1315
f 656 1315 654
f 654 1315 655
f 655 1315 1316
f 655 1316 652
f 656 1340 1314
f 656 1339 1340
f 1339 656 644
f 1316 1311 626
f 652 1316 626
f 1312 623 1311
f 1311 623 626
f 1342 637 634
f 1342 634 1307
f 622 1312 1310
f 623 1312 622
f 1307 634 1309
f 622 1310 630
f 630 1310 632
f 632 1310 1309
f 632 1309 634
f 635 1330 1328
f 635 1328 633
f 633 1328 631
f 631 1328 1331
f 631 1331 621
f 1330 635 636
f 1331 624 621
f 1331 1336 624
f 1337 627 1336
f 1336 627 624
f 641 1345 1346
f 641 1346 640
f 1345 641 647
f 1345 647 1332
f 629 1337 1335
f 627 1337 629
f 1332 647 1334
f 629 1335 649
f 649 1335 1334
f 649 1334 647
f 466 465 467
f 466 467 896
f 896 467 975
f 896 975 976
f 896 976 847
f 847 976 737
f 737 846 847
f 741 846 737
f 846 741 845
f 963 897 592
f 963 592 957
f 593 957 592
f 897 963 472
f 473 897 472
f 897 473 920
f 458 456 593
f 740 593 456
f 957 593 740
f 1353 1355 1354
f 1355 1356 1354
f 1354 1356 1357
f 1354 1357 1358
f 1358 1357 1359
f 1358 1359 1360
f 1360 1359 1361
f 1359 1362 1361
f 1361 1362 1363
f 1361 1363 1364
f 1364 1363 1365
f 1364 1365 1366
f 1366 1365 1367
f 1366 1367 1368
f 1366 1368 1353
f 1353 1368 1355
f 1366 1361 1364
f 1360 1361 1366
f 1366 1358 1360
f 1366 1354 1358
f 1366 1353 1354
f 1369 1371 1370
f 1369 1370 1372
f 1372 1370 1373
f 1372 1373 1374
f 1374 1373 1375
f 1374 1375 1376
f 1376 1375 1377
f 1376 1377 1378
f 1378 1377 1379
f 1378 1379 1380
f 1380 1379 1381
f 1381 1379 1382
f 1381 1382 1383
f 1383 1382 1384
f 1383 1384 1385
f 1385 1384 1371
f 1385 1371 1369
f 1369 1383 1385
f 1369 1381 1383
f 1369 1380 1381
f 1369 1378 1380
f 1369 1376 1378
f 1369 1374 1376
f 1369 1372 1374
f 1371 984 1370
f 1370 984 994
f 1370 994 1373
f 1373 994 1375
f 1375 994 985
f 1375 985 1377
f 1377 985 980
f 1377 980 1379
f 1379 980 995
f 1379 995 1382
f 1382 995 1384
f 1384 995 984
f 1384 984 1371
f 1355 967 1356
f 1356 967 961
f 1356 961 1357
f 1357 961 959
f 1357 959 1359
f 1359 959 1362
f 1362 959 966
f 1362 966 1363
f 1363 966 970
f 1363 970 1365
f 1365 970 972
f 1365 972 1367
f 1367 972 1368
f 1368 972 1355
f 1355 972 967
f 1066 1065 1386
f 1248 842 1387
f 1387 842 840
f 1387 840 1388
f 1388 840 838
f 1388 838 1389
f 1390 826 824
f 1390 824 1391
f 1391 824 822
f 1391 822 1392
f 1392 822 820
f 1392 820 1393
f 1393 820 817
f 1393 817 1386
f 1386 817 818
f 1386 818 1066
f 826 1390 1394
f 826 1394 828
f 828 1394 1395
f 828 1395 830
f 830 1395 1396
f 830 1396 832
f 832 1396 1397
f 832 1397 834
f 834 1397 1398
f 834 1398 836
f 836 1398 1399
f 836 1399 838
f 838 1399 1389
f 1387 853 1248
f 1387 854 853
f 1388 854 1387
f 1388 856 854
f 1389 856 1388
f 1389 858 856
f 1399 858 1389
f 1399 860 858
f 1398 860 1399
f 1398 862 860
f 1397 862 1398
f 1397 864 862
f 864 1397 1396
f 864 1396 866
f 866 1396 1395
f 866 1395 868
f 868 1395 1394
f 868 1394 870
f 870 1394 1390
f 870 1390 872
f 872 1390 1391
f 872 1391 874
f 874 1391 1392
f 874 1392 876
f 876 1392 1393
f 876 1393 878
f 878 1393 1386
f 878 1386 851
f 851 1386 1065
f 460 457 1400
f 460 1400 561
f 561 1400 1401
f 561 1401 563
f 575 1402 577
f 577 1402 1403
f 577 1403 579
f 579 1403 1404
f 579 1404 581
f 581 1404 1405
f 581 1405 583
f 583 1405 1406
f 583 1406 1061
f 583 1061 585
f 563 1401 1407
f 563 1407 565
f 565 1407 1408
f 565 1408 567
f 567 1408 1409
f 567 1409 569
f 569 1409 1410
f 569 1410 571
f 571 1410 1411
f 571 1411 573
f 573 1411 1412
f 573 1412 575
f 575 1412 1402
f 1063 585 1061
f 1061 595 594
f 1406 595 1061
f 1406 597 595
f 1405 597 1406
f 1405 599 597
f 1404 599 1405
f 1404 601 599
f 1403 601 1404
f 1403 603 601
f 1402 603 1403
f 1402 605 603
f 1412 605 1402
f 1412 607 605
f 1411 607 1412
f 1411 609 607
f 1410 609 1411
f 609 1410 612
f 612 1410 1409
f 612 1409 614
f 614 1409 1408
f 614 1408 616
f 616 1408 1407
f 616 1407 618
f 618 1407 1401
f 618 1401 620
f 620 1401 1400
f 620 1400 459
f 459 1400 457
f 463 464 552
f 464 953 552
f 552 953 551
f 953 952 551
f 551 952 550
f 952 951 550
f 550 951 549
f 951 950 549
f 549 950 547
f 950 949 547
f 547 949 948
f 547 948 487
f 487 948 486
f 486 948 947
f 486 947 510
f 510 947 946
f 510 946 528
f 528 946 945
f 528 945 526
f 526 945 944
f 526 944 524
f 524 944 943
f 524 943 522
f 943 942 522
f 522 942 521
f 942 941 521
f 521 941 500
f 941 940 500
f 500 940 499
f 940 939 499
f 499 939 529
f 939 938 529
f 529 938 497
f 938 937 497
f 497 937 936
f 497 936 491
f 491 936 935
f 491 935 490
f 490 935 934
f 490 934 509
f 509 934 933
f 509 933 507
f 507 933 932
f 507 932 505
f 932 931 505
f 505 931 504
f 931 930 504
f 504 930 520
f 930 929 520
f 520 929 518
f 929 928 518
f 518 928 516
f 928 927 516
f 516 927 515
f 515 927 513
f 513 927 926
f 513 926 925
f 513 925 480
f 480 925 924
f 480 924 478
f 478 924 923
f 478 923 477
f 477 923 922
f 477 922 496
f 496 922 921
f 921 503 496
f 1413 1415 1414
f 1414 1415 1416
f 1417 1418 1414
f 1414 1418 1419
f 1414 1419 1413
f 1420 1422 1421
f 1421 1422 1423
f 1422 1425 1424
f 1422 1426 1425
f 1427 1429 1428
f 1430 1429 1427
f 1431 1429 1430
f 1422 1424 1432
f 1432 1424 1433
f 1434 1436 1435
f 1436 1434 1437
f 1427 1439 1438
f 1440 1442 1441
f 1442 1443 1441
f 1427 1444 1439
f 1445 1447 1446
f 1446 1447 1448
f 1442 1449 1439
f 1439 1449 1438
f 1442 1440 1449
f 1437 1434 1450
f 1446 1448 1451
f 1452 1454 1453
f 1453 1454 1455
f 1455 1454 1456
f 1455 1456 1457
f 1457 1456 1458
f 1458 1456 1459
f 1434 1460 1450
f 1450 1460 1461
f 1461 1460 1462
f 1462 1460 1463
f 1462 1463 1464
f 1464 1463 1465
f 1464 1465 1466
f 1466 1465 1445
f 1445 1465 1447
f 1441 1443 1467
f 1467 1443 1468
f 1467 1468 1469
f 1469 1468 1470
f 1469 1470 1471
f 1471 1470 1472
f 1471 1472 1473
f 1473 1472 1474
f 1473 1474 1475
f 1475 1474 1452
f 1452 1474 1454
f 1435 1477 1476
f 1436 1478 1435
f 1435 1478 1477
f 1459 1480 1479
f 1458 1459 1476
f 1428 1444 1427
f 1426 1482 1481
f 1483 1485 1484
f 1476 1479 1435
f 1422 1486 1482
f 1481 1482 1487
f 1488 1459 1489
f 1488 1489 1483
f 1459 1479 1476
f 1483 1484 1490
f 1428 1491 1444
f 1422 1482 1426
f 1492 1480 1493
f 1493 1480 1459
f 1459 1488 1493
f 1481 1487 1494
f 1481 1494 1495
f 1495 1494 1496
f 1496 1494 1497
f 1496 1497 1498
f 1498 1497 1499
f 1498 1499 1500
f 1500 1499 1501
f 1500 1501 1493
f 1493 1501 1492
f 1502 1504 1503
f 1503 1504 1505
f 1503 1505 1448
f 1448 1505 1451
f 1422 1420 1506
f 1490 1484 1507
f 1490 1507 1508
f 1508 1507 1509
f 1508 1509 1510
f 1510 1509 1511
f 1510 1511 1512
f 1512 1511 1513
f 1512 1513 1514
f 1514 1513 1515
f 1491 1428 1515
f 1515 1428 1516
f 1515 1516 1514
f 1503 1517 1502
f 1483 1489 1485
f 1506 1517 1422
f 1422 1517 1503
f 1422 1503 1486
f 1418 1417 1518
f 1418 1518 1519
f 1519 1518 1520
f 1519 1520 1521
f 1521 1520 1522
f 1521 1522 1523
f 1523 1522 1524
f 1523 1524 1525
f 1525 1524 1526
f 1525 1526 1527
f 1527 1526 1528
f 1527 1528 1529
f 1529 1528 1530
f 1529 1530 1531
f 1531 1530 1532
f 1531 1532 1533
f 1533 1532 1534
f 1533 1534 1535
f 1535 1534 1536
f 1535 1536 1537
f 1537 1536 1538
f 1537 1538 1539
f 1539 1538 1540
f 1539 1540 1541
f 1541 1540 1542
f 1541 1542 1543
f 1544 1546 1545
f 1547 1546 1544
f 1548 1550 1549
f 1548 1415 1550
f 1545 1551 1544
f 1551 1552 1544
f 1544 1552 1553
f 1552 1554 1553
f 1553 1554 1555
f 1554 1556 1555
f 1555 1556 1557
f 1556 1558 1557
f 1557 1558 1559
f 1558 1560 1559
f 1559 1560 1561
f 1560 1562 1561
f 1561 1562 1563
f 1562 1564 1563
f 1563 1564 1565
f 1564 1566 1565
f 1565 1566 1567
f 1567 1566 1568
f 1566 1569 1568
f 1568 1569 1570
f 1569 1571 1570
f 1570 1571 1572
f 1571 1573 1572
f 1572 1573 1574
f 1573 1575 1574
f 1574 1575 1576
f 1575 1577 1576
f 1576 1577 1548
f 1416 1415 1548
f 1416 1548 1577
f 1578 1580 1579
f 1580 1578 1581
f 1580 1581 1582
f 1580 1582 1583
f 1584 1585 1581
f 1584 1586 1585
f 1578 1579 1587
f 1578 1587 1588
f 1588 1587 1589
f 1588 1589 1590
f 1590 1589 1591
f 1590 1591 1592
f 1592 1591 1593
f 1593 1591 1594
f 1595 1593 1594
f 1596 1598 1597
f 1596 1597 1595
f 1595 1594 1599
f 1595 1599 1596
f 1599 1601 1600
f 1601 1602 1600
f 1603 1598 1596
f 1603 1604 1598
f 1604 1603 1605
f 1604 1605 1606
f 1606 1605 1607
f 1606 1607 1586
f 1585 1586 1607
f 1608 1609 1582
f 1582 1609 1583
f 1602 1611 1610
f 1610 1611 1612
f 1610 1612 1608
f 1608 1612 1609
f 1602 1613 1611
f 1602 1601 1613
f 1581 1585 1582
f 1582 1585 1614
f 1614 1585 1615
f 1614 1615 1616
f 1616 1615 1617
f 1618 1620 1619
f 1619 1620 1621
f 1619 1621 1622
f 1619 1622 1623
f 1623 1622 1624
f 1624 1622 1625
f 1624 1625 1626
f 1626 1625 1627
f 1626 1627 1628
f 1628 1627 1629
f 1628 1629 1630
f 1630 1629 1631
f 1630 1631 1632
f 1632 1631 1633
f 1632 1633 1634
f 1634 1633 1635
f 1634 1635 1636
f 1636 1635 1637
f 1636 1637 1638
f 1638 1637 1639
f 1638 1639 1640
f 1638 1640 1641
f 1641 1640 1642
f 1641 1642 1643
f 1643 1642 1644
f 1643 1644 1645
f 1643 1645 1646
f 1646 1645 1647
f 1647 1645 1648
f 1647 1648 1649
f 1649 1648 1650
f 1649 1650 1651
f 1651 1650 1652
f 1651 1652 1653
f 1653 1652 1654
f 1653 1654 1655
f 1655 1654 1656
f 1656 1654 1657
f 1656 1657 1658
f 1656 1658 1659
f 1659 1658 1660
f 1659 1660 1661
f 1661 1660 1662
f 1661 1662 1663
f 1663 1662 1664
f 1663 1664 1665
f 1665 1664 1666
f 1666 1664 1667
f 1666 1667 1668
f 1668 1667 1669
f 1668 1669 1670
f 1670 1669 1671
f 1670 1671 1672
f 1672 1671 1673
f 1672 1673 1674
f 1674 1673 1675
f 1675 1673 1676
f 1675 1676 1677
f 1677 1676 1678
f 1677 1678 1679
f 1677 1679 1680
f 1680 1679 1681
f 1680 1681 1682
f 1682 1681 1683
f 1682 1683 1684
f 1684 1683 1685
f 1684 1685 1686
f 1686 1685 1687
f 1686 1687 1688
f 1688 1687 1689
f 1688 1689 1690
f 1690 1689 1691
f 1690 1691 1596
f 1690 1596 1600
f 1600 1596 1599
f 1692 1694 1693
f 1413 1696 1695
f 1695 1696 1697
f 1413 1698 1696
f 1699 1701 1700
f 1692 1693 1699
f 1699 1693 1701
f 1702 1704 1703
f 1705 1707 1706
f 1705 1706 1708
f 1413 1710 1709
f 1704 1712 1711
f 1713 1715 1714
f 1703 1716 1702
f 1706 1717 1708
f 1718 1720 1719
f 1719 1720 1721
f 1719 1722 1718
f 1723 1725 1724
f 1723 1726 1725
f 1727 1716 1703
f 1728 1703 1711
f 1717 1727 1703
f 1724 1725 1729
f 1729 1725 1730
f 1413 1709 1698
f 1704 1711 1703
f 1717 1706 1727
f 1699 1729 1731
f 1712 1704 1732
f 1712 1732 1733
f 1733 1732 1734
f 1733 1734 1735
f 1735 1734 1736
f 1737 1731 1729
f 1719 1738 1722
f 1722 1738 1739
f 1726 1723 1740
f 1741 1743 1742
f 1741 1742 1744
f 1744 1742 1709
f 1709 1742 1698
f 1413 1715 1710
f 1729 1730 1737
f 1735 1736 1745
f 1735 1745 1746
f 1746 1745 1747
f 1746 1747 1713
f 1713 1747 1715
f 1748 1750 1749
f 1699 1751 1729
f 1739 1752 1722
f 1722 1752 1753
f 1753 1752 1740
f 1740 1752 1726
f 1707 1705 1754
f 1754 1705 1755
f 1754 1755 1756
f 1756 1755 1757
f 1756 1757 1758
f 1758 1757 1759
f 1758 1759 1741
f 1741 1759 1743
f 1714 1413 1419
f 1700 1751 1699
f 1714 1715 1413
f 1721 1760 1719
f 1749 1750 1700
f 1700 1750 1751
f 1761 1763 1762
f 1708 1717 1764
f 1764 1717 1765
f 1764 1765 1761
f 1761 1765 1766
f 1761 1766 1763
f 1719 1760 1766
f 1766 1760 1763
f 1761 1762 1767
f 1767 1762 1768
f 1767 1768 1769
f 1769 1768 1770
f 1770 1768 1771
f 1770 1771 1772
f 1772 1771 1773
f 1772 1773 1749
f 1749 1773 1748
f 1774 1776 1775
f 1774 1775 1777
f 1777 1775 1778
f 1777 1778 1779
f 1779 1778 1780
f 1779 1780 1781
f 1781 1780 1782
f 1781 1782 1783
f 1783 1782 1784
f 1783 1784 1785
f 1785 1784 1786
f 1785 1786 1787
f 1787 1786 1788
f 1787 1788 1789
f 1789 1788 1790
f 1789 1790 1791
f 1791 1790 1792
f 1791 1792 1793
f 1793 1792 1794
f 1793 1794 1795
f 1795 1794 1796
f 1795 1796 1797
f 1797 1796 1798
f 1797 1798 1799
f 1799 1798 1800
f 1799 1800 1801
f 1802 1804 1803
f 1805 1804 1802
f 1806 1808 1807
f 1809 1810 1806
f 1806 1810 1808
f 1802 1803 1811
f 1811 1812 1802
f 1802 1812 1813
f 1812 1814 1813
f 1813 1814 1815
f 1814 1816 1815
f 1815 1816 1817
f 1816 1818 1817
f 1817 1818 1819
f 1818 1820 1819
f 1819 1820 1821
f 1820 1822 1821
f 1821 1822 1823
f 1822 1824 1823
f 1823 1824 1825
f 1824 1826 1825
f 1825 1826 1827
f 1826 1828 1827
f 1827 1828 1829
f 1828 1830 1829
f 1829 1830 1831
f 1830 1832 1831
f 1831 1832 1833
f 1832 1834 1833
f 1833 1834 1835
f 1834 1836 1835
f 1835 1836 1837
f 1837 1836 1806
f 1836 1809 1806
f 1807 1838 1806
f 1806 1838 1839
f 1806 1839 1837
f 1837 1839 1840
f 1837 1840 1835
f 1835 1840 1841
f 1835 1841 1833
f 1833 1841 1842
f 1833 1842 1831
f 1831 1842 1843
f 1831 1843 1829
f 1829 1843 1844
f 1829 1844 1827
f 1827 1844 1845
f 1827 1845 1825
f 1825 1845 1846
f 1825 1846 1823
f 1823 1846 1847
f 1823 1847 1821
f 1821 1847 1848
f 1821 1848 1819
f 1819 1848 1849
f 1819 1849 1817
f 1817 1849 1850
f 1817 1850 1815
f 1815 1850 1851
f 1815 1851 1813
f 1813 1851 1852
f 1813 1852 1802
f 1802 1852 1853
f 1802 1853 1805
f 1805 1853 1854
f 1549 1855 1548
f 1548 1855 1856
f 1548 1856 1576
f 1576 1856 1857
f 1576 1857 1574
f 1574 1857 1858
f 1574 1858 1572
f 1572 1858 1859
f 1572 1859 1570
f 1570 1859 1860
f 1570 1860 1568
f 1568 1860 1861
f 1568 1861 1567
f 1567 1861 1862
f 1567 1862 1565
f 1565 1862 1863
f 1565 1863 1563
f 1563 1863 1864
f 1563 1864 1561
f 1561 1864 1865
f 1561 1865 1559
f 1559 1865 1866
f 1559 1866 1557
f 1557 1866 1867
f 1557 1867 1555
f 1555 1867 1868
f 1555 1868 1553
f 1553 1868 1869
f 1553 1869 1544
f 1544 1869 1870
f 1544 1870 1547
f 1547 1870 1871
f 1872 1547 1871
f 1871 1873 1872
f 1874 1873 1871
f 1874 1875 1873
f 1875 1874 1876
f 1876 1874 1838
f 1876 1838 1807
f 1876 1807 1877
f 1856 1855 1878
f 1853 1423 1854
f 1856 1878 1879
f 1879 1880 1856
f 1856 1880 1857
f 1880 1881 1857
f 1857 1881 1858
f 1881 1882 1858
f 1858 1882 1859
f 1882 1883 1859
f 1859 1883 1860
f 1883 1884 1860
f 1860 1884 1861
f 1884 1885 1861
f 1861 1885 1862
f 1885 1886 1862
f 1862 1886 1863
f 1886 1887 1863
f 1863 1887 1864
f 1887 1888 1864
f 1864 1888 1865
f 1888 1889 1865
f 1865 1889 1866
f 1889 1890 1866
f 1866 1890 1867
f 1890 1891 1867
f 1867 1891 1868
f 1891 1892 1868
f 1868 1892 1869
f 1892 1893 1869
f 1869 1893 1870
f 1893 1894 1870
f 1870 1894 1871
f 1894 1895 1871
f 1871 1895 1874
f 1895 1896 1874
f 1874 1896 1838
f 1896 1897 1838
f 1838 1897 1839
f 1897 1898 1839
f 1839 1898 1840
f 1898 1899 1840
f 1840 1899 1841
f 1899 1900 1841
f 1841 1900 1842
f 1900 1901 1842
f 1842 1901 1843
f 1901 1902 1843
f 1843 1902 1844
f 1902 1903 1844
f 1844 1903 1845
f 1903 1904 1845
f 1845 1904 1846
f 1904 1905 1846
f 1846 1905 1847
f 1905 1906 1847
f 1847 1906 1848
f 1848 1906 1849
f 1906 1907 1849
f 1907 1908 1849
f 1849 1908 1850
f 1908 1909 1850
f 1850 1909 1851
f 1909 1910 1851
f 1851 1910 1852
f 1910 1911 1852
f 1852 1911 1853
f 1421 1423 1853
f 1421 1853 1911
f 1912 1914 1913
f 1915 1917 1916
f 1914 1918 1913
f 1913 1918 1919
f 1917 1920 1916
f 1917 1921 1920
f 1922 1924 1923
f 1923 1912 1913
f 1925 1926 1912
f 1927 1924 1922
f 1924 1915 1923
f 1916 1923 1915
f 1916 1925 1923
f 1923 1925 1912
f 1928 1929 1921
f 1921 1917 1928
f 1918 1930 1919
f 1928 1927 1922
f 1919 1928 1922
f 1926 1925 1931
f 1919 1930 1931
f 1931 1930 1926
f 1929 1928 1919
f 1929 1919 1931
f 1932 1934 1933
f 1932 1933 1935
f 1936 1938 1937
f 1934 1932 1937
f 1932 1935 1939
f 1939 1935 1940
f 1938 1941 1937
f 1942 1943 1941
f 1942 1941 1938
f 1937 1941 1944
f 1943 1942 1945
f 1946 1936 1937
f 1934 1937 1944
f 1934 1944 1947
f 1940 1948 1939
f 1939 1948 1949
f 1950 1951 1939
f 1952 1953 1951
f 1952 1954 1953
f 1937 1954 1946
f 1955 1957 1956
f 1953 1954 1937
f 1958 1957 1955
f 1944 1958 1947
f 1943 1945 1959
f 1943 1959 1960
f 1939 1951 1953
f 1958 1944 1957
f 1955 1956 1961
f 1956 1960 1959
f 1956 1959 1950
f 1956 1950 1939
f 1939 1949 1961
f 1939 1961 1956
f 1962 1964 1963
f 1964 1965 1963
f 1965 1966 1963
f 1966 1967 1963
f 1967 1968 1963
f 1963 1968 1969
f 1969 1970 1963
f 1970 1971 1963
f 1963 1971 1962
f 1964 1962 1972
f 1972 1973 1964
f 1964 1973 1965
f 1965 1973 1974
f 1965 1974 1966
f 1966 1974 1967
f 1974 1975 1967
f 1967 1975 1968
f 1975 1976 1968
f 1968 1976 1969
f 1969 1976 1970
f 1976 1977 1970
f 1970 1977 1971
f 1977 1978 1971
f 1971 1978 1962
f 1962 1978 1979
f 1962 1979 1972
f 1980 1982 1981
f 1982 1983 1981
f 1983 1984 1981
f 1984 1985 1981
f 1985 1986 1981
f 1986 1987 1981
f 1987 1988 1981
f 1988 1989 1981
f 1989 1990 1981
f 1990 1980 1981
f 1980 1991 1982
f 1982 1991 1992
f 1982 1992 1983
f 1983 1992 1984
f 1984 1992 1993
f 1984 1993 1985
f 1993 1994 1985
f 1985 1994 1995
f 1985 1995 1986
f 1986 1995 1996
f 1986 1996 1987
f 1987 1996 1988
f 1996 1997 1988
f 1988 1997 1989
f 1989 1997 1998
f 1989 1998 1990
f 1990 1998 1991
f 1990 1991 1980
f 1999 1951 1950
f 1999 1950 2000
f 2000 1950 1959
f 2000 1959 2001
f 2001 1959 1945
f 2001 1945 2002
f 2002 1945 1942
f 2002 1942 2003
f 2003 1942 1938
f 2003 1938 2004
f 2004 1938 1936
f 2004 1936 2005
f 2005 1936 2006
f 2006 1936 1946
f 2006 1946 1954
f 2006 1954 2007
f 2007 1954 1952
f 2007 1952 2008
f 2008 1952 1951
f 2008 1951 1999
f 2009 1949 2010
f 2010 1949 1948
f 2010 1948 2011
f 2011 1948 1940
f 2011 1940 2012
f 2012 1940 1935
f 2012 1935 2013
f 2013 1935 1933
f 2013 1933 2014
f 2014 1933 1934
f 2014 1934 2015
f 2015 1934 1947
f 2015 1947 2016
f 2016 1947 2017
f 2017 1947 1958
f 2017 1958 2018
f 2018 1958 1955
f 2018 1955 2019
f 2019 1955 1961
f 2019 1961 2009
f 2009 1961 1949
f 1551 1545 2020
f 2020 1545 2021
f 2020 2021 2022
f 2022 2021 2023
f 1810 1809 2024
f 2025 2026 2024
f 2024 2026 2027
f 2024 2027 1810
f 2028 2030 2029
f 2028 2029 2031
f 2031 2029 2032
f 2032 2029 2033
f 2032 2033 2034
f 2032 2034 2035
f 2035 2034 2036
f 2035 2036 2037
f 2037 2036 2038
f 2038 2036 2039
f 2038 2039 2040
f 2038 2040 2041
f 2041 2040 2042
f 2042 2040 2043
f 2042 2043 2044
f 2044 2043 2045
f 2044 2045 2046
f 2046 2045 2047
f 2046 2047 2048
f 2048 2047 2049
f 2048 2049 2050
f 2050 2049 2051
f 2050 2051 2052
f 2052 2051 2030
f 2052 2030 2028
f 2009 2048 2019
f 2019 2048 2050
f 2013 2038 2012
f 2018 2052 2028
f 2018 2028 2017
f 2010 2046 2009
f 2009 2046 2048
f 2012 2038 2041
f 2012 2041 2011
f 2011 2041 2042
f 2011 2042 2044
f 2011 2044 2010
f 2010 2044 2046
f 2017 2028 2016
f 2019 2050 2052
f 2019 2052 2018
f 2013 2037 2038
f 2014 2035 2013
f 2013 2035 2037
f 2028 2031 2016
f 2016 2031 2032
f 2016 2032 2015
f 2015 2032 2035
f 2015 2035 2014
f 2053 2055 2054
f 2053 2054 2056
f 2056 2054 2057
f 2056 2057 2058
f 2058 2057 2059
f 2058 2059 2060
f 2060 2059 2061
f 2060 2061 2062
f 2062 2061 2063
f 2063 2061 2064
f 2063 2064 2065
f 2063 2065 2066
f 2066 2065 2067
f 2067 2065 2068
f 2067 2068 2069
f 2069 2068 2070
f 2069 2070 2071
f 2071 2070 2072
f 2071 2072 2073
f 2073 2072 2074
f 2074 2072 2075
f 2074 2075 2076
f 2076 2075 2055
f 2076 2055 2053
f 2002 2063 2001
f 2007 2076 2053
f 2007 2053 2006
f 2069 2071 1999
f 1999 2071 2008
f 2008 2071 2073
f 2001 2063 2066
f 2001 2066 2000
f 2000 2066 2067
f 2000 2067 2069
f 2000 2069 1999
f 2008 2073 2074
f 2008 2074 2007
f 2003 2062 2002
f 2002 2062 2063
f 2005 2056 2058
f 2005 2058 2004
f 2007 2074 2076
f 2004 2060 2003
f 2003 2060 2062
f 2053 2056 2006
f 2006 2056 2005
f 2004 2058 2060
f 2077 2079 2078
f 2078 2079 2080
f 2078 2080 2081
f 2078 2081 2082
f 2082 2081 2083
f 2082 2083 2084
f 2084 2083 2085
f 2084 2085 2086
f 2086 2085 2087
f 2086 2087 2088
f 2088 2087 2089
f 2088 2089 2090
f 2090 2089 2091
f 2090 2091 2092
f 2092 2091 2093
f 2094 2095 2077
f 2092 2097 2096
f 2092 2099 2098
f 2092 2098 2100
f 2092 2100 2090
f 2090 2100 2101
f 2090 2101 2088
f 2088 2101 2102
f 2088 2102 2086
f 2086 2102 2103
f 2086 2103 2084
f 2084 2103 2104
f 2084 2104 2082
f 2082 2104 2078
f 2078 2104 2105
f 2078 2105 2077
f 2077 2105 2094
f 2099 2092 2096
f 2106 2108 2107
f 2107 2108 2109
f 2107 2109 2110
f 2110 2111 2107
f 2111 2110 2112
f 2112 2110 2113
f 2112 2113 2114
f 2114 2113 2115
f 2116 2114 2115
f 2116 2117 2114
f 2118 2119 2116
f 2116 2119 2117
f 2119 2118 2120
f 2121 2120 2118
f 2121 2122 2120
f 2122 2121 2123
f 2123 2124 2122
f 2124 2123 2125
f 2124 2125 2126
f 2126 2125 2127
f 2126 2127 2128
f 2128 2127 2129
f 2128 2129 2130
f 2131 2133 2132
f 2131 2132 2134
f 2131 2134 2135
f 2135 2134 2136
f 2136 2137 2135
f 2138 2140 2139
f 2133 2131 2141
f 2133 2141 2142
f 2142 2141 2140
f 2142 2140 2138
f 2143 1492 2144
f 2144 1492 2145
f 2144 2145 2146
f 2146 2145 2147
f 2146 2147 2148
f 2148 2147 2149
f 2148 2149 2150
f 2150 2149 2151
f 2150 2151 2152
f 2152 2151 2153
f 2152 2153 2154
f 2154 2153 2155
f 2155 2153 1487
f 2155 1487 2156
f 2143 2158 2157
f 2159 2156 2160
f 2156 2159 2161
f 2156 2161 2155
f 2155 2161 2162
f 2155 2162 2154
f 2154 2162 2163
f 2154 2163 2152
f 2152 2163 2164
f 2152 2164 2150
f 2150 2164 2165
f 2150 2165 2148
f 2148 2165 2166
f 2148 2166 2146
f 2146 2166 2144
f 2144 2166 2167
f 2144 2167 2143
f 2143 2167 2158
f 2168 2170 2169
f 2169 2170 2171
f 2169 2171 2172
f 2172 2171 2173
f 2172 2173 2174
f 2174 2173 2175
f 2174 2175 2176
f 2176 2175 2177
f 2176 2177 2178
f 2178 2177 2179
f 2178 2179 2180
f 2180 2179 2181
f 2180 2181 2182
f 2182 2181 2183
f 2183 2181 2184
f 2183 2184 2185
f 2185 2184 2186
f 2185 2186 2187
f 2187 2186 2188
f 2187 2188 2189
f 2189 2188 2190
f 2189 2192 2191
f 2189 2191 2187
f 2187 2191 2193
f 2187 2193 2185
f 2185 2193 2194
f 2185 2194 2183
f 2183 2194 2195
f 2183 2195 2182
f 2182 2195 2196
f 2182 2196 2180
f 2180 2196 2197
f 2180 2197 2178
f 2178 2197 2198
f 2178 2198 2199
f 2178 2199 2176
f 2176 2199 2200
f 2176 2200 2174
f 2174 2200 2172
f 2172 2200 2201
f 2172 2201 2202
f 2172 2202 2169
f 2169 2202 2168
f 2168 2202 2203
f 2168 2203 2204
f 2168 2204 2205
f 2192 2189 2206
f 2207 1811 1803
f 1801 1800 1731
f 1731 1800 2207
f 1731 2207 1699
f 1699 2207 1803
f 1879 1878 1438
f 1438 1878 1427
f 2191 1459 2208
f 1443 2203 1468
f 1468 2203 2202
f 1468 2202 2201
f 1468 2201 1470
f 1470 2201 2200
f 2199 1472 2200
f 2200 1472 1470
f 2198 2209 2199
f 2199 2209 1472
f 2197 1474 2198
f 2198 1474 2209
f 2196 2210 2197
f 2197 2210 1474
f 2195 1454 2196
f 2196 1454 2210
f 2195 2194 1454
f 1456 1454 2194
f 2194 2193 1456
f 2208 1456 2193
f 2193 2191 2208
f 2161 1448 1447
f 1434 2158 2167
f 2211 1434 2167
f 2167 2166 1460
f 1460 2211 2167
f 2166 1463 1460
f 2165 1463 2166
f 2164 2212 2165
f 2165 2212 1463
f 2163 1465 2164
f 2164 1465 2212
f 2162 1465 2163
f 2162 1447 1465
f 2162 2161 1447
f 2098 1721 1720
f 1724 2094 1723
f 1723 2094 2105
f 2105 2104 1740
f 1740 1723 2105
f 2104 1753 1740
f 2103 1753 2104
f 2103 1722 1753
f 2102 1722 2103
f 2101 1718 2102
f 2102 1718 1722
f 2100 1718 2101
f 2100 1720 1718
f 2100 2098 1720
f 1716 2213 1702
f 1702 2213 2214
f 1702 2214 2215
f 1702 2215 1704
f 1704 2215 2216
f 1704 2216 1732
f 1732 2216 2141
f 1732 2141 2217
f 2217 2141 2218
f 2217 2218 1734
f 1734 2218 2219
f 1734 2219 1736
f 1736 2219 2220
f 1736 2220 2221
f 2221 2220 2222
f 2221 2222 1745
f 1745 2222 2135
f 1745 2135 1747
f 1747 2135 2223
f 1747 2223 1715
f 1715 2223 2224
f 2225 2227 2226
f 2225 2204 2227
f 2204 2225 2205
f 2205 2225 2170
f 2205 2170 2168
f 2204 2203 1443
f 1439 2227 2204
f 2226 2227 1439
f 1442 1439 2204
f 2204 1443 1442
f 2192 1459 2191
f 1489 2192 2206
f 2192 1489 1459
f 1489 2206 2228
f 2206 2229 2228
f 2206 2230 1485
f 1485 2229 2206
f 2228 2229 1485
f 2189 2190 2206
f 2206 2190 2230
f 2159 1448 2161
f 1503 2159 2160
f 2159 1503 1448
f 2160 1486 1503
f 2160 2231 1486
f 2232 2231 2160
f 1486 2231 2232
f 1487 2233 2156
f 2156 2233 2160
f 2232 2160 2233
f 2157 2158 1434
f 1479 2234 2157
f 2235 2234 1479
f 1435 1479 2157
f 1434 1435 2157
f 2236 2157 2235
f 2235 2157 2234
f 2157 2236 2143
f 2236 1492 2143
f 1750 2238 2237
f 1750 2095 2238
f 1750 2239 2095
f 2095 2239 2077
f 2077 2239 2079
f 1724 2095 2094
f 2237 2238 2095
f 1729 2237 2095
f 1724 1729 2095
f 2096 2241 2240
f 2240 2241 2242
f 2092 2093 2097
f 2093 2241 2097
f 2097 2241 2096
f 2099 1721 2098
f 2099 1760 1721
f 1760 2099 2096
f 1760 2096 2242
f 2096 2240 2242
f 2243 2245 2244
f 2108 2106 2243
f 2243 2106 2245
f 1716 1727 2213
f 2139 2213 1727
f 2244 2139 1727
f 2245 2139 2244
f 2246 2248 2247
f 2248 2130 2129
f 2248 2246 2130
f 2249 1715 2224
f 2246 2247 2249
f 2249 2137 2246
f 2224 2137 2249
f 2079 1748 2080
f 2080 1748 1773
f 2080 1773 2081
f 2081 1773 2083
f 2083 1773 1771
f 2083 1771 2085
f 2085 1771 2087
f 2087 1771 1768
f 2087 1768 2089
f 2089 1768 2091
f 2091 1768 1762
f 2091 1762 2093
f 2237 1751 1750
f 2239 1750 1748
f 2239 1748 2079
f 2093 1762 2241
f 2241 1762 1763
f 2241 1763 2242
f 1751 2237 1729
f 1763 1760 2242
f 2170 1491 2171
f 2171 1491 1515
f 2171 1515 2173
f 2173 1515 2175
f 2175 1515 1513
f 2175 1513 2177
f 2177 1513 2179
f 2179 1513 1511
f 2179 1511 2181
f 2181 1511 2184
f 2184 1511 1509
f 2184 1509 1507
f 2184 1507 2186
f 2186 1507 2188
f 2188 1507 2190
f 2190 1507 1484
f 2226 1444 2225
f 2225 1444 1491
f 2225 1491 2170
f 2190 1484 2230
f 2230 1484 1485
f 1439 1444 2226
f 1489 2228 1485
f 1472 2209 1474
f 1474 2210 1454
f 2208 1459 1456
f 2145 1492 1501
f 2145 1501 2147
f 2147 1501 1499
f 2147 1499 2149
f 2149 1499 1497
f 2149 1497 2151
f 2151 1497 1494
f 2151 1494 2153
f 2153 1494 1487
f 2235 1479 1480
f 2235 1480 2236
f 2236 1480 1492
f 2233 1487 1482
f 2233 1482 2232
f 2232 1482 1486
f 1460 1434 2211
f 1463 2212 1465
f 2108 1707 2109
f 2109 1707 1754
f 2109 1754 2110
f 2110 1754 1756
f 2110 1756 2113
f 2113 1756 2115
f 2115 1756 2116
f 2116 1756 1758
f 2116 1758 2118
f 2118 1758 2121
f 2121 1758 1741
f 2121 1741 2123
f 2123 1741 2125
f 2125 1741 1744
f 2125 1744 2127
f 2127 1744 2129
f 2129 1744 1709
f 2244 1706 2243
f 2243 1706 1707
f 2243 1707 2108
f 2129 1709 2248
f 2248 1709 1710
f 2248 1710 2247
f 1706 2244 1727
f 1710 2249 2247
f 1710 1715 2249
f 1732 2217 1734
f 1736 2221 1745
f 2072 2070 2250
f 2251 2055 2075
f 2072 2250 2075
f 2075 2250 2251
f 2054 2055 2252
f 2253 2057 2054
f 2054 2252 2253
f 2059 2057 2254
f 2057 2253 2254
f 2065 2064 2255
f 2255 2064 2256
f 2256 2064 2061
f 2256 2061 2257
f 2258 2061 2059
f 2257 2061 2258
f 2259 2068 2260
f 2068 2259 2070
f 2260 2068 2065
f 2065 2255 2261
f 2260 2065 2262
f 2262 2065 2261
f 2262 2261 2263
f 2262 2263 2264
f 2265 2250 2266
f 2266 2250 2070
f 2266 2070 2259
f 2251 2267 2055
f 2055 2267 2268
f 2055 2268 2252
f 2269 2270 2267
f 2267 2270 2268
f 2254 1601 2059
f 2059 1601 1599
f 2059 1599 2258
f 2271 2051 2272
f 2272 2049 2047
f 2271 2030 2051
f 2272 2051 2049
f 2029 2030 2273
f 2274 2033 2029
f 2029 2273 2274
f 2275 2034 2033
f 2033 2274 2275
f 2036 2034 2276
f 2277 2040 2039
f 2278 2036 2276
f 2036 2278 2279
f 2036 2279 2039
f 2039 2279 2277
f 2043 2040 2280
f 2045 2043 2280
f 2280 2281 2045
f 2047 2045 2281
f 2271 2282 2030
f 2030 2282 2283
f 2030 2283 2273
f 2284 2285 2282
f 2282 2285 2283
f 2275 1595 2034
f 2034 1595 1597
f 2034 1597 2276
f 2040 2277 2286
f 2287 2280 2040
f 2040 2286 2287
f 2287 2286 2288
f 2288 2289 2287
f 2281 2290 2047
f 2047 2290 2291
f 2047 2291 2272
f 2251 2292 2267
f 2250 2292 2251
f 2250 2265 2292
f 2293 1601 2254
f 2293 2253 2294
f 2253 2293 2254
f 2252 2268 2253
f 2253 2268 2294
f 2266 2259 2295
f 2295 2259 2260
f 2295 2260 2262
f 2256 2261 2255
f 2261 2256 2296
f 2296 2256 2257
f 2296 2257 1594
f 1599 1594 2258
f 2258 1594 2257
f 2271 2297 2282
f 2272 2297 2271
f 2272 2291 2297
f 2290 2281 2298
f 2298 2281 2280
f 2298 2280 2287
f 1593 1595 2275
f 2274 1593 2275
f 2274 2283 1593
f 2273 2283 2274
f 2279 2286 2277
f 2286 2279 2299
f 2299 2279 2278
f 2299 2278 2300
f 1597 2300 2276
f 2276 2300 2278
f 2265 2269 2292
f 2292 2269 2267
f 2264 2295 2262
f 2264 2266 2295
f 2291 2284 2297
f 2297 2284 2282
f 2289 2298 2287
f 2289 2290 2298
f 2106 2138 2139
f 2245 2106 2139
f 2301 2134 2126
f 2114 2142 2112
f 2302 2111 2142
f 2133 2142 2114
f 2124 2132 2122
f 2130 2301 2128
f 2301 2130 2136
f 2301 2126 2128
f 2124 2126 2134
f 2134 2301 2136
f 2134 2132 2124
f 2132 2120 2122
f 2119 2120 2132
f 2132 2133 2119
f 2114 2117 2133
f 2133 2117 2119
f 2111 2112 2142
f 2111 2302 2107
f 2142 2138 2302
f 2302 2138 2106
f 2302 2106 2107
f 2139 2140 2213
f 2137 2130 2246
f 2137 2136 2130
f 2219 2218 2131
f 2222 2220 2131
f 2219 2131 2220
f 2214 2213 2140
f 2214 2140 2215
f 2215 2140 2216
f 2218 2141 2131
f 2131 2135 2222
f 2223 2135 2224
f 2216 2140 2141
f 2137 2224 2135
f 1547 1872 2303
f 1547 2303 1546
f 1546 2303 1545
f 1545 2303 2021
f 1810 2027 2304
f 1810 2304 1808
f 1877 1807 2304
f 2304 1807 1808
f 1543 1542 2022
f 1543 2022 2023
f 2026 2025 1774
f 1774 2025 1776
f 1972 1928 1973
f 1973 1928 1917
f 1973 1917 1974
f 1974 1917 1975
f 1975 1917 1915
f 1975 1915 1976
f 1976 1915 1924
f 1976 1924 1977
f 1977 1924 1978
f 1978 1924 1927
f 1978 1927 1979
f 1979 1927 1928
f 1979 1928 1972
f 1991 1930 1992
f 1992 1930 1918
f 1992 1918 1993
f 1993 1918 1914
f 1993 1914 1994
f 1994 1914 1995
f 1995 1914 1912
f 1995 1912 1996
f 1996 1912 1926
f 1996 1926 1997
f 1997 1926 1998
f 1998 1926 1991
f 1991 1926 1930
f 1774 1777 1738
f 1738 1777 1739
f 1777 1779 1739
f 1779 1781 1739
f 1739 1781 1752
f 1781 1783 1752
f 1783 1785 1752
f 1752 1785 1726
f 1785 1787 1726
f 1787 1789 1726
f 1726 1789 1725
f 1789 1791 1725
f 1791 1793 1725
f 1725 1793 1730
f 1793 1795 1730
f 1795 1797 1730
f 1730 1797 1737
f 1797 1799 1737
f 1737 1799 1731
f 1799 1801 1731
f 1738 2026 1774
f 1719 2027 1738
f 1738 2027 2026
f 1766 1877 2304
f 1766 2304 1719
f 1719 2304 2027
f 1872 1873 1717
f 1717 1873 1765
f 1873 1875 1765
f 1875 1876 1765
f 1877 1766 1876
f 1876 1766 1765
f 1703 2021 2303
f 1703 2303 1717
f 1717 2303 1872
f 1728 2023 1703
f 1703 2023 2021
f 1728 1543 2023
f 1419 1418 1714
f 1418 1519 1714
f 1519 1521 1714
f 1714 1521 1713
f 1521 1523 1713
f 1523 1525 1713
f 1713 1525 1746
f 1525 1527 1746
f 1746 1527 1735
f 1527 1529 1735
f 1529 1531 1735
f 1735 1531 1733
f 1531 1533 1733
f 1533 1535 1733
f 1733 1535 1712
f 1535 1537 1712
f 1537 1539 1712
f 1712 1539 1711
f 1539 1541 1711
f 1543 1728 1541
f 1541 1728 1711
f 1433 1937 1432
f 1953 1937 1433
f 1953 1616 1939
f 1939 1616 1617
f 1932 1939 1694
f 1932 1694 1692
f 1953 1433 1616
f 1939 1617 1694
f 1922 1923 1431
f 1922 1431 1430
f 1630 1428 1628
f 1628 1428 1626
f 1626 1428 1429
f 1626 1429 1624
f 1624 1429 1623
f 1623 1429 1619
f 1619 1429 1431
f 1619 1431 1618
f 1616 1433 1614
f 1614 1433 1424
f 1614 1424 1582
f 1582 1424 1608
f 1608 1424 1425
f 1608 1425 1610
f 1610 1425 1426
f 1610 1426 1602
f 1602 1426 1600
f 1600 1426 1481
f 1600 1481 1690
f 1690 1481 1495
f 1690 1495 1688
f 1688 1495 1686
f 1686 1495 1496
f 1686 1496 1684
f 1684 1496 1682
f 1682 1496 1498
f 1682 1498 1680
f 1680 1498 1677
f 1677 1498 1500
f 1677 1500 1675
f 1675 1500 1674
f 1674 1500 1493
f 1674 1493 1672
f 1672 1493 1670
f 1670 1493 1668
f 1668 1493 1488
f 1668 1488 1666
f 1666 1488 1665
f 1665 1488 1663
f 1663 1488 1661
f 1661 1488 1483
f 1661 1483 1659
f 1659 1483 1656
f 1656 1483 1490
f 1656 1490 1655
f 1655 1490 1653
f 1653 1490 1651
f 1651 1490 1508
f 1651 1508 1649
f 1649 1508 1647
f 1647 1508 1510
f 1647 1510 1646
f 1646 1510 1643
f 1643 1510 1512
f 1643 1512 1641
f 1641 1512 1638
f 1638 1512 1514
f 1638 1514 1636
f 1636 1514 1634
f 1634 1514 1516
f 1634 1516 1632
f 1632 1516 1630
f 1630 1516 1428
f 1693 1694 1617
f 1605 1700 1701
f 1605 1701 1607
f 1607 1701 1585
f 1585 1701 1693
f 1585 1693 1615
f 1615 1693 1617
f 1620 1697 1621
f 1621 1697 1622
f 1622 1697 1696
f 1622 1696 1625
f 1625 1696 1698
f 1625 1698 1627
f 1627 1698 1629
f 1629 1698 1742
f 1629 1742 1631
f 1631 1742 1633
f 1633 1742 1635
f 1635 1742 1743
f 1635 1743 1637
f 1637 1743 1759
f 1637 1759 1639
f 1639 1759 1640
f 1640 1759 1642
f 1642 1759 1757
f 1642 1757 1644
f 1644 1757 1645
f 1645 1757 1648
f 1648 1757 1650
f 1650 1757 1755
f 1650 1755 1652
f 1652 1755 1654
f 1654 1755 1705
f 1654 1705 1657
f 1657 1705 1658
f 1658 1705 1708
f 1658 1708 1660
f 1660 1708 1662
f 1662 1708 1764
f 1662 1764 1664
f 1664 1764 1667
f 1667 1764 1761
f 1667 1761 1669
f 1669 1761 1671
f 1671 1761 1767
f 1671 1767 1673
f 1673 1767 1676
f 1676 1767 1769
f 1676 1769 1678
f 1678 1769 1679
f 1679 1769 1770
f 1679 1770 1681
f 1681 1770 1683
f 1683 1770 1685
f 1685 1770 1772
f 1685 1772 1687
f 1687 1772 1689
f 1689 1772 1749
f 1689 1749 1691
f 1691 1749 1596
f 1596 1749 1603
f 1603 1749 1700
f 1603 1700 1605
f 1697 1919 1695
f 1913 1919 1697
f 1431 1923 1618
f 1697 1620 1913
f 1913 1620 1923
f 1923 1620 1618
f 1613 2268 2270
f 1613 2270 1611
f 1611 2270 1612
f 1612 2270 2269
f 1612 2269 1609
f 1613 2294 2268
f 1613 2293 2294
f 2293 1613 1601
f 2269 2265 1583
f 1609 2269 1583
f 2266 1580 2265
f 2265 1580 1583
f 2296 1594 1591
f 2296 1591 2261
f 1579 2266 2264
f 1580 2266 1579
f 2261 1591 2263
f 1579 2264 1587
f 1587 2264 1589
f 1589 2264 2263
f 1589 2263 1591
f 1592 2283 2285
f 1592 2285 1590
f 1590 2285 1588
f 1588 2285 2284
f 1588 2284 1578
f 2283 1592 1593
f 2284 1581 1578
f 2284 2291 1581
f 2290 1584 2291
f 2291 1584 1581
f 1598 2299 2300
f 1598 2300 1597
f 2299 1598 1604
f 2299 1604 2286
f 1586 2290 2289
f 1584 2290 1586
f 2288 2286 1604
f 1586 2289 1606
f 1606 2289 2288
f 1606 2288 1604
f 1423 1422 1432
f 1423 1432 1854
f 1854 1432 1937
f 1854 1937 1932
f 1854 1932 1805
f 1805 1932 1692
f 1692 1804 1805
f 1699 1804 1692
f 1804 1699 1803
f 1922 1855 1549
f 1922 1549 1919
f 1550 1919 1549
f 1855 1922 1430
f 1427 1855 1430
f 1855 1427 1878
f 1415 1413 1550
f 1695 1550 1413
f 1919 1550 1695
f 2305 2307 2306
f 2307 2308 2306
f 2306 2308 2309
f 2306 2309 2310
f 2310 2309 2311
f 2310 2311 2312
f 2312 2311 2313
f 2311 2314 2313
f 2313 2314 2315
f 2313 2315 2316
f 2316 2315 2317
f 2316 2317 2318
f 2318 2317 2319
f 2318 2319 2320
f 2318 2320 2305
f 2305 2320 2307
f 2318 2305 2310
f 2310 2316 2318
f 2310 2313 2316
f 2312 2313 2310
f 2310 2305 2306
f 2321 2323 2322
f 2322 2323 2324
f 2322 2324 2325
f 2325 2324 2326
f 2325 2326 2327
f 2327 2326 2328
f 2327 2328 2329
f 2329 2328 2330
f 2329 2330 2331
f 2331 2330 2332
f 2331 2332 2333
f 2333 2332 2334
f 2333 2334 2335
f 2335 2334 2336
f 2335 2336 2337
f 2337 2336 2321
f 2321 2336 2323
f 2335 2337 2321
f 2321 2333 2335
f 2321 2331 2333
f 2321 2329 2331
f 2321 2327 2329
f 2321 2325 2327
f 2321 2322 2325
f 2323 1956 2324
f 2324 1956 1957
f 2324 1957 2326
f 2326 1957 2328
f 2328 1957 1944
f 2328 1944 2330
f 2330 1944 1941
f 2330 1941 2332
f 2332 1941 1943
f 2332 1943 2334
f 2334 1943 1960
f 2334 1960 2336
f 2336 1960 1956
f 2336 1956 2323
f 2307 1931 2308
f 2308 1931 2309
f 2309 1931 1925
f 2309 1925 2311
f 2311 1925 2314
f 2314 1925 1916
f 2314 1916 2315
f 2315 1916 2317
f 2317 1916 1920
f 2317 1920 2319
f 2319 1920 1921
f 2319 1921 2320
f 2320 1921 1929
f 2320 1929 2307
f 2307 1929 1931
f 2025 2024 2338
f 1796 2340 2339
f 1796 2339 1798
f 1798 2339 2341
f 1798 2341 1800
f 1800 2341 2207
f 1784 2342 1786
f 1786 2342 2343
f 1786 2343 1788
f 1788 2343 2344
f 1788 2344 1790
f 1790 2344 2345
f 1790 2345 1792
f 1792 2345 2346
f 1792 2346 1794
f 1794 2346 2347
f 1794 2347 1796
f 1796 2347 2340
f 1776 2025 2338
f 1776 2338 1775
f 1775 2338 2348
f 1775 2348 1778
f 1778 2348 2349
f 1778 2349 1780
f 1780 2349 2350
f 1780 2350 1782
f 1782 2350 2351
f 1782 2351 1784
f 1784 2351 2342
f 1811 2207 2341
f 2341 1812 1811
f 2339 1812 2341
f 2339 1814 1812
f 2340 1814 2339
f 2340 1816 1814
f 2347 1816 2340
f 2347 1818 1816
f 2346 1818 2347
f 2346 1820 1818
f 2345 1820 2346
f 2345 1822 1820
f 1822 2345 2344
f 1822 2344 1824
f 1824 2344 2343
f 1824 2343 1826
f 1826 2343 2342
f 1826 2342 1828
f 1828 2342 2351
f 1828 2351 1830
f 1830 2351 2350
f 1830 2350 1832
f 1832 2350 2349
f 1832 2349 1834
f 1834 2349 2348
f 1834 2348 1836
f 1836 2348 2338
f 1836 2338 1809
f 1809 2338 2024
f 1417 1414 2352
f 1417 2352 1518
f 1518 2352 2353
f 1518 2353 1520
f 2022 1542 2020
f 1532 2354 1534
f 1534 2354 2355
f 1534 2355 1536
f 1536 2355 2356
f 1536 2356 1538
f 1538 2356 2357
f 1538 2357 1540
f 1540 2357 2358
f 1540 2358 2020
f 1540 2020 1542
f 1520 2353 2359
f 1520 2359 1522
f 1522 2359 2360
f 1522 2360 1524
f 1524 2360 2361
f 1524 2361 1526
f 1526 2361 2362
f 1526 2362 1528
f 1528 2362 2363
f 1528 2363 1530
f 1530 2363 2364
f 1530 2364 1532
f 1532 2364 2354
f 2020 1552 1551
f 2358 1552 2020
f 2358 1554 1552
f 2357 1554 2358
f 2357 1556 1554
f 2356 1556 2357
f 2356 1558 1556
f 2355 1558 2356
f 2355 1560 1558
f 2354 1560 2355
f 2354 1562 1560
f 2364 1562 2354
f 2364 1564 1562
f 2363 1564 2364
f 2363 1566 1564
f 2362 1566 2363
f 1566 2362 1569
f 1569 2362 2361
f 1569 2361 1571
f 1571 2361 2360
f 1571 2360 1573
f 1573 2360 2359
f 1573 2359 1575
f 1575 2359 2353
f 1575 2353 1577
f 1577 2353 2352
f 1577 2352 1416
f 1416 2352 1414
f 1420 1421 1506
f 1421 1911 1506
f 1506 1911 1517
f 1911 1910 1517
f 1517 1910 1502
f 1910 1909 1502
f 1502 1909 1504
f 1909 1908 1504
f 1504 1908 1505
f 1908 1907 1505
f 1505 1907 1906
f 1505 1906 1451
f 1451 1906 1446
f 1446 1906 1905
f 1446 1905 1445
f 1445 1905 1904
f 1445 1904 1466
f 1466 1904 1903
f 1466 1903 1464
f 1464 1903 1902
f 1464 1902 1462
f 1462 1902 1901
f 1462 1901 1461
f 1901 1900 1461
f 1461 1900 1450
f 1900 1899 1450
f 1450 1899 1437
f 1899 1898 1437
f 1437 1898 1436
f 1898 1897 1436
f 1436 1897 1478
f 1897 1896 1478
f 1478 1896 1477
f 1896 1895 1477
f 1477 1895 1894
f 1477 1894 1476
f 1476 1894 1893
f 1476 1893 1458
f 1458 1893 1892
f 1458 1892 1457
f 1457 1892 1891
f 1457 1891 1455
f 1455 1891 1890
f 1455 1890 1453
f 1890 1889 1453
f 1453 1889 1452
f 1889 1888 1452
f 1452 1888 1475
f 1888 1887 1475
f 1475 1887 1473
f 1887 1886 1473
f 1473 1886 1471
f 1886 1885 1471
f 1471 1885 1469
f 1469 1885 1884
f 1469 1884 1883
f 1469 1883 1467
f 1467 1883 1882
f 1467 1882 1441
f 1441 1882 1881
f 1441 1881 1440
f 1440 1881 1880
f 1440 1880 1449
f 1449 1880 1879
f 1449 1879 1438

