v -0.26477617 -0.11978655 -0.20690918
v -0.26780078 -0.11769926 -0.20667474
v -0.26696759 -0.11837403 -0.19709229
v -0.26397541 -0.12026375 -0.22232167
v -0.24168630 -0.13367985 -0.19956453
v -0.24976763 -0.12882437 -0.21975482
v -0.26554534 -0.11930843 -0.21312281
v -0.26845580 -0.11596841 -0.18701573
v -0.26620835 -0.11888993 -0.18376423
v -0.26850531 -0.11549823 -0.19366610
v -0.26565179 -0.11924151 -0.16667421
v -0.26838988 -0.11634577 -0.18025473
v -0.26825669 -0.11704706 -0.15968861
v -0.26495886 -0.11967576 -0.13193429
v -0.26795116 -0.11750190 -0.13884921
v -0.26777411 -0.11776325 -0.11787368
v -0.26855975 -0.11401267 -0.13879232
v -0.26854566 -0.11439950 -0.11080719
v -0.26737243 -0.11807049 -0.04022561
v -0.26451075 -0.11994755 0.14537279
v -0.26732197 -0.11810901 0.07023790
v -0.26852918 -0.11483783 0.08451612
v -0.26853666 -0.11462809 -0.20345594
v -0.26856276 -0.11385042 -0.20978692
v -0.26826352 -0.11693049 -0.21290974
v -0.26858869 -0.11028783 -0.14570989
v -0.26857349 -0.11210685 -0.22226144
v -0.26858675 -0.11120180 0.15252520
v -0.26853341 -0.11472112 -0.07205307
v -0.26858982 -0.04495734 -0.21991509
v -0.26858890 -0.09290853 -0.22126889
v -0.26858607 -0.08620299 -0.22175479
v -0.26858971 -0.09947731 -0.22068295
v -0.26704472 -0.09621238 -0.22349192
v -0.26671439 -0.09293607 -0.22349374
v -0.26858231 -0.07604089 -0.22238579
v -0.26858607 -0.08620299 -0.22175479
v -0.26601613 -0.08288752 -0.22349644
v -0.26583588 -0.07950326 -0.22349638
v -0.26858231 -0.07604089 -0.22238579
v -0.26858890 -0.09290853 -0.22126889
v -0.26671439 -0.09293607 -0.22349374
v -0.26704472 -0.09621238 -0.22349192
v -0.26521999 -0.10905977 -0.22349618
v -0.25113043 0.06381257 -0.22349264
v -0.26854548 -0.06232046 -0.22299655
v -0.26845694 -0.04844732 -0.22339135
v -0.26854548 -0.06232046 -0.22299655
v -0.26497191 -0.05195623 -0.22349626
v -0.26845694 -0.04844732 -0.22339135
v -0.26813701 -0.03100243 -0.22344448
v -0.26858979 -0.02400482 -0.22015961
v -0.26796642 -0.00295424 -0.22347283
v -0.26813701 -0.03100243 -0.22344448
v -0.26796642 -0.00295424 -0.22347283
v -0.26858857 0.11050645 -0.15212385
v -0.26858979 0.01455581 -0.22017170
v -0.26858982 0.03552027 -0.21994966
v -0.25681531 -0.12458410 -0.22109745
v -0.25686714 -0.12314057 -0.22347993
v -0.26058856 -0.12215561 -0.22328444
v -0.25362363 -0.12650424 -0.22205266
v -0.25321776 -0.12407697 -0.22349146
v -0.26058856 -0.12215561 -0.22328444
v -0.25686714 -0.12314057 -0.22347993
v -0.26350531 -0.11801979 -0.22348821
v -0.26397541 -0.12026375 -0.22232167
v -0.25036889 -0.12838569 -0.22307247
v -0.24646427 -0.13081180 -0.22054036
v -0.24665704 -0.12957439 -0.22347605
v -0.24240774 -0.13324976 -0.21414523
v -0.24310248 -0.13283186 -0.22138041
v -0.24646427 -0.13081180 -0.22054036
v -0.24310248 -0.13283186 -0.22138041
v -0.24283360 -0.13051131 -0.22349423
v -0.24665704 -0.12957439 -0.22347605
v -0.23948517 -0.13464265 -0.22224225
v -0.23898670 -0.13141121 -0.22349752
v -0.24283360 -0.13051131 -0.22349423
v -0.23898670 -0.13141121 -0.22349752
v -0.23504218 -0.13196784 -0.22350085
v -0.23535173 -0.13499436 -0.22228205
v -0.23504218 -0.13196784 -0.22350085
v -0.23841462 -0.13495840 -0.20345825
v -0.23795608 -0.13496815 -0.19265604
v -0.24097228 -0.13409983 -0.17828026
v -0.23701517 -0.13498813 -0.16080938
v -0.23970582 -0.13474102 -0.04062806
v -0.23528278 -0.13499787 -0.21855560
v -0.24284944 -0.13298635 -0.05478008
v -0.23625606 -0.13499646 0.09152900
v -0.25105506 -0.11417587 -0.22348313
v -0.26531944 -0.06581473 -0.22349627
v -0.22347890 -0.13499969 -0.22188449
v -0.23108919 -0.13223913 -0.22350536
v -0.22329506 -0.13255437 -0.22351448
v -0.23108919 -0.13223913 -0.22350536
v -0.23287325 -0.13499993 0.15609001
v -0.11584250 -0.13499951 -0.22138013
v -0.20419663 -0.13289435 -0.22353695
v -0.22329506 -0.13255437 -0.22351448
v -0.17442419 -0.13499986 -0.22155835
v -0.18920782 -0.13300030 -0.22355461
v -0.20419663 -0.13289435 -0.22353695
v -0.14859268 -0.13291875 -0.22360258
v -0.18920782 -0.13300030 -0.22355461
v -0.15959978 -0.13301280 -0.22358955
v -0.15959978 -0.13301280 -0.22358955
v -0.15230612 -0.13499978 -0.22173032
v -0.14859268 -0.13291875 -0.22360258
v -0.13264355 -0.09510782 -0.22363324
v -0.13039123 -0.13297227 -0.22365469
v -0.12684420 -0.13499959 -0.22232400
v -0.13039123 -0.13297227 -0.22365469
v -0.12894793 -0.09527118 -0.22365890
v -0.12629031 -0.12358653 -0.22379430
v -0.11989775 -0.13499002 -0.22350805
v -0.12685350 -0.13308442 -0.22386353
v -0.12347745 -0.13338248 -0.22453320
v -0.11990023 -0.13094230 -0.22596410
v -0.12294373 -0.12722173 -0.22455606
v -0.12347745 -0.13338248 -0.22453320
v -0.12031633 -0.13392034 -0.22583596
v -0.11738024 -0.13482048 -0.22761500
v -0.11697523 -0.13168877 -0.22805978
v -0.11926113 -0.12095217 -0.22645386
v -0.12256292 -0.12054244 -0.22477397
v -0.12629031 -0.12358653 -0.22379430
v -0.12569197 -0.10981398 -0.22391455
v -0.12569197 -0.10981398 -0.22391455
v -0.11404742 -0.13499512 -0.22896418
v -0.12031633 -0.13392034 -0.22583596
v -0.12527122 -0.09544189 -0.22401278
v -0.12527122 -0.09544189 -0.22401278
v -0.12144358 -0.07714362 -0.22530654
v -0.11806935 -0.05475720 -0.22728294
v -0.11529068 -0.05855973 -0.22962554
v -0.11436372 -0.13247241 -0.23052229
v -0.12478988 -0.06960809 -0.22412577
v -0.12117942 -0.05096005 -0.22543201
v -0.12843417 0.05398487 -0.22369386
v -0.12478988 -0.06960809 -0.22412577
v -0.12462086 -0.05466628 -0.22416496
v -0.12462086 -0.05466628 -0.22416496
v -0.12441937 -0.00210215 -0.22421438
v -0.12441937 -0.00210215 -0.22421438
v -0.10599807 -0.13102287 -0.23870189
v -0.10295077 -0.12783068 -0.24168278
v -0.11175206 -0.13340692 -0.23307213
v -0.10322034 -0.13158846 -0.24141391
v -0.10599807 -0.13102287 -0.23870189
v -0.10525522 -0.13366739 -0.23699895
v -0.10180231 -0.13286896 -0.23854987
v -0.10322034 -0.13158846 -0.24141391
v -0.10890457 -0.13432828 -0.23560268
v -0.10525522 -0.13366739 -0.23699895
v -0.09996702 -0.13175575 -0.24366020
v -0.10014307 -0.12824789 -0.24442933
v -0.09836587 -0.13205667 -0.24017391
v -0.09996702 -0.13175575 -0.24366020
v -0.09637266 -0.13094556 -0.24513572
v -0.09731814 -0.12863287 -0.24719422
v -0.08513468 -0.11389119 -0.25911397
v -0.09126589 -0.12569048 -0.25317439
v -0.11436372 -0.13247241 -0.23052229
v -0.11063212 -0.13496830 -0.23047803
v -0.11175206 -0.13340692 -0.23307213
v -0.11404742 -0.13499512 -0.22896418
v -0.11174107 -0.13497010 -0.21903111
v -0.11738024 -0.13482048 -0.22761500
v -0.10890457 -0.13432828 -0.23560268
v -0.10720927 -0.13469380 -0.23211011
v -0.10026183 -0.13316053 -0.23510098
v -0.10801105 -0.13426745 -0.21648258
v -0.10819647 -0.13459179 -0.22011976
v -0.10872527 -0.13495192 -0.22368893
v -0.10593954 -0.13486943 -0.22858591
v -0.10479886 -0.13373569 -0.22132955
v -0.10514134 -0.13463952 -0.22498959
v -0.10245141 -0.13413683 -0.23002209
v -0.10180412 -0.13351183 -0.22631113
v -0.10793907 -0.13417874 -0.21290345
v -0.09785973 -0.13095862 -0.21575898
v -0.09805059 -0.13107312 -0.21971147
v -0.09903905 -0.13320991 -0.23140061
v -0.09681459 -0.13235877 -0.23657602
v -0.09508351 -0.13022235 -0.22474585
v -0.09221383 -0.12962982 -0.22988245
v -0.11266433 -0.13497747 -0.11919856
v -0.10867912 -0.13440423 -0.13743316
v -0.11338851 -0.13498729 -0.08661164
v -0.11045571 -0.13483906 -0.04679007
v -0.11432468 -0.13499652 -0.01048869
v -0.11125466 -0.13492623 0.26347330
v -0.10756939 -0.13405874 0.05812031
v -0.10719930 -0.13394152 -0.02872031
v -0.07962986 -0.12649518 -0.25611040
v -0.08101648 -0.12597726 -0.26058015
v -0.08518492 -0.12670708 -0.25909936
v -0.08347144 -0.12731664 -0.25490707
v -0.08199546 -0.12767127 -0.25076556
v -0.07837776 -0.12673579 -0.25169605
v -0.07494254 -0.12504724 -0.25198841
v -0.07555305 -0.12550238 -0.25649914
v -0.07652481 -0.12484216 -0.26072872
v -0.07739481 -0.12213711 -0.26348570
v -0.08184447 -0.12234619 -0.26246294
v -0.08101648 -0.12597726 -0.26058015
v -0.08184447 -0.12234619 -0.26246294
v -0.08502361 -0.12228948 -0.25933626
v -0.08518492 -0.12670708 -0.25909936
v -0.08561718 -0.12849805 -0.24956131
v -0.08710649 -0.12814896 -0.25337514
v -0.09079981 -0.12897983 -0.25189036
v -0.08924598 -0.12931260 -0.24820086
v -0.08437800 -0.12842897 -0.24545047
v -0.08107946 -0.12706427 -0.24640131
v -0.08776541 -0.12961149 -0.24433564
v -0.07782176 -0.12560821 -0.24709640
v -0.08832019 -0.12614487 -0.25611749
v -0.08710649 -0.12814896 -0.25337514
v -0.08832019 -0.12614487 -0.25611749
v -0.09079981 -0.12897983 -0.25189036
v -0.08060775 -0.12593131 -0.24192245
v -0.08688797 -0.12889419 -0.24019922
v -0.07733943 -0.12466060 -0.24239612
v -0.07456280 -0.12404278 -0.24730380
v -0.07189840 -0.12363246 -0.25602168
v -0.07243484 -0.12333870 -0.26014441
v -0.07297526 -0.12171470 -0.26348528
v -0.09264302 -0.13049032 -0.23397468
v -0.09340782 -0.13139701 -0.23793058
v -0.08907428 -0.12831739 -0.23081186
v -0.08637483 -0.12784012 -0.23594388
v -0.09130125 -0.13045129 -0.24304889
v -0.08002518 -0.12531365 -0.23738740
v -0.07065748 -0.12226135 -0.24259828
v -0.07618298 -0.12402622 -0.23328897
v -0.04598003 -0.11436786 -0.25942704
v -0.08199696 -0.11804914 -0.26225567
v -0.07739481 -0.12213711 -0.26348570
v -0.07830065 -0.11384811 -0.26344970
v -0.07297526 -0.12171470 -0.26348528
v -0.06952629 -0.11729002 -0.26349708
v -0.07914096 -0.10564312 -0.26343244
v -0.08240563 -0.10983033 -0.26183662
v -0.06869985 -0.12124810 -0.26336530
v -0.08274368 -0.10167757 -0.26150420
v -0.08304658 -0.09360979 -0.26119542
v -0.08346899 -0.07002077 -0.26076570
v -0.08041874 -0.08164434 -0.26324934
v -0.08102538 0.00218377 -0.26304403
v -0.07698969 -0.06981538 -0.26349053
v -0.07972863 -0.09753271 -0.26341087
v -0.08353045 0.08602590 -0.26070321
v -0.07737087 0.05125063 -0.26348934
v -0.08581799 0.11395332 -0.25844410
v -0.06859725 -0.12171979 -0.25944266
v -0.06869985 -0.12124810 -0.26336530
v -0.06471136 -0.12036705 -0.25872591
v -0.06463733 -0.12031327 -0.26273367
v -0.06463733 -0.12031327 -0.26273367
v -0.06547040 -0.11675508 -0.26349702
v -0.07159762 -0.12303490 -0.25161713
v -0.07119080 -0.12253468 -0.24711764
v -0.06835514 -0.12175022 -0.25532940
v -0.04967384 -0.11554874 -0.25999230
v -0.05336489 -0.11672923 -0.26055568
v -0.05707746 -0.11791318 -0.26117188
v -0.04978568 -0.11475700 -0.26347363
v -0.05366879 -0.11521005 -0.26349130
v -0.05756249 -0.11568002 -0.26349598
v -0.04299766 -0.11341357 0.29931051
v -0.06149556 -0.11619476 -0.26349676
v -0.04677545 -0.11041258 -0.26349714
v -0.05756249 -0.11568002 -0.26349598
v -0.03279269 -0.10416660 -0.26349667
v -0.05366879 -0.11521005 -0.26349130
v -0.06082450 -0.11910763 -0.26190436
v -0.05707746 -0.11791318 -0.26117188
v -0.04297585 -0.10978623 -0.26349670
v -0.04588824 -0.11419269 -0.26329294
v -0.04216218 -0.11313155 -0.26258370
v -0.04216218 -0.11313155 -0.26258370
v -0.03855242 -0.11194951 -0.26178429
v -0.03921569 -0.10918377 -0.26349637
v -0.04588824 -0.11419269 -0.26329294
v -0.04028287 -0.11253637 -0.12469304
v -0.04978568 -0.11475700 -0.26347363
v -0.03545332 -0.10858351 -0.26349029
v -0.03500864 -0.11058006 -0.26092798
v -0.03545332 -0.10858351 -0.26349029
v -0.03500864 -0.11058006 -0.26092798
v -0.03161634 -0.10878409 -0.26001847
v -0.03164187 -0.10783555 -0.26334280
v -0.03164187 -0.10783555 -0.26334280
v -0.03855242 -0.11194951 -0.26178429
v -0.03517124 -0.11052419 -0.24982122
v -0.03183468 -0.10868819 -0.24926418
v -0.03433745 -0.11005972 -0.21984082
v -0.02880590 -0.10617263 -0.23438206
v -0.02882367 -0.10637410 -0.24521981
v -0.02686021 -0.10307653 -0.23775604
v -0.02653610 -0.10283370 -0.26104149
v -0.02538899 -0.09953524 -0.23027958
v -0.02537719 -0.09966804 -0.25497183
v -0.02814722 -0.10562282 -0.20809890
v -0.02643780 -0.10254638 -0.21176706
v -0.02537201 -0.09926533 -0.21915829
v -0.03665592 -0.11120992 -0.13207859
v -0.03332854 -0.10948148 -0.13953553
v -0.03031380 -0.10776475 -0.18522805
v -0.02788222 -0.10533654 -0.19282797
v -0.02638620 -0.10207362 -0.19275044
v -0.03028366 -0.10768990 -0.13568681
v -0.03015311 -0.10756599 -0.15845732
v -0.02788893 -0.10497315 -0.13940576
v -0.03740038 -0.11152186 -0.11345679
v -0.03461631 -0.11036953 -0.10589043
v -0.02799841 -0.10537341 -0.12036894
v -0.02638900 -0.10192218 -0.12789080
v -0.02650777 -0.10158547 -0.15456636
v -0.02629355 -0.10243183 -0.11253420
v -0.03911536 -0.11214263 -0.09162996
v -0.03501859 -0.11058252 -0.10226946
v -0.03543501 -0.11073608 -0.09867067
v -0.03144348 -0.10859464 -0.10553340
v -0.03230442 -0.10842700 -0.10196378
v -0.02959210 -0.10557009 -0.10529889
v -0.02844073 -0.10583527 -0.10890197
v -0.03108542 -0.10841636 -0.10925763
v -0.03166627 -0.10503001 -0.10220979
v -0.03372462 -0.10792434 -0.09864205
v -0.02908051 -0.10198090 -0.10556047
v -0.02672604 -0.10246737 -0.10863242
v -0.03133038 -0.10152511 -0.10251487
v -0.02632006 -0.09869484 -0.10874943
v -0.03274603 -0.08691946 -0.10015582
v -0.02613387 -0.09494685 -0.10890651
v -0.02526739 -0.09881708 -0.11244470
v -0.02478134 -0.09509294 -0.11244764
v -0.02463712 -0.09137703 -0.11251566
v -0.03956230 -0.11228326 -0.07708631
v -0.03687268 -0.11030406 -0.08440296
v -0.03661474 -0.10695394 -0.08092821
v -0.03655216 -0.10698721 -0.08454519
v -0.03629313 -0.10705697 -0.08815648
v -0.03628967 -0.11045608 -0.09154920
v -0.03490162 -0.10751603 -0.09524282
v -0.03691653 -0.11026260 -0.01889019
v -0.03659199 -0.10287719 0.56157660
v -0.03658979 -0.09995095 -0.07761379
v -0.02754594 -0.08900024 -0.26349664
v -0.02804700 -0.07451969 -0.26349673
v -0.02455151 -0.08168472 -0.26268104
v -0.02459660 -0.07441670 -0.26293066
v -0.03032145 -0.04746522 -0.10390015
v -0.02801960 -0.05474631 -0.10673901
v -0.02568779 -0.06567413 -0.10945164
v -0.03243837 -0.05099451 -0.10078874
v -0.02458464 -0.06211840 -0.11300659
v -0.03656077 -0.00055954 -0.08302385
v -0.03640772 -0.02923614 -0.08666422
v -0.03599434 -0.05791906 -0.09013880
v -0.03573300 -0.10723101 -0.09173682
v -0.03520710 -0.05084068 -0.09388360
v -0.03423290 -0.08313673 -0.09685555
v -0.02835614 -0.05991602 -0.26349679
v -0.02470826 -0.05613886 -0.26333556
v -0.03408578 -0.05091728 -0.09744408
v -0.02546713 -0.00431232 -0.10977108
v -0.02457081 0.02091124 -0.11328831
v -0.02785218 -0.02589145 -0.10688788
v -0.03204321 -0.01863255 -0.10077815
v -0.03371069 -0.02218801 -0.09745579
v -0.03495753 -0.02215123 -0.09396239
v -0.03002243 -0.01146997 -0.10390002
v -0.03584712 -0.01852894 -0.09037329
v -0.03639591 -0.00058018 -0.08673960
v -0.03035420 0.09942385 -0.26349720
v -0.02829909 0.05821754 -0.26349676
v -0.02487502 -0.04512230 -0.26336977
v -0.02498493 -0.00470871 -0.26338688
v -0.02487502 -0.04512230 -0.26336977
v -0.02450356 -0.04873580 -0.25971475
v -0.02498493 -0.00470871 -0.26338688
v -0.02450356 0.03962146 -0.25968945
v -0.03395467 -0.00423384 -0.09759969
v -0.03508931 -0.01139042 -0.09403952
v -0.03508642 0.01373832 -0.09402322
v -0.03225575 -0.00065747 -0.10092109
v -0.03015492 -0.00067487 -0.10400496
v -0.03659018 0.10036286 0.24875554
v -0.03659081 0.10235305 -0.07733566
v -0.02472076 -0.09476355 -0.16974792
v -0.02485819 -0.09593882 -0.26153111
v -0.02549116 -0.09820920 -0.14310043
v -0.02544759 -0.09843648 -0.12782431
v -0.02479424 -0.09488176 -0.12778321
v -0.02454539 -0.09140641 -0.11630595
v -0.02450344 -0.07797823 -0.25921205
v -0.02459660 -0.07441670 -0.26293066
v -0.02455151 -0.08168472 -0.26268104
v -0.02452679 -0.08893538 -0.26234323
v -0.02452679 -0.08893538 -0.26234323
v -0.02458951 -0.09248218 -0.26202118
v -0.02451276 -0.08773050 -0.11635442
v -0.02470826 -0.05613886 -0.26333556
v -0.02450343 0.07306688 -0.25908911
v -0.02450389 0.08604467 -0.11999848
v -0.26853237 -0.11475278 0.14179067
v -0.26751620 -0.11796413 0.17407200
v -0.26853901 -0.11457198 0.18841352
v -0.26767418 -0.11784288 0.21710622
v -0.26757497 -0.11791939 0.28891787
v -0.26853532 -0.11467364 0.38596803
v -0.26858991 -0.10738067 0.23864949
v -0.26858994 0.10724291 0.21699937
v -0.26389179 -0.12032302 0.62724733
v -0.23652698 -0.13499607 0.18121679
v -0.24015099 -0.13453300 0.24938190
v -0.23631264 -0.13499638 0.44341621
v -0.23979038 -0.13472328 0.47941181
v -0.11841065 -0.13499992 0.26708168
v -0.10722139 -0.13394853 0.59415805
v -0.11437754 -0.13499659 0.55105180
v -0.03661979 -0.10681859 0.03565082
v -0.03969456 -0.11232849 0.08648264
v -0.03693694 -0.11035366 0.06471304
v -0.03693471 -0.11035336 0.23087782
v -0.03969891 -0.11233002 0.15514965
v -0.03661989 -0.10685351 0.19844063
v -0.03966248 -0.11231734 0.29572526
v -0.03691348 -0.11026945 0.39998254
v -0.26741901 -0.11803533 0.41832682
v -0.26434058 -0.12005077 0.47228184
v -0.26853019 -0.11481503 0.43992540
v -0.26728216 -0.11813886 0.47949257
v -0.26852077 -0.11506613 0.51913095
v -0.26709345 -0.11828057 0.54432571
v -0.26691428 -0.11841622 0.59478825
v -0.26850972 -0.11537423 0.58759451
v -0.26850253 -0.11556944 0.66337138
v -0.26673371 -0.11855031 0.67780298
v -0.26649904 -0.11870658 0.78980970
v -0.26848948 -0.11577485 0.71033567
v -0.26248053 -0.12117367 0.96021962
v -0.26845914 -0.11602157 0.76812845
v -0.26858950 -0.10891959 0.75373340
v -0.26858008 -0.11249620 0.75733078
v -0.26854584 -0.11600331 0.77532351
v -0.26912698 -0.11255646 0.77170807
v -0.26940539 -0.11256825 0.77528375
v -0.26866034 -0.11252068 0.76454294
v -0.26939335 -0.10903919 0.76811612
v -0.26991826 -0.10908674 0.77167314
v -0.26891825 -0.10899359 0.76455057
v -0.26887891 -0.10186037 0.76101780
v -0.26947558 -0.10192853 0.76458418
v -0.26996458 -0.10555568 0.76809555
v -0.27246538 -0.09866551 0.77129799
v -0.27080253 -0.09849965 0.76804751
v -0.27107221 -0.09134556 0.76805341
v -0.27268478 -0.09870668 0.77494937
v -0.27262545 -0.10233332 0.77495569
v -0.27099109 -0.10570525 0.77155560
v -0.27215254 -0.10593025 0.77501041
v -0.26895663 -0.09475227 0.76111221
v -0.26971400 -0.09482544 0.76465470
v -0.27119073 -0.01211802 0.76825398
v -0.27258870 -0.09142654 0.77132654
v -0.26981682 0.08860312 0.76492053
v -0.27262944 0.07431650 0.77164227
v -0.26858896 0.10995337 0.75403535
v -0.26865512 0.09209409 0.75774056
v -0.26898292 0.09212568 0.76135612
v -0.26858866 0.11027288 0.55884588
v -0.24260636 -0.13313140 0.56944585
v -0.23927885 -0.13482735 0.62353760
v -0.23588644 -0.13499701 0.56942147
v -0.24361607 -0.13252494 0.95793957
v -0.24222769 -0.13335712 0.69574392
v -0.24178159 -0.13362303 0.82616353
v -0.23563625 -0.13499738 0.65598696
v -0.23325650 -0.13499935 0.95837975
v -0.23868151 -0.13494645 0.77897179
v -0.23903313 -0.13487616 0.69211388
v -0.10754406 -0.13405071 0.47553405
v -0.11078566 -0.13487513 0.55822891
v -0.11350475 -0.13498889 0.77032685
v -0.10686751 -0.13383643 0.69833398
v -0.04395741 -0.11372081 0.94518000
v -0.11010780 -0.13480121 0.74148732
v -0.03956515 -0.11228394 0.41795442
v -0.03927098 -0.11218312 0.57235956
v -0.03942394 -0.11223547 0.50059706
v -0.03688458 -0.11014350 0.47903499
v -0.03661849 -0.10673968 0.42513835
v -0.03684312 -0.10997825 0.54365426
v -0.03661200 -0.10622866 0.63326341
v -0.03676734 -0.10967522 0.64401871
v -0.03899201 -0.11208747 0.66194946
v -0.04177780 -0.11302011 0.77258790
v -0.03673925 -0.10937195 0.71193182
v -0.03883578 -0.11203386 0.70125860
v -0.03860885 -0.11193980 0.75117904
v -0.03672044 -0.10906412 0.76537889
v -0.03659064 -0.10214144 0.74749839
v -0.26861173 -0.11595698 0.78253639
v -0.26615968 -0.11892076 0.86964351
v -0.26853240 -0.11625350 0.86234695
v -0.26841635 -0.11663222 0.90589243
v -0.26591045 -0.11907820 0.89869148
v -0.26829517 -0.11697315 0.93834287
v -0.26565668 -0.11921998 0.96355385
v -0.26827550 -0.11700734 0.94547564
v -0.26884681 -0.11341092 0.94176716
v -0.24041873 -0.13433692 0.96565825
v -0.26831612 -0.11662740 0.96686435
v -0.26569214 -0.11869115 0.97423691
v -0.26825804 -0.11590830 0.97741795
v -0.26564628 -0.11840631 0.97774774
v -0.24347644 -0.13189970 0.97669500
v -0.24355640 -0.13237919 0.96916699
v -0.26496637 -0.11665031 0.98808241
v -0.26455373 -0.11577031 0.99140149
v -0.24921991 -0.12535825 0.99038869
v -0.26548678 -0.11796052 0.98123282
v -0.26811159 -0.11516578 0.98436725
v -0.26793510 -0.11460929 0.98778361
v -0.27261987 -0.10599607 0.78595841
v -0.27255949 -0.10599058 0.77865356
v -0.27156150 -0.10939844 0.78965038
v -0.27142879 -0.10939637 0.78238839
v -0.27061433 -0.10919928 0.77519464
v -0.27347961 -0.06273664 0.80040884
v -0.27346280 -0.06270780 0.79315680
v -0.26988423 -0.11257394 0.78971618
v -0.26962242 -0.11257448 0.77887422
v -0.27268958 -0.10294110 0.89486879
v -0.27261329 -0.10632037 0.85861319
v -0.27140254 -0.10966301 0.85500467
v -0.27259627 -0.10667511 0.90937740
v -0.27119929 -0.10999881 0.90942019
v -0.27281976 -0.10309162 0.91656023
v -0.27265051 -0.10311922 0.93462390
v -0.27247742 -0.10680205 0.93105102
v -0.26945043 -0.11340265 0.92748880
v -0.27251956 -0.10306868 0.93825036
v -0.27289593 -0.08113984 0.93411869
v -0.27272147 -0.09572324 0.93802917
v -0.27225661 -0.10677463 0.93466955
v -0.27147645 -0.10658033 0.93820268
v -0.27054244 -0.11002280 0.93460989
v -0.26929319 -0.11344316 0.93465775
v -0.27009356 -0.10993896 0.93815494
v -0.27243587 -0.09563969 0.94160563
v -0.27134645 -0.10286503 0.94164920
v -0.27047071 -0.09909695 0.94485831
v -0.26955578 -0.10625948 0.94504410
v -0.27086845 -0.09186550 0.94464713
v -0.27051234 -0.10639793 0.94163930
v -0.26905158 -0.10982388 0.94516009
v -0.26953205 -0.10986695 0.94165695
v -0.26859006 -0.10969459 0.95576268
v -0.26857775 -0.10650513 0.99326617
v -0.26858616 -0.11340379 0.94886076
v -0.26865870 -0.10612279 0.95204085
v -0.26894096 -0.10618493 0.94852376
v -0.26920244 -0.10257866 0.94837707
v -0.26937607 -0.09535672 0.94803762
v -0.26860321 -0.08065152 0.95456183
v -0.26859066 0.10305201 0.95707721
v -0.26853886 -0.11112990 0.98723805
v -0.26849541 -0.10991702 0.99382669
v -0.26853001 -0.10108792 1.00466406
v -0.26839277 -0.10918468 0.99699146
v -0.26702568 -0.11286918 0.99435812
v -0.26755318 -0.11385294 0.99112731
v -0.26522821 -0.09720157 1.01328182
v -0.26809412 -0.09669352 1.01192522
v -0.26833862 -0.09357287 1.01279140
v -0.26587147 -0.09424214 1.01476657
v -0.26522821 -0.09720157 1.01328182
v -0.26749602 -0.09951851 1.01069856
v -0.26809412 -0.09669352 1.01192522
v -0.26587147 -0.09424214 1.01476657
v -0.26650321 -0.09107359 1.01607263
v -0.26318920 -0.09136800 1.01680017
v -0.25945288 -0.09506799 1.01622045
v -0.26842922 -0.09030571 1.01351655
v -0.26650321 -0.09107359 1.01607263
v -0.27280548 -0.08063197 0.77498418
v -0.27353734 -0.05941956 0.88004166
v -0.27290496 -0.09216262 0.91639602
v -0.27356383 -0.05582169 0.88723516
v -0.27331150 -0.03408642 0.93386859
v -0.27263832 -0.06651986 0.94103736
v -0.26966277 -0.05198278 0.94741678
v -0.26879349 -0.06992935 0.95089424
v -0.26858893 -0.06614770 1.01202071
v -0.26854163 -0.08024216 1.01506758
v -0.26849166 -0.08696625 1.01414692
v -0.26710209 -0.08776166 1.01718485
v -0.26852542 -0.09575164 1.00885105
v -0.26756975 -0.08435059 1.01801980
v -0.26806682 -0.07731114 1.01896584
v -0.26856664 -0.06988295 1.01566136
v -0.26828262 -0.07020413 1.01931262
v -0.26806682 -0.07731114 1.01896584
v -0.26828262 -0.07020413 1.01931262
v -0.26525107 -0.07042737 1.02091682
v -0.26481491 -0.07756661 1.02022946
v -0.26408800 -0.08455259 1.01875484
v -0.26710209 -0.08776166 1.01718485
v -0.26756975 -0.08435059 1.01801980
v -0.26449087 -0.08110060 1.01964450
v -0.27354485 -0.05549280 0.79316771
v -0.27343932 -0.05908368 0.78954083
v -0.27358973 -0.04830470 0.80041975
v -0.27358693 -0.01607681 0.92673081
v -0.27352411 -0.02328123 0.93030250
v -0.27304754 -0.04127252 0.93743008
v -0.26839685 -0.06308948 1.01938629
v -0.26839685 -0.06308948 1.01938629
v -0.26555327 -0.06328247 1.02138054
v -0.26592502 -0.04894573 1.02150106
v -0.26207754 -0.05984662 1.02156961
v -0.27331927 0.09244426 0.78616464
v -0.27345642 0.09966630 0.78986585
v -0.26606554 -0.01647545 1.02147710
v -0.26844305 -0.03445794 1.01929641
v -0.26844305 -0.03445794 1.01929641
v -0.26857150 0.06978443 1.01621640
v -0.25851122 0.05607584 1.02158940
v -0.25858769 -0.05639270 1.02158928
v -0.27355826 -0.00887273 0.93034697
v -0.27339798 -0.00887721 0.93393677
v -0.26846263 -0.00201562 1.01919460
v -0.26846263 -0.00201562 1.01919460
v -0.23790123 -0.13496931 0.88082743
v -0.24138896 -0.13385706 0.87350637
v -0.24092604 -0.13412423 0.91373855
v -0.23686154 -0.13498436 0.96203291
v -0.23724206 -0.13498327 0.92852032
v -0.24336961 -0.13140720 0.98044676
v -0.24307427 -0.12990244 0.98789865
v -0.23977105 -0.13146235 0.98841465
v -0.23996744 -0.13247742 0.98464364
v -0.24020784 -0.13359332 0.97703415
v -0.23666587 -0.13450532 0.97339368
v -0.23681638 -0.13493855 0.96581477
v -0.26357251 -0.11340365 0.99776250
v -0.26586145 -0.11047536 1.00047898
v -0.26005694 -0.11348268 1.00118220
v -0.25454050 -0.11804585 0.99932575
v -0.24283028 -0.12868181 0.99154186
v -0.26005694 -0.11348268 1.00118220
v -0.26586145 -0.11047536 1.00047898
v -0.26510042 -0.10888045 1.00312901
v -0.25331637 -0.11165497 1.00801933
v -0.25406760 -0.11619777 1.00236583
v -0.25406760 -0.11619777 1.00236583
v -0.24233979 -0.12567191 0.99864018
v -0.25454050 -0.11804585 0.99932575
v -0.24200752 -0.12372065 1.00200105
v -0.24200752 -0.12372065 1.00200105
v -0.23896594 -0.12690328 0.99920255
v -0.23560955 -0.12895201 0.99577838
v -0.23608482 -0.13180579 0.98854834
v -0.23627912 -0.13284789 0.98479182
v -0.23642606 -0.13358657 0.98098707
v -0.23531954 -0.12706408 0.99919963
v -0.24124856 -0.11879168 1.00807357
v -0.24403885 -0.11490028 1.01003349
v -0.24080519 -0.11579207 1.01060081
v -0.26434660 -0.10274578 1.01002443
v -0.25884345 -0.10706753 1.00920272
v -0.26647550 -0.10418316 1.00737035
v -0.24338259 -0.10847662 1.01437318
v -0.24013692 -0.10918047 1.01491439
v -0.24639407 -0.10431103 1.01556945
v -0.24957232 -0.10018356 1.01654530
v -0.23991193 -0.10559434 1.01651847
v -0.23707275 -0.11304197 1.01301992
v -0.23742197 -0.11631776 1.01080036
v -0.23678301 -0.10961921 1.01500630
v -0.23783959 -0.11946812 1.00840092
v -0.23656131 -0.10597800 1.01653492
v -0.24306630 -0.09404752 1.01962078
v -0.24348049 -0.07912777 1.02121258
v -0.24314854 -0.09032399 1.02021062
v -0.24009719 -0.07567158 1.02150977
v -0.23292471 -0.08750381 1.02090251
v -0.11789782 -0.06966968 1.02158761
v -0.22907530 -0.13354684 0.98108917
v -0.22920550 -0.13397743 0.97730345
v -0.22940283 -0.13468318 0.96975636
v -0.23219247 -0.13044798 0.99217784
v -0.22508748 -0.13168320 0.98850387
v -0.17382888 -0.12931198 0.99529874
v -0.12234189 -0.12544896 1.00151360
v -0.23501053 -0.12485525 1.00244153
v -0.20612234 -0.12295547 1.00505769
v -0.23822846 -0.12215561 1.00550425
v -0.23860006 -0.12468562 1.00246775
v -0.23822846 -0.12215561 1.00550425
v -0.23860006 -0.12468562 1.00246775
v -0.23081216 -0.11970195 1.00809979
v -0.22328408 -0.11379890 1.01275229
v -0.23632306 -0.09854820 1.01898456
v -0.23629555 -0.09479295 1.01990080
v -0.19827729 -0.10045516 1.01853132
v -0.23303190 -0.10256893 1.01775372
v -0.23968577 -0.09445405 1.01988029
v -0.23289174 -0.09129507 1.02046585
v -0.15942854 -0.08975081 1.02072334
v -0.15178642 -0.11146486 1.01413524
v -0.13419218 -0.09697980 1.01945817
v -0.11924248 -0.10743561 1.01583815
v -0.22952120 -0.08397053 1.02121091
v -0.13521405 -0.07423011 1.02157497
v -0.19122759 -0.08560837 1.02111614
v -0.11727147 -0.08099888 1.02137291
v -0.11142999 -0.13083801 0.99096221
v -0.20612234 -0.12295547 1.00505769
v -0.11498196 -0.12041525 1.00750136
v -0.22401780 -0.12274348 1.00533736
v -0.11521768 -0.11426631 1.01239562
v -0.19823796 -0.09301200 1.02020633
v -0.11615190 -0.13479467 0.96824068
v -0.16634630 -0.12319812 1.00473356
v -0.11495392 -0.12763657 0.99824226
v -0.16634630 -0.12319812 1.00473356
v -0.11436189 -0.13499649 0.92663890
v -0.11528570 -0.13206626 0.98738205
v -0.11212247 -0.13412765 0.97571003
v -0.13341357 -0.12324741 1.00466824
v -0.13341357 -0.12324741 1.00466824
v -0.11633543 -0.13494943 0.96441442
v -0.11544461 -0.13309547 0.98361164
v -0.11561234 -0.13370845 0.97976470
v -0.11502583 -0.12949999 0.99478716
v -0.11493310 -0.12319492 1.00473464
v -0.11493310 -0.12319492 1.00473464
v -0.11118247 -0.12543741 1.00147665
v -0.11225197 -0.10345699 1.01748073
v -0.11299604 -0.09215488 1.02031827
v -0.11679797 -0.08862140 1.02084482
v -0.11274271 -0.09595726 1.01958001
v -0.11249741 -0.09972194 1.01861525
v -0.11420285 -0.07319075 1.02155972
v -0.11398635 -0.07695788 1.02150321
v -0.19827142 -0.07781270 1.02151346
v -0.11282762 -0.13497970 0.83885092
v -0.10913000 -0.13452956 0.84959471
v -0.11205219 -0.13496922 0.88239849
v -0.10743023 -0.13401467 0.92250061
v -0.10845028 -0.13433775 0.88587904
v -0.11137798 -0.13493961 0.90799838
v -0.11308476 -0.13496642 0.95658845
v -0.11017750 -0.13480847 0.94128817
v -0.10950227 -0.13456564 0.95631975
v -0.10623054 -0.13362440 0.95223302
v -0.11251703 -0.13471957 0.96801680
v -0.10935456 -0.13430162 0.96009952
v -0.11177277 -0.13294503 0.98340082
v -0.10834650 -0.13299063 0.97920889
v -0.10851057 -0.13361733 0.97540557
v -0.10502937 -0.13259827 0.97498167
v -0.10524722 -0.13289988 0.97117978
v -0.10799978 -0.13124628 0.98679042
v -0.10487369 -0.13194296 0.97874707
v -0.09070827 -0.12578712 0.98378366
v -0.11159440 -0.13203979 0.98721254
v -0.11130580 -0.12936452 0.99462491
v -0.10771516 -0.12851149 0.99410367
v -0.10780799 -0.13011962 0.99053639
v -0.11120417 -0.12300472 1.00461257
v -0.10760763 -0.12222112 1.00399673
v -0.10756000 -0.12471367 1.00094426
v -0.11120417 -0.12300472 1.00461257
v -0.10767700 -0.11951935 1.00683177
v -0.10066535 -0.12456251 0.99618232
v -0.09035683 -0.11726479 1.00014758
v -0.09043086 -0.12315439 0.99069905
v -0.11137581 -0.11731298 1.01010108
v -0.11174478 -0.11065903 1.01434207
v -0.11153599 -0.11406947 1.01237726
v -0.11137581 -0.11731298 1.01010108
v -0.10775564 -0.11670422 1.00957119
v -0.10794673 -0.11346426 1.01179969
v -0.10840707 -0.10664926 1.01561832
v -0.08415855 -0.10445014 1.00809240
v -0.09414355 -0.11008401 1.00856340
v -0.10775564 -0.11670422 1.00957119
v -0.08861347 -0.09204733 1.01454508
v -0.09173985 -0.09617686 1.01432204
v -0.10867269 -0.10306410 1.01717043
v -0.10920174 -0.09559488 1.01923096
v -0.09915647 -0.09029582 1.01775932
v -0.09488260 -0.10033666 1.01389050
v -0.11199672 -0.10710642 1.01600897
v -0.08099419 -0.10053530 1.00904453
v -0.08363844 -0.11285348 1.00130820
v -0.11048965 -0.07667546 1.02131462
v -0.10945195 -0.09182180 1.02009392
v -0.11326192 -0.08834621 1.02078629
v -0.10703846 -0.07633287 1.02077436
v -0.10626724 -0.08757666 1.01989758
v -0.10338505 -0.07970318 1.01984704
v -0.08945643 -0.08144400 1.01665378
v -0.10725469 -0.07259762 1.02089417
v -0.11092264 -0.06918356 1.02144182
v -0.09259506 -0.08559153 1.01688337
v -0.11287142 -0.00280829 1.02152765
v -0.10949979 0.01185292 1.02126729
v -0.10561420 -0.02836817 1.02059424
v -0.08677281 -0.07027527 1.01669908
v -0.09513763 -0.12986398 0.96604335
v -0.05730945 -0.11791972 0.95712233
v -0.04345104 -0.11355232 0.95204651
v -0.06714801 -0.12031195 0.96904963
v -0.09490776 -0.12963495 0.96977311
v -0.08419120 -0.12526527 0.97539538
v -0.06347864 -0.11775078 0.97534263
v -0.05693609 -0.11736970 0.96401775
v -0.05668151 -0.11628574 0.97084832
v -0.07679997 -0.11534607 0.99412811
v -0.08016945 -0.11829802 0.99179751
v -0.08715016 -0.11116443 1.00462830
v -0.06330599 -0.11450758 0.98522061
v -0.05654718 -0.11355904 0.98079330
v -0.05311472 -0.11354916 0.97699159
v -0.06722727 -0.10294085 1.00204229
v -0.06089540 -0.09839285 1.00252700
v -0.06349365 -0.10918401 0.99406505
v -0.08715016 -0.11116443 1.00462830
v -0.06485378 -0.09039102 1.00792837
v -0.07844456 -0.09002119 1.01214230
v -0.07452265 -0.09580631 1.00894368
v -0.06560172 -0.08087641 1.01067078
v -0.07297664 -0.07198005 1.01360428
v -0.06866958 -0.08473156 1.01073742
v -0.05920327 -0.07343733 1.01030469
v -0.10163439 0.06714627 1.01978946
v -0.04291432 -0.04986729 1.00786698
v -0.04263878 -0.05622676 1.00773466
v -0.03948803 -0.11195000 0.95852673
v -0.05677733 -0.11693516 0.96744972
v -0.04005722 -0.10493003 0.98449290
v -0.03923027 -0.10966111 0.97196090
v -0.03935669 -0.11150339 0.96192509
v -0.03969961 -0.11225785 0.95511276
v -0.06376391 -0.10459857 0.99908739
v -0.06376391 -0.10459857 0.99908739
v -0.04125405 -0.09937930 0.99250346
v -0.05402856 -0.10162949 0.99697632
v -0.04042656 -0.10322541 0.98729551
v -0.05107299 -0.09814980 0.99839598
v -0.03949456 -0.08715482 1.00058925
v -0.05402856 -0.10162949 0.99697632
v -0.03766306 -0.09995406 0.98956203
v -0.03981754 -0.10631136 0.98145986
v -0.04459880 -0.09843659 0.99521738
v -0.04459880 -0.09843659 0.99521738
v -0.06179663 -0.08656479 1.00824559
v -0.03924008 -0.08007642 1.00326741
v -0.05225877 -0.07864580 1.00760949
v -0.04244271 -0.06251351 1.00743127
v -0.04237742 -0.06562392 1.00718164
v -0.03825457 -0.11177488 0.79737449
v -0.03668879 -0.10855649 0.81855237
v -0.03669966 -0.10873009 0.80085510
v -0.04001426 -0.11243821 0.88222075
v -0.04057490 -0.11263090 0.86111552
v -0.04023263 -0.11251298 0.94826674
v -0.03799647 -0.11165334 0.93082625
v -0.03839377 -0.11183885 0.92395645
v -0.03661638 -0.10657792 0.89934659
v -0.03794534 -0.11163040 0.82570869
v -0.03667090 -0.10826417 0.83974773
v -0.03732294 -0.11115268 0.86451328
v -0.03759022 -0.11144107 0.84690815
v -0.03665145 -0.10797334 0.85385114
v -0.03659118 -0.09795492 0.97605115
v -0.03662759 -0.10746382 0.87491828
v -0.03702529 -0.11071871 0.88207185
v -0.03690623 -0.11023422 0.89604676
v -0.03918766 -0.11215450 0.90666610
v -0.03960795 -0.11229894 0.89622140
v -0.03673319 -0.10927081 0.91685545
v -0.03679485 -0.10978209 0.90646660
v -0.03744105 -0.11128266 0.94109225
v -0.03761325 -0.11146399 0.93767506
v -0.03665463 -0.10801126 0.93737978
v -0.03668192 -0.10844684 0.93056262
v -0.03744105 -0.11128266 0.94109225
v -0.03671033 -0.10888538 0.92371780
v -0.03687365 -0.11005984 0.95469916
v -0.03706635 -0.11083562 0.94792134
v -0.03662453 -0.10720644 0.94756490
v -0.03687365 -0.11005984 0.95469916
v -0.03679496 -0.10906459 0.96145219
v -0.03706635 -0.11083562 0.94792134
v -0.03933103 -0.10871442 0.97521502
v -0.03921027 -0.11037349 0.96864426
v -0.03677886 -0.10706601 0.97133952
v -0.03679496 -0.10906459 0.96145219
v -0.03701546 -0.10421132 0.98087621
v -0.03677886 -0.10706601 0.97133952
v -0.03701546 -0.10421132 0.98087621
v -0.03664643 -0.09953623 0.98275989
v -0.03820841 -0.09802092 0.99211198
v -0.03867155 -0.09590035 0.99439907
v -0.03820841 -0.09802092 0.99211198
v -0.03686807 -0.09359754 0.99347186
v -0.03671887 -0.09691647 0.98829889
v -0.03766306 -0.09995406 0.98956203
v -0.03867155 -0.09590035 0.99439907
v -0.03733106 -0.10158421 0.98677725
v -0.03733106 -0.10158421 0.98677725
v -0.03937758 -0.08498322 1.00151122
v -0.03960107 -0.08921172 0.99944824
v -0.03952719 -0.09134972 0.99805987
v -0.03905352 -0.07447198 1.00485623
v -0.03898541 -0.07157396 1.00546229
v -0.03905352 -0.07447198 1.00485623
v -0.03682932 -0.07422469 1.00245595
v -0.03687094 -0.08230919 1.00040293
v -0.03924008 -0.08007642 1.00326741
v -0.03898541 -0.07157396 1.00546229
v -0.03676401 -0.06540167 1.00384998
v -0.03662141 -0.03372996 1.00221968
v -0.03681131 -0.05293822 1.00487161
v -0.03662503 0.03820287 1.00230932
v -0.03660493 -0.08763069 0.99296421
v -0.03901211 -0.06554209 1.00631225
v -0.03912595 -0.05931186 1.00680041
v -0.03901211 -0.06554209 1.00631225
v -0.03912595 -0.05931186 1.00680041
v -0.03965969 -0.04661795 1.00714707
v -0.03965969 -0.04661795 1.00714707
v -0.03686941 -0.04659273 1.00525641
v -0.03710047 -0.02718983 1.00587142
v -0.03710047 -0.02718983 1.00587142
v -0.03686941 -0.04659273 1.00525641
v -0.04032025 -0.02389507 1.00730884
v -0.03663805 -0.01415911 1.00268674
v -0.03727729 -0.01079240 1.00615048
v -0.03733148 0.01226475 1.00623810
v -0.03727729 -0.01079240 1.00615048
v -0.03733148 0.01226475 1.00623810
v -0.04020194 0.03552577 1.00728190
v -0.26498875 0.04605128 -0.22349647
v -0.26816240 0.02508372 -0.22343990
v -0.26816240 0.02508372 -0.22343990
v -0.26858300 0.07350650 -0.22226501
v -0.26847634 0.04252034 -0.22338301
v -0.26856935 0.05982356 -0.22287062
v -0.26856935 0.05982356 -0.22287062
v -0.26847634 0.04252034 -0.22338301
v -0.26531959 0.05988575 -0.22349650
v -0.26858300 0.07350650 -0.22226501
v -0.26577735 0.07357388 -0.22349681
v -0.26858974 0.10001690 -0.22049075
v -0.26858914 0.09029318 -0.22126167
v -0.26858971 0.09681064 -0.22076319
v -0.26858631 0.08365680 -0.22170925
v -0.26530087 0.10933067 -0.22349688
v -0.26858631 0.08365680 -0.22170925
v -0.26625702 0.08371417 -0.22349648
v -0.26858914 0.09029318 -0.22126167
v -0.26362509 0.11835123 -0.22348626
v -0.26857856 0.10937588 -0.22283648
v -0.26726344 0.09684953 -0.22349083
v -0.26842302 0.10633112 -0.22337711
v -0.26856592 0.11383636 -0.21271160
v -0.26781264 0.11768226 -0.20953375
v -0.26853421 0.11470330 -0.20633703
v -0.26831514 0.11671577 -0.21572885
v -0.26684868 0.11846326 -0.19991627
v -0.26852039 0.11508300 -0.20311408
v -0.26857314 0.11360067 -0.16941330
v -0.26845798 0.11596976 -0.19320145
v -0.26837987 0.11640130 -0.18649931
v -0.26825967 0.11704294 -0.17288736
v -0.26561746 0.11926321 -0.17637125
v -0.26619440 0.11889864 -0.18993619
v -0.26854306 0.11446634 -0.13128574
v -0.26853493 0.11468241 -0.11031413
v -0.26732355 0.11810730 -0.04351790
v -0.26852930 0.11483642 -0.08225279
v -0.26524892 0.11949411 -0.21284485
v -0.25663015 0.12469551 -0.22050568
v -0.26640332 0.11876427 -0.21870402
v -0.26385191 0.12034106 -0.22195838
v -0.26778418 0.11774977 -0.14176592
v -0.26508045 0.11960196 -0.15568963
v -0.26670957 0.09033068 -0.22349380
v -0.26670957 0.09033068 -0.22349380
v -0.26726344 0.09684953 -0.22349083
v -0.26842302 0.10633112 -0.22337711
v -0.26857856 0.10937588 -0.22283648
v -0.24231136 0.12863556 -0.22350590
v -0.25994021 0.11951492 -0.22349444
v -0.25334820 0.12667017 -0.22112088
v -0.25006020 0.12864240 -0.22188146
v -0.24272610 0.13305910 -0.21995059
v -0.26056719 0.12231436 -0.22282536
v -0.25706705 0.12391697 -0.22346151
v -0.25335664 0.12506329 -0.22349302
v -0.24968621 0.12623581 -0.22349331
v -0.25335664 0.12506329 -0.22349302
v -0.25706705 0.12391697 -0.22346151
v -0.24602728 0.12747604 -0.22350129
v -0.24673195 0.13064413 -0.22279502
v -0.25006020 0.12864240 -0.22188146
v -0.24308939 0.13229050 -0.22344315
v -0.24673195 0.13064413 -0.22279502
v -0.24308939 0.13229050 -0.22344315
v -0.24191375 0.13354422 -0.20903341
v -0.23912038 0.13483742 -0.22040255
v -0.23909035 0.13326076 -0.22350308
v -0.24105512 0.13405606 -0.19126202
v -0.23800774 0.13496704 -0.20211706
v -0.24290745 0.13295141 -0.13169345
v -0.24023609 0.13448800 -0.16319343
v -0.23977739 0.13472719 -0.13524815
v -0.23635642 0.13499629 -0.14929050
v -0.26485544 0.11973844 0.22057056
v -0.23946515 0.13478985 -0.07915527
v -0.24283102 0.13299738 -0.00837479
v -0.21174181 0.13456546 -0.22353439
v -0.23503180 0.13372983 -0.22351354
v -0.23909035 0.13326076 -0.22350308
v -0.23104739 0.13394436 -0.22351746
v -0.23503180 0.13372983 -0.22351354
v -0.23507495 0.13499726 -0.22049980
v -0.23369113 0.13499986 -0.18798168
v -0.22719033 0.13500011 -0.22045508
v -0.21180819 0.13500012 -0.22021005
v -0.23104739 0.13394436 -0.22351746
v -0.21938993 0.13435821 -0.22352739
v -0.21174181 0.13456546 -0.22353439
v -0.21938993 0.13435821 -0.22352739
v -0.23701735 0.13498804 -0.17729121
v -0.23978268 0.13472570 0.01291928
v -0.23639755 0.13499622 0.05924797
v -0.19671124 0.13500014 -0.22004001
v -0.18921100 0.13496017 -0.22346479
v -0.13296145 0.09426685 -0.22364178
v -0.14517882 0.13499786 -0.22291575
v -0.18921100 0.13496017 -0.22346479
v -0.14517882 0.13499786 -0.22291575
v -0.15239376 0.13193288 -0.22361211
v -0.12460451 0.03540806 -0.22417343
v -0.12460451 0.03540806 -0.22417343
v -0.11558805 0.07314096 -0.22934309
v -0.11241263 0.13267580 -0.23242734
v -0.12965839 0.10524026 -0.22365753
v -0.12525471 0.08007535 -0.22402453
v -0.12585200 0.10192488 -0.22388679
v -0.12183706 0.08393647 -0.22512551
v -0.12525471 0.08007535 -0.22402453
v -0.12585200 0.10192488 -0.22388679
v -0.12663023 0.11949807 -0.22378702
v -0.12663023 0.11949807 -0.22378702
v -0.12306607 0.11986078 -0.22454357
v -0.11929454 0.10969289 -0.22643131
v -0.12749246 0.13499941 -0.22279654
v -0.12745692 0.13256462 -0.22380762
v -0.12409452 0.13284273 -0.22436674
v -0.12745692 0.13256462 -0.22380762
v -0.12745692 0.13256462 -0.22380762
v -0.12409452 0.13284273 -0.22436674
v -0.12070911 0.13499990 -0.22366025
v -0.12749246 0.13499941 -0.22279654
v -0.11965738 0.13500001 -0.21759197
v -0.12089837 0.13337705 -0.22546160
v -0.12089837 0.13337705 -0.22546160
v -0.11700807 0.12430330 -0.22807570
v -0.11802404 0.13423041 -0.22717644
v -0.11802404 0.13423041 -0.22717644
v -0.11737938 0.13499998 -0.22462016
v -0.11495719 0.13189816 -0.22994848
v -0.11512376 0.13497537 -0.22901420
v -0.11512376 0.13497537 -0.22901420
v -0.11180392 0.13498533 -0.23047836
v -0.10671973 0.13038111 -0.23799597
v -0.10401099 0.13079777 -0.24064566
v -0.10319941 0.13309032 -0.23857372
v -0.10667501 0.13385698 -0.23712014
v -0.10980073 0.13356201 -0.23497033
v -0.10090427 0.12764335 -0.24368468
v -0.10401099 0.13079777 -0.24064566
v -0.10121118 0.13136214 -0.24330376
v -0.09982161 0.13229521 -0.24015325
v -0.10319941 0.13309032 -0.23857372
v -0.10121118 0.13136214 -0.24330376
v -0.09808052 0.12805435 -0.24644758
v -0.09773216 0.13115780 -0.24513690
v -0.09773216 0.13115780 -0.24513690
v -0.09195644 0.12534435 -0.25248462
v -0.09521181 0.12859322 -0.24926719
v -0.10667501 0.13385698 -0.23712014
v -0.09838772 0.13261253 -0.23664594
v -0.10517985 0.13418506 -0.23364432
v -0.10850212 0.13482736 -0.23206143
v -0.10980073 0.13356201 -0.23497033
v -0.09490662 0.13178906 -0.23806378
v -0.09708637 0.13264398 -0.23297372
v -0.10374650 0.13447788 -0.23010403
v -0.09387042 0.13123734 -0.23431388
v -0.09142203 0.13081500 -0.23933135
v -0.09000260 0.12877549 -0.23164597
v -0.08913666 0.12987706 -0.24439065
v -0.11180392 0.13498533 -0.23047836
v -0.11241263 0.13267580 -0.23242734
v -0.11241982 0.13498026 -0.21938446
v -0.10957361 0.13496214 -0.22380857
v -0.10884582 0.13477212 -0.22041915
v -0.10835841 0.13440724 -0.21701477
v -0.11151228 0.13495268 -0.21267982
v -0.10796102 0.13419227 -0.21359514
v -0.10712517 0.13492911 -0.22862463
v -0.10607990 0.13483909 -0.22510836
v -0.10543948 0.13401090 -0.22161049
v -0.10273803 0.13397844 -0.22646149
v -0.09317743 0.13017924 -0.23052116
v -0.10215212 0.13294999 -0.22288339
v -0.09832932 0.13120465 -0.22043626
v -0.09246276 0.12938677 -0.22665799
v -0.10715765 0.13392714 -0.20321354
v -0.11011253 0.13480115 -0.17830454
v -0.11470703 0.13499698 -0.13223192
v -0.10687483 0.13383873 -0.02128635
v -0.10771808 0.13410559 -0.12547150
v -0.11151125 0.13495411 -0.11817846
v -0.10874883 0.13442364 -0.09325261
v -0.11251996 0.13497551 -0.08594938
v -0.10944259 0.13461648 -0.06806962
v -0.11300261 0.13498206 -0.06797317
v -0.11008766 0.13479558 -0.03564712
v -0.11495321 0.13499728 0.11934504
v -0.11139793 0.13494165 0.12292630
v -0.08103298 0.05509533 -0.26304120
v -0.08301795 0.11000110 -0.26122573
v -0.07631559 0.10175686 -0.26349264
v -0.06671657 0.11697287 -0.26349705
v -0.08288804 0.12246913 -0.26143321
v -0.08588650 0.12226196 -0.25846627
v -0.07953304 0.11411539 -0.26341847
v -0.07891368 0.12249575 -0.26343578
v -0.08223195 0.12631001 -0.25996330
v -0.08612093 0.12649542 -0.25833336
v -0.08904437 0.12577558 -0.25538829
v -0.07445507 0.12193580 -0.26348719
v -0.07012086 0.12132145 -0.26346171
v -0.07891368 0.12249575 -0.26343578
v -0.07445507 0.12193580 -0.26348719
v -0.07380844 0.12389171 -0.26038888
v -0.07802243 0.12531045 -0.26062241
v -0.08223195 0.12631001 -0.25996330
v -0.08288804 0.12246913 -0.26143321
v -0.07012086 0.12132145 -0.26346171
v -0.06985559 0.12218694 -0.25989610
v -0.06592232 0.12066506 -0.26323652
v -0.06592269 0.12076299 -0.25941813
v -0.06592232 0.12066506 -0.26323652
v -0.08827873 0.12834875 -0.25330243
v -0.08464783 0.12754115 -0.25469768
v -0.08327138 0.12791814 -0.25066984
v -0.08904437 0.12577558 -0.25538829
v -0.08612093 0.12649542 -0.25833336
v -0.08827873 0.12834875 -0.25330243
v -0.09206311 0.12914449 -0.25188485
v -0.09054323 0.12952711 -0.24817356
v -0.09206311 0.12914449 -0.25188485
v -0.08556524 0.12897961 -0.24555425
v -0.08476384 0.12801798 -0.24153066
v -0.09410568 0.13034841 -0.24661811
v -0.08215149 0.12761866 -0.24652885
v -0.08152216 0.12639958 -0.24246953
v -0.08089738 0.12677146 -0.25572288
v -0.07958668 0.12710531 -0.25149125
v -0.07877643 0.12610029 -0.24725123
v -0.08077742 0.12563588 -0.23835489
v -0.08408318 0.12700824 -0.23752207
v -0.07603184 0.12565157 -0.25197968
v -0.07262296 0.12370744 -0.25214997
v -0.07200637 0.12286603 -0.24787466
v -0.07699614 0.12596071 -0.25634846
v -0.07317394 0.12436678 -0.25636581
v -0.06953983 0.12229066 -0.25597838
v -0.07125086 0.12246567 -0.24362324
v -0.07393591 0.12331202 -0.23915815
v -0.08333050 0.12637439 -0.23349811
v -0.04331237 0.11351434 -0.21135619
v -0.04744589 0.11099013 -0.26349691
v -0.04053450 0.10687303 -0.26349723
v -0.06263964 0.11632042 -0.26349705
v -0.05858131 0.11569975 -0.26349631
v -0.06194127 0.11946146 -0.26250002
v -0.05804849 0.11822113 -0.26175672
v -0.05457571 0.11522772 -0.26349410
v -0.05423530 0.11700749 -0.26104388
v -0.04664667 0.11449599 -0.26323387
v -0.04298717 0.11339894 -0.26224974
v -0.04677759 0.11462270 -0.25962603
v -0.05048410 0.11580779 -0.26034167
v -0.05060414 0.11489755 -0.26347795
v -0.04664667 0.11449599 -0.26323387
v -0.05060414 0.11489755 -0.26347795
v -0.04362137 0.11057661 -0.26349640
v -0.04298717 0.11339894 -0.26224974
v -0.05423530 0.11700749 -0.26104388
v -0.05457571 0.11522772 -0.26349410
v -0.06464578 0.12033693 -0.24747507
v -0.06194127 0.11946146 -0.26250002
v -0.05804849 0.11822113 -0.26175672
v -0.04302333 0.11342174 -0.10953916
v -0.02486628 0.03221636 -0.26336664
v -0.03205327 0.02448945 -0.10075780
v -0.03002054 0.01371721 -0.10389943
v -0.03371092 0.02447794 -0.09743683
v -0.02788066 0.02811283 -0.10685802
v -0.03643898 0.04593874 -0.08649138
v -0.03585004 0.02090336 -0.09034441
v -0.03495840 0.02447327 -0.09393844
v -0.03594549 0.04238157 -0.09022138
v -0.02474317 0.04333830 -0.26334223
v -0.02486628 0.03221636 -0.26336664
v -0.02474317 0.04333830 -0.26334223
v -0.03244057 0.04604663 -0.10073776
v -0.03039653 0.04967906 -0.10379908
v -0.03410353 0.04960565 -0.09735458
v -0.03521756 0.04957139 -0.09379610
v -0.02462897 0.06191057 -0.26309714
v -0.02798176 0.07312366 -0.26349670
v -0.02460380 0.06936462 -0.26293129
v -0.02767411 0.08061714 -0.26349664
v -0.02453335 0.07685049 -0.26258695
v -0.03602570 0.07096100 -0.08976099
v -0.02750082 0.08436910 -0.26349649
v -0.02451643 0.08435947 -0.26215404
v -0.02706967 0.09193062 -0.26349276
v -0.03436472 0.08892561 -0.09646244
v -0.03318437 0.09965643 -0.09937056
v -0.02897642 0.10033890 -0.10564337
v -0.02586465 0.07502635 -0.10919921
v -0.02563861 0.04974740 -0.10952528
v -0.03654551 0.10585637 -0.08445711
v -0.03660148 0.10582072 -0.08081957
v -0.03572901 0.10605355 -0.09172817
v -0.03151339 0.10344291 -0.10234490
v -0.03981307 0.11029199 -0.26349488
v -0.03682264 0.10677623 -0.26349714
v -0.03598836 0.11016515 -0.26336670
v -0.03940444 0.11223297 -0.26130182
v -0.03590762 0.11086337 -0.26035103
v -0.03332693 0.10663600 -0.26349583
v -0.03031408 0.10324324 -0.26348597
v -0.03940444 0.11223297 -0.26130182
v -0.03874964 0.11201818 -0.24420600
v -0.03716856 0.11141843 -0.22244556
v -0.03406928 0.10986977 -0.22598243
v -0.03302611 0.10935613 -0.20737502
v -0.03406928 0.10986977 -0.22598243
v -0.03084417 0.10798086 -0.22583652
v -0.03302611 0.10935613 -0.20737502
v -0.03084417 0.10798086 -0.22583652
v -0.03142469 0.10836846 -0.23661953
v -0.02857629 0.10585707 -0.23646252
v -0.02785045 0.10515344 -0.21840692
v -0.03142469 0.10836846 -0.23661953
v -0.02890764 0.10627891 -0.24677363
v -0.02643041 0.10251886 -0.23283929
v -0.02605747 0.10192028 -0.21832748
v -0.02531451 0.09876131 -0.22920205
v -0.03503569 0.11042964 -0.16932438
v -0.03228299 0.10897956 -0.18840070
v -0.02980942 0.10732524 -0.20354217
v -0.03228299 0.10897956 -0.18840070
v -0.02751167 0.10452884 -0.20349009
v -0.02914336 0.10672916 -0.17697424
v -0.02709588 0.10402865 -0.18456465
v -0.03869445 0.11199941 -0.12785923
v -0.03190444 0.10873174 -0.16935483
v -0.03190444 0.10873174 -0.16935483
v -0.02900520 0.10656503 -0.15415622
v -0.03519085 0.11049413 -0.13529201
v -0.03185436 0.10866008 -0.15794599
v -0.03185436 0.10866008 -0.15794599
v -0.03197949 0.10874129 -0.13903396
v -0.02714572 0.10354936 -0.15415274
v -0.02717056 0.10360824 -0.13900152
v -0.03197949 0.10874129 -0.13903396
v -0.02926340 0.10681529 -0.12395892
v -0.03211099 0.10891763 -0.12776887
v -0.03211099 0.10891763 -0.12776887
v -0.03240922 0.10914586 -0.11660881
v -0.02589548 0.10039169 -0.12761652
v -0.02720860 0.10420794 -0.11254884
v -0.03769306 0.11165954 -0.09496416
v -0.03724691 0.11149834 -0.09853808
v -0.03311000 0.10961843 -0.10556401
v -0.03359748 0.10983086 -0.10194684
v -0.03432272 0.10977368 -0.09840225
v -0.03525027 0.10952879 -0.09494721
v -0.03359748 0.10983086 -0.10194684
v -0.03311000 0.10961843 -0.10556401
v -0.03033667 0.10729863 -0.10527621
v -0.03194211 0.10684133 -0.10197003
v -0.03361007 0.10648404 -0.09871371
v -0.03432272 0.10977368 -0.09840225
v -0.02976399 0.10727945 -0.10899410
v -0.02932850 0.10388149 -0.10540371
v -0.02752762 0.10430121 -0.10872867
v -0.03240922 0.10914586 -0.11660881
v -0.02653601 0.10071032 -0.10861182
v -0.02572760 0.10077028 -0.11239121
v -0.03840868 0.11185294 -0.08418208
v -0.03867267 0.11196785 -0.06605414
v -0.03665799 0.10918479 -0.08426765
v -0.03595454 0.10933556 -0.09142890
v -0.03641744 0.10922289 -0.08785539
v -0.03641744 0.10922289 -0.08785539
v -0.03665799 0.10918479 -0.08426765
v -0.03595454 0.10933556 -0.09142890
v -0.03674147 0.10940688 -0.05887182
v -0.03674147 0.10940688 -0.05887182
v -0.03486818 0.10623658 -0.09528983
v -0.03525027 0.10952879 -0.09494721
v -0.03661617 0.10655041 0.00652197
v -0.03898691 0.11208573 -0.03697895
v -0.03922650 0.11216770 -0.00791897
v -0.03679146 0.10978439 -0.01887349
v -0.03679146 0.10978439 -0.01887349
v -0.03681859 0.10989503 -0.00434025
v -0.02459024 0.06059404 -0.11289488
v -0.02462897 0.06191057 -0.26309714
v -0.02460380 0.06936462 -0.26293129
v -0.02469615 0.09339155 -0.11233018
v -0.02452141 0.08969253 -0.11617088
v -0.02451643 0.08435947 -0.26215404
v -0.02453335 0.07685049 -0.26258695
v -0.02455550 0.09203713 -0.26154485
v -0.02480441 0.09566509 -0.24697764
v -0.02475781 0.09593373 -0.26111248
v -0.02683724 0.09578660 -0.26348990
v -0.02706967 0.09193062 -0.26349276
v -0.02750082 0.08436910 -0.26349649
v -0.02539822 0.09987092 -0.26052523
v -0.02672549 0.09978867 -0.26343438
v -0.02539481 0.09944853 -0.24684994
v -0.02462776 0.09321866 -0.16173774
v -0.02509348 0.09696694 -0.17693479
v -0.02512361 0.09685251 -0.12757599
v -0.02461723 0.09337544 -0.11613724
v -0.02500283 0.09710829 -0.11231751
v -0.02631891 0.09699354 -0.10872594
v -0.02590686 0.10099115 -0.19589652
v -0.02599594 0.10017312 -0.15035242
v -0.26854023 0.11453868 0.12021338
v -0.26757321 0.11792026 0.09875698
v -0.26854518 0.11440662 0.18828444
v -0.26767716 0.11784111 0.13809821
v -0.26784816 0.11765437 0.32122663
v -0.26855457 0.11415493 0.35358015
v -0.26789629 0.11757655 0.36077359
v -0.26497436 0.11966630 0.33200118
v -0.26231745 0.12127341 0.58768064
v -0.24011377 0.13455251 0.11650475
v -0.24028108 0.13446426 0.18820700
v -0.23689334 0.13499068 0.24207652
v -0.24045578 0.13437220 0.31036729
v -0.23712042 0.13498583 0.41469923
v -0.24375853 0.13243937 0.50459605
v -0.23396261 0.13499983 0.60568231
v -0.10754685 0.13405156 0.05082183
v -0.10484686 0.13319212 0.24894781
v -0.10822490 0.13426633 0.23095612
v -0.11181777 0.13496603 0.28856930
v -0.10852948 0.13436255 0.43973151
v -0.04377075 0.11366104 0.39645869
v -0.03949772 0.11226074 0.02837370
v -0.03681859 0.10989503 -0.00434025
v -0.03687976 0.11013643 0.02833082
v -0.03687976 0.11013643 0.02833082
v -0.03957946 0.11228877 0.04286487
v -0.03991606 0.11240474 0.10435017
v -0.03697115 0.11049805 0.08624421
v -0.03697115 0.11049805 0.08624421
v -0.03701864 0.11068799 0.12602909
v -0.03701864 0.11068799 0.12602909
v -0.03659545 0.10480221 0.69430155
v -0.03662658 0.10738293 0.19827513
v -0.03702518 0.11072942 0.16218455
v -0.03702518 0.11072942 0.16218455
v -0.04009996 0.11246812 0.18025419
v -0.03707458 0.11084774 0.19106904
v -0.03707458 0.11084774 0.19106904
v -0.04025291 0.11252034 0.25597653
v -0.03662835 0.10752014 0.27037922
v -0.03714038 0.11094186 0.25957125
v -0.03714038 0.11094186 0.25957125
v -0.03718735 0.11099320 0.28836977
v -0.03718735 0.11099320 0.28836977
v -0.03721758 0.11103172 0.32446668
v -0.03721758 0.11103172 0.32446668
v -0.04040197 0.11257149 0.38205543
v -0.03722116 0.11102760 0.35325414
v -0.03663464 0.10769812 0.38564590
v -0.03722116 0.11102760 0.35325414
v -0.03731562 0.11113409 0.39286402
v -0.26971644 0.09575576 0.76487243
v -0.26873237 0.10639038 0.76127619
v -0.26857704 0.11350654 0.76127374
v -0.26938900 0.10286440 0.76484627
v -0.26856095 0.11398314 0.46877131
v -0.26856840 0.11378674 0.56966615
v -0.26801705 0.11740548 0.50117034
v -0.26823530 0.11707372 0.67078626
v -0.26857308 0.11359780 0.63827068
v -0.26529208 0.11946877 0.56242543
v -0.26553461 0.11931517 0.64186341
v -0.27246347 0.09957410 0.77151811
v -0.27258998 0.09595747 0.77152890
v -0.27082884 0.09941738 0.76824647
v -0.27278304 0.09962489 0.77519274
v -0.27182132 0.10313223 0.77165437
v -0.27268830 0.10326204 0.77522296
v -0.27040818 0.10295025 0.76830775
v -0.26883227 0.10994384 0.76487416
v -0.26923421 0.10994266 0.76845735
v -0.26893935 0.11343590 0.77209562
v -0.26974025 0.10996808 0.77201802
v -0.26985359 0.10645144 0.76839352
v -0.27080911 0.10657591 0.77186418
v -0.26828414 0.11696613 0.76851976
v -0.26832396 0.11687086 0.77575463
v -0.26919883 0.11342894 0.77568877
v -0.27028078 0.11002434 0.77557832
v -0.26573062 0.11919171 0.77942449
v -0.26514608 0.11956082 0.45435697
v -0.24068291 0.13425232 0.48308414
v -0.23728468 0.13498232 0.52266514
v -0.24105747 0.13405462 0.68158156
v -0.23765776 0.13497445 0.71054906
v -0.24282007 0.13300142 0.96027446
v -0.11618627 0.13499881 0.68082005
v -0.11220241 0.13497125 0.51171106
v -0.11244121 0.13497446 0.60525316
v -0.10912073 0.13452703 0.70234084
v -0.10559811 0.13343097 0.95011717
v -0.03659100 0.10149961 0.96403259
v -0.03731562 0.11113409 0.39286402
v -0.04050789 0.11260793 0.45041168
v -0.03664232 0.10781833 0.48633769
v -0.03734346 0.11116876 0.44321942
v -0.03733989 0.11116419 0.47916466
v -0.03734346 0.11116876 0.44321942
v -0.03733989 0.11116419 0.47916466
v -0.04071297 0.11267588 0.53666037
v -0.03745774 0.11129168 0.53306359
v -0.03755328 0.11140630 0.56536281
v -0.04085105 0.11272052 0.60127968
v -0.03665017 0.10795040 0.53664631
v -0.03755328 0.11140630 0.56536281
v -0.03745774 0.11129168 0.53306359
v -0.03666634 0.10819329 0.63707143
v -0.03759548 0.11144700 0.61559516
v -0.03759548 0.11144700 0.61559516
v -0.03770848 0.11152066 0.66216195
v -0.03770848 0.11152066 0.66216195
v -0.03773555 0.11153199 0.68363911
v -0.03667370 0.10832218 0.69433856
v -0.03773555 0.11153199 0.68363911
v -0.04083477 0.11271525 0.83684558
v -0.03787421 0.11159887 0.73007983
v -0.03787421 0.11159887 0.73007983
v -0.03784994 0.11158678 0.78709930
v -0.03784994 0.11158678 0.78709930
v -0.26873380 0.04133391 0.95144755
v -0.27047583 0.08507694 0.94555736
v -0.26586229 0.03051561 1.02150774
v -0.26841670 0.02684699 1.01948237
v -0.27357921 0.08537199 0.92816293
v -0.27328405 0.08529689 0.93535632
v -0.27296460 0.07424705 0.93857360
v -0.26941910 0.04499524 0.94797307
v -0.27257615 0.03788780 0.94146436
v -0.26858959 0.09186406 1.00432110
v -0.26835755 0.04851270 1.01983213
v -0.26569280 0.04137428 1.02152097
v -0.26547214 0.05946242 1.02150416
v -0.26855311 0.09235822 1.01070762
v -0.26821372 0.07010695 1.01972711
v -0.26835755 0.04851270 1.01983213
v -0.26821372 0.07010695 1.01972711
v -0.26854926 0.07667874 1.01586151
v -0.26784682 0.07715733 1.01926064
v -0.27358669 0.09606148 0.79716915
v -0.27355051 0.09966838 0.79353392
v -0.27356118 0.10000045 0.89948457
v -0.27343345 0.09269507 0.93202585
v -0.27277884 0.09629769 0.93939489
v -0.27347070 0.09639684 0.92851776
v -0.27198017 0.09251736 0.94271481
v -0.27013353 0.09605253 0.94606149
v -0.26906678 0.09593573 0.94947457
v -0.27265435 0.10000094 0.93956602
v -0.26953542 0.10331320 0.94641834
v -0.26890013 0.10322514 0.94994015
v -0.26860285 0.10680670 0.95377243
v -0.26857498 0.10178575 1.00167727
v -0.26850790 0.08347596 1.01515448
v -0.26761821 0.08062592 1.01883960
v -0.26784682 0.07715733 1.01926064
v -0.26484412 0.07383843 1.02072203
v -0.26526594 0.06667227 1.02127910
v -0.26812401 0.09307900 1.01378250
v -0.26836053 0.08994491 1.01426959
v -0.26812401 0.09307900 1.01378250
v -0.26606542 0.09048858 1.01635385
v -0.26836053 0.08994491 1.01426959
v -0.26751304 0.09598231 1.01298249
v -0.26483595 0.09651121 1.01405013
v -0.26849240 0.09521752 1.01036477
v -0.26751304 0.09598231 1.01298249
v -0.26846394 0.08674958 1.01470554
v -0.26606542 0.09048858 1.01635385
v -0.26675782 0.08738182 1.01740396
v -0.26424986 0.08075951 1.01961803
v -0.26761821 0.08062592 1.01883960
v -0.26675782 0.08738182 1.01740396
v -0.25650319 0.09151229 1.01812482
v -0.25623316 0.09489115 1.01697123
v -0.27240351 0.10686837 0.77897483
v -0.27336672 0.10326914 0.78990263
v -0.27181244 0.10677735 0.77535945
v -0.27074894 0.11007219 0.77916151
v -0.26953074 0.11329404 0.78652632
v -0.27119228 0.10999681 0.79371387
v -0.27290952 0.10681333 0.79729444
v -0.26843625 0.11656944 0.80842692
v -0.27350372 0.10326843 0.79723954
v -0.26957133 0.11323936 0.83758682
v -0.27282545 0.10707340 0.87769991
v -0.27349231 0.10356142 0.88495219
v -0.26578292 0.11915869 0.85593945
v -0.26562870 0.11925609 0.87791032
v -0.26826087 0.11708514 0.89616299
v -0.27260301 0.10739926 0.92515761
v -0.27080631 0.11061884 0.92521822
v -0.26922098 0.11407532 0.93256700
v -0.26498267 0.11966124 0.93648684
v -0.27345645 0.10007585 0.92134649
v -0.26792592 0.11754008 0.93633157
v -0.27019483 0.11063442 0.93609250
v -0.26890400 0.11411081 0.93982112
v -0.27209112 0.10366265 0.93965721
v -0.27273837 0.10374532 0.93605173
v -0.27063188 0.10344607 0.94299012
v -0.26971737 0.11058550 0.93967444
v -0.26987350 0.10699282 0.94308668
v -0.27227288 0.10739769 0.93247217
v -0.27290541 0.10375408 0.93238348
v -0.26917782 0.10692178 0.94661945
v -0.26919878 0.11054468 0.94324118
v -0.26874894 0.10686392 0.95018309
v -0.26870516 0.11411472 0.94343728
v -0.26787481 0.11761680 0.94362259
v -0.26858294 0.11412511 0.94705254
v -0.26856083 0.10656740 0.99601060
v -0.26852751 0.11248171 0.98308712
v -0.26781240 0.11647294 0.98005760
v -0.26756096 0.11596783 0.98365247
v -0.26826885 0.11004659 0.99683696
v -0.26848757 0.11142648 0.99004251
v -0.26632309 0.11354510 0.99407220
v -0.26574740 0.11235625 0.99736482
v -0.26678476 0.11449390 0.99066305
v -0.26725069 0.11533047 0.98720515
v -0.24133874 0.12832841 0.99478352
v -0.25055572 0.12201117 0.99650764
v -0.26447466 0.11801749 0.98399848
v -0.24326590 0.12102866 1.00457823
v -0.26492041 0.11086154 1.00042272
v -0.26500452 0.11957561 0.96581167
v -0.26797327 0.11725239 0.96915466
v -0.26496306 0.11937565 0.96946585
v -0.26467782 0.11850003 0.98038018
v -0.24236642 0.13201833 0.97952616
v -0.23697022 0.07546853 1.02155221
v -0.24387400 0.07495621 1.02146494
v -0.24033824 0.07894281 1.02135038
v -0.25066954 0.07805251 1.02084291
v -0.25027040 0.08522580 1.01985538
v -0.25000575 0.09249037 1.01887178
v -0.24017397 0.09021895 1.02045000
v -0.24674477 0.09668644 1.01832283
v -0.23681779 0.08677995 1.02091861
v -0.23007110 0.07974361 1.02135146
v -0.23691627 0.09444868 1.01994610
v -0.26497191 0.10407398 1.00849938
v -0.26595312 0.10607661 1.00596642
v -0.26031694 0.10884494 1.00672936
v -0.25050384 0.10647367 1.01322114
v -0.26428938 0.09922963 1.01253498
v -0.25140926 0.11237451 1.00832570
v -0.26031694 0.10884494 1.00672936
v -0.25208950 0.11488124 1.00553751
v -0.25140926 0.11237451 1.00832570
v -0.24475697 0.11143906 1.01216829
v -0.26686054 0.10768861 1.00311279
v -0.26595312 0.10607661 1.00596642
v -0.24744615 0.10733961 1.01379597
v -0.25596529 0.10155746 1.01415241
v -0.24161811 0.11235749 1.01278389
v -0.24113381 0.10889302 1.01476204
v -0.23938842 0.11936318 1.00808024
v -0.23830537 0.11299749 1.01304936
v -0.23784339 0.10945117 1.01496863
v -0.24899602 0.11612454 1.00623238
v -0.24267842 0.11840683 1.00756216
v -0.25208950 0.11488124 1.00553751
v -0.24022797 0.09403049 1.01985955
v -0.24032032 0.09783546 1.01901460
v -0.23702392 0.09827342 1.01909029
v -0.21326788 0.09625059 1.01968241
v -0.23011374 0.09120513 1.02035809
v -0.23541714 0.11663639 1.01060367
v -0.23592857 0.11979792 1.00809205
v -0.24089670 0.13413955 0.87091595
v -0.23785165 0.13497034 0.80503720
v -0.24020061 0.13450669 0.91902184
v -0.23709962 0.13498621 0.89308959
v -0.23642501 0.13499619 0.93032533
v -0.23978679 0.13472390 0.94527167
v -0.24271049 0.13287437 0.96793288
v -0.24221921 0.13155307 0.98339409
v -0.23894107 0.13346815 0.97984201
v -0.23875394 0.13293409 0.98373991
v -0.23847803 0.13192517 0.98757261
v -0.24192794 0.13063437 0.98718798
v -0.23951481 0.13473102 0.96433115
v -0.24899602 0.11612454 1.00623238
v -0.24267842 0.11840683 1.00756216
v -0.24094066 0.12656525 0.99841142
v -0.23997252 0.12222175 1.00520110
v -0.24326590 0.12102866 1.00457823
v -0.23997252 0.12222175 1.00520110
v -0.23814353 0.13059090 0.99131596
v -0.11895210 0.06878219 1.02158880
v -0.23704752 0.07174238 1.02158701
v -0.19913502 0.07749605 1.02151406
v -0.18188521 0.09329282 1.02019668
v -0.19595566 0.09685682 1.01953900
v -0.22158352 0.11739738 1.01025569
v -0.16805674 0.11498740 1.01198030
v -0.23114215 0.11012267 1.01481616
v -0.22895223 0.12018352 1.00786257
v -0.22895223 0.12018352 1.00786257
v -0.23592857 0.11979792 1.00809205
v -0.23644318 0.12267469 1.00523794
v -0.22581525 0.12293151 1.00480783
v -0.21012636 0.10387780 1.01735187
v -0.23079850 0.10645460 1.01644278
v -0.21032386 0.10757508 1.01605701
v -0.16439910 0.11173605 1.01403785
v -0.23590413 0.13499361 0.96063215
v -0.23582615 0.13495982 0.96446359
v -0.23501623 0.13306771 0.98380387
v -0.23522206 0.13374728 0.97994840
v -0.22783035 0.13383812 0.98004711
v -0.12894675 0.13331684 0.98284143
v -0.22801879 0.13435601 0.97619849
v -0.19147791 0.13462804 0.97240657
v -0.23571640 0.13482343 0.96831530
v -0.16244283 0.13485830 0.96825904
v -0.23692483 0.12510601 1.00200951
v -0.20819913 0.12569560 1.00156212
v -0.23739816 0.12732415 0.99864101
v -0.23378652 0.12746383 0.99857837
v -0.23782361 0.12930605 0.99511540
v -0.23050928 0.12917757 0.99492157
v -0.23108645 0.13220149 0.98765785
v -0.23448381 0.13076049 0.99133813
v -0.19431196 0.13096209 0.99112791
v -0.23938842 0.11936318 1.00808024
v -0.21128058 0.12058236 1.00749338
v -0.21128058 0.12058236 1.00749338
v -0.16427028 0.08571007 1.02104759
v -0.17847839 0.10087030 1.01838851
v -0.17144223 0.10460392 1.01714122
v -0.16197887 0.13384067 0.97969532
v -0.13950974 0.12975451 0.99422193
v -0.13597208 0.08916984 1.02078485
v -0.12137435 0.10018186 1.01863313
v -0.11929553 0.13499910 0.95900130
v -0.11138313 0.13468719 0.97012353
v -0.11365996 0.12816603 0.99740481
v -0.11719062 0.12364249 1.00415754
v -0.18639566 0.12344406 1.00438750
v -0.11747690 0.12987211 0.99387318
v -0.19700600 0.12076952 1.00733066
v -0.15737973 0.12104002 1.00708711
v -0.19700600 0.12076952 1.00733066
v -0.15737973 0.12104002 1.00708711
v -0.17892610 0.11801783 1.00973690
v -0.11455420 0.09192505 1.02037585
v -0.11437816 0.09583928 1.01969433
v -0.13552158 0.11163796 1.01410317
v -0.11405007 0.10352001 1.01740456
v -0.11455750 0.13388796 0.97825378
v -0.11524443 0.13486995 0.96650732
v -0.11413862 0.13249320 0.98610252
v -0.13551356 0.12103504 1.00704801
v -0.13551356 0.12103504 1.00704801
v -0.11532258 0.07236435 1.02157164
v -0.11167976 0.07593822 1.02142978
v -0.11488171 0.08408546 1.02117634
v -0.11472502 0.08800168 1.02087760
v -0.11389335 0.10727806 1.01595223
v -0.11362913 0.11444869 1.01220274
v -0.11373483 0.11099925 1.01434398
v -0.11350642 0.13498887 0.93179667
v -0.11396439 0.13123307 0.98994577
v -0.11354592 0.11771283 1.00978124
v -0.11349221 0.12084518 1.00716197
v -0.11349221 0.12084518 1.00716197
v -0.10804873 0.07943293 1.02079213
v -0.10835285 0.07171264 1.02110672
v -0.10476226 0.07514409 1.02035701
v -0.11079636 0.09551726 1.01960707
v -0.11099597 0.09157725 1.02021873
v -0.11421204 0.09971672 1.01870883
v -0.11046106 0.10319236 1.01728570
v -0.10117003 0.07852960 1.01942801
v -0.11152449 0.07984307 1.02125978
v -0.10749743 0.09111092 1.01968086
v -0.08724515 0.08019256 1.01623881
v -0.09048137 0.08448551 1.01651180
v -0.11027038 0.10698169 1.01589406
v -0.10674768 0.10639630 1.01527917
v -0.08994086 0.09554733 1.01395273
v -0.10696359 0.10262519 1.01665032
v -0.10729393 0.09501447 1.01899338
v -0.10659340 0.10997801 1.01340806
v -0.10632785 0.11669966 1.00894988
v -0.08254796 0.10741813 1.00549388
v -0.11009473 0.11067239 1.01418400
v -0.10986559 0.11745871 1.00967062
v -0.10981856 0.12050445 1.00692689
v -0.10630872 0.11964205 1.00616872
v -0.11143525 0.13494571 0.88702852
v -0.10881666 0.13444236 0.83219874
v -0.10819691 0.13425748 0.87585717
v -0.10724638 0.13395642 0.91264170
v -0.11011418 0.13480094 0.92777938
v -0.10880080 0.13441801 0.95429230
v -0.11233342 0.13496962 0.95461226
v -0.10839111 0.13403898 0.96197844
v -0.09099053 0.12863755 0.96352017
v -0.10786036 0.13387717 0.96974117
v -0.09362467 0.12863477 0.97537398
v -0.10717683 0.13224022 0.98142064
v -0.10760431 0.13357554 0.97364771
v -0.09384670 0.12917724 0.97160590
v -0.10694493 0.13142772 0.98531342
v -0.11047147 0.13234736 0.98583728
v -0.11113141 0.13443530 0.97406262
v -0.11350080 0.12357257 1.00412560
v -0.11356185 0.12596405 1.00082076
v -0.11380035 0.12985489 0.99374098
v -0.10986857 0.12573469 1.00062466
v -0.10983079 0.12321202 1.00385106
v -0.10981856 0.12050445 1.00692689
v -0.11000062 0.12779574 0.99709320
v -0.10648420 0.12688333 0.99647564
v -0.10633782 0.12484573 0.99996388
v -0.10986857 0.12573469 1.00062466
v -0.10633782 0.12484573 0.99996388
v -0.10632516 0.12230612 1.00311601
v -0.10983079 0.12321202 1.00385106
v -0.11030538 0.13104708 0.98966795
v -0.08268084 0.12123680 0.98793328
v -0.09278220 0.12273674 0.99355209
v -0.10678338 0.13017307 0.98911852
v -0.11434408 0.13335426 0.98218679
v -0.08926865 0.11971238 0.99612457
v -0.08920823 0.11744931 0.99923033
v -0.07907765 0.11208753 0.99965239
v -0.04304430 0.05227897 1.00788021
v -0.05679326 0.06079162 1.01061893
v -0.08022290 0.08261406 1.01414096
v -0.08670834 0.09121626 1.01421058
v -0.07369801 0.07411420 1.01363885
v -0.05982176 0.07498191 1.01022410
v -0.05624209 0.08105521 1.00812173
v -0.06286323 0.08938373 1.00765181
v -0.05957389 0.08520879 1.00798810
v -0.08296117 0.09760450 1.01104033
v -0.09299902 0.10338973 1.01194203
v -0.06601927 0.09679027 1.00545752
v -0.08246633 0.11033187 1.00310743
v -0.06587113 0.10288935 1.00149381
v -0.06925605 0.10081856 1.00437689
v -0.06239034 0.10948820 0.99297386
v -0.05707463 0.11789397 0.95467645
v -0.08048602 0.12508439 0.96559685
v -0.03971970 0.11223583 0.95587665
v -0.08283977 0.12261353 0.98443496
v -0.06245338 0.11484347 0.98364496
v -0.04580288 0.10798950 0.98352265
v -0.06571493 0.11256948 0.99072957
v -0.08926865 0.11971238 0.99612457
v -0.06003948 0.06814627 1.01096916
v -0.03928535 0.06167901 1.00661349
v -0.03906199 0.06814088 1.00597906
v -0.03903122 0.07134866 1.00546515
v -0.05617221 0.09096184 1.00476265
v -0.03939676 0.08368943 1.00211978
v -0.03960721 0.08668019 1.00085676
v -0.03986752 0.08959460 0.99938464
v -0.03954701 0.11190137 0.95929736
v -0.05638510 0.11707853 0.96522146
v -0.05581858 0.11395094 0.97898400
v -0.05253957 0.11389466 0.97499955
v -0.03907658 0.10936758 0.97274143
v -0.03915516 0.10711148 0.97916740
v -0.06963409 0.12014736 0.97461176
v -0.03912499 0.11021312 0.96941918
v -0.05621545 0.11653746 0.96869731
v -0.03997291 0.09775589 0.99345398
v -0.06571493 0.11256948 0.99072957
v -0.03984404 0.10012989 0.99091214
v -0.06946075 0.11928501 0.97813088
v -0.04365436 0.11362310 0.94940853
v -0.04026906 0.11252533 0.94899982
v -0.03722814 0.02541824 1.00608003
v -0.03722814 0.02541824 1.00608003
v -0.03703412 0.03849592 1.00574970
v -0.03947961 0.05513743 1.00701249
v -0.03703412 0.03849592 1.00574970
v -0.03683627 0.05469621 1.00495565
v -0.03683627 0.05469621 1.00495565
v -0.03680678 0.06110749 1.00441539
v -0.03680678 0.06110749 1.00441539
v -0.03661726 0.08118784 0.99693298
v -0.03659268 0.08473615 0.99189144
v -0.03910672 0.07447968 1.00471318
v -0.03701290 0.08837532 0.99784935
v -0.03685500 0.08257951 1.00012147
v -0.04003454 0.09248182 0.99772239
v -0.03715030 0.09121508 0.99643588
v -0.03679112 0.07367354 1.00242770
v -0.03685500 0.08257951 1.00012147
v -0.03665807 0.09140174 0.99216330
v -0.03701290 0.08837532 0.99784935
v -0.03666593 0.10819846 0.82955617
v -0.03778269 0.11155533 0.80841577
v -0.03778269 0.11155533 0.80841577
v -0.03755374 0.11139554 0.84026504
v -0.03661991 0.10684951 0.90328640
v -0.03755374 0.11139554 0.84026504
v -0.04048500 0.11260002 0.86513829
v -0.03740677 0.11124809 0.85794193
v -0.03663474 0.10770614 0.86835951
v -0.03740677 0.11124809 0.85794193
v -0.03719867 0.11101270 0.87553710
v -0.03719867 0.11101270 0.87553710
v -0.03705226 0.11082879 0.88603026
v -0.03705226 0.11082879 0.88603026
v -0.03992340 0.11240695 0.89322853
v -0.03692573 0.11030648 0.90348512
v -0.03933088 0.11220362 0.91066915
v -0.03677084 0.10968418 0.91737503
v -0.03866464 0.11196527 0.92456567
v -0.03692573 0.11030648 0.90348512
v -0.03677084 0.10968418 0.91737503
v -0.03828603 0.11179040 0.93147027
v -0.03780230 0.11156386 0.93832898
v -0.03672067 0.10907217 0.92772746
v -0.03669378 0.10862771 0.93458039
v -0.03667735 0.10837130 0.93798286
v -0.03669378 0.10862771 0.93458039
v -0.03667735 0.10837130 0.93798286
v -0.03672067 0.10907217 0.92772746
v -0.03971970 0.11223583 0.95587665
v -0.04026906 0.11252533 0.94899982
v -0.03713381 0.11093526 0.94858521
v -0.03685090 0.10975228 0.95879000
v -0.03954701 0.11190137 0.95929736
v -0.03755322 0.11140030 0.94174927
v -0.03713381 0.11093526 0.94858521
v -0.03664008 0.10779255 0.94477212
v -0.03755322 0.11140030 0.94174927
v -0.03780230 0.11156386 0.93832898
v -0.03951048 0.10401016 0.98524219
v -0.03912499 0.11021312 0.96941918
v -0.03663885 0.09743325 0.98548895
v -0.03676630 0.10687414 0.97195226
v -0.03685895 0.10350044 0.98133600
v -0.03907658 0.10936758 0.97274143
v -0.03915516 0.10711148 0.97916740
v -0.03927678 0.10573123 0.98229492
v -0.03927678 0.10573123 0.98229492
v -0.03699551 0.10044855 0.98717004
v -0.03951048 0.10401016 0.98524219
v -0.03968583 0.10214129 0.98810160
v -0.03951048 0.10401016 0.98524219
v -0.04002803 0.09519595 0.99572188
v -0.03714878 0.09852270 0.98987907
v -0.03717033 0.09631952 0.99236971
v -0.03716823 0.09384994 0.99456066
v -0.03984404 0.10012989 0.99091214
v -0.03968583 0.10214129 0.98810160
v -0.03714878 0.09852270 0.98987907
v -0.26657516 -0.11865500 -0.21894002
v -0.26858976 -0.10272638 -0.22037914
v -0.26834047 -0.10585304 -0.22339851
v -0.26854521 -0.10904528 -0.22298315
v -0.26834047 -0.10585304 -0.22339851
v -0.26854521 -0.10904528 -0.22298315
v -0.25362363 -0.12650424 -0.22205266
v -0.25036889 -0.12838569 -0.22307247
v -0.24957897 -0.12509258 -0.22349043
v -0.25321776 -0.12407697 -0.22349146
v -0.24665704 -0.12957439 -0.22347605
v -0.12685350 -0.13308442 -0.22386353
v -0.12685350 -0.13308442 -0.22386353
v -0.09637266 -0.13094556 -0.24513572
v -0.09285048 -0.13013311 -0.24670026
v -0.09443849 -0.12926696 -0.25003129
v -0.09731814 -0.12863287 -0.24719422
v -0.09443849 -0.12926696 -0.25003129
v -0.06082450 -0.11910763 -0.26190436
v -0.03585780 -0.11065522 -0.09510074
v -0.24233979 -0.12567191 0.99864018
v -0.23896594 -0.12690328 0.99920255
v -0.22401780 -0.12274348 1.00533736
v -0.03666728 -0.08668210 0.99595159
v -0.26056719 0.12231436 -0.22282536
v -0.26385191 0.12034106 -0.22195838
v -0.25334820 0.12667017 -0.22112088
v -0.09410568 0.13034841 -0.24661811
v -0.09521181 0.12859322 -0.24926719
v -0.02683724 0.09578660 -0.26348990
v -0.02672549 0.09978867 -0.26343438
v -0.03590762 0.11086337 -0.26035103
v -0.03259215 0.10912500 -0.25934878
v -0.03259215 0.10912500 -0.25934878
v -0.02940280 0.10687346 -0.25898442
v -0.02671287 0.10306194 -0.24678299
v -0.02688383 0.10366707 -0.25965667
v -0.26841670 0.02684699 1.01948237
v -0.26852307 0.10582707 0.99923623
v -0.26781532 0.10910030 1.00010848
v -0.26843157 0.10499571 1.00239623
v -0.26814345 0.10407706 1.00546384
v -0.23540655 0.13419761 0.97607160
v -0.03679112 0.07367354 1.00242770
v -0.26845136 -0.11576471 -0.21882787
v -0.26579431 -0.11201124 -0.22349605
v -0.26821834 -0.10836320 1.00007665
v -0.26763481 -0.10726432 1.00284457
v -0.26821834 -0.10836320 1.00007665
v -0.26850632 -0.10447665 1.00216389
v -0.26763481 -0.10726432 1.00284457
v -0.26749602 -0.09951851 1.01069856
v -0.26835072 -0.10115886 1.00733852
v -0.03867155 -0.09590035 0.99439907
v -0.26857376 0.11228640 -0.22211631
v -0.26854217 0.10114457 1.00469303
v -0.26711091 -0.11806736 -0.22152674
v -0.02857575 -0.10575522 -0.26207852
v -0.26702222 0.11819171 -0.22133954
v -0.02739258 0.10384048 -0.26267329
v -0.03715030 0.09121508 0.99643588
v -0.26823124 -0.11510834 -0.22154358
v -0.26674074 -0.11708243 -0.22320858
v -0.26653203 -0.11475150 -0.22346430
v -0.26711091 -0.11806736 -0.22152674
v -0.26823124 -0.11510834 -0.22154358
v -0.26857349 -0.11210685 -0.22226144
v -0.02458951 -0.09248218 -0.26202118
v -0.02731173 -0.09251080 -0.26349512
v -0.02698760 -0.09592208 -0.26349029
v -0.02485819 -0.09593882 -0.26153111
v -0.02545536 -0.09937587 -0.26105049
v -0.02667673 -0.09930552 -0.26345426
v -0.02545536 -0.09937587 -0.26105049
v -0.02675648 -0.10220147 -0.26314539
v -0.02944306 -0.10323912 -0.26347372
v -0.02675648 -0.10220147 -0.26314539
v -0.02944306 -0.10323912 -0.26347372
v -0.02667673 -0.09930552 -0.26345426
v -0.02857575 -0.10575522 -0.26207852
v -0.26812372 -0.10322221 1.00668728
v -0.26685950 -0.10204218 1.00919366
v -0.26647550 -0.10418316 1.00737035
v -0.26684996 -0.10585734 1.00519347
v -0.26684996 -0.10585734 1.00519347
v -0.26685950 -0.10204218 1.00919366
v -0.03724488 -0.08856050 0.99817038
v -0.03952719 -0.09134972 0.99805987
v -0.03960107 -0.08921172 0.99944824
v -0.03949456 -0.08715482 1.00058925
v -0.03937758 -0.08498322 1.00151122
v -0.26826301 0.11521583 -0.22145489
v -0.26857376 0.11228640 -0.22211631
v -0.26597884 0.11206403 -0.22349612
v -0.26671153 0.11474353 -0.22341289
v -0.26826301 0.11521583 -0.22145489
v -0.26681337 0.11724749 -0.22308880
v -0.26702222 0.11819171 -0.22133954
v -0.03056773 0.10639630 -0.26332119
v -0.02966328 0.10696663 -0.26166737
v -0.03272005 0.10883182 -0.26206836
v -0.02739258 0.10384048 -0.26267329
v -0.03598836 0.11016515 -0.26336670
v -0.03272005 0.10883182 -0.26206836
v -0.03590762 0.11086337 -0.26035103
v -0.02966328 0.10696663 -0.26166737
v -0.26805252 0.09975103 1.00967693
v -0.26732346 0.10268670 1.00822127
v -0.26677462 0.09852389 1.01185036
v -0.26805252 0.09975103 1.00967693
v -0.26840636 0.10041023 1.00752175
v -0.26840636 0.10041023 1.00752175
v -0.26849240 0.09521752 1.01036477
v -0.26732346 0.10268670 1.00822127
v -0.26814345 0.10407706 1.00546384
v -0.03716823 0.09384994 0.99456066
v -0.03717033 0.09631952 0.99236971
vt 0.94794428 0.38176298
vt 0.94771886 0.37868249
vt 0.94028258 0.37956917
vt 0.95991248 0.38206726
vt 0.94249165 0.40254873
vt 0.95814186 0.39504671
vt 0.95274198 0.38074040
vt 0.93239176 0.37750494
vt 0.92991960 0.38041806
vt 0.93757129 0.37708873
vt 0.91663474 0.38112712
vt 0.92713529 0.37786233
vt 0.91117477 0.37856531
vt 0.88968217 0.38210255
vt 0.89500886 0.37915862
vt 0.87871152 0.37958014
vt 0.89493352 0.37640011
vt 0.87318671 0.37696886
vt 0.81832582 0.38060468
vt 0.67398608 0.38458431
vt 0.73241729 0.38145334
vt 0.72129834 0.37885451
vt 0.94517040 0.37629461
vt 0.95007372 0.37564504
vt 0.95250881 0.37795818
vt 0.90023553 0.37351161
vt 0.95970267 0.37419415
vt 0.66780090 0.37658489
vt 0.84305573 0.37757313
vt 0.95730937 0.32203823
vt 0.95880187 0.35925013
vt 0.95911592 0.35404146
vt 0.95842975 0.36437452
vt 0.96090895 0.36182463
vt 0.96106803 0.35926247
vt 0.95950419 0.34614635
vt 0.63654464 0.85463989
vt 0.63400495 0.85222650
vt 0.63138610 0.85209084
vt 0.62870741 0.85435933
vt 0.64171231 0.85496700
vt 0.64176977 0.85273695
vt 0.64429528 0.85297799
vt 0.65420187 0.85154474
vt 0.52092868 0.84091324
vt 0.95984805 0.33549213
vt 0.96003675 0.32471603
vt 0.61813027 0.85420960
vt 0.61014104 0.85142928
vt 0.60744059 0.85412240
vt 0.95993793 0.31117249
vt 0.95730430 0.30576909
vt 0.95974529 0.28939807
vt 0.59400380 0.85388935
vt 0.57240033 0.85378873
vt 0.90332896 0.20195264
vt 0.95697838 0.27583116
vt 0.95661741 0.25955236
vt 0.95918524 0.38860607
vt 0.96124935 0.38790792
vt 0.96076399 0.38495004
vt 0.95990121 0.39156604
vt 0.96194881 0.39075243
vt 0.66422385 0.84799105
vt 0.66499799 0.84513152
vt 0.66103655 0.85016894
vt 0.66285384 0.85074759
vt 0.96068859 0.39448249
vt 0.95874333 0.39804149
vt 0.96113819 0.39748430
vt 0.95378125 0.40175980
vt 0.95938212 0.40113854
vt 0.96161062 0.39814514
vt 0.96087164 0.40117073
vt 0.96328086 0.40146029
vt 0.96405464 0.39850599
vt 0.96003658 0.40424776
vt 0.96275485 0.40447032
vt 0.67070055 0.83424431
vt 0.67137396 0.83127469
vt 0.67179281 0.82823533
vt 0.96003920 0.40740556
vt 0.96252972 0.40755415
vt 0.94554889 0.40521777
vt 0.93716300 0.40567148
vt 0.92595136 0.40339971
vt 0.91241348 0.40673745
vt 0.81885719 0.40579093
vt 0.95735145 0.40749079
vt 0.82943618 0.40298468
vt 0.71607912 0.40938103
vt 0.65806925 0.84064764
vt 0.62082428 0.85169607
vt 0.95997763 0.41655475
vt 0.96241212 0.41063321
vt 0.96225649 0.41668558
vt 0.67198384 0.82520658
vt 0.66581303 0.41240132
vt 0.96093673 0.50078058
vt 0.67243564 0.80447751
vt 0.67221278 0.81918710
vt 0.96034813 0.45464635
vt 0.96235597 0.44313061
vt 0.96221924 0.43151051
vt 0.67237228 0.76164913
vt 0.67249310 0.79293102
vt 0.67245620 0.77012646
vt 0.96280420 0.46609974
vt 0.96081042 0.47179902
vt 0.96308166 0.47462922
vt 0.64322460 0.74942696
vt 0.96356964 0.48874581
vt 0.96184587 0.49162865
vt 0.67238146 0.74762952
vt 0.64334118 0.74657315
vt 0.66514665 0.74448222
vt 0.96296871 0.49710512
vt 0.96376741 0.49149311
vt 0.96416730 0.49413961
vt 0.90027851 0.82934719
vt 0.89734167 0.83183962
vt 0.90205652 0.83236742
vt 0.90255195 0.82975829
vt 0.90335119 0.82715446
vt 0.90093780 0.82656729
vt 0.89259535 0.82852566
vt 0.89221728 0.83136427
vt 0.89448386 0.83439803
vt 0.88392693 0.83370262
vt 0.65453768 0.74403685
vt 0.96733844 0.50172383
vt 0.96495807 0.49670130
vt 0.64346743 0.74372780
vt 0.87290502 0.83321154
vt 0.85889030 0.82995695
vt 0.84174067 0.82668817
vt 0.84464580 0.82400745
vt 0.90152317 0.82344091
vt 0.85308605 0.83264410
vt 0.83879644 0.82953167
vt 0.52837861 0.74636191
vt 0.62356907 0.74338603
vt 0.61206037 0.74327296
vt 0.84162331 0.83244270
vt 0.80128998 0.83212763
vt 0.57157415 0.74317861
vt 0.90067506 0.81468976
vt 0.89828467 0.81132519
vt 0.90241724 0.82099980
vt 0.90117824 0.81172156
vt 0.97612888 0.50789547
vt 0.97377962 0.50872380
vt 0.97508270 0.51150334
vt 0.97762823 0.51055276
vt 0.90320623 0.81813002
vt 0.90312290 0.81508923
vt 0.90145493 0.80869782
vt 0.89869636 0.80826575
vt 0.97635096 0.51434392
vt 0.97916305 0.51321036
vt 0.90142787 0.80565089
vt 0.89902025 0.80517668
vt 0.88741714 0.79179418
vt 0.89685071 0.79843020
vt 0.96945810 0.50084227
vt 0.96858996 0.50438106
vt 0.97092324 0.50337511
vt 0.90380222 0.82442886
vt 0.95939320 0.50366724
vt 0.96622902 0.49914360
vt 0.97269040 0.50583994
vt 0.96991140 0.50708979
vt 0.97230196 0.51267600
vt 0.95754242 0.50671226
vt 0.96042854 0.50648284
vt 0.96325350 0.50597835
vt 0.96713340 0.50809121
vt 0.96140343 0.50925356
vt 0.96434361 0.50877357
vt 0.96829599 0.51086950
vt 0.96537685 0.51151156
vt 0.95464885 0.50680268
vt 0.95702326 0.51514351
vt 0.96013343 0.51495987
vt 0.96939051 0.51360643
vt 0.97346538 0.51547813
vt 0.96409845 0.51736742
vt 0.96813786 0.51962727
vt 0.88137025 0.50410849
vt 0.89566803 0.50704110
vt 0.85586238 0.50391656
vt 0.82468957 0.50658393
vt 0.79574692 0.50382453
vt 0.58300334 0.50707138
vt 0.74236834 0.50940102
vt 0.81048024 0.50946301
vt 0.98870271 0.52979803
vt 0.99225801 0.52896369
vt 0.99126196 0.52561957
vt 0.98786384 0.52670377
vt 0.98455489 0.52773559
vt 0.98527145 0.53063357
vt 0.98545569 0.53356183
vt 0.98893720 0.53302824
vt 0.99224097 0.53252840
vt 0.99527335 0.53257579
vt 0.99548531 0.52903068
vt 0.89731067 0.78839040
vt 0.89412409 0.78807133
vt 0.89414334 0.79154158
vt 0.89757174 0.79182154
vt 0.98364335 0.52481800
vt 0.98668629 0.52378356
vt 0.98559779 0.52082878
vt 0.98264337 0.52188182
vt 0.98042405 0.52574432
vt 0.98114175 0.52853584
vt 0.97956491 0.52291596
vt 0.98164660 0.53132540
vt 0.98932034 0.52285153
vt 0.89980459 0.79582298
vt 0.89712131 0.79513836
vt 0.89958572 0.79893816
vt 0.97757268 0.52919275
vt 0.97629327 0.52375299
vt 0.97792870 0.53194702
vt 0.98177862 0.53414673
vt 0.98858690 0.53619957
vt 0.99183559 0.53589439
vt 0.99476129 0.53597611
vt 0.97139078 0.51905829
vt 0.97453773 0.51825410
vt 0.96886337 0.52229911
vt 0.97290188 0.52443528
vt 0.97856402 0.52006841
vt 0.97400373 0.52978039
vt 0.97809064 0.53749228
vt 0.97079116 0.53293818
vt 0.99202967 0.55712360
vt 0.89080936 0.78828096
vt 0.89392030 0.78457040
vt 0.88752770 0.78529209
vt 0.89359421 0.78117949
vt 0.89004427 0.77852482
vt 0.88115436 0.78592968
vt 0.88441670 0.78873813
vt 0.89325804 0.77789551
vt 0.87808543 0.78910643
vt 0.87183905 0.78943992
vt 0.85362607 0.78985614
vt 0.86260748 0.78684562
vt 0.79809618 0.78713667
vt 0.85348088 0.78416711
vt 0.87487173 0.78634769
vt 0.73366123 0.78959930
vt 0.76042652 0.78420186
vt 0.71210641 0.79206538
vt 0.99128920 0.53918791
vt 0.99437422 0.53928894
vt 0.99068326 0.54239738
vt 0.99381065 0.54251140
vt 0.89262021 0.77472389
vt 0.88980484 0.77534932
vt 0.98514223 0.53660929
vt 0.98161381 0.53704417
vt 0.98803669 0.53933048
vt 0.99165142 0.55476367
vt 0.99210697 0.55169982
vt 0.99256235 0.54865360
vt 0.99443465 0.55489719
vt 0.99469465 0.55188459
vt 0.99507874 0.54887331
vt 0.55516630 0.56252527
vt 0.88937110 0.77224815
vt 0.88488221 0.76088160
vt 0.88893193 0.76920682
vt 0.87996191 0.75010389
vt 0.88856649 0.76621974
vt 0.89192200 0.77166861
vt 0.89136988 0.76864916
vt 0.88443589 0.75792485
vt 0.99417436 0.55794531
vt 0.99359816 0.56091976
vt 0.88712007 0.75730294
vt 0.88646674 0.75439703
vt 0.88396710 0.75498295
vt 0.88782990 0.76024067
vt 0.88700545 0.56290048
vt 0.88823020 0.76323891
vt 0.88345665 0.75207025
vt 0.88589805 0.75146312
vt 0.99475676 0.56731558
vt 0.99226409 0.56682444
vt 0.99152464 0.56979179
vt 0.99414271 0.57027149
vt 0.88289213 0.74914193
vt 0.99293107 0.56384063
vt 0.98363024 0.56667584
vt 0.98316485 0.56964135
vt 0.96029031 0.56733817
vt 0.97159427 0.57267183
vt 0.98002410 0.57257783
vt 0.97419655 0.57552320
vt 0.99230301 0.57593626
vt 0.96837813 0.57847428
vt 0.98756450 0.57851851
vt 0.95118743 0.57326716
vt 0.95403242 0.57599145
vt 0.95969284 0.57864177
vt 0.89243752 0.56554765
vt 0.89831734 0.56849283
vt 0.93351352 0.57092190
vt 0.93939811 0.57357287
vt 0.93933934 0.57634032
vt 0.89543605 0.57119316
vt 0.91291368 0.57125252
vt 0.89832538 0.57399529
vt 0.87852961 0.56569439
vt 0.87290645 0.56831563
vt 0.88402033 0.57396376
vt 0.88968420 0.57670999
vt 0.90995359 0.57671648
vt 0.87837434 0.57660717
vt 0.86113143 0.56547219
vt 0.87000912 0.56836772
vt 0.86710143 0.56826836
vt 0.87289023 0.57119817
vt 0.87010694 0.57106453
vt 0.87293553 0.57382345
vt 0.87567455 0.57390213
vt 0.87567449 0.57122535
vt 0.87009835 0.57376033
vt 0.86715853 0.57102036
vt 0.87275010 0.57646286
vt 0.87569338 0.57656407
vt 0.87000316 0.57648855
vt 0.87566733 0.57922417
vt 0.86700398 0.58743680
vt 0.87562686 0.58188814
vt 0.87836063 0.57929075
vt 0.87833655 0.58199328
vt 0.87835807 0.58459806
vt 0.84874290 0.56517208
vt 0.85503531 0.56796992
vt 0.85185677 0.57053816
vt 0.85518527 0.57084537
vt 0.85818118 0.57091272
vt 0.86116797 0.56816858
vt 0.86416322 0.57101434
vt 0.80294710 0.56764942
vt 0.35253575 0.57375014
vt 0.84866482 0.57637930
vt 0.86825556 0.74601364
vt 0.85711259 0.74647242
vt 0.86260146 0.74368370
vt 0.85702330 0.74378812
vt 0.86941910 0.61766702
vt 0.87241060 0.61215943
vt 0.87537777 0.60388839
vt 0.86668301 0.61496168
vt 0.87817532 0.60667849
vt 0.85169530 0.65377396
vt 0.85487127 0.63164335
vt 0.85806185 0.60953456
vt 0.86113948 0.57104129
vt 0.86090553 0.61499733
vt 0.86409098 0.59019434
vt 0.84589452 0.74675667
vt 0.84299487 0.74393374
vt 0.86386812 0.61496645
vt 0.87486482 0.65099347
vt 0.87739956 0.67038530
vt 0.87223864 0.63435912
vt 0.86645210 0.63986969
vt 0.86362606 0.63709271
vt 0.86075449 0.63707364
vt 0.86925822 0.64542049
vt 0.85786092 0.63982975
vt 0.85484499 0.65362203
vt 0.72353560 0.74785149
vt 0.75523281 0.74646419
vt 0.83454233 0.74406511
vt 0.80353189 0.74409497
vt 0.99373919 0.62091082
vt 0.99091452 0.61808115
vt 0.99340236 0.65223372
vt 0.99002254 0.68652308
vt 0.86346257 0.65091711
vt 0.86066705 0.64539206
vt 0.86043400 0.66468048
vt 0.86629218 0.65370578
vt 0.86915416 0.65372133
vt 0.59472466 0.73101568
vt 0.84736800 0.73289371
vt 0.92155731 0.58209705
vt 0.99262482 0.58147478
vt 0.90120858 0.57946336
vt 0.88966715 0.57940942
vt 0.88961697 0.58212239
vt 0.88072044 0.58468258
vt 0.99064231 0.59547818
vt 0.99357778 0.59819448
vt 0.99342287 0.59254724
vt 0.99277830 0.58680612
vt 0.86816990 0.74352533
vt 0.99293900 0.58412802
vt 0.88084918 0.58723152
vt 0.99376911 0.61236256
vt 0.98897159 0.71225649
vt 0.88170731 0.72033083
vt 0.67685062 0.37911296
vt 0.65182811 0.38191128
vt 0.64066792 0.37924469
vt 0.61846697 0.38202691
vt 0.56285757 0.38252234
vt 0.48786703 0.38044941
vt 0.60166818 0.37386620
vt 0.61687589 0.20752144
vt 0.30180460 0.38766420
vt 0.64642745 0.40961468
vt 0.59360540 0.40714431
vt 0.44374508 0.41105187
vt 0.41600719 0.40853000
vt 0.57986343 0.50172544
vt 0.32769552 0.51093864
vt 0.36116043 0.50526696
vt 0.76031554 0.57029378
vt 0.72074479 0.56491351
vt 0.73769766 0.56753844
vt 0.60864675 0.56771910
vt 0.66739088 0.56498426
vt 0.63378096 0.57040751
vt 0.55842006 0.56523305
vt 0.47780615 0.56803173
vt 0.46292913 0.38336766
vt 0.42136803 0.38647580
vt 0.44626498 0.38085389
vt 0.41581541 0.38380873
vt 0.38529852 0.38147700
vt 0.36596277 0.38431001
vt 0.32722971 0.38472414
vt 0.33273003 0.38205481
vt 0.27474755 0.38251579
vt 0.26373914 0.38521779
vt 0.17831139 0.38580573
vt 0.23891141 0.38281512
vt 0.04963190 0.38975620
vt 0.19480431 0.38309598
vt 0.20577349 0.37813854
vt 0.20305862 0.38039798
vt 0.18928412 0.38314015
vt 0.19201793 0.38043851
vt 0.18927372 0.38044989
vt 0.19753341 0.38041496
vt 0.19475429 0.37770998
vt 0.19199626 0.37771845
vt 0.19752292 0.37769544
vt 0.20024702 0.37223816
vt 0.19748498 0.37225658
vt 0.19472346 0.37498641
vt 0.19201022 0.36962664
vt 0.19470938 0.36959529
vt 0.19472654 0.36420304
vt 0.18931243 0.36967242
vt 0.18930367 0.37236649
vt 0.19197834 0.37501353
vt 0.18925568 0.37503129
vt 0.20028122 0.36679995
vt 0.19746672 0.36685508
vt 0.19442526 0.30442154
vt 0.19201840 0.36424541
vt 0.19617864 0.22836840
vt 0.19065356 0.23928046
vt 0.20369594 0.21187574
vt 0.20159531 0.22557986
vt 0.19866876 0.22563994
vt 0.35282546 0.20862889
vt 0.34676009 0.40641773
vt 0.30531299 0.40946978
vt 0.34681183 0.41198194
vt 0.05134688 0.40615451
vt 0.25009379 0.40712595
vt 0.15090565 0.40775466
vt 0.28022218 0.41239977
vt 0.05102103 0.41364455
vt 0.18664435 0.41025770
vt 0.25288835 0.40981412
vt 0.41939402 0.51047754
vt 0.35565537 0.50805074
vt 0.19291618 0.50566125
vt 0.24810435 0.51129931
vt 0.05806894 0.56039310
vt 0.21500306 0.50836855
vt 0.46393058 0.56548321
vt 0.34482613 0.56577694
vt 0.40015158 0.56566203
vt 0.41678992 0.56817132
vt 0.45838216 0.57079864
vt 0.36694527 0.56831104
vt 0.29790950 0.57121289
vt 0.28964004 0.56842601
vt 0.27585077 0.56587666
vt 0.19078036 0.56323934
vt 0.23739502 0.56846416
vt 0.24561812 0.56588799
vt 0.20723444 0.56585878
vt 0.19629475 0.56843245
vt 0.20994756 0.57385975
vt 0.18377918 0.38325393
vt 0.11837579 0.38637364
vt 0.12384178 0.38369608
vt 0.09138498 0.38397801
vt 0.09671870 0.38659167
vt 0.06740880 0.38413042
vt 0.04886898 0.38674152
vt 0.06210960 0.38414526
vt 0.06486707 0.38144743
vt 0.04725882 0.40805298
vt 0.04648213 0.38411617
vt 0.04122803 0.38657737
vt 0.03890499 0.38391781
vt 0.03870136 0.38647306
vt 0.03940935 0.40521061
vt 0.04482864 0.40535617
vt 0.03114083 0.38608801
vt 0.02868143 0.38587070
vt 0.02918666 0.39927197
vt 0.03616498 0.38635498
vt 0.03394742 0.38369310
vt 0.03150843 0.38352960
vt 0.18112011 0.37515640
vt 0.18655509 0.37505257
vt 0.17837411 0.37786686
vt 0.18381748 0.37778664
vt 0.18925595 0.37772721
vt 0.17006047 0.34276617
vt 0.17556053 0.34270048
vt 0.17809729 0.38067675
vt 0.18654694 0.38046396
vt 0.09948885 0.37322640
vt 0.12661779 0.37564266
vt 0.12933043 0.37829208
vt 0.08880255 0.37596077
vt 0.08875572 0.37863541
vt 0.08350380 0.37331891
vt 0.07027788 0.37341160
vt 0.07287727 0.37607318
vt 0.07544562 0.38142335
vt 0.06766326 0.37341535
vt 0.07034636 0.35732073
vt 0.06772026 0.36814582
vt 0.07029013 0.37606895
vt 0.06765641 0.37606096
vt 0.07023061 0.37874663
vt 0.07016478 0.38143253
vt 0.06758656 0.37873137
vt 0.06509970 0.36809456
vt 0.06505753 0.37339288
vt 0.06246743 0.37073386
vt 0.06237495 0.37609577
vt 0.06250225 0.36540091
vt 0.06501364 0.37607062
vt 0.06230892 0.37879330
vt 0.06495848 0.37875718
vt 0.05451308 0.37892139
vt 0.02682814 0.37795317
vt 0.05953555 0.38145387
vt 0.05713782 0.37614292
vt 0.05975403 0.37611550
vt 0.05979854 0.37343121
vt 0.05986258 0.36807078
vt 0.05377436 0.35718417
vt 0.05148558 0.21917021
vt 0.03165687 0.38087893
vt 0.02676983 0.38058996
vt 0.01792663 0.37461990
vt 0.02429690 0.38031816
vt 0.02657492 0.38307178
vt 0.02905396 0.38332826
vt 0.00978096 0.37272012
vt 0.01204386 0.37165153
vt 0.01123347 0.36927581
vt 0.00894500 0.37023783
vt 0.22018681 0.79553026
vt 0.22320101 0.79436582
vt 0.22107047 0.79316276
vt 0.21784763 0.79429495
vt 0.21543756 0.79301476
vt 0.21462914 0.79555434
vt 0.21641935 0.79924190
vt 0.01051296 0.36677694
vt 0.00810104 0.36766672
vt 0.18937702 0.35612446
vt 0.11043256 0.34068060
vt 0.08356873 0.36526906
vt 0.10500861 0.33801872
vt 0.06995153 0.32221538
vt 0.06483580 0.34660262
vt 0.05938441 0.33580536
vt 0.05693821 0.34934688
vt 0.01031877 0.34782457
vt 0.00887640 0.35905588
vt 0.00985790 0.36421639
vt 0.00732862 0.36503428
vt 0.01439627 0.37076080
vt 0.00665316 0.36236322
vt 0.00573015 0.35691512
vt 0.00798637 0.35104692
vt 0.00522304 0.35141551
vt 0.20543759 0.78823572
vt 0.20031269 0.78610152
vt 0.19948018 0.78864509
vt 0.20459250 0.79081857
vt 0.20964573 0.79313600
vt 0.21299274 0.79172391
vt 0.21051139 0.79049402
vt 0.20712596 0.79196376
vt 0.17579810 0.33719993
vt 0.17826647 0.33995044
vt 0.17012362 0.33182734
vt 0.07518013 0.30857110
vt 0.07255927 0.31404501
vt 0.06725349 0.32758266
vt 0.00493652 0.34589005
vt 0.19519117 0.78394544
vt 0.19433862 0.78658158
vt 0.18398322 0.78256559
vt 0.19105542 0.78798288
vt 0.17938733 0.22587228
vt 0.17654507 0.22053379
vt 0.16014278 0.77411616
vt 0.17420316 0.77634692
vt 0.00435795 0.32368338
vt 0.00650693 0.24290812
vt 0.10479855 0.76163822
vt 0.18743990 0.78975910
vt 0.07230302 0.30299246
vt 0.06964966 0.30318940
vt 0.00409690 0.29851592
vt 0.15030307 0.76804131
vt 0.10994881 0.41071850
vt 0.11544701 0.40800983
vt 0.08543207 0.40818667
vt 0.04962219 0.41032064
vt 0.07442170 0.41088045
vt 0.03670857 0.40510613
vt 0.03123291 0.40483308
vt 0.03095357 0.40744889
vt 0.03369081 0.40761757
vt 0.03916952 0.40783095
vt 0.04167289 0.41052753
vt 0.04673060 0.41020763
vt 0.02360315 0.38528794
vt 0.02154169 0.38241887
vt 0.02053572 0.38741863
vt 0.02194096 0.39295459
vt 0.02837241 0.40467519
vt 0.23465088 0.80312341
vt 0.23443244 0.79799813
vt 0.23196511 0.79828310
vt 0.22874874 0.80789220
vt 0.23439370 0.80833673
vt 0.01923699 0.39241964
vt 0.02252588 0.40400630
vt 0.23719345 0.80834681
vt 0.23624969 0.81922001
vt 0.01964704 0.40358138
vt 0.02225439 0.40684861
vt 0.02488724 0.40980452
vt 0.03062447 0.41010779
vt 0.03243579 0.40975559
vt 0.03620206 0.41036785
vt 0.02138781 0.40951043
vt 0.23027976 0.81853485
vt 0.22776176 0.81549948
vt 0.22731340 0.81802857
vt 0.22479466 0.79756027
vt 0.22662526 0.80268753
vt 0.22734936 0.79623240
vt 0.22198163 0.81431645
vt 0.22148789 0.81678444
vt 0.21962500 0.81109011
vt 0.21737365 0.80773771
vt 0.21864760 0.81603241
vt 0.22387947 0.81995082
vt 0.22694750 0.82051390
vt 0.22101036 0.81923819
vt 0.22978209 0.82109392
vt 0.21810178 0.81850648
vt 0.21086937 0.81084162
vt 0.20015630 0.80670595
vt 0.20819154 0.80982369
vt 0.19678022 0.80826807
vt 0.20352584 0.81645179
vt 0.16179851 0.89562905
vt 0.03496402 0.41541457
vt 0.03817614 0.41543460
vt 0.04380602 0.41554403
vt 0.02741934 0.41259110
vt 0.02946541 0.41796786
vt 0.02203850 0.45681942
vt 0.01554689 0.49647427
vt 0.01881724 0.40951920
vt 0.01446655 0.43155622
vt 0.23279567 0.82159513
vt 0.23585613 0.82198542
vt 0.01606519 0.40668869
vt 0.01914141 0.40674943
vt 0.22862852 0.82635498
vt 0.22133994 0.83014119
vt 0.21244088 0.81679010
vt 0.20965771 0.81583315
vt 0.20465308 0.84503114
vt 0.21502617 0.82018256
vt 0.21027057 0.81335223
vt 0.20627032 0.81739897
vt 0.18681705 0.87048644
vt 0.20160557 0.88194567
vt 0.18578285 0.89073807
vt 0.19003840 0.90452403
vt 0.20011565 0.81802076
vt 0.16938266 0.88415927
vt 0.19176443 0.84636402
vt 0.16980743 0.89889508
vt 0.02469811 0.50463045
vt 0.22599296 0.84569728
vt 0.20009965 0.91181850
vt 0.23004530 0.83233708
vt 0.19433916 0.90948099
vt 0.19902185 0.84313971
vt 0.04272219 0.50103831
vt 0.01355818 0.46241510
vt 0.01918493 0.50211400
vt 0.21624383 0.87514657
vt 0.07395949 0.50330997
vt 0.02829384 0.50163454
vt 0.03713070 0.50395513
vt 0.01336340 0.48796207
vt 0.20763099 0.89934057
vt 0.04559939 0.50085098
vt 0.03130747 0.50137746
vt 0.03419861 0.50122678
vt 0.02265923 0.50180954
vt 0.01369934 0.50229537
vt 0.20243523 0.91278273
vt 0.01695612 0.50495797
vt 0.18475541 0.90811729
vt 0.17671096 0.90457046
vt 0.17513192 0.90096790
vt 0.17939371 0.90570813
vt 0.18207069 0.90687990
vt 0.16346039 0.89910716
vt 0.16609088 0.90008891
vt 0.18781902 0.83927029
vt 0.14063644 0.50557268
vt 0.13240190 0.50830299
vt 0.10745498 0.50562084
vt 0.07679261 0.50845790
vt 0.10475814 0.50834453
vt 0.08798587 0.50570786
vt 0.05136181 0.50342506
vt 0.06279569 0.50593549
vt 0.05151180 0.50611645
vt 0.05451996 0.50874263
vt 0.04286048 0.50362468
vt 0.04867310 0.50618613
vt 0.03145245 0.50402212
vt 0.03448735 0.50659686
vt 0.03730375 0.50648749
vt 0.03749084 0.50915420
vt 0.04030108 0.50907826
vt 0.02875996 0.50684965
vt 0.03467559 0.50926465
vt 0.03008632 0.52049518
vt 0.02859226 0.50417691
vt 0.02284476 0.50452179
vt 0.02302201 0.50724769
vt 0.02582749 0.50694919
vt 0.01394485 0.50520265
vt 0.01423969 0.50805128
vt 0.01713700 0.50770652
vt 0.20131327 0.91548002
vt 0.01124325 0.50842822
vt 0.02065738 0.51301116
vt 0.01602449 0.52197957
vt 0.02449730 0.52097297
vt 0.19563623 0.91308367
vt 0.19013590 0.91054881
vt 0.19284932 0.91180611
vt 0.00787657 0.50599653
vt 0.00817967 0.50888717
vt 0.19163971 0.91436332
vt 0.18632138 0.91175079
vt 0.17962377 0.93014503
vt 0.18625809 0.92424077
vt 0.19443075 0.91574645
vt 0.17104216 0.92269033
vt 0.17481880 0.92145962
vt 0.18362832 0.91050971
vt 0.17830092 0.90813440
vt 0.17217563 0.91424060
vt 0.17865823 0.92026091
vt 0.18744399 0.90929788
vt 0.17579992 0.93123794
vt 0.01409248 0.52792388
vt 0.16504449 0.90253568
vt 0.17563848 0.90698338
vt 0.17407358 0.90340257
vt 0.16396359 0.90495187
vt 0.17185959 0.90826815
vt 0.16551390 0.90846753
vt 0.16347371 0.91925192
vt 0.16134855 0.90388536
vt 0.15975943 0.90041268
vt 0.16722071 0.91795301
vt 0.11193287 0.88269591
vt 0.10044016 0.88153756
vt 0.12866874 0.89438540
vt 0.15467840 0.91852844
vt 0.04377855 0.51711446
vt 0.04910569 0.54747546
vt 0.05248837 0.55878085
vt 0.04035185 0.53933251
vt 0.04097422 0.51717561
vt 0.03623823 0.52564299
vt 0.03529333 0.54238772
vt 0.04381911 0.54764962
vt 0.03851975 0.54783493
vt 0.02045442 0.53257275
vt 0.02280880 0.52949560
vt 0.01085274 0.52564621
vt 0.02733796 0.54293090
vt 0.03060566 0.54821348
vt 0.03353100 0.55085367
vt 0.17489640 0.94335908
vt 0.16972950 0.94658101
vt 0.01944105 0.54382902
vt 0.18591806 0.93054223
vt 0.16430174 0.94054592
vt 0.16717297 0.92992073
vt 0.17066211 0.93474305
vt 0.15735160 0.93720281
vt 0.15257633 0.92929870
vt 0.16092499 0.93591785
vt 0.15030338 0.94008648
vt 0.05812704 0.87351584
vt 0.12881085 0.94662833
vt 0.13355112 0.94827950
vt 0.04732431 0.56182504
vt 0.04116999 0.54775465
vt 0.02663383 0.56223750
vt 0.03690220 0.56203067
vt 0.04469249 0.56190783
vt 0.04993753 0.56175524
vt 0.17566964 0.94704396
vt 0.01424101 0.54467350
vt 0.01904488 0.56265891
vt 0.01554157 0.55263537
vt 0.02410192 0.56234765
vt 0.16750453 0.95457834
vt 0.15595803 0.95948738
vt 0.17114073 0.95376849
vt 0.02166568 0.56517828
vt 0.02920180 0.56213784
vt 0.16644990 0.96010542
vt 0.01650944 0.56043154
vt 0.16066748 0.94175512
vt 0.15043192 0.95735610
vt 0.15245938 0.94681019
vt 0.13812545 0.95001137
vt 0.14040543 0.95085573
vt 0.17170462 0.56585902
vt 0.15537736 0.56848186
vt 0.16900069 0.56846333
vt 0.10637301 0.56350613
vt 0.12268187 0.56331676
vt 0.05523517 0.56162947
vt 0.06864078 0.56405455
vt 0.07398636 0.56392878
vt 0.09305676 0.56929833
vt 0.14988959 0.56586552
vt 0.13906376 0.56854117
vt 0.12002029 0.56602663
vt 0.13358428 0.56593829
vt 0.12819964 0.56863284
vt 0.03366996 0.57547551
vt 0.11193880 0.56881064
vt 0.10643460 0.56619149
vt 0.09560411 0.56647515
vt 0.08741063 0.56370896
vt 0.09552287 0.56357038
vt 0.07944127 0.56645161
vt 0.08751087 0.56630987
vt 0.06066480 0.56422895
vt 0.06333268 0.56416857
vt 0.06358251 0.56794286
vt 0.06886326 0.56761974
vt 0.06071398 0.56530386
vt 0.07410794 0.56655818
vt 0.05006960 0.56454253
vt 0.05535986 0.56439465
vt 0.05568085 0.56850129
vt 0.05016370 0.56625515
vt 0.04493985 0.56700361
vt 0.05542969 0.56567454
vt 0.03433872 0.56206012
vt 0.03947809 0.56200552
vt 0.03693812 0.56481910
vt 0.04477003 0.56464976
vt 0.02923357 0.56487787
vt 0.03727844 0.56853110
vt 0.02988604 0.57072091
vt 0.02842788 0.57434320
vt 0.01918105 0.56525654
vt 0.01674051 0.56544548
vt 0.02101556 0.57536626
vt 0.02020384 0.57897967
vt 0.02415136 0.57638806
vt 0.02310468 0.57393229
vt 0.01910885 0.57688361
vt 0.02420270 0.56507802
vt 0.02528576 0.57271278
vt 0.15421560 0.95883101
vt 0.15762967 0.96020579
vt 0.15937868 0.96114975
vt 0.14615044 0.95581526
vt 0.14397018 0.95504850
vt 0.01077401 0.59327215
vt 0.01329022 0.59365165
vt 0.01495581 0.58749336
vt 0.01196015 0.58889508
vt 0.01031202 0.59551251
vt 0.01210461 0.60039389
vt 0.01301047 0.62484246
vt 0.01115783 0.60997617
vt 0.01241125 0.68050623
vt 0.02065596 0.58349568
vt 0.00955161 0.60016555
vt 0.00901361 0.60496837
vt 0.13950443 0.95342314
vt 0.13492231 0.95175672
vt 0.12565970 0.94822466
vt 0.00818895 0.61477453
vt 0.01078414 0.61488545
vt 0.01011487 0.62990463
vt 0.11058716 0.94553006
vt 0.12481484 0.95070583
vt 0.10902521 0.94211614
vt 0.01250440 0.64000511
vt 0.00975994 0.64258069
vt 0.00951729 0.66043299
vt 0.09854051 0.94122863
vt 0.08155274 0.93533343
vt 0.06521855 0.92711335
vt 0.53464913 0.85156530
vt 0.55080509 0.85397792
vt 0.95944375 0.26762640
vt 0.95806915 0.23002851
vt 0.95922387 0.25408363
vt 0.95866650 0.24065030
vt 0.52404267 0.85439843
vt 0.53737539 0.85424888
vt 0.52398568 0.85185140
vt 0.51349479 0.85458976
vt 0.51342762 0.85223383
vt 0.95643789 0.20943558
vt 0.95713228 0.21699929
vt 0.95669216 0.21192819
vt 0.95754182 0.22214842
vt 0.48583290 0.85189199
vt 0.50567025 0.85488230
vt 0.50559330 0.85262227
vt 0.50055748 0.85520625
vt 0.47892132 0.85059339
vt 0.95812529 0.20213223
vt 0.95904160 0.21183771
vt 0.95858747 0.20444000
vt 0.95022237 0.19880444
vt 0.94774514 0.19582963
vt 0.94528174 0.19819754
vt 0.95248777 0.19655365
vt 0.94028479 0.19501388
vt 0.94278073 0.19793475
vt 0.91667557 0.19944251
vt 0.93506986 0.19734520
vt 0.92987216 0.19708282
vt 0.91933590 0.19674182
vt 0.92199814 0.19404817
vt 0.93251622 0.19448960
vt 0.88713312 0.19907320
vt 0.87085289 0.19905901
vt 0.81895620 0.19676220
vt 0.84905177 0.19914991
vt 0.95027655 0.19339305
vt 0.95606631 0.18547714
vt 0.95479172 0.19441539
vt 0.95730740 0.19207084
vt 0.89522445 0.19638586
vt 0.90599132 0.19372773
vt 0.50048494 0.85296625
vt 0.95940042 0.21691829
vt 0.49546382 0.85339361
vt 0.48816061 0.85430038
vt 0.48578119 0.85446930
vt 0.47087079 0.83417618
vt 0.47804499 0.84784532
vt 0.95656210 0.18251240
vt 0.95707667 0.17951339
vt 0.95550066 0.17299575
vt 0.95797628 0.18909961
vt 0.95848435 0.18610722
vt 0.95870882 0.18310314
vt 0.47270513 0.83997536
vt 0.47370183 0.84282058
vt 0.47462618 0.84566516
vt 0.47172514 0.83709139
vt 0.46920389 0.83762228
vt 0.47048628 0.84041607
vt 0.46800980 0.83474064
vt 0.95770931 0.17647785
vt 0.95812994 0.17336041
vt 0.94703698 0.17238432
vt 0.95566255 0.16994244
vt 0.95819658 0.17016858
vt 0.93331742 0.17174560
vt 0.94168675 0.16922355
vt 0.88718790 0.17385668
vt 0.91157436 0.17123032
vt 0.88990796 0.17104381
vt 0.90079623 0.16826779
vt 0.61392385 0.19664788
vt 0.84636408 0.17124736
vt 0.79119653 0.17466056
vt 0.46634638 0.81059039
vt 0.46695235 0.82852441
vt 0.46729445 0.83165252
vt 0.46679980 0.82545543
vt 0.95824546 0.16698545
vt 0.95576513 0.16690069
vt 0.93067014 0.16570961
vt 0.95578414 0.16086590
vt 0.95560575 0.14893311
vt 0.95825452 0.16388595
vt 0.95823878 0.15482825
vt 0.95821106 0.14887673
vt 0.46649823 0.81647521
vt 0.92248017 0.16861761
vt 0.77485412 0.17225122
vt 0.73885137 0.17000300
vt 0.95541275 0.13724828
vt 0.95808172 0.13136905
vt 0.49735260 0.74987912
vt 0.46592191 0.75931323
vt 0.46603727 0.79323077
vt 0.95755190 0.09715152
vt 0.46834826 0.76486915
vt 0.54268312 0.74336469
vt 0.77250803 0.83220863
vt 0.74355382 0.82411695
vt 0.69773722 0.82076895
vt 0.48890045 0.74733663
vt 0.50827956 0.74391425
vt 0.49145073 0.74439651
vt 0.73526168 0.82998282
vt 0.73823309 0.83273494
vt 0.72147071 0.83329731
vt 0.47791570 0.74500668
vt 0.70799530 0.83408308
vt 0.70766675 0.83128011
vt 0.71544456 0.82792830
vt 0.46583900 0.74568659
vt 0.46784788 0.74563640
vt 0.69770879 0.83229625
vt 0.69798172 0.83490986
vt 0.95955658 0.08355916
vt 0.95979524 0.08091885
vt 0.95834857 0.07803214
vt 0.95750618 0.08340490
vt 0.95305073 0.07703805
vt 0.96022886 0.07828927
vt 0.69722092 0.82970673
vt 0.70414388 0.82592493
vt 0.69649053 0.82716894
vt 0.96119332 0.07578903
vt 0.95908743 0.07530737
vt 0.69820702 0.82388192
vt 0.69578445 0.82457417
vt 0.96252912 0.07339889
vt 0.96361858 0.07079166
vt 0.69919950 0.81489313
vt 0.69888753 0.81192952
vt 0.69650137 0.81249547
vt 0.69646931 0.81544673
vt 0.69683212 0.81834430
vt 0.70128214 0.80850935
vt 0.97226429 0.06450176
vt 0.97379744 0.06188297
vt 0.97113651 0.06102222
vt 0.96989477 0.06377804
vt 0.69839209 0.80897677
vt 0.70088255 0.80536878
vt 0.69830626 0.80595583
vt 0.97503084 0.05908382
vt 0.70307255 0.79861623
vt 0.70054668 0.80218136
vt 0.96880347 0.06656080
vt 0.96830142 0.06002110
vt 0.96602905 0.06552279
vt 0.96483243 0.06818920
vt 0.96732414 0.06911808
vt 0.96933854 0.05717480
vt 0.96540242 0.05910134
vt 0.96321905 0.06449324
vt 0.96638477 0.05633897
vt 0.97029084 0.05432630
vt 0.96414876 0.05283654
vt 0.97422487 0.05231303
vt 0.69531250 0.82182914
vt 0.96584529 0.07163107
vt 0.95485097 0.07140785
vt 0.95836568 0.06911361
vt 0.95567709 0.06855214
vt 0.95296067 0.06815344
vt 0.94955635 0.07072681
vt 0.95024425 0.06784886
vt 0.96211112 0.06716061
vt 0.95936966 0.06638002
vt 0.95657319 0.06578517
vt 0.96037549 0.06368834
vt 0.96333492 0.05557370
vt 0.95750290 0.06304550
vt 0.95549583 0.05979240
vt 0.96027219 0.05488551
vt 0.94206476 0.06725287
vt 0.92253566 0.06988865
vt 0.88662928 0.07382977
vt 0.80017942 0.06863368
vt 0.88134068 0.06837833
vt 0.87569726 0.07146496
vt 0.85626912 0.06949252
vt 0.85061651 0.07252312
vt 0.83668351 0.07026052
vt 0.83663487 0.07304633
vt 0.81147856 0.07107091
vt 0.69098598 0.07612318
vt 0.68829983 0.07353067
vt 0.75746793 0.78703117
vt 0.71509022 0.78898269
vt 0.72147518 0.78328854
vt 0.70971698 0.77586001
vt 0.70545709 0.78871590
vt 0.70555443 0.79197389
vt 0.71193337 0.78577560
vt 0.70548737 0.78529018
vt 0.70227844 0.78894621
vt 0.70227736 0.79218483
vt 0.70281237 0.79537183
vt 0.70591182 0.78186756
vt 0.70637161 0.77854067
vt 0.98977238 0.04244065
vt 0.98925626 0.03898597
vt 0.98638177 0.03911752
vt 0.98663217 0.04253411
vt 0.98636883 0.04589254
vt 0.98959678 0.04588854
vt 0.98882812 0.03561193
vt 0.98595345 0.03575236
vt 0.98845220 0.03232706
vt 0.98545778 0.03246903
vt 0.70683962 0.77530915
vt 0.98126239 0.05119008
vt 0.98231983 0.04823852
vt 0.97903967 0.04734278
vt 0.98380953 0.05188894
vt 0.98541588 0.04903138
vt 0.70025444 0.79588491
vt 0.70009959 0.79904300
vt 0.97726917 0.05327052
vt 0.98027480 0.05423993
vt 0.97507209 0.04940921
vt 0.97186953 0.04863304
vt 0.97608811 0.05615884
vt 0.97575647 0.04652494
vt 0.97249740 0.04577315
vt 0.98295289 0.04516745
vt 0.97959077 0.04437196
vt 0.97622293 0.04360151
vt 0.96924692 0.04509026
vt 0.96866095 0.04790890
vt 0.97988588 0.04139525
vt 0.97991568 0.03834492
vt 0.97655582 0.03772467
vt 0.98328471 0.04205805
vt 0.98320937 0.03887367
vt 0.98284614 0.03562689
vt 0.97320706 0.03714657
vt 0.96975553 0.03942221
vt 0.96547967 0.04725122
vt 0.94755775 0.01478577
vt 0.71436840 0.76091707
vt 0.71761233 0.75551265
vt 0.71018559 0.77270997
vt 0.71066839 0.76953733
vt 0.70764130 0.77216864
vt 0.70831728 0.76905447
vt 0.71108156 0.76643491
vt 0.70878994 0.76597136
vt 0.98803920 0.01650256
vt 0.98718160 0.01358557
vt 0.98521113 0.01678580
vt 0.98589659 0.01978052
vt 0.98843485 0.01957470
vt 0.71160012 0.76034093
vt 0.71133441 0.76338756
vt 0.71464205 0.75788850
vt 0.71224624 0.75738275
vt 0.98648721 0.02286345
vt 0.98884833 0.02263820
vt 0.97609347 0.03164107
vt 0.98777419 0.02911025
vt 0.98711330 0.02595568
vt 0.86823893 0.01558542
vt 0.77519882 0.74391043
vt 0.86603254 0.67302382
vt 0.86901975 0.66477305
vt 0.86317813 0.67297977
vt 0.87167251 0.67594075
vt 0.85428059 0.68938887
vt 0.85749400 0.67017692
vt 0.86031437 0.67296106
vt 0.85723424 0.68668652
vt 0.76666594 0.74377573
vt 0.99295521 0.68086964
vt 0.99279058 0.68949467
vt 0.86565953 0.68960226
vt 0.86845493 0.69241893
vt 0.86281222 0.69226623
vt 0.85990608 0.69222301
vt 0.75241411 0.74359280
vt 0.74378389 0.74611640
vt 0.74669427 0.74351323
vt 0.73802590 0.74583131
vt 0.74094582 0.74335271
vt 0.85674179 0.70851189
vt 0.73514581 0.74567628
vt 0.73517764 0.74316406
vt 0.72934717 0.74527544
vt 0.86208200 0.72216320
vt 0.86464703 0.73022515
vt 0.87021524 0.73056883
vt 0.87370431 0.71167743
vt 0.87420350 0.69246000
vt 0.85292822 0.73528081
vt 0.85012376 0.73533875
vt 0.85860676 0.73532254
vt 0.86734498 0.73296213
vt 0.71490175 0.75486261
vt 0.71773189 0.75256526
vt 0.71511316 0.75187081
vt 0.71265358 0.75442803
vt 0.71277297 0.75145608
vt 0.71795356 0.74986368
vt 0.72060817 0.74762398
vt 0.98635107 0.01066285
vt 0.97303075 0.01053321
vt 0.95607585 0.00955486
vt 0.95876408 0.00680953
vt 0.94429481 0.00618410
vt 0.96288949 0.74331081
vt 0.96281487 0.74041021
vt 0.94849277 0.74214780
vt 0.95859760 0.00390911
vt 0.96697778 0.00425684
vt 0.97109932 0.73812664
vt 0.95712483 0.73711818
vt 0.97117293 0.74106014
vt 0.97906876 0.73863596
vt 0.96834636 0.73499686
vt 0.95712596 0.73426652
vt 0.96558011 0.73190981
vt 0.91476345 0.00844705
vt 0.92954671 0.00578880
vt 0.94557327 0.73914450
vt 0.93378770 0.74119020
vt 0.94559276 0.73632544
vt 0.92500204 0.73799920
vt 0.93094492 0.73550946
vt 0.88256830 0.01195890
vt 0.91474789 0.00566423
vt 0.91902936 0.74046165
vt 0.90734917 0.73729771
vt 0.88830960 0.00891006
vt 0.90587717 0.00572175
vt 0.91018414 0.74013776
vt 0.89554048 0.73973632
vt 0.90743798 0.73457831
vt 0.89572412 0.73420852
vt 0.89117783 0.00602394
vt 0.88401872 0.73662108
vt 0.88679868 0.73947698
vt 0.88243413 0.00627834
vt 0.87376982 0.00666243
vt 0.88713813 0.73114479
vt 0.87564731 0.73342294
vt 0.85694087 0.01135492
vt 0.85974336 0.01095492
vt 0.86518234 0.00738198
vt 0.86237580 0.00780863
vt 0.85962176 0.00831383
vt 0.85686773 0.00881904
vt 0.86677170 0.73826474
vt 0.86962283 0.73848867
vt 0.86997128 0.73572433
vt 0.86718762 0.73562616
vt 0.86431277 0.73552394
vt 0.86397052 0.73814875
vt 0.87274724 0.73591554
vt 0.87026274 0.73311996
vt 0.87299335 0.73319989
vt 0.87815237 0.73910588
vt 0.87314290 0.73059410
vt 0.87581176 0.73068571
vt 0.84852052 0.01204938
vt 0.83440655 0.01248598
vt 0.84852648 0.00957119
vt 0.85409749 0.00917327
vt 0.85131067 0.00940329
vt 0.85561019 0.73786557
vt 0.85281628 0.73789448
vt 0.85840386 0.73789936
vt 0.82879347 0.01008213
vt 0.83314544 0.73822910
vt 0.86146468 0.73543918
vt 0.86118734 0.73801517
vt 0.78248245 0.73602623
vt 0.81181216 0.01303756
vt 0.78924185 0.01351172
vt 0.79772311 0.01075506
vt 0.80215234 0.73855269
vt 0.79089439 0.73862725
vt 0.87680131 0.70076120
vt 0.99232703 0.70389104
vt 0.99208778 0.70966071
vt 0.87607396 0.72543740
vt 0.87860852 0.72286272
vt 0.99119264 0.72125161
vt 0.99169385 0.71546793
vt 0.99063426 0.72712207
vt 0.97936141 0.72972530
vt 0.99015450 0.73007756
vt 0.99254507 0.73025244
vt 0.99298185 0.72729480
vt 0.99375474 0.72147977
vt 0.98966742 0.73308909
vt 0.99207157 0.73333389
vt 0.97921109 0.73266655
vt 0.91350621 0.72652084
vt 0.92517930 0.72971803
vt 0.88720399 0.72843122
vt 0.87872177 0.72540557
vt 0.87592578 0.72801006
vt 0.87321126 0.72795975
vt 0.93976820 0.73319906
vt 0.90457517 0.73171508
vt 0.69186538 0.20108110
vt 0.70849490 0.19816834
vt 0.63907111 0.20177019
vt 0.67797053 0.19859248
vt 0.53608292 0.20039326
vt 0.51110578 0.20347339
vt 0.50550830 0.20084679
vt 0.52772224 0.19778997
vt 0.32991043 0.19808084
vt 0.69444990 0.17340064
vt 0.63884223 0.17416853
vt 0.59704614 0.17200100
vt 0.54415733 0.17542553
vt 0.46345073 0.17390293
vt 0.39406428 0.18044931
vt 0.31588149 0.17354500
vt 0.74425793 0.06978714
vt 0.59035724 0.06936491
vt 0.60440332 0.07204765
vt 0.55974615 0.07549649
vt 0.44251707 0.07463193
vt 0.47499472 0.02068073
vt 0.76104271 0.01407522
vt 0.78642273 0.01096940
vt 0.76104563 0.01145256
vt 0.76558119 0.73876929
vt 0.74979049 0.01427090
vt 0.70201671 0.01513147
vt 0.71604598 0.01223326
vt 0.72072041 0.73896015
vt 0.68514621 0.01272649
vt 0.68990928 0.73905289
vt 0.25006339 0.73399270
vt 0.63397217 0.73641098
vt 0.65705079 0.01310182
vt 0.66191149 0.73905051
vt 0.64305675 0.01602542
vt 0.63461661 0.01347160
vt 0.63955516 0.73912627
vt 0.58424002 0.01693231
vt 0.57815063 0.73649722
vt 0.58652079 0.73916817
vt 0.58142334 0.01426542
vt 0.55905789 0.01463014
vt 0.56422555 0.73921037
vt 0.53629422 0.73923784
vt 0.53103745 0.01508069
vt 0.48635879 0.01850569
vt 0.50867915 0.01541591
vt 0.48893017 0.73659736
vt 0.51400030 0.73922074
vt 0.48334166 0.73930812
vt 0.19549531 0.22297651
vt 0.19804089 0.21475786
vt 0.19791339 0.20925683
vt 0.19536479 0.21754742
vt 0.42216441 0.20479620
vt 0.34448546 0.20613950
vt 0.39712217 0.20247132
vt 0.26690033 0.20500797
vt 0.29185483 0.20721138
vt 0.34994814 0.20059252
vt 0.28896603 0.20186698
vt 0.18995894 0.22036242
vt 0.19005978 0.22302997
vt 0.19268201 0.22030032
vt 0.18722589 0.22040057
vt 0.18985218 0.21767437
vt 0.18712659 0.21771199
vt 0.19260193 0.21760368
vt 0.19521618 0.21209937
vt 0.19245090 0.21218383
vt 0.18961361 0.20952481
vt 0.18967453 0.21225429
vt 0.19252194 0.21489817
vt 0.18975444 0.21496868
vt 0.19233355 0.20674920
vt 0.18676929 0.20688081
vt 0.18684204 0.20958412
vt 0.18693371 0.21231622
vt 0.18394597 0.20428628
vt 0.43319988 0.19919860
vt 0.41068399 0.17748857
vt 0.38013792 0.17530823
vt 0.25774223 0.18053746
vt 0.23588072 0.17844641
vt 0.04719209 0.18760580
vt 0.25608572 0.08429247
vt 0.38685539 0.07856172
vt 0.31422603 0.07967287
vt 0.23949440 0.07959455
vt 0.04885017 0.08408827
vt 0.04161084 0.72980946
vt 0.47793379 0.01600140
vt 0.43331286 0.01947546
vt 0.41101065 0.73661435
vt 0.44437328 0.73929828
vt 0.41094664 0.01718593
vt 0.43884751 0.01668811
vt 0.41655704 0.73925799
vt 0.36638343 0.02092516
vt 0.36911470 0.01811796
vt 0.34404176 0.01875192
vt 0.31623045 0.02211887
vt 0.37208831 0.73663694
vt 0.34986761 0.73935020
vt 0.37485451 0.73930115
vt 0.29439571 0.73658043
vt 0.31100258 0.73926657
vt 0.30505079 0.01971173
vt 0.26891720 0.02077377
vt 0.27498144 0.73920518
vt 0.25225106 0.02127767
vt 0.25010487 0.73650301
vt 0.25836366 0.73914605
vt 0.13354307 0.02806979
vt 0.22244804 0.73902708
vt 0.21622856 0.02256262
vt 0.17201051 0.02420831
vt 0.17834403 0.73874146
vt 0.05577517 0.26549768
vt 0.06055176 0.23297662
vt 0.12539634 0.76253790
vt 0.12891066 0.76103538
vt 0.07381961 0.23303795
vt 0.06855316 0.23305392
vt 0.06613762 0.24115354
vt 0.05846370 0.26280570
vt 0.06385573 0.26812291
vt 0.01683300 0.22657824
vt 0.11280035 0.75593215
vt 0.11732422 0.75999790
vt 0.10389371 0.75580019
vt 0.01239896 0.22569698
vt 0.00452201 0.24256718
vt 0.00392384 0.25931740
vt 0.09672325 0.75096101
vt 0.00775672 0.23760349
vt 0.00509054 0.23710859
vt 0.17084418 0.22368383
vt 0.17350191 0.22068018
vt 0.09467299 0.22211260
vt 0.07099294 0.22772193
vt 0.06565012 0.22510898
vt 0.07352892 0.22504508
vt 0.06313837 0.22781545
vt 0.06042976 0.22519100
vt 0.05781165 0.22522449
vt 0.06555845 0.22245705
vt 0.06017638 0.21986139
vt 0.05755058 0.21988809
vt 0.05475955 0.21723413
vt 0.02009698 0.21949577
vt 0.00856991 0.23236847
vt 0.00551690 0.23441637
vt 0.09135693 0.74962592
vt 0.09315608 0.75280434
vt 0.09853566 0.75422794
vt 0.01007078 0.22497314
vt 0.00955066 0.22738016
vt 0.07892638 0.74481279
vt 0.08078470 0.74751532
vt 0.08138496 0.74514258
vt 0.07654136 0.74457842
vt 0.07573301 0.74670631
vt 0.01286784 0.22349197
vt 0.01077580 0.22270095
vt 0.00905664 0.22984064
vt 0.00723483 0.22660375
vt 0.00662466 0.22915179
vt 0.08785641 0.75151616
vt 0.08869756 0.74895680
vt 0.08338071 0.74788058
vt 0.07797773 0.75458872
vt 0.07529506 0.75386614
vt 0.18431133 0.21507233
vt 0.17620397 0.21795154
vt 0.18701372 0.21502173
vt 0.18421054 0.21238714
vt 0.17864820 0.20980477
vt 0.17311691 0.21254390
vt 0.17060857 0.21534103
vt 0.16206561 0.20742726
vt 0.17069703 0.21803683
vt 0.14031304 0.21056086
vt 0.11065210 0.21648318
vt 0.10530774 0.21925825
vt 0.12647527 0.20544505
vt 0.11017808 0.20578545
vt 0.09679481 0.20866996
vt 0.07576939 0.21701586
vt 0.07564393 0.21433717
vt 0.07021911 0.21173352
vt 0.06698215 0.20653701
vt 0.07868890 0.22232258
vt 0.06744237 0.20917076
vt 0.06779771 0.21445203
vt 0.06496809 0.21184969
vt 0.06543083 0.21982050
vt 0.06805430 0.21977401
vt 0.06280573 0.21983916
vt 0.06513817 0.21452129
vt 0.06266323 0.21717739
vt 0.07057840 0.21709239
vt 0.07066266 0.21974862
vt 0.06001446 0.21719986
vt 0.06248525 0.21451521
vt 0.05738743 0.21722269
vt 0.06230711 0.21187085
vt 0.06204994 0.20929098
vt 0.05955512 0.21198571
vt 0.02460766 0.21627390
vt 0.03402859 0.21271652
vt 0.03626343 0.20999026
vt 0.03379583 0.21012032
vt 0.02425535 0.21351451
vt 0.02912362 0.21301097
vt 0.02632120 0.21082366
vt 0.02367171 0.21126294
vt 0.02881403 0.21054894
vt 0.03127737 0.21035600
vt 0.02491437 0.19000781
vt 0.02369861 0.19803935
vt 0.03341823 0.20761991
vt 0.01661809 0.19386351
vt 0.02131825 0.21148431
vt 0.04614054 0.20699489
vt 0.04383808 0.20965028
vt 0.04361496 0.20708078
vt 0.03597993 0.20743871
vt 0.03598693 0.18915987
vt 0.08528387 0.77290350
vt 0.08731606 0.76796490
vt 0.08354709 0.76959789
vt 0.08665196 0.76221305
vt 0.08124637 0.76076090
vt 0.07579753 0.75920647
vt 0.07525170 0.76702678
vt 0.07192811 0.76058143
vt 0.07697348 0.77029067
vt 0.08049242 0.77689946
vt 0.07138647 0.76836765
vt 0.06903356 0.74368149
vt 0.06715085 0.74183631
vt 0.06403058 0.74565887
vt 0.06494046 0.75494862
vt 0.07333419 0.74618602
vt 0.01311888 0.20282054
vt 0.01545419 0.20996749
vt 0.01594983 0.20209140
vt 0.05976509 0.75193095
vt 0.05983243 0.75791848
vt 0.01934379 0.21422398
vt 0.01683967 0.21468407
vt 0.06373530 0.75710475
vt 0.06995811 0.75214821
vt 0.05865264 0.76014537
vt 0.06135381 0.76152366
vt 0.05196980 0.75941771
vt 0.05745952 0.76240623
vt 0.06021742 0.76379639
vt 0.05596541 0.75243938
vt 0.05326454 0.75704086
vt 0.05737491 0.75018215
vt 0.07247084 0.76606518
vt 0.06967784 0.76505977
vt 0.06859572 0.76733863
vt 0.06428550 0.78510457
vt 0.07210068 0.77405304
vt 0.05353756 0.76331615
vt 0.05075075 0.76184368
vt 0.11473901 0.18419027
vt 0.16400215 0.18033409
vt 0.07917999 0.18497193
vt 0.09819042 0.18189442
vt 0.07075406 0.18276501
vt 0.06007983 0.18551564
vt 0.04411161 0.18875539
vt 0.03328240 0.18931091
vt 0.03562934 0.18660414
vt 0.03292410 0.18678010
vt 0.03019963 0.18698406
vt 0.03056585 0.18947840
vt 0.04648217 0.18604743
vt 0.01520980 0.19952631
vt 0.01371223 0.19443184
vt 0.02214928 0.19027227
vt 0.01621202 0.19106543
vt 0.05063409 0.75534105
vt 0.04923652 0.75773847
vt 0.02743943 0.18721431
vt 0.06135114 0.86063111
vt 0.08803422 0.77377146
vt 0.07451147 0.80021256
vt 0.05877312 0.80883169
vt 0.05948604 0.79764426
vt 0.04926408 0.77316356
vt 0.03809664 0.81330132
vt 0.05802357 0.76843280
vt 0.04853941 0.76682615
vt 0.01186018 0.18328232
vt 0.01263351 0.18865710
vt 0.01575796 0.18835950
vt 0.01452064 0.18035537
vt 0.05765760 0.78543818
vt 0.06083886 0.76970375
vt 0.05456689 0.78431815
vt 0.04009284 0.81695086
vt 0.04881484 0.18401212
vt 0.04599736 0.18422425
vt 0.03256902 0.18427026
vt 0.03530917 0.18403983
vt 0.03462663 0.17899156
vt 0.02593336 0.10543263
vt 0.03723311 0.17905194
vt 0.03769872 0.15175951
vt 0.04353387 0.18365890
vt 0.03909111 0.12990052
vt 0.01878227 0.18805671
vt 0.01538625 0.16665405
vt 0.02174092 0.18775284
vt 0.02075605 0.18550396
vt 0.02462586 0.18746173
vt 0.02368646 0.18240923
vt 0.02882430 0.18241644
vt 0.02702074 0.18468571
vt 0.02344496 0.15520304
vt 0.01298865 0.19133872
vt 0.01013458 0.16968793
vt 0.04357406 0.77968818
vt 0.06009751 0.82362747
vt 0.05221927 0.80945998
vt 0.04760939 0.81369478
vt 0.03041147 0.12993205
vt 0.01751455 0.11366355
vt 0.05083914 0.84346443
vt 0.03930083 0.85151172
vt 0.04412902 0.09635621
vt 0.03527672 0.09132731
vt 0.01397715 0.09392881
vt 0.00784676 0.09680682
vt 0.01109511 0.15023172
vt 0.01720422 0.09679663
vt 0.00901753 0.15865278
vt 0.00672077 0.12801266
vt 0.03980853 0.79017293
vt 0.02991590 0.81944722
vt 0.03792429 0.80441636
vt 0.04385898 0.85834736
vt 0.04104637 0.85748798
vt 0.03354608 0.83837557
vt 0.03520612 0.85598820
vt 0.02938952 0.09407794
vt 0.03825093 0.09408057
vt 0.02343188 0.09401232
vt 0.00579196 0.11107129
vt 0.02482840 0.83573061
vt 0.05809591 0.86228156
vt 0.05464701 0.86401618
vt 0.04962141 0.85980844
vt 0.04679429 0.85898215
vt 0.03234541 0.85519761
vt 0.02622908 0.85378510
vt 0.02943054 0.85445243
vt 0.06418727 0.09095329
vt 0.02052988 0.09407419
vt 0.02338634 0.85303664
vt 0.02037110 0.85229892
vt 0.00510231 0.09401333
vt 0.05126891 0.86578745
vt 0.05684950 0.86744666
vt 0.05350291 0.86919636
vt 0.04049029 0.86000848
vt 0.04334612 0.86077970
vt 0.03819970 0.85664022
vt 0.03472538 0.85851502
vt 0.05015429 0.87097353
vt 0.05184088 0.86319292
vt 0.04279134 0.86337858
vt 0.04529545 0.88074303
vt 0.04303754 0.87732196
vt 0.03181287 0.85780382
vt 0.03125332 0.86040419
vt 0.03468657 0.87513441
vt 0.03420103 0.86114222
vt 0.03995213 0.86259329
vt 0.02832050 0.85973740
vt 0.02235782 0.85851538
vt 0.02247906 0.87820029
vt 0.02887462 0.85711074
vt 0.02290177 0.85578328
vt 0.01981329 0.85514146
vt 0.01933138 0.85796314
vt 0.09807570 0.08735085
vt 0.13980471 0.08318603
vt 0.10644952 0.08437139
vt 0.07842132 0.08525687
vt 0.06710283 0.08827049
vt 0.04704125 0.08863807
vt 0.04698760 0.09133410
vt 0.04125539 0.08870733
vt 0.03895813 0.07511419
vt 0.03543789 0.08880150
vt 0.03014596 0.07784891
vt 0.02666700 0.08872855
vt 0.03253147 0.08875966
vt 0.03303035 0.07786667
vt 0.02363431 0.08876145
vt 0.02360385 0.09141839
vt 0.03244900 0.09144521
vt 0.00829043 0.09397531
vt 0.01127864 0.09395492
vt 0.01752123 0.09405661
vt 0.01141321 0.09112370
vt 0.00823851 0.09111935
vt 0.00506354 0.09114158
vt 0.01455140 0.09123421
vt 0.01465361 0.08842480
vt 0.01153173 0.08824706
vt 0.01349763 0.85416973
vt 0.01312190 0.85703629
vt 0.01623549 0.85747355
vt 0.01665899 0.85462785
vt 0.02063286 0.09137267
vt 0.01923267 0.06912351
vt 0.01548065 0.07726121
vt 0.02069236 0.08867013
vt 0.02653027 0.09414458
vt 0.01149964 0.87116128
vt 0.01447158 0.87148380
vt 0.01641848 0.88015401
vt 0.05378038 0.92047828
vt 0.05125901 0.90810138
vt 0.04161205 0.88535911
vt 0.03703974 0.87853020
vt 0.04608218 0.89224482
vt 0.04170023 0.90233088
vt 0.03617982 0.90357286
vt 0.03163106 0.89673537
vt 0.03394646 0.90013772
vt 0.03103752 0.87988663
vt 0.02943799 0.87116516
vt 0.02653124 0.89284825
vt 0.01964472 0.87780076
vt 0.02098940 0.89185315
vt 0.02403693 0.88959521
vt 0.01238064 0.89367682
vt 0.04346657 0.04744238
vt 0.03664884 0.06684285
vt 0.04137196 0.03344107
vt 0.02216142 0.06929821
vt 0.02104574 0.05247617
vt 0.01968589 0.03859615
vt 0.01518041 0.05477071
vt 0.01279392 0.07416725
vt 0.04677313 0.90386051
vt 0.04587289 0.92089915
vt 0.04110369 0.91942847
vt 0.03873711 0.91868562
vt 0.02838980 0.90149158
vt 0.02934149 0.91572255
vt 0.02694141 0.91496003
vt 0.02452207 0.91421318
vt 0.03872771 0.03340393
vt 0.03526929 0.04737157
vt 0.02434880 0.04709876
vt 0.02731469 0.04442239
vt 0.02809426 0.03331459
vt 0.02281727 0.03322756
vt 0.02887334 0.05839896
vt 0.03076411 0.03334504
vt 0.03254480 0.04734808
vt 0.01680627 0.91282058
vt 0.00974913 0.89073628
vt 0.01409207 0.91264015
vt 0.02606758 0.05830705
vt 0.04674295 0.03526181
vt 0.04674794 0.03344214
vt 0.00958340 0.67059857
vt 0.07182883 0.93205822
vt 0.06212556 0.92889088
vt 0.05067953 0.92245668
vt 0.00977927 0.68072486
vt 0.01030722 0.69326514
vt 0.05008827 0.92500353
vt 0.01071340 0.69823754
vt 0.04528638 0.92348087
vt 0.01642522 0.71379137
vt 0.02032401 0.71654093
vt 0.03639394 0.91794443
vt 0.02419667 0.91687828
vt 0.02881799 0.91835064
vt 0.02202983 0.91356564
vt 0.02181148 0.91618776
vt 0.01218653 0.70796448
vt 0.01395290 0.71486992
vt 0.02009988 0.72170150
vt 0.01567921 0.71937132
vt 0.14553216 0.73572326
vt 0.16186811 0.73857778
vt 0.15547732 0.02488005
vt 0.13078737 0.02584296
vt 0.08849073 0.73422891
vt 0.13722761 0.73822117
vt 0.11165098 0.02931798
vt 0.11708731 0.02641922
vt 0.11551756 0.73510724
vt 0.12355234 0.73797041
vt 0.10344476 0.02695262
vt 0.10994351 0.73765695
vt 0.10182947 0.73742688
vt 0.09530496 0.02726316
vt 0.08989230 0.03014094
vt 0.08176961 0.02780557
vt 0.07635179 0.03051633
vt 0.07099125 0.02806610
vt 0.06556452 0.03071022
vt 0.08831605 0.73688567
vt 0.07757465 0.73629624
vt 0.06018910 0.03076619
vt 0.05484398 0.03075761
vt 0.06294777 0.02816898
vt 0.05762839 0.02816457
vt 0.06165116 0.73510432
vt 0.06426608 0.73534083
vt 0.05496732 0.02811617
vt 0.06958161 0.73573709
vt 0.04766279 0.73895729
vt 0.05296008 0.73970872
vt 0.05339514 0.73699570
vt 0.04558662 0.73593730
vt 0.04503455 0.73854208
vt 0.05218068 0.03073198
vt 0.04685449 0.03069735
vt 0.05636991 0.73455566
vt 0.05869047 0.73749930
vt 0.06134041 0.73772526
vt 0.01750744 0.03308976
vt 0.03726503 0.73686516
vt 0.02525014 0.72629565
vt 0.03554899 0.73360443
vt 0.02839898 0.73095155
vt 0.03470759 0.73613501
vt 0.02975434 0.73438281
vt 0.02732131 0.73333150
vt 0.02016419 0.03317696
vt 0.02396813 0.72863764
vt 0.02495617 0.73215556
vt 0.01144731 0.91261226
vt 0.00878484 0.91263038
vt 0.01946986 0.91313356
vt 0.01418935 0.91522652
vt 0.01677684 0.91540265
vt 0.01932967 0.91573822
vt 0.02042563 0.72932678
vt 0.02266387 0.73078525
vt 0.02186516 0.72721249
vt 0.95721501 0.37968332
vt 0.95821506 0.36692703
vt 0.96057212 0.36935967
vt 0.96025348 0.37183821
vt 0.65172482 0.85395598
vt 0.65420282 0.85413837
vt 0.66786921 0.84280640
vt 0.66912019 0.84007907
vt 0.66653985 0.83949500
vt 0.66572875 0.84231740
vt 0.66999537 0.83719081
vt 0.67246336 0.74489981
vt 0.90176010 0.83500201
vt 0.98025227 0.51609427
vt 0.98151940 0.51892668
vt 0.98431385 0.51790750
vt 0.98261958 0.51523060
vt 0.89955044 0.80208206
vt 0.99314195 0.54560864
vt 0.86415786 0.56820416
vt 0.23928703 0.81948310
vt 0.23893216 0.82229596
vt 0.01526100 0.41767669
vt 0.01839852 0.58420151
vt 0.47587138 0.84839982
vt 0.47724104 0.85109800
vt 0.47153485 0.84323943
vt 0.69806314 0.80289239
vt 0.97858095 0.05697244
vt 0.72639161 0.74505156
vt 0.72332293 0.74490732
vt 0.98552632 0.00776869
vt 0.98466271 0.00488651
vt 0.98878121 0.74234033
vt 0.98850095 0.73931134
vt 0.97912139 0.73563218
vt 0.98899841 0.73618686
vt 0.00393378 0.27612346
vt 0.02215385 0.21630293
vt 0.02186757 0.21383482
vt 0.01972991 0.21660739
vt 0.01730528 0.21698278
vt 0.03805064 0.18387818
vt 0.03585386 0.92048371
vt 0.95702803 0.37703001
vt 0.65649182 0.85194129
vt 0.23403840 0.79554033
vt 0.23170565 0.79594034
vt 0.02189491 0.37995946
vt 0.02001652 0.37706786
vt 0.01962167 0.37936085
vt 0.01307767 0.37385195
vt 0.01586608 0.37483823
vt 0.16307719 0.96388996
vt 0.95748764 0.19983852
vt 0.01763124 0.21931803
vt 0.95920789 0.37901998
vt 0.99311727 0.57311636
vt 0.95683622 0.19505662
vt 0.99133140 0.73648363
vt 0.01678562 0.72157609
vt 0.95914322 0.37656295
vt 0.66017944 0.85240126
vt 0.65856981 0.85237020
vt 0.66126162 0.85330564
vt 0.65901649 0.85426551
vt 0.65662205 0.85428274
vt 0.87090087 0.74341655
vt 0.87097609 0.74580383
vt 0.87362760 0.74553573
vt 0.87358546 0.74330580
vt 0.99226838 0.57876652
vt 0.87624788 0.74530894
vt 0.87628675 0.74323964
vt 0.87848288 0.74534607
vt 0.87928247 0.74742132
vt 0.99397647 0.57638878
vt 0.99505991 0.57441294
vt 0.99436271 0.57860959
vt 0.88140851 0.74652934
vt 0.01649353 0.37633485
vt 0.01423726 0.37588525
vt 0.01563964 0.37757498
vt 0.01751830 0.37862194
vt 0.22951065 0.79628158
vt 0.22527356 0.79546237
vt 0.01663632 0.58278960
vt 0.01592305 0.58014071
vt 0.01480742 0.58177930
vt 0.01399344 0.58340305
vt 0.01329405 0.58509892
vt 0.95691818 0.19755822
vt 0.48347521 0.85461265
vt 0.48371267 0.85235971
vt 0.48169336 0.85277712
vt 0.48114571 0.85460323
vt 0.47997677 0.85274082
vt 0.47885722 0.85361660
vt 0.71832418 0.74786806
vt 0.71744800 0.74676067
vt 0.71602666 0.74913222
vt 0.72014403 0.74530935
vt 0.99199361 0.74495023
vt 0.99090254 0.74226141
vt 0.98959690 0.74519289
vt 0.99057502 0.73947370
vt 0.07317243 0.74246967
vt 0.07054395 0.74211758
vt 0.07430175 0.74433666
vt 0.01367394 0.22002733
vt 0.01539903 0.21966892
vt 0.07218196 0.74094486
vt 0.07675866 0.74232888
vt 0.01493056 0.21769559
vt 0.06886493 0.74023438
vt 0.01822896 0.72361201
vt 0.01992197 0.72550863
f 1/1 3/3 2/2
f 4/4 6/6 5/5
f 1/1 7/7 4/4
f 1/1 2/2 7/7
f 3/3 9/9 8/8
f 3/3 8/8 10/10
f 3/3 1/1 9/9
f 11/11 13/13 12/12
f 11/11 9/9 1/1
f 11/11 12/12 9/9
f 1/1 14/14 11/11
f 13/13 11/11 14/14
f 14/14 16/16 15/15
f 16/16 18/18 17/17
f 16/16 17/17 15/15
f 16/16 14/14 19/19
f 16/16 19/19 18/18
f 1/1 20/20 14/14
f 21/21 19/19 20/20
f 21/21 22/22 19/19
f 23/23 2/2 3/3
f 23/23 24/24 2/2
f 24/24 25/25 2/2
f 25/25 7/7 2/2
f 24/24 10/10 8/8
f 10/10 24/24 23/23
f 10/10 23/23 3/3
f 26/26 27/27 24/24
f 24/24 8/8 12/12
f 26/26 24/24 17/17
f 24/24 12/12 13/13
f 24/24 13/13 17/17
f 17/17 13/13 15/15
f 26/26 17/17 18/18
f 28/28 29/29 22/22
f 22/22 29/29 19/19
f 30/30 32/32 31/31
f 31/31 33/33 30/30
f 31/31 34/34 33/33
f 34/34 31/31 35/35
f 32/32 30/30 36/36
f 37/37 39/39 38/38
f 39/39 37/37 40/40
f 37/37 42/42 41/41
f 42/42 37/37 38/38
f 42/42 44/44 43/43
f 42/42 38/38 44/44
f 38/38 45/45 44/44
f 45/45 38/38 39/39
f 30/30 47/47 46/46
f 48/48 50/50 49/49
f 30/30 51/51 47/47
f 30/30 52/52 51/51
f 51/51 52/52 53/53
f 54/54 55/55 49/49
f 50/50 54/54 49/49
f 26/26 56/56 30/30
f 30/30 57/57 52/52
f 52/52 57/57 53/53
f 57/57 30/30 58/58
f 30/30 56/56 58/58
f 4/4 60/60 59/59
f 60/60 4/4 61/61
f 4/4 59/59 6/6
f 59/59 62/62 6/6
f 59/59 63/63 62/62
f 63/63 59/59 60/60
f 64/64 66/66 65/65
f 66/66 64/64 67/67
f 6/6 62/62 68/68
f 6/6 70/70 69/69
f 70/70 6/6 68/68
f 69/69 72/72 71/71
f 73/73 75/75 74/74
f 75/75 73/73 76/76
f 72/72 77/77 71/71
f 74/74 78/78 77/77
f 78/78 74/74 75/75
f 79/79 81/81 80/80
f 78/78 82/82 77/77
f 82/82 78/78 83/83
f 5/5 6/6 69/69
f 69/69 71/71 5/5
f 71/71 84/84 5/5
f 5/5 84/84 85/85
f 86/86 85/85 87/87
f 86/86 5/5 85/85
f 88/88 87/87 89/89
f 88/88 5/5 86/86
f 88/88 86/86 87/87
f 1/1 5/5 90/90
f 1/1 4/4 5/5
f 90/90 5/5 88/88
f 88/88 89/89 91/91
f 66/66 45/45 92/92
f 93/93 48/48 49/49
f 93/93 49/49 45/45
f 89/89 82/82 94/94
f 82/82 83/83 95/95
f 82/82 89/89 77/77
f 82/82 95/95 94/94
f 94/94 95/95 96/96
f 81/81 92/92 97/97
f 81/81 79/79 92/92
f 89/89 84/84 77/77
f 85/85 84/84 89/89
f 89/89 87/87 85/85
f 91/91 89/89 98/98
f 98/98 89/89 99/99
f 100/100 101/101 97/97
f 102/102 104/104 103/103
f 97/97 105/105 100/100
f 97/97 92/92 105/105
f 106/106 100/100 107/107
f 103/103 108/108 102/102
f 89/89 102/102 99/99
f 102/102 109/109 99/99
f 102/102 108/108 109/109
f 100/100 105/105 107/107
f 109/109 108/108 110/110
f 111/111 105/105 92/92
f 109/109 110/110 112/112
f 99/99 109/109 113/113
f 105/105 115/115 114/114
f 114/114 115/115 116/116
f 99/99 113/113 117/117
f 109/109 112/112 113/113
f 113/113 112/112 118/118
f 113/113 119/119 117/117
f 119/119 113/113 118/118
f 120/120 122/122 121/121
f 122/122 120/120 123/123
f 120/120 124/124 123/123
f 124/124 120/120 125/125
f 120/120 126/126 125/125
f 120/120 127/127 126/126
f 127/127 120/120 121/121
f 128/128 127/127 121/121
f 128/128 129/129 127/127
f 116/116 115/115 130/130
f 99/99 117/117 131/131
f 117/117 119/119 132/132
f 115/115 133/133 130/130
f 134/134 135/135 127/127
f 129/129 134/134 127/127
f 135/135 136/136 127/127
f 126/126 137/137 125/125
f 125/125 137/137 138/138
f 139/139 140/140 135/135
f 135/135 140/140 136/136
f 141/141 143/143 142/142
f 144/144 145/145 140/140
f 143/143 141/141 146/146
f 147/147 149/149 148/148
f 147/147 148/148 150/150
f 151/151 153/153 152/152
f 153/153 151/151 154/154
f 147/147 155/155 149/149
f 155/155 147/147 156/156
f 148/148 157/157 150/150
f 157/157 148/148 158/158
f 154/154 159/159 153/153
f 159/159 154/154 160/160
f 158/158 161/161 157/157
f 161/161 158/158 162/162
f 158/158 148/148 162/162
f 148/148 163/163 162/162
f 162/162 163/163 164/164
f 165/165 166/166 131/131
f 166/166 165/165 167/167
f 138/138 124/124 125/125
f 124/124 138/138 168/168
f 138/138 163/163 149/149
f 99/99 131/131 169/169
f 117/117 170/170 131/131
f 170/170 117/117 132/132
f 149/149 163/163 148/148
f 171/171 166/166 167/167
f 166/166 171/171 172/172
f 171/171 173/173 172/172
f 173/173 171/171 152/152
f 169/169 175/175 174/174
f 169/169 176/176 175/175
f 169/169 177/177 176/176
f 177/177 169/169 131/131
f 176/176 178/178 175/175
f 178/178 176/176 179/179
f 176/176 177/177 179/179
f 131/131 166/166 177/177
f 177/177 166/166 172/172
f 177/177 173/173 180/180
f 173/173 177/177 172/172
f 177/177 181/181 179/179
f 181/181 177/177 180/180
f 182/182 184/184 183/183
f 184/184 182/182 174/174
f 174/174 175/175 178/178
f 174/174 182/182 169/169
f 174/174 178/178 184/184
f 180/180 173/173 185/185
f 180/180 185/185 181/181
f 173/173 152/152 153/153
f 173/173 186/186 185/185
f 173/173 159/159 186/186
f 159/159 173/173 153/153
f 181/181 187/187 178/178
f 187/187 181/181 188/188
f 181/181 185/185 188/188
f 99/99 169/169 189/189
f 189/189 169/169 190/190
f 99/99 189/189 191/191
f 191/191 190/190 192/192
f 190/190 191/191 189/189
f 193/193 192/192 194/194
f 192/192 195/195 194/194
f 195/195 192/192 196/196
f 137/137 126/126 136/136
f 197/197 199/199 198/198
f 199/199 197/197 200/200
f 197/197 201/201 200/200
f 201/201 197/197 202/202
f 197/197 203/203 202/202
f 203/203 197/197 204/204
f 197/197 205/205 204/204
f 205/205 197/197 198/198
f 198/198 206/206 205/205
f 206/206 198/198 207/207
f 208/208 210/210 209/209
f 210/210 208/208 211/211
f 212/212 200/200 201/201
f 200/200 212/212 213/213
f 212/212 214/214 213/213
f 214/214 212/212 215/215
f 212/212 217/217 216/216
f 217/217 212/212 201/201
f 212/212 218/218 215/215
f 218/218 212/212 216/216
f 201/201 219/219 217/217
f 219/219 201/201 202/202
f 213/213 199/199 200/200
f 199/199 213/213 220/220
f 221/221 164/164 222/222
f 164/164 221/221 223/223
f 216/216 217/217 224/224
f 216/216 225/225 218/218
f 225/225 216/216 224/224
f 217/217 226/226 224/224
f 226/226 217/217 219/219
f 202/202 227/227 219/219
f 227/227 202/202 203/203
f 205/205 228/228 204/204
f 228/228 205/205 229/229
f 205/205 230/230 229/229
f 230/230 205/205 206/206
f 185/185 232/232 231/231
f 232/232 185/185 186/186
f 185/185 231/231 188/188
f 231/231 233/233 188/188
f 233/233 231/231 234/234
f 231/231 232/232 234/234
f 232/232 159/159 235/235
f 232/232 186/186 159/159
f 232/232 225/225 234/234
f 232/232 218/218 225/225
f 218/218 232/232 235/235
f 184/184 178/178 187/187
f 187/187 183/183 184/184
f 187/187 233/233 183/183
f 233/233 187/187 188/188
f 233/233 234/234 236/236
f 233/233 236/236 183/183
f 224/224 236/236 234/234
f 224/224 234/234 225/225
f 224/224 237/237 236/236
f 237/237 224/224 226/226
f 183/183 236/236 238/238
f 236/236 237/237 238/238
f 238/238 237/237 239/239
f 183/183 196/196 182/182
f 196/196 183/183 238/238
f 210/210 163/163 240/240
f 210/210 222/222 163/163
f 222/222 210/210 211/211
f 210/210 240/240 209/209
f 241/241 240/240 242/242
f 240/240 241/241 209/209
f 241/241 244/244 243/243
f 244/244 241/241 242/242
f 242/242 245/245 244/244
f 242/242 246/246 245/245
f 246/246 242/242 240/240
f 244/244 247/247 243/243
f 163/163 246/246 240/240
f 163/163 248/248 246/246
f 163/163 250/250 249/249
f 250/250 251/251 249/249
f 250/250 252/252 251/251
f 251/251 252/252 253/253
f 253/253 244/244 254/254
f 253/253 254/254 251/251
f 163/163 249/249 248/248
f 163/163 255/255 250/250
f 250/250 255/255 252/252
f 252/252 256/256 253/253
f 255/255 163/163 257/257
f 256/256 244/244 253/253
f 230/230 258/258 229/229
f 258/258 230/230 259/259
f 259/259 260/260 258/258
f 260/260 259/259 261/261
f 247/247 263/263 262/262
f 263/263 247/247 244/244
f 203/203 228/228 264/264
f 228/228 203/203 204/204
f 203/203 265/265 227/227
f 265/265 203/203 264/264
f 264/264 228/228 266/266
f 264/264 266/266 265/265
f 258/258 260/260 266/266
f 258/258 228/228 229/229
f 228/228 258/258 266/266
f 265/265 266/266 260/260
f 265/265 260/260 239/239
f 260/260 268/268 267/267
f 260/260 269/269 268/268
f 260/260 267/267 239/239
f 268/268 270/270 267/267
f 270/270 268/268 271/271
f 268/268 272/272 271/271
f 272/272 268/268 269/269
f 239/239 237/237 265/265
f 273/273 196/196 239/239
f 244/244 274/274 263/263
f 274/274 244/244 275/275
f 275/275 276/276 274/274
f 244/244 277/277 275/275
f 276/276 275/275 278/278
f 276/276 279/279 274/274
f 279/279 276/276 280/280
f 275/275 277/277 281/281
f 267/267 282/282 239/239
f 282/282 267/267 270/270
f 239/239 282/282 283/283
f 284/284 286/286 285/285
f 286/286 284/284 281/281
f 284/284 275/275 281/281
f 275/275 284/284 287/287
f 239/239 288/288 273/273
f 278/278 275/275 289/289
f 289/289 275/275 287/287
f 286/286 277/277 290/290
f 286/286 281/281 277/277
f 286/286 291/291 285/285
f 291/291 286/286 290/290
f 292/292 294/294 293/293
f 294/294 292/292 295/295
f 290/290 277/277 296/296
f 293/293 298/298 297/297
f 293/293 299/299 298/298
f 299/299 293/293 294/294
f 300/300 298/298 299/299
f 300/300 297/297 298/298
f 299/299 302/302 301/301
f 301/301 302/302 303/303
f 302/302 304/304 303/303
f 303/303 306/306 305/305
f 306/306 303/303 304/304
f 307/307 299/299 301/301
f 307/307 303/303 308/308
f 307/307 301/301 303/303
f 308/308 305/305 309/309
f 305/305 308/308 303/303
f 239/239 297/297 288/288
f 297/297 310/310 288/288
f 310/310 300/300 311/311
f 300/300 312/312 311/311
f 300/300 299/299 312/312
f 312/312 299/299 307/307
f 313/313 312/312 307/307
f 313/313 308/308 314/314
f 308/308 313/313 307/307
f 311/311 316/316 315/315
f 316/316 317/317 315/315
f 288/288 310/310 318/318
f 310/310 311/311 319/319
f 310/310 319/319 318/318
f 311/311 315/315 319/319
f 315/315 317/317 320/320
f 317/317 322/322 321/321
f 320/320 321/321 323/323
f 288/288 318/318 324/324
f 318/318 319/319 325/325
f 318/318 326/326 324/324
f 326/326 318/318 325/325
f 327/327 325/325 319/319
f 325/325 327/327 328/328
f 327/327 330/330 329/329
f 330/330 327/327 331/331
f 327/327 319/319 331/331
f 327/327 332/332 328/328
f 332/332 327/327 329/329
f 319/319 315/315 331/331
f 325/325 333/333 326/326
f 333/333 325/325 328/328
f 329/329 335/335 334/334
f 335/335 329/329 330/330
f 329/329 336/336 332/332
f 336/336 329/329 334/334
f 334/334 335/335 337/337
f 336/336 338/338 333/333
f 336/336 333/333 332/332
f 334/334 337/337 339/339
f 335/335 340/340 337/337
f 340/340 335/335 323/323
f 335/335 330/330 323/323
f 337/337 341/341 339/339
f 341/341 337/337 340/340
f 339/339 341/341 342/342
f 273/273 288/288 343/343
f 343/343 324/324 344/344
f 343/343 288/288 324/324
f 344/344 346/346 345/345
f 346/346 348/348 347/347
f 348/348 346/346 344/344
f 349/349 333/333 338/338
f 345/345 350/350 344/344
f 351/351 345/345 352/352
f 277/277 354/354 353/353
f 354/354 356/356 355/355
f 336/336 334/334 357/357
f 336/336 357/357 338/338
f 358/358 339/339 359/359
f 339/339 358/358 334/334
f 358/358 357/357 334/334
f 339/339 342/342 359/359
f 357/357 360/360 338/338
f 359/359 342/342 361/361
f 362/362 346/346 363/363
f 362/362 345/345 346/346
f 362/362 352/352 345/345
f 346/346 364/364 363/363
f 346/346 347/347 364/364
f 365/365 367/367 366/366
f 365/365 366/366 364/364
f 367/367 349/349 338/338
f 367/367 365/365 349/349
f 338/338 360/360 367/367
f 277/277 368/368 354/354
f 354/354 368/368 356/356
f 368/368 369/369 356/356
f 367/367 360/360 370/370
f 367/367 370/370 366/366
f 358/358 359/359 371/371
f 359/359 361/361 371/371
f 371/371 361/361 372/372
f 357/357 358/358 373/373
f 360/360 374/374 370/370
f 360/360 357/357 374/374
f 370/370 374/374 375/375
f 370/370 375/375 376/376
f 374/374 357/357 377/377
f 357/357 373/373 377/377
f 363/363 364/364 378/378
f 362/362 363/363 379/379
f 366/366 378/378 364/364
f 366/366 376/376 378/378
f 366/366 370/370 376/376
f 244/244 380/380 277/277
f 380/380 368/368 277/277
f 368/368 380/380 381/381
f 368/368 383/383 382/382
f 384/384 386/386 385/385
f 386/386 387/387 385/385
f 388/388 375/375 374/374
f 388/388 376/376 375/375
f 376/376 388/388 389/389
f 388/388 390/390 389/389
f 391/391 377/377 392/392
f 371/371 377/377 373/373
f 374/374 391/391 388/388
f 374/374 377/377 391/391
f 377/377 371/371 392/392
f 378/378 376/376 389/389
f 378/378 379/379 363/363
f 393/393 352/352 394/394
f 305/305 396/396 395/395
f 317/317 314/314 322/322
f 314/314 317/317 313/313
f 317/317 312/312 313/313
f 317/317 316/316 312/312
f 322/322 314/314 309/309
f 322/322 309/309 397/397
f 322/322 398/398 321/321
f 398/398 322/322 397/397
f 397/397 395/395 399/399
f 395/395 397/397 309/309
f 399/399 395/395 400/400
f 320/320 317/317 321/321
f 340/340 398/398 341/341
f 340/340 321/321 398/398
f 321/321 340/340 323/323
f 398/398 399/399 341/341
f 341/341 399/399 400/400
f 323/323 330/330 320/320
f 401/401 403/403 402/402
f 355/355 353/353 354/354
f 403/403 401/401 404/404
f 355/355 405/405 353/353
f 395/395 396/396 406/406
f 404/404 401/401 407/407
f 400/400 406/406 404/404
f 400/400 395/395 406/406
f 341/341 400/400 342/342
f 400/400 407/407 342/342
f 402/402 385/385 401/401
f 385/385 402/402 408/408
f 361/361 407/407 372/372
f 385/385 387/387 401/401
f 409/409 407/407 401/401
f 371/371 373/373 358/358
f 387/387 409/409 401/401
f 407/407 409/409 410/410
f 21/21 411/411 22/22
f 412/412 413/413 411/411
f 20/20 414/414 412/412
f 415/415 414/414 20/20
f 415/415 413/413 414/414
f 415/415 416/416 413/413
f 417/417 26/26 28/28
f 417/417 418/418 26/26
f 28/28 22/22 411/411
f 28/28 411/411 413/413
f 413/413 412/412 414/414
f 26/26 418/418 56/56
f 20/20 1/1 419/419
f 1/1 90/90 419/419
f 88/88 91/91 420/420
f 90/90 88/88 421/421
f 421/421 88/88 420/420
f 421/421 420/420 422/422
f 90/90 421/421 423/423
f 420/420 91/91 98/98
f 422/422 420/420 98/98
f 424/424 98/98 99/99
f 196/196 425/425 195/195
f 196/196 273/273 425/425
f 424/424 193/193 426/426
f 193/193 194/194 426/426
f 351/351 427/427 345/345
f 350/350 345/345 427/427
f 343/343 429/429 428/428
f 429/429 343/343 350/350
f 343/343 428/428 273/273
f 350/350 427/427 429/429
f 427/427 430/430 429/429
f 273/273 428/428 431/431
f 428/428 430/430 431/431
f 428/428 429/429 430/430
f 430/430 427/427 432/432
f 432/432 427/427 351/351
f 273/273 431/431 433/433
f 431/431 430/430 433/433
f 433/433 430/430 434/434
f 393/393 351/351 352/352
f 435/435 416/416 415/415
f 435/435 415/415 436/436
f 415/415 20/20 436/436
f 436/436 20/20 419/419
f 435/435 437/437 416/416
f 438/438 435/435 436/436
f 438/438 437/437 435/435
f 438/438 439/439 437/437
f 440/440 438/438 436/436
f 440/440 439/439 438/438
f 440/440 436/436 419/419
f 441/441 442/442 439/439
f 441/441 443/443 442/442
f 444/444 441/441 419/419
f 444/444 443/443 441/441
f 444/444 419/419 445/445
f 444/444 445/445 446/446
f 447/447 445/445 419/419
f 445/445 448/448 446/446
f 28/28 437/437 439/439
f 28/28 449/449 417/417
f 439/439 440/440 441/441
f 28/28 439/439 442/442
f 443/443 28/28 442/442
f 449/449 28/28 450/450
f 450/450 28/28 443/443
f 446/446 443/443 444/444
f 446/446 450/450 443/443
f 450/450 446/446 448/448
f 451/451 452/452 448/448
f 451/451 448/448 445/445
f 451/451 453/453 452/452
f 452/452 454/454 448/448
f 452/452 456/456 455/455
f 452/452 457/457 454/454
f 457/457 452/452 455/455
f 448/448 454/454 450/450
f 458/458 454/454 457/457
f 458/458 450/450 454/454
f 457/457 459/459 458/458
f 457/457 455/455 460/460
f 457/457 460/460 459/459
f 461/461 462/462 460/460
f 461/461 463/463 462/462
f 461/461 465/465 464/464
f 461/461 460/460 466/466
f 461/461 467/467 465/465
f 467/467 461/461 466/466
f 468/468 450/450 458/458
f 468/468 459/459 469/469
f 459/459 468/468 458/458
f 463/463 471/471 470/470
f 463/463 472/472 469/469
f 472/472 463/463 470/470
f 470/470 471/471 473/473
f 450/450 474/474 449/449
f 474/474 450/450 475/475
f 472/472 476/476 468/468
f 477/477 417/417 449/449
f 468/468 476/476 475/475
f 419/419 90/90 478/478
f 478/478 90/90 423/423
f 478/478 423/423 479/479
f 423/423 480/480 479/479
f 478/478 481/481 419/419
f 482/482 478/478 479/479
f 482/482 481/481 478/478
f 481/481 447/447 419/419
f 481/481 482/482 483/483
f 422/422 98/98 480/480
f 424/424 480/480 98/98
f 423/423 422/422 480/480
f 484/484 480/480 485/485
f 486/486 487/487 484/484
f 486/486 483/483 487/487
f 487/487 483/483 482/482
f 424/424 485/485 480/480
f 194/194 195/195 488/488
f 488/488 489/489 194/194
f 489/489 426/426 194/194
f 489/489 488/488 425/425
f 490/490 424/424 426/426
f 490/490 426/426 489/489
f 489/489 425/425 491/491
f 491/491 425/425 492/492
f 490/490 489/489 493/493
f 493/493 489/489 491/491
f 425/425 273/273 492/492
f 273/273 433/433 494/494
f 273/273 496/496 495/495
f 494/494 433/433 434/434
f 494/494 434/434 497/497
f 497/497 434/434 498/498
f 497/497 496/496 494/494
f 496/496 499/499 495/495
f 499/499 498/498 500/500
f 498/498 499/499 497/497
f 500/500 501/501 499/499
f 501/501 502/502 495/495
f 501/501 495/495 499/499
f 503/503 273/273 502/502
f 503/503 492/492 273/273
f 502/502 501/501 504/504
f 500/500 504/504 501/501
f 503/503 502/502 505/505
f 505/505 502/502 504/504
f 506/506 504/504 507/507
f 503/503 505/505 506/506
f 506/506 505/505 504/504
f 507/507 504/504 500/500
f 351/351 393/393 508/508
f 445/445 509/509 451/451
f 447/447 510/510 445/445
f 510/510 512/512 511/511
f 513/513 514/514 512/512
f 513/513 447/447 515/515
f 513/513 515/515 514/514
f 516/516 514/514 515/515
f 516/516 517/517 514/514
f 481/481 518/518 515/515
f 481/481 515/515 447/447
f 515/515 519/519 516/516
f 520/520 521/521 519/519
f 520/520 522/522 521/521
f 520/520 523/523 522/522
f 520/520 524/524 523/523
f 525/525 527/527 526/526
f 525/525 529/529 528/528
f 525/525 530/530 529/529
f 531/531 465/465 532/532
f 531/531 534/534 533/533
f 534/534 531/531 532/532
f 532/532 535/535 534/534
f 535/535 532/532 467/467
f 532/532 465/465 467/467
f 536/536 537/537 531/531
f 531/531 537/537 465/465
f 534/534 538/538 533/533
f 538/538 534/534 539/539
f 539/539 451/451 509/509
f 539/539 509/509 538/538
f 534/534 453/453 539/539
f 453/453 534/534 535/535
f 539/539 453/453 451/451
f 535/535 466/466 456/456
f 466/466 535/535 467/467
f 535/535 452/452 453/453
f 452/452 535/535 456/456
f 466/466 455/455 456/456
f 455/455 466/466 460/460
f 531/531 540/540 536/536
f 540/540 531/531 541/541
f 538/538 542/542 533/533
f 538/538 509/509 511/511
f 542/542 531/531 533/533
f 531/531 542/542 541/541
f 540/540 541/541 543/543
f 538/538 511/511 512/512
f 544/544 542/542 538/538
f 544/544 541/541 542/542
f 512/512 510/510 513/513
f 545/545 540/540 543/543
f 546/546 545/545 547/547
f 545/545 543/543 547/547
f 547/547 544/544 548/548
f 547/547 543/543 544/544
f 549/549 550/550 546/546
f 549/549 551/551 550/550
f 546/546 547/547 552/552
f 546/546 553/553 549/549
f 553/553 546/546 552/552
f 546/546 550/550 545/545
f 554/554 547/547 548/548
f 554/554 552/552 547/547
f 554/554 548/548 555/555
f 552/552 556/556 553/553
f 556/556 552/552 554/554
f 554/554 517/517 556/556
f 517/517 554/554 555/555
f 549/549 558/558 557/557
f 549/549 557/557 551/551
f 557/557 560/560 559/559
f 560/560 557/557 558/558
f 557/557 559/559 561/561
f 558/558 553/553 562/562
f 553/553 558/558 549/549
f 558/558 562/562 560/560
f 562/562 563/563 560/560
f 563/563 562/562 564/564
f 562/562 556/556 564/564
f 556/556 562/562 553/553
f 565/565 567/567 566/566
f 567/567 516/516 519/519
f 565/565 568/568 567/567
f 569/569 560/560 563/563
f 569/569 567/567 568/568
f 569/569 516/516 567/567
f 516/516 569/569 563/563
f 563/563 517/517 516/516
f 517/517 563/563 564/564
f 568/568 570/570 569/569
f 570/570 560/560 569/569
f 570/570 559/559 560/560
f 559/559 571/571 561/561
f 571/571 559/559 570/570
f 565/565 573/573 572/572
f 572/572 568/568 565/565
f 566/566 567/567 574/574
f 574/574 567/567 519/519
f 574/574 519/519 521/521
f 519/519 515/515 520/520
f 574/574 521/521 529/529
f 566/566 574/574 575/575
f 574/574 529/529 530/530
f 576/576 566/566 577/577
f 566/566 575/575 577/577
f 575/575 579/579 578/578
f 575/575 578/578 577/577
f 580/580 582/582 581/581
f 582/582 580/580 583/583
f 584/584 586/586 585/585
f 587/587 589/589 588/588
f 587/587 590/590 589/589
f 583/583 591/591 582/582
f 591/591 583/583 592/592
f 537/537 464/464 465/465
f 593/593 473/473 471/471
f 594/594 536/536 540/540
f 595/595 540/540 545/545
f 595/595 594/594 540/540
f 596/596 595/595 550/550
f 551/551 597/597 550/550
f 551/551 557/557 598/598
f 561/561 571/571 599/599
f 561/561 599/599 598/598
f 561/561 598/598 557/557
f 571/571 570/570 568/568
f 572/572 600/600 568/568
f 600/600 571/571 568/568
f 571/571 600/600 599/599
f 601/601 565/565 566/566
f 601/601 566/566 602/602
f 591/591 604/604 603/603
f 604/604 591/591 592/592
f 591/591 603/603 602/602
f 591/591 605/605 582/582
f 605/605 591/591 602/602
f 603/603 604/604 606/606
f 603/603 606/606 602/602
f 602/602 606/606 607/607
f 607/607 608/608 602/602
f 608/608 607/607 609/609
f 610/610 612/612 611/611
f 610/610 613/613 612/612
f 602/602 608/608 601/601
f 614/614 616/616 615/615
f 614/614 588/588 589/589
f 588/588 614/614 615/615
f 616/616 614/614 617/617
f 618/618 537/537 536/536
f 618/618 619/619 537/537
f 536/536 596/596 618/618
f 596/596 620/620 618/618
f 596/596 536/536 594/594
f 596/596 621/621 620/620
f 595/595 596/596 594/594
f 597/597 622/622 550/550
f 598/598 623/623 551/551
f 623/623 597/597 551/551
f 565/565 601/601 573/573
f 609/609 624/624 608/608
f 611/611 626/626 625/625
f 611/611 612/612 626/626
f 625/625 626/626 627/627
f 626/626 628/628 627/627
f 629/629 593/593 630/630
f 621/621 596/596 622/622
f 625/625 627/627 631/631
f 625/625 631/631 632/632
f 624/624 633/633 608/608
f 633/633 634/634 608/608
f 634/634 601/601 608/608
f 628/628 636/636 635/635
f 621/621 622/622 637/637
f 638/638 637/637 622/622
f 638/638 622/622 597/597
f 638/638 597/597 623/623
f 633/633 639/639 634/634
f 632/632 631/631 640/640
f 483/483 486/486 641/641
f 481/481 483/483 642/642
f 483/483 641/641 642/642
f 447/447 513/513 510/510
f 481/481 642/642 643/643
f 481/481 643/643 518/518
f 518/518 645/645 644/644
f 520/520 515/515 524/524
f 515/515 518/518 524/524
f 646/646 648/648 647/647
f 648/648 646/646 649/649
f 646/646 650/650 649/649
f 650/650 646/646 523/523
f 518/518 650/650 524/524
f 518/518 651/651 650/650
f 518/518 652/652 651/651
f 518/518 644/644 652/652
f 653/653 655/655 654/654
f 653/653 654/654 578/578
f 653/653 656/656 655/655
f 578/578 579/579 526/526
f 578/578 526/526 653/653
f 527/527 657/657 526/526
f 658/658 660/660 659/659
f 658/658 661/661 660/660
f 658/658 662/662 661/661
f 655/655 656/656 663/663
f 656/656 653/653 664/664
f 653/653 657/657 664/664
f 657/657 653/653 526/526
f 665/665 666/666 662/662
f 656/656 664/664 667/667
f 527/527 525/525 647/647
f 527/527 647/647 657/657
f 647/647 648/648 657/657
f 657/657 648/648 668/668
f 648/648 669/669 668/668
f 669/669 648/648 670/670
f 648/648 671/671 670/670
f 671/671 648/648 649/649
f 649/649 672/672 671/671
f 657/657 668/668 664/664
f 668/668 669/669 673/673
f 674/674 676/676 675/675
f 674/674 662/662 666/666
f 677/677 679/679 678/678
f 584/584 590/590 587/587
f 675/675 678/678 661/661
f 675/675 677/677 678/678
f 677/677 675/675 680/680
f 675/675 681/681 680/680
f 681/681 675/675 676/676
f 682/682 677/677 680/680
f 677/677 682/682 584/584
f 682/682 590/590 584/584
f 590/590 682/682 683/683
f 682/682 680/680 684/684
f 682/682 684/684 683/683
f 681/681 686/686 685/685
f 686/686 681/681 676/676
f 681/681 685/685 687/687
f 676/676 688/688 686/686
f 688/688 676/676 674/674
f 684/684 680/680 681/681
f 681/681 689/689 684/684
f 689/689 681/681 687/687
f 589/589 590/590 683/683
f 589/589 683/683 690/690
f 589/589 690/690 614/614
f 613/613 692/692 691/691
f 613/613 617/617 692/692
f 613/613 691/691 612/612
f 691/691 626/626 612/612
f 691/691 693/693 626/626
f 693/693 628/628 626/626
f 693/693 636/636 628/628
f 617/617 690/690 692/692
f 690/690 617/617 614/614
f 691/691 692/692 694/694
f 636/636 693/693 695/695
f 486/486 484/484 485/485
f 485/485 641/641 486/486
f 645/645 643/643 642/642
f 644/644 645/645 485/485
f 672/672 697/697 696/696
f 672/672 696/696 671/671
f 672/672 649/649 650/650
f 697/697 672/672 651/651
f 698/698 697/697 651/651
f 670/670 700/700 699/699
f 670/670 671/671 700/700
f 669/669 670/670 699/699
f 669/669 699/699 701/701
f 669/669 701/701 673/673
f 702/702 703/703 673/673
f 702/702 704/704 703/703
f 674/674 705/705 688/688
f 705/705 674/674 666/666
f 705/705 666/666 706/706
f 707/707 708/708 703/703
f 686/686 688/688 709/709
f 686/686 710/710 685/685
f 711/711 713/713 712/712
f 711/711 689/689 714/714
f 711/711 714/714 713/713
f 712/712 692/692 715/715
f 692/692 712/712 716/716
f 712/712 715/715 711/711
f 715/715 692/692 690/690
f 687/687 685/685 710/710
f 716/716 717/717 694/694
f 710/710 718/718 687/687
f 713/713 719/719 712/712
f 687/687 718/718 720/720
f 687/687 720/720 714/714
f 693/693 691/691 721/721
f 693/693 722/722 695/695
f 694/694 721/721 691/691
f 694/694 692/692 716/716
f 717/717 721/721 694/694
f 721/721 717/717 723/723
f 723/723 724/724 721/721
f 701/701 699/699 725/725
f 726/726 727/727 709/709
f 709/709 728/728 726/726
f 709/709 727/727 686/686
f 710/710 729/729 718/718
f 710/710 727/727 729/729
f 719/719 730/730 716/716
f 716/716 730/730 717/717
f 719/719 716/716 712/712
f 698/698 652/652 731/731
f 702/702 732/732 704/704
f 702/702 673/673 733/733
f 726/726 734/734 727/727
f 485/485 424/424 735/735
f 644/644 485/485 735/735
f 671/671 736/736 700/700
f 696/696 697/697 737/737
f 697/697 698/698 737/737
f 698/698 731/731 737/737
f 738/738 732/732 702/702
f 739/739 727/727 734/734
f 735/735 740/740 644/644
f 696/696 741/741 671/671
f 652/652 740/740 731/731
f 644/644 740/740 652/652
f 742/742 696/696 737/737
f 742/742 741/741 696/696
f 671/671 741/741 736/736
f 725/725 743/743 701/701
f 738/738 702/702 744/744
f 739/739 745/745 727/727
f 743/743 733/733 701/701
f 733/733 746/746 702/702
f 713/713 714/714 747/747
f 714/714 720/720 747/747
f 719/719 748/748 730/730
f 748/748 749/749 730/730
f 748/748 719/719 750/750
f 719/719 751/751 750/750
f 751/751 719/719 713/713
f 717/717 749/749 723/723
f 717/717 730/730 749/749
f 722/722 752/752 695/695
f 722/722 753/753 752/752
f 753/753 722/722 754/754
f 490/490 735/735 424/424
f 755/755 493/493 756/756
f 735/735 490/490 755/755
f 755/755 490/490 493/493
f 493/493 491/491 756/756
f 756/756 757/757 755/755
f 756/756 491/491 758/758
f 735/735 755/755 757/757
f 757/757 756/756 759/759
f 758/758 759/759 756/756
f 760/760 759/759 758/758
f 759/759 760/760 757/757
f 761/761 740/740 735/735
f 761/761 760/760 762/762
f 761/761 762/762 763/763
f 762/762 764/764 763/763
f 762/762 758/758 764/764
f 761/761 766/766 765/765
f 761/761 765/765 740/740
f 761/761 763/763 766/766
f 762/762 760/760 758/758
f 740/740 765/765 731/731
f 737/737 767/767 742/742
f 737/737 768/768 767/767
f 768/768 737/737 769/769
f 737/737 765/765 769/769
f 737/737 731/731 765/765
f 765/765 766/766 769/769
f 769/769 771/771 770/770
f 769/769 766/766 771/771
f 772/772 768/768 773/773
f 772/772 773/773 774/774
f 736/736 775/775 725/725
f 736/736 767/767 775/775
f 767/767 736/736 741/741
f 741/741 742/742 767/767
f 776/776 743/743 725/725
f 776/776 778/778 777/777
f 778/778 776/776 725/725
f 776/776 733/733 743/743
f 725/725 772/772 778/778
f 772/772 725/725 775/775
f 779/779 744/744 746/746
f 779/779 781/781 780/780
f 781/781 779/779 746/746
f 782/782 727/727 745/745
f 779/779 780/780 783/783
f 746/746 733/733 776/776
f 746/746 777/777 781/781
f 777/777 746/746 776/776
f 772/772 767/767 768/768
f 767/767 772/772 775/775
f 781/781 777/777 784/784
f 781/781 785/785 780/780
f 784/784 777/777 786/786
f 727/727 782/782 787/787
f 729/729 727/727 787/787
f 729/729 788/788 718/718
f 729/729 789/789 788/788
f 729/729 787/787 789/789
f 783/783 790/790 779/779
f 790/790 783/783 791/791
f 792/792 794/794 793/793
f 792/792 795/795 794/794
f 792/792 796/796 795/795
f 783/783 780/780 785/785
f 797/797 799/799 798/798
f 799/799 797/797 800/800
f 797/797 801/801 800/800
f 799/799 802/802 798/798
f 799/799 751/751 747/747
f 799/799 803/803 793/793
f 803/803 799/799 747/747
f 799/799 793/793 802/802
f 802/802 793/793 804/804
f 791/791 783/783 805/805
f 783/783 785/785 805/805
f 753/753 807/807 806/806
f 807/807 753/753 808/808
f 753/753 749/749 808/808
f 749/749 753/753 724/724
f 724/724 753/753 754/754
f 724/724 723/723 749/749
f 807/807 809/809 806/806
f 809/809 807/807 810/810
f 811/811 809/809 810/810
f 811/811 810/810 812/812
f 809/809 813/813 806/806
f 806/806 752/752 753/753
f 813/813 814/814 806/806
f 806/806 814/814 752/752
f 801/801 810/810 807/807
f 801/801 815/815 810/810
f 801/801 807/807 800/800
f 815/815 812/812 810/810
f 816/816 813/813 817/817
f 813/813 816/816 814/814
f 816/816 752/752 814/814
f 817/817 813/813 818/818
f 809/809 819/819 813/813
f 492/492 758/758 491/491
f 764/764 821/821 820/820
f 764/764 822/822 821/821
f 770/770 824/824 823/823
f 770/770 823/823 825/825
f 770/770 825/825 773/773
f 820/820 821/821 824/824
f 825/825 774/774 773/773
f 825/825 826/826 774/774
f 824/824 827/827 823/823
f 824/824 821/821 827/827
f 826/826 825/825 828/828
f 825/825 823/823 828/828
f 778/778 786/786 777/777
f 778/778 772/772 774/774
f 781/781 830/830 829/829
f 830/830 781/781 784/784
f 781/781 829/829 785/785
f 830/830 784/784 786/786
f 805/805 831/831 791/791
f 830/830 786/786 832/832
f 778/778 774/774 833/833
f 778/778 832/832 786/786
f 832/832 778/778 833/833
f 833/833 774/774 834/834
f 835/835 836/836 794/794
f 785/785 837/837 805/805
f 785/785 829/829 837/837
f 795/795 796/796 838/838
f 804/804 793/793 794/794
f 794/794 795/795 835/835
f 798/798 802/802 839/839
f 798/798 839/839 797/797
f 839/839 840/840 797/797
f 804/804 841/841 802/802
f 794/794 836/836 804/804
f 839/839 802/802 841/841
f 797/797 815/815 801/801
f 797/797 842/842 815/815
f 815/815 842/842 812/812
f 812/812 809/809 811/811
f 809/809 812/812 843/843
f 809/809 843/843 819/819
f 842/842 797/797 844/844
f 845/845 812/812 842/842
f 813/813 847/847 846/846
f 819/819 848/848 813/813
f 821/821 849/849 827/827
f 823/823 850/850 828/828
f 823/823 827/827 850/850
f 832/832 851/851 830/830
f 834/834 826/826 852/852
f 826/826 828/828 852/852
f 827/827 849/849 853/853
f 827/827 853/853 850/850
f 849/849 821/821 854/854
f 821/821 822/822 854/854
f 835/835 838/838 855/855
f 831/831 805/805 856/856
f 856/856 805/805 857/857
f 837/837 857/857 805/805
f 857/857 858/858 856/856
f 837/837 829/829 859/859
f 836/836 835/835 860/860
f 836/836 861/861 804/804
f 835/835 855/855 860/860
f 860/860 855/855 862/862
f 859/859 863/863 837/837
f 851/851 832/832 864/864
f 832/832 833/833 864/864
f 862/862 865/865 860/860
f 858/858 857/857 866/866
f 841/841 804/804 861/861
f 841/841 861/861 839/839
f 844/844 840/840 867/867
f 868/868 867/867 839/839
f 868/868 869/869 867/867
f 869/869 844/844 867/867
f 869/869 842/842 844/844
f 848/848 819/819 870/870
f 845/845 843/843 812/812
f 843/843 845/845 871/871
f 871/871 819/819 843/843
f 819/819 871/871 870/870
f 503/503 506/506 872/872
f 872/872 874/874 873/873
f 492/492 876/876 875/875
f 492/492 878/878 877/877
f 878/878 492/492 879/879
f 822/822 877/877 854/854
f 822/822 492/492 877/877
f 506/506 874/874 872/872
f 506/506 507/507 874/874
f 874/874 507/507 500/500
f 874/874 880/880 873/873
f 880/880 874/874 500/500
f 500/500 508/508 880/880
f 492/492 503/503 876/876
f 503/503 881/881 876/876
f 503/503 872/872 881/881
f 881/881 872/872 873/873
f 881/881 873/873 882/882
f 882/882 873/873 880/880
f 876/876 884/884 883/883
f 884/884 885/885 883/883
f 884/884 882/882 885/885
f 876/876 881/881 884/884
f 884/884 881/881 882/882
f 885/885 882/882 880/880
f 880/880 508/508 886/886
f 880/880 887/887 885/885
f 883/883 875/875 876/876
f 887/887 889/889 888/888
f 875/875 888/888 889/889
f 492/492 891/891 890/890
f 891/891 875/875 889/889
f 891/891 492/492 875/875
f 890/890 892/892 879/879
f 890/890 879/879 492/492
f 890/890 893/893 892/892
f 890/890 889/889 893/893
f 889/889 890/890 891/891
f 889/889 887/887 880/880
f 893/893 889/889 880/880
f 877/877 895/895 894/894
f 895/895 897/897 896/896
f 895/895 896/896 898/898
f 877/877 878/878 895/895
f 895/895 878/878 897/897
f 878/878 899/899 897/897
f 899/899 878/878 879/879
f 899/899 880/880 897/897
f 899/899 879/879 892/892
f 899/899 892/892 880/880
f 880/880 892/892 893/893
f 854/854 901/901 900/900
f 854/854 900/900 849/849
f 880/880 896/896 897/897
f 880/880 886/886 902/902
f 902/902 904/904 903/903
f 902/902 903/903 905/905
f 901/901 854/854 877/877
f 864/864 833/833 906/906
f 833/833 834/834 906/906
f 852/852 906/906 834/834
f 907/907 850/850 853/853
f 907/907 908/908 852/852
f 907/907 909/909 908/908
f 907/907 853/853 909/909
f 853/853 900/900 909/909
f 900/900 853/853 849/849
f 906/906 908/908 910/910
f 906/906 910/910 864/864
f 906/906 852/852 908/908
f 904/904 902/902 911/911
f 912/912 911/911 913/913
f 911/911 902/902 913/913
f 886/886 913/913 902/902
f 914/914 857/857 863/863
f 914/914 866/866 857/857
f 866/866 914/914 915/915
f 916/916 918/918 917/917
f 918/918 916/916 919/919
f 916/916 917/917 920/920
f 863/863 859/859 921/921
f 919/919 922/922 918/918
f 859/859 851/851 921/921
f 922/922 913/913 918/918
f 851/851 910/910 921/921
f 910/910 851/851 864/864
f 861/861 923/923 839/839
f 924/924 861/861 836/836
f 924/924 836/836 925/925
f 836/836 860/860 925/925
f 839/839 923/923 868/868
f 868/868 926/926 869/869
f 926/926 842/842 869/869
f 926/926 845/845 842/842
f 845/845 926/926 927/927
f 928/928 930/930 929/929
f 928/928 931/931 930/930
f 928/928 929/929 932/932
f 932/932 929/929 933/933
f 927/927 871/871 845/845
f 934/934 935/935 933/933
f 934/934 937/937 936/936
f 935/935 939/939 938/938
f 886/886 936/936 937/937
f 927/927 940/940 871/871
f 932/932 933/933 938/938
f 940/940 870/870 871/871
f 938/938 933/933 935/935
f 870/870 941/941 848/848
f 941/941 870/870 940/940
f 941/941 847/847 848/848
f 941/941 942/942 847/847
f 939/939 944/944 943/943
f 944/944 939/939 935/935
f 934/934 944/944 935/935
f 934/934 945/945 944/944
f 942/942 947/947 946/946
f 942/942 946/946 948/948
f 942/942 948/948 847/847
f 945/945 934/934 949/949
f 936/936 949/949 934/934
f 949/949 950/950 945/945
f 949/949 951/951 950/950
f 948/948 946/946 952/952
f 952/952 953/953 948/948
f 953/953 954/954 948/948
f 948/948 954/954 847/847
f 955/955 55/55 956/956
f 58/58 957/957 57/57
f 58/58 56/56 958/958
f 958/958 960/960 959/959
f 958/958 959/959 58/58
f 961/961 955/955 962/962
f 961/961 963/963 955/955
f 961/961 964/964 963/963
f 964/964 965/965 963/963
f 963/963 965/965 45/45
f 966/966 968/968 967/967
f 966/966 967/967 969/969
f 965/965 970/970 45/45
f 965/965 964/964 971/971
f 970/970 965/965 972/972
f 965/965 971/971 972/972
f 972/972 971/971 973/973
f 970/970 974/974 45/45
f 56/56 966/966 958/958
f 966/966 56/56 975/975
f 975/975 976/976 966/966
f 976/976 975/975 977/977
f 978/978 980/980 979/979
f 978/978 979/979 981/981
f 980/980 982/982 979/979
f 982/982 980/980 983/983
f 980/980 978/978 983/983
f 56/56 984/984 978/978
f 978/978 986/986 985/985
f 978/978 975/975 56/56
f 984/984 987/987 986/986
f 984/984 986/986 978/978
f 986/986 987/987 988/988
f 986/986 988/988 989/989
f 986/986 989/989 985/985
f 990/990 56/56 991/991
f 990/990 991/991 992/992
f 991/991 56/56 993/993
f 991/991 993/993 992/992
f 979/979 982/982 994/994
f 995/995 996/996 994/994
f 996/996 995/995 997/997
f 994/994 981/981 979/979
f 981/981 994/994 996/996
f 994/994 982/982 989/989
f 982/982 985/985 989/989
f 985/985 982/982 983/983
f 988/988 995/995 989/989
f 998/998 984/984 990/990
f 999/999 998/998 992/992
f 55/55 955/955 49/49
f 49/49 955/955 45/45
f 956/956 962/962 955/955
f 957/957 58/58 959/959
f 45/45 955/955 963/963
f 972/972 1000/1000 970/970
f 972/972 973/973 1000/1000
f 1001/1001 967/967 968/968
f 1001/1001 968/968 976/976
f 1000/1000 1002/1002 970/970
f 976/976 968/968 966/966
f 1002/1002 1003/1003 970/970
f 1003/1003 1004/1004 970/970
f 45/45 1006/1006 1005/1005
f 1007/1007 1009/1009 1008/1008
f 995/995 1011/1011 1010/1010
f 995/995 1012/1012 1011/1011
f 1012/1012 995/995 1007/1007
f 1006/1006 1014/1014 1013/1013
f 1006/1006 1015/1015 1014/1014
f 1006/1006 1016/1016 1005/1005
f 1016/1016 1006/1006 1013/1013
f 1016/1016 1018/1018 1017/1017
f 1018/1018 1016/1016 1013/1013
f 1016/1016 1019/1019 1005/1005
f 1019/1019 1016/1016 1017/1017
f 1009/1009 1021/1021 1020/1020
f 1009/1009 1020/1020 1008/1008
f 1022/1022 1023/1023 1009/1009
f 1009/1009 1024/1024 1021/1021
f 1024/1024 1009/1009 1023/1023
f 1009/1009 1025/1025 1022/1022
f 1022/1022 1026/1026 1023/1023
f 1022/1022 1025/1025 1026/1026
f 995/995 994/994 989/989
f 1009/1009 995/995 1027/1027
f 1009/1009 1027/1027 1028/1028
f 1027/1027 1029/1029 1028/1028
f 1029/1029 1030/1030 1028/1028
f 995/995 999/999 1031/1031
f 1027/1027 1033/1033 1032/1032
f 1027/1027 995/995 1033/1033
f 1034/1034 45/45 1005/1005
f 1005/1005 1036/1036 1035/1035
f 1005/1005 1019/1019 1036/1036
f 1005/1005 1035/1035 1037/1037
f 1024/1024 1039/1039 1038/1038
f 1039/1039 1024/1024 1023/1023
f 1023/1023 1026/1026 1039/1039
f 1040/1040 1042/1042 1041/1041
f 1041/1041 1044/1044 1043/1043
f 1041/1041 1042/1042 1044/1044
f 1042/1042 1045/1045 1044/1044
f 1005/1005 1037/1037 1046/1046
f 1005/1005 1046/1046 1034/1034
f 1040/1040 1039/1039 1026/1026
f 1047/1047 1025/1025 1028/1028
f 1040/1040 1026/1026 1047/1047
f 1047/1047 1026/1026 1025/1025
f 1030/1030 1040/1040 1047/1047
f 1030/1030 1047/1047 1028/1028
f 1032/1032 1030/1030 1029/1029
f 1032/1032 1029/1029 1027/1027
f 1030/1030 1032/1032 1048/1048
f 1030/1030 1049/1049 1040/1040
f 1030/1030 1048/1048 1049/1049
f 1048/1048 1032/1032 1033/1033
f 45/45 1034/1034 92/92
f 1042/1042 1040/1040 1050/1050
f 1042/1042 1050/1050 1045/1045
f 1050/1050 1051/1051 1045/1045
f 1034/1034 1052/1052 92/92
f 1034/1034 1054/1054 1053/1053
f 1050/1050 1055/1055 1051/1051
f 1053/1053 1056/1056 1034/1034
f 141/141 1057/1057 146/146
f 145/145 1058/1058 140/140
f 136/136 1059/1059 137/137
f 137/137 1059/1059 1060/1060
f 1052/1052 1061/1061 141/141
f 141/141 1061/1061 1062/1062
f 1061/1061 1063/1063 1062/1062
f 140/140 1064/1064 136/136
f 140/140 1065/1065 1064/1064
f 1064/1064 1065/1065 1066/1066
f 1061/1061 1067/1067 1063/1063
f 1068/1068 1069/1069 1066/1066
f 1064/1064 1070/1070 136/136
f 136/136 1070/1070 1059/1059
f 1064/1064 1069/1069 1070/1070
f 1064/1064 1066/1066 1069/1069
f 1056/1056 1053/1053 1071/1071
f 1061/1061 1072/1072 1067/1067
f 1068/1068 1073/1073 1069/1069
f 1073/1073 1068/1068 1074/1074
f 1072/1072 1056/1056 1071/1071
f 1072/1072 1052/1052 1056/1056
f 1075/1075 1077/1077 1076/1076
f 1077/1077 1075/1075 1078/1078
f 1050/1050 1079/1079 1078/1078
f 1078/1078 1079/1079 1077/1077
f 1076/1076 1077/1077 1080/1080
f 1081/1081 1083/1083 1082/1082
f 1080/1080 1085/1085 1084/1084
f 1085/1085 1080/1080 1077/1077
f 1083/1083 1087/1087 1086/1086
f 1084/1084 1089/1089 1088/1088
f 1089/1089 1084/1084 1085/1085
f 1070/1070 1081/1081 1082/1082
f 1070/1070 1069/1069 1081/1081
f 1082/1082 1086/1086 1060/1060
f 1081/1081 1069/1069 1073/1073
f 1083/1083 1086/1086 1082/1082
f 1079/1079 1050/1050 1040/1040
f 163/163 1060/1060 257/257
f 138/138 137/137 1060/1060
f 1059/1059 1082/1082 1060/1060
f 1059/1059 1070/1070 1082/1082
f 1090/1090 1092/1092 1091/1091
f 1092/1092 1090/1090 1093/1093
f 1090/1090 1094/1094 1093/1093
f 1094/1094 1090/1090 1060/1060
f 1090/1090 1095/1095 1060/1060
f 1090/1090 1091/1091 1095/1095
f 1096/1096 1098/1098 1097/1097
f 1098/1098 1096/1096 1099/1099
f 1091/1091 1100/1100 1095/1095
f 1100/1100 1101/1101 1095/1095
f 1101/1101 1100/1100 1102/1102
f 1097/1097 1098/1098 1103/1103
f 1095/1095 1101/1101 1104/1104
f 1095/1095 257/257 1060/1060
f 1095/1095 1104/1104 257/257
f 1104/1104 1101/1101 1105/1105
f 1106/1106 1107/1107 1099/1099
f 1107/1107 1106/1106 1108/1108
f 1106/1106 1109/1109 1108/1108
f 1109/1109 1106/1106 1110/1110
f 1099/1099 1107/1107 1098/1098
f 1098/1098 1107/1107 1111/1111
f 1107/1107 1113/1113 1112/1112
f 1113/1113 1107/1107 1108/1108
f 1107/1107 1114/1114 1111/1111
f 1114/1114 1107/1107 1112/1112
f 1111/1111 1116/1116 1115/1115
f 1116/1116 1111/1111 1114/1114
f 1111/1111 1117/1117 1098/1098
f 1117/1117 1111/1111 1115/1115
f 1086/1086 1118/1118 1060/1060
f 1118/1118 1086/1086 1087/1087
f 1119/1119 1109/1109 1110/1110
f 1109/1109 1119/1119 1089/1089
f 1120/1120 1121/1121 1079/1079
f 1120/1120 1122/1122 1121/1121
f 1120/1120 1123/1123 1122/1122
f 1123/1123 1120/1120 1124/1124
f 1121/1121 1085/1085 1079/1079
f 1085/1085 1121/1121 1089/1089
f 1079/1079 1085/1085 1077/1077
f 1124/1124 1125/1125 1123/1123
f 1121/1121 1126/1126 1089/1089
f 1126/1126 1121/1121 1127/1127
f 1121/1121 1128/1128 1127/1127
f 1128/1128 1121/1121 1122/1122
f 1089/1089 1126/1126 1109/1109
f 1109/1109 1113/1113 1108/1108
f 1113/1113 1109/1109 1126/1126
f 1126/1126 1129/1129 1113/1113
f 1129/1129 1126/1126 1127/1127
f 1113/1113 1129/1129 1112/1112
f 1112/1112 1129/1129 1130/1130
f 1131/1131 1127/1127 1128/1128
f 1127/1127 1131/1131 1129/1129
f 1131/1131 1123/1123 1132/1132
f 1123/1123 1131/1131 1128/1128
f 1128/1128 1122/1122 1123/1123
f 1131/1131 1132/1132 1133/1133
f 1131/1131 1130/1130 1129/1129
f 1130/1130 1131/1131 1133/1133
f 1134/1134 1132/1132 1125/1125
f 1125/1125 1132/1132 1123/1123
f 1135/1135 1124/1124 1120/1120
f 1135/1135 1125/1125 1124/1124
f 1125/1125 1135/1135 1134/1134
f 1136/1136 1120/1120 1079/1079
f 1136/1136 1135/1135 1120/1120
f 1137/1137 1134/1134 1138/1138
f 1134/1134 1135/1135 1138/1138
f 1139/1139 1141/1141 1140/1140
f 1139/1139 1136/1136 1141/1141
f 1138/1138 1139/1139 1140/1140
f 1138/1138 1140/1140 1137/1137
f 1141/1141 1142/1142 1140/1140
f 1143/1143 1141/1141 1136/1136
f 1143/1143 1142/1142 1141/1141
f 1142/1142 1137/1137 1140/1140
f 1143/1143 1144/1144 1142/1142
f 1079/1079 1143/1143 1136/1136
f 1145/1145 1146/1146 1144/1144
f 1079/1079 1145/1145 1143/1143
f 1137/1137 1144/1144 1146/1146
f 256/256 252/252 1147/1147
f 257/257 1148/1148 255/255
f 255/255 1148/1148 1147/1147
f 1147/1147 1149/1149 256/256
f 256/256 1149/1149 244/244
f 244/244 1149/1149 1150/1150
f 257/257 1152/1152 1151/1151
f 1151/1151 1154/1154 1153/1153
f 1152/1152 1155/1155 1151/1151
f 1155/1155 1152/1152 1156/1156
f 1152/1152 1157/1157 1156/1156
f 1157/1157 1152/1152 257/257
f 1147/1147 1153/1153 1149/1149
f 1147/1147 1148/1148 1153/1153
f 1153/1153 1148/1148 1151/1151
f 1153/1153 1158/1158 1149/1149
f 1158/1158 1153/1153 1154/1154
f 1158/1158 1150/1150 1149/1149
f 1158/1158 1159/1159 1150/1150
f 1160/1160 1162/1162 1161/1161
f 1162/1162 1160/1160 1163/1163
f 1160/1160 1164/1164 1163/1163
f 1164/1164 1160/1160 1165/1165
f 1161/1161 1167/1167 1166/1166
f 1167/1167 1161/1161 1162/1162
f 1166/1166 1169/1169 1168/1168
f 1169/1169 1166/1166 1167/1167
f 1159/1159 1170/1170 1150/1150
f 1171/1171 1173/1173 1172/1172
f 1171/1171 1175/1175 1174/1174
f 1175/1175 1171/1171 1172/1172
f 1176/1176 1104/1104 1177/1177
f 1104/1104 1176/1176 1157/1157
f 1171/1171 1178/1178 1173/1173
f 1178/1178 1171/1171 1179/1179
f 1117/1117 1181/1181 1180/1180
f 1181/1181 1117/1117 1115/1115
f 1117/1117 1173/1173 1178/1178
f 1173/1173 1117/1117 1180/1180
f 1117/1117 1178/1178 1182/1182
f 1180/1180 1184/1184 1183/1183
f 1184/1184 1180/1180 1181/1181
f 1180/1180 1183/1183 1173/1173
f 1172/1172 1164/1164 1175/1175
f 1164/1164 1172/1172 1185/1185
f 1172/1172 1186/1186 1185/1185
f 1186/1186 1172/1172 1173/1173
f 1173/1173 1187/1187 1186/1186
f 1187/1187 1173/1173 1183/1183
f 1184/1184 1187/1187 1183/1183
f 1184/1184 1189/1189 1188/1188
f 1189/1189 1184/1184 1181/1181
f 1190/1190 1192/1192 1191/1191
f 1192/1192 1190/1190 1187/1187
f 1190/1190 1186/1186 1187/1187
f 1190/1190 1194/1194 1193/1193
f 1194/1194 1190/1190 1191/1191
f 1190/1190 1185/1185 1186/1186
f 1185/1185 1190/1190 1193/1193
f 1191/1191 1195/1195 1194/1194
f 1191/1191 1192/1192 1195/1195
f 1184/1184 1196/1196 1187/1187
f 1184/1184 1197/1197 1196/1196
f 1197/1197 1184/1184 1188/1188
f 1187/1187 1196/1196 1192/1192
f 1133/1133 1116/1116 1130/1130
f 1133/1133 1132/1132 1134/1134
f 1133/1133 1198/1198 1116/1116
f 1130/1130 1114/1114 1112/1112
f 1130/1130 1116/1116 1114/1114
f 1188/1188 1189/1189 1198/1198
f 1188/1188 1198/1198 1197/1197
f 1181/1181 1115/1115 1189/1189
f 1115/1115 1116/1116 1189/1189
f 1198/1198 1133/1133 1134/1134
f 1198/1198 1134/1134 1199/1199
f 1198/1198 1199/1199 1197/1197
f 244/244 1150/1150 1200/1200
f 1200/1200 380/380 244/244
f 380/380 1200/1200 1201/1201
f 1200/1200 1150/1150 1202/1202
f 1200/1200 1202/1202 1203/1203
f 1150/1150 1204/1204 1202/1202
f 1204/1204 1150/1150 1170/1170
f 1202/1202 1205/1205 1203/1203
f 1205/1205 1202/1202 1204/1204
f 1203/1203 1206/1206 1200/1200
f 1203/1203 1207/1207 1206/1206
f 1207/1207 1203/1203 1205/1205
f 1208/1208 1210/1210 1209/1209
f 1208/1208 1211/1211 1210/1210
f 1211/1211 1208/1208 1212/1212
f 1213/1213 1200/1200 1214/1214
f 1213/1213 1215/1215 1200/1200
f 1215/1215 1213/1213 1216/1216
f 1211/1211 1217/1217 1169/1169
f 1211/1211 1218/1218 1217/1217
f 1218/1218 1211/1211 1212/1212
f 1211/1211 1169/1169 1210/1210
f 1210/1210 1169/1169 1219/1219
f 1167/1167 1195/1195 1169/1169
f 1167/1167 1194/1194 1195/1195
f 1194/1194 1167/1167 1162/1162
f 1169/1169 1220/1220 1168/1168
f 1194/1194 1163/1163 1193/1193
f 1163/1163 1194/1194 1162/1162
f 1195/1195 1219/1219 1169/1169
f 1219/1219 1195/1195 1192/1192
f 1199/1199 1219/1219 1196/1196
f 1219/1219 1192/1192 1196/1196
f 1220/1220 1169/1169 1221/1221
f 1221/1221 1169/1169 1217/1217
f 1199/1199 1196/1196 1197/1197
f 1199/1199 1210/1210 1219/1219
f 1222/1222 1199/1199 1137/1137
f 381/381 1223/1223 383/383
f 368/368 381/381 383/383
f 388/388 391/391 1224/1224
f 391/391 392/392 1225/1225
f 1224/1224 1226/1226 388/388
f 1225/1225 392/392 1227/1227
f 362/362 379/379 1228/1228
f 379/379 1229/1229 1228/1228
f 1229/1229 390/390 1230/1230
f 390/390 1226/1226 1230/1230
f 1230/1230 1231/1231 1229/1229
f 381/381 1232/1232 1223/1223
f 1233/1233 1234/1234 387/387
f 1224/1224 1236/1236 1235/1235
f 1224/1224 1235/1235 1237/1237
f 1224/1224 1237/1237 1226/1226
f 1236/1236 1224/1224 1225/1225
f 1236/1236 1225/1225 1227/1227
f 1228/1228 1229/1229 1231/1231
f 1231/1231 1230/1230 1238/1238
f 381/381 1239/1239 1232/1232
f 1240/1240 1239/1239 381/381
f 1239/1239 1240/1240 1241/1241
f 1240/1240 381/381 380/380
f 380/380 1242/1242 1240/1240
f 1240/1240 1243/1243 1241/1241
f 1243/1243 1240/1240 1242/1242
f 1228/1228 1231/1231 1244/1244
f 1231/1231 1238/1238 1244/1244
f 380/380 1245/1245 1242/1242
f 1245/1245 1243/1243 1242/1242
f 1243/1243 1245/1245 1246/1246
f 380/380 1247/1247 1245/1245
f 1248/1248 1237/1237 1235/1235
f 1248/1248 1238/1238 1237/1237
f 1235/1235 1236/1236 1249/1249
f 1235/1235 1249/1249 1248/1248
f 1236/1236 1227/1227 1250/1250
f 1227/1227 1252/1252 1251/1251
f 1227/1227 1251/1251 1250/1250
f 352/352 362/362 394/394
f 1228/1228 1253/1253 362/362
f 1228/1228 1244/1244 1253/1253
f 1253/1253 1254/1254 362/362
f 1248/1248 1255/1255 1238/1238
f 1249/1249 1236/1236 1256/1256
f 1201/1201 1215/1215 1257/1257
f 1201/1201 1259/1259 1258/1258
f 1259/1259 1201/1201 1257/1257
f 1215/1215 1260/1260 1257/1257
f 1260/1260 1215/1215 1216/1216
f 1215/1215 1201/1201 1200/1200
f 1257/1257 1261/1261 1259/1259
f 1261/1261 1257/1257 1260/1260
f 380/380 1201/1201 1262/1262
f 380/380 1262/1262 1263/1263
f 1209/1209 1265/1265 1264/1264
f 1210/1210 1265/1265 1209/1209
f 1265/1265 1210/1210 1199/1199
f 1266/1266 1267/1267 1265/1265
f 1267/1267 1266/1266 1268/1268
f 1269/1269 1271/1271 1270/1270
f 1272/1272 1273/1273 1267/1267
f 1270/1270 1275/1275 1274/1274
f 1270/1270 1274/1274 1276/1276
f 1276/1276 1274/1274 1277/1277
f 1275/1275 1278/1278 1274/1274
f 1278/1278 1275/1275 1279/1279
f 1278/1278 1279/1279 1280/1280
f 1281/1281 1282/1282 1268/1268
f 1271/1271 1284/1284 1283/1283
f 1283/1283 1285/1285 1275/1275
f 1283/1283 1270/1270 1271/1271
f 1283/1283 1275/1275 1270/1270
f 1284/1284 1286/1286 1283/1283
f 1286/1286 1287/1287 1285/1285
f 1286/1286 1285/1285 1283/1283
f 1222/1222 1288/1288 1265/1265
f 1222/1222 1265/1265 1199/1199
f 1281/1281 1289/1289 1282/1282
f 1281/1281 1265/1265 1288/1288
f 1284/1284 1290/1290 1286/1286
f 1290/1290 1291/1291 1286/1286
f 1288/1288 1292/1292 1281/1281
f 1293/1293 1289/1289 1281/1281
f 1294/1294 1291/1291 1290/1290
f 1293/1293 1281/1281 1292/1292
f 1291/1291 1294/1294 1295/1295
f 1291/1291 1297/1297 1296/1296
f 1293/1293 1292/1292 1298/1298
f 1295/1295 1299/1299 1291/1291
f 1291/1291 1299/1299 1297/1297
f 1300/1300 1299/1299 1295/1295
f 1301/1301 1298/1298 1292/1292
f 1292/1292 1302/1302 1301/1301
f 1297/1297 1304/1304 1303/1303
f 1297/1297 1299/1299 1304/1304
f 1288/1288 1222/1222 1305/1305
f 1288/1288 1305/1305 1292/1292
f 1306/1306 1292/1292 1305/1305
f 1306/1306 1307/1307 1292/1292
f 1306/1306 1308/1308 1307/1307
f 1292/1292 1307/1307 1302/1302
f 1306/1306 1309/1309 1308/1308
f 1306/1306 1310/1310 1309/1309
f 1310/1310 1306/1306 1305/1305
f 1311/1311 1313/1313 1312/1312
f 1313/1313 1311/1311 1314/1314
f 1311/1311 1315/1315 1314/1314
f 1315/1315 1311/1311 1316/1316
f 1312/1312 1313/1313 1317/1317
f 1313/1313 1256/1256 1318/1318
f 1256/1256 1313/1313 1314/1314
f 1313/1313 1319/1319 1317/1317
f 1319/1319 1313/1313 1318/1318
f 1299/1299 1300/1300 1320/1320
f 1319/1319 1304/1304 1317/1317
f 1319/1319 1250/1250 1321/1321
f 1250/1250 1319/1319 1318/1318
f 1319/1319 1322/1322 1304/1304
f 1322/1322 1319/1319 1321/1321
f 1323/1323 1222/1222 1324/1324
f 1323/1323 1324/1324 1325/1325
f 1222/1222 1323/1323 1305/1305
f 1305/1305 1326/1326 1310/1310
f 1305/1305 1327/1327 1326/1326
f 1253/1253 1244/1244 1328/1328
f 1254/1254 1253/1253 1329/1329
f 1253/1253 1328/1328 1329/1329
f 1328/1328 1255/1255 1330/1330
f 1327/1327 1323/1323 1325/1325
f 1323/1323 1327/1327 1305/1305
f 1331/1331 1325/1325 1324/1324
f 1332/1332 1254/1254 1329/1329
f 1255/1255 1328/1328 1244/1244
f 1248/1248 1333/1333 1255/1255
f 1248/1248 1315/1315 1333/1333
f 1315/1315 1248/1248 1249/1249
f 1333/1333 1316/1316 1334/1334
f 1316/1316 1333/1333 1315/1315
f 1333/1333 1330/1330 1255/1255
f 1330/1330 1333/1333 1334/1334
f 394/394 1254/1254 1335/1335
f 1254/1254 1332/1332 1335/1335
f 1336/1336 1222/1222 1337/1337
f 1336/1336 1337/1337 1338/1338
f 1336/1336 1324/1324 1222/1222
f 1336/1336 1331/1331 1324/1324
f 1335/1335 1332/1332 1339/1339
f 1338/1338 1331/1331 1336/1336
f 1335/1335 1339/1339 1340/1340
f 371/371 1227/1227 392/392
f 407/407 1341/1341 372/372
f 371/371 1341/1341 1252/1252
f 1341/1341 371/371 372/372
f 371/371 1252/1252 1227/1227
f 1342/1342 409/409 387/387
f 409/409 1342/1342 1343/1343
f 1341/1341 1251/1251 1252/1252
f 1251/1251 1341/1341 1344/1344
f 1341/1341 407/407 1344/1344
f 1344/1344 407/407 1345/1345
f 409/409 1347/1347 1346/1346
f 1347/1347 409/409 1343/1343
f 409/409 1346/1346 410/410
f 1348/1348 1350/1350 1349/1349
f 1348/1348 1351/1351 1350/1350
f 1351/1351 1348/1348 1352/1352
f 1348/1348 1353/1353 1352/1352
f 1353/1353 1348/1348 1346/1346
f 1350/1350 1355/1355 1354/1354
f 1355/1355 1350/1350 1351/1351
f 410/410 1346/1346 1348/1348
f 1349/1349 1356/1356 1280/1280
f 1345/1345 1349/1349 1357/1357
f 1349/1349 1345/1345 1348/1348
f 1345/1345 410/410 1348/1348
f 1357/1357 1280/1280 1358/1358
f 1280/1280 1357/1357 1349/1349
f 1357/1357 1358/1358 1359/1359
f 1345/1345 1357/1357 1360/1360
f 1360/1360 1359/1359 1361/1361
f 407/407 410/410 1345/1345
f 1345/1345 1360/1360 1344/1344
f 1344/1344 1362/1362 1251/1251
f 1344/1344 1361/1361 1362/1362
f 1344/1344 1360/1360 1361/1361
f 1251/1251 1362/1362 1250/1250
f 1356/1356 1278/1278 1280/1280
f 1363/1363 1280/1280 1279/1279
f 1280/1280 1363/1363 1358/1358
f 1363/1363 1275/1275 1285/1285
f 1275/1275 1363/1363 1279/1279
f 1358/1358 1363/1363 1364/1364
f 1363/1363 1285/1285 1287/1287
f 1287/1287 1286/1286 1296/1296
f 1287/1287 1296/1296 1363/1363
f 1358/1358 1364/1364 1359/1359
f 1364/1364 1296/1296 1297/1297
f 1296/1296 1364/1364 1363/1363
f 1296/1296 1286/1286 1291/1291
f 1359/1359 1364/1364 1303/1303
f 1360/1360 1357/1357 1359/1359
f 1364/1364 1297/1297 1303/1303
f 1361/1361 1321/1321 1362/1362
f 1321/1321 1361/1361 1322/1322
f 1304/1304 1299/1299 1317/1317
f 993/993 1365/1365 992/992
f 993/993 56/56 1365/1365
f 1365/1365 1366/1366 992/992
f 477/477 1365/1365 56/56
f 56/56 418/418 477/477
f 1365/1365 477/477 1367/1367
f 1365/1365 1367/1367 1368/1368
f 1367/1367 1369/1369 1368/1368
f 1370/1370 1371/1371 1369/1369
f 1031/1031 992/992 1366/1366
f 1031/1031 1366/1366 1368/1368
f 1368/1368 1366/1366 1365/1365
f 1369/1369 1031/1031 1368/1368
f 1031/1031 1372/1372 995/995
f 1031/1031 1369/1369 1372/1372
f 1372/1372 1373/1373 995/995
f 1371/1371 1372/1372 1369/1369
f 1369/1369 1367/1367 1370/1370
f 1033/1033 1375/1375 1374/1374
f 1375/1375 1376/1376 1049/1049
f 1033/1033 1377/1377 1375/1375
f 1377/1377 1376/1376 1375/1375
f 1033/1033 995/995 1373/1373
f 1377/1377 1378/1378 1376/1376
f 1033/1033 1379/1379 1377/1377
f 1378/1378 1040/1040 1376/1376
f 1378/1378 1380/1380 1040/1040
f 1145/1145 1040/1040 1380/1380
f 1079/1079 1040/1040 1145/1145
f 1146/1146 1381/1381 1137/1137
f 1382/1382 1137/1137 1381/1381
f 1146/1146 1383/1383 1381/1381
f 1383/1383 1382/1382 1381/1381
f 1384/1384 1146/1146 1145/1145
f 1384/1384 1383/1383 1146/1146
f 1385/1385 1382/1382 1383/1383
f 1385/1385 1383/1383 1384/1384
f 1222/1222 1382/1382 1386/1386
f 1387/1387 1337/1337 1222/1222
f 1387/1387 1388/1388 1337/1337
f 1387/1387 1389/1389 1388/1388
f 1335/1335 1340/1340 1390/1390
f 1389/1389 1387/1387 1391/1391
f 1222/1222 1392/1392 1391/1391
f 1393/1393 1391/1391 1392/1392
f 1335/1335 1390/1390 1394/1394
f 1393/1393 1389/1389 1391/1391
f 1393/1393 1392/1392 1395/1395
f 1394/1394 1396/1396 1335/1335
f 393/393 394/394 1397/1397
f 1397/1397 1335/1335 1398/1398
f 1335/1335 1397/1397 394/394
f 1398/1398 1335/1335 1396/1396
f 1392/1392 1399/1399 1395/1395
f 1398/1398 1396/1396 1400/1400
f 1401/1401 1392/1392 1222/1222
f 1401/1401 1399/1399 1392/1392
f 1401/1401 1402/1402 1399/1399
f 1398/1398 1400/1400 1403/1403
f 1402/1402 1401/1401 1404/1404
f 1397/1397 1398/1398 1405/1405
f 1398/1398 1406/1406 1405/1405
f 1398/1398 1403/1403 1406/1406
f 1407/1407 1402/1402 1404/1404
f 1404/1404 1408/1408 1407/1407
f 1386/1386 1404/1404 1222/1222
f 1405/1405 1406/1406 1409/1409
f 1405/1405 1409/1409 1410/1410
f 1408/1408 1404/1404 1411/1411
f 1386/1386 1412/1412 1404/1404
f 1404/1404 1412/1412 1411/1411
f 1412/1412 1413/1413 1411/1411
f 1414/1414 1410/1410 1415/1415
f 1414/1414 1415/1415 1416/1416
f 417/417 477/477 418/418
f 1417/1417 476/476 472/472
f 1417/1417 1418/1418 476/476
f 472/472 470/470 1417/1417
f 475/475 1418/1418 1419/1419
f 475/475 1419/1419 474/474
f 475/475 476/476 1418/1418
f 1418/1418 1417/1417 1420/1420
f 477/477 1421/1421 1370/1370
f 1370/1370 1421/1421 1371/1371
f 477/477 1422/1422 1421/1421
f 1422/1422 1423/1423 1421/1421
f 1424/1424 1422/1422 1425/1425
f 1424/1424 1423/1423 1422/1422
f 1424/1424 1426/1426 1423/1423
f 1426/1426 1424/1424 1427/1427
f 477/477 474/474 1425/1425
f 1424/1424 1425/1425 1419/1419
f 1428/1428 1417/1417 1429/1429
f 1417/1417 1428/1428 1430/1430
f 1428/1428 1429/1429 1431/1431
f 1428/1428 1433/1433 1432/1432
f 1433/1433 1428/1428 1431/1431
f 1428/1428 1434/1434 1430/1430
f 1434/1434 1428/1428 1432/1432
f 1429/1429 473/473 1431/1431
f 1417/1417 1430/1430 1420/1420
f 1418/1418 1420/1420 1435/1435
f 1418/1418 1435/1435 1419/1419
f 1436/1436 1437/1437 1435/1435
f 1436/1436 1438/1438 1437/1437
f 1436/1436 1420/1420 1439/1439
f 1420/1420 1436/1436 1435/1435
f 1436/1436 1440/1440 1438/1438
f 1440/1440 1436/1436 1439/1439
f 1437/1437 1442/1442 1441/1441
f 1437/1437 1444/1444 1443/1443
f 1444/1444 1437/1437 1438/1438
f 1437/1437 1443/1443 1442/1442
f 1437/1437 1441/1441 1435/1435
f 1435/1435 1441/1441 1419/1419
f 1441/1441 1442/1442 1445/1445
f 1441/1441 1445/1445 1427/1427
f 1372/1372 1446/1446 1373/1373
f 1372/1372 1371/1371 1446/1446
f 1446/1446 1371/1371 1423/1423
f 1373/1373 1446/1446 1426/1426
f 1423/1423 1426/1426 1446/1446
f 1373/1373 1426/1426 1427/1427
f 1427/1427 1424/1424 1441/1441
f 1373/1373 1427/1427 1445/1445
f 1447/1447 1378/1378 1377/1377
f 1447/1447 1377/1377 1379/1379
f 1447/1447 1448/1448 1378/1378
f 1449/1449 1447/1447 1379/1379
f 1449/1449 1448/1448 1447/1447
f 1449/1449 1450/1450 1448/1448
f 1451/1451 1379/1379 1373/1373
f 1378/1378 1448/1448 1380/1380
f 1380/1380 1452/1452 1145/1145
f 1145/1145 1454/1454 1453/1453
f 1453/1453 1384/1384 1145/1145
f 1453/1453 1385/1385 1384/1384
f 1453/1453 1454/1454 1385/1385
f 1454/1454 1145/1145 1452/1452
f 1455/1455 1385/1385 1454/1454
f 1455/1455 1456/1456 1385/1385
f 1456/1456 1386/1386 1382/1382
f 1457/1457 508/508 393/393
f 1458/1458 1412/1412 1459/1459
f 1397/1397 1414/1414 1460/1460
f 1414/1414 1416/1416 1460/1460
f 1460/1460 1416/1416 1461/1461
f 1462/1462 1463/1463 1459/1459
f 1464/1464 1460/1460 1461/1461
f 1465/1465 1459/1459 1386/1386
f 1465/1465 1462/1462 1459/1459
f 1462/1462 1465/1465 1466/1466
f 1465/1465 1467/1467 1466/1466
f 1468/1468 1465/1465 1386/1386
f 1468/1468 1467/1467 1465/1465
f 1469/1469 1471/1471 1470/1470
f 1397/1397 1469/1469 1472/1472
f 1469/1469 1473/1473 1472/1472
f 1468/1468 1475/1475 1474/1474
f 1472/1472 1473/1473 1476/1476
f 1468/1468 1477/1477 1475/1475
f 1397/1397 1472/1472 1478/1478
f 1478/1478 1476/1476 1479/1479
f 1472/1472 1476/1476 1478/1478
f 1386/1386 1480/1480 1468/1468
f 1468/1468 1480/1480 1477/1477
f 1457/1457 393/393 1397/1397
f 1481/1481 1478/1478 1479/1479
f 1482/1482 1477/1477 1480/1480
f 1480/1480 1483/1483 1482/1482
f 1478/1478 1481/1481 1484/1484
f 599/599 600/600 1485/1485
f 599/599 1486/1486 598/598
f 628/628 1487/1487 631/631
f 1487/1487 1488/1488 640/640
f 1489/1489 621/621 637/637
f 637/637 638/638 1490/1490
f 1491/1491 1490/1490 638/638
f 599/599 1492/1492 1486/1486
f 599/599 1485/1485 1492/1492
f 1486/1486 1493/1493 598/598
f 1494/1494 573/573 601/601
f 1495/1495 1487/1487 1496/1496
f 1496/1496 1487/1487 628/628
f 628/628 1497/1497 1496/1496
f 628/628 635/635 1497/1497
f 1494/1494 634/634 1498/1498
f 1499/1499 634/634 1500/1500
f 1501/1501 1495/1495 1497/1497
f 634/634 1503/1503 1502/1502
f 1503/1503 634/634 1499/1499
f 1495/1495 1496/1496 1497/1497
f 1429/1429 1417/1417 470/470
f 1431/1431 629/629 630/630
f 629/629 1431/1431 473/473
f 1504/1504 1505/1505 618/618
f 1505/1505 630/630 618/618
f 1506/1506 1504/1504 1489/1489
f 1504/1504 621/621 1489/1489
f 1489/1489 637/637 1507/1507
f 1490/1490 1507/1507 637/637
f 1507/1507 1490/1490 1508/1508
f 1507/1507 1509/1509 1489/1489
f 1486/1486 1511/1511 1510/1510
f 1486/1486 1512/1512 1511/1511
f 1510/1510 1508/1508 1491/1491
f 1511/1511 1513/1513 1510/1510
f 1513/1513 1511/1511 1514/1514
f 1511/1511 1515/1515 1514/1514
f 1515/1515 1511/1511 1512/1512
f 1510/1510 1513/1513 1508/1508
f 1492/1492 1512/1512 1486/1486
f 1492/1492 1485/1485 1512/1512
f 1486/1486 1510/1510 1493/1493
f 572/572 573/573 1485/1485
f 1485/1485 573/573 1516/1516
f 1485/1485 1516/1516 1512/1512
f 1517/1517 573/573 1494/1494
f 1502/1502 1498/1498 634/634
f 1498/1498 1502/1502 1518/1518
f 1502/1502 1519/1519 1518/1518
f 1519/1519 1502/1502 1503/1503
f 1520/1520 1522/1522 1521/1521
f 1522/1522 1520/1520 1501/1501
f 1523/1523 1498/1498 1524/1524
f 1525/1525 1527/1527 1526/1526
f 1525/1525 1529/1529 1528/1528
f 1529/1529 1525/1525 1526/1526
f 1523/1523 1530/1530 1498/1498
f 1530/1530 1523/1523 1531/1531
f 1524/1524 1498/1498 1532/1532
f 1524/1524 1534/1534 1533/1533
f 1534/1534 1524/1524 1532/1532
f 1532/1532 1519/1519 1534/1534
f 1519/1519 1532/1532 1518/1518
f 1532/1532 1498/1498 1518/1518
f 1535/1535 1520/1520 1521/1521
f 1520/1520 1535/1535 1536/1536
f 1536/1536 1535/1535 1537/1537
f 1535/1535 1538/1538 1537/1537
f 1537/1537 1538/1538 1526/1526
f 1538/1538 1539/1539 1526/1526
f 1433/1433 1431/1431 630/630
f 1433/1433 1541/1541 1540/1540
f 1433/1433 630/630 1541/1541
f 1433/1433 1540/1540 1542/1542
f 1433/1433 1440/1440 1432/1432
f 1440/1440 1433/1433 1542/1542
f 1542/1542 1438/1438 1440/1440
f 1438/1438 1542/1542 1444/1444
f 1542/1542 1543/1543 1444/1444
f 1543/1543 1542/1542 1540/1540
f 1440/1440 1434/1434 1432/1432
f 1434/1434 1440/1440 1439/1439
f 1540/1540 1544/1544 1543/1543
f 1544/1544 1546/1546 1545/1545
f 1544/1544 1540/1540 1546/1546
f 1540/1540 1541/1541 1546/1546
f 1544/1544 1547/1547 1442/1442
f 1544/1544 1442/1442 1443/1443
f 1443/1443 1543/1543 1544/1544
f 1548/1548 1546/1546 1541/1541
f 1548/1548 630/630 1505/1505
f 630/630 1548/1548 1541/1541
f 1547/1547 1544/1544 1549/1549
f 1549/1549 1544/1544 1545/1545
f 1545/1545 1546/1546 1550/1550
f 1546/1546 1551/1551 1550/1550
f 1551/1551 1546/1546 1548/1548
f 1547/1547 1553/1553 1552/1552
f 1506/1506 1505/1505 1504/1504
f 1506/1506 1551/1551 1505/1505
f 1554/1554 1547/1547 1549/1549
f 1554/1554 1553/1553 1547/1547
f 1551/1551 1555/1555 1550/1550
f 1556/1556 1549/1549 1545/1545
f 1556/1556 1550/1550 1555/1555
f 1556/1556 1545/1545 1550/1550
f 1556/1556 1557/1557 1549/1549
f 1549/1549 1557/1557 1554/1554
f 1554/1554 1558/1558 1553/1553
f 1559/1559 1551/1551 1506/1506
f 1557/1557 1560/1560 1554/1554
f 1560/1560 1558/1558 1554/1554
f 1557/1557 1556/1556 1561/1561
f 1557/1557 1561/1561 1562/1562
f 1557/1557 1562/1562 1560/1560
f 1563/1563 1564/1564 1513/1513
f 1563/1563 1513/1513 1565/1565
f 1563/1563 1567/1567 1566/1566
f 1567/1567 1563/1563 1565/1565
f 1563/1563 1568/1568 1564/1564
f 1568/1568 1563/1563 1566/1566
f 1513/1513 1564/1564 1508/1508
f 1564/1564 1569/1569 1509/1509
f 1564/1564 1507/1507 1508/1508
f 1507/1507 1564/1564 1509/1509
f 1570/1570 1571/1571 1567/1567
f 1570/1570 1565/1565 1514/1514
f 1565/1565 1570/1570 1567/1567
f 1570/1570 1515/1515 1572/1572
f 1515/1515 1570/1570 1514/1514
f 1565/1565 1513/1513 1514/1514
f 1568/1568 1566/1566 1561/1561
f 1568/1568 1569/1569 1564/1564
f 1568/1568 1556/1556 1555/1555
f 1556/1556 1568/1568 1561/1561
f 1568/1568 1555/1555 1569/1569
f 1567/1567 1571/1571 1566/1566
f 1566/1566 1562/1562 1561/1561
f 1566/1566 1573/1573 1562/1562
f 1573/1573 1566/1566 1571/1571
f 1573/1573 1575/1575 1574/1574
f 1573/1573 1570/1570 1575/1575
f 1570/1570 1573/1573 1571/1571
f 1573/1573 1574/1574 1562/1562
f 1575/1575 1572/1572 1516/1516
f 1572/1572 1575/1575 1570/1570
f 1517/1517 1516/1516 573/573
f 1517/1517 1576/1576 1516/1516
f 1577/1577 1579/1579 1578/1578
f 1580/1580 1581/1581 1576/1576
f 1580/1580 1583/1583 1582/1582
f 1580/1580 1584/1584 1581/1581
f 1584/1584 1580/1580 1582/1582
f 1576/1576 1581/1581 1577/1577
f 1577/1577 1585/1585 1579/1579
f 1585/1585 1577/1577 1581/1581
f 1584/1584 1587/1587 1586/1586
f 1587/1587 1584/1584 1582/1582
f 1584/1584 1586/1586 1585/1585
f 1584/1584 1585/1585 1581/1581
f 1585/1585 1588/1588 1579/1579
f 1583/1583 1587/1587 1582/1582
f 1583/1583 1590/1590 1589/1589
f 1558/1558 1552/1552 1553/1553
f 1558/1558 1560/1560 1574/1574
f 1574/1574 1560/1560 1562/1562
f 1558/1558 1574/1574 1591/1591
f 1578/1578 1593/1593 1592/1592
f 1578/1578 1594/1594 1593/1593
f 1578/1578 1575/1575 1577/1577
f 1575/1575 1578/1578 1592/1592
f 1593/1593 1591/1591 1592/1592
f 1592/1592 1591/1591 1574/1574
f 1592/1592 1574/1574 1575/1575
f 1591/1591 1451/1451 1558/1558
f 1579/1579 1594/1594 1578/1578
f 1594/1594 1579/1579 1588/1588
f 1594/1594 1595/1595 1593/1593
f 1487/1487 1495/1495 1488/1488
f 1596/1596 1597/1597 1522/1522
f 1596/1596 1497/1497 635/635
f 1497/1497 1596/1596 1522/1522
f 1596/1596 1598/1598 1597/1597
f 1521/1521 1599/1599 1535/1535
f 1599/1599 1600/1600 1535/1535
f 1600/1600 1601/1601 1535/1535
f 1601/1601 1538/1538 1535/1535
f 1601/1601 1600/1600 1602/1602
f 1601/1601 1539/1539 1538/1538
f 1539/1539 1601/1601 1603/1603
f 1600/1600 1598/1598 1602/1602
f 1598/1598 1596/1596 1604/1604
f 1604/1604 1602/1602 1598/1598
f 1604/1604 1596/1596 1605/1605
f 1602/1602 1604/1604 1606/1606
f 1607/1607 1609/1609 1608/1608
f 1607/1607 1611/1611 1610/1610
f 1612/1612 1614/1614 1613/1613
f 1615/1615 1607/1607 1616/1616
f 1607/1607 1615/1615 1609/1609
f 1613/1613 1614/1614 1617/1617
f 1613/1613 1617/1617 1618/1618
f 1610/1610 1620/1620 1619/1619
f 1610/1610 1619/1619 1616/1616
f 1610/1610 1616/1616 1607/1607
f 1539/1539 1619/1619 1620/1620
f 1539/1539 1603/1603 1619/1619
f 1620/1620 1610/1610 1529/1529
f 1619/1619 1621/1621 1616/1616
f 1621/1621 1619/1619 1622/1622
f 1616/1616 1621/1621 1615/1615
f 1621/1621 1624/1624 1623/1623
f 1621/1621 1625/1625 1624/1624
f 1625/1625 1621/1621 1622/1622
f 1615/1615 1627/1627 1626/1626
f 1627/1627 1615/1615 1621/1621
f 1615/1615 1626/1626 1628/1628
f 1629/1629 1631/1631 1630/1630
f 1631/1631 1629/1629 1606/1606
f 1629/1629 1602/1602 1606/1606
f 1629/1629 1601/1601 1602/1602
f 1629/1629 1603/1603 1601/1601
f 1603/1603 1629/1629 1630/1630
f 1622/1622 1603/1603 1630/1630
f 1622/1622 1631/1631 1625/1625
f 1631/1631 1622/1622 1630/1630
f 1622/1622 1619/1619 1603/1603
f 1606/1606 1632/1632 1631/1631
f 1606/1606 1633/1633 1632/1632
f 1623/1623 1627/1627 1621/1621
f 1623/1623 1624/1624 1634/1634
f 1623/1623 1634/1634 1635/1635
f 1373/1373 1445/1445 1552/1552
f 1558/1558 1451/1451 1373/1373
f 1636/1636 1637/1637 1449/1449
f 1636/1636 1449/1449 1451/1451
f 1451/1451 1638/1638 1636/1636
f 1638/1638 1640/1640 1639/1639
f 1451/1451 1641/1641 1638/1638
f 1642/1642 1451/1451 1591/1591
f 1642/1642 1591/1591 1593/1593
f 1643/1643 1644/1644 1595/1595
f 1644/1644 1643/1643 1645/1645
f 1643/1643 1646/1646 1645/1645
f 1646/1646 1643/1643 1647/1647
f 1642/1642 1644/1644 1648/1648
f 1642/1642 1648/1648 1451/1451
f 1649/1649 1650/1650 1589/1589
f 1649/1649 1589/1589 1614/1614
f 1589/1589 1651/1651 1583/1583
f 1583/1583 1651/1651 1587/1587
f 1647/1647 1588/1588 1585/1585
f 1647/1647 1585/1585 1586/1586
f 1588/1588 1643/1643 1594/1594
f 1586/1586 1587/1587 1651/1651
f 1589/1589 1652/1652 1651/1651
f 1653/1653 1623/1623 1654/1654
f 1623/1623 1653/1653 1627/1627
f 1647/1647 1655/1655 1646/1646
f 1655/1655 1647/1647 1586/1586
f 635/635 636/636 1656/1656
f 1657/1657 1596/1596 635/635
f 1657/1657 1658/1658 1596/1596
f 1632/1632 1633/1633 1659/1659
f 1632/1632 1660/1660 1631/1631
f 1658/1658 1605/1605 1596/1596
f 1624/1624 1661/1661 1634/1634
f 1661/1661 1624/1624 1662/1662
f 1624/1624 1663/1663 1662/1662
f 1634/1634 1664/1664 1635/1635
f 1634/1634 1661/1661 1664/1664
f 1665/1665 1667/1667 1666/1666
f 1667/1667 1665/1665 1668/1668
f 1660/1660 1669/1669 1631/1631
f 1631/1631 1671/1671 1670/1670
f 1631/1631 1669/1669 1671/1671
f 1631/1631 1670/1670 1625/1625
f 1671/1671 1672/1672 1663/1663
f 1672/1672 1662/1662 1663/1663
f 1663/1663 1670/1670 1671/1671
f 1640/1640 1380/1380 1637/1637
f 1639/1639 1636/1636 1638/1638
f 1640/1640 1638/1638 1641/1641
f 1673/1673 1641/1641 1648/1648
f 1641/1641 1673/1673 1640/1640
f 1673/1673 1648/1648 1674/1674
f 1675/1675 1677/1677 1676/1676
f 1677/1677 1675/1675 1678/1678
f 1677/1677 1679/1679 1676/1676
f 1680/1680 1681/1681 1679/1679
f 1681/1681 1680/1680 1682/1682
f 1668/1668 1684/1684 1683/1683
f 1668/1668 1683/1683 1667/1667
f 1683/1683 1686/1686 1685/1685
f 1683/1683 1652/1652 1667/1667
f 1683/1683 1651/1651 1652/1652
f 1651/1651 1683/1683 1685/1685
f 1685/1685 1586/1586 1651/1651
f 1586/1586 1685/1685 1687/1687
f 1685/1685 1688/1688 1687/1687
f 1688/1688 1685/1685 1686/1686
f 1684/1684 1686/1686 1683/1683
f 1689/1689 1655/1655 1690/1690
f 1655/1655 1689/1689 1646/1646
f 1689/1689 1645/1645 1646/1646
f 1645/1645 1689/1689 1675/1675
f 1689/1689 1678/1678 1675/1675
f 1689/1689 1690/1690 1691/1691
f 1666/1666 1652/1652 1692/1692
f 1652/1652 1666/1666 1667/1667
f 1665/1665 1693/1693 1668/1668
f 1664/1664 1661/1661 1694/1694
f 1695/1695 1633/1633 1605/1605
f 1660/1660 1696/1696 1669/1669
f 1696/1696 1697/1697 1669/1669
f 1679/1679 1677/1677 1698/1698
f 1688/1688 1686/1686 1699/1699
f 1688/1688 1699/1699 1691/1691
f 1678/1678 1698/1698 1677/1677
f 1605/1605 1658/1658 1695/1695
f 1695/1695 1700/1700 1633/1633
f 1660/1660 1701/1701 1696/1696
f 1640/1640 1702/1702 1380/1380
f 1679/1679 1703/1703 1680/1680
f 1703/1703 1682/1682 1680/1680
f 1684/1684 1704/1704 1686/1686
f 1684/1684 1706/1706 1705/1705
f 1704/1704 1699/1699 1686/1686
f 1699/1699 1707/1707 1691/1691
f 1691/1691 1707/1707 1689/1689
f 1708/1708 1705/1705 1706/1706
f 1708/1708 1709/1709 1705/1705
f 1710/1710 1712/1712 1711/1711
f 1700/1700 1713/1713 1659/1659
f 1713/1713 1714/1714 1660/1660
f 1701/1701 1697/1697 1696/1696
f 1671/1671 1715/1715 1672/1672
f 1701/1701 1716/1716 1697/1697
f 1697/1697 1716/1716 1671/1671
f 1702/1702 1452/1452 1380/1380
f 1698/1698 1717/1717 1679/1679
f 1717/1717 1703/1703 1679/1679
f 1703/1703 1718/1718 1682/1682
f 1718/1718 1674/1674 1682/1682
f 1673/1673 1702/1702 1640/1640
f 1707/1707 1719/1719 1689/1689
f 1719/1719 1678/1678 1689/1689
f 1705/1705 1709/1709 1720/1720
f 1721/1721 1711/1711 1712/1712
f 1656/1656 752/752 1722/1722
f 1656/1656 1722/1722 1657/1657
f 1657/1657 1722/1722 1658/1658
f 1722/1722 816/816 1723/1723
f 1714/1714 1701/1701 1660/1660
f 1724/1724 1695/1695 1658/1658
f 1724/1724 1700/1700 1695/1695
f 1713/1713 1700/1700 1725/1725
f 1722/1722 1724/1724 1658/1658
f 1724/1724 1725/1725 1700/1700
f 1716/1716 1726/1726 1671/1671
f 1726/1726 1715/1715 1671/1671
f 1715/1715 1728/1728 1727/1727
f 1715/1715 1726/1726 1728/1728
f 1702/1702 1729/1729 1452/1452
f 1702/1702 1673/1673 1674/1674
f 1702/1702 1674/1674 1718/1718
f 1699/1699 1704/1704 1707/1707
f 1707/1707 1730/1730 1719/1719
f 1678/1678 1717/1717 1698/1698
f 1731/1731 1732/1732 1721/1721
f 1731/1731 1721/1721 1712/1712
f 1731/1731 1712/1712 1727/1727
f 1720/1720 1733/1733 1705/1705
f 816/816 1722/1722 752/752
f 1723/1723 1735/1735 1734/1734
f 816/816 1735/1735 1723/1723
f 816/816 817/817 1735/1735
f 846/846 1735/1735 818/818
f 846/846 1736/1736 1735/1735
f 1713/1713 1737/1737 1714/1714
f 1737/1737 1713/1713 1738/1738
f 1713/1713 1725/1725 1738/1738
f 1714/1714 1739/1739 1701/1701
f 1714/1714 1740/1740 1739/1739
f 1740/1740 1714/1714 1737/1737
f 1736/1736 1741/1741 1734/1734
f 1736/1736 1734/1734 1735/1735
f 1734/1734 1742/1742 1723/1723
f 1741/1741 1744/1744 1743/1743
f 1741/1741 1743/1743 1734/1734
f 1734/1734 1738/1738 1742/1742
f 1738/1738 1734/1734 1743/1743
f 1742/1742 1725/1725 1724/1724
f 1725/1725 1742/1742 1738/1738
f 1744/1744 1745/1745 1743/1743
f 1716/1716 1701/1701 1739/1739
f 1739/1739 1740/1740 1716/1716
f 1716/1716 1746/1746 1726/1726
f 1746/1746 1716/1716 1740/1740
f 1747/1747 1749/1749 1748/1748
f 1749/1749 1746/1746 1740/1740
f 1746/1746 1749/1749 1747/1747
f 1748/1748 1749/1749 1750/1750
f 1749/1749 1737/1737 1750/1750
f 1737/1737 1749/1749 1740/1740
f 1751/1751 1753/1753 1752/1752
f 1751/1751 1746/1746 1747/1747
f 1746/1746 1751/1751 1754/1754
f 1751/1751 1755/1755 1754/1754
f 1755/1755 1751/1751 1752/1752
f 1755/1755 1728/1728 1754/1754
f 1728/1728 1755/1755 1727/1727
f 1755/1755 1731/1731 1727/1727
f 1750/1750 1743/1743 1745/1745
f 1750/1750 1738/1738 1743/1743
f 1738/1738 1750/1750 1737/1737
f 1752/1752 1756/1756 1755/1755
f 1756/1756 1752/1752 1757/1757
f 1452/1452 1758/1758 1454/1454
f 1759/1759 1454/1454 1758/1758
f 1456/1456 1759/1759 1760/1760
f 1758/1758 1760/1760 1759/1759
f 1758/1758 1452/1452 1729/1729
f 1761/1761 1758/1758 1762/1762
f 1762/1762 1758/1758 1729/1729
f 1456/1456 1760/1760 1761/1761
f 1760/1760 1758/1758 1761/1761
f 1761/1761 1763/1763 1456/1456
f 1763/1763 1761/1761 1762/1762
f 1764/1764 1765/1765 1763/1763
f 1764/1764 1702/1702 1718/1718
f 1763/1763 1766/1766 1456/1456
f 1764/1764 1718/1718 1703/1703
f 1764/1764 1767/1767 1765/1765
f 1767/1767 1764/1764 1703/1703
f 1768/1768 1770/1770 1769/1769
f 1768/1768 1771/1771 1770/1770
f 1768/1768 1769/1769 1772/1772
f 1769/1769 1774/1774 1773/1773
f 1769/1769 1770/1770 1774/1774
f 1770/1770 1703/1703 1774/1774
f 1703/1703 1770/1770 1767/1767
f 1769/1769 1773/1773 1772/1772
f 1767/1767 1770/1770 1771/1771
f 1767/1767 1766/1766 1765/1765
f 1705/1705 1733/1733 1775/1775
f 1705/1705 1775/1775 1776/1776
f 1707/1707 1777/1777 1730/1730
f 1707/1707 1704/1704 1777/1777
f 1775/1775 1778/1778 1776/1776
f 1778/1778 1775/1775 1779/1779
f 1775/1775 1780/1780 1779/1779
f 1780/1780 1775/1775 1733/1733
f 1776/1776 1781/1781 1704/1704
f 1781/1781 1776/1776 1778/1778
f 1778/1778 1782/1782 1781/1781
f 1782/1782 1778/1778 1783/1783
f 1784/1784 1786/1786 1785/1785
f 1786/1786 1784/1784 1787/1787
f 1782/1782 1788/1788 1781/1781
f 1781/1781 1777/1777 1704/1704
f 1777/1777 1781/1781 1788/1788
f 1782/1782 1790/1790 1789/1789
f 1782/1782 1789/1789 1791/1791
f 1782/1782 1791/1791 1788/1788
f 1788/1788 1730/1730 1777/1777
f 1788/1788 1772/1772 1773/1773
f 1772/1772 1788/1788 1791/1791
f 1788/1788 1719/1719 1730/1730
f 1719/1719 1788/1788 1773/1773
f 1773/1773 1792/1792 1719/1719
f 1786/1786 1793/1793 1785/1785
f 1793/1793 1786/1786 1794/1794
f 1786/1786 1795/1795 1794/1794
f 1795/1795 1786/1786 1757/1757
f 1796/1796 1797/1797 1736/1736
f 1796/1796 1736/1736 846/846
f 1797/1797 1741/1741 1736/1736
f 1798/1798 1799/1799 1745/1745
f 1745/1745 1799/1799 1750/1750
f 1799/1799 1748/1748 1750/1750
f 1744/1744 1798/1798 1745/1745
f 1744/1744 1741/1741 1800/1800
f 1800/1800 1741/1741 1797/1797
f 1744/1744 1801/1801 1798/1798
f 1798/1798 1802/1802 1799/1799
f 1800/1800 1801/1801 1744/1744
f 1799/1799 1804/1804 1803/1803
f 1799/1799 1802/1802 1804/1804
f 1805/1805 1807/1807 1806/1806
f 1808/1808 1752/1752 1753/1753
f 1808/1808 1795/1795 1752/1752
f 1753/1753 1809/1809 1808/1808
f 1753/1753 1810/1810 1809/1809
f 1795/1795 1811/1811 1794/1794
f 1810/1810 1751/1751 1806/1806
f 1810/1810 1753/1753 1751/1751
f 1803/1803 1805/1805 1748/1748
f 1803/1803 1748/1748 1799/1799
f 1748/1748 1805/1805 1747/1747
f 1806/1806 1747/1747 1805/1805
f 1806/1806 1807/1807 1810/1810
f 1456/1456 1766/1766 1812/1812
f 1766/1766 1767/1767 1813/1813
f 1771/1771 1813/1813 1767/1767
f 1813/1813 1814/1814 1766/1766
f 1791/1791 1789/1789 1815/1815
f 1791/1791 1815/1815 1772/1772
f 1790/1790 1816/1816 1789/1789
f 1789/1789 1816/1816 1815/1815
f 1817/1817 1816/1816 1790/1790
f 1817/1817 1819/1819 1818/1818
f 1819/1819 1817/1817 1790/1790
f 1797/1797 1820/1820 1800/1800
f 1797/1797 1796/1796 1821/1821
f 1821/1821 1820/1820 1797/1797
f 1820/1820 1822/1822 1800/1800
f 1822/1822 1823/1823 1801/1801
f 1803/1803 1824/1824 1805/1805
f 1823/1823 1802/1802 1801/1801
f 1801/1801 1800/1800 1822/1822
f 1804/1804 1825/1825 1803/1803
f 1825/1825 1826/1826 1824/1824
f 1825/1825 1824/1824 1803/1803
f 1824/1824 1827/1827 1807/1807
f 1814/1814 1829/1829 1828/1828
f 1830/1830 1832/1832 1831/1831
f 1830/1830 1816/1816 1833/1833
f 1831/1831 1835/1835 1834/1834
f 1831/1831 1832/1832 1835/1835
f 1836/1836 1828/1828 1829/1829
f 1828/1828 1836/1836 1835/1835
f 1836/1836 1834/1834 1835/1835
f 1807/1807 1805/1805 1824/1824
f 1809/1809 1837/1837 1808/1808
f 1838/1838 1794/1794 1811/1811
f 1794/1794 1838/1838 1793/1793
f 1837/1837 1839/1839 1808/1808
f 1808/1808 1839/1839 1795/1795
f 1839/1839 1811/1811 1795/1795
f 1830/1830 1831/1831 1840/1840
f 1386/1386 1456/1456 1841/1841
f 1814/1814 1842/1842 1812/1812
f 1834/1834 1836/1836 1768/1768
f 1836/1836 1829/1829 1771/1771
f 1836/1836 1771/1771 1768/1768
f 1840/1840 1831/1831 1834/1834
f 1840/1840 1815/1815 1830/1830
f 1829/1829 1814/1814 1813/1813
f 1829/1829 1813/1813 1771/1771
f 1816/1816 1830/1830 1815/1815
f 949/949 1843/1843 951/951
f 953/953 1844/1844 954/954
f 949/949 936/936 1843/1843
f 1845/1845 1846/1846 954/954
f 1847/1847 936/936 1848/1848
f 1845/1845 1849/1849 1846/1846
f 847/847 1796/1796 846/846
f 847/847 954/954 1796/1796
f 1844/1844 1845/1845 954/954
f 1843/1843 936/936 1847/1847
f 954/954 1846/1846 1796/1796
f 1457/1457 886/886 508/508
f 1849/1849 1821/1821 1846/1846
f 936/936 1850/1850 1848/1848
f 1849/1849 1851/1851 1821/1821
f 936/936 1853/1853 1852/1852
f 936/936 886/886 1853/1853
f 1846/1846 1821/1821 1796/1796
f 1821/1821 1851/1851 1822/1822
f 1821/1821 1822/1822 1820/1820
f 1457/1457 1853/1853 886/886
f 1825/1825 1802/1802 1854/1854
f 1802/1802 1825/1825 1804/1804
f 1826/1826 1855/1855 1827/1827
f 1826/1826 1856/1856 1855/1855
f 1856/1856 1826/1826 1825/1825
f 1827/1827 1858/1858 1857/1857
f 1858/1858 1827/1827 1855/1855
f 1852/1852 1860/1860 1859/1859
f 1853/1853 1861/1861 1852/1852
f 1852/1852 1862/1862 1860/1860
f 1862/1862 1852/1852 1861/1861
f 1823/1823 1854/1854 1802/1802
f 1484/1484 1863/1863 1478/1478
f 1863/1863 1484/1484 1864/1864
f 1483/1483 1480/1480 1865/1865
f 1397/1397 1478/1478 1863/1863
f 1480/1480 1866/1866 1865/1865
f 1397/1397 1863/1863 1867/1867
f 1397/1397 1867/1867 1457/1457
f 1863/1863 1864/1864 1868/1868
f 1869/1869 1870/1870 1866/1866
f 1871/1871 1868/1868 1872/1872
f 1867/1867 1863/1863 1871/1871
f 1871/1871 1863/1863 1868/1868
f 1869/1869 1873/1873 1870/1870
f 1874/1874 1871/1871 1872/1872
f 1871/1871 1874/1874 1875/1875
f 1876/1876 1869/1869 1877/1877
f 1869/1869 1876/1876 1873/1873
f 1877/1877 1878/1878 1876/1876
f 1878/1878 1877/1877 1879/1879
f 1877/1877 1841/1841 1879/1879
f 1879/1879 1881/1881 1880/1880
f 1879/1879 1841/1841 1881/1881
f 1879/1879 1880/1880 1878/1878
f 1882/1882 1871/1871 1875/1875
f 1871/1871 1882/1882 1867/1867
f 1867/1867 1882/1882 1883/1883
f 1841/1841 1885/1885 1884/1884
f 1841/1841 1884/1884 1881/1881
f 1884/1884 1886/1886 1881/1881
f 1886/1886 1884/1884 1887/1887
f 1881/1881 1886/1886 1880/1880
f 1867/1867 1889/1889 1888/1888
f 1887/1887 1885/1885 1890/1890
f 1885/1885 1887/1887 1884/1884
f 1867/1867 1891/1891 1889/1889
f 1892/1892 1894/1894 1893/1893
f 1892/1892 1895/1895 1894/1894
f 1895/1895 1892/1892 1896/1896
f 1842/1842 1841/1841 1812/1812
f 1842/1842 1898/1898 1897/1897
f 1867/1867 1888/1888 1899/1899
f 1899/1899 1457/1457 1867/1867
f 1899/1899 1894/1894 1895/1895
f 1894/1894 1899/1899 1900/1900
f 1888/1888 1901/1901 1900/1900
f 1817/1817 1818/1818 1902/1902
f 1896/1896 1903/1903 1895/1895
f 1899/1899 1905/1905 1904/1904
f 1905/1905 1899/1899 1895/1895
f 1899/1899 1904/1904 1457/1457
f 1853/1853 1457/1457 1904/1904
f 1904/1904 1905/1905 1906/1906
f 1905/1905 1903/1903 1907/1907
f 1903/1903 1905/1905 1895/1895
f 1905/1905 1907/1907 1908/1908
f 1909/1909 1906/1906 1908/1908
f 1910/1910 1833/1833 1817/1817
f 1909/1909 1911/1911 1906/1906
f 1911/1911 1909/1909 1912/1912
f 1910/1910 1817/1817 1902/1902
f 1908/1908 1906/1906 1905/1905
f 1913/1913 1914/1914 1838/1838
f 1913/1913 1838/1838 1811/1811
f 1913/1913 1811/1811 1839/1839
f 1809/1809 1915/1915 1837/1837
f 1809/1809 1857/1857 1915/1915
f 1837/1837 1916/1916 1839/1839
f 1916/1916 1837/1837 1917/1917
f 1837/1837 1918/1918 1917/1917
f 1918/1918 1837/1837 1915/1915
f 1919/1919 1911/1911 1920/1920
f 1911/1911 1919/1919 1921/1921
f 1920/1920 1911/1911 1912/1912
f 4/4 7/7 1922/1922
f 9/9 12/12 8/8
f 15/15 13/13 14/14
f 19/19 29/29 18/18
f 19/19 14/14 20/20
f 30/30 33/33 1923/1923
f 30/30 1923/1923 26/26
f 1923/1923 34/34 1924/1924
f 34/34 1923/1923 33/33
f 1923/1923 27/27 26/26
f 1923/1923 1925/1925 27/27
f 1925/1925 1923/1923 1924/1924
f 1926/1926 44/44 1927/1927
f 1926/1926 43/43 44/44
f 44/44 45/45 66/66
f 18/18 28/28 26/26
f 28/28 18/18 29/29
f 30/30 46/46 36/36
f 48/48 93/93 40/40
f 40/40 93/93 39/39
f 39/39 93/93 45/45
f 1928/1928 1930/1930 1929/1929
f 1930/1930 1928/1928 1931/1931
f 1929/1929 79/79 1932/1932
f 79/79 1929/1929 1930/1930
f 1930/1930 1931/1931 92/92
f 71/71 77/77 84/84
f 65/65 92/92 1931/1931
f 65/65 66/66 92/92
f 1930/1930 92/92 79/79
f 89/89 94/94 102/102
f 94/94 104/104 102/102
f 104/104 94/94 96/96
f 111/111 92/92 1052/1052
f 114/114 116/116 1933/1933
f 1934/1934 121/121 122/122
f 121/121 1934/1934 128/128
f 99/99 191/191 193/193
f 105/105 111/111 115/115
f 127/127 136/136 126/126
f 115/115 142/142 133/133
f 134/134 139/139 135/135
f 111/111 141/141 115/115
f 115/115 141/141 142/142
f 139/139 144/144 140/140
f 159/159 160/160 1935/1935
f 1935/1935 235/235 159/159
f 235/235 1935/1935 1936/1936
f 1935/1935 1937/1937 1936/1936
f 1937/1937 1935/1935 1938/1938
f 162/162 223/223 1939/1939
f 223/223 162/162 164/164
f 1937/1937 215/215 1936/1936
f 215/215 1937/1937 214/214
f 164/164 163/163 222/222
f 178/178 179/179 181/181
f 169/169 182/182 190/190
f 190/190 182/182 196/196
f 192/192 190/190 196/196
f 193/193 191/191 192/192
f 235/235 215/215 218/218
f 215/215 235/235 1936/1936
f 219/219 227/227 226/226
f 227/227 237/237 226/226
f 237/237 227/227 265/265
f 196/196 238/238 239/239
f 248/248 245/245 246/246
f 245/245 248/248 254/254
f 248/248 251/251 254/254
f 251/251 248/248 249/249
f 245/245 254/254 244/244
f 260/260 261/261 1940/1940
f 262/262 274/274 279/279
f 274/274 262/262 263/263
f 1940/1940 269/269 260/260
f 239/239 283/283 297/297
f 299/299 294/294 302/302
f 310/310 297/297 300/300
f 312/312 316/316 311/311
f 1941/1941 324/324 326/326
f 1941/1941 333/333 349/349
f 333/333 1941/1941 326/326
f 1941/1941 348/348 324/324
f 1941/1941 365/365 348/348
f 365/365 1941/1941 349/349
f 331/331 315/315 330/330
f 315/315 320/320 330/330
f 333/333 328/328 332/332
f 324/324 348/348 344/344
f 348/348 365/365 347/347
f 343/343 344/344 350/350
f 347/347 365/365 364/364
f 368/368 382/382 369/369
f 408/408 384/384 385/385
f 379/379 378/378 1229/1229
f 389/389 1229/1229 378/378
f 1229/1229 389/389 390/390
f 309/309 305/305 395/395
f 314/314 308/308 309/309
f 399/399 398/398 397/397
f 305/305 306/306 396/396
f 400/400 404/404 407/407
f 342/342 407/407 361/361
f 412/412 21/21 20/20
f 412/412 411/411 21/21
f 28/28 413/413 416/416
f 423/423 421/421 422/422
f 424/424 99/99 193/193
f 434/434 430/430 432/432
f 434/434 432/432 498/498
f 432/432 351/351 498/498
f 440/440 419/419 441/441
f 28/28 416/416 437/437
f 460/460 462/462 459/459
f 459/459 463/463 469/469
f 463/463 459/459 462/462
f 463/463 461/461 471/471
f 469/469 472/472 468/468
f 468/468 475/475 450/450
f 482/482 479/479 487/487
f 479/479 480/480 484/484
f 487/487 479/479 484/484
f 488/488 195/195 425/425
f 273/273 495/495 502/502
f 273/273 494/494 496/496
f 496/496 497/497 499/499
f 500/500 498/498 351/351
f 500/500 351/351 508/508
f 510/510 509/509 445/445
f 510/510 511/511 509/509
f 528/528 521/521 522/522
f 521/521 528/528 529/529
f 579/579 525/525 526/526
f 525/525 579/579 530/530
f 579/579 574/574 530/530
f 574/574 579/579 575/575
f 543/543 541/541 544/544
f 512/512 548/548 538/538
f 548/548 512/512 514/514
f 514/514 517/517 555/555
f 555/555 548/548 514/514
f 544/544 538/538 548/548
f 556/556 517/517 564/564
f 464/464 471/471 461/461
f 464/464 593/593 471/471
f 464/464 619/619 593/593
f 537/537 619/619 464/464
f 550/550 595/595 545/545
f 566/566 605/605 602/602
f 610/610 617/617 613/613
f 617/617 610/610 616/616
f 627/627 628/628 631/631
f 593/593 619/619 630/630
f 618/618 630/630 619/619
f 622/622 596/596 550/550
f 618/618 620/620 1504/1504
f 642/642 641/641 645/645
f 518/518 643/643 645/645
f 528/528 522/522 646/646
f 522/522 523/523 646/646
f 528/528 647/647 525/525
f 647/647 528/528 646/646
f 523/523 524/524 650/650
f 650/650 651/651 672/672
f 1942/1942 706/706 666/666
f 706/706 1942/1942 1943/1943
f 661/661 662/662 674/674
f 661/661 674/674 675/675
f 683/683 684/684 690/690
f 684/684 715/715 690/690
f 645/645 641/641 485/485
f 651/651 652/652 698/698
f 668/668 703/703 708/708
f 703/703 668/668 673/673
f 703/703 1944/1944 707/707
f 728/728 688/688 705/705
f 688/688 728/728 709/709
f 699/699 700/700 725/725
f 703/703 704/704 1944/1944
f 689/689 687/687 714/714
f 689/689 715/715 684/684
f 715/715 689/689 711/711
f 721/721 754/754 693/693
f 724/724 754/754 721/721
f 754/754 722/722 693/693
f 686/686 727/727 710/710
f 636/636 695/695 1656/1656
f 673/673 701/701 733/733
f 725/725 700/700 736/736
f 713/713 747/747 751/751
f 735/735 757/757 760/760
f 735/735 760/760 761/761
f 766/766 820/820 771/771
f 766/766 763/763 764/764
f 766/766 764/764 820/820
f 764/764 758/758 492/492
f 769/769 773/773 768/768
f 773/773 769/769 770/770
f 771/771 824/824 770/770
f 771/771 820/820 824/824
f 744/744 702/702 746/746
f 720/720 803/803 747/747
f 720/720 788/788 803/803
f 788/788 720/720 718/718
f 803/803 792/792 793/793
f 792/792 803/803 788/788
f 789/789 792/792 788/788
f 789/789 796/796 792/792
f 796/796 789/789 787/787
f 750/750 799/799 800/800
f 799/799 750/750 751/751
f 750/750 807/807 748/748
f 807/807 750/750 800/800
f 749/749 748/748 808/808
f 748/748 807/807 808/808
f 752/752 1656/1656 695/695
f 813/813 846/846 818/818
f 764/764 492/492 822/822
f 774/774 826/826 834/834
f 795/795 838/838 835/835
f 844/844 797/797 840/840
f 848/848 847/847 813/813
f 850/850 907/907 828/828
f 852/852 828/828 907/907
f 830/830 859/859 829/829
f 859/859 830/830 851/851
f 857/857 837/837 863/863
f 839/839 867/867 840/840
f 883/883 885/885 887/887
f 883/883 888/888 875/875
f 883/883 887/887 888/888
f 877/877 894/894 901/901
f 896/896 880/880 902/902
f 896/896 902/902 898/898
f 905/905 898/898 902/902
f 912/912 913/913 922/922
f 913/913 886/886 937/937
f 918/918 913/913 937/937
f 937/937 934/934 1945/1945
f 1945/1945 929/929 930/930
f 1945/1945 933/933 929/929
f 1945/1945 934/934 933/933
f 57/57 957/957 53/53
f 966/966 969/969 958/958
f 985/985 983/983 978/978
f 990/990 984/984 56/56
f 984/984 998/998 987/987
f 998/998 988/988 987/987
f 988/988 998/998 999/999
f 990/990 992/992 998/998
f 995/995 988/988 999/999
f 1031/1031 999/999 992/992
f 45/45 974/974 1006/1006
f 995/995 1010/1010 997/997
f 1946/1946 1015/1015 1006/1006
f 1946/1946 974/974 1947/1947
f 974/974 1946/1946 1006/1006
f 1018/1018 1014/1014 1948/1948
f 1014/1014 1018/1018 1013/1013
f 995/995 1009/1009 1007/1007
f 1009/1009 1028/1028 1025/1025
f 1038/1038 1039/1039 1043/1043
f 1043/1043 1039/1039 1041/1041
f 1040/1040 1041/1041 1039/1039
f 1034/1034 1056/1056 1052/1052
f 141/141 1062/1062 1057/1057
f 140/140 1058/1058 1065/1065
f 111/111 1052/1052 141/141
f 1050/1050 1078/1078 1055/1055
f 1052/1052 1072/1072 1061/1061
f 138/138 1060/1060 163/163
f 1104/1104 1105/1105 1177/1177
f 1101/1101 1949/1949 1105/1105
f 1949/1949 1101/1101 1102/1102
f 1950/1950 1178/1178 1179/1179
f 1178/1178 1950/1950 1182/1182
f 1136/1136 1139/1139 1135/1135
f 1138/1138 1135/1135 1139/1139
f 1142/1142 1144/1144 1137/1137
f 1222/1222 1137/1137 1382/1382
f 1144/1144 1143/1143 1145/1145
f 255/255 1147/1147 252/252
f 1148/1148 257/257 1151/1151
f 257/257 1104/1104 1157/1157
f 1103/1103 1117/1117 1182/1182
f 1117/1117 1103/1103 1098/1098
f 1164/1164 1193/1193 1163/1163
f 1193/1193 1164/1164 1185/1185
f 1198/1198 1189/1189 1116/1116
f 1199/1199 1134/1134 1137/1137
f 1200/1200 1206/1206 1214/1214
f 386/386 1233/1233 387/387
f 391/391 1225/1225 1224/1224
f 390/390 388/388 1226/1226
f 1230/1230 1226/1226 1237/1237
f 1237/1237 1238/1238 1230/1230
f 380/380 1951/1951 1247/1247
f 380/380 1952/1952 1951/1951
f 1236/1236 1250/1250 1256/1256
f 394/394 362/362 1254/1254
f 1238/1238 1255/1255 1244/1244
f 1264/1264 1265/1265 1953/1953
f 1267/1267 1953/1953 1265/1265
f 1267/1267 1954/1954 1953/1953
f 1954/1954 1267/1267 1273/1273
f 1955/1955 1277/1277 1956/1956
f 1276/1276 1277/1277 1955/1955
f 1274/1274 1957/1957 1277/1277
f 1957/1957 1274/1274 1278/1278
f 1265/1265 1281/1281 1266/1266
f 1268/1268 1266/1266 1281/1281
f 1304/1304 1322/1322 1303/1303
f 1320/1320 1317/1317 1299/1299
f 1320/1320 1312/1312 1317/1317
f 1249/1249 1256/1256 1315/1315
f 1315/1315 1256/1256 1314/1314
f 1256/1256 1250/1250 1318/1318
f 1362/1362 1321/1321 1250/1250
f 1337/1337 1388/1388 1338/1338
f 1234/1234 1342/1342 387/387
f 1349/1349 1354/1354 1356/1356
f 1354/1354 1349/1349 1350/1350
f 1356/1356 1958/1958 1957/1957
f 1958/1958 1356/1356 1354/1354
f 1356/1356 1957/1957 1278/1278
f 1359/1359 1322/1322 1361/1361
f 1322/1322 1359/1359 1303/1303
f 477/477 1370/1370 1367/1367
f 1033/1033 1374/1374 1048/1048
f 1374/1374 1049/1049 1048/1048
f 1374/1374 1375/1375 1049/1049
f 1373/1373 1379/1379 1033/1033
f 1049/1049 1376/1376 1040/1040
f 1222/1222 1391/1391 1387/1387
f 1404/1404 1401/1401 1222/1222
f 1397/1397 1405/1405 1414/1414
f 1405/1405 1410/1410 1414/1414
f 1458/1458 1413/1413 1412/1412
f 474/474 477/477 449/449
f 470/470 473/473 1429/1429
f 1421/1421 1423/1423 1371/1371
f 1425/1425 1422/1422 477/477
f 1419/1419 1425/1425 474/474
f 1441/1441 1424/1424 1419/1419
f 1430/1430 1434/1434 1420/1420
f 1434/1434 1439/1439 1420/1420
f 1449/1449 1379/1379 1451/1451
f 1448/1448 1450/1450 1380/1380
f 1456/1456 1382/1382 1385/1385
f 1386/1386 1459/1459 1412/1412
f 1463/1463 1458/1458 1459/1459
f 1464/1464 1469/1469 1460/1460
f 1464/1464 1471/1471 1469/1469
f 1397/1397 1460/1460 1469/1469
f 1474/1474 1467/1467 1468/1468
f 1473/1473 1469/1469 1470/1470
f 1386/1386 1841/1841 1480/1480
f 629/629 473/473 593/593
f 621/621 1504/1504 620/620
f 600/600 572/572 1485/1485
f 640/640 631/631 1487/1487
f 634/634 639/639 1959/1959
f 623/623 1491/1491 638/638
f 623/623 1493/1493 1491/1491
f 1493/1493 623/623 598/598
f 1959/1959 1500/1500 634/634
f 1494/1494 601/601 634/634
f 1501/1501 1497/1497 1522/1522
f 1509/1509 1506/1506 1489/1489
f 1509/1509 1559/1559 1506/1506
f 1491/1491 1508/1508 1490/1490
f 1491/1491 1493/1493 1510/1510
f 1515/1515 1512/1512 1516/1516
f 1444/1444 1543/1543 1443/1443
f 1547/1547 1445/1445 1442/1442
f 1445/1445 1547/1547 1552/1552
f 1551/1551 1548/1548 1505/1505
f 1569/1569 1559/1559 1509/1509
f 1569/1569 1551/1551 1559/1559
f 1569/1569 1555/1555 1551/1551
f 1515/1515 1516/1516 1572/1572
f 1577/1577 1575/1575 1576/1576
f 1576/1576 1575/1575 1516/1516
f 1960/1960 1580/1580 1576/1576
f 1580/1580 1960/1960 1961/1961
f 1960/1960 1617/1617 1961/1961
f 1617/1617 1960/1960 1962/1962
f 1960/1960 1576/1576 1517/1517
f 1960/1960 1517/1517 1962/1962
f 1580/1580 1590/1590 1583/1583
f 1590/1590 1580/1580 1961/1961
f 1617/1617 1590/1590 1961/1961
f 1617/1617 1963/1963 1618/1618
f 1963/1963 1617/1617 1962/1962
f 1617/1617 1614/1614 1590/1590
f 1552/1552 1558/1558 1373/1373
f 1597/1597 1521/1521 1522/1522
f 1521/1521 1597/1597 1599/1599
f 1597/1597 1598/1598 1599/1599
f 1598/1598 1600/1600 1599/1599
f 1614/1614 1589/1589 1590/1590
f 1449/1449 1637/1637 1450/1450
f 1636/1636 1639/1639 1637/1637
f 1451/1451 1648/1648 1641/1641
f 1595/1595 1594/1594 1643/1643
f 1595/1595 1642/1642 1593/1593
f 1643/1643 1588/1588 1647/1647
f 1644/1644 1676/1676 1964/1964
f 1644/1644 1675/1675 1676/1676
f 1675/1675 1644/1644 1645/1645
f 1644/1644 1642/1642 1595/1595
f 1644/1644 1681/1681 1648/1648
f 1681/1681 1644/1644 1964/1964
f 1648/1648 1681/1681 1674/1674
f 1586/1586 1687/1687 1655/1655
f 1656/1656 1657/1657 635/635
f 1605/1605 1606/1606 1604/1604
f 1606/1606 1605/1605 1633/1633
f 1670/1670 1663/1663 1625/1625
f 1663/1663 1624/1624 1625/1625
f 1450/1450 1637/1637 1380/1380
f 1639/1639 1640/1640 1637/1637
f 1676/1676 1679/1679 1964/1964
f 1964/1964 1679/1679 1681/1681
f 1681/1681 1682/1682 1674/1674
f 1688/1688 1655/1655 1687/1687
f 1655/1655 1688/1688 1690/1690
f 1690/1690 1688/1688 1691/1691
f 1693/1693 1706/1706 1668/1668
f 1706/1706 1684/1684 1668/1668
f 1659/1659 1660/1660 1632/1632
f 1661/1661 1710/1710 1694/1694
f 1697/1697 1671/1671 1669/1669
f 1708/1708 1706/1706 1693/1693
f 1710/1710 1661/1661 1712/1712
f 1700/1700 1659/1659 1633/1633
f 1662/1662 1712/1712 1661/1661
f 1713/1713 1660/1660 1659/1659
f 1715/1715 1662/1662 1672/1672
f 1715/1715 1727/1727 1662/1662
f 1662/1662 1727/1727 1712/1712
f 1705/1705 1776/1776 1684/1684
f 1684/1684 1776/1776 1704/1704
f 817/817 818/818 1735/1735
f 1723/1723 1724/1724 1722/1722
f 1724/1724 1723/1723 1742/1742
f 1726/1726 1754/1754 1728/1728
f 1754/1754 1726/1726 1746/1746
f 1752/1752 1795/1795 1757/1757
f 1454/1454 1759/1759 1455/1455
f 1456/1456 1455/1455 1759/1759
f 1702/1702 1764/1764 1729/1729
f 1764/1764 1763/1763 1729/1729
f 1729/1729 1763/1763 1762/1762
f 1763/1763 1765/1765 1766/1766
f 1792/1792 1717/1717 1678/1678
f 1792/1792 1774/1774 1717/1717
f 1774/1774 1792/1792 1773/1773
f 1792/1792 1678/1678 1719/1719
f 1703/1703 1717/1717 1774/1774
f 1786/1786 1756/1756 1757/1757
f 1756/1756 1786/1786 1787/1787
f 1783/1783 1790/1790 1782/1782
f 1783/1783 1819/1819 1790/1790
f 1755/1755 1732/1732 1731/1731
f 1732/1732 1755/1755 1756/1756
f 1798/1798 1801/1801 1802/1802
f 1806/1806 1751/1751 1747/1747
f 1768/1768 1772/1772 1834/1834
f 1840/1840 1834/1834 1772/1772
f 1814/1814 1812/1812 1766/1766
f 1815/1815 1840/1840 1772/1772
f 1824/1824 1826/1826 1827/1827
f 1827/1827 1810/1810 1807/1807
f 1810/1810 1827/1827 1857/1857
f 1816/1816 1817/1817 1833/1833
f 1857/1857 1809/1809 1810/1810
f 1841/1841 1456/1456 1812/1812
f 936/936 1852/1852 1850/1850
f 1852/1852 1859/1859 1850/1850
f 1851/1851 1823/1823 1822/1822
f 1823/1823 1851/1851 1965/1965
f 1965/1965 1854/1854 1823/1823
f 1854/1854 1965/1965 1856/1856
f 1854/1854 1856/1856 1825/1825
f 1866/1866 1480/1480 1869/1869
f 1480/1480 1841/1841 1869/1869
f 1877/1877 1869/1869 1841/1841
f 1867/1867 1883/1883 1891/1891
f 1897/1897 1885/1885 1841/1841
f 1897/1897 1841/1841 1842/1842
f 1900/1900 1899/1899 1888/1888
f 1830/1830 1833/1833 1832/1832
f 24/24 1966/1966 25/25
f 1966/1966 24/24 27/27
f 66/66 1967/1967 44/44
f 1968/1968 660/660 1969/1969
f 660/660 1968/1968 659/659
f 1970/1970 1971/1971 577/577
f 1971/1971 1970/1970 1972/1972
f 1970/1970 578/578 654/654
f 578/578 1970/1970 577/577
f 581/581 582/582 605/605
f 581/581 1974/1974 1973/1973
f 1974/1974 581/581 605/605
f 865/865 1975/1975 860/860
f 975/975 978/978 1976/1976
f 1277/1277 1958/1958 1956/1956
f 1958/1958 1277/1277 1957/1957
f 1494/1494 1977/1977 1517/1517
f 1494/1494 1530/1530 1977/1977
f 1539/1539 1529/1529 1526/1526
f 1529/1529 1539/1539 1620/1620
f 1906/1906 1911/1911 1904/1904
f 1857/1857 1918/1918 1915/1915
f 1918/1918 1857/1857 1858/1858
f 4/4 1922/1922 1978/1978
f 294/294 1979/1979 302/302
f 678/678 660/660 661/661
f 997/997 1980/1980 996/996
f 1201/1201 1258/1258 1262/1262
f 1354/1354 1981/1981 1958/1958
f 1981/1981 1354/1354 1355/1355
f 1862/1862 1861/1861 1982/1982
f 7/7 1966/1966 1922/1922
f 1966/1966 7/7 25/25
f 1922/1922 1983/1983 1978/1978
f 1983/1983 1922/1922 1966/1966
f 1984/1984 1985/1985 66/66
f 1984/1984 67/67 1986/1986
f 67/67 1984/1984 66/66
f 1984/1984 1987/1987 1985/1985
f 1987/1987 1984/1984 1986/1986
f 1966/1966 27/27 1983/1983
f 1987/1987 1967/1967 1985/1985
f 1967/1967 1987/1987 1988/1988
f 66/66 1985/1985 1967/1967
f 1927/1927 1967/1967 1988/1988
f 1967/1967 1927/1927 44/44
f 1989/1989 353/353 405/405
f 353/353 1989/1989 1990/1990
f 1989/1989 1991/1991 1990/1990
f 1991/1991 1989/1989 1992/1992
f 396/396 306/306 1993/1993
f 1992/1992 1994/1994 1991/1991
f 1994/1994 1992/1992 1995/1995
f 1996/1996 277/277 1994/1994
f 277/277 1996/1996 1997/1997
f 1998/1998 1979/1979 1999/1999
f 1979/1979 1998/1998 304/304
f 1998/1998 1993/1993 304/304
f 1993/1993 1998/1998 2000/2000
f 1993/1993 306/306 304/304
f 1990/1990 277/277 353/353
f 1990/1990 1991/1991 277/277
f 1994/1994 277/277 1991/1991
f 1997/1997 296/296 277/277
f 296/296 1997/1997 2001/2001
f 1979/1979 294/294 295/295
f 1979/1979 304/304 302/302
f 2002/2002 1974/1974 576/576
f 2002/2002 2003/2003 1974/1974
f 2003/2003 2002/2002 2004/2004
f 2002/2002 2005/2005 2004/2004
f 2002/2002 576/576 1971/1971
f 2002/2002 1972/1972 2005/2005
f 1972/1972 2002/2002 1971/1971
f 1971/1971 576/576 577/577
f 1969/1969 660/660 2006/2006
f 576/576 605/605 566/566
f 576/576 1974/1974 605/605
f 1974/1974 2003/2003 1973/1973
f 2007/2007 584/584 585/585
f 584/584 2007/2007 677/677
f 2007/2007 679/679 677/677
f 679/679 2006/2006 660/660
f 679/679 660/660 678/678
f 917/917 918/918 937/937
f 2008/2008 2009/2009 920/920
f 2008/2008 2010/2010 2009/2009
f 2008/2008 920/920 917/917
f 1975/1975 925/925 860/860
f 2010/2010 930/930 2011/2011
f 930/930 2010/2010 2008/2008
f 2011/2011 930/930 2012/2012
f 2008/2008 1945/1945 930/930
f 1945/1945 2008/2008 917/917
f 930/930 931/931 2012/2012
f 1945/1945 917/917 937/937
f 978/978 981/981 1976/1976
f 1976/1976 981/981 2013/2013
f 2014/2014 970/970 1004/1004
f 970/970 2014/2014 2015/2015
f 2014/2014 2016/2016 2015/2015
f 2016/2016 2014/2014 2017/2017
f 2018/2018 974/974 2016/2016
f 2018/2018 2017/2017 2019/2019
f 2017/2017 2018/2018 2016/2016
f 2018/2018 1947/1947 974/974
f 1947/1947 2018/2018 2019/2019
f 2015/2015 974/974 970/970
f 2015/2015 2016/2016 974/974
f 2013/2013 996/996 1980/1980
f 996/996 2013/2013 981/981
f 1262/1262 2021/2021 2020/2020
f 2021/2021 1262/1262 2022/2022
f 1262/1262 1259/1259 2022/2022
f 1259/1259 1262/1262 1258/1258
f 1262/1262 2020/2020 1263/1263
f 2020/2020 2023/2023 1263/1263
f 2023/2023 2020/2020 2021/2021
f 2024/2024 1955/1955 2025/2025
f 1955/1955 2024/2024 2026/2026
f 2025/2025 1956/1956 2027/2027
f 1956/1956 2025/2025 1955/1955
f 1263/1263 1952/1952 380/380
f 1952/1952 1263/1263 2023/2023
f 1958/1958 2027/2027 1956/1956
f 2027/2027 1958/1958 1981/1981
f 2028/2028 2030/2030 2029/2029
f 2031/2031 2032/2032 1530/1530
f 2028/2028 2029/2029 2033/2033
f 1529/1529 1610/1610 1611/1611
f 1611/1611 1528/1528 1529/1529
f 1528/1528 1611/1611 2030/2030
f 1611/1611 2029/2029 2030/2030
f 1611/1611 1607/1607 2029/2029
f 1528/1528 2028/2028 2034/2034
f 2028/2028 1528/1528 2030/2030
f 1530/1530 1494/1494 1498/1498
f 1530/1530 2032/2032 1977/1977
f 2032/2032 1963/1963 1977/1977
f 1963/1963 2032/2032 2035/2035
f 1977/1977 1962/1962 1517/1517
f 1962/1962 1977/1977 1963/1963
f 2029/2029 1608/1608 2036/2036
f 1608/1608 2029/2029 1607/1607
f 1861/1861 2037/2037 1982/1982
f 1861/1861 2038/2038 2037/2037
f 1861/1861 1921/1921 2038/2038
f 1861/1861 1853/1853 1904/1904
f 1861/1861 1911/1911 1921/1921
f 1911/1911 1861/1861 1904/1904

