v -0.27795100 -0.08933000 0.90513402
v -0.27715099 -0.08914100 0.90559697
v -0.27715099 -0.08397100 0.90458900
v -0.27795100 -0.08396900 0.90408999
v -0.27795100 -0.09388400 0.90815198
v -0.27715099 -0.09353200 0.90850699
v -0.27795100 -0.09693600 0.91268200
v -0.27715099 -0.09647500 0.91287500
v -0.27715099 -0.09752300 0.91803700
v -0.27795100 -0.09802300 0.91803497
v -0.27795100 -0.09697800 0.92339700
v -0.27715099 -0.09651500 0.92320698
v -0.27795100 -0.09396100 0.92795002
v -0.27715099 -0.09360600 0.92759800
v -0.27795100 -0.08943100 0.93100297
v -0.27715099 -0.08923700 0.93054199
v -0.27715099 -0.08407500 0.93158901
v -0.27795100 -0.08407700 0.93208897
v -0.27715200 -0.07890500 0.93058199
v -0.27795199 -0.07871600 0.93104398
v -0.27715200 -0.07451400 0.92767203
v -0.27795199 -0.07416200 0.92802697
v -0.27715200 -0.07157100 0.92330402
v -0.27795199 -0.07110900 0.92349702
v -0.27715200 -0.07052300 0.91814202
v -0.27795199 -0.07002300 0.91814399
v -0.27715200 -0.07153100 0.91297197
v -0.27795199 -0.07106800 0.91278201
v -0.27715200 -0.07444000 0.90858102
v -0.27795199 -0.07408500 0.90822798
v -0.27715200 -0.07880800 0.90563703
v -0.27795199 -0.07861500 0.90517598
v -0.27195096 -0.09619407 0.92135072
v -0.27195096 -0.09493529 0.92438972
v -0.27195096 -0.09662342 0.91808951
v -0.27195096 -0.09293285 0.92699933
v -0.27195096 -0.09619407 0.91482830
v -0.27195096 -0.09032321 0.92900181
v -0.27195096 -0.09493528 0.91178930
v -0.27195096 -0.08728423 0.93026060
v -0.27195096 -0.09293284 0.90917969
v -0.27195096 -0.08402300 0.93068993
v -0.27195096 -0.09032321 0.90717721
v -0.27195096 -0.08076177 0.93026060
v -0.27195096 -0.08728423 0.90591842
v -0.27195096 -0.07772279 0.92900181
v -0.27195096 -0.08402300 0.90548909
v -0.27195096 -0.07511315 0.92699933
v -0.27195096 -0.08076177 0.90591842
v -0.27195096 -0.07311071 0.92438972
v -0.27195096 -0.07772279 0.90717721
v -0.27195096 -0.07185192 0.92135072
v -0.27195096 -0.07511315 0.90917969
v -0.27195096 -0.07142258 0.91808951
v -0.27195096 -0.07311071 0.91178930
v -0.27195096 -0.07185192 0.91482830
v -0.28475201 -0.09662342 0.91808951
v -0.28475201 -0.09619407 0.91482830
v -0.28475201 -0.09619407 0.92135072
v -0.28475201 -0.09493528 0.91178930
v -0.28475201 -0.09493529 0.92438972
v -0.28475201 -0.09293284 0.90917969
v -0.28475201 -0.09293285 0.92699933
v -0.28475201 -0.09032321 0.90717721
v -0.28475201 -0.09032321 0.92900181
v -0.28475201 -0.08728423 0.90591842
v -0.28475201 -0.08728423 0.93026060
v -0.28475201 -0.08402300 0.90548909
v -0.28475201 -0.08402300 0.93068993
v -0.28475201 -0.08076177 0.90591842
v -0.28475201 -0.08076177 0.93026060
v -0.28475201 -0.07772279 0.90717721
v -0.28475201 -0.07772279 0.92900181
v -0.28475201 -0.07511315 0.90917969
v -0.28475201 -0.07511315 0.92699933
v -0.28475201 -0.07311071 0.91178930
v -0.28475201 -0.07311071 0.92438972
v -0.28475201 -0.07185192 0.91482830
v -0.28475201 -0.07185192 0.92135072
v -0.28475201 -0.07142258 0.91808951
v -0.24750000 -0.08670439 -0.30770981
v -0.24750000 -0.08438694 -0.30874217
v -0.25550002 -0.08440252 -0.30834290
v -0.24750000 -0.08539340 -0.31117898
v -0.25550002 -0.08638608 -0.31135130
v -0.24750000 -0.08570440 -0.24270980
v -0.24750000 -0.08321674 -0.24405561
v -0.25550002 -0.08535475 -0.24262704
v -0.25550002 -0.08313383 -0.24452674
v -0.24750000 -0.08475427 -0.24618480
v -0.25550002 -0.08534467 -0.24614303
v -0.24750000 0.08423331 -0.24273561
v -0.24750000 0.08686618 -0.24429396
v -0.25550002 0.08464539 -0.24262701
v -0.25550002 0.08651869 -0.24361551
v -0.25550002 0.08556100 -0.24621950
v -0.24750000 0.08389121 -0.24604961
v -0.18549988 0.10200945 -0.29914495
v -0.19315371 0.10300000 -0.30093274
v -0.19353640 0.10200000 -0.30000883
v -0.19964215 0.10300000 -0.30526817
v -0.20034924 0.10200000 -0.30456108
v -0.20397761 0.10300000 -0.31175664
v -0.20490149 0.10200000 -0.31137395
v -0.20550001 0.10300000 -0.31941032
v -0.20647682 0.10200078 -0.32352984
v -0.20397761 0.10300000 -0.32706398
v -0.19964215 0.10300000 -0.33355245
v -0.19741994 0.10200074 -0.33715615
v -0.19315371 0.10300000 -0.33788788
v -0.18550000 0.10300000 -0.33941031
v -0.18550000 0.10200000 -0.34041032
v -0.18550000 0.11000000 -0.34041032
v -0.18550000 0.10900000 -0.33941031
v -0.19733322 0.10999880 -0.33721355
v -0.19315371 0.10900000 -0.33788788
v -0.19964215 0.10900000 -0.33355245
v -0.20420827 0.10992059 -0.32715154
v -0.20550001 0.10900000 -0.31941032
v -0.20647684 0.10999923 -0.31529078
v -0.20397761 0.10900000 -0.31175664
v -0.19964215 0.10900000 -0.30526817
v -0.19742006 0.10999948 -0.30166429
v -0.19315371 0.10900000 -0.30093274
v -0.18550000 0.10900000 -0.29941031
v -0.18550000 0.11000000 -0.29841030
v -0.18550000 -0.10200001 -0.34041032
v -0.18550000 -0.10300002 -0.33941031
v -0.19733346 -0.10200075 -0.33721393
v -0.19315368 -0.10300002 -0.33788788
v -0.19964212 -0.10300002 -0.33355245
v -0.20421688 -0.10203286 -0.32716325
v -0.20550001 -0.10300002 -0.31941032
v -0.20650002 -0.10200001 -0.31941032
v -0.20397758 -0.10300002 -0.31175664
v -0.20490146 -0.10200001 -0.31137395
v -0.19964212 -0.10300002 -0.30526817
v -0.19742008 -0.10200045 -0.30166423
v -0.19315368 -0.10300002 -0.30093274
v -0.18550000 -0.10300002 -0.29941031
v -0.18138039 -0.10200049 -0.29843318
v -0.18550000 -0.11000001 -0.29841030
v -0.18550000 -0.10900001 -0.29941031
v -0.19733357 -0.10999949 -0.30160654
v -0.19315368 -0.10900001 -0.30093274
v -0.19964212 -0.10900001 -0.30526817
v -0.20421286 -0.10995638 -0.31165919
v -0.20550001 -0.10900001 -0.31941032
v -0.20630968 -0.10999916 -0.32354963
v -0.20397758 -0.10900001 -0.32706398
v -0.19981979 -0.10994360 -0.33373013
v -0.19315368 -0.10900001 -0.33788788
v -0.18963936 -0.10999952 -0.34022033
v -0.18550000 -0.10900001 -0.33941031
v -0.20976855 -0.10200001 -0.22869572
v -0.21157965 -0.10200001 -0.22956493
v -0.21099827 -0.10999965 -0.22795266
v -0.21106370 -0.10999044 -0.23075649
v -0.21021956 -0.10200001 -0.23074038
v -0.24887374 -0.13735484 -0.36938864
v -0.24484733 -0.13652948 -0.36940452
v -0.24797782 -0.13776353 -0.35943186
v -0.24455272 -0.13564868 -0.35941300
v -0.24867205 -0.15305543 -0.36941034
v -0.25182509 -0.15533239 -0.36941034
v -0.25161967 -0.15502495 -0.35941032
v -0.24750000 -0.15282647 -0.35941032
v -0.25245342 -0.15898530 -0.36941034
v -0.25252062 -0.15899867 -0.35941032
v -0.25034398 -0.16225630 -0.36941034
v -0.25030589 -0.16219932 -0.35941032
v -0.24632791 -0.16294459 -0.36941034
v -0.24669056 -0.16301672 -0.35941032
v -0.12305229 -0.15337877 -0.35941032
v -0.12450133 -0.15297937 -0.36941034
v -0.12831725 -0.15376067 -0.35941032
v -0.12847503 -0.15388031 -0.36941034
v -0.13067353 -0.15800001 -0.36941034
v -0.13044457 -0.15682793 -0.35941032
v -0.12903553 -0.16153555 -0.36941034
v -0.13011940 -0.15991344 -0.35941032
v -0.12747982 -0.16277972 -0.35941032
v -0.12630939 -0.16301672 -0.36941034
v -0.06325172 -0.15327962 -0.35941035
v -0.06667203 -0.15305540 -0.36941034
v -0.06831723 -0.15376064 -0.35941035
v -0.06973932 -0.15518272 -0.36941034
v -0.07044458 -0.15682794 -0.35941035
v -0.07022035 -0.16024826 -0.36941034
v -0.06938352 -0.16150068 -0.35941035
v -0.06522927 -0.16322140 -0.36941034
v -0.06469058 -0.16301669 -0.35941035
v -0.26525179 -0.02687963 -0.35941032
v -0.26650134 -0.02657938 -0.36941034
v -0.27016756 -0.02727488 -0.35941032
v -0.27047500 -0.02748030 -0.36941034
v -0.27267355 -0.03160002 -0.36941034
v -0.27244461 -0.03042797 -0.35941032
v -0.27103552 -0.03513555 -0.36941034
v -0.27138352 -0.03510068 -0.35941032
v -0.26830938 -0.03661674 -0.36941034
v -0.26651952 -0.03659477 -0.35941032
v -0.06325171 -0.10327963 -0.35941035
v -0.06645671 -0.10319029 -0.36941034
v -0.06831724 -0.10376065 -0.35941035
v -0.06973932 -0.10518274 -0.36941034
v -0.07044458 -0.10682797 -0.35941035
v -0.07012123 -0.11044768 -0.36941034
v -0.06952983 -0.11133277 -0.35941035
v -0.06522927 -0.11322141 -0.36941034
v -0.06469060 -0.11301672 -0.35941035
v -0.26651472 -0.08984660 -0.35941032
v -0.26867205 -0.08985543 -0.36941034
v -0.27016756 -0.09047490 -0.35941032
v -0.27182513 -0.09213245 -0.36941034
v -0.27244461 -0.09362797 -0.35941032
v -0.27222037 -0.09704825 -0.36941034
v -0.27211940 -0.09671344 -0.35941032
v -0.26905107 -0.09975733 -0.35941032
v -0.26848048 -0.09979477 -0.36941034
v -0.24605654 0.13582759 -0.36940655
v -0.24885008 0.13581590 -0.36939174
v -0.24711004 0.13627630 -0.35943180
v -0.25070250 0.13308342 -0.36940891
v -0.25005320 0.13469878 -0.35941383
v -0.25049672 0.13197502 -0.35941207
v -0.24868010 0.13003279 -0.36940163
v -0.24760672 0.12979104 -0.35941848
v -0.24525177 0.16272038 -0.35941032
v -0.24867211 0.16294459 -0.36941034
v -0.25016761 0.16232513 -0.35941032
v -0.25182515 0.16066760 -0.36941034
v -0.25244460 0.15917212 -0.35941032
v -0.25245342 0.15701464 -0.36941034
v -0.25034401 0.15374371 -0.36941034
v -0.25138357 0.15449932 -0.35941032
v -0.24632798 0.15305543 -0.36941034
v -0.24669063 0.15298329 -0.35941032
v -0.12451473 0.16295342 -0.35941032
v -0.12667209 0.16294459 -0.36941034
v -0.12816761 0.16232513 -0.35941032
v -0.12982515 0.16066760 -0.36941034
v -0.13044460 0.15917209 -0.35941032
v -0.13022040 0.15575172 -0.36941034
v -0.12938356 0.15449932 -0.35941032
v -0.12648050 0.15300526 -0.36941034
v -0.12451954 0.15300526 -0.35941032
v -0.06451470 0.16295345 -0.35941035
v -0.06667206 0.16294461 -0.36941034
v -0.06816761 0.16232514 -0.35941035
v -0.06982514 0.16066763 -0.36941034
v -0.07044460 0.15917212 -0.35941035
v -0.07012126 0.15555233 -0.36941034
v -0.06952987 0.15466726 -0.35941035
v -0.06630941 0.15298332 -0.36941034
v -0.06375194 0.15307248 -0.35941035
v -0.26651472 0.03655340 -0.35941032
v -0.26867208 0.03654457 -0.36941034
v -0.27016756 0.03592512 -0.35941032
v -0.27182513 0.03426753 -0.36941034
v -0.27244461 0.03277203 -0.35941032
v -0.27222040 0.02935177 -0.36941034
v -0.27211940 0.02968657 -0.35941032
v -0.26947981 0.02682025 -0.35941032
v -0.26830941 0.02658326 -0.36941034
v -0.06451472 0.11295344 -0.35941035
v -0.06667205 0.11294461 -0.36941034
v -0.06831726 0.11223935 -0.35941035
v -0.06973936 0.11081727 -0.36941034
v -0.07044460 0.10917208 -0.35941035
v -0.07045344 0.10701472 -0.36941034
v -0.06834397 0.10374373 -0.36941034
v -0.07011943 0.10608660 -0.35941035
v -0.06705110 0.10304271 -0.35941035
v -0.06454330 0.10319032 -0.36941034
v -0.26850557 0.09978975 -0.36941034
v -0.27182516 0.09746753 -0.36941034
v -0.27161974 0.09777498 -0.35941032
v -0.26796409 0.09997352 -0.35941032
v -0.27222040 0.09255172 -0.36941034
v -0.27252063 0.09380125 -0.35941032
v -0.26947984 0.09002027 -0.35941032
v -0.26830941 0.08978327 -0.36941034
v -0.25549921 0.05822682 -0.33030191
v -0.25550002 0.09399999 -0.35941032
v -0.25550002 0.06099999 -0.32441032
v -0.25550002 0.01999999 -0.33041030
v -0.25550002 0.08326656 -0.24486238
v -0.25549987 0.06099650 -0.25408405
v -0.25550002 -0.09400002 -0.35941032
v -0.25549996 -0.07211390 -0.33039278
v -0.25550005 0.03105441 -0.22401614
v -0.25545663 -0.07740831 -0.32643178
v -0.25549984 -0.08098051 -0.32152510
v -0.25550002 -0.08742852 -0.30832934
v -0.25550002 -0.08671805 -0.24457300
v -0.19315371 0.11000000 -0.21788791
v -0.19964215 0.11000000 -0.21355247
v -0.21050003 0.11000000 -0.23941034
v -0.22050002 0.11000000 -0.23941034
v -0.18550003 0.11000000 -0.21941033
v -0.17135787 0.11000001 -0.21355247
v -0.17784634 0.11000001 -0.21788791
v -0.16050000 0.11000001 -0.23941034
v -0.15050001 0.11000001 -0.23941034
v -0.17774636 0.10997654 -0.30069101
v -0.21050000 0.11000000 -0.35941032
v -0.17358036 0.10999881 -0.33715576
v -0.16050002 0.11000001 -0.35941032
v -0.23950002 0.10999999 -0.35941032
v -0.22050002 0.11000000 -0.35941032
v -0.16469017 0.10999932 -0.31527099
v -0.17065077 0.11000001 -0.30456108
v -0.16674677 0.10991491 -0.32690293
v -0.15050003 0.11000001 -0.35941032
v -0.13150002 0.11000001 -0.35941032
v -0.21050000 -0.11000001 -0.35941032
v -0.16049999 -0.11000001 -0.35941032
v -0.17366681 -0.10999881 -0.33721355
v -0.21050000 -0.11000001 -0.23941034
v -0.22050002 -0.11000001 -0.23941034
v -0.20916240 -0.10999878 -0.22963847
v -0.16049999 -0.11000001 -0.23941034
v -0.17357995 -0.10999949 -0.30166429
v -0.15050000 -0.11000001 -0.23941034
v -0.13149999 -0.11000000 -0.35941032
v -0.15049998 -0.11000001 -0.35941032
v -0.16454364 -0.10999905 -0.32363182
v -0.16609852 -0.11000001 -0.31137395
v -0.22050002 -0.11000001 -0.35941032
v -0.23950002 -0.11000002 -0.35941032
v -0.19964215 0.10200000 -0.21355247
v -0.19315371 0.10200000 -0.21788791
v -0.18550003 0.10200000 -0.21941033
v -0.17784634 0.10200001 -0.21788791
v -0.23950002 0.10199999 -0.35941032
v -0.17746365 0.10200001 -0.30000883
v -0.17135787 0.10200001 -0.21355247
v -0.17065077 0.10200001 -0.30456108
v -0.13150002 0.10200001 -0.35941032
v -0.17366657 0.10200074 -0.33721393
v -0.16454349 0.10200079 -0.32363185
v -0.16609854 0.10200001 -0.31137395
v -0.27449882 -0.16334115 -0.36941040
v -0.27310041 -0.16766526 -0.36862907
v -0.26884589 -0.16898634 -0.36941049
v -0.25049952 -0.13515627 -0.36940488
v -0.21376014 -0.16896066 -0.36941049
v -0.24257244 -0.15974811 -0.36941034
v -0.24399929 -0.15411650 -0.36941034
v -0.25044653 -0.13030319 -0.36940768
v -0.20617741 -0.16286948 -0.36939552
v -0.20840068 -0.16691111 -0.36899209
v -0.26452500 -0.09891971 -0.36941034
v -0.24803025 -0.12845568 -0.36940217
v -0.26250526 -0.09578050 -0.36941034
v -0.24470054 -0.12971833 -0.36940908
v -0.20643918 -0.13686690 -0.36941025
v -0.20149384 -0.13002957 -0.36940816
v -0.15723354 -0.16897579 -0.36941046
v -0.16447710 -0.16175403 -0.36941054
v -0.16252895 -0.16702183 -0.36898297
v -0.26466149 -0.03582513 -0.36941034
v -0.26416722 -0.09077018 -0.36941034
v -0.21849385 -0.07597044 -0.36940891
v -0.22348125 -0.06912988 -0.36941028
v -0.21250001 -0.07800001 -0.36941034
v -0.19550002 -0.12800001 -0.36941034
v -0.26250526 -0.03258049 -0.36941034
v -0.16450000 -0.13900001 -0.36941034
v -0.16652957 -0.13300616 -0.36940828
v -0.22343917 -0.02286689 -0.36941025
v -0.26330072 -0.02879413 -0.36941034
v -0.26558658 0.02698059 -0.36941034
v -0.21969639 -0.01783167 -0.36940321
v -0.15637483 -0.07798494 -0.36941028
v -0.17336603 -0.12806313 -0.36941022
v -0.06215474 -0.16899598 -0.36941049
v -0.12252497 -0.16211972 -0.36941034
v -0.12048326 -0.15880939 -0.36941034
v -0.12130068 -0.15519412 -0.36941034
v -0.05652910 -0.16516571 -0.36941016
v -0.14952956 -0.07299384 -0.36940965
v -0.06117487 -0.16066757 -0.36941034
v -0.06072026 -0.15602015 -0.36941034
v -0.21969686 0.01783127 -0.36940706
v -0.26317489 0.02893244 -0.36941034
v -0.21462514 0.01401518 -0.36941016
v -0.21462515 -0.01401513 -0.36941022
v -0.22346523 0.02287789 -0.36941025
v -0.26254272 0.03315108 -0.36941034
v -0.26558661 0.03621938 -0.36941034
v -0.06358658 -0.15338057 -0.36941034
v -0.26558661 0.09018059 -0.36941034
v -0.06117488 -0.11066759 -0.36941034
v -0.14750001 -0.06699999 -0.36941034
v -0.14750001 -0.02500000 -0.36941034
v -0.14952958 -0.01900615 -0.36941001
v -0.06054267 -0.10644890 -0.36941034
v -0.22350001 0.06699999 -0.36941034
v -0.26317489 0.09213242 -0.36941034
v -0.22182533 0.07319922 -0.36941004
v -0.26254272 0.09635109 -0.36941034
v -0.15636007 0.01402699 -0.36941025
v -0.15637121 -0.01405013 -0.36941025
v -0.21640573 0.07637717 -0.36940730
v -0.14952958 0.01900615 -0.36940864
v -0.26558661 0.09941939 -0.36941034
v -0.24574557 0.13045458 -0.36940977
v -0.27449772 0.16334282 -0.36941040
v -0.27092639 0.16903086 -0.36939216
v -0.27316958 0.16759552 -0.36862975
v -0.24326068 0.15518275 -0.36941034
v -0.20269637 0.13183126 -0.36940542
v -0.24435779 0.13295095 -0.36940426
v -0.21250001 0.07799999 -0.36941034
v -0.20644866 0.13683318 -0.36941022
v -0.19764633 0.12809953 -0.36941022
v -0.17550002 0.12800001 -0.36941034
v -0.15850000 0.07800000 -0.36941034
v -0.20654498 0.16401160 -0.36939776
v -0.21375060 0.16898057 -0.36941060
v -0.24272029 0.15997984 -0.36941034
v -0.24558663 0.16261941 -0.36941034
v -0.16932367 0.12975645 -0.36941010
v -0.15250616 0.07597043 -0.36940959
v -0.16453268 0.13685343 -0.36941025
v -0.15723357 0.16897579 -0.36941046
v -0.16258617 0.16699585 -0.36867905
v -0.16446331 0.16177078 -0.36941051
v -0.14751877 0.06912987 -0.36941025
v -0.14750001 0.02500000 -0.36941034
v -0.06358658 -0.10338059 -0.36941034
v -0.12266150 0.15377487 -0.36941034
v -0.06126068 0.10518277 -0.36941034
v -0.12048331 0.15719058 -0.36941034
v -0.12199933 0.16188353 -0.36941034
v -0.06252498 0.15388034 -0.36941034
v -0.06358661 0.11261942 -0.36941034
v -0.06072029 0.10997985 -0.36941034
v -0.06048329 0.15719067 -0.36941034
v -0.06215477 0.16899604 -0.36941049
v -0.06199934 0.16188358 -0.36941034
v -0.05651473 0.16515544 -0.36941022
v -0.27317673 -0.16752306 -0.35989171
v -0.27449766 -0.16334058 -0.35941029
v -0.26884925 -0.16899319 -0.35941005
v -0.25049686 -0.13521571 -0.35941574
v -0.21376014 -0.16896066 -0.35941017
v -0.24277963 -0.16024828 -0.35941032
v -0.25049987 -0.13084474 -0.35941243
v -0.24324366 -0.15515608 -0.35941032
v -0.22050002 -0.15500000 -0.35941032
v -0.24887711 -0.12865137 -0.35941562
v -0.20670019 -0.16379084 -0.35940519
v -0.21049997 -0.15500000 -0.35941032
v -0.26483244 -0.09912514 -0.35941032
v -0.25081369 -0.10531373 -0.35941032
v -0.24615084 -0.12868269 -0.35942149
v -0.24562293 -0.10878210 -0.35941032
v -0.25428209 -0.10012295 -0.35941032
v -0.26255545 -0.09597215 -0.35941032
v -0.26324368 -0.09195610 -0.35941032
v -0.24450320 -0.13078421 -0.35941622
v -0.20644815 -0.13683335 -0.35941094
v -0.19763397 -0.12806313 -0.35941046
v -0.20253201 -0.13166675 -0.35948673
v -0.15946712 -0.16902861 -0.35942402
v -0.16450740 -0.16393429 -0.35947838
v -0.16049999 -0.15500000 -0.35941032
v -0.15049998 -0.15500000 -0.35941032
v -0.16459711 -0.13685462 -0.35941079
v -0.26338032 -0.03457501 -0.35941032
v -0.16816674 -0.13196801 -0.35948673
v -0.17333181 -0.12805307 -0.35941073
v -0.26483247 0.02727485 -0.35941032
v -0.12537704 -0.10878207 -0.35941032
v -0.26250526 -0.03061954 -0.35941032
v -0.26255542 0.03042794 -0.35941032
v -0.06028937 -0.16890316 -0.35941046
v -0.12283242 -0.16232514 -0.35941032
v -0.12027856 -0.15827072 -0.35941032
v -0.12018628 -0.10531370 -0.35941032
v -0.06138030 -0.16097502 -0.35941035
v -0.05650233 -0.16334279 -0.35941023
v -0.06048326 -0.15719059 -0.35941035
v -0.11671793 -0.10012293 -0.35941032
v -0.11550000 -0.09400000 -0.35941032
v -0.26399934 0.09091647 -0.35941032
v -0.06138031 -0.11097503 -0.35941035
v -0.06050523 -0.10701951 -0.35941035
v -0.26324373 0.03444392 -0.35941032
v -0.26248330 0.09560939 -0.35941032
v -0.25428209 0.10012292 -0.35941032
v -0.26396450 0.09833552 -0.35941032
v -0.25081372 0.10531370 -0.35941032
v -0.11550000 -0.06500000 -0.35941032
v -0.07050000 -0.06499999 -0.35941035
v -0.07050000 -0.05499999 -0.35941035
v -0.24562296 0.10878207 -0.35941032
v -0.24443388 0.13361157 -0.35941219
v -0.27449539 0.16334167 -0.35941029
v -0.27077010 0.16884653 -0.35940999
v -0.24338032 0.15502498 -0.35941032
v -0.20252523 0.13166194 -0.35948569
v -0.19764628 0.12809972 -0.35941064
v -0.22050002 0.15500000 -0.35941032
v -0.24248329 0.15880941 -0.35941032
v -0.17336605 0.12806313 -0.35941046
v -0.21152052 0.16899776 -0.35942316
v -0.21050003 0.15500000 -0.35941032
v -0.20643878 0.13686703 -0.35941082
v -0.20645741 0.16394208 -0.35947302
v -0.16815148 0.13198191 -0.35948652
v -0.11550000 -0.05500000 -0.35941032
v -0.07050000 0.05500001 -0.35941035
v -0.11550000 0.05500001 -0.35941032
v -0.11550000 0.06500001 -0.35941032
v -0.11550000 0.09400001 -0.35941032
v -0.07050000 0.06500002 -0.35941035
v -0.16050002 0.15500000 -0.35941032
v -0.16453335 0.13685369 -0.35941109
v -0.16455451 0.16388835 -0.35949430
v -0.15723148 0.16899350 -0.35941008
v -0.15050003 0.15500000 -0.35941032
v -0.12537707 0.10878209 -0.35941032
v -0.12018631 0.10531372 -0.35941032
v -0.12196448 0.15446447 -0.35941032
v -0.11671793 0.10012294 -0.35941032
v -0.06283243 0.10367490 -0.35941035
v -0.06051026 0.10699446 -0.35941035
v -0.12055545 0.15682793 -0.35941032
v -0.12124372 0.16084397 -0.35941032
v -0.06124373 0.11084399 -0.35941035
v -0.06055542 0.15682802 -0.35941035
v -0.06028940 0.16890322 -0.35941046
v -0.05650122 0.16334116 -0.35941029
v -0.06124372 0.16084400 -0.35941035
v -0.06167004 -0.16998799 -0.36839700
v -0.15757442 -0.16996627 -0.36843383
v -0.15549999 -0.17000000 -0.36041033
v -0.06185231 -0.16997817 -0.36039487
v -0.15780628 0.16998100 -0.36841199
v -0.06187839 0.16997913 -0.36841282
v -0.06166115 0.16998781 -0.36040917
v -0.15754187 0.16996764 -0.36040697
v -0.11550000 0.08414215 -0.22355247
v -0.11550000 0.08847760 -0.21706399
v -0.11550000 0.07765368 -0.22788790
v -0.11550000 0.06500001 -0.23941034
v -0.11550000 0.09016074 -0.20725197
v -0.11550000 0.07000001 -0.22941035
v -0.11550000 0.05500001 -0.23941034
v -0.11550000 0.06234634 -0.22788790
v -0.11550000 0.05585787 -0.22355247
v -0.11550000 0.05152242 -0.21706399
v -0.11549999 -0.05500000 -0.23941034
v -0.11550000 0.05000001 -0.20941034
v -0.11549999 -0.06500000 -0.23941034
v -0.24750002 0.06099618 -0.32556349
v -0.24750000 0.09399999 -0.35941032
v -0.24750002 0.05779335 -0.33025721
v -0.24750000 0.01999999 -0.33041030
v -0.24750011 0.06097344 -0.25408503
v -0.24750000 -0.09400002 -0.35941032
v -0.24750072 -0.07313287 -0.33039320
v -0.24749994 0.03106549 -0.22405040
v -0.24750033 -0.08098926 -0.32152936
v -0.24750000 -0.08764952 -0.30991751
v -0.24750000 -0.08664951 -0.24491754
v -0.23950002 -0.10200002 -0.35941032
v -0.13149999 -0.10200000 -0.35941032
v -0.17358008 -0.10200074 -0.33715615
v -0.16452317 -0.10200079 -0.32352984
v -0.16609852 -0.10200001 -0.31137395
v -0.17065075 -0.10200001 -0.30456108
v -0.12350000 0.08847760 -0.21706399
v -0.12350000 0.08414215 -0.22355247
v -0.12350002 0.09400001 -0.35941032
v -0.12350000 0.07765368 -0.22788790
v -0.12350000 0.09032828 -0.20725729
v -0.12350000 0.07000001 -0.22941035
v -0.12350000 0.06234634 -0.22788790
v -0.12350000 0.05585787 -0.22355247
v -0.12349999 -0.09400000 -0.35941032
v -0.12350000 0.05152242 -0.21706399
v -0.24515685 -0.09965687 -0.35941032
v -0.24689102 -0.09706149 -0.35941032
v -0.24256146 -0.10139105 -0.35941032
v -0.21972132 -0.07422134 -0.35942972
v -0.22346517 -0.06912210 -0.35941046
v -0.21462879 -0.07794985 -0.35941043
v -0.22350001 -0.02500001 -0.35941032
v -0.15638106 -0.07797212 -0.35941038
v -0.15130685 -0.07416552 -0.35943118
v -0.12843853 -0.10139103 -0.35941032
v -0.12584315 -0.09965685 -0.35941032
v -0.12410896 -0.09706147 -0.35941032
v -0.14756091 -0.06913309 -0.35941046
v -0.21461892 -0.01402795 -0.35941043
v -0.22179583 -0.01875699 -0.35941076
v -0.21461895 0.01402788 -0.35941038
v -0.21953149 0.01766320 -0.35947427
v -0.22348118 0.02287016 -0.35941046
v -0.14750001 -0.02500000 -0.35941032
v -0.15636007 -0.01402698 -0.35941041
v -0.22346722 0.06914652 -0.35941055
v -0.21966696 0.07419461 -0.35943148
v -0.15636010 0.01402705 -0.35941046
v -0.24689105 0.09706146 -0.35941032
v -0.24515688 0.09965684 -0.35941032
v -0.24256146 0.10139102 -0.35941032
v -0.14952956 -0.01900614 -0.35941315
v -0.21461897 0.07797211 -0.35941038
v -0.15116322 0.01796853 -0.35947427
v -0.14753479 0.02287790 -0.35941041
v -0.15636013 0.07797292 -0.35941052
v -0.15130539 0.07416695 -0.35943148
v -0.14756091 0.06913310 -0.35941046
v -0.12410899 0.09706149 -0.35941032
v -0.12843855 0.10139105 -0.35941032
v -0.12584317 0.09965687 -0.35941032
v -0.26750001 0.16999999 -0.36841032
v -0.21340768 0.16994494 -0.36843735
v -0.21550003 0.17000000 -0.36041033
v -0.26915482 0.16996416 -0.36039209
v -0.05550285 0.16353223 -0.36041224
v -0.05550296 0.16353494 -0.36841130
v -0.05550284 -0.16353217 -0.36841220
v -0.05550288 -0.16353491 -0.36040998
v -0.21316531 -0.16996703 -0.36841300
v -0.26918542 -0.16996248 -0.36842591
v -0.26934946 -0.16997910 -0.36043176
v -0.21337292 -0.16994260 -0.36037278
v -0.27549714 -0.16353221 -0.36040941
v -0.27549711 -0.16353495 -0.36840835
v -0.27549717 0.16353220 -0.36841074
v -0.27549708 0.16353489 -0.36040851
v -0.16050000 0.12284610 -0.23941034
v -0.15050001 0.12284610 -0.23941034
v -0.22050002 0.12284610 -0.23941034
v -0.21050003 0.12284610 -0.23941034
v -0.07050000 0.06500002 -0.33941033
v -0.10689703 0.06500001 -0.23941034
v -0.10689703 0.05500001 -0.23941034
v -0.07050000 0.05500001 -0.33941033
v -0.16049999 -0.12284610 -0.23941034
v -0.15050000 -0.12284610 -0.23941034
v -0.22050002 -0.12284611 -0.23941034
v -0.21050000 -0.12284611 -0.23941034
v -0.07050000 -0.06499999 -0.33941033
v -0.10689703 -0.06500000 -0.23941034
v -0.07050000 -0.05499999 -0.33941033
v -0.10689703 -0.05500000 -0.23941034
v -0.21489342 0.01506118 -0.36041263
v -0.21453324 0.01502784 -0.36843082
v -0.15647189 0.01502767 -0.36041096
v -0.15612794 0.01505925 -0.36839074
v -0.14854088 0.02264286 -0.36038530
v -0.14857000 0.02284093 -0.36836681
v -0.14853548 0.06905281 -0.36843488
v -0.14857613 0.06941809 -0.36044279
v -0.15611248 0.07693934 -0.36838332
v -0.21250001 0.07700000 -0.36841032
v -0.15647191 0.07697234 -0.36041096
v -0.21489340 0.07693882 -0.36041263
v -0.22246480 0.06904661 -0.36041111
v -0.22242388 0.06941812 -0.36837786
v -0.22245912 0.02264283 -0.36843535
v -0.22243272 0.02287482 -0.36041161
v -0.15611245 -0.01506067 -0.36838332
v -0.21453324 -0.01502785 -0.36843082
v -0.15647188 -0.01502766 -0.36041096
v -0.21489342 -0.01506119 -0.36041263
v -0.22246480 -0.02295339 -0.36041111
v -0.22242388 -0.02258187 -0.36837786
v -0.22246452 -0.06905291 -0.36843491
v -0.22242311 -0.06942555 -0.36041301
v -0.15636724 -0.07694390 -0.36043185
v -0.21483357 -0.07696813 -0.36041170
v -0.15617859 -0.07696877 -0.36844605
v -0.21458516 -0.07694700 -0.36838654
v -0.14854051 -0.06935118 -0.36041200
v -0.14856674 -0.06911766 -0.36838141
v -0.14853548 -0.02294717 -0.36843488
v -0.14857690 -0.02257452 -0.36041301
v -0.27315688 0.16765685 -0.36041033
v -0.05784318 0.16765690 -0.36041033
v -0.05784318 0.16765690 -0.36841035
v -0.05784315 -0.16765684 -0.36041033
v -0.05784315 -0.16765684 -0.36841035
v -0.15142895 0.07407107 -0.36841032
v -0.21957108 0.07407106 -0.36841032
v -0.15142895 0.01792894 -0.36841032
v -0.21957105 -0.07407108 -0.36841032
v -0.15142894 -0.01792893 -0.36841032
v -0.15142894 -0.01792893 -0.36041033
v -0.21957108 -0.01792894 -0.36041033
v -0.15142894 -0.07407107 -0.36841032
v -0.24502301 0.13122216 -0.35992891
v -0.17784636 0.10900000 -0.33788788
v -0.17135789 0.10900000 -0.33355245
v -0.17784636 0.10300001 -0.33788788
v -0.17135789 0.10300001 -0.33355245
v -0.16550002 0.10900000 -0.31941032
v -0.16702242 0.10300001 -0.32706398
v -0.16550002 0.10300001 -0.31941032
v -0.16702242 0.10900000 -0.31175664
v -0.16702242 0.10300001 -0.31175664
v -0.17135787 0.10900000 -0.30526817
v -0.17135787 0.10300001 -0.30526817
v -0.17784634 0.10300001 -0.30093274
v -0.17784633 -0.10900000 -0.33788788
v -0.17784633 -0.10300001 -0.33788788
v -0.17135786 -0.10300001 -0.33355245
v -0.17135786 -0.10900000 -0.33355245
v -0.16702239 -0.10300001 -0.32706398
v -0.16702239 -0.10900000 -0.32706398
v -0.16549997 -0.10300001 -0.31941032
v -0.16702239 -0.10300001 -0.31175664
v -0.16549997 -0.10900000 -0.31941032
v -0.17135784 -0.10300001 -0.30526817
v -0.16702239 -0.10900000 -0.31175664
v -0.17135784 -0.10900000 -0.30526817
v -0.17784633 -0.10300001 -0.30093274
v -0.17784633 -0.10900000 -0.30093274
v -0.16556810 0.13686450 -0.36844748
v -0.16537780 0.16225170 -0.36846110
v -0.16550003 0.16000001 -0.36041033
v -0.16563693 0.13646223 -0.36039159
v -0.19805142 0.12914294 -0.36046079
v -0.19767345 0.12907369 -0.36838436
v -0.17331685 0.12907447 -0.36041132
v -0.17295064 0.12914249 -0.36842942
v -0.20537156 0.13669851 -0.36044559
v -0.20550004 0.16000001 -0.36041033
v -0.20542492 0.13659088 -0.36842343
v -0.20550004 0.16000001 -0.36841032
v -0.20842898 0.16707109 -0.36041033
v -0.20842898 0.16707109 -0.36841032
v -0.16842894 0.13192894 -0.36841032
v -0.16257110 0.16707109 -0.36041033
v -0.20842895 -0.16707109 -0.36041033
v -0.20563699 -0.16253854 -0.36042169
v -0.20549998 -0.16000001 -0.36841032
v -0.20543273 -0.13687502 -0.36041161
v -0.20536040 -0.13644645 -0.36840662
v -0.19794241 -0.12908143 -0.36037338
v -0.20257106 -0.13192894 -0.36841032
v -0.19776143 -0.12912700 -0.36836332
v -0.17323853 -0.12912700 -0.36045733
v -0.17305757 -0.12908143 -0.36844730
v -0.16557688 -0.13657455 -0.36041301
v -0.16842893 -0.13192894 -0.36841032
v -0.16562197 -0.13675061 -0.36836457
v -0.16543184 -0.16213663 -0.36837986
v -0.16549999 -0.16000001 -0.36041033
v -0.16257106 -0.16707109 -0.36041033
v -0.24847618 -0.07229042 -0.32939142
v -0.25448534 -0.07209532 -0.32937497
v -0.25450000 0.01999999 -0.32941031
v -0.24850945 0.05679217 -0.32939744
v -0.25450552 0.05617222 -0.32938707
v -0.25449365 -0.07997838 -0.32172173
v -0.24850002 -0.07707109 -0.32648140
v -0.24850053 -0.07998767 -0.32132998
v -0.12350000 0.05000001 -0.20941034
v -0.25448897 0.05998170 -0.32620949
v -0.25450805 0.05997281 -0.25441965
v -0.24850793 0.05998503 -0.25445977
v -0.24849679 0.05998766 -0.32555941
v -0.25451848 0.03005881 -0.22440591
v -0.24850604 0.03006150 -0.22443712
v -0.25550002 0.06972234 -0.20724119
v -0.25550002 0.03099999 -0.20724119
v -0.25549999 -0.08100002 -0.20724119
v -0.25550002 -0.08734857 -0.20724119
v -0.25550002 0.08790860 -0.20724119
v -0.25550002 0.09399999 -0.20724119
v -0.25550002 -0.09400002 -0.20724121
v -0.20385922 0.11000000 -0.20724119
v -0.22645235 0.10999999 -0.20724121
v -0.14507574 0.11000001 -0.20724122
v -0.16714081 0.11000001 -0.20724119
v -0.23950002 0.10999999 -0.20724121
v -0.13150002 0.11000001 -0.20724119
v -0.21626186 -0.11000001 -0.20724119
v -0.20640093 -0.11000001 -0.20724119
v -0.16319729 -0.11000001 -0.20724119
v -0.15238263 -0.11000001 -0.20724119
v -0.23137182 -0.11000002 -0.20724119
v -0.23950002 -0.11000002 -0.20724119
v -0.13149999 -0.11000000 -0.20724121
v -0.22560401 0.10199999 -0.20724121
v -0.20385922 0.10200000 -0.20724119
v -0.23950002 0.10199999 -0.20724119
v -0.16714081 0.10200001 -0.20724119
v -0.15137942 0.10200001 -0.20724137
v -0.13150002 0.10200001 -0.20724121
v -0.11550000 0.01255520 -0.20724119
v -0.11550000 0.05000001 -0.20724119
v -0.11549999 -0.07914317 -0.20724119
v -0.11550000 -0.09400000 -0.20724119
v -0.11550000 0.09400001 -0.20724121
v -0.25428206 0.10012295 -0.20724119
v -0.25081372 0.10531370 -0.20724119
v -0.24562296 0.10878207 -0.20724121
v -0.24562293 -0.10878210 -0.20724119
v -0.25081369 -0.10531373 -0.20724119
v -0.25428206 -0.10012298 -0.20724119
v -0.11664245 -0.09977666 -0.20724119
v -0.12018628 -0.10531370 -0.20724119
v -0.12537704 -0.10878207 -0.20724121
v -0.12572335 0.10885758 -0.20724121
v -0.12018631 0.10531372 -0.20724116
v -0.11671793 0.10012294 -0.20724119
v -0.24750000 0.09399999 -0.20724119
v -0.24689104 0.09706148 -0.20724121
v -0.24515688 0.09965684 -0.20724119
v -0.24256146 0.10139102 -0.20724119
v -0.24750000 0.03099999 -0.20724119
v -0.24749999 0.06972235 -0.20724119
v -0.24749999 -0.08100002 -0.20724119
v -0.24750000 -0.08736660 -0.20724119
v -0.24750000 0.08936656 -0.20724118
v -0.24750000 -0.09400002 -0.20724119
v -0.23950002 -0.10200002 -0.20724119
v -0.24256146 -0.10139105 -0.20724121
v -0.24515685 -0.09965687 -0.20724119
v -0.24693134 -0.09687740 -0.20724121
v -0.22001565 -0.10200002 -0.20724119
v -0.14724901 -0.10200001 -0.20724118
v -0.13149999 -0.10200000 -0.20724119
v -0.12349999 -0.09400000 -0.20724119
v -0.12410896 -0.09706146 -0.20724121
v -0.12584315 -0.09965685 -0.20724119
v -0.12861167 -0.10142878 -0.20724121
v -0.12350000 0.05000001 -0.20724119
v -0.12350000 -0.01781093 -0.20724122
v -0.12350002 0.09400001 -0.20724119
v -0.12843855 0.10139105 -0.20724121
v -0.12584317 0.09965687 -0.20724119
v -0.12410899 0.09706149 -0.20724119
v -0.25450000 0.02999999 -0.20724119
v -0.24850002 0.02999999 -0.20724119
v -0.25449997 -0.08000002 -0.20724119
v -0.24850000 -0.08000002 -0.20724119
v -0.26450986 0.00062319 1.00832772
v -0.26351699 0.00000000 1.00784004
v -0.26408222 -0.00011727 1.00812519
v -0.26450840 0.00331532 1.00815094
v -0.26411179 0.00378722 1.00785625
v -0.26413539 0.00764059 1.00696421
v -0.26441672 0.00456656 1.00789297
v -0.26452678 0.00721183 1.00733507
v -0.26342618 0.00951849 1.00581932
v -0.26444882 0.00842987 1.00687003
v -0.26451734 0.01094855 1.00590873
v -0.26410663 0.01132673 1.00546587
v -0.26412907 0.01472484 1.00341797
v -0.26441589 0.01208369 1.00525522
v -0.26452637 0.01442758 1.00390863
v -0.26351699 0.01767800 1.00051701
v -0.26445279 0.01547493 1.00308192
v -0.26447383 0.01753425 1.00136030
v -0.26444986 0.01842080 1.00042391
v -0.26452538 0.02022869 0.99842328
v -0.26411220 0.02036670 0.99785364
v -0.26443875 0.02239907 0.99503481
v -0.26444203 0.02097400 0.99730802
v -0.26342696 0.02297992 0.99235827
v -0.26447564 0.02297919 0.99384946
v -0.26450044 0.02405707 0.99137771
v -0.26410657 0.02400854 0.99082816
v -0.26412925 0.02496312 0.98698020
v -0.26441699 0.02439510 0.99014574
v -0.26452655 0.02509973 0.98753327
v -0.26351699 0.02500000 0.98284000
v -0.26442784 0.02523787 0.98623848
v -0.26451564 0.02552453 0.98355371
v -0.26412189 0.02530395 0.98302358
v -0.26445016 0.02545902 0.98224890
v -0.26452568 0.02532219 0.97954547
v -0.26409420 0.02498346 0.97896600
v -0.26451206 0.02447814 0.97559679
v -0.26441339 0.02507945 0.97825098
v -0.26412034 0.02410454 0.97516900
v -0.26342696 0.02297984 0.97332132
v -0.26447800 0.02404132 0.97439229
v -0.26451835 0.02306650 0.97188586
v -0.26409718 0.02260536 0.97148961
v -0.26424071 0.02081322 0.96825582
v -0.26450837 0.02240919 0.97062308
v -0.26351699 0.01767800 0.96516198
v -0.26446962 0.02025014 0.96735847
v -0.26449946 0.01852233 0.96527421
v -0.26410303 0.01799360 0.96506119
v -0.26449716 0.01757967 0.96438169
v -0.26450920 0.01555012 0.96259522
v -0.26409435 0.01492591 0.96243340
v -0.26451200 0.01218672 0.96040881
v -0.26441339 0.01448945 0.96186119
v -0.26411983 0.01161983 0.96037072
v -0.26342618 0.00951841 0.95986044
v -0.26449397 0.01101423 0.95985210
v -0.26450038 0.00853398 0.95878118
v -0.26409760 0.00795921 0.95882982
v -0.26412025 0.00410614 0.95787966
v -0.26445639 0.00728383 0.95841300
v -0.26451206 0.00465968 0.95774144
v -0.26342711 -0.00000000 0.95796275
v -0.26452747 0.00326317 0.95751798
v -0.26443940 0.00057608 0.95738542
v -0.26447633 -0.00071814 0.95734364
v -0.26901534 -0.00059516 1.00830746
v -0.26999900 0.00000000 1.00683999
v -0.26913100 0.00019627 1.00814390
v -0.26899892 -0.00328804 1.00816226
v -0.26913419 -0.00380749 1.00785315
v -0.26999900 -0.00918400 1.00501299
v -0.26900297 -0.00724170 1.00731826
v -0.26913074 -0.00766993 1.00695193
v -0.26901406 -0.00844535 1.00687706
v -0.26901790 -0.00460466 1.00790811
v -0.26899904 -0.01095367 1.00590646
v -0.26913199 -0.01134840 1.00545430
v -0.26901868 -0.01210222 1.00525963
v -0.26899758 -0.01442926 1.00390768
v -0.26912841 -0.01474755 1.00339866
v -0.26999900 -0.01697100 0.99980998
v -0.26901776 -0.01546063 1.00308979
v -0.26900053 -0.01754718 1.00139058
v -0.26913276 -0.01778300 1.00083792
v -0.26901346 -0.01843911 1.00042129
v -0.26899856 -0.02023074 0.99842072
v -0.26913413 -0.02037970 0.99783504
v -0.26999900 -0.02217300 0.99202400
v -0.26913103 -0.02247410 0.99446303
v -0.26901379 -0.02296911 0.99386406
v -0.26902366 -0.02096225 0.99732089
v -0.26899773 -0.02242005 0.99506211
v -0.26899916 -0.02405566 0.99140489
v -0.26913226 -0.02401537 0.99080545
v -0.26901850 -0.02441108 0.99013489
v -0.26899761 -0.02510019 0.98753160
v -0.26912823 -0.02496596 0.98695034
v -0.26999900 -0.02400000 0.98284000
v -0.26901743 -0.02525127 0.98622721
v -0.26900080 -0.02552479 0.98355180
v -0.26913264 -0.02530115 0.98299223
v -0.26901329 -0.02547050 0.98223370
v -0.26899859 -0.02532230 0.97954911
v -0.26913413 -0.02501333 0.97903150
v -0.26999900 -0.02217300 0.97365499
v -0.26902369 -0.02506226 0.97825730
v -0.26899776 -0.02449460 0.97562623
v -0.26913103 -0.02411060 0.97516680
v -0.26901382 -0.02403708 0.97439325
v -0.26899904 -0.02306676 0.97188693
v -0.26913199 -0.02261455 0.97149211
v -0.26901266 -0.02241846 0.97071534
v -0.26900268 -0.02104432 0.96838945
v -0.26912832 -0.02056033 0.96809310
v -0.26999900 -0.01697100 0.96586901
v -0.26901764 -0.02025050 0.96737897
v -0.26900053 -0.01855110 0.96529347
v -0.26913247 -0.01799989 0.96505797
v -0.26901367 -0.01758309 0.96440220
v -0.26899850 -0.01558114 0.96260959
v -0.26913416 -0.01499412 0.96245974
v -0.26999900 -0.00918400 0.96066701
v -0.26913112 -0.01162325 0.96036565
v -0.26901436 -0.01102464 0.95987105
v -0.26899779 -0.01221946 0.96041811
v -0.26902357 -0.01448171 0.96187770
v -0.26899880 -0.00856599 0.95878452
v -0.26913220 -0.00796535 0.95882440
v -0.26901865 -0.00729494 0.95842910
v -0.26899743 -0.00469557 0.95774025
v -0.26912847 -0.00410946 0.95787436
v -0.26999900 0.00000000 0.95884001
v -0.26900539 -0.00333749 0.95755821
v -0.26899946 -0.00066992 0.95734310
v -0.26904458 0.00050381 0.95741242
v -0.26999900 0.00000000 0.96024001
v -0.26969901 0.00000000 0.96054000
v -0.26969901 -0.00853400 0.96223700
v -0.26999900 -0.00864900 0.96196002
v -0.26969901 -0.01576800 0.96707100
v -0.26999900 -0.01598100 0.96685898
v -0.26969901 -0.02060300 0.97430599
v -0.26999900 -0.02088000 0.97419101
v -0.26969901 -0.02230000 0.98284000
v -0.26999900 -0.02260000 0.98284000
v -0.26969901 -0.02060300 0.99137402
v -0.26999900 -0.02088000 0.99148899
v -0.26969901 -0.01576800 0.99860799
v -0.26999900 -0.01598100 0.99882001
v -0.26969901 -0.00853400 1.00344205
v -0.26999900 -0.00864900 1.00371897
v -0.26969901 0.00000000 1.00513995
v -0.26999900 0.00000000 1.00544000
v -0.26909900 0.00000000 0.96054000
v -0.26909900 -0.00853400 0.96223700
v -0.26909900 -0.01576800 0.96707100
v -0.26909900 -0.02060300 0.97430599
v -0.26909900 -0.02230000 0.98284000
v -0.26909900 -0.02060300 0.99137402
v -0.26909900 -0.01576800 0.99860799
v -0.26909900 -0.00853400 1.00344205
v -0.26909900 0.00000000 1.00513995
v -0.26342627 -0.01759077 0.96524924
v -0.26342696 -0.02297983 0.97332132
v -0.26347992 -0.00691001 0.97396719
v -0.26342511 -0.02476583 0.98284000
v -0.26351699 0.00000000 0.98284000
v -0.26342618 -0.00951840 0.95986044
v -0.26342595 0.01751268 0.96532732
v -0.26347438 0.00845801 0.97438198
v -0.26342511 0.02476583 0.98284000
v -0.26342595 0.01751268 1.00035167
v -0.26347992 0.00691001 0.99171227
v -0.26342618 -0.00951849 1.00581932
v -0.26342657 0.00000000 1.00760555
v -0.26342627 -0.01759077 1.00042975
v -0.26347438 -0.00845801 0.99129754
v -0.26342696 -0.02297993 0.99235827
v -0.26351699 -0.02500000 0.98284000
v -0.26909900 0.01576800 0.96707100
v -0.26909900 0.01556600 0.96727401
v -0.26909900 0.00853400 0.96223700
v -0.26911357 0.00842089 0.96246111
v -0.26909900 0.02060300 0.97430599
v -0.26910025 0.02033279 0.97438616
v -0.26909900 0.00000000 0.96082598
v -0.26909900 0.02230000 0.98284000
v -0.26909900 0.02201400 0.98284000
v -0.26911357 -0.00842089 0.96246111
v -0.26909900 0.02060300 0.99137402
v -0.26910031 0.02033270 0.99129391
v -0.26909900 -0.01556600 0.96727401
v -0.26909900 0.01556600 0.99840599
v -0.26909900 0.01576800 0.99860799
v -0.26911354 0.00842098 1.00321794
v -0.26910025 -0.02033279 0.97438616
v -0.26909900 0.00853400 1.00344205
v -0.26909900 0.00000000 1.00485396
v -0.26909900 -0.02201400 0.98284000
v -0.26911354 -0.00842098 1.00321794
v -0.26910031 -0.02033267 0.99129403
v -0.26909900 -0.01556600 0.99840599
v -0.26969901 0.00853400 1.00344205
v -0.26969901 0.01576800 0.99860799
v -0.26969901 0.02060300 0.99137402
v -0.26969901 0.02230000 0.98284000
v -0.26969901 0.02060300 0.97430599
v -0.26969901 0.01576800 0.96707100
v -0.26969901 0.00853400 0.96223700
v -0.26999900 0.00864900 1.00371897
v -0.26999900 0.01598100 0.99882001
v -0.26999900 0.02088000 0.99148899
v -0.26999900 0.02260000 0.98284000
v -0.26999900 0.02088000 0.97419101
v -0.26999900 0.01598100 0.96685898
v -0.26999900 0.00864900 0.96196002
v -0.26999900 0.00918400 0.96066701
v -0.26999900 0.01697100 0.96586901
v -0.26999900 0.02217300 0.97365499
v -0.26999900 0.02400000 0.98284000
v -0.26999900 0.02217300 0.99202400
v -0.26999900 0.01697100 0.99980998
v -0.26999900 0.00918400 1.00501299
v -0.26452637 -0.00721074 0.95834410
v -0.26441702 -0.00456637 0.95778662
v -0.26444811 -0.00843034 0.95880932
v -0.26413402 -0.00764381 0.95871669
v -0.26451808 -0.01094809 0.95977110
v -0.26441675 -0.01208531 0.96042383
v -0.26410693 -0.01132738 0.96021414
v -0.26452667 -0.01442858 0.96177179
v -0.26445210 -0.01547657 0.96259868
v -0.26412898 -0.01472698 0.96226329
v -0.26447389 -0.01753265 0.96431720
v -0.26445004 -0.01842026 0.96525544
v -0.26452503 -0.02023030 0.96725887
v -0.26444250 -0.02097399 0.96837133
v -0.26411220 -0.02036711 0.96782696
v -0.26443827 -0.02239894 0.97064507
v -0.26444662 -0.02295206 0.97180796
v -0.26451841 -0.02405358 0.97426909
v -0.26441705 -0.02439561 0.97553504
v -0.26410654 -0.02400858 0.97485161
v -0.26452681 -0.02509960 0.97814530
v -0.26442826 -0.02523823 0.97944105
v -0.26412916 -0.02496310 0.97870016
v -0.26451561 -0.02552454 0.98212641
v -0.26445019 -0.02545904 0.98343128
v -0.26412332 -0.02530488 0.98265386
v -0.26452556 -0.02532260 0.98612720
v -0.26441693 -0.02505295 0.98740667
v -0.26411185 -0.02501677 0.98662519
v -0.26452675 -0.02449494 0.99005210
v -0.26444688 -0.02403058 0.99126822
v -0.26413524 -0.02412408 0.99048090
v -0.26451847 -0.02306871 0.99378830
v -0.26441646 -0.02241590 0.99492359
v -0.26410657 -0.02262579 0.99416679
v -0.26452723 -0.02107000 0.99726546
v -0.26445273 -0.02024162 0.99831575
v -0.26412901 -0.02057741 0.99756551
v -0.26447290 -0.01852204 1.00037217
v -0.26445150 -0.01758398 1.00126112
v -0.26452470 -0.01557974 1.00307047
v -0.26444125 -0.01446894 1.00381315
v -0.26411262 -0.01501368 1.00320637
v -0.26443845 -0.01219332 1.00523937
v -0.26444811 -0.01103093 1.00579274
v -0.26451772 -0.00857078 1.00689363
v -0.26441661 -0.00730613 1.00723469
v -0.26410678 -0.00798975 1.00684834
v -0.26452670 -0.00469429 1.00793958
v -0.26442650 -0.00339976 1.00807750
v -0.26412919 -0.00413778 1.00780296
v -0.26451543 -0.00071474 1.00836492
v -0.26900148 0.00072416 1.00836420
v -0.26901779 0.00338784 1.00809062
v -0.26899761 0.00469189 1.00794017
v -0.26912820 0.00411101 1.00780594
v -0.26901865 0.00729519 1.00725079
v -0.26899904 0.00856527 1.00689578
v -0.26913211 0.00796629 1.00685549
v -0.26901382 0.01102416 1.00580907
v -0.26899779 0.01222194 1.00525987
v -0.26913080 0.01162554 1.00531292
v -0.26902372 0.01448219 1.00380051
v -0.26899844 0.01557758 1.00307214
v -0.26913404 0.01499817 1.00321746
v -0.26901373 0.01758323 1.00127757
v -0.26900056 0.01855450 1.00038278
v -0.26913273 0.01799823 1.00062287
v -0.26901779 0.02025077 0.99829942
v -0.26900285 0.02104454 0.99728894
v -0.26912829 0.02056031 0.99758708
v -0.26901242 0.02241843 0.99496466
v -0.26900497 0.02304651 0.99381751
v -0.26913217 0.02261394 0.99418831
v -0.26900762 0.02403944 0.99130833
v -0.26899773 0.02449446 0.99005401
v -0.26913100 0.02411088 0.99051142
v -0.26902369 0.02506222 0.98742205
v -0.26900440 0.02531062 0.98615968
v -0.26913413 0.02501357 0.98664713
v -0.26900676 0.02547979 0.98346704
v -0.26904687 0.02542361 0.98236942
v -0.26900342 0.00328724 0.95753324
v -0.26912576 0.00415689 0.95787573
v -0.26902694 0.00732884 0.95845354
v -0.26912770 0.00801411 0.95883352
v -0.26899773 0.00473741 0.95775014
v -0.26900199 0.00860864 0.95880193
v -0.26902163 0.01105190 0.95989865
v -0.26912636 0.01166931 0.96038258
v -0.26899791 0.01225533 0.96043986
v -0.26903200 0.01450549 0.96191061
v -0.26913121 0.01503529 0.96248335
v -0.26900068 0.01561658 0.96263957
v -0.26902115 0.01760107 0.96443790
v -0.26912823 0.01803776 0.96508771
v -0.26900107 0.01857967 0.96532661
v -0.26902616 0.02026282 0.96741748
v -0.26912558 0.02059322 0.96812814
v -0.26901767 0.02242352 0.97074163
v -0.26912814 0.02264075 0.97152996
v -0.26900271 0.02106084 0.96841580
v -0.26900813 0.02306040 0.97189444
v -0.26901153 0.02404028 0.97439778
v -0.26912659 0.02413098 0.97521019
v -0.26899797 0.02450479 0.97566777
v -0.26903194 0.02505589 0.97829700
v -0.26913115 0.02502635 0.97907877
v -0.26900613 0.02531358 0.97955179
v -0.26422471 -0.00349156 0.95764822
v -0.16024999 -0.04296500 1.02889001
v -0.17192000 -0.04490200 1.01446700
v -0.17182299 -0.04492200 1.02896702
v -0.15880600 -0.04246900 1.01437998
v -0.14957100 -0.03810300 1.02881801
v -0.14698300 -0.03629500 1.01429999
v -0.14049500 -0.03066000 1.02875602
v -0.13749000 -0.02692000 1.01423502
v -0.13603400 -0.02499900 1.02872503
v -0.13251700 -0.01871000 1.02869904
v -0.13115700 -0.01514500 1.01418900
v -0.12881801 -0.00589500 1.02867103
v -0.12856901 -0.00205200 1.01416802
v -0.12904200 0.00744300 1.02866805
v -0.12994500 0.01124600 1.01417196
v -0.13317201 0.02013000 1.02869105
v -0.13516200 0.02353500 1.01420200
v -0.14084700 0.03104800 1.02873802
v -0.14377099 0.03376100 1.01425600
v -0.15139000 0.03923200 1.02880394
v -0.15499400 0.04099800 1.01432705
v -0.16276599 0.04370600 1.02887797
v -0.16478100 0.04412300 1.01438999
v -0.17492600 0.04497400 1.02895701
v -0.17502099 0.04494400 1.01445794
v -0.15973200 -0.04119700 1.01287103
v -0.17198101 -0.04340300 1.01295197
v -0.14893900 -0.03583500 1.01279795
v -0.14011100 -0.02780700 1.01273704
v -0.13338099 -0.01670800 1.01268899
v -0.13025700 -0.00440300 1.01266396
v -0.13085200 0.00842600 1.01266396
v -0.13491000 0.02002400 1.01268697
v -0.14187600 0.02983700 1.01272905
v -0.15219501 0.03790000 1.01279497
v -0.16362400 0.04233800 1.01286805
v -0.17497900 0.04344500 1.01294303
v -0.17319600 0.00099400 1.01474905
v -0.18722799 0.04123800 1.01302397
v -0.19802099 0.03587600 1.01309705
v -0.20684899 0.02784800 1.01315796
v -0.21358000 0.01675000 1.01320601
v -0.21670400 0.00444400 1.01323104
v -0.21610899 -0.00838400 1.01323104
v -0.21205100 -0.01998300 1.01320803
v -0.20508499 -0.02979600 1.01316500
v -0.19476500 -0.03785800 1.01310003
v -0.18333600 -0.04229700 1.01302600
v -0.18813500 0.04251200 1.01454496
v -0.19995800 0.03633800 1.01462495
v -0.20945100 0.02696200 1.01469004
v -0.21578300 0.01518800 1.01473606
v -0.21837100 0.00209500 1.01475704
v -0.21699500 -0.01120300 1.01475298
v -0.21177900 -0.02349200 1.01472294
v -0.20317000 -0.03371900 1.01466894
v -0.19194700 -0.04095600 1.01459801
v -0.18216000 -0.04408100 1.01453400
v -0.18649900 0.04301700 1.02903402
v -0.19717900 0.03815500 1.02910602
v -0.20625500 0.03071200 1.02916801
v -0.21071599 0.02505100 1.02919996
v -0.21423300 0.01876200 1.02922499
v -0.21793200 0.00594800 1.02925301
v -0.21770801 -0.00739100 1.02925599
v -0.21357700 -0.02007800 1.02923298
v -0.20590299 -0.03099600 1.02918601
v -0.19535901 -0.03918000 1.02911997
v -0.18398400 -0.04365400 1.02904701
vt 0.00000000 0.00000000
vt 0.00000000 0.00000000
vt 0.00000000 0.00000000
vt 0.00000000 0.00000000
vt 0.00000000 0.00000000
vt 0.00000000 0.00000000
vt 0.00000000 0.00000000
vt 0.00000000 0.00000000
vt 0.00000000 0.00000000
vt 0.00000000 0.00000000
vt 0.00000000 0.00000000
vt 0.00000000 0.00000000
vt 0.00000000 0.00000000
vt 0.00000000 0.00000000
vt 0.00000000 0.00000000
vt 0.00000000 0.00000000
vt 0.00000000 0.00000000
vt 0.00000000 0.00000000
vt 0.00000000 0.00000000
vt 0.00000000 0.00000000
vt 0.00000000 0.00000000
vt 0.00000000 0.00000000
vt 0.00000000 0.00000000
vt 0.00000000 0.00000000
vt 0.00000000 0.00000000
vt 0.00000000 0.00000000
vt 0.00000000 0.00000000
vt 0.00000000 0.00000000
vt 0.00000000 0.00000000
vt 0.00000000 0.00000000
vt 0.00000000 0.00000000
vt 0.00000000 0.00000000
vt 0.00000000 0.00000000
vt 0.00000000 0.00000000
vt 0.00000000 0.00000000
vt 0.00000000 0.00000000
vt 0.00000000 0.00000000
vt 0.00000000 0.00000000
vt 0.00000000 0.00000000
vt 0.00000000 0.00000000
vt 0.00000000 0.00000000
vt 0.00000000 0.00000000
vt 0.00000000 0.00000000
vt 0.00000000 0.00000000
vt 0.00000000 0.00000000
vt 0.00000000 0.00000000
vt 0.00000000 0.00000000
vt 0.00000000 0.00000000
vt 0.00000000 0.00000000
vt 0.00000000 0.00000000
vt 0.00000000 0.00000000
vt 0.00000000 0.00000000
vt 0.00000000 0.00000000
vt 0.00000000 0.00000000
vt 0.00000000 0.00000000
vt 0.00000000 0.00000000
vt 0.00000000 0.00000000
vt 0.00000000 0.00000000
vt 0.00000000 0.00000000
vt 0.00000000 0.00000000
vt 0.00000000 0.00000000
vt 0.00000000 0.00000000
vt 0.00000000 0.00000000
vt 0.00000000 0.00000000
vt 0.00000000 0.00000000
vt 0.00000000 0.00000000
vt 0.00000000 0.00000000
vt 0.00000000 0.00000000
vt 0.00000000 0.00000000
vt 0.00000000 0.00000000
vt 0.00000000 0.00000000
vt 0.00000000 0.00000000
vt 0.00000000 0.00000000
vt 0.00000000 0.00000000
vt 0.00000000 0.00000000
vt 0.00000000 0.00000000
vt 0.00000000 0.00000000
vt 0.00000000 0.00000000
vt 0.00000000 0.00000000
vt 0.00000000 0.00000000
vt 0.00000000 0.00000000
vt 0.00000000 0.00000000
vt 0.00000000 0.00000000
vt 0.00000000 0.00000000
vt 0.00000000 0.00000000
vt 0.00000000 0.00000000
vt 0.00000000 0.00000000
vt 0.00000000 0.00000000
vt 0.00000000 0.00000000
vt 0.00000000 0.00000000
vt 0.00000000 0.00000000
vt 0.00000000 0.00000000
vt 0.00000000 0.00000000
vt 0.00000000 0.00000000
vt 0.00000000 0.00000000
vt 0.00000000 0.00000000
vt 0.00000000 0.00000000
vt 0.00000000 0.00000000
vt 0.00000000 0.00000000
vt 0.00000000 0.00000000
vt 0.00000000 0.00000000
vt 0.00000000 0.00000000
vt 0.00000000 0.00000000
vt 0.00000000 0.00000000
vt 0.00000000 0.00000000
vt 0.00000000 0.00000000
vt 0.00000000 0.00000000
vt 0.00000000 0.00000000
vt 0.00000000 0.00000000
vt 0.00000000 0.00000000
vt 0.00000000 0.00000000
vt 0.00000000 0.00000000
vt 0.00000000 0.00000000
vt 0.00000000 0.00000000
vt 0.00000000 0.00000000
vt 0.00000000 0.00000000
vt 0.00000000 0.00000000
vt 0.00000000 0.00000000
vt 0.00000000 0.00000000
vt 0.00000000 0.00000000
vt 0.00000000 0.00000000
vt 0.00000000 0.00000000
vt 0.00000000 0.00000000
vt 0.00000000 0.00000000
vt 0.00000000 0.00000000
vt 0.00000000 0.00000000
vt 0.00000000 0.00000000
vt 0.00000000 0.00000000
vt 0.00000000 0.00000000
vt 0.00000000 0.00000000
vt 0.00000000 0.00000000
vt 0.00000000 0.00000000
vt 0.00000000 0.00000000
vt 0.00000000 0.00000000
vt 0.00000000 0.00000000
vt 0.00000000 0.00000000
vt 0.00000000 0.00000000
vt 0.00000000 0.00000000
vt 0.00000000 0.00000000
vt 0.00000000 0.00000000
vt 0.00000000 0.00000000
vt 0.00000000 0.00000000
vt 0.00000000 0.00000000
vt 0.00000000 0.00000000
vt 0.00000000 0.00000000
vt 0.00000000 0.00000000
vt 0.00000000 0.00000000
vt 0.00000000 0.00000000
vt 0.00000000 0.00000000
vt 0.00000000 0.00000000
vt 0.00000000 0.00000000
vt 0.00000000 0.00000000
vt 0.00000000 0.00000000
vt 0.00000000 0.00000000
vt 0.00000000 0.00000000
vt 0.00000000 0.00000000
vt 0.00000000 0.00000000
vt 0.00000000 0.00000000
vt 0.00000000 0.00000000
vt 0.00000000 0.00000000
vt 0.00000000 0.00000000
vt 0.00000000 0.00000000
vt 0.00000000 0.00000000
vt 0.00000000 0.00000000
vt 0.00000000 0.00000000
vt 0.00000000 0.00000000
vt 0.00000000 0.00000000
vt 0.00000000 0.00000000
vt 0.00000000 0.00000000
vt 0.00000000 0.00000000
vt 0.00000000 0.00000000
vt 0.00000000 0.00000000
vt 0.00000000 0.00000000
vt 0.00000000 0.00000000
vt 0.00000000 0.00000000
vt 0.00000000 0.00000000
vt 0.00000000 0.00000000
vt 0.00000000 0.00000000
vt 0.00000000 0.00000000
vt 0.00000000 0.00000000
vt 0.00000000 0.00000000
vt 0.00000000 0.00000000
vt 0.00000000 0.00000000
vt 0.00000000 0.00000000
vt 0.00000000 0.00000000
vt 0.00000000 0.00000000
vt 0.00000000 0.00000000
vt 0.00000000 0.00000000
vt 0.00000000 0.00000000
vt 0.00000000 0.00000000
vt 0.00000000 0.00000000
vt 0.00000000 0.00000000
vt 0.00000000 0.00000000
vt 0.00000000 0.00000000
vt 0.00000000 0.00000000
vt 0.00000000 0.00000000
vt 0.00000000 0.00000000
vt 0.00000000 0.00000000
vt 0.00000000 0.00000000
vt 0.00000000 0.00000000
vt 0.00000000 0.00000000
vt 0.00000000 0.00000000
vt 0.00000000 0.00000000
vt 0.00000000 0.00000000
vt 0.00000000 0.00000000
vt 0.00000000 0.00000000
vt 0.00000000 0.00000000
vt 0.00000000 0.00000000
vt 0.00000000 0.00000000
vt 0.00000000 0.00000000
vt 0.00000000 0.00000000
vt 0.00000000 0.00000000
vt 0.00000000 0.00000000
vt 0.00000000 0.00000000
vt 0.00000000 0.00000000
vt 0.00000000 0.00000000
vt 0.00000000 0.00000000
vt 0.00000000 0.00000000
vt 0.00000000 0.00000000
vt 0.00000000 0.00000000
vt 0.00000000 0.00000000
vt 0.00000000 0.00000000
vt 0.00000000 0.00000000
vt 0.00000000 0.00000000
vt 0.00000000 0.00000000
vt 0.00000000 0.00000000
vt 0.00000000 0.00000000
vt 0.00000000 0.00000000
vt 0.00000000 0.00000000
vt 0.00000000 0.00000000
vt 0.00000000 0.00000000
vt 0.00000000 0.00000000
vt 0.00000000 0.00000000
vt 0.00000000 0.00000000
vt 0.00000000 0.00000000
vt 0.00000000 0.00000000
vt 0.00000000 0.00000000
vt 0.00000000 0.00000000
vt 0.00000000 0.00000000
vt 0.00000000 0.00000000
vt 0.00000000 0.00000000
vt 0.00000000 0.00000000
vt 0.00000000 0.00000000
vt 0.00000000 0.00000000
vt 0.00000000 0.00000000
vt 0.00000000 0.00000000
vt 0.00000000 0.00000000
vt 0.00000000 0.00000000
vt 0.00000000 0.00000000
vt 0.00000000 0.00000000
vt 0.00000000 0.00000000
vt 0.00000000 0.00000000
vt 0.00000000 0.00000000
vt 0.00000000 0.00000000
vt 0.00000000 0.00000000
vt 0.00000000 0.00000000
vt 0.00000000 0.00000000
vt 0.00000000 0.00000000
vt 0.00000000 0.00000000
vt 0.00000000 0.00000000
vt 0.00000000 0.00000000
vt 0.00000000 0.00000000
vt 0.00000000 0.00000000
vt 0.00000000 0.00000000
vt 0.00000000 0.00000000
vt 0.00000000 0.00000000
vt 0.00000000 0.00000000
vt 0.00000000 0.00000000
vt 0.00000000 0.00000000
vt 0.00000000 0.00000000
vt 0.00000000 0.00000000
vt 0.00000000 0.00000000
vt 0.00000000 0.00000000
vt 0.00000000 0.00000000
vt 0.00000000 0.00000000
vt 0.00000000 0.00000000
vt 0.00000000 0.00000000
vt 0.00000000 0.00000000
vt 0.00000000 0.00000000
vt 0.00000000 0.00000000
vt 0.00000000 0.00000000
vt 0.00000000 0.00000000
vt 0.00000000 0.00000000
vt 0.00000000 0.00000000
vt 0.00000000 0.00000000
vt 0.00000000 0.00000000
vt 0.00000000 0.00000000
vt 0.00000000 0.00000000
vt 0.00000000 0.00000000
vt 0.00000000 0.00000000
vt 0.00000000 0.00000000
vt 0.00000000 0.00000000
vt 0.00000000 0.00000000
vt 0.00000000 0.00000000
vt 0.00000000 0.00000000
vt 0.00000000 0.00000000
vt 0.00000000 0.00000000
vt 0.00000000 0.00000000
vt 0.00000000 0.00000000
vt 0.00000000 0.00000000
vt 0.00000000 0.00000000
vt 0.00000000 0.00000000
vt 0.00000000 0.00000000
vt 0.00000000 0.00000000
vt 0.00000000 0.00000000
vt 0.00000000 0.00000000
vt 0.00000000 0.00000000
vt 0.00000000 0.00000000
vt 0.00000000 0.00000000
vt 0.00000000 0.00000000
vt 0.00000000 0.00000000
vt 0.00000000 0.00000000
vt 0.00000000 0.00000000
vt 0.00000000 0.00000000
vt 0.00000000 0.00000000
vt 0.00000000 0.00000000
vt 0.00000000 0.00000000
vt 0.00000000 0.00000000
vt 0.00000000 0.00000000
vt 0.00000000 0.00000000
vt 0.00000000 0.00000000
vt 0.00000000 0.00000000
vt 0.00000000 0.00000000
vt 0.00000000 0.00000000
vt 0.00000000 0.00000000
vt 0.00000000 0.00000000
vt 0.00000000 0.00000000
vt 0.00000000 0.00000000
vt 0.00000000 0.00000000
vt 0.00000000 0.00000000
vt 0.00000000 0.00000000
vt 0.00000000 0.00000000
vt 0.00000000 0.00000000
vt 0.00000000 0.00000000
vt 0.00000000 0.00000000
vt 0.00000000 0.00000000
vt 0.00000000 0.00000000
vt 0.00000000 0.00000000
vt 0.00000000 0.00000000
vt 0.00000000 0.00000000
vt 0.00000000 0.00000000
vt 0.00000000 0.00000000
vt 0.00000000 0.00000000
vt 0.00000000 0.00000000
vt 0.00000000 0.00000000
vt 0.00000000 0.00000000
vt 0.00000000 0.00000000
vt 0.00000000 0.00000000
vt 0.00000000 0.00000000
vt 0.00000000 0.00000000
vt 0.00000000 0.00000000
vt 0.00000000 0.00000000
vt 0.00000000 0.00000000
vt 0.00000000 0.00000000
vt 0.00000000 0.00000000
vt 0.00000000 0.00000000
vt 0.00000000 0.00000000
vt 0.00000000 0.00000000
vt 0.00000000 0.00000000
vt 0.00000000 0.00000000
vt 0.00000000 0.00000000
vt 0.00000000 0.00000000
vt 0.00000000 0.00000000
vt 0.00000000 0.00000000
vt 0.00000000 0.00000000
vt 0.00000000 0.00000000
vt 0.00000000 0.00000000
vt 0.00000000 0.00000000
vt 0.00000000 0.00000000
vt 0.00000000 0.00000000
vt 0.00000000 0.00000000
vt 0.00000000 0.00000000
vt 0.00000000 0.00000000
vt 0.00000000 0.00000000
vt 0.00000000 0.00000000
vt 0.00000000 0.00000000
vt 0.00000000 0.00000000
vt 0.00000000 0.00000000
vt 0.00000000 0.00000000
vt 0.00000000 0.00000000
vt 0.00000000 0.00000000
vt 0.00000000 0.00000000
vt 0.00000000 0.00000000
vt 0.00000000 0.00000000
vt 0.00000000 0.00000000
vt 0.00000000 0.00000000
vt 0.00000000 0.00000000
vt 0.00000000 0.00000000
vt 0.00000000 0.00000000
vt 0.00000000 0.00000000
vt 0.00000000 0.00000000
vt 0.00000000 0.00000000
vt 0.00000000 0.00000000
vt 0.00000000 0.00000000
vt 0.00000000 0.00000000
vt 0.00000000 0.00000000
vt 0.00000000 0.00000000
vt 0.00000000 0.00000000
vt 0.00000000 0.00000000
vt 0.00000000 0.00000000
vt 0.00000000 0.00000000
vt 0.00000000 0.00000000
vt 0.00000000 0.00000000
vt 0.00000000 0.00000000
vt 0.00000000 0.00000000
vt 0.00000000 0.00000000
vt 0.00000000 0.00000000
vt 0.00000000 0.00000000
vt 0.00000000 0.00000000
vt 0.00000000 0.00000000
vt 0.00000000 0.00000000
vt 0.00000000 0.00000000
vt 0.00000000 0.00000000
vt 0.00000000 0.00000000
vt 0.00000000 0.00000000
vt 0.00000000 0.00000000
vt 0.00000000 0.00000000
vt 0.00000000 0.00000000
vt 0.00000000 0.00000000
vt 0.00000000 0.00000000
vt 0.00000000 0.00000000
vt 0.00000000 0.00000000
vt 0.00000000 0.00000000
vt 0.00000000 0.00000000
vt 0.00000000 0.00000000
vt 0.00000000 0.00000000
vt 0.00000000 0.00000000
vt 0.00000000 0.00000000
vt 0.00000000 0.00000000
vt 0.00000000 0.00000000
vt 0.00000000 0.00000000
vt 0.00000000 0.00000000
vt 0.00000000 0.00000000
vt 0.00000000 0.00000000
vt 0.00000000 0.00000000
vt 0.00000000 0.00000000
vt 0.00000000 0.00000000
vt 0.00000000 0.00000000
vt 0.00000000 0.00000000
vt 0.00000000 0.00000000
vt 0.00000000 0.00000000
vt 0.00000000 0.00000000
vt 0.00000000 0.00000000
vt 0.00000000 0.00000000
vt 0.00000000 0.00000000
vt 0.00000000 0.00000000
vt 0.00000000 0.00000000
vt 0.00000000 0.00000000
vt 0.00000000 0.00000000
vt 0.00000000 0.00000000
vt 0.00000000 0.00000000
vt 0.00000000 0.00000000
vt 0.00000000 0.00000000
vt 0.00000000 0.00000000
vt 0.00000000 0.00000000
vt 0.00000000 0.00000000
vt 0.00000000 0.00000000
vt 0.00000000 0.00000000
vt 0.00000000 0.00000000
vt 0.00000000 0.00000000
vt 0.00000000 0.00000000
vt 0.00000000 0.00000000
vt 0.00000000 0.00000000
vt 0.00000000 0.00000000
vt 0.00000000 0.00000000
vt 0.00000000 0.00000000
vt 0.00000000 0.00000000
vt 0.00000000 0.00000000
vt 0.00000000 0.00000000
vt 0.00000000 0.00000000
vt 0.00000000 0.00000000
vt 0.00000000 0.00000000
vt 0.00000000 0.00000000
vt 0.00000000 0.00000000
vt 0.00000000 0.00000000
vt 0.00000000 0.00000000
vt 0.00000000 0.00000000
vt 0.00000000 0.00000000
vt 0.00000000 0.00000000
vt 0.00000000 0.00000000
vt 0.00000000 0.00000000
vt 0.00000000 0.00000000
vt 0.00000000 0.00000000
vt 0.00000000 0.00000000
vt 0.00000000 0.00000000
vt 0.00000000 0.00000000
vt 0.00000000 0.00000000
vt 0.00000000 0.00000000
vt 0.00000000 0.00000000
vt 0.00000000 0.00000000
vt 0.00000000 0.00000000
vt 0.00000000 0.00000000
vt 0.00000000 0.00000000
vt 0.00000000 0.00000000
vt 0.00000000 0.00000000
vt 0.00000000 0.00000000
vt 0.00000000 0.00000000
vt 0.00000000 0.00000000
vt 0.00000000 0.00000000
vt 0.00000000 0.00000000
vt 0.00000000 0.00000000
vt 0.00000000 0.00000000
vt 0.00000000 0.00000000
vt 0.00000000 0.00000000
vt 0.00000000 0.00000000
vt 0.00000000 0.00000000
vt 0.00000000 0.00000000
vt 0.00000000 0.00000000
vt 0.00000000 0.00000000
vt 0.00000000 0.00000000
vt 0.00000000 0.00000000
vt 0.00000000 0.00000000
vt 0.00000000 0.00000000
vt 0.00000000 0.00000000
vt 0.00000000 0.00000000
vt 0.00000000 0.00000000
vt 0.00000000 0.00000000
vt 0.00000000 0.00000000
vt 0.00000000 0.00000000
vt 0.00000000 0.00000000
vt 0.00000000 0.00000000
vt 0.00000000 0.00000000
vt 0.00000000 0.00000000
vt 0.00000000 0.00000000
vt 0.00000000 0.00000000
vt 0.00000000 0.00000000
vt 0.00000000 0.00000000
vt 0.00000000 0.00000000
vt 0.00000000 0.00000000
vt 0.00000000 0.00000000
vt 0.00000000 0.00000000
vt 0.00000000 0.00000000
vt 0.00000000 0.00000000
vt 0.00000000 0.00000000
vt 0.00000000 0.00000000
vt 0.00000000 0.00000000
vt 0.00000000 0.00000000
vt 0.00000000 0.00000000
vt 0.00000000 0.00000000
vt 0.00000000 0.00000000
vt 0.00000000 0.00000000
vt 0.00000000 0.00000000
vt 0.00000000 0.00000000
vt 0.00000000 0.00000000
vt 0.00000000 0.00000000
vt 0.00000000 0.00000000
vt 0.00000000 0.00000000
vt 0.00000000 0.00000000
vt 0.00000000 0.00000000
vt 0.00000000 0.00000000
vt 0.00000000 0.00000000
vt 0.00000000 0.00000000
vt 0.00000000 0.00000000
vt 0.00000000 0.00000000
vt 0.00000000 0.00000000
vt 0.00000000 0.00000000
vt 0.00000000 0.00000000
vt 0.00000000 0.00000000
vt 0.00000000 0.00000000
vt 0.00000000 0.00000000
vt 0.00000000 0.00000000
vt 0.00000000 0.00000000
vt 0.00000000 0.00000000
vt 0.00000000 0.00000000
vt 0.00000000 0.00000000
vt 0.00000000 0.00000000
vt 0.00000000 0.00000000
vt 0.00000000 0.00000000
vt 0.00000000 0.00000000
vt 0.00000000 0.00000000
vt 0.00000000 0.00000000
vt 0.00000000 0.00000000
vt 0.00000000 0.00000000
vt 0.00000000 0.00000000
vt 0.00000000 0.00000000
vt 0.00000000 0.00000000
vt 0.00000000 0.00000000
vt 0.00000000 0.00000000
vt 0.00000000 0.00000000
vt 0.00000000 0.00000000
vt 0.00000000 0.00000000
vt 0.00000000 0.00000000
vt 0.00000000 0.00000000
vt 0.00000000 0.00000000
vt 0.00000000 0.00000000
vt 0.00000000 0.00000000
vt 0.00000000 0.00000000
vt 0.00000000 0.00000000
vt 0.00000000 0.00000000
vt 0.00000000 0.00000000
vt 0.00000000 0.00000000
vt 0.00000000 0.00000000
vt 0.00000000 0.00000000
vt 0.00000000 0.00000000
vt 0.00000000 0.00000000
vt 0.00000000 0.00000000
vt 0.00000000 0.00000000
vt 0.00000000 0.00000000
vt 0.00000000 0.00000000
vt 0.00000000 0.00000000
vt 0.00000000 0.00000000
vt 0.00000000 0.00000000
vt 0.00000000 0.00000000
vt 0.00000000 0.00000000
vt 0.00000000 0.00000000
vt 0.00000000 0.00000000
vt 0.00000000 0.00000000
vt 0.00000000 0.00000000
vt 0.00000000 0.00000000
vt 0.00000000 0.00000000
vt 0.00000000 0.00000000
vt 0.00000000 0.00000000
vt 0.00000000 0.00000000
vt 0.00000000 0.00000000
vt 0.00000000 0.00000000
vt 0.00000000 0.00000000
vt 0.00000000 0.00000000
vt 0.00000000 0.00000000
vt 0.00000000 0.00000000
vt 0.00000000 0.00000000
vt 0.00000000 0.00000000
vt 0.00000000 0.00000000
vt 0.00000000 0.00000000
vt 0.00000000 0.00000000
vt 0.00000000 0.00000000
vt 0.00000000 0.00000000
vt 0.00000000 0.00000000
vt 0.00000000 0.00000000
vt 0.00000000 0.00000000
vt 0.00000000 0.00000000
vt 0.00000000 0.00000000
vt 0.00000000 0.00000000
vt 0.00000000 0.00000000
vt 0.00000000 0.00000000
vt 0.00000000 0.00000000
vt 0.00000000 0.00000000
vt 0.00000000 0.00000000
vt 0.00000000 0.00000000
vt 0.00000000 0.00000000
vt 0.00000000 0.00000000
vt 0.00000000 0.00000000
vt 0.00000000 0.00000000
vt 0.00000000 0.00000000
vt 0.00000000 0.00000000
vt 0.00000000 0.00000000
vt 0.00000000 0.00000000
vt 0.00000000 0.00000000
vt 0.00000000 0.00000000
vt 0.00000000 0.00000000
vt 0.00000000 0.00000000
vt 0.00000000 0.00000000
vt 0.00000000 0.00000000
vt 0.00000000 0.00000000
vt 0.00000000 0.00000000
vt 0.00000000 0.00000000
vt 0.00000000 0.00000000
vt 0.00000000 0.00000000
vt 0.00000000 0.00000000
vt 0.00000000 0.00000000
vt 0.00000000 0.00000000
vt 0.00000000 0.00000000
vt 0.00000000 0.00000000
vt 0.00000000 0.00000000
vt 0.00000000 0.00000000
vt 0.00000000 0.00000000
vt 0.00000000 0.00000000
vt 0.00000000 0.00000000
vt 0.00000000 0.00000000
vt 0.00000000 0.00000000
vt 0.00000000 0.00000000
vt 0.00000000 0.00000000
vt 0.00000000 0.00000000
vt 0.00000000 0.00000000
vt 0.00000000 0.00000000
vt 0.00000000 0.00000000
vt 0.00000000 0.00000000
vt 0.00000000 0.00000000
vt 0.00000000 0.00000000
vt 0.00000000 0.00000000
vt 0.00000000 0.00000000
vt 0.00000000 0.00000000
vt 0.00000000 0.00000000
vt 0.00000000 0.00000000
vt 0.00000000 0.00000000
vt 0.00000000 0.00000000
vt 0.00000000 0.00000000
vt 0.00000000 0.00000000
vt 0.00000000 0.00000000
vt 0.00000000 0.00000000
vt 0.00000000 0.00000000
vt 0.00000000 0.00000000
vt 0.00000000 0.00000000
vt 0.00000000 0.00000000
vt 0.00000000 0.00000000
vt 0.00000000 0.00000000
vt 0.00000000 0.00000000
vt 0.00000000 0.00000000
vt 0.00000000 0.00000000
vt 0.00000000 0.00000000
vt 0.00000000 0.00000000
vt 0.00000000 0.00000000
vt 0.00000000 0.00000000
vt 0.00000000 0.00000000
vt 0.00000000 0.00000000
vt 0.00000000 0.00000000
vt 0.00000000 0.00000000
vt 0.00000000 0.00000000
vt 0.00000000 0.00000000
vt 0.00000000 0.00000000
vt 0.00000000 0.00000000
vt 0.00000000 0.00000000
vt 0.00000000 0.00000000
vt 0.00000000 0.00000000
vt 0.00000000 0.00000000
vt 0.00000000 0.00000000
vt 0.00000000 0.00000000
vt 0.00000000 0.00000000
vt 0.00000000 0.00000000
vt 0.00000000 0.00000000
vt 0.00000000 0.00000000
vt 0.00000000 0.00000000
vt 0.00000000 0.00000000
vt 0.00000000 0.00000000
vt 0.00000000 0.00000000
vt 0.00000000 0.00000000
vt 0.00000000 0.00000000
vt 0.00000000 0.00000000
vt 0.00000000 0.00000000
vt 0.00000000 0.00000000
vt 0.00000000 0.00000000
vt 0.00000000 0.00000000
vt 0.00000000 0.00000000
vt 0.00000000 0.00000000
vt 0.00000000 0.00000000
vt 0.00000000 0.00000000
vt 0.00000000 0.00000000
vt 0.00000000 0.00000000
vt 0.00000000 0.00000000
vt 0.00000000 0.00000000
vt 0.00000000 0.00000000
vt 0.00000000 0.00000000
vt 0.00000000 0.00000000
vt 0.00000000 0.00000000
vt 0.00000000 0.00000000
vt 0.00000000 0.00000000
vt 0.00000000 0.00000000
vt 0.00000000 0.00000000
vt 0.00000000 0.00000000
vt 0.00000000 0.00000000
vt 0.00000000 0.00000000
vt 0.00000000 0.00000000
vt 0.00000000 0.00000000
vt 0.00000000 0.00000000
vt 0.00000000 0.00000000
vt 0.00000000 0.00000000
vt 0.00000000 0.00000000
vt 0.00000000 0.00000000
vt 0.00000000 0.00000000
vt 0.00000000 0.00000000
vt 0.00000000 0.00000000
vt 0.00000000 0.00000000
vt 0.00000000 0.00000000
vt 0.00000000 0.00000000
vt 0.00000000 0.00000000
vt 0.00000000 0.00000000
vt 0.00000000 0.00000000
vt 0.00000000 0.00000000
vt 0.00000000 0.00000000
vt 0.00000000 0.00000000
vt 0.00000000 0.00000000
vt 0.00000000 0.00000000
vt 0.00000000 0.00000000
vt 0.00000000 0.00000000
vt 0.00000000 0.00000000
vt 0.00000000 0.00000000
vt 0.00000000 0.00000000
vt 0.00000000 0.00000000
vt 0.00000000 0.00000000
vt 0.00000000 0.00000000
vt 0.00000000 0.00000000
vt 0.00000000 0.00000000
vt 0.00000000 0.00000000
vt 0.00000000 0.00000000
vt 0.00000000 0.00000000
vt 0.00000000 0.00000000
vt 0.00000000 0.00000000
vt 0.00000000 0.00000000
vt 0.00000000 0.00000000
vt 0.00000000 0.00000000
vt 0.00000000 0.00000000
vt 0.00000000 0.00000000
vt 0.00000000 0.00000000
vt 0.00000000 0.00000000
vt 0.00000000 0.00000000
vt 0.00000000 0.00000000
vt 0.00000000 0.00000000
vt 0.00000000 0.00000000
vt 0.00000000 0.00000000
vt 0.00000000 0.00000000
vt 0.00000000 0.00000000
vt 0.00000000 0.00000000
vt 0.00000000 0.00000000
vt 0.00000000 0.00000000
vt 0.00000000 0.00000000
vt 0.00000000 0.00000000
vt 0.00000000 0.00000000
vt 0.00000000 0.00000000
vt 0.00000000 0.00000000
vt 0.00000000 0.00000000
vt 0.00000000 0.00000000
vt 0.00000000 0.00000000
vt 0.00000000 0.00000000
vt 0.00000000 0.00000000
vt 0.00000000 0.00000000
vt 0.00000000 0.00000000
vt 0.00000000 0.00000000
vt 0.00000000 0.00000000
vt 0.00000000 0.00000000
vt 0.00000000 0.00000000
vt 0.00000000 0.00000000
vt 0.00000000 0.00000000
vt 0.00000000 0.00000000
vt 0.00000000 0.00000000
vt 0.00000000 0.00000000
vt 0.00000000 0.00000000
vt 0.00000000 0.00000000
vt 0.00000000 0.00000000
vt 0.00000000 0.00000000
vt 0.00000000 0.00000000
vt 0.00000000 0.00000000
vt 0.00000000 0.00000000
vt 0.00000000 0.00000000
vt 0.00000000 0.00000000
vt 0.00000000 0.00000000
vt 0.00000000 0.00000000
vt 0.00000000 0.00000000
vt 0.00000000 0.00000000
vt 0.00000000 0.00000000
vt 0.00000000 0.00000000
vt 0.00000000 0.00000000
vt 0.00000000 0.00000000
vt 0.00000000 0.00000000
vt 0.00000000 0.00000000
vt 0.00000000 0.00000000
vt 0.00000000 0.00000000
vt 0.00000000 0.00000000
vt 0.00000000 0.00000000
vt 0.00000000 0.00000000
vt 0.00000000 0.00000000
vt 0.00000000 0.00000000
vt 0.00000000 0.00000000
vt 0.00000000 0.00000000
vt 0.00000000 0.00000000
vt 0.00000000 0.00000000
vt 0.00000000 0.00000000
vt 0.00000000 0.00000000
vt 0.00000000 0.00000000
vt 0.00000000 0.00000000
vt 0.00000000 0.00000000
vt 0.00000000 0.00000000
vt 0.00000000 0.00000000
vt 0.00000000 0.00000000
vt 0.00000000 0.00000000
vt 0.00000000 0.00000000
vt 0.00000000 0.00000000
vt 0.00000000 0.00000000
vt 0.00000000 0.00000000
vt 0.00000000 0.00000000
vt 0.00000000 0.00000000
vt 0.00000000 0.00000000
vt 0.00000000 0.00000000
vt 0.00000000 0.00000000
vt 0.00000000 0.00000000
vt 0.00000000 0.00000000
vt 0.00000000 0.00000000
vt 0.00000000 0.00000000
vt 0.00000000 0.00000000
vt 0.00000000 0.00000000
vt 0.00000000 0.00000000
vt 0.00000000 0.00000000
vt 0.00000000 0.00000000
vt 0.00000000 0.00000000
vt 0.00000000 0.00000000
vt 0.00000000 0.00000000
vt 0.00000000 0.00000000
vt 0.00000000 0.00000000
vt 0.00000000 0.00000000
vt 0.00000000 0.00000000
vt 0.00000000 0.00000000
vt 0.00000000 0.00000000
vt 0.00000000 0.00000000
vt 0.00000000 0.00000000
vt 0.00000000 0.00000000
vt 0.00000000 0.00000000
vt 0.00000000 0.00000000
vt 0.00000000 0.00000000
vt 0.00000000 0.00000000
vt 0.00000000 0.00000000
vt 0.00000000 0.00000000
vt 0.00000000 0.00000000
vt 0.00000000 0.00000000
vt 0.00000000 0.00000000
vt 0.00000000 0.00000000
vt 0.00000000 0.00000000
vt 0.00000000 0.00000000
vt 0.00000000 0.00000000
vt 0.00000000 0.00000000
vt 0.00000000 0.00000000
vt 0.00000000 0.00000000
vt 0.00000000 0.00000000
vt 0.00000000 0.00000000
vt 0.00000000 0.00000000
vt 0.00000000 0.00000000
vt 0.00000000 0.00000000
vt 0.00000000 0.00000000
vt 0.00000000 0.00000000
vt 0.00000000 0.00000000
vt 0.00000000 0.00000000
vt 0.00000000 0.00000000
vt 0.00000000 0.00000000
vt 0.00000000 0.00000000
vt 0.00000000 0.00000000
vt 0.00000000 0.00000000
vt 0.00000000 0.00000000
vt 0.00000000 0.00000000
vt 0.00000000 0.00000000
vt 0.00000000 0.00000000
vt 0.00000000 0.00000000
vt 0.00000000 0.00000000
vt 0.00000000 0.00000000
vt 0.00000000 0.00000000
vt 0.00000000 0.00000000
vt 0.00000000 0.00000000
vt 0.00000000 0.00000000
vt 0.00000000 0.00000000
vt 0.00000000 0.00000000
vt 0.00000000 0.00000000
vt 0.00000000 0.00000000
vt 0.00000000 0.00000000
vt 0.00000000 0.00000000
vt 0.00000000 0.00000000
vt 0.00000000 0.00000000
vt 0.00000000 0.00000000
vt 0.00000000 0.00000000
vt 0.00000000 0.00000000
vt 0.00000000 0.00000000
vt 0.00000000 0.00000000
vt 0.00000000 0.00000000
vt 0.00000000 0.00000000
vt 0.00000000 0.00000000
vt 0.00000000 0.00000000
vt 0.00000000 0.00000000
vt 0.00000000 0.00000000
vt 0.00000000 0.00000000
vt 0.00000000 0.00000000
vt 0.00000000 0.00000000
vt 0.00000000 0.00000000
vt 0.00000000 0.00000000
vt 0.00000000 0.00000000
vt 0.00000000 0.00000000
vt 0.00000000 0.00000000
vt 0.00000000 0.00000000
vt 0.00000000 0.00000000
vt 0.00000000 0.00000000
vt 0.00000000 0.00000000
vt 0.00000000 0.00000000
vt 0.00000000 0.00000000
vt 0.00000000 0.00000000
vt 0.00000000 0.00000000
vt 0.00000000 0.00000000
vt 0.00000000 0.00000000
vt 0.00000000 0.00000000
vt 0.00000000 0.00000000
vt 0.00000000 0.00000000
vt 0.00000000 0.00000000
vt 0.00000000 0.00000000
vt 0.00000000 0.00000000
vt 0.00000000 0.00000000
vt 0.00000000 0.00000000
vt 0.00000000 0.00000000
vt 0.00000000 0.00000000
vt 0.00000000 0.00000000
vt 0.00000000 0.00000000
vt 0.00000000 0.00000000
vt 0.00000000 0.00000000
vt 0.00000000 0.00000000
vt 0.00000000 0.00000000
vt 0.00000000 0.00000000
vt 0.00000000 0.00000000
vt 0.00000000 0.00000000
vt 0.00000000 0.00000000
vt 0.00000000 0.00000000
vt 0.00000000 0.00000000
vt 0.00000000 0.00000000
vt 0.00000000 0.00000000
vt 0.00000000 0.00000000
vt 0.00000000 0.00000000
vt 0.00000000 0.00000000
vt 0.00000000 0.00000000
vt 0.00000000 0.00000000
vt 0.00000000 0.00000000
vt 0.00000000 0.00000000
vt 0.00000000 0.00000000
vt 0.00000000 0.00000000
vt 0.00000000 0.00000000
vt 0.00000000 0.00000000
vt 0.00000000 0.00000000
vt 0.00000000 0.00000000
vt 0.00000000 0.00000000
vt 0.00000000 0.00000000
vt 0.00000000 0.00000000
vt 0.00000000 0.00000000
vt 0.00000000 0.00000000
vt 0.00000000 0.00000000
vt 0.00000000 0.00000000
vt 0.00000000 0.00000000
vt 0.00000000 0.00000000
vt 0.00000000 0.00000000
vt 0.00000000 0.00000000
vt 0.00000000 0.00000000
vt 0.00000000 0.00000000
vt 0.00000000 0.00000000
vt 0.00000000 0.00000000
vt 0.00000000 0.00000000
vt 0.00000000 0.00000000
vt 0.00000000 0.00000000
vt 0.00000000 0.00000000
vt 0.00000000 0.00000000
vt 0.00000000 0.00000000
vt 0.00000000 0.00000000
vt 0.00000000 0.00000000
vt 0.00000000 0.00000000
vt 0.00000000 0.00000000
vt 0.00000000 0.00000000
vt 0.00000000 0.00000000
vt 0.00000000 0.00000000
vt 0.00000000 0.00000000
vt 0.00000000 0.00000000
vt 0.00000000 0.00000000
vt 0.00000000 0.00000000
vt 0.00000000 0.00000000
vt 0.00000000 0.00000000
vt 0.00000000 0.00000000
vt 0.00000000 0.00000000
vt 0.00000000 0.00000000
vt 0.00000000 0.00000000
vt 0.00000000 0.00000000
vt 0.00000000 0.00000000
vt 0.00000000 0.00000000
vt 0.00000000 0.00000000
vt 0.00000000 0.00000000
vt 0.00000000 0.00000000
vt 0.00000000 0.00000000
vt 0.00000000 0.00000000
vt 0.00000000 0.00000000
vt 0.00000000 0.00000000
vt 0.00000000 0.00000000
vt 0.00000000 0.00000000
vt 0.00000000 0.00000000
vt 0.00000000 0.00000000
vt 0.00000000 0.00000000
vt 0.00000000 0.00000000
vt 0.00000000 0.00000000
vt 0.00000000 0.00000000
vt 0.00000000 0.00000000
vt 0.00000000 0.00000000
vt 0.00000000 0.00000000
vt 0.00000000 0.00000000
vt 0.00000000 0.00000000
vt 0.00000000 0.00000000
vt 0.00000000 0.00000000
vt 0.00000000 0.00000000
vt 0.00000000 0.00000000
vt 0.00000000 0.00000000
vt 0.00000000 0.00000000
vt 0.00000000 0.00000000
vt 0.00000000 0.00000000
vt 0.00000000 0.00000000
vt 0.00000000 0.00000000
vt 0.00000000 0.00000000
vt 0.00000000 0.00000000
vt 0.00000000 0.00000000
vt 0.00000000 0.00000000
vt 0.00000000 0.00000000
vt 0.00000000 0.00000000
vt 0.00000000 0.00000000
vt 0.00000000 0.00000000
vt 0.00000000 0.00000000
vt 0.00000000 0.00000000
vt 0.00000000 0.00000000
vt 0.00000000 0.00000000
vt 0.00000000 0.00000000
vt 0.00000000 0.00000000
vt 0.00000000 0.00000000
vt 0.00000000 0.00000000
vt 0.00000000 0.00000000
vt 0.00000000 0.00000000
vt 0.00000000 0.00000000
vt 0.00000000 0.00000000
vt 0.00000000 0.00000000
vt 0.00000000 0.00000000
vt 0.00000000 0.00000000
vt 0.00000000 0.00000000
vt 0.00000000 0.00000000
vt 0.00000000 0.00000000
vt 0.00000000 0.00000000
vt 0.00000000 0.00000000
vt 0.00000000 0.00000000
vt 0.00000000 0.00000000
vt 0.00000000 0.00000000
vt 0.00000000 0.00000000
vt 0.00000000 0.00000000
vt 0.00000000 0.00000000
vt 0.00000000 0.00000000
vt 0.00000000 0.00000000
vt 0.00000000 0.00000000
vt 0.00000000 0.00000000
vt 0.00000000 0.00000000
vt 0.00000000 0.00000000
vt 0.00000000 0.00000000
vt 0.00000000 0.00000000
vt 0.00000000 0.00000000
vt 0.00000000 0.00000000
vt 0.00000000 0.00000000
vt 0.00000000 0.00000000
vt 0.00000000 0.00000000
vt 0.00000000 0.00000000
vt 0.00000000 0.00000000
vt 0.00000000 0.00000000
vt 0.00000000 0.00000000
vt 0.00000000 0.00000000
vt 0.00000000 0.00000000
vt 0.00000000 0.00000000
vt 0.00000000 0.00000000
vt 0.00000000 0.00000000
vt 0.00000000 0.00000000
vt 0.00000000 0.00000000
vt 0.00000000 0.00000000
vt 0.00000000 0.00000000
vt 0.00000000 0.00000000
vt 0.00000000 0.00000000
vt 0.00000000 0.00000000
vt 0.00000000 0.00000000
vt 0.00000000 0.00000000
vt 0.00000000 0.00000000
vt 0.00000000 0.00000000
vt 0.00000000 0.00000000
vt 0.00000000 0.00000000
vt 0.00000000 0.00000000
vt 0.00000000 0.00000000
vt 0.00000000 0.00000000
vt 0.00000000 0.00000000
vt 0.00000000 0.00000000
vt 0.00000000 0.00000000
vt 0.00000000 0.00000000
vt 0.00000000 0.00000000
vt 0.00000000 0.00000000
vt 0.00000000 0.00000000
vt 0.00000000 0.00000000
vt 0.00000000 0.00000000
vt 0.00000000 0.00000000
vt 0.00000000 0.00000000
vt 0.00000000 0.00000000
vt 0.00000000 0.00000000
vt 0.00000000 0.00000000
vt 0.00000000 0.00000000
vt 0.00000000 0.00000000
vt 0.00000000 0.00000000
vt 0.00000000 0.00000000
vt 0.00000000 0.00000000
vt 0.00000000 0.00000000
vt 0.00000000 0.00000000
vt 0.00000000 0.00000000
vt 0.00000000 0.00000000
vt 0.00000000 0.00000000
vt 0.00000000 0.00000000
vt 0.00000000 0.00000000
vt 0.00000000 0.00000000
vt 0.00000000 0.00000000
vt 0.00000000 0.00000000
vt 0.00000000 0.00000000
vt 0.00000000 0.00000000
vt 0.00000000 0.00000000
vt 0.00000000 0.00000000
vt 0.00000000 0.00000000
vt 0.00000000 0.00000000
vt 0.00000000 0.00000000
vt 0.00000000 0.00000000
vt 0.00000000 0.00000000
vt 0.00000000 0.00000000
vt 0.00000000 0.00000000
vt 0.00000000 0.00000000
vt 0.00000000 0.00000000
vt 0.00000000 0.00000000
vt 0.00000000 0.00000000
vt 0.00000000 0.00000000
vt 0.00000000 0.00000000
vt 0.00000000 0.00000000
vt 0.00000000 0.00000000
vt 0.00000000 0.00000000
vt 0.00000000 0.00000000
vt 0.00000000 0.00000000
vt 0.00000000 0.00000000
vt 0.00000000 0.00000000
vt 0.00000000 0.00000000
vt 0.00000000 0.00000000
vt 0.00000000 0.00000000
vt 0.00000000 0.00000000
vt 0.00000000 0.00000000
vt 0.00000000 0.00000000
vt 0.00000000 0.00000000
vt 0.00000000 0.00000000
vt 0.00000000 0.00000000
vt 0.00000000 0.00000000
vt 0.00000000 0.00000000
vt 0.00000000 0.00000000
vt 0.00000000 0.00000000
vt 0.00000000 0.00000000
vt 0.00000000 0.00000000
vt 0.00000000 0.00000000
vt 0.00000000 0.00000000
vt 0.00000000 0.00000000
vt 0.00000000 0.00000000
vt 0.00000000 0.00000000
vt 0.00000000 0.00000000
vt 0.00000000 0.00000000
vt 0.00000000 0.00000000
vt 0.00000000 0.00000000
vt 0.00000000 0.00000000
vt 0.00000000 0.00000000
vt 0.00000000 0.00000000
vt 0.00000000 0.00000000
vt 0.00000000 0.00000000
vt 0.00000000 0.00000000
vt 0.00000000 0.00000000
vt 0.00000000 0.00000000
vt 0.00000000 0.00000000
vt 0.00000000 0.00000000
vt 0.00000000 0.00000000
vt 0.00000000 0.00000000
vt 0.00000000 0.00000000
vt 0.00000000 0.00000000
vt 0.00000000 0.00000000
vt 0.00000000 0.00000000
vt 0.00000000 0.00000000
vt 0.00000000 0.00000000
vt 0.00000000 0.00000000
vt 0.00000000 0.00000000
vt 0.00000000 0.00000000
vt 0.00000000 0.00000000
vt 0.00000000 0.00000000
f 1/1 3/3 2/2
f 1/1 4/4 3/3
f 5/5 2/2 6/6
f 5/5 1/1 2/2
f 7/7 6/6 8/8
f 7/7 5/5 6/6
f 9/9 7/7 8/8
f 10/10 7/7 9/9
f 11/11 9/9 12/12
f 11/11 10/10 9/9
f 13/13 12/12 14/14
f 13/13 11/11 12/12
f 15/15 14/14 16/16
f 15/15 13/13 14/14
f 17/17 15/15 16/16
f 18/18 15/15 17/17
f 19/19 18/18 17/17
f 20/20 18/18 19/19
f 21/21 20/20 19/19
f 22/22 20/20 21/21
f 23/23 22/22 21/21
f 24/24 22/22 23/23
f 25/25 24/24 23/23
f 26/26 24/24 25/25
f 27/27 26/26 25/25
f 28/28 26/26 27/27
f 29/29 28/28 27/27
f 30/30 28/28 29/29
f 31/31 30/30 29/29
f 32/32 30/30 31/31
f 3/3 32/32 31/31
f 4/4 32/32 3/3
f 19/19 16/16 21/21
f 17/17 16/16 19/19
f 14/14 9/9 16/16
f 12/12 9/9 14/14
f 23/23 9/9 25/25
f 21/21 9/9 23/23
f 16/16 9/9 21/21
f 29/29 3/3 31/31
f 27/27 8/8 29/29
f 25/25 8/8 27/27
f 9/9 8/8 25/25
f 29/29 8/8 3/3
f 3/3 6/6 2/2
f 8/8 6/6 3/3
f 33/33 35/35 34/34
f 34/34 35/35 36/36
f 36/36 35/35 37/37
f 36/36 37/37 38/38
f 38/38 37/37 39/39
f 38/38 39/39 40/40
f 40/40 39/39 41/41
f 40/40 41/41 42/42
f 42/42 41/41 43/43
f 42/42 43/43 44/44
f 44/44 43/43 45/45
f 44/44 45/45 46/46
f 46/46 45/45 47/47
f 46/46 47/47 48/48
f 48/48 47/47 49/49
f 48/48 49/49 50/50
f 50/50 49/49 51/51
f 50/50 51/51 52/52
f 52/52 51/51 53/53
f 52/52 53/53 54/54
f 54/54 53/53 55/55
f 54/54 55/55 56/56
f 57/57 59/59 58/58
f 58/58 59/59 60/60
f 60/60 59/59 61/61
f 60/60 61/61 62/62
f 62/62 61/61 63/63
f 62/62 63/63 64/64
f 64/64 63/63 65/65
f 64/64 65/65 66/66
f 66/66 65/65 67/67
f 66/66 67/67 68/68
f 68/68 67/67 69/69
f 68/68 69/69 70/70
f 70/70 69/69 71/71
f 70/70 71/71 72/72
f 72/72 71/71 73/73
f 72/72 73/73 74/74
f 74/74 73/73 75/75
f 74/74 75/75 76/76
f 76/76 75/75 77/77
f 76/76 77/77 78/78
f 78/78 77/77 79/79
f 78/78 79/79 80/80
f 35/35 58/58 37/37
f 58/58 35/35 57/57
f 37/37 60/60 39/39
f 60/60 37/37 58/58
f 39/39 62/62 41/41
f 62/62 39/39 60/60
f 41/41 64/64 43/43
f 64/64 41/41 62/62
f 43/43 66/66 45/45
f 66/66 43/43 64/64
f 45/45 68/68 47/47
f 68/68 45/45 66/66
f 47/47 70/70 49/49
f 70/70 47/47 68/68
f 49/49 72/72 51/51
f 72/72 49/49 70/70
f 51/51 74/74 53/53
f 74/74 51/51 72/72
f 53/53 76/76 55/55
f 76/76 53/53 74/74
f 55/55 78/78 56/56
f 78/78 55/55 76/76
f 56/56 80/80 54/54
f 80/80 56/56 78/78
f 54/54 79/79 52/52
f 79/79 54/54 80/80
f 52/52 77/77 50/50
f 77/77 52/52 79/79
f 50/50 75/75 48/48
f 75/75 50/50 77/77
f 48/48 73/73 46/46
f 73/73 48/48 75/75
f 46/46 71/71 44/44
f 71/71 46/46 73/73
f 44/44 69/69 42/42
f 69/69 44/44 71/71
f 42/42 67/67 40/40
f 67/67 42/42 69/69
f 40/40 65/65 38/38
f 65/65 40/40 67/67
f 38/38 63/63 36/36
f 63/63 38/38 65/65
f 36/36 61/61 34/34
f 61/61 36/36 63/63
f 34/34 59/59 33/33
f 59/59 34/34 61/61
f 33/33 57/57 35/35
f 57/57 33/33 59/59
f 81/81 83/83 82/82
f 82/82 83/83 84/84
f 83/83 85/85 84/84
f 86/86 88/88 87/87
f 88/88 89/89 87/87
f 87/87 89/89 90/90
f 89/89 91/91 90/90
f 92/92 94/94 93/93
f 94/94 95/95 93/93
f 95/95 96/96 93/93
f 93/93 96/96 97/97
f 98/98 100/100 99/99
f 99/99 102/102 101/101
f 100/100 102/102 99/99
f 102/102 103/103 101/101
f 102/102 104/104 103/103
f 103/103 106/106 105/105
f 104/104 106/106 103/103
f 105/105 106/106 107/107
f 107/107 109/109 108/108
f 106/106 109/109 107/107
f 108/108 109/109 110/110
f 110/110 112/112 111/111
f 109/109 112/112 110/110
f 113/113 115/115 114/114
f 114/114 115/115 116/116
f 116/116 115/115 117/117
f 115/115 118/118 117/117
f 118/118 120/120 119/119
f 119/119 120/120 121/121
f 121/121 123/123 122/122
f 120/120 123/123 121/121
f 122/122 123/123 124/124
f 124/124 126/126 125/125
f 123/123 126/126 124/124
f 127/127 129/129 128/128
f 128/128 129/129 130/130
f 130/130 129/129 131/131
f 129/129 132/132 131/131
f 132/132 134/134 133/133
f 134/134 135/135 133/133
f 134/134 136/136 135/135
f 135/135 138/138 137/137
f 136/136 138/138 135/135
f 137/137 138/138 139/139
f 139/139 141/141 140/140
f 138/138 141/141 139/139
f 142/142 144/144 143/143
f 143/143 144/144 145/145
f 145/145 144/144 146/146
f 144/144 147/147 146/146
f 147/147 149/149 148/148
f 148/148 149/149 150/150
f 149/149 151/151 150/150
f 151/151 153/153 152/152
f 152/152 153/153 154/154
f 155/155 157/157 156/156
f 157/157 158/158 156/156
f 156/156 158/158 159/159
f 140/140 143/143 139/139
f 139/139 145/145 137/137
f 143/143 145/145 139/139
f 137/137 146/146 135/135
f 145/145 146/146 137/137
f 146/146 147/147 135/135
f 135/135 148/148 133/133
f 147/147 148/148 135/135
f 132/132 150/150 131/131
f 133/133 150/150 132/132
f 148/148 150/150 133/133
f 150/150 151/151 131/131
f 130/130 152/152 128/128
f 131/131 152/152 130/130
f 151/151 152/152 131/131
f 152/152 154/154 128/128
f 98/98 99/99 125/125
f 125/125 99/99 124/124
f 124/124 101/101 122/122
f 99/99 101/101 124/124
f 121/121 103/103 119/119
f 122/122 103/103 121/121
f 101/101 103/103 122/122
f 103/103 105/105 119/119
f 118/118 107/107 117/117
f 119/119 107/107 118/118
f 105/105 107/107 119/119
f 117/117 108/108 116/116
f 107/107 108/108 117/117
f 116/116 110/110 114/114
f 108/108 110/110 116/116
f 110/110 111/111 114/114
f 160/160 162/162 161/161
f 162/162 163/163 161/161
f 164/164 166/166 165/165
f 167/167 166/166 164/164
f 165/165 169/169 168/168
f 166/166 169/169 165/165
f 168/168 169/169 170/170
f 169/169 171/171 170/170
f 170/170 173/173 172/172
f 171/171 173/173 170/170
f 174/174 176/176 175/175
f 175/175 176/176 177/177
f 177/177 179/179 178/178
f 176/176 179/179 177/177
f 178/178 181/181 180/180
f 179/179 181/181 178/178
f 181/181 182/182 180/180
f 180/180 182/182 183/183
f 184/184 186/186 185/185
f 185/185 186/186 187/187
f 186/186 188/188 187/187
f 187/187 188/188 189/189
f 188/188 190/190 189/189
f 189/189 190/190 191/191
f 190/190 192/192 191/191
f 193/193 195/195 194/194
f 194/194 195/195 196/196
f 196/196 198/198 197/197
f 195/195 198/198 196/196
f 197/197 200/200 199/199
f 198/198 200/200 197/197
f 199/199 200/200 201/201
f 200/200 202/202 201/201
f 203/203 205/205 204/204
f 204/204 205/205 206/206
f 205/205 207/207 206/206
f 206/206 207/207 208/208
f 207/207 209/209 208/208
f 208/208 209/209 210/210
f 209/209 211/211 210/210
f 212/212 214/214 213/213
f 213/213 214/214 215/215
f 214/214 216/216 215/215
f 215/215 216/216 217/217
f 216/216 218/218 217/217
f 218/218 219/219 217/217
f 217/217 219/219 220/220
f 221/221 223/223 222/222
f 222/222 225/225 224/224
f 223/223 225/225 222/222
f 225/225 226/226 224/224
f 224/224 226/226 227/227
f 226/226 228/228 227/227
f 229/229 231/231 230/230
f 230/230 231/231 232/232
f 231/231 233/233 232/232
f 232/232 233/233 234/234
f 234/234 236/236 235/235
f 233/233 236/236 234/234
f 235/235 238/238 237/237
f 236/236 238/238 235/235
f 239/239 241/241 240/240
f 240/240 241/241 242/242
f 241/241 243/243 242/242
f 242/242 243/243 244/244
f 243/243 245/245 244/244
f 244/244 245/245 246/246
f 245/245 247/247 246/246
f 248/248 250/250 249/249
f 249/249 250/250 251/251
f 250/250 252/252 251/251
f 251/251 252/252 253/253
f 252/252 254/254 253/253
f 253/253 254/254 255/255
f 254/254 256/256 255/255
f 257/257 259/259 258/258
f 258/258 259/259 260/260
f 259/259 261/261 260/260
f 260/260 261/261 262/262
f 261/261 263/263 262/262
f 263/263 264/264 262/262
f 262/262 264/264 265/265
f 266/266 268/268 267/267
f 267/267 268/268 269/269
f 268/268 270/270 269/269
f 269/269 270/270 271/271
f 271/271 273/273 272/272
f 270/270 273/273 271/271
f 273/273 274/274 272/272
f 272/272 274/274 275/275
f 276/276 278/278 277/277
f 279/279 278/278 276/276
f 277/277 281/281 280/280
f 278/278 281/281 277/277
f 281/281 282/282 280/280
f 280/280 282/282 283/283
f 284/284 286/286 285/285
f 285/285 287/287 284/284
f 286/286 96/96 285/285
f 96/96 95/95 285/285
f 96/96 289/289 288/288
f 286/286 289/289 96/96
f 288/288 289/289 94/94
f 285/285 290/290 287/287
f 290/290 291/291 287/287
f 289/289 292/292 94/94
f 290/290 293/293 291/291
f 290/290 294/294 293/293
f 85/85 83/83 294/294
f 290/290 85/85 294/294
f 290/290 295/295 85/85
f 83/83 91/91 89/89
f 295/295 91/91 83/83
f 295/295 296/296 91/91
f 290/290 296/296 295/295
f 89/89 294/294 83/83
f 297/297 299/299 298/298
f 298/298 299/299 300/300
f 297/297 301/301 299/299
f 302/302 304/304 303/303
f 303/303 304/304 301/301
f 301/301 304/304 299/299
f 302/302 305/305 304/304
f 304/304 126/126 299/299
f 299/299 126/126 123/123
f 304/304 306/306 126/126
f 115/115 113/113 307/307
f 308/308 309/309 113/113
f 113/113 309/309 307/307
f 300/300 311/311 310/310
f 307/307 299/299 120/120
f 307/307 120/120 118/118
f 307/307 118/118 115/115
f 120/120 299/299 123/123
f 304/304 309/309 312/312
f 304/304 312/312 313/313
f 304/304 313/313 306/306
f 312/312 309/309 314/314
f 314/314 309/309 308/308
f 315/315 305/305 316/316
f 317/317 153/153 151/151
f 317/317 318/318 153/153
f 318/318 319/319 153/153
f 142/142 320/320 144/144
f 320/320 158/158 321/321
f 158/158 157/157 321/321
f 320/320 322/322 158/158
f 322/322 323/323 157/157
f 142/142 323/323 320/320
f 320/320 323/323 322/322
f 324/324 323/323 142/142
f 325/325 327/327 326/326
f 318/318 323/323 328/328
f 318/318 328/328 319/319
f 328/328 323/323 329/329
f 329/329 323/323 324/324
f 320/320 317/317 149/149
f 320/320 149/149 147/147
f 320/320 147/147 144/144
f 149/149 317/317 151/151
f 330/330 321/321 331/331
f 100/100 332/332 102/102
f 100/100 333/333 332/332
f 98/98 333/333 100/100
f 98/98 335/335 334/334
f 98/98 334/334 333/333
f 336/336 106/106 104/104
f 337/337 335/335 98/98
f 337/337 338/338 335/335
f 109/109 106/106 336/336
f 339/339 338/338 337/337
f 112/112 109/109 336/336
f 340/340 341/341 112/112
f 340/340 112/112 336/336
f 340/340 343/343 342/342
f 340/340 342/342 341/341
f 344/344 346/346 345/345
f 168/168 170/170 346/346
f 168/168 346/346 344/344
f 172/172 346/346 170/170
f 165/165 168/168 344/344
f 160/160 164/164 165/165
f 347/347 165/165 344/344
f 347/347 160/160 165/165
f 161/161 164/164 160/160
f 348/348 172/172 349/349
f 348/348 349/349 350/350
f 348/348 346/346 172/172
f 161/161 350/350 164/164
f 351/351 347/347 344/344
f 220/220 344/344 217/217
f 220/220 351/351 344/344
f 352/352 353/353 348/348
f 352/352 348/348 350/350
f 354/354 351/351 220/220
f 354/354 355/355 351/351
f 356/356 355/355 354/354
f 356/356 357/357 355/355
f 358/358 352/352 350/350
f 358/358 350/350 161/161
f 358/358 161/161 357/357
f 359/359 358/358 357/357
f 360/360 362/362 361/361
f 201/201 215/215 199/199
f 201/201 213/213 215/215
f 197/197 199/199 215/215
f 197/197 215/215 217/217
f 363/363 213/213 201/201
f 363/363 364/364 213/213
f 365/365 356/356 364/364
f 365/365 357/357 356/356
f 365/365 359/359 357/357
f 366/366 365/365 364/364
f 367/367 368/368 359/359
f 367/367 359/359 365/365
f 366/366 363/363 369/369
f 366/366 364/364 363/363
f 178/178 180/180 360/360
f 183/183 360/360 180/180
f 178/178 361/361 370/370
f 178/178 360/360 361/361
f 177/177 178/178 370/370
f 177/177 370/370 371/371
f 175/175 177/177 371/371
f 372/372 366/366 369/369
f 372/372 369/369 373/373
f 262/262 196/196 197/197
f 265/265 196/196 262/262
f 265/265 194/194 196/196
f 374/374 194/194 265/265
f 375/375 372/372 373/373
f 375/375 373/373 194/194
f 376/376 371/371 377/377
f 376/376 377/377 368/368
f 376/376 368/368 367/367
f 378/378 360/360 183/183
f 378/378 183/183 379/379
f 376/376 175/175 371/371
f 189/189 378/378 379/379
f 189/189 379/379 380/380
f 191/191 378/378 189/189
f 187/187 380/380 381/381
f 187/187 189/189 380/380
f 382/382 378/378 191/191
f 383/383 175/175 376/376
f 384/384 382/382 191/191
f 385/385 382/382 384/384
f 386/386 194/194 374/374
f 386/386 374/374 387/387
f 386/386 375/375 194/194
f 388/388 375/375 386/386
f 388/388 389/389 375/375
f 390/390 386/386 387/387
f 390/390 387/387 391/391
f 208/208 187/187 381/381
f 210/210 185/185 187/187
f 210/210 187/187 208/208
f 208/208 381/381 175/175
f 280/280 258/258 260/260
f 280/280 260/260 262/262
f 283/283 258/258 280/280
f 208/208 175/175 383/383
f 283/283 392/392 258/258
f 210/210 385/385 393/393
f 210/210 393/393 185/185
f 206/206 208/208 383/383
f 394/394 392/392 283/283
f 395/395 385/385 210/210
f 206/206 383/383 396/396
f 395/395 382/382 385/385
f 204/204 206/206 396/396
f 204/204 396/396 397/397
f 204/204 397/397 398/398
f 399/399 382/382 395/395
f 400/400 390/390 391/391
f 400/400 391/391 392/392
f 400/400 392/392 394/394
f 400/400 394/394 401/401
f 402/402 400/400 401/401
f 402/402 401/401 403/403
f 404/404 389/389 388/388
f 404/404 405/405 389/389
f 406/406 402/402 403/403
f 407/407 405/405 404/404
f 407/407 398/398 405/405
f 227/227 408/408 276/276
f 227/227 403/403 408/408
f 224/224 227/227 276/276
f 409/409 406/406 403/403
f 409/409 403/403 227/227
f 410/410 224/224 276/276
f 410/410 276/276 277/277
f 410/410 277/277 280/280
f 411/411 410/410 412/412
f 235/235 222/222 224/224
f 235/235 224/224 410/410
f 234/234 235/235 410/410
f 237/237 222/222 235/235
f 234/234 410/410 411/411
f 237/237 221/221 222/222
f 232/232 234/234 411/411
f 413/413 221/221 237/237
f 230/230 232/232 411/411
f 414/414 409/409 415/415
f 414/414 406/406 409/409
f 414/414 416/416 406/406
f 417/417 414/414 415/415
f 418/418 416/416 414/414
f 417/417 221/221 413/413
f 417/417 415/415 221/221
f 419/419 416/416 418/418
f 419/419 420/420 416/416
f 421/421 417/417 413/413
f 422/422 413/413 423/423
f 422/422 423/423 424/424
f 422/422 424/424 230/230
f 422/422 230/230 411/411
f 422/422 421/421 413/413
f 425/425 420/420 419/419
f 425/425 426/426 420/420
f 427/427 426/426 425/425
f 428/428 430/430 429/429
f 244/244 427/427 430/430
f 244/244 430/430 428/428
f 246/246 427/427 244/244
f 246/246 426/426 427/427
f 242/242 244/244 428/428
f 240/240 242/242 428/428
f 271/271 431/431 426/426
f 271/271 272/272 431/431
f 272/272 432/432 431/431
f 275/275 398/398 407/407
f 275/275 432/432 272/272
f 275/275 407/407 432/432
f 275/275 204/204 398/398
f 275/275 433/433 204/204
f 271/271 246/246 434/434
f 271/271 426/426 246/246
f 269/269 271/271 434/434
f 435/435 433/433 275/275
f 435/435 399/399 433/433
f 253/253 434/434 436/436
f 253/253 269/269 434/434
f 255/255 269/269 253/253
f 255/255 267/267 269/269
f 253/253 436/436 437/437
f 438/438 267/267 255/255
f 438/438 439/439 267/267
f 251/251 253/253 437/437
f 438/438 440/440 439/439
f 441/441 440/440 438/438
f 442/442 240/240 428/428
f 442/442 251/251 437/437
f 442/442 437/437 240/240
f 442/442 443/443 249/249
f 442/442 249/249 251/251
f 444/444 441/441 443/443
f 444/444 440/440 441/441
f 444/444 443/443 442/442
f 444/444 382/382 399/399
f 444/444 399/399 440/440
f 440/440 399/399 435/435
f 344/344 410/410 280/280
f 344/344 280/280 262/262
f 344/344 262/262 197/197
f 344/344 197/197 217/217
f 445/445 447/447 446/446
f 171/171 169/169 447/447
f 447/447 169/169 446/446
f 447/447 173/173 171/171
f 169/169 166/166 446/446
f 167/167 162/162 166/166
f 166/166 448/448 446/446
f 162/162 448/448 166/166
f 447/447 449/449 173/173
f 173/173 449/449 450/450
f 448/448 451/451 446/446
f 452/452 163/163 167/167
f 167/167 163/163 162/162
f 450/450 453/453 452/452
f 449/449 453/453 450/450
f 452/452 453/453 163/163
f 451/451 219/219 446/446
f 219/219 218/218 446/446
f 454/454 219/219 451/451
f 218/218 216/216 446/446
f 455/455 456/456 449/449
f 449/449 456/456 453/453
f 219/219 458/458 457/457
f 454/454 458/458 219/219
f 459/459 458/458 454/454
f 459/459 460/460 458/458
f 458/458 461/461 457/457
f 457/457 461/461 462/462
f 461/461 290/290 462/462
f 462/462 290/290 463/463
f 463/463 290/290 212/212
f 464/464 331/331 459/459
f 459/459 331/331 460/460
f 455/455 465/465 456/456
f 464/464 330/330 331/331
f 466/466 317/317 467/467
f 468/468 470/470 469/469
f 214/214 200/200 216/216
f 468/468 471/471 470/470
f 200/200 198/198 216/216
f 212/212 202/202 214/214
f 214/214 202/202 200/200
f 470/470 472/472 469/469
f 290/290 202/202 212/212
f 290/290 473/473 202/202
f 182/182 181/181 468/468
f 468/468 181/181 471/471
f 181/181 179/179 471/471
f 179/179 176/176 471/471
f 474/474 318/318 475/475
f 475/475 318/318 466/466
f 466/466 318/318 317/317
f 195/195 263/263 198/198
f 264/264 263/263 195/195
f 176/176 326/326 471/471
f 174/174 326/326 176/176
f 263/263 261/261 198/198
f 193/193 264/264 195/195
f 193/193 476/476 264/264
f 174/174 477/477 326/326
f 478/478 479/479 193/193
f 193/193 479/479 476/476
f 468/468 480/480 182/182
f 182/182 480/480 481/481
f 480/480 190/190 481/481
f 481/481 190/190 482/482
f 190/190 188/188 482/482
f 480/480 192/192 190/190
f 174/174 483/483 477/477
f 188/188 186/186 482/482
f 482/482 186/186 174/174
f 480/480 484/484 192/192
f 480/480 485/485 484/484
f 484/484 485/485 486/486
f 174/174 209/209 483/483
f 186/186 209/209 174/174
f 483/483 209/209 487/487
f 257/257 282/282 259/259
f 282/282 281/281 259/259
f 259/259 281/281 261/261
f 209/209 207/207 487/487
f 186/186 211/211 209/209
f 184/184 211/211 186/186
f 487/487 207/207 488/488
f 257/257 489/489 282/282
f 184/184 490/490 211/211
f 207/207 205/205 488/488
f 486/486 490/490 184/184
f 485/485 490/490 486/486
f 485/485 491/491 490/490
f 492/492 285/285 257/257
f 489/489 285/285 493/493
f 257/257 285/285 489/489
f 285/285 494/494 493/493
f 493/493 494/494 495/495
f 495/495 494/494 279/279
f 494/494 496/496 279/279
f 488/488 498/498 497/497
f 203/203 498/498 205/205
f 491/491 498/498 203/203
f 205/205 498/498 488/488
f 491/491 499/499 498/498
f 496/496 228/228 279/279
f 228/228 226/226 279/279
f 500/500 228/228 496/496
f 310/310 228/228 500/500
f 310/310 501/501 228/228
f 225/225 502/502 226/226
f 226/226 502/502 279/279
f 279/279 502/502 278/278
f 278/278 502/502 281/281
f 310/310 311/311 501/501
f 223/223 236/236 225/225
f 225/225 236/236 502/502
f 502/502 233/233 503/503
f 236/236 233/233 502/502
f 223/223 238/238 236/236
f 501/501 238/238 223/223
f 501/501 504/504 238/238
f 233/233 231/231 503/503
f 231/231 229/229 503/503
f 307/307 506/506 505/505
f 501/501 507/507 504/504
f 504/504 507/507 508/508
f 307/307 509/509 506/506
f 309/309 509/509 307/307
f 229/229 510/510 503/503
f 507/507 510/510 508/508
f 511/511 510/510 507/507
f 508/508 510/510 229/229
f 512/512 513/513 511/511
f 511/511 513/513 510/510
f 309/309 514/514 509/509
f 499/499 516/516 515/515
f 515/515 516/516 517/517
f 518/518 520/520 519/519
f 521/521 523/523 522/522
f 521/521 524/524 523/523
f 525/525 524/524 521/521
f 316/316 245/245 525/525
f 245/245 243/243 525/525
f 526/526 247/247 316/316
f 316/316 247/247 245/245
f 525/525 243/243 524/524
f 527/527 247/247 526/526
f 243/243 241/241 524/524
f 527/527 528/528 247/247
f 520/520 274/274 519/519
f 274/274 273/273 519/519
f 519/519 273/273 529/529
f 241/241 239/239 524/524
f 273/273 270/270 529/529
f 529/529 270/270 527/527
f 520/520 530/530 274/274
f 270/270 268/268 527/527
f 527/527 268/268 528/528
f 520/520 531/531 530/530
f 516/516 531/531 520/520
f 268/268 254/254 528/528
f 528/528 254/254 532/532
f 266/266 256/256 268/268
f 268/268 256/256 254/254
f 254/254 252/252 532/532
f 532/532 252/252 533/533
f 534/534 256/256 266/266
f 252/252 250/250 533/533
f 534/534 535/535 256/256
f 239/239 536/536 524/524
f 248/248 536/536 250/250
f 250/250 536/536 533/533
f 533/533 536/536 239/239
f 531/531 537/537 534/534
f 535/535 537/537 538/538
f 534/534 537/537 535/535
f 538/538 536/536 248/248
f 537/537 536/536 538/538
f 485/485 537/537 491/491
f 491/491 537/537 531/531
f 491/491 531/531 499/499
f 499/499 531/531 516/516
f 502/502 446/446 281/281
f 281/281 446/446 261/261
f 261/261 446/446 198/198
f 198/198 446/446 216/216
f 525/525 315/315 316/316
f 309/309 521/521 522/522
f 309/309 522/522 514/514
f 511/511 307/307 512/512
f 512/512 307/307 505/505
f 311/311 507/507 501/501
f 290/290 285/285 478/478
f 290/290 478/478 473/473
f 478/478 285/285 479/479
f 479/479 285/285 492/492
f 453/453 330/330 163/163
f 163/163 330/330 464/464
f 317/317 456/456 465/465
f 317/317 465/465 467/467
f 470/470 318/318 472/472
f 472/472 318/318 474/474
f 327/327 471/471 326/326
f 539/539 541/541 540/540
f 542/542 541/541 539/539
f 543/543 545/545 544/544
f 546/546 545/545 543/543
f 519/519 548/548 547/547
f 547/547 549/549 519/519
f 519/519 550/550 518/518
f 549/549 550/550 519/519
f 519/519 551/551 548/548
f 549/549 552/552 550/550
f 550/550 554/554 553/553
f 552/552 554/554 550/550
f 554/554 555/555 553/553
f 555/555 556/556 553/553
f 553/553 557/557 517/517
f 517/517 557/557 515/515
f 558/558 557/557 556/556
f 556/556 557/557 553/553
f 497/497 559/559 488/488
f 560/560 562/562 561/561
f 563/563 561/561 562/562
f 97/97 560/560 561/561
f 97/97 561/561 93/93
f 564/564 560/560 97/97
f 564/564 97/97 92/92
f 565/565 561/561 563/563
f 566/566 565/565 563/563
f 567/567 564/564 92/92
f 568/568 565/565 566/566
f 82/82 84/84 568/568
f 569/569 565/565 568/568
f 569/569 568/568 84/84
f 90/90 81/81 82/82
f 87/87 90/90 82/82
f 570/570 81/81 90/90
f 570/570 569/569 81/81
f 570/570 565/565 569/569
f 568/568 87/87 82/82
f 132/132 129/129 571/571
f 134/134 132/132 571/571
f 127/127 571/571 129/129
f 136/136 134/134 571/571
f 572/572 571/571 127/127
f 572/572 127/127 573/573
f 572/572 573/573 574/574
f 575/575 572/572 574/574
f 156/156 138/138 136/136
f 159/159 138/138 156/156
f 156/156 136/136 571/571
f 159/159 141/141 138/138
f 155/155 141/141 159/159
f 155/155 576/576 141/141
f 577/577 579/579 578/578
f 580/580 578/578 579/579
f 581/581 579/579 577/577
f 582/582 580/580 579/579
f 583/583 582/582 579/579
f 584/584 583/583 579/579
f 585/585 586/586 584/584
f 585/585 584/584 579/579
f 587/587 565/565 588/588
f 589/589 565/565 587/587
f 571/571 565/565 589/589
f 571/571 590/590 565/565
f 590/590 591/591 565/565
f 571/571 592/592 590/590
f 591/591 593/593 565/565
f 571/571 594/594 592/592
f 571/571 572/572 594/594
f 572/572 595/595 594/594
f 572/572 585/585 595/595
f 596/596 585/585 572/572
f 597/597 585/585 596/596
f 598/598 585/585 597/597
f 595/595 585/585 599/599
f 600/600 602/602 601/601
f 601/601 602/602 603/603
f 603/603 604/604 601/601
f 601/601 604/604 593/593
f 585/585 605/605 599/599
f 600/600 606/606 602/602
f 604/604 561/561 593/593
f 607/607 561/561 604/604
f 593/593 561/561 565/565
f 607/607 608/608 561/561
f 606/606 609/609 602/602
f 610/610 612/612 611/611
f 561/561 612/612 610/610
f 613/613 609/609 606/606
f 614/614 336/336 608/608
f 608/608 336/336 561/561
f 561/561 336/336 612/612
f 613/613 615/615 609/609
f 613/613 616/616 615/615
f 617/617 340/340 614/614
f 618/618 340/340 617/617
f 614/614 340/340 336/336
f 616/616 579/579 619/619
f 619/619 579/579 618/618
f 618/618 579/579 340/340
f 579/579 620/620 340/340
f 620/620 621/621 340/340
f 620/620 622/622 621/621
f 585/585 579/579 605/605
f 605/605 579/579 613/613
f 613/613 579/579 616/616
f 623/623 625/625 624/624
f 626/626 625/625 623/623
f 627/627 629/629 628/628
f 627/627 630/630 629/629
f 631/631 633/633 632/632
f 634/634 633/633 631/631
f 635/635 637/637 636/636
f 635/635 638/638 637/637
f 309/309 639/639 521/521
f 309/309 304/304 639/639
f 304/304 640/640 639/639
f 305/305 640/640 304/304
f 640/640 315/315 525/525
f 305/305 315/315 640/640
f 311/311 641/641 507/507
f 311/311 300/300 641/641
f 300/300 642/642 641/641
f 299/299 642/642 300/300
f 642/642 307/307 511/511
f 299/299 307/307 642/642
f 550/550 643/643 518/518
f 644/644 643/643 550/550
f 643/643 520/520 518/518
f 645/645 644/644 550/550
f 645/645 550/550 553/553
f 646/646 645/645 553/553
f 646/646 553/553 517/517
f 516/516 646/646 517/517
f 646/646 516/516 643/643
f 516/516 520/520 643/643
f 507/507 641/641 642/642
f 511/511 507/507 642/642
f 521/521 639/639 640/640
f 525/525 521/521 640/640
f 646/646 643/643 644/644
f 646/646 644/644 645/645
f 318/318 647/647 323/323
f 470/470 647/647 318/318
f 648/648 327/327 325/325
f 648/648 471/471 327/327
f 648/648 323/323 647/647
f 648/648 325/325 323/323
f 330/330 649/649 321/321
f 453/453 649/649 330/330
f 650/650 317/317 320/320
f 650/650 456/456 317/317
f 650/650 321/321 649/649
f 650/650 320/320 321/321
f 651/651 652/652 559/559
f 651/651 559/559 497/497
f 498/498 651/651 497/497
f 557/557 653/653 515/515
f 654/654 653/653 557/557
f 653/653 499/499 515/515
f 559/559 654/654 557/557
f 652/652 654/654 559/559
f 499/499 651/651 498/498
f 653/653 651/651 499/499
f 456/456 650/650 453/453
f 650/650 649/649 453/453
f 471/471 648/648 470/470
f 648/648 647/647 470/470
f 653/653 654/654 651/651
f 654/654 652/652 651/651
f 655/655 657/657 656/656
f 657/657 658/658 656/656
f 659/659 661/661 660/660
f 659/659 662/662 661/661
f 663/663 665/665 664/664
f 664/664 665/665 666/666
f 667/667 669/669 668/668
f 667/667 670/670 669/669
f 671/671 673/673 672/672
f 672/672 673/673 674/674
f 675/675 677/677 676/676
f 675/675 678/678 677/677
f 679/679 681/681 680/680
f 680/680 681/681 682/682
f 683/683 685/685 684/684
f 683/683 686/686 685/685
f 626/626 623/623 411/411
f 687/687 411/411 412/412
f 687/687 626/626 411/411
f 638/638 412/412 637/637
f 638/638 687/687 412/412
f 445/445 636/636 345/345
f 445/445 635/635 636/636
f 633/633 345/345 632/632
f 633/633 445/445 345/345
f 688/688 628/628 689/689
f 688/688 627/627 628/628
f 545/545 689/689 544/544
f 545/545 688/688 689/689
f 690/690 539/539 691/691
f 690/690 542/542 539/539
f 630/630 691/691 629/629
f 630/630 690/690 691/691
f 661/661 662/662 692/692
f 692/692 618/618 663/663
f 662/662 618/618 692/692
f 618/618 665/665 663/663
f 664/664 666/666 406/406
f 406/406 666/666 693/693
f 693/693 608/608 668/668
f 666/666 608/608 693/693
f 608/608 667/667 668/668
f 669/669 603/603 386/386
f 670/670 603/603 669/669
f 386/386 655/655 656/656
f 603/603 655/655 386/386
f 658/658 615/615 694/694
f 657/657 615/615 658/658
f 694/694 659/659 660/660
f 615/615 659/659 694/694
f 677/677 678/678 695/695
f 678/678 590/590 695/695
f 695/695 680/680 682/682
f 590/590 680/680 695/695
f 685/685 686/686 696/696
f 696/696 697/697 671/671
f 686/686 697/697 696/696
f 697/697 673/673 671/671
f 672/672 674/674 375/375
f 375/375 698/698 676/676
f 674/674 698/698 375/375
f 698/698 675/675 676/676
f 681/681 595/595 699/699
f 679/679 595/595 681/681
f 699/699 683/683 684/684
f 595/595 683/683 699/699
f 282/282 489/489 283/283
f 283/283 489/489 394/394
f 394/394 489/489 401/401
f 401/401 493/493 403/403
f 489/489 493/493 401/401
f 403/403 495/495 408/408
f 493/493 495/495 403/403
f 495/495 279/279 408/408
f 408/408 279/279 276/276
f 274/274 530/530 275/275
f 275/275 530/530 435/435
f 530/530 531/531 435/435
f 435/435 531/531 440/440
f 531/531 534/534 440/440
f 440/440 534/534 439/439
f 534/534 266/266 439/439
f 439/439 266/266 267/267
f 264/264 476/476 265/265
f 265/265 476/476 374/374
f 374/374 476/476 387/387
f 476/476 479/479 387/387
f 387/387 479/479 391/391
f 479/479 492/492 391/391
f 391/391 492/492 392/392
f 492/492 257/257 392/392
f 392/392 257/257 258/258
f 255/255 256/256 438/438
f 438/438 535/535 441/441
f 256/256 535/535 438/438
f 441/441 538/538 443/443
f 535/535 538/538 441/441
f 538/538 248/248 443/443
f 443/443 248/248 249/249
f 246/246 247/247 434/434
f 247/247 528/528 434/434
f 434/434 532/532 436/436
f 528/528 532/532 434/434
f 436/436 533/533 437/437
f 532/532 533/533 436/436
f 533/533 239/239 437/437
f 437/437 239/239 240/240
f 237/237 504/504 413/413
f 238/238 504/504 237/237
f 413/413 508/508 423/423
f 504/504 508/508 413/413
f 423/423 229/229 424/424
f 508/508 229/229 423/423
f 424/424 229/229 230/230
f 227/227 228/228 409/409
f 228/228 700/700 409/409
f 409/409 700/700 415/415
f 700/700 501/501 415/415
f 415/415 501/501 221/221
f 501/501 223/223 221/221
f 219/219 457/457 220/220
f 220/220 457/457 354/354
f 354/354 462/462 356/356
f 457/457 462/462 354/354
f 356/356 463/463 364/364
f 462/462 463/463 356/356
f 463/463 212/212 364/364
f 364/364 212/212 213/213
f 210/210 490/490 395/395
f 211/211 490/490 210/210
f 395/395 491/491 399/399
f 490/490 491/491 395/395
f 399/399 203/203 433/433
f 491/491 203/203 399/399
f 433/433 203/203 204/204
f 201/201 202/202 363/363
f 202/202 473/473 363/363
f 363/363 473/473 369/369
f 473/473 478/478 369/369
f 369/369 478/478 373/373
f 373/373 193/193 194/194
f 478/478 193/193 373/373
f 191/191 484/484 384/384
f 192/192 484/484 191/191
f 384/384 486/486 385/385
f 484/484 486/486 384/384
f 385/385 184/184 393/393
f 486/486 184/184 385/385
f 393/393 184/184 185/185
f 182/182 481/481 183/183
f 183/183 481/481 379/379
f 379/379 482/482 380/380
f 481/481 482/482 379/379
f 380/380 482/482 381/381
f 381/381 174/174 175/175
f 482/482 174/174 381/381
f 172/172 450/450 349/349
f 173/173 450/450 172/172
f 349/349 452/452 350/350
f 450/450 452/452 349/349
f 452/452 167/167 350/350
f 350/350 167/167 164/164
f 161/161 163/163 357/357
f 357/357 163/163 464/464
f 448/448 347/347 451/451
f 451/451 347/347 351/351
f 464/464 459/459 357/357
f 357/357 459/459 355/355
f 459/459 454/454 355/355
f 355/355 454/454 351/351
f 454/454 451/451 351/351
f 347/347 448/448 160/160
f 448/448 162/162 160/160
f 228/228 501/501 700/700
f 114/114 111/111 701/701
f 701/701 703/703 702/702
f 111/111 703/703 701/701
f 702/702 704/704 314/314
f 703/703 704/704 702/702
f 314/314 706/706 705/705
f 704/704 706/706 314/314
f 706/706 707/707 705/705
f 705/705 709/709 708/708
f 707/707 709/709 705/705
f 708/708 711/711 710/710
f 709/709 711/711 708/708
f 306/306 712/712 125/125
f 710/710 712/712 306/306
f 711/711 712/712 710/710
f 712/712 98/98 125/125
f 154/154 713/713 128/128
f 128/128 713/713 714/714
f 714/714 716/716 715/715
f 713/713 716/716 714/714
f 715/715 718/718 717/717
f 716/716 718/718 715/715
f 719/719 721/721 720/720
f 717/717 721/721 719/719
f 718/718 721/721 717/717
f 720/720 723/723 722/722
f 721/721 723/723 720/720
f 723/723 724/724 722/722
f 725/725 726/726 140/140
f 722/722 726/726 725/725
f 724/724 726/726 722/722
f 726/726 143/143 140/140
f 158/158 322/322 159/159
f 159/159 322/322 155/155
f 322/322 157/157 155/155
f 727/727 729/729 728/728
f 730/730 729/729 727/727
f 731/731 733/733 732/732
f 733/733 734/734 732/732
f 735/735 737/737 736/736
f 736/736 737/737 738/738
f 731/731 414/414 505/505
f 732/732 414/414 731/731
f 505/505 737/737 735/735
f 414/414 737/737 505/505
f 513/513 736/736 738/738
f 513/513 738/738 421/421
f 739/739 421/421 740/740
f 739/739 513/513 421/421
f 510/510 740/740 624/624
f 510/510 739/739 740/740
f 625/625 510/510 624/624
f 730/730 741/741 514/514
f 727/727 741/741 730/730
f 514/514 734/734 733/733
f 741/741 734/734 514/514
f 742/742 543/543 429/429
f 742/742 546/546 543/543
f 523/523 429/429 728/728
f 523/523 742/742 429/429
f 729/729 523/523 728/728
f 743/743 631/631 353/353
f 743/743 634/634 631/631
f 744/744 353/353 352/352
f 744/744 352/352 745/745
f 744/744 743/743 353/353
f 744/744 745/745 746/746
f 746/746 745/745 747/747
f 746/746 747/747 467/467
f 467/467 749/749 748/748
f 747/747 749/749 467/467
f 749/749 750/750 748/748
f 751/751 748/748 752/752
f 748/748 750/750 752/752
f 751/751 752/752 474/474
f 474/474 754/754 753/753
f 752/752 754/754 474/474
f 754/754 755/755 753/753
f 755/755 756/756 753/753
f 753/753 756/756 757/757
f 469/469 756/756 362/362
f 469/469 757/757 756/756
f 758/758 469/469 362/362
f 468/468 362/362 540/540
f 468/468 758/758 362/362
f 541/541 468/468 540/540
f 604/604 667/667 607/607
f 670/670 667/667 604/604
f 614/614 608/608 666/666
f 608/608 607/607 667/667
f 604/604 603/603 670/670
f 603/603 602/602 655/655
f 614/614 665/665 617/617
f 666/666 665/665 614/614
f 657/657 602/602 609/609
f 657/657 655/655 602/602
f 619/619 618/618 662/662
f 618/618 617/617 665/665
f 609/609 615/615 657/657
f 615/615 616/616 659/659
f 662/662 616/616 619/619
f 662/662 659/659 616/616
f 390/390 400/400 668/668
f 390/390 668/668 669/669
f 400/400 402/402 668/668
f 668/668 402/402 693/693
f 402/402 406/406 693/693
f 406/406 416/416 664/664
f 388/388 386/386 656/656
f 386/386 390/390 669/669
f 416/416 420/420 663/663
f 416/416 663/663 664/664
f 658/658 388/388 656/656
f 404/404 388/388 658/658
f 420/420 426/426 663/663
f 663/663 426/426 692/692
f 692/692 431/431 661/661
f 426/426 431/431 692/692
f 432/432 407/407 660/660
f 660/660 407/407 694/694
f 694/694 404/404 658/658
f 407/407 404/404 694/694
f 431/431 432/432 660/660
f 431/431 660/660 661/661
f 600/600 673/673 606/606
f 674/674 673/673 600/600
f 605/605 613/613 686/686
f 686/686 613/613 697/697
f 697/697 606/606 673/673
f 613/613 606/606 697/697
f 674/674 601/601 698/698
f 600/600 601/601 674/674
f 698/698 601/601 675/675
f 601/601 593/593 675/675
f 605/605 683/683 599/599
f 686/686 683/683 605/605
f 678/678 675/675 591/591
f 591/591 675/675 593/593
f 594/594 595/595 679/679
f 595/595 599/599 683/683
f 591/591 590/590 678/678
f 590/590 592/592 680/680
f 594/594 680/680 592/592
f 679/679 680/680 594/594
f 389/389 405/405 671/671
f 389/389 671/671 672/672
f 671/671 398/398 696/696
f 405/405 398/398 671/671
f 696/696 398/398 685/685
f 398/398 397/397 685/685
f 372/372 375/375 676/676
f 375/375 389/389 672/672
f 397/397 396/396 684/684
f 397/397 684/684 685/685
f 366/366 372/372 676/676
f 366/366 676/676 677/677
f 396/396 383/383 684/684
f 383/383 699/699 684/684
f 699/699 376/376 681/681
f 383/383 376/376 699/699
f 367/367 365/365 682/682
f 365/365 695/695 682/682
f 695/695 366/366 677/677
f 365/365 366/366 695/695
f 376/376 367/367 682/682
f 376/376 682/682 681/681
f 153/153 319/319 154/154
f 154/154 319/319 713/713
f 713/713 319/319 716/716
f 716/716 328/328 718/718
f 319/319 328/328 716/716
f 718/718 328/328 721/721
f 721/721 329/329 723/723
f 328/328 329/329 721/721
f 723/723 324/324 724/724
f 329/329 324/324 723/723
f 724/724 324/324 726/726
f 726/726 142/142 143/143
f 324/324 142/142 726/726
f 140/140 141/141 725/725
f 725/725 576/576 722/722
f 141/141 576/576 725/725
f 722/722 575/575 720/720
f 576/576 575/575 722/722
f 720/720 574/574 719/719
f 575/575 574/574 720/720
f 719/719 574/574 717/717
f 717/717 573/573 715/715
f 574/574 573/573 717/717
f 573/573 714/714 715/715
f 714/714 127/127 128/128
f 573/573 127/127 714/714
f 126/126 306/306 125/125
f 306/306 313/313 710/710
f 313/313 708/708 710/710
f 313/313 312/312 708/708
f 708/708 312/312 705/705
f 312/312 314/314 705/705
f 314/314 308/308 702/702
f 702/702 308/308 701/701
f 701/701 113/113 114/114
f 308/308 113/113 701/701
f 112/112 341/341 111/111
f 111/111 341/341 703/703
f 703/703 341/341 704/704
f 704/704 342/342 706/706
f 341/341 342/342 704/704
f 706/706 342/342 707/707
f 707/707 343/343 709/709
f 342/342 343/343 707/707
f 709/709 339/339 711/711
f 343/343 339/339 709/709
f 339/339 712/712 711/711
f 339/339 337/337 712/712
f 337/337 98/98 712/712
f 542/542 468/468 541/541
f 480/480 468/468 542/542
f 758/758 468/468 469/469
f 690/690 485/485 480/480
f 690/690 630/630 485/485
f 542/542 690/690 480/480
f 753/753 469/469 472/472
f 753/753 757/757 469/469
f 537/537 630/630 627/627
f 537/537 485/485 630/630
f 472/472 474/474 753/753
f 474/474 475/475 751/751
f 688/688 545/545 536/536
f 537/537 688/688 536/536
f 627/627 688/688 537/537
f 748/748 751/751 466/466
f 466/466 751/751 475/475
f 524/524 545/545 546/546
f 524/524 536/536 545/545
f 466/466 467/467 748/748
f 467/467 465/465 746/746
f 524/524 742/742 523/523
f 546/546 742/742 524/524
f 744/744 746/746 455/455
f 455/455 746/746 465/465
f 522/522 729/729 730/730
f 522/522 523/523 729/729
f 743/743 744/744 455/455
f 634/634 455/455 449/449
f 634/634 743/743 455/455
f 509/509 514/514 733/733
f 514/514 522/522 730/730
f 634/634 447/447 633/633
f 449/449 447/447 634/634
f 506/506 509/509 731/731
f 731/731 509/509 733/733
f 445/445 633/633 447/447
f 635/635 445/445 446/446
f 512/512 505/505 735/735
f 505/505 506/506 731/731
f 446/446 638/638 635/635
f 446/446 502/502 638/638
f 513/513 512/512 736/736
f 736/736 512/512 735/735
f 503/503 638/638 502/502
f 687/687 638/638 503/503
f 626/626 687/687 503/503
f 739/739 510/510 513/513
f 626/626 510/510 625/625
f 503/503 510/510 626/626
f 378/378 540/540 360/360
f 539/539 540/540 378/378
f 362/362 756/756 361/361
f 540/540 362/362 360/360
f 691/691 378/378 382/382
f 691/691 539/539 378/378
f 629/629 691/691 382/382
f 755/755 361/361 756/756
f 370/370 361/361 755/755
f 444/444 629/629 382/382
f 628/628 629/629 444/444
f 752/752 371/371 754/754
f 377/377 371/371 752/752
f 754/754 371/371 755/755
f 371/371 370/370 755/755
f 689/689 628/628 444/444
f 442/442 689/689 444/444
f 544/544 689/689 442/442
f 750/750 377/377 752/752
f 368/368 377/377 750/750
f 543/543 544/544 442/442
f 543/543 442/442 428/428
f 747/747 359/359 749/749
f 358/358 359/359 747/747
f 749/749 359/359 750/750
f 359/359 368/368 750/750
f 429/429 543/543 428/428
f 728/728 429/429 430/430
f 745/745 358/358 747/747
f 352/352 358/358 745/745
f 427/427 728/728 430/430
f 727/727 728/728 427/427
f 353/353 631/631 348/348
f 427/427 741/741 727/727
f 427/427 425/425 741/741
f 741/741 425/425 734/734
f 425/425 419/419 734/734
f 631/631 632/632 346/346
f 631/631 346/346 348/348
f 732/732 734/734 419/419
f 732/732 419/419 418/418
f 345/345 636/636 344/344
f 632/632 345/345 346/346
f 418/418 414/414 732/732
f 414/414 417/417 737/737
f 344/344 637/637 410/410
f 636/636 637/637 344/344
f 421/421 737/737 417/417
f 738/738 737/737 421/421
f 637/637 412/412 410/410
f 422/422 740/740 421/421
f 624/624 740/740 422/422
f 411/411 624/624 422/422
f 623/623 624/624 411/411
f 759/759 761/761 760/760
f 759/759 762/762 761/761
f 761/761 762/762 763/763
f 764/764 765/765 293/293
f 766/766 765/765 764/764
f 293/293 759/759 760/760
f 765/765 759/759 293/293
f 338/338 303/303 335/335
f 302/302 303/303 338/338
f 335/335 301/301 334/334
f 303/303 301/301 335/335
f 334/334 297/297 333/333
f 301/301 297/297 334/334
f 333/333 298/298 332/332
f 297/297 298/298 333/333
f 96/96 288/288 97/97
f 97/97 288/288 92/92
f 288/288 94/94 92/92
f 90/90 91/91 570/570
f 91/91 296/296 570/570
f 570/570 296/296 86/86
f 296/296 88/88 86/86
f 568/568 765/765 766/766
f 568/568 566/566 765/765
f 765/765 566/566 759/759
f 762/762 759/759 566/566
f 762/762 566/566 563/563
f 291/291 293/293 760/760
f 293/293 294/294 764/764
f 287/287 291/291 761/761
f 761/761 291/291 760/760
f 767/767 558/558 586/586
f 558/558 556/556 586/586
f 586/586 555/555 584/584
f 556/556 555/555 586/586
f 584/584 554/554 583/583
f 555/555 554/554 584/584
f 583/583 552/552 582/582
f 554/554 552/552 583/583
f 582/582 549/549 580/580
f 580/580 549/549 578/578
f 552/552 549/549 582/582
f 578/578 547/547 577/577
f 549/549 547/547 578/578
f 577/577 548/548 581/581
f 547/547 548/548 577/577
f 548/548 551/551 581/581
f 768/768 770/770 769/769
f 771/771 770/770 768/768
f 769/769 773/773 772/772
f 770/770 773/773 769/769
f 763/763 762/762 768/768
f 762/762 771/771 768/768
f 762/762 563/563 562/562
f 762/762 560/560 771/771
f 562/562 560/560 762/762
f 770/770 771/771 560/560
f 770/770 560/560 564/564
f 567/567 770/770 564/564
f 773/773 770/770 567/567
f 284/284 761/761 763/763
f 284/284 287/287 761/761
f 286/286 284/284 768/768
f 768/768 284/284 763/763
f 289/289 768/768 769/769
f 289/289 286/286 768/768
f 292/292 289/289 772/772
f 772/772 289/289 769/769
f 84/84 85/85 569/569
f 85/85 295/295 569/569
f 569/569 295/295 81/81
f 295/295 83/83 81/81
f 94/94 774/774 95/95
f 292/292 774/774 94/94
f 774/774 292/292 775/775
f 88/88 776/776 89/89
f 88/88 777/777 776/776
f 296/296 777/777 88/88
f 95/95 774/774 778/778
f 95/95 778/778 285/285
f 285/285 778/778 779/779
f 290/290 780/780 777/777
f 290/290 777/777 296/296
f 89/89 776/776 294/294
f 298/298 300/300 781/781
f 300/300 782/782 781/781
f 305/305 784/784 783/783
f 302/302 784/784 305/305
f 300/300 310/310 782/782
f 310/310 785/785 782/782
f 305/305 783/783 316/316
f 316/316 783/783 786/786
f 157/157 787/787 321/321
f 787/787 157/157 788/788
f 323/323 788/788 157/157
f 788/788 323/323 789/789
f 325/325 789/789 323/323
f 789/789 325/325 790/790
f 321/321 791/791 331/331
f 791/791 321/321 787/787
f 331/331 791/791 792/792
f 326/326 790/790 325/325
f 790/790 326/326 793/793
f 102/102 795/795 794/794
f 795/795 102/102 332/332
f 104/104 102/102 794/794
f 336/336 104/104 794/794
f 336/336 794/794 796/796
f 339/339 797/797 338/338
f 343/343 797/797 339/339
f 340/340 797/797 343/343
f 340/340 798/798 797/797
f 340/340 799/799 798/798
f 558/558 800/800 557/557
f 800/800 558/558 801/801
f 557/557 802/802 559/559
f 557/557 800/800 802/802
f 559/559 802/802 488/488
f 488/488 802/802 803/803
f 519/519 804/804 551/551
f 494/494 779/779 805/805
f 779/779 494/494 285/285
f 496/496 805/805 806/806
f 805/805 496/496 494/494
f 500/500 806/806 807/807
f 806/806 500/500 496/496
f 310/310 807/807 785/785
f 310/310 500/500 807/807
f 331/331 792/792 808/808
f 460/460 331/331 808/808
f 458/458 808/808 809/809
f 808/808 458/458 460/460
f 461/461 809/809 810/810
f 809/809 461/461 458/458
f 290/290 810/810 780/780
f 810/810 290/290 461/461
f 487/487 803/803 811/811
f 803/803 487/487 488/488
f 487/487 811/811 812/812
f 483/483 487/487 812/812
f 477/477 812/812 813/813
f 812/812 477/477 483/483
f 326/326 813/813 793/793
f 326/326 477/477 813/813
f 526/526 786/786 814/814
f 786/786 526/526 316/316
f 526/526 814/814 815/815
f 527/527 526/526 815/815
f 529/529 815/815 816/816
f 815/815 529/529 527/527
f 519/519 816/816 804/804
f 519/519 529/529 816/816
f 561/561 818/818 817/817
f 818/818 561/561 610/610
f 610/610 819/819 818/818
f 819/819 610/610 611/611
f 611/611 820/820 819/819
f 820/820 611/611 612/612
f 336/336 796/796 820/820
f 612/612 336/336 820/820
f 92/92 821/821 567/567
f 821/821 92/92 822/822
f 93/93 822/822 92/92
f 87/87 823/823 86/86
f 86/86 823/823 824/824
f 86/86 824/824 570/570
f 93/93 825/825 822/822
f 561/561 825/825 93/93
f 565/565 824/824 826/826
f 570/570 824/824 565/565
f 561/561 817/817 825/825
f 568/568 823/823 87/87
f 571/571 828/828 827/827
f 828/828 571/571 589/589
f 589/589 829/829 828/828
f 829/829 589/589 587/587
f 588/588 830/830 829/829
f 587/587 588/588 829/829
f 588/588 826/826 830/830
f 826/826 588/588 565/565
f 156/156 831/831 155/155
f 155/155 832/832 576/576
f 832/832 155/155 831/831
f 576/576 832/832 575/575
f 575/575 832/832 572/572
f 571/571 831/831 156/156
f 571/571 827/827 831/831
f 572/572 832/832 833/833
f 585/585 835/835 834/834
f 835/835 585/585 598/598
f 598/598 836/836 835/835
f 836/836 598/598 597/597
f 596/596 837/837 836/836
f 597/597 596/596 836/836
f 596/596 833/833 837/837
f 833/833 596/596 572/572
f 767/767 839/839 838/838
f 586/586 839/839 767/767
f 585/585 839/839 586/586
f 585/585 834/834 839/839
f 581/581 840/840 579/579
f 340/340 841/841 799/799
f 841/841 340/340 621/621
f 622/622 843/843 842/842
f 622/622 842/842 841/841
f 621/621 622/622 841/841
f 622/622 620/620 843/843
f 579/579 840/840 843/843
f 620/620 579/579 843/843
f 773/773 844/844 772/772
f 844/844 773/773 845/845
f 764/764 846/846 766/766
f 766/766 846/846 847/847
f 338/338 797/797 302/302
f 302/302 797/797 784/784
f 332/332 781/781 795/795
f 298/298 781/781 332/332
f 766/766 823/823 568/568
f 823/823 766/766 847/847
f 567/567 845/845 773/773
f 567/567 821/821 845/845
f 764/764 776/776 846/846
f 294/294 776/776 764/764
f 772/772 775/775 292/292
f 775/775 772/772 844/844
f 767/767 801/801 558/558
f 801/801 767/767 838/838
f 774/774 775/775 844/844
f 774/774 844/844 778/778
f 778/778 844/844 779/779
f 779/779 844/844 805/805
f 805/805 844/844 845/845
f 805/805 845/845 806/806
f 806/806 845/845 817/817
f 817/817 845/845 825/825
f 825/825 845/845 821/821
f 825/825 821/821 822/822
f 806/806 817/817 807/807
f 807/807 817/817 818/818
f 807/807 818/818 819/819
f 807/807 819/819 785/785
f 785/785 819/819 820/820
f 785/785 820/820 796/796
f 785/785 796/796 794/794
f 785/785 794/794 782/782
f 782/782 794/794 781/781
f 781/781 794/794 795/795
f 776/776 777/777 810/810
f 776/776 810/810 846/846
f 846/846 810/810 847/847
f 847/847 810/810 809/809
f 847/847 809/809 826/826
f 847/847 826/826 824/824
f 847/847 824/824 823/823
f 826/826 809/809 808/808
f 826/826 808/808 830/830
f 830/830 808/808 829/829
f 829/829 808/808 792/792
f 829/829 792/792 828/828
f 828/828 792/792 827/827
f 827/827 792/792 791/791
f 827/827 791/791 831/831
f 831/831 791/791 787/787
f 831/831 787/787 832/832
f 832/832 787/787 788/788
f 832/832 788/788 789/789
f 832/832 789/789 790/790
f 832/832 790/790 793/793
f 832/832 793/793 833/833
f 833/833 793/793 813/813
f 833/833 813/813 837/837
f 837/837 813/813 836/836
f 836/836 813/813 835/835
f 835/835 813/813 812/812
f 835/835 812/812 834/834
f 834/834 812/812 801/801
f 801/801 812/812 811/811
f 801/801 811/811 803/803
f 801/801 803/803 802/802
f 801/801 802/802 800/800
f 834/834 801/801 839/839
f 839/839 801/801 838/838
f 810/810 777/777 780/780
f 783/783 784/784 798/798
f 783/783 798/798 799/799
f 783/783 799/799 786/786
f 786/786 799/799 841/841
f 786/786 841/841 814/814
f 814/814 841/841 842/842
f 814/814 842/842 843/843
f 814/814 843/843 815/815
f 815/815 843/843 840/840
f 815/815 840/840 581/581
f 815/815 581/581 551/551
f 815/815 551/551 816/816
f 816/816 551/551 804/804
f 798/798 784/784 797/797
f 848/848 850/850 849/849
f 851/851 848/848 849/849
f 852/852 851/851 849/849
f 853/853 855/855 854/854
f 853/853 854/854 852/852
f 856/856 852/852 849/849
f 856/856 853/853 852/852
f 856/856 857/857 853/853
f 858/858 857/857 856/856
f 859/859 858/858 856/856
f 860/860 859/859 856/856
f 860/860 861/861 859/859
f 860/860 862/862 861/861
f 863/863 864/864 860/860
f 863/863 860/860 856/856
f 863/863 865/865 864/864
f 866/866 865/865 863/863
f 867/867 866/866 863/863
f 868/868 867/867 863/863
f 869/869 870/870 868/868
f 871/871 868/868 863/863
f 871/871 869/869 868/868
f 871/871 872/872 869/869
f 873/873 872/872 871/871
f 874/874 873/873 871/871
f 875/875 876/876 874/874
f 875/875 874/874 871/871
f 875/875 877/877 876/876
f 878/878 879/879 875/875
f 878/878 875/875 871/871
f 878/878 880/880 879/879
f 881/881 880/880 878/878
f 882/882 881/881 878/878
f 883/883 882/882 878/878
f 884/884 883/883 878/878
f 885/885 886/886 884/884
f 887/887 885/885 884/884
f 888/888 887/887 884/884
f 888/888 889/889 887/887
f 888/888 884/884 878/878
f 890/890 889/889 888/888
f 891/891 890/890 888/888
f 892/892 891/891 888/888
f 892/892 893/893 891/891
f 894/894 892/892 888/888
f 894/894 895/895 892/892
f 894/894 896/896 895/895
f 897/897 896/896 894/894
f 898/898 897/897 894/894
f 899/899 898/898 894/894
f 900/900 899/899 894/894
f 901/901 902/902 900/900
f 903/903 901/901 900/900
f 904/904 903/903 900/900
f 904/904 905/905 903/903
f 904/904 900/900 894/894
f 906/906 905/905 904/904
f 907/907 906/906 904/904
f 908/908 909/909 907/907
f 908/908 907/907 904/904
f 908/908 910/910 909/909
f 911/911 912/912 908/908
f 911/911 908/908 904/904
f 913/913 912/912 911/911
f 914/914 913/913 911/911
f 915/915 917/917 916/916
f 918/918 915/915 916/916
f 919/919 918/918 916/916
f 920/920 922/922 921/921
f 920/920 923/923 922/922
f 920/920 924/924 919/919
f 920/920 919/919 916/916
f 920/920 921/921 924/924
f 925/925 923/923 920/920
f 926/926 925/925 920/920
f 927/927 926/926 920/920
f 928/928 927/927 920/920
f 929/929 928/928 920/920
f 930/930 929/929 920/920
f 930/930 931/931 929/929
f 930/930 932/932 931/931
f 933/933 932/932 930/930
f 934/934 933/933 930/930
f 935/935 934/934 930/930
f 936/936 935/935 930/930
f 937/937 939/939 938/938
f 937/937 940/940 936/936
f 937/937 936/936 930/930
f 937/937 941/941 940/940
f 937/937 938/938 941/941
f 942/942 939/939 937/937
f 943/943 942/942 937/937
f 944/944 943/943 937/937
f 945/945 944/944 937/937
f 946/946 945/945 937/937
f 947/947 946/946 937/937
f 947/947 949/949 948/948
f 947/947 948/948 946/946
f 950/950 949/949 947/947
f 951/951 950/950 947/947
f 952/952 951/951 947/947
f 953/953 952/952 947/947
f 954/954 953/953 947/947
f 954/954 956/956 955/955
f 954/954 957/957 956/956
f 954/954 958/958 957/957
f 954/954 955/955 953/953
f 959/959 958/958 954/954
f 960/960 959/959 954/954
f 961/961 960/960 954/954
f 962/962 961/961 954/954
f 963/963 962/962 954/954
f 964/964 966/966 965/965
f 964/964 963/963 954/954
f 964/964 965/965 963/963
f 967/967 966/966 964/964
f 968/968 967/967 964/964
f 969/969 968/968 964/964
f 970/970 969/969 964/964
f 971/971 973/973 972/972
f 971/971 970/970 964/964
f 971/971 972/972 974/974
f 971/971 975/975 970/970
f 971/971 974/974 975/975
f 976/976 973/973 971/971
f 977/977 976/976 971/971
f 978/978 977/977 971/971
f 979/979 978/978 971/971
f 980/980 979/979 971/971
f 981/981 982/982 980/980
f 981/981 980/980 971/971
f 983/983 982/982 981/981
f 984/984 983/983 981/981
f 985/985 987/987 986/986
f 985/985 988/988 987/987
f 987/987 990/990 989/989
f 988/988 990/990 987/987
f 989/989 992/992 991/991
f 990/990 992/992 989/989
f 991/991 994/994 993/993
f 992/992 994/994 991/991
f 993/993 996/996 995/995
f 994/994 996/996 993/993
f 995/995 998/998 997/997
f 996/996 998/998 995/995
f 997/997 1000/1000 999/999
f 998/998 1000/1000 997/997
f 1000/1000 1001/1001 999/999
f 1000/1000 1002/1002 1001/1001
f 986/986 987/987 1003/1003
f 1003/1003 987/987 1004/1004
f 1004/1004 989/989 1005/1005
f 987/987 989/989 1004/1004
f 1005/1005 991/991 1006/1006
f 989/989 991/991 1005/1005
f 1006/1006 993/993 1007/1007
f 991/991 993/993 1006/1006
f 1007/1007 995/995 1008/1008
f 993/993 995/995 1007/1007
f 1009/1009 997/997 1010/1010
f 1008/1008 997/997 1009/1009
f 995/995 997/997 1008/1008
f 997/997 999/999 1010/1010
f 1010/1010 1001/1001 1011/1011
f 999/999 1001/1001 1010/1010
f 1012/1012 1014/1014 1013/1013
f 1013/1013 1014/1014 1015/1015
f 1015/1015 1014/1014 1016/1016
f 1017/1017 1014/1014 1012/1012
f 904/904 1014/1014 911/911
f 911/911 1014/1014 1017/1017
f 1018/1018 1019/1019 904/904
f 1014/1014 1019/1019 1016/1016
f 904/904 1019/1019 1014/1014
f 1020/1020 1019/1019 888/888
f 888/888 1019/1019 1018/1018
f 1016/1016 1019/1019 1020/1020
f 1021/1021 1022/1022 871/871
f 871/871 1022/1022 1020/1020
f 1020/1020 1022/1022 1016/1016
f 856/856 1022/1022 1021/1021
f 1023/1023 1022/1022 1024/1024
f 1024/1024 1022/1022 856/856
f 1025/1025 1026/1026 1023/1023
f 1022/1022 1026/1026 1016/1016
f 1023/1023 1026/1026 1022/1022
f 1015/1015 1026/1026 1027/1027
f 1027/1027 1026/1026 1025/1025
f 1016/1016 1026/1026 1015/1015
f 1018/1018 904/904 894/894
f 894/894 888/888 1018/1018
f 878/878 1020/1020 888/888
f 878/878 871/871 1020/1020
f 871/871 863/863 1021/1021
f 863/863 856/856 1021/1021
f 856/856 849/849 1024/1024
f 1015/1015 1028/1028 1013/1013
f 849/849 1023/1023 1024/1024
f 1015/1015 1027/1027 1028/1028
f 1029/1029 1031/1031 1030/1030
f 1031/1031 1032/1032 1030/1030
f 1029/1029 1034/1034 1033/1033
f 1030/1030 1034/1034 1029/1029
f 1031/1031 1003/1003 1032/1032
f 1003/1003 1035/1035 1032/1032
f 1033/1033 1037/1037 1036/1036
f 1034/1034 1037/1037 1033/1033
f 1003/1003 1004/1004 1035/1035
f 1004/1004 1038/1038 1035/1035
f 1036/1036 1040/1040 1039/1039
f 1037/1037 1040/1040 1036/1036
f 1004/1004 1005/1005 1038/1038
f 1005/1005 1041/1041 1038/1038
f 1040/1040 1042/1042 1039/1039
f 1042/1042 1043/1043 1039/1039
f 1042/1042 1044/1044 1043/1043
f 1041/1041 1006/1006 1045/1045
f 1005/1005 1006/1006 1041/1041
f 1044/1044 1046/1046 1043/1043
f 1044/1044 1047/1047 1046/1046
f 1045/1045 1007/1007 1048/1048
f 1006/1006 1007/1007 1045/1045
f 1047/1047 1011/1011 1046/1046
f 1047/1047 1049/1049 1011/1011
f 1048/1048 1008/1008 1050/1050
f 1007/1007 1008/1008 1048/1048
f 1049/1049 1010/1010 1011/1011
f 1049/1049 1051/1051 1010/1010
f 1050/1050 1009/1009 1051/1051
f 1008/1008 1009/1009 1050/1050
f 1051/1051 1009/1009 1010/1010
f 1011/1011 1001/1001 1046/1046
f 1046/1046 1052/1052 1043/1043
f 1001/1001 1052/1052 1046/1046
f 1043/1043 1053/1053 1039/1039
f 1052/1052 1053/1053 1043/1043
f 1039/1039 1054/1054 1036/1036
f 1053/1053 1054/1054 1039/1039
f 1036/1036 1055/1055 1033/1033
f 1054/1054 1055/1055 1036/1036
f 1033/1033 1056/1056 1029/1029
f 1055/1055 1056/1056 1033/1033
f 1029/1029 1057/1057 1031/1031
f 1056/1056 1057/1057 1029/1029
f 1031/1031 1058/1058 1003/1003
f 1057/1057 1058/1058 1031/1031
f 1058/1058 986/986 1003/1003
f 1002/1002 1052/1052 1001/1001
f 1002/1002 1059/1059 1052/1052
f 1052/1052 1060/1060 1053/1053
f 1059/1059 1060/1060 1052/1052
f 1053/1053 1061/1061 1054/1054
f 1060/1060 1061/1061 1053/1053
f 1054/1054 1062/1062 1055/1055
f 1061/1061 1062/1062 1054/1054
f 1062/1062 1056/1056 1055/1055
f 1062/1062 1063/1063 1056/1056
f 1063/1063 1057/1057 1056/1056
f 1063/1063 1064/1064 1057/1057
f 1064/1064 1058/1058 1057/1057
f 1064/1064 1065/1065 1058/1058
f 1058/1058 985/985 986/986
f 1065/1065 985/985 1058/1058
f 1066/1066 1064/1064 1067/1067
f 1063/1063 1068/1068 1067/1067
f 1063/1063 1067/1067 1064/1064
f 1065/1065 1064/1064 1066/1066
f 1069/1069 1068/1068 1063/1063
f 985/985 1066/1066 981/981
f 985/985 1065/1065 1066/1066
f 1062/1062 1069/1069 1063/1063
f 1070/1070 1069/1069 1062/1062
f 988/988 981/981 971/971
f 988/988 985/985 981/981
f 1061/1061 1070/1070 1062/1062
f 990/990 971/971 964/964
f 990/990 988/988 971/971
f 1071/1071 1061/1061 1060/1060
f 1071/1071 1070/1070 1061/1061
f 954/954 992/992 990/990
f 954/954 990/990 964/964
f 1072/1072 1060/1060 1059/1059
f 1072/1072 1071/1071 1060/1060
f 947/947 994/994 992/992
f 947/947 992/992 954/954
f 916/916 1059/1059 1002/1002
f 916/916 1072/1072 1059/1059
f 920/920 1002/1002 1000/1000
f 920/920 916/916 1002/1002
f 937/937 996/996 994/994
f 937/937 994/994 947/947
f 930/930 998/998 996/996
f 930/930 1000/1000 998/998
f 930/930 920/920 1000/1000
f 930/930 996/996 937/937
f 979/979 1074/1074 1073/1073
f 978/978 979/979 1073/1073
f 976/976 977/977 1075/1075
f 1075/1075 977/977 1076/1076
f 977/977 978/978 1076/1076
f 1076/1076 978/978 1073/1073
f 976/976 1075/1075 1077/1077
f 973/973 976/976 1077/1077
f 974/974 972/972 1078/1078
f 1078/1078 972/972 1079/1079
f 972/972 973/973 1079/1079
f 1079/1079 973/973 1077/1077
f 974/974 1078/1078 1080/1080
f 975/975 974/974 1080/1080
f 969/969 970/970 1081/1081
f 1081/1081 970/970 1082/1082
f 970/970 975/975 1082/1082
f 1082/1082 975/975 1080/1080
f 969/969 1081/1081 1083/1083
f 968/968 969/969 1083/1083
f 966/966 967/967 1084/1084
f 1084/1084 967/967 1083/1083
f 967/967 968/968 1083/1083
f 966/966 1084/1084 1085/1085
f 965/965 966/966 1085/1085
f 962/962 963/963 1086/1086
f 1086/1086 963/963 1087/1087
f 963/963 965/965 1087/1087
f 1087/1087 965/965 1085/1085
f 962/962 1086/1086 1088/1088
f 961/961 962/962 1088/1088
f 959/959 960/960 1089/1089
f 1089/1089 960/960 1088/1088
f 960/960 961/961 1088/1088
f 959/959 1089/1089 1090/1090
f 958/958 959/959 1090/1090
f 956/956 957/957 1091/1091
f 1091/1091 957/957 1092/1092
f 957/957 958/958 1092/1092
f 1092/1092 958/958 1090/1090
f 956/956 1091/1091 1093/1093
f 955/955 956/956 1093/1093
f 952/952 953/953 1094/1094
f 1094/1094 953/953 1095/1095
f 953/953 955/955 1095/1095
f 1095/1095 955/955 1093/1093
f 952/952 1094/1094 1096/1096
f 951/951 952/952 1096/1096
f 949/949 950/950 1097/1097
f 1097/1097 950/950 1098/1098
f 950/950 951/951 1098/1098
f 1098/1098 951/951 1096/1096
f 949/949 1097/1097 1099/1099
f 948/948 949/949 1099/1099
f 945/945 946/946 1100/1100
f 1100/1100 946/946 1101/1101
f 946/946 948/948 1101/1101
f 1101/1101 948/948 1099/1099
f 945/945 1100/1100 1102/1102
f 944/944 945/945 1102/1102
f 942/942 943/943 1103/1103
f 1103/1103 943/943 1104/1104
f 943/943 944/944 1104/1104
f 1104/1104 944/944 1102/1102
f 942/942 1103/1103 1105/1105
f 939/939 942/942 1105/1105
f 941/941 938/938 1106/1106
f 1106/1106 938/938 1107/1107
f 938/938 939/939 1107/1107
f 1107/1107 939/939 1105/1105
f 941/941 1106/1106 1108/1108
f 940/940 941/941 1108/1108
f 935/935 936/936 1109/1109
f 1109/1109 936/936 1110/1110
f 936/936 940/940 1110/1110
f 1110/1110 940/940 1108/1108
f 935/935 1109/1109 1111/1111
f 934/934 935/935 1111/1111
f 932/932 933/933 1112/1112
f 1112/1112 933/933 1111/1111
f 933/933 934/934 1111/1111
f 932/932 1112/1112 1113/1113
f 931/931 932/932 1113/1113
f 928/928 929/929 1114/1114
f 1114/1114 929/929 1115/1115
f 929/929 931/931 1115/1115
f 1115/1115 931/931 1113/1113
f 928/928 1114/1114 1116/1116
f 927/927 928/928 1116/1116
f 925/925 926/926 1117/1117
f 1117/1117 926/926 1116/1116
f 926/926 927/927 1116/1116
f 925/925 1117/1117 1118/1118
f 923/923 925/925 1118/1118
f 921/921 922/922 1119/1119
f 1119/1119 922/922 1120/1120
f 922/922 923/923 1120/1120
f 1120/1120 923/923 1118/1118
f 921/921 1119/1119 1121/1121
f 924/924 921/921 1121/1121
f 918/918 919/919 1122/1122
f 1122/1122 919/919 1123/1123
f 919/919 924/924 1123/1123
f 1123/1123 924/924 1121/1121
f 918/918 1122/1122 1124/1124
f 915/915 918/918 1124/1124
f 1125/1125 917/917 848/848
f 848/848 917/917 850/850
f 917/917 915/915 850/850
f 850/850 915/915 1124/1124
f 1125/1125 848/848 851/851
f 1126/1126 1125/1125 851/851
f 1127/1127 1128/1128 854/854
f 854/854 1128/1128 852/852
f 1128/1128 1126/1126 852/852
f 852/852 1126/1126 851/851
f 1127/1127 854/854 855/855
f 1129/1129 1127/1127 855/855
f 1130/1130 1131/1131 857/857
f 857/857 1131/1131 853/853
f 1131/1131 1129/1129 853/853
f 853/853 1129/1129 855/855
f 1130/1130 857/857 858/858
f 1132/1132 1130/1130 858/858
f 1133/1133 1134/1134 861/861
f 861/861 1134/1134 859/859
f 1134/1134 1132/1132 859/859
f 859/859 1132/1132 858/858
f 1133/1133 861/861 862/862
f 1135/1135 1133/1133 862/862
f 1136/1136 1137/1137 864/864
f 864/864 1137/1137 860/860
f 1137/1137 1135/1135 860/860
f 860/860 1135/1135 862/862
f 1136/1136 864/864 865/865
f 1138/1138 1136/1136 865/865
f 1139/1139 1140/1140 866/866
f 866/866 1140/1140 865/865
f 1140/1140 1138/1138 865/865
f 1139/1139 866/866 867/867
f 1141/1141 1139/1139 867/867
f 1142/1142 1143/1143 870/870
f 870/870 1143/1143 868/868
f 1143/1143 1141/1141 868/868
f 868/868 1141/1141 867/867
f 1142/1142 870/870 869/869
f 1144/1144 1142/1142 869/869
f 1145/1145 1146/1146 872/872
f 872/872 1146/1146 869/869
f 1146/1146 1144/1144 869/869
f 1145/1145 872/872 873/873
f 1147/1147 1145/1145 873/873
f 1148/1148 1149/1149 876/876
f 876/876 1149/1149 874/874
f 1149/1149 1147/1147 874/874
f 874/874 1147/1147 873/873
f 1148/1148 876/876 877/877
f 1150/1150 1148/1148 877/877
f 1151/1151 1152/1152 879/879
f 879/879 1152/1152 875/875
f 1152/1152 1150/1150 875/875
f 875/875 1150/1150 877/877
f 1151/1151 879/879 880/880
f 1153/1153 1151/1151 880/880
f 882/882 1154/1154 881/881
f 1154/1154 1153/1153 881/881
f 881/881 1153/1153 880/880
f 1155/1155 984/984 981/981
f 1156/1156 1155/1155 981/981
f 1066/1066 1158/1158 1157/1157
f 1066/1066 1156/1156 981/981
f 1066/1066 1159/1159 1156/1156
f 1066/1066 1157/1157 1159/1159
f 1160/1160 1158/1158 1066/1066
f 1161/1161 1160/1160 1066/1066
f 1162/1162 1161/1161 1066/1066
f 1163/1163 1162/1162 1066/1066
f 1164/1164 1163/1163 1066/1066
f 1165/1165 1164/1164 1066/1066
f 1067/1067 1165/1165 1066/1066
f 1067/1067 1166/1166 1165/1165
f 1167/1167 1166/1166 1067/1067
f 1168/1168 1167/1167 1067/1067
f 1169/1169 1168/1168 1067/1067
f 1170/1170 1169/1169 1067/1067
f 1171/1171 1170/1170 1067/1067
f 1068/1068 1173/1173 1172/1172
f 1068/1068 1171/1171 1067/1067
f 1068/1068 1174/1174 1171/1171
f 1068/1068 1172/1172 1174/1174
f 1175/1175 1173/1173 1068/1068
f 1176/1176 1175/1175 1068/1068
f 1177/1177 1176/1176 1068/1068
f 1178/1178 1177/1177 1068/1068
f 1179/1179 1178/1178 1068/1068
f 1180/1180 1179/1179 1068/1068
f 1069/1069 1180/1180 1068/1068
f 1069/1069 1181/1181 1180/1180
f 1154/1154 1181/1181 1069/1069
f 1153/1153 1154/1154 1069/1069
f 1151/1151 1153/1153 1069/1069
f 1152/1152 1151/1151 1069/1069
f 1070/1070 1152/1152 1069/1069
f 1070/1070 1148/1148 1150/1150
f 1070/1070 1149/1149 1148/1148
f 1070/1070 1147/1147 1149/1149
f 1070/1070 1150/1150 1152/1152
f 1145/1145 1147/1147 1070/1070
f 1146/1146 1145/1145 1070/1070
f 1144/1144 1146/1146 1070/1070
f 1142/1142 1144/1144 1070/1070
f 1143/1143 1142/1142 1070/1070
f 1071/1071 1141/1141 1143/1143
f 1071/1071 1143/1143 1070/1070
f 1071/1071 1139/1139 1141/1141
f 1140/1140 1139/1139 1071/1071
f 1138/1138 1140/1140 1071/1071
f 1136/1136 1138/1138 1071/1071
f 1137/1137 1136/1136 1071/1071
f 1072/1072 1137/1137 1071/1071
f 1072/1072 1133/1133 1135/1135
f 1072/1072 1134/1134 1133/1133
f 1072/1072 1132/1132 1134/1134
f 1072/1072 1135/1135 1137/1137
f 1130/1130 1132/1132 1072/1072
f 1131/1131 1130/1130 1072/1072
f 1129/1129 1131/1131 1072/1072
f 1127/1127 1129/1129 1072/1072
f 1128/1128 1127/1127 1072/1072
f 916/916 1126/1126 1128/1128
f 916/916 1128/1128 1072/1072
f 916/916 1125/1125 1126/1126
f 917/917 1125/1125 916/916
f 979/979 980/980 1074/1074
f 1074/1074 980/980 1182/1182
f 980/980 982/982 1182/1182
f 1182/1182 914/914 911/911
f 1076/1076 1073/1073 1074/1074
f 1076/1076 1074/1074 1182/1182
f 1017/1017 1182/1182 911/911
f 1017/1017 1076/1076 1182/1182
f 1017/1017 1075/1075 1076/1076
f 1077/1077 1075/1075 1017/1017
f 1079/1079 1077/1077 1017/1017
f 1082/1082 1079/1079 1017/1017
f 1082/1082 1078/1078 1079/1079
f 1082/1082 1080/1080 1078/1078
f 1012/1012 1081/1081 1082/1082
f 1012/1012 1082/1082 1017/1017
f 1012/1012 1083/1083 1081/1081
f 1084/1084 1083/1083 1012/1012
f 1085/1085 1084/1084 1012/1012
f 1087/1087 1085/1085 1012/1012
f 1088/1088 1086/1086 1087/1087
f 1013/1013 1087/1087 1012/1012
f 1013/1013 1088/1088 1087/1087
f 1013/1013 1089/1089 1088/1088
f 1090/1090 1089/1089 1013/1013
f 1092/1092 1090/1090 1013/1013
f 1095/1095 1091/1091 1092/1092
f 1095/1095 1092/1092 1013/1013
f 1095/1095 1093/1093 1091/1091
f 1028/1028 1094/1094 1095/1095
f 1028/1028 1095/1095 1013/1013
f 1028/1028 1096/1096 1094/1094
f 1098/1098 1096/1096 1028/1028
f 1097/1097 1098/1098 1028/1028
f 1099/1099 1097/1097 1028/1028
f 1101/1101 1099/1099 1028/1028
f 1104/1104 1102/1102 1100/1100
f 1104/1104 1100/1100 1101/1101
f 1027/1027 1104/1104 1101/1101
f 1027/1027 1103/1103 1104/1104
f 1027/1027 1101/1101 1028/1028
f 1105/1105 1103/1103 1027/1027
f 1107/1107 1105/1105 1027/1027
f 1110/1110 1107/1107 1027/1027
f 1110/1110 1108/1108 1106/1106
f 1110/1110 1106/1106 1107/1107
f 1025/1025 1110/1110 1027/1027
f 1025/1025 1109/1109 1110/1110
f 1025/1025 1111/1111 1109/1109
f 1112/1112 1111/1111 1025/1025
f 1113/1113 1112/1112 1025/1025
f 1115/1115 1113/1113 1025/1025
f 1116/1116 1114/1114 1115/1115
f 1023/1023 1116/1116 1115/1115
f 1023/1023 1117/1117 1116/1116
f 1023/1023 1115/1115 1025/1025
f 1118/1118 1117/1117 1023/1023
f 1120/1120 1118/1118 1023/1023
f 1123/1123 1119/1119 1120/1120
f 1123/1123 1120/1120 1023/1023
f 1123/1123 1121/1121 1119/1119
f 849/849 1122/1122 1123/1123
f 849/849 1123/1123 1023/1023
f 849/849 1124/1124 1122/1122
f 850/850 1124/1124 849/849
f 1154/1154 882/882 883/883
f 1181/1181 1154/1154 883/883
f 886/886 1179/1179 884/884
f 1179/1179 1180/1180 884/884
f 884/884 1180/1180 883/883
f 1180/1180 1181/1181 883/883
f 1178/1178 886/886 885/885
f 1178/1178 1179/1179 886/886
f 889/889 1176/1176 887/887
f 1176/1176 1177/1177 887/887
f 887/887 1177/1177 885/885
f 1177/1177 1178/1178 885/885
f 1176/1176 889/889 890/890
f 1175/1175 1176/1176 890/890
f 893/893 1172/1172 891/891
f 1172/1172 1173/1173 891/891
f 891/891 1173/1173 890/890
f 1173/1173 1175/1175 890/890
f 1174/1174 1172/1172 893/893
f 1174/1174 893/893 892/892
f 895/895 1170/1170 892/892
f 1170/1170 1171/1171 892/892
f 1171/1171 1174/1174 892/892
f 1169/1169 895/895 896/896
f 1169/1169 1170/1170 895/895
f 898/898 1167/1167 897/897
f 1167/1167 1168/1168 897/897
f 897/897 1168/1168 896/896
f 1168/1168 1169/1169 896/896
f 1166/1166 898/898 899/899
f 1166/1166 1167/1167 898/898
f 902/902 1164/1164 900/900
f 1164/1164 1165/1165 900/900
f 900/900 1165/1165 899/899
f 1165/1165 1166/1166 899/899
f 1163/1163 902/902 901/901
f 1163/1163 1164/1164 902/902
f 905/905 1161/1161 903/903
f 1161/1161 1162/1162 903/903
f 903/903 1162/1162 901/901
f 1162/1162 1163/1163 901/901
f 1160/1160 905/905 906/906
f 1160/1160 1161/1161 905/905
f 909/909 1157/1157 907/907
f 1157/1157 1158/1158 907/907
f 907/907 1158/1158 906/906
f 1158/1158 1160/1160 906/906
f 1159/1159 909/909 910/910
f 1159/1159 1157/1157 909/909
f 912/912 1155/1155 908/908
f 1155/1155 1156/1156 908/908
f 908/908 1156/1156 910/910
f 1156/1156 1159/1159 910/910
f 984/984 912/912 913/913
f 984/984 1155/1155 912/912
f 914/914 984/984 913/913
f 983/983 984/984 914/914
f 982/982 914/914 1182/1182
f 982/982 983/983 914/914
f 1183/1183 1185/1185 1184/1184
f 1183/1183 1184/1184 1186/1186
f 1187/1187 1186/1186 1188/1188
f 1187/1187 1183/1183 1186/1186
f 1189/1189 1188/1188 1190/1190
f 1189/1189 1187/1187 1188/1188
f 1191/1191 1189/1189 1190/1190
f 1192/1192 1190/1190 1193/1193
f 1192/1192 1191/1191 1190/1190
f 1194/1194 1193/1193 1195/1195
f 1194/1194 1192/1192 1193/1193
f 1196/1196 1195/1195 1197/1197
f 1196/1196 1194/1194 1195/1195
f 1198/1198 1197/1197 1199/1199
f 1198/1198 1196/1196 1197/1197
f 1200/1200 1199/1199 1201/1201
f 1200/1200 1198/1198 1199/1199
f 1202/1202 1201/1201 1203/1203
f 1202/1202 1200/1200 1201/1201
f 1204/1204 1203/1203 1205/1205
f 1204/1204 1202/1202 1203/1203
f 1206/1206 1205/1205 1207/1207
f 1206/1206 1204/1204 1205/1205
f 1208/1208 1184/1184 1209/1209
f 1186/1186 1184/1184 1208/1208
f 1210/1210 1186/1186 1208/1208
f 1188/1188 1186/1186 1210/1210
f 1211/1211 1188/1188 1210/1210
f 1190/1190 1188/1188 1211/1211
f 1212/1212 1190/1190 1211/1211
f 1193/1193 1190/1190 1212/1212
f 1213/1213 1193/1193 1212/1212
f 1195/1195 1193/1193 1213/1213
f 1214/1214 1195/1195 1213/1213
f 1197/1197 1195/1195 1214/1214
f 1215/1215 1197/1197 1214/1214
f 1199/1199 1197/1197 1215/1215
f 1216/1216 1199/1199 1215/1215
f 1201/1201 1199/1199 1216/1216
f 1217/1217 1201/1201 1216/1216
f 1203/1203 1201/1201 1217/1217
f 1218/1218 1203/1203 1217/1217
f 1205/1205 1203/1203 1218/1218
f 1219/1219 1205/1205 1218/1218
f 1207/1207 1205/1205 1219/1219
f 1208/1208 1209/1209 1220/1220
f 1210/1210 1208/1208 1220/1220
f 1211/1211 1210/1210 1220/1220
f 1212/1212 1211/1211 1220/1220
f 1213/1213 1212/1212 1220/1220
f 1220/1220 1214/1214 1213/1213
f 1220/1220 1215/1215 1214/1214
f 1216/1216 1215/1215 1220/1220
f 1217/1217 1216/1216 1220/1220
f 1218/1218 1217/1217 1220/1220
f 1219/1219 1218/1218 1220/1220
f 1221/1221 1219/1219 1220/1220
f 1222/1222 1221/1221 1220/1220
f 1223/1223 1222/1222 1220/1220
f 1224/1224 1223/1223 1220/1220
f 1225/1225 1224/1224 1220/1220
f 1220/1220 1226/1226 1225/1225
f 1220/1220 1227/1227 1226/1226
f 1228/1228 1227/1227 1220/1220
f 1229/1229 1228/1228 1220/1220
f 1230/1230 1229/1229 1220/1220
f 1209/1209 1230/1230 1220/1220
f 1221/1221 1207/1207 1219/1219
f 1231/1231 1207/1207 1221/1221
f 1222/1222 1231/1231 1221/1221
f 1232/1232 1231/1231 1222/1222
f 1223/1223 1232/1232 1222/1222
f 1233/1233 1232/1232 1223/1223
f 1224/1224 1233/1233 1223/1223
f 1234/1234 1233/1233 1224/1224
f 1225/1225 1234/1234 1224/1224
f 1235/1235 1234/1234 1225/1225
f 1226/1226 1235/1235 1225/1225
f 1236/1236 1235/1235 1226/1226
f 1227/1227 1236/1236 1226/1226
f 1237/1237 1236/1236 1227/1227
f 1228/1228 1237/1237 1227/1227
f 1238/1238 1237/1237 1228/1228
f 1229/1229 1238/1238 1228/1228
f 1239/1239 1238/1238 1229/1229
f 1230/1230 1239/1239 1229/1229
f 1240/1240 1239/1239 1230/1230
f 1209/1209 1240/1240 1230/1230
f 1184/1184 1240/1240 1209/1209
f 1241/1241 1206/1206 1207/1207
f 1241/1241 1207/1207 1231/1231
f 1242/1242 1231/1231 1232/1232
f 1242/1242 1241/1241 1231/1231
f 1243/1243 1232/1232 1233/1233
f 1243/1243 1242/1242 1232/1232
f 1244/1244 1243/1243 1233/1233
f 1245/1245 1233/1233 1234/1234
f 1245/1245 1244/1244 1233/1233
f 1246/1246 1234/1234 1235/1235
f 1246/1246 1245/1245 1234/1234
f 1247/1247 1235/1235 1236/1236
f 1247/1247 1246/1246 1235/1235
f 1248/1248 1236/1236 1237/1237
f 1248/1248 1247/1247 1236/1236
f 1249/1249 1237/1237 1238/1238
f 1249/1249 1248/1248 1237/1237
f 1250/1250 1238/1238 1239/1239
f 1250/1250 1249/1249 1238/1238
f 1251/1251 1239/1239 1240/1240
f 1251/1251 1250/1250 1239/1239
f 1185/1185 1240/1240 1184/1184
f 1185/1185 1251/1251 1240/1240

