# https://github.com/mikedh/trimesh

o left_gripper_base_link
v 0.00470000 -0.00000000 -0.04000001
v 0.00520000 -0.00000000 -0.03950001
v 0.00520000 -0.00000000 -0.03000001
v 0.00820000 -0.00000000 -0.02700001
v 0.00705195 -0.00000000 -0.02722837
v 0.00607868 -0.00000000 -0.02787869
v -0.00980000 -0.00000000 -0.04000001
v 0.00542836 -0.00000000 -0.02885196
v 0.00819999 -0.00000000 0.02699999
v 0.00705195 -0.00000000 0.02722836
v 0.00607867 -0.00000000 0.02787867
v 0.00542836 -0.00000000 0.02885194
v 0.00519999 -0.00000000 0.02999999
v 0.00519999 -0.00000000 0.03949999
v 0.00469999 -0.00000000 0.04000000
v -0.00980001 -0.00000000 0.04000000
v 0.00819999 -0.01284523 0.02699999
v 0.00756037 -0.01286670 0.02706898
v 0.00695076 -0.01292980 0.02727246
v 0.00609987 -0.01310960 0.02785770
v 0.00545667 -0.01338980 0.02878581
v 0.00523491 -0.01010319 0.02954338
v 0.00519999 -0.01374773 0.02999999
v 0.00527509 -0.00886455 0.02933295
v 0.00519999 -0.01099947 0.02999999
v 0.00521655 -0.00727765 0.02968528
v 0.00519999 -0.00672964 0.02999999
v 0.00519999 -0.00961650 0.02940912
v 0.00519999 -0.01033791 0.02963452
v 0.00519999 -0.00886455 0.03083295
v 0.06120000 -0.01380000 -0.04600001
v 0.06120000 -0.01380000 -0.02850000
v 0.09220001 -0.01380000 -0.04800000
v 0.06320000 -0.01380000 -0.04800000
v 0.09320000 -0.01480000 0.02500000
v 0.09312388 -0.01480000 0.02538268
v 0.09220000 -0.01480000 0.02600000
v 0.05119999 -0.01480000 0.02600000
v 0.05120000 -0.01480000 0.00994987
v 0.09320001 -0.01480000 -0.04600000
v 0.09220001 -0.01480000 -0.04700000
v 0.05120000 -0.01480000 -0.00994988
v 0.06146777 -0.01480000 -0.02673224
v 0.06065671 -0.01480000 -0.02619031
v 0.06200970 -0.01480000 -0.02754330
v 0.06220000 -0.01480000 -0.02850000
v 0.05970000 -0.01480000 -0.02600000
v 0.05120000 -0.01480000 -0.02600000
v 0.06320000 -0.01480000 -0.04700001
v 0.06220000 -0.01480000 -0.04600001
v 0.06249290 -0.01480000 -0.04670711
v 0.05120000 -0.01380000 -0.02700000
v 0.05970000 -0.01380000 -0.02700000
v 0.02520000 -0.01284523 -0.02700001
v 0.00820000 -0.01284523 -0.02700001
v 0.09420000 -0.01380000 0.02500000
v 0.09420001 -0.01380000 -0.04600000
v 0.09404776 -0.01380000 0.02576537
v 0.09361421 -0.01380000 0.02641421
v 0.09296536 -0.01380000 0.02684776
v 0.09220000 -0.01380000 0.02700000
v 0.06108582 -0.01380000 -0.02792598
v 0.06076067 -0.01380000 -0.02743934
v 0.06027403 -0.01380000 -0.02711418
v 0.06135225 -0.01380000 -0.04676537
v 0.06178579 -0.01380000 -0.04741422
v 0.06243464 -0.01380000 -0.04784777
v 0.09296537 -0.01380000 -0.04784776
v 0.09361422 -0.01380000 -0.04741422
v 0.09404777 -0.01380000 -0.04676537
v 0.05119999 -0.01380000 0.02700000
v 0.02519999 -0.01284523 0.02700000
v 0.02520000 -0.02700000 -0.00994988
v 0.02520000 -0.02692153 -0.01191420
v 0.02992697 -0.02644042 -0.00994988
v 0.04621612 -0.01469171 -0.02591579
v 0.04814248 -0.01475656 -0.02588888
v 0.04436546 -0.01461202 -0.02594687
v 0.04257873 -0.01452921 -0.02598117
v 0.02520000 -0.01328817 -0.02689656
v 0.04831915 -0.01489799 -0.02123114
v 0.04084723 -0.01445151 -0.02601774
v 0.04652383 -0.01506521 -0.02135479
v 0.03916536 -0.01438366 -0.02605560
v 0.04481089 -0.01530513 -0.02148370
v 0.04841969 -0.01499471 -0.01778782
v 0.03752761 -0.01433024 -0.02609381
v 0.04316396 -0.01561002 -0.02161573
v 0.04669993 -0.01532095 -0.01792051
v 0.03592863 -0.01429569 -0.02613139
v 0.04156819 -0.01597026 -0.02174863
v 0.04507256 -0.01577669 -0.01805817
v 0.04850936 -0.01507484 -0.01464097
v 0.04001084 -0.01637427 -0.02188009
v 0.04351841 -0.01633765 -0.01819928
v 0.04685651 -0.01553302 -0.01474785
v 0.03284011 -0.01428439 -0.02620086
v 0.03847935 -0.01681061 -0.02200773
v 0.04860383 -0.01511231 -0.01196949
v 0.04723691 -0.01557291 -0.00994988
v 0.04693126 -0.01560042 -0.01339615
v 0.04201672 -0.01698089 -0.01834197
v 0.04530814 -0.01616540 -0.01485777
v 0.03135160 -0.01430315 -0.02623083
v 0.03696136 -0.01726780 -0.02212913
v 0.04701716 -0.01563111 -0.01201874
v 0.04541567 -0.01628955 -0.01348096
v 0.04054777 -0.01768444 -0.01848383
v 0.04384264 -0.01693162 -0.01497082
v 0.03544668 -0.01773195 -0.02224185
v 0.04553361 -0.01634720 -0.01206715
v 0.02919126 -0.01435405 -0.02626711
v 0.02520000 -0.01777809 -0.02416485
v 0.04398368 -0.01712328 -0.01356789
v 0.03909248 -0.01842760 -0.01862214
v 0.04243254 -0.01779693 -0.01508632
v 0.03392721 -0.01818672 -0.02234346
v 0.04566259 -0.01632826 -0.01065290
v 0.04380695 -0.01753951 -0.00994988
v 0.04412988 -0.01721577 -0.01211619
v 0.04260621 -0.01806334 -0.01365704
v 0.03763254 -0.01918978 -0.01875395
v 0.04105030 -0.01873139 -0.01520250
v 0.03239520 -0.01861552 -0.02243158
v 0.04428010 -0.01719519 -0.01066766
v 0.04277705 -0.01819740 -0.01216666
v 0.04125389 -0.01907687 -0.01374731
v 0.03615160 -0.01994836 -0.01887626
v 0.03966974 -0.01970785 -0.01531678
v 0.04294138 -0.01818244 -0.01068298
v 0.04144576 -0.01925740 -0.01221836
v 0.03989869 -0.02013401 -0.01383679
v 0.03463541 -0.02067824 -0.01898609
v 0.03826610 -0.02069964 -0.01542620
v 0.03005819 -0.01917272 -0.02253337
v 0.02520000 -0.02172238 -0.02069151
v 0.04161966 -0.01925451 -0.01069893
v 0.03851416 -0.02120541 -0.01392312
v 0.03307099 -0.02135335 -0.01908064
v 0.03681681 -0.02167813 -0.01552762
v 0.03873626 -0.02148419 -0.01232162
v 0.03707580 -0.02225995 -0.01400378
v 0.03530166 -0.02261182 -0.01561796
v 0.03061033 -0.02220497 -0.01918858
v 0.02520000 -0.02500000 -0.01658313
v 0.03892266 -0.02151584 -0.01073170
v 0.03383643 -0.02497291 -0.00994988
v 0.03730572 -0.02258615 -0.01237055
v 0.03556135 -0.02326385 -0.01407633
v 0.03370299 -0.02346718 -0.01569452
v 0.03749663 -0.02263619 -0.01074766
v 0.03579250 -0.02363433 -0.01241589
v 0.03395126 -0.02418116 -0.01413869
v 0.03111960 -0.02452816 -0.01577962
v 0.02520000 -0.02649277 -0.01382749
v 0.03598620 -0.02370251 -0.01076278
v 0.03417516 -0.02459178 -0.01245665
v 0.03132426 -0.02531431 -0.01421074
v 0.03436803 -0.02467839 -0.01077675
v 0.03151560 -0.02577556 -0.01250875
v 0.03169150 -0.02589242 -0.01079574
v 0.00820000 -0.02500000 -0.01658313
v 0.00820000 -0.02172238 -0.02069151
v 0.00820000 -0.01777809 -0.02416485
v 0.00820000 -0.01328817 -0.02689656
v 0.00545675 -0.01356246 -0.02874696
v 0.00520000 -0.01620178 -0.02874896
v 0.00520000 -0.01374773 -0.03000001
v 0.00653572 -0.02168297 -0.02145548
v 0.00637045 -0.02227945 -0.02100863
v 0.00520000 -0.02691185 -0.01909850
v 0.00542836 -0.02654329 -0.01760684
v 0.00520000 -0.02750000 -0.01824144
v 0.00534286 -0.01575268 -0.02795205
v 0.00609966 -0.01342020 -0.02778685
v 0.00568884 -0.01539593 -0.02731904
v 0.00695030 -0.01333018 -0.02717981
v 0.00637044 -0.01503450 -0.02667769
v 0.00705195 -0.01484101 -0.02633436
v 0.00756004 -0.01329882 -0.02696832
v 0.00534286 -0.01802895 -0.02654093
v 0.00520000 -0.01854295 -0.02729761
v 0.00568884 -0.01762066 -0.02593987
v 0.00637044 -0.01720700 -0.02533090
v 0.00705195 -0.01698555 -0.02500491
v 0.00520000 -0.02075493 -0.02565606
v 0.00534287 -0.02049748 -0.02468436
v 0.00568884 -0.01972261 -0.02437997
v 0.00568893 -0.02050045 -0.02372972
v 0.00637044 -0.01925961 -0.02380763
v 0.00611298 -0.02073130 -0.02283909
v 0.00705195 -0.01901174 -0.02350123
v 0.00705195 -0.02096871 -0.02177308
v 0.00646905 -0.02119162 -0.02200459
v 0.00637044 -0.02285398 -0.02038212
v 0.00596928 -0.02313131 -0.02062945
v 0.00551203 -0.02416357 -0.02046884
v 0.00520000 -0.02565605 -0.02075494
v 0.00534286 -0.02556805 -0.01938398
v 0.00528703 -0.02491106 -0.02053292
v 0.00705195 -0.02255986 -0.02011981
v 0.00568883 -0.02498903 -0.01894500
v 0.00607867 -0.02573223 -0.01706884
v 0.00637044 -0.02440238 -0.01850024
v 0.00705195 -0.02519030 -0.01670936
v 0.00705195 -0.02408834 -0.01826215
v 0.00519999 -0.01220617 0.03756673
v 0.00519999 -0.00811260 0.02940912
v 0.00519999 -0.02321752 0.03195617
v 0.00519999 -0.01903523 0.02695663
v 0.00519999 -0.02367215 0.02299194
v 0.00519999 -0.03195617 0.02321751
v 0.00519999 -0.02750000 0.01824143
v 0.00519999 -0.02862607 0.01638431
v 0.00519999 -0.02946586 0.01439414
v 0.00519999 -0.02998871 0.01098306
v 0.00519999 -0.02949918 0.00996863
v 0.00519999 -0.02933297 0.00885459
v 0.00519999 -0.02950509 0.00774145
v 0.00519999 -0.03756673 0.01220616
v 0.00519999 -0.03950000 -0.00000001
v 0.00520000 -0.03000000 -0.00994988
v 0.00520000 -0.02156676 -0.02156677
v 0.00520000 -0.02075350 -0.02278421
v 0.00520000 -0.02278421 -0.02075351
v 0.00520000 -0.02046841 -0.02422028
v 0.00520000 -0.02422027 -0.02046842
v 0.00519999 -0.03756673 -0.01220618
v 0.00520000 -0.02988490 -0.01240408
v 0.00520000 -0.02933793 -0.01478077
v 0.00520000 -0.01220617 -0.03756674
v 0.00520000 -0.03195617 -0.02321753
v 0.00520000 -0.02321752 -0.03195618
v 0.00705195 -0.02519030 0.01670935
v 0.00819999 -0.02649453 0.01382292
v 0.00819999 -0.02500000 0.01658312
v 0.00542836 -0.02654329 0.01760682
v 0.00607867 -0.02573223 0.01706883
v 0.00819999 -0.02692516 0.01188213
v 0.00717050 -0.02718217 0.00994987
v 0.00819999 -0.02700000 0.00994987
v 0.00626604 -0.02770657 0.00994987
v 0.00559646 -0.02850950 0.00994987
v 0.00607867 -0.02745862 0.01370446
v 0.00542836 -0.02885195 -0.00994988
v 0.00607867 -0.02787868 -0.00994988
v 0.00705195 -0.02722836 -0.00994988
v 0.00820000 -0.02700000 -0.00994988
v 0.02520000 -0.02700000 0.00994987
v 0.00470000 -0.01236068 -0.03804227
v -0.00980000 -0.01236068 -0.03804227
v 0.00470000 -0.02351141 -0.03236069
v -0.00980000 -0.02351141 -0.03236069
v -0.00980000 -0.03236068 -0.02351142
v 0.00470000 -0.03236068 -0.02351142
v -0.00980001 -0.03804226 -0.01236069
v 0.00469999 -0.03804226 -0.01236069
v -0.00980001 -0.04000000 -0.00000001
v 0.00469999 -0.04000000 -0.00000001
v -0.00980001 -0.03804226 0.01236067
v 0.00469999 -0.03804226 0.01236067
v -0.00980001 -0.03236068 0.02351140
v 0.00469999 -0.03236068 0.02351140
v 0.00469999 -0.02351141 0.03236067
v -0.00980001 -0.02351141 0.03236067
v -0.00980001 -0.01236068 0.03804225
v 0.00469999 -0.01236068 0.03804225
v 0.01386666 -0.02661685 -0.01345249
v 0.00820000 -0.02672097 -0.01307134
v 0.00820000 -0.02602661 -0.01488206
v 0.01386666 -0.02661685 0.01345248
v 0.02519999 -0.02500000 0.01658312
v 0.02519999 -0.02672097 0.01307133
v 0.02519999 -0.02602661 0.01488205
v 0.02519999 -0.01706392 0.02467388
v 0.02519999 -0.01328817 0.02689655
v 0.00819999 -0.01328817 0.02689655
v 0.00819999 -0.01777809 0.02416484
v 0.02519999 -0.02047606 0.02192550
v 0.00819999 -0.02172238 0.02069150
v 0.04723691 -0.01557291 0.00994987
v 0.04380695 -0.01753951 0.00994987
v 0.03383643 -0.02497291 0.00994987
v 0.02992697 -0.02644042 0.00994987
v 0.03161173 -0.02587321 0.01164970
v 0.03144327 -0.02561662 0.01337285
v 0.03428639 -0.02467560 0.01161345
v 0.03126503 -0.02498905 0.01502214
v 0.03410348 -0.02446610 0.01331099
v 0.03590682 -0.02370842 0.01158583
v 0.03107645 -0.02414348 0.01653063
v 0.03390100 -0.02391105 0.01494726
v 0.03572383 -0.02353048 0.01325875
v 0.03741929 -0.02264994 0.01155540
v 0.03367963 -0.02315488 0.01644466
v 0.03551744 -0.02303254 0.01487756
v 0.03723904 -0.02250431 0.01319838
v 0.03884621 -0.02153709 0.01152282
v 0.03528894 -0.02234891 0.01636347
v 0.03703474 -0.02206905 0.01479376
v 0.03866966 -0.02142464 0.01313164
v 0.03680801 -0.02146572 0.01626539
v 0.03847163 -0.02105614 0.01469879
v 0.04003949 -0.02032589 0.01306074
v 0.04154212 -0.01928804 0.01145505
v 0.03012238 -0.01923626 0.02254464
v 0.03825367 -0.02053849 0.01615388
v 0.03985086 -0.02002610 0.01459617
v 0.04137484 -0.01923952 0.01298800
v 0.04286385 -0.01821810 0.01142172
v 0.03250504 -0.01871176 0.02244866
v 0.03964712 -0.01959690 0.01603306
v 0.04119837 -0.01900741 0.01448952
v 0.04270409 -0.01819514 0.01291552
v 0.04420516 -0.01722840 0.01138961
v 0.02960663 -0.01628396 0.02498392
v 0.03405496 -0.01829795 0.02236136
v 0.04101320 -0.01866628 0.01590716
v 0.04254289 -0.01802613 0.01438223
v 0.04405757 -0.01722300 0.01284487
v 0.04559515 -0.01635412 0.01135866
v 0.03186282 -0.01603955 0.02491969
v 0.03557822 -0.01785466 0.02225803
v 0.04237993 -0.01776913 0.01578011
v 0.04391548 -0.01710909 0.01427698
v 0.04546724 -0.01635700 0.01277662
v 0.04706245 -0.01563455 0.01132800
v 0.03337757 -0.01586173 0.02486289
v 0.03708274 -0.01739958 0.02214178
v 0.04377787 -0.01692881 0.01565515
v 0.04534925 -0.01628764 0.01417526
v 0.04696435 -0.01563794 0.01270991
v 0.04863073 -0.01511378 0.01129614
v 0.03490254 -0.01568240 0.02479664
v 0.03857883 -0.01694842 0.02201602
v 0.04523981 -0.01617355 0.01553415
v 0.04687661 -0.01560160 0.01407674
v 0.04008026 -0.01651292 0.02188426
v 0.04679796 -0.01554051 0.01541709
v 0.04851985 -0.01510047 0.01397989
v 0.03799669 -0.01535150 0.02464289
v 0.04160398 -0.01610157 0.02174985
v 0.04847375 -0.01507715 0.01530258
v 0.03957693 -0.01521151 0.02455913
v 0.04316838 -0.01572323 0.02161575
v 0.04119157 -0.01509072 0.02447323
v 0.04479309 -0.01538933 0.02148419
v 0.04285111 -0.01499003 0.02438691
v 0.04649904 -0.01511423 0.02135642
v 0.04456655 -0.01491102 0.02430165
v 0.04830297 -0.01491601 0.02123292
v 0.04635128 -0.01485391 0.02421859
v 0.04821945 -0.01481780 0.02413869
v 0.00530466 -0.02332584 0.02221886
v 0.00561299 -0.02279473 0.02171295
v 0.00627405 -0.02222912 0.02117418
v 0.00705195 -0.02188773 0.02084900
v 0.00530466 -0.01909039 0.02594859
v 0.00561299 -0.01865572 0.02535776
v 0.00627405 -0.01819281 0.02472855
v 0.00705195 -0.01791341 0.02434878
v 0.00530468 -0.01362801 0.02918990
v 0.00561297 -0.01351580 0.02843192
v 0.00561299 -0.01394416 0.02822432
v 0.00627408 -0.01339591 0.02762303
v 0.00627405 -0.01359816 0.02752399
v 0.00705195 -0.01338932 0.02710128
v 0.00530463 -0.01351732 -0.02921474
v 0.00561295 -0.01329843 -0.02848104
v 0.00627439 -0.01306128 -0.02769964
v 0.00717040 -0.01290187 -0.02718227
v 0.00607867 -0.02745813 -0.01370610
v 0.00819999 -0.01314640 0.02695356
v 0.00819999 -0.01299760 0.02698832
v 0.02519999 -0.01307264 0.02697368
v 0.04141408 -0.01399555 0.02681630
v 0.05119999 -0.01472388 0.02638268
v 0.05119999 -0.01418268 0.02692388
v 0.05119999 -0.01450711 0.02670711
v 0.03169584 -0.01320423 0.02695246
v 0.09220000 -0.01418268 0.02692388
v 0.09220000 -0.01450711 0.02670711
v 0.09220000 -0.01472388 0.02638268
v 0.09358268 -0.01472388 0.02500000
v 0.09412389 -0.01418268 0.02500000
v 0.09289134 -0.01472388 0.02619744
v 0.09305356 -0.01450711 0.02647840
v 0.09316195 -0.01418268 0.02666613
v 0.09339745 -0.01472388 0.02569134
v 0.09367840 -0.01450711 0.02585356
v 0.09390711 -0.01450711 0.02500000
v 0.09386613 -0.01418268 0.02596194
v 0.09358269 -0.01472388 -0.04600000
v 0.09390712 -0.01450711 -0.04600000
v 0.09412389 -0.01418268 -0.04600000
v 0.09220001 -0.01472388 -0.04738269
v 0.09220001 -0.01418268 -0.04792388
v 0.09339745 -0.01472388 -0.04669134
v 0.09367841 -0.01450711 -0.04685356
v 0.09386614 -0.01418268 -0.04696194
v 0.09289135 -0.01472388 -0.04719744
v 0.09305356 -0.01450711 -0.04747840
v 0.09220001 -0.01450711 -0.04770711
v 0.09316196 -0.01418268 -0.04766613
v 0.06320000 -0.01418268 -0.04792389
v 0.06320000 -0.01450711 -0.04770711
v 0.06320000 -0.01472388 -0.04738269
v 0.06127613 -0.01418268 -0.04600001
v 0.06267088 -0.01472388 -0.04727744
v 0.06254672 -0.01450711 -0.04757717
v 0.06222230 -0.01472388 -0.04697771
v 0.06246377 -0.01418268 -0.04777744
v 0.06199289 -0.01450711 -0.04720711
v 0.06192257 -0.01472388 -0.04652914
v 0.06181732 -0.01472388 -0.04600001
v 0.06183961 -0.01418268 -0.04736039
v 0.06162284 -0.01450711 -0.04665329
v 0.06149290 -0.01450711 -0.04600001
v 0.06142257 -0.01418268 -0.04673624
v 0.06181732 -0.01472388 -0.02850000
v 0.06149290 -0.01450711 -0.02850000
v 0.06127613 -0.01418268 -0.02850000
v 0.06030316 -0.01418268 -0.02704386
v 0.05970000 -0.01418268 -0.02692388
v 0.06038611 -0.01450711 -0.02684359
v 0.05970000 -0.01450711 -0.02670711
v 0.06081449 -0.01418268 -0.02738552
v 0.06051026 -0.01472388 -0.02654386
v 0.05970000 -0.01472388 -0.02638269
v 0.06096777 -0.01450711 -0.02723224
v 0.06115615 -0.01418268 -0.02789685
v 0.06119717 -0.01472388 -0.02700283
v 0.06135642 -0.01450711 -0.02781389
v 0.06165615 -0.01472388 -0.02768974
v 0.05120000 -0.01472388 -0.02638269
v 0.05120000 -0.01450711 -0.02670711
v 0.05120000 -0.01418268 -0.02692388
v 0.02845131 -0.01309448 -0.02696848
v 0.03817239 -0.01370508 -0.02687405
v 0.04141443 -0.01400116 -0.02681385
v 0.04466350 -0.01425855 -0.02675731
v 0.04792538 -0.01444013 -0.02671969
v 0.00820000 -0.01314640 -0.02695358
v 0.00820000 -0.01299760 -0.02698833
v 0.00820000 0.01284523 -0.02700001
v 0.00717040 0.01290186 -0.02718227
v 0.00627439 0.01306128 -0.02769964
v 0.00561295 0.01329843 -0.02848104
v 0.00525219 0.00976535 -0.02944280
v 0.00530463 0.01351732 -0.02921474
v 0.00526899 0.00841298 -0.02936028
v 0.00520000 0.01374773 -0.03000001
v 0.06120000 0.01380000 -0.04600001
v 0.06120000 0.01380000 -0.02850000
v 0.09220001 0.01380000 -0.04800000
v 0.06320000 0.01380000 -0.04800000
v -0.00980000 0.02351141 0.03236067
v -0.00980000 0.03236068 0.02351140
v -0.00980001 0.01236068 0.03804225
v -0.00980000 0.03804226 0.01236067
v -0.00980000 0.04000000 -0.00000001
v -0.00980000 0.03804226 -0.01236069
v -0.00980000 0.03236068 -0.02351142
v -0.00980000 0.02351141 -0.03236069
v -0.00980000 0.01236068 -0.03804227
v 0.00469999 0.01236068 0.03804225
v 0.00470000 0.02351141 0.03236067
v 0.00470000 0.03236068 0.02351140
v 0.00470000 0.03804226 0.01236067
v 0.00470000 0.04000000 -0.00000001
v 0.00470000 0.03804226 -0.01236069
v 0.00470000 0.03236068 -0.02351142
v 0.00470000 0.02351141 -0.03236069
v 0.00470000 0.01236068 -0.03804227
v 0.00520000 0.02321752 0.03195617
v 0.00520000 0.03195617 0.02321751
v 0.00520000 0.02565605 0.02075492
v 0.00520000 0.02075493 0.02565604
v 0.00520000 0.02691185 0.01909849
v 0.00520000 0.01854295 0.02729759
v 0.00520000 0.02470880 0.02050060
v 0.00520000 0.01620178 0.02874894
v 0.00520000 0.02875835 0.01612932
v 0.00520000 0.03756673 0.01220616
v 0.00520000 0.02046841 0.02422064
v 0.00520000 0.02421841 0.02046840
v 0.00519999 0.01220617 0.03756673
v 0.00520000 0.01374773 0.02999999
v 0.00520000 0.02075322 0.02278489
v 0.00520000 0.02278283 0.02075407
v 0.00520000 0.02961929 0.01384746
v 0.00520000 0.02156597 0.02156754
v 0.00520000 0.03000000 0.00994987
v 0.00520000 0.03950000 -0.00000001
v 0.00520000 0.03756673 -0.01220618
v 0.00520000 0.02950509 -0.00774146
v 0.00520000 0.02933297 -0.00885460
v 0.00520000 0.02949918 -0.00996864
v 0.00520000 0.02998871 -0.01098307
v 0.00520000 0.02932977 -0.01480393
v 0.00520000 0.03195617 -0.02321753
v 0.00520000 0.02750000 -0.01824144
v 0.00520000 0.02367215 -0.02299195
v 0.00520000 0.02321752 -0.03195618
v 0.00520000 0.01903523 -0.02695664
v 0.00520000 0.01220617 -0.03756674
v 0.00630383 0.02243544 0.02091939
v 0.00649878 0.02127458 0.02189544
v 0.00651784 0.02180744 0.02134618
v 0.00549179 0.02421841 0.02046840
v 0.00588904 0.02329640 0.02058351
v 0.00615626 0.02076747 0.02275077
v 0.00571702 0.02050926 0.02366604
v 0.00535207 0.02049343 0.02465089
v 0.00530469 0.01362801 0.02918990
v 0.00542836 0.02654329 0.01760682
v 0.00561298 0.01351580 0.02843192
v 0.00530466 0.01581612 0.02806462
v 0.00627409 0.01339591 0.02762303
v 0.00561299 0.01545600 0.02742561
v 0.00716994 0.01331628 0.02708607
v 0.00615618 0.01512358 0.02683575
v 0.00530466 0.01810157 0.02664781
v 0.00820000 0.01777809 0.02416484
v 0.00705195 0.01484101 0.02633435
v 0.00820000 0.01328817 0.02689655
v 0.00561299 0.01768941 0.02604106
v 0.00615618 0.01730895 0.02548099
v 0.00530466 0.02026089 0.02504534
v 0.00705195 0.01698555 0.02500489
v 0.00561299 0.01979956 0.02447507
v 0.00615618 0.01937372 0.02394868
v 0.00820000 0.02172238 0.02069150
v 0.00705195 0.01901174 0.02350122
v 0.00705195 0.02106511 0.02167983
v 0.00615618 0.02308423 0.02039605
v 0.00528099 0.02493912 0.02053831
v 0.00530467 0.02567103 0.01946203
v 0.00705195 0.02265292 0.02001496
v 0.00561299 0.02508652 0.01901890
v 0.00607868 0.02573223 0.01706883
v 0.00615618 0.02454698 0.01860985
v 0.00705195 0.02519030 0.01670935
v 0.00705195 0.02408834 0.01826214
v 0.00820000 0.02500000 0.01658312
v 0.00820000 0.02700000 -0.00994988
v 0.00717051 0.02718217 -0.00994988
v 0.00820000 0.02700000 0.00994987
v 0.00705195 0.02722836 0.00994987
v 0.00626605 0.02770657 -0.00994988
v 0.00607868 0.02787868 0.00994987
v 0.00559646 0.02850950 -0.00994988
v 0.00542836 0.02885195 0.00994987
v 0.00820000 0.02672097 -0.01307134
v 0.00542836 0.02654329 -0.01760684
v 0.00820000 0.02602661 -0.01488206
v 0.00705195 0.02519030 -0.01670936
v 0.00607868 0.02573223 -0.01706884
v 0.00820000 0.02500000 -0.01658313
v 0.00607868 0.02745813 -0.01370610
v 0.01386666 0.02661684 -0.01345249
v 0.02520000 0.02700000 -0.00994988
v 0.02520000 0.02649277 -0.01382749
v 0.02520000 0.02500000 -0.01658313
v 0.02520000 0.02692153 -0.01191420
v 0.02520000 0.02500000 0.01658312
v 0.02520000 0.02046738 0.02193361
v 0.02520000 0.01705621 0.02467977
v 0.02520000 0.01328817 0.02689655
v 0.03119857 0.02607362 0.00994987
v 0.02520000 0.02700000 0.00994987
v 0.02520000 0.02672001 0.01307542
v 0.04422321 0.01724315 0.01013199
v 0.03672650 0.02321415 0.00994987
v 0.04365270 0.01764962 0.01043930
v 0.04484616 0.01682678 0.00994987
v 0.04842675 0.01517127 0.00994987
v 0.04595383 0.01617398 0.00994987
v 0.04703701 0.01565439 0.01036746
v 0.04785270 0.01534178 0.01110414
v 0.03161173 0.02587321 0.01164970
v 0.03144327 0.02561662 0.01337285
v 0.02520000 0.02601534 0.01490403
v 0.03428639 0.02467560 0.01161345
v 0.03126503 0.02498905 0.01502214
v 0.03410348 0.02446609 0.01331099
v 0.03590682 0.02370841 0.01158583
v 0.03107645 0.02414348 0.01653063
v 0.03390100 0.02391104 0.01494726
v 0.03572383 0.02353047 0.01325875
v 0.03741929 0.02264994 0.01155540
v 0.03367963 0.02315487 0.01644466
v 0.03551744 0.02303253 0.01487756
v 0.03723904 0.02250431 0.01319838
v 0.03884622 0.02153709 0.01152282
v 0.03528894 0.02234890 0.01636347
v 0.03703474 0.02206905 0.01479376
v 0.03866966 0.02142464 0.01313164
v 0.04021191 0.02040524 0.01148904
v 0.03680802 0.02146571 0.01626539
v 0.03847163 0.02105613 0.01469879
v 0.04003949 0.02032589 0.01306074
v 0.04154212 0.01928804 0.01145505
v 0.04235930 0.01853319 0.01239631
v 0.04260018 0.01841002 0.01166986
v 0.04298629 0.01813993 0.01105474
v 0.03012238 0.01923626 0.02254464
v 0.03825367 0.02053848 0.01615388
v 0.03985086 0.02002610 0.01459617
v 0.04137484 0.01923952 0.01298800
v 0.04230819 0.01845056 0.01322465
v 0.03250504 0.01871175 0.02244866
v 0.03964712 0.01959689 0.01603306
v 0.04119837 0.01900741 0.01448952
v 0.04255556 0.01805251 0.01423264
v 0.02960663 0.01628396 0.02498392
v 0.03405496 0.01829795 0.02236136
v 0.04101320 0.01866628 0.01590716
v 0.03186282 0.01603955 0.02491969
v 0.03557822 0.01785466 0.02225803
v 0.04237993 0.01776913 0.01578011
v 0.04420158 0.01665144 0.01585899
v 0.04322501 0.01736356 0.01520916
v 0.03337757 0.01586172 0.02486289
v 0.03708274 0.01739957 0.02214178
v 0.04863073 0.01511377 0.01129614
v 0.05120000 0.01480000 0.00994987
v 0.04833478 0.01518540 0.01200153
v 0.03490254 0.01568240 0.02479664
v 0.03857883 0.01694842 0.02201602
v 0.04849987 0.01512599 0.01301751
v 0.04008026 0.01651292 0.02188426
v 0.04832264 0.01514636 0.01403348
v 0.03799669 0.01535149 0.02464289
v 0.05119999 0.01480000 0.02600000
v 0.04160398 0.01610157 0.02174985
v 0.04847375 0.01507715 0.01530258
v 0.04782451 0.01524637 0.01493177
v 0.04707133 0.01543595 0.01561084
v 0.03957693 0.01521151 0.02455913
v 0.04316838 0.01572323 0.02161575
v 0.04540000 0.01602666 0.01610000
v 0.04119157 0.01509072 0.02447323
v 0.04479309 0.01538933 0.02148419
v 0.04285111 0.01499003 0.02438691
v 0.04649904 0.01511423 0.02135642
v 0.04625791 0.01569078 0.01597886
v 0.04456655 0.01491101 0.02430165
v 0.04830297 0.01491601 0.02123292
v 0.04635128 0.01485391 0.02421859
v 0.04821945 0.01481779 0.02413869
v 0.04540000 0.01648559 0.00990000
v 0.09312388 0.01480000 0.02538268
v 0.09320000 0.01480000 0.02500000
v 0.09220000 0.01480000 0.02600000
v 0.05120000 0.01480000 -0.00994988
v 0.05970000 0.01480000 -0.02600000
v 0.05120000 0.01480000 -0.02600000
v 0.06065671 0.01480000 -0.02619031
v 0.06146777 0.01480000 -0.02673224
v 0.06200970 0.01480000 -0.02754330
v 0.06220000 0.01480000 -0.02850000
v 0.06220000 0.01480000 -0.04600001
v 0.06249290 0.01480000 -0.04670711
v 0.06320000 0.01480000 -0.04700001
v 0.09320001 0.01480000 -0.04600000
v 0.09220001 0.01480000 -0.04700000
v 0.09290712 0.01480000 -0.04670711
v 0.03119857 0.02607362 -0.00994988
v 0.03672650 0.02321415 -0.00994988
v 0.04484616 0.01682678 -0.00994988
v 0.04540000 0.01648559 -0.00990000
v 0.04595383 0.01617398 -0.00994988
v 0.04842675 0.01517127 -0.00994988
v 0.04540000 0.01594821 -0.01610000
v 0.04626353 0.01563269 -0.01597724
v 0.04707933 0.01539744 -0.01560571
v 0.04783122 0.01522451 -0.01492334
v 0.04832599 0.01513476 -0.01402396
v 0.04849991 0.01511996 -0.01300912
v 0.04833267 0.01518252 -0.01199536
v 0.04784998 0.01534100 -0.01110063
v 0.04703519 0.01565477 -0.01036634
v 0.01386666 0.02661684 0.01345248
v 0.00820000 0.02649453 0.01382292
v 0.00820000 0.02692516 0.01188213
v 0.02520000 0.01328817 -0.02689656
v 0.00820000 0.01328817 -0.02689656
v 0.00820000 0.01777809 -0.02416485
v 0.02520000 0.01915064 -0.02309221
v 0.00820000 0.02172238 -0.02069151
v 0.02520000 0.02231156 -0.02005496
v 0.04412334 0.01731244 -0.01017505
v 0.04652383 0.01506521 -0.02135479
v 0.04831915 0.01489799 -0.02123114
v 0.04481089 0.01530513 -0.02148370
v 0.04841969 0.01499471 -0.01778782
v 0.04316396 0.01561002 -0.02161573
v 0.04669993 0.01532095 -0.01792051
v 0.04156819 0.01597026 -0.02174863
v 0.04507256 0.01577669 -0.01805817
v 0.04419222 0.01655122 -0.01585506
v 0.04001084 0.01637427 -0.02188009
v 0.04351841 0.01633765 -0.01819928
v 0.04201672 0.01698089 -0.01834197
v 0.04321562 0.01725746 -0.01519986
v 0.04866250 0.01510833 -0.01062270
v 0.04054777 0.01768444 -0.01848383
v 0.03696136 0.01726780 -0.02212913
v 0.03909248 0.01842759 -0.01862214
v 0.03847935 0.01681061 -0.02200773
v 0.04243254 0.01779693 -0.01508632
v 0.04255319 0.01795883 -0.01422718
v 0.03763254 0.01918977 -0.01875395
v 0.04105030 0.01873139 -0.01520250
v 0.04125389 0.01907687 -0.01374731
v 0.04230855 0.01838289 -0.01322971
v 0.03544668 0.01773195 -0.02224185
v 0.03615160 0.01994835 -0.01887626
v 0.03966974 0.01970785 -0.01531678
v 0.04259730 0.01839063 -0.01167621
v 0.04294138 0.01818244 -0.01068298
v 0.04298457 0.01813244 -0.01105689
v 0.04347347 0.01777829 -0.01057131
v 0.04144576 0.01925740 -0.01221836
v 0.04235760 0.01849276 -0.01240496
v 0.03989869 0.02013401 -0.01383679
v 0.03463541 0.02067824 -0.01898609
v 0.03392721 0.01818672 -0.02234346
v 0.03826610 0.02069964 -0.01542620
v 0.03005819 0.01917272 -0.02253337
v 0.04161966 0.01925451 -0.01069893
v 0.03851416 0.02120540 -0.01392312
v 0.03239520 0.01861552 -0.02243158
v 0.03307100 0.02135334 -0.01908064
v 0.03681681 0.02167813 -0.01552762
v 0.04028865 0.02037704 -0.01071530
v 0.03873627 0.02148418 -0.01232162
v 0.03707580 0.02225995 -0.01400378
v 0.03530166 0.02261182 -0.01561796
v 0.03061033 0.02220497 -0.01918858
v 0.03892267 0.02151584 -0.01073170
v 0.03730572 0.02258615 -0.01237055
v 0.03556135 0.02326385 -0.01407633
v 0.03370299 0.02346718 -0.01569452
v 0.03749663 0.02263619 -0.01074766
v 0.03579250 0.02363433 -0.01241589
v 0.03395126 0.02418116 -0.01413869
v 0.03111960 0.02452816 -0.01577962
v 0.03598620 0.02370250 -0.01076278
v 0.03417516 0.02459178 -0.01245665
v 0.03132426 0.02531431 -0.01421074
v 0.03436803 0.02467839 -0.01077675
v 0.03151560 0.02577556 -0.01250875
v 0.03169150 0.02589242 -0.01079574
v 0.03147138 0.01613264 -0.02485990
v 0.03072207 0.01622348 -0.02488384
v 0.05119999 0.01380000 0.02700000
v 0.09220000 0.01380000 0.02700000
v 0.02520000 0.01284523 0.02700000
v 0.00820000 0.01284523 0.02699999
v 0.09404776 0.01380000 -0.04676537
v 0.09420001 0.01380000 -0.04600000
v 0.09361422 0.01380000 -0.04741422
v 0.09296537 0.01380000 -0.04784776
v 0.06243464 0.01380000 -0.04784777
v 0.06178579 0.01380000 -0.04741422
v 0.06135225 0.01380000 -0.04676537
v 0.05970000 0.01380000 -0.02700000
v 0.06027403 0.01380000 -0.02711418
v 0.06076067 0.01380000 -0.02743934
v 0.06108582 0.01380000 -0.02792598
v 0.09296536 0.01380000 0.02684776
v 0.09361421 0.01380000 0.02641421
v 0.09404776 0.01380000 0.02576537
v 0.09420000 0.01380000 0.02500000
v 0.02520000 0.01284523 -0.02700001
v 0.05120000 0.01380000 -0.02700000
v 0.00545667 0.01338979 0.02878581
v 0.00609988 0.01310960 0.02785770
v 0.00695076 0.01292980 0.02727246
v 0.00756037 0.01286670 0.02706898
v 0.00607868 0.02745862 0.01370446
v 0.00756004 0.01329881 -0.02696832
v 0.00542836 0.02306334 -0.02196883
v 0.00607868 0.02235861 -0.02129755
v 0.00695030 0.02191983 -0.02087958
v 0.00542836 0.01887556 -0.02565659
v 0.00607868 0.01829879 -0.02487263
v 0.00695030 0.01793968 -0.02438450
v 0.00545675 0.01356246 -0.02874696
v 0.00609967 0.01342020 -0.02778685
v 0.00607868 0.01367737 -0.02768434
v 0.00695030 0.01333018 -0.02717981
v 0.00820000 0.01299759 0.02698832
v 0.00820000 0.01314640 0.02695356
v 0.02520000 0.01307264 0.02697368
v 0.04141408 0.01399555 0.02681630
v 0.05119999 0.01418268 0.02692388
v 0.05119999 0.01450711 0.02670711
v 0.05119999 0.01472388 0.02638268
v 0.03169584 0.01320423 0.02695246
v 0.09220000 0.01472388 0.02638268
v 0.09220000 0.01450711 0.02670711
v 0.09220000 0.01418268 0.02692388
v 0.09358268 0.01472388 0.02500000
v 0.09412389 0.01418268 0.02500000
v 0.09339745 0.01472388 0.02569134
v 0.09367839 0.01450711 0.02585356
v 0.09390711 0.01450711 0.02500000
v 0.09386613 0.01418268 0.02596194
v 0.09289134 0.01472388 0.02619744
v 0.09305356 0.01450711 0.02647840
v 0.09316194 0.01418268 0.02666613
v 0.09412389 0.01418268 -0.04600000
v 0.09390712 0.01450711 -0.04600000
v 0.09358269 0.01472388 -0.04600000
v 0.09220001 0.01472388 -0.04738269
v 0.09220001 0.01418268 -0.04792388
v 0.09289134 0.01472388 -0.04719744
v 0.09305356 0.01450711 -0.04747840
v 0.09220001 0.01450711 -0.04770711
v 0.09316195 0.01418268 -0.04766613
v 0.09339745 0.01472388 -0.04669134
v 0.09367840 0.01450711 -0.04685356
v 0.09386614 0.01418268 -0.04696194
v 0.06320000 0.01472388 -0.04738269
v 0.06320000 0.01450711 -0.04770711
v 0.06320000 0.01418268 -0.04792389
v 0.06192257 0.01472388 -0.04652914
v 0.06181732 0.01472388 -0.04600001
v 0.06162284 0.01450711 -0.04665329
v 0.06149290 0.01450711 -0.04600001
v 0.06222230 0.01472388 -0.04697771
v 0.06142257 0.01418268 -0.04673624
v 0.06127613 0.01418268 -0.04600001
v 0.06199289 0.01450711 -0.04720711
v 0.06267087 0.01472388 -0.04727744
v 0.06183961 0.01418268 -0.04736039
v 0.06254672 0.01450711 -0.04757717
v 0.06246377 0.01418268 -0.04777744
v 0.06127613 0.01418268 -0.02850000
v 0.06149290 0.01450711 -0.02850000
v 0.06181732 0.01472388 -0.02850000
v 0.06115615 0.01418268 -0.02789685
v 0.06135642 0.01450711 -0.02781389
v 0.06081449 0.01418268 -0.02738552
v 0.06165615 0.01472388 -0.02768974
v 0.06096777 0.01450711 -0.02723224
v 0.06030316 0.01418268 -0.02704386
v 0.05970000 0.01418268 -0.02692388
v 0.05970000 0.01450711 -0.02670711
v 0.06119717 0.01472388 -0.02700283
v 0.06038611 0.01450711 -0.02684359
v 0.06051026 0.01472388 -0.02654386
v 0.05970000 0.01472388 -0.02638269
v 0.05120000 0.01418268 -0.02692388
v 0.05120000 0.01450711 -0.02670711
v 0.05120000 0.01472388 -0.02638269
v 0.02845131 0.01309447 -0.02696848
v 0.03817239 0.01370508 -0.02687405
v 0.04141444 0.01400116 -0.02681385
v 0.04466350 0.01425855 -0.02675731
v 0.04792538 0.01444013 -0.02671969
v 0.00820000 0.01299759 -0.02698833
v 0.00820000 0.01314640 -0.02695358
v 0.05970001 -0.02285000 -0.10700002
v 0.05924565 -0.02277953 -0.10700002
v 0.05970001 -0.02285000 -0.09850001
v 0.05912598 -0.02273582 -0.09850001
v 0.05883398 -0.02257475 -0.10700002
v 0.05863935 -0.02241066 -0.09850001
v 0.05850369 -0.02225489 -0.10700002
v 0.05831419 -0.02192403 -0.09850001
v 0.05828580 -0.02185000 -0.10700002
v 0.05820000 -0.02135000 -0.10650001
v 0.05820000 -0.02135000 -0.09850001
v 0.09570001 -0.02285000 -0.10700002
v 0.09512599 -0.02273582 -0.10700002
v 0.09570001 -0.02285000 -0.09850001
v 0.09512599 -0.02273582 -0.09850001
v 0.09463935 -0.02241066 -0.10700002
v 0.09463935 -0.02241066 -0.09850001
v 0.09431419 -0.02192403 -0.09850001
v 0.09420001 -0.02135000 -0.10150001
v 0.09420001 -0.02135000 -0.09850001
v 0.09431419 -0.02192403 -0.10700002
v 0.09420001 -0.02135000 -0.10700002
v 0.12420000 -0.04285000 -0.10700002
v 0.12220001 -0.02135001 -0.10700002
v 0.12420001 -0.02335001 -0.10700002
v 0.12404777 -0.02258464 -0.10700002
v 0.12361422 -0.02193579 -0.10700002
v 0.12296537 -0.02150225 -0.10700002
v 0.09676067 -0.02241066 -0.10700002
v 0.09627403 -0.02273582 -0.10700002
v 0.09708583 -0.02192403 -0.10700002
v 0.09720001 -0.02135001 -0.10700002
v 0.08760001 -0.02135000 -0.10700002
v 0.08664514 -0.01869318 -0.10700002
v 0.08710001 -0.01658193 -0.10700002
v 0.08710001 -0.01843579 -0.10700002
v 0.08630619 -0.01909103 -0.10700002
v 0.08663318 -0.02099684 -0.10700002
v 0.08211422 -0.02076422 -0.10700002
v 0.08629838 -0.02059550 -0.10700002
v 0.08254777 -0.02011537 -0.10700002
v 0.08612161 -0.02010365 -0.10700002
v 0.08708535 -0.02125895 -0.10700002
v 0.08146537 -0.02119776 -0.10700002
v 0.08070001 -0.02135000 -0.10700002
v 0.08270001 -0.01935000 -0.10700002
v 0.08612432 -0.01958101 -0.10700002
v 0.08678945 -0.01554244 -0.10700002
v 0.08678945 -0.01445756 -0.10700002
v 0.08710001 -0.01341807 -0.10700002
v 0.05620001 -0.04285000 -0.10700001
v 0.07470001 -0.02135000 -0.10700002
v 0.07393464 -0.02119776 -0.10700002
v 0.06876684 -0.02099684 -0.10700002
v 0.07328580 -0.02076421 -0.10700002
v 0.06910163 -0.02059550 -0.10700002
v 0.07285225 -0.02011537 -0.10700002
v 0.06831466 -0.02125895 -0.10700002
v 0.06927840 -0.02010365 -0.10700002
v 0.07270001 -0.01935000 -0.10700002
v 0.06780001 -0.02135000 -0.10700002
v 0.06927569 -0.01958101 -0.10700002
v 0.06909382 -0.01909103 -0.10700002
v 0.06875488 -0.01869318 -0.10700002
v 0.06830001 -0.01658193 -0.10700002
v 0.06830001 -0.01843579 -0.10700002
v 0.06861057 -0.01554244 -0.10700002
v 0.06861057 -0.01445756 -0.10700002
v 0.06027403 -0.02273582 -0.10700002
v 0.06076067 -0.02241066 -0.10700002
v 0.06108583 -0.02192403 -0.10700002
v 0.06120001 -0.02135000 -0.10700002
v 0.06830001 -0.01341807 -0.10700002
v 0.05620001 -0.02335000 -0.10700002
v 0.05712598 -0.02196418 -0.10700002
v 0.05663935 -0.02228934 -0.10700002
v 0.08270001 0.01435000 -0.10700002
v 0.08710001 0.01341807 -0.10700002
v 0.08678945 0.01445756 -0.10700002
v 0.08678945 0.01554244 -0.10700002
v 0.08254776 0.01511537 -0.10700002
v 0.08710001 0.01658193 -0.10700002
v 0.08211422 0.01576421 -0.10700002
v 0.08560001 0.02085000 -0.10700002
v 0.08698583 0.01992403 -0.10700002
v 0.08617403 0.02073582 -0.10700002
v 0.08146537 0.01619776 -0.10700002
v 0.08070001 0.01635000 -0.10700002
v 0.06830001 0.01341807 -0.10700002
v 0.07270001 0.01435000 -0.10700002
v 0.06861057 0.01445756 -0.10700002
v 0.06861057 0.01554244 -0.10700002
v 0.07285225 0.01511537 -0.10700002
v 0.06830001 0.01658193 -0.10700002
v 0.07328580 0.01576421 -0.10700002
v 0.06980000 0.02085000 -0.10700002
v 0.07393464 0.01619776 -0.10700002
v 0.07470001 0.01635000 -0.10700002
v 0.06830001 0.01935000 -0.10700002
v 0.06873935 0.02041066 -0.10700002
v 0.06922598 0.02073582 -0.10700002
v 0.08760001 -0.01353286 -0.10650001
v 0.08760001 0.01353286 -0.10650001
v 0.08760001 0.01353286 -0.10200001
v 0.08760001 -0.01353286 -0.10200001
v 0.08760001 -0.01835000 -0.10650001
v 0.08760001 -0.01646714 -0.10650001
v 0.08760001 -0.01646714 -0.10200001
v 0.08760001 -0.01835000 -0.10200001
v 0.06780001 0.01353286 -0.10650001
v 0.06780001 -0.01353286 -0.10200001
v 0.06780001 0.01353286 -0.10200001
v 0.06780001 -0.01353286 -0.10650001
v 0.06780001 0.01935000 -0.10650001
v 0.06780001 0.01646714 -0.10650001
v 0.06780001 0.01935000 -0.10200001
v 0.06780001 0.01646714 -0.10200001
v 0.06780001 -0.01646714 -0.10200001
v 0.06780001 -0.01646714 -0.10650001
v 0.06780001 -0.01835000 -0.10200001
v 0.06780001 -0.01835000 -0.10650001
v 0.05770000 -0.02135000 -0.10650001
v 0.05770000 -0.02135000 -0.09850001
v 0.09370001 -0.02135000 -0.10200001
v 0.08760001 -0.02135000 -0.10200001
v 0.06120000 -0.02135000 -0.10150001
v 0.06170001 -0.02135000 -0.10200001
v 0.06780001 -0.02135000 -0.10200001
v 0.05570001 -0.04685000 -0.10000000
v 0.05570001 -0.04592403 -0.09861419
v 0.05570001 -0.04535000 -0.09850001
v 0.05570001 -0.04673582 -0.09942599
v 0.05570001 -0.04285000 -0.10650001
v 0.05570001 -0.04685000 -0.11700001
v 0.05570001 -0.04285000 -0.11700001
v 0.05570001 -0.02335000 -0.09850001
v 0.05570001 -0.02335000 -0.10650001
v 0.05663935 -0.04735000 -0.11806066
v 0.05620001 -0.04735000 -0.11700001
v 0.05770001 -0.04735000 -0.11850001
v 0.05620001 -0.04735000 -0.10000000
v 0.12220000 -0.04735000 -0.11850002
v 0.12370000 -0.04735000 -0.10000001
v 0.12370000 -0.04735000 -0.11700001
v 0.12326066 -0.04735000 -0.11806068
v 0.12420000 -0.04673582 -0.09942599
v 0.12420000 -0.04685000 -0.10000001
v 0.12420000 -0.04592403 -0.09861419
v 0.12420000 -0.04535000 -0.09850001
v 0.12420000 -0.04685000 -0.11700001
v 0.12420000 -0.04285000 -0.11700001
v 0.12420001 -0.02335001 -0.09850001
v 0.09720001 -0.02135000 -0.09850001
v 0.12220001 -0.02135001 -0.09850001
v 0.08760001 0.01646714 -0.10650001
v 0.08760001 0.01935000 -0.10650001
v 0.08760001 0.01935000 -0.10200001
v 0.08760001 0.01646714 -0.10200001
v 0.09220001 0.02135000 -0.10150001
v 0.08560001 0.02135000 -0.10150001
v 0.09220001 0.02135000 -0.09850001
v 0.06320000 0.02135000 -0.09850001
v 0.06980000 0.02135000 -0.10150001
v 0.08560001 0.02135000 -0.10650001
v 0.06980000 0.02135000 -0.10650001
v 0.06320000 0.02135000 -0.10150001
v 0.08702599 -0.02123582 -0.10200001
v 0.08653935 -0.02091066 -0.10200001
v 0.08610001 -0.01985000 -0.10200001
v 0.08621419 -0.01927597 -0.10200001
v 0.08621419 -0.02042403 -0.10200001
v 0.08702599 -0.01846418 -0.10200001
v 0.08653935 -0.01878934 -0.10200001
v 0.08728954 -0.01550534 -0.10200001
v 0.08728954 -0.01449466 -0.10200001
v 0.09370001 0.01935000 -0.10200001
v 0.09358583 0.01992403 -0.10200001
v 0.08728953 0.01449466 -0.10200001
v 0.09277403 0.02073582 -0.10200001
v 0.08728953 0.01550534 -0.10200001
v 0.09220001 0.02085000 -0.10200001
v 0.08752063 0.01990788 -0.10200001
v 0.08728878 0.02042147 -0.10200001
v 0.08692288 0.02085000 -0.10200001
v 0.09420001 0.01935000 -0.10150001
v 0.09420001 0.01935000 -0.09850001
v 0.06120001 0.01935000 -0.10150001
v 0.06120000 -0.02135000 -0.09850001
v 0.06120001 0.01935000 -0.09850001
v 0.12326067 -0.02228934 -0.09800001
v 0.12370001 -0.02335001 -0.09800001
v 0.12220001 -0.02185000 -0.09800001
v 0.12370000 -0.04535000 -0.09800001
v 0.09682250 -0.02300530 -0.09800001
v 0.09763650 -0.02185000 -0.09800001
v 0.09544800 -0.02333406 -0.09800001
v 0.09370001 -0.02135000 -0.09800001
v 0.08211422 -0.02076422 -0.09800001
v 0.09419934 -0.02267212 -0.09800001
v 0.08146537 -0.02119776 -0.09800001
v 0.08254777 -0.02011537 -0.09800001
v 0.08070001 -0.02135000 -0.09800001
v 0.08270001 -0.01935000 -0.09800001
v 0.05620001 -0.04535000 -0.09800000
v 0.07470001 -0.02135000 -0.09800001
v 0.07393464 -0.02119776 -0.09800001
v 0.06120067 -0.02267212 -0.09800001
v 0.07328580 -0.02076421 -0.09800001
v 0.07285225 -0.02011537 -0.09800001
v 0.05995201 -0.02333406 -0.09800001
v 0.06170001 -0.02135000 -0.09800001
v 0.07270001 -0.01935000 -0.09800001
v 0.05770001 -0.02185000 -0.09800001
v 0.05620001 -0.02335000 -0.09800001
v 0.05857752 -0.02300530 -0.09800001
v 0.05631419 -0.02277598 -0.09800001
v 0.05712598 -0.02196418 -0.09800001
v 0.09370001 0.01935000 -0.09800001
v 0.09277403 0.02073582 -0.09800001
v 0.09358583 0.01992403 -0.09800001
v 0.09220001 0.02085000 -0.09800001
v 0.08270001 0.01435000 -0.09800001
v 0.08254776 0.01511537 -0.09800001
v 0.08211422 0.01576421 -0.09800001
v 0.08146537 0.01619776 -0.09800001
v 0.08070001 0.01635000 -0.09800001
v 0.07270001 0.01435000 -0.09800001
v 0.07285225 0.01511537 -0.09800001
v 0.07328580 0.01576422 -0.09800001
v 0.06320000 0.02085000 -0.09800001
v 0.07393464 0.01619776 -0.09800001
v 0.07470001 0.01635000 -0.09800001
v 0.06170001 0.01935000 -0.09800001
v 0.06213935 0.02041066 -0.09800001
v 0.06837404 -0.02123582 -0.10200001
v 0.06886066 -0.02091066 -0.10200001
v 0.06886066 -0.01878934 -0.10200001
v 0.06918582 -0.02042403 -0.10200001
v 0.06930000 -0.01985000 -0.10200001
v 0.06918582 -0.01927597 -0.10200001
v 0.06837404 -0.01846418 -0.10200001
v 0.06811048 -0.01550534 -0.10200001
v 0.06811048 -0.01449466 -0.10200001
v 0.06811047 0.01449466 -0.10200001
v 0.06811047 0.01550534 -0.10200001
v 0.06320000 0.02085000 -0.10200001
v 0.06787939 0.01990788 -0.10200001
v 0.06811123 0.02042147 -0.10200001
v 0.06847713 0.02085000 -0.10200001
v 0.06170001 0.01935000 -0.10200001
v 0.06213935 0.02041066 -0.10200001
v 0.09708583 -0.02192403 -0.09850001
v 0.09676067 -0.02241066 -0.09850001
v 0.09627403 -0.02273582 -0.09850001
v 0.06108583 -0.02192403 -0.09850001
v 0.06076067 -0.02241066 -0.09850001
v 0.06027403 -0.02273582 -0.09850001
v 0.06811048 -0.01550534 -0.10650001
v 0.06811048 -0.01449466 -0.10650001
v 0.06811047 0.01449466 -0.10650001
v 0.06811047 0.01550534 -0.10650001
v 0.08728954 -0.01449466 -0.10650001
v 0.08728954 -0.01550534 -0.10650001
v 0.08728953 0.01550534 -0.10650001
v 0.08728953 0.01449466 -0.10650001
v 0.05770001 -0.04685000 -0.11900000
v 0.05770001 -0.04285000 -0.11900000
v 0.12220000 -0.04685000 -0.11900001
v 0.12220000 -0.04285000 -0.11900001
v 0.12361421 -0.04285000 -0.11841422
v 0.12296537 -0.04285000 -0.11884777
v 0.12404776 -0.04285000 -0.11776538
v 0.05628579 -0.04285000 -0.11841422
v 0.05585225 -0.04285000 -0.11776537
v 0.05693464 -0.04285000 -0.11884777
v 0.05693464 -0.04685000 -0.11884777
v 0.05628579 -0.04685000 -0.11841422
v 0.05585225 -0.04685000 -0.11776537
v 0.12404776 -0.04685000 -0.11776538
v 0.12361421 -0.04685000 -0.11841422
v 0.12296537 -0.04685000 -0.11884777
v 0.12370000 -0.04719776 -0.09923465
v 0.05620001 -0.04719776 -0.09923464
v 0.05620001 -0.04676422 -0.09858580
v 0.12370000 -0.04676422 -0.09858580
v 0.12370000 -0.04611537 -0.09815225
v 0.05620001 -0.04611537 -0.09815225
v 0.05693463 -0.02150224 -0.10650001
v 0.05693463 -0.02150224 -0.09850001
v 0.05628579 -0.02193579 -0.10650001
v 0.05628579 -0.02193579 -0.09850001
v 0.05585225 -0.02258464 -0.10650001
v 0.05585225 -0.02258463 -0.09850001
v 0.12296537 -0.02150225 -0.09850001
v 0.12361422 -0.02193579 -0.09850001
v 0.12404777 -0.02258464 -0.09850001
v 0.09404776 0.02011537 -0.09850001
v 0.09404776 0.02011537 -0.10150001
v 0.09361422 0.02076421 -0.10150001
v 0.09361422 0.02076421 -0.09850001
v 0.09296537 0.02119776 -0.10150001
v 0.09296537 0.02119776 -0.09850001
v 0.08607490 0.02129280 -0.10155721
v 0.08636537 0.02119776 -0.10650001
v 0.08652888 0.02112121 -0.10172880
v 0.08701422 0.02076421 -0.10650001
v 0.08744776 0.02011537 -0.10650001
v 0.06932512 0.02129280 -0.10155721
v 0.06903464 0.02119776 -0.10650001
v 0.06887113 0.02112121 -0.10172880
v 0.06838579 0.02076421 -0.10650001
v 0.06795225 0.02011537 -0.10650001
v 0.06243464 0.02119776 -0.10150001
v 0.06243464 0.02119776 -0.09850001
v 0.06178579 0.02076421 -0.10150001
v 0.06178579 0.02076422 -0.09850001
v 0.06135225 0.02011536 -0.10150001
v 0.06135225 0.02011537 -0.09850001
v 0.09920001 -0.01728852 -0.09810270
v 0.09920001 -0.02085000 -0.10213377
v 0.09920001 -0.02085000 -0.10640001
v 0.09920000 0.02085000 -0.10640001
v 0.09920000 0.01728852 -0.09810270
v 0.09920000 0.02085000 -0.10213377
v 0.09920001 -0.01502577 -0.09322277
v 0.09920000 0.01502577 -0.09322277
v 0.09920000 0.01425000 -0.08790001
v 0.09920001 -0.01425000 -0.08790001
v 0.09920000 -0.01425001 -0.02050000
v 0.09920000 -0.01325001 -0.01950000
v 0.09920000 0.01324999 -0.01950000
v 0.09920000 0.01424999 -0.02050000
v 0.09770001 -0.02085000 -0.10790001
v 0.08920000 -0.02085000 -0.10790001
v 0.08820001 -0.01985000 -0.10790001
v 0.09769999 0.02085000 -0.10790001
v 0.08919999 0.02085000 -0.10790001
v 0.08820000 0.01985000 -0.10790001
v 0.08849289 0.02055711 -0.10790001
v 0.08769999 0.01985000 -0.10740001
v 0.08770000 0.01985000 -0.10240000
v 0.08770001 -0.01985000 -0.10740001
v 0.08770001 -0.01985000 -0.10240000
v 0.09420001 -0.02135000 -0.10190000
v 0.09870001 -0.01779171 -0.09795748
v 0.09420001 -0.01779171 -0.09795748
v 0.09870001 -0.02135000 -0.10190000
v 0.09870001 -0.01552706 -0.09315369
v 0.09420001 -0.01552706 -0.09315369
v 0.09870001 -0.01475000 -0.08790001
v 0.09420001 -0.01475000 -0.08790001
v 0.09420000 0.01475000 -0.08790001
v 0.09870000 0.01552706 -0.09315369
v 0.09420000 0.01552706 -0.09315369
v 0.09870000 0.01475000 -0.08790001
v 0.09870000 0.01779171 -0.09795748
v 0.09420000 0.01779171 -0.09795748
v 0.09870000 0.02135000 -0.10190000
v 0.09420000 0.02135000 -0.10190000
v 0.09870000 0.01474999 -0.02050000
v 0.09420000 0.01474999 -0.02050000
v 0.09870000 -0.01475001 -0.02050000
v 0.09420000 -0.01475001 -0.02050000
v 0.09420001 -0.02085000 -0.10190000
v 0.09420001 -0.02135000 -0.10240000
v 0.09420000 0.02135000 -0.10240000
v 0.09420000 0.02085000 -0.10190000
v 0.09420000 -0.01325001 -0.01900000
v 0.09420000 -0.01463583 -0.01992598
v 0.09420000 -0.01431067 -0.01943934
v 0.09420000 -0.01382403 -0.01911418
v 0.09420000 0.01324999 -0.01900000
v 0.09420000 0.01382402 -0.01911418
v 0.09420000 0.01431065 -0.01943934
v 0.09420000 0.01463581 -0.01992598
v 0.09870000 0.01324999 -0.01900000
v 0.09870000 -0.01325001 -0.01900000
v 0.08920000 -0.02085000 -0.10190000
v 0.08820001 -0.01985000 -0.10190000
v 0.08920000 0.02085000 -0.10190000
v 0.08820000 0.01985000 -0.10190000
v 0.08849289 0.02055711 -0.10190000
v 0.08920000 -0.02135000 -0.10240000
v 0.08920000 -0.02135000 -0.10740001
v 0.09770001 -0.02135000 -0.10740001
v 0.09870001 -0.02135000 -0.10640001
v 0.09840711 -0.02135000 -0.10710712
v 0.09869999 0.02135000 -0.10640001
v 0.09840710 0.02135000 -0.10710712
v 0.09769999 0.02135000 -0.10740001
v 0.08919999 0.02135000 -0.10740001
v 0.08920000 0.02135000 -0.10240000
v 0.09870000 0.01382402 -0.01911418
v 0.09870000 0.01431065 -0.01943934
v 0.09870000 0.01463581 -0.01992598
v 0.09870000 -0.01382403 -0.01911418
v 0.09870000 -0.01431067 -0.01943934
v 0.09870000 -0.01463583 -0.01992598
v 0.09827403 -0.02085000 -0.10778583
v 0.09827402 0.02085000 -0.10778583
v 0.09876066 0.02085000 -0.10746067
v 0.09876066 -0.02085000 -0.10746067
v 0.09908582 0.02085000 -0.10697403
v 0.09908583 -0.02085000 -0.10697404
v 0.08862597 0.02123582 -0.10240000
v 0.08862597 0.02123582 -0.10740001
v 0.08813934 0.02091066 -0.10240000
v 0.08813934 0.02091066 -0.10740001
v 0.08781417 0.02042402 -0.10740001
v 0.08781417 0.02042402 -0.10240000
v 0.08862598 -0.02123582 -0.10740001
v 0.08862598 -0.02123582 -0.10240000
v 0.08813935 -0.02091066 -0.10740001
v 0.08813935 -0.02091066 -0.10240000
v 0.08781418 -0.02042403 -0.10740001
v 0.08781419 -0.02042403 -0.10240000
v 0.06711422 0.02076422 -0.10200001
v 0.06770001 0.01935001 -0.10200001
v 0.06754776 0.02011537 -0.10200001
v 0.06646537 0.02119777 -0.10200001
v 0.06570001 0.02135001 -0.10200001
v 0.06090001 0.02135001 -0.10200001
v 0.06120001 0.02105001 -0.10200001
v 0.06770001 -0.01935000 -0.10200001
v 0.06711421 -0.02076421 -0.10200001
v 0.06754776 -0.02011536 -0.10200001
v 0.06646537 -0.02119775 -0.10200001
v 0.06570001 -0.02135000 -0.10200001
v 0.06120000 -0.02104999 -0.10200001
v 0.06090000 -0.02135000 -0.10200001
v 0.06770001 0.01935001 -0.10770001
v 0.06770000 -0.01935000 -0.10770001
v 0.06740000 -0.01935000 -0.10800000
v 0.06690209 -0.02055208 -0.10800000
v 0.06570000 -0.02104999 -0.10800000
v 0.05770000 -0.02104999 -0.10800000
v 0.06740000 0.01935001 -0.10800000
v 0.06690209 0.02055209 -0.10800000
v 0.06570001 0.02105001 -0.10800000
v 0.05770001 0.02105001 -0.10800000
v 0.05570000 -0.02104999 -0.10600001
v 0.05570000 -0.02105000 -0.03050001
v 0.05570000 -0.02055208 -0.02929792
v 0.05570000 -0.01935000 -0.02880001
v 0.05570001 0.02105001 -0.10600001
v 0.05570001 0.02105000 -0.03050000
v 0.05570001 0.01935000 -0.02880000
v 0.05570001 0.02092060 -0.02984944
v 0.05600001 0.01935000 -0.02850000
v 0.05600000 -0.01935000 -0.02850001
v 0.06090000 0.01935000 -0.02850000
v 0.06090000 -0.01935000 -0.02850001
v 0.06120000 -0.02105000 -0.03050001
v 0.06120000 -0.02055208 -0.02929792
v 0.06120000 -0.01935000 -0.02880001
v 0.06120001 0.01935000 -0.02880000
v 0.06120001 0.02105000 -0.03050000
v 0.06120001 0.02000056 -0.02892941
v 0.06570001 0.02135001 -0.10770001
v 0.05770002 0.02135001 -0.10770001
v 0.05649793 0.02135001 -0.10720208
v 0.05600001 0.02135001 -0.10600001
v 0.05600001 0.02135000 -0.03050000
v 0.06090001 0.02135000 -0.03050000
v 0.05704944 -0.02135000 -0.10757060
v 0.06570000 -0.02135000 -0.10770001
v 0.05600000 -0.02135000 -0.10600001
v 0.06090000 -0.02135000 -0.03050001
v 0.05599999 -0.02135000 -0.03050001
v 0.05585225 -0.02104999 -0.10676537
v 0.05585225 0.02105001 -0.10676537
v 0.05628579 -0.02104999 -0.10741422
v 0.05628579 0.02105001 -0.10741422
v 0.05693464 -0.02104999 -0.10784776
v 0.05693464 0.02105001 -0.10784776
v 0.05600000 -0.02011537 -0.02865225
v 0.06090000 -0.02011537 -0.02865225
v 0.06090000 -0.02076421 -0.02908579
v 0.05600000 -0.02076421 -0.02908579
v 0.06090000 -0.02119776 -0.02973464
v 0.05600000 -0.02119776 -0.02973464
v 0.05600001 0.02011537 -0.02865224
v 0.06090001 0.02011537 -0.02865224
v 0.05600001 0.02076421 -0.02908579
v 0.06090001 0.02076421 -0.02908579
v 0.05600001 0.02119776 -0.02973463
v 0.06090001 0.02119776 -0.02973464
v 0.06754776 -0.02011536 -0.10770001
v 0.06711421 -0.02076421 -0.10770001
v 0.06646537 -0.02119775 -0.10770001
v 0.06754776 0.02011537 -0.10770001
v 0.06711421 0.02076422 -0.10770001
v 0.06646537 0.02119777 -0.10770001
v 0.06174999 0.01350000 -0.04800000
v 0.06275000 0.01450000 -0.04800000
v 0.06236731 0.01442388 -0.04800000
v 0.06204288 0.01420711 -0.04800000
v 0.06182611 0.01388269 -0.04800000
v 0.06174999 0.00650000 -0.04800000
v 0.09357388 0.01388269 -0.04800000
v 0.09335710 0.01420711 -0.04800000
v 0.09303268 0.01442388 -0.04800000
v 0.09265000 0.01450000 -0.04800000
v 0.09365000 0.01350000 -0.04800000
v 0.09365000 0.00650000 -0.04800000
v 0.09265000 -0.01500000 -0.05350000
v 0.09265000 -0.01500000 -0.04850000
v 0.06275000 -0.01500000 -0.05350000
v 0.06275000 -0.01500000 -0.04850000
v 0.09415000 0.01350000 -0.04850000
v 0.09415000 0.01350000 -0.05350000
v 0.09415000 0.00650000 -0.04850000
v 0.09415000 0.00650000 -0.05160000
v 0.09415000 -0.00650000 -0.04850000
v 0.09415000 -0.00650000 -0.05160000
v 0.09415000 -0.01350000 -0.04850000
v 0.09415000 -0.01350000 -0.05350000
v 0.09265000 0.01500000 -0.04850000
v 0.09265000 0.01500000 -0.05350000
v 0.06275000 0.01500000 -0.04850000
v 0.06275000 0.01500000 -0.05350000
v 0.06124999 0.01350000 -0.05350000
v 0.06124999 0.01350000 -0.04850000
v 0.06124999 0.00650000 -0.05160000
v 0.06124999 0.00650000 -0.04850000
v 0.06124999 -0.00650000 -0.05160000
v 0.06124999 -0.00650000 -0.04850000
v 0.06124999 -0.01350000 -0.05350000
v 0.06124999 -0.01350000 -0.04850000
v 0.06236731 -0.01442388 -0.04800000
v 0.06182611 -0.01388268 -0.04800000
v 0.06204288 -0.01420711 -0.04800000
v 0.06275000 -0.01450000 -0.04800000
v 0.06174999 -0.00650000 -0.04800000
v 0.06174999 -0.01350000 -0.04800000
v 0.09265000 -0.01450000 -0.04800000
v 0.09365000 -0.01350000 -0.04800000
v 0.09365000 -0.00650000 -0.04800000
v 0.09335711 -0.01420711 -0.04800000
v 0.09303268 -0.01442388 -0.04800000
v 0.09357388 -0.01388268 -0.04800000
v 0.06204288 0.01420711 -0.05400000
v 0.06236731 0.01442388 -0.05400000
v 0.06182611 0.01388269 -0.05400000
v 0.06275000 0.01450000 -0.05400000
v 0.06174999 0.01350000 -0.05400000
v 0.06182611 -0.01388268 -0.05400000
v 0.06236731 -0.01442388 -0.05400000
v 0.06204288 -0.01420711 -0.05400000
v 0.06174999 -0.01350000 -0.05400000
v 0.06275000 -0.01450000 -0.05400000
v 0.09303268 0.01442388 -0.05400000
v 0.09335710 0.01420711 -0.05400000
v 0.09265000 0.01450000 -0.05400000
v 0.09357388 0.01388269 -0.05400000
v 0.09365000 0.01350000 -0.05400000
v 0.09265000 -0.01450000 -0.05400000
v 0.09365000 -0.01350000 -0.05400000
v 0.09357388 -0.01388268 -0.05400000
v 0.09335711 -0.01420711 -0.05400000
v 0.09303268 -0.01442388 -0.05400000
v 0.09365000 0.00600000 -0.05110000
v 0.09365000 0.00600000 -0.04850000
v 0.06174999 0.00600000 -0.05110000
v 0.06174999 0.00600000 -0.04850000
v 0.06174999 -0.00600000 -0.04850000
v 0.09365000 -0.00600000 -0.05110000
v 0.06174999 -0.00600000 -0.05110000
v 0.09365000 -0.00600000 -0.04850000
v 0.06136417 0.01407403 -0.05350000
v 0.06136417 0.01407403 -0.04850000
v 0.06168933 0.01456066 -0.05350000
v 0.06168933 0.01456066 -0.04850000
v 0.06217597 0.01488582 -0.05350000
v 0.06217597 0.01488582 -0.04850000
v 0.06217597 -0.01488582 -0.05350000
v 0.06217597 -0.01488582 -0.04850000
v 0.06168933 -0.01456066 -0.05350000
v 0.06168933 -0.01456066 -0.04850000
v 0.06136417 -0.01407402 -0.05350000
v 0.06136417 -0.01407402 -0.04850000
v 0.09403582 -0.01407402 -0.05350000
v 0.09403582 -0.01407402 -0.04850000
v 0.09371066 -0.01456066 -0.05350000
v 0.09371066 -0.01456066 -0.04850000
v 0.09322403 -0.01488582 -0.05350000
v 0.09322403 -0.01488582 -0.04850000
v 0.09322402 0.01488582 -0.05350000
v 0.09322402 0.01488582 -0.04850000
v 0.09371065 0.01456066 -0.05350000
v 0.09371065 0.01456066 -0.04850000
v 0.09403582 0.01407403 -0.04850000
v 0.09403582 0.01407403 -0.05350000
v -0.00980000 -0.00000000 -0.04000001
v -0.00980001 -0.00000000 0.04000000
v 0.00523491 -0.01010319 0.02954338
v 0.00527509 -0.00886455 0.02933295
v 0.00519999 -0.01099947 0.02999999
v 0.00521655 -0.00727765 0.02968528
v 0.00519999 -0.00672964 0.02999999
v 0.00519999 -0.00961650 0.02940912
v 0.00519999 -0.01033791 0.02963452
v 0.02519999 -0.01284523 0.02700000
v 0.00520000 -0.02075493 -0.02565606
v 0.00534287 -0.02049748 -0.02468436
v 0.00568893 -0.02050045 -0.02372972
v 0.00551203 -0.02416357 -0.02046884
v 0.00528703 -0.02491106 -0.02053292
v 0.00519999 -0.00811260 0.02940912
v 0.00520000 -0.02156676 -0.02156677
v 0.00520000 -0.02075350 -0.02278421
v 0.00520000 -0.02278421 -0.02075351
v 0.00520000 -0.02046841 -0.02422028
v 0.00520000 -0.02422027 -0.02046842
v -0.00980000 -0.01236068 -0.03804227
v -0.00980000 -0.02351141 -0.03236069
v -0.00980000 -0.03236068 -0.02351142
v -0.00980001 -0.03804226 -0.01236069
v -0.00980001 -0.04000000 -0.00000001
v -0.00980001 -0.03804226 0.01236067
v -0.00980001 -0.03236068 0.02351140
v -0.00980001 -0.02351141 0.03236067
v -0.00980001 -0.01236068 0.03804225
v 0.03799669 -0.01535150 0.02464289
v 0.04141408 -0.01399555 0.02681630
v 0.03169584 -0.01320423 0.02695246
v 0.03817239 -0.01370508 -0.02687405
v 0.04141443 -0.01400116 -0.02681385
v 0.04466350 -0.01425855 -0.02675731
v 0.04792538 -0.01444013 -0.02671969
v -0.00980000 0.02351141 0.03236067
v -0.00980000 0.03236068 0.02351140
v -0.00980001 0.01236068 0.03804225
v -0.00980000 0.03804226 0.01236067
v -0.00980000 0.04000000 -0.00000001
v -0.00980000 0.03804226 -0.01236069
v -0.00980000 0.03236068 -0.02351142
v -0.00980000 0.02351141 -0.03236069
v -0.00980000 0.01236068 -0.03804227
v 0.00520000 0.02565605 0.02075492
v 0.00520000 0.02075493 0.02565604
v 0.00520000 0.02470880 0.02050060
v 0.00520000 0.02046841 0.02422064
v 0.00520000 0.02421841 0.02046840
v 0.00520000 0.02075322 0.02278489
v 0.00520000 0.02278283 0.02075407
v 0.00520000 0.02156597 0.02156754
v 0.00549179 0.02421841 0.02046840
v 0.00571702 0.02050926 0.02366604
v 0.00535207 0.02049343 0.02465089
v 0.00528099 0.02493912 0.02053831
v 0.03799669 0.01535149 0.02464289
v 0.05120000 0.01480000 -0.02600000
v 0.04001084 0.01637427 -0.02188009
v 0.02520000 0.01284523 0.02700000
v 0.04141408 0.01399555 0.02681630
v 0.03169584 0.01320423 0.02695246
v 0.03817239 0.01370508 -0.02687405
v 0.04141444 0.01400116 -0.02681385
v 0.04466350 0.01425855 -0.02675731
v 0.04792538 0.01444013 -0.02671969
v 0.05970001 -0.02285000 -0.10700002
v 0.05924565 -0.02277953 -0.10700002
v 0.05970001 -0.02285000 -0.09850001
v 0.05912598 -0.02273582 -0.09850001
v 0.05883398 -0.02257475 -0.10700002
v 0.05863935 -0.02241066 -0.09850001
v 0.05850369 -0.02225489 -0.10700002
v 0.05831419 -0.02192403 -0.09850001
v 0.05828580 -0.02185000 -0.10700002
v 0.05820000 -0.02135000 -0.10650001
v 0.05820000 -0.02135000 -0.09850001
v 0.09570001 -0.02285000 -0.10700002
v 0.09512599 -0.02273582 -0.10700002
v 0.09570001 -0.02285000 -0.09850001
v 0.09512599 -0.02273582 -0.09850001
v 0.09463935 -0.02241066 -0.10700002
v 0.09463935 -0.02241066 -0.09850001
v 0.09431419 -0.02192403 -0.09850001
v 0.09420001 -0.02135000 -0.10150001
v 0.09420001 -0.02135000 -0.09850001
v 0.09431419 -0.02192403 -0.10700002
v 0.09420001 -0.02135000 -0.10700002
v 0.12420000 -0.04285000 -0.10700002
v 0.12220001 -0.02135001 -0.10700002
v 0.12420001 -0.02335001 -0.10700002
v 0.12404777 -0.02258464 -0.10700002
v 0.12361422 -0.02193579 -0.10700002
v 0.12296537 -0.02150225 -0.10700002
v 0.09676067 -0.02241066 -0.10700002
v 0.09627403 -0.02273582 -0.10700002
v 0.09708583 -0.02192403 -0.10700002
v 0.09720001 -0.02135001 -0.10700002
v 0.08760001 -0.02135000 -0.10700002
v 0.08664514 -0.01869318 -0.10700002
v 0.08710001 -0.01658193 -0.10700002
v 0.08710001 -0.01843579 -0.10700002
v 0.08630619 -0.01909103 -0.10700002
v 0.08663318 -0.02099684 -0.10700002
v 0.08211422 -0.02076422 -0.10700002
v 0.08629838 -0.02059550 -0.10700002
v 0.08254777 -0.02011537 -0.10700002
v 0.08612161 -0.02010365 -0.10700002
v 0.08708535 -0.02125895 -0.10700002
v 0.08146537 -0.02119776 -0.10700002
v 0.08070001 -0.02135000 -0.10700002
v 0.08270001 -0.01935000 -0.10700002
v 0.08612432 -0.01958101 -0.10700002
v 0.08678945 -0.01554244 -0.10700002
v 0.08678945 -0.01445756 -0.10700002
v 0.08710001 -0.01341807 -0.10700002
v 0.05620001 -0.04285000 -0.10700001
v 0.07470001 -0.02135000 -0.10700002
v 0.07393464 -0.02119776 -0.10700002
v 0.06876684 -0.02099684 -0.10700002
v 0.07328580 -0.02076421 -0.10700002
v 0.06910163 -0.02059550 -0.10700002
v 0.07285225 -0.02011537 -0.10700002
v 0.06831466 -0.02125895 -0.10700002
v 0.06927840 -0.02010365 -0.10700002
v 0.07270001 -0.01935000 -0.10700002
v 0.06780001 -0.02135000 -0.10700002
v 0.06927569 -0.01958101 -0.10700002
v 0.06909382 -0.01909103 -0.10700002
v 0.06875488 -0.01869318 -0.10700002
v 0.06830001 -0.01658193 -0.10700002
v 0.06830001 -0.01843579 -0.10700002
v 0.06861057 -0.01554244 -0.10700002
v 0.06861057 -0.01445756 -0.10700002
v 0.06027403 -0.02273582 -0.10700002
v 0.06076067 -0.02241066 -0.10700002
v 0.06108583 -0.02192403 -0.10700002
v 0.06120001 -0.02135000 -0.10700002
v 0.06830001 -0.01341807 -0.10700002
v 0.05620001 -0.02335000 -0.10700002
v 0.05712598 -0.02196418 -0.10700002
v 0.05663935 -0.02228934 -0.10700002
v 0.08270001 0.01435000 -0.10700002
v 0.08710001 0.01341807 -0.10700002
v 0.08678945 0.01445756 -0.10700002
v 0.08678945 0.01554244 -0.10700002
v 0.08254776 0.01511537 -0.10700002
v 0.08710001 0.01658193 -0.10700002
v 0.08211422 0.01576421 -0.10700002
v 0.08560001 0.02085000 -0.10700002
v 0.08698583 0.01992403 -0.10700002
v 0.08617403 0.02073582 -0.10700002
v 0.08146537 0.01619776 -0.10700002
v 0.08070001 0.01635000 -0.10700002
v 0.06830001 0.01341807 -0.10700002
v 0.07270001 0.01435000 -0.10700002
v 0.06861057 0.01445756 -0.10700002
v 0.06861057 0.01554244 -0.10700002
v 0.07285225 0.01511537 -0.10700002
v 0.06830001 0.01658193 -0.10700002
v 0.07328580 0.01576421 -0.10700002
v 0.06980000 0.02085000 -0.10700002
v 0.07393464 0.01619776 -0.10700002
v 0.07470001 0.01635000 -0.10700002
v 0.06830001 0.01935000 -0.10700002
v 0.06873935 0.02041066 -0.10700002
v 0.06922598 0.02073582 -0.10700002
v 0.08760001 -0.01353286 -0.10650001
v 0.08760001 0.01353286 -0.10650001
v 0.08760001 0.01353286 -0.10200001
v 0.08760001 -0.01353286 -0.10200001
v 0.08760001 -0.01835000 -0.10650001
v 0.08760001 -0.01646714 -0.10650001
v 0.08760001 -0.01646714 -0.10200001
v 0.08760001 -0.01835000 -0.10200001
v 0.06780001 0.01353286 -0.10650001
v 0.06780001 -0.01353286 -0.10200001
v 0.06780001 0.01353286 -0.10200001
v 0.06780001 -0.01353286 -0.10650001
v 0.06780001 0.01935000 -0.10650001
v 0.06780001 0.01646714 -0.10650001
v 0.06780001 0.01935000 -0.10200001
v 0.06780001 0.01646714 -0.10200001
v 0.06780001 -0.01646714 -0.10200001
v 0.06780001 -0.01646714 -0.10650001
v 0.06780001 -0.01835000 -0.10200001
v 0.06780001 -0.01835000 -0.10650001
v 0.05770000 -0.02135000 -0.10650001
v 0.05770000 -0.02135000 -0.09850001
v 0.09370001 -0.02135000 -0.10200001
v 0.08760001 -0.02135000 -0.10200001
v 0.06120000 -0.02135000 -0.10150001
v 0.06170001 -0.02135000 -0.10200001
v 0.06780001 -0.02135000 -0.10200001
v 0.05570001 -0.04685000 -0.10000000
v 0.05570001 -0.04592403 -0.09861419
v 0.05570001 -0.04535000 -0.09850001
v 0.05570001 -0.04673582 -0.09942599
v 0.05570001 -0.04285000 -0.10650001
v 0.05570001 -0.04685000 -0.11700001
v 0.05570001 -0.04285000 -0.11700001
v 0.05570001 -0.02335000 -0.09850001
v 0.05570001 -0.02335000 -0.10650001
v 0.05663935 -0.04735000 -0.11806066
v 0.05620001 -0.04735000 -0.11700001
v 0.05770001 -0.04735000 -0.11850001
v 0.05620001 -0.04735000 -0.10000000
v 0.12220000 -0.04735000 -0.11850002
v 0.12370000 -0.04735000 -0.10000001
v 0.12370000 -0.04735000 -0.11700001
v 0.12326066 -0.04735000 -0.11806068
v 0.12420000 -0.04673582 -0.09942599
v 0.12420000 -0.04685000 -0.10000001
v 0.12420000 -0.04592403 -0.09861419
v 0.12420000 -0.04535000 -0.09850001
v 0.12420000 -0.04685000 -0.11700001
v 0.12420000 -0.04285000 -0.11700001
v 0.12420001 -0.02335001 -0.09850001
v 0.09720001 -0.02135000 -0.09850001
v 0.12220001 -0.02135001 -0.09850001
v 0.08760001 0.01646714 -0.10650001
v 0.08760001 0.01935000 -0.10650001
v 0.08760001 0.01935000 -0.10200001
v 0.08760001 0.01646714 -0.10200001
v 0.09220001 0.02135000 -0.10150001
v 0.08560001 0.02135000 -0.10150001
v 0.09220001 0.02135000 -0.09850001
v 0.06320000 0.02135000 -0.09850001
v 0.06980000 0.02135000 -0.10150001
v 0.08560001 0.02135000 -0.10650001
v 0.06980000 0.02135000 -0.10650001
v 0.06320000 0.02135000 -0.10150001
v 0.08702599 -0.02123582 -0.10200001
v 0.08653935 -0.02091066 -0.10200001
v 0.08610001 -0.01985000 -0.10200001
v 0.08621419 -0.01927597 -0.10200001
v 0.08621419 -0.02042403 -0.10200001
v 0.08702599 -0.01846418 -0.10200001
v 0.08653935 -0.01878934 -0.10200001
v 0.08728954 -0.01550534 -0.10200001
v 0.08728954 -0.01449466 -0.10200001
v 0.09370001 0.01935000 -0.10200001
v 0.09358583 0.01992403 -0.10200001
v 0.08728953 0.01449466 -0.10200001
v 0.09277403 0.02073582 -0.10200001
v 0.08728953 0.01550534 -0.10200001
v 0.09220001 0.02085000 -0.10200001
v 0.08752063 0.01990788 -0.10200001
v 0.08728878 0.02042147 -0.10200001
v 0.08692288 0.02085000 -0.10200001
v 0.09420001 0.01935000 -0.10150001
v 0.09420001 0.01935000 -0.09850001
v 0.06120001 0.01935000 -0.10150001
v 0.06120000 -0.02135000 -0.09850001
v 0.06120001 0.01935000 -0.09850001
v 0.12326067 -0.02228934 -0.09800001
v 0.12370001 -0.02335001 -0.09800001
v 0.12220001 -0.02185000 -0.09800001
v 0.12370000 -0.04535000 -0.09800001
v 0.09682250 -0.02300530 -0.09800001
v 0.09763650 -0.02185000 -0.09800001
v 0.09544800 -0.02333406 -0.09800001
v 0.09370001 -0.02135000 -0.09800001
v 0.08211422 -0.02076422 -0.09800001
v 0.09419934 -0.02267212 -0.09800001
v 0.08146537 -0.02119776 -0.09800001
v 0.08254777 -0.02011537 -0.09800001
v 0.08070001 -0.02135000 -0.09800001
v 0.08270001 -0.01935000 -0.09800001
v 0.05620001 -0.04535000 -0.09800000
v 0.07470001 -0.02135000 -0.09800001
v 0.07393464 -0.02119776 -0.09800001
v 0.06120067 -0.02267212 -0.09800001
v 0.07328580 -0.02076421 -0.09800001
v 0.07285225 -0.02011537 -0.09800001
v 0.05995201 -0.02333406 -0.09800001
v 0.06170001 -0.02135000 -0.09800001
v 0.07270001 -0.01935000 -0.09800001
v 0.05770001 -0.02185000 -0.09800001
v 0.05620001 -0.02335000 -0.09800001
v 0.05857752 -0.02300530 -0.09800001
v 0.05631419 -0.02277598 -0.09800001
v 0.05712598 -0.02196418 -0.09800001
v 0.09370001 0.01935000 -0.09800001
v 0.09277403 0.02073582 -0.09800001
v 0.09358583 0.01992403 -0.09800001
v 0.09220001 0.02085000 -0.09800001
v 0.08270001 0.01435000 -0.09800001
v 0.08254776 0.01511537 -0.09800001
v 0.08211422 0.01576421 -0.09800001
v 0.08146537 0.01619776 -0.09800001
v 0.08070001 0.01635000 -0.09800001
v 0.07270001 0.01435000 -0.09800001
v 0.07285225 0.01511537 -0.09800001
v 0.07328580 0.01576422 -0.09800001
v 0.06320000 0.02085000 -0.09800001
v 0.07393464 0.01619776 -0.09800001
v 0.07470001 0.01635000 -0.09800001
v 0.06170001 0.01935000 -0.09800001
v 0.06213935 0.02041066 -0.09800001
v 0.06837404 -0.02123582 -0.10200001
v 0.06886066 -0.02091066 -0.10200001
v 0.06886066 -0.01878934 -0.10200001
v 0.06918582 -0.02042403 -0.10200001
v 0.06930000 -0.01985000 -0.10200001
v 0.06918582 -0.01927597 -0.10200001
v 0.06837404 -0.01846418 -0.10200001
v 0.06811048 -0.01550534 -0.10200001
v 0.06811048 -0.01449466 -0.10200001
v 0.06811047 0.01449466 -0.10200001
v 0.06811047 0.01550534 -0.10200001
v 0.06320000 0.02085000 -0.10200001
v 0.06787939 0.01990788 -0.10200001
v 0.06811123 0.02042147 -0.10200001
v 0.06847713 0.02085000 -0.10200001
v 0.06170001 0.01935000 -0.10200001
v 0.06213935 0.02041066 -0.10200001
v 0.09708583 -0.02192403 -0.09850001
v 0.09676067 -0.02241066 -0.09850001
v 0.09627403 -0.02273582 -0.09850001
v 0.06108583 -0.02192403 -0.09850001
v 0.06076067 -0.02241066 -0.09850001
v 0.06027403 -0.02273582 -0.09850001
v 0.06811048 -0.01550534 -0.10650001
v 0.06811048 -0.01449466 -0.10650001
v 0.06811047 0.01449466 -0.10650001
v 0.06811047 0.01550534 -0.10650001
v 0.08728954 -0.01449466 -0.10650001
v 0.08728954 -0.01550534 -0.10650001
v 0.08728953 0.01550534 -0.10650001
v 0.08728953 0.01449466 -0.10650001
v 0.05770001 -0.04685000 -0.11900000
v 0.05770001 -0.04285000 -0.11900000
v 0.12220000 -0.04685000 -0.11900001
v 0.12220000 -0.04285000 -0.11900001
v 0.12361421 -0.04285000 -0.11841422
v 0.12296537 -0.04285000 -0.11884777
v 0.12404776 -0.04285000 -0.11776538
v 0.05628579 -0.04285000 -0.11841422
v 0.05585225 -0.04285000 -0.11776537
v 0.05693464 -0.04285000 -0.11884777
v 0.05693464 -0.04685000 -0.11884777
v 0.05628579 -0.04685000 -0.11841422
v 0.05585225 -0.04685000 -0.11776537
v 0.12404776 -0.04685000 -0.11776538
v 0.12361421 -0.04685000 -0.11841422
v 0.12296537 -0.04685000 -0.11884777
v 0.12370000 -0.04719776 -0.09923465
v 0.05620001 -0.04719776 -0.09923464
v 0.05620001 -0.04676422 -0.09858580
v 0.12370000 -0.04676422 -0.09858580
v 0.12370000 -0.04611537 -0.09815225
v 0.05620001 -0.04611537 -0.09815225
v 0.05693463 -0.02150224 -0.10650001
v 0.05693463 -0.02150224 -0.09850001
v 0.05628579 -0.02193579 -0.10650001
v 0.05628579 -0.02193579 -0.09850001
v 0.05585225 -0.02258464 -0.10650001
v 0.05585225 -0.02258463 -0.09850001
v 0.12296537 -0.02150225 -0.09850001
v 0.12361422 -0.02193579 -0.09850001
v 0.12404777 -0.02258464 -0.09850001
v 0.09404776 0.02011537 -0.09850001
v 0.09404776 0.02011537 -0.10150001
v 0.09361422 0.02076421 -0.10150001
v 0.09361422 0.02076421 -0.09850001
v 0.09296537 0.02119776 -0.10150001
v 0.09296537 0.02119776 -0.09850001
v 0.08607490 0.02129280 -0.10155721
v 0.08636537 0.02119776 -0.10650001
v 0.08652888 0.02112121 -0.10172880
v 0.08701422 0.02076421 -0.10650001
v 0.08744776 0.02011537 -0.10650001
v 0.06932512 0.02129280 -0.10155721
v 0.06903464 0.02119776 -0.10650001
v 0.06887113 0.02112121 -0.10172880
v 0.06838579 0.02076421 -0.10650001
v 0.06795225 0.02011537 -0.10650001
v 0.06243464 0.02119776 -0.10150001
v 0.06243464 0.02119776 -0.09850001
v 0.06178579 0.02076421 -0.10150001
v 0.06178579 0.02076422 -0.09850001
v 0.06135225 0.02011536 -0.10150001
v 0.06135225 0.02011537 -0.09850001
v 0.09920001 -0.01728852 -0.09810270
v 0.09920001 -0.02085000 -0.10213377
v 0.09920001 -0.02085000 -0.10640001
v 0.09920000 0.02085000 -0.10640001
v 0.09920000 0.01728852 -0.09810270
v 0.09920000 0.02085000 -0.10213377
v 0.09920001 -0.01502577 -0.09322277
v 0.09920000 0.01502577 -0.09322277
v 0.09920000 0.01425000 -0.08790001
v 0.09920001 -0.01425000 -0.08790001
v 0.09920000 -0.01425001 -0.02050000
v 0.09920000 -0.01325001 -0.01950000
v 0.09920000 0.01324999 -0.01950000
v 0.09920000 0.01424999 -0.02050000
v 0.09770001 -0.02085000 -0.10790001
v 0.08920000 -0.02085000 -0.10790001
v 0.08820001 -0.01985000 -0.10790001
v 0.09769999 0.02085000 -0.10790001
v 0.08919999 0.02085000 -0.10790001
v 0.08820000 0.01985000 -0.10790001
v 0.08849289 0.02055711 -0.10790001
v 0.08769999 0.01985000 -0.10740001
v 0.08770000 0.01985000 -0.10240000
v 0.08770001 -0.01985000 -0.10740001
v 0.08770001 -0.01985000 -0.10240000
v 0.09420001 -0.02135000 -0.10190000
v 0.09870001 -0.01779171 -0.09795748
v 0.09420001 -0.01779171 -0.09795748
v 0.09870001 -0.02135000 -0.10190000
v 0.09870001 -0.01552706 -0.09315369
v 0.09420001 -0.01552706 -0.09315369
v 0.09870001 -0.01475000 -0.08790001
v 0.09420001 -0.01475000 -0.08790001
v 0.09420000 0.01475000 -0.08790001
v 0.09870000 0.01552706 -0.09315369
v 0.09420000 0.01552706 -0.09315369
v 0.09870000 0.01475000 -0.08790001
v 0.09870000 0.01779171 -0.09795748
v 0.09420000 0.01779171 -0.09795748
v 0.09870000 0.02135000 -0.10190000
v 0.09420000 0.02135000 -0.10190000
v 0.09870000 0.01474999 -0.02050000
v 0.09420000 0.01474999 -0.02050000
v 0.09870000 -0.01475001 -0.02050000
v 0.09420000 -0.01475001 -0.02050000
v 0.09420001 -0.02085000 -0.10190000
v 0.09420001 -0.02135000 -0.10240000
v 0.09420000 0.02135000 -0.10240000
v 0.09420000 0.02085000 -0.10190000
v 0.09420000 -0.01325001 -0.01900000
v 0.09420000 -0.01463583 -0.01992598
v 0.09420000 -0.01431067 -0.01943934
v 0.09420000 -0.01382403 -0.01911418
v 0.09420000 0.01324999 -0.01900000
v 0.09420000 0.01382402 -0.01911418
v 0.09420000 0.01431065 -0.01943934
v 0.09420000 0.01463581 -0.01992598
v 0.09870000 0.01324999 -0.01900000
v 0.09870000 -0.01325001 -0.01900000
v 0.08920000 -0.02085000 -0.10190000
v 0.08820001 -0.01985000 -0.10190000
v 0.08920000 0.02085000 -0.10190000
v 0.08820000 0.01985000 -0.10190000
v 0.08849289 0.02055711 -0.10190000
v 0.08920000 -0.02135000 -0.10240000
v 0.08920000 -0.02135000 -0.10740001
v 0.09770001 -0.02135000 -0.10740001
v 0.09870001 -0.02135000 -0.10640001
v 0.09840711 -0.02135000 -0.10710712
v 0.09869999 0.02135000 -0.10640001
v 0.09840710 0.02135000 -0.10710712
v 0.09769999 0.02135000 -0.10740001
v 0.08919999 0.02135000 -0.10740001
v 0.08920000 0.02135000 -0.10240000
v 0.09870000 0.01382402 -0.01911418
v 0.09870000 0.01431065 -0.01943934
v 0.09870000 0.01463581 -0.01992598
v 0.09870000 -0.01382403 -0.01911418
v 0.09870000 -0.01431067 -0.01943934
v 0.09870000 -0.01463583 -0.01992598
v 0.09827403 -0.02085000 -0.10778583
v 0.09827402 0.02085000 -0.10778583
v 0.09876066 0.02085000 -0.10746067
v 0.09876066 -0.02085000 -0.10746067
v 0.09908582 0.02085000 -0.10697403
v 0.09908583 -0.02085000 -0.10697404
v 0.08862597 0.02123582 -0.10240000
v 0.08862597 0.02123582 -0.10740001
v 0.08813934 0.02091066 -0.10240000
v 0.08813934 0.02091066 -0.10740001
v 0.08781417 0.02042402 -0.10740001
v 0.08781417 0.02042402 -0.10240000
v 0.08862598 -0.02123582 -0.10740001
v 0.08862598 -0.02123582 -0.10240000
v 0.08813935 -0.02091066 -0.10740001
v 0.08813935 -0.02091066 -0.10240000
v 0.08781418 -0.02042403 -0.10740001
v 0.08781419 -0.02042403 -0.10240000
v 0.06711422 0.02076422 -0.10200001
v 0.06770001 0.01935001 -0.10200001
v 0.06754776 0.02011537 -0.10200001
v 0.06646537 0.02119777 -0.10200001
v 0.06570001 0.02135001 -0.10200001
v 0.06090001 0.02135001 -0.10200001
v 0.06120001 0.02105001 -0.10200001
v 0.06770001 -0.01935000 -0.10200001
v 0.06711421 -0.02076421 -0.10200001
v 0.06754776 -0.02011536 -0.10200001
v 0.06646537 -0.02119775 -0.10200001
v 0.06570001 -0.02135000 -0.10200001
v 0.06120000 -0.02104999 -0.10200001
v 0.06090000 -0.02135000 -0.10200001
v 0.06770001 0.01935001 -0.10770001
v 0.06770000 -0.01935000 -0.10770001
v 0.06740000 -0.01935000 -0.10800000
v 0.06690209 -0.02055208 -0.10800000
v 0.06570000 -0.02104999 -0.10800000
v 0.05770000 -0.02104999 -0.10800000
v 0.06740000 0.01935001 -0.10800000
v 0.06690209 0.02055209 -0.10800000
v 0.06570001 0.02105001 -0.10800000
v 0.05770001 0.02105001 -0.10800000
v 0.05570000 -0.02104999 -0.10600001
v 0.05570000 -0.02105000 -0.03050001
v 0.05570000 -0.02055208 -0.02929792
v 0.05570000 -0.01935000 -0.02880001
v 0.05570001 0.02105001 -0.10600001
v 0.05570001 0.02105000 -0.03050000
v 0.05570001 0.01935000 -0.02880000
v 0.05570001 0.02092060 -0.02984944
v 0.05600001 0.01935000 -0.02850000
v 0.05600000 -0.01935000 -0.02850001
v 0.06090000 0.01935000 -0.02850000
v 0.06090000 -0.01935000 -0.02850001
v 0.06120000 -0.02105000 -0.03050001
v 0.06120000 -0.02055208 -0.02929792
v 0.06120000 -0.01935000 -0.02880001
v 0.06120001 0.01935000 -0.02880000
v 0.06120001 0.02105000 -0.03050000
v 0.06120001 0.02000056 -0.02892941
v 0.06570001 0.02135001 -0.10770001
v 0.05770002 0.02135001 -0.10770001
v 0.05649793 0.02135001 -0.10720208
v 0.05600001 0.02135001 -0.10600001
v 0.05600001 0.02135000 -0.03050000
v 0.06090001 0.02135000 -0.03050000
v 0.05704944 -0.02135000 -0.10757060
v 0.06570000 -0.02135000 -0.10770001
v 0.05600000 -0.02135000 -0.10600001
v 0.06090000 -0.02135000 -0.03050001
v 0.05599999 -0.02135000 -0.03050001
v 0.05585225 -0.02104999 -0.10676537
v 0.05585225 0.02105001 -0.10676537
v 0.05628579 -0.02104999 -0.10741422
v 0.05628579 0.02105001 -0.10741422
v 0.05693464 -0.02104999 -0.10784776
v 0.05693464 0.02105001 -0.10784776
v 0.05600000 -0.02011537 -0.02865225
v 0.06090000 -0.02011537 -0.02865225
v 0.06090000 -0.02076421 -0.02908579
v 0.05600000 -0.02076421 -0.02908579
v 0.06090000 -0.02119776 -0.02973464
v 0.05600000 -0.02119776 -0.02973464
v 0.05600001 0.02011537 -0.02865224
v 0.06090001 0.02011537 -0.02865224
v 0.05600001 0.02076421 -0.02908579
v 0.06090001 0.02076421 -0.02908579
v 0.05600001 0.02119776 -0.02973463
v 0.06090001 0.02119776 -0.02973464
v 0.06754776 -0.02011536 -0.10770001
v 0.06711421 -0.02076421 -0.10770001
v 0.06646537 -0.02119775 -0.10770001
v 0.06754776 0.02011537 -0.10770001
v 0.06711421 0.02076422 -0.10770001
v 0.06646537 0.02119777 -0.10770001
v 0.06174999 0.01350000 -0.04800000
v 0.06275000 0.01450000 -0.04800000
v 0.06236731 0.01442388 -0.04800000
v 0.06204288 0.01420711 -0.04800000
v 0.06182611 0.01388269 -0.04800000
v 0.06174999 0.00650000 -0.04800000
v 0.09357388 0.01388269 -0.04800000
v 0.09335710 0.01420711 -0.04800000
v 0.09303268 0.01442388 -0.04800000
v 0.09265000 0.01450000 -0.04800000
v 0.09365000 0.01350000 -0.04800000
v 0.09365000 0.00650000 -0.04800000
v 0.09265000 -0.01500000 -0.05350000
v 0.09265000 -0.01500000 -0.04850000
v 0.06275000 -0.01500000 -0.05350000
v 0.06275000 -0.01500000 -0.04850000
v 0.09415000 0.01350000 -0.04850000
v 0.09415000 0.01350000 -0.05350000
v 0.09415000 0.00650000 -0.04850000
v 0.09415000 0.00650000 -0.05160000
v 0.09415000 -0.00650000 -0.04850000
v 0.09415000 -0.00650000 -0.05160000
v 0.09415000 -0.01350000 -0.04850000
v 0.09415000 -0.01350000 -0.05350000
v 0.09265000 0.01500000 -0.04850000
v 0.09265000 0.01500000 -0.05350000
v 0.06275000 0.01500000 -0.04850000
v 0.06275000 0.01500000 -0.05350000
v 0.06124999 0.01350000 -0.05350000
v 0.06124999 0.01350000 -0.04850000
v 0.06124999 0.00650000 -0.05160000
v 0.06124999 0.00650000 -0.04850000
v 0.06124999 -0.00650000 -0.05160000
v 0.06124999 -0.00650000 -0.04850000
v 0.06124999 -0.01350000 -0.05350000
v 0.06124999 -0.01350000 -0.04850000
v 0.06236731 -0.01442388 -0.04800000
v 0.06182611 -0.01388268 -0.04800000
v 0.06204288 -0.01420711 -0.04800000
v 0.06275000 -0.01450000 -0.04800000
v 0.06174999 -0.00650000 -0.04800000
v 0.06174999 -0.01350000 -0.04800000
v 0.09265000 -0.01450000 -0.04800000
v 0.09365000 -0.01350000 -0.04800000
v 0.09365000 -0.00650000 -0.04800000
v 0.09335711 -0.01420711 -0.04800000
v 0.09303268 -0.01442388 -0.04800000
v 0.09357388 -0.01388268 -0.04800000
v 0.06204288 0.01420711 -0.05400000
v 0.06236731 0.01442388 -0.05400000
v 0.06182611 0.01388269 -0.05400000
v 0.06275000 0.01450000 -0.05400000
v 0.06174999 0.01350000 -0.05400000
v 0.06182611 -0.01388268 -0.05400000
v 0.06236731 -0.01442388 -0.05400000
v 0.06204288 -0.01420711 -0.05400000
v 0.06174999 -0.01350000 -0.05400000
v 0.06275000 -0.01450000 -0.05400000
v 0.09303268 0.01442388 -0.05400000
v 0.09335710 0.01420711 -0.05400000
v 0.09265000 0.01450000 -0.05400000
v 0.09357388 0.01388269 -0.05400000
v 0.09365000 0.01350000 -0.05400000
v 0.09265000 -0.01450000 -0.05400000
v 0.09365000 -0.01350000 -0.05400000
v 0.09357388 -0.01388268 -0.05400000
v 0.09335711 -0.01420711 -0.05400000
v 0.09303268 -0.01442388 -0.05400000
v 0.09365000 0.00600000 -0.05110000
v 0.09365000 0.00600000 -0.04850000
v 0.06174999 0.00600000 -0.05110000
v 0.06174999 0.00600000 -0.04850000
v 0.06174999 -0.00600000 -0.04850000
v 0.09365000 -0.00600000 -0.05110000
v 0.06174999 -0.00600000 -0.05110000
v 0.09365000 -0.00600000 -0.04850000
v 0.06136417 0.01407403 -0.05350000
v 0.06136417 0.01407403 -0.04850000
v 0.06168933 0.01456066 -0.05350000
v 0.06168933 0.01456066 -0.04850000
v 0.06217597 0.01488582 -0.05350000
v 0.06217597 0.01488582 -0.04850000
v 0.06217597 -0.01488582 -0.05350000
v 0.06217597 -0.01488582 -0.04850000
v 0.06168933 -0.01456066 -0.05350000
v 0.06168933 -0.01456066 -0.04850000
v 0.06136417 -0.01407402 -0.05350000
v 0.06136417 -0.01407402 -0.04850000
v 0.09403582 -0.01407402 -0.05350000
v 0.09403582 -0.01407402 -0.04850000
v 0.09371066 -0.01456066 -0.05350000
v 0.09371066 -0.01456066 -0.04850000
v 0.09322403 -0.01488582 -0.05350000
v 0.09322403 -0.01488582 -0.04850000
v 0.09322402 0.01488582 -0.05350000
v 0.09322402 0.01488582 -0.04850000
v 0.09371065 0.01456066 -0.05350000
v 0.09371065 0.01456066 -0.04850000
v 0.09403582 0.01407403 -0.04850000
v 0.09403582 0.01407403 -0.05350000
v 0.04141408 -0.01399555 0.02681630
v 0.04141408 0.01399555 0.02681630
v 0.05828580 -0.02185000 -0.10700002
v 0.05820000 -0.02135000 -0.10650001
v 0.05820000 -0.02135000 -0.09850001
v 0.09420001 -0.02135000 -0.10150001
v 0.09420001 -0.02135000 -0.10700002
v 0.12420000 -0.04285000 -0.10700002
v 0.09720001 -0.02135001 -0.10700002
v 0.08710001 -0.01843579 -0.10700002
v 0.05620001 -0.04285000 -0.10700001
v 0.06830001 -0.01843579 -0.10700002
v 0.06120001 -0.02135000 -0.10700002
v 0.08760001 -0.01835000 -0.10650001
v 0.08760001 -0.01835000 -0.10200001
v 0.06780001 -0.01835000 -0.10200001
v 0.06780001 -0.01835000 -0.10650001
v 0.09370001 -0.02135000 -0.10200001
v 0.06120000 -0.02135000 -0.10150001
v 0.06170001 -0.02135000 -0.10200001
v 0.05570001 -0.04285000 -0.10650001
v 0.09720001 -0.02135000 -0.09850001
v 0.08692288 0.02085000 -0.10200001
v 0.09682250 -0.02300530 -0.09800001
v 0.09763650 -0.02185000 -0.09800001
v 0.09544800 -0.02333406 -0.09800001
v 0.09419934 -0.02267212 -0.09800001
v 0.06120067 -0.02267212 -0.09800001
v 0.05995201 -0.02333406 -0.09800001
v 0.05770001 -0.02185000 -0.09800001
v 0.05857752 -0.02300530 -0.09800001
v 0.06847713 0.02085000 -0.10200001
v 0.09920000 -0.01425001 -0.02050000
v 0.09920000 -0.01325001 -0.01950000
v 0.09920000 0.01324999 -0.01950000
v 0.09920000 0.01424999 -0.02050000
v 0.08920000 -0.02085000 -0.10790001
v 0.08820001 -0.01985000 -0.10790001
v 0.09420001 -0.02135000 -0.10190000
v 0.09870001 -0.02135000 -0.10190000
v 0.09870000 0.02135000 -0.10190000
v 0.09420000 0.02135000 -0.10190000
v 0.09420001 -0.02085000 -0.10190000
v 0.09420001 -0.02135000 -0.10240000
v 0.09420000 0.02135000 -0.10240000
v 0.09420000 0.02085000 -0.10190000
v 0.08920000 -0.02085000 -0.10190000
v 0.08820001 -0.01985000 -0.10190000
v 0.09840711 -0.02135000 -0.10710712
v 0.06090001 0.02135001 -0.10200001
v 0.06120001 0.02105001 -0.10200001
v 0.06120000 -0.02104999 -0.10200001
v 0.06090000 -0.02135000 -0.10200001
v 0.06174999 0.00650000 -0.04800000
v 0.09365000 0.00650000 -0.04800000
v 0.09415000 0.00650000 -0.04850000
v 0.09415000 0.00650000 -0.05160000
v 0.09415000 -0.00650000 -0.04850000
v 0.09415000 -0.00650000 -0.05160000
v 0.06124999 0.00650000 -0.05160000
v 0.06124999 0.00650000 -0.04850000
v 0.06124999 -0.00650000 -0.05160000
v 0.06124999 -0.00650000 -0.04850000
v 0.06174999 -0.00650000 -0.04800000
v 0.09365000 -0.00650000 -0.04800000
v 0.09365000 0.00600000 -0.05110000
v 0.09365000 0.00600000 -0.04850000
v 0.06174999 0.00600000 -0.05110000
v 0.06174999 0.00600000 -0.04850000
v 0.06174999 -0.00600000 -0.04850000
v 0.09365000 -0.00600000 -0.05110000
v 0.06174999 -0.00600000 -0.05110000
v 0.09365000 -0.00600000 -0.04850000
v 0.05820000 -0.02135000 -0.09850001
v 0.09720001 -0.02135000 -0.09850001
v 0.06174999 0.00650000 -0.04800000
v 0.09365000 0.00650000 -0.04800000
v 0.09415000 0.00650000 -0.04850000
v 0.09415000 -0.00650000 -0.04850000
v 0.06124999 0.00650000 -0.04850000
v 0.06124999 -0.00650000 -0.04850000
v 0.06174999 -0.00650000 -0.04800000
v 0.09365000 -0.00650000 -0.04800000
v 0.09365000 0.00600000 -0.05110000
v 0.09365000 0.00600000 -0.04850000
v 0.06174999 0.00600000 -0.05110000
v 0.06174999 0.00600000 -0.04850000
v 0.06174999 -0.00600000 -0.04850000
v 0.09365000 -0.00600000 -0.05110000
v 0.06174999 -0.00600000 -0.05110000
v 0.09365000 -0.00600000 -0.04850000
f 17 9 18
f 18 10 19
f 9 10 18
f 19 11 20
f 10 11 19
f 21 22 23
f 24 22 21
f 20 24 21
f 11 24 20
f 22 25 23
f 24 12 26
f 11 12 24
f 26 13 27
f 12 13 26
f 36 37 35
f 37 38 35
f 35 44 40
f 38 39 35
f 39 44 35
f 40 41 398
f 39 42 44
f 40 44 43
f 43 45 40
f 45 46 40
f 42 47 44
f 46 49 40
f 40 49 41
f 42 48 47
f 46 50 49
f 49 50 51
f 56 57 763
f 58 56 775
f 59 774 60
f 59 775 774
f 59 58 775
f 61 60 759
f 32 62 454
f 65 31 453
f 66 65 767
f 67 66 767
f 70 762 57
f 70 69 762
f 71 61 759
f 9 72 71
f 9 71 759
f 17 72 9
f 73 74 75
f 76 48 77
f 78 48 76
f 79 80 48
f 79 48 78
f 81 77 48
f 82 80 79
f 83 76 77
f 83 77 81
f 84 80 82
f 85 78 76
f 85 76 83
f 86 48 42
f 86 83 81
f 86 81 48
f 87 80 84
f 88 79 78
f 88 78 85
f 89 83 86
f 90 80 87
f 91 82 79
f 91 79 88
f 92 85 83
f 92 88 85
f 92 83 89
f 93 86 42
f 97 80 90
f 94 84 82
f 94 82 91
f 95 91 88
f 95 88 92
f 96 89 86
f 96 86 93
f 98 87 84
f 98 84 94
f 99 42 100
f 99 93 42
f 101 96 93
f 101 93 99
f 102 94 91
f 102 91 95
f 103 92 89
f 103 89 96
f 103 96 101
f 104 80 97
f 105 90 87
f 105 87 98
f 106 101 99
f 107 103 101
f 108 94 102
f 109 92 103
f 109 95 92
f 110 97 90
f 110 90 105
f 100 106 99
f 111 107 101
f 111 106 100
f 111 101 106
f 112 113 80
f 112 80 104
f 114 109 103
f 114 103 107
f 114 107 111
f 115 105 98
f 115 94 108
f 115 98 94
f 116 102 95
f 116 95 109
f 117 97 110
f 118 100 119
f 118 111 100
f 120 114 111
f 120 111 118
f 121 109 114
f 121 116 109
f 122 105 115
f 123 108 102
f 123 102 116
f 124 104 97
f 124 97 117
f 125 118 119
f 125 120 118
f 126 121 114
f 126 114 120
f 127 116 121
f 127 123 116
f 128 110 105
f 128 105 122
f 129 108 123
f 129 115 108
f 130 125 119
f 130 120 125
f 130 126 120
f 131 121 126
f 131 127 121
f 132 129 123
f 132 123 127
f 132 127 131
f 133 117 110
f 133 110 128
f 134 122 115
f 134 115 129
f 135 136 113
f 135 113 112
f 135 112 104
f 135 104 124
f 137 131 126
f 137 130 119
f 137 126 130
f 138 129 132
f 138 134 129
f 139 124 117
f 139 117 133
f 140 128 122
f 140 122 134
f 146 131 137
f 146 137 119
f 141 131 146
f 141 132 131
f 141 138 132
f 142 134 138
f 142 140 134
f 143 128 140
f 143 133 128
f 144 145 136
f 144 124 139
f 144 136 135
f 144 135 124
f 146 119 147
f 148 142 138
f 148 138 141
f 149 140 142
f 149 143 140
f 149 142 148
f 150 139 133
f 150 144 139
f 150 133 143
f 151 146 147
f 151 141 146
f 151 148 141
f 152 149 148
f 153 143 149
f 153 150 143
f 154 155 145
f 154 144 150
f 154 145 144
f 156 151 147
f 156 148 151
f 156 152 148
f 157 149 152
f 157 153 149
f 157 152 156
f 158 155 154
f 158 150 153
f 158 154 150
f 159 156 147
f 159 157 156
f 160 74 155
f 160 75 74
f 160 155 158
f 160 153 157
f 160 158 153
f 161 147 75
f 161 75 160
f 161 159 147
f 161 157 159
f 161 160 157
f 145 162 163
f 136 163 164
f 136 145 163
f 113 164 165
f 113 136 164
f 80 113 165
f 166 167 168
f 169 163 170
f 171 172 173
f 166 174 167
f 175 176 166
f 166 176 174
f 177 178 175
f 175 178 176
f 164 179 165
f 180 179 177
f 165 179 180
f 177 179 178
f 167 181 182
f 174 181 167
f 174 183 181
f 176 183 174
f 178 184 176
f 176 184 183
f 178 185 184
f 179 185 178
f 164 185 179
f 182 187 186
f 181 187 182
f 187 188 189
f 183 188 181
f 181 188 187
f 189 190 191
f 188 190 189
f 183 190 188
f 184 190 183
f 163 192 164
f 164 192 185
f 184 192 190
f 185 192 184
f 190 192 191
f 191 193 194
f 194 193 169
f 192 193 191
f 163 193 192
f 169 193 163
f 170 195 196
f 196 195 197
f 198 199 171
f 200 199 198
f 171 199 172
f 163 201 170
f 170 201 195
f 172 202 203
f 197 202 200
f 199 202 172
f 200 202 199
f 201 204 195
f 197 204 202
f 203 204 205
f 195 204 197
f 202 204 203
f 205 206 162
f 204 206 205
f 162 206 163
f 201 206 204
f 163 206 201
f 14 30 13
f 14 207 30
f 30 27 13
f 207 25 30
f 30 208 27
f 30 24 208
f 30 28 24
f 30 29 28
f 30 25 29
f 207 23 25
f 207 209 23
f 209 210 23
f 209 211 210
f 209 212 211
f 212 213 211
f 212 214 213
f 212 215 214
f 216 218 217
f 212 220 215
f 215 220 216
f 220 219 216
f 220 221 219
f 221 222 219
f 227 224 223
f 225 227 223
f 224 186 226
f 221 228 222
f 229 228 230
f 222 228 229
f 168 231 3
f 3 231 2
f 230 232 173
f 173 232 171
f 228 232 230
f 171 232 198
f 198 232 186
f 167 233 168
f 182 233 167
f 168 233 231
f 186 233 182
f 232 233 186
f 234 235 236
f 237 214 238
f 213 214 237
f 239 240 241
f 239 242 240
f 216 217 243
f 216 244 215
f 215 244 214
f 238 244 234
f 235 244 239
f 242 244 243
f 234 244 235
f 214 244 238
f 239 244 242
f 243 244 216
f 219 243 218
f 218 243 217
f 222 245 219
f 219 245 243
f 243 246 242
f 245 246 243
f 242 247 240
f 246 247 242
f 240 248 241
f 247 248 240
f 249 248 73
f 241 248 249
f 7 1 250
f 251 250 252
f 251 7 250
f 253 251 252
f 254 252 255
f 254 253 252
f 256 255 257
f 256 254 255
f 258 257 259
f 258 256 257
f 260 259 261
f 260 258 259
f 262 261 263
f 262 263 264
f 262 260 261
f 265 262 264
f 266 264 267
f 266 265 264
f 16 267 15
f 16 266 267
f 155 268 145
f 74 268 155
f 73 268 74
f 145 268 162
f 269 268 248
f 270 268 269
f 162 268 270
f 248 268 73
f 236 271 272
f 273 271 249
f 274 271 273
f 272 271 274
f 249 271 241
f 235 271 236
f 239 271 235
f 241 271 239
f 275 276 277
f 275 277 278
f 279 278 280
f 279 275 278
f 272 280 236
f 272 279 280
f 42 39 100
f 100 281 119
f 39 281 100
f 119 282 147
f 281 282 119
f 147 283 75
f 282 283 147
f 75 284 73
f 283 284 75
f 284 249 73
f 249 284 273
f 283 285 284
f 273 286 274
f 284 286 273
f 285 286 284
f 283 287 285
f 274 288 272
f 286 288 274
f 287 289 285
f 285 289 286
f 283 290 287
f 272 291 279
f 288 291 272
f 289 292 286
f 286 292 288
f 290 293 287
f 289 293 292
f 287 293 289
f 283 294 290
f 292 295 288
f 288 295 291
f 293 296 292
f 290 297 293
f 294 297 290
f 282 298 283
f 283 298 294
f 292 299 295
f 296 299 292
f 297 300 293
f 293 300 296
f 294 301 297
f 298 301 294
f 282 305 298
f 296 302 299
f 300 302 296
f 297 303 300
f 301 303 297
f 298 304 301
f 305 304 298
f 279 306 275
f 291 306 279
f 300 307 302
f 303 307 300
f 301 308 303
f 304 308 301
f 305 309 304
f 282 310 305
f 295 311 291
f 291 311 306
f 303 312 307
f 308 312 303
f 309 313 304
f 304 313 308
f 310 314 305
f 309 314 313
f 305 314 309
f 282 315 310
f 275 316 276
f 311 316 306
f 306 316 275
f 299 317 295
f 295 317 311
f 308 318 312
f 313 318 308
f 314 319 313
f 313 319 318
f 315 320 310
f 310 320 314
f 281 321 282
f 282 321 315
f 311 322 316
f 316 322 276
f 299 323 317
f 302 323 299
f 307 323 302
f 319 324 318
f 320 325 314
f 314 325 319
f 315 326 320
f 321 326 315
f 281 327 321
f 317 328 311
f 311 328 322
f 322 328 276
f 307 329 323
f 319 330 324
f 325 330 319
f 326 331 320
f 320 331 325
f 321 332 326
f 327 332 321
f 39 333 281
f 281 333 327
f 323 334 317
f 328 334 276
f 329 334 323
f 317 334 328
f 307 335 329
f 312 335 307
f 325 336 330
f 331 336 325
f 326 337 331
f 332 337 326
f 327 340 332
f 39 340 333
f 333 340 327
f 318 338 312
f 324 338 318
f 312 338 335
f 337 339 331
f 331 339 336
f 332 340 337
f 276 341 38
f 334 341 276
f 335 341 329
f 329 341 334
f 324 342 338
f 330 342 324
f 38 343 39
f 337 343 339
f 39 343 340
f 340 343 337
f 1490 344 38
f 338 344 335
f 335 344 341
f 330 345 342
f 338 346 344
f 344 346 38
f 342 346 338
f 330 347 345
f 336 347 330
f 339 347 336
f 342 348 346
f 345 348 342
f 347 348 345
f 346 348 38
f 339 349 347
f 347 350 348
f 348 350 38
f 339 351 349
f 343 351 339
f 38 351 343
f 349 352 347
f 351 352 349
f 347 352 350
f 350 352 38
f 38 353 351
f 351 353 352
f 352 353 38
f 237 354 213
f 213 354 211
f 238 355 237
f 237 355 354
f 234 356 238
f 238 356 355
f 236 357 234
f 280 357 236
f 234 357 356
f 211 358 210
f 211 359 358
f 355 359 211
f 358 359 210
f 355 360 359
f 356 360 355
f 277 361 278
f 278 361 280
f 356 361 360
f 280 361 357
f 357 361 356
f 210 362 23
f 363 364 365
f 362 364 363
f 359 364 210
f 210 364 362
f 360 366 359
f 361 366 360
f 364 366 365
f 359 366 364
f 277 367 361
f 361 367 366
f 366 367 365
f 168 3 368
f 368 8 369
f 3 8 368
f 369 6 370
f 8 6 369
f 370 5 371
f 6 5 370
f 371 4 55
f 5 4 371
f 247 269 248
f 245 229 246
f 222 229 245
f 270 205 162
f 270 203 205
f 230 173 172
f 269 372 270
f 203 372 172
f 230 372 229
f 246 372 247
f 247 372 269
f 229 372 246
f 270 372 203
f 172 372 230
f 21 23 362
f 363 21 362
f 20 363 365
f 20 21 363
f 19 365 367
f 19 20 365
f 18 19 367
f 277 18 367
f 373 18 277
f 374 18 373
f 17 18 374
f 72 17 374
f 375 374 373
f 375 72 374
f 276 373 277
f 276 375 373
f 376 276 38
f 376 38 377
f 2121 378 71
f 376 379 378
f 376 377 379
f 376 71 72
f 380 72 375
f 380 375 276
f 380 276 2121
f 381 71 378
f 381 61 71
f 382 378 379
f 382 379 377
f 382 381 378
f 383 382 377
f 37 377 38
f 37 383 377
f 60 61 381
f 384 36 35
f 56 58 385
f 386 37 36
f 386 383 37
f 387 382 383
f 387 383 386
f 388 381 382
f 388 59 60
f 388 382 387
f 388 60 381
f 389 386 36
f 389 36 384
f 390 384 391
f 390 387 386
f 390 386 389
f 390 389 384
f 392 391 385
f 392 58 59
f 392 387 390
f 392 390 391
f 392 59 388
f 392 385 58
f 392 388 387
f 35 40 393
f 384 35 393
f 391 393 394
f 391 384 393
f 385 395 57
f 385 394 395
f 385 391 394
f 56 385 57
f 70 57 395
f 33 68 397
f 398 393 40
f 399 394 393
f 399 393 398
f 400 395 394
f 400 69 70
f 400 394 399
f 400 70 395
f 401 398 41
f 401 41 396
f 402 396 403
f 402 399 398
f 402 401 396
f 402 398 401
f 404 403 397
f 404 68 69
f 404 399 402
f 404 402 403
f 404 69 400
f 404 397 68
f 404 400 399
f 405 33 397
f 405 34 33
f 406 397 403
f 406 403 396
f 406 405 397
f 407 406 396
f 49 396 41
f 49 407 396
f 31 65 408
f 409 407 49
f 409 49 51
f 410 406 407
f 410 407 409
f 411 409 51
f 412 34 405
f 412 405 406
f 412 67 34
f 412 406 410
f 413 410 409
f 413 409 411
f 414 51 50
f 414 50 415
f 414 411 51
f 416 66 67
f 416 410 413
f 416 67 412
f 416 412 410
f 417 415 418
f 417 414 415
f 417 411 414
f 417 413 411
f 419 418 408
f 419 65 66
f 419 66 416
f 419 417 418
f 419 416 413
f 419 413 417
f 419 408 65
f 50 46 420
f 415 50 420
f 418 420 421
f 418 415 420
f 408 421 422
f 408 418 421
f 31 422 32
f 31 408 422
f 46 45 420
f 423 424 53
f 423 53 64
f 425 426 424
f 425 424 423
f 427 64 63
f 427 423 64
f 428 44 47
f 428 429 426
f 428 47 429
f 428 426 425
f 430 425 423
f 430 423 427
f 431 32 422
f 431 62 32
f 431 63 62
f 431 427 63
f 432 43 44
f 432 45 43
f 432 425 430
f 432 44 428
f 432 428 425
f 433 422 421
f 433 430 427
f 433 431 422
f 433 427 431
f 434 421 420
f 434 432 430
f 434 433 421
f 434 45 432
f 434 430 433
f 434 420 45
f 47 48 435
f 429 435 436
f 429 47 435
f 426 436 437
f 426 429 436
f 424 437 52
f 424 426 437
f 53 424 52
f 439 438 54
f 439 80 438
f 439 48 80
f 439 54 52
f 440 439 52
f 1494 48 1493
f 441 48 1494
f 1495 440 52
f 442 52 437
f 442 437 436
f 442 436 435
f 1496 435 48
f 1496 48 441
f 442 1495 52
f 80 165 443
f 438 443 444
f 438 80 443
f 54 444 55
f 54 438 444
f 166 168 368
f 369 166 368
f 175 369 370
f 175 166 369
f 177 370 371
f 177 175 370
f 180 177 371
f 55 180 371
f 444 180 55
f 443 180 444
f 165 180 443
f 250 1 2
f 250 2 231
f 252 231 233
f 252 250 231
f 232 252 233
f 255 252 232
f 257 232 228
f 257 255 232
f 221 257 228
f 259 257 221
f 220 259 221
f 261 259 220
f 263 220 212
f 263 261 220
f 264 212 209
f 264 263 212
f 207 264 209
f 267 264 207
f 15 207 14
f 15 267 207
f 1474 1480 1473
f 170 194 169
f 1473 1478 196
f 1480 1478 1473
f 194 1476 191
f 196 1476 170
f 170 1476 194
f 1478 1476 196
f 191 1477 1472
f 1476 1477 191
f 1477 1479 1472
f 1479 1471 1472
f 1479 1470 1471
f 217 219 218
f 445 4 446
f 446 5 447
f 4 5 446
f 447 6 448
f 5 6 447
f 448 449 450
f 6 451 448
f 448 451 449
f 449 452 450
f 451 8 3
f 6 8 451
f 16 15 466
f 459 466 467
f 459 16 466
f 457 459 467
f 458 467 468
f 458 457 467
f 460 468 469
f 460 458 468
f 461 469 470
f 461 460 469
f 462 470 471
f 462 461 470
f 463 472 473
f 463 471 472
f 463 462 471
f 464 463 473
f 465 473 474
f 465 464 473
f 7 474 1
f 7 465 474
f 475 477 476
f 475 478 477
f 477 479 476
f 475 480 478
f 490 481 477
f 475 482 480
f 476 483 484
f 479 483 476
f 478 485 489
f 490 486 481
f 487 488 475
f 475 488 482
f 483 491 484
f 489 492 490
f 491 493 484
f 493 494 484
f 14 13 487
f 487 13 488
f 496 495 494
f 493 496 494
f 496 499 495
f 496 497 499
f 497 498 499
f 499 500 495
f 500 501 495
f 502 501 500
f 502 503 501
f 503 504 501
f 505 504 503
f 505 452 504
f 452 506 504
f 3 2 452
f 452 2 506
f 507 508 509
f 1510 1512 510
f 510 1512 511
f 508 1513 512
f 511 1513 507
f 1512 1513 511
f 507 1513 508
f 512 1511 513
f 1513 1511 512
f 1511 1509 513
f 1509 514 513
f 1509 1507 514
f 515 482 488
f 517 518 515
f 515 518 482
f 519 520 517
f 517 520 518
f 521 522 519
f 519 522 520
f 482 523 480
f 520 523 518
f 518 523 482
f 524 525 526
f 526 525 521
f 521 525 522
f 520 527 523
f 520 528 527
f 522 528 520
f 525 528 522
f 480 529 478
f 478 529 1516
f 523 529 480
f 524 530 525
f 525 530 528
f 1516 531 1515
f 523 531 529
f 528 531 527
f 527 531 523
f 529 531 1516
f 1515 532 512
f 528 532 531
f 531 532 1515
f 533 534 524
f 530 534 528
f 524 534 530
f 528 534 532
f 532 534 512
f 512 535 508
f 508 535 509
f 533 535 534
f 534 535 512
f 509 535 533
f 507 536 511
f 511 536 510
f 537 538 477
f 477 538 479
f 479 538 516
f 509 539 507
f 533 539 509
f 507 539 536
f 1514 540 537
f 516 540 541
f 537 540 538
f 538 540 516
f 1514 542 540
f 541 542 543
f 536 542 1514
f 540 542 541
f 543 544 545
f 536 544 542
f 545 544 533
f 542 544 543
f 533 544 539
f 539 544 536
f 546 547 548
f 548 547 549
f 549 550 551
f 547 550 549
f 551 552 553
f 550 552 551
f 553 496 493
f 552 496 553
f 497 496 552
f 552 498 497
f 498 552 499
f 546 554 547
f 500 555 502
f 556 557 558
f 556 559 557
f 499 560 500
f 555 560 558
f 556 560 554
f 547 560 550
f 550 560 552
f 552 560 499
f 554 560 547
f 500 560 555
f 558 560 556
f 561 546 562
f 561 563 564
f 561 565 563
f 561 562 565
f 561 564 559
f 561 554 546
f 561 556 554
f 561 559 556
f 566 545 533
f 567 533 524
f 567 566 533
f 568 524 526
f 568 567 524
f 569 568 526
f 570 571 572
f 573 574 575
f 576 574 573
f 577 578 579
f 580 577 579
f 581 570 572
f 582 572 583
f 582 581 572
f 584 574 570
f 584 570 581
f 585 583 566
f 585 582 583
f 586 584 581
f 586 581 582
f 587 574 584
f 588 566 567
f 588 585 566
f 589 582 585
f 589 586 582
f 590 586 589
f 590 587 584
f 590 584 586
f 591 574 587
f 592 589 585
f 592 585 588
f 593 590 589
f 594 587 590
f 594 591 587
f 595 574 591
f 596 593 589
f 596 589 592
f 597 594 590
f 597 590 593
f 598 595 591
f 598 591 594
f 599 574 595
f 599 575 574
f 600 597 593
f 600 593 596
f 601 598 594
f 601 594 597
f 602 595 598
f 602 599 595
f 603 575 599
f 603 604 605
f 603 605 606
f 603 606 575
f 603 599 602
f 607 567 568
f 607 588 567
f 608 601 597
f 608 597 600
f 609 602 598
f 609 598 601
f 610 603 602
f 610 611 604
f 610 604 603
f 612 588 607
f 612 592 588
f 613 601 608
f 613 609 601
f 614 615 611
f 614 611 610
f 614 602 609
f 614 610 602
f 616 612 607
f 616 568 569
f 616 607 568
f 617 592 612
f 617 596 592
f 618 609 613
f 618 614 609
f 619 612 616
f 619 616 569
f 620 600 596
f 620 608 600
f 620 596 617
f 621 622 623
f 621 623 615
f 621 615 614
f 621 614 618
f 624 617 612
f 624 619 569
f 624 612 619
f 625 608 620
f 626 627 577
f 626 580 628
f 626 577 580
f 629 617 624
f 629 625 620
f 629 624 569
f 629 620 617
f 630 613 608
f 630 608 625
f 631 626 628
f 631 627 626
f 632 613 630
f 632 618 613
f 632 621 618
f 634 569 635
f 634 630 625
f 634 629 569
f 634 625 629
f 636 622 621
f 636 621 632
f 637 633 638
f 637 638 639
f 637 635 627
f 637 627 631
f 637 631 633
f 640 630 634
f 640 1518 635
f 640 632 630
f 641 642 622
f 641 622 636
f 643 640 635
f 643 632 640
f 643 636 632
f 644 642 641
f 645 643 635
f 645 636 643
f 645 641 636
f 645 644 641
f 646 647 642
f 646 642 644
f 648 645 635
f 648 644 645
f 649 639 647
f 649 647 646
f 649 637 639
f 649 635 637
f 650 649 646
f 650 646 644
f 650 648 635
f 650 644 648
f 651 649 650
f 651 635 649
f 651 650 635
f 653 654 655
f 655 654 635
f 635 654 627
f 627 654 656
f 656 657 658
f 656 659 657
f 656 666 659
f 659 666 660
f 660 666 661
f 661 666 662
f 654 666 656
f 666 665 662
f 665 663 662
f 663 665 664
f 666 667 665
f 666 668 667
f 571 570 562
f 562 570 669
f 670 574 671
f 669 574 670
f 570 574 669
f 574 576 671
f 671 652 672
f 576 652 671
f 672 578 673
f 652 578 672
f 673 577 674
f 578 577 673
f 674 627 656
f 577 627 674
f 684 545 566
f 684 583 572
f 684 566 583
f 684 572 571
f 684 571 548
f 684 685 545
f 684 686 685
f 684 548 686
f 548 562 546
f 571 562 548
f 687 688 689
f 690 689 691
f 690 687 689
f 692 691 559
f 692 690 691
f 564 692 559
f 682 683 674
f 683 673 674
f 693 670 671
f 565 562 669
f 658 694 695
f 658 696 694
f 658 697 656
f 678 697 677
f 694 697 695
f 695 697 658
f 658 698 696
f 677 699 676
f 697 699 677
f 694 699 697
f 658 700 698
f 675 701 702
f 676 701 675
f 698 701 696
f 694 701 699
f 696 701 694
f 699 701 676
f 679 697 678
f 658 703 700
f 697 680 656
f 679 680 697
f 701 704 702
f 698 704 701
f 700 704 698
f 682 707 681
f 681 707 680
f 680 707 656
f 702 705 706
f 703 705 700
f 704 705 702
f 700 705 704
f 656 707 674
f 674 707 682
f 703 708 705
f 709 710 711
f 703 710 708
f 711 710 703
f 706 712 713
f 705 712 706
f 709 714 710
f 705 715 712
f 708 715 705
f 712 715 713
f 713 716 717
f 715 716 713
f 718 719 709
f 709 719 714
f 710 720 708
f 708 720 715
f 721 722 723
f 723 722 724
f 724 722 693
f 717 725 726
f 726 725 721
f 716 725 717
f 716 727 725
f 715 727 716
f 720 727 715
f 718 728 719
f 729 728 718
f 714 730 710
f 710 730 720
f 692 731 690
f 722 732 693
f 721 732 722
f 725 732 721
f 730 733 720
f 720 733 727
f 734 735 729
f 729 735 728
f 719 736 714
f 714 736 730
f 732 737 693
f 725 737 732
f 693 737 670
f 727 738 725
f 725 738 737
f 733 738 727
f 730 739 733
f 736 739 730
f 728 740 719
f 719 740 736
f 564 741 692
f 692 741 731
f 731 741 734
f 734 741 735
f 738 742 737
f 737 742 670
f 739 743 733
f 733 743 738
f 739 744 743
f 736 744 739
f 740 744 736
f 741 745 735
f 735 745 728
f 728 745 740
f 743 746 738
f 738 746 742
f 742 746 670
f 744 747 743
f 745 748 740
f 740 748 744
f 563 749 564
f 564 749 741
f 741 749 745
f 746 750 670
f 747 750 743
f 743 750 746
f 747 751 750
f 748 751 744
f 744 751 747
f 749 752 745
f 563 752 749
f 745 752 748
f 750 753 670
f 670 753 669
f 751 753 750
f 565 754 563
f 748 754 751
f 752 754 748
f 563 754 752
f 669 754 565
f 754 755 751
f 753 755 669
f 751 755 753
f 669 755 754
f 711 756 709
f 709 756 718
f 687 756 1519
f 729 756 734
f 1520 756 711
f 658 756 703
f 718 756 729
f 690 757 687
f 687 757 756
f 731 757 690
f 756 757 734
f 734 757 731
f 9 760 761
f 9 758 760
f 9 759 758
f 762 763 57
f 764 762 69
f 764 69 68
f 765 68 33
f 765 764 68
f 455 765 33
f 456 34 67
f 766 67 767
f 766 456 67
f 768 65 453
f 768 767 65
f 769 770 53
f 64 770 63
f 53 770 64
f 770 771 63
f 63 772 62
f 771 772 63
f 772 454 62
f 773 759 60
f 773 60 774
f 776 775 56
f 445 777 4
f 769 53 778
f 778 53 777
f 777 53 4
f 488 13 779
f 13 12 779
f 779 11 780
f 780 11 781
f 12 11 779
f 781 10 782
f 11 10 781
f 782 9 761
f 10 9 782
f 516 483 479
f 516 541 483
f 545 685 543
f 491 553 493
f 686 549 551
f 686 548 549
f 483 783 491
f 553 783 551
f 686 783 685
f 543 783 541
f 541 783 483
f 685 783 543
f 491 783 553
f 551 783 686
f 559 691 557
f 689 688 784
f 555 785 502
f 502 785 503
f 558 786 555
f 555 786 785
f 557 787 558
f 691 787 557
f 558 787 786
f 503 788 505
f 785 788 503
f 786 789 785
f 785 789 788
f 689 790 691
f 786 790 789
f 691 790 787
f 787 790 786
f 784 790 689
f 505 791 452
f 792 793 794
f 791 793 792
f 505 793 791
f 789 793 505
f 784 794 790
f 790 794 789
f 789 794 793
f 779 515 488
f 517 515 779
f 780 517 779
f 519 517 780
f 781 519 780
f 521 519 781
f 782 521 781
f 795 782 761
f 796 782 795
f 526 521 782
f 526 782 796
f 569 526 796
f 797 796 795
f 797 569 796
f 760 795 761
f 760 797 795
f 798 760 758
f 798 758 799
f 798 799 800
f 798 800 801
f 2122 801 635
f 798 635 569
f 802 797 760
f 802 569 797
f 802 798 569
f 803 635 801
f 803 655 635
f 804 801 800
f 804 803 801
f 805 800 799
f 805 804 800
f 759 799 758
f 759 805 799
f 653 806 654
f 775 776 807
f 759 773 805
f 808 806 653
f 809 810 806
f 809 806 808
f 811 774 775
f 811 807 810
f 811 810 809
f 811 775 807
f 812 653 655
f 812 808 653
f 812 655 803
f 813 803 804
f 813 809 808
f 813 812 803
f 813 808 812
f 814 804 805
f 814 773 774
f 814 809 813
f 814 774 811
f 814 813 804
f 814 805 773
f 814 811 809
f 776 763 815
f 807 776 815
f 810 815 816
f 810 807 815
f 806 816 817
f 806 810 816
f 654 817 666
f 654 806 817
f 765 455 819
f 763 762 815
f 820 667 668
f 820 818 667
f 821 822 818
f 821 818 820
f 823 764 765
f 823 819 822
f 823 822 821
f 823 765 819
f 824 817 816
f 824 668 666
f 824 820 668
f 824 666 817
f 825 821 820
f 825 820 824
f 825 824 816
f 826 816 815
f 826 762 764
f 826 764 823
f 826 821 825
f 826 825 816
f 826 815 762
f 826 823 821
f 827 667 818
f 827 665 667
f 828 818 822
f 828 827 818
f 829 822 819
f 829 828 822
f 456 819 455
f 456 829 819
f 830 831 663
f 830 663 664
f 832 833 831
f 832 831 830
f 834 830 664
f 835 768 453
f 835 453 836
f 835 836 833
f 835 833 832
f 837 832 830
f 837 830 834
f 838 664 665
f 838 834 664
f 838 665 827
f 839 766 767
f 839 767 768
f 839 832 837
f 839 768 835
f 839 835 832
f 840 827 828
f 840 837 834
f 840 834 838
f 840 838 827
f 841 829 456
f 841 828 829
f 841 456 766
f 841 766 839
f 841 837 840
f 841 840 828
f 841 839 837
f 836 453 454
f 836 454 842
f 833 842 843
f 833 836 842
f 831 843 844
f 831 833 843
f 663 844 662
f 663 831 844
f 845 842 454
f 845 454 772
f 846 843 842
f 846 842 845
f 847 772 771
f 847 845 772
f 848 844 843
f 848 662 844
f 848 661 662
f 848 843 846
f 849 846 845
f 849 845 847
f 850 771 770
f 850 770 769
f 850 769 851
f 850 851 852
f 850 847 771
f 853 660 661
f 853 846 849
f 853 661 848
f 853 848 846
f 854 847 850
f 854 850 852
f 854 849 847
f 855 852 856
f 855 856 657
f 855 657 659
f 855 659 660
f 855 854 852
f 855 853 849
f 855 660 853
f 855 849 854
f 851 769 778
f 851 778 857
f 852 857 858
f 852 851 857
f 856 858 859
f 856 852 858
f 657 859 658
f 657 856 859
f 861 860 687
f 861 777 860
f 861 687 658
f 861 778 777
f 862 1524 658
f 1525 778 861
f 863 778 1525
f 1526 862 658
f 864 857 778
f 864 858 857
f 864 859 858
f 1527 658 859
f 1527 863 658
f 864 778 863
f 777 445 865
f 860 865 866
f 860 777 865
f 687 866 688
f 687 860 866
f 791 450 452
f 448 450 791
f 792 448 791
f 447 448 792
f 794 447 792
f 446 447 794
f 784 446 794
f 866 784 688
f 865 784 866
f 445 446 784
f 445 784 865
f 466 15 14
f 466 14 487
f 467 487 475
f 467 466 487
f 468 475 476
f 468 467 475
f 484 468 476
f 469 468 484
f 494 469 484
f 470 469 494
f 471 494 495
f 471 470 494
f 501 471 495
f 472 471 501
f 504 472 501
f 473 472 504
f 474 504 506
f 474 473 504
f 2 474 506
f 1 474 2
f 1506 1508 1517
f 1517 1510 510
f 1508 1510 1517
f 498 496 497
f 3 449 451
f 4 53 54
f 54 53 52
f 4 54 55
f 1462 1463 1467
f 1462 1467 1468
f 1462 1468 1464
f 1463 1465 1475
f 1475 1465 1466
f 31 454 453
f 454 31 32
f 33 456 455
f 456 33 34
f 56 763 776
f 198 227 200
f 216 219 218
f 227 186 224
f 186 227 198
f 1481 1482 1460
f 1460 1482 1505
f 1505 1482 1483
f 1505 1483 1504
f 1504 1483 1484
f 1504 1484 1503
f 1503 1484 1485
f 1503 1485 1502
f 1502 1485 1486
f 1502 1486 1501
f 1501 1486 1487
f 1501 1487 1500
f 1500 1487 1488
f 1500 1488 1498
f 1498 1488 1489
f 1498 1489 1497
f 1497 1489 1461
f 1497 1461 1499
f 354 355 211
f 1469 1492 1491
f 449 3 452
f 477 489 490
f 489 477 478
f 575 606 573
f 573 606 576
f 576 606 605
f 576 605 652
f 652 605 604
f 652 604 578
f 578 604 611
f 578 611 579
f 579 611 615
f 579 615 580
f 580 615 623
f 580 623 628
f 628 623 622
f 628 622 631
f 631 622 642
f 631 642 633
f 633 642 647
f 633 647 638
f 638 647 639
f 672 673 671
f 671 673 693
f 693 673 683
f 693 683 724
f 724 683 682
f 724 682 723
f 723 682 681
f 723 681 721
f 721 681 680
f 721 680 726
f 726 680 679
f 726 679 717
f 717 679 678
f 717 678 713
f 713 678 677
f 713 677 706
f 706 677 676
f 706 676 702
f 702 676 675
f 788 789 505
f 1522 1523 1521
f 867 868 869
f 869 868 870
f 870 871 872
f 868 871 870
f 872 873 874
f 871 873 872
f 873 875 874
f 874 876 877
f 875 876 874
f 878 879 880
f 880 879 881
f 881 882 883
f 879 882 881
f 884 885 886
f 883 887 884
f 882 887 883
f 884 887 885
f 887 888 885
f 889 890 891
f 891 890 892
f 892 890 893
f 893 890 894
f 889 895 890
f 889 896 895
f 895 897 890
f 889 1539 896
f 897 898 890
f 1548 899 2127
f 1543 899 1548
f 1540 899 1543
f 900 901 902
f 903 901 900
f 904 905 906
f 906 907 908
f 905 907 906
f 909 910 904
f 904 910 905
f 899 911 909
f 909 911 910
f 903 912 901
f 913 912 903
f 908 912 913
f 901 912 914
f 907 912 908
f 912 915 914
f 912 916 915
f 889 917 1539
f 1539 917 1540
f 1540 917 899
f 899 917 911
f 917 918 911
f 919 920 921
f 921 922 923
f 920 922 921
f 917 924 918
f 918 924 919
f 919 924 920
f 923 925 926
f 922 925 923
f 917 927 924
f 925 928 926
f 928 929 926
f 930 931 929
f 932 931 930
f 929 931 926
f 931 933 926
f 933 934 926
f 927 935 936
f 917 935 927
f 936 937 927
f 937 938 927
f 917 1528 935
f 934 939 926
f 917 940 1528
f 1532 940 1534
f 1529 940 1532
f 1528 940 1529
f 1534 941 2123
f 940 942 1534
f 1534 942 941
f 916 943 944
f 944 943 945
f 945 943 946
f 946 947 948
f 943 947 946
f 948 949 951
f 947 949 948
f 951 950 952
f 949 950 951
f 953 950 949
f 953 954 950
f 939 955 956
f 955 957 956
f 957 958 956
f 956 958 959
f 958 960 959
f 959 960 961
f 954 962 950
f 961 962 963
f 963 962 964
f 964 962 954
f 961 965 962
f 960 965 961
f 962 966 967
f 965 966 962
f 956 926 939
f 912 943 916
f 968 969 970
f 968 970 971
f 972 973 974
f 972 974 975
f 976 977 978
f 976 979 977
f 980 981 982
f 982 981 983
f 984 985 986
f 985 987 986
f 2124 988 989
f 2124 989 2125
f 990 1560 991
f 1549 990 2126
f 1549 1560 990
f 2133 992 993
f 1588 993 994
f 1588 2133 993
f 995 996 997
f 995 998 996
f 999 995 997
f 1000 995 999
f 1001 1000 999
f 1002 999 997
f 1003 999 1002
f 1004 1006 1005
f 1005 1006 1007
f 1007 1008 1009
f 1009 1008 1010
f 1006 1008 1007
f 1008 1011 1010
f 1012 1013 1014
f 1013 1015 1014
f 1013 2128 1015
f 1013 1016 2128
f 1016 1017 2128
f 2128 1018 1015
f 2128 1552 1018
f 1551 2129 1019
f 1551 1019 1020
f 1021 1022 1023
f 1021 1023 1024
f 1025 1026 1027
f 1026 1028 1027
f 1029 1028 1026
f 1030 1031 1026
f 1026 1031 1029
f 1029 1032 1028
f 1033 1034 1652
f 2138 1635 1632
f 1652 2135 2138
f 2138 2135 1635
f 1035 1036 1037
f 1037 1038 1034
f 1034 1038 1652
f 1652 1038 2135
f 1036 1038 1037
f 1036 1039 1038
f 1040 1041 1635
f 1041 1632 1635
f 1631 1042 1632
f 1685 1042 1631
f 1632 1042 2138
f 1042 1045 1043
f 1044 1046 1631
f 1685 1047 1042
f 1042 1047 1045
f 1046 1685 1631
f 1685 1684 1047
f 1684 1048 1047
f 1048 1049 1047
f 1049 1050 1047
f 885 1051 1052
f 885 1052 886
f 1053 2139 1054
f 1053 1054 1055
f 1058 1059 1057
f 1058 1057 1056
f 1061 1059 1058
f 1060 1059 1061
f 1062 1059 1060
f 1064 1065 1063
f 1066 1065 1064
f 1067 1064 1063
f 1068 1065 1066
f 1069 1067 1063
f 1070 1062 1065
f 1070 1059 1062
f 1070 1065 1068
f 1071 1070 1068
f 1072 1070 1071
f 1073 1072 1074
f 1073 1070 1072
f 1077 1073 1074
f 1077 1074 1075
f 1076 1070 1073
f 1077 1075 1078
f 1080 1070 1076
f 1080 1081 1079
f 1080 1076 1081
f 1082 1080 1079
f 1083 1082 1079
f 1087 1086 1085
f 1087 1084 1086
f 1088 1063 1084
f 1089 1088 1084
f 1090 1084 1087
f 1090 1089 1084
f 1091 1090 1087
f 1092 1091 1087
f 1099 1077 1093
f 1099 1093 1094
f 1099 1094 1095
f 1096 1092 1087
f 1096 1099 1095
f 1096 1097 1098
f 1096 1095 1097
f 1096 1098 1092
f 1100 1099 1096
f 1078 1093 1077
f 1088 1069 1063
f 1101 1655 1102
f 1102 1103 1104
f 1104 1103 1105
f 1105 1103 1106
f 1103 2136 1107
f 1655 2136 1102
f 1102 2136 1103
f 1655 2140 2136
f 1645 1638 1108
f 2136 1638 1645
f 1108 1638 1109
f 2140 1638 2136
f 1110 1639 1111
f 1111 1639 1644
f 1643 1112 1113
f 1113 1112 1114
f 1114 1112 1115
f 1644 1112 1643
f 1639 1116 1644
f 1644 1116 1112
f 1116 1117 1112
f 2140 1116 1638
f 1638 1116 1639
f 1560 1570 991
f 991 1570 1694
f 1694 1565 1695
f 1570 1565 1694
f 1695 1567 1698
f 1565 1567 1695
f 1698 1569 1696
f 1567 1569 1698
f 1696 1574 1697
f 1569 1574 1696
f 1697 1564 1700
f 1574 1564 1697
f 1700 1561 1699
f 1564 1561 1700
f 1561 2130 1699
f 1699 2134 1636
f 2130 2134 1699
f 1647 2137 1768
f 2137 2132 1768
f 1768 1591 1764
f 2132 1591 1768
f 1764 1590 1767
f 1591 1590 1764
f 1767 1589 1766
f 1590 1589 1767
f 1766 1586 1765
f 1589 1586 1766
f 1765 1583 1763
f 1586 1583 1765
f 1763 1581 1762
f 1583 1581 1763
f 1762 1585 994
f 1581 1585 1762
f 1585 1588 994
f 1559 1558 2142
f 2142 1558 1118
f 1118 1556 1119
f 1558 1556 1118
f 1119 1557 1120
f 1556 1557 1119
f 1120 878 880
f 1557 878 1120
f 2139 1121 1054
f 1599 1598 2139
f 2139 1598 1121
f 1121 1597 1122
f 1598 1597 1121
f 1122 1596 1123
f 1597 1596 1122
f 1123 867 869
f 1596 867 1123
f 985 1769 1124
f 984 1769 985
f 1124 1770 1125
f 1125 1770 979
f 1769 1770 1124
f 1770 977 979
f 976 1771 1126
f 978 1771 976
f 1126 1772 1127
f 1771 1772 1126
f 1127 983 981
f 1772 983 1127
f 1587 1617 1739
f 1739 1617 1754
f 1572 1579 1729
f 1729 1579 1732
f 1604 1573 1749
f 1749 1573 1730
f 1625 1615 1759
f 1759 1615 1753
f 968 1702 1128
f 1128 1702 1129
f 971 1702 968
f 1129 1701 973
f 1702 1701 1129
f 1701 974 973
f 1021 1707 1130
f 1130 1707 1131
f 1024 1707 1021
f 1131 1705 969
f 1707 1705 1131
f 1705 970 969
f 1132 1133 1134
f 1134 1133 1135
f 1136 1137 1138
f 1138 1796 1678
f 1678 1796 1550
f 1137 1796 1138
f 1796 2131 1550
f 1796 1794 2131
f 2131 1662 2141
f 1794 1662 2131
f 1662 1139 1140
f 1141 1139 1794
f 1794 1139 1662
f 1802 1133 1132
f 1802 1132 1142
f 1800 1142 1143
f 1800 1802 1142
f 1801 1143 1144
f 1801 1800 1143
f 1001 1144 1000
f 1001 1801 1144
f 1017 1016 1145
f 1799 1145 1146
f 1799 1017 1145
f 1797 1146 1147
f 1797 1799 1146
f 1798 1797 1147
f 1135 1147 1134
f 1135 1798 1147
f 1007 1009 1148
f 1149 1007 1148
f 1150 1151 1152
f 1150 1148 1151
f 1150 1149 1148
f 1153 1150 1152
f 1070 1152 1059
f 1070 1153 1152
f 1754 1617 1755
f 1755 1620 1756
f 1617 1620 1755
f 1756 1622 1758
f 1620 1622 1756
f 1622 1624 1758
f 1758 1625 1759
f 1624 1625 1758
f 1753 1615 1752
f 1752 1614 1751
f 1615 1614 1752
f 1614 1610 1751
f 1750 1608 1749
f 1751 1608 1750
f 1610 1608 1751
f 1608 1604 1749
f 1573 1568 1730
f 1730 1568 1728
f 1728 1566 1725
f 1568 1566 1728
f 1727 1571 1729
f 1725 1571 1727
f 1566 1571 1725
f 1571 1572 1729
f 1579 1580 1732
f 1732 1580 1733
f 1733 1582 1735
f 1580 1582 1733
f 1735 1584 1736
f 1582 1584 1735
f 1736 1587 1739
f 1584 1587 1736
f 989 988 1154
f 1155 1154 1156
f 1155 989 1154
f 1157 1156 1158
f 1157 1155 1156
f 1159 1158 1003
f 1159 1157 1158
f 1002 1159 1003
f 1555 1551 1020
f 1555 1020 1160
f 1554 1160 1161
f 1554 1555 1160
f 1553 1161 1162
f 1553 1554 1161
f 1552 1162 1018
f 1552 1553 1162
f 1163 1052 1051
f 1163 1164 1165
f 1163 1051 1164
f 1166 1165 1167
f 1166 1163 1165
f 1168 1167 1025
f 1168 1166 1167
f 1027 1168 1025
f 1030 1026 1169
f 1170 1171 2143
f 1170 1169 1171
f 1170 1030 1169
f 1172 2143 1710
f 1172 1170 2143
f 1173 1710 1709
f 1173 1172 1710
f 1022 1709 1023
f 1022 1173 1709
f 1174 1029 1031
f 1174 1031 1175
f 1176 1174 1175
f 2152 1175 1177
f 2152 1176 1175
f 1775 1177 1178
f 1775 2152 1177
f 1774 1178 980
f 1774 1775 1178
f 982 1774 980
f 1028 1032 1179
f 1180 1179 1181
f 1180 1028 1179
f 1182 1181 1183
f 1182 1180 1181
f 1184 1183 1053
f 1184 1182 1183
f 1055 1184 1053
f 1714 1654 1653
f 1777 1654 1714
f 1840 1693 1773
f 1840 1773 1778
f 1842 1840 1778
f 1844 1778 1777
f 1844 1842 1778
f 1714 1844 1777
f 1835 1693 1690
f 1837 1693 1835
f 1776 1693 1837
f 1776 1773 1693
f 1546 1703 1712
f 1651 1703 1546
f 1825 1712 1703
f 1825 1703 1704
f 1826 1704 1706
f 1826 1825 1704
f 1828 1826 1706
f 1686 1706 1708
f 1686 1828 1706
f 1708 1711 1686
f 1711 1832 1686
f 1832 1830 1686
f 1830 1687 1686
f 1592 1648 1646
f 1592 1593 1648
f 1600 1786 1640
f 1600 1595 1786
f 1595 1785 1786
f 1595 1594 1785
f 1785 1592 1646
f 1594 1592 1785
f 1616 1640 1637
f 1616 1600 1640
f 1621 1788 1642
f 1621 1619 1788
f 1788 1618 1787
f 1619 1618 1788
f 1787 1616 1637
f 1618 1616 1787
f 1626 1621 1641
f 1641 1621 1642
f 1692 1623 1628
f 1836 1692 1628
f 1838 1628 1627
f 1838 1836 1628
f 1839 1627 1626
f 1839 1838 1627
f 1641 1839 1626
f 1611 1623 1691
f 1691 1623 1692
f 1834 1683 1612
f 1833 1612 1613
f 1833 1834 1612
f 1831 1833 1613
f 1691 1613 1611
f 1691 1831 1613
f 1683 1682 1609
f 1683 1609 1612
f 1605 1792 1630
f 1605 1606 1792
f 1792 1607 1791
f 1606 1607 1792
f 1791 1609 1682
f 1607 1609 1791
f 1630 1629 1577
f 1630 1577 1605
f 1562 1790 1634
f 1562 1575 1790
f 1790 1576 1789
f 1575 1576 1790
f 1789 1577 1629
f 1576 1577 1789
f 1562 1633 1563
f 1634 1633 1562
f 1578 1664 1601
f 1660 1664 1578
f 1649 1536 1602
f 1815 1649 1602
f 1817 1602 1603
f 1817 1815 1602
f 1819 1603 1601
f 1819 1817 1603
f 1664 1819 1601
f 1649 1537 1536
f 1676 1679 1718
f 1676 1718 1720
f 1809 1670 1674
f 1809 1674 1673
f 1812 1673 1675
f 1812 1809 1673
f 1813 1812 1675
f 1720 1675 1676
f 1720 1813 1675
f 1821 1681 1719
f 1821 1719 1717
f 1822 1821 1717
f 1823 1717 1718
f 1823 1822 1717
f 1679 1823 1718
f 1677 1674 1671
f 1671 1674 1670
f 2145 1681 2195
f 2145 1719 1681
f 1806 1677 1671
f 1806 1671 1672
f 1807 1806 1672
f 1808 1672 1669
f 1808 1807 1672
f 1795 1808 1669
f 1547 1724 1545
f 1545 2147 1544
f 1724 2147 1545
f 1544 2147 1542
f 1542 2146 1541
f 1726 2146 1542
f 1541 1723 1781
f 1781 2144 1780
f 1723 2144 1781
f 1780 1722 1779
f 1721 1722 1780
f 1779 1722 1680
f 1795 1667 1793
f 1669 1667 1795
f 1724 1713 1745
f 1547 1713 1724
f 1803 1667 1665
f 1803 1793 1667
f 1804 1803 1665
f 1805 1665 1666
f 1805 1804 1665
f 1661 1805 1666
f 1829 1688 1748
f 1829 1748 1746
f 1827 1746 1747
f 1827 1829 1746
f 1824 1827 1747
f 1713 1747 1745
f 1713 1824 1747
f 1666 1668 1656
f 1666 1656 1661
f 1688 1689 1757
f 1688 1757 1748
f 1731 1658 1657
f 1814 1731 1657
f 1811 1657 1659
f 1811 1814 1657
f 1810 1811 1659
f 1668 1659 1656
f 1668 1810 1659
f 1845 1716 1760
f 1845 1760 1761
f 1843 1845 1761
f 1841 1761 1757
f 1841 1843 1761
f 1689 1841 1757
f 1658 1741 1663
f 1731 1741 1658
f 1716 1738 1760
f 1716 1715 1738
f 1820 1663 1741
f 1820 1741 1743
f 1818 1743 1744
f 1818 1820 1743
f 1816 1818 1744
f 1650 1744 1740
f 1650 1816 1744
f 2194 2150 1535
f 1535 2150 1533
f 1533 2151 1531
f 2150 2151 1533
f 1531 2149 1530
f 1742 2149 1531
f 1530 2149 1784
f 1784 2148 1783
f 1737 2148 1784
f 1783 2148 1782
f 1782 1738 1715
f 1734 1738 1782
f 1650 1740 1538
f 1185 1186 1187
f 1188 1185 1187
f 1189 1188 1190
f 1189 1191 1185
f 1189 1185 1188
f 1192 1191 1189
f 1193 1194 1191
f 1193 1191 1192
f 1198 1194 1193
f 1196 1195 1198
f 1197 1196 1198
f 1195 1194 1198
f 1201 1199 1200
f 1202 1199 1201
f 1202 1201 1204
f 1203 1202 1204
f 1205 1203 1204
f 1209 1207 1206
f 1209 1206 1208
f 1210 1211 1212
f 1213 1211 1210
f 1212 1214 1215
f 1211 1214 1212
f 1215 1216 1217
f 1214 1216 1215
f 1218 1219 1220
f 1221 1219 1218
f 1220 1222 1223
f 1219 1222 1220
f 1223 1224 1225
f 1222 1224 1223
f 1226 1221 1218
f 1227 1226 1218
f 1228 1229 1216
f 1216 1229 1217
f 1230 1231 2159
f 1873 1230 2159
f 2162 1232 1233
f 1884 1233 1230
f 1884 1230 1873
f 1884 2162 1233
f 1881 1873 1876
f 1881 1884 1873
f 1879 1876 1878
f 1879 1881 1876
f 1888 1879 1878
f 1234 1888 1890
f 1234 1890 1235
f 1234 1235 1236
f 1234 1236 1237
f 1239 1888 1238
f 1240 1241 1888
f 1240 1888 1239
f 1878 1890 1888
f 1899 1895 1242
f 1242 1895 1243
f 2163 1245 1244
f 2166 1246 1247
f 1246 1248 1247
f 2163 2166 1245
f 1245 2166 1247
f 2164 1249 1250
f 2164 1250 1251
f 1252 1251 1253
f 1252 2164 1251
f 2160 1871 2164
f 2160 2164 1252
f 1256 1254 1255
f 2165 2161 1254
f 2165 1256 1257
f 2165 1254 1256
f 1886 2161 2165
f 1258 2165 1257
f 1900 1899 1242
f 1900 1242 1259
f 1901 1259 1260
f 1901 1900 1259
f 1902 1260 1261
f 1902 1901 1260
f 1227 1261 1226
f 1227 1902 1261
f 1243 1895 1898
f 1262 1898 1897
f 1262 1243 1898
f 1263 1897 1896
f 1263 1262 1897
f 1264 1263 1896
f 1228 1896 1229
f 1228 1264 1896
f 1265 1199 1202
f 1265 1202 1266
f 1265 1266 1267
f 1268 1267 1269
f 1268 1265 1267
f 1270 1268 1269
f 1187 1269 1188
f 1187 1270 1269
f 1271 1258 1257
f 1271 1257 1272
f 1273 1272 1274
f 1273 1274 1275
f 1273 1271 1272
f 1276 1273 1275
f 1207 1275 1206
f 1207 1276 1275
f 1277 1250 1249
f 1277 1249 1278
f 1279 1278 1280
f 1279 1277 1278
f 1281 1280 1282
f 1281 1279 1280
f 1208 1282 1209
f 1208 1281 1282
f 1942 1869 2158
f 1940 2158 2157
f 1940 1942 2158
f 1938 1940 2157
f 1911 1938 2157
f 1911 1860 1912
f 1861 1860 1911
f 1931 1913 2169
f 1931 1848 1913
f 1929 1931 2169
f 1926 1929 2169
f 1860 1914 1912
f 1860 1926 1914
f 1874 1913 1847
f 1847 1913 1848
f 1847 1872 1874
f 1847 1846 1872
f 1846 1875 1872
f 1846 1852 1875
f 1852 1877 1875
f 1852 1855 1877
f 1855 1856 1889
f 1855 1889 1877
f 1925 1889 1856
f 1924 2153 2154
f 1924 1925 1856
f 1923 1924 2154
f 1904 1923 2154
f 1903 1904 1857
f 1903 1857 1858
f 1933 1918 1864
f 1933 1864 1866
f 1935 1933 1866
f 1936 1866 1865
f 1936 1935 1866
f 1867 1936 1865
f 1920 1903 1858
f 1921 2155 2156
f 1921 1920 1858
f 1922 1921 2156
f 1887 1922 2156
f 1864 1917 1863
f 1918 1917 1864
f 1882 1887 1854
f 1854 1887 1859
f 1927 1863 1917
f 1927 1917 1916
f 1928 1927 1916
f 1930 1916 1915
f 1930 1928 1916
f 1849 1930 1915
f 1882 1853 1880
f 1854 1853 1882
f 1880 1850 1883
f 1853 1850 1880
f 1883 1851 1885
f 1850 1851 1883
f 1915 1851 1849
f 1915 1885 1851
f 1865 1869 1867
f 1865 1862 1869
f 1910 1892 1891
f 1910 1891 1905
f 1939 1910 1905
f 1941 2167 2168
f 1941 1939 1905
f 1943 1941 2168
f 1870 1943 2168
f 1868 1870 1906
f 1868 1906 1908
f 1937 1908 1909
f 1937 1868 1908
f 1934 1937 1909
f 1932 1909 1907
f 1932 1934 1909
f 1919 1932 1907
f 1919 1894 1893
f 1907 1894 1919
f 1283 1284 1285
f 1286 1284 1283
f 1287 1284 1286
f 1288 1289 1287
f 1289 1284 1287
f 1290 1291 1292
f 1290 1293 1291
f 1290 1294 1293
f 1290 1295 1294
f 1295 1296 1294
f 1289 1295 1290
f 1289 1290 1284
f 1945 1951 1297
f 1297 1951 1298
f 1300 1301 1299
f 1302 1299 1301
f 1305 1304 1303
f 1303 1306 1305
f 1302 1306 1303
f 1302 1303 1299
f 1307 1308 1312
f 1308 1310 1312
f 1309 1310 1308
f 1307 1312 1311
f 1310 1313 1312
f 1313 1314 1312
f 1348 1314 1313
f 1315 1316 1317
f 1317 1316 1318
f 1323 1319 2172
f 1319 1321 1320
f 1323 1321 1319
f 2171 1323 2172
f 1323 1322 1321
f 1323 1324 1322
f 1353 1324 1323
f 2170 1948 1325
f 2170 1325 1326
f 1328 1326 1327
f 1328 2170 1326
f 1329 1330 2170
f 1329 2170 1328
f 1955 2173 1332
f 1332 2173 1331
f 1331 1333 1336
f 2173 1333 1331
f 1334 1335 2173
f 2173 1335 1333
f 1997 1307 1311
f 1997 1311 1337
f 1338 1337 1339
f 1338 1997 1337
f 1340 1339 1341
f 1340 1338 1339
f 1302 1341 1306
f 1302 1340 1341
f 1318 1316 1342
f 1343 1318 1342
f 1344 1342 1345
f 1344 1343 1342
f 1346 1345 1347
f 1346 1344 1345
f 1334 1347 1335
f 1334 1346 1347
f 2009 1315 1317
f 2009 1317 1349
f 1350 1349 1351
f 1350 2009 1349
f 1352 1351 2014
f 1352 1350 1351
f 1329 2014 1330
f 1329 1352 2014
f 1298 1951 1953
f 1354 1953 1952
f 1354 1298 1953
f 1355 1952 1954
f 1355 1354 1952
f 1356 1954 1955
f 1356 1355 1954
f 1332 1356 1955
f 1946 1945 1297
f 1946 1297 1357
f 1944 1357 1358
f 1944 1946 1357
f 1947 1358 1359
f 1947 1944 1358
f 1948 1359 1325
f 1948 1947 1359
f 1964 1959 1960
f 1958 1959 1964
f 1991 1950 1949
f 1984 1950 1991
f 1985 1978 1983
f 2010 1978 1985
f 2012 2010 1985
f 1353 2012 1324
f 1991 1353 1984
f 1978 1982 1983
f 1978 1979 1982
f 2007 1995 1980
f 2007 1980 1981
f 2005 2007 1981
f 2004 1981 1982
f 2004 2005 1981
f 1979 2004 1982
f 1980 1957 1956
f 1995 1957 1980
f 2017 1993 1962
f 2017 1962 1961
f 2016 2017 1961
f 2015 1961 1960
f 2015 2016 1961
f 1959 2015 1960
f 1993 1963 1962
f 1993 1992 1963
f 2001 1963 1992
f 1999 2001 1992
f 1336 1999 1331
f 1968 1336 1994
f 1994 1969 1968
f 1994 1996 1969
f 2018 1958 1964
f 1965 2018 1964
f 2019 2018 1965
f 2020 2019 1965
f 1966 2020 1965
f 1986 2020 1966
f 2003 1977 1971
f 2003 1971 1970
f 2006 2003 1970
f 2008 1970 1969
f 2008 2006 1970
f 1996 2008 1969
f 1986 1967 1987
f 1966 1967 1986
f 1974 1977 1976
f 1974 1971 1977
f 1998 1972 1989
f 1988 1998 1989
f 2000 1998 1988
f 2002 2000 1988
f 1987 2002 1988
f 1967 2002 1987
f 1975 1990 1973
f 2013 1990 1975
f 2011 2013 1975
f 1348 2011 1314
f 1976 1348 1974
f 1972 1973 1990
f 1972 1990 1989
f 1888 1234 1238
f 1360 1361 1362
f 1360 1362 1363
f 1360 1363 1364
f 1365 1361 1360
f 1366 1367 1368
f 1366 1368 1369
f 1370 1366 1369
f 1371 1369 1361
f 1371 1361 1365
f 1371 1370 1369
f 1372 1373 1374
f 1374 1373 1375
f 1379 1377 1376
f 1376 1378 1379
f 1380 1382 1381
f 1382 1383 1381
f 1383 1377 1381
f 1381 1377 1379
f 1384 1385 1386
f 1386 1385 1387
f 1390 1389 1388
f 1390 1391 1389
f 1394 1395 1392
f 1392 1395 1393
f 1388 1394 1392
f 1388 1392 1390
f 1396 1397 1398
f 1399 1400 1401
f 1399 1401 1397
f 1399 1397 1396
f 1402 1403 1404
f 1402 1404 1400
f 1402 1400 1399
f 1405 1402 1406
f 1405 1407 1403
f 1405 1403 1402
f 1408 1409 1410
f 1411 1412 1409
f 1409 1412 1410
f 1413 1414 1415
f 1416 1414 1413
f 1412 1417 1416
f 1411 1417 1412
f 1416 1417 1414
f 1418 1419 1420
f 1421 1422 1419
f 1419 1422 1420
f 1420 1423 1411
f 1411 1423 1417
f 1422 1423 1420
f 1422 1424 1423
f 1425 1426 1424
f 1423 1426 1427
f 1424 1426 1423
f 1428 1429 1430
f 1430 1429 1431
f 1432 1433 1434
f 1435 1433 1432
f 2191 2186 2188
f 2191 2188 2192
f 1436 1388 1389
f 1436 1389 1437
f 1438 1437 1439
f 1438 1436 1437
f 1440 1439 1441
f 1440 1438 1439
f 1387 1441 1386
f 1387 1440 1441
f 1442 1374 1375
f 1442 1375 1443
f 1444 1443 1445
f 1444 1442 1443
f 1446 1445 1447
f 1446 1444 1445
f 1394 1447 1395
f 1394 1446 1447
f 1448 1383 1382
f 1448 1382 1449
f 1450 1449 1451
f 1450 1448 1449
f 1452 1451 1453
f 1452 1450 1451
f 1372 1453 1373
f 1372 1452 1453
f 1454 1385 1384
f 1454 1384 1455
f 1456 1455 1457
f 1456 1457 1458
f 1456 1454 1455
f 1459 1456 1458
f 1377 1458 1376
f 1377 1459 1458
f 2098 2050 2021
f 2098 2021 2025
f 2100 2025 2024
f 2100 2098 2025
f 2102 2024 2023
f 2102 2100 2024
f 2047 2023 2022
f 2047 2102 2023
f 2050 2181 2174
f 2050 2174 2021
f 2045 2047 2022
f 2045 2022 2030
f 2189 2196 2200
f 2116 2045 2030
f 2116 2030 2029
f 2118 2029 2028
f 2118 2116 2029
f 2119 2028 2027
f 2119 2118 2028
f 2037 2027 2031
f 2037 2119 2027
f 2206 2052 2180
f 2206 2207 2052
f 2175 2026 2092
f 2175 2092 2187
f 2176 2037 2031
f 2176 2031 2197
f 2051 2182 2210
f 2051 2210 2091
f 2198 2032 2205
f 2184 2056 2062
f 2183 2056 2184
f 2095 2201 2190
f 2053 2201 2095
f 2177 2039 2204
f 2204 2039 2090
f 2104 2036 2060
f 2104 2060 2057
f 2106 2057 2059
f 2106 2104 2057
f 2108 2059 2058
f 2108 2106 2059
f 2056 2058 2062
f 2056 2108 2058
f 2202 2208 2054
f 2179 2040 2089
f 2179 2089 2209
f 2060 2034 2063
f 2036 2034 2060
f 2061 2185 2193
f 2061 2193 2093
f 2094 2178 2042
f 2094 2211 2178
f 2043 2064 2068
f 2110 2068 2066
f 2110 2043 2068
f 2112 2066 2067
f 2112 2110 2066
f 2114 2067 2063
f 2114 2112 2067
f 2034 2114 2063
f 2199 2096 2203
f 2043 2041 2065
f 2043 2065 2064
f 2081 2048 2046
f 2081 2072 2048
f 2101 2048 2072
f 2101 2072 2070
f 2099 2070 2069
f 2099 2101 2070
f 2097 2069 2071
f 2097 2099 2069
f 2049 2071 2073
f 2049 2097 2071
f 2120 2038 2083
f 2120 2083 2082
f 2117 2082 2080
f 2117 2120 2082
f 2115 2080 2079
f 2115 2117 2080
f 2046 2079 2081
f 2046 2115 2079
f 2049 2077 2055
f 2073 2077 2049
f 2085 2083 2044
f 2044 2083 2038
f 2107 2055 2077
f 2107 2077 2074
f 2105 2074 2076
f 2105 2107 2074
f 2103 2076 2075
f 2103 2105 2076
f 2035 2075 2078
f 2035 2103 2075
f 2113 2033 2084
f 2113 2088 2087
f 2113 2084 2088
f 2111 2113 2087
f 2109 2086 2085
f 2109 2087 2086
f 2109 2111 2087
f 2044 2109 2085
f 2078 2033 2035
f 2078 2084 2033

