# https://github.com/mikedh/trimesh

o left_adapter_flange_link
v 0.02000000 -0.02060000 -0.03500000
v 0.02000000 -0.01903192 -0.04288328
v 0.01950000 -0.02010000 -0.03500000
v 0.01950000 -0.01856998 -0.04269194
v 0.02000000 -0.01456640 -0.04956640
v 0.01950000 -0.01421285 -0.04921285
v 0.02000000 -0.00788328 -0.05403192
v 0.01950000 -0.00769194 -0.05356998
v 0.02000000 0.00000000 -0.05560000
v 0.01950000 0.00000000 -0.05510000
v 0.02000000 0.00788328 -0.05403192
v 0.01950000 0.00769194 -0.05356998
v 0.02000000 0.01456640 -0.04956640
v 0.01950000 0.01421285 -0.04921285
v 0.02000000 0.01903192 -0.04288328
v 0.01950000 0.01856998 -0.04269194
v 0.02000000 0.02060000 -0.03500000
v 0.01950000 0.02010000 -0.03500000
v 0.01950000 0.01982361 -0.03167818
v 0.01999974 0.02001484 -0.02983241
v 0.01950000 0.01900204 -0.02844772
v 0.01950000 0.01765789 -0.02539745
v 0.02000000 0.01802882 -0.02503398
v 0.01950000 0.03329868 -0.01577500
v 0.02000021 0.02634001 -0.00758839
v 0.02000000 0.03286567 -0.01602500
v 0.01950000 0.02718826 -0.00781175
v 0.01950000 0.03713985 -0.02504841
v 0.02000000 0.03665689 -0.02517782
v 0.01950000 0.03845000 -0.03500000
v 0.02000000 0.03795000 -0.03500000
v 0.01950000 0.03656812 -0.04688171
v 0.02000000 0.03609259 -0.04672720
v 0.01950000 0.03110670 -0.05760035
v 0.02000000 0.03070220 -0.05730645
v 0.01950000 0.02260035 -0.06610671
v 0.02000000 0.02230645 -0.06570220
v 0.01950000 0.01188170 -0.07156812
v 0.02000000 0.01172720 -0.07109260
v 0.02000000 0.00000000 -0.07295000
v 0.01950000 0.00000000 -0.07345000
v 0.01950000 -0.01188170 -0.07156812
v 0.02000000 -0.01172719 -0.07109260
v 0.01950000 -0.02260035 -0.06610671
v 0.02000000 -0.02230645 -0.06570220
v 0.01950000 -0.03110670 -0.05760035
v 0.02000000 -0.03070220 -0.05730645
v 0.01950000 -0.03656812 -0.04688171
v 0.02000000 -0.03609259 -0.04672720
v 0.01950000 -0.03845000 -0.03500000
v 0.02000000 -0.03795000 -0.03500000
v 0.01950000 0.01979678 -0.01260230
v 0.02000000 0.02052079 -0.01296952
v 0.02000003 0.01996117 -0.01151239
v 0.01950372 0.01946547 -0.01123145
v 0.01950000 0.02111887 -0.02723833
v 0.02000000 0.01906391 -0.02401969
v 0.02000000 0.02067842 -0.02748980
v 0.01950000 0.01943248 -0.02365853
v 0.01950000 0.02215203 -0.03105820
v 0.02000000 0.02166709 -0.03118720
v 0.01950000 0.02250000 -0.03500000
v 0.02000000 0.02200000 -0.03500000
v 0.02000000 0.02032535 -0.04341904
v 0.01950000 0.02078729 -0.04361038
v 0.02000000 0.01555635 -0.05055635
v 0.01950000 0.01590990 -0.05090991
v 0.02000000 0.00841904 -0.05532535
v 0.01950000 0.00861038 -0.05578729
v 0.01950000 0.00000000 -0.05750000
v 0.02000000 0.00000000 -0.05700000
v 0.02000000 -0.00841904 -0.05532535
v 0.01950000 -0.00861038 -0.05578729
v 0.01950000 -0.01590990 -0.05090991
v 0.02000000 -0.01555635 -0.05055635
v 0.01950000 -0.02078729 -0.04361038
v 0.02000000 -0.02032535 -0.04341904
v 0.01950000 -0.02250000 -0.03500000
v 0.02000000 -0.02200000 -0.03500000
v -0.00250000 -0.03750000 0.00000000
v -0.00200000 -0.03657966 0.00556132
v -0.00200000 -0.03700000 0.00000000
v -0.00250000 -0.03707398 0.00563648
v -0.00200000 -0.03532820 0.01099629
v -0.00250000 -0.03580561 0.01114489
v -0.00199165 -0.03315782 0.01644159
v -0.00249994 -0.03355017 0.01677566
v -0.00199553 -0.02033708 -0.02528933
v -0.00250072 -0.02075725 -0.02456162
v -0.00200000 0.03804226 0.01236068
v -0.00250000 0.03950000 0.00000000
v -0.00250000 0.03756673 0.01220617
v -0.00200000 0.04000000 0.00000000
v -0.00200000 0.03236068 0.02351141
v -0.00250000 0.03195617 0.02321752
v -0.00200000 0.02351141 0.03236068
v -0.00250000 0.02321752 0.03195617
v -0.00200000 0.01236068 0.03804226
v -0.00250000 0.01220617 0.03756673
v -0.00250000 -0.00000000 0.03950000
v -0.00200000 -0.00000000 0.04000000
v -0.00200000 -0.01236068 0.03804226
v -0.00250000 -0.01220617 0.03756673
v -0.00200000 -0.02351141 0.03236068
v -0.00250000 -0.02321752 0.03195617
v -0.00200000 -0.03236068 0.02351141
v -0.00250000 -0.03195617 0.02321752
v -0.00200000 -0.03804226 0.01236068
v -0.00250000 -0.03756673 0.01220617
v -0.00200000 -0.04000000 0.00000000
v -0.00250000 -0.03950000 0.00000000
v -0.00200000 0.03314776 -0.02238809
v -0.00250001 0.02436927 -0.03118415
v -0.00250000 0.03273341 -0.02210824
v -0.00199953 0.02494212 -0.03131821
v -0.00200000 0.03824860 -0.01170662
v -0.00250000 0.03777049 -0.01156029
v 0.00000000 0.00350000 0.02500000
v 0.00000012 0.00296693 0.02302726
v 0.00050000 0.00300000 0.02500000
v 0.00050000 0.00277164 0.02385195
v 0.00050000 0.00212132 0.02287868
v 0.00000050 0.00066970 0.02163321
v 0.00050000 0.00114805 0.02222836
v 0.00050000 0.00000000 0.02200000
v 0.00000000 -0.00133939 0.02176642
v 0.00050000 -0.00114805 0.02222836
v 0.00000012 -0.00295797 0.02301385
v 0.00050000 -0.00212132 0.02287868
v 0.00050000 -0.00277164 0.02385195
v 0.00000010 -0.00349605 0.02568719
v 0.00050000 -0.00300000 0.02500000
v 0.00950000 -0.02367767 0.01767767
v 0.00900000 -0.02275901 0.01557291
v 0.00900000 -0.02317767 0.01767767
v 0.00950000 -0.02322095 0.01538157
v 0.00950000 -0.02192031 0.01343503
v 0.00900000 -0.02156676 0.01378858
v 0.00950000 -0.01997377 0.01213439
v 0.00900000 -0.01978243 0.01259633
v 0.00950000 -0.01767767 0.01167767
v 0.00900000 -0.01767767 0.01217767
v 0.00950000 -0.01538157 0.01213439
v 0.00900000 -0.01557291 0.01259633
v 0.00950000 -0.01343503 0.01343503
v 0.00900000 -0.01378858 0.01378858
v 0.00950000 -0.01213439 0.01538157
v 0.00900000 -0.01259633 0.01557291
v 0.00950000 -0.01167767 0.01767767
v 0.00900000 -0.01217767 0.01767767
v 0.00950000 0.01167767 0.01767767
v 0.00950000 0.01213439 0.01538157
v 0.00900000 0.01217767 0.01767767
v 0.00900000 0.01259633 0.01557291
v 0.00950000 0.01343503 0.01343503
v 0.00900000 0.01378858 0.01378858
v 0.00950000 0.01538157 0.01213439
v 0.00900000 0.01557291 0.01259633
v 0.00950000 0.01767767 0.01167767
v 0.00900000 0.01767767 0.01217767
v 0.00950000 0.01997377 0.01213439
v 0.00900000 0.01978243 0.01259633
v 0.00950000 0.02192031 0.01343503
v 0.00900000 0.02156676 0.01378858
v 0.00950000 0.02322095 0.01538157
v 0.00900000 0.02275901 0.01557291
v 0.00950000 0.02367767 0.01767767
v 0.00900000 0.02317767 0.01767767
v 0.00950000 -0.03756673 0.01220617
v 0.00900000 -0.04000000 -0.00000000
v 0.00950000 -0.03953138 -0.00051006
v 0.00900000 -0.03804226 0.01236068
v 0.00950000 -0.03195617 0.02321752
v 0.00900000 -0.03236068 0.02351141
v 0.00900000 -0.02351141 0.03236068
v 0.00950000 -0.02321752 0.03195617
v 0.00900000 -0.01236068 0.03804226
v 0.00950000 -0.01220617 0.03756673
v 0.00900000 0.00000000 0.04000000
v 0.00950000 0.00000000 0.03950000
v 0.00900000 0.01236068 0.03804226
v 0.00950000 0.01220617 0.03756673
v 0.00900000 0.02351141 0.03236068
v 0.00950000 0.02321752 0.03195617
v 0.00900000 0.03236068 0.02351141
v 0.00950000 0.03195617 0.02321752
v 0.00900000 0.03804226 0.01236068
v 0.00950000 0.03756673 0.01220617
v 0.00900000 0.04000000 -0.00000000
v 0.00949999 0.03953138 -0.00051006
v 0.00899987 -0.03999323 -0.00103389
v 0.00950000 0.03750000 -0.00000000
v 0.00900000 0.03657966 0.00556132
v 0.00900000 0.03700000 -0.00000000
v 0.00950000 0.03707398 0.00563648
v 0.00900000 0.03532820 0.01099629
v 0.00950000 0.03580561 0.01114489
v 0.00900000 0.03327405 0.01618141
v 0.00949991 0.03353522 0.01680258
v 0.00299998 -0.03001652 -0.03416985
v 0.00350058 -0.02928559 -0.03154372
v 0.00350000 -0.02944334 -0.03500000
v 0.00300003 -0.02968309 -0.03117865
v 0.01999980 0.03284060 -0.03378168
v 0.01950000 0.03250000 -0.03500000
v 0.01950000 0.03233331 -0.03410241
v 0.01950000 0.03185547 -0.03332452
v 0.01999995 0.03124979 -0.03222649
v 0.01950000 0.03113020 -0.03277006
v 0.01950000 0.03025422 -0.03251296
v 0.02000000 0.02979339 -0.03200712
v 0.01950000 0.02934434 -0.03258751
v 0.00049845 -0.02250450 -0.03376223
v 0.00000001 -0.02204479 -0.03471429
v 0.00050000 -0.02250000 -0.03500000
v 0.00050000 -0.02078729 -0.04361038
v -0.00000000 -0.02032535 -0.04341904
v 0.00050000 -0.01590990 -0.05090991
v -0.00000000 -0.01555635 -0.05055635
v 0.00050000 -0.00861038 -0.05578729
v -0.00000000 -0.00841904 -0.05532535
v 0.00050000 0.00000000 -0.05750000
v -0.00000000 -0.00000000 -0.05700000
v 0.00050000 0.00861038 -0.05578729
v -0.00000000 0.00841904 -0.05532535
v 0.00050000 0.01590990 -0.05090991
v -0.00000000 0.01555635 -0.05055635
v 0.00050000 0.02078729 -0.04361038
v -0.00000000 0.02032535 -0.04341904
v -0.00000000 0.02200000 -0.03500000
v 0.00050000 0.02250000 -0.03500000
v 0.00000019 0.02211921 -0.03300922
v 0.00050002 0.02250488 -0.03371166
v 0.00049083 0.02299685 -0.03276646
v -0.00200000 0.03700000 0.00000000
v -0.00200000 0.03657966 0.00556132
v -0.00200000 0.03532820 0.01099629
v -0.00199408 0.03315763 0.01644195
v -0.00000000 0.01799430 -0.04369911
v 0.00950000 0.01800869 -0.04377440
v -0.00000000 0.01782775 -0.04273464
v 0.00950000 0.01782775 -0.04273464
v -0.00000000 0.01739420 -0.04208579
v 0.00950000 0.01739420 -0.04208579
v -0.00000000 0.01674535 -0.04165224
v 0.00950000 0.01674535 -0.04165224
v 0.00950000 0.01597999 -0.04150000
v -0.00000000 0.01597999 -0.04150000
v 0.00500000 0.02250179 -0.03376131
v 0.00500013 0.02296267 -0.03280294
v 0.00500000 -0.02944334 -0.03500000
v 0.00500000 -0.02926021 -0.03140966
v 0.00500000 0.02250000 -0.03500000
v 0.00500000 0.02078729 -0.04361038
v 0.00500000 0.01590990 -0.05090991
v 0.00500000 0.00861038 -0.05578729
v 0.00500000 0.00000000 -0.05750000
v 0.00500000 -0.00861038 -0.05578729
v 0.00500000 -0.01590990 -0.05090991
v 0.00500000 -0.02078729 -0.04361038
v 0.00500000 -0.02250000 -0.03500000
v 0.01950000 -0.01979678 -0.01260230
v 0.00950000 -0.01979678 -0.01260230
v 0.00950000 -0.01947013 -0.01133357
v 0.01949542 -0.01946758 -0.01123432
v 0.00950000 0.01000000 -0.06050000
v 0.00950000 0.00977164 -0.05935195
v 0.00500000 0.01000000 -0.06050000
v 0.00500000 0.00977164 -0.05935195
v 0.00950000 0.00912132 -0.05837869
v 0.00500000 0.00912132 -0.05837869
v 0.00950000 0.00814805 -0.05772837
v 0.00500000 0.00814805 -0.05772837
v 0.00950000 0.00700000 -0.05750000
v 0.00500000 0.00700000 -0.05750000
v 0.01950000 -0.01943248 -0.02365853
v 0.00950000 -0.01943248 -0.02365853
v 0.00950000 -0.02111887 -0.02723833
v 0.01950000 -0.02111887 -0.02723833
v 0.01950000 -0.02215203 -0.03105820
v 0.00950000 -0.02215203 -0.03105820
v 0.00950000 -0.02250000 -0.03500000
v 0.00950000 -0.02078729 -0.04361038
v 0.00950000 -0.01590990 -0.05090991
v 0.00950000 -0.00861038 -0.05578729
v 0.00950000 0.00000000 -0.05750000
v 0.00950000 0.00861038 -0.05578729
v 0.00950000 0.01590990 -0.05090991
v 0.00950000 0.02078729 -0.04361038
v 0.00950000 0.02250000 -0.03500000
v 0.00950020 0.02743261 -0.03500000
v 0.00799998 0.02749307 -0.03547753
v 0.00949998 0.02826049 -0.03684776
v 0.00799979 0.02858744 -0.03711234
v 0.00950000 0.02934434 -0.03741249
v 0.00800000 0.03000000 -0.03750000
v 0.01950000 0.02934434 -0.03741249
v 0.01950000 0.03025422 -0.03748704
v 0.00800000 0.03095671 -0.03730970
v 0.01950000 0.03113020 -0.03722994
v 0.00800000 0.03176777 -0.03676777
v 0.01950000 0.03185547 -0.03667548
v 0.00800000 0.03230970 -0.03595671
v 0.01950000 0.03233331 -0.03589759
v 0.00800000 0.03250000 -0.03500000
v 0.02000000 -0.03473848 -0.02640255
v 0.00850000 -0.03473296 -0.02613545
v 0.00850000 -0.03460736 -0.02676688
v 0.02000000 -0.03406473 -0.02749494
v 0.00847453 -0.03425637 -0.02729567
v 0.00850000 -0.03371439 -0.02765985
v 0.02000000 -0.03281587 -0.02779097
v 0.00848060 -0.03308264 -0.02778523
v 0.00850000 -0.03245153 -0.02765985
v 0.02000000 -0.03191623 -0.02730218
v 0.00847417 -0.03190779 -0.02729268
v 0.00850000 -0.03155856 -0.02676688
v 0.02000000 -0.03144833 -0.02646060
v 0.00850000 -0.03143296 -0.02613545
v 0.00750858 -0.03308296 -0.02613545
v 0.02000000 -0.02586841 -0.05921841
v 0.02000000 -0.02564569 -0.06009872
v 0.00850000 -0.02586841 -0.05921841
v 0.00850000 -0.02574281 -0.05984984
v 0.00847453 -0.02539182 -0.06037863
v 0.02000000 -0.02460517 -0.06085012
v 0.00850000 -0.02484984 -0.06074281
v 0.00848060 -0.02421809 -0.06086819
v 0.02000000 -0.02358698 -0.06074281
v 0.00850000 -0.02358698 -0.06074281
v 0.02000000 -0.02305168 -0.06038513
v 0.00847416 -0.02304324 -0.06037564
v 0.00850000 -0.02269401 -0.05984984
v 0.02000000 -0.02258378 -0.05954356
v 0.00850000 -0.02256841 -0.05921841
v 0.00750858 -0.02421841 -0.05921841
v 0.02000000 0.00720903 -0.06835006
v 0.00850000 0.00721455 -0.06808297
v 0.00850000 0.00734015 -0.06871439
v 0.02000000 0.00769783 -0.06924969
v 0.00847453 0.00769115 -0.06924319
v 0.02000000 0.00847777 -0.06971467
v 0.00850000 0.00823313 -0.06960736
v 0.00848060 0.00886487 -0.06973274
v 0.02000000 0.00949598 -0.06960736
v 0.00850000 0.00949598 -0.06960736
v 0.02000000 0.01003128 -0.06924969
v 0.00847416 0.01003973 -0.06924020
v 0.00850000 0.01038895 -0.06871439
v 0.02000000 0.01049918 -0.06840810
v 0.00850000 0.01051455 -0.06808297
v 0.00750858 0.00886455 -0.06808297
v 0.02000000 0.03143296 -0.04386455
v 0.02000000 0.03165567 -0.04474486
v 0.00850000 0.03143296 -0.04386455
v 0.00850000 0.03155856 -0.04449598
v 0.00847453 0.03190956 -0.04502477
v 0.02000000 0.03269618 -0.04549627
v 0.00850000 0.03245153 -0.04538896
v 0.00848060 0.03308328 -0.04551433
v 0.02000000 0.03371439 -0.04538896
v 0.00850000 0.03371439 -0.04538896
v 0.02000000 0.03424969 -0.04503128
v 0.00847416 0.03425813 -0.04502179
v 0.00850000 0.03460736 -0.04449598
v 0.02000000 0.03471759 -0.04418970
v 0.00850000 0.03473296 -0.04386455
v 0.00750858 0.03308296 -0.04386455
v 0.02000000 0.02256289 -0.01104869
v 0.00850000 0.02256841 -0.01078159
v 0.00850000 0.02269401 -0.01141302
v 0.02000000 0.02323665 -0.01214109
v 0.00847453 0.02304500 -0.01194181
v 0.00850000 0.02358698 -0.01230599
v 0.02000000 0.02448550 -0.01243711
v 0.00848060 0.02421873 -0.01243137
v 0.00850000 0.02484984 -0.01230599
v 0.02000000 0.02538514 -0.01194832
v 0.00847416 0.02539358 -0.01193883
v 0.00850000 0.02574281 -0.01141302
v 0.02000000 0.02585304 -0.01110674
v 0.00850000 0.02586841 -0.01078159
v 0.00750858 0.02421841 -0.01078159
v 0.00300000 -0.02097767 -0.01767767
v 0.00300000 -0.02072647 -0.01894053
v 0.00000000 -0.02097767 -0.01767767
v 0.00000000 -0.02072647 -0.01894053
v 0.00300000 -0.02001112 -0.02001112
v -0.00000000 -0.02001112 -0.02001112
v 0.00300000 -0.01894053 -0.02072647
v -0.00000000 -0.01894053 -0.02072647
v 0.00300000 -0.01767767 -0.02097767
v -0.00000000 -0.01767767 -0.02097767
v -0.00000000 -0.01641482 -0.02072647
v 0.00300000 -0.01641482 -0.02072647
v 0.00300000 -0.01534422 -0.02001112
v -0.00000000 -0.01534422 -0.02001112
v 0.00300000 -0.01462887 -0.01894053
v -0.00000000 -0.01462887 -0.01894053
v 0.00300000 -0.01437767 -0.01767767
v -0.00000000 -0.01437767 -0.01767767
v 0.00950000 0.01217767 -0.01767767
v 0.00950000 0.01259633 -0.01978243
v 0.00300000 0.01217767 -0.01767767
v 0.00300000 0.01259633 -0.01978243
v 0.00950000 0.01378858 -0.02156676
v 0.00300000 0.01378858 -0.02156676
v 0.00300000 0.01557291 -0.02275901
v 0.00950000 0.01557291 -0.02275901
v 0.00950000 0.01767767 -0.02317767
v 0.00300000 0.01767767 -0.02317767
v 0.00950000 0.01978243 -0.02275901
v 0.00300000 0.01978243 -0.02275901
v 0.00950000 0.02156676 -0.02156676
v 0.00300000 0.02156676 -0.02156676
v 0.00300000 0.02275901 -0.01978243
v 0.00950000 0.02275901 -0.01978243
v 0.00949996 0.02319228 -0.01759945
v 0.00300000 0.02317767 -0.01767767
v 0.00300000 0.01437767 -0.01767767
v 0.00300000 0.01462887 -0.01894053
v -0.00000000 0.01437767 -0.01767767
v -0.00000000 0.01462887 -0.01894053
v 0.00300000 0.01534422 -0.02001112
v -0.00000000 0.01534422 -0.02001112
v 0.00300000 0.01641482 -0.02072647
v -0.00000000 0.01641482 -0.02072647
v 0.00300000 0.01767767 -0.02097767
v -0.00000000 0.01767767 -0.02097767
v -0.00000000 0.01894053 -0.02072647
v 0.00300000 0.01894053 -0.02072647
v 0.00300000 0.02001112 -0.02001112
v -0.00000000 0.02001112 -0.02001112
v 0.00300000 0.02072647 -0.01894053
v -0.00000000 0.02072647 -0.01894053
v 0.00300000 0.02097767 -0.01767767
v -0.00000000 0.02097767 -0.01767767
v 0.00300000 0.01217767 0.01767767
v 0.00300000 0.01259633 0.01557291
v 0.00300000 0.01378858 0.01378858
v 0.00300000 0.01557291 0.01259633
v 0.00300000 0.01767767 0.01217767
v 0.00300000 0.01978243 0.01259633
v 0.00300000 0.02156676 0.01378858
v 0.00300000 0.02275901 0.01557291
v 0.00300000 0.02317767 0.01767767
v 0.00300000 0.01437767 0.01767767
v 0.00300000 0.01462887 0.01641482
v 0.00000000 0.01437767 0.01767767
v 0.00000000 0.01462887 0.01641482
v 0.00300000 0.01534422 0.01534422
v -0.00000000 0.01534422 0.01534422
v 0.00300000 0.01641482 0.01462887
v -0.00000000 0.01641482 0.01462887
v 0.00300000 0.01767767 0.01437767
v -0.00000000 0.01767767 0.01437767
v -0.00000000 0.01894053 0.01462887
v 0.00300000 0.01894053 0.01462887
v 0.00300000 0.02001112 0.01534422
v -0.00000000 0.02001112 0.01534422
v 0.00300000 0.02072647 0.01641482
v -0.00000000 0.02072647 0.01641482
v 0.00300000 0.02097767 0.01767767
v -0.00000000 0.02097767 0.01767767
v 0.00600000 0.00300000 0.02500000
v 0.00600000 0.00277164 0.02385195
v 0.00600000 0.00212132 0.02287868
v 0.00600000 0.00114805 0.02222836
v 0.00600000 0.00000000 0.02200000
v 0.00600000 -0.00114805 0.02222836
v 0.00600000 -0.00212132 0.02287868
v 0.00600000 -0.00277164 0.02385195
v 0.00600000 -0.00300000 0.02500000
v 0.00950000 -0.01073524 0.00031677
v 0.00370000 -0.01070887 -0.00018753
v 0.00950000 -0.01080798 -0.00042681
v 0.00370000 -0.01122031 -0.00078841
v 0.00950000 -0.01145669 -0.00083543
v 0.00370000 -0.01212136 -0.00056011
v 0.00950000 -0.01228210 -0.00032396
v 0.00370000 -0.01225526 0.00035972
v 0.00950000 0.01226476 0.00031677
v 0.00370000 0.01234654 -0.00000000
v 0.00950000 0.01217829 -0.00045076
v 0.00370000 0.01194894 -0.00067189
v 0.00950000 0.01154331 -0.00083543
v 0.00370000 0.01122031 -0.00078841
v 0.00950000 0.01084085 -0.00047601
v 0.00370000 0.01066457 -0.00004331
v 0.00950000 0.01071159 0.00027969
v 0.00300000 -0.02317767 0.01767767
v 0.00300000 -0.02275901 0.01557291
v 0.00300000 -0.02156676 0.01378858
v 0.00300000 -0.01978243 0.01259633
v 0.00300000 -0.01767767 0.01217767
v 0.00300000 -0.01557291 0.01259633
v 0.00300000 -0.01378858 0.01378858
v 0.00300000 -0.01259633 0.01557291
v 0.00300000 -0.01217767 0.01767767
v 0.00300000 -0.02097767 0.01767767
v 0.00300000 -0.02072647 0.01641482
v 0.00000000 -0.02097767 0.01767767
v 0.00000000 -0.02072647 0.01641482
v 0.00300000 -0.02001112 0.01534422
v 0.00000000 -0.02001112 0.01534422
v 0.00300000 -0.01894053 0.01462887
v 0.00000000 -0.01894053 0.01462887
v 0.00300000 -0.01767767 0.01437767
v 0.00000000 -0.01767767 0.01437767
v 0.00000000 -0.01641482 0.01462887
v 0.00300000 -0.01641482 0.01462887
v 0.00300000 -0.01534422 0.01534422
v 0.00000000 -0.01534422 0.01534422
v 0.00300000 -0.01462887 0.01641482
v 0.00000000 -0.01462887 0.01641482
v 0.00300000 -0.01437767 0.01767767
v 0.00000000 -0.01437767 0.01767767
v 0.00950000 -0.02010000 -0.03500000
v 0.00950000 -0.01983373 -0.03826084
v 0.00950000 -0.01774573 -0.04443923
v -0.00000000 -0.01327320 -0.05009411
v -0.00000000 -0.01774573 -0.04443923
v 0.00950000 -0.01904199 -0.04143528
v -0.00000000 -0.00709290 -0.05380694
v -0.00000000 -0.00000000 -0.05510000
v -0.00000000 0.00709290 -0.05380694
v -0.00000000 0.01327320 -0.05009411
v 0.00950000 0.01774573 -0.04443923
v -0.00000000 0.01774573 -0.04443923
v 0.00950000 0.01904199 -0.04143528
v 0.00950000 0.01983373 -0.03826084
v 0.00950000 0.02010000 -0.03500000
v 0.00950000 0.01982361 -0.03167818
v 0.00950000 0.01900204 -0.02844772
v 0.00950000 0.01765789 -0.02539745
v -0.00000000 0.01065990 -0.03516711
v 0.00530000 0.01069670 -0.03484021
v 0.00530000 0.01091468 -0.03558532
v -0.00000000 0.01161914 -0.03586035
v 0.00530000 0.01182395 -0.03578210
v -0.00000000 0.01230330 -0.03515979
v 0.00530000 0.01234045 -0.03478084
v -0.00000000 -0.01226476 -0.03468323
v 0.00530000 -0.01230330 -0.03484021
v -0.00000000 -0.01217829 -0.03545076
v 0.00530000 -0.01208532 -0.03558532
v -0.00000000 -0.01150000 -0.03584654
v 0.00530000 -0.01117605 -0.03578210
v -0.00000000 -0.01080798 -0.03542681
v 0.00530000 -0.01065955 -0.03478084
v -0.00000000 -0.01073524 -0.03468323
v 0.00351359 -0.02633796 -0.03013618
v 0.00500012 -0.02298076 -0.03278919
v 0.00500000 -0.02668083 -0.02997466
v 0.00049141 -0.02295589 -0.03280203
v 0.00300000 -0.02706930 -0.02944916
v 0.00050103 -0.02494755 -0.03130743
v -0.00200000 -0.03314776 -0.02238809
v -0.00200302 -0.02494293 -0.03131745
v 0.00300000 -0.03257418 -0.02321472
v 0.00300000 -0.03667079 -0.01597665
v -0.00200000 -0.03824860 -0.01170662
v 0.00300000 -0.03918204 -0.00804786
v 0.00350000 -0.03996076 -0.00177143
v 0.00949998 -0.02319201 -0.01759613
v 0.00950000 -0.02275901 -0.01978243
v 0.00300000 -0.02317767 -0.01767767
v 0.00300000 -0.02275901 -0.01978243
v 0.00950000 -0.02156676 -0.02156676
v 0.00300000 -0.02156676 -0.02156676
v 0.00300000 -0.01978243 -0.02275901
v 0.00950000 -0.01978243 -0.02275901
v 0.00950000 -0.01767767 -0.02317767
v 0.00300000 -0.01767767 -0.02317767
v 0.00950000 -0.01557291 -0.02275901
v 0.00300000 -0.01557291 -0.02275901
v 0.00950000 -0.01378858 -0.02156676
v 0.00300000 -0.01378858 -0.02156676
v 0.00300000 -0.01259633 -0.01978243
v 0.00950000 -0.01259633 -0.01978243
v 0.00950000 -0.01217767 -0.01767767
v 0.00300000 -0.01217767 -0.01767767
v 0.00049906 0.02198933 -0.00341867
v 0.00899184 0.02200859 -0.00342753
v 0.00899379 0.02485725 -0.00564655
v 0.00050000 0.02568429 -0.00638672
v 0.00900000 0.02718826 -0.00781175
v 0.00900047 0.03160061 -0.01305767
v 0.00950000 0.03220274 -0.01399081
v 0.00050000 0.02871099 -0.00942498
v 0.00950000 0.03503857 -0.01916646
v 0.00048449 0.03151039 -0.01294931
v 0.00950000 0.03704894 -0.02471513
v 0.00950000 0.03818648 -0.03050609
v 0.00903772 0.03845000 -0.03500000
v 0.00900000 0.03841228 -0.03670279
v 0.00350000 0.03612416 -0.04816996
v 0.00350000 0.03841228 -0.03670279
v 0.00350000 0.03049507 -0.05841909
v 0.00350000 0.02204561 -0.06650229
v 0.00350000 0.01155725 -0.07167196
v 0.00350000 0.00000000 -0.07345000
v 0.00350000 -0.01155725 -0.07167196
v 0.00350000 -0.02204561 -0.06650229
v 0.00350000 -0.03049507 -0.05841909
v 0.00350000 -0.03612416 -0.04816996
v 0.00900000 -0.03841228 -0.03670279
v 0.00903772 -0.03845000 -0.03500000
v 0.00350000 -0.03841228 -0.03670279
v 0.00530000 0.00701503 -0.03799861
v -0.00000000 0.00704163 -0.03799668
v -0.00000000 -0.00919201 -0.03799954
v 0.00530000 -0.00935565 -0.03799447
v 0.00370000 0.00701628 0.00299726
v 0.00950000 0.00704038 0.00299831
v 0.00370000 -0.00919201 0.00299954
v 0.00950000 -0.00935565 0.00299447
v -0.00000003 0.02742774 0.01593664
v 0.00000000 0.01964027 0.02462742
v -0.00200054 0.02691950 0.01647253
v -0.00200000 0.01964027 0.02462742
v -0.00200000 0.01040400 0.02973226
v 0.00000000 0.01040400 0.02973226
v -0.00200000 -0.00000000 0.03150000
v 0.00000000 0.00000000 0.03150000
v 0.00000000 -0.01040400 0.02973226
v -0.00200000 -0.01040400 0.02973226
v 0.00000000 -0.01964027 0.02462742
v -0.00200000 -0.01964027 0.02462742
v 0.00000001 -0.02689588 0.01650334
v -0.00199784 -0.02734257 0.01602462
v 0.00000001 -0.02856708 -0.01333203
v 0.00000000 -0.02638076 -0.01721353
v -0.00199462 -0.02868251 -0.01314517
v -0.00200000 -0.02638076 -0.01721353
v 0.00000000 -0.02390224 -0.02051665
v -0.00200000 -0.02390224 -0.02051665
v -0.00000001 -0.02069193 -0.02380342
v -0.00201035 -0.02057734 -0.02393981
v -0.00000000 -0.01800207 -0.04338360
v -0.00000000 -0.01747016 -0.04212824
v -0.00000000 -0.01631711 -0.04150118
v -0.00000059 -0.02376854 -0.03155009
v 0.00000009 -0.02279535 -0.03125819
v 0.00000013 -0.02228946 -0.03281702
v 0.00000001 -0.02202574 -0.03030652
v -0.00000000 -0.00998072 -0.03737488
v -0.00000000 -0.02134609 -0.02784836
v -0.00000001 -0.02029309 -0.02502539
v -0.00000000 -0.01150000 -0.03415347
v -0.00000000 -0.00998955 -0.03263747
v -0.00000002 -0.02667857 -0.00793334
v -0.00000005 -0.02956493 -0.01255519
v 0.00003791 -0.03064349 -0.01251024
v 0.00000000 -0.02072647 -0.01641482
v -0.00000000 -0.00919247 -0.03200078
v 0.00000000 -0.02001112 -0.01534422
v 0.00000000 -0.01894053 -0.01462887
v -0.00000000 0.00751411 -0.03721139
v -0.00000000 0.00841758 -0.03795014
v -0.00000000 0.00809496 -0.03732694
v 0.00000007 -0.02105583 -0.00324408
v 0.00000000 -0.01767767 -0.01437767
v -0.00000000 0.00999300 -0.03721335
v -0.00000000 0.00951743 -0.03789677
v -0.00000000 0.00998955 -0.03263747
v -0.00000000 0.01104497 -0.03431899
v -0.00000000 0.01197588 -0.03428780
v -0.00000001 -0.01547580 -0.00419079
v 0.00000001 -0.01428775 -0.00499941
v 0.00000000 -0.01641482 -0.01462887
v -0.00000000 -0.01534422 -0.01534422
v -0.00000000 -0.01462887 -0.01641482
v 0.00001917 -0.02910949 0.01594932
v 0.00000001 -0.02800209 0.01582573
v 0.00000000 -0.02780235 0.01222415
v 0.00000016 -0.02117112 0.00635964
v 0.00000002 -0.01545653 0.00420127
v 0.00000001 -0.01428843 0.00499886
v 0.00000009 0.02279535 -0.03125819
v 0.00000000 0.02202863 -0.03030664
v -0.00000059 0.02376854 -0.03155009
v -0.00000000 0.02134627 -0.02784888
v -0.00000000 0.02040294 -0.02548367
v 0.00000000 -0.02554017 0.00928535
v -0.00000000 0.00919193 -0.03200040
v -0.00000000 0.02054008 -0.02398965
v 0.00000000 -0.02072647 0.01894053
v -0.00000000 0.01462887 -0.01641482
v -0.00000000 0.02390224 -0.02051665
v 0.00000000 -0.01767767 0.02097767
v 0.00000000 -0.01641482 0.02072647
v 0.00000000 -0.01894053 0.02072647
v 0.00000000 -0.02001112 0.02001112
v 0.00000001 0.01428843 -0.00499886
v -0.00000000 0.01534422 -0.01534422
v -0.00000000 0.01641482 -0.01462887
v -0.00000000 0.02638076 -0.01721353
v -0.00000000 0.02072647 -0.01641482
v -0.00000000 0.01767767 -0.01437767
v -0.00000001 0.01547580 -0.00419079
v 0.00000001 0.02856607 -0.01333233
v -0.00000000 0.02001112 -0.01534422
v 0.00000010 0.02109511 -0.00327388
v -0.00000000 0.01894053 -0.01462887
v -0.00000002 0.02667857 -0.00793334
v -0.00000005 0.02956493 -0.01255519
v 0.00003792 0.03064351 -0.01251024
v 0.00000001 0.01545653 0.00420127
v 0.00000000 -0.01534422 0.02001112
v 0.00000000 -0.01462887 0.01894053
v 0.00000000 0.01428775 0.00499941
v 0.00000029 -0.00198962 0.02797767
v 0.00000012 0.02100514 0.00541636
v 0.00000002 0.02206151 0.00696364
v 0.00000081 0.00069017 0.02846974
v 0.00000019 0.00295792 0.02698612
v 0.00000000 0.01462887 0.01894053
v 0.00000000 0.01534422 0.02001112
v -0.00000000 0.02554017 0.00928535
v -0.00000000 0.02780235 0.01222415
v 0.00000000 0.01641482 0.02072647
v -0.00000000 0.02072647 0.01894053
v -0.00000000 0.02001112 0.02001112
v 0.00000000 0.01894053 0.02072647
v 0.00000000 0.01767767 0.02097767
v 0.00000424 0.02906840 0.01588454
v 0.00950000 -0.00757632 -0.05751403
v 0.00500000 -0.00700000 -0.05750000
v 0.00500000 -0.00805461 -0.05769148
v 0.00950000 -0.00897459 -0.05824146
v 0.00500000 -0.00897459 -0.05824146
v 0.00950000 -0.00964252 -0.05907975
v 0.00500000 -0.00964252 -0.05907975
v 0.00950000 -0.00997312 -0.06009934
v 0.00500000 -0.00997312 -0.06009934
v 0.00950000 -0.00992421 -0.06117007
v 0.00500000 -0.00992421 -0.06117007
v 0.00950000 -0.00950202 -0.06215527
v 0.00500000 -0.00950202 -0.06215527
v 0.00950000 -0.00876045 -0.06292916
v 0.00500035 -0.00848992 -0.06309175
v 0.00353799 -0.00735451 -0.06350055
v 0.00950000 -0.00779415 -0.06339298
v 0.01949868 -0.00756563 -0.06349538
v 0.00300000 -0.03009851 -0.05811455
v 0.00300000 -0.02381123 -0.05315568
v 0.00300000 -0.02175893 -0.06609263
v 0.00300000 -0.03565441 -0.04799869
v 0.00300000 -0.01674956 -0.05982047
v 0.00300000 -0.01140696 -0.07119509
v 0.00300000 -0.03791277 -0.03668064
v 0.00300000 -0.02836892 -0.04458164
v 0.00300000 -0.00759197 -0.06400544
v 0.00300000 0.00000000 -0.07295000
v 0.00300000 0.00766900 -0.06399633
v 0.00300000 0.01140696 -0.07119509
v 0.00300019 -0.02848027 -0.02970408
v 0.00300000 0.01743606 -0.05934311
v 0.00300000 0.02175893 -0.06609263
v 0.00300000 0.03009851 -0.05811455
v 0.00300000 0.02478759 -0.05179819
v 0.00300000 0.03565441 -0.04799869
v 0.00300000 0.02907120 -0.04217417
v 0.00300000 0.03791277 -0.03668064
v 0.00300001 0.02977138 -0.03120441
v 0.00300000 0.03257418 -0.02321472
v 0.00300018 0.02848027 -0.02970408
v 0.00300000 0.02706930 -0.02944916
v 0.00300000 0.03667079 -0.01597665
v 0.00300000 0.03918204 -0.00804786
v 0.02000000 -0.02560418 -0.05829246
v 0.02000000 -0.02415346 -0.05269784
v 0.02000000 -0.02389326 -0.05758379
v 0.02000000 -0.02305168 -0.05805168
v 0.02000000 -0.02484984 -0.05769401
v 0.02000000 -0.01698571 -0.05965947
v 0.02000000 -0.02269401 -0.05858698
v 0.02000000 -0.02863162 -0.04376549
v 0.02000000 -0.00767210 -0.06399225
v 0.02000000 -0.02992152 -0.03385705
v 0.02000000 -0.03665689 -0.02517782
v 0.02000000 0.00747878 -0.06715703
v 0.02000000 -0.03446873 -0.02520950
v 0.02000000 -0.03371439 -0.02461105
v 0.02000000 0.00766361 -0.06399480
v 0.02000000 0.00823313 -0.06655856
v 0.02000000 0.00918970 -0.06644833
v 0.02000000 0.01003128 -0.06691624
v 0.02000000 -0.02787951 -0.02407588
v 0.02000000 -0.03155856 -0.02550402
v 0.02000000 -0.03191623 -0.02496872
v 0.02000000 -0.03275781 -0.02450082
v 0.02000000 -0.03286567 -0.01602500
v 0.02000000 0.01612313 -0.06023189
v 0.02000000 0.01038895 -0.06745154
v 0.02000000 -0.02273299 -0.01551117
v 0.02000000 -0.02683470 -0.00816530
v 0.02000000 -0.02217806 -0.01451595
v 0.02000000 -0.02142995 -0.01365643
v 0.02000029 -0.02500646 -0.00705230
v 0.01999909 -0.02030224 -0.01282534
v 0.02000000 0.02287292 -0.05432441
v 0.02000031 -0.02022630 -0.00947812
v 0.02000023 -0.02216096 -0.00736648
v 0.02000000 0.02757018 -0.04668283
v 0.02000000 0.03169719 -0.04293861
v 0.02000000 0.03460736 -0.04323313
v 0.02000000 0.02979339 -0.03799288
v 0.01999986 0.03124975 -0.03777343
v 0.02000000 0.03245153 -0.04234016
v 0.02000000 0.03340811 -0.04222993
v 0.01999993 0.03268270 -0.03643395
v 0.02000000 0.02857944 -0.02606584
v 0.02000000 0.03424969 -0.04269783
v 0.02000000 0.02142995 -0.01365643
v 0.02000000 0.02217806 -0.01451595
v 0.02000000 0.02030532 -0.00946407
v 0.02000000 0.02273299 -0.01551117
v 0.02000000 0.02283264 -0.00985566
v 0.02000000 0.02619335 -0.02049098
v 0.02000094 0.02175956 -0.00763715
v 0.02000000 0.02358698 -0.00925719
v 0.02000000 0.02400392 -0.00699275
v 0.02000000 0.02454356 -0.00914697
v 0.02000000 0.02574281 -0.01015017
v 0.02000000 0.02538514 -0.00961487
v 0.01999975 -0.02001484 -0.02983241
v 0.02000000 -0.02166709 -0.03118720
v 0.02000000 -0.02067842 -0.02748980
v 0.02000000 -0.01802882 -0.02503398
v 0.02000000 -0.01906391 -0.02401969
v 0.00950000 -0.03818648 -0.03050609
v 0.01950000 -0.03713985 -0.02504841
v 0.00950000 -0.03704894 -0.02471513
v 0.00950000 -0.03503857 -0.01916646
v 0.01950000 -0.03329868 -0.01577500
v 0.00950000 -0.03220274 -0.01399081
v 0.00899548 -0.03159857 -0.01305522
v 0.01950000 -0.02718826 -0.00781175
v 0.00900000 -0.02718826 -0.00781175
v 0.00050000 -0.02871099 -0.00942498
v 0.00048449 -0.03151037 -0.01294929
v 0.00050000 -0.02568429 -0.00638672
v 0.00899386 -0.02485725 -0.00564655
v 0.00049768 -0.02199019 -0.00341946
v 0.00899484 -0.02201049 -0.00342934
v 0.00300000 -0.01259633 -0.01557291
v 0.00950000 -0.01259752 -0.01557004
v 0.00300000 -0.01378858 -0.01378858
v 0.00950000 -0.01379298 -0.01378419
v 0.00300000 -0.01557291 -0.01259633
v 0.00950000 -0.01558153 -0.01259277
v 0.00300000 -0.01767767 -0.01217767
v 0.00950000 -0.01769010 -0.01217768
v 0.00300000 -0.01978243 -0.01259633
v 0.00300000 -0.02156676 -0.01378858
v 0.00950000 -0.02309713 -0.01673986
v 0.00300000 -0.02275901 -0.01557291
v 0.01950000 -0.02309713 -0.01673986
v 0.00950000 0.01943248 -0.02365853
v 0.01950000 -0.01765789 -0.02539745
v 0.00950000 -0.01765789 -0.02539745
v 0.00530000 -0.00999579 -0.03723544
v 0.00530000 -0.00999202 -0.03275685
v 0.00530000 -0.00935139 -0.03200249
v 0.00530000 0.00935473 -0.03200487
v 0.00530000 0.00999202 -0.03275685
v 0.00530000 0.00999579 -0.03723544
v 0.00530000 0.00944808 -0.03792839
v 0.00530000 0.00841196 -0.03793646
v -0.00250008 -0.02459083 -0.03096314
v -0.00250287 -0.02276466 -0.03069727
v -0.00250000 -0.03777049 -0.01156029
v -0.00249991 -0.03523607 -0.01285245
v -0.00250000 -0.03273341 -0.02210824
v -0.00249941 -0.03315698 -0.01428525
v -0.00249998 -0.02564850 -0.01924925
v -0.00249994 -0.03702200 -0.00633057
v -0.00250506 -0.03031523 -0.01288128
v -0.00250010 -0.02899781 -0.01358573
v -0.00250056 -0.02895169 0.01640956
v -0.00250031 -0.02739039 0.01667642
v -0.00249990 -0.03051290 0.01765004
v -0.00249978 -0.03218088 0.01774915
v -0.00250078 0.02264251 -0.03047963
v -0.00250071 0.02076034 -0.02456026
v -0.00249998 0.02564850 -0.01924925
v -0.00250000 -0.01995202 0.02501833
v -0.00250493 0.03031524 -0.01288114
v -0.00250011 0.02899781 -0.01358573
v -0.00249941 0.03315698 -0.01428525
v -0.00250000 -0.01056914 0.03020420
v -0.00250098 0.03527067 -0.01285064
v -0.00250000 -0.00000000 0.03200000
v -0.00250000 0.03739500 -0.00280434
v -0.00250000 0.03683300 0.00704135
v -0.00250342 0.02873729 0.01628926
v -0.00250003 0.02728107 0.01681005
v -0.00249990 0.03051290 0.01765004
v -0.00250000 0.01056914 0.03020420
v -0.00250000 0.03372370 0.01640008
v -0.00250000 0.01995202 0.02501833
v -0.00249923 0.03240566 0.01771987
v 0.00350000 0.03996076 -0.00177143
v 0.00900006 0.03999303 -0.00103388
v 0.00354580 0.02625572 -0.03019969
v 0.00500000 0.02675467 -0.02993576
v 0.00050107 0.02494736 -0.03130764
v -0.00200052 0.02068569 -0.02381079
v -0.00200000 0.02390224 -0.02051665
v -0.00200000 0.02638076 -0.01721353
v -0.00200047 0.02869840 -0.01313341
v 0.00530000 -0.01166711 -0.03415990
v 0.00530000 0.01133289 -0.03415990
v 0.02000000 -0.00395936 -0.01335922
v 0.02000000 -0.01136510 -0.01616295
v 0.02000000 -0.01033001 -0.01717724
v 0.02000000 -0.00358853 -0.01471497
v 0.02000000 0.00358853 -0.01471497
v 0.02000000 0.00395936 -0.01335922
v 0.02000000 0.01033001 -0.01717724
v 0.02000000 0.01136510 -0.01616295
v 0.00950000 -0.01900204 -0.02844772
v 0.01950000 -0.01900204 -0.02844772
v 0.01950000 -0.01982361 -0.03167818
v 0.00950000 -0.01982361 -0.03167818
v 0.00950000 0.00995908 -0.01754071
v 0.01950000 0.00995908 -0.01754071
v 0.00950000 0.00345591 -0.01519933
v 0.01950000 0.00345591 -0.01519933
v 0.01950000 -0.00345591 -0.01519933
v 0.00950000 -0.00345591 -0.01519933
v 0.01950000 -0.00995908 -0.01754071
v 0.00950000 -0.00995908 -0.01754071
v 0.00950000 -0.01654110 -0.05935780
v 0.00950000 -0.02351753 -0.05271541
v 0.00950000 -0.02797671 -0.04417681
v 0.00950000 -0.01755342 -0.04222459
v 0.00950000 -0.01800539 -0.04351091
v 0.00950000 -0.01638242 -0.04150289
v 0.00950000 -0.02944133 -0.03465595
v 0.00949996 -0.01428774 -0.03999938
v 0.00949998 -0.01545653 -0.03920123
v 0.00950000 -0.02775462 -0.02517192
v 0.00949972 -0.03365341 -0.01408678
v 0.00949995 -0.03526079 -0.01291312
v 0.00950002 -0.01547580 -0.03080906
v 0.00950000 -0.01428843 -0.03000114
v 0.00950000 0.01596595 -0.05973861
v 0.00950000 0.00966826 -0.06191836
v 0.00950000 0.00867813 -0.06298675
v 0.00950000 -0.03739500 -0.00280434
v 0.00950000 0.02266194 -0.05379752
v 0.00949976 -0.02104135 -0.00319062
v 0.00950000 -0.02524914 -0.00666833
v 0.00950000 -0.02359903 -0.00651099
v 0.00950000 -0.03683300 0.00704135
v 0.00950000 -0.01980565 -0.00936680
v 0.00950000 -0.02200378 -0.00696130
v 0.00950000 -0.01173367 -0.01580179
v 0.00949995 0.01428806 -0.03999811
v 0.00950000 -0.02067951 -0.00795827
v 0.00949993 0.01545765 -0.03920566
v 0.00950000 0.02726317 -0.04611890
v 0.00950000 -0.00409163 -0.01287516
v 0.00950002 0.01547580 -0.03080906
v 0.00950000 -0.00998072 -0.00237488
v 0.00950000 -0.00919247 -0.00299922
v 0.00950000 -0.01206011 0.00062136
v 0.00949997 -0.02100850 0.00542014
v 0.00949999 0.01428775 -0.03000059
v 0.00950000 0.00409163 -0.01287516
v 0.00949943 -0.03350064 0.01700549
v 0.00949971 -0.03111672 0.01782986
v 0.00949994 -0.02939113 0.01677456
v 0.00950000 -0.02780235 0.01222415
v 0.00950000 -0.02554017 0.00928535
v 0.00949995 -0.02206153 0.00696362
v 0.00950000 -0.00999579 0.00223544
v 0.00950000 -0.01131247 0.00079113
v 0.00950000 0.02215203 -0.03105820
v 0.00949997 0.02826049 -0.03315224
v 0.00950000 0.01173367 -0.01580179
v 0.00950000 -0.02322095 0.01997377
v 0.00950000 0.01259752 -0.01557004
v 0.00950000 -0.02192031 0.02192031
v 0.00950000 0.02111887 -0.02723833
v 0.00950000 0.01379298 -0.01378419
v 0.00950000 0.02831551 -0.02692895
v 0.00950000 0.02934434 -0.03258751
v 0.00950000 0.02620628 -0.02157835
v 0.00950000 0.00919175 -0.00299922
v 0.00950000 0.01558153 -0.01259277
v 0.00950000 0.00997637 -0.00242269
v 0.00950000 0.01950063 -0.01097549
v 0.00950000 0.01769010 -0.01217768
v 0.00950000 0.01979678 -0.01260230
v 0.00950000 -0.01997377 0.02322095
v 0.00950000 -0.01767767 0.02367767
v 0.00950000 0.00796000 0.00219096
v 0.00950000 0.00737893 0.00235291
v 0.00950000 0.01981164 -0.00935146
v 0.00950000 0.00841196 0.00293646
v 0.00950000 0.00999633 0.00220518
v 0.00950000 0.01150000 0.00084654
v 0.00950000 0.00949333 0.00291702
v 0.00950000 0.02068786 -0.00794916
v 0.00949989 0.02109212 -0.00324435
v 0.00950000 0.02201116 -0.00695765
v 0.00949997 0.02368858 -0.00533952
v 0.00950000 0.02360313 -0.00651062
v 0.00950000 0.02524914 -0.00666833
v 0.00949971 0.03365341 -0.01408678
v 0.00949985 0.03520881 -0.01291737
v 0.00950000 -0.01538157 0.02322095
v 0.00950000 -0.01343503 0.02192031
v 0.00949997 0.02100888 0.00541459
v 0.00949997 0.03702203 -0.00633058
v 0.00949992 0.02205539 0.00697083
v 0.00950000 -0.01213439 0.01997377
v 0.00950000 0.01213439 0.01997377
v 0.00950000 0.02554017 0.00928535
v 0.00950000 0.01343503 0.02192031
v 0.00950000 0.02780235 0.01222415
v 0.00949923 0.02945257 0.01700530
v 0.00950000 0.02322095 0.01997377
v 0.00950000 0.01538157 0.02322095
v 0.00950000 0.01767767 0.02367767
v 0.00950000 0.02192031 0.02192031
v 0.00949976 0.03202995 0.01778344
v 0.00950000 0.01997377 0.02322095
v 0.00950000 0.00779415 -0.06339298
v 0.00950000 0.02309713 -0.01673986
v 0.00370000 -0.01498820 -0.00386442
v 0.00370000 -0.01419209 -0.00449949
v 0.00370000 -0.00999579 -0.00223544
v 0.00370000 -0.00935139 -0.00299752
v 0.00370000 -0.01499381 0.00385658
v 0.00370000 -0.01165765 0.00079255
v 0.00370000 -0.01419209 0.00449949
v 0.00370000 -0.00998072 0.00237488
v 0.00370000 -0.01090141 0.00059859
v 0.00370000 0.00923077 -0.00299807
v 0.00370000 0.01435017 -0.00449839
v 0.00370000 0.00998955 -0.00236253
v 0.00370000 0.00737620 0.00234543
v 0.00370000 0.00795408 0.00220532
v 0.00370000 0.00841758 0.00295013
v 0.00370000 0.01499522 -0.00373659
v 0.00370000 0.00999202 0.00224316
v 0.00370000 0.01114028 0.00075526
v 0.00370000 0.01192682 0.00069202
v 0.00370000 0.01419173 0.00449974
v 0.00370000 0.00947502 0.00290912
v 0.00370000 0.01499381 0.00385658
v 0.00300000 -0.01462887 0.01894053
v 0.00300000 -0.01534422 0.02001112
v 0.00300000 -0.01641482 0.02072647
v 0.00300000 -0.01767767 0.02097767
v 0.00300000 -0.01894053 0.02072647
v 0.00300000 -0.02001112 0.02001112
v 0.00300000 -0.02072647 0.01894053
v 0.00300000 -0.01259633 0.01978243
v 0.00300000 -0.01378858 0.02156676
v 0.00300000 -0.01557291 0.02275901
v 0.00300000 -0.01767767 0.02317767
v 0.00300000 -0.02275901 0.01978243
v 0.00300000 -0.01978243 0.02275901
v 0.00300000 -0.02156676 0.02156676
v 0.00900000 -0.01259633 0.01978243
v 0.00900000 -0.01378858 0.02156676
v 0.00900000 -0.01557291 0.02275901
v 0.00900000 -0.01767767 0.02317767
v 0.00900000 -0.01978243 0.02275901
v 0.00900000 -0.02156676 0.02156676
v 0.00900000 -0.02275901 0.01978243
v 0.00049983 0.01435136 0.00449681
v 0.00050199 0.01499520 0.00373637
v 0.00049991 -0.01434913 0.00449838
v 0.00050199 -0.01499520 0.00373637
v 0.00049794 -0.01499747 -0.00373282
v 0.00049836 -0.01434944 -0.00449838
v 0.00049990 0.01419209 -0.00449948
v 0.00050174 0.01499302 -0.00386516
v 0.00600000 -0.00114805 0.02777164
v 0.00600000 0.00000000 0.02800000
v 0.00600000 -0.00212132 0.02712132
v 0.00600000 0.00277164 0.02614805
v 0.00600000 -0.00277164 0.02614805
v 0.00600000 0.00212132 0.02712132
v 0.00600000 0.00114805 0.02777164
v 0.00050000 -0.00277164 0.02614805
v 0.00050000 -0.00212132 0.02712132
v 0.00050000 -0.00114805 0.02777164
v 0.00050000 0.00000000 0.02800000
v 0.00050000 0.00114805 0.02777164
v 0.00050000 0.00212132 0.02712132
v 0.00050000 0.00277164 0.02614805
v 0.00300000 0.02072647 0.01894053
v 0.00300000 0.02001112 0.02001112
v 0.00300000 0.01894053 0.02072647
v 0.00300000 0.01767767 0.02097767
v 0.00300000 0.01641482 0.02072647
v 0.00300000 0.01534422 0.02001112
v 0.00300000 0.01462887 0.01894053
v 0.00300000 0.02275901 0.01978243
v 0.00300000 0.02156676 0.02156676
v 0.00300000 0.01978243 0.02275901
v 0.00300000 0.01767767 0.02317767
v 0.00300000 0.01557291 0.02275901
v 0.00300000 0.01259633 0.01978243
v 0.00300000 0.01378858 0.02156676
v 0.00900000 0.02275901 0.01978243
v 0.00900000 0.02156676 0.02156676
v 0.00900000 0.01978243 0.02275901
v 0.00900000 0.01767767 0.02317767
v 0.00900000 0.01557291 0.02275901
v 0.00900000 0.01378858 0.02156676
v 0.00900000 0.01259633 0.01978243
v 0.00300000 0.02072647 -0.01641482
v 0.00300000 0.02001112 -0.01534422
v 0.00300000 0.01894053 -0.01462887
v 0.00300000 0.01767767 -0.01437767
v 0.00300000 0.01641482 -0.01462887
v 0.00300000 0.01534422 -0.01534422
v 0.00300000 0.01462887 -0.01641482
v 0.00300000 0.02275901 -0.01557291
v 0.00300000 0.02156676 -0.01378858
v 0.00300000 0.01978243 -0.01259633
v 0.00300000 0.01767767 -0.01217767
v 0.00300000 0.01259633 -0.01557291
v 0.00300000 0.01557291 -0.01259633
v 0.00300000 0.01378858 -0.01378858
v 0.01950000 0.02309713 -0.01673986
v 0.00300000 -0.01462887 -0.01641482
v 0.00300000 -0.01534422 -0.01534422
v 0.00300000 -0.01641482 -0.01462887
v 0.00300000 -0.01767767 -0.01437767
v 0.00300000 -0.01894053 -0.01462887
v 0.00300000 -0.02001112 -0.01534422
v 0.00300000 -0.02072647 -0.01641482
v 0.01950000 0.01173367 -0.01580179
v 0.01950000 -0.01173367 -0.01580179
v 0.00530000 0.01419173 -0.03949974
v 0.00899719 0.01435933 -0.03949647
v 0.00530000 0.01498820 -0.03886442
v 0.00900094 0.01499760 -0.03872978
v 0.00900086 -0.01419172 -0.03949973
v 0.00530000 -0.01435236 -0.03949682
v 0.00530000 -0.01499522 -0.03873659
v 0.00899614 -0.01499315 -0.03886365
v 0.00530000 -0.01499381 -0.03114342
v 0.00900164 -0.01499534 -0.03126543
v 0.00530000 -0.01419173 -0.03050026
v 0.00899719 -0.01435934 -0.03050353
v 0.00900085 0.01419172 -0.03050027
v 0.00530000 0.01435236 -0.03050318
v 0.00530000 0.01499753 -0.03126814
v 0.00899373 0.01498707 -0.03112858
v 0.00530000 0.00737620 -0.03734543
v 0.00530000 0.00798589 -0.03721139
v -0.00199717 0.02218813 -0.03074151
v -0.00199997 0.02134609 -0.02784836
v -0.00200458 0.02030759 -0.02508747
v -0.00200000 -0.02134627 -0.02784888
v -0.00201932 -0.02222454 -0.03077477
v -0.00199856 -0.02356195 -0.03154706
v -0.00200780 0.02355263 -0.03154535
v 0.00848064 0.02559434 -0.00984180
v 0.00850000 0.02484984 -0.00925719
v 0.00847778 0.02390909 -0.00914418
v 0.00847416 0.02304689 -0.00962019
v 0.00850000 0.02269401 -0.01015017
v 0.00848064 0.03445889 -0.04292476
v 0.00850000 0.03371439 -0.04234016
v 0.00847778 0.03277365 -0.04222714
v 0.00847416 0.03191144 -0.04270314
v 0.00850000 0.03155856 -0.04323313
v 0.00848064 0.01024049 -0.06714319
v 0.00850000 0.00949598 -0.06655856
v 0.00847778 0.00855524 -0.06644554
v 0.00847416 0.00769304 -0.06692156
v 0.00850000 0.00734015 -0.06745154
v 0.00848064 -0.02284248 -0.05827862
v 0.00850000 -0.02358698 -0.05769401
v 0.00847778 -0.02452772 -0.05758099
v 0.00847416 -0.02538993 -0.05805700
v 0.00850000 -0.02574281 -0.05858698
v 0.00848064 -0.03170703 -0.02519566
v 0.00850000 -0.03245153 -0.02461105
v 0.00847778 -0.03339227 -0.02449803
v 0.00847417 -0.03425448 -0.02497404
v 0.00850000 -0.03460736 -0.02550402
v 0.00800000 0.03176777 -0.03323223
v 0.00800000 0.03000000 -0.03250000
v 0.00800000 0.03230970 -0.03404329
v 0.00800000 0.03095671 -0.03269030
v 0.00799997 0.02858744 -0.03288766
v 0.00800000 0.02769030 -0.03404329
v 0.01950000 0.02831551 -0.02692895
v 0.01950000 0.02620628 -0.02157835
v 0.01950068 0.00755284 -0.06349766
v 0.01950000 0.01596595 -0.05973861
v 0.01950000 0.02266194 -0.05379752
v 0.01950000 0.02726317 -0.04611890
v 0.00350262 0.00755103 -0.06349622
v 0.00500000 0.00824743 -0.06321307
v 0.00500000 0.00938563 -0.06231901
v 0.00500000 0.00984226 -0.06145998
v 0.01950000 -0.02775462 -0.02517192
v 0.01950000 -0.02944133 -0.03465595
v 0.01950000 -0.02797671 -0.04417681
v 0.01950000 -0.02351753 -0.05271541
v 0.01950000 -0.01654110 -0.05935780
v 0.01950000 -0.01984338 -0.00927273
v 0.01950000 -0.02081958 -0.00781175
v 0.01950000 -0.02228057 -0.00683555
v 0.01950000 -0.02400392 -0.00649275
v 0.01950000 -0.02572727 -0.00683555
v 0.00905165 -0.02640776 -0.00718172
v 0.00912508 0.02626979 -0.00708945
v 0.01950000 0.02572727 -0.00683555
v 0.01950000 0.02400392 -0.00649275
v 0.01950000 0.02228057 -0.00683555
v 0.01950000 0.02081958 -0.00781175
v 0.01950000 0.01984338 -0.00927273
v 0.01950000 0.00409163 -0.01287516
v 0.01950000 -0.00409163 -0.01287516
v 0.00500000 -0.02250719 -0.03371920
v 0.00351715 -0.02812356 -0.03004708
v 0.00500000 -0.02828606 -0.03018454
v 0.00350000 -0.01646987 -0.05940601
v 0.00500000 -0.01646987 -0.05940601
v 0.00350000 -0.02341363 -0.05285251
v 0.00500000 -0.02341363 -0.05285251
v 0.00350000 -0.02789521 -0.04442164
v 0.00500000 -0.02789521 -0.04442164
v 0.00500000 0.02927216 -0.03137625
v 0.00350000 0.02858576 -0.04205438
v 0.00500000 0.02858576 -0.04205438
v 0.00350000 0.02925984 -0.03171797
v 0.00350000 0.02437368 -0.05151768
v 0.00500000 0.02437368 -0.05151768
v 0.00350000 0.01714491 -0.05893663
v 0.00500000 0.01714491 -0.05893663
v 0.00351113 0.02762128 -0.02994300
v 0.00500000 0.02840035 -0.03025566
v 0.00350904 0.02885994 -0.03067853
v 0.00900279 0.02208212 0.00636625
v 0.00049975 0.02207431 0.00635751
v 0.00050000 0.02588202 0.00892047
v 0.00900000 0.02588202 0.00892047
v 0.00050000 0.02824255 0.01198704
v 0.00900000 0.02824255 0.01198704
v 0.00049591 0.02959240 0.01593546
v 0.00900235 0.02972100 0.01627451
v 0.00900000 0.03285088 0.01675870
v -0.00200000 0.03234281 0.01710887
v 0.00899820 0.03187804 0.01729501
v -0.00201259 0.03140869 0.01733331
v -0.00200000 0.03042018 0.01700568
v -0.00200960 0.02968826 0.01632000
v 0.00901041 0.03049822 0.01708287
v 0.00900000 0.03489922 -0.01229000
v 0.00900000 0.03606135 -0.00828126
v -0.00200605 0.03481028 -0.01256718
v -0.00200000 0.03606135 -0.00828126
v 0.00900000 0.03676459 -0.00416715
v -0.00200000 0.03676459 -0.00416715
v -0.00200000 0.03215769 -0.01343367
v -0.00199087 0.03119101 -0.01274482
v 0.00899075 0.03290445 -0.01365266
v -0.00200201 0.03317402 -0.01364749
v 0.00900000 0.03397730 -0.01337773
v -0.00200000 0.03407957 -0.01331741
v 0.00900000 0.03453849 -0.01291882
v 0.00050326 0.02150837 -0.00241848
v 0.00900140 0.02150496 -0.00245310
v 0.00899990 0.02151642 0.00542013
v 0.00049417 0.02150761 0.00534578
v -0.00199478 -0.03479845 -0.01258206
v 0.00900000 -0.03489922 -0.01229000
v 0.00900000 -0.03453849 -0.01291882
v -0.00200000 -0.03407957 -0.01331741
v 0.00900000 -0.03397730 -0.01337773
v -0.00200201 -0.03317402 -0.01364749
v 0.00899332 -0.03290529 -0.01365271
v -0.00200000 -0.03215769 -0.01343367
v -0.00199088 -0.03119102 -0.01274484
v 0.00900000 -0.03327405 0.01618141
v 0.00900000 -0.03634189 0.00694747
v -0.00200000 -0.03676459 -0.00416715
v 0.00900000 -0.03689640 -0.00276695
v -0.00200000 -0.03606135 -0.00828126
v 0.00050052 -0.02959183 0.01593245
v 0.00900169 -0.02972095 0.01627437
v -0.00202026 -0.03022410 0.01688231
v 0.00901041 -0.03049822 0.01708287
v -0.00201259 -0.03140869 0.01733331
v 0.00899820 -0.03187804 0.01729501
v -0.00200000 -0.03234281 0.01710887
v 0.00900000 -0.03285088 0.01675870
v 0.00900000 -0.02824255 0.01198704
v 0.00050000 -0.02824255 0.01198704
v 0.00050000 -0.02588202 0.00892047
v 0.00900000 -0.02588202 0.00892047
v 0.00900245 -0.02207857 0.00636383
v 0.00050230 -0.02207759 0.00635979
v 0.00050006 -0.02150871 0.00540378
v 0.00899446 -0.02151433 0.00536151
v 0.00050303 -0.02150864 -0.00242281
v 0.00900350 -0.02150506 -0.00245502
v -0.00201509 0.02823819 0.01580182
v -0.00200519 -0.02987484 -0.01247587
v -0.00200519 0.02987484 -0.01247587
v -0.00200611 -0.02900874 0.01589656
v 0.02000000 -0.02060000 -0.03500000
v 0.02000000 -0.01903192 -0.04288328
v 0.01950000 -0.02010000 -0.03500000
v 0.01950000 -0.01856998 -0.04269194
v 0.02000000 -0.01456640 -0.04956640
v 0.01950000 -0.01421285 -0.04921285
v 0.02000000 -0.00788328 -0.05403192
v 0.01950000 -0.00769194 -0.05356998
v 0.02000000 0.00000000 -0.05560000
v 0.01950000 0.00000000 -0.05510000
v 0.02000000 0.00788328 -0.05403192
v 0.01950000 0.00769194 -0.05356998
v 0.02000000 0.01456640 -0.04956640
v 0.01950000 0.01421285 -0.04921285
v 0.02000000 0.01903192 -0.04288328
v 0.01950000 0.01856998 -0.04269194
v 0.02000000 0.02060000 -0.03500000
v 0.01950000 0.02010000 -0.03500000
v 0.01950000 0.01982361 -0.03167818
v 0.01999974 0.02001484 -0.02983241
v 0.01950000 0.01900204 -0.02844772
v 0.01950000 0.01765789 -0.02539745
v 0.02000000 0.01802882 -0.02503398
v 0.01950000 0.03329868 -0.01577500
v 0.02000021 0.02634001 -0.00758839
v 0.02000000 0.03286567 -0.01602500
v 0.01950000 0.02718826 -0.00781175
v 0.01950000 0.03713985 -0.02504841
v 0.02000000 0.03665689 -0.02517782
v 0.01950000 0.03845000 -0.03500000
v 0.02000000 0.03795000 -0.03500000
v 0.01950000 0.03656812 -0.04688171
v 0.02000000 0.03609259 -0.04672720
v 0.01950000 0.03110670 -0.05760035
v 0.02000000 0.03070220 -0.05730645
v 0.01950000 0.02260035 -0.06610671
v 0.02000000 0.02230645 -0.06570220
v 0.01950000 0.01188170 -0.07156812
v 0.02000000 0.01172720 -0.07109260
v 0.02000000 0.00000000 -0.07295000
v 0.01950000 0.00000000 -0.07345000
v 0.01950000 -0.01188170 -0.07156812
v 0.02000000 -0.01172719 -0.07109260
v 0.01950000 -0.02260035 -0.06610671
v 0.02000000 -0.02230645 -0.06570220
v 0.01950000 -0.03110670 -0.05760035
v 0.02000000 -0.03070220 -0.05730645
v 0.01950000 -0.03656812 -0.04688171
v 0.02000000 -0.03609259 -0.04672720
v 0.01950000 -0.03845000 -0.03500000
v 0.02000000 -0.03795000 -0.03500000
v 0.01950000 0.01979678 -0.01260230
v 0.02000000 0.02052079 -0.01296952
v 0.02000003 0.01996117 -0.01151239
v 0.01950372 0.01946547 -0.01123145
v 0.01950000 0.02111887 -0.02723833
v 0.02000000 0.01906391 -0.02401969
v 0.02000000 0.02067842 -0.02748980
v 0.01950000 0.01943248 -0.02365853
v 0.01950000 0.02215203 -0.03105820
v 0.02000000 0.02166709 -0.03118720
v 0.01950000 0.02250000 -0.03500000
v 0.02000000 0.02200000 -0.03500000
v 0.02000000 0.02032535 -0.04341904
v 0.01950000 0.02078729 -0.04361038
v 0.02000000 0.01555635 -0.05055635
v 0.01950000 0.01590990 -0.05090991
v 0.02000000 0.00841904 -0.05532535
v 0.01950000 0.00861038 -0.05578729
v 0.01950000 0.00000000 -0.05750000
v 0.02000000 0.00000000 -0.05700000
v 0.02000000 -0.00841904 -0.05532535
v 0.01950000 -0.00861038 -0.05578729
v 0.01950000 -0.01590990 -0.05090991
v 0.02000000 -0.01555635 -0.05055635
v 0.01950000 -0.02078729 -0.04361038
v 0.02000000 -0.02032535 -0.04341904
v 0.01950000 -0.02250000 -0.03500000
v 0.02000000 -0.02200000 -0.03500000
v -0.00250000 -0.03750000 0.00000000
v -0.00200000 -0.03657966 0.00556132
v -0.00200000 -0.03700000 0.00000000
v -0.00250000 -0.03707398 0.00563648
v -0.00200000 -0.03532820 0.01099629
v -0.00250000 -0.03580561 0.01114489
v -0.00199165 -0.03315782 0.01644159
v -0.00249994 -0.03355017 0.01677566
v -0.00199553 -0.02033708 -0.02528933
v -0.00250072 -0.02075725 -0.02456162
v -0.00200000 0.03804226 0.01236068
v -0.00250000 0.03950000 0.00000000
v -0.00250000 0.03756673 0.01220617
v -0.00200000 0.04000000 0.00000000
v -0.00200000 0.03236068 0.02351141
v -0.00250000 0.03195617 0.02321752
v -0.00200000 0.02351141 0.03236068
v -0.00250000 0.02321752 0.03195617
v -0.00200000 0.01236068 0.03804226
v -0.00250000 0.01220617 0.03756673
v -0.00250000 -0.00000000 0.03950000
v -0.00200000 -0.00000000 0.04000000
v -0.00200000 -0.01236068 0.03804226
v -0.00250000 -0.01220617 0.03756673
v -0.00200000 -0.02351141 0.03236068
v -0.00250000 -0.02321752 0.03195617
v -0.00200000 -0.03236068 0.02351141
v -0.00250000 -0.03195617 0.02321752
v -0.00200000 -0.03804226 0.01236068
v -0.00250000 -0.03756673 0.01220617
v -0.00200000 -0.04000000 0.00000000
v -0.00250000 -0.03950000 0.00000000
v -0.00200000 0.03314776 -0.02238809
v -0.00250001 0.02436927 -0.03118415
v -0.00250000 0.03273341 -0.02210824
v -0.00199953 0.02494212 -0.03131821
v -0.00200000 0.03824860 -0.01170662
v -0.00250000 0.03777049 -0.01156029
v 0.00000000 0.00350000 0.02500000
v 0.00000012 0.00296693 0.02302726
v 0.00050000 0.00300000 0.02500000
v 0.00050000 0.00277164 0.02385195
v 0.00050000 0.00212132 0.02287868
v 0.00000050 0.00066970 0.02163321
v 0.00050000 0.00114805 0.02222836
v 0.00050000 0.00000000 0.02200000
v 0.00000000 -0.00133939 0.02176642
v 0.00050000 -0.00114805 0.02222836
v 0.00000012 -0.00295797 0.02301385
v 0.00050000 -0.00212132 0.02287868
v 0.00050000 -0.00277164 0.02385195
v 0.00000010 -0.00349605 0.02568719
v 0.00050000 -0.00300000 0.02500000
v 0.00950000 -0.02367767 0.01767767
v 0.00900000 -0.02275901 0.01557291
v 0.00900000 -0.02317767 0.01767767
v 0.00950000 -0.02322095 0.01538157
v 0.00950000 -0.02192031 0.01343503
v 0.00900000 -0.02156676 0.01378858
v 0.00950000 -0.01997377 0.01213439
v 0.00900000 -0.01978243 0.01259633
v 0.00950000 -0.01767767 0.01167767
v 0.00900000 -0.01767767 0.01217767
v 0.00950000 -0.01538157 0.01213439
v 0.00900000 -0.01557291 0.01259633
v 0.00950000 -0.01343503 0.01343503
v 0.00900000 -0.01378858 0.01378858
v 0.00950000 -0.01213439 0.01538157
v 0.00900000 -0.01259633 0.01557291
v 0.00950000 -0.01167767 0.01767767
v 0.00900000 -0.01217767 0.01767767
v 0.00950000 0.01167767 0.01767767
v 0.00950000 0.01213439 0.01538157
v 0.00900000 0.01217767 0.01767767
v 0.00900000 0.01259633 0.01557291
v 0.00950000 0.01343503 0.01343503
v 0.00900000 0.01378858 0.01378858
v 0.00950000 0.01538157 0.01213439
v 0.00900000 0.01557291 0.01259633
v 0.00950000 0.01767767 0.01167767
v 0.00900000 0.01767767 0.01217767
v 0.00950000 0.01997377 0.01213439
v 0.00900000 0.01978243 0.01259633
v 0.00950000 0.02192031 0.01343503
v 0.00900000 0.02156676 0.01378858
v 0.00950000 0.02322095 0.01538157
v 0.00900000 0.02275901 0.01557291
v 0.00950000 0.02367767 0.01767767
v 0.00900000 0.02317767 0.01767767
v 0.00950000 -0.03756673 0.01220617
v 0.00900000 -0.04000000 -0.00000000
v 0.00950000 -0.03953138 -0.00051006
v 0.00900000 -0.03804226 0.01236068
v 0.00950000 -0.03195617 0.02321752
v 0.00900000 -0.03236068 0.02351141
v 0.00900000 -0.02351141 0.03236068
v 0.00950000 -0.02321752 0.03195617
v 0.00900000 -0.01236068 0.03804226
v 0.00950000 -0.01220617 0.03756673
v 0.00900000 0.00000000 0.04000000
v 0.00950000 0.00000000 0.03950000
v 0.00900000 0.01236068 0.03804226
v 0.00950000 0.01220617 0.03756673
v 0.00900000 0.02351141 0.03236068
v 0.00950000 0.02321752 0.03195617
v 0.00900000 0.03236068 0.02351141
v 0.00950000 0.03195617 0.02321752
v 0.00900000 0.03804226 0.01236068
v 0.00950000 0.03756673 0.01220617
v 0.00900000 0.04000000 -0.00000000
v 0.00949999 0.03953138 -0.00051006
v 0.00899987 -0.03999323 -0.00103389
v 0.00950000 0.03750000 -0.00000000
v 0.00900000 0.03657966 0.00556132
v 0.00900000 0.03700000 -0.00000000
v 0.00950000 0.03707398 0.00563648
v 0.00900000 0.03532820 0.01099629
v 0.00950000 0.03580561 0.01114489
v 0.00900000 0.03327405 0.01618141
v 0.00949991 0.03353522 0.01680258
v 0.00299998 -0.03001652 -0.03416985
v 0.00350058 -0.02928559 -0.03154372
v 0.00350000 -0.02944334 -0.03500000
v 0.00300003 -0.02968309 -0.03117865
v 0.01999980 0.03284060 -0.03378168
v 0.01950000 0.03250000 -0.03500000
v 0.01950000 0.03233331 -0.03410241
v 0.01950000 0.03185547 -0.03332452
v 0.01999995 0.03124979 -0.03222649
v 0.01950000 0.03113020 -0.03277006
v 0.01950000 0.03025422 -0.03251296
v 0.02000000 0.02979339 -0.03200712
v 0.01950000 0.02934434 -0.03258751
v 0.00049845 -0.02250450 -0.03376223
v 0.00000001 -0.02204479 -0.03471429
v 0.00050000 -0.02250000 -0.03500000
v 0.00050000 -0.02078729 -0.04361038
v -0.00000000 -0.02032535 -0.04341904
v 0.00050000 -0.01590990 -0.05090991
v -0.00000000 -0.01555635 -0.05055635
v 0.00050000 -0.00861038 -0.05578729
v -0.00000000 -0.00841904 -0.05532535
v 0.00050000 0.00000000 -0.05750000
v -0.00000000 -0.00000000 -0.05700000
v 0.00050000 0.00861038 -0.05578729
v -0.00000000 0.00841904 -0.05532535
v 0.00050000 0.01590990 -0.05090991
v -0.00000000 0.01555635 -0.05055635
v 0.00050000 0.02078729 -0.04361038
v -0.00000000 0.02032535 -0.04341904
v -0.00000000 0.02200000 -0.03500000
v 0.00050000 0.02250000 -0.03500000
v 0.00000019 0.02211921 -0.03300922
v 0.00050002 0.02250488 -0.03371166
v 0.00049083 0.02299685 -0.03276646
v -0.00200000 0.03700000 0.00000000
v -0.00200000 0.03657966 0.00556132
v -0.00200000 0.03532820 0.01099629
v -0.00199408 0.03315763 0.01644195
v -0.00000000 0.01799430 -0.04369911
v 0.00950000 0.01800869 -0.04377440
v -0.00000000 0.01782775 -0.04273464
v 0.00950000 0.01782775 -0.04273464
v -0.00000000 0.01739420 -0.04208579
v 0.00950000 0.01739420 -0.04208579
v -0.00000000 0.01674535 -0.04165224
v 0.00950000 0.01674535 -0.04165224
v 0.00950000 0.01597999 -0.04150000
v -0.00000000 0.01597999 -0.04150000
v 0.00500000 0.02250179 -0.03376131
v 0.00500013 0.02296267 -0.03280294
v 0.00500000 -0.02944334 -0.03500000
v 0.00500000 -0.02926021 -0.03140966
v 0.00500000 0.02250000 -0.03500000
v 0.00500000 0.02078729 -0.04361038
v 0.00500000 0.01590990 -0.05090991
v 0.00500000 0.00861038 -0.05578729
v 0.00500000 0.00000000 -0.05750000
v 0.00500000 -0.00861038 -0.05578729
v 0.00500000 -0.01590990 -0.05090991
v 0.00500000 -0.02078729 -0.04361038
v 0.00500000 -0.02250000 -0.03500000
v 0.01950000 -0.01979678 -0.01260230
v 0.00950000 -0.01979678 -0.01260230
v 0.00950000 -0.01947013 -0.01133357
v 0.01949542 -0.01946758 -0.01123432
v 0.00950000 0.01000000 -0.06050000
v 0.00950000 0.00977164 -0.05935195
v 0.00500000 0.01000000 -0.06050000
v 0.00500000 0.00977164 -0.05935195
v 0.00950000 0.00912132 -0.05837869
v 0.00500000 0.00912132 -0.05837869
v 0.00950000 0.00814805 -0.05772837
v 0.00500000 0.00814805 -0.05772837
v 0.00950000 0.00700000 -0.05750000
v 0.00500000 0.00700000 -0.05750000
v 0.01950000 -0.01943248 -0.02365853
v 0.00950000 -0.01943248 -0.02365853
v 0.00950000 -0.02111887 -0.02723833
v 0.01950000 -0.02111887 -0.02723833
v 0.01950000 -0.02215203 -0.03105820
v 0.00950000 -0.02215203 -0.03105820
v 0.00950000 -0.02250000 -0.03500000
v 0.00950000 -0.02078729 -0.04361038
v 0.00950000 -0.01590990 -0.05090991
v 0.00950000 -0.00861038 -0.05578729
v 0.00950000 0.00000000 -0.05750000
v 0.00950000 0.00861038 -0.05578729
v 0.00950000 0.01590990 -0.05090991
v 0.00950000 0.02078729 -0.04361038
v 0.00950000 0.02250000 -0.03500000
v 0.00950020 0.02743261 -0.03500000
v 0.00799998 0.02749307 -0.03547753
v 0.00949998 0.02826049 -0.03684776
v 0.00799979 0.02858744 -0.03711234
v 0.00950000 0.02934434 -0.03741249
v 0.00800000 0.03000000 -0.03750000
v 0.01950000 0.02934434 -0.03741249
v 0.01950000 0.03025422 -0.03748704
v 0.00800000 0.03095671 -0.03730970
v 0.01950000 0.03113020 -0.03722994
v 0.00800000 0.03176777 -0.03676777
v 0.01950000 0.03185547 -0.03667548
v 0.00800000 0.03230970 -0.03595671
v 0.01950000 0.03233331 -0.03589759
v 0.00800000 0.03250000 -0.03500000
v 0.02000000 -0.03473848 -0.02640255
v 0.00850000 -0.03473296 -0.02613545
v 0.00850000 -0.03460736 -0.02676688
v 0.02000000 -0.03406473 -0.02749494
v 0.00847453 -0.03425637 -0.02729567
v 0.00850000 -0.03371439 -0.02765985
v 0.02000000 -0.03281587 -0.02779097
v 0.00848060 -0.03308264 -0.02778523
v 0.00850000 -0.03245153 -0.02765985
v 0.02000000 -0.03191623 -0.02730218
v 0.00847417 -0.03190779 -0.02729268
v 0.00850000 -0.03155856 -0.02676688
v 0.02000000 -0.03144833 -0.02646060
v 0.00850000 -0.03143296 -0.02613545
v 0.00750858 -0.03308296 -0.02613545
v 0.02000000 -0.02586841 -0.05921841
v 0.02000000 -0.02564569 -0.06009872
v 0.00850000 -0.02586841 -0.05921841
v 0.00850000 -0.02574281 -0.05984984
v 0.00847453 -0.02539182 -0.06037863
v 0.02000000 -0.02460517 -0.06085012
v 0.00850000 -0.02484984 -0.06074281
v 0.00848060 -0.02421809 -0.06086819
v 0.02000000 -0.02358698 -0.06074281
v 0.00850000 -0.02358698 -0.06074281
v 0.02000000 -0.02305168 -0.06038513
v 0.00847416 -0.02304324 -0.06037564
v 0.00850000 -0.02269401 -0.05984984
v 0.02000000 -0.02258378 -0.05954356
v 0.00850000 -0.02256841 -0.05921841
v 0.00750858 -0.02421841 -0.05921841
v 0.02000000 0.00720903 -0.06835006
v 0.00850000 0.00721455 -0.06808297
v 0.00850000 0.00734015 -0.06871439
v 0.02000000 0.00769783 -0.06924969
v 0.00847453 0.00769115 -0.06924319
v 0.02000000 0.00847777 -0.06971467
v 0.00850000 0.00823313 -0.06960736
v 0.00848060 0.00886487 -0.06973274
v 0.02000000 0.00949598 -0.06960736
v 0.00850000 0.00949598 -0.06960736
v 0.02000000 0.01003128 -0.06924969
v 0.00847416 0.01003973 -0.06924020
v 0.00850000 0.01038895 -0.06871439
v 0.02000000 0.01049918 -0.06840810
v 0.00850000 0.01051455 -0.06808297
v 0.00750858 0.00886455 -0.06808297
v 0.02000000 0.03143296 -0.04386455
v 0.02000000 0.03165567 -0.04474486
v 0.00850000 0.03143296 -0.04386455
v 0.00850000 0.03155856 -0.04449598
v 0.00847453 0.03190956 -0.04502477
v 0.02000000 0.03269618 -0.04549627
v 0.00850000 0.03245153 -0.04538896
v 0.00848060 0.03308328 -0.04551433
v 0.02000000 0.03371439 -0.04538896
v 0.00850000 0.03371439 -0.04538896
v 0.02000000 0.03424969 -0.04503128
v 0.00847416 0.03425813 -0.04502179
v 0.00850000 0.03460736 -0.04449598
v 0.02000000 0.03471759 -0.04418970
v 0.00850000 0.03473296 -0.04386455
v 0.00750858 0.03308296 -0.04386455
v 0.02000000 0.02256289 -0.01104869
v 0.00850000 0.02256841 -0.01078159
v 0.00850000 0.02269401 -0.01141302
v 0.02000000 0.02323665 -0.01214109
v 0.00847453 0.02304500 -0.01194181
v 0.00850000 0.02358698 -0.01230599
v 0.02000000 0.02448550 -0.01243711
v 0.00848060 0.02421873 -0.01243137
v 0.00850000 0.02484984 -0.01230599
v 0.02000000 0.02538514 -0.01194832
v 0.00847416 0.02539358 -0.01193883
v 0.00850000 0.02574281 -0.01141302
v 0.02000000 0.02585304 -0.01110674
v 0.00850000 0.02586841 -0.01078159
v 0.00750858 0.02421841 -0.01078159
v 0.00300000 -0.02097767 -0.01767767
v 0.00300000 -0.02072647 -0.01894053
v 0.00000000 -0.02097767 -0.01767767
v 0.00000000 -0.02072647 -0.01894053
v 0.00300000 -0.02001112 -0.02001112
v -0.00000000 -0.02001112 -0.02001112
v 0.00300000 -0.01894053 -0.02072647
v -0.00000000 -0.01894053 -0.02072647
v 0.00300000 -0.01767767 -0.02097767
v -0.00000000 -0.01767767 -0.02097767
v -0.00000000 -0.01641482 -0.02072647
v 0.00300000 -0.01641482 -0.02072647
v 0.00300000 -0.01534422 -0.02001112
v -0.00000000 -0.01534422 -0.02001112
v 0.00300000 -0.01462887 -0.01894053
v -0.00000000 -0.01462887 -0.01894053
v 0.00300000 -0.01437767 -0.01767767
v -0.00000000 -0.01437767 -0.01767767
v 0.00950000 0.01217767 -0.01767767
v 0.00950000 0.01259633 -0.01978243
v 0.00300000 0.01217767 -0.01767767
v 0.00300000 0.01259633 -0.01978243
v 0.00950000 0.01378858 -0.02156676
v 0.00300000 0.01378858 -0.02156676
v 0.00300000 0.01557291 -0.02275901
v 0.00950000 0.01557291 -0.02275901
v 0.00950000 0.01767767 -0.02317767
v 0.00300000 0.01767767 -0.02317767
v 0.00950000 0.01978243 -0.02275901
v 0.00300000 0.01978243 -0.02275901
v 0.00950000 0.02156676 -0.02156676
v 0.00300000 0.02156676 -0.02156676
v 0.00300000 0.02275901 -0.01978243
v 0.00950000 0.02275901 -0.01978243
v 0.00949996 0.02319228 -0.01759945
v 0.00300000 0.02317767 -0.01767767
v 0.00300000 0.01437767 -0.01767767
v 0.00300000 0.01462887 -0.01894053
v -0.00000000 0.01437767 -0.01767767
v -0.00000000 0.01462887 -0.01894053
v 0.00300000 0.01534422 -0.02001112
v -0.00000000 0.01534422 -0.02001112
v 0.00300000 0.01641482 -0.02072647
v -0.00000000 0.01641482 -0.02072647
v 0.00300000 0.01767767 -0.02097767
v -0.00000000 0.01767767 -0.02097767
v -0.00000000 0.01894053 -0.02072647
v 0.00300000 0.01894053 -0.02072647
v 0.00300000 0.02001112 -0.02001112
v -0.00000000 0.02001112 -0.02001112
v 0.00300000 0.02072647 -0.01894053
v -0.00000000 0.02072647 -0.01894053
v 0.00300000 0.02097767 -0.01767767
v -0.00000000 0.02097767 -0.01767767
v 0.00300000 0.01217767 0.01767767
v 0.00300000 0.01259633 0.01557291
v 0.00300000 0.01378858 0.01378858
v 0.00300000 0.01557291 0.01259633
v 0.00300000 0.01767767 0.01217767
v 0.00300000 0.01978243 0.01259633
v 0.00300000 0.02156676 0.01378858
v 0.00300000 0.02275901 0.01557291
v 0.00300000 0.02317767 0.01767767
v 0.00300000 0.01437767 0.01767767
v 0.00300000 0.01462887 0.01641482
v 0.00000000 0.01437767 0.01767767
v 0.00000000 0.01462887 0.01641482
v 0.00300000 0.01534422 0.01534422
v -0.00000000 0.01534422 0.01534422
v 0.00300000 0.01641482 0.01462887
v -0.00000000 0.01641482 0.01462887
v 0.00300000 0.01767767 0.01437767
v -0.00000000 0.01767767 0.01437767
v -0.00000000 0.01894053 0.01462887
v 0.00300000 0.01894053 0.01462887
v 0.00300000 0.02001112 0.01534422
v -0.00000000 0.02001112 0.01534422
v 0.00300000 0.02072647 0.01641482
v -0.00000000 0.02072647 0.01641482
v 0.00300000 0.02097767 0.01767767
v -0.00000000 0.02097767 0.01767767
v 0.00600000 0.00300000 0.02500000
v 0.00600000 0.00277164 0.02385195
v 0.00600000 0.00212132 0.02287868
v 0.00600000 0.00114805 0.02222836
v 0.00600000 0.00000000 0.02200000
v 0.00600000 -0.00114805 0.02222836
v 0.00600000 -0.00212132 0.02287868
v 0.00600000 -0.00277164 0.02385195
v 0.00600000 -0.00300000 0.02500000
v 0.00950000 -0.01073524 0.00031677
v 0.00370000 -0.01070887 -0.00018753
v 0.00950000 -0.01080798 -0.00042681
v 0.00370000 -0.01122031 -0.00078841
v 0.00950000 -0.01145669 -0.00083543
v 0.00370000 -0.01212136 -0.00056011
v 0.00950000 -0.01228210 -0.00032396
v 0.00370000 -0.01225526 0.00035972
v 0.00950000 0.01226476 0.00031677
v 0.00370000 0.01234654 -0.00000000
v 0.00950000 0.01217829 -0.00045076
v 0.00370000 0.01194894 -0.00067189
v 0.00950000 0.01154331 -0.00083543
v 0.00370000 0.01122031 -0.00078841
v 0.00950000 0.01084085 -0.00047601
v 0.00370000 0.01066457 -0.00004331
v 0.00950000 0.01071159 0.00027969
v 0.00300000 -0.02317767 0.01767767
v 0.00300000 -0.02275901 0.01557291
v 0.00300000 -0.02156676 0.01378858
v 0.00300000 -0.01978243 0.01259633
v 0.00300000 -0.01767767 0.01217767
v 0.00300000 -0.01557291 0.01259633
v 0.00300000 -0.01378858 0.01378858
v 0.00300000 -0.01259633 0.01557291
v 0.00300000 -0.01217767 0.01767767
v 0.00300000 -0.02097767 0.01767767
v 0.00300000 -0.02072647 0.01641482
v 0.00000000 -0.02097767 0.01767767
v 0.00000000 -0.02072647 0.01641482
v 0.00300000 -0.02001112 0.01534422
v 0.00000000 -0.02001112 0.01534422
v 0.00300000 -0.01894053 0.01462887
v 0.00000000 -0.01894053 0.01462887
v 0.00300000 -0.01767767 0.01437767
v 0.00000000 -0.01767767 0.01437767
v 0.00000000 -0.01641482 0.01462887
v 0.00300000 -0.01641482 0.01462887
v 0.00300000 -0.01534422 0.01534422
v 0.00000000 -0.01534422 0.01534422
v 0.00300000 -0.01462887 0.01641482
v 0.00000000 -0.01462887 0.01641482
v 0.00300000 -0.01437767 0.01767767
v 0.00000000 -0.01437767 0.01767767
v 0.00950000 -0.02010000 -0.03500000
v 0.00950000 -0.01983373 -0.03826084
v 0.00950000 -0.01774573 -0.04443923
v -0.00000000 -0.01327320 -0.05009411
v -0.00000000 -0.01774573 -0.04443923
v 0.00950000 -0.01904199 -0.04143528
v -0.00000000 -0.00709290 -0.05380694
v -0.00000000 -0.00000000 -0.05510000
v -0.00000000 0.00709290 -0.05380694
v -0.00000000 0.01327320 -0.05009411
v -0.00000000 0.01774573 -0.04443923
v 0.00950000 0.01904199 -0.04143528
v 0.00950000 0.01983373 -0.03826084
v 0.00950000 0.02010000 -0.03500000
v 0.00950000 0.01982361 -0.03167818
v 0.00950000 0.01900204 -0.02844772
v 0.00950000 0.01765789 -0.02539745
v -0.00000000 0.01065990 -0.03516711
v 0.00530000 0.01069670 -0.03484021
v 0.00530000 0.01091468 -0.03558532
v -0.00000000 0.01161914 -0.03586035
v 0.00530000 0.01182395 -0.03578210
v -0.00000000 0.01230330 -0.03515979
v 0.00530000 0.01234045 -0.03478084
v -0.00000000 -0.01226476 -0.03468323
v 0.00530000 -0.01230330 -0.03484021
v -0.00000000 -0.01217829 -0.03545076
v 0.00530000 -0.01208532 -0.03558532
v -0.00000000 -0.01150000 -0.03584654
v 0.00530000 -0.01117605 -0.03578210
v -0.00000000 -0.01080798 -0.03542681
v 0.00530000 -0.01065955 -0.03478084
v -0.00000000 -0.01073524 -0.03468323
v 0.00351359 -0.02633796 -0.03013618
v 0.00500012 -0.02298076 -0.03278919
v 0.00500000 -0.02668083 -0.02997466
v 0.00049141 -0.02295589 -0.03280203
v 0.00300000 -0.02706930 -0.02944916
v 0.00050103 -0.02494755 -0.03130743
v -0.00200000 -0.03314776 -0.02238809
v -0.00200302 -0.02494293 -0.03131745
v 0.00300000 -0.03257418 -0.02321472
v 0.00300000 -0.03667079 -0.01597665
v -0.00200000 -0.03824860 -0.01170662
v 0.00300000 -0.03918204 -0.00804786
v 0.00350000 -0.03996076 -0.00177143
v 0.00949998 -0.02319201 -0.01759613
v 0.00950000 -0.02275901 -0.01978243
v 0.00300000 -0.02317767 -0.01767767
v 0.00300000 -0.02275901 -0.01978243
v 0.00950000 -0.02156676 -0.02156676
v 0.00300000 -0.02156676 -0.02156676
v 0.00300000 -0.01978243 -0.02275901
v 0.00950000 -0.01978243 -0.02275901
v 0.00950000 -0.01767767 -0.02317767
v 0.00300000 -0.01767767 -0.02317767
v 0.00950000 -0.01557291 -0.02275901
v 0.00300000 -0.01557291 -0.02275901
v 0.00950000 -0.01378858 -0.02156676
v 0.00300000 -0.01378858 -0.02156676
v 0.00300000 -0.01259633 -0.01978243
v 0.00950000 -0.01259633 -0.01978243
v 0.00950000 -0.01217767 -0.01767767
v 0.00300000 -0.01217767 -0.01767767
v 0.00049906 0.02198933 -0.00341867
v 0.00899184 0.02200859 -0.00342753
v 0.00899379 0.02485725 -0.00564655
v 0.00050000 0.02568429 -0.00638672
v 0.00900000 0.02718826 -0.00781175
v 0.00900047 0.03160061 -0.01305767
v 0.00950000 0.03220274 -0.01399081
v 0.00050000 0.02871099 -0.00942498
v 0.00950000 0.03503857 -0.01916646
v 0.00048449 0.03151039 -0.01294931
v 0.00950000 0.03704894 -0.02471513
v 0.00950000 0.03818648 -0.03050609
v 0.00903772 0.03845000 -0.03500000
v 0.00900000 0.03841228 -0.03670279
v 0.00350000 0.03612416 -0.04816996
v 0.00350000 0.03841228 -0.03670279
v 0.00350000 0.03049507 -0.05841909
v 0.00350000 0.02204561 -0.06650229
v 0.00350000 0.01155725 -0.07167196
v 0.00350000 0.00000000 -0.07345000
v 0.00350000 -0.01155725 -0.07167196
v 0.00350000 -0.02204561 -0.06650229
v 0.00350000 -0.03049507 -0.05841909
v 0.00350000 -0.03612416 -0.04816996
v 0.00900000 -0.03841228 -0.03670279
v 0.00903772 -0.03845000 -0.03500000
v 0.00350000 -0.03841228 -0.03670279
v 0.00530000 0.00701503 -0.03799861
v -0.00000000 0.00704163 -0.03799668
v -0.00000000 -0.00919201 -0.03799954
v 0.00530000 -0.00935565 -0.03799447
v 0.00370000 0.00701628 0.00299726
v 0.00950000 0.00704038 0.00299831
v 0.00370000 -0.00919201 0.00299954
v 0.00950000 -0.00935565 0.00299447
v -0.00000003 0.02742774 0.01593664
v 0.00000000 0.01964027 0.02462742
v -0.00200054 0.02691950 0.01647253
v -0.00200000 0.01964027 0.02462742
v -0.00200000 0.01040400 0.02973226
v 0.00000000 0.01040400 0.02973226
v -0.00200000 -0.00000000 0.03150000
v 0.00000000 0.00000000 0.03150000
v 0.00000000 -0.01040400 0.02973226
v -0.00200000 -0.01040400 0.02973226
v 0.00000000 -0.01964027 0.02462742
v -0.00200000 -0.01964027 0.02462742
v 0.00000001 -0.02689588 0.01650334
v -0.00199784 -0.02734257 0.01602462
v 0.00000001 -0.02856708 -0.01333203
v 0.00000000 -0.02638076 -0.01721353
v -0.00199462 -0.02868251 -0.01314517
v -0.00200000 -0.02638076 -0.01721353
v 0.00000000 -0.02390224 -0.02051665
v -0.00200000 -0.02390224 -0.02051665
v -0.00000001 -0.02069193 -0.02380342
v -0.00201035 -0.02057734 -0.02393981
v -0.00000000 -0.01800207 -0.04338360
v -0.00000000 -0.01747016 -0.04212824
v -0.00000000 -0.01631711 -0.04150118
v -0.00000059 -0.02376854 -0.03155009
v 0.00000009 -0.02279535 -0.03125819
v 0.00000013 -0.02228946 -0.03281702
v 0.00000001 -0.02202574 -0.03030652
v -0.00000000 -0.00998072 -0.03737488
v -0.00000000 -0.02134609 -0.02784836
v -0.00000001 -0.02029309 -0.02502539
v -0.00000000 -0.01150000 -0.03415347
v -0.00000000 -0.00998955 -0.03263747
v -0.00000002 -0.02667857 -0.00793334
v -0.00000005 -0.02956493 -0.01255519
v 0.00003791 -0.03064349 -0.01251024
v 0.00000000 -0.02072647 -0.01641482
v -0.00000000 -0.00919247 -0.03200078
v 0.00000000 -0.02001112 -0.01534422
v 0.00000000 -0.01894053 -0.01462887
v -0.00000000 0.00751411 -0.03721139
v -0.00000000 0.00841758 -0.03795014
v -0.00000000 0.00809496 -0.03732694
v 0.00000007 -0.02105583 -0.00324408
v 0.00000000 -0.01767767 -0.01437767
v -0.00000000 0.00999300 -0.03721335
v -0.00000000 0.00951743 -0.03789677
v -0.00000000 0.00998955 -0.03263747
v -0.00000000 0.01104497 -0.03431899
v -0.00000000 0.01197588 -0.03428780
v -0.00000001 -0.01547580 -0.00419079
v 0.00000001 -0.01428775 -0.00499941
v 0.00000000 -0.01641482 -0.01462887
v -0.00000000 -0.01534422 -0.01534422
v -0.00000000 -0.01462887 -0.01641482
v 0.00001917 -0.02910949 0.01594932
v 0.00000001 -0.02800209 0.01582573
v 0.00000000 -0.02780235 0.01222415
v 0.00000016 -0.02117112 0.00635964
v 0.00000002 -0.01545653 0.00420127
v 0.00000001 -0.01428843 0.00499886
v 0.00000009 0.02279535 -0.03125819
v 0.00000000 0.02202863 -0.03030664
v -0.00000059 0.02376854 -0.03155009
v -0.00000000 0.02134627 -0.02784888
v -0.00000000 0.02040294 -0.02548367
v 0.00000000 -0.02554017 0.00928535
v -0.00000000 0.00919193 -0.03200040
v -0.00000000 0.02054008 -0.02398965
v 0.00000000 -0.02072647 0.01894053
v -0.00000000 0.01462887 -0.01641482
v -0.00000000 0.02390224 -0.02051665
v 0.00000000 -0.01767767 0.02097767
v 0.00000000 -0.01641482 0.02072647
v 0.00000000 -0.01894053 0.02072647
v 0.00000000 -0.02001112 0.02001112
v 0.00000001 0.01428843 -0.00499886
v -0.00000000 0.01534422 -0.01534422
v -0.00000000 0.01641482 -0.01462887
v -0.00000000 0.02638076 -0.01721353
v -0.00000000 0.02072647 -0.01641482
v -0.00000000 0.01767767 -0.01437767
v -0.00000001 0.01547580 -0.00419079
v 0.00000001 0.02856607 -0.01333233
v -0.00000000 0.02001112 -0.01534422
v 0.00000010 0.02109511 -0.00327388
v -0.00000000 0.01894053 -0.01462887
v -0.00000002 0.02667857 -0.00793334
v -0.00000005 0.02956493 -0.01255519
v 0.00003792 0.03064351 -0.01251024
v 0.00000001 0.01545653 0.00420127
v 0.00000000 -0.01534422 0.02001112
v 0.00000000 -0.01462887 0.01894053
v 0.00000000 0.01428775 0.00499941
v 0.00000029 -0.00198962 0.02797767
v 0.00000012 0.02100514 0.00541636
v 0.00000002 0.02206151 0.00696364
v 0.00000081 0.00069017 0.02846974
v 0.00000019 0.00295792 0.02698612
v 0.00000000 0.01462887 0.01894053
v 0.00000000 0.01534422 0.02001112
v -0.00000000 0.02554017 0.00928535
v -0.00000000 0.02780235 0.01222415
v 0.00000000 0.01641482 0.02072647
v -0.00000000 0.02072647 0.01894053
v -0.00000000 0.02001112 0.02001112
v 0.00000000 0.01894053 0.02072647
v 0.00000000 0.01767767 0.02097767
v 0.00000424 0.02906840 0.01588454
v 0.00950000 -0.00757632 -0.05751403
v 0.00500000 -0.00700000 -0.05750000
v 0.00500000 -0.00805461 -0.05769148
v 0.00950000 -0.00897459 -0.05824146
v 0.00500000 -0.00897459 -0.05824146
v 0.00950000 -0.00964252 -0.05907975
v 0.00500000 -0.00964252 -0.05907975
v 0.00950000 -0.00997312 -0.06009934
v 0.00500000 -0.00997312 -0.06009934
v 0.00950000 -0.00992421 -0.06117007
v 0.00500000 -0.00992421 -0.06117007
v 0.00950000 -0.00950202 -0.06215527
v 0.00500000 -0.00950202 -0.06215527
v 0.00950000 -0.00876045 -0.06292916
v 0.00500035 -0.00848992 -0.06309175
v 0.00353799 -0.00735451 -0.06350055
v 0.00950000 -0.00779415 -0.06339298
v 0.01949868 -0.00756563 -0.06349538
v 0.00300000 -0.03009851 -0.05811455
v 0.00300000 -0.02381123 -0.05315568
v 0.00300000 -0.02175893 -0.06609263
v 0.00300000 -0.03565441 -0.04799869
v 0.00300000 -0.01674956 -0.05982047
v 0.00300000 -0.01140696 -0.07119509
v 0.00300000 -0.03791277 -0.03668064
v 0.00300000 -0.02836892 -0.04458164
v 0.00300000 -0.00759197 -0.06400544
v 0.00300000 0.00000000 -0.07295000
v 0.00300000 0.00766900 -0.06399633
v 0.00300000 0.01140696 -0.07119509
v 0.00300019 -0.02848027 -0.02970408
v 0.00300000 0.01743606 -0.05934311
v 0.00300000 0.02175893 -0.06609263
v 0.00300000 0.03009851 -0.05811455
v 0.00300000 0.02478759 -0.05179819
v 0.00300000 0.03565441 -0.04799869
v 0.00300000 0.02907120 -0.04217417
v 0.00300000 0.03791277 -0.03668064
v 0.00300001 0.02977138 -0.03120441
v 0.00300000 0.03257418 -0.02321472
v 0.00300018 0.02848027 -0.02970408
v 0.00300000 0.02706930 -0.02944916
v 0.00300000 0.03667079 -0.01597665
v 0.00300000 0.03918204 -0.00804786
v 0.02000000 -0.02560418 -0.05829246
v 0.02000000 -0.02415346 -0.05269784
v 0.02000000 -0.02389326 -0.05758379
v 0.02000000 -0.02305168 -0.05805168
v 0.02000000 -0.02484984 -0.05769401
v 0.02000000 -0.01698571 -0.05965947
v 0.02000000 -0.02269401 -0.05858698
v 0.02000000 -0.02863162 -0.04376549
v 0.02000000 -0.00767210 -0.06399225
v 0.02000000 -0.02992152 -0.03385705
v 0.02000000 -0.03665689 -0.02517782
v 0.02000000 0.00747878 -0.06715703
v 0.02000000 -0.03446873 -0.02520950
v 0.02000000 -0.03371439 -0.02461105
v 0.02000000 0.00766361 -0.06399480
v 0.02000000 0.00823313 -0.06655856
v 0.02000000 0.00918970 -0.06644833
v 0.02000000 0.01003128 -0.06691624
v 0.02000000 -0.02787951 -0.02407588
v 0.02000000 -0.03155856 -0.02550402
v 0.02000000 -0.03191623 -0.02496872
v 0.02000000 -0.03275781 -0.02450082
v 0.02000000 -0.03286567 -0.01602500
v 0.02000000 0.01612313 -0.06023189
v 0.02000000 0.01038895 -0.06745154
v 0.02000000 -0.02273299 -0.01551117
v 0.02000000 -0.02683470 -0.00816530
v 0.02000000 -0.02217806 -0.01451595
v 0.02000000 -0.02142995 -0.01365643
v 0.02000029 -0.02500646 -0.00705230
v 0.01999909 -0.02030224 -0.01282534
v 0.02000000 0.02287292 -0.05432441
v 0.02000031 -0.02022630 -0.00947812
v 0.02000023 -0.02216096 -0.00736648
v 0.02000000 0.02757018 -0.04668283
v 0.02000000 0.03169719 -0.04293861
v 0.02000000 0.03460736 -0.04323313
v 0.02000000 0.02979339 -0.03799288
v 0.01999986 0.03124975 -0.03777343
v 0.02000000 0.03245153 -0.04234016
v 0.02000000 0.03340811 -0.04222993
v 0.01999993 0.03268270 -0.03643395
v 0.02000000 0.02857944 -0.02606584
v 0.02000000 0.03424969 -0.04269783
v 0.02000000 0.02142995 -0.01365643
v 0.02000000 0.02217806 -0.01451595
v 0.02000000 0.02030532 -0.00946407
v 0.02000000 0.02273299 -0.01551117
v 0.02000000 0.02283264 -0.00985566
v 0.02000000 0.02619335 -0.02049098
v 0.02000094 0.02175956 -0.00763715
v 0.02000000 0.02358698 -0.00925719
v 0.02000000 0.02400392 -0.00699275
v 0.02000000 0.02454356 -0.00914697
v 0.02000000 0.02574281 -0.01015017
v 0.02000000 0.02538514 -0.00961487
v 0.01999975 -0.02001484 -0.02983241
v 0.02000000 -0.02166709 -0.03118720
v 0.02000000 -0.02067842 -0.02748980
v 0.02000000 -0.01802882 -0.02503398
v 0.02000000 -0.01906391 -0.02401969
v 0.00950000 -0.03818648 -0.03050609
v 0.01950000 -0.03713985 -0.02504841
v 0.00950000 -0.03704894 -0.02471513
v 0.00950000 -0.03503857 -0.01916646
v 0.01950000 -0.03329868 -0.01577500
v 0.00950000 -0.03220274 -0.01399081
v 0.00899548 -0.03159857 -0.01305522
v 0.01950000 -0.02718826 -0.00781175
v 0.00900000 -0.02718826 -0.00781175
v 0.00050000 -0.02871099 -0.00942498
v 0.00048449 -0.03151037 -0.01294929
v 0.00050000 -0.02568429 -0.00638672
v 0.00899386 -0.02485725 -0.00564655
v 0.00049768 -0.02199019 -0.00341946
v 0.00899484 -0.02201049 -0.00342934
v 0.00300000 -0.01259633 -0.01557291
v 0.00950000 -0.01259752 -0.01557004
v 0.00300000 -0.01378858 -0.01378858
v 0.00950000 -0.01379298 -0.01378419
v 0.00300000 -0.01557291 -0.01259633
v 0.00950000 -0.01558153 -0.01259277
v 0.00300000 -0.01767767 -0.01217767
v 0.00950000 -0.01769010 -0.01217768
v 0.00300000 -0.01978243 -0.01259633
v 0.00300000 -0.02156676 -0.01378858
v 0.00950000 -0.02309713 -0.01673986
v 0.00300000 -0.02275901 -0.01557291
v 0.01950000 -0.02309713 -0.01673986
v 0.00950000 0.01943248 -0.02365853
v 0.01950000 -0.01765789 -0.02539745
v 0.00950000 -0.01765789 -0.02539745
v 0.00530000 -0.00999579 -0.03723544
v 0.00530000 -0.00999202 -0.03275685
v 0.00530000 -0.00935139 -0.03200249
v 0.00530000 0.00935473 -0.03200487
v 0.00530000 0.00999202 -0.03275685
v 0.00530000 0.00999579 -0.03723544
v 0.00530000 0.00944808 -0.03792839
v 0.00530000 0.00841196 -0.03793646
v -0.00250008 -0.02459083 -0.03096314
v -0.00250287 -0.02276466 -0.03069727
v -0.00250000 -0.03777049 -0.01156029
v -0.00249991 -0.03523607 -0.01285245
v -0.00250000 -0.03273341 -0.02210824
v -0.00249941 -0.03315698 -0.01428525
v -0.00249998 -0.02564850 -0.01924925
v -0.00249994 -0.03702200 -0.00633057
v -0.00250506 -0.03031523 -0.01288128
v -0.00250010 -0.02899781 -0.01358573
v -0.00250056 -0.02895169 0.01640956
v -0.00250031 -0.02739039 0.01667642
v -0.00249990 -0.03051290 0.01765004
v -0.00249978 -0.03218088 0.01774915
v -0.00250078 0.02264251 -0.03047963
v -0.00250071 0.02076034 -0.02456026
v -0.00249998 0.02564850 -0.01924925
v -0.00250000 -0.01995202 0.02501833
v -0.00250493 0.03031524 -0.01288114
v -0.00250011 0.02899781 -0.01358573
v -0.00249941 0.03315698 -0.01428525
v -0.00250000 -0.01056914 0.03020420
v -0.00250098 0.03527067 -0.01285064
v -0.00250000 -0.00000000 0.03200000
v -0.00250000 0.03739500 -0.00280434
v -0.00250000 0.03683300 0.00704135
v -0.00250342 0.02873729 0.01628926
v -0.00250003 0.02728107 0.01681005
v -0.00249990 0.03051290 0.01765004
v -0.00250000 0.01056914 0.03020420
v -0.00250000 0.03372370 0.01640008
v -0.00250000 0.01995202 0.02501833
v -0.00249923 0.03240566 0.01771987
v 0.00350000 0.03996076 -0.00177143
v 0.00900006 0.03999303 -0.00103388
v 0.00354580 0.02625572 -0.03019969
v 0.00500000 0.02675467 -0.02993576
v 0.00050107 0.02494736 -0.03130764
v -0.00200052 0.02068569 -0.02381079
v -0.00200000 0.02390224 -0.02051665
v -0.00200000 0.02638076 -0.01721353
v -0.00200047 0.02869840 -0.01313341
v 0.00530000 -0.01166711 -0.03415990
v 0.00530000 0.01133289 -0.03415990
v 0.02000000 -0.00395936 -0.01335922
v 0.02000000 -0.01136510 -0.01616295
v 0.02000000 -0.01033001 -0.01717724
v 0.02000000 -0.00358853 -0.01471497
v 0.02000000 0.00358853 -0.01471497
v 0.02000000 0.00395936 -0.01335922
v 0.02000000 0.01033001 -0.01717724
v 0.02000000 0.01136510 -0.01616295
v 0.00950000 -0.01900204 -0.02844772
v 0.01950000 -0.01900204 -0.02844772
v 0.01950000 -0.01982361 -0.03167818
v 0.00950000 -0.01982361 -0.03167818
v 0.00950000 0.00995908 -0.01754071
v 0.01950000 0.00995908 -0.01754071
v 0.00950000 0.00345591 -0.01519933
v 0.01950000 0.00345591 -0.01519933
v 0.01950000 -0.00345591 -0.01519933
v 0.00950000 -0.00345591 -0.01519933
v 0.01950000 -0.00995908 -0.01754071
v 0.00950000 -0.00995908 -0.01754071
v 0.00950000 -0.01654110 -0.05935780
v 0.00950000 -0.02351753 -0.05271541
v 0.00950000 -0.02797671 -0.04417681
v 0.00950000 -0.01755342 -0.04222459
v 0.00950000 -0.01800539 -0.04351091
v 0.00950000 -0.01638242 -0.04150289
v 0.00950000 -0.02944133 -0.03465595
v 0.00949996 -0.01428774 -0.03999938
v 0.00949998 -0.01545653 -0.03920123
v 0.00950000 -0.02775462 -0.02517192
v 0.00949972 -0.03365341 -0.01408678
v 0.00949995 -0.03526079 -0.01291312
v 0.00950002 -0.01547580 -0.03080906
v 0.00950000 -0.01428843 -0.03000114
v 0.00950000 0.01596595 -0.05973861
v 0.00950000 0.00966826 -0.06191836
v 0.00950000 0.00867813 -0.06298675
v 0.00950000 -0.03739500 -0.00280434
v 0.00950000 0.02266194 -0.05379752
v 0.00949976 -0.02104135 -0.00319062
v 0.00950000 -0.02524914 -0.00666833
v 0.00950000 -0.02359903 -0.00651099
v 0.00950000 -0.03683300 0.00704135
v 0.00950000 -0.01980565 -0.00936680
v 0.00950000 -0.02200378 -0.00696130
v 0.00950000 -0.01173367 -0.01580179
v 0.00949995 0.01428806 -0.03999811
v 0.00950000 -0.02067951 -0.00795827
v 0.00949993 0.01545765 -0.03920566
v 0.00950000 0.02726317 -0.04611890
v 0.00950000 -0.00409163 -0.01287516
v 0.00950002 0.01547580 -0.03080906
v 0.00950000 -0.00998072 -0.00237488
v 0.00950000 -0.00919247 -0.00299922
v 0.00950000 -0.01206011 0.00062136
v 0.00949997 -0.02100850 0.00542014
v 0.00949999 0.01428775 -0.03000059
v 0.00950000 0.00409163 -0.01287516
v 0.00949943 -0.03350064 0.01700549
v 0.00949971 -0.03111672 0.01782986
v 0.00949994 -0.02939113 0.01677456
v 0.00950000 -0.02780235 0.01222415
v 0.00950000 -0.02554017 0.00928535
v 0.00949995 -0.02206153 0.00696362
v 0.00950000 -0.00999579 0.00223544
v 0.00950000 -0.01131247 0.00079113
v 0.00950000 0.02215203 -0.03105820
v 0.00949997 0.02826049 -0.03315224
v 0.00950000 0.01173367 -0.01580179
v 0.00950000 -0.02322095 0.01997377
v 0.00950000 0.01259752 -0.01557004
v 0.00950000 -0.02192031 0.02192031
v 0.00950000 0.02111887 -0.02723833
v 0.00950000 0.01379298 -0.01378419
v 0.00950000 0.02831551 -0.02692895
v 0.00950000 0.02934434 -0.03258751
v 0.00950000 0.02620628 -0.02157835
v 0.00950000 0.00919175 -0.00299922
v 0.00950000 0.01558153 -0.01259277
v 0.00950000 0.00997637 -0.00242269
v 0.00950000 0.01950063 -0.01097549
v 0.00950000 0.01769010 -0.01217768
v 0.00950000 0.01979678 -0.01260230
v 0.00950000 -0.01997377 0.02322095
v 0.00950000 -0.01767767 0.02367767
v 0.00950000 0.00796000 0.00219096
v 0.00950000 0.00737893 0.00235291
v 0.00950000 0.01981164 -0.00935146
v 0.00950000 0.00841196 0.00293646
v 0.00950000 0.00999633 0.00220518
v 0.00950000 0.01150000 0.00084654
v 0.00950000 0.00949333 0.00291702
v 0.00950000 0.02068786 -0.00794916
v 0.00949989 0.02109212 -0.00324435
v 0.00950000 0.02201116 -0.00695765
v 0.00949997 0.02368858 -0.00533952
v 0.00950000 0.02360313 -0.00651062
v 0.00950000 0.02524914 -0.00666833
v 0.00949971 0.03365341 -0.01408678
v 0.00949985 0.03520881 -0.01291737
v 0.00950000 -0.01538157 0.02322095
v 0.00950000 -0.01343503 0.02192031
v 0.00949997 0.02100888 0.00541459
v 0.00949997 0.03702203 -0.00633058
v 0.00949992 0.02205539 0.00697083
v 0.00950000 -0.01213439 0.01997377
v 0.00950000 0.01213439 0.01997377
v 0.00950000 0.02554017 0.00928535
v 0.00950000 0.01343503 0.02192031
v 0.00950000 0.02780235 0.01222415
v 0.00949923 0.02945257 0.01700530
v 0.00950000 0.02322095 0.01997377
v 0.00950000 0.01538157 0.02322095
v 0.00950000 0.01767767 0.02367767
v 0.00950000 0.02192031 0.02192031
v 0.00949976 0.03202995 0.01778344
v 0.00950000 0.01997377 0.02322095
v 0.00950000 0.00779415 -0.06339298
v 0.00950000 0.02309713 -0.01673986
v 0.00370000 -0.01498820 -0.00386442
v 0.00370000 -0.01419209 -0.00449949
v 0.00370000 -0.00999579 -0.00223544
v 0.00370000 -0.00935139 -0.00299752
v 0.00370000 -0.01499381 0.00385658
v 0.00370000 -0.01165765 0.00079255
v 0.00370000 -0.01419209 0.00449949
v 0.00370000 -0.00998072 0.00237488
v 0.00370000 -0.01090141 0.00059859
v 0.00370000 0.00923077 -0.00299807
v 0.00370000 0.01435017 -0.00449839
v 0.00370000 0.00998955 -0.00236253
v 0.00370000 0.00737620 0.00234543
v 0.00370000 0.00795408 0.00220532
v 0.00370000 0.00841758 0.00295013
v 0.00370000 0.01499522 -0.00373659
v 0.00370000 0.00999202 0.00224316
v 0.00370000 0.01114028 0.00075526
v 0.00370000 0.01192682 0.00069202
v 0.00370000 0.01419173 0.00449974
v 0.00370000 0.00947502 0.00290912
v 0.00370000 0.01499381 0.00385658
v 0.00300000 -0.01462887 0.01894053
v 0.00300000 -0.01534422 0.02001112
v 0.00300000 -0.01641482 0.02072647
v 0.00300000 -0.01767767 0.02097767
v 0.00300000 -0.01894053 0.02072647
v 0.00300000 -0.02001112 0.02001112
v 0.00300000 -0.02072647 0.01894053
v 0.00300000 -0.01259633 0.01978243
v 0.00300000 -0.01378858 0.02156676
v 0.00300000 -0.01557291 0.02275901
v 0.00300000 -0.01767767 0.02317767
v 0.00300000 -0.02275901 0.01978243
v 0.00300000 -0.01978243 0.02275901
v 0.00300000 -0.02156676 0.02156676
v 0.00900000 -0.01259633 0.01978243
v 0.00900000 -0.01378858 0.02156676
v 0.00900000 -0.01557291 0.02275901
v 0.00900000 -0.01767767 0.02317767
v 0.00900000 -0.01978243 0.02275901
v 0.00900000 -0.02156676 0.02156676
v 0.00900000 -0.02275901 0.01978243
v 0.00049983 0.01435136 0.00449681
v 0.00050199 0.01499520 0.00373637
v 0.00049991 -0.01434913 0.00449838
v 0.00050199 -0.01499520 0.00373637
v 0.00049794 -0.01499747 -0.00373282
v 0.00049836 -0.01434944 -0.00449838
v 0.00049990 0.01419209 -0.00449948
v 0.00050174 0.01499302 -0.00386516
v 0.00600000 -0.00114805 0.02777164
v 0.00600000 0.00000000 0.02800000
v 0.00600000 -0.00212132 0.02712132
v 0.00600000 0.00277164 0.02614805
v 0.00600000 -0.00277164 0.02614805
v 0.00600000 0.00212132 0.02712132
v 0.00600000 0.00114805 0.02777164
v 0.00050000 -0.00277164 0.02614805
v 0.00050000 -0.00212132 0.02712132
v 0.00050000 -0.00114805 0.02777164
v 0.00050000 0.00000000 0.02800000
v 0.00050000 0.00114805 0.02777164
v 0.00050000 0.00212132 0.02712132
v 0.00050000 0.00277164 0.02614805
v 0.00300000 0.02072647 0.01894053
v 0.00300000 0.02001112 0.02001112
v 0.00300000 0.01894053 0.02072647
v 0.00300000 0.01767767 0.02097767
v 0.00300000 0.01641482 0.02072647
v 0.00300000 0.01534422 0.02001112
v 0.00300000 0.01462887 0.01894053
v 0.00300000 0.02275901 0.01978243
v 0.00300000 0.02156676 0.02156676
v 0.00300000 0.01978243 0.02275901
v 0.00300000 0.01767767 0.02317767
v 0.00300000 0.01557291 0.02275901
v 0.00300000 0.01259633 0.01978243
v 0.00300000 0.01378858 0.02156676
v 0.00900000 0.02275901 0.01978243
v 0.00900000 0.02156676 0.02156676
v 0.00900000 0.01978243 0.02275901
v 0.00900000 0.01767767 0.02317767
v 0.00900000 0.01557291 0.02275901
v 0.00900000 0.01378858 0.02156676
v 0.00900000 0.01259633 0.01978243
v 0.00300000 0.02072647 -0.01641482
v 0.00300000 0.02001112 -0.01534422
v 0.00300000 0.01894053 -0.01462887
v 0.00300000 0.01767767 -0.01437767
v 0.00300000 0.01641482 -0.01462887
v 0.00300000 0.01534422 -0.01534422
v 0.00300000 0.01462887 -0.01641482
v 0.00300000 0.02275901 -0.01557291
v 0.00300000 0.02156676 -0.01378858
v 0.00300000 0.01978243 -0.01259633
v 0.00300000 0.01767767 -0.01217767
v 0.00300000 0.01259633 -0.01557291
v 0.00300000 0.01557291 -0.01259633
v 0.00300000 0.01378858 -0.01378858
v 0.01950000 0.02309713 -0.01673986
v 0.00300000 -0.01462887 -0.01641482
v 0.00300000 -0.01534422 -0.01534422
v 0.00300000 -0.01641482 -0.01462887
v 0.00300000 -0.01767767 -0.01437767
v 0.00300000 -0.01894053 -0.01462887
v 0.00300000 -0.02001112 -0.01534422
v 0.00300000 -0.02072647 -0.01641482
v 0.01950000 0.01173367 -0.01580179
v 0.01950000 -0.01173367 -0.01580179
v 0.00530000 0.01419173 -0.03949974
v 0.00899719 0.01435933 -0.03949647
v 0.00530000 0.01498820 -0.03886442
v 0.00900094 0.01499760 -0.03872978
v 0.00900086 -0.01419172 -0.03949973
v 0.00530000 -0.01435236 -0.03949682
v 0.00530000 -0.01499522 -0.03873659
v 0.00899614 -0.01499315 -0.03886365
v 0.00530000 -0.01499381 -0.03114342
v 0.00900164 -0.01499534 -0.03126543
v 0.00530000 -0.01419173 -0.03050026
v 0.00899719 -0.01435934 -0.03050353
v 0.00900085 0.01419172 -0.03050027
v 0.00530000 0.01435236 -0.03050318
v 0.00530000 0.01499753 -0.03126814
v 0.00899373 0.01498707 -0.03112858
v 0.00530000 0.00737620 -0.03734543
v 0.00530000 0.00798589 -0.03721139
v -0.00199717 0.02218813 -0.03074151
v -0.00199997 0.02134609 -0.02784836
v -0.00200458 0.02030759 -0.02508747
v -0.00200000 -0.02134627 -0.02784888
v -0.00201932 -0.02222454 -0.03077477
v -0.00199856 -0.02356195 -0.03154706
v -0.00200780 0.02355263 -0.03154535
v 0.00848064 0.02559434 -0.00984180
v 0.00850000 0.02484984 -0.00925719
v 0.00847778 0.02390909 -0.00914418
v 0.00847416 0.02304689 -0.00962019
v 0.00850000 0.02269401 -0.01015017
v 0.00848064 0.03445889 -0.04292476
v 0.00850000 0.03371439 -0.04234016
v 0.00847778 0.03277365 -0.04222714
v 0.00847416 0.03191144 -0.04270314
v 0.00850000 0.03155856 -0.04323313
v 0.00848064 0.01024049 -0.06714319
v 0.00850000 0.00949598 -0.06655856
v 0.00847778 0.00855524 -0.06644554
v 0.00847416 0.00769304 -0.06692156
v 0.00850000 0.00734015 -0.06745154
v 0.00848064 -0.02284248 -0.05827862
v 0.00850000 -0.02358698 -0.05769401
v 0.00847778 -0.02452772 -0.05758099
v 0.00847416 -0.02538993 -0.05805700
v 0.00850000 -0.02574281 -0.05858698
v 0.00848064 -0.03170703 -0.02519566
v 0.00850000 -0.03245153 -0.02461105
v 0.00847778 -0.03339227 -0.02449803
v 0.00847417 -0.03425448 -0.02497404
v 0.00850000 -0.03460736 -0.02550402
v 0.00800000 0.03176777 -0.03323223
v 0.00800000 0.03000000 -0.03250000
v 0.00800000 0.03230970 -0.03404329
v 0.00800000 0.03095671 -0.03269030
v 0.00799997 0.02858744 -0.03288766
v 0.00800000 0.02769030 -0.03404329
v 0.01950000 0.02831551 -0.02692895
v 0.01950000 0.02620628 -0.02157835
v 0.01950068 0.00755284 -0.06349766
v 0.01950000 0.01596595 -0.05973861
v 0.01950000 0.02266194 -0.05379752
v 0.01950000 0.02726317 -0.04611890
v 0.00350262 0.00755103 -0.06349622
v 0.00500000 0.00938563 -0.06231901
v 0.00500000 0.00984226 -0.06145998
v 0.01950000 -0.02775462 -0.02517192
v 0.01950000 -0.02944133 -0.03465595
v 0.01950000 -0.02797671 -0.04417681
v 0.01950000 -0.02351753 -0.05271541
v 0.01950000 -0.01654110 -0.05935780
v 0.01950000 -0.01984338 -0.00927273
v 0.01950000 -0.02081958 -0.00781175
v 0.01950000 -0.02228057 -0.00683555
v 0.01950000 -0.02400392 -0.00649275
v 0.01950000 -0.02572727 -0.00683555
v 0.00905165 -0.02640776 -0.00718172
v 0.00912508 0.02626979 -0.00708945
v 0.01950000 0.02572727 -0.00683555
v 0.01950000 0.02400392 -0.00649275
v 0.01950000 0.02228057 -0.00683555
v 0.01950000 0.02081958 -0.00781175
v 0.01950000 0.01984338 -0.00927273
v 0.01950000 0.00409163 -0.01287516
v 0.01950000 -0.00409163 -0.01287516
v 0.00500000 -0.02250719 -0.03371920
v 0.00351715 -0.02812356 -0.03004708
v 0.00500000 -0.02828606 -0.03018454
v 0.00350000 -0.01646987 -0.05940601
v 0.00500000 -0.01646987 -0.05940601
v 0.00350000 -0.02341363 -0.05285251
v 0.00500000 -0.02341363 -0.05285251
v 0.00350000 -0.02789521 -0.04442164
v 0.00500000 -0.02789521 -0.04442164
v 0.00500000 0.02927216 -0.03137625
v 0.00350000 0.02858576 -0.04205438
v 0.00500000 0.02858576 -0.04205438
v 0.00350000 0.02925984 -0.03171797
v 0.00350000 0.02437368 -0.05151768
v 0.00500000 0.02437368 -0.05151768
v 0.00350000 0.01714491 -0.05893663
v 0.00500000 0.01714491 -0.05893663
v 0.00351113 0.02762128 -0.02994300
v 0.00500000 0.02840035 -0.03025566
v 0.00350904 0.02885994 -0.03067853
v 0.00900279 0.02208212 0.00636625
v 0.00049975 0.02207431 0.00635751
v 0.00050000 0.02588202 0.00892047
v 0.00900000 0.02588202 0.00892047
v 0.00050000 0.02824255 0.01198704
v 0.00900000 0.02824255 0.01198704
v 0.00049591 0.02959240 0.01593546
v 0.00900235 0.02972100 0.01627451
v 0.00900000 0.03285088 0.01675870
v -0.00200000 0.03234281 0.01710887
v 0.00899820 0.03187804 0.01729501
v -0.00201259 0.03140869 0.01733331
v -0.00200000 0.03042018 0.01700568
v -0.00200960 0.02968826 0.01632000
v 0.00901041 0.03049822 0.01708287
v 0.00900000 0.03489922 -0.01229000
v 0.00900000 0.03606135 -0.00828126
v -0.00200605 0.03481028 -0.01256718
v -0.00200000 0.03606135 -0.00828126
v 0.00900000 0.03676459 -0.00416715
v -0.00200000 0.03676459 -0.00416715
v -0.00200000 0.03215769 -0.01343367
v -0.00199087 0.03119101 -0.01274482
v 0.00899075 0.03290445 -0.01365266
v -0.00200201 0.03317402 -0.01364749
v 0.00900000 0.03397730 -0.01337773
v -0.00200000 0.03407957 -0.01331741
v 0.00900000 0.03453849 -0.01291882
v 0.00050326 0.02150837 -0.00241848
v 0.00900140 0.02150496 -0.00245310
v 0.00899990 0.02151642 0.00542013
v 0.00049417 0.02150761 0.00534578
v -0.00199478 -0.03479845 -0.01258206
v 0.00900000 -0.03489922 -0.01229000
v 0.00900000 -0.03453849 -0.01291882
v -0.00200000 -0.03407957 -0.01331741
v 0.00900000 -0.03397730 -0.01337773
v -0.00200201 -0.03317402 -0.01364749
v 0.00899332 -0.03290529 -0.01365271
v -0.00200000 -0.03215769 -0.01343367
v -0.00199088 -0.03119102 -0.01274484
v 0.00900000 -0.03327405 0.01618141
v 0.00900000 -0.03634189 0.00694747
v -0.00200000 -0.03676459 -0.00416715
v 0.00900000 -0.03689640 -0.00276695
v -0.00200000 -0.03606135 -0.00828126
v 0.00050052 -0.02959183 0.01593245
v 0.00900169 -0.02972095 0.01627437
v -0.00202026 -0.03022410 0.01688231
v 0.00901041 -0.03049822 0.01708287
v -0.00201259 -0.03140869 0.01733331
v 0.00899820 -0.03187804 0.01729501
v -0.00200000 -0.03234281 0.01710887
v 0.00900000 -0.03285088 0.01675870
v 0.00900000 -0.02824255 0.01198704
v 0.00050000 -0.02824255 0.01198704
v 0.00050000 -0.02588202 0.00892047
v 0.00900000 -0.02588202 0.00892047
v 0.00900245 -0.02207857 0.00636383
v 0.00050230 -0.02207759 0.00635979
v 0.00050006 -0.02150871 0.00540378
v 0.00899446 -0.02151433 0.00536151
v 0.00050303 -0.02150864 -0.00242281
v 0.00900350 -0.02150506 -0.00245502
v -0.00201509 0.02823819 0.01580182
v -0.00200519 -0.02987484 -0.01247587
v -0.00200519 0.02987484 -0.01247587
v -0.00200611 -0.02900874 0.01589656
v 0.01950000 -0.01856998 -0.04269194
v 0.01950000 -0.01421285 -0.04921285
v 0.01950000 -0.00769194 -0.05356998
v 0.01950000 0.00000000 -0.05510000
v 0.01950000 0.00769194 -0.05356998
v 0.01950000 0.01421285 -0.04921285
v 0.01950000 0.01856998 -0.04269194
v 0.01950000 0.01765789 -0.02539745
v 0.02000000 0.01802882 -0.02503398
v 0.01950000 0.01979678 -0.01260230
v 0.02000000 0.02052079 -0.01296952
v 0.02000000 0.01906391 -0.02401969
v 0.01950000 0.01943248 -0.02365853
v 0.01950000 0.02078729 -0.04361038
v 0.01950000 0.01590990 -0.05090991
v 0.01950000 0.00861038 -0.05578729
v 0.01950000 0.00000000 -0.05750000
v 0.01950000 -0.00861038 -0.05578729
v 0.01950000 -0.01590990 -0.05090991
v 0.01950000 -0.02078729 -0.04361038
v -0.00199953 0.02494212 -0.03131821
v 0.00050000 0.00300000 0.02500000
v 0.00050000 0.00277164 0.02385195
v 0.00050000 0.00212132 0.02287868
v 0.00050000 0.00114805 0.02222836
v 0.00050000 0.00000000 0.02200000
v 0.00050000 -0.00114805 0.02222836
v 0.00050000 -0.00212132 0.02287868
v 0.00050000 -0.00277164 0.02385195
v 0.00050000 -0.00300000 0.02500000
v 0.00900000 -0.02275901 0.01557291
v 0.00900000 -0.02317767 0.01767767
v 0.00900000 -0.02156676 0.01378858
v 0.00900000 -0.01978243 0.01259633
v 0.00900000 -0.01767767 0.01217767
v 0.00900000 -0.01557291 0.01259633
v 0.00900000 -0.01378858 0.01378858
v 0.00900000 -0.01259633 0.01557291
v 0.00900000 -0.01217767 0.01767767
v 0.00900000 0.01217767 0.01767767
v 0.00900000 0.01259633 0.01557291
v 0.00900000 0.01378858 0.01378858
v 0.00900000 0.01557291 0.01259633
v 0.00900000 0.01767767 0.01217767
v 0.00900000 0.01978243 0.01259633
v 0.00900000 0.02156676 0.01378858
v 0.00900000 0.02275901 0.01557291
v 0.00900000 0.02317767 0.01767767
v 0.00350058 -0.02928559 -0.03154372
v 0.01950000 0.03250000 -0.03500000
v 0.01950000 0.03233331 -0.03410241
v 0.01950000 0.03185547 -0.03332452
v 0.01950000 0.03113020 -0.03277006
v 0.01950000 0.03025422 -0.03251296
v 0.02000000 0.02979339 -0.03200712
v 0.01950000 0.02934434 -0.03258751
v 0.00050000 -0.02078729 -0.04361038
v 0.00050000 -0.01590990 -0.05090991
v 0.00050000 -0.00861038 -0.05578729
v 0.00050000 0.00000000 -0.05750000
v 0.00050000 0.00861038 -0.05578729
v 0.00050000 0.01590990 -0.05090991
v 0.00050000 0.02078729 -0.04361038
v -0.00200000 0.03700000 0.00000000
v -0.00200000 0.03532820 0.01099629
v -0.00000000 0.01782775 -0.04273464
v 0.00950000 0.01782775 -0.04273464
v -0.00000000 0.01739420 -0.04208579
v 0.00950000 0.01739420 -0.04208579
v -0.00000000 0.01674535 -0.04165224
v 0.00950000 0.01674535 -0.04165224
v 0.00500000 -0.02926021 -0.03140966
v 0.00500000 0.02078729 -0.04361038
v 0.00500000 0.01590990 -0.05090991
v 0.00500000 0.00861038 -0.05578729
v 0.00500000 0.00000000 -0.05750000
v 0.00500000 -0.00861038 -0.05578729
v 0.00500000 -0.01590990 -0.05090991
v 0.00500000 -0.02078729 -0.04361038
v 0.01950000 -0.01979678 -0.01260230
v 0.00950000 -0.01979678 -0.01260230
v 0.00950000 0.01000000 -0.06050000
v 0.00950000 0.00977164 -0.05935195
v 0.00500000 0.01000000 -0.06050000
v 0.00500000 0.00977164 -0.05935195
v 0.00950000 0.00912132 -0.05837869
v 0.00500000 0.00912132 -0.05837869
v 0.00950000 0.00814805 -0.05772837
v 0.00500000 0.00814805 -0.05772837
v 0.01950000 -0.01943248 -0.02365853
v 0.00950000 -0.01943248 -0.02365853
v 0.00950000 -0.02078729 -0.04361038
v 0.00950000 -0.01590990 -0.05090991
v 0.00950000 -0.00861038 -0.05578729
v 0.00950000 0.00000000 -0.05750000
v 0.00950000 0.00861038 -0.05578729
v 0.00950000 0.01590990 -0.05090991
v 0.00950000 0.02078729 -0.04361038
v 0.00799998 0.02749307 -0.03547753
v 0.00799979 0.02858744 -0.03711234
v 0.00950000 0.02934434 -0.03741249
v 0.00800000 0.03000000 -0.03750000
v 0.01950000 0.02934434 -0.03741249
v 0.01950000 0.03025422 -0.03748704
v 0.00800000 0.03095671 -0.03730970
v 0.01950000 0.03113020 -0.03722994
v 0.00800000 0.03176777 -0.03676777
v 0.01950000 0.03185547 -0.03667548
v 0.00800000 0.03230970 -0.03595671
v 0.01950000 0.03233331 -0.03589759
v 0.00800000 0.03250000 -0.03500000
v 0.02000000 -0.03473848 -0.02640255
v 0.00850000 -0.03473296 -0.02613545
v 0.00850000 -0.03460736 -0.02676688
v 0.02000000 -0.03406473 -0.02749494
v 0.00847453 -0.03425637 -0.02729567
v 0.00850000 -0.03371439 -0.02765985
v 0.02000000 -0.03281587 -0.02779097
v 0.00848060 -0.03308264 -0.02778523
v 0.00850000 -0.03245153 -0.02765985
v 0.02000000 -0.03191623 -0.02730218
v 0.00847417 -0.03190779 -0.02729268
v 0.00850000 -0.03155856 -0.02676688
v 0.02000000 -0.03144833 -0.02646060
v 0.00850000 -0.03143296 -0.02613545
v 0.00750858 -0.03308296 -0.02613545
v 0.02000000 -0.02586841 -0.05921841
v 0.02000000 -0.02564569 -0.06009872
v 0.00850000 -0.02586841 -0.05921841
v 0.00850000 -0.02574281 -0.05984984
v 0.00847453 -0.02539182 -0.06037863
v 0.02000000 -0.02460517 -0.06085012
v 0.00850000 -0.02484984 -0.06074281
v 0.00848060 -0.02421809 -0.06086819
v 0.02000000 -0.02358698 -0.06074281
v 0.00850000 -0.02358698 -0.06074281
v 0.02000000 -0.02305168 -0.06038513
v 0.00847416 -0.02304324 -0.06037564
v 0.00850000 -0.02269401 -0.05984984
v 0.02000000 -0.02258378 -0.05954356
v 0.00850000 -0.02256841 -0.05921841
v 0.00750858 -0.02421841 -0.05921841
v 0.02000000 0.00720903 -0.06835006
v 0.00850000 0.00721455 -0.06808297
v 0.00850000 0.00734015 -0.06871439
v 0.02000000 0.00769783 -0.06924969
v 0.00847453 0.00769115 -0.06924319
v 0.02000000 0.00847777 -0.06971467
v 0.00850000 0.00823313 -0.06960736
v 0.00848060 0.00886487 -0.06973274
v 0.02000000 0.00949598 -0.06960736
v 0.00850000 0.00949598 -0.06960736
v 0.02000000 0.01003128 -0.06924969
v 0.00847416 0.01003973 -0.06924020
v 0.00850000 0.01038895 -0.06871439
v 0.02000000 0.01049918 -0.06840810
v 0.00850000 0.01051455 -0.06808297
v 0.00750858 0.00886455 -0.06808297
v 0.02000000 0.03143296 -0.04386455
v 0.02000000 0.03165567 -0.04474486
v 0.00850000 0.03143296 -0.04386455
v 0.00850000 0.03155856 -0.04449598
v 0.00847453 0.03190956 -0.04502477
v 0.02000000 0.03269618 -0.04549627
v 0.00850000 0.03245153 -0.04538896
v 0.00848060 0.03308328 -0.04551433
v 0.02000000 0.03371439 -0.04538896
v 0.00850000 0.03371439 -0.04538896
v 0.02000000 0.03424969 -0.04503128
v 0.00847416 0.03425813 -0.04502179
v 0.00850000 0.03460736 -0.04449598
v 0.02000000 0.03471759 -0.04418970
v 0.00850000 0.03473296 -0.04386455
v 0.00750858 0.03308296 -0.04386455
v 0.02000000 0.02256289 -0.01104869
v 0.00850000 0.02256841 -0.01078159
v 0.00850000 0.02269401 -0.01141302
v 0.02000000 0.02323665 -0.01214109
v 0.00847453 0.02304500 -0.01194181
v 0.00850000 0.02358698 -0.01230599
v 0.02000000 0.02448550 -0.01243711
v 0.00848060 0.02421873 -0.01243137
v 0.00850000 0.02484984 -0.01230599
v 0.02000000 0.02538514 -0.01194832
v 0.00847416 0.02539358 -0.01193883
v 0.00850000 0.02574281 -0.01141302
v 0.02000000 0.02585304 -0.01110674
v 0.00850000 0.02586841 -0.01078159
v 0.00750858 0.02421841 -0.01078159
v 0.00300000 -0.02097767 -0.01767767
v 0.00300000 -0.02072647 -0.01894053
v 0.00000000 -0.02097767 -0.01767767
v 0.00000000 -0.02072647 -0.01894053
v 0.00300000 -0.02001112 -0.02001112
v -0.00000000 -0.02001112 -0.02001112
v 0.00300000 -0.01894053 -0.02072647
v -0.00000000 -0.01894053 -0.02072647
v 0.00300000 -0.01767767 -0.02097767
v -0.00000000 -0.01767767 -0.02097767
v -0.00000000 -0.01641482 -0.02072647
v 0.00300000 -0.01641482 -0.02072647
v 0.00300000 -0.01534422 -0.02001112
v -0.00000000 -0.01534422 -0.02001112
v 0.00300000 -0.01462887 -0.01894053
v -0.00000000 -0.01462887 -0.01894053
v 0.00300000 -0.01437767 -0.01767767
v -0.00000000 -0.01437767 -0.01767767
v 0.00950000 0.01217767 -0.01767767
v 0.00950000 0.01259633 -0.01978243
v 0.00300000 0.01217767 -0.01767767
v 0.00300000 0.01259633 -0.01978243
v 0.00950000 0.01378858 -0.02156676
v 0.00300000 0.01378858 -0.02156676
v 0.00300000 0.01557291 -0.02275901
v 0.00950000 0.01557291 -0.02275901
v 0.00950000 0.01767767 -0.02317767
v 0.00300000 0.01767767 -0.02317767
v 0.00950000 0.01978243 -0.02275901
v 0.00300000 0.01978243 -0.02275901
v 0.00950000 0.02156676 -0.02156676
v 0.00300000 0.02156676 -0.02156676
v 0.00300000 0.02275901 -0.01978243
v 0.00950000 0.02275901 -0.01978243
v 0.00300000 0.02317767 -0.01767767
v 0.00300000 0.01437767 -0.01767767
v 0.00300000 0.01462887 -0.01894053
v -0.00000000 0.01437767 -0.01767767
v -0.00000000 0.01462887 -0.01894053
v 0.00300000 0.01534422 -0.02001112
v -0.00000000 0.01534422 -0.02001112
v 0.00300000 0.01641482 -0.02072647
v -0.00000000 0.01641482 -0.02072647
v 0.00300000 0.01767767 -0.02097767
v -0.00000000 0.01767767 -0.02097767
v -0.00000000 0.01894053 -0.02072647
v 0.00300000 0.01894053 -0.02072647
v 0.00300000 0.02001112 -0.02001112
v -0.00000000 0.02001112 -0.02001112
v 0.00300000 0.02072647 -0.01894053
v -0.00000000 0.02072647 -0.01894053
v 0.00300000 0.02097767 -0.01767767
v -0.00000000 0.02097767 -0.01767767
v 0.00300000 0.01217767 0.01767767
v 0.00300000 0.01259633 0.01557291
v 0.00300000 0.01378858 0.01378858
v 0.00300000 0.01557291 0.01259633
v 0.00300000 0.01767767 0.01217767
v 0.00300000 0.01978243 0.01259633
v 0.00300000 0.02156676 0.01378858
v 0.00300000 0.02275901 0.01557291
v 0.00300000 0.02317767 0.01767767
v 0.00300000 0.01437767 0.01767767
v 0.00300000 0.01462887 0.01641482
v 0.00000000 0.01437767 0.01767767
v 0.00000000 0.01462887 0.01641482
v 0.00300000 0.01534422 0.01534422
v -0.00000000 0.01534422 0.01534422
v 0.00300000 0.01641482 0.01462887
v -0.00000000 0.01641482 0.01462887
v 0.00300000 0.01767767 0.01437767
v -0.00000000 0.01767767 0.01437767
v -0.00000000 0.01894053 0.01462887
v 0.00300000 0.01894053 0.01462887
v 0.00300000 0.02001112 0.01534422
v -0.00000000 0.02001112 0.01534422
v 0.00300000 0.02072647 0.01641482
v -0.00000000 0.02072647 0.01641482
v 0.00300000 0.02097767 0.01767767
v -0.00000000 0.02097767 0.01767767
v 0.00600000 0.00300000 0.02500000
v 0.00600000 0.00277164 0.02385195
v 0.00600000 0.00212132 0.02287868
v 0.00600000 0.00114805 0.02222836
v 0.00600000 0.00000000 0.02200000
v 0.00600000 -0.00114805 0.02222836
v 0.00600000 -0.00212132 0.02287868
v 0.00600000 -0.00277164 0.02385195
v 0.00600000 -0.00300000 0.02500000
v 0.00950000 -0.01073524 0.00031677
v 0.00370000 -0.01070887 -0.00018753
v 0.00950000 -0.01080798 -0.00042681
v 0.00370000 -0.01122031 -0.00078841
v 0.00950000 -0.01145669 -0.00083543
v 0.00370000 -0.01212136 -0.00056011
v 0.00950000 -0.01228210 -0.00032396
v 0.00370000 -0.01225526 0.00035972
v 0.00950000 0.01226476 0.00031677
v 0.00370000 0.01234654 -0.00000000
v 0.00950000 0.01217829 -0.00045076
v 0.00370000 0.01194894 -0.00067189
v 0.00950000 0.01154331 -0.00083543
v 0.00370000 0.01122031 -0.00078841
v 0.00950000 0.01084085 -0.00047601
v 0.00370000 0.01066457 -0.00004331
v 0.00950000 0.01071159 0.00027969
v 0.00300000 -0.02317767 0.01767767
v 0.00300000 -0.02275901 0.01557291
v 0.00300000 -0.02156676 0.01378858
v 0.00300000 -0.01978243 0.01259633
v 0.00300000 -0.01767767 0.01217767
v 0.00300000 -0.01557291 0.01259633
v 0.00300000 -0.01378858 0.01378858
v 0.00300000 -0.01259633 0.01557291
v 0.00300000 -0.01217767 0.01767767
v 0.00300000 -0.02097767 0.01767767
v 0.00300000 -0.02072647 0.01641482
v 0.00000000 -0.02097767 0.01767767
v 0.00000000 -0.02072647 0.01641482
v 0.00300000 -0.02001112 0.01534422
v 0.00000000 -0.02001112 0.01534422
v 0.00300000 -0.01894053 0.01462887
v 0.00000000 -0.01894053 0.01462887
v 0.00300000 -0.01767767 0.01437767
v 0.00000000 -0.01767767 0.01437767
v 0.00000000 -0.01641482 0.01462887
v 0.00300000 -0.01641482 0.01462887
v 0.00300000 -0.01534422 0.01534422
v 0.00000000 -0.01534422 0.01534422
v 0.00300000 -0.01462887 0.01641482
v 0.00000000 -0.01462887 0.01641482
v 0.00300000 -0.01437767 0.01767767
v 0.00000000 -0.01437767 0.01767767
v 0.00950000 -0.01774573 -0.04443923
v -0.00000000 -0.01327320 -0.05009411
v -0.00000000 -0.01774573 -0.04443923
v -0.00000000 -0.00709290 -0.05380694
v -0.00000000 -0.00000000 -0.05510000
v -0.00000000 0.00709290 -0.05380694
v -0.00000000 0.01327320 -0.05009411
v 0.00950000 0.01765789 -0.02539745
v -0.00000000 0.01065990 -0.03516711
v 0.00530000 0.01069670 -0.03484021
v 0.00530000 0.01091468 -0.03558532
v -0.00000000 0.01161914 -0.03586035
v 0.00530000 0.01182395 -0.03578210
v -0.00000000 0.01230330 -0.03515979
v 0.00530000 0.01234045 -0.03478084
v -0.00000000 -0.01226476 -0.03468323
v 0.00530000 -0.01230330 -0.03484021
v -0.00000000 -0.01217829 -0.03545076
v 0.00530000 -0.01208532 -0.03558532
v -0.00000000 -0.01150000 -0.03584654
v 0.00530000 -0.01117605 -0.03578210
v -0.00000000 -0.01080798 -0.03542681
v 0.00530000 -0.01065955 -0.03478084
v -0.00000000 -0.01073524 -0.03468323
v 0.00351359 -0.02633796 -0.03013618
v 0.00500000 -0.02668083 -0.02997466
v 0.00300000 -0.02706930 -0.02944916
v -0.00200302 -0.02494293 -0.03131745
v 0.00300000 -0.03918204 -0.00804786
v 0.00950000 -0.02275901 -0.01978243
v 0.00300000 -0.02317767 -0.01767767
v 0.00300000 -0.02275901 -0.01978243
v 0.00950000 -0.02156676 -0.02156676
v 0.00300000 -0.02156676 -0.02156676
v 0.00300000 -0.01978243 -0.02275901
v 0.00950000 -0.01978243 -0.02275901
v 0.00950000 -0.01767767 -0.02317767
v 0.00300000 -0.01767767 -0.02317767
v 0.00950000 -0.01557291 -0.02275901
v 0.00300000 -0.01557291 -0.02275901
v 0.00950000 -0.01378858 -0.02156676
v 0.00300000 -0.01378858 -0.02156676
v 0.00300000 -0.01259633 -0.01978243
v 0.00950000 -0.01259633 -0.01978243
v 0.00950000 -0.01217767 -0.01767767
v 0.00300000 -0.01217767 -0.01767767
v 0.00900047 0.03160061 -0.01305767
v 0.00950000 0.03220274 -0.01399081
v 0.00048449 0.03151039 -0.01294931
v 0.00950000 0.03818648 -0.03050609
v -0.00000000 -0.00919201 -0.03799954
v 0.00530000 -0.00935565 -0.03799447
v 0.00370000 -0.00919201 0.00299954
v 0.00950000 -0.00935565 0.00299447
v -0.00200054 0.02691950 0.01647253
v -0.00199784 -0.02734257 0.01602462
v -0.00199462 -0.02868251 -0.01314517
v -0.00000059 -0.02376854 -0.03155009
v -0.00000000 -0.00998072 -0.03737488
v -0.00000000 -0.01150000 -0.03415347
v -0.00000000 -0.00998955 -0.03263747
v 0.00003791 -0.03064349 -0.01251024
v 0.00000000 -0.02072647 -0.01641482
v -0.00000000 -0.00919247 -0.03200078
v 0.00000000 -0.02001112 -0.01534422
v 0.00000000 -0.01894053 -0.01462887
v -0.00000000 0.00751411 -0.03721139
v -0.00000000 0.00809496 -0.03732694
v 0.00000000 -0.01767767 -0.01437767
v -0.00000000 0.00999300 -0.03721335
v -0.00000000 0.00951743 -0.03789677
v -0.00000000 0.00998955 -0.03263747
v -0.00000000 0.01104497 -0.03431899
v -0.00000000 0.01197588 -0.03428780
v 0.00000000 -0.01641482 -0.01462887
v -0.00000000 -0.01534422 -0.01534422
v -0.00000000 -0.01462887 -0.01641482
v 0.00001917 -0.02910949 0.01594932
v -0.00000059 0.02376854 -0.03155009
v -0.00000000 0.00919193 -0.03200040
v 0.00000000 -0.02072647 0.01894053
v -0.00000000 0.01462887 -0.01641482
v 0.00000000 -0.01767767 0.02097767
v 0.00000000 -0.01641482 0.02072647
v 0.00000000 -0.01894053 0.02072647
v 0.00000000 -0.02001112 0.02001112
v -0.00000000 0.01534422 -0.01534422
v -0.00000000 0.01641482 -0.01462887
v -0.00000000 0.02072647 -0.01641482
v -0.00000000 0.01767767 -0.01437767
v -0.00000000 0.02001112 -0.01534422
v -0.00000000 0.01894053 -0.01462887
v 0.00003792 0.03064351 -0.01251024
v 0.00000000 -0.01534422 0.02001112
v 0.00000000 -0.01462887 0.01894053
v 0.00000000 0.01462887 0.01894053
v 0.00000000 0.01534422 0.02001112
v 0.00000000 0.01641482 0.02072647
v -0.00000000 0.02072647 0.01894053
v -0.00000000 0.02001112 0.02001112
v 0.00000000 0.01894053 0.02072647
v 0.00000000 0.01767767 0.02097767
v 0.00000424 0.02906840 0.01588454
v 0.00950000 -0.00757632 -0.05751403
v 0.00500000 -0.00805461 -0.05769148
v 0.00950000 -0.00897459 -0.05824146
v 0.00500000 -0.00897459 -0.05824146
v 0.00950000 -0.00964252 -0.05907975
v 0.00500000 -0.00964252 -0.05907975
v 0.00950000 -0.00997312 -0.06009934
v 0.00500000 -0.00997312 -0.06009934
v 0.00950000 -0.00992421 -0.06117007
v 0.00500000 -0.00992421 -0.06117007
v 0.00950000 -0.00950202 -0.06215527
v 0.00500000 -0.00950202 -0.06215527
v 0.00950000 -0.00876045 -0.06292916
v 0.00500035 -0.00848992 -0.06309175
v 0.00300000 0.02706930 -0.02944916
v 0.00300000 0.03918204 -0.00804786
v 0.02000000 -0.02560418 -0.05829246
v 0.02000000 -0.02389326 -0.05758379
v 0.02000000 -0.02305168 -0.05805168
v 0.02000000 -0.02484984 -0.05769401
v 0.02000000 -0.02269401 -0.05858698
v 0.02000000 0.00747878 -0.06715703
v 0.02000000 -0.03446873 -0.02520950
v 0.02000000 -0.03371439 -0.02461105
v 0.02000000 0.00823313 -0.06655856
v 0.02000000 0.00918970 -0.06644833
v 0.02000000 0.01003128 -0.06691624
v 0.02000000 -0.02787951 -0.02407588
v 0.02000000 -0.03155856 -0.02550402
v 0.02000000 -0.03191623 -0.02496872
v 0.02000000 -0.03275781 -0.02450082
v 0.02000000 0.01038895 -0.06745154
v 0.02000000 -0.02273299 -0.01551117
v 0.01999909 -0.02030224 -0.01282534
v 0.02000000 0.03169719 -0.04293861
v 0.02000000 0.03460736 -0.04323313
v 0.02000000 0.02979339 -0.03799288
v 0.02000000 0.03245153 -0.04234016
v 0.02000000 0.03340811 -0.04222993
v 0.02000000 0.03424969 -0.04269783
v 0.02000000 0.02273299 -0.01551117
v 0.02000000 0.02283264 -0.00985566
v 0.02000000 0.02358698 -0.00925719
v 0.02000000 0.02454356 -0.00914697
v 0.02000000 0.02574281 -0.01015017
v 0.02000000 0.02538514 -0.00961487
v 0.02000000 -0.01802882 -0.02503398
v 0.02000000 -0.01906391 -0.02401969
v 0.00950000 -0.03818648 -0.03050609
v 0.00950000 -0.03220274 -0.01399081
v 0.00899548 -0.03159857 -0.01305522
v 0.00048449 -0.03151037 -0.01294929
v 0.00300000 -0.01259633 -0.01557291
v 0.00950000 -0.01259752 -0.01557004
v 0.00300000 -0.01378858 -0.01378858
v 0.00950000 -0.01379298 -0.01378419
v 0.00300000 -0.01557291 -0.01259633
v 0.00950000 -0.01558153 -0.01259277
v 0.00300000 -0.01767767 -0.01217767
v 0.00950000 -0.01769010 -0.01217768
v 0.00300000 -0.01978243 -0.01259633
v 0.00300000 -0.02156676 -0.01378858
v 0.00950000 -0.02309713 -0.01673986
v 0.00300000 -0.02275901 -0.01557291
v 0.00950000 0.01943248 -0.02365853
v 0.01950000 -0.01765789 -0.02539745
v 0.00950000 -0.01765789 -0.02539745
v 0.00530000 -0.00999579 -0.03723544
v 0.00530000 -0.00999202 -0.03275685
v 0.00530000 -0.00935139 -0.03200249
v 0.00530000 0.00935473 -0.03200487
v 0.00530000 0.00999202 -0.03275685
v 0.00530000 0.00999579 -0.03723544
v 0.00530000 0.00944808 -0.03792839
v -0.00250098 0.03527067 -0.01285064
v -0.00250000 0.03739500 -0.00280434
v -0.00250000 0.03683300 0.00704135
v -0.00250000 0.03372370 0.01640008
v 0.00354580 0.02625572 -0.03019969
v 0.00500000 0.02675467 -0.02993576
v -0.00200047 0.02869840 -0.01313341
v 0.00530000 -0.01166711 -0.03415990
v 0.00530000 0.01133289 -0.03415990
v 0.02000000 -0.01136510 -0.01616295
v 0.02000000 -0.01033001 -0.01717724
v 0.02000000 0.01033001 -0.01717724
v 0.02000000 0.01136510 -0.01616295
v 0.00950000 0.00995908 -0.01754071
v 0.01950000 0.00995908 -0.01754071
v 0.01950000 -0.00995908 -0.01754071
v 0.00950000 -0.00995908 -0.01754071
v 0.00950000 -0.02524914 -0.00666833
v 0.00950000 -0.02359903 -0.00651099
v 0.00950000 -0.01980565 -0.00936680
v 0.00950000 -0.02200378 -0.00696130
v 0.00950000 -0.01173367 -0.01580179
v 0.00950000 -0.02067951 -0.00795827
v 0.00950000 -0.00409163 -0.01287516
v 0.00950000 -0.00998072 -0.00237488
v 0.00950000 -0.00919247 -0.00299922
v 0.00950000 -0.01206011 0.00062136
v 0.00950000 0.00409163 -0.01287516
v 0.00950000 -0.00999579 0.00223544
v 0.00950000 -0.01131247 0.00079113
v 0.00950000 0.01173367 -0.01580179
v 0.00950000 0.01259752 -0.01557004
v 0.00950000 0.01379298 -0.01378419
v 0.00950000 0.02934434 -0.03258751
v 0.00950000 0.00919175 -0.00299922
v 0.00950000 0.01558153 -0.01259277
v 0.00950000 0.00997637 -0.00242269
v 0.00950000 0.01950063 -0.01097549
v 0.00950000 0.01769010 -0.01217768
v 0.00950000 0.01979678 -0.01260230
v 0.00950000 0.00796000 0.00219096
v 0.00950000 0.00737893 0.00235291
v 0.00950000 0.01981164 -0.00935146
v 0.00950000 0.00999633 0.00220518
v 0.00950000 0.01150000 0.00084654
v 0.00950000 0.00949333 0.00291702
v 0.00950000 0.02068786 -0.00794916
v 0.00950000 0.02201116 -0.00695765
v 0.00950000 0.02360313 -0.00651062
v 0.00950000 0.02524914 -0.00666833
v 0.00950000 0.02309713 -0.01673986
v 0.00370000 -0.01498820 -0.00386442
v 0.00370000 -0.01419209 -0.00449949
v 0.00370000 -0.00999579 -0.00223544
v 0.00370000 -0.00935139 -0.00299752
v 0.00370000 -0.01499381 0.00385658
v 0.00370000 -0.01165765 0.00079255
v 0.00370000 -0.01419209 0.00449949
v 0.00370000 -0.00998072 0.00237488
v 0.00370000 -0.01090141 0.00059859
v 0.00370000 0.00923077 -0.00299807
v 0.00370000 0.01435017 -0.00449839
v 0.00370000 0.00998955 -0.00236253
v 0.00370000 0.00737620 0.00234543
v 0.00370000 0.00795408 0.00220532
v 0.00370000 0.01499522 -0.00373659
v 0.00370000 0.00999202 0.00224316
v 0.00370000 0.01114028 0.00075526
v 0.00370000 0.01192682 0.00069202
v 0.00370000 0.01419173 0.00449974
v 0.00370000 0.00947502 0.00290912
v 0.00370000 0.01499381 0.00385658
v 0.00300000 -0.01462887 0.01894053
v 0.00300000 -0.01534422 0.02001112
v 0.00300000 -0.01641482 0.02072647
v 0.00300000 -0.01767767 0.02097767
v 0.00300000 -0.01894053 0.02072647
v 0.00300000 -0.02001112 0.02001112
v 0.00300000 -0.02072647 0.01894053
v 0.00300000 -0.01259633 0.01978243
v 0.00300000 -0.01378858 0.02156676
v 0.00300000 -0.01557291 0.02275901
v 0.00300000 -0.01767767 0.02317767
v 0.00300000 -0.02275901 0.01978243
v 0.00300000 -0.01978243 0.02275901
v 0.00300000 -0.02156676 0.02156676
v 0.00900000 -0.01259633 0.01978243
v 0.00900000 -0.01378858 0.02156676
v 0.00900000 -0.01557291 0.02275901
v 0.00900000 -0.01767767 0.02317767
v 0.00900000 -0.01978243 0.02275901
v 0.00900000 -0.02156676 0.02156676
v 0.00900000 -0.02275901 0.01978243
v 0.00049983 0.01435136 0.00449681
v 0.00050199 0.01499520 0.00373637
v 0.00049991 -0.01434913 0.00449838
v 0.00050199 -0.01499520 0.00373637
v 0.00049794 -0.01499747 -0.00373282
v 0.00049836 -0.01434944 -0.00449838
v 0.00049990 0.01419209 -0.00449948
v 0.00050174 0.01499302 -0.00386516
v 0.00600000 -0.00114805 0.02777164
v 0.00600000 0.00000000 0.02800000
v 0.00600000 -0.00212132 0.02712132
v 0.00600000 0.00277164 0.02614805
v 0.00600000 -0.00277164 0.02614805
v 0.00600000 0.00212132 0.02712132
v 0.00600000 0.00114805 0.02777164
v 0.00050000 -0.00277164 0.02614805
v 0.00050000 -0.00212132 0.02712132
v 0.00050000 -0.00114805 0.02777164
v 0.00050000 0.00000000 0.02800000
v 0.00050000 0.00114805 0.02777164
v 0.00050000 0.00212132 0.02712132
v 0.00050000 0.00277164 0.02614805
v 0.00300000 0.02072647 0.01894053
v 0.00300000 0.02001112 0.02001112
v 0.00300000 0.01894053 0.02072647
v 0.00300000 0.01767767 0.02097767
v 0.00300000 0.01641482 0.02072647
v 0.00300000 0.01534422 0.02001112
v 0.00300000 0.01462887 0.01894053
v 0.00300000 0.02275901 0.01978243
v 0.00300000 0.02156676 0.02156676
v 0.00300000 0.01978243 0.02275901
v 0.00300000 0.01767767 0.02317767
v 0.00300000 0.01557291 0.02275901
v 0.00300000 0.01259633 0.01978243
v 0.00300000 0.01378858 0.02156676
v 0.00900000 0.02275901 0.01978243
v 0.00900000 0.02156676 0.02156676
v 0.00900000 0.01978243 0.02275901
v 0.00900000 0.01767767 0.02317767
v 0.00900000 0.01557291 0.02275901
v 0.00900000 0.01378858 0.02156676
v 0.00900000 0.01259633 0.01978243
v 0.00300000 0.02072647 -0.01641482
v 0.00300000 0.02001112 -0.01534422
v 0.00300000 0.01894053 -0.01462887
v 0.00300000 0.01767767 -0.01437767
v 0.00300000 0.01641482 -0.01462887
v 0.00300000 0.01534422 -0.01534422
v 0.00300000 0.01462887 -0.01641482
v 0.00300000 0.02275901 -0.01557291
v 0.00300000 0.02156676 -0.01378858
v 0.00300000 0.01978243 -0.01259633
v 0.00300000 0.01767767 -0.01217767
v 0.00300000 0.01259633 -0.01557291
v 0.00300000 0.01557291 -0.01259633
v 0.00300000 0.01378858 -0.01378858
v 0.00300000 -0.01462887 -0.01641482
v 0.00300000 -0.01534422 -0.01534422
v 0.00300000 -0.01641482 -0.01462887
v 0.00300000 -0.01767767 -0.01437767
v 0.00300000 -0.01894053 -0.01462887
v 0.00300000 -0.02001112 -0.01534422
v 0.00300000 -0.02072647 -0.01641482
v 0.01950000 0.01173367 -0.01580179
v 0.01950000 -0.01173367 -0.01580179
v 0.00530000 0.01419173 -0.03949974
v 0.00899719 0.01435933 -0.03949647
v 0.00530000 0.01498820 -0.03886442
v 0.00900094 0.01499760 -0.03872978
v 0.00900086 -0.01419172 -0.03949973
v 0.00530000 -0.01435236 -0.03949682
v 0.00530000 -0.01499522 -0.03873659
v 0.00899614 -0.01499315 -0.03886365
v 0.00530000 -0.01499381 -0.03114342
v 0.00900164 -0.01499534 -0.03126543
v 0.00530000 -0.01419173 -0.03050026
v 0.00899719 -0.01435934 -0.03050353
v 0.00900085 0.01419172 -0.03050027
v 0.00530000 0.01435236 -0.03050318
v 0.00530000 0.01499753 -0.03126814
v 0.00899373 0.01498707 -0.03112858
v 0.00530000 0.00737620 -0.03734543
v 0.00530000 0.00798589 -0.03721139
v 0.00848064 0.02559434 -0.00984180
v 0.00850000 0.02484984 -0.00925719
v 0.00847778 0.02390909 -0.00914418
v 0.00847416 0.02304689 -0.00962019
v 0.00850000 0.02269401 -0.01015017
v 0.00848064 0.03445889 -0.04292476
v 0.00850000 0.03371439 -0.04234016
v 0.00847778 0.03277365 -0.04222714
v 0.00847416 0.03191144 -0.04270314
v 0.00850000 0.03155856 -0.04323313
v 0.00848064 0.01024049 -0.06714319
v 0.00850000 0.00949598 -0.06655856
v 0.00847778 0.00855524 -0.06644554
v 0.00847416 0.00769304 -0.06692156
v 0.00850000 0.00734015 -0.06745154
v 0.00848064 -0.02284248 -0.05827862
v 0.00850000 -0.02358698 -0.05769401
v 0.00847778 -0.02452772 -0.05758099
v 0.00847416 -0.02538993 -0.05805700
v 0.00850000 -0.02574281 -0.05858698
v 0.00848064 -0.03170703 -0.02519566
v 0.00850000 -0.03245153 -0.02461105
v 0.00847778 -0.03339227 -0.02449803
v 0.00847417 -0.03425448 -0.02497404
v 0.00850000 -0.03460736 -0.02550402
v 0.00800000 0.03176777 -0.03323223
v 0.00800000 0.03000000 -0.03250000
v 0.00800000 0.03230970 -0.03404329
v 0.00800000 0.03095671 -0.03269030
v 0.00799997 0.02858744 -0.03288766
v 0.00800000 0.02769030 -0.03404329
v 0.01950000 -0.02775462 -0.02517192
v 0.01950000 -0.01984338 -0.00927273
v 0.01950000 -0.02081958 -0.00781175
v 0.01950000 -0.02228057 -0.00683555
v 0.01950000 -0.02400392 -0.00649275
v 0.01950000 -0.02572727 -0.00683555
v 0.01950000 0.02572727 -0.00683555
v 0.01950000 0.02400392 -0.00649275
v 0.01950000 0.02228057 -0.00683555
v 0.01950000 0.02081958 -0.00781175
v 0.01950000 0.01984338 -0.00927273
v 0.01950000 0.00409163 -0.01287516
v 0.01950000 -0.00409163 -0.01287516
v 0.00351715 -0.02812356 -0.03004708
v 0.00500000 -0.02828606 -0.03018454
v 0.00500000 0.02927216 -0.03137625
v 0.00350000 0.02858576 -0.04205438
v 0.00500000 0.02858576 -0.04205438
v 0.00350000 0.02925984 -0.03171797
v 0.00350000 0.02437368 -0.05151768
v 0.00500000 0.02437368 -0.05151768
v 0.00350000 0.01714491 -0.05893663
v 0.00500000 0.01714491 -0.05893663
v 0.00351113 0.02762128 -0.02994300
v 0.00500000 0.02840035 -0.03025566
v 0.00350904 0.02885994 -0.03067853
v 0.00900279 0.02208212 0.00636625
v 0.00049975 0.02207431 0.00635751
v 0.00049591 0.02959240 0.01593546
v 0.00900235 0.02972100 0.01627451
v 0.00900000 0.03285088 0.01675870
v 0.00899820 0.03187804 0.01729501
v -0.00200960 0.02968826 0.01632000
v 0.00901041 0.03049822 0.01708287
v -0.00200000 0.03606135 -0.00828126
v -0.00199087 0.03119101 -0.01274482
v 0.00899075 0.03290445 -0.01365266
v 0.00900000 0.03397730 -0.01337773
v 0.00900000 0.03453849 -0.01291882
v 0.00899990 0.02151642 0.00542013
v 0.00049417 0.02150761 0.00534578
v 0.00900000 -0.03453849 -0.01291882
v 0.00900000 -0.03397730 -0.01337773
v 0.00899332 -0.03290529 -0.01365271
v -0.00199088 -0.03119102 -0.01274484
v 0.00050052 -0.02959183 0.01593245
v 0.00900169 -0.02972095 0.01627437
v -0.00202026 -0.03022410 0.01688231
v 0.00901041 -0.03049822 0.01708287
v 0.00899820 -0.03187804 0.01729501
v 0.00900000 -0.03285088 0.01675870
v 0.00900245 -0.02207857 0.00636383
v 0.00050230 -0.02207759 0.00635979
v 0.00050006 -0.02150871 0.00540378
v 0.00899446 -0.02151433 0.00536151
v -0.00201509 0.02823819 0.01580182
v -0.00200519 -0.02987484 -0.01247587
v -0.00200519 0.02987484 -0.01247587
v -0.00200611 -0.02900874 0.01589656
v 0.01950000 0.02934434 -0.03258751
v 0.00950000 -0.01979678 -0.01260230
v 0.00799998 0.02749307 -0.03547753
v 0.00799979 0.02858744 -0.03711234
v 0.01950000 0.02934434 -0.03741249
v 0.02000000 -0.03473848 -0.02640255
v 0.00850000 -0.03473296 -0.02613545
v 0.02000000 -0.03406473 -0.02749494
v 0.02000000 -0.03281587 -0.02779097
v 0.00848060 -0.03308264 -0.02778523
v 0.00847417 -0.03190779 -0.02729268
v 0.02000000 -0.03144833 -0.02646060
v 0.00850000 -0.03143296 -0.02613545
v 0.00750858 -0.03308296 -0.02613545
v 0.02000000 -0.02564569 -0.06009872
v 0.00850000 -0.02586841 -0.05921841
v 0.02000000 -0.02460517 -0.06085012
v 0.00848060 -0.02421809 -0.06086819
v 0.00847416 -0.02304324 -0.06037564
v 0.02000000 -0.02258378 -0.05954356
v 0.00850000 -0.02256841 -0.05921841
v 0.00750858 -0.02421841 -0.05921841
v 0.02000000 0.00720903 -0.06835006
v 0.00850000 0.00721455 -0.06808297
v 0.02000000 0.00847777 -0.06971467
v 0.00848060 0.00886487 -0.06973274
v 0.00847416 0.01003973 -0.06924020
v 0.02000000 0.01049918 -0.06840810
v 0.00850000 0.01051455 -0.06808297
v 0.00750858 0.00886455 -0.06808297
v 0.02000000 0.03165567 -0.04474486
v 0.00850000 0.03143296 -0.04386455
v 0.02000000 0.03269618 -0.04549627
v 0.00848060 0.03308328 -0.04551433
v 0.00847416 0.03425813 -0.04502179
v 0.02000000 0.03471759 -0.04418970
v 0.00850000 0.03473296 -0.04386455
v 0.00750858 0.03308296 -0.04386455
v 0.02000000 0.02256289 -0.01104869
v 0.00850000 0.02256841 -0.01078159
v 0.02000000 0.02323665 -0.01214109
v 0.02000000 0.02448550 -0.01243711
v 0.00848060 0.02421873 -0.01243137
v 0.00847416 0.02539358 -0.01193883
v 0.02000000 0.02585304 -0.01110674
v 0.00850000 0.02586841 -0.01078159
v 0.00750858 0.02421841 -0.01078159
v 0.00950000 -0.01073524 0.00031677
v 0.00370000 -0.01070887 -0.00018753
v 0.00950000 -0.01080798 -0.00042681
v 0.00370000 -0.01122031 -0.00078841
v 0.00950000 -0.01145669 -0.00083543
v 0.00370000 -0.01212136 -0.00056011
v 0.00950000 -0.01228210 -0.00032396
v 0.00370000 -0.01225526 0.00035972
v 0.00950000 0.01226476 0.00031677
v 0.00370000 0.01234654 -0.00000000
v 0.00950000 0.01217829 -0.00045076
v 0.00370000 0.01194894 -0.00067189
v 0.00950000 0.01154331 -0.00083543
v 0.00370000 0.01122031 -0.00078841
v 0.00950000 0.01084085 -0.00047601
v 0.00370000 0.01066457 -0.00004331
v 0.00950000 0.01071159 0.00027969
v -0.00000000 0.01065990 -0.03516711
v 0.00530000 0.01091468 -0.03558532
v -0.00000000 0.01161914 -0.03586035
v 0.00530000 0.01234045 -0.03478084
v -0.00000000 -0.01226476 -0.03468323
v 0.00530000 -0.01208532 -0.03558532
v -0.00000000 -0.01150000 -0.03584654
v 0.00530000 -0.01117605 -0.03578210
v -0.00000000 -0.01080798 -0.03542681
v 0.00530000 -0.01065955 -0.03478084
v 0.00500000 -0.02668083 -0.02997466
v 0.00530000 -0.00935565 -0.03799447
v 0.00950000 -0.00935565 0.00299447
v -0.00199784 -0.02734257 0.01602462
v -0.00000059 -0.02376854 -0.03155009
v -0.00000000 -0.00998072 -0.03737488
v -0.00000000 -0.00998955 -0.03263747
v -0.00000000 0.00751411 -0.03721139
v -0.00000000 0.00998955 -0.03263747
v -0.00000000 0.01197588 -0.03428780
v -0.00000059 0.02376854 -0.03155009
v 0.00000424 0.02906840 0.01588454
v 0.02000000 -0.02560418 -0.05829246
v 0.02000000 -0.02389326 -0.05758379
v 0.02000000 0.00747878 -0.06715703
v 0.02000000 -0.03446873 -0.02520950
v 0.02000000 0.00918970 -0.06644833
v 0.02000000 -0.03275781 -0.02450082
v 0.02000000 0.03169719 -0.04293861
v 0.02000000 0.03340811 -0.04222993
v 0.02000000 0.02283264 -0.00985566
v 0.02000000 0.02454356 -0.00914697
v 0.00530000 -0.00935139 -0.03200249
v 0.00530000 0.00935473 -0.03200487
v 0.00500000 0.02675467 -0.02993576
v 0.00530000 -0.01166711 -0.03415990
v 0.00530000 0.01133289 -0.03415990
v 0.00950000 -0.00998072 -0.00237488
v 0.00950000 -0.01206011 0.00062136
v 0.00950000 -0.01131247 0.00079113
v 0.00950000 0.01979678 -0.01260230
v 0.00950000 0.01150000 0.00084654
v 0.00370000 -0.01498820 -0.00386442
v 0.00370000 -0.00935139 -0.00299752
v 0.00370000 -0.01499381 0.00385658
v 0.00370000 -0.01165765 0.00079255
v 0.00370000 -0.00998072 0.00237488
v 0.00370000 -0.01090141 0.00059859
v 0.00370000 0.01435017 -0.00449839
v 0.00370000 0.01114028 0.00075526
v 0.00370000 0.01192682 0.00069202
v 0.00370000 0.01499381 0.00385658
v 0.00049983 0.01435136 0.00449681
v 0.00049991 -0.01434913 0.00449838
v 0.00049836 -0.01434944 -0.00449838
v 0.00050174 0.01499302 -0.00386516
v 0.00899719 0.01435933 -0.03949647
v 0.00530000 0.01498820 -0.03886442
v 0.00530000 -0.01435236 -0.03949682
v 0.00899614 -0.01499315 -0.03886365
v 0.00530000 -0.01499381 -0.03114342
v 0.00899719 -0.01435934 -0.03050353
v 0.00530000 0.01435236 -0.03050318
v 0.00899373 0.01498707 -0.03112858
v 0.00530000 0.00798589 -0.03721139
v 0.00848064 0.02559434 -0.00984180
v 0.00847778 0.02390909 -0.00914418
v 0.00847416 0.02304689 -0.00962019
v 0.00848064 0.03445889 -0.04292476
v 0.00847778 0.03277365 -0.04222714
v 0.00847416 0.03191144 -0.04270314
v 0.00848064 0.01024049 -0.06714319
v 0.00847778 0.00855524 -0.06644554
v 0.00847416 0.00769304 -0.06692156
v 0.00848064 -0.02284248 -0.05827862
v 0.00847778 -0.02452772 -0.05758099
v 0.00847416 -0.02538993 -0.05805700
v 0.00848064 -0.03170703 -0.02519566
v 0.00847778 -0.03339227 -0.02449803
v 0.00847417 -0.03425448 -0.02497404
v 0.00351715 -0.02812356 -0.03004708
v 0.00500000 0.02927216 -0.03137625
v 0.00351113 0.02762128 -0.02994300
v 0.00500000 0.02840035 -0.03025566
v 0.00350904 0.02885994 -0.03067853
v -0.00200960 0.02968826 0.01632000
v 0.00901041 0.03049822 0.01708287
v -0.00199087 0.03119101 -0.01274482
v 0.00899332 -0.03290529 -0.01365271
v -0.00199088 -0.03119102 -0.01274484
v -0.00202026 -0.03022410 0.01688231
v 0.00901041 -0.03049822 0.01708287
v 0.00899820 -0.03187804 0.01729501
v -0.00200611 -0.02900874 0.01589656
v 0.00847417 -0.03190779 -0.02729268
v 0.00750858 -0.03308296 -0.02613545
v 0.00847416 -0.02304324 -0.06037564
v 0.00750858 -0.02421841 -0.05921841
v 0.00847416 0.01003973 -0.06924020
v 0.00750858 0.00886455 -0.06808297
v 0.00847416 0.03425813 -0.04502179
v 0.00750858 0.03308296 -0.04386455
v 0.00847416 0.02539358 -0.01193883
v 0.00750858 0.02421841 -0.01078159
v 0.00847778 0.02390909 -0.00914418
v 0.00847416 0.02304689 -0.00962019
v 0.00847778 0.03277365 -0.04222714
v 0.00847416 0.03191144 -0.04270314
v 0.00847778 0.00855524 -0.06644554
v 0.00847416 0.00769304 -0.06692156
v 0.00847778 -0.02452772 -0.05758099
v 0.00847416 -0.02538993 -0.05805700
v 0.00847778 -0.03339227 -0.02449803
v 0.00847417 -0.03425448 -0.02497404
v 0.00750858 -0.03308296 -0.02613545
v 0.00750858 -0.02421841 -0.05921841
v 0.00750858 0.00886455 -0.06808297
v 0.00750858 0.03308296 -0.04386455
v 0.00750858 0.02421841 -0.01078159
v 0.00750858 -0.03308296 -0.02613545
v 0.00750858 -0.02421841 -0.05921841
v 0.00750858 0.00886455 -0.06808297
v 0.00750858 0.03308296 -0.04386455
v 0.00750858 0.02421841 -0.01078159
v 0.00750858 -0.03308296 -0.02613545
v 0.00750858 -0.02421841 -0.05921841
v 0.00750858 0.00886455 -0.06808297
v 0.00750858 0.03308296 -0.04386455
v 0.00750858 0.02421841 -0.01078159
f 1 2 3
f 3 2 4
f 4 5 6
f 2 5 4
f 6 7 8
f 5 7 6
f 8 9 10
f 7 9 8
f 10 11 12
f 9 11 10
f 12 13 14
f 11 13 12
f 14 15 16
f 13 15 14
f 16 17 18
f 15 17 16
f 17 19 18
f 17 20 19
f 20 21 19
f 20 22 21
f 20 23 22
f 24 25 26
f 24 27 25
f 28 26 29
f 28 24 26
f 30 29 31
f 30 28 29
f 32 30 31
f 32 31 33
f 34 33 35
f 34 32 33
f 36 35 37
f 36 34 35
f 38 37 39
f 38 36 37
f 40 38 39
f 41 38 40
f 42 40 43
f 42 41 40
f 44 43 45
f 44 42 43
f 46 45 47
f 46 44 45
f 48 47 49
f 48 46 47
f 50 49 51
f 50 48 49
f 52 53 54
f 55 52 54
f 56 57 58
f 56 59 57
f 60 58 61
f 60 56 58
f 62 61 63
f 62 60 61
f 64 62 63
f 65 62 64
f 66 65 64
f 67 65 66
f 68 67 66
f 69 67 68
f 70 68 71
f 70 69 68
f 72 70 71
f 73 70 72
f 74 72 75
f 74 73 72
f 76 75 77
f 76 74 75
f 78 77 79
f 78 76 77
f 80 81 82
f 80 83 81
f 83 84 81
f 83 85 84
f 85 86 84
f 85 87 86
f 90 91 92
f 90 93 91
f 94 92 95
f 94 90 92
f 96 95 97
f 96 94 95
f 98 97 99
f 98 96 97
f 100 98 99
f 101 98 100
f 102 100 103
f 102 101 100
f 104 103 105
f 104 102 103
f 106 105 107
f 106 104 105
f 108 107 109
f 108 106 107
f 110 109 111
f 110 108 109
f 112 113 114
f 112 115 113
f 116 114 117
f 116 112 114
f 93 117 91
f 93 116 117
f 118 119 120
f 120 119 121
f 121 119 122
f 122 123 124
f 119 123 122
f 124 123 125
f 125 126 127
f 123 126 125
f 127 128 129
f 126 128 127
f 129 128 130
f 130 131 132
f 128 131 130
f 133 134 135
f 133 136 134
f 134 137 138
f 136 137 134
f 138 139 140
f 137 139 138
f 140 141 142
f 139 141 140
f 142 143 144
f 141 143 142
f 144 145 146
f 143 145 144
f 146 147 148
f 145 147 146
f 148 149 150
f 147 149 148
f 151 152 153
f 153 152 154
f 154 155 156
f 152 155 154
f 156 157 158
f 155 157 156
f 158 159 160
f 157 159 158
f 160 161 162
f 159 161 160
f 162 163 164
f 161 163 162
f 164 165 166
f 163 165 164
f 166 167 168
f 165 167 166
f 169 170 171
f 172 170 169
f 173 172 169
f 174 172 173
f 175 173 176
f 175 174 173
f 177 176 178
f 177 175 176
f 179 178 180
f 179 177 178
f 181 180 182
f 181 179 180
f 183 182 184
f 183 181 182
f 185 184 186
f 185 183 184
f 187 186 188
f 187 185 186
f 189 188 190
f 189 187 188
f 170 191 171
f 192 193 194
f 192 195 193
f 195 196 193
f 195 197 196
f 197 198 196
f 197 199 198
f 200 201 202
f 200 203 201
f 205 204 206
f 206 204 207
f 207 208 209
f 204 208 207
f 209 208 210
f 210 211 212
f 208 211 210
f 215 213 214
f 216 215 214
f 216 214 217
f 218 217 219
f 218 216 217
f 220 219 221
f 220 218 219
f 222 221 223
f 222 220 221
f 224 223 225
f 224 222 223
f 226 225 227
f 226 224 225
f 228 227 229
f 228 226 227
f 230 228 229
f 231 228 230
f 233 232 234
f 1511 1510 235
f 235 1510 236
f 236 1513 237
f 1510 1513 236
f 237 1515 238
f 1513 1515 237
f 239 240 241
f 2698 242 243
f 240 2699 241
f 2700 244 245
f 242 2701 243
f 244 246 245
f 2702 247 248
f 2703 247 2702
f 249 1550 250
f 1550 1551 250
f 1519 2681 251
f 251 2681 252
f 1548 249 253
f 1548 1550 249
f 2695 1548 253
f 2695 253 254
f 2694 2705 255
f 2694 1545 2705
f 2693 2706 256
f 2693 1543 2706
f 2692 2707 257
f 2692 1541 2707
f 2691 2708 258
f 2691 1539 2708
f 2690 2709 259
f 2690 1537 2709
f 2689 2710 260
f 2689 1535 2710
f 1532 2711 261
f 1532 1533 2711
f 262 263 264
f 265 262 264
f 266 267 268
f 268 267 269
f 2717 270 271
f 2715 270 2717
f 2719 272 273
f 2718 272 2719
f 2721 274 275
f 2720 274 2721
f 276 277 278
f 279 276 278
f 280 278 281
f 280 279 278
f 1395 281 282
f 1395 280 281
f 2652 1395 282
f 2652 282 283
f 2651 2724 284
f 2651 1393 2724
f 2650 2725 285
f 2650 1391 2725
f 2649 2726 286
f 1387 2727 287
f 2649 1390 2726
f 2648 1387 287
f 2647 2728 288
f 2647 1386 2728
f 2646 2729 289
f 2646 1384 2729
f 1379 2730 290
f 1379 1382 2730
f 291 293 292
f 293 294 2731
f 293 295 2732
f 295 296 3402
f 297 298 295
f 2734 298 299
f 295 298 296
f 2737 300 301
f 2736 300 299
f 2739 302 303
f 2738 302 301
f 2741 304 305
f 2740 2742 303
f 304 2682 305
f 307 306 308
f 2746 309 310
f 2744 309 2746
f 2748 2747 311
f 2749 312 313
f 3406 312 2749
f 2751 2750 314
f 2752 315 316
f 2754 2753 317
f 3407 315 2752
f 2753 318 317
f 2755 2756 319
f 1625 1627 2745
f 2745 1627 320
f 1628 3408 1627
f 1627 3408 2758
f 2757 3557 1634
f 3558 3409 2757
f 1631 1633 1630
f 1630 1633 3582
f 321 322 323
f 323 322 324
f 2762 2760 325
f 2763 326 327
f 3413 326 2763
f 2765 2764 328
f 2766 329 330
f 3415 329 2766
f 2768 331 332
f 2770 2769 333
f 2767 331 2768
f 2769 334 333
f 2771 2772 335
f 1641 1642 2761
f 2761 1642 336
f 1644 3416 1642
f 1642 3416 2774
f 2773 3559 1650
f 3560 3417 2773
f 1647 1649 1645
f 1645 1649 3583
f 338 337 339
f 2777 340 341
f 2775 340 2777
f 2779 342 343
f 2778 342 2779
f 2781 2780 344
f 2782 345 346
f 3423 345 2782
f 2784 347 348
f 2786 2785 349
f 2783 347 2784
f 2785 350 349
f 2787 2788 351
f 1656 1658 2776
f 2776 1658 352
f 1660 3424 1658
f 1658 3424 2790
f 2789 3561 1666
f 3562 3425 2789
f 1663 1665 1661
f 1661 1665 3584
f 353 354 355
f 355 354 356
f 2794 2792 357
f 2795 358 359
f 3429 358 2795
f 2797 2796 360
f 2798 361 362
f 3431 361 2798
f 2800 363 364
f 2802 2801 365
f 2799 363 2800
f 2801 366 365
f 2803 2804 367
f 1673 1674 2793
f 2793 1674 368
f 1676 3432 1674
f 1674 3432 2806
f 2805 3563 1682
f 3564 3433 2805
f 1679 1681 1677
f 1677 1681 3585
f 370 369 371
f 2809 372 373
f 2807 372 2809
f 2811 2810 374
f 2812 375 376
f 3439 375 2812
f 2814 2813 377
f 2815 378 379
f 2817 2816 380
f 3440 378 2815
f 2816 381 380
f 2818 2819 382
f 1688 1690 2808
f 2808 1690 383
f 1691 3441 1690
f 1690 3441 2821
f 2820 3565 1697
f 3566 3442 2820
f 1694 1696 1693
f 1693 1696 3586
f 384 385 386
f 386 385 387
f 2825 388 389
f 2823 388 2825
f 2827 390 391
f 2826 390 2827
f 2829 392 393
f 2831 2830 394
f 2828 392 2829
f 2830 395 394
f 2832 396 397
f 2833 396 2832
f 2835 398 399
f 2834 398 2835
f 2837 400 401
f 2836 400 2837
f 402 403 404
f 404 403 405
f 2843 406 407
f 2845 2844 408
f 2841 406 2843
f 2844 409 408
f 2846 410 411
f 2847 410 2846
f 2849 412 413
f 2848 412 2849
f 2851 414 415
f 2853 2852 416
f 2850 414 2851
f 2852 417 416
f 2854 418 419
f 2855 418 2854
f 420 421 422
f 422 421 423
f 2860 424 425
f 2858 424 2860
f 2862 426 427
f 2861 426 2862
f 2864 428 429
f 2866 2865 430
f 2863 428 2864
f 2865 431 430
f 2867 432 433
f 2868 432 2867
f 2870 434 435
f 2869 434 2870
f 2872 436 437
f 2871 436 2872
f 2672 2673 438
f 438 2673 439
f 2876 2674 440
f 1471 2674 2876
f 2877 2675 441
f 1473 2675 2877
f 2878 2676 442
f 1475 2676 2878
f 2879 2677 443
f 2880 1479 444
f 1477 2677 2879
f 1479 2678 444
f 2881 2679 445
f 1481 2679 2881
f 2882 2680 446
f 1483 2680 2882
f 447 448 449
f 449 448 450
f 2887 451 452
f 2885 451 2887
f 2889 453 454
f 2888 453 2889
f 2891 455 456
f 2893 2892 457
f 2890 455 2891
f 2892 458 457
f 2894 459 460
f 2895 459 2894
f 2897 461 462
f 2896 461 2897
f 2899 463 464
f 2898 463 2899
f 2654 2655 465
f 465 2655 466
f 2903 2656 467
f 1438 2656 2903
f 2904 2657 468
f 1439 2657 2904
f 2905 2658 469
f 1441 2658 2905
f 2906 2659 470
f 1442 2659 2906
f 2907 2660 471
f 1444 2660 2907
f 2908 2661 472
f 1446 2661 2908
f 2909 2662 473
f 1447 2662 2909
f 474 475 476
f 2913 477 478
f 2912 2914 3448
f 2915 479 480
f 3449 2916 3450
f 3451 481 2917
f 482 483 484
f 2921 485 486
f 2920 2922 3456
f 3457 487 2923
f 3458 2924 488
f 2925 489 490
f 3459 2926 3460
f 2664 2663 491
f 491 2663 492
f 2929 2665 493
f 1451 2665 2929
f 2930 2666 494
f 1455 2666 2930
f 2931 2667 495
f 1457 2667 2931
f 2932 2668 496
f 2933 1461 497
f 1459 2668 2932
f 1461 2669 497
f 2934 2670 498
f 1463 2670 2934
f 2935 2671 499
f 1465 2671 2935
f 500 501 502
f 502 501 503
f 2940 504 505
f 2938 504 2940
f 2942 506 507
f 2941 506 2942
f 2944 508 509
f 2946 2945 510
f 2943 508 2944
f 2945 511 510
f 2947 512 513
f 2948 512 2947
f 2950 514 515
f 2949 514 2950
f 2952 516 517
f 2951 516 2952
f 518 1320 519
f 520 521 522
f 519 2633 523
f 523 2633 520
f 1320 2633 519
f 1321 2634 520
f 520 2634 521
f 2956 2635 524
f 1323 2635 521
f 525 1327 526
f 2958 2636 2959
f 1325 2636 524
f 2960 2637 527
f 1327 2637 526
f 2961 528 529
f 1329 2638 527
f 2961 2638 528
f 528 2639 530
f 530 2639 531
f 1331 2639 528
f 531 1335 532
f 1333 1335 531
f 1335 1336 532
f 532 1336 533
f 533 1338 534
f 1336 1338 533
f 534 2640 535
f 1338 2640 534
f 537 538 536
f 2963 2965 539
f 3464 540 2966
f 3465 2967 541
f 2967 542 541
f 543 544 545
f 544 546 545
f 2972 2973 547
f 3468 548 2974
f 3469 2975 549
f 3470 550 2976
f 3471 2977 551
f 1425 1487 1489
f 1425 1427 1487
f 1423 1489 1491
f 1423 1491 1492
f 1423 1425 1489
f 1421 1423 1492
f 1419 1492 1494
f 1419 1421 1492
f 1418 1494 1496
f 1418 1419 1494
f 1415 1496 1498
f 1415 1418 1496
f 1413 1498 1500
f 1413 1415 1498
f 1411 1500 1502
f 1411 1413 1500
f 1407 1502 1504
f 1407 1411 1502
f 1410 1504 1506
f 1410 1407 1504
f 552 553 554
f 555 553 552
f 557 555 552
f 557 552 556
f 558 559 557
f 558 560 561
f 558 556 560
f 558 557 556
f 562 561 563
f 562 558 561
f 564 1508 1487
f 1427 563 564
f 1427 564 1487
f 1427 562 563
f 565 566 567
f 567 566 568
f 2986 569 570
f 2988 2987 571
f 2984 569 2986
f 2987 572 571
f 2989 573 574
f 2990 573 2989
f 2992 575 576
f 2991 575 2992
f 2994 577 578
f 2996 2995 579
f 2993 577 2994
f 2995 580 579
f 2997 581 582
f 2998 581 2997
f 583 584 585
f 586 585 587
f 586 583 585
f 588 1344 1341
f 588 587 1344
f 589 588 1341
f 590 587 588
f 590 586 587
f 591 1341 1345
f 591 589 1341
f 592 590 588
f 593 591 1345
f 594 1345 1347
f 594 593 1345
f 595 594 1347
f 596 595 1347
f 596 1347 1349
f 597 1349 1351
f 597 598 596
f 597 596 1349
f 599 1351 1353
f 599 597 1351
f 600 1353 1355
f 600 599 1353
f 601 1355 1358
f 601 600 1355
f 602 601 1358
f 603 1358 1359
f 603 602 1358
f 604 1359 1361
f 604 603 1359
f 605 1361 1363
f 605 604 1361
f 606 1363 1365
f 606 605 1363
f 607 1365 1367
f 607 606 1365
f 608 607 1367
f 609 606 607
f 610 611 612
f 610 612 613
f 614 615 616
f 616 615 617
f 618 619 620
f 621 619 622
f 620 619 621
f 622 623 624
f 619 623 622
f 623 625 624
f 624 626 627
f 625 626 624
f 627 628 629
f 626 628 627
f 629 630 631
f 628 630 629
f 632 633 634
f 634 633 635
f 635 636 637
f 633 636 635
f 637 638 639
f 636 638 637
f 1536 1838 1538
f 1536 2957 1838
f 1534 2957 1536
f 1534 640 2957
f 1838 1841 1538
f 1534 641 640
f 1534 1531 641
f 641 1531 642
f 1841 1540 1538
f 1841 1842 1540
f 643 644 645
f 644 646 645
f 1531 1861 642
f 1861 1863 642
f 1863 647 642
f 647 3005 642
f 1531 2970 1861
f 645 2970 1531
f 646 2970 645
f 1540 1843 1542
f 1842 1843 1540
f 1863 1865 647
f 648 2970 646
f 649 650 648
f 648 650 2970
f 1865 2978 647
f 650 651 2978
f 2978 651 647
f 649 651 650
f 1952 1706 1954
f 1706 1708 1954
f 1952 1704 1706
f 1952 2824 1704
f 1949 2824 1952
f 1708 1710 1954
f 1954 1710 649
f 653 652 1948
f 654 652 653
f 1949 655 2824
f 1948 655 1949
f 1710 1711 649
f 649 1711 651
f 651 1711 656
f 1843 1844 1542
f 1948 657 655
f 652 657 1948
f 1711 1714 656
f 1844 1544 1542
f 1714 1716 656
f 1716 2839 656
f 657 652 658
f 1927 661 660
f 659 661 1927
f 1844 1845 1544
f 652 662 658
f 658 662 663
f 664 1565 665
f 3463 1855 664
f 664 1855 1565
f 1845 1546 1544
f 1560 1546 1558
f 1558 1546 1556
f 1556 1546 1845
f 1855 2968 1565
f 3463 666 667
f 666 668 667
f 662 669 663
f 669 670 663
f 663 670 671
f 672 670 673
f 671 670 672
f 1560 1547 1546
f 1565 1547 1562
f 1562 1547 1560
f 2968 1547 1565
f 2968 1549 1547
f 674 675 676
f 668 1549 2968
f 677 678 662
f 662 678 669
f 675 1946 676
f 677 679 678
f 1549 681 680
f 1549 680 682
f 668 681 1549
f 668 683 681
f 668 684 683
f 666 684 668
f 685 1822 677
f 676 1822 685
f 1946 1820 676
f 676 1820 1822
f 1822 1824 677
f 1742 1744 686
f 686 1744 666
f 666 1744 684
f 686 1740 1742
f 1824 1826 677
f 677 1826 679
f 1946 2939 1820
f 684 1746 687
f 1744 1746 684
f 686 2859 1740
f 656 2859 686
f 2839 2859 656
f 1946 688 2939
f 1826 1827 679
f 2839 689 2859
f 673 689 2839
f 670 689 673
f 1746 1747 687
f 1827 1830 679
f 1747 1750 687
f 1830 1832 679
f 1750 690 687
f 1752 690 1750
f 2874 690 1752
f 691 1944 692
f 693 1944 691
f 694 1944 693
f 688 1944 694
f 1946 1944 688
f 670 695 689
f 696 695 697
f 689 695 696
f 2874 698 690
f 699 698 2874
f 697 695 700
f 695 701 700
f 699 702 698
f 703 702 699
f 701 704 700
f 700 704 705
f 705 706 703
f 704 706 705
f 707 706 708
f 702 706 707
f 703 706 702
f 701 709 704
f 1944 1942 692
f 692 1942 710
f 2954 1445 1832
f 1832 1443 679
f 1445 1443 1832
f 711 1445 2954
f 710 1445 711
f 710 1448 1445
f 1942 1448 710
f 679 1440 712
f 1443 1440 679
f 1942 713 1448
f 709 714 704
f 712 714 709
f 712 715 714
f 1769 1771 712
f 1440 1767 712
f 1436 1767 1440
f 712 1767 1769
f 716 1941 717
f 1942 1941 713
f 713 1941 716
f 1771 1773 712
f 712 1773 715
f 1436 2886 1767
f 1436 718 2886
f 1773 1774 715
f 1436 719 718
f 1435 719 1436
f 1774 1777 715
f 715 1777 720
f 1779 721 1777
f 1777 721 720
f 717 1939 1435
f 1941 1939 717
f 1435 1939 719
f 719 1939 722
f 1779 1934 721
f 2901 1934 1779
f 723 1934 2901
f 724 1935 723
f 725 1935 724
f 726 1935 725
f 722 1935 726
f 1939 1935 722
f 723 1935 1934
f 1934 727 721
f 1565 642 3005
f 1565 3005 1927
f 1565 1927 660
f 1565 660 665
f 664 666 3463
f 729 728 730
f 3059 731 732
f 3058 731 3059
f 3061 733 734
f 3060 733 3061
f 3063 735 736
f 3062 735 3063
f 3065 737 738
f 3064 737 3065
f 3067 739 740
f 3066 739 3067
f 3069 741 742
f 3068 741 3069
f 3070 744 3071
f 3071 744 743
f 744 745 743
f 274 286 275
f 275 286 257
f 257 728 729
f 286 728 257
f 746 747 748
f 749 747 746
f 748 750 751
f 747 750 748
f 752 753 749
f 749 753 747
f 750 754 751
f 751 754 755
f 752 1517 753
f 752 1520 1517
f 755 756 757
f 754 756 755
f 758 1876 2981
f 1520 1876 758
f 752 1876 1520
f 752 1877 1876
f 752 2983 1877
f 757 759 760
f 756 759 757
f 759 761 760
f 759 762 761
f 762 763 761
f 764 763 762
f 764 765 763
f 766 765 764
f 768 767 766
f 769 767 768
f 766 767 765
f 767 770 765
f 770 771 765
f 1639 1364 1362
f 1643 1639 1362
f 2759 1364 1639
f 772 1364 2759
f 1646 1643 1362
f 1648 1646 1362
f 773 1366 1364
f 773 1364 772
f 773 774 775
f 773 776 774
f 773 772 776
f 777 1362 1360
f 777 773 775
f 777 1648 1362
f 777 778 3418
f 777 775 778
f 777 3418 1648
f 779 1368 1366
f 779 1366 773
f 780 777 1360
f 780 1360 1357
f 781 1368 779
f 1626 782 1368
f 1659 1657 1357
f 3421 1357 1657
f 3404 782 1626
f 1629 1368 781
f 1629 1626 1368
f 783 1357 3421
f 784 782 3404
f 1356 1662 1659
f 1356 1659 1357
f 1664 1662 1356
f 1632 1629 781
f 3426 1664 1356
f 3410 1632 781
f 785 782 784
f 786 783 787
f 786 780 1357
f 786 1357 783
f 786 788 789
f 786 787 788
f 790 3410 781
f 790 791 3410
f 790 792 791
f 790 793 792
f 794 782 785
f 794 785 793
f 794 793 790
f 795 789 796
f 795 786 789
f 1354 796 3426
f 1354 3426 1356
f 1354 795 796
f 797 794 790
f 798 799 800
f 798 797 799
f 798 794 797
f 801 798 800
f 803 795 1354
f 804 800 802
f 805 801 800
f 805 800 804
f 1352 803 1354
f 806 803 1352
f 1675 806 1352
f 1675 1671 806
f 2791 806 1671
f 807 806 2791
f 1350 1675 1352
f 1350 1678 1675
f 1350 1680 1678
f 3434 1680 1350
f 808 3434 1350
f 809 806 807
f 810 807 811
f 810 809 807
f 810 811 812
f 813 810 812
f 814 2687 1525
f 1348 815 808
f 1348 812 815
f 1348 808 1350
f 1348 1521 813
f 1348 813 812
f 3437 1371 2643
f 3437 2643 816
f 3437 816 1689
f 1689 816 817
f 1346 1521 1348
f 1346 1525 1521
f 1346 814 1525
f 3437 818 1371
f 1692 1689 817
f 1692 817 819
f 820 818 3437
f 1692 819 821
f 822 818 820
f 1695 1692 821
f 822 820 823
f 1343 1695 821
f 1343 814 1346
f 1343 3443 1695
f 1343 821 814
f 824 822 823
f 824 823 825
f 1342 824 825
f 1342 3443 1343
f 1342 826 3443
f 1342 827 826
f 1342 825 827
f 1389 1322 1392
f 1324 1322 1389
f 1319 1394 1392
f 1319 1392 1322
f 1388 1324 1389
f 1326 1324 1388
f 1318 1396 1394
f 1318 1394 1319
f 828 829 1396
f 828 1396 1318
f 828 830 829
f 1385 1326 1388
f 1328 1326 1385
f 831 832 830
f 831 830 828
f 1383 1330 1328
f 1383 1328 1385
f 1381 1332 1330
f 1381 1330 1383
f 1334 1332 1381
f 1380 1334 1381
f 1337 1334 1380
f 1378 1337 1380
f 1375 2641 1337
f 1375 1337 1378
f 2644 2641 1375
f 833 608 1367
f 833 1367 834
f 835 833 834
f 836 834 837
f 836 835 834
f 838 836 837
f 839 837 840
f 839 838 837
f 841 839 840
f 842 843 839
f 842 839 841
f 844 841 845
f 844 842 841
f 846 845 847
f 846 844 845
f 2999 848 3000
f 2999 849 848
f 3111 850 3110
f 3111 851 850
f 3113 852 3112
f 3113 853 852
f 3115 854 3114
f 3115 855 854
f 3117 856 3116
f 3117 2713 856
f 3400 857 3118
f 2712 3091 2713
f 3400 2116 857
f 3091 2116 3400
f 3119 858 859
f 3121 3120 2985
f 2116 2115 857
f 3119 2115 858
f 3120 565 567
f 2115 3090 858
f 3090 860 858
f 1340 1374 2645
f 1339 2645 861
f 1339 861 2962
f 1339 1340 2645
f 862 863 2723
f 2722 3105 3104
f 2722 3104 862
f 2722 862 2723
f 3013 3006 1928
f 864 3474 3478
f 3015 3125 1963
f 3015 865 3125
f 3018 866 3479
f 3127 3126 1967
f 1972 3034 3495
f 3034 867 3495
f 3026 3128 2002
f 868 3496 3481
f 3129 1982 869
f 869 1982 3024
f 3025 3130 1980
f 870 3130 3025
f 3131 1976 871
f 3131 1981 1976
f 872 89 873
f 874 875 876
f 875 877 876
f 872 878 89
f 876 878 872
f 874 879 875
f 877 878 876
f 880 881 877
f 877 881 878
f 874 1428 879
f 1428 1397 879
f 1428 1400 1397
f 1428 1426 1400
f 1426 1402 1400
f 1426 1404 1402
f 884 883 882
f 885 1424 884
f 1404 1424 885
f 884 1424 883
f 1426 1424 1404
f 887 1430 886
f 887 888 1430
f 1424 889 883
f 1424 1422 889
f 888 1431 1430
f 891 892 888
f 888 892 1431
f 890 892 891
f 1422 893 889
f 892 894 1431
f 1422 1420 893
f 894 1434 1431
f 1420 895 893
f 894 896 1434
f 1420 1417 895
f 896 1408 1434
f 896 897 1408
f 899 900 898
f 895 1416 901
f 1417 1416 895
f 897 1409 1408
f 897 902 1409
f 901 1414 903
f 1416 1414 901
f 899 1412 900
f 903 1412 899
f 1414 1412 903
f 902 1412 1409
f 904 1412 902
f 900 1412 904
f 905 1506 906
f 1410 905 3073
f 1410 1506 905
f 1433 3073 2086
f 1433 1410 3073
f 1429 2086 2083
f 1429 1433 2086
f 3072 1429 2083
f 907 908 250
f 909 1429 3072
f 909 3072 907
f 1551 907 250
f 1551 909 907
f 2653 1429 909
f 2003 2006 910
f 910 2006 911
f 911 2014 912
f 2006 2014 911
f 912 2018 913
f 2014 2018 912
f 1867 3472 3014
f 3472 914 3014
f 1966 3139 3467
f 3498 2971 1859
f 1857 2969 3028
f 3466 915 3482
f 1984 3140 3027
f 1983 2964 1852
f 3499 2964 1983
f 916 917 918
f 916 918 919
f 920 916 919
f 921 916 920
f 922 921 920
f 923 921 922
f 3124 3123 924
f 3123 925 924
f 924 926 927
f 925 926 924
f 927 1320 518
f 926 1320 927
f 928 929 930
f 929 931 930
f 930 932 933
f 931 932 930
f 933 934 935
f 932 934 933
f 2055 936 2057
f 2053 936 2055
f 2051 936 2053
f 2049 936 2051
f 1601 937 936
f 1600 938 937
f 1602 936 2049
f 1602 2047 2044
f 1602 2049 2047
f 1602 1601 936
f 939 1840 940
f 941 1840 939
f 1599 942 938
f 1603 1602 2044
f 943 944 941
f 944 1836 1840
f 944 1840 941
f 944 1835 1836
f 1598 942 1599
f 945 942 1598
f 1595 945 1598
f 946 947 2152
f 947 2151 2152
f 1604 1603 1591
f 1604 1589 1587
f 1604 1591 1589
f 948 1835 944
f 948 2243 1835
f 948 2240 2243
f 3107 946 2152
f 949 2240 948
f 950 1584 2714
f 950 1587 1584
f 950 951 952
f 950 2714 951
f 950 1604 1587
f 1885 945 1595
f 1594 1885 1595
f 2179 2240 949
f 1888 1885 1594
f 1882 945 1885
f 1488 2151 947
f 1488 3106 2151
f 1889 1594 2179
f 1889 1888 1594
f 1881 945 1882
f 953 1488 947
f 1891 2179 949
f 1891 1889 2179
f 1893 1891 949
f 1605 1604 950
f 1896 1893 949
f 954 1605 950
f 955 956 957
f 2171 1581 1580
f 958 1488 953
f 959 1581 2171
f 2169 959 2171
f 955 957 960
f 961 2165 1897
f 961 2167 2165
f 3148 961 1897
f 3148 1897 1896
f 3148 1896 949
f 1486 1488 958
f 955 960 963
f 964 962 1564
f 964 1564 1563
f 1606 1605 954
f 1846 964 1563
f 1846 1559 1557
f 1846 1561 1559
f 1846 1563 1561
f 965 1606 954
f 2249 3148 949
f 1847 964 1846
f 966 2167 961
f 1848 967 964
f 1848 964 1847
f 3452 955 963
f 3452 963 959
f 1795 3452 959
f 968 959 2169
f 968 1795 959
f 969 2169 2167
f 969 968 2169
f 969 2167 966
f 970 971 955
f 970 955 3452
f 1849 967 1848
f 2246 949 972
f 2246 2249 949
f 1793 1795 968
f 2911 1793 968
f 1850 972 967
f 1850 967 1849
f 973 969 966
f 1490 974 975
f 1490 975 976
f 1490 1486 974
f 1454 977 978
f 1454 978 979
f 1610 1606 965
f 1608 1607 1610
f 2733 1610 965
f 980 981 2911
f 980 2911 968
f 1456 1454 979
f 1453 976 977
f 1453 977 1454
f 1851 972 1850
f 3145 2246 972
f 980 970 981
f 1726 1723 972
f 1726 972 1851
f 1720 972 1723
f 1720 3145 972
f 3008 970 980
f 1608 982 1607
f 1458 979 971
f 1458 1456 979
f 1450 976 1453
f 1727 1726 1851
f 2840 3145 1720
f 983 982 1608
f 3122 1727 1851
f 984 3145 2840
f 1460 970 3008
f 1460 1458 971
f 1460 971 970
f 985 1490 976
f 985 976 1450
f 1729 1727 3122
f 986 984 2840
f 1462 1460 3008
f 987 1490 985
f 1731 3122 988
f 1731 1729 3122
f 989 984 986
f 989 973 984
f 990 988 982
f 990 983 991
f 990 982 983
f 1464 1462 3008
f 992 1734 1731
f 992 1731 988
f 992 988 990
f 1735 1734 992
f 993 973 989
f 993 969 973
f 993 989 994
f 995 993 994
f 996 997 998
f 1493 987 999
f 1493 999 1000
f 1493 1490 987
f 1931 1464 3008
f 1001 1931 1002
f 1803 1805 995
f 1003 994 997
f 1003 995 994
f 1003 997 996
f 2927 995 1805
f 1004 1931 1001
f 1803 995 1003
f 1801 1803 1003
f 1005 2927 1006
f 1006 1007 1005
f 1008 1801 1003
f 1009 1008 1010
f 1011 1009 1010
f 1011 1010 1012
f 1009 1801 1008
f 1013 1011 1012
f 1009 2919 1801
f 1014 3002 1907
f 1015 1014 1907
f 1015 1907 1909
f 1495 1493 1000
f 1495 1000 1016
f 1495 1016 1017
f 1018 1006 2919
f 1018 2919 1009
f 1472 1931 1004
f 1472 1004 1007
f 1474 1006 1018
f 1474 1472 1007
f 1474 1007 1006
f 1469 1464 1931
f 1469 1931 1472
f 1019 1015 1909
f 1476 1474 1018
f 1476 1018 1020
f 1468 1464 1469
f 1468 1466 1464
f 1468 1021 1466
f 1478 1476 1020
f 1022 1021 1468
f 1480 1478 1020
f 1480 1020 1023
f 1507 1019 1909
f 1507 1509 1019
f 1507 1909 3004
f 1497 1495 1017
f 1497 1022 1024
f 1497 1021 1022
f 1497 1017 1021
f 1025 1482 1480
f 1025 1480 1023
f 1512 1509 1507
f 1026 1484 1482
f 1026 1482 1025
f 1026 1027 1484
f 1505 1514 1512
f 1505 1512 1507
f 1499 1024 1028
f 1499 1028 1029
f 1499 1497 1024
f 1516 1514 1505
f 1503 1516 1505
f 1503 1030 1027
f 1503 1026 1031
f 1503 1031 1516
f 1503 1027 1026
f 1501 1030 1503
f 1501 1029 1032
f 1501 1032 1030
f 1501 1499 1029
f 1033 950 952
f 992 1034 1735
f 958 974 1486
f 2174 945 1881
f 936 2060 2057
f 1601 1600 937
f 1600 1599 938
f 1840 2955 940
f 941 1564 943
f 943 1564 962
f 1607 1606 1610
f 1005 995 2927
f 1035 1796 1036
f 1796 1037 1036
f 1036 1037 1038
f 1796 1794 1037
f 1035 2918 1796
f 1035 1039 2918
f 1039 1040 2918
f 1794 3447 1037
f 1039 1041 1040
f 3447 1042 1037
f 1040 1042 1043
f 1043 1042 3447
f 1041 1042 1040
f 1041 3007 1042
f 1038 1044 1036
f 1044 1045 1036
f 1046 1045 1044
f 1046 3461 1804
f 1930 1049 1047
f 1047 1049 1048
f 1046 1802 1045
f 1804 1802 1046
f 1802 1050 1045
f 1802 3455 1050
f 3461 1051 1052
f 1051 1053 1052
f 1051 1054 1053
f 1930 1054 1049
f 1049 1054 1055
f 1055 1054 1051
f 3455 1056 1050
f 1054 1056 1053
f 1053 1056 3455
f 1041 1054 1930
f 1041 1930 3007
f 1046 1051 3461
f 607 1508 609
f 609 1508 564
f 906 596 905
f 905 596 598
f 2953 1057 1834
f 1834 1057 3049
f 2027 1058 3048
f 3204 1058 2027
f 2026 1059 3038
f 3205 1059 2026
f 2008 1060 3037
f 3206 1060 2008
f 2007 1061 3039
f 3207 1061 2007
f 2009 1062 3040
f 3208 1062 2009
f 2010 1063 3035
f 3209 1063 2010
f 2004 2937 1819
f 3210 2937 2004
f 1814 1828 1813
f 1829 1828 1814
f 1815 1831 1814
f 1814 1831 1829
f 2936 1833 1815
f 1815 1833 1831
f 1813 1825 1812
f 1828 1825 1813
f 1064 2373 2936
f 2936 2373 1833
f 1812 1823 1811
f 1825 1823 1812
f 2373 1065 2374
f 1064 1065 2373
f 1821 1810 1823
f 1823 1810 1811
f 2374 1066 2375
f 1065 1066 2374
f 1818 1809 1821
f 1821 1809 1810
f 2375 1067 2376
f 1066 1067 2375
f 1817 2928 1818
f 1818 2928 1809
f 2378 1068 2379
f 2379 1068 1817
f 1817 1068 2928
f 2376 1069 2377
f 1067 1069 2376
f 2377 1070 2378
f 1069 1070 2377
f 2378 1070 1068
f 1467 1071 1816
f 1816 1071 3211
f 2380 1072 3212
f 3218 1072 2380
f 2381 1073 3213
f 3219 1073 2381
f 2382 1074 3214
f 3220 1074 2382
f 2383 1075 3216
f 2385 3222 3217
f 3221 1075 2383
f 3222 1076 3217
f 2386 1077 3215
f 3223 1077 2386
f 2384 1452 1808
f 3224 1452 2384
f 3201 1078 3203
f 3225 1079 3514
f 2370 3189 1080
f 2370 1080 3515
f 3187 3227 2357
f 1081 3516 3507
f 3228 2355 1082
f 1082 2355 3183
f 3184 1083 3505
f 3230 3229 2351
f 2352 3193 3517
f 3517 3193 1084
f 3197 1085 3511
f 3232 3231 2361
f 2372 3226 3518
f 2372 3518 2366
f 3462 3199 3176
f 1806 3512 1807
f 2368 3200 3504
f 2322 3513 3454
f 2369 1800 1799
f 1797 3453 3158
f 1798 3188 3501
f 2286 3508 3161
f 2356 3191 3502
f 2297 3510 3446
f 2359 1792 1791
f 1787 1785 1786
f 1787 1784 1785
f 1788 1783 1787
f 1789 1783 1788
f 1787 1783 1784
f 2910 2902 1789
f 1789 2902 1783
f 1086 1087 1088
f 2910 1089 2902
f 1090 1091 2910
f 1088 1091 1090
f 1092 1091 1087
f 1087 1091 1088
f 2910 1091 1089
f 1449 1093 1790
f 1790 1093 3237
f 2406 1094 3235
f 3240 1094 2406
f 2404 1095 3233
f 3241 1095 2404
f 2402 1096 3234
f 3242 1096 2402
f 2403 1097 3239
f 3243 1097 2403
f 2408 1098 3238
f 2407 3245 2405
f 3244 1098 2408
f 3236 1099 1782
f 3245 3246 2405
f 1099 1437 1782
f 2900 1100 1781
f 1781 1100 3053
f 2039 1101 3054
f 3247 1101 2039
f 2040 1102 3055
f 3248 1102 2040
f 2041 1103 3056
f 3249 1103 2041
f 2042 1104 3052
f 3250 1104 2042
f 2038 1105 3051
f 3251 1105 2038
f 2035 1106 3050
f 3252 1106 2035
f 2034 2884 1766
f 3253 2884 2034
f 1760 1775 1759
f 1761 1775 1760
f 1776 1775 1761
f 1762 1778 1761
f 2883 1778 1762
f 1761 1778 1776
f 2883 1780 1778
f 1775 1772 1759
f 1107 2416 2883
f 2883 2416 1780
f 1759 1770 1758
f 1772 1770 1759
f 1107 1108 2416
f 1108 2417 2416
f 1768 1757 1770
f 1770 1757 1758
f 2417 1109 2418
f 1108 1109 2417
f 1765 1756 1768
f 1768 1756 1757
f 1765 1764 1756
f 2418 1110 2419
f 1109 1110 2418
f 2422 2875 1764
f 1764 2875 1756
f 2419 1111 2420
f 2420 1111 2421
f 1110 1111 2419
f 2422 1112 2875
f 2421 1113 2422
f 1111 1113 2421
f 2422 1113 1112
f 1485 1114 1763
f 1763 1114 3254
f 2423 1115 3255
f 3261 1115 2423
f 2424 1116 3256
f 3262 1116 2424
f 2425 1117 3257
f 3263 1117 2425
f 2426 1118 3258
f 2427 3265 3260
f 3264 1118 2426
f 3265 1119 3260
f 2429 1120 3259
f 3266 1120 2429
f 2428 1470 1755
f 3267 1470 2428
f 2873 1121 1754
f 1754 1121 3043
f 2015 1122 3045
f 3268 1122 2015
f 2019 1123 3046
f 3269 1123 2019
f 2021 1124 3044
f 3270 1124 2021
f 2016 1125 3042
f 3271 1125 2016
f 2013 1126 3041
f 3272 1126 2013
f 2012 1127 3036
f 3273 1127 2012
f 2005 2857 1739
f 3274 2857 2005
f 1733 1749 1732
f 1732 1748 1730
f 1749 1748 1732
f 2856 1751 1733
f 1733 1751 1749
f 2856 1753 1751
f 1730 1745 1728
f 1748 1745 1730
f 1128 2437 2856
f 2856 2437 1753
f 1728 1743 1725
f 1745 1743 1728
f 1129 2438 1128
f 1128 2438 2437
f 1741 1724 1743
f 1743 1724 1725
f 1129 2439 2438
f 1738 1722 1741
f 1741 1722 1724
f 1129 1130 2439
f 1130 2440 2439
f 1737 2842 1738
f 1738 2842 1722
f 1130 1131 2440
f 2442 1132 2443
f 2443 1132 1737
f 1737 1132 2842
f 2440 1133 2441
f 2441 1133 2442
f 1131 1133 2440
f 1133 1134 2442
f 2442 1134 1132
f 1736 3182 3275
f 418 3182 419
f 2350 2445 2444
f 1135 3098 3182
f 3182 2133 2445
f 3098 2133 2350
f 3276 3171 3277
f 3276 2132 3171
f 2133 2132 2445
f 2132 1370 3171
f 2446 3170 3278
f 3503 3170 2446
f 1370 2642 3171
f 2447 3167 3280
f 2313 3167 2447
f 2449 3164 3281
f 2310 3164 2449
f 2450 3163 3279
f 2305 3163 2450
f 2448 1719 1721
f 2302 1719 2448
f 2838 1136 1718
f 1718 1136 3031
f 1989 1137 3030
f 3282 1137 1989
f 1988 1138 3029
f 3283 1138 1988
f 1987 1139 3023
f 3284 1139 1987
f 1979 1140 3020
f 3285 1140 1979
f 1974 1141 3019
f 3286 1141 1974
f 1973 1142 3017
f 3287 1142 1973
f 1971 2822 1703
f 3288 2822 1971
f 1894 1713 1892
f 1713 1712 1892
f 1895 1715 1894
f 1894 1715 1713
f 1898 1717 1895
f 1895 1717 1715
f 1892 1709 1890
f 1712 1709 1892
f 1709 1887 1890
f 2164 2452 1898
f 1898 2452 1717
f 1709 1707 1887
f 2166 2453 2164
f 2164 2453 2452
f 1707 1705 1887
f 1705 1886 1887
f 1705 1702 1886
f 2453 2168 2454
f 2166 2168 2453
f 1702 1884 1886
f 2454 2170 2455
f 2168 2170 2454
f 1701 1883 1702
f 2458 1883 1701
f 1702 1883 1884
f 2455 2172 2456
f 2456 2172 2457
f 2170 2172 2455
f 2458 2175 1883
f 2457 2173 2458
f 2172 2173 2457
f 2458 2173 2175
f 3168 3192 3166
f 3194 3192 3168
f 3175 3198 2362
f 3175 2362 2311
f 3177 2367 2321
f 3202 2367 3177
f 2371 2323 2365
f 2365 2323 2320
f 3160 3190 3475
f 3509 1932 1933
f 2358 2296 3185
f 3185 2296 3156
f 3157 3186 3500
f 3506 2353 2284
f 2309 2360 2354
f 2309 2354 2285
f 1143 3144 3143
f 1143 3143 3146
f 1143 3146 2244
f 1143 2244 3162
f 1144 3153 2251
f 3142 3141 1144
f 3147 1144 2251
f 3147 3142 1144
f 1145 1146 1147
f 3292 1148 3293
f 3519 3291 1149
f 1149 3291 1150
f 1151 1152 3296
f 3298 3295 3521
f 1153 3522 3297
f 1154 3522 1153
f 1155 1156 3299
f 3302 3300 3523
f 1157 3524 3301
f 1157 3301 1158
f 1159 1160 3304
f 3306 3303 3525
f 3294 3526 3305
f 3294 3305 3520
f 1862 2467 2466
f 2180 1862 2466
f 2180 2466 1929
f 1860 2467 1862
f 1864 1862 2180
f 2469 2467 1860
f 2469 1860 2230
f 1866 1864 2180
f 2471 2469 2230
f 2181 2230 1866
f 2181 1866 2180
f 2181 2471 2230
f 2182 2471 2181
f 1926 1929 2466
f 2187 1161 1926
f 1162 1161 2187
f 2461 1926 2466
f 2461 2185 2186
f 2461 2186 2187
f 2461 2187 1926
f 1856 1854 2185
f 1853 2185 1854
f 1856 2185 2461
f 2463 1856 2461
f 1858 1856 2463
f 2184 1853 2231
f 2474 2184 2231
f 2474 2183 2184
f 2475 1858 2463
f 2475 2231 1858
f 2475 2474 2231
f 2474 2471 2182
f 2474 2182 2183
f 2184 2185 1853
f 1997 1999 1163
f 1163 1999 1164
f 1164 2000 1165
f 1999 2000 1164
f 1965 1964 88
f 88 1964 1166
f 1166 1962 1167
f 1964 1962 1166
f 639 638 1965
f 88 639 1965
f 1167 1962 1960
f 1168 1960 3012
f 1168 1167 1960
f 2982 3012 557
f 2982 1168 3477
f 2003 910 1165
f 2000 2003 1165
f 1996 1997 1163
f 1996 1163 1169
f 3033 1169 1432
f 3483 1996 1169
f 909 3033 1432
f 3444 1170 3591
f 1171 1172 1170
f 1170 1172 3581
f 2808 1173 1174
f 3445 3312 3438
f 3311 3568 1700
f 1698 3102 1699
f 1699 3102 3309
f 3528 2143 3310
f 2142 3103 2486
f 2143 3101 3310
f 2487 3494 3567
f 3529 2139 3530
f 2141 3100 2488
f 2139 3099 3530
f 2489 3493 3313
f 2490 1686 1687
f 2136 1686 2490
f 3435 1175 3590
f 1176 1177 1175
f 1175 1177 3580
f 2793 1178 1179
f 3436 3317 3430
f 3316 3570 1685
f 1683 3093 1684
f 1684 3093 3314
f 3531 2131 3315
f 2124 3097 2491
f 2131 3096 3315
f 2492 3492 3569
f 3532 2127 3533
f 2128 3095 2493
f 2127 3092 3533
f 2494 3491 3318
f 2495 1670 1672
f 2123 1670 2495
f 3427 1180 3589
f 1181 1182 1180
f 1180 1182 3579
f 2776 1183 1184
f 3428 3322 3422
f 3321 3572 1669
f 1667 3089 1668
f 1668 3089 3319
f 3534 2105 3320
f 2112 3084 2496
f 2105 3083 3320
f 2497 3489 3571
f 3535 2103 3536
f 2104 3082 2498
f 2103 3079 3536
f 2499 3487 3323
f 2500 1654 1655
f 2099 1654 2500
f 3419 1185 3588
f 1186 1187 1185
f 1185 1187 3578
f 2761 1188 1189
f 3420 3327 3414
f 3326 3574 1653
f 1651 3078 1652
f 1652 3078 3324
f 3537 2091 3325
f 2094 3076 2501
f 2091 3075 3325
f 2502 3486 3573
f 3538 2092 3539
f 2090 3077 2503
f 2092 3074 3539
f 2504 3485 3328
f 2505 1638 1640
f 2088 1638 2505
f 3411 1190 3587
f 1191 1192 1190
f 1190 1192 3577
f 2745 1193 1194
f 3412 3332 3405
f 3331 3576 1637
f 1635 3086 1636
f 1636 3086 3329
f 3540 2108 3330
f 2107 3087 2506
f 2108 3088 3330
f 2507 3490 3575
f 3541 2101 3542
f 2109 3081 2508
f 2101 3080 3542
f 2509 3488 3333
f 2510 1623 1624
f 2100 1623 2510
f 1616 1611 1613
f 1618 3401 1616
f 1620 3401 1618
f 1616 3401 1611
f 1195 1196 1197
f 1198 1196 1195
f 2743 1199 1620
f 1197 1199 2743
f 3401 1199 1200
f 1620 1199 3401
f 1196 1199 1197
f 1522 2683 1622
f 1622 2683 3336
f 2513 2684 2511
f 1523 2684 2513
f 3334 2685 2514
f 1524 2685 2511
f 3165 3338 2512
f 3165 2299 3338
f 3337 2686 3335
f 1526 2686 2514
f 2512 1527 3165
f 1527 2688 3165
f 2299 3339 2515
f 2299 291 3339
f 291 1609 2516
f 1377 1379 290
f 1377 290 2298
f 1373 2298 2304
f 1373 1377 2298
f 1376 2304 2177
f 1376 1373 2304
f 2307 3399 2306
f 3399 1201 2306
f 2306 1202 2308
f 1201 1202 2306
f 2308 1135 2350
f 1202 1135 2308
f 2349 1203 2266
f 1203 1204 2266
f 2266 1205 2270
f 1204 1205 2266
f 2270 1206 2281
f 1205 1206 2270
f 2281 2735 1612
f 1206 2735 2281
f 1207 2349 1208
f 1207 1203 2349
f 2349 2268 1208
f 2268 1209 1208
f 2268 2267 1209
f 2267 1210 1209
f 1210 1583 2716
f 2267 1583 1210
f 1203 743 745
f 1203 1207 743
f 858 860 2261
f 860 1211 2261
f 2261 1212 2258
f 1211 1212 2261
f 2258 1213 2254
f 2254 1213 2253
f 1212 1213 2258
f 2253 1214 2252
f 1213 1214 2253
f 1214 1215 2252
f 2252 745 744
f 1215 745 2252
f 265 264 2275
f 1216 3151 2279
f 3341 265 2275
f 1217 3154 2276
f 1217 1216 2279
f 1218 3152 2273
f 1218 3342 2276
f 1219 3150 3149
f 1219 3343 2273
f 1220 3149 1221
f 1220 3344 3149
f 840 1221 841
f 840 3345 1221
f 1344 587 1222
f 1223 1222 3181
f 1223 1344 1222
f 1224 3181 2328
f 1224 3346 3181
f 1225 3180 2326
f 1225 3347 2328
f 1226 3179 2324
f 1226 3348 2326
f 1227 3178 3174
f 1227 3349 2324
f 1372 2319 3169
f 1372 3350 2319
f 1372 2312 2314
f 1369 1372 2314
f 3289 2300 3159
f 1228 3289 3159
f 1229 2289 3155
f 1229 3351 2289
f 3290 2282 2277
f 3290 3352 2282
f 1530 1532 261
f 1530 261 1230
f 553 555 1230
f 555 1530 1230
f 2704 1231 1232
f 1518 1231 2704
f 3354 3353 2980
f 3543 2979 3473
f 743 1233 3071
f 3071 1233 1234
f 1234 1235 1236
f 1233 1235 1234
f 1236 1237 1238
f 1235 1237 1236
f 1238 1519 251
f 1237 1519 1238
f 2549 2056 2058
f 2549 2054 2056
f 2549 2052 2054
f 2549 2050 2052
f 2551 1576 2549
f 2046 1575 2045
f 2048 1575 2046
f 2050 1575 2048
f 2549 1575 2050
f 1576 1575 2549
f 2553 1577 2551
f 2551 1577 1576
f 1575 1574 2045
f 1568 1578 2553
f 2553 1578 1577
f 1568 2545 1578
f 2547 1870 1569
f 1870 1869 1569
f 1569 1869 1568
f 1568 1869 2545
f 1239 1240 1241
f 1242 1240 1239
f 3357 1243 1244
f 3356 1243 3357
f 3360 1245 1246
f 3359 1245 3360
f 3362 1207 1208
f 3361 1207 3362
f 3136 1247 3137
f 3497 3363 1248
f 3545 1249 3364
f 3546 3365 3355
f 3547 3358 3544
f 2524 2525 1572
f 2524 1572 1571
f 2524 1571 2554
f 2524 2554 2561
f 2561 2554 2559
f 2559 2554 2556
f 1572 2525 1585
f 1572 1585 1586
f 1572 1586 1588
f 1572 1588 1590
f 1572 1590 1592
f 1572 1592 1573
f 1573 1592 1574
f 2554 1571 2563
f 2563 1571 2224
f 2224 1571 1567
f 1567 1571 1570
f 1567 1570 1566
f 528 240 529
f 529 240 239
f 1958 2257 1957
f 2257 2255 1957
f 1957 2255 1956
f 2255 2256 1956
f 1956 2256 1839
f 2256 1837 1839
f 1958 247 2257
f 248 247 1958
f 1250 1251 1252
f 1253 1252 1254
f 1253 1250 1252
f 1255 1254 1256
f 1255 1253 1254
f 1257 1255 1256
f 238 1258 1259
f 1515 1258 238
f 1259 1260 1261
f 3370 1260 1259
f 1261 1264 1262
f 3371 1264 1261
f 1262 3373 1263
f 1263 3369 1256
f 3549 3369 1263
f 1265 1266 1267
f 1267 1266 1268
f 1268 1269 1270
f 1266 1269 1268
f 1270 1511 235
f 1269 1511 1270
f 592 1271 1272
f 592 588 1271
f 1271 1273 1274
f 3001 1273 1271
f 1274 1275 1276
f 3376 1275 1274
f 1276 1277 1267
f 3377 1277 1276
f 3378 1265 1267
f 1278 1279 583
f 1279 584 583
f 1280 1279 1281
f 1281 1279 1278
f 3367 3379 3380
f 3366 3379 3367
f 1282 1284 1285
f 1283 1284 1282
f 1285 1286 1287
f 3381 1286 1285
f 3382 1288 1287
f 1289 843 1290
f 1287 3383 1289
f 1289 3108 843
f 3551 3108 1289
f 1403 1291 1401
f 1398 1292 1399
f 1401 1292 1398
f 1291 1292 1401
f 1293 1294 1295
f 1399 1294 1293
f 1292 1294 1399
f 1295 1283 1282
f 1294 1283 1295
f 1296 1297 1298
f 3386 1299 1298
f 1298 3388 1300
f 3554 1301 1300
f 1300 3389 1302
f 1302 1303 1403
f 3555 1303 1302
f 3390 1291 1403
f 1304 1297 1296
f 1304 1296 1305
f 1304 1305 1306
f 1307 1304 1306
f 1308 1306 1309
f 1308 1307 1306
f 1310 3391 3392
f 1311 3391 1310
f 1312 1313 3393
f 1313 3394 3393
f 846 1313 1312
f 847 1313 846
f 3173 615 2363
f 3172 3195 3196
f 3172 2318 3195
f 2317 2364 2365
f 2320 2317 2365
f 2363 615 614
f 610 2477 611
f 3308 1976 3022
f 3308 871 1976
f 3527 1977 3021
f 3307 2478 3480
f 2477 1975 611
f 3372 3368 3057
f 1314 3484 618
f 1314 3548 3057
f 3009 3395 618
f 3384 3109 3016
f 1315 3016 1969
f 1315 3552 3016
f 3011 1969 632
f 3011 3396 1969
f 3047 3003 3375
f 3047 3550 1316
f 2023 3047 1316
f 2023 3397 3138
f 2018 2023 3138
f 3032 3387 1317
f 3032 3385 3553
f 1991 3398 3010
f 1991 3032 3556
f 630 1991 3476
f 234 232 1998
f 2225 234 1998
f 231 230 232
f 233 231 232
f 1871 1961 213
f 1961 214 213
f 1871 1959 1961
f 1871 1873 1959
f 2245 2236 2247
f 2238 2236 2245
f 2236 2248 2247
f 2236 2235 2248
f 2235 2250 2248
f 2235 2234 2250
f 2113 3085 2176
f 3085 2526 2176
f 2106 2097 3340
f 2097 2527 2526
f 2527 2095 2528
f 2097 2095 2527
f 2528 2089 2529
f 2095 2089 2528
f 2529 2093 2530
f 2089 2093 2529
f 2530 2096 2061
f 2093 2096 2530
f 2519 2061 2102
f 2102 2061 2096
f 1528 2517 1529
f 1528 2130 2517
f 2130 2518 2517
f 2130 2137 2518
f 2137 2451 2518
f 2137 2135 2451
f 3403 3094 1615
f 1615 2126 1617
f 3094 2126 1615
f 1617 2126 1619
f 2126 2129 1619
f 2129 1621 1619
f 2129 205 1621
f 2129 204 205
f 2519 2111 2520
f 2102 2111 2519
f 2520 2119 2521
f 2111 2119 2520
f 2521 2122 2522
f 2119 2122 2521
f 2522 2125 1614
f 2122 2125 2522
f 2223 2085 2562
f 2085 2084 2562
f 2562 2084 2564
f 2084 2082 2564
f 2564 2082 2557
f 2082 2555 2557
f 2082 2080 2555
f 2080 2558 2555
f 2080 2078 2558
f 2078 2560 2558
f 2078 2075 2560
f 2560 2072 2523
f 2075 2072 2560
f 2072 2070 2059
f 2072 2059 2523
f 2070 2066 2059
f 2059 2066 2548
f 2548 2063 2550
f 2066 2063 2548
f 2550 2069 2552
f 2063 2069 2550
f 2069 202 2552
f 2069 200 202
f 203 2546 201
f 203 2074 2546
f 2074 1872 2546
f 1872 1868 2546
f 1906 2024 2022
f 1906 1908 2024
f 1902 1906 2022
f 1899 2022 2020
f 1899 1902 2022
f 1899 2020 2593
f 2593 2030 2596
f 2020 2030 2593
f 2030 2566 2596
f 2030 2031 2566
f 2567 2566 2031
f 2567 2031 2036
f 2569 2036 2037
f 2569 2567 2036
f 2571 2037 2043
f 2571 2569 2037
f 1904 1905 2588
f 1905 2330 2588
f 2588 2330 2590
f 2590 2331 2592
f 2330 2331 2590
f 2592 2331 2580
f 2331 2335 2580
f 2580 2335 2581
f 2581 2335 2584
f 2584 192 194
f 2335 192 2584
f 198 199 2573
f 2573 2347 2575
f 199 2347 2573
f 2575 2342 2579
f 2347 2342 2575
f 2342 2572 2579
f 2570 2572 2342
f 2570 2342 2341
f 2339 2570 2341
f 2568 2570 2339
f 2336 2568 2339
f 2565 2568 2336
f 2336 2595 2565
f 2336 2334 2595
f 2334 2325 2594
f 2334 2594 2595
f 2325 1900 2594
f 2327 1900 2325
f 1901 1900 2327
f 1901 2327 2329
f 2537 1901 2329
f 1903 1901 2537
f 2263 2599 2598
f 2263 2601 2599
f 2601 2262 2603
f 2263 2262 2601
f 2262 2154 2603
f 2154 2155 2603
f 2290 2607 2606
f 2290 2274 2607
f 2274 2609 2607
f 2274 2269 2609
f 2609 2263 2598
f 2269 2263 2609
f 2612 2292 2614
f 2292 2291 2614
f 2291 2616 2614
f 2291 2290 2616
f 2290 2618 2616
f 2618 2290 2606
f 2622 2623 2295
f 2622 2295 2294
f 2619 2294 2293
f 2619 2622 2294
f 2612 2293 2292
f 2612 2619 2293
f 2287 2623 2626
f 2287 2295 2623
f 2271 2287 2626
f 2271 2626 2628
f 2271 2628 2163
f 2161 2536 2272
f 2271 2161 2272
f 2163 2161 2271
f 2161 2157 2536
f 2620 2611 1990
f 2620 1990 1992
f 2621 1992 2001
f 2621 2620 1992
f 2624 2001 1993
f 2624 2621 2001
f 1993 2625 2624
f 2625 1978 2627
f 1993 1978 2625
f 2627 1978 2162
f 1968 2162 1978
f 2160 2162 1968
f 2158 2160 1968
f 1970 2158 1968
f 2159 2158 1970
f 2081 2087 1914
f 2087 2221 1914
f 1922 1925 2068
f 1922 2068 2065
f 1921 2065 2062
f 1921 1922 2065
f 1920 2062 2064
f 1920 1921 2062
f 1919 2064 2067
f 1919 1920 2064
f 1918 2067 2071
f 1918 1919 2067
f 1917 2071 2073
f 1917 1918 2071
f 1916 2073 2076
f 1916 1917 2073
f 1915 2076 2077
f 1915 1916 2076
f 2079 1915 2077
f 1913 1915 2079
f 1914 2079 2081
f 1914 1913 2079
f 1879 1925 1880
f 1879 2068 1925
f 191 2149 171
f 191 1923 1924
f 191 1924 2149
f 2222 189 190
f 1910 2222 190
f 1912 2222 1911
f 1911 2222 1910
f 167 2343 168
f 168 2343 2430
f 2430 2346 2431
f 2343 2346 2430
f 2431 2348 2432
f 2346 2348 2431
f 2432 2345 2433
f 2348 2345 2432
f 2433 2344 2434
f 2345 2344 2433
f 2434 2340 2435
f 2344 2340 2434
f 2435 2338 2436
f 2340 2338 2435
f 2436 151 153
f 2338 151 2436
f 149 2337 150
f 150 2337 2387
f 2387 2333 2388
f 2337 2333 2387
f 2388 2332 2389
f 2333 2332 2388
f 2389 2316 2390
f 2332 2316 2389
f 2390 2315 2391
f 2316 2315 2390
f 2391 2303 2392
f 2315 2303 2391
f 2392 2301 2393
f 2303 2301 2392
f 2393 133 135
f 2301 133 2393
f 132 131 2409
f 2409 2029 2410
f 131 2029 2409
f 2029 2411 2410
f 2029 2412 2411
f 2029 2032 2412
f 2412 2032 2413
f 2413 2033 2414
f 2032 2033 2413
f 2414 2033 2415
f 2415 118 120
f 2033 118 2415
f 2028 2396 1995
f 2394 2396 2028
f 2394 2025 2395
f 2028 2025 2394
f 2397 1994 2396
f 1994 1995 2396
f 2017 2395 2025
f 2401 2395 2017
f 1985 2397 2398
f 1985 1994 2397
f 2401 2011 2400
f 2017 2011 2401
f 2399 1985 2398
f 1986 1985 2399
f 2400 1986 2399
f 2011 1986 2400
f 2207 2228 2229
f 2207 2204 2228
f 2204 2227 2228
f 2204 2226 2227
f 2204 2203 2226
f 2481 2226 2203
f 2631 2587 2206
f 2229 2206 2207
f 2229 2631 2206
f 2203 2480 2481
f 2203 2479 2480
f 2203 2202 2479
f 3132 2591 2582
f 3132 2208 2591
f 2208 2589 2591
f 2208 2586 2589
f 2208 2587 2586
f 2208 2206 2587
f 2485 2202 113
f 2485 2479 2202
f 115 2485 113
f 2218 2697 1555
f 3134 1553 2697
f 3134 2696 1553
f 2213 2212 2696
f 3133 2585 1552
f 2212 3374 2585
f 3374 3132 2582
f 2212 2210 2583
f 3135 2213 1554
f 1878 110 111
f 1878 111 2190
f 1874 2190 2192
f 1874 1878 2190
f 1875 2192 2188
f 1875 1874 2192
f 2214 2216 2578
f 2578 2216 2577
f 2577 2216 2576
f 2216 2220 2576
f 2220 2574 2576
f 2220 1555 2574
f 2220 2218 1555
f 2484 2188 2189
f 2484 1875 2188
f 2483 2484 2189
f 2629 2215 2214
f 2629 1936 2215
f 2578 2629 2214
f 2483 1406 2482
f 2189 1406 2483
f 2482 1406 1405
f 2199 1945 1947
f 2199 2205 1945
f 1945 2209 1943
f 2205 2209 1945
f 1943 2211 1940
f 2209 2211 1943
f 1940 2217 1938
f 2211 2217 1940
f 1938 2219 1937
f 2217 2219 1938
f 1937 2215 1936
f 2219 2215 1937
f 1955 1405 1406
f 2632 2613 2198
f 2632 2198 2199
f 1947 2632 2199
f 1955 2194 1953
f 1406 2194 1955
f 1953 2194 1951
f 1951 2197 1950
f 2194 2197 1951
f 86 2201 2617
f 87 2201 86
f 2617 2201 2615
f 2201 2200 2615
f 2200 2613 2615
f 2200 2198 2613
f 1950 2197 2196
f 2630 1950 2196
f 2605 2630 2196
f 2191 2195 2597
f 2597 2195 2610
f 2610 2195 2608
f 2608 80 82
f 2195 80 2608
f 2605 2193 2604
f 2196 2193 2605
f 2604 2193 2602
f 2602 2193 2600
f 2600 2191 2597
f 2193 2191 2600
f 2145 78 79
f 1597 78 2145
f 2146 1597 2145
f 1596 1597 2146
f 2148 1596 2146
f 1593 1596 2148
f 2544 2460 2233
f 2544 2233 2232
f 2237 2544 2232
f 2543 2544 2237
f 2239 2543 2237
f 2459 2543 2239
f 2542 55 54
f 2542 54 2134
f 2541 2134 2138
f 2541 2542 2134
f 2540 2541 2138
f 2140 2540 2138
f 2539 2540 2140
f 2538 2140 25
f 2538 2539 2140
f 27 2538 25
f 2098 50 51
f 2150 50 2098
f 2110 2150 2098
f 2153 2150 2110
f 2114 2153 2110
f 2156 2153 2114
f 2117 2156 2114
f 2535 2156 2117
f 2534 2535 2117
f 2121 2534 2117
f 2533 2534 2121
f 2532 2533 2121
f 2120 2532 2121
f 2531 2532 2120
f 1582 2120 2118
f 1582 2531 2120
f 1579 1582 2118
f 2264 2260 2468
f 2264 2468 2470
f 2265 2264 2472
f 2472 2264 2470
f 2468 2259 2465
f 2260 2259 2468
f 2472 2288 2265
f 2472 2473 2288
f 2259 2278 2462
f 2259 2462 2465
f 2476 2288 2473
f 2283 2288 2476
f 2278 2280 2462
f 2462 2280 2464
f 2283 2464 2280
f 2476 2464 2283
f 2147 2144 2178
f 2178 2144 2241
f 2241 2144 2242
f 2242 1 3
f 2144 1 2242

