# https://github.com/mikedh/trimesh

o right_arm_link6
v 0.03118937 -0.05250000 0.02301881
v 0.03581320 -0.05250000 0.01483431
v 0.03821624 -0.05250000 0.00649320
v 0.03859461 -0.05250000 -0.00361914
v 0.03634283 -0.05250000 -0.01348484
v 0.03282236 -0.05250000 -0.02062366
v 0.02741024 -0.05250000 -0.02741024
v 0.01483431 -0.05250000 -0.03581320
v 0.00649320 -0.05250000 -0.03821624
v -0.00577746 -0.05250000 -0.03833097
v -0.01811317 -0.05250000 -0.03427179
v -0.03282236 -0.05250000 -0.02062366
v -0.03658863 -0.05250000 -0.01280291
v -0.03859461 -0.05250000 -0.00361914
v -0.03821624 -0.05250000 0.00649320
v -0.03608433 -0.05250000 0.01416205
v -0.03118937 -0.05250000 0.02301881
v -0.01746916 -0.05250000 0.03460449
v -0.00577746 -0.05250000 0.03833097
v 0.00289683 -0.05250000 0.03865554
v 0.01348484 -0.05250000 0.03634283
v 0.02062366 -0.05250000 0.03282236
v -0.00146615 -0.05239443 -0.03918372
v -0.00584412 -0.05239443 -0.03877319
v -0.00800895 -0.05239443 -0.03838451
v -0.01085504 -0.05239443 -0.03767867
v -0.01295062 -0.05239443 -0.03701075
v -0.01634951 -0.05239443 -0.03563997
v -0.01896717 -0.05239443 -0.03431851
v -0.02269037 -0.05239443 -0.03197908
v -0.02435858 -0.05245261 -0.03054470
v -0.02710395 -0.05245261 -0.02813707
v -0.03065651 -0.05239443 -0.02444775
v -0.03197908 -0.05239443 -0.02269037
v -0.03358531 -0.05239443 -0.02023712
v -0.03563997 -0.05239443 -0.01634951
v -0.03662803 -0.05245261 -0.01359066
v -0.03767867 -0.05239443 -0.01085504
v -0.03838451 -0.05239443 -0.00800895
v -0.03887569 -0.05239443 -0.00511808
v -0.03914946 -0.05239443 -0.00219859
v 0.02710395 -0.05245261 0.02813707
v 0.02435858 -0.05245261 0.03054470
v 0.02208843 -0.05239443 0.03239777
v 0.01960557 -0.05239443 0.03395785
v 0.01760625 -0.05245261 0.03487605
v 0.01432544 -0.05239443 0.03650063
v 0.01155769 -0.05239443 0.03746910
v 0.00728981 -0.05239443 0.03852756
v 0.00439026 -0.05239443 0.03896460
v 0.00146615 -0.05239443 0.03918372
v 0.00000000 -0.05245261 0.03906813
v -0.00366089 -0.05239443 0.03903987
v -0.00656811 -0.05239443 0.03865713
v -0.00943860 -0.05239443 0.03805820
v -0.01364041 -0.05239443 0.03676211
v -0.01634951 -0.05239443 0.03563997
v -0.02023712 -0.05239443 0.03358531
v -0.02269037 -0.05239443 0.03197908
v -0.02444775 -0.05239443 0.03065651
v -0.02813707 -0.05245261 0.02710395
v -0.03054470 -0.05245261 0.02435858
v -0.03197908 -0.05239443 0.02269037
v -0.03431851 -0.05239443 0.01896717
v -0.03563997 -0.05239443 0.01634951
v -0.03676211 -0.05239443 0.01364041
v -0.03767867 -0.05239443 0.01085504
v -0.03838451 -0.05239443 0.00800895
v -0.03887569 -0.05239443 0.00511808
v -0.03920429 -0.05239443 0.00073320
v 0.00146615 -0.05239443 -0.03918372
v 0.00439026 -0.05239443 -0.03896460
v 0.00656811 -0.05239443 -0.03865713
v 0.00943860 -0.05239443 -0.03805820
v 0.01155769 -0.05239443 -0.03746910
v 0.01432544 -0.05239443 -0.03650063
v 0.01701308 -0.05239443 -0.03532802
v 0.02086159 -0.05239443 -0.03320103
v 0.02208843 -0.05239443 -0.03239777
v 0.02444775 -0.05239443 -0.03065651
v 0.03054470 -0.05245261 -0.02435858
v 0.03239777 -0.05239443 -0.02208843
v 0.03395785 -0.05239443 -0.01960557
v 0.03487605 -0.05245261 -0.01760625
v 0.03650063 -0.05239443 -0.01432544
v 0.03746910 -0.05239443 -0.01155769
v 0.03822804 -0.05239443 -0.00872530
v 0.03896460 -0.05239443 -0.00439026
v 0.03918372 -0.05239443 -0.00146615
v 0.03918372 -0.05239443 0.00146615
v 0.03877319 -0.05239443 0.00584412
v 0.03787506 -0.05239443 0.01014859
v 0.03701075 -0.05239443 0.01295062
v 0.03593946 -0.05239443 0.01568022
v 0.03395785 -0.05239443 0.01960557
v 0.03239777 -0.05239443 0.02208843
v 0.03065651 -0.05239443 0.02444775
v 0.00600000 -0.00000000 0.04900000
v 0.00587718 0.00120779 0.04900000
v 0.00594597 0.00080338 0.05450000
v 0.00572484 0.00179618 0.04900000
v 0.00524608 0.00291181 0.04900000
v 0.00551375 0.00236614 0.05450000
v 0.00455255 0.00390823 0.04900000
v 0.00492458 0.00342761 0.05450000
v 0.00367264 0.00474465 0.04900000
v 0.00413380 0.00434876 0.05450000
v 0.00264236 0.00538683 0.04900000
v 0.00317378 0.00509187 0.05450000
v 0.00150392 0.00580846 0.04900000
v 0.00208383 0.00562651 0.05450000
v 0.00090857 0.00593081 0.04900000
v 0.00090857 0.00593081 0.05450000
v -0.00030390 0.00599230 0.04900000
v -0.00053565 0.00597604 0.05450000
v -0.00208383 0.00562651 0.04900000
v -0.00210702 0.00561787 0.05450000
v -0.00317378 0.00509187 0.04900000
v -0.00317378 0.00509187 0.05450000
v -0.00413380 0.00434876 0.04900000
v -0.00414638 0.00433677 0.05450000
v -0.00492458 0.00342761 0.04900000
v -0.00492458 0.00342761 0.05450000
v -0.00551763 0.00235708 0.05450000
v -0.00551375 0.00236614 0.04900000
v -0.00587718 0.00120779 0.04900000
v -0.00587718 0.00120779 0.05450000
v -0.00599406 0.00026685 0.05450000
v -0.00600000 -0.00000000 0.04900000
v -0.00530180 0.00146320 0.05500000
v -0.00430027 0.00342895 0.05500000
v -0.00260628 0.00484328 0.05500000
v 0.00545047 0.00073643 0.05500000
v 0.00495533 0.00238636 0.05500000
v 0.00414189 0.00361866 0.05500000
v 0.00282036 0.00472182 0.05500000
v 0.00122387 0.00536210 0.05500000
v -0.00024676 0.00549446 0.05500000
v 0.00024676 -0.00549446 0.05500000
v -0.00122387 -0.00536210 0.05500000
v 0.00260628 -0.00484328 0.05500000
v 0.00530180 -0.00146320 0.05500000
v -0.00545047 -0.00073643 0.05500000
v -0.00282036 -0.00472182 0.05500000
v 0.00430027 -0.00342895 0.05500000
v -0.00495533 -0.00238636 0.05500000
v -0.00414189 -0.00361866 0.05500000
v 0.00587718 -0.00120779 0.05450000
v 0.00492458 -0.00342761 0.05450000
v 0.00317378 -0.00509187 0.05450000
v -0.00594597 -0.00080338 0.05450000
v -0.00551375 -0.00236614 0.05450000
v -0.00492458 -0.00342761 0.05450000
v -0.00413380 -0.00434876 0.05450000
v -0.00317378 -0.00509187 0.05450000
v -0.00208383 -0.00562651 0.05450000
v -0.00090857 -0.00593081 0.05450000
v 0.00053565 -0.00597604 0.05450000
v 0.00210702 -0.00561787 0.05450000
v 0.00414638 -0.00433677 0.05450000
v 0.00551763 -0.00235708 0.05450000
v 0.00599406 -0.00026685 0.05450000
v -0.00587718 -0.00120779 0.04900000
v -0.00572484 -0.00179618 0.04900000
v -0.00524608 -0.00291181 0.04900000
v -0.00455255 -0.00390824 0.04900000
v -0.00367264 -0.00474465 0.04900000
v -0.00264236 -0.00538683 0.04900000
v -0.00150392 -0.00580846 0.04900000
v -0.00090857 -0.00593081 0.04900000
v 0.00030390 -0.00599230 0.04900000
v 0.00208383 -0.00562651 0.04900000
v 0.00317378 -0.00509187 0.04900000
v 0.00413380 -0.00434876 0.04900000
v 0.00492458 -0.00342761 0.04900000
v 0.00551375 -0.00236614 0.04900000
v 0.00587718 -0.00120779 0.04900000
v -0.00643986 0.00274377 0.04900000
v -0.00591633 0.00374126 0.04900000
v -0.00000000 0.00700000 0.04900000
v 0.00300085 0.00632415 0.04900000
v 0.00504846 0.00484903 0.04900000
v 0.00643986 -0.00274377 0.04900000
v -0.00484907 0.00504842 0.04900000
v 0.00699441 -0.00027964 0.04900000
v 0.00591633 -0.00374126 0.04900000
v -0.00300085 -0.00632415 0.04900000
v -0.00699441 0.00027964 0.04900000
v -0.00274275 0.00644029 0.04900000
v 0.00679659 0.00167521 0.04900000
v 0.00274275 -0.00644029 0.04900000
v 0.00484907 -0.00504842 0.04900000
v -0.00504846 -0.00484903 0.04900000
v -0.00000000 -0.00700000 0.04900000
v -0.00679659 -0.00167521 0.04900000
v -0.00717027 -0.00219938 0.04850000
v -0.00744557 -0.00090194 0.04850000
v -0.00665417 -0.00346006 0.04850000
v -0.00561383 -0.00497342 0.04850000
v -0.00426049 -0.00617238 0.04850000
v -0.00265954 -0.00701262 0.04850000
v -0.00090403 -0.00744532 0.04850000
v 0.00068112 -0.00746901 0.04850000
v 0.00265954 -0.00701262 0.04850000
v 0.00426049 -0.00617238 0.04850000
v 0.00591855 -0.00460660 0.04850000
v 0.00664092 -0.00348542 0.04850000
v 0.00740288 -0.00120308 0.04850000
v 0.00717027 0.00219938 0.04850000
v 0.00744557 0.00090194 0.04850000
v 0.00665417 0.00346006 0.04850000
v 0.00561383 0.00497342 0.04850000
v 0.00426049 0.00617238 0.04850000
v 0.00265954 0.00701262 0.04850000
v 0.00030199 0.00749392 0.04850000
v -0.00068112 0.00746901 0.04850000
v -0.00265954 0.00701262 0.04850000
v -0.00426049 0.00617238 0.04850000
v -0.00591855 0.00460660 0.04850000
v -0.00664092 0.00348542 0.04850000
v -0.00740288 0.00120308 0.04850000
v 0.00741085 0.00957555 0.04438609
v 0.00853527 0.00806816 0.04418590
v 0.00736066 0.00564219 0.04500728
v 0.00854620 0.00207251 0.04505184
v 0.00877608 0.00037011 0.04498946
v 0.00851237 -0.00217920 0.04500134
v 0.00652229 -0.00595650 0.04526934
v -0.00221376 -0.00863138 0.04572815
v -0.00666951 -0.01010505 0.04450263
v -0.01158136 -0.00352789 0.04348461
v -0.00426242 -0.00831383 0.04537608
v -0.00646833 -0.00668083 0.04513790
v -0.00738009 -0.00484894 0.04526521
v -0.00854599 -0.00207210 0.04505210
v -0.00877603 -0.00037045 0.04498938
v -0.00868054 0.00133837 0.04498314
v -0.00501082 0.01102244 0.04471987
v 0.00205614 0.01158821 0.04495320
v -0.00753788 0.00455982 0.04513371
v -0.00376587 0.00804428 0.04556270
v -0.00212612 0.00864276 0.04567491
v -0.00182055 0.00965346 0.04529080
v -0.00524937 0.00713489 0.04541984
v 0.00197152 0.01088827 0.04499996
v 0.00046791 0.01026710 0.04519574
v -0.00039580 0.00890343 0.04574003
v 0.00365523 0.01154240 0.04485094
v 0.00017497 0.01210545 0.04499850
v -0.00367039 0.01117950 0.04485053
v -0.00128965 0.01099312 0.04502240
v -0.00193073 0.01195228 0.04495766
v -0.00422124 0.00979100 0.04489560
v -0.00675022 0.00962475 0.04449211
v -0.00539373 0.00963039 0.04471489
v -0.00612212 0.00759742 0.04490253
v -0.00746111 0.00623461 0.04470531
v -0.00777163 0.00689394 0.04445973
v -0.00894094 0.00702333 0.04411472
v -0.00890684 0.00378818 0.04445601
v -0.01070762 0.00479116 0.04370917
v -0.00799591 -0.00370533 0.04516131
v -0.01048539 0.00089563 0.04387027
v -0.01078740 -0.00179294 0.04373610
v -0.00940328 -0.00222645 0.04439650
v -0.00988361 -0.00366230 0.04401811
v -0.00995908 -0.00688541 0.04388415
v -0.00811424 -0.00680490 0.04438012
v -0.00853526 -0.00806782 0.04418514
v -0.00674126 -0.00735854 0.04479410
v -0.00642178 -0.00895970 0.04458771
v -0.00390481 -0.00948277 0.04504532
v -0.00500930 -0.01102303 0.04472028
v -0.00048277 -0.00890140 0.04575157
v -0.00028608 -0.00936471 0.04552792
v 0.00799602 0.00370484 0.04516147
v -0.00197276 -0.01088933 0.04500111
v 0.00289891 -0.00961376 0.04515595
v -0.00355145 -0.01047176 0.04490597
v -0.00334441 -0.01163693 0.04487572
v 0.00019899 -0.01106906 0.04504221
v -0.00167295 -0.01199122 0.04496858
v 0.00141050 -0.01168570 0.04497876
v 0.00134169 -0.00973452 0.04531018
v 0.00236323 -0.01080729 0.04497771
v 0.00377659 -0.01150313 0.04484090
v 0.00000005 -0.01210780 0.04500009
v 0.00535599 -0.00817470 0.04499956
v 0.00715282 -0.00659859 0.04475375
v 0.00894118 -0.00702302 0.04411471
v 0.00871694 -0.00422141 0.04449041
v 0.00960228 -0.00437610 0.04406382
v 0.01070822 -0.00479088 0.04370897
v 0.00491536 -0.00988832 0.04477010
v 0.00594088 -0.01054920 0.04460597
v 0.00724038 -0.00775673 0.04450747
v 0.00694969 -0.00991316 0.04445968
v 0.00599667 0.00799966 0.04489716
v 0.00802539 0.00751696 0.04432902
v 0.00958620 -0.00242186 0.04424233
v 0.00986399 -0.00051686 0.04419230
v 0.00977920 0.00140623 0.04422175
v 0.01078719 0.00179316 0.04373647
v 0.01161479 0.00341863 0.04347555
v 0.01024374 0.00386397 0.04386783
v 0.01011994 0.00664630 0.04384776
v 0.00304955 0.00836674 0.04569458
v 0.00898151 0.00418784 0.04440011
v 0.00567543 0.00989213 0.04465478
v 0.00409514 -0.00628660 0.04766221
v 0.00557904 0.00636502 0.04578324
v 0.00670062 0.00513937 0.04565680
v -0.00409514 0.00628660 0.04766219
v -0.00621253 0.00423972 0.04727617
v -0.00552326 0.00510550 0.04729668
v -0.00291384 0.00704291 0.04689747
v -0.00691993 0.00294640 0.04725614
v -0.00747739 0.00081103 0.04724820
v -0.00721910 -0.00211217 0.04728139
v -0.00666823 -0.00347999 0.04731070
v -0.00510648 -0.00552380 0.04736455
v -0.00393091 -0.00641461 0.04738894
v -0.00260390 -0.00705815 0.04740418
v -0.00081078 -0.00747979 0.04740781
v 0.00066409 -0.00749360 0.04739790
v 0.00211332 -0.00722022 0.04737805
v 0.00499665 -0.00562266 0.04731185
v 0.00621253 -0.00423972 0.04727612
v 0.00691993 -0.00294640 0.04725607
v 0.00736165 -0.00153983 0.04724747
v 0.00745020 0.00102998 0.04726388
v 0.00721913 0.00211212 0.04728141
v 0.00666837 0.00347996 0.04731078
v 0.00510660 0.00552365 0.04736456
v 0.00393083 0.00641438 0.04738893
v 0.00294699 0.00692181 0.04740131
v 0.00081057 0.00747994 0.04740774
v -0.00653778 -0.00391075 0.04681345
v -0.00454522 -0.00611976 0.04692042
v 0.00220980 -0.00729588 0.04692118
v 0.00325552 -0.00689075 0.04688474
v 0.00652914 -0.00391829 0.04672667
v 0.00760369 -0.00038023 0.04669058
v 0.00688874 0.00325024 0.04678551
v 0.00653793 0.00391076 0.04681360
v -0.00480509 0.00620661 0.04632793
v -0.00350521 0.00703083 0.04641089
v -0.00552579 0.00573189 0.04611262
v -0.00255187 0.00756378 0.04631488
v -0.00113924 0.00805497 0.04623403
v 0.00093053 0.00793861 0.04641040
v 0.00537416 0.00919198 0.04479110
v 0.00000333 0.00762534 0.04696885
v 0.00135378 0.00880965 0.04574655
v -0.00148438 0.00747804 0.04694119
v -0.00211342 0.00722023 0.04737798
v 0.00424194 0.00781600 0.04562122
v -0.00661381 0.00522134 0.04553626
v -0.00687213 0.00356941 0.04634801
v -0.00723307 0.00254920 0.04650857
v -0.00769637 -0.00084452 0.04633551
v -0.00749206 -0.00196509 0.04637203
v 0.00406796 -0.00660371 0.04653294
v 0.00499041 -0.00593285 0.04647687
v 0.00687219 -0.00356937 0.04634788
v 0.00731893 -0.00252294 0.04632005
v 0.00764650 0.00122121 0.04634607
v 0.00358038 0.00689118 0.04665552
v -0.00776803 0.00099629 0.04611698
v -0.00571556 -0.00538846 0.04638886
v -0.00455642 -0.00640653 0.04646479
v -0.00213076 -0.00757443 0.04654467
v -0.00093127 -0.00793862 0.04641071
v 0.00571577 0.00538842 0.04638900
v 0.00455648 0.00640631 0.04646480
v 0.00213034 0.00757426 0.04654440
v -0.00771163 0.00240343 0.04574813
v -0.00807183 -0.00163330 0.04559655
v -0.00717418 -0.00375315 0.04591035
v 0.00034283 -0.00813075 0.04625645
v 0.00799219 -0.00196217 0.04554813
v 0.00822053 -0.00037215 0.04554142
v 0.00814006 0.00123583 0.04558030
v 0.00717420 0.00375314 0.04591063
v 0.00388922 0.00714214 0.04620202
v -0.00808175 0.00229519 0.04536788
v -0.00670056 -0.00513912 0.04565641
v -0.00493117 -0.00688979 0.04584139
v 0.00300582 -0.00792525 0.04587099
v 0.00448616 -0.00717078 0.04575536
v 0.00708641 -0.00454458 0.04548103
v 0.03441595 -0.04770000 -0.02899211
v 0.03340418 -0.04770000 -0.03015230
v 0.02933077 -0.04770000 -0.03346715
v 0.03107190 -0.04770000 -0.03255053
v 0.02984052 -0.04770000 -0.03368298
v 0.02899211 -0.04770000 -0.03441595
v 0.03346715 -0.04770000 -0.02933077
v 0.03226033 -0.04770000 -0.03137309
v 0.03305356 -0.04770000 -0.02914965
v 0.02905495 -0.04770000 -0.03294404
v 0.03199658 -0.04770000 -0.02810749
v 0.02784953 -0.04770000 -0.03169869
v 0.03135045 -0.04770000 -0.02762786
v 0.03057471 -0.04770000 -0.02735217
v 0.02762786 -0.04770000 -0.03135045
v 0.02895644 -0.04770000 -0.02752971
v 0.02735217 -0.04770000 -0.03057471
v 0.02752971 -0.04770000 -0.02895644
v 0.02731844 -0.04770000 -0.02975214
v 0.02975214 -0.04770000 -0.02731844
v 0.02825893 -0.04770000 -0.02796703
v 0.02931297 -0.04933530 -0.03391293
v 0.02913320 -0.04930408 -0.03427019
v 0.02905495 -0.04951614 -0.03294404
v 0.02810749 -0.05018409 -0.03199658
v 0.03097334 -0.05091351 -0.02746096
v 0.02934676 -0.05168070 -0.02739402
v 0.02743752 -0.05095454 -0.03090457
v 0.02730235 -0.05141817 -0.03001070
v 0.02749194 -0.05177372 -0.02904786
v 0.02775203 -0.05188688 -0.02854458
v 0.02880521 -0.05183583 -0.02760093
v 0.03016525 -0.05134694 -0.02730437
v 0.03199658 -0.05018409 -0.02810749
v 0.03294404 -0.04951614 -0.02905495
v 0.03369378 -0.04936425 -0.02934694
v 0.03283793 -0.04770000 0.03076801
v 0.03167158 -0.04770000 0.03196734
v 0.03441595 -0.04770000 0.02899211
v 0.03395888 -0.04770000 0.02952616
v 0.03346715 -0.04770000 0.02933077
v 0.02920926 -0.04770000 0.03423185
v 0.03046147 -0.04770000 0.03312248
v 0.02933077 -0.04770000 0.03346715
v 0.02914965 -0.04770000 0.03305356
v 0.03294404 -0.04770000 0.02905495
v 0.02810749 -0.04770000 0.03199658
v 0.03057471 -0.04770000 0.02735217
v 0.03135045 -0.04770000 0.02762786
v 0.03169869 -0.04770000 0.02784953
v 0.02762786 -0.04770000 0.03135045
v 0.02735217 -0.04770000 0.03057471
v 0.02895644 -0.04770000 0.02752971
v 0.02731844 -0.04770000 0.02975214
v 0.02975214 -0.04770000 0.02731844
v 0.02752971 -0.04770000 0.02895644
v 0.02796703 -0.04770000 0.02825893
v -0.02933077 -0.04770000 0.03346715
v -0.03046147 -0.04770000 0.03312248
v -0.02920926 -0.04770000 0.03423185
v -0.03395888 -0.04770000 0.02952616
v -0.03441595 -0.04770000 0.02899211
v -0.03167158 -0.04770000 0.03196734
v -0.03283793 -0.04770000 0.03076801
v -0.03346715 -0.04770000 0.02933077
v -0.03305356 -0.04770000 0.02914965
v -0.02762786 -0.04770000 0.03135045
v -0.02784953 -0.04770000 0.03169869
v -0.03199658 -0.04770000 0.02810749
v -0.02905495 -0.04770000 0.03294404
v -0.02735217 -0.04770000 0.03057471
v -0.03135045 -0.04770000 0.02762786
v -0.03057471 -0.04770000 0.02735217
v -0.02731844 -0.04770000 0.02975214
v -0.02975214 -0.04770000 0.02731844
v -0.02752971 -0.04770000 0.02895644
v -0.02825893 -0.04770000 0.02796703
v -0.02895644 -0.04770000 0.02752971
v -0.02931297 -0.04933530 0.03391293
v -0.02899211 -0.04930000 0.03441595
v -0.02905495 -0.04951614 0.03294404
v -0.02810749 -0.05018409 0.03199658
v -0.03097334 -0.05091351 0.02746096
v -0.02743752 -0.05095454 0.03090457
v -0.02730235 -0.05141817 0.03001070
v -0.02749358 -0.05177490 0.02904367
v -0.02775203 -0.05188688 0.02854458
v -0.02880521 -0.05183583 0.02760093
v -0.02934676 -0.05168070 0.02739402
v -0.03016525 -0.05134694 0.02730437
v -0.03199658 -0.05018409 0.02810749
v -0.03326999 -0.04943835 0.02927236
v -0.03412889 -0.04931361 0.02922635
v -0.02725580 -0.04930000 -0.03580672
v -0.02701352 -0.04970000 -0.03548844
v -0.02856790 -0.04930000 -0.03476888
v -0.02590602 -0.04930000 -0.03679508
v -0.02452045 -0.04930000 -0.03773258
v -0.02567575 -0.04970000 -0.03646801
v -0.02310098 -0.04930000 -0.03861793
v -0.02164959 -0.04930000 -0.03944991
v -0.02289564 -0.04970000 -0.03827466
v -0.02016827 -0.04930000 -0.04022736
v -0.01865908 -0.04930000 -0.04094922
v -0.01998900 -0.04970000 -0.03986979
v -0.01712410 -0.04930000 -0.04161448
v -0.01556546 -0.04930000 -0.04222223
v -0.01697189 -0.04970000 -0.04124457
v -0.01398530 -0.04930000 -0.04277162
v -0.01238581 -0.04930000 -0.04326190
v -0.01386098 -0.04970000 -0.04239143
v -0.01076921 -0.04930000 -0.04369238
v -0.00913772 -0.04930000 -0.04406248
v -0.01067348 -0.04970000 -0.04330400
v -0.00749360 -0.04930000 -0.04437168
v -0.00583912 -0.04930000 -0.04461956
v -0.00742699 -0.04970000 -0.04397726
v -0.00417657 -0.04930000 -0.04480576
v -0.00250826 -0.04930000 -0.04493004
v -0.00413945 -0.04970000 -0.04440749
v 0.00083647 -0.04930000 -0.04499222
v -0.00083647 -0.04930000 -0.04499222
v -0.00082904 -0.04970000 -0.04459229
v 0.00250826 -0.04930000 -0.04493004
v 0.00166765 -0.04970000 -0.04456881
v 0.00417657 -0.04930000 -0.04480576
v 0.00583912 -0.04930000 -0.04461956
v 0.00499362 -0.04970000 -0.04431957
v 0.00749360 -0.04930000 -0.04437168
v 0.00913772 -0.04930000 -0.04406248
v 0.00742699 -0.04970000 -0.04397726
v 0.01076921 -0.04930000 -0.04369238
v 0.01238581 -0.04930000 -0.04326190
v 0.01067348 -0.04970000 -0.04330400
v 0.01398530 -0.04930000 -0.04277162
v 0.01556546 -0.04930000 -0.04222223
v 0.01386098 -0.04970000 -0.04239143
v 0.01712410 -0.04930000 -0.04161448
v 0.01865908 -0.04930000 -0.04094922
v 0.01697189 -0.04970000 -0.04124457
v 0.02016827 -0.04930000 -0.04022736
v 0.02164959 -0.04930000 -0.03944991
v 0.01998900 -0.04970000 -0.03986979
v 0.02310098 -0.04930000 -0.03861793
v 0.02452045 -0.04930000 -0.03773258
v 0.02289564 -0.04970000 -0.03827466
v 0.02590602 -0.04930000 -0.03679508
v 0.02725580 -0.04930000 -0.03580672
v 0.02701352 -0.04970000 -0.03548844
v -0.02905495 -0.04951614 -0.03294404
v -0.02878740 -0.04989643 -0.03354931
v -0.02934694 -0.04936425 -0.03369378
v -0.02922635 -0.04931361 -0.03412889
v -0.02810749 -0.05018409 -0.03199658
v -0.02854458 -0.05188688 -0.02775203
v -0.02904367 -0.05177490 -0.02749358
v -0.03027092 -0.05177335 -0.02683543
v -0.03090457 -0.05095454 -0.02743752
v -0.03237560 -0.05071828 -0.02763091
v -0.03001070 -0.05141817 -0.02730235
v -0.02756257 -0.05077200 -0.03229267
v -0.02699974 -0.05135172 -0.03124772
v -0.02746096 -0.05091351 -0.03097334
v -0.02739402 -0.05168070 -0.02934676
v -0.02685574 -0.05192874 -0.02983605
v -0.02760093 -0.05183583 -0.02880521
v -0.02730437 -0.05134694 -0.03016525
v -0.03199658 -0.05018409 -0.02810749
v -0.02776326 -0.05232438 -0.02788766
v -0.03226033 -0.04770000 -0.03137309
v -0.03340418 -0.04770000 -0.03015230
v -0.02899211 -0.04770000 -0.03441595
v -0.03441595 -0.04770000 -0.02899211
v -0.03107190 -0.04770000 -0.03255053
v -0.03346715 -0.04770000 -0.02933077
v -0.02933077 -0.04770000 -0.03346715
v -0.02914965 -0.04770000 -0.03305356
v -0.03294404 -0.04770000 -0.02905495
v -0.02810749 -0.04770000 -0.03199658
v -0.03135045 -0.04770000 -0.02762786
v -0.03169869 -0.04770000 -0.02784953
v -0.02762786 -0.04770000 -0.03135045
v -0.02796703 -0.04770000 -0.02825893
v -0.02735217 -0.04770000 -0.03057471
v -0.02731844 -0.04770000 -0.02975214
v -0.02895644 -0.04770000 -0.02752971
v -0.02975214 -0.04770000 -0.02731844
v -0.03057471 -0.04770000 -0.02735217
v -0.02752971 -0.04770000 -0.02895644
v -0.03391293 -0.04933530 -0.02931297
v -0.03294404 -0.04951614 -0.02905495
v 0.02785649 0.03650000 0.03534142
v 0.02408257 0.04050000 0.03225047
v 0.02923225 0.03650000 0.03421221
v 0.03071879 0.03650000 0.03288397
v 0.02746289 0.04050000 0.02942537
v 0.04021982 0.04050000 0.00155827
v 0.04497123 0.03650000 0.00160886
v 0.04487989 0.03650000 0.00328556
v 0.04472607 0.03650000 0.00495769
v 0.03993196 0.04050000 0.00504984
v 0.04450997 0.03650000 0.00662292
v 0.04423188 0.03650000 0.00827892
v 0.03949787 0.04050000 0.00774470
v 0.04389221 0.03650000 0.00992340
v 0.04349142 0.03650000 0.01155405
v 0.03878025 0.04050000 0.01077750
v 0.04303008 0.03650000 0.01316862
v 0.03833393 0.04050000 0.01227079
v 0.04250881 0.03650000 0.01476486
v 0.04192836 0.03650000 0.01634053
v 0.03726961 0.04050000 0.01519996
v 0.04128952 0.03650000 0.01789345
v 0.04059319 0.03650000 0.01942146
v 0.03984034 0.03650000 0.02092242
v 0.03582763 0.04050000 0.01834240
v 0.03903201 0.03650000 0.02239425
v 0.03423322 0.04050000 0.02116953
v 0.03805294 0.03650000 0.02402028
v 0.03725350 0.03650000 0.02524236
v 0.03276815 0.04050000 0.02337329
v 0.03628580 0.03650000 0.02661467
v 0.03183869 0.04050000 0.02462438
v 0.03544791 0.03650000 0.02772086
v 0.03420025 0.03650000 0.02924625
v 0.02983802 0.04050000 0.02701398
v 0.03308529 0.03650000 0.03050186
v 0.03192427 0.03650000 0.03171500
v 0.02644524 0.03650000 0.03640947
v 0.02151510 0.04050000 0.03401710
v 0.02548682 0.03650000 0.03708668
v 0.02408541 0.03650000 0.03801175
v 0.01881865 0.04050000 0.03557978
v 0.02265047 0.03650000 0.03888388
v 0.02118399 0.03650000 0.03970187
v 0.01663617 0.04050000 0.03665106
v 0.01968801 0.03650000 0.04046458
v 0.01816462 0.03650000 0.04117094
v 0.01310412 0.04050000 0.03805712
v 0.01661593 0.03650000 0.04181998
v 0.01465057 0.03650000 0.04254834
v 0.00517120 0.03500000 0.04520518
v 0.00517120 0.03867915 0.04520518
v 0.00495879 0.03878444 0.04514900
v 0.00392613 0.03909052 0.04487584
v 0.00453546 0.04450000 0.03807203
v 0.01134195 0.04450000 0.03662527
v 0.00544453 0.04372865 0.04009249
v 0.01133326 0.04372865 0.03884080
v 0.00727824 0.04450000 0.03764408
v 0.00914487 0.04372865 0.03941348
v 0.00406967 0.04450000 0.03274810
v 0.00754521 0.04450000 0.03212584
v 0.00960202 0.04450000 0.03157216
v 0.01272524 0.04406324 0.03695679
v 0.01090653 0.04406324 0.03167487
v 0.01026610 0.04424662 0.03136251
v 0.01221923 0.04310006 0.03935636
v 0.01318734 0.04310572 0.03829882
v 0.01277322 0.04027135 0.04271168
v 0.01306927 0.04098922 0.04172635
v 0.01445931 0.03979472 0.04199288
v 0.01466595 0.03909052 0.04259302
v 0.01366248 0.03867915 0.04340031
v 0.01366248 0.03500000 0.04340031
v 0.00660798 0.03500000 0.04501760
v 0.00945998 0.03867915 0.04450572
v 0.01087231 0.03500000 0.04418193
v 0.01227362 0.03867915 0.04381333
v 0.00570349 0.04027135 0.04421440
v 0.00515685 0.03895078 0.04504898
v 0.01079587 0.04027135 0.04325381
v 0.00927059 0.04027135 0.04360618
v 0.00383002 0.04022125 0.04377736
v 0.00511502 0.04079257 0.04366098
v 0.00353030 0.04310572 0.04035148
v 0.00340659 0.04406324 0.03893753
v 0.00291939 0.04406324 0.03336880
v 0.00336648 0.04424250 0.03282784
v 0.00291939 0.04050000 0.03336880
v 0.00336648 0.04050000 0.03282784
v 0.01026610 0.04050000 0.03136251
v 0.00616275 0.04050000 0.03241945
v 0.01090653 0.04050000 0.03167487
v 0.01465057 0.03500000 0.04254834
v 0.00392201 0.03500000 0.04482876
v 0.00525174 0.03500000 0.04469250
v 0.00691550 0.03500000 0.04446544
v 0.00856964 0.03500000 0.04417648
v 0.01345134 0.03500000 0.04294254
v 0.01183984 0.03500000 0.04341449
v 0.01021185 0.03500000 0.04382600
v 0.00392201 0.03650000 0.04482876
v 0.00350802 0.04050000 0.04009684
v 0.01134195 0.04450000 -0.03662527
v 0.01430696 0.04022125 -0.04155042
v 0.01318734 0.04310572 -0.03829882
v 0.01383367 0.03878444 -0.04326259
v 0.01361205 0.03895078 -0.04325177
v 0.01466595 0.03909052 -0.04259302
v 0.01308572 0.04079257 -0.04196675
v 0.01277322 0.04027135 -0.04271168
v 0.00411671 0.03500000 -0.04492625
v 0.00517120 0.03500000 -0.04520518
v 0.01366248 0.03500000 -0.04340031
v 0.01465594 0.03500000 -0.04256395
v 0.01124468 0.03500000 -0.04359787
v 0.00945998 0.03500000 -0.04450572
v 0.00928483 0.03500000 -0.04407213
v 0.01366248 0.03867915 -0.04340031
v 0.00945998 0.03867915 -0.04450572
v 0.00660798 0.03867915 -0.04501760
v 0.00517120 0.03867915 -0.04520518
v 0.00570349 0.04027135 -0.04421440
v 0.00773040 0.04027135 -0.04390540
v 0.00926712 0.04027135 -0.04360692
v 0.00392613 0.03909052 -0.04487584
v 0.00499114 0.04119629 -0.04319101
v 0.00387081 0.03979472 -0.04424354
v 0.00353030 0.04310572 -0.04035148
v 0.00484486 0.04310006 -0.04092383
v 0.00544453 0.04372865 -0.04009249
v 0.00420844 0.04437070 -0.03841015
v 0.00459268 0.04427165 -0.03869704
v 0.00340659 0.04406324 -0.03893753
v 0.00291939 0.04406324 -0.03336880
v 0.00336648 0.04424250 -0.03282784
v 0.00406967 0.04450000 -0.03274810
v 0.00453546 0.04450000 -0.03807203
v 0.00960202 0.04450000 -0.03157216
v 0.00754521 0.04450000 -0.03212584
v 0.00866222 0.04450000 -0.03734991
v 0.00616275 0.04450000 -0.03241945
v 0.01133326 0.04372865 -0.03884080
v 0.00767665 0.04372865 -0.03972556
v 0.01272524 0.04406324 -0.03695679
v 0.01090653 0.04406324 -0.03167487
v 0.01026610 0.04424662 -0.03136251
v 0.01090653 0.04050000 -0.03167487
v 0.01026610 0.04050000 -0.03136251
v 0.00336648 0.04050000 -0.03282784
v 0.00616275 0.04050000 -0.03241945
v 0.00891383 0.04050000 -0.03177332
v 0.00291939 0.04050000 -0.03336880
v 0.00392201 0.03650000 -0.04482877
v 0.00350802 0.04050000 -0.04009684
v -0.00000000 0.04050000 -0.04025000
v 0.00087656 0.03650000 -0.04499146
v -0.03396976 0.03650000 -0.02951370
v -0.03060634 0.04050000 -0.02614029
v -0.04499291 0.03650001 -0.00079880
v -0.04020998 0.04050000 -0.00179437
v -0.04493620 0.03650002 -0.00239540
v -0.04482285 0.03650003 -0.00398898
v -0.04008718 0.04050000 -0.00361666
v -0.04463645 0.03650004 -0.00570853
v -0.04442688 0.03650005 -0.00715906
v -0.03973935 0.04050000 -0.00639112
v -0.04414476 0.03650007 -0.00873157
v -0.04398281 0.03650007 -0.00951381
v -0.04361738 0.03650008 -0.01106907
v -0.03895281 0.04050000 -0.01013611
v -0.04319697 0.03650009 -0.01261037
v -0.04246446 0.03650011 -0.01489192
v -0.04219342 0.03650012 -0.01564337
v -0.03776220 0.04050000 -0.01393121
v -0.04161154 0.03650013 -0.01713125
v -0.04114335 0.03649990 -0.01822703
v -0.03663850 0.04050000 -0.01666383
v -0.04047069 0.03650003 -0.01967539
v -0.03947427 0.03650015 -0.02160514
v -0.03476969 0.04050000 -0.02027637
v -0.03865280 0.03650011 -0.02304264
v -0.03647373 0.03650039 -0.02635649
v -0.03251410 0.04050000 -0.02372542
v -0.03500383 0.03650010 -0.02827951
v -0.03293620 0.03649997 -0.03066284
v -0.02846105 0.04050000 -0.02846105
v -0.03137496 0.03650005 -0.03225844
v -0.02695028 0.04050000 -0.02989557
v -0.02963331 0.03650012 -0.03386548
v -0.02843354 0.03650034 -0.03487887
v -0.02365836 0.04050000 -0.03256293
v -0.02416243 0.03650000 -0.03796284
v -0.02202518 0.04050000 -0.03368907
v -0.02588489 0.03650036 -0.03680994
v -0.02226512 0.03650000 -0.03910581
v -0.01848660 0.04050000 -0.03575344
v -0.01930252 0.03650000 -0.04064988
v -0.01574247 0.04050000 -0.03704372
v -0.01725937 0.03650000 -0.04155856
v -0.01393121 0.04050000 -0.03776220
v -0.01517012 0.03650000 -0.04236588
v -0.01107512 0.04050000 -0.03869631
v -0.01304241 0.03650000 -0.04306850
v -0.01016010 0.03650000 -0.04383802
v -0.00825969 0.04050000 -0.03939340
v -0.00639110 0.04050000 -0.03973936
v -0.00686465 0.03650000 -0.04447332
v -0.00540843 0.03650000 -0.04467381
v -0.00361664 0.04050000 -0.04008719
v -0.00174805 0.03650000 -0.04496603
v -0.04495281 0.03650000 0.00206022
v -0.04020998 0.04050000 0.00179434
v -0.03999351 0.04050000 0.00453666
v -0.04467405 0.03650000 0.00540643
v -0.04414655 0.03650000 0.00872253
v -0.03939340 0.04050000 0.00825968
v -0.04379039 0.03650000 0.01036351
v -0.03869631 0.04050000 0.01107510
v -0.04308314 0.03650000 0.01299396
v -0.04238466 0.03650000 0.01511756
v -0.03776220 0.04050000 0.01393121
v -0.03704372 0.04050000 0.01574246
v -0.04113872 0.03650000 0.01823748
v -0.03966366 0.03650000 0.02125544
v -0.03511797 0.04050000 0.01966701
v -0.03880524 0.03650000 0.02278495
v -0.03424136 0.04050000 0.02115636
v -0.03797279 0.03650000 0.02414679
v -0.03699823 0.03650000 0.02561506
v -0.03251412 0.04050000 0.02372540
v -0.03608281 0.03650000 0.02688923
v -0.03124823 0.04050000 0.02536949
v -0.03401333 0.03650000 0.02946343
v -0.03178621 0.03650000 0.03185336
v -0.02846105 0.04050000 0.02846105
v -0.03022523 0.03650000 0.03333820
v -0.02616825 0.04050000 0.03058243
v -0.02774422 0.03650000 0.03542962
v -0.02511324 0.03650000 0.03734067
v -0.02648889 0.03650000 0.03637772
v -0.02372542 0.04050000 0.03251410
v -0.02078437 0.03650000 0.03991253
v -0.02225899 0.03650000 0.03910930
v -0.01966701 0.04050000 0.03511797
v -0.02370262 0.03650000 0.03825161
v -0.02115638 0.04050000 0.03424135
v -0.01775040 0.03650000 0.04135122
v -0.01928081 0.03650000 0.04066018
v -0.01685105 0.04050000 0.03655276
v -0.01393121 0.04050000 0.03776220
v -0.01619528 0.03650000 0.04198467
v -0.01461761 0.03650000 0.04255967
v -0.01301958 0.03650000 0.04307541
v -0.01107513 0.04050000 0.03869630
v -0.01140342 0.03650000 0.04353116
v -0.00939618 0.04050000 0.03913789
v -0.00977139 0.03650000 0.04392630
v -0.00812574 0.03650000 0.04426028
v -0.00639111 0.04050000 0.03973936
v -0.00646879 0.03650000 0.04453263
v -0.00473088 0.04050000 0.03997101
v -0.00313017 0.03650000 0.04489100
v -0.00179436 0.04050000 0.04020998
v 0.00007952 0.03650000 0.04499993
v -0.00000000 0.04050000 0.04025000
v 0.00190459 0.03650000 0.04495968
v 0.03872190 0.04050000 -0.01098530
v 0.03949787 0.04050000 -0.00774470
v 0.03783013 0.04050000 -0.01374568
v 0.03582763 0.04050000 -0.01834240
v 0.03726961 0.04050000 -0.01519996
v 0.03993196 0.04050000 -0.00504984
v 0.03423322 0.04050000 -0.02116953
v 0.02623192 0.04050000 -0.03052784
v 0.02364681 0.04050000 -0.03257132
v 0.03086149 0.04050000 -0.02583855
v 0.01600938 0.04050000 -0.03692915
v 0.03239799 0.04050000 -0.02388374
v 0.02765846 0.04050000 -0.02924161
v 0.02092127 0.04050000 -0.03438551
v 0.01310412 0.04050000 -0.03805712
v 0.04019310 0.04050000 -0.00213938
v 0.01881865 0.04050000 -0.03557978
v 0.01465063 0.03650000 -0.04254852
v 0.04499375 0.03650000 -0.00075000
v 0.04495597 0.03650001 -0.00199021
v 0.04486945 0.03650003 -0.00342534
v 0.04471041 0.03650004 -0.00509698
v 0.04448961 0.03650005 -0.00675827
v 0.04422168 0.03650006 -0.00833326
v 0.04389801 0.03650007 -0.00989773
v 0.04351900 0.03650009 -0.01144974
v 0.04308515 0.03650010 -0.01298731
v 0.04259698 0.03650011 -0.01450851
v 0.04205513 0.03650012 -0.01601143
v 0.04114301 0.03650005 -0.01822766
v 0.04001164 0.03650004 -0.02059281
v 0.03856270 0.03650004 -0.02319298
v 0.03727271 0.03650003 -0.02521391
v 0.03640750 0.03650003 -0.02644789
v 0.03501112 0.03650003 -0.02827046
v 0.03386109 0.03650002 -0.02963822
v 0.03278875 0.03650002 -0.03082039
v 0.03114749 0.03650001 -0.03247818
v 0.02993213 0.03650001 -0.03360158
v 0.02810506 0.03650001 -0.03514406
v 0.02554791 0.03650000 -0.03704462
v 0.02353212 0.03650000 -0.03835674
v 0.02128378 0.03650000 -0.03964846
v 0.01822689 0.03650000 -0.04114342
v 0.04499806 0.03450000 0.00041825
v -0.02920926 0.03450000 0.03423185
v -0.03277743 0.03450000 0.03083245
v -0.03498523 0.03450000 0.02830254
v -0.04039618 0.03450000 0.01982797
v -0.04176221 0.03450000 0.01676061
v -0.04289571 0.03450000 0.01359992
v -0.04337325 0.03450000 0.01199006
v -0.04443941 0.03450000 0.00708086
v -0.04484265 0.03450000 0.00375995
v -0.04499806 0.03450000 0.00041825
v -0.03346742 -0.00599789 -0.04547999
v -0.00756094 0.03321167 -0.04547999
v -0.01123668 0.03212038 -0.04547999
v 0.01172933 0.03194286 -0.04547999
v -0.00829282 -0.03302449 -0.04547999
v 0.03310476 0.00775275 -0.04547999
v 0.01002372 -0.03252381 -0.04547999
v -0.01059430 -0.03233980 -0.04547999
v 0.01917289 0.02809956 -0.04547999
v 0.00506871 -0.03374241 -0.04547999
v -0.01917295 0.02809952 -0.04547999
v 0.01361358 -0.03118376 -0.04547999
v -0.01395610 -0.03103150 -0.04547999
v -0.02119641 -0.02659400 -0.04547999
v -0.01590392 0.03007735 -0.04547999
v -0.00506872 0.03374241 -0.04547999
v 0.00507782 0.03374080 -0.04547999
v 0.01610673 0.02996894 -0.04547999
v 0.02548429 0.02251032 -0.04547999
v 0.02373966 0.02434417 -0.04547999
v -0.01610680 -0.02996891 -0.04547999
v -0.00254996 -0.03408984 -0.04547999
v 0.01810557 -0.02880151 -0.04547999
v -0.02488912 -0.02316706 -0.04547999
v -0.02703737 -0.02061824 -0.04547999
v -0.03286725 -0.00870477 -0.04547999
v -0.02753296 0.01995130 -0.04547999
v -0.02545111 0.02254785 -0.04547999
v 0.00212569 0.03412740 -0.04547999
v 0.02757384 0.01989473 -0.04547999
v -0.02371433 0.02436887 -0.04547999
v -0.03186011 -0.01187286 -0.04547999
v 0.03218324 0.01096683 -0.04547999
v -0.03325379 0.00708643 -0.04547999
v -0.03240266 0.01030044 -0.04547999
v -0.02935044 0.01716454 -0.04547999
v 0.03372093 -0.00434755 -0.04547999
v -0.03384617 0.00323737 -0.04547999
v 0.03373780 0.00421460 -0.04547999
v 0.03399990 0.00007994 -0.04547999
v -0.02976334 -0.01643790 -0.04547999
v -0.03123896 0.01342241 -0.04547999
v 0.03058485 0.01485296 -0.04547999
v 0.02120815 -0.02658454 -0.04547999
v -0.03394498 -0.00194412 -0.04547999
v 0.02491988 -0.02313394 -0.04547999
v 0.02707661 -0.02056666 -0.04547999
v 0.02851832 -0.01851469 -0.04547999
v 0.03268347 -0.00937130 -0.04547999
v 0.03094479 -0.01408750 -0.04547999
v 0.01763455 -0.03412248 -0.04146362
v 0.00578056 -0.03406647 -0.04519895
v 0.01017141 -0.03299434 -0.04506218
v 0.00749360 -0.03650000 -0.04437168
v 0.00583912 -0.03650000 -0.04461956
v 0.00250826 -0.03650000 -0.04493004
v 0.00087349 -0.03614425 -0.04499434
v 0.00480570 -0.03513588 -0.04482239
v 0.00245314 -0.03538866 -0.04499176
v 0.00417657 -0.03650000 -0.04480576
v 0.00000000 -0.03527356 -0.04508332
v 0.01141197 -0.03319208 -0.04400013
v 0.00892915 -0.03361896 -0.04460584
v 0.00149457 -0.03495054 -0.04512819
v 0.00279016 -0.03464090 -0.04516697
v 0.00572191 -0.03442435 -0.04489701
v 0.00619551 -0.03477345 -0.04469989
v 0.02353758 -0.03650000 -0.03835339
v 0.02331585 -0.03162879 -0.03887402
v 0.02184151 -0.03081186 -0.04010855
v 0.02187144 -0.03343768 -0.03943327
v 0.02006892 -0.03271316 -0.04051756
v 0.02073584 -0.03000156 -0.04134152
v 0.01967266 -0.02952774 -0.04264175
v 0.01850865 -0.02923961 -0.04453194
v 0.01829904 -0.02963639 -0.04389893
v 0.01861392 -0.03611865 -0.04097006
v 0.01712410 -0.03650000 -0.04161448
v 0.02213924 -0.03511677 -0.03918678
v 0.01999851 -0.03488059 -0.04032927
v 0.01484398 -0.03532775 -0.04248950
v 0.00913772 -0.03650000 -0.04406248
v 0.01076921 -0.03650000 -0.04369238
v 0.01805206 -0.03330220 -0.04138144
v 0.01924021 -0.03172993 -0.04125863
v 0.01782091 -0.02956197 -0.04503128
v 0.01330980 -0.03545685 -0.04299286
v 0.01887715 -0.03083134 -0.04200003
v 0.01567211 -0.03341025 -0.04235866
v 0.01653120 -0.03252828 -0.04226248
v 0.01760497 -0.03133157 -0.04240270
v 0.01537086 -0.03113717 -0.04427006
v 0.01498561 -0.03109859 -0.04503979
v 0.01198346 -0.03417165 -0.04347264
v 0.01372352 -0.03325887 -0.04312401
v 0.00945197 -0.03440440 -0.04411284
v 0.01207152 -0.03264180 -0.04426344
v 0.01261699 -0.03213472 -0.04504641
v 0.01957857 -0.02842502 -0.04502270
v 0.02164761 -0.02687146 -0.04499936
v 0.02373570 -0.02504164 -0.04498956
v 0.02469624 -0.02409430 -0.04498819
v 0.02747477 -0.02086898 -0.04498520
v 0.02939145 -0.01806844 -0.04498318
v 0.03103465 -0.01507123 -0.04498176
v 0.03237264 -0.01192858 -0.04498119
v 0.03316407 -0.00950909 -0.04498114
v 0.03390910 -0.00636059 -0.04498047
v 0.03391860 0.00630999 -0.04497957
v 0.03426699 0.00400804 -0.04497958
v 0.03449123 0.00080234 -0.04497946
v 0.03442239 -0.00232142 -0.04497952
v 0.03064989 0.01583931 -0.04498205
v 0.03237260 0.01192867 -0.04498119
v 0.03338778 0.00869092 -0.04498118
v 0.02893766 0.01878690 -0.04498362
v 0.02648716 0.02210933 -0.04498632
v 0.02427012 0.02452369 -0.04498868
v 0.02218159 0.02643035 -0.04499513
v -0.00000000 0.03456209 -0.04533955
v 0.01357929 0.03173915 -0.04504341
v 0.01683361 0.03013651 -0.04503484
v 0.00520214 0.03416266 -0.04522261
v 0.01889962 0.02888227 -0.04502650
v 0.01078490 0.03279720 -0.04505596
v -0.00641412 0.03394879 -0.04517249
v -0.00830351 0.03352313 -0.04510192
v -0.01078494 0.03279718 -0.04505597
v -0.01381259 0.03163809 -0.04504276
v -0.01613659 0.03051620 -0.04503691
v -0.01837112 0.02922229 -0.04502895
v -0.03374276 0.00719066 -0.04498132
v -0.03287912 0.01045189 -0.04498114
v -0.03232855 0.01204757 -0.04498120
v -0.03135304 0.01439696 -0.04498157
v -0.03060281 0.01593010 -0.04498208
v -0.02889347 0.01885482 -0.04498367
v -0.02743491 0.02092137 -0.04498525
v -0.02525509 0.02350759 -0.04498762
v -0.02281205 0.02588723 -0.04499232
v -0.02112578 0.02728651 -0.04500610
v -0.03416412 -0.00480646 -0.04498160
v -0.03446310 -0.00160725 -0.04498155
v -0.03449118 0.00080392 -0.04498152
v -0.03426680 0.00400973 -0.04498166
v -0.02216595 -0.02644347 -0.04499520
v -0.02427027 -0.02452353 -0.04498868
v -0.02648772 -0.02210866 -0.04498632
v -0.02842407 -0.01955561 -0.04498414
v -0.02978210 -0.01741678 -0.04498281
v -0.03169838 -0.01361964 -0.04498139
v -0.03287917 -0.01045175 -0.04498114
v -0.03335055 -0.00883276 -0.04498117
v -0.01245957 -0.03219621 -0.04504697
v -0.01837030 -0.02922280 -0.04502895
v -0.01612766 -0.03052093 -0.04503693
v -0.00956314 -0.03317826 -0.04507132
v -0.00683747 -0.03386307 -0.04515509
v -0.00326843 -0.03440672 -0.04529030
v -0.01639735 -0.03616743 -0.04190630
v -0.02350784 -0.03499742 -0.03838256
v -0.01850865 -0.02923961 -0.04453194
v -0.01091809 -0.03307043 -0.04432764
v -0.00445088 -0.03473995 -0.04495879
v -0.00623055 -0.03421000 -0.04492015
v -0.00851975 -0.03618060 -0.04418667
v -0.01015555 -0.03611332 -0.04383956
v -0.01176836 -0.03603992 -0.04343431
v -0.01139420 -0.03367966 -0.04376220
v -0.00516367 -0.03605495 -0.04470580
v -0.00174805 -0.03650000 -0.04496603
v -0.00347539 -0.03650000 -0.04486560
v -0.00686465 -0.03650000 -0.04447332
v -0.00326261 -0.03534809 -0.04494177
v -0.01999851 -0.03488059 -0.04032927
v -0.02213924 -0.03511677 -0.03918678
v -0.02112564 -0.03337927 -0.03985199
v -0.01861392 -0.03611865 -0.04097006
v -0.01486980 -0.03561077 -0.04247594
v -0.02322724 -0.03040575 -0.03932921
v -0.02094082 -0.03083273 -0.04068303
v -0.01879645 -0.03213800 -0.04132859
v -0.01827133 -0.03008441 -0.04321314
v -0.01985093 -0.03015185 -0.04187587
v -0.01701242 -0.03024755 -0.04427228
v -0.01887715 -0.03083134 -0.04200003
v -0.01960557 -0.03330809 -0.04064727
v -0.02113434 -0.03192895 -0.04013288
v -0.01467605 -0.03454784 -0.04257941
v -0.01639083 -0.03325440 -0.04210451
v -0.01626781 -0.03131977 -0.04324928
v -0.01653120 -0.03252828 -0.04226248
v -0.01476805 -0.03140628 -0.04433630
v -0.01143709 -0.03463644 -0.04357218
v -0.01565018 -0.03202754 -0.04295590
v -0.01271604 -0.03242719 -0.04417367
v -0.00868952 -0.03456005 -0.04426094
v -0.03631876 -0.00787430 -0.02990973
v -0.03821801 -0.01495068 -0.02442004
v -0.02694387 -0.03377303 -0.03608502
v -0.02797905 -0.03232766 -0.03537656
v -0.03049259 -0.03316521 -0.03313839
v -0.02894321 -0.03139377 -0.03466447
v -0.02993424 -0.02991824 -0.03395672
v -0.03052258 -0.02579264 -0.03428296
v -0.03013364 -0.02176991 -0.03663795
v -0.02790220 -0.02044668 -0.04340060
v -0.03337506 -0.00891524 -0.04297284
v -0.01961536 -0.02844305 -0.04474064
v -0.03415941 -0.00649387 -0.03987989
v -0.03459620 -0.00719392 -0.03648266
v -0.03968308 -0.00669862 -0.02147633
v -0.04101533 -0.03607036 -0.01851330
v -0.03431102 -0.03557716 -0.02911646
v -0.03279414 -0.03546669 -0.03081548
v -0.03037741 -0.03527741 -0.03320179
v -0.02535032 -0.03558303 -0.03718219
v -0.02466247 -0.03281221 -0.03777883
v -0.02082824 -0.02857973 -0.04264936
v -0.03486960 -0.00904108 -0.03414740
v -0.03425769 -0.00732705 -0.03812638
v -0.03414810 -0.01156250 -0.03500559
v -0.03345355 -0.01081752 -0.03831549
v -0.03284865 -0.01153580 -0.04040847
v -0.03445168 -0.01297077 -0.03329355
v -0.03379931 -0.00699971 -0.04376661
v -0.03241104 -0.01194045 -0.04310966
v -0.03411742 -0.01494207 -0.03311776
v -0.03276129 -0.01459609 -0.03677824
v -0.03303467 -0.01502314 -0.03568390
v -0.03278856 -0.01694166 -0.03493739
v -0.03175668 -0.01612875 -0.03811849
v -0.03206170 -0.01888680 -0.03518119
v -0.03103707 -0.01892551 -0.03714150
v -0.03110703 -0.01497912 -0.04369041
v -0.03330999 -0.00966296 -0.04120250
v -0.03379434 -0.00848013 -0.03967637
v -0.03187436 -0.01366595 -0.04173233
v -0.03043502 -0.01660440 -0.04226129
v -0.02923468 -0.01855577 -0.04287575
v -0.02718718 -0.02136628 -0.04362575
v -0.03146232 -0.02131724 -0.03484696
v -0.03149280 -0.02433242 -0.03357474
v -0.03014902 -0.02082039 -0.03728389
v -0.03012360 -0.02423189 -0.03533733
v -0.02896841 -0.02464572 -0.03656833
v -0.02879369 -0.02223060 -0.03840382
v -0.02971207 -0.01993395 -0.03892275
v -0.02875367 -0.02316886 -0.03773723
v -0.03026402 -0.01815056 -0.03981304
v -0.02837632 -0.02136824 -0.04005062
v -0.02754173 -0.02315341 -0.03956562
v -0.02981002 -0.02779920 -0.03449484
v -0.02858778 -0.02612167 -0.03631907
v -0.02837536 -0.02920807 -0.03553681
v -0.02866417 -0.03509040 -0.03469449
v -0.02445775 -0.03119946 -0.03820099
v -0.02631238 -0.03578024 -0.03650640
v -0.02925498 -0.01920238 -0.04112188
v -0.03103665 -0.01632120 -0.04018016
v -0.03293696 -0.01232070 -0.03867264
v -0.03190549 -0.01439613 -0.03998620
v -0.02767034 -0.02148222 -0.04150621
v -0.02644577 -0.02321955 -0.04143542
v -0.02745871 -0.02406739 -0.03887002
v -0.02503910 -0.02580254 -0.04056012
v -0.02571014 -0.02584676 -0.03968927
v -0.02518773 -0.02493085 -0.04130533
v -0.02409670 -0.02578264 -0.04189279
v -0.02349897 -0.02752325 -0.04083317
v -0.02576543 -0.02781545 -0.03838333
v -0.02543949 -0.02348014 -0.04359501
v -0.02420224 -0.02473995 -0.04380076
v -0.02235391 -0.02637591 -0.04423039
v -0.02548546 -0.02879407 -0.03818804
v -0.02661888 -0.02948938 -0.03698276
v -0.02511998 -0.03028734 -0.03795543
v -0.02260635 -0.02954073 -0.04022537
v -0.02211278 -0.02874297 -0.04121277
v -0.02596216 -0.02330329 -0.04238818
v -0.02436082 -0.02499813 -0.04268463
v -0.02225224 -0.02702104 -0.04293843
v -0.02138036 -0.02743886 -0.04364202
v -0.03745167 -0.02214633 -0.02529646
v -0.03734440 -0.02526536 -0.02527417
v -0.03298964 -0.02341236 -0.03186717
v -0.03434116 -0.02298508 -0.03005393
v -0.03552601 -0.02409688 -0.02814158
v -0.03615508 -0.02413951 -0.02719683
v -0.03347139 -0.02499248 -0.03086229
v -0.03202895 -0.02540166 -0.03260367
v -0.03255739 -0.02700468 -0.03163893
v -0.03466539 -0.02716518 -0.02899386
v -0.03780749 -0.03160143 -0.02439883
v -0.03652810 -0.03150762 -0.02628737
v -0.03304239 -0.03019997 -0.03070672
v -0.03520315 -0.03035799 -0.02809312
v -0.03445618 -0.03136001 -0.02899548
v -0.03292878 -0.03230787 -0.03072014
v -0.03510047 -0.03351846 -0.02816447
v -0.02982774 -0.03096730 -0.03391868
v -0.04065765 -0.01084961 -0.01931252
v -0.03970676 -0.01291870 -0.02135772
v -0.04013811 -0.02756958 -0.02034715
v -0.03899622 -0.03169153 -0.02244957
v -0.03961119 -0.02752928 -0.02135904
v -0.03909111 -0.02539127 -0.02233172
v -0.03968868 -0.01915966 -0.02130114
v -0.03852679 -0.02535028 -0.02332370
v -0.03829950 -0.01084216 -0.02451712
v -0.03746675 -0.00881749 -0.02667862
v -0.03561724 -0.00794723 -0.03205935
v -0.03619740 -0.00988527 -0.02981349
v -0.03691459 -0.01187374 -0.02761970
v -0.03727587 -0.01390644 -0.02650693
v -0.04112542 -0.00636076 -0.01827012
v -0.03868197 -0.01703180 -0.02335979
v -0.03561074 -0.01191162 -0.03075322
v -0.03599878 -0.01795100 -0.02837788
v -0.03647012 -0.01899290 -0.02734212
v -0.03499697 -0.01194944 -0.03232494
v -0.03515919 -0.01591182 -0.03049701
v -0.03515777 -0.02097842 -0.02921047
v -0.03396142 -0.01890060 -0.03176477
v -0.03442172 -0.01591655 -0.03201348
v -0.03313573 -0.01888524 -0.03322891
v -0.03409890 -0.01991122 -0.03119960
v -0.03760923 -0.01801694 -0.02537124
v -0.03667162 -0.01593367 -0.02745779
v -0.03585440 -0.01390323 -0.02959804
v -0.03186522 -0.02232951 -0.03379436
v -0.04111102 0.00322212 -0.01830608
v -0.03645664 0.00480982 -0.03005709
v -0.03645664 -0.00481116 -0.03005688
v -0.03546193 -0.00560002 -0.03353782
v -0.03417108 -0.00558470 -0.04155247
v -0.03570019 -0.00080152 -0.03356770
v -0.03492697 -0.00000017 -0.03800079
v -0.03471935 -0.00079983 -0.03978942
v -0.03630599 -0.00240596 -0.03093787
v -0.03586126 -0.00240405 -0.03268438
v -0.03485844 -0.00239786 -0.03799400
v -0.03451666 -0.00240046 -0.04158054
v -0.03442562 -0.00478692 -0.03976242
v -0.03479873 -0.00479067 -0.03708244
v -0.03595943 -0.00480619 -0.03179291
v -0.03509083 -0.00319865 -0.03620948
v -0.04002880 0.00000087 -0.02078656
v -0.03931156 -0.00160843 -0.02244377
v -0.03863204 0.00000011 -0.02411419
v -0.03795521 -0.00321452 -0.02579180
v -0.03680813 -0.00240792 -0.02920707
v -0.03709372 0.00160512 -0.02835018
v -0.03827531 0.00321512 -0.02494937
v -0.03600695 0.00400518 -0.03179950
v -0.03552683 0.00480109 -0.03354595
v -0.03487630 0.00399408 -0.03709063
v -0.03434556 0.00478864 -0.04066089
v -0.03547246 0.00240132 -0.03444406
v -0.03485848 0.00239756 -0.03799380
v -0.03451667 0.00240042 -0.04158042
v -0.03633797 0.00080136 -0.03094248
v -0.03464507 0.00080005 -0.04068701
v -0.03515776 0.02097851 -0.02921046
v -0.03732121 0.01288761 -0.02654126
v -0.03565855 0.00744736 -0.03208939
v -0.03626353 0.00888026 -0.02986287
v -0.03832475 0.00879224 -0.02456909
v -0.02380945 0.03003321 -0.03905192
v -0.02640615 0.02590542 -0.03883192
v -0.03320805 0.02189527 -0.03198926
v -0.03610073 0.02517755 -0.02718013
v -0.02435747 0.03169908 -0.03815912
v -0.03711335 0.00680908 -0.02780986
v -0.03459618 0.00719408 -0.03648265
v -0.03409460 0.00655477 -0.04043759
v -0.04067929 0.02131036 -0.01924782
v -0.03856635 0.02326187 -0.02331569
v -0.03741446 0.02318395 -0.02528522
v -0.03789447 0.02740024 -0.02431942
v -0.03961119 0.02752933 -0.02135905
v -0.03717862 0.03155497 -0.02535097
v -0.03665100 0.02730892 -0.02622880
v -0.03273789 0.02288548 -0.03236611
v -0.03434115 0.02298516 -0.03005392
v -0.03336767 0.02602431 -0.03081204
v -0.03292878 0.03230790 -0.03072014
v -0.03215796 0.03225050 -0.03154036
v -0.03516601 0.03141045 -0.02811040
v -0.03134700 0.02180702 -0.03478013
v -0.02919120 0.02516534 -0.03605494
v -0.03149279 0.02433248 -0.03357473
v -0.03171413 0.02798150 -0.03243757
v -0.02864319 0.02767105 -0.03569952
v -0.03035098 0.02681118 -0.03417925
v -0.03195986 0.02591413 -0.03256522
v -0.02938772 0.02319525 -0.03683321
v -0.02908599 0.02223059 -0.03793895
v -0.02785082 0.02604669 -0.03715124
v -0.02777949 0.02408096 -0.03842355
v -0.02774639 0.02270503 -0.03968827
v -0.02813206 0.02139982 -0.04053346
v -0.02624077 0.02405621 -0.04068406
v -0.02593896 0.02367145 -0.04176085
v -0.02503907 0.02580259 -0.04056010
v -0.02394095 0.02559357 -0.04242920
v -0.02423263 0.02761067 -0.04000250
v -0.02655499 0.02792423 -0.03759339
v -0.02423508 0.02502007 -0.04291741
v -0.02334340 0.02554854 -0.04390868
v -0.02485031 0.02400370 -0.04415385
v -0.02124349 0.02745619 -0.04386831
v -0.02086889 0.02754739 -0.04455981
v -0.03383775 0.02920520 -0.02985556
v -0.02973546 0.03201826 -0.03390031
v -0.03005661 0.02887487 -0.03401383
v -0.02737616 0.03012763 -0.03619559
v -0.03043249 0.03422279 -0.03316344
v -0.02797905 0.03232769 -0.03537656
v -0.02694386 0.03377305 -0.03608502
v -0.02619806 0.03205762 -0.03678376
v -0.03228799 0.03013969 -0.03154145
v -0.02493783 0.02921839 -0.03847943
v -0.02845934 0.02869317 -0.03558569
v -0.02211277 0.02874301 -0.04121276
v -0.02311543 0.02939481 -0.03990323
v -0.02127288 0.02820583 -0.04261414
v -0.02348538 0.02683668 -0.04148934
v -0.03428598 0.00917217 -0.03630868
v -0.03388205 0.00683482 -0.04266179
v -0.03371037 0.00854250 -0.04022558
v -0.03398430 0.00836760 -0.03858018
v -0.03232646 0.01888360 -0.03469273
v -0.03103704 0.01892561 -0.03714148
v -0.03021014 0.01989401 -0.03794682
v -0.03154166 0.01985617 -0.03552917
v -0.03008942 0.01902096 -0.03911925
v -0.03332728 0.00900436 -0.04352189
v -0.03357003 0.01033039 -0.03837121
v -0.03313007 0.01056801 -0.04053466
v -0.03274201 0.01097239 -0.04325317
v -0.03205628 0.01289751 -0.04295850
v -0.03222635 0.01271824 -0.04188443
v -0.03280102 0.01237475 -0.03920622
v -0.03354371 0.01214659 -0.03654613
v -0.03388048 0.01208104 -0.03548722
v -0.03440607 0.01104403 -0.03451912
v -0.03223506 0.01345016 -0.04013518
v -0.03386878 0.01398870 -0.03424251
v -0.03270976 0.01415137 -0.03736237
v -0.03189162 0.01522961 -0.03878654
v -0.03140749 0.01539495 -0.04035133
v -0.03086669 0.01569615 -0.04245068
v -0.03351713 0.01691746 -0.03343271
v -0.03255226 0.01695467 -0.03543990
v -0.03186907 0.01701211 -0.03695141
v -0.03065451 0.01723949 -0.04000060
v -0.03010606 0.01690524 -0.04382992
v -0.02860037 0.02013656 -0.04139177
v -0.02910539 0.01865557 -0.04339029
v -0.02937738 0.01846669 -0.04236216
v -0.02778897 0.02076988 -0.04276311
v -0.02747612 0.02096172 -0.04376802
v -0.03922838 0.01084139 -0.02243138
v -0.03784733 0.01084568 -0.02556324
v -0.03531672 0.01094021 -0.03186823
v -0.03513520 0.01243250 -0.03176541
v -0.03871424 0.01496522 -0.02339156
v -0.03970521 0.01499666 -0.02133064
v -0.03811070 0.01907453 -0.02434469
v -0.03768627 0.01596286 -0.02542072
v -0.03647185 0.01188197 -0.02866367
v -0.03524573 0.00849233 -0.03310595
v -0.03673579 0.01491736 -0.02749774
v -0.03527695 0.01491086 -0.03056269
v -0.03681921 0.02314434 -0.02625632
v -0.03559709 0.02306472 -0.02817190
v -0.03591444 0.01896833 -0.02833154
v -0.03452373 0.01690990 -0.03143097
v -0.03479717 0.01892538 -0.03029779
v -0.03434337 0.01493253 -0.03260591
v -0.03294773 0.01987332 -0.03312597
v -0.01733802 0.03344515 -0.04167173
v -0.01763455 0.03412248 -0.04146362
v -0.00163947 0.03541694 -0.04502774
v -0.00559200 0.03505175 -0.04473488
v -0.01141197 0.03319208 -0.04400013
v -0.00359534 0.03468814 -0.04507290
v -0.00712420 0.03417241 -0.04473830
v -0.02341233 0.03404832 -0.03847720
v -0.02190237 0.03187985 -0.03969540
v -0.02157408 0.03057405 -0.04039920
v -0.02037013 0.03333588 -0.04025692
v -0.02073584 0.03000156 -0.04134152
v -0.01967266 0.02952774 -0.04264175
v -0.01829904 0.02963639 -0.04389893
v -0.01879645 0.03213800 -0.04132859
v -0.01887715 0.03083134 -0.04200003
v -0.01567211 0.03341025 -0.04235866
v -0.01767157 0.03196766 -0.04196975
v -0.01760497 0.03133157 -0.04240270
v -0.01647072 0.03094967 -0.04356745
v -0.00827453 0.03516245 -0.04426922
v -0.01143709 0.03463644 -0.04357218
v -0.01286342 0.03418132 -0.04320636
v -0.01296293 0.03286544 -0.04360443
v -0.01207152 0.03264180 -0.04426344
v 0.01264865 0.03322010 -0.04352489
v 0.01985093 0.03015185 -0.04187587
v 0.01626781 0.03131977 -0.04324928
v 0.01827133 0.03008441 -0.04321314
v 0.01444758 0.03170083 -0.04406350
v 0.01850865 0.02923961 -0.04453194
v 0.01701242 0.03024755 -0.04427228
v 0.00209519 0.03468567 -0.04519425
v 0.00642471 0.03430583 -0.04482156
v 0.00826024 0.03378412 -0.04469225
v 0.01456223 0.03210168 -0.04347145
v 0.01760497 0.03133157 -0.04240270
v 0.00245314 0.03538866 -0.04499176
v 0.02140909 0.03474559 -0.03960127
v 0.01923334 0.03458244 -0.04071241
v 0.01630524 0.03490018 -0.04196156
v 0.02245100 0.03151488 -0.03946080
v 0.02322724 0.03040575 -0.03932921
v 0.02094082 0.03083273 -0.04068303
v 0.02025074 0.03186140 -0.04065356
v 0.02151759 0.03254317 -0.03976571
v 0.01960557 0.03330809 -0.04064727
v 0.01639083 0.03325440 -0.04210451
v 0.01051109 0.03377106 -0.04400047
v 0.01653120 0.03252828 -0.04226248
v 0.03535627 0.01894564 -0.02931656
v 0.03511895 0.00705400 -0.03429916
v 0.03480693 0.02508709 -0.02904226
v 0.02797905 0.03232769 -0.03537656
v 0.03049259 0.03316524 -0.03313839
v 0.02894320 0.03139380 -0.03466447
v 0.02993423 0.02991829 -0.03395671
v 0.02707713 0.02748071 -0.03728759
v 0.03052257 0.02579271 -0.03428295
v 0.03013361 0.02177000 -0.03663794
v 0.02790214 0.02044677 -0.04340057
v 0.03415938 0.00649406 -0.03987987
v 0.04053108 0.03603213 -0.01955071
v 0.02466247 0.03281223 -0.03777883
v 0.02136327 0.02863803 -0.04202680
v 0.02082821 0.02857976 -0.04264935
v 0.03444941 0.00818501 -0.03639781
v 0.03384860 0.00761743 -0.04088879
v 0.03456951 0.00636074 -0.03724530
v 0.03414807 0.01156266 -0.03500558
v 0.03345351 0.01081768 -0.03831547
v 0.03284860 0.01153596 -0.04040845
v 0.03445166 0.01297092 -0.03329353
v 0.03379927 0.00699991 -0.04376659
v 0.03304797 0.00999346 -0.04339033
v 0.03411739 0.01494220 -0.03311775
v 0.03276125 0.01459623 -0.03677823
v 0.03303464 0.01502327 -0.03568389
v 0.03278853 0.01694179 -0.03493737
v 0.03175664 0.01612887 -0.03811847
v 0.03206167 0.01888691 -0.03518118
v 0.03103703 0.01892562 -0.03714148
v 0.03205627 0.01289753 -0.04295849
v 0.03110696 0.01497926 -0.04369039
v 0.03330994 0.00966314 -0.04120248
v 0.03379431 0.00848031 -0.03967635
v 0.03187431 0.01366609 -0.04173231
v 0.03043496 0.01660452 -0.04226126
v 0.02923462 0.01855588 -0.04287572
v 0.02718712 0.02136636 -0.04362572
v 0.03146229 0.02131734 -0.03484695
v 0.03095983 0.02791309 -0.03326868
v 0.03149279 0.02433250 -0.03357473
v 0.03014898 0.02082049 -0.03728387
v 0.03012358 0.02423197 -0.03533732
v 0.02896839 0.02464580 -0.03656832
v 0.02879366 0.02223069 -0.03840380
v 0.02971203 0.01993405 -0.03892272
v 0.02875364 0.02316894 -0.03773722
v 0.03026397 0.01815067 -0.03981302
v 0.02837628 0.02136833 -0.04005060
v 0.02754170 0.02315348 -0.03956559
v 0.02858776 0.02612174 -0.03631906
v 0.02837535 0.02920812 -0.03553680
v 0.02445775 0.03119949 -0.03820099
v 0.02544425 0.03455483 -0.03713467
v 0.02925492 0.01920248 -0.04112186
v 0.03103659 0.01632132 -0.04018014
v 0.03293692 0.01232085 -0.03867262
v 0.03190544 0.01439627 -0.03998618
v 0.02767029 0.02148231 -0.04150618
v 0.02644573 0.02321962 -0.04143540
v 0.02745868 0.02406747 -0.03887000
v 0.02503907 0.02580259 -0.04056010
v 0.02571011 0.02584682 -0.03968925
v 0.02518769 0.02493091 -0.04130531
v 0.02644756 0.02689628 -0.03818977
v 0.02409666 0.02578270 -0.04189277
v 0.02349894 0.02752329 -0.04083315
v 0.02543944 0.02348020 -0.04359499
v 0.02144839 0.02713847 -0.04429804
v 0.02345393 0.02551152 -0.04367381
v 0.02467138 0.02866536 -0.03896244
v 0.02661888 0.02948942 -0.03698276
v 0.02511997 0.03028738 -0.03795543
v 0.02260633 0.02954077 -0.04022536
v 0.02211277 0.02874301 -0.04121276
v 0.02596211 0.02330336 -0.04238815
v 0.02436078 0.02499818 -0.04268460
v 0.02225221 0.02702109 -0.04293841
v 0.02138033 0.02743890 -0.04364200
v 0.03745167 0.02214642 -0.02529646
v 0.03734440 0.02526544 -0.02527417
v 0.03298962 0.02341245 -0.03186717
v 0.03434115 0.02298517 -0.03005392
v 0.03615508 0.02413959 -0.02719683
v 0.03665100 0.02730893 -0.02622880
v 0.03347139 0.02499255 -0.03086229
v 0.03202894 0.02540174 -0.03260366
v 0.03390287 0.02815796 -0.02986743
v 0.03780749 0.03160147 -0.02439883
v 0.03228799 0.03013970 -0.03154145
v 0.03520315 0.03035804 -0.02809312
v 0.03582764 0.03251257 -0.02723437
v 0.03368165 0.03236151 -0.02987893
v 0.03215796 0.03225051 -0.03154036
v 0.04019352 0.01918774 -0.02027515
v 0.03778963 0.01289030 -0.02550371
v 0.03909111 0.02539135 -0.02233172
v 0.03968868 0.01915978 -0.02130114
v 0.03852679 0.02535036 -0.02332370
v 0.03922838 0.01084142 -0.02243138
v 0.03832475 0.00879226 -0.02456909
v 0.03746674 0.00881767 -0.02667861
v 0.03588729 0.00891039 -0.03092875
v 0.03619738 0.00988544 -0.02981349
v 0.03647185 0.01188200 -0.02866366
v 0.03727587 0.01390659 -0.02650692
v 0.03440825 0.01008808 -0.03514062
v 0.03868197 0.01703193 -0.02335978
v 0.03561073 0.01191178 -0.03075321
v 0.03647011 0.01899301 -0.02734211
v 0.03499695 0.01194959 -0.03232493
v 0.03515917 0.01591195 -0.03049700
v 0.03515776 0.02097852 -0.02921046
v 0.03442170 0.01591668 -0.03201346
v 0.03313571 0.01888536 -0.03322890
v 0.03409889 0.01991133 -0.03119960
v 0.03760922 0.01801706 -0.02537124
v 0.03667161 0.01593381 -0.02745779
v 0.03186520 0.02232960 -0.03379435
v 0.03407375 -0.00559188 -0.04335471
v 0.03430268 -0.00636069 -0.03887856
v 0.04111253 0.00161967 -0.01830371
v 0.04074803 0.00322874 -0.01913257
v 0.03700840 0.00481755 -0.02833850
v 0.03434559 -0.00478899 -0.04065957
v 0.03552750 -0.00479935 -0.03354367
v 0.03451665 -0.00240101 -0.04157987
v 0.03547284 -0.00240001 -0.03444255
v 0.03607691 -0.00240173 -0.03180738
v 0.03454345 -0.00080215 -0.04248686
v 0.03464508 -0.00080041 -0.04068677
v 0.03518731 -0.00079906 -0.03621884
v 0.03472776 -0.00000004 -0.03979000
v 0.03492702 0.00000050 -0.03800038
v 0.03590363 0.00000211 -0.03268877
v 0.03586131 0.00240542 -0.03268402
v 0.03547240 0.00240317 -0.03444401
v 0.03485838 0.00239820 -0.03799424
v 0.03445563 0.00319832 -0.04157651
v 0.03442550 0.00478685 -0.03976359
v 0.03487607 0.00399499 -0.03709152
v 0.03552653 0.00480310 -0.03354660
v 0.03620026 0.00480992 -0.03092310
v 0.03931146 0.00161520 -0.02244383
v 0.03863243 0.00000555 -0.02411320
v 0.03768100 0.00000425 -0.02664378
v 0.03683413 0.00080560 -0.02921020
v 0.03709388 0.00160879 -0.02834955
v 0.03795485 0.00321805 -0.02579259
v 0.04000521 -0.00482025 -0.02077926
v 0.03706118 -0.00320655 -0.02834279
v 0.03795605 -0.00320886 -0.02578987
v 0.03487662 -0.00399348 -0.03708906
v 0.03600770 -0.00400286 -0.03179719
v 0.03732121 -0.01288750 -0.02654126
v 0.03595805 -0.00790771 -0.03098259
v 0.03433734 -0.01249671 -0.03386007
v 0.02411845 -0.03060958 -0.03861180
v 0.02640617 -0.02590537 -0.03883193
v 0.03610073 -0.02517749 -0.02718013
v 0.02260253 -0.02970587 -0.04013119
v 0.02136328 -0.02863800 -0.04202682
v 0.02513825 -0.03291444 -0.03744361
v 0.02544426 -0.03455482 -0.03713467
v 0.02724753 -0.03594612 -0.03581330
v 0.03200766 -0.03541027 -0.03163185
v 0.03356230 -0.03552227 -0.02997672
v 0.03503901 -0.03563076 -0.02823596
v 0.03824221 -0.03650009 -0.02371783
v 0.03673311 -0.00683648 -0.02888091
v 0.03459620 -0.00719394 -0.03648266
v 0.04067929 -0.02131028 -0.01924782
v 0.03741447 -0.02318388 -0.02528523
v 0.03789447 -0.02740019 -0.02431942
v 0.03906071 -0.02748753 -0.02235848
v 0.03961119 -0.02752929 -0.02135904
v 0.04013811 -0.02756959 -0.02034715
v 0.03717862 -0.03155494 -0.02535096
v 0.03273790 -0.02288541 -0.03236612
v 0.03444880 -0.02196430 -0.03011002
v 0.03347139 -0.02499249 -0.03086229
v 0.03405604 -0.02607524 -0.02991908
v 0.03236731 -0.02908986 -0.03156179
v 0.03580055 -0.03356859 -0.02726505
v 0.03450013 -0.03030778 -0.02898223
v 0.03130818 -0.03324226 -0.03235770
v 0.03592320 -0.02935668 -0.02717264
v 0.03134702 -0.02180695 -0.03478014
v 0.02919122 -0.02516529 -0.03605494
v 0.03149280 -0.02433243 -0.03357474
v 0.03171413 -0.02798146 -0.03243757
v 0.02864319 -0.02767100 -0.03569952
v 0.03035098 -0.02681113 -0.03417926
v 0.03195987 -0.02591408 -0.03256522
v 0.02938773 -0.02319519 -0.03683322
v 0.02908602 -0.02223053 -0.03793896
v 0.02785083 -0.02604664 -0.03715125
v 0.02777951 -0.02408091 -0.03842356
v 0.02774641 -0.02270497 -0.03968829
v 0.02631728 -0.02256756 -0.04318000
v 0.02813209 -0.02139976 -0.04053348
v 0.02624080 -0.02405616 -0.04068407
v 0.02593899 -0.02367141 -0.04176087
v 0.02752176 -0.02118588 -0.04262725
v 0.02597614 -0.02276503 -0.04416568
v 0.02503909 -0.02580254 -0.04056012
v 0.02394098 -0.02559353 -0.04242922
v 0.02655500 -0.02792419 -0.03759339
v 0.02423511 -0.02502003 -0.04291743
v 0.02334343 -0.02554850 -0.04390870
v 0.02124351 -0.02745617 -0.04386833
v 0.02982774 -0.03096731 -0.03391868
v 0.03221845 -0.03119303 -0.03153450
v 0.03005662 -0.02887483 -0.03401384
v 0.02737617 -0.03012760 -0.03619559
v 0.02836923 -0.03291355 -0.03501195
v 0.02866417 -0.03509040 -0.03469449
v 0.02619806 -0.03205759 -0.03678376
v 0.03390287 -0.02815791 -0.02986743
v 0.02815451 -0.03076418 -0.03542710
v 0.02639451 -0.03474098 -0.03645868
v 0.02387160 -0.02853908 -0.03974874
v 0.02493784 -0.02921836 -0.03847943
v 0.02845935 -0.02869313 -0.03558569
v 0.02371294 -0.02708019 -0.04098193
v 0.02211278 -0.02874298 -0.04121277
v 0.02094142 -0.02818810 -0.04304074
v 0.03428601 -0.00917205 -0.03630869
v 0.03367164 -0.00783706 -0.04254626
v 0.03371040 -0.00854237 -0.04022560
v 0.03398433 -0.00836747 -0.03858019
v 0.03327136 -0.01692335 -0.03393386
v 0.03231998 -0.01697039 -0.03594305
v 0.03143937 -0.01706919 -0.03796322
v 0.03103706 -0.01892553 -0.03714149
v 0.03232647 -0.01888352 -0.03469274
v 0.03021017 -0.01989394 -0.03794683
v 0.03154168 -0.01985610 -0.03552918
v 0.03008945 -0.01902089 -0.03911926
v 0.03065454 -0.01723941 -0.04000061
v 0.03316313 -0.00981752 -0.04229595
v 0.03357005 -0.01033027 -0.03837122
v 0.03313011 -0.01056789 -0.04053468
v 0.03255919 -0.01176068 -0.04202797
v 0.03280105 -0.01237464 -0.03920624
v 0.03388050 -0.01208093 -0.03548723
v 0.03440609 -0.01104392 -0.03451913
v 0.03177128 -0.01375051 -0.04226540
v 0.03223510 -0.01345006 -0.04013520
v 0.03189166 -0.01522952 -0.03878656
v 0.03140752 -0.01539486 -0.04035135
v 0.03086673 -0.01569606 -0.04245070
v 0.03326793 -0.01405537 -0.03579932
v 0.03289029 -0.01411559 -0.03684053
v 0.03110702 -0.01497914 -0.04369041
v 0.02961351 -0.01778784 -0.04361655
v 0.02860041 -0.02013650 -0.04139179
v 0.02937742 -0.01846661 -0.04236218
v 0.02747616 -0.02096166 -0.04376804
v 0.03832475 -0.00879211 -0.02456910
v 0.03922838 -0.01084127 -0.02243139
v 0.03784733 -0.01084556 -0.02556324
v 0.03531674 -0.01094009 -0.03186824
v 0.03871425 -0.01496511 -0.02339156
v 0.03970521 -0.01499655 -0.02133064
v 0.03811070 -0.01907444 -0.02434469
v 0.03768628 -0.01596276 -0.02542072
v 0.03647186 -0.01188186 -0.02866367
v 0.03524575 -0.00849220 -0.03310596
v 0.03673579 -0.01491726 -0.02749774
v 0.03527696 -0.01491076 -0.03056270
v 0.03465456 -0.01295510 -0.03277177
v 0.03681922 -0.02314428 -0.02625632
v 0.03559709 -0.02306466 -0.02817191
v 0.03591445 -0.01896824 -0.02833154
v 0.03452374 -0.01690981 -0.03143097
v 0.03479718 -0.01892529 -0.03029780
v 0.03294775 -0.01987324 -0.03312598
v -0.04003817 -0.04930000 -0.02054129
v -0.03924698 -0.04930000 -0.02201532
v -0.03450185 -0.04930000 -0.02888983
v -0.02791667 -0.04930000 0.03529390
v 0.03503291 -0.04930000 0.02824351
v 0.01318783 -0.04930000 0.04302419
v 0.01157951 -0.04930000 0.04348465
v -0.01318783 -0.04930000 0.04302419
v -0.01157951 -0.04930000 0.04348465
v -0.00831709 -0.04930000 0.04422472
v -0.00995518 -0.04930000 0.04388501
v -0.00666751 -0.04930000 0.04450331
v -0.00500871 -0.04930000 0.04472039
v -0.00334299 -0.04930000 0.04487566
v -0.00167265 -0.04930000 0.04496890
v 0.00167265 -0.04930000 0.04496890
v -0.00000000 -0.04930000 0.04500000
v 0.00334299 -0.04930000 0.04487566
v 0.00500871 -0.04930000 0.04472039
v 0.00666751 -0.04930000 0.04450331
v 0.00831709 -0.04930000 0.04422472
v 0.00995518 -0.04930000 0.04388501
v 0.03450185 -0.04930000 -0.02888983
v 0.02791667 -0.04930000 0.03529390
v 0.02899211 -0.04930000 0.03441595
v -0.03503291 -0.04930000 0.02824351
v 0.04207573 -0.04930000 -0.01595722
v 0.04145353 -0.04930000 -0.01751015
v 0.04077403 -0.04930000 -0.01903888
v 0.04003817 -0.04930000 -0.02054129
v 0.03924698 -0.04930000 -0.02201532
v 0.03840155 -0.04930000 -0.02345892
v 0.03750305 -0.04930000 -0.02487010
v 0.03655270 -0.04930000 -0.02624690
v 0.03555185 -0.04930000 -0.02758743
v -0.03555185 -0.04930000 -0.02758743
v -0.03655270 -0.04930000 -0.02624690
v -0.03750305 -0.04930000 -0.02487010
v -0.03840155 -0.04930000 -0.02345892
v -0.04077403 -0.04930000 -0.01903888
v -0.04145353 -0.04930000 -0.01751015
v -0.04207573 -0.04930000 -0.01595722
v -0.04263978 -0.04930000 -0.01438224
v -0.04314491 -0.04930000 -0.01278737
v -0.04359040 -0.04930000 -0.01117484
v -0.04397565 -0.04930000 -0.00954686
v -0.04430011 -0.04930000 -0.00790569
v -0.04456336 -0.04930000 -0.00625359
v -0.04476501 -0.04930000 -0.00459284
v -0.04490479 -0.04930000 -0.00292575
v -0.04498251 -0.04930000 -0.00125462
v -0.04499806 -0.04930000 0.00041825
v 0.04359040 -0.04930000 -0.01117484
v 0.04314491 -0.04930000 -0.01278737
v 0.04263978 -0.04930000 -0.01438224
v -0.01477793 -0.04930000 0.04250427
v -0.01634760 -0.04930000 0.04192560
v -0.01789468 -0.04930000 0.04128899
v -0.01941703 -0.04930000 0.04059531
v -0.02091254 -0.04930000 0.03984552
v -0.02237915 -0.04930000 0.03904067
v -0.02381483 -0.04930000 0.03818185
v -0.02521759 -0.04930000 0.03727027
v -0.02658550 -0.04930000 0.03630717
v -0.03605851 -0.04930000 0.02692181
v -0.03703427 -0.04930000 0.02556291
v -0.03795886 -0.04930000 0.02416868
v -0.03883098 -0.04930000 0.02274105
v -0.03964943 -0.04930000 0.02128198
v -0.04041308 -0.04930000 0.01979351
v -0.04112088 -0.04930000 0.01827767
v -0.04177184 -0.04930000 0.01673658
v -0.04236508 -0.04930000 0.01517235
v -0.04289976 -0.04930000 0.01358715
v -0.04337515 -0.04930000 0.01198318
v -0.04379059 -0.04930000 0.01036264
v -0.04414551 -0.04930000 0.00872778
v -0.04443941 -0.04930000 0.00708086
v -0.04467190 -0.04930000 0.00542415
v -0.04484265 -0.04930000 0.00375995
v -0.04495141 -0.04930000 0.00209054
v 0.04397565 -0.04930000 -0.00954686
v 0.04430011 -0.04930000 -0.00790569
v 0.04456336 -0.04930000 -0.00625359
v 0.04476501 -0.04930000 -0.00459284
v 0.04490479 -0.04930000 -0.00292575
v 0.04498251 -0.04930000 -0.00125462
v 0.04499806 -0.04930000 0.00041825
v 0.04495141 -0.04930000 0.00209054
v 0.04484265 -0.04930000 0.00375995
v 0.04467190 -0.04930000 0.00542415
v 0.04443941 -0.04930000 0.00708086
v 0.04414551 -0.04930000 0.00872778
v 0.04379059 -0.04930000 0.01036264
v 0.04337515 -0.04930000 0.01198318
v 0.04289976 -0.04930000 0.01358715
v 0.04236508 -0.04930000 0.01517235
v 0.04177184 -0.04930000 0.01673658
v 0.04112088 -0.04930000 0.01827767
v 0.04041308 -0.04930000 0.01979351
v 0.03964943 -0.04930000 0.02128198
v 0.03883098 -0.04930000 0.02274105
v 0.03795886 -0.04930000 0.02416868
v 0.03703427 -0.04930000 0.02556291
v 0.03605851 -0.04930000 0.02692181
v 0.02658550 -0.04930000 0.03630717
v 0.02521759 -0.04930000 0.03727027
v 0.02381483 -0.04930000 0.03818185
v 0.02237915 -0.04930000 0.03904067
v 0.02091254 -0.04930000 0.03984552
v 0.01941703 -0.04930000 0.04059531
v 0.01789468 -0.04930000 0.04128899
v 0.01634760 -0.04930000 0.04192560
v 0.01477793 -0.04930000 0.04250427
v 0.03391293 -0.04933530 0.02931297
v 0.03427019 -0.04930408 0.02913320
v 0.03294404 -0.04951614 0.02905495
v 0.03199658 -0.05018409 0.02810749
v 0.02746096 -0.05091351 0.03097334
v 0.02739402 -0.05168070 0.02934676
v 0.03090457 -0.05095454 0.02743752
v 0.03001070 -0.05141817 0.02730235
v 0.02904786 -0.05177372 0.02749194
v 0.02854458 -0.05188688 0.02775203
v 0.02760093 -0.05183583 0.02880521
v 0.02730437 -0.05134694 0.03016525
v 0.02810749 -0.05018409 0.03199658
v 0.02905495 -0.04951614 0.03294404
v 0.02934694 -0.04936425 0.03369378
v 0.02878740 -0.04989643 0.03354931
v 0.02884038 -0.04971870 0.03397143
v 0.03027092 -0.05177335 0.02683543
v 0.03237560 -0.05071828 0.02763091
v 0.02756257 -0.05077200 0.03229267
v 0.02699974 -0.05135172 0.03124772
v 0.02685574 -0.05192874 0.02983605
v 0.02776326 -0.05232438 0.02788766
v 0.03354941 -0.04989637 0.02878748
v 0.03411002 -0.04970000 0.02873441
v 0.03622779 -0.04970000 -0.02601359
v 0.03806020 -0.04970000 -0.02325040
v 0.03968228 -0.04970000 -0.02035871
v 0.04108505 -0.04970000 -0.01735450
v 0.04226077 -0.04970000 -0.01425439
v 0.04320293 -0.04970000 -0.01107551
v 0.04390633 -0.04970000 -0.00783541
v 0.04436709 -0.04970000 -0.00455202
v 0.04458266 -0.04970000 -0.00124346
v 0.04444404 -0.04970000 0.00372652
v 0.04404440 -0.04970000 0.00701792
v 0.04340134 -0.04970000 0.01027053
v 0.04251843 -0.04970000 0.01346638
v 0.04140054 -0.04970000 0.01658781
v 0.04005385 -0.04970000 0.01961756
v 0.03848581 -0.04970000 0.02253891
v 0.03670508 -0.04970000 0.02533569
v 0.03354931 -0.04989643 -0.02878740
v 0.03397143 -0.04971870 -0.02884038
v 0.02701646 -0.05213882 -0.02912004
v 0.02706121 -0.05126641 -0.03142001
v 0.03229267 -0.05077200 -0.02756257
v 0.03124772 -0.05135172 -0.02699974
v 0.02983605 -0.05192874 -0.02685574
v 0.02781310 -0.05058409 -0.03257294
v 0.02788766 -0.05232438 -0.02776326
v 0.02878748 -0.04989637 -0.03354941
v -0.03354941 -0.04989637 -0.02878748
v -0.03229267 -0.05077200 0.02756257
v -0.03397143 -0.04971870 0.02884038
v -0.03354931 -0.04989643 0.02878740
v -0.02983605 -0.05192874 0.02685574
v -0.03124772 -0.05135172 0.02699974
v -0.02788766 -0.05232438 0.02776326
v -0.02683543 -0.05177335 0.03027092
v -0.02878748 -0.04989637 0.03354941
v -0.02763091 -0.05071828 0.03237560
v 0.02634919 -0.04970000 0.03598445
v 0.02360314 -0.04970000 0.03784246
v 0.02072665 -0.04970000 0.03949134
v 0.01773562 -0.04970000 0.04092197
v 0.01464657 -0.04970000 0.04212645
v 0.01147658 -0.04970000 0.04309812
v 0.00824316 -0.04970000 0.04383161
v 0.00496419 -0.04970000 0.04432287
v 0.00165778 -0.04970000 0.04456918
v -0.00165778 -0.04970000 0.04456918
v -0.00331328 -0.04970000 0.04447676
v -0.00660824 -0.04970000 0.04410772
v -0.00986669 -0.04970000 0.04349492
v -0.01307061 -0.04970000 0.04264176
v -0.01620229 -0.04970000 0.04155293
v -0.01924444 -0.04970000 0.04023446
v -0.02218023 -0.04970000 0.03869364
v -0.02499344 -0.04970000 0.03693898
v -0.02766852 -0.04970000 0.03498018
v -0.03573799 -0.04970000 0.02668251
v -0.03762145 -0.04970000 0.02395385
v -0.03929699 -0.04970000 0.02109281
v -0.04075536 -0.04970000 0.01811520
v -0.04198850 -0.04970000 0.01503748
v -0.04298959 -0.04970000 0.01187666
v -0.04375310 -0.04970000 0.00865020
v -0.04427481 -0.04970000 0.00537594
v -0.04455185 -0.04970000 0.00207196
v -0.04458266 -0.04970000 -0.00124346
v -0.04436709 -0.04970000 -0.00455202
v -0.04390633 -0.04970000 -0.00783541
v -0.04320293 -0.04970000 -0.01107551
v -0.04226077 -0.04970000 -0.01425439
v -0.04108505 -0.04970000 -0.01735450
v -0.03968228 -0.04970000 -0.02035871
v -0.03806020 -0.04970000 -0.02325040
v -0.03622779 -0.04970000 -0.02601359
v 0.00600000 -0.00000000 0.04900000
v 0.00587718 0.00120779 0.04900000
v 0.00594597 0.00080338 0.05450000
v 0.00572484 0.00179618 0.04900000
v 0.00524608 0.00291181 0.04900000
v 0.00551375 0.00236614 0.05450000
v 0.00455255 0.00390823 0.04900000
v 0.00492458 0.00342761 0.05450000
v 0.00367264 0.00474465 0.04900000
v 0.00413380 0.00434876 0.05450000
v 0.00264236 0.00538683 0.04900000
v 0.00317378 0.00509187 0.05450000
v 0.00150392 0.00580846 0.04900000
v 0.00208383 0.00562651 0.05450000
v 0.00090857 0.00593081 0.04900000
v 0.00090857 0.00593081 0.05450000
v -0.00030390 0.00599230 0.04900000
v -0.00053565 0.00597604 0.05450000
v -0.00208383 0.00562651 0.04900000
v -0.00210702 0.00561787 0.05450000
v -0.00317378 0.00509187 0.04900000
v -0.00317378 0.00509187 0.05450000
v -0.00413380 0.00434876 0.04900000
v -0.00414638 0.00433677 0.05450000
v -0.00492458 0.00342761 0.04900000
v -0.00492458 0.00342761 0.05450000
v -0.00551763 0.00235708 0.05450000
v -0.00551375 0.00236614 0.04900000
v -0.00587718 0.00120779 0.04900000
v -0.00587718 0.00120779 0.05450000
v -0.00599406 0.00026685 0.05450000
v -0.00600000 -0.00000000 0.04900000
v -0.00530180 0.00146320 0.05500000
v -0.00430027 0.00342895 0.05500000
v -0.00260628 0.00484328 0.05500000
v 0.00545047 0.00073643 0.05500000
v 0.00495533 0.00238636 0.05500000
v 0.00414189 0.00361866 0.05500000
v 0.00282036 0.00472182 0.05500000
v 0.00122387 0.00536210 0.05500000
v -0.00024676 0.00549446 0.05500000
v 0.00024676 -0.00549446 0.05500000
v -0.00122387 -0.00536210 0.05500000
v 0.00260628 -0.00484328 0.05500000
v 0.00530180 -0.00146320 0.05500000
v -0.00545047 -0.00073643 0.05500000
v -0.00282036 -0.00472182 0.05500000
v 0.00430027 -0.00342895 0.05500000
v -0.00495533 -0.00238636 0.05500000
v -0.00414189 -0.00361866 0.05500000
v 0.00587718 -0.00120779 0.05450000
v 0.00492458 -0.00342761 0.05450000
v 0.00317378 -0.00509187 0.05450000
v -0.00594597 -0.00080338 0.05450000
v -0.00551375 -0.00236614 0.05450000
v -0.00492458 -0.00342761 0.05450000
v -0.00413380 -0.00434876 0.05450000
v -0.00317378 -0.00509187 0.05450000
v -0.00208383 -0.00562651 0.05450000
v -0.00090857 -0.00593081 0.05450000
v 0.00053565 -0.00597604 0.05450000
v 0.00210702 -0.00561787 0.05450000
v 0.00414638 -0.00433677 0.05450000
v 0.00551763 -0.00235708 0.05450000
v 0.00599406 -0.00026685 0.05450000
v -0.00587718 -0.00120779 0.04900000
v -0.00572484 -0.00179618 0.04900000
v -0.00524608 -0.00291181 0.04900000
v -0.00455255 -0.00390824 0.04900000
v -0.00367264 -0.00474465 0.04900000
v -0.00264236 -0.00538683 0.04900000
v -0.00150392 -0.00580846 0.04900000
v -0.00090857 -0.00593081 0.04900000
v 0.00030390 -0.00599230 0.04900000
v 0.00208383 -0.00562651 0.04900000
v 0.00317378 -0.00509187 0.04900000
v 0.00413380 -0.00434876 0.04900000
v 0.00492458 -0.00342761 0.04900000
v 0.00551375 -0.00236614 0.04900000
v 0.00587718 -0.00120779 0.04900000
v -0.00643986 0.00274377 0.04900000
v -0.00591633 0.00374126 0.04900000
v -0.00000000 0.00700000 0.04900000
v 0.00300085 0.00632415 0.04900000
v 0.00504846 0.00484903 0.04900000
v 0.00643986 -0.00274377 0.04900000
v -0.00484907 0.00504842 0.04900000
v 0.00699441 -0.00027964 0.04900000
v 0.00591633 -0.00374126 0.04900000
v -0.00300085 -0.00632415 0.04900000
v -0.00699441 0.00027964 0.04900000
v -0.00274275 0.00644029 0.04900000
v 0.00679659 0.00167521 0.04900000
v 0.00274275 -0.00644029 0.04900000
v 0.00484907 -0.00504842 0.04900000
v -0.00504846 -0.00484903 0.04900000
v -0.00000000 -0.00700000 0.04900000
v -0.00679659 -0.00167521 0.04900000
v -0.00717027 -0.00219938 0.04850000
v -0.00744557 -0.00090194 0.04850000
v -0.00665417 -0.00346006 0.04850000
v -0.00561383 -0.00497342 0.04850000
v -0.00426049 -0.00617238 0.04850000
v -0.00265954 -0.00701262 0.04850000
v -0.00090403 -0.00744532 0.04850000
v 0.00068112 -0.00746901 0.04850000
v 0.00265954 -0.00701262 0.04850000
v 0.00426049 -0.00617238 0.04850000
v 0.00591855 -0.00460660 0.04850000
v 0.00664092 -0.00348542 0.04850000
v 0.00740288 -0.00120308 0.04850000
v 0.00717027 0.00219938 0.04850000
v 0.00744557 0.00090194 0.04850000
v 0.00665417 0.00346006 0.04850000
v 0.00561383 0.00497342 0.04850000
v 0.00426049 0.00617238 0.04850000
v 0.00265954 0.00701262 0.04850000
v 0.00030199 0.00749392 0.04850000
v -0.00068112 0.00746901 0.04850000
v -0.00265954 0.00701262 0.04850000
v -0.00426049 0.00617238 0.04850000
v -0.00591855 0.00460660 0.04850000
v -0.00664092 0.00348542 0.04850000
v -0.00740288 0.00120308 0.04850000
v 0.03441595 -0.04770000 -0.02899211
v 0.03340418 -0.04770000 -0.03015230
v 0.02933077 -0.04770000 -0.03346715
v 0.03107190 -0.04770000 -0.03255053
v 0.02984052 -0.04770000 -0.03368298
v 0.02899211 -0.04770000 -0.03441595
v 0.03346715 -0.04770000 -0.02933077
v 0.03226033 -0.04770000 -0.03137309
v 0.03305356 -0.04770000 -0.02914965
v 0.02905495 -0.04770000 -0.03294404
v 0.03199658 -0.04770000 -0.02810749
v 0.02784953 -0.04770000 -0.03169869
v 0.03135045 -0.04770000 -0.02762786
v 0.03057471 -0.04770000 -0.02735217
v 0.02762786 -0.04770000 -0.03135045
v 0.02895644 -0.04770000 -0.02752971
v 0.02735217 -0.04770000 -0.03057471
v 0.02752971 -0.04770000 -0.02895644
v 0.02731844 -0.04770000 -0.02975214
v 0.02975214 -0.04770000 -0.02731844
v 0.02825893 -0.04770000 -0.02796703
v 0.02931297 -0.04933530 -0.03391293
v 0.02913320 -0.04930408 -0.03427019
v 0.02905495 -0.04951614 -0.03294404
v 0.02810749 -0.05018409 -0.03199658
v 0.03097334 -0.05091351 -0.02746096
v 0.02934676 -0.05168070 -0.02739402
v 0.02743752 -0.05095454 -0.03090457
v 0.02730235 -0.05141817 -0.03001070
v 0.02749194 -0.05177372 -0.02904786
v 0.02775203 -0.05188688 -0.02854458
v 0.02880521 -0.05183583 -0.02760093
v 0.03016525 -0.05134694 -0.02730437
v 0.03199658 -0.05018409 -0.02810749
v 0.03294404 -0.04951614 -0.02905495
v 0.03369378 -0.04936425 -0.02934694
v 0.03283793 -0.04770000 0.03076801
v 0.03167158 -0.04770000 0.03196734
v 0.03441595 -0.04770000 0.02899211
v 0.03395888 -0.04770000 0.02952616
v 0.03346715 -0.04770000 0.02933077
v 0.02920926 -0.04770000 0.03423185
v 0.03046147 -0.04770000 0.03312248
v 0.02933077 -0.04770000 0.03346715
v 0.02914965 -0.04770000 0.03305356
v 0.03294404 -0.04770000 0.02905495
v 0.02810749 -0.04770000 0.03199658
v 0.03057471 -0.04770000 0.02735217
v 0.03135045 -0.04770000 0.02762786
v 0.03169869 -0.04770000 0.02784953
v 0.02762786 -0.04770000 0.03135045
v 0.02735217 -0.04770000 0.03057471
v 0.02895644 -0.04770000 0.02752971
v 0.02731844 -0.04770000 0.02975214
v 0.02975214 -0.04770000 0.02731844
v 0.02752971 -0.04770000 0.02895644
v 0.02796703 -0.04770000 0.02825893
v -0.02933077 -0.04770000 0.03346715
v -0.03046147 -0.04770000 0.03312248
v -0.02920926 -0.04770000 0.03423185
v -0.03395888 -0.04770000 0.02952616
v -0.03441595 -0.04770000 0.02899211
v -0.03167158 -0.04770000 0.03196734
v -0.03283793 -0.04770000 0.03076801
v -0.03346715 -0.04770000 0.02933077
v -0.03305356 -0.04770000 0.02914965
v -0.02762786 -0.04770000 0.03135045
v -0.02784953 -0.04770000 0.03169869
v -0.03199658 -0.04770000 0.02810749
v -0.02905495 -0.04770000 0.03294404
v -0.02735217 -0.04770000 0.03057471
v -0.03135045 -0.04770000 0.02762786
v -0.03057471 -0.04770000 0.02735217
v -0.02731844 -0.04770000 0.02975214
v -0.02975214 -0.04770000 0.02731844
v -0.02752971 -0.04770000 0.02895644
v -0.02825893 -0.04770000 0.02796703
v -0.02895644 -0.04770000 0.02752971
v -0.02931297 -0.04933530 0.03391293
v -0.02899211 -0.04930000 0.03441595
v -0.02905495 -0.04951614 0.03294404
v -0.02810749 -0.05018409 0.03199658
v -0.03097334 -0.05091351 0.02746096
v -0.02743752 -0.05095454 0.03090457
v -0.02730235 -0.05141817 0.03001070
v -0.02749358 -0.05177490 0.02904367
v -0.02775203 -0.05188688 0.02854458
v -0.02880521 -0.05183583 0.02760093
v -0.02934676 -0.05168070 0.02739402
v -0.03016525 -0.05134694 0.02730437
v -0.03199658 -0.05018409 0.02810749
v -0.03326999 -0.04943835 0.02927236
v -0.03412889 -0.04931361 0.02922635
v -0.02725580 -0.04930000 -0.03580672
v -0.02701352 -0.04970000 -0.03548844
v -0.02856790 -0.04930000 -0.03476888
v -0.02590602 -0.04930000 -0.03679508
v -0.02452045 -0.04930000 -0.03773258
v -0.02567575 -0.04970000 -0.03646801
v -0.02310098 -0.04930000 -0.03861793
v -0.02164959 -0.04930000 -0.03944991
v -0.02289564 -0.04970000 -0.03827466
v -0.02016827 -0.04930000 -0.04022736
v -0.01865908 -0.04930000 -0.04094922
v -0.01998900 -0.04970000 -0.03986979
v -0.01712410 -0.04930000 -0.04161448
v -0.01556546 -0.04930000 -0.04222223
v -0.01697189 -0.04970000 -0.04124457
v -0.01398530 -0.04930000 -0.04277162
v -0.01238581 -0.04930000 -0.04326190
v -0.01386098 -0.04970000 -0.04239143
v -0.01076921 -0.04930000 -0.04369238
v -0.00913772 -0.04930000 -0.04406248
v -0.01067348 -0.04970000 -0.04330400
v -0.00749360 -0.04930000 -0.04437168
v -0.00583912 -0.04930000 -0.04461956
v -0.00742699 -0.04970000 -0.04397726
v -0.00417657 -0.04930000 -0.04480576
v -0.00250826 -0.04930000 -0.04493004
v -0.00413945 -0.04970000 -0.04440749
v 0.00083647 -0.04930000 -0.04499222
v -0.00083647 -0.04930000 -0.04499222
v -0.00082904 -0.04970000 -0.04459229
v 0.00250826 -0.04930000 -0.04493004
v 0.00166765 -0.04970000 -0.04456881
v 0.00417657 -0.04930000 -0.04480576
v 0.00583912 -0.04930000 -0.04461956
v 0.00499362 -0.04970000 -0.04431957
v 0.00749360 -0.04930000 -0.04437168
v 0.00913772 -0.04930000 -0.04406248
v 0.00742699 -0.04970000 -0.04397726
v 0.01076921 -0.04930000 -0.04369238
v 0.01238581 -0.04930000 -0.04326190
v 0.01067348 -0.04970000 -0.04330400
v 0.01398530 -0.04930000 -0.04277162
v 0.01556546 -0.04930000 -0.04222223
v 0.01386098 -0.04970000 -0.04239143
v 0.01712410 -0.04930000 -0.04161448
v 0.01865908 -0.04930000 -0.04094922
v 0.01697189 -0.04970000 -0.04124457
v 0.02016827 -0.04930000 -0.04022736
v 0.02164959 -0.04930000 -0.03944991
v 0.01998900 -0.04970000 -0.03986979
v 0.02310098 -0.04930000 -0.03861793
v 0.02452045 -0.04930000 -0.03773258
v 0.02289564 -0.04970000 -0.03827466
v 0.02590602 -0.04930000 -0.03679508
v 0.02725580 -0.04930000 -0.03580672
v 0.02701352 -0.04970000 -0.03548844
v -0.02905495 -0.04951614 -0.03294404
v -0.02878740 -0.04989643 -0.03354931
v -0.02934694 -0.04936425 -0.03369378
v -0.02922635 -0.04931361 -0.03412889
v -0.02810749 -0.05018409 -0.03199658
v -0.02854458 -0.05188688 -0.02775203
v -0.02904367 -0.05177490 -0.02749358
v -0.03027092 -0.05177335 -0.02683543
v -0.03090457 -0.05095454 -0.02743752
v -0.03237560 -0.05071828 -0.02763091
v -0.03001070 -0.05141817 -0.02730235
v -0.02756257 -0.05077200 -0.03229267
v -0.02699974 -0.05135172 -0.03124772
v -0.02746096 -0.05091351 -0.03097334
v -0.02739402 -0.05168070 -0.02934676
v -0.02685574 -0.05192874 -0.02983605
v -0.02760093 -0.05183583 -0.02880521
v -0.02730437 -0.05134694 -0.03016525
v -0.03199658 -0.05018409 -0.02810749
v -0.02776326 -0.05232438 -0.02788766
v -0.03226033 -0.04770000 -0.03137309
v -0.03340418 -0.04770000 -0.03015230
v -0.02899211 -0.04770000 -0.03441595
v -0.03441595 -0.04770000 -0.02899211
v -0.03107190 -0.04770000 -0.03255053
v -0.03346715 -0.04770000 -0.02933077
v -0.02933077 -0.04770000 -0.03346715
v -0.02914965 -0.04770000 -0.03305356
v -0.03294404 -0.04770000 -0.02905495
v -0.02810749 -0.04770000 -0.03199658
v -0.03135045 -0.04770000 -0.02762786
v -0.03169869 -0.04770000 -0.02784953
v -0.02762786 -0.04770000 -0.03135045
v -0.02796703 -0.04770000 -0.02825893
v -0.02735217 -0.04770000 -0.03057471
v -0.02731844 -0.04770000 -0.02975214
v -0.02895644 -0.04770000 -0.02752971
v -0.02975214 -0.04770000 -0.02731844
v -0.03057471 -0.04770000 -0.02735217
v -0.02752971 -0.04770000 -0.02895644
v -0.03391293 -0.04933530 -0.02931297
v -0.03294404 -0.04951614 -0.02905495
v 0.02785649 0.03650000 0.03534142
v 0.02408257 0.04050000 0.03225047
v 0.02923225 0.03650000 0.03421221
v 0.03071879 0.03650000 0.03288397
v 0.02746289 0.04050000 0.02942537
v 0.04021982 0.04050000 0.00155827
v 0.04497123 0.03650000 0.00160886
v 0.04487989 0.03650000 0.00328556
v 0.04472607 0.03650000 0.00495769
v 0.03993196 0.04050000 0.00504984
v 0.04450997 0.03650000 0.00662292
v 0.04423188 0.03650000 0.00827892
v 0.03949787 0.04050000 0.00774470
v 0.04389221 0.03650000 0.00992340
v 0.04349142 0.03650000 0.01155405
v 0.03878025 0.04050000 0.01077750
v 0.04303008 0.03650000 0.01316862
v 0.03833393 0.04050000 0.01227079
v 0.04250881 0.03650000 0.01476486
v 0.04192836 0.03650000 0.01634053
v 0.03726961 0.04050000 0.01519996
v 0.04128952 0.03650000 0.01789345
v 0.04059319 0.03650000 0.01942146
v 0.03984034 0.03650000 0.02092242
v 0.03582763 0.04050000 0.01834240
v 0.03903201 0.03650000 0.02239425
v 0.03423322 0.04050000 0.02116953
v 0.03805294 0.03650000 0.02402028
v 0.03725350 0.03650000 0.02524236
v 0.03276815 0.04050000 0.02337329
v 0.03628580 0.03650000 0.02661467
v 0.03183869 0.04050000 0.02462438
v 0.03544791 0.03650000 0.02772086
v 0.03420025 0.03650000 0.02924625
v 0.02983802 0.04050000 0.02701398
v 0.03308529 0.03650000 0.03050186
v 0.03192427 0.03650000 0.03171500
v 0.02644524 0.03650000 0.03640947
v 0.02151510 0.04050000 0.03401710
v 0.02548682 0.03650000 0.03708668
v 0.02408541 0.03650000 0.03801175
v 0.01881865 0.04050000 0.03557978
v 0.02265047 0.03650000 0.03888388
v 0.02118399 0.03650000 0.03970187
v 0.01663617 0.04050000 0.03665106
v 0.01968801 0.03650000 0.04046458
v 0.01816462 0.03650000 0.04117094
v 0.01310412 0.04050000 0.03805712
v 0.01661593 0.03650000 0.04181998
v 0.01465057 0.03650000 0.04254834
v 0.00517120 0.03500000 0.04520518
v 0.00517120 0.03867915 0.04520518
v 0.00495879 0.03878444 0.04514900
v 0.00392613 0.03909052 0.04487584
v 0.00453546 0.04450000 0.03807203
v 0.01134195 0.04450000 0.03662527
v 0.00544453 0.04372865 0.04009249
v 0.01133326 0.04372865 0.03884080
v 0.00727824 0.04450000 0.03764408
v 0.00914487 0.04372865 0.03941348
v 0.00406967 0.04450000 0.03274810
v 0.00754521 0.04450000 0.03212584
v 0.00960202 0.04450000 0.03157216
v 0.01272524 0.04406324 0.03695679
v 0.01090653 0.04406324 0.03167487
v 0.01026610 0.04424662 0.03136251
v 0.01221923 0.04310006 0.03935636
v 0.01318734 0.04310572 0.03829882
v 0.01277322 0.04027135 0.04271168
v 0.01306927 0.04098922 0.04172635
v 0.01445931 0.03979472 0.04199288
v 0.01466595 0.03909052 0.04259302
v 0.01366248 0.03867915 0.04340031
v 0.01366248 0.03500000 0.04340031
v 0.00660798 0.03500000 0.04501760
v 0.00945998 0.03867915 0.04450572
v 0.01087231 0.03500000 0.04418193
v 0.01227362 0.03867915 0.04381333
v 0.00570349 0.04027135 0.04421440
v 0.01079587 0.04027135 0.04325381
v 0.00927059 0.04027135 0.04360618
v 0.00383002 0.04022125 0.04377736
v 0.00511502 0.04079257 0.04366098
v 0.00353030 0.04310572 0.04035148
v 0.00340659 0.04406324 0.03893753
v 0.00291939 0.04406324 0.03336880
v 0.00336648 0.04424250 0.03282784
v 0.00291939 0.04050000 0.03336880
v 0.00336648 0.04050000 0.03282784
v 0.01026610 0.04050000 0.03136251
v 0.00616275 0.04050000 0.03241945
v 0.01090653 0.04050000 0.03167487
v 0.01465057 0.03500000 0.04254834
v 0.00392201 0.03500000 0.04482876
v 0.00525174 0.03500000 0.04469250
v 0.00691550 0.03500000 0.04446544
v 0.00856964 0.03500000 0.04417648
v 0.01345134 0.03500000 0.04294254
v 0.01183984 0.03500000 0.04341449
v 0.01021185 0.03500000 0.04382600
v 0.00392201 0.03650000 0.04482876
v 0.00350802 0.04050000 0.04009684
v 0.01134195 0.04450000 -0.03662527
v 0.01430696 0.04022125 -0.04155042
v 0.01318734 0.04310572 -0.03829882
v 0.01383367 0.03878444 -0.04326259
v 0.01466595 0.03909052 -0.04259302
v 0.01308572 0.04079257 -0.04196675
v 0.01277322 0.04027135 -0.04271168
v 0.00411671 0.03500000 -0.04492625
v 0.00517120 0.03500000 -0.04520518
v 0.01366248 0.03500000 -0.04340031
v 0.01465594 0.03500000 -0.04256395
v 0.01124468 0.03500000 -0.04359787
v 0.00945998 0.03500000 -0.04450572
v 0.00928483 0.03500000 -0.04407213
v 0.01366248 0.03867915 -0.04340031
v 0.00945998 0.03867915 -0.04450572
v 0.00660798 0.03867915 -0.04501760
v 0.00517120 0.03867915 -0.04520518
v 0.00570349 0.04027135 -0.04421440
v 0.00773040 0.04027135 -0.04390540
v 0.00926712 0.04027135 -0.04360692
v 0.00392613 0.03909052 -0.04487584
v 0.00499114 0.04119629 -0.04319101
v 0.00387081 0.03979472 -0.04424354
v 0.00353030 0.04310572 -0.04035148
v 0.00484486 0.04310006 -0.04092383
v 0.00544453 0.04372865 -0.04009249
v 0.00420844 0.04437070 -0.03841015
v 0.00340659 0.04406324 -0.03893753
v 0.00291939 0.04406324 -0.03336880
v 0.00336648 0.04424250 -0.03282784
v 0.00406967 0.04450000 -0.03274810
v 0.00453546 0.04450000 -0.03807203
v 0.00960202 0.04450000 -0.03157216
v 0.00754521 0.04450000 -0.03212584
v 0.00866222 0.04450000 -0.03734991
v 0.00616275 0.04450000 -0.03241945
v 0.01133326 0.04372865 -0.03884080
v 0.00767665 0.04372865 -0.03972556
v 0.01272524 0.04406324 -0.03695679
v 0.01090653 0.04406324 -0.03167487
v 0.01026610 0.04424662 -0.03136251
v 0.01090653 0.04050000 -0.03167487
v 0.01026610 0.04050000 -0.03136251
v 0.00336648 0.04050000 -0.03282784
v 0.00616275 0.04050000 -0.03241945
v 0.00891383 0.04050000 -0.03177332
v 0.00291939 0.04050000 -0.03336880
v 0.00392201 0.03650000 -0.04482877
v 0.00350802 0.04050000 -0.04009684
v -0.00000000 0.04050000 -0.04025000
v 0.00087656 0.03650000 -0.04499146
v -0.03396976 0.03650000 -0.02951370
v -0.03060634 0.04050000 -0.02614029
v -0.04499291 0.03650001 -0.00079880
v -0.04020998 0.04050000 -0.00179437
v -0.04493620 0.03650002 -0.00239540
v -0.04482285 0.03650003 -0.00398898
v -0.04008718 0.04050000 -0.00361666
v -0.04463645 0.03650004 -0.00570853
v -0.04442688 0.03650005 -0.00715906
v -0.03973935 0.04050000 -0.00639112
v -0.04414476 0.03650007 -0.00873157
v -0.04398281 0.03650007 -0.00951381
v -0.04361738 0.03650008 -0.01106907
v -0.03895281 0.04050000 -0.01013611
v -0.04319697 0.03650009 -0.01261037
v -0.04246446 0.03650011 -0.01489192
v -0.04219342 0.03650012 -0.01564337
v -0.03776220 0.04050000 -0.01393121
v -0.04161154 0.03650013 -0.01713125
v -0.04114335 0.03649990 -0.01822703
v -0.03663850 0.04050000 -0.01666383
v -0.04047069 0.03650003 -0.01967539
v -0.03947427 0.03650015 -0.02160514
v -0.03476969 0.04050000 -0.02027637
v -0.03865280 0.03650011 -0.02304264
v -0.03647373 0.03650039 -0.02635649
v -0.03251410 0.04050000 -0.02372542
v -0.03500383 0.03650010 -0.02827951
v -0.03293620 0.03649997 -0.03066284
v -0.02846105 0.04050000 -0.02846105
v -0.03137496 0.03650005 -0.03225844
v -0.02695028 0.04050000 -0.02989557
v -0.02963331 0.03650012 -0.03386548
v -0.02843354 0.03650034 -0.03487887
v -0.02365836 0.04050000 -0.03256293
v -0.02416243 0.03650000 -0.03796284
v -0.02202518 0.04050000 -0.03368907
v -0.02588489 0.03650036 -0.03680994
v -0.02226512 0.03650000 -0.03910581
v -0.01848660 0.04050000 -0.03575344
v -0.01930252 0.03650000 -0.04064988
v -0.01574247 0.04050000 -0.03704372
v -0.01725937 0.03650000 -0.04155856
v -0.01393121 0.04050000 -0.03776220
v -0.01517012 0.03650000 -0.04236588
v -0.01107512 0.04050000 -0.03869631
v -0.01304241 0.03650000 -0.04306850
v -0.01016010 0.03650000 -0.04383802
v -0.00825969 0.04050000 -0.03939340
v -0.00639110 0.04050000 -0.03973936
v -0.00686465 0.03650000 -0.04447332
v -0.00540843 0.03650000 -0.04467381
v -0.00361664 0.04050000 -0.04008719
v -0.00174805 0.03650000 -0.04496603
v -0.04495281 0.03650000 0.00206022
v -0.04020998 0.04050000 0.00179434
v -0.03999351 0.04050000 0.00453666
v -0.04467405 0.03650000 0.00540643
v -0.04414655 0.03650000 0.00872253
v -0.03939340 0.04050000 0.00825968
v -0.04379039 0.03650000 0.01036351
v -0.03869631 0.04050000 0.01107510
v -0.04308314 0.03650000 0.01299396
v -0.04238466 0.03650000 0.01511756
v -0.03776220 0.04050000 0.01393121
v -0.03704372 0.04050000 0.01574246
v -0.04113872 0.03650000 0.01823748
v -0.03966366 0.03650000 0.02125544
v -0.03511797 0.04050000 0.01966701
v -0.03880524 0.03650000 0.02278495
v -0.03424136 0.04050000 0.02115636
v -0.03797279 0.03650000 0.02414679
v -0.03699823 0.03650000 0.02561506
v -0.03251412 0.04050000 0.02372540
v -0.03608281 0.03650000 0.02688923
v -0.03124823 0.04050000 0.02536949
v -0.03401333 0.03650000 0.02946343
v -0.03178621 0.03650000 0.03185336
v -0.02846105 0.04050000 0.02846105
v -0.03022523 0.03650000 0.03333820
v -0.02616825 0.04050000 0.03058243
v -0.02774422 0.03650000 0.03542962
v -0.02511324 0.03650000 0.03734067
v -0.02648889 0.03650000 0.03637772
v -0.02372542 0.04050000 0.03251410
v -0.02078437 0.03650000 0.03991253
v -0.02225899 0.03650000 0.03910930
v -0.01966701 0.04050000 0.03511797
v -0.02370262 0.03650000 0.03825161
v -0.02115638 0.04050000 0.03424135
v -0.01775040 0.03650000 0.04135122
v -0.01928081 0.03650000 0.04066018
v -0.01685105 0.04050000 0.03655276
v -0.01393121 0.04050000 0.03776220
v -0.01619528 0.03650000 0.04198467
v -0.01461761 0.03650000 0.04255967
v -0.01301958 0.03650000 0.04307541
v -0.01107513 0.04050000 0.03869630
v -0.01140342 0.03650000 0.04353116
v -0.00939618 0.04050000 0.03913789
v -0.00977139 0.03650000 0.04392630
v -0.00812574 0.03650000 0.04426028
v -0.00639111 0.04050000 0.03973936
v -0.00646879 0.03650000 0.04453263
v -0.00473088 0.04050000 0.03997101
v -0.00313017 0.03650000 0.04489100
v -0.00179436 0.04050000 0.04020998
v 0.00007952 0.03650000 0.04499993
v -0.00000000 0.04050000 0.04025000
v 0.00190459 0.03650000 0.04495968
v 0.03872190 0.04050000 -0.01098530
v 0.03949787 0.04050000 -0.00774470
v 0.03783013 0.04050000 -0.01374568
v 0.03582763 0.04050000 -0.01834240
v 0.03726961 0.04050000 -0.01519996
v 0.03993196 0.04050000 -0.00504984
v 0.03423322 0.04050000 -0.02116953
v 0.02623192 0.04050000 -0.03052784
v 0.02364681 0.04050000 -0.03257132
v 0.03086149 0.04050000 -0.02583855
v 0.01600938 0.04050000 -0.03692915
v 0.03239799 0.04050000 -0.02388374
v 0.02765846 0.04050000 -0.02924161
v 0.02092127 0.04050000 -0.03438551
v 0.01310412 0.04050000 -0.03805712
v 0.04019310 0.04050000 -0.00213938
v 0.01881865 0.04050000 -0.03557978
v 0.01465063 0.03650000 -0.04254852
v 0.04499375 0.03650000 -0.00075000
v 0.04495597 0.03650001 -0.00199021
v 0.04486945 0.03650003 -0.00342534
v 0.04471041 0.03650004 -0.00509698
v 0.04448961 0.03650005 -0.00675827
v 0.04422168 0.03650006 -0.00833326
v 0.04389801 0.03650007 -0.00989773
v 0.04351900 0.03650009 -0.01144974
v 0.04308515 0.03650010 -0.01298731
v 0.04259698 0.03650011 -0.01450851
v 0.04205513 0.03650012 -0.01601143
v 0.04114301 0.03650005 -0.01822766
v 0.04001164 0.03650004 -0.02059281
v 0.03856270 0.03650004 -0.02319298
v 0.03727271 0.03650003 -0.02521391
v 0.03640750 0.03650003 -0.02644789
v 0.03501112 0.03650003 -0.02827046
v 0.03386109 0.03650002 -0.02963822
v 0.03278875 0.03650002 -0.03082039
v 0.03114749 0.03650001 -0.03247818
v 0.02993213 0.03650001 -0.03360158
v 0.02810506 0.03650001 -0.03514406
v 0.02554791 0.03650000 -0.03704462
v 0.02353212 0.03650000 -0.03835674
v 0.02128378 0.03650000 -0.03964846
v 0.01822689 0.03650000 -0.04114342
v -0.03346742 -0.00599789 -0.04547999
v -0.00756094 0.03321167 -0.04547999
v -0.01123668 0.03212038 -0.04547999
v 0.01172933 0.03194286 -0.04547999
v -0.00829282 -0.03302449 -0.04547999
v 0.03310476 0.00775275 -0.04547999
v 0.01002372 -0.03252381 -0.04547999
v -0.01059430 -0.03233980 -0.04547999
v 0.01917289 0.02809956 -0.04547999
v 0.00506871 -0.03374241 -0.04547999
v -0.01917295 0.02809952 -0.04547999
v 0.01361358 -0.03118376 -0.04547999
v -0.01395610 -0.03103150 -0.04547999
v -0.02119641 -0.02659400 -0.04547999
v -0.01590392 0.03007735 -0.04547999
v -0.00506872 0.03374241 -0.04547999
v 0.00507782 0.03374080 -0.04547999
v 0.01610673 0.02996894 -0.04547999
v 0.02548429 0.02251032 -0.04547999
v 0.02373966 0.02434417 -0.04547999
v -0.01610680 -0.02996891 -0.04547999
v -0.00254996 -0.03408984 -0.04547999
v 0.01810557 -0.02880151 -0.04547999
v -0.02488912 -0.02316706 -0.04547999
v -0.02703737 -0.02061824 -0.04547999
v -0.03286725 -0.00870477 -0.04547999
v -0.02753296 0.01995130 -0.04547999
v -0.02545111 0.02254785 -0.04547999
v 0.00212569 0.03412740 -0.04547999
v 0.02757384 0.01989473 -0.04547999
v -0.02371433 0.02436887 -0.04547999
v -0.03186011 -0.01187286 -0.04547999
v 0.03218324 0.01096683 -0.04547999
v -0.03325379 0.00708643 -0.04547999
v -0.03240266 0.01030044 -0.04547999
v -0.02935044 0.01716454 -0.04547999
v 0.03372093 -0.00434755 -0.04547999
v -0.03384617 0.00323737 -0.04547999
v 0.03373780 0.00421460 -0.04547999
v 0.03399990 0.00007994 -0.04547999
v -0.02976334 -0.01643790 -0.04547999
v -0.03123896 0.01342241 -0.04547999
v 0.03058485 0.01485296 -0.04547999
v 0.02120815 -0.02658454 -0.04547999
v -0.03394498 -0.00194412 -0.04547999
v 0.02491988 -0.02313394 -0.04547999
v 0.02707661 -0.02056666 -0.04547999
v 0.02851832 -0.01851469 -0.04547999
v 0.03268347 -0.00937130 -0.04547999
v 0.03094479 -0.01408750 -0.04547999
v 0.00578056 -0.03406647 -0.04519895
v 0.01017141 -0.03299434 -0.04506218
v 0.00149457 -0.03495054 -0.04512819
v 0.00279016 -0.03464090 -0.04516697
v 0.01782091 -0.02956197 -0.04503128
v 0.01498561 -0.03109859 -0.04503979
v 0.01261699 -0.03213472 -0.04504641
v 0.01957857 -0.02842502 -0.04502270
v 0.02164761 -0.02687146 -0.04499936
v 0.02373570 -0.02504164 -0.04498956
v 0.02469624 -0.02409430 -0.04498819
v 0.02747477 -0.02086898 -0.04498520
v 0.02939145 -0.01806844 -0.04498318
v 0.03103465 -0.01507123 -0.04498176
v 0.03237264 -0.01192858 -0.04498119
v 0.03316407 -0.00950909 -0.04498114
v 0.03390910 -0.00636059 -0.04498047
v 0.03391860 0.00630999 -0.04497957
v 0.03426699 0.00400804 -0.04497958
v 0.03449123 0.00080234 -0.04497946
v 0.03442239 -0.00232142 -0.04497952
v 0.03064989 0.01583931 -0.04498205
v 0.03237260 0.01192867 -0.04498119
v 0.03338778 0.00869092 -0.04498118
v 0.02893766 0.01878690 -0.04498362
v 0.02648716 0.02210933 -0.04498632
v 0.02427012 0.02452369 -0.04498868
v 0.02218159 0.02643035 -0.04499513
v -0.00000000 0.03456209 -0.04533955
v 0.01357929 0.03173915 -0.04504341
v 0.01683361 0.03013651 -0.04503484
v 0.00520214 0.03416266 -0.04522261
v 0.01889962 0.02888227 -0.04502650
v 0.01078490 0.03279720 -0.04505596
v -0.00641412 0.03394879 -0.04517249
v -0.00830351 0.03352313 -0.04510192
v -0.01078494 0.03279718 -0.04505597
v -0.01381259 0.03163809 -0.04504276
v -0.01613659 0.03051620 -0.04503691
v -0.01837112 0.02922229 -0.04502895
v -0.03374276 0.00719066 -0.04498132
v -0.03287912 0.01045189 -0.04498114
v -0.03232855 0.01204757 -0.04498120
v -0.03135304 0.01439696 -0.04498157
v -0.03060281 0.01593010 -0.04498208
v -0.02889347 0.01885482 -0.04498367
v -0.02743491 0.02092137 -0.04498525
v -0.02525509 0.02350759 -0.04498762
v -0.02281205 0.02588723 -0.04499232
v -0.02112578 0.02728651 -0.04500610
v -0.03416412 -0.00480646 -0.04498160
v -0.03446310 -0.00160725 -0.04498155
v -0.03449118 0.00080392 -0.04498152
v -0.03426680 0.00400973 -0.04498166
v -0.02216595 -0.02644347 -0.04499520
v -0.02427027 -0.02452353 -0.04498868
v -0.02648772 -0.02210866 -0.04498632
v -0.02842407 -0.01955561 -0.04498414
v -0.02978210 -0.01741678 -0.04498281
v -0.03169838 -0.01361964 -0.04498139
v -0.03287917 -0.01045175 -0.04498114
v -0.03335055 -0.00883276 -0.04498117
v -0.01245957 -0.03219621 -0.04504697
v -0.01837030 -0.02922280 -0.04502895
v -0.01612766 -0.03052093 -0.04503693
v -0.00956314 -0.03317826 -0.04507132
v -0.00683747 -0.03386307 -0.04515509
v -0.00326843 -0.03440672 -0.04529030
v -0.00359534 0.03468814 -0.04507290
v 0.00209519 0.03468567 -0.04519425
v -0.04003817 -0.04930000 -0.02054129
v -0.03924698 -0.04930000 -0.02201532
v -0.03450185 -0.04930000 -0.02888983
v -0.02791667 -0.04930000 0.03529390
v 0.03503291 -0.04930000 0.02824351
v 0.01318783 -0.04930000 0.04302419
v 0.01157951 -0.04930000 0.04348465
v -0.01318783 -0.04930000 0.04302419
v -0.01157951 -0.04930000 0.04348465
v -0.00831709 -0.04930000 0.04422472
v -0.00995518 -0.04930000 0.04388501
v -0.00666751 -0.04930000 0.04450331
v -0.00500871 -0.04930000 0.04472039
v -0.00334299 -0.04930000 0.04487566
v -0.00167265 -0.04930000 0.04496890
v 0.00167265 -0.04930000 0.04496890
v -0.00000000 -0.04930000 0.04500000
v 0.00334299 -0.04930000 0.04487566
v 0.00500871 -0.04930000 0.04472039
v 0.00666751 -0.04930000 0.04450331
v 0.00831709 -0.04930000 0.04422472
v 0.00995518 -0.04930000 0.04388501
v 0.03450185 -0.04930000 -0.02888983
v 0.02791667 -0.04930000 0.03529390
v 0.02899211 -0.04930000 0.03441595
v -0.03503291 -0.04930000 0.02824351
v 0.04207573 -0.04930000 -0.01595722
v 0.04145353 -0.04930000 -0.01751015
v 0.04077403 -0.04930000 -0.01903888
v 0.04003817 -0.04930000 -0.02054129
v 0.03924698 -0.04930000 -0.02201532
v 0.03840155 -0.04930000 -0.02345892
v 0.03750305 -0.04930000 -0.02487010
v 0.03655270 -0.04930000 -0.02624690
v 0.03555185 -0.04930000 -0.02758743
v -0.03555185 -0.04930000 -0.02758743
v -0.03655270 -0.04930000 -0.02624690
v -0.03750305 -0.04930000 -0.02487010
v -0.03840155 -0.04930000 -0.02345892
v -0.04077403 -0.04930000 -0.01903888
v -0.04145353 -0.04930000 -0.01751015
v -0.04207573 -0.04930000 -0.01595722
v -0.04263978 -0.04930000 -0.01438224
v -0.04314491 -0.04930000 -0.01278737
v -0.04359040 -0.04930000 -0.01117484
v -0.04397565 -0.04930000 -0.00954686
v -0.04430011 -0.04930000 -0.00790569
v -0.04456336 -0.04930000 -0.00625359
v -0.04476501 -0.04930000 -0.00459284
v -0.04490479 -0.04930000 -0.00292575
v -0.04498251 -0.04930000 -0.00125462
v -0.04499806 -0.04930000 0.00041825
v 0.04359040 -0.04930000 -0.01117484
v 0.04314491 -0.04930000 -0.01278737
v 0.04263978 -0.04930000 -0.01438224
v -0.01477793 -0.04930000 0.04250427
v -0.01634760 -0.04930000 0.04192560
v -0.01789468 -0.04930000 0.04128899
v -0.01941703 -0.04930000 0.04059531
v -0.02091254 -0.04930000 0.03984552
v -0.02237915 -0.04930000 0.03904067
v -0.02381483 -0.04930000 0.03818185
v -0.02521759 -0.04930000 0.03727027
v -0.02658550 -0.04930000 0.03630717
v -0.03605851 -0.04930000 0.02692181
v -0.03703427 -0.04930000 0.02556291
v -0.03795886 -0.04930000 0.02416868
v -0.03883098 -0.04930000 0.02274105
v -0.03964943 -0.04930000 0.02128198
v -0.04041308 -0.04930000 0.01979351
v -0.04112088 -0.04930000 0.01827767
v -0.04177184 -0.04930000 0.01673658
v -0.04236508 -0.04930000 0.01517235
v -0.04289976 -0.04930000 0.01358715
v -0.04337515 -0.04930000 0.01198318
v -0.04379059 -0.04930000 0.01036264
v -0.04414551 -0.04930000 0.00872778
v -0.04443941 -0.04930000 0.00708086
v -0.04467190 -0.04930000 0.00542415
v -0.04484265 -0.04930000 0.00375995
v -0.04495141 -0.04930000 0.00209054
v 0.04397565 -0.04930000 -0.00954686
v 0.04430011 -0.04930000 -0.00790569
v 0.04456336 -0.04930000 -0.00625359
v 0.04476501 -0.04930000 -0.00459284
v 0.04490479 -0.04930000 -0.00292575
v 0.04498251 -0.04930000 -0.00125462
v 0.04499806 -0.04930000 0.00041825
v 0.04495141 -0.04930000 0.00209054
v 0.04484265 -0.04930000 0.00375995
v 0.04467190 -0.04930000 0.00542415
v 0.04443941 -0.04930000 0.00708086
v 0.04414551 -0.04930000 0.00872778
v 0.04379059 -0.04930000 0.01036264
v 0.04337515 -0.04930000 0.01198318
v 0.04289976 -0.04930000 0.01358715
v 0.04236508 -0.04930000 0.01517235
v 0.04177184 -0.04930000 0.01673658
v 0.04112088 -0.04930000 0.01827767
v 0.04041308 -0.04930000 0.01979351
v 0.03964943 -0.04930000 0.02128198
v 0.03883098 -0.04930000 0.02274105
v 0.03795886 -0.04930000 0.02416868
v 0.03703427 -0.04930000 0.02556291
v 0.03605851 -0.04930000 0.02692181
v 0.02658550 -0.04930000 0.03630717
v 0.02521759 -0.04930000 0.03727027
v 0.02381483 -0.04930000 0.03818185
v 0.02237915 -0.04930000 0.03904067
v 0.02091254 -0.04930000 0.03984552
v 0.01941703 -0.04930000 0.04059531
v 0.01789468 -0.04930000 0.04128899
v 0.01634760 -0.04930000 0.04192560
v 0.01477793 -0.04930000 0.04250427
v 0.03391293 -0.04933530 0.02931297
v 0.03427019 -0.04930408 0.02913320
v 0.03294404 -0.04951614 0.02905495
v 0.03199658 -0.05018409 0.02810749
v 0.02746096 -0.05091351 0.03097334
v 0.02739402 -0.05168070 0.02934676
v 0.03090457 -0.05095454 0.02743752
v 0.03001070 -0.05141817 0.02730235
v 0.02904786 -0.05177372 0.02749194
v 0.02854458 -0.05188688 0.02775203
v 0.02760093 -0.05183583 0.02880521
v 0.02730437 -0.05134694 0.03016525
v 0.02810749 -0.05018409 0.03199658
v 0.02905495 -0.04951614 0.03294404
v 0.02934694 -0.04936425 0.03369378
v 0.02878740 -0.04989643 0.03354931
v 0.02884038 -0.04971870 0.03397143
v 0.03027092 -0.05177335 0.02683543
v 0.03237560 -0.05071828 0.02763091
v 0.02756257 -0.05077200 0.03229267
v 0.02699974 -0.05135172 0.03124772
v 0.02685574 -0.05192874 0.02983605
v 0.02776326 -0.05232438 0.02788766
v 0.03354941 -0.04989637 0.02878748
v 0.03411002 -0.04970000 0.02873441
v 0.03622779 -0.04970000 -0.02601359
v 0.03806020 -0.04970000 -0.02325040
v 0.03968228 -0.04970000 -0.02035871
v 0.04108505 -0.04970000 -0.01735450
v 0.04226077 -0.04970000 -0.01425439
v 0.04320293 -0.04970000 -0.01107551
v 0.04390633 -0.04970000 -0.00783541
v 0.04436709 -0.04970000 -0.00455202
v 0.04458266 -0.04970000 -0.00124346
v 0.04444404 -0.04970000 0.00372652
v 0.04404440 -0.04970000 0.00701792
v 0.04340134 -0.04970000 0.01027053
v 0.04251843 -0.04970000 0.01346638
v 0.04140054 -0.04970000 0.01658781
v 0.04005385 -0.04970000 0.01961756
v 0.03848581 -0.04970000 0.02253891
v 0.03670508 -0.04970000 0.02533569
v 0.03354931 -0.04989643 -0.02878740
v 0.03397143 -0.04971870 -0.02884038
v 0.02701646 -0.05213882 -0.02912004
v 0.02706121 -0.05126641 -0.03142001
v 0.03229267 -0.05077200 -0.02756257
v 0.03124772 -0.05135172 -0.02699974
v 0.02983605 -0.05192874 -0.02685574
v 0.02781310 -0.05058409 -0.03257294
v 0.02788766 -0.05232438 -0.02776326
v 0.02878748 -0.04989637 -0.03354941
v -0.03354941 -0.04989637 -0.02878748
v -0.03229267 -0.05077200 0.02756257
v -0.03397143 -0.04971870 0.02884038
v -0.03354931 -0.04989643 0.02878740
v -0.02983605 -0.05192874 0.02685574
v -0.03124772 -0.05135172 0.02699974
v -0.02788766 -0.05232438 0.02776326
v -0.02683543 -0.05177335 0.03027092
v -0.02878748 -0.04989637 0.03354941
v -0.02763091 -0.05071828 0.03237560
v 0.02634919 -0.04970000 0.03598445
v 0.02360314 -0.04970000 0.03784246
v 0.02072665 -0.04970000 0.03949134
v 0.01773562 -0.04970000 0.04092197
v 0.01464657 -0.04970000 0.04212645
v 0.01147658 -0.04970000 0.04309812
v 0.00824316 -0.04970000 0.04383161
v 0.00496419 -0.04970000 0.04432287
v 0.00165778 -0.04970000 0.04456918
v -0.00165778 -0.04970000 0.04456918
v -0.00331328 -0.04970000 0.04447676
v -0.00660824 -0.04970000 0.04410772
v -0.00986669 -0.04970000 0.04349492
v -0.01307061 -0.04970000 0.04264176
v -0.01620229 -0.04970000 0.04155293
v -0.01924444 -0.04970000 0.04023446
v -0.02218023 -0.04970000 0.03869364
v -0.02499344 -0.04970000 0.03693898
v -0.02766852 -0.04970000 0.03498018
v -0.03573799 -0.04970000 0.02668251
v -0.03762145 -0.04970000 0.02395385
v -0.03929699 -0.04970000 0.02109281
v -0.04075536 -0.04970000 0.01811520
v -0.04198850 -0.04970000 0.01503748
v -0.04298959 -0.04970000 0.01187666
v -0.04375310 -0.04970000 0.00865020
v -0.04427481 -0.04970000 0.00537594
v -0.04455185 -0.04970000 0.00207196
v -0.04458266 -0.04970000 -0.00124346
v -0.04436709 -0.04970000 -0.00455202
v -0.04390633 -0.04970000 -0.00783541
v -0.04320293 -0.04970000 -0.01107551
v -0.04226077 -0.04970000 -0.01425439
v -0.04108505 -0.04970000 -0.01735450
v -0.03968228 -0.04970000 -0.02035871
v -0.03806020 -0.04970000 -0.02325040
v -0.03622779 -0.04970000 -0.02601359
v 0.03441595 -0.04770000 -0.02899211
v 0.02899211 -0.04770000 -0.03441595
v 0.03346715 -0.04770000 -0.02933077
v 0.03305356 -0.04770000 -0.02914965
v 0.02913320 -0.04930408 -0.03427019
v 0.03294404 -0.04951614 -0.02905495
v 0.03441595 -0.04770000 0.02899211
v 0.02920926 -0.04770000 0.03423185
v 0.02933077 -0.04770000 0.03346715
v 0.02914965 -0.04770000 0.03305356
v -0.02920926 -0.04770000 0.03423185
v -0.03441595 -0.04770000 0.02899211
v -0.03346715 -0.04770000 0.02933077
v -0.03305356 -0.04770000 0.02914965
v -0.02899211 -0.04930000 0.03441595
v -0.03326999 -0.04943835 0.02927236
v -0.02905495 -0.04951614 -0.03294404
v -0.02878740 -0.04989643 -0.03354931
v -0.02922635 -0.04931361 -0.03412889
v -0.02899211 -0.04770000 -0.03441595
v -0.03441595 -0.04770000 -0.02899211
v -0.02933077 -0.04770000 -0.03346715
v -0.02914965 -0.04770000 -0.03305356
v 0.01310412 0.04050000 0.03805712
v 0.01465057 0.03650000 0.04254834
v 0.00517120 0.03500000 0.04520518
v 0.00517120 0.03867915 0.04520518
v 0.00392613 0.03909052 0.04487584
v 0.00453546 0.04450000 0.03807203
v 0.01134195 0.04450000 0.03662527
v 0.00406967 0.04450000 0.03274810
v 0.00960202 0.04450000 0.03157216
v 0.01272524 0.04406324 0.03695679
v 0.01090653 0.04406324 0.03167487
v 0.01026610 0.04424662 0.03136251
v 0.01466595 0.03909052 0.04259302
v 0.01366248 0.03867915 0.04340031
v 0.01366248 0.03500000 0.04340031
v 0.00340659 0.04406324 0.03893753
v 0.00291939 0.04406324 0.03336880
v 0.00336648 0.04424250 0.03282784
v 0.00291939 0.04050000 0.03336880
v 0.00336648 0.04050000 0.03282784
v 0.01026610 0.04050000 0.03136251
v 0.01090653 0.04050000 0.03167487
v 0.01465057 0.03500000 0.04254834
v 0.00392201 0.03500000 0.04482876
v 0.00392201 0.03650000 0.04482876
v 0.00350802 0.04050000 0.04009684
v 0.01134195 0.04450000 -0.03662527
v 0.01466595 0.03909052 -0.04259302
v 0.00411671 0.03500000 -0.04492625
v 0.00517120 0.03500000 -0.04520518
v 0.01366248 0.03500000 -0.04340031
v 0.01465594 0.03500000 -0.04256395
v 0.01366248 0.03867915 -0.04340031
v 0.00517120 0.03867915 -0.04520518
v 0.00392613 0.03909052 -0.04487584
v 0.00340659 0.04406324 -0.03893753
v 0.00291939 0.04406324 -0.03336880
v 0.00336648 0.04424250 -0.03282784
v 0.00406967 0.04450000 -0.03274810
v 0.00453546 0.04450000 -0.03807203
v 0.00960202 0.04450000 -0.03157216
v 0.01272524 0.04406324 -0.03695679
v 0.01090653 0.04406324 -0.03167487
v 0.01026610 0.04424662 -0.03136251
v 0.01090653 0.04050000 -0.03167487
v 0.01026610 0.04050000 -0.03136251
v 0.00336648 0.04050000 -0.03282784
v 0.00291939 0.04050000 -0.03336880
v 0.00392201 0.03650000 -0.04482877
v 0.00350802 0.04050000 -0.04009684
v 0.01310412 0.04050000 -0.03805712
v 0.01465063 0.03650000 -0.04254852
v 0.00520214 0.03416266 -0.04522261
v -0.03450185 -0.04930000 -0.02888983
v 0.02905495 -0.04951614 0.03294404
v 0.02878740 -0.04989643 0.03354931
v 0.03354931 -0.04989643 -0.02878740
v -0.03354931 -0.04989643 0.02878740
v -0.03346715 -0.04770000 0.02933077
v 0.01465057 0.03500000 0.04254834
v 0.00392201 0.03500000 0.04482876
v 0.00411671 0.03500000 -0.04492625
v 0.01465594 0.03500000 -0.04256395
f 1 22 21
f 21 2 1
f 3 2 21
f 4 3 21
f 5 4 21
f 6 5 21
f 21 7 6
f 8 7 21
f 21 9 8
f 10 9 21
f 21 11 10
f 21 12 11
f 13 12 21
f 14 13 21
f 21 15 14
f 16 15 21
f 21 17 16
f 18 17 21
f 19 18 21
f 21 20 19
f 29 28 30
f 560 32 33
f 39 14 40
f 40 14 41
f 41 14 70
f 97 1853 42
f 44 45 46
f 50 51 52
f 60 1889 61
f 63 64 65
f 16 65 66
f 16 66 67
f 23 71 72
f 73 74 75
f 75 76 8
f 8 76 77
f 82 83 84
f 84 85 5
f 5 85 86
f 94 95 96
f 1 96 97
f 23 10 24
f 24 10 25
f 25 10 26
f 28 11 30
f 30 11 31
f 33 32 34
f 35 34 12
f 35 12 36
f 36 12 37
f 38 37 13
f 38 13 39
f 39 13 14
f 22 43 44
f 22 44 46
f 46 47 21
f 21 47 48
f 48 49 20
f 20 49 50
f 20 50 52
f 53 54 19
f 19 54 55
f 19 55 18
f 18 55 56
f 18 56 57
f 18 57 58
f 18 58 59
f 59 60 61
f 17 62 63
f 17 63 65
f 16 67 15
f 15 67 68
f 15 68 69
f 15 69 70
f 23 72 9
f 9 72 73
f 9 73 75
f 8 77 78
f 79 80 7
f 7 80 1881
f 7 1881 81
f 6 81 82
f 6 82 84
f 86 87 4
f 4 87 88
f 4 88 89
f 89 90 3
f 3 90 91
f 3 91 92
f 3 92 93
f 2 93 94
f 2 94 96
f 2 96 1
f 1 97 42
f 26 10 27
f 27 10 11
f 27 11 28
f 31 11 12
f 31 12 32
f 32 12 34
f 12 13 37
f 22 42 43
f 22 46 21
f 21 48 20
f 20 52 53
f 20 53 19
f 18 59 17
f 17 59 61
f 17 61 62
f 17 65 16
f 15 70 14
f 10 23 9
f 9 75 8
f 8 78 7
f 7 78 79
f 7 81 6
f 6 84 5
f 5 86 4
f 4 89 3
f 3 93 2
f 1 42 22
f 162 98 100
f 100 98 99
f 101 100 99
f 101 103 100
f 102 103 101
f 104 105 102
f 102 105 103
f 104 107 105
f 106 107 104
f 108 109 106
f 106 109 107
f 108 111 109
f 110 111 108
f 112 113 110
f 110 113 111
f 114 115 112
f 112 115 113
f 116 117 114
f 114 117 115
f 118 117 116
f 118 119 117
f 120 119 118
f 120 121 119
f 122 121 120
f 122 123 121
f 125 123 122
f 125 124 123
f 126 124 125
f 124 126 127
f 127 126 129
f 127 129 128
f 133 1994 1932
f 133 1932 134
f 134 1932 1935
f 134 1935 1937
f 134 1937 135
f 135 1937 1939
f 135 1939 136
f 136 1939 1941
f 136 1941 1943
f 136 1943 137
f 137 1943 1945
f 137 1945 138
f 138 1945 1947
f 138 1947 1949
f 138 1949 132
f 132 1949 1951
f 132 1951 1953
f 132 1953 131
f 131 1953 1955
f 131 1955 1956
f 131 1956 130
f 130 1956 1959
f 130 1959 1960
f 130 1960 143
f 1965 1969 1970
f 1965 1962 1975
f 1965 1975 142
f 1975 140 139
f 1975 139 141
f 1965 1970 1964
f 144 140 1975
f 141 145 1975
f 1968 1965 1966
f 1966 1967 1968
f 1963 1962 1965
f 1975 145 142
f 1968 1969 1965
f 1975 146 144
f 146 147 144
f 1964 1963 1965
f 143 1960 151
f 143 151 1978
f 1978 151 152
f 1978 152 153
f 1978 153 1979
f 1979 153 154
f 1979 154 1976
f 1976 154 155
f 1976 155 156
f 1976 156 1972
f 1972 156 157
f 1972 157 1971
f 1971 157 158
f 1971 158 159
f 1971 159 1973
f 1973 159 150
f 1973 150 160
f 1973 160 1977
f 1977 160 149
f 1977 149 161
f 1977 161 1974
f 1974 161 148
f 1974 148 1994
f 1974 1994 133
f 128 129 1983
f 1983 129 163
f 164 1983 163
f 164 1984 1983
f 165 1984 164
f 166 1985 165
f 165 1985 1984
f 166 1986 1985
f 167 1986 166
f 168 1987 167
f 167 1987 1986
f 168 1988 1987
f 169 1988 168
f 170 1989 169
f 169 1989 1988
f 171 1990 170
f 170 1990 1989
f 172 1991 171
f 171 1991 1990
f 173 1991 172
f 173 1982 1991
f 174 1982 173
f 174 1992 1982
f 175 1992 174
f 175 1981 1992
f 176 1981 175
f 176 1993 1981
f 177 1993 176
f 1993 177 1980
f 1980 177 98
f 1980 98 162
f 181 1940 1938
f 1958 178 188
f 178 1958 1957
f 1957 1954 179
f 180 1946 1944
f 181 1942 1940
f 182 1938 1936
f 190 1934 1933
f 1930 2009 185
f 2009 183 185
f 183 2009 2008
f 1958 188 1961
f 1957 179 178
f 179 1954 184
f 184 1954 1952
f 181 1944 1942
f 1938 182 181
f 182 1936 1934
f 1930 185 190
f 1930 190 1931
f 2007 186 2008
f 187 2001 2000
f 189 1950 1948
f 1946 180 1948
f 1934 190 182
f 1931 190 1933
f 2008 186 183
f 191 2005 2004
f 180 189 1948
f 181 180 1944
f 2004 2003 194
f 1999 187 2000
f 193 1998 1997
f 1950 189 184
f 1950 184 1952
f 186 2007 192
f 192 2007 2006
f 2006 2005 192
f 2005 191 192
f 194 191 2004
f 187 2002 2001
f 193 1999 1998
f 1997 195 193
f 195 1997 1996
f 194 2003 2002
f 1999 193 187
f 1961 188 195
f 1961 195 1995
f 187 194 2002
f 1995 195 1996
f 2020 221 197
f 2020 197 2027
f 2027 197 196
f 2027 196 198
f 2027 198 2025
f 2025 198 199
f 2025 199 2019
f 2019 199 200
f 2019 200 201
f 2019 201 202
f 2019 202 2026
f 2026 202 203
f 2026 203 2023
f 2023 203 204
f 2023 204 205
f 2023 205 2024
f 205 206 2024
f 2024 206 2018
f 2018 206 207
f 2018 207 2015
f 2015 207 208
f 2015 208 2017
f 2017 208 210
f 2017 210 2022
f 2022 210 209
f 2022 209 211
f 2022 211 2014
f 2014 211 212
f 2014 212 2013
f 2013 212 213
f 2013 213 214
f 2013 214 2012
f 2012 214 215
f 2012 215 216
f 2012 216 2021
f 2021 216 217
f 2021 217 218
f 2021 218 2016
f 218 219 2016
f 2016 219 2011
f 2011 219 220
f 2011 220 2010
f 2010 220 221
f 2010 221 2020
f 2042 331 2041
f 333 2041 332
f 345 2043 333
f 333 2043 2041
f 2043 345 2044
f 337 2046 336
f 336 2046 335
f 335 2046 2045
f 335 2045 334
f 334 2045 2044
f 2046 337 2047
f 2047 337 2048
f 2048 337 353
f 2048 353 356
f 2048 356 2049
f 313 2050 2049
f 314 2052 2051
f 315 2051 2050
f 317 2053 2052
f 2053 318 2029
f 320 2028 319
f 338 2030 320
f 320 2030 2028
f 2030 338 2031
f 323 2033 322
f 322 2033 2032
f 322 2032 321
f 321 2032 2031
f 326 2036 325
f 325 2036 2035
f 325 2035 324
f 324 2035 2034
f 323 2034 2033
f 310 2037 2036
f 328 2039 2038
f 327 2038 2037
f 330 2040 329
f 329 2040 2039
f 291 228 289
f 240 358 257
f 248 239 245
f 354 246 247
f 249 251 239
f 239 251 245
f 245 251 246
f 243 251 253
f 253 251 249
f 253 249 252
f 243 246 251
f 242 243 253
f 253 250 255
f 255 250 238
f 253 252 250
f 242 247 243
f 243 247 246
f 241 253 256
f 256 253 255
f 238 254 255
f 254 258 255
f 255 258 256
f 244 256 257
f 258 254 259
f 244 241 256
f 240 258 260
f 240 257 258
f 260 258 259
f 358 244 257
f 257 256 258
f 241 242 253
f 237 386 260
f 232 270 271
f 237 260 263
f 263 261 231
f 263 259 261
f 263 265 237
f 236 237 265
f 264 263 231
f 266 264 267
f 267 264 231
f 262 265 266
f 262 235 265
f 235 236 265
f 265 264 266
f 265 263 264
f 234 262 266
f 233 234 268
f 233 268 270
f 234 266 268
f 272 271 279
f 279 271 230
f 279 230 273
f 270 268 271
f 271 268 269
f 232 233 270
f 271 269 230
f 232 271 272
f 386 240 260
f 260 259 263
f 284 275 281
f 226 227 301
f 298 311 224
f 385 311 298
f 298 224 299
f 277 279 273
f 277 273 280
f 229 232 272
f 274 272 275
f 275 272 279
f 281 277 282
f 282 287 283
f 282 283 281
f 281 275 277
f 229 272 274
f 275 279 277
f 277 280 282
f 285 281 283
f 294 285 286
f 389 284 390
f 390 284 278
f 278 284 281
f 278 281 285
f 286 285 283
f 297 294 295
f 296 294 297
f 292 296 290
f 300 291 292
f 390 278 288
f 228 288 289
f 289 288 296
f 296 297 290
f 390 288 228
f 288 294 296
f 291 289 292
f 289 296 292
f 292 290 293
f 288 278 285
f 288 285 294
f 294 286 295
f 357 385 298
f 301 293 303
f 303 293 304
f 301 292 293
f 300 292 301
f 301 227 300
f 302 301 303
f 226 301 302
f 308 302 303
f 308 303 305
f 305 303 304
f 225 302 308
f 225 226 302
f 276 308 224
f 224 308 305
f 224 305 299
f 299 223 352
f 223 309 352
f 357 352 307
f 276 225 308
f 227 291 300
f 352 309 245
f 340 310 2036
f 326 340 2036
f 328 329 2039
f 328 2038 327
f 310 327 2037
f 2042 2040 330
f 331 332 2041
f 345 334 2044
f 311 312 224
f 224 312 276
f 225 276 383
f 225 383 226
f 226 383 382
f 226 382 227
f 227 382 381
f 227 381 391
f 316 313 2049
f 314 2051 315
f 313 315 2050
f 314 315 346
f 346 315 347
f 347 315 313
f 347 313 316
f 355 316 356
f 359 314 348
f 314 317 2052
f 2029 319 2028
f 338 321 2031
f 324 2034 323
f 314 359 317
f 317 359 360
f 317 360 2053
f 2053 360 318
f 318 361 2029
f 2029 361 319
f 321 338 370
f 321 370 339
f 321 339 322
f 322 339 323
f 324 323 372
f 324 372 373
f 324 373 325
f 325 373 326
f 340 341 310
f 310 341 327
f 327 364 328
f 328 364 342
f 328 342 329
f 329 342 365
f 329 365 366
f 329 366 330
f 330 343 2042
f 2042 343 331
f 332 367 333
f 333 367 344
f 333 344 345
f 334 345 374
f 334 374 375
f 334 375 335
f 335 375 336
f 336 368 337
f 348 314 346
f 349 347 316
f 349 316 355
f 349 355 350
f 348 346 244
f 244 346 347
f 244 347 241
f 241 347 349
f 352 245 354
f 223 222 309
f 307 354 376
f 376 354 351
f 376 351 353
f 245 246 354
f 354 350 351
f 351 350 353
f 353 350 355
f 2049 356 316
f 353 355 356
f 352 354 307
f 240 359 358
f 358 359 348
f 358 348 244
f 242 241 349
f 247 349 350
f 360 359 377
f 362 361 378
f 362 378 379
f 340 380 341
f 342 364 365
f 366 381 343
f 343 381 382
f 343 382 332
f 320 362 379
f 320 379 338
f 338 379 370
f 339 370 371
f 323 371 372
f 373 380 340
f 332 382 367
f 367 383 384
f 367 384 344
f 344 384 345
f 345 384 374
f 368 385 376
f 359 240 377
f 379 378 262
f 380 275 389
f 363 389 390
f 363 390 364
f 364 228 391
f 364 391 365
f 383 276 384
f 240 386 377
f 386 237 369
f 369 237 236
f 369 236 378
f 379 262 387
f 372 388 229
f 372 229 373
f 373 229 274
f 373 274 380
f 380 274 275
f 390 228 364
f 384 276 312
f 385 357 307
f 385 307 376
f 377 386 369
f 361 369 378
f 379 387 370
f 370 387 371
f 371 387 388
f 371 388 372
f 341 380 389
f 341 389 363
f 365 391 366
f 366 391 381
f 367 382 383
f 384 312 374
f 374 312 311
f 374 311 375
f 375 311 385
f 375 385 368
f 267 269 266
f 266 269 268
f 242 349 247
f 360 377 318
f 318 377 369
f 318 369 361
f 319 361 362
f 319 362 320
f 323 339 371
f 326 373 340
f 341 363 327
f 327 363 364
f 330 366 343
f 331 343 332
f 336 375 368
f 368 376 337
f 309 248 245
f 354 247 350
f 353 337 376
f 352 357 298
f 352 298 299
f 304 306 223
f 304 223 305
f 305 223 299
f 227 391 291
f 291 391 228
f 284 389 275
f 232 229 388
f 232 388 233
f 233 388 387
f 233 387 234
f 234 387 262
f 235 262 378
f 235 378 236
f 395 394 396
f 396 394 397
f 392 398 393
f 393 398 399
f 399 398 395
f 395 398 400
f 394 395 401
f 401 395 400
f 401 400 403
f 400 402 403
f 403 402 404
f 404 405 403
f 403 405 406
f 411 407 409
f 405 408 406
f 409 410 405
f 405 410 408
f 409 405 411
f 409 407 412
f 413 2887 2056
f 2059 413 414
f 415 413 2056
f 2063 415 2056
f 2065 416 2063
f 2063 416 415
f 2068 416 2065
f 2068 419 416
f 2070 419 2068
f 419 2070 420
f 2072 420 2070
f 421 420 2072
f 2071 421 2072
f 421 2071 422
f 2074 422 2071
f 2074 423 422
f 2069 423 2074
f 2073 418 2069
f 418 423 2069
f 2073 424 418
f 2067 424 2073
f 2066 417 2067
f 417 424 2067
f 425 417 2066
f 2064 425 2066
f 2062 426 2064
f 2064 426 425
f 2888 427 2889
f 2062 427 426
f 2886 427 2060
f 2054 1739 427
f 428 429 432
f 428 432 431
f 431 432 430
f 433 435 434
f 434 435 429
f 429 435 432
f 432 435 436
f 432 436 437
f 437 436 441
f 441 436 438
f 440 438 439
f 438 440 441
f 438 442 439
f 439 442 443
f 444 446 447
f 439 443 445
f 447 446 439
f 447 439 445
f 444 447 448
f 449 451 450
f 449 450 454
f 449 454 461
f 452 453 455
f 453 456 455
f 455 456 454
f 454 456 461
f 461 456 457
f 460 458 459
f 460 459 457
f 457 459 461
f 458 460 462
f 462 460 463
f 463 464 462
f 462 464 465
f 465 464 466
f 467 469 468
f 466 469 465
f 465 469 467
f 470 2896 2111
f 2113 470 471
f 472 470 2111
f 2123 472 2111
f 2121 473 2123
f 2123 473 472
f 2120 473 2121
f 2120 475 473
f 2124 475 2120
f 475 2124 476
f 2127 476 2124
f 477 476 2127
f 2129 477 2127
f 477 2129 478
f 2130 478 2129
f 2130 479 478
f 2131 479 2130
f 480 479 2131
f 2128 480 2131
f 2128 481 480
f 2126 481 2128
f 2125 474 2126
f 474 481 2126
f 482 474 2125
f 2122 482 2125
f 2899 483 2122
f 2122 483 482
f 2898 483 2119
f 2967 484 483
f 2897 484 2118
f 2115 1742 484
f 485 486 487
f 487 486 544
f 488 489 490
f 488 490 485
f 485 490 486
f 491 492 493
f 491 493 489
f 489 493 490
f 494 495 496
f 494 496 492
f 492 496 493
f 497 498 499
f 497 499 495
f 495 499 496
f 500 501 502
f 500 502 498
f 498 502 499
f 503 504 505
f 503 505 501
f 501 505 502
f 506 507 508
f 506 508 504
f 504 508 505
f 509 510 511
f 509 511 507
f 507 511 508
f 512 514 513
f 513 514 510
f 510 514 511
f 515 516 512
f 512 516 514
f 517 516 515
f 518 519 517
f 517 519 516
f 520 522 518
f 518 522 519
f 521 522 520
f 523 525 521
f 521 525 522
f 524 525 523
f 526 528 524
f 524 528 525
f 527 528 526
f 529 531 527
f 527 531 528
f 530 531 529
f 532 534 530
f 530 534 531
f 533 534 532
f 535 537 533
f 533 537 534
f 536 537 535
f 538 540 536
f 536 540 537
f 539 540 538
f 539 2890 540
f 542 541 543
f 542 543 544
f 2902 2903 545
f 545 2903 552
f 548 551 547
f 548 547 2222
f 546 2222 547
f 551 548 549
f 548 550 559
f 548 559 549
f 558 554 553
f 553 554 552
f 552 554 545
f 2222 557 555
f 2222 555 556
f 555 558 556
f 556 558 553
f 2222 546 557
f 569 566 561
f 566 564 562
f 565 563 567
f 561 566 562
f 565 567 561
f 561 567 568
f 561 568 569
f 569 568 572
f 572 568 570
f 570 571 572
f 574 573 575
f 574 575 580
f 573 574 570
f 570 574 577
f 570 577 578
f 578 579 570
f 570 579 571
f 575 576 580
f 581 2906 2228
f 2226 581 1719
f 582 581 2228
f 2231 582 2228
f 2234 2221 2231
f 2231 2221 582
f 2233 2221 2234
f 2233 2211 2221
f 2241 2211 2233
f 2211 2241 2213
f 2240 2213 2241
f 2209 2213 2240
f 2239 2209 2240
f 2209 2239 2208
f 2236 2208 2239
f 2236 2219 2208
f 2242 2219 2236
f 2217 2219 2242
f 2238 2217 2242
f 2238 2220 2217
f 2237 2220 2238
f 2235 2216 2237
f 2216 2220 2237
f 2207 2216 2235
f 2232 2207 2235
f 2230 2203 2232
f 2232 2203 2207
f 2907 2205 2908
f 2230 2205 2203
f 2225 2904 2205
f 2905 2205 2229
f 2225 2149 2904
f 868 865 588
f 868 588 589
f 589 588 590
f 590 588 591
f 591 588 592
f 591 592 593
f 593 592 595
f 593 595 594
f 594 595 596
f 596 595 597
f 597 595 598
f 597 598 599
f 599 598 600
f 599 600 601
f 601 600 602
f 602 600 603
f 602 603 604
f 604 603 607
f 604 607 605
f 605 607 606
f 606 607 608
f 608 607 609
f 608 609 610
f 610 609 611
f 611 609 612
f 611 612 613
f 613 612 614
f 613 614 615
f 615 614 616
f 616 614 617
f 616 617 618
f 618 617 619
f 619 617 587
f 619 587 586
f 587 585 586
f 584 583 587
f 587 583 585
f 621 620 584
f 584 620 583
f 621 622 620
f 624 623 621
f 621 623 622
f 624 626 625
f 624 625 623
f 627 628 624
f 624 628 626
f 627 629 628
f 627 631 629
f 630 632 631
f 630 631 627
f 633 634 677
f 677 634 635
f 635 636 677
f 637 639 641
f 641 639 642
f 641 642 638
f 638 642 640
f 643 2914 644
f 644 2914 2303
f 644 2303 645
f 645 2303 2915
f 648 2917 2300
f 648 2300 647
f 647 2300 646
f 2918 638 640
f 649 650 2918
f 649 2918 640
f 653 650 652
f 649 652 650
f 654 651 655
f 653 652 654
f 654 652 651
f 2922 656 676
f 2922 676 2921
f 2912 2911 657
f 2912 657 658
f 658 657 659
f 658 659 660
f 660 659 2923
f 660 2923 2317
f 2296 661 662
f 2322 655 651
f 2322 651 663
f 2322 663 2320
f 2320 663 664
f 2320 664 2296
f 2296 664 661
f 2297 662 2913
f 662 661 2913
f 2913 661 666
f 2913 666 665
f 667 665 666
f 2314 2311 2302
f 639 2327 2323
f 639 2323 2325
f 2324 2304 2325
f 2325 2304 639
f 2313 2314 2302
f 2313 2302 2324
f 2324 2302 2304
f 639 668 667
f 668 639 637
f 667 666 2301
f 2924 2299 669
f 669 2299 670
f 670 2299 2916
f 2925 2926 671
f 671 2926 672
f 2920 673 2307
f 2307 673 2306
f 2306 673 674
f 2306 674 2305
f 2305 674 2928
f 2305 2928 2331
f 2310 2919 2929
f 2929 2919 675
f 2910 2316 2931
f 2930 2309 2308
f 2315 2316 2910
f 2930 2308 2312
f 2930 2312 2909
f 2909 2312 2910
f 2910 2312 2315
f 2295 2932 678
f 2295 678 2319
f 2319 678 679
f 2319 679 680
f 681 2968 2318
f 681 2318 682
f 682 2318 2321
f 682 2321 683
f 683 2321 680
f 680 2321 2319
f 684 2969 2298
f 2329 2330 2927
f 2927 2328 2329
f 685 2328 2927
f 684 2298 2326
f 684 2326 685
f 685 2326 2328
f 688 687 692
f 689 690 691
f 690 693 691
f 691 693 692
f 691 692 687
f 696 697 698
f 698 699 696
f 698 700 699
f 695 700 694
f 699 700 695
f 2939 701 2940
f 2940 701 2350
f 2350 2936 2940
f 2941 2356 2359
f 2941 2359 702
f 702 2359 703
f 703 2359 2938
f 703 2938 704
f 2361 693 690
f 2363 2364 705
f 2363 705 706
f 2363 706 2362
f 2362 706 707
f 2362 707 2361
f 2361 707 693
f 2937 708 2942
f 2937 2942 2355
f 2943 705 2364
f 709 705 710
f 710 705 2943
f 710 711 709
f 712 709 711
f 716 715 713
f 714 715 716
f 712 711 716
f 712 716 713
f 718 719 720
f 718 720 717
f 717 720 2374
f 2374 2944 717
f 721 686 722
f 722 686 723
f 722 723 724
f 724 723 2947
f 2947 723 2948
f 713 715 2379
f 2935 725 2382
f 2382 725 726
f 2382 726 2379
f 2379 726 713
f 2369 2372 2373
f 725 2352 2353
f 725 2353 2367
f 2366 2385 2367
f 2367 2385 725
f 2365 2369 2373
f 2365 2373 2366
f 2366 2373 2385
f 725 727 688
f 727 725 2935
f 688 692 2384
f 2950 2347 728
f 728 2347 729
f 729 2347 2949
f 2951 2952 730
f 730 2952 731
f 2946 732 2378
f 2378 732 733
f 2378 733 2383
f 2383 733 2381
f 2381 733 734
f 2381 734 2380
f 2380 734 2954
f 2380 2954 2388
f 2377 2945 2955
f 2955 2945 735
f 2970 736 2368
f 2956 2376 2375
f 2370 2368 736
f 2956 2375 2371
f 2956 2371 737
f 737 2371 736
f 736 2371 2370
f 739 738 2958
f 739 2958 2957
f 742 795 743
f 742 743 744
f 744 743 746
f 744 746 745
f 746 747 745
f 747 746 749
f 747 749 748
f 748 749 750
f 750 749 751
f 751 749 753
f 751 753 752
f 753 754 752
f 757 755 753
f 753 755 754
f 758 756 757
f 757 756 755
f 758 757 760
f 758 760 759
f 760 761 759
f 761 760 762
f 763 762 760
f 763 764 762
f 764 763 765
f 766 765 763
f 765 766 767
f 741 767 766
f 741 740 767
f 769 768 741
f 741 768 740
f 769 770 768
f 771 772 769
f 769 772 770
f 772 771 773
f 773 771 774
f 773 774 777
f 776 775 777
f 776 777 774
f 775 776 779
f 775 779 778
f 781 780 779
f 779 780 778
f 780 781 782
f 782 781 783
f 783 784 782
f 785 786 783
f 783 786 784
f 786 785 787
f 785 788 787
f 788 789 787
f 787 789 790
f 790 789 791
f 791 789 792
f 791 792 793
f 793 792 738
f 793 738 739
f 795 742 794
f 795 794 796
f 797 796 794
f 796 797 799
f 799 797 798
f 800 799 798
f 802 801 800
f 800 801 799
f 801 802 803
f 801 803 804
f 804 803 805
f 805 803 806
f 805 806 807
f 805 807 808
f 808 807 809
f 808 809 810
f 809 811 810
f 810 811 813
f 813 811 812
f 812 814 813
f 813 814 815
f 815 814 816
f 815 816 818
f 818 816 817
f 818 817 819
f 818 819 820
f 820 819 821
f 820 821 824
f 824 821 823
f 828 829 822
f 822 829 824
f 822 824 823
f 831 827 825
f 825 827 826
f 826 827 828
f 828 827 829
f 834 833 832
f 834 832 830
f 830 832 831
f 831 832 827
f 833 834 835
f 833 835 837
f 837 835 836
f 837 836 838
f 837 838 839
f 839 838 840
f 839 840 841
f 839 841 842
f 842 841 843
f 842 843 844
f 844 843 845
f 844 845 846
f 846 845 847
f 846 847 848
f 2933 2934 849
f 849 2934 848
f 849 848 847
f 2953 850 852
f 2394 2396 2397
f 2332 2507 2346
f 2332 2333 2391
f 2390 851 2953
f 2336 2271 2269
f 2953 851 850
f 2332 2505 2507
f 2394 2397 2451
f 2336 2260 2257
f 2953 852 854
f 2953 853 856
f 2394 2451 2448
f 2953 854 853
f 2332 2503 2505
f 2408 2405 2391
f 2402 2454 2391
f 2391 2454 2455
f 2246 2249 2336
f 2336 2274 2271
f 2332 2501 2503
f 2257 2254 2336
f 2524 855 2336
f 2334 2392 2391
f 2334 2391 2335
f 2391 2405 2402
f 2336 2292 2289
f 2289 2286 2336
f 2336 2269 2265
f 2391 2333 2335
f 855 851 2336
f 2336 851 2390
f 2336 2390 2334
f 2334 2390 2393
f 2334 2393 2392
f 2455 2458 2391
f 2394 2448 2447
f 2394 2447 2444
f 2336 2286 2283
f 2336 2283 2246
f 2336 2265 2262
f 2336 2262 2260
f 2332 2498 2501
f 2391 2458 2460
f 2953 857 858
f 2332 2496 2498
f 2412 2408 2391
f 2336 2276 2274
f 2953 856 861
f 2953 861 859
f 859 862 2953
f 2953 862 857
f 858 863 2953
f 2953 860 864
f 2332 2492 2496
f 2336 2254 2250
f 2250 2524 2336
f 2416 2412 2391
f 2460 2463 2391
f 2394 2444 2442
f 2394 2442 2440
f 2394 2440 2438
f 2336 2249 2279
f 2336 2279 2276
f 863 866 2953
f 2953 866 860
f 2486 2491 2332
f 2332 2491 2492
f 2391 2419 2416
f 2463 2464 2391
f 2394 2438 2435
f 2486 2332 2488
f 2391 2422 2419
f 2464 2467 2391
f 2391 2467 2469
f 2394 2422 2391
f 2394 2425 2422
f 2391 2469 2332
f 2332 2469 2472
f 2483 2488 2332
f 2435 2433 2394
f 2400 2425 2394
f 2394 2428 2400
f 2332 2472 2474
f 2394 2433 2430
f 2394 2430 2428
f 2332 2479 2483
f 2474 2477 2332
f 2477 2479 2332
f 2349 2959 2348
f 2386 2387 2389
f 2389 2349 2386
f 2959 2349 2389
f 867 2971 2351
f 867 2351 2959
f 2959 2351 2348
f 868 869 865
f 869 870 865
f 870 871 865
f 865 871 2514
f 871 872 2514
f 2514 872 2510
f 2510 872 873
f 2510 873 874
f 2510 874 2509
f 2509 874 875
f 2509 875 876
f 2509 876 877
f 2509 877 2511
f 2511 877 878
f 2511 878 2513
f 2513 878 879
f 2513 879 2512
f 2512 879 880
f 2512 880 2515
f 880 881 2515
f 881 882 2515
f 2515 882 883
f 2515 883 2520
f 883 884 2520
f 2520 884 2518
f 2518 884 885
f 885 886 2518
f 2518 886 2521
f 2521 886 887
f 2521 887 888
f 888 2516 2521
f 2516 888 889
f 2516 889 2517
f 889 890 2517
f 2517 890 2522
f 2522 890 891
f 2522 891 892
f 2522 892 2525
f 2525 892 893
f 2525 893 2519
f 2519 893 2960
f 2519 2960 2523
f 252 2506 2504
f 238 2504 2502
f 2480 2478 895
f 896 2476 2475
f 897 2475 2473
f 898 2466 2465
f 899 2465 2462
f 900 2462 2461
f 900 2461 901
f 901 2461 2459
f 902 2457 2456
f 903 2456 2453
f 2453 2401 904
f 894 2527 2251
f 1759 2413 2414
f 2403 1767 2401
f 2417 1757 2415
f 2415 1757 1758
f 2415 1758 2414
f 2414 1758 1759
f 1760 2413 1759
f 1761 2411 1760
f 1760 2411 2413
f 1762 2410 1761
f 1761 2410 2411
f 1763 2409 1762
f 1762 2409 2410
f 1764 2407 1763
f 1763 2407 2409
f 1765 2406 1764
f 1764 2406 2407
f 2403 2404 1765
f 1765 2404 2406
f 2403 1765 1766
f 2403 1766 1767
f 2401 1767 1768
f 910 906 920
f 910 921 908
f 913 910 922
f 910 911 914
f 910 907 906
f 919 907 910
f 910 926 909
f 909 912 910
f 925 918 910
f 910 908 922
f 912 917 910
f 910 917 925
f 928 929 910
f 910 913 924
f 910 927 916
f 910 916 911
f 910 918 928
f 910 935 915
f 910 915 919
f 939 910 938
f 910 933 921
f 910 924 923
f 930 905 910
f 910 931 932
f 932 935 910
f 910 923 934
f 934 937 910
f 910 936 930
f 942 938 910
f 910 939 946
f 914 926 910
f 910 940 931
f 910 920 933
f 948 941 953
f 927 910 943
f 927 943 944
f 927 941 948
f 929 945 910
f 937 934 947
f 927 944 941
f 910 945 936
f 949 942 910
f 910 946 940
f 953 951 950
f 905 949 910
f 953 952 951
f 953 950 948
f 952 953 954
f 964 960 963
f 963 960 965
f 963 962 959
f 963 965 968
f 963 968 969
f 962 963 969
f 962 969 971
f 960 961 965
f 966 967 1001
f 970 1001 967
f 971 969 970
f 971 970 967
f 970 969 956
f 970 956 957
f 1599 977 1664
f 977 1600 1664
f 1600 977 978
f 978 1665 1600
f 978 980 1665
f 1665 980 979
f 1665 979 1649
f 970 957 1001
f 966 999 998
f 966 998 1000
f 966 1000 967
f 967 1000 971
f 1601 1602 972
f 983 984 975
f 974 1596 973
f 1599 1596 974
f 1601 975 973
f 973 976 974
f 974 977 1599
f 974 976 989
f 975 984 976
f 973 975 976
f 1003 979 990
f 984 988 976
f 976 994 989
f 974 989 977
f 976 988 994
f 981 982 955
f 1601 983 975
f 988 984 955
f 984 981 955
f 982 2189 985
f 1601 972 983
f 982 985 955
f 955 985 988
f 989 992 977
f 1000 991 987
f 962 986 958
f 985 991 993
f 977 992 996
f 977 996 978
f 979 980 997
f 979 997 990
f 985 993 988
f 989 995 992
f 978 996 980
f 962 971 986
f 986 971 1000
f 986 1000 987
f 993 999 994
f 993 998 999
f 992 995 996
f 996 1001 997
f 1001 957 1002
f 994 999 966
f 994 966 1001
f 995 994 1001
f 995 1001 996
f 1001 1002 997
f 991 1000 998
f 991 998 993
f 988 993 994
f 989 994 995
f 980 996 997
f 959 964 963
f 958 959 962
f 2609 2559 2564
f 2609 2564 2608
f 2608 2564 2575
f 2608 2575 2607
f 2607 2575 2610
f 2559 2609 2604
f 2605 2574 2562
f 2605 2562 2606
f 2606 2562 2603
f 2603 2562 2559
f 2603 2559 2604
f 2596 2610 2575
f 2596 1004 2610
f 1004 2596 1005
f 2598 1005 2596
f 2598 1006 1005
f 2599 1007 1006
f 2599 1006 2598
f 1007 2599 2600
f 2600 1008 1007
f 2600 1009 1008
f 1009 2600 2602
f 1009 2602 1010
f 1010 2602 2601
f 1010 2601 1011
f 1011 2601 1012
f 1012 2601 2589
f 2558 1013 2591
f 1013 1014 2591
f 2591 1014 1015
f 2591 1015 2592
f 2592 1015 1016
f 2592 1016 2589
f 2589 1016 1012
f 1021 2582 2571
f 2595 1017 1018
f 2595 1018 2585
f 2585 1018 1019
f 2585 1019 2558
f 2558 1019 1013
f 2582 1020 2595
f 2595 1020 1017
f 2582 1021 1020
f 2572 1022 2571
f 2571 1022 1021
f 2572 1023 1022
f 2561 1023 2572
f 2561 1028 1023
f 1027 1029 2569
f 2569 1029 2556
f 2569 1419 1027
f 2581 1419 2569
f 2570 1026 1028
f 2570 1028 2561
f 1029 1025 2556
f 2556 1025 2570
f 2570 1025 1026
f 2581 1024 1419
f 2554 1030 2568
f 2568 1030 1392
f 2568 1392 1024
f 2568 1024 2581
f 2555 1032 1031
f 2555 1031 2554
f 2554 1031 1030
f 1032 2555 1033
f 1033 2555 1034
f 1034 2555 2567
f 1034 2567 1035
f 1035 2567 2563
f 1035 2563 1045
f 2586 1036 2587
f 2587 1036 1037
f 2587 1037 2594
f 2594 1037 1038
f 2594 1038 1039
f 2594 1039 1040
f 2594 1040 2588
f 1041 2579 2588
f 1041 2588 1040
f 2579 1041 1042
f 2579 1042 2580
f 1043 2583 2580
f 1043 2580 1042
f 1043 1044 2583
f 2583 1044 1045
f 2583 1045 2563
f 1036 2586 1049
f 1049 2586 2590
f 2553 1046 2597
f 2597 1046 1047
f 2597 1047 1048
f 2597 1048 2590
f 2590 1048 1049
f 2566 1059 1050
f 1050 1051 2566
f 2566 1051 2576
f 2576 1051 2577
f 2577 1051 1052
f 1053 2577 1052
f 2577 1053 1054
f 2577 1054 2593
f 2593 1054 1055
f 2593 1055 2584
f 2584 1055 1056
f 2584 1056 2578
f 2578 1056 1057
f 2578 1057 2553
f 2553 1057 1046
f 1058 2565 2560
f 1059 2566 2573
f 1059 2573 1060
f 1060 2573 1058
f 1058 2573 2565
f 2560 1061 1058
f 1061 2560 2557
f 1061 2557 1062
f 1062 2557 1063
f 1063 2557 2574
f 1063 2574 2605
f 1161 1084 1085
f 1183 1088 1182
f 1123 1088 1183
f 1066 1123 1187
f 1066 2667 1123
f 1068 965 1078
f 1069 1068 1101
f 2670 968 965
f 2670 1068 1069
f 1067 1069 1073
f 2670 965 1068
f 1073 1069 1101
f 1067 2668 1069
f 1069 2668 2669
f 2669 2670 1069
f 1067 1100 2668
f 1076 1074 1078
f 1075 1076 1078
f 965 961 1078
f 1078 961 1075
f 1068 1078 1074
f 1162 1122 1065
f 1162 1065 1121
f 1122 1081 1065
f 1065 1081 1080
f 1081 1079 1080
f 1081 1091 1079
f 1091 1082 1079
f 1079 1082 2157
f 1093 2162 1083
f 2162 1093 1072
f 1092 1086 1091
f 1084 1182 1085
f 1088 1090 1085
f 1085 1086 1092
f 1087 1097 1088
f 1088 1097 1090
f 2667 1089 1123
f 1123 1089 1087
f 1123 1087 1088
f 1182 1088 1085
f 1091 1094 1083
f 1091 1083 1064
f 1091 1064 1082
f 1122 1092 1081
f 1083 1094 1093
f 1093 1098 1072
f 1072 1098 1071
f 1161 1085 1092
f 1091 1086 1094
f 1161 1092 1122
f 1081 1092 1091
f 1087 1089 1097
f 1086 1096 1094
f 2667 2665 1089
f 1094 1096 1098
f 1094 1098 1093
f 1071 1098 1101
f 1089 2665 1097
f 1090 1095 1099
f 1090 1099 1086
f 1086 1099 1096
f 1097 1100 1095
f 1096 1073 1098
f 1098 1073 1101
f 1100 2665 2668
f 1099 1100 1067
f 1096 1067 1073
f 1099 1067 1096
f 1097 2665 1100
f 1095 1100 1099
f 1113 2666 1066
f 1066 2666 2667
f 1097 1095 1090
f 1085 1090 1086
f 1101 1068 1071
f 1071 1068 1074
f 1071 1074 1070
f 1070 1074 1077
f 1229 1135 1230
f 1161 1122 1104
f 1205 1160 1106
f 1160 1205 1105
f 2657 2666 1113
f 2658 1177 2659
f 2664 1130 2653
f 1757 1220 1117
f 1112 1114 1240
f 1129 1124 1126
f 1126 1124 1127
f 1126 1127 1165
f 1125 1141 1127
f 1127 1141 1128
f 1129 1126 1134
f 1134 1126 1165
f 1134 1165 1133
f 1240 1130 1112
f 1112 2664 2663
f 1133 1136 1135
f 1133 1135 1134
f 1135 1137 1230
f 1230 1137 1146
f 1230 1146 1235
f 1148 1137 1138
f 1138 1137 1135
f 1139 1131 2662
f 1128 1140 1131
f 1141 1112 1140
f 1142 1131 1139
f 1143 1139 1144
f 2661 2660 1144
f 1144 1139 2661
f 2662 2661 1139
f 2663 2662 1131
f 2663 1131 1140
f 2663 1140 1112
f 1128 1131 1142
f 1142 1139 1143
f 1144 2660 1111
f 1141 1140 1128
f 1166 1128 1142
f 1111 2660 1145
f 1111 1145 1184
f 1145 2660 2659
f 1147 1109 1195
f 1150 1158 1149
f 1158 1109 1149
f 1146 1148 1110
f 1149 1110 1150
f 1151 1153 1110
f 1151 1110 1152
f 1152 1110 1148
f 1152 1148 1138
f 1153 1150 1110
f 1146 1110 1149
f 1155 1151 1152
f 1155 1152 1154
f 1154 1138 1136
f 1136 1133 1164
f 1136 1164 1154
f 1151 1155 1156
f 1167 1155 1163
f 1163 1155 1154
f 1166 1164 1133
f 1166 1133 1165
f 1157 1109 1158
f 1169 1150 1153
f 1108 1157 1159
f 1106 1160 1120
f 1181 1161 1105
f 1181 1105 1107
f 1105 1205 1107
f 1181 1107 1180
f 1105 1104 1160
f 1162 1104 1122
f 2147 1160 1162
f 1162 1160 1104
f 1167 1156 1155
f 1165 1127 1128
f 1165 1128 1166
f 1166 1143 1164
f 1164 1143 1144
f 1145 1176 1185
f 1185 1173 1184
f 2659 1176 1145
f 1171 1175 1158
f 1169 1156 1172
f 1172 1156 1168
f 1172 1168 1184
f 1172 1184 1173
f 1158 1150 1169
f 1158 1169 1171
f 1171 1169 1172
f 1171 1172 1170
f 1157 1158 1175
f 1175 1171 1174
f 1174 1171 1170
f 1170 1172 1173
f 1173 1185 1186
f 1174 1170 1173
f 1180 1159 1157
f 1180 1157 1175
f 1177 1176 2659
f 1185 1176 1177
f 1123 1173 1186
f 1113 1178 2657
f 2658 1178 1177
f 1178 2658 2657
f 1113 1187 1178
f 1177 1178 1187
f 1174 1179 1175
f 1159 1180 1107
f 1179 1182 1084
f 1179 1181 1180
f 1161 1181 1084
f 1161 1104 1105
f 1179 1084 1181
f 1182 1174 1183
f 1183 1174 1123
f 1123 1174 1173
f 1177 1186 1185
f 1184 1145 1185
f 1123 1186 1187
f 1113 1066 1187
f 1187 1186 1177
f 1189 1188 1193
f 1235 1231 1230
f 1231 1235 1227
f 1190 1191 1235
f 1190 1235 1147
f 1147 1235 1149
f 1147 1194 1190
f 1197 1192 1191
f 1197 1191 1194
f 1194 1196 1200
f 1194 1200 1197
f 1193 1197 1201
f 1195 1196 1194
f 1192 1197 1193
f 1189 1193 1201
f 1199 1198 1189
f 1192 1227 1191
f 1195 1108 1196
f 1199 1201 1204
f 1204 1201 1202
f 1203 1202 1200
f 1205 1106 1108
f 1174 1182 1179
f 1203 1119 1202
f 1202 1119 1118
f 1106 1120 1203
f 1118 1204 1202
f 1205 1108 1107
f 1107 1108 1159
f 1180 1175 1179
f 1193 1188 1192
f 1191 1190 1194
f 1194 1147 1195
f 1197 1200 1202
f 1197 1202 1201
f 1189 1201 1199
f 1116 1207 1206
f 1116 1206 1220
f 2417 1220 1757
f 1208 1756 1206
f 1208 1206 1212
f 1756 1117 1206
f 1206 1117 1220
f 1207 1212 1206
f 1209 1210 1211
f 1211 1210 1212
f 1198 1213 1189
f 1189 1213 1188
f 1188 1213 1221
f 1188 1221 1232
f 1198 1209 1211
f 1198 1211 1213
f 1213 1211 1212
f 1213 1212 1221
f 1210 1208 1212
f 1255 1215 1214
f 1218 1214 1215
f 1218 1215 1102
f 1218 1102 1217
f 1217 1102 1216
f 1216 1102 1238
f 1214 1218 1219
f 1125 1127 1115
f 1115 1127 1124
f 1124 1129 1225
f 1168 1156 1167
f 1144 1163 1154
f 1144 1154 1164
f 1184 1168 1167
f 1184 1167 1111
f 1111 1167 1163
f 1111 1163 1144
f 1142 1143 1166
f 1124 1225 1239
f 1124 1239 1115
f 1141 1125 1114
f 1141 1114 1112
f 1112 1130 2664
f 1219 1103 1207
f 1219 1207 1214
f 1214 1207 1116
f 1212 1207 1103
f 1212 1103 1221
f 1222 1217 1216
f 1239 1225 1216
f 1216 1225 1222
f 1217 1222 1234
f 1217 1234 1218
f 1218 1234 1233
f 1218 1233 1219
f 1103 1219 1221
f 1224 1188 1232
f 1223 1224 1232
f 1223 1232 1233
f 1129 1132 1225
f 1134 1132 1129
f 1234 1226 1223
f 1223 1226 1228
f 1223 1228 1224
f 1228 1226 1229
f 1228 1229 1230
f 1226 1225 1229
f 1228 1231 1224
f 1231 1227 1224
f 1232 1221 1233
f 1233 1221 1219
f 1134 1135 1132
f 1132 1135 1229
f 1132 1229 1225
f 1203 1200 1106
f 1106 1200 1196
f 1106 1196 1108
f 1108 1195 1157
f 1157 1195 1109
f 1149 1109 1147
f 1235 1191 1227
f 1227 1192 1188
f 1227 1188 1224
f 1223 1233 1234
f 1226 1234 1222
f 1226 1222 1225
f 1156 1169 1151
f 1151 1169 1153
f 1146 1149 1235
f 1231 1228 1230
f 1146 1137 1148
f 1152 1138 1154
f 1136 1138 1135
f 1216 1238 1250
f 2643 2656 1334
f 1270 1260 1259
f 1270 1237 1278
f 1278 1258 1272
f 1272 1258 1252
f 1116 1220 1252
f 1214 1116 1253
f 1256 1215 1255
f 1216 1250 1239
f 1115 1239 1249
f 1115 1249 1125
f 1125 1249 1248
f 1248 1114 1125
f 2653 1130 1240
f 1243 1267 1247
f 1247 1267 2655
f 1247 2655 2654
f 1251 1241 1246
f 1246 1242 1247
f 1247 1242 1243
f 1244 1266 1245
f 1245 1266 1241
f 1246 1241 1263
f 1246 1263 1242
f 1248 1240 1114
f 1250 1244 1245
f 1250 1245 1239
f 1239 1245 1249
f 1249 1251 1248
f 1248 1251 1246
f 1248 1247 1240
f 1249 1245 1241
f 1249 1241 1251
f 2653 1247 2654
f 1244 1256 1257
f 1256 1255 1257
f 1253 1252 1254
f 1220 2417 1236
f 1220 1236 1252
f 1253 1254 1255
f 1255 1254 1257
f 1238 1256 1244
f 1250 1238 1244
f 1248 1246 1247
f 1240 1247 2653
f 1238 1102 1215
f 1253 1255 1214
f 1252 1253 1116
f 1278 1237 1257
f 1278 1257 1258
f 1368 1272 1252
f 1237 1266 1257
f 1258 1254 1252
f 1368 1252 1236
f 1258 1257 1254
f 1262 1280 2656
f 1334 2656 1280
f 1280 1262 1261
f 1280 1261 1279
f 1279 1261 1260
f 1270 1259 1237
f 1265 2656 2655
f 1267 1265 2655
f 1266 1259 1263
f 1267 1264 1265
f 2656 1265 1262
f 1262 1265 1261
f 1261 1265 1264
f 1261 1264 1242
f 1261 1242 1260
f 1260 1242 1263
f 1260 1263 1259
f 1259 1266 1237
f 1267 1243 1264
f 1264 1243 1242
f 1263 1241 1266
f 1257 1266 1244
f 1256 1238 1215
f 1269 1372 1375
f 1278 1272 1369
f 1373 1372 1368
f 2649 2648 1364
f 1362 2647 2646
f 2644 1345 2645
f 2424 2426 1293
f 2643 1342 1345
f 2643 1345 2644
f 1317 1400 2652
f 2431 1322 2429
f 1286 2423 2424
f 1260 1377 1279
f 1281 2420 1373
f 1373 2420 1285
f 1373 1285 1374
f 1374 1285 1282
f 1282 1283 1374
f 1287 1283 1284
f 1284 1283 1282
f 1284 1282 1285
f 1285 2420 2421
f 1285 2421 2423
f 1285 2423 1284
f 1284 2423 1286
f 1284 1286 1287
f 1275 1289 1290
f 1288 1275 1290
f 1288 1290 1300
f 1290 1318 1326
f 1286 1293 1287
f 2399 1293 2426
f 1276 1287 1293
f 1276 1293 1318
f 1292 1322 1319
f 1281 2418 2420
f 1286 2424 1293
f 1291 2399 2427
f 1318 1293 2399
f 1318 2399 1291
f 1291 2427 2429
f 1294 1337 1386
f 1275 1294 1386
f 1294 1302 1340
f 1301 1296 1295
f 1338 1340 1302
f 1275 1288 1294
f 1288 1301 1294
f 1294 1301 1302
f 1305 1339 1302
f 1326 1320 1297
f 1326 1297 1300
f 1326 1300 1290
f 1295 1299 1303
f 1302 1301 1305
f 1305 1301 1304
f 1303 1274 1295
f 1295 1274 1304
f 1304 1307 1305
f 1339 1305 1306
f 1304 1301 1295
f 1305 1307 1306
f 1307 1308 1306
f 1306 1308 1363
f 1363 1308 1366
f 1308 1313 1367
f 1308 1367 1366
f 1367 1315 2650
f 1367 2650 2649
f 1314 2650 1315
f 1303 1298 1312
f 1303 1312 1274
f 1274 1312 1311
f 1274 1311 1309
f 1314 1315 1313
f 2650 1314 2651
f 1310 1307 1309
f 1309 1307 1274
f 1274 1307 1304
f 1317 2652 2651
f 1317 2651 1314
f 1309 1332 1316
f 1317 1314 1316
f 1309 1316 1310
f 1329 1331 1332
f 1330 1311 1312
f 1328 1312 1298
f 1298 1303 1299
f 1323 1320 1319
f 1326 1291 1292
f 1277 1327 1321
f 1319 1322 1323
f 1323 1322 1324
f 2432 1324 2431
f 2431 1324 1322
f 2429 1322 1292
f 2429 1292 1291
f 1283 1287 1276
f 1325 1323 1324
f 1323 1325 1321
f 1323 1321 1320
f 1319 1320 1292
f 1292 1320 1326
f 2436 1324 2432
f 2436 2434 1324
f 2434 1325 1324
f 1327 1277 1273
f 1273 1330 1327
f 1327 1312 1321
f 1321 1312 1328
f 1320 1298 1299
f 1320 1299 1297
f 1297 1299 1300
f 1312 1327 1330
f 1311 1330 1329
f 1328 1320 1321
f 1321 1325 1277
f 1331 1329 1398
f 1332 1311 1329
f 1311 1332 1309
f 1316 1399 1317
f 1316 1314 1313
f 1316 1313 1310
f 1332 1331 1316
f 1316 1331 1399
f 1280 1279 1336
f 1336 1279 1333
f 1333 1279 1377
f 1334 1280 1342
f 1344 1342 1335
f 1335 1342 1280
f 1335 1280 1336
f 1343 1335 1336
f 1355 1338 1339
f 1355 1339 1341
f 1340 1359 1337
f 1386 1337 1358
f 1363 1341 1306
f 1339 1306 1341
f 1361 1341 1363
f 1361 1363 1365
f 1339 1338 1302
f 1294 1340 1337
f 1334 1342 2643
f 1333 1343 1336
f 1342 1347 1345
f 1346 2645 1345
f 1346 1345 1347
f 1352 1347 1344
f 1352 1344 1348
f 1348 1343 1354
f 1354 1343 1349
f 1349 1333 1350
f 1350 1333 1351
f 1355 1352 1348
f 1351 1353 1350
f 1350 1353 1349
f 1349 1353 1359
f 1349 1359 1354
f 1354 1355 1348
f 1352 1356 1347
f 1347 1356 1346
f 1346 1357 2645
f 2645 1357 2646
f 1353 1358 1359
f 1359 1360 1354
f 1354 1360 1355
f 1352 1361 1356
f 2646 1357 1365
f 2646 1365 1362
f 1356 1361 1357
f 1357 1361 1365
f 1346 1356 1357
f 2647 1362 1364
f 2647 1364 2648
f 1359 1358 1337
f 1360 1359 1340
f 1360 1340 1338
f 1360 1338 1355
f 1352 1355 1341
f 1352 1341 1361
f 1365 1364 1362
f 1365 1363 1366
f 1365 1366 1364
f 1364 1366 1367
f 1364 1367 2649
f 1315 1367 1313
f 1313 1308 1310
f 1310 1308 1307
f 1301 1288 1296
f 1288 1300 1296
f 1296 1300 1299
f 1296 1299 1295
f 1281 1368 1236
f 1368 1372 1369
f 1372 1269 1369
f 1351 1333 1377
f 1351 1377 1371
f 1371 1377 1370
f 1370 1377 1270
f 1376 1371 1370
f 1347 1342 1344
f 1348 1344 1335
f 1348 1335 1343
f 1349 1343 1333
f 1281 1236 2418
f 1272 1368 1369
f 2417 2418 1236
f 1374 1375 1372
f 1374 1372 1373
f 1368 1281 1373
f 1269 1376 1369
f 1369 1376 1278
f 1278 1376 1271
f 1278 1271 1270
f 1269 1378 1376
f 1377 1260 1270
f 1269 1375 1378
f 1376 1378 1379
f 1376 1379 1371
f 1376 1370 1271
f 1271 1370 1270
f 1383 1378 1375
f 1383 1375 1382
f 1382 1375 1374
f 1382 1374 1380
f 1276 1381 1380
f 1380 1381 1382
f 1384 1382 1268
f 1384 1268 1386
f 1385 1383 1358
f 1358 1383 1386
f 1383 1384 1386
f 1381 1318 1290
f 1381 1290 1289
f 1381 1289 1268
f 1385 1371 1379
f 1385 1379 1383
f 1384 1383 1382
f 1268 1382 1381
f 1291 1326 1318
f 1318 1381 1276
f 1283 1276 1380
f 1283 1380 1374
f 1378 1383 1379
f 1351 1371 1385
f 1351 1385 1353
f 1353 1385 1358
f 1275 1386 1268
f 1275 1268 1289
f 1298 1320 1328
f 1399 1331 1398
f 1389 2452 2398
f 1389 2631 1390
f 2450 2452 1390
f 1390 2452 1389
f 2638 1411 1393
f 1391 1393 1411
f 2631 2671 1390
f 1390 2671 1393
f 1393 2671 2637
f 1393 2637 2638
f 1396 1398 1330
f 1330 1398 1329
f 1399 1400 1317
f 1400 2642 2652
f 2638 2639 1411
f 1391 1409 1393
f 2437 1397 1394
f 1394 1325 2434
f 1277 1396 1273
f 1396 1330 1273
f 1277 1395 1396
f 1277 1394 1395
f 1394 1397 1395
f 1397 1401 1395
f 1395 1401 1396
f 1400 2641 2642
f 1388 2441 2443
f 1397 2439 1388
f 1397 2437 2439
f 1388 2443 1387
f 1388 2439 2441
f 2434 2437 1394
f 1397 1388 1387
f 1397 1387 1401
f 1396 1402 1398
f 1409 1387 2443
f 1408 2443 2445
f 1408 2445 2446
f 1408 2446 1407
f 1407 2446 1390
f 1390 2446 2449
f 1325 1394 1277
f 1401 1404 1396
f 1396 1404 1402
f 1398 1402 1406
f 1398 1406 1399
f 1387 1403 1401
f 1401 1403 1404
f 1404 1405 1402
f 1399 1406 1400
f 1406 2640 1400
f 1400 2640 2641
f 1402 1405 1406
f 1406 1411 2640
f 1408 1407 1393
f 1408 1393 1409
f 1403 1409 1391
f 1403 1391 1410
f 1404 1410 1411
f 1407 1390 1393
f 1411 2639 2640
f 1403 1410 1404
f 1405 1404 1411
f 1405 1411 1406
f 2443 1408 1409
f 1387 1409 1403
f 2449 2450 1390
f 1410 1391 1411
f 2354 2360 1420
f 1413 1430 1512
f 1413 1512 1513
f 1414 1423 1413
f 1451 1413 1513
f 2633 1418 1417
f 2633 1417 2635
f 1414 1413 1415
f 1415 1413 1451
f 1418 1414 1415
f 1418 1415 1451
f 1436 1422 1412
f 1416 1414 2632
f 2632 1414 1418
f 1418 1451 1452
f 1418 1452 1417
f 1417 1452 1507
f 2636 1416 2632
f 2633 2632 1418
f 2636 1421 1422
f 2672 1424 2354
f 1414 1422 1423
f 2636 2634 1421
f 1416 2636 1422
f 1416 1422 1414
f 1413 1423 1430
f 2672 1420 2961
f 2634 1420 1421
f 1423 1422 1436
f 1422 1421 1412
f 2360 2358 1420
f 2398 2395 1424
f 1424 2395 2354
f 2398 1424 1389
f 2549 1492 2550
f 2552 2551 1425
f 2552 1425 1426
f 2357 2526 1427
f 2552 1427 2526
f 1426 1433 1434
f 1434 1427 2552
f 1434 2552 1426
f 1432 1431 1433
f 1431 1428 1423
f 1428 1429 1430
f 1430 1429 1512
f 1428 1430 1423
f 1425 1450 1432
f 1425 1432 1433
f 2550 1492 1450
f 2550 1450 1425
f 2358 1435 1420
f 1434 1435 2357
f 1450 1491 1428
f 1450 1428 1432
f 1432 1428 1431
f 1431 1436 1434
f 1436 1412 1435
f 1420 1435 1421
f 1436 1431 1423
f 1428 1491 1429
f 1433 1431 1434
f 1434 1436 1435
f 1435 2358 2357
f 1434 2357 1427
f 1433 1426 1425
f 1425 2551 2550
f 2631 1389 2672
f 2672 1389 1424
f 2672 2354 1420
f 1421 1435 1412
f 1552 1465 1553
f 1461 1471 1454
f 2543 2542 1530
f 2626 2625 1461
f 2624 1470 1469
f 1507 2630 2635
f 2635 1417 1507
f 2630 1507 2629
f 2624 1469 2625
f 1460 2620 2626
f 1455 1453 1579
f 1579 1453 1438
f 1449 2539 2538
f 1441 2548 2547
f 1453 1545 1438
f 1454 1448 1460
f 1459 1545 1456
f 1456 1545 1457
f 1456 1457 1495
f 1453 1472 1457
f 1457 1472 1458
f 1459 1456 1464
f 1464 1456 1495
f 1464 1495 1463
f 1469 1461 2625
f 1463 1466 1465
f 1463 1465 1464
f 1465 1467 1553
f 1553 1467 1477
f 1553 1477 1557
f 1480 1467 1468
f 1468 1467 1465
f 1471 1461 1469
f 1469 1470 1473
f 1469 1473 1458
f 1469 1458 1471
f 1472 1454 1471
f 1474 1470 1475
f 2627 1475 2624
f 1475 1470 2624
f 1473 1470 1474
f 1475 2627 1447
f 1472 1471 1458
f 1496 1458 1473
f 1447 2627 1476
f 1447 1476 1514
f 1476 2627 2628
f 1478 1525 1445
f 1445 1525 1479
f 1482 1489 1481
f 1489 1445 1481
f 1477 1480 1446
f 1481 1446 1482
f 1483 1485 1446
f 1483 1446 1484
f 1484 1446 1480
f 1484 1480 1468
f 1485 1482 1446
f 1477 1446 1481
f 1487 1483 1484
f 1487 1484 1486
f 1486 1468 1466
f 1466 1463 1494
f 1466 1494 1486
f 1483 1487 1488
f 1497 1487 1493
f 1493 1487 1486
f 1496 1494 1463
f 1496 1463 1495
f 1478 1445 1489
f 1499 1482 1485
f 1443 1478 1490
f 1441 2547 2546
f 2548 1441 1440
f 1511 1491 1440
f 1511 1440 1442
f 1440 1441 1442
f 1511 1442 1510
f 2548 1440 1492
f 2549 2548 1492
f 1497 1488 1487
f 1495 1457 1458
f 1495 1458 1496
f 1496 1474 1494
f 1494 1474 1475
f 1476 1506 1515
f 1515 1504 1514
f 2628 1506 1476
f 1501 1503 1489
f 1499 1488 1502
f 1502 1488 1498
f 1502 1498 1514
f 1502 1514 1504
f 1489 1482 1499
f 1489 1499 1501
f 1501 1499 1502
f 1501 1502 1500
f 1478 1489 1444
f 1444 1489 1503
f 1503 1501 1505
f 1505 1501 1500
f 1500 1502 1504
f 1504 1515 1516
f 1505 1500 1504
f 1478 1444 1490
f 1510 1490 1444
f 1444 1503 1505
f 2629 1506 2628
f 1506 2629 1508
f 1515 1506 1508
f 1451 1504 1516
f 2629 1507 1508
f 1517 1508 1507
f 1490 1510 1442
f 1509 1512 1429
f 1509 1511 1510
f 1491 1511 1429
f 1491 1450 1440
f 1440 1450 1492
f 1509 1429 1511
f 1512 1505 1513
f 1513 1505 1451
f 1451 1505 1504
f 1452 1451 1516
f 1508 1516 1515
f 1514 1476 1515
f 1452 1516 1517
f 1507 1452 1517
f 1517 1516 1508
f 1519 1518 1522
f 1557 1554 1553
f 1554 1557 1551
f 1520 1521 1557
f 1520 1557 1479
f 1479 1557 1481
f 1479 1524 1520
f 1523 1522 1439
f 1526 1439 1521
f 1526 1521 1524
f 1525 1478 1524
f 1439 1526 1529
f 1439 1529 1523
f 1530 1527 1523
f 1523 1527 1519
f 1523 1519 1522
f 1439 1522 1551
f 1439 1551 1521
f 1478 1443 1528
f 1478 1528 1524
f 1526 1528 1531
f 1526 1531 1529
f 1523 1529 1530
f 2543 1530 1529
f 1532 1531 1528
f 1532 1528 1443
f 1530 2542 2541
f 1530 2541 1527
f 1505 1512 1509
f 1443 1442 1441
f 1532 1441 2546
f 1532 2546 2545
f 1532 2545 1531
f 1531 2545 2544
f 2544 2543 1529
f 2544 1529 1531
f 1441 1532 1443
f 1442 1443 1490
f 1510 1444 1509
f 1509 1444 1505
f 1521 1520 1524
f 1524 1479 1525
f 1526 1524 1528
f 2539 1449 1533
f 1533 1449 1561
f 1449 2538 1560
f 1449 1560 1561
f 1534 1544 1546
f 2540 2539 1536
f 2540 1536 1535
f 2541 2540 1535
f 2541 1535 1527
f 1527 1535 1537
f 1527 1537 1519
f 1519 1537 1518
f 1518 1537 1546
f 1518 1546 1555
f 1537 1535 1536
f 1537 1536 1546
f 2539 1533 1536
f 1538 1534 1546
f 1538 1546 1533
f 1538 1561 1539
f 1540 1562 1542
f 1540 1534 1539
f 1539 1534 1538
f 1561 1538 1533
f 1542 1562 1581
f 1543 1534 1542
f 1542 1581 1541
f 1534 1543 1544
f 1453 1457 1545
f 1438 1545 1459
f 1438 1459 1549
f 1498 1488 1497
f 1475 1493 1486
f 1475 1486 1494
f 1514 1498 1497
f 1514 1497 1447
f 1447 1497 1493
f 1447 1493 1475
f 1473 1474 1496
f 1460 2626 1461
f 1460 1461 1454
f 1454 1472 1448
f 1448 1472 1455
f 1455 1472 1453
f 1540 1542 1534
f 2538 1744 1560
f 1536 1533 1546
f 1547 1542 1541
f 1581 1438 1541
f 1541 1438 1549
f 1541 1549 1547
f 1542 1547 1543
f 1543 1556 1544
f 1548 1518 1555
f 1556 1550 1548
f 1548 1555 1556
f 1437 1548 1550
f 1459 1462 1549
f 1464 1462 1459
f 1437 1550 1554
f 1554 1550 1552
f 1554 1552 1553
f 1550 1549 1552
f 1551 1437 1554
f 1437 1551 1548
f 1555 1546 1556
f 1556 1546 1544
f 1556 1543 1547
f 1464 1465 1462
f 1462 1465 1552
f 1462 1552 1549
f 1481 1445 1479
f 1557 1521 1551
f 1551 1522 1548
f 1548 1522 1518
f 1550 1556 1547
f 1550 1547 1549
f 1488 1499 1483
f 1483 1499 1485
f 1477 1481 1557
f 1477 1467 1480
f 1484 1468 1486
f 1466 1468 1465
f 1561 1560 1582
f 1592 1707 1564
f 1592 1589 1594
f 1594 1589 1608
f 1608 1589 1590
f 1608 1590 1700
f 1700 1590 1698
f 1698 1590 1583
f 1539 1587 1540
f 1540 1587 1586
f 1540 1586 1562
f 1579 1438 1580
f 1580 1438 1581
f 1578 1448 1455
f 2620 1460 1448
f 1559 1563 1591
f 1559 1591 1609
f 1609 1591 1564
f 1569 1571 1591
f 1591 1571 1572
f 1572 1570 1566
f 1565 2623 1568
f 1567 1566 1573
f 2623 2622 1568
f 1566 1570 1573
f 1569 1568 2622
f 1569 2622 1577
f 1569 1577 1571
f 1571 1577 1572
f 1570 1575 1573
f 1573 1575 1574
f 1575 1570 1579
f 1579 1570 1576
f 1576 1570 1577
f 1577 1570 1572
f 2622 2621 1577
f 2621 2620 1577
f 1577 2620 1448
f 1577 1448 1578
f 1576 1578 1579
f 1575 1579 1580
f 1574 1580 1585
f 1585 1580 1581
f 1455 1579 1578
f 1587 1582 1583
f 1587 1583 1584
f 1584 1585 1586
f 1584 1586 1587
f 1580 1574 1575
f 1578 1576 1577
f 1590 1584 1583
f 2619 2623 1558
f 1558 2623 1563
f 1563 1565 1591
f 1698 1583 1588
f 1588 1583 1560
f 1589 1585 1584
f 1589 1584 1590
f 1583 1582 1560
f 2623 1565 1563
f 1565 1568 1591
f 1591 1568 1569
f 1591 1572 1564
f 1564 1572 1566
f 1564 1566 1567
f 1564 1567 1592
f 1589 1592 1567
f 1589 1567 1573
f 1589 1573 1574
f 1589 1574 1585
f 1586 1585 1581
f 1586 1581 1562
f 1582 1587 1539
f 1561 1582 1539
f 1715 1713 1618
f 1593 1702 1705
f 1703 1702 1699
f 1693 2616 2617
f 2618 1682 2617
f 1667 1558 1563
f 1600 1665 1663
f 2613 1648 2612
f 1618 1619 1617
f 2619 1558 2618
f 1643 2614 1697
f 1649 979 1003
f 1564 1707 1609
f 1613 1704 1614
f 1614 1704 1703
f 1614 1703 1615
f 1615 1703 1610
f 1613 1611 1704
f 1612 1611 1613
f 1560 1744 1610
f 1610 1745 1615
f 1612 1613 1607
f 1612 1607 1616
f 1612 1616 1625
f 1617 1715 1618
f 1619 1618 1620
f 1629 1657 1621
f 1616 1622 1625
f 1606 1625 1622
f 1598 1625 1623
f 1651 1604 1624
f 1623 1606 1605
f 1623 1625 1606
f 1626 1674 1716
f 1617 1626 1716
f 1626 1634 1676
f 1633 1628 1627
f 1673 1676 1634
f 1617 1633 1626
f 1626 1633 1634
f 1637 1675 1634
f 1621 1652 1629
f 1657 1629 1619
f 1657 1619 1620
f 1627 1631 1635
f 1634 1633 1636
f 1635 1597 1627
f 1627 1597 1636
f 1636 1640 1634
f 1634 1640 1637
f 1675 1637 1639
f 1636 1633 1627
f 1642 1638 1697
f 1637 1640 1639
f 1640 1641 1639
f 1639 1641 1695
f 1695 1641 1642
f 1638 1643 1697
f 1641 1638 1642
f 1643 2613 2614
f 1648 2613 1643
f 1645 1647 1638
f 1635 1630 1646
f 1635 1646 1597
f 1597 1646 1660
f 1597 1660 1644
f 1644 1660 1663
f 1648 1643 1647
f 1645 1640 1644
f 1644 1640 1597
f 1597 1640 1636
f 2611 2612 1648
f 1649 2611 1648
f 1649 1648 1645
f 1644 1649 1645
f 1662 1646 1630
f 1630 1635 1631
f 1621 1650 1652
f 1654 1658 1650
f 1657 1623 1651
f 1662 1658 1653
f 1596 1661 1653
f 2058 1655 1624
f 1655 1654 1624
f 1605 1604 1651
f 1605 1651 1623
f 1612 1625 1598
f 1656 1654 1659
f 1654 1656 1658
f 1651 1650 1621
f 1651 1621 1657
f 1653 1658 1656
f 1596 1656 973
f 973 1656 1601
f 1601 1656 1659
f 1601 1659 1602
f 1650 1658 1652
f 1661 1646 1653
f 1653 1646 1662
f 1652 1630 1631
f 1652 1631 1629
f 1629 1631 1632
f 1646 1661 1660
f 1663 1660 1599
f 1663 1599 1664
f 1664 1600 1663
f 1662 1652 1658
f 1653 1656 1596
f 1661 1596 1599
f 1663 1665 1644
f 1648 1647 1645
f 1644 1665 1649
f 2611 1649 1003
f 1559 1609 1669
f 1669 1609 1666
f 1666 1609 1707
f 1563 1559 1668
f 1563 1668 1667
f 1681 1667 1668
f 1669 1668 1559
f 1680 1668 1669
f 1671 1670 1674
f 1671 1674 1676
f 1671 1676 1672
f 1672 1676 1673
f 1675 1672 1673
f 1716 1674 1670
f 1687 1677 1678
f 1677 1695 1678
f 1678 1695 1696
f 1687 1672 1677
f 1677 1672 1675
f 1675 1673 1634
f 1626 1676 1674
f 1667 2618 1558
f 1679 2618 1667
f 1679 1667 1681
f 1666 1680 1669
f 1679 1682 2618
f 1686 2617 1682
f 1687 1682 1681
f 1687 1681 1683
f 1691 1680 1666
f 1691 1666 1684
f 1684 1666 1685
f 1684 1685 1595
f 1686 1682 1687
f 1688 1687 1683
f 1691 1670 1671
f 1691 1671 1692
f 1692 1671 1672
f 1692 1672 1688
f 1687 1678 1689
f 1693 1690 1696
f 1688 1672 1687
f 1689 1678 1690
f 1690 1678 1696
f 1686 1689 1690
f 2615 2616 1694
f 1595 1670 1684
f 1684 1670 1691
f 1691 1692 1680
f 1680 1692 1683
f 1683 1692 1688
f 1687 1689 1686
f 2617 1686 1690
f 2617 1690 1693
f 1695 1677 1639
f 1639 1677 1675
f 1696 1695 1694
f 1694 1695 1642
f 1694 1642 2615
f 2615 1642 1697
f 2615 1697 2614
f 1643 1638 1647
f 1638 1641 1645
f 1645 1641 1640
f 1633 1617 1628
f 1617 1632 1628
f 1628 1632 1631
f 1628 1631 1627
f 1696 1694 1693
f 1693 1694 2616
f 1699 1702 1700
f 1594 1707 1592
f 1702 1593 1700
f 1685 1666 1707
f 1685 1707 1701
f 1706 1710 1701
f 1710 1595 1685
f 1682 1679 1681
f 1683 1681 1668
f 1683 1668 1680
f 1710 1685 1701
f 1588 1610 1703
f 1698 1699 1700
f 1588 1560 1610
f 1704 1705 1702
f 1704 1702 1703
f 1699 1698 1588
f 1699 1588 1703
f 1593 1706 1700
f 1700 1706 1608
f 1608 1706 1594
f 1593 1708 1706
f 1593 1705 1708
f 1706 1708 1709
f 1706 1709 1710
f 1706 1701 1594
f 1594 1701 1707
f 1714 1708 1705
f 1714 1705 1713
f 1713 1705 1704
f 1713 1704 1711
f 1598 1712 1711
f 1711 1712 1713
f 1710 1714 1670
f 1670 1714 1716
f 1714 1715 1716
f 1595 1710 1670
f 1710 1709 1714
f 1715 1714 1713
f 1618 1713 1712
f 1618 1712 1620
f 1620 1712 1598
f 1599 1660 1661
f 1662 1630 1652
f 1629 1632 1619
f 1619 1632 1617
f 1715 1617 1716
f 1714 1709 1708
f 1711 1704 1611
f 1711 1611 1612
f 1711 1612 1598
f 1620 1598 1623
f 1620 1623 1657
f 1650 1651 1624
f 1650 1624 1654
f 1659 1654 1655
f 1659 1655 1603
f 2113 471 1720
f 2092 1832 1721
f 2059 414 2201
f 2343 304 2342
f 1722 304 1723
f 306 304 2343
f 2344 223 306
f 2344 306 2343
f 2341 222 223
f 2341 223 2344
f 2340 309 222
f 2340 222 2341
f 248 309 2339
f 2339 309 2340
f 2345 239 248
f 2345 248 2338
f 2338 248 2339
f 249 239 2508
f 2508 239 2345
f 252 249 2506
f 2506 249 2508
f 238 250 2504
f 2504 250 252
f 254 238 2502
f 2500 259 254
f 254 2502 2500
f 259 2500 2499
f 2497 231 261
f 261 259 2499
f 261 2499 2497
f 2495 231 2497
f 1725 267 231
f 1725 231 1724
f 1726 269 1727
f 1727 269 267
f 1727 267 1725
f 1726 230 269
f 273 230 1728
f 1728 230 1726
f 280 273 1729
f 1729 273 1728
f 1730 280 1729
f 287 282 1731
f 1731 282 1730
f 1730 282 280
f 283 287 1732
f 1732 287 1733
f 1733 287 1731
f 286 283 1734
f 1734 283 1732
f 1735 286 1734
f 297 295 1736
f 1736 295 1735
f 1735 295 286
f 290 297 1737
f 1737 297 1736
f 1738 290 1737
f 304 293 1723
f 1723 293 1738
f 1738 293 290
f 2058 2059 1655
f 1655 2059 2201
f 2058 1624 2057
f 2057 1624 1604
f 1604 2061 2057
f 1604 1605 2061
f 2061 1605 2055
f 2054 1606 1739
f 2055 1605 2054
f 2054 1605 1606
f 2280 2090 2093
f 2090 2280 2281
f 2090 2281 2091
f 2091 2281 2248
f 2091 2248 2096
f 2096 2248 2247
f 2096 2247 2893
f 1740 1741 2893
f 2478 2112 2113
f 2112 2478 2476
f 2112 2476 2116
f 2116 2476 896
f 2116 896 2117
f 2117 896 2475
f 2117 2475 2114
f 1118 2224 2226
f 1118 2226 1719
f 1118 1719 1204
f 1119 2223 2224
f 1119 2224 1118
f 2223 1119 1203
f 2223 1203 2227
f 2227 1203 1120
f 2227 1120 2225
f 1744 2538 2537
f 1745 1610 1744
f 1746 1615 1745
f 1747 1614 1746
f 1746 1614 1615
f 1747 1613 1614
f 1613 1747 1748
f 1613 1748 1607
f 1749 1616 1607
f 1749 1607 1748
f 1750 1622 1616
f 1750 1616 1749
f 1606 1622 1751
f 1751 1622 1750
f 1739 1606 1751
f 1655 2201 1603
f 1602 1659 2200
f 2200 1659 2201
f 2201 1659 1603
f 1602 2200 2198
f 1602 2198 972
f 972 2198 2197
f 972 2197 983
f 983 2197 2195
f 983 2195 984
f 984 2195 2194
f 984 2194 981
f 981 2194 2192
f 2191 982 2192
f 982 981 2192
f 2189 2188 991
f 991 985 2189
f 2191 2189 982
f 2186 2185 987
f 987 991 2186
f 2186 991 2188
f 2183 2182 958
f 958 986 2183
f 2183 986 2185
f 2185 986 987
f 2180 2179 964
f 964 959 2180
f 2180 959 2182
f 2182 959 958
f 2177 2174 961
f 961 960 2177
f 2177 960 2179
f 2179 960 964
f 2172 1075 2175
f 2175 1075 961
f 2175 961 2174
f 2171 1076 2172
f 2172 1076 1075
f 2169 1074 2171
f 2171 1074 1076
f 2168 1077 2169
f 2169 1077 1074
f 2166 1070 2168
f 2168 1070 1077
f 2165 1071 2166
f 2166 1071 1070
f 2163 1072 2165
f 2165 1072 1071
f 2163 2162 1072
f 2160 1083 2162
f 2159 1064 2160
f 2160 1064 1083
f 1082 2159 2157
f 1082 1064 2159
f 2154 1079 2156
f 2156 1079 2157
f 2153 1080 2154
f 2154 1080 1079
f 2151 1065 2153
f 2153 1065 1080
f 1162 1121 2150
f 2150 1121 2151
f 2151 1121 1065
f 1162 2150 2147
f 1120 1160 2225
f 2225 1160 2149
f 2149 1160 2147
f 1199 1204 1752
f 1752 1204 1719
f 1753 1199 1752
f 1198 1199 1754
f 1754 1199 1753
f 1755 1198 1754
f 1210 1209 1718
f 1718 1209 1755
f 1755 1209 1198
f 1717 1208 1210
f 1717 1210 1718
f 1208 1717 1756
f 1117 1756 1757
f 1768 904 2401
f 2534 1769 1770
f 2534 1770 2535
f 2535 1770 1771
f 2535 1771 2536
f 1744 2537 1743
f 1743 2537 2536
f 1743 2536 1771
f 231 2495 1724
f 1724 2495 2494
f 1724 2494 1772
f 1772 2494 2493
f 1772 2493 1773
f 1773 2493 2489
f 1773 2489 1774
f 1774 2489 2490
f 1774 2490 1775
f 1775 2490 2484
f 1775 2484 1776
f 1776 2484 2485
f 1776 2485 1777
f 1777 2485 2487
f 1777 2487 1778
f 1778 2487 2481
f 1778 2481 1779
f 1779 2481 2482
f 1779 2482 1780
f 1780 2482 2480
f 1780 2480 1720
f 1720 2480 2113
f 2113 2480 895
f 2113 895 2478
f 2114 2475 897
f 2114 897 2115
f 2115 897 1742
f 1742 897 2473
f 1742 2473 1781
f 1781 2473 2471
f 1781 2471 1782
f 1782 2471 2470
f 1782 2470 1783
f 1783 2470 2468
f 1783 2468 1784
f 1784 2468 2466
f 1784 2466 1785
f 1785 2466 898
f 1785 898 1786
f 1786 898 2465
f 1786 2465 1787
f 1787 2465 899
f 1787 899 1788
f 1788 899 2462
f 1788 2462 1789
f 1789 2462 900
f 1789 900 1790
f 1790 900 901
f 1790 901 1791
f 1791 901 2459
f 1791 2459 1792
f 1792 2459 2457
f 1792 2457 1793
f 1793 2457 1794
f 1794 2457 902
f 1794 902 1795
f 1795 902 2456
f 1795 2456 1796
f 1796 2456 903
f 1796 903 1797
f 1797 903 2453
f 1797 2453 1768
f 1768 2453 904
f 2533 1798 1769
f 2533 1769 2534
f 2532 1799 1798
f 2532 1798 2533
f 2531 1800 1799
f 2531 1799 2532
f 2530 1801 1800
f 2530 1800 2531
f 2529 1802 1801
f 2529 1801 2530
f 1802 2529 2528
f 1802 2528 1803
f 1803 2528 2527
f 1803 2527 1804
f 2527 894 1804
f 1804 894 2251
f 1804 2251 1805
f 1805 2251 2252
f 1805 2252 1806
f 1806 2252 2253
f 1806 2253 1807
f 1807 2253 2255
f 1807 2255 1808
f 1808 2255 2256
f 1808 2256 1809
f 1809 2256 2258
f 1809 2258 1810
f 1810 2258 2259
f 1810 2259 1811
f 1811 2259 2261
f 1811 2261 1812
f 1812 2261 2263
f 1812 2263 1813
f 1813 2263 2264
f 1813 2264 1814
f 1814 2264 2266
f 1814 2266 1815
f 1815 2266 2267
f 1815 2267 1816
f 1816 2267 2268
f 1816 2268 1817
f 1817 2268 2270
f 1817 2270 1818
f 1818 2270 2272
f 1818 2272 1819
f 1819 2272 2273
f 1819 2273 1820
f 1820 2273 2275
f 1820 2275 1821
f 1821 2275 2277
f 1821 2277 1721
f 1721 2277 2278
f 1721 2278 2092
f 2092 2278 2093
f 2093 2278 2280
f 2893 2247 2245
f 2893 2245 1740
f 1740 2245 2282
f 1740 2282 1822
f 1822 2282 2284
f 1822 2284 1823
f 1823 2284 2285
f 1823 2285 1824
f 1824 2285 2287
f 1824 2287 1825
f 1825 2287 2288
f 1825 2288 1826
f 1826 2288 2290
f 1826 2290 1827
f 1827 2290 2291
f 1827 2291 1828
f 1828 2291 2293
f 1828 2293 1829
f 1829 2293 2294
f 1829 2294 1830
f 2342 304 1722
f 2342 1722 1830
f 2342 1830 2337
f 2337 1830 2294
f 1831 2892 2094
f 2092 1831 1832
f 1833 1831 2094
f 2099 1833 2094
f 2103 1834 2099
f 2099 1834 1833
f 2102 1834 2103
f 2102 1837 1834
f 2101 1837 2102
f 1837 2101 1838
f 2108 1838 2101
f 1839 1838 2108
f 2106 1839 2108
f 1839 2106 1840
f 2110 1840 2106
f 2110 1841 1840
f 2109 1841 2110
f 2107 1836 2109
f 1836 1841 2109
f 2107 1842 1836
f 2105 1842 2107
f 2104 1835 2105
f 1835 1842 2105
f 1843 1835 2104
f 2100 1843 2104
f 2098 1844 2100
f 2100 1844 1843
f 2894 1845 2895
f 2098 1845 1844
f 2893 1741 1845
f 2095 1845 2097
f 1846 2963 2801
f 1846 2801 1847
f 2697 1847 2801
f 2800 2964 2799
f 2799 2964 1850
f 1848 2794 2795
f 1848 2795 2809
f 2796 2809 2795
f 2794 1848 2793
f 1848 1849 2790
f 1848 2790 2793
f 2798 2791 1851
f 1851 2791 1850
f 1850 2791 2799
f 2809 2797 2792
f 2809 2792 1852
f 2792 2798 1852
f 1852 2798 1851
f 2809 2796 2797
f 1849 1854 2789
f 1849 2789 2790
f 2788 2787 1855
f 1855 2787 1854
f 1854 2787 2789
f 1874 2695 2707
f 1874 2707 1856
f 1856 2707 2706
f 2705 1856 2706
f 2704 1857 2705
f 2705 1857 1856
f 2703 1857 2704
f 2702 1858 2703
f 2703 1858 1857
f 2701 1858 2702
f 2700 1859 2701
f 2701 1859 1858
f 2699 1859 2700
f 2727 1860 2699
f 2699 1860 1859
f 2726 1860 2727
f 2725 1861 2726
f 2726 1861 1860
f 2754 1861 2725
f 2755 1862 2754
f 2754 1862 1861
f 2756 1862 2755
f 2757 1863 2756
f 2756 1863 1862
f 2758 1863 2757
f 2759 1864 2758
f 2758 1864 1863
f 2760 1864 2759
f 2761 1865 2760
f 2760 1865 1864
f 2762 1865 2761
f 2763 1865 2762
f 2764 1866 2763
f 2763 1866 1865
f 2765 1866 2764
f 2766 1867 2765
f 2765 1867 1866
f 2767 1867 2766
f 2768 1868 2767
f 2767 1868 1867
f 2769 1868 2768
f 2770 1869 2769
f 2769 1869 1868
f 2771 1869 2770
f 2772 1870 2771
f 2771 1870 1869
f 2773 1870 2772
f 2774 1871 2773
f 2773 1871 1870
f 2775 1871 2774
f 2776 1872 2775
f 2775 1872 1871
f 2777 1872 2776
f 2788 1855 2677
f 2677 1855 2777
f 2777 1855 1872
f 1873 2891 2089
f 1873 2089 1874
f 2695 1874 2089
f 2088 2965 2087
f 2087 2965 1877
f 2084 2837 1875
f 1875 2082 2083
f 2084 1875 2083
f 2082 1875 2081
f 2081 1875 1876
f 2078 1876 1880
f 1876 2078 2081
f 2086 2079 1878
f 1878 2079 1877
f 1877 2079 2087
f 2837 2085 2080
f 2837 2080 1879
f 2080 2086 1879
f 1879 2086 1878
f 2837 2084 2085
f 1880 1882 2077
f 1880 2077 2078
f 2890 2075 1882
f 1882 2075 2077
f 2204 2206 2148
f 2148 2214 2204
f 31 2218 2215
f 31 2215 2214
f 32 560 31
f 31 560 2218
f 2210 560 33
f 1883 1929 2962
f 1929 1883 2212
f 33 2212 2210
f 1885 1884 1886
f 62 1887 1888
f 62 1888 1884
f 61 1889 62
f 62 1889 1887
f 1890 1889 60
f 1891 1911 2900
f 1911 1891 1892
f 60 1892 1890
f 2803 2806 2802
f 43 2808 2807
f 43 2807 2806
f 42 1853 43
f 43 1853 2808
f 2804 1853 97
f 2811 2810 2805
f 97 2805 2804
f 2830 2833 2829
f 81 2835 2834
f 81 2834 2833
f 81 1881 2835
f 2831 1881 80
f 2832 2831 80
f 2076 2838 2202
f 2202 2838 2836
f 80 2836 2832
f 43 2806 2803
f 43 2803 44
f 44 2803 1893
f 44 1893 1894
f 44 1894 45
f 45 1894 1895
f 45 1895 46
f 46 1895 1896
f 46 1896 47
f 47 1896 1897
f 47 1897 48
f 48 1897 1898
f 48 1898 49
f 49 1898 1899
f 49 1899 50
f 50 1899 1900
f 50 1900 51
f 51 1900 1901
f 51 1901 52
f 52 1901 1902
f 52 1902 53
f 53 1902 1903
f 53 1903 54
f 54 1903 1904
f 54 1904 55
f 55 1904 1905
f 55 1905 1906
f 55 1906 56
f 56 1906 1907
f 56 1907 57
f 57 1907 1908
f 57 1908 1909
f 57 1909 58
f 58 1909 1910
f 58 1910 59
f 59 1910 1911
f 59 1911 60
f 60 1911 1892
f 62 1884 1885
f 62 1885 63
f 63 1885 1912
f 63 1912 1913
f 63 1913 64
f 64 1913 1914
f 64 1914 65
f 65 1914 1915
f 65 1915 66
f 66 1915 1916
f 66 1916 67
f 67 1916 1917
f 67 1917 68
f 68 1917 1918
f 68 1918 69
f 69 1918 1919
f 69 1919 1920
f 69 1920 70
f 70 1920 1921
f 70 1921 41
f 41 1921 1922
f 41 1922 40
f 40 1922 1923
f 40 1923 39
f 39 1923 1924
f 39 1924 38
f 38 1924 1925
f 38 1925 37
f 37 1925 1926
f 37 1926 36
f 36 1926 1927
f 36 1927 35
f 35 1927 1928
f 35 1928 34
f 34 1928 1929
f 34 1929 33
f 33 1929 2212
f 31 2214 2148
f 31 2148 30
f 30 2148 2152
f 30 2152 2155
f 30 2155 29
f 29 2155 2158
f 29 2158 28
f 28 2158 2161
f 28 2161 27
f 27 2161 2164
f 27 2164 26
f 26 2164 2167
f 26 2167 25
f 25 2167 2170
f 25 2170 24
f 24 2170 2173
f 24 2173 23
f 23 2173 2176
f 23 2176 71
f 71 2176 2178
f 71 2178 72
f 72 2178 2181
f 72 2181 73
f 73 2181 2184
f 73 2184 74
f 74 2184 2187
f 74 2187 75
f 75 2187 2190
f 75 2190 76
f 76 2190 2193
f 76 2193 77
f 77 2193 2196
f 77 2196 78
f 78 2196 2199
f 78 2199 79
f 79 2199 2202
f 79 2202 80
f 80 2202 2836
f 81 2833 2830
f 81 2830 82
f 82 2830 2812
f 82 2812 83
f 83 2812 2813
f 83 2813 84
f 84 2813 2814
f 84 2814 85
f 85 2814 2815
f 85 2815 86
f 86 2815 2816
f 86 2816 87
f 87 2816 2817
f 87 2817 2818
f 87 2818 88
f 88 2818 2819
f 88 2819 89
f 89 2819 2820
f 89 2820 90
f 90 2820 2821
f 90 2821 91
f 91 2821 2822
f 91 2822 92
f 92 2822 2823
f 92 2823 93
f 93 2823 2824
f 93 2824 94
f 94 2824 2825
f 94 2825 2826
f 94 2826 95
f 95 2826 2827
f 95 2827 96
f 96 2827 2828
f 96 2828 97
f 97 2828 2811
f 97 2811 2805
f 1847 2697 2696
f 1847 2696 2849
f 2849 2696 2778
f 2849 2778 2850
f 2850 2778 2779
f 2850 2779 2780
f 2850 2780 2851
f 2851 2780 2781
f 2851 2781 2782
f 2851 2782 2852
f 2852 2782 2783
f 2852 2783 2784
f 2852 2784 2853
f 2853 2784 2785
f 2853 2785 2786
f 2853 2786 2854
f 2854 2786 2678
f 2854 2678 2679
f 2854 2679 2855
f 2855 2679 2694
f 2855 2694 2693
f 2855 2693 2856
f 2856 2693 2692
f 2856 2692 2691
f 2856 2691 2857
f 2857 2691 2690
f 2857 2690 2688
f 2857 2688 2689
f 2857 2689 2858
f 2858 2689 2687
f 2686 2685 2859
f 2686 2859 2687
f 2687 2859 2858
f 2684 2682 2860
f 2684 2860 2685
f 2685 2860 2859
f 2683 2681 2861
f 2683 2861 2682
f 2682 2861 2860
f 2680 2728 2863
f 2863 2862 2680
f 2680 2862 2681
f 2681 2862 2861
f 2729 2730 2864
f 2864 2863 2729
f 2729 2863 2728
f 2731 2732 2865
f 2865 2864 2731
f 2731 2864 2730
f 2733 2734 2866
f 2866 2865 2733
f 2733 2865 2732
f 2735 2736 2867
f 2867 2866 2735
f 2735 2866 2734
f 2133 2867 2676
f 2676 2867 2736
f 2133 2132 2847
f 2847 2132 2134
f 2848 2847 2134
f 2848 2134 2135
f 2846 2138 2139
f 2846 2139 2845
f 2140 2845 2139
f 2138 2846 2137
f 2846 2848 2135
f 2846 2135 2137
f 2143 2136 2844
f 2844 2136 2840
f 2840 2136 2144
f 2845 2141 2142
f 2845 2142 2843
f 2142 2143 2843
f 2843 2143 2844
f 2845 2140 2141
f 2901 2966 2144
f 2144 2966 2840
f 2145 2146 2842
f 2842 2146 2841
f 2698 2841 2146
f 2737 2868 2698
f 2698 2868 2841
f 2738 2739 2869
f 2738 2869 2737
f 2737 2869 2868
f 2740 2741 2870
f 2740 2870 2739
f 2739 2870 2869
f 2742 2743 2871
f 2742 2871 2741
f 2741 2871 2870
f 2744 2745 2872
f 2744 2872 2743
f 2743 2872 2871
f 2746 2747 2873
f 2746 2873 2745
f 2745 2873 2872
f 2748 2749 2874
f 2748 2874 2747
f 2747 2874 2873
f 2750 2751 2875
f 2750 2875 2749
f 2749 2875 2874
f 2752 2753 2876
f 2752 2876 2751
f 2751 2876 2875
f 2724 2723 2877
f 2724 2877 2753
f 2753 2877 2876
f 2722 2721 2878
f 2722 2878 2723
f 2723 2878 2877
f 2720 2719 2879
f 2720 2879 2721
f 2721 2879 2878
f 2718 2717 2880
f 2718 2880 2719
f 2719 2880 2879
f 2716 2715 2881
f 2716 2881 2717
f 2717 2881 2880
f 2714 2713 2882
f 2714 2882 2715
f 2715 2882 2881
f 2712 2673 2883
f 2712 2883 2713
f 2713 2883 2882
f 2674 2711 2884
f 2674 2884 2673
f 2673 2884 2883
f 2710 2709 2885
f 2710 2885 2711
f 2711 2885 2884
f 2675 2885 2708
f 2708 2885 2709
f 2675 2243 2839
f 2839 2243 2244
f 550 2839 2244
f 550 2244 559

