# https://github.com/mikedh/trimesh

o right_adapter_flange_link
v 0.02000000 -0.02060000 -0.03500000
v 0.02000000 -0.01903192 -0.04288328
v 0.01950000 -0.02010000 -0.03500000
v 0.01950000 -0.01856998 -0.04269194
v 0.02000000 -0.01456640 -0.04956640
v 0.01950000 -0.01421285 -0.04921285
v 0.02000000 -0.00788328 -0.05403192
v 0.01950000 -0.00769194 -0.05356998
v 0.02000000 0.00000000 -0.05560000
v 0.01950000 0.00000000 -0.05510000
v 0.02000000 0.00788328 -0.05403192
v 0.01950000 0.00769194 -0.05356998
v 0.02000000 0.01456640 -0.04956640
v 0.01950000 0.01421285 -0.04921285
v 0.02000000 0.01903192 -0.04288328
v 0.01950000 0.01856998 -0.04269194
v 0.02000000 0.02060000 -0.03500000
v 0.01950000 0.02010000 -0.03500000
v 0.01950000 0.01982361 -0.03167818
v 0.01999974 0.02001484 -0.02983241
v 0.01950000 0.01900204 -0.02844772
v 0.01950000 0.01765789 -0.02539745
v 0.02000000 0.01802882 -0.02503398
v 0.01950000 0.03329868 -0.01577500
v 0.02000021 0.02634001 -0.00758839
v 0.02000000 0.03286567 -0.01602500
v 0.01950000 0.02718826 -0.00781175
v 0.01950000 0.03713985 -0.02504841
v 0.02000000 0.03665689 -0.02517782
v 0.01950000 0.03845000 -0.03500000
v 0.02000000 0.03795000 -0.03500000
v 0.01950000 0.03656812 -0.04688171
v 0.02000000 0.03609259 -0.04672720
v 0.01950000 0.03110670 -0.05760035
v 0.02000000 0.03070220 -0.05730645
v 0.01950000 0.02260035 -0.06610671
v 0.02000000 0.02230645 -0.06570220
v 0.01950000 0.01188170 -0.07156812
v 0.02000000 0.01172720 -0.07109260
v 0.02000000 0.00000000 -0.07295000
v 0.01950000 0.00000000 -0.07345000
v 0.01950000 -0.01188170 -0.07156812
v 0.02000000 -0.01172719 -0.07109260
v 0.01950000 -0.02260035 -0.06610671
v 0.02000000 -0.02230645 -0.06570220
v 0.01950000 -0.03110670 -0.05760035
v 0.02000000 -0.03070220 -0.05730645
v 0.01950000 -0.03656812 -0.04688171
v 0.02000000 -0.03609259 -0.04672720
v 0.01950000 -0.03845000 -0.03500000
v 0.02000000 -0.03795000 -0.03500000
v 0.01950000 0.01979678 -0.01260230
v 0.02000000 0.02052079 -0.01296952
v 0.02000003 0.01996117 -0.01151239
v 0.01950372 0.01946547 -0.01123145
v 0.01950000 0.02111887 -0.02723833
v 0.02000000 0.01906391 -0.02401969
v 0.02000000 0.02067842 -0.02748980
v 0.01950000 0.01943248 -0.02365853
v 0.01950000 0.02215203 -0.03105820
v 0.02000000 0.02166709 -0.03118720
v 0.01950000 0.02250000 -0.03500000
v 0.02000000 0.02200000 -0.03500000
v 0.02000000 0.02032535 -0.04341904
v 0.01950000 0.02078729 -0.04361038
v 0.02000000 0.01555635 -0.05055635
v 0.01950000 0.01590990 -0.05090991
v 0.02000000 0.00841904 -0.05532535
v 0.01950000 0.00861038 -0.05578729
v 0.01950000 0.00000000 -0.05750000
v 0.02000000 0.00000000 -0.05700000
v 0.02000000 -0.00841904 -0.05532535
v 0.01950000 -0.00861038 -0.05578729
v 0.01950000 -0.01590990 -0.05090991
v 0.02000000 -0.01555635 -0.05055635
v 0.01950000 -0.02078729 -0.04361038
v 0.02000000 -0.02032535 -0.04341904
v 0.01950000 -0.02250000 -0.03500000
v 0.02000000 -0.02200000 -0.03500000
v -0.00250000 -0.03750000 0.00000000
v -0.00200000 -0.03657966 0.00556132
v -0.00200000 -0.03700000 0.00000000
v -0.00250000 -0.03707398 0.00563648
v -0.00200000 -0.03532820 0.01099629
v -0.00250000 -0.03580561 0.01114489
v -0.00199165 -0.03315782 0.01644159
v -0.00249994 -0.03355017 0.01677566
v -0.00199553 -0.02033708 -0.02528933
v -0.00250072 -0.02075725 -0.02456162
v -0.00250072 -0.02075725 -0.02456162
v -0.00200000 0.03804226 0.01236068
v -0.00250000 0.03950000 0.00000000
v -0.00250000 0.03756673 0.01220617
v -0.00200000 0.04000000 0.00000000
v -0.00200000 0.03236068 0.02351141
v -0.00250000 0.03195617 0.02321752
v -0.00200000 0.02351141 0.03236068
v -0.00250000 0.02321752 0.03195617
v -0.00200000 0.01236068 0.03804226
v -0.00250000 0.01220617 0.03756673
v -0.00250000 -0.00000000 0.03950000
v -0.00200000 -0.00000000 0.04000000
v -0.00200000 -0.01236068 0.03804226
v -0.00250000 -0.01220617 0.03756673
v -0.00200000 -0.02351141 0.03236068
v -0.00250000 -0.02321752 0.03195617
v -0.00200000 -0.03236068 0.02351141
v -0.00250000 -0.03195617 0.02321752
v -0.00200000 -0.03804226 0.01236068
v -0.00250000 -0.03756673 0.01220617
v -0.00200000 -0.04000000 0.00000000
v -0.00250000 -0.03950000 0.00000000
v -0.00200000 0.03314776 -0.02238809
v -0.00250001 0.02436927 -0.03118415
v -0.00250000 0.03273341 -0.02210824
v -0.00199953 0.02494212 -0.03131821
v -0.00200000 0.03824860 -0.01170662
v -0.00250000 0.03777049 -0.01156029
v 0.00000000 0.00350000 0.02500000
v 0.00000012 0.00296693 0.02302726
v 0.00050000 0.00300000 0.02500000
v 0.00050000 0.00277164 0.02385195
v 0.00050000 0.00212132 0.02287868
v 0.00000050 0.00066970 0.02163321
v 0.00050000 0.00114805 0.02222836
v 0.00050000 0.00000000 0.02200000
v 0.00000000 -0.00133939 0.02176642
v 0.00050000 -0.00114805 0.02222836
v 0.00000012 -0.00295797 0.02301385
v 0.00050000 -0.00212132 0.02287868
v 0.00050000 -0.00277164 0.02385195
v 0.00000010 -0.00349605 0.02568719
v 0.00050000 -0.00300000 0.02500000
v 0.00950000 -0.02367767 0.01767767
v 0.00900000 -0.02275901 0.01557291
v 0.00900000 -0.02317767 0.01767767
v 0.00950000 -0.02322095 0.01538157
v 0.00950000 -0.02192031 0.01343503
v 0.00900000 -0.02156676 0.01378858
v 0.00950000 -0.01997377 0.01213439
v 0.00900000 -0.01978243 0.01259633
v 0.00950000 -0.01767767 0.01167767
v 0.00900000 -0.01767767 0.01217767
v 0.00950000 -0.01538157 0.01213439
v 0.00900000 -0.01557291 0.01259633
v 0.00950000 -0.01343503 0.01343503
v 0.00900000 -0.01378858 0.01378858
v 0.00950000 -0.01213439 0.01538157
v 0.00900000 -0.01259633 0.01557291
v 0.00950000 -0.01167767 0.01767767
v 0.00900000 -0.01217767 0.01767767
v 0.00950000 0.01167767 0.01767767
v 0.00950000 0.01213439 0.01538157
v 0.00900000 0.01217767 0.01767767
v 0.00900000 0.01259633 0.01557291
v 0.00950000 0.01343503 0.01343503
v 0.00900000 0.01378858 0.01378858
v 0.00950000 0.01538157 0.01213439
v 0.00900000 0.01557291 0.01259633
v 0.00950000 0.01767767 0.01167767
v 0.00900000 0.01767767 0.01217767
v 0.00950000 0.01997377 0.01213439
v 0.00900000 0.01978243 0.01259633
v 0.00950000 0.02192031 0.01343503
v 0.00900000 0.02156676 0.01378858
v 0.00950000 0.02322095 0.01538157
v 0.00900000 0.02275901 0.01557291
v 0.00950000 0.02367767 0.01767767
v 0.00900000 0.02317767 0.01767767
v 0.00950000 -0.03756673 0.01220617
v 0.00900000 -0.04000000 -0.00000000
v 0.00950000 -0.03953138 -0.00051006
v 0.00900000 -0.03804226 0.01236068
v 0.00950000 -0.03195617 0.02321752
v 0.00900000 -0.03236068 0.02351141
v 0.00900000 -0.02351141 0.03236068
v 0.00950000 -0.02321752 0.03195617
v 0.00900000 -0.01236068 0.03804226
v 0.00950000 -0.01220617 0.03756673
v 0.00900000 0.00000000 0.04000000
v 0.00950000 0.00000000 0.03950000
v 0.00900000 0.01236068 0.03804226
v 0.00950000 0.01220617 0.03756673
v 0.00900000 0.02351141 0.03236068
v 0.00950000 0.02321752 0.03195617
v 0.00900000 0.03236068 0.02351141
v 0.00950000 0.03195617 0.02321752
v 0.00900000 0.03804226 0.01236068
v 0.00950000 0.03756673 0.01220617
v 0.00900000 0.04000000 -0.00000000
v 0.00949999 0.03953138 -0.00051006
v 0.00899987 -0.03999323 -0.00103389
v 0.00950000 0.03750000 -0.00000000
v 0.00900000 0.03657966 0.00556132
v 0.00900000 0.03700000 -0.00000000
v 0.00950000 0.03707398 0.00563648
v 0.00900000 0.03532820 0.01099629
v 0.00950000 0.03580561 0.01114489
v 0.00900000 0.03327405 0.01618141
v 0.00949991 0.03353522 0.01680258
v 0.00299998 -0.03001652 -0.03416985
v 0.00350058 -0.02928559 -0.03154372
v 0.00350000 -0.02944334 -0.03500000
v 0.00300003 -0.02968309 -0.03117865
v 0.01999980 0.03284060 -0.03378168
v 0.01950000 0.03250000 -0.03500000
v 0.01950000 0.03233331 -0.03410241
v 0.01950000 0.03185547 -0.03332452
v 0.01999995 0.03124979 -0.03222649
v 0.01950000 0.03113020 -0.03277006
v 0.01950000 0.03025422 -0.03251296
v 0.02000000 0.02979339 -0.03200712
v 0.01950000 0.02934434 -0.03258751
v 0.00049845 -0.02250450 -0.03376223
v 0.00000001 -0.02204479 -0.03471429
v 0.00050000 -0.02250000 -0.03500000
v 0.00050000 -0.02078729 -0.04361038
v -0.00000000 -0.02032535 -0.04341904
v 0.00050000 -0.01590990 -0.05090991
v -0.00000000 -0.01555635 -0.05055635
v 0.00050000 -0.00861038 -0.05578729
v -0.00000000 -0.00841904 -0.05532535
v 0.00050000 0.00000000 -0.05750000
v -0.00000000 -0.00000000 -0.05700000
v 0.00050000 0.00861038 -0.05578729
v -0.00000000 0.00841904 -0.05532535
v 0.00050000 0.01590990 -0.05090991
v -0.00000000 0.01555635 -0.05055635
v 0.00050000 0.02078729 -0.04361038
v -0.00000000 0.02032535 -0.04341904
v -0.00000000 0.02200000 -0.03500000
v 0.00050000 0.02250000 -0.03500000
v 0.00000019 0.02211921 -0.03300922
v 0.00050002 0.02250488 -0.03371166
v 0.00049083 0.02299685 -0.03276646
v -0.00200000 0.03700000 0.00000000
v -0.00200000 0.03657966 0.00556132
v -0.00200000 0.03532820 0.01099629
v -0.00199408 0.03315763 0.01644195
v -0.00000000 0.01799430 -0.04369911
v 0.00950000 0.01800869 -0.04377440
v -0.00000000 0.01782775 -0.04273464
v 0.00950000 0.01782775 -0.04273464
v -0.00000000 0.01739420 -0.04208579
v 0.00950000 0.01739420 -0.04208579
v -0.00000000 0.01674535 -0.04165224
v 0.00950000 0.01674535 -0.04165224
v 0.00950000 0.01597999 -0.04150000
v -0.00000000 0.01597999 -0.04150000
v 0.00500000 0.02250179 -0.03376131
v 0.00500013 0.02296267 -0.03280294
v 0.00500000 -0.02944334 -0.03500000
v 0.00500000 -0.02926021 -0.03140966
v 0.00500000 0.02250000 -0.03500000
v 0.00500000 0.02078729 -0.04361038
v 0.00500000 0.01590990 -0.05090991
v 0.00500000 0.00861038 -0.05578729
v 0.00500000 0.00000000 -0.05750000
v 0.00500000 0.00000000 -0.05750000
v 0.00500000 -0.00861038 -0.05578729
v 0.00500000 -0.01590990 -0.05090991
v 0.00500000 -0.02078729 -0.04361038
v 0.00500000 -0.02250000 -0.03500000
v 0.01950000 -0.01979678 -0.01260230
v 0.00950000 -0.01979678 -0.01260230
v 0.00950000 -0.01947013 -0.01133357
v 0.01949542 -0.01946758 -0.01123432
v 0.00950000 0.01000000 -0.06050000
v 0.00950000 0.00977164 -0.05935195
v 0.00500000 0.01000000 -0.06050000
v 0.00500000 0.00977164 -0.05935195
v 0.00950000 0.00912132 -0.05837869
v 0.00500000 0.00912132 -0.05837869
v 0.00950000 0.00814805 -0.05772837
v 0.00500000 0.00814805 -0.05772837
v 0.00950000 0.00700000 -0.05750000
v 0.00500000 0.00700000 -0.05750000
v 0.01950000 -0.01943248 -0.02365853
v 0.00950000 -0.01943248 -0.02365853
v 0.00950000 -0.02111887 -0.02723833
v 0.01950000 -0.02111887 -0.02723833
v 0.01950000 -0.02215203 -0.03105820
v 0.00950000 -0.02215203 -0.03105820
v 0.00950000 -0.02250000 -0.03500000
v 0.00950000 -0.02078729 -0.04361038
v 0.00950000 -0.01590990 -0.05090991
v 0.00950000 -0.00861038 -0.05578729
v 0.00950000 0.00000000 -0.05750000
v 0.00950000 0.00861038 -0.05578729
v 0.00950000 0.01590990 -0.05090991
v 0.00950000 0.02078729 -0.04361038
v 0.00950000 0.02250000 -0.03500000
v 0.00950020 0.02743261 -0.03500000
v 0.00799998 0.02749307 -0.03547753
v 0.00949998 0.02826049 -0.03684776
v 0.00949998 0.02826049 -0.03684776
v 0.00799979 0.02858744 -0.03711234
v 0.00950000 0.02934434 -0.03741249
v 0.00800000 0.03000000 -0.03750000
v 0.01950000 0.02934434 -0.03741249
v 0.01950000 0.03025422 -0.03748704
v 0.00800000 0.03095671 -0.03730970
v 0.00800000 0.03095671 -0.03730970
v 0.01950000 0.03113020 -0.03722994
v 0.01950000 0.03113020 -0.03722994
v 0.00800000 0.03176777 -0.03676777
v 0.01950000 0.03185547 -0.03667548
v 0.01950000 0.03185547 -0.03667548
v 0.00800000 0.03230970 -0.03595671
v 0.01950000 0.03233331 -0.03589759
v 0.00800000 0.03250000 -0.03500000
v 0.02000000 -0.03473848 -0.02640255
v 0.00850000 -0.03473296 -0.02613545
v 0.00850000 -0.03460736 -0.02676688
v 0.02000000 -0.03406473 -0.02749494
v 0.00847453 -0.03425637 -0.02729567
v 0.00850000 -0.03371439 -0.02765985
v 0.02000000 -0.03281587 -0.02779097
v 0.00848060 -0.03308264 -0.02778523
v 0.00850000 -0.03245153 -0.02765985
v 0.02000000 -0.03191623 -0.02730218
v 0.00847417 -0.03190779 -0.02729268
v 0.00850000 -0.03155856 -0.02676688
v 0.02000000 -0.03144833 -0.02646060
v 0.00850000 -0.03143296 -0.02613545
v 0.00750858 -0.03308296 -0.02613545
v 0.02000000 -0.02586841 -0.05921841
v 0.02000000 -0.02564569 -0.06009872
v 0.00850000 -0.02586841 -0.05921841
v 0.00850000 -0.02574281 -0.05984984
v 0.00847453 -0.02539182 -0.06037863
v 0.02000000 -0.02460517 -0.06085012
v 0.00850000 -0.02484984 -0.06074281
v 0.00848060 -0.02421809 -0.06086819
v 0.02000000 -0.02358698 -0.06074281
v 0.02000000 -0.02358698 -0.06074281
v 0.00850000 -0.02358698 -0.06074281
v 0.02000000 -0.02305168 -0.06038513
v 0.02000000 -0.02305168 -0.06038513
v 0.00847416 -0.02304324 -0.06037564
v 0.00850000 -0.02269401 -0.05984984
v 0.02000000 -0.02258378 -0.05954356
v 0.00850000 -0.02256841 -0.05921841
v 0.00750858 -0.02421841 -0.05921841
v 0.02000000 0.00720903 -0.06835006
v 0.00850000 0.00721455 -0.06808297
v 0.00850000 0.00734015 -0.06871439
v 0.02000000 0.00769783 -0.06924969
v 0.00847453 0.00769115 -0.06924319
v 0.02000000 0.00847777 -0.06971467
v 0.00850000 0.00823313 -0.06960736
v 0.00848060 0.00886487 -0.06973274
v 0.02000000 0.00949598 -0.06960736
v 0.02000000 0.00949598 -0.06960736
v 0.00850000 0.00949598 -0.06960736
v 0.02000000 0.01003128 -0.06924969
v 0.00847416 0.01003973 -0.06924020
v 0.00850000 0.01038895 -0.06871439
v 0.02000000 0.01049918 -0.06840810
v 0.00850000 0.01051455 -0.06808297
v 0.00750858 0.00886455 -0.06808297
v 0.02000000 0.03143296 -0.04386455
v 0.02000000 0.03165567 -0.04474486
v 0.00850000 0.03143296 -0.04386455
v 0.00850000 0.03155856 -0.04449598
v 0.00847453 0.03190956 -0.04502477
v 0.02000000 0.03269618 -0.04549627
v 0.00850000 0.03245153 -0.04538896
v 0.00848060 0.03308328 -0.04551433
v 0.02000000 0.03371439 -0.04538896
v 0.02000000 0.03371439 -0.04538896
v 0.00850000 0.03371439 -0.04538896
v 0.02000000 0.03424969 -0.04503128
v 0.00847416 0.03425813 -0.04502179
v 0.00850000 0.03460736 -0.04449598
v 0.02000000 0.03471759 -0.04418970
v 0.00850000 0.03473296 -0.04386455
v 0.00750858 0.03308296 -0.04386455
v 0.02000000 0.02256289 -0.01104869
v 0.00850000 0.02256841 -0.01078159
v 0.00850000 0.02269401 -0.01141302
v 0.02000000 0.02323665 -0.01214109
v 0.00847453 0.02304500 -0.01194181
v 0.00850000 0.02358698 -0.01230599
v 0.02000000 0.02448550 -0.01243711
v 0.00848060 0.02421873 -0.01243137
v 0.00850000 0.02484984 -0.01230599
v 0.02000000 0.02538514 -0.01194832
v 0.00847416 0.02539358 -0.01193883
v 0.00850000 0.02574281 -0.01141302
v 0.02000000 0.02585304 -0.01110674
v 0.00850000 0.02586841 -0.01078159
v 0.00750858 0.02421841 -0.01078159
v 0.00300000 -0.02097767 -0.01767767
v 0.00300000 -0.02072647 -0.01894053
v 0.00000000 -0.02097767 -0.01767767
v 0.00000000 -0.02072647 -0.01894053
v 0.00300000 -0.02001112 -0.02001112
v -0.00000000 -0.02001112 -0.02001112
v 0.00300000 -0.01894053 -0.02072647
v -0.00000000 -0.01894053 -0.02072647
v 0.00300000 -0.01767767 -0.02097767
v -0.00000000 -0.01767767 -0.02097767
v -0.00000000 -0.01641482 -0.02072647
v 0.00300000 -0.01641482 -0.02072647
v 0.00300000 -0.01534422 -0.02001112
v -0.00000000 -0.01534422 -0.02001112
v 0.00300000 -0.01462887 -0.01894053
v -0.00000000 -0.01462887 -0.01894053
v 0.00300000 -0.01437767 -0.01767767
v -0.00000000 -0.01437767 -0.01767767
v 0.00950000 0.01217767 -0.01767767
v 0.00950000 0.01259633 -0.01978243
v 0.00300000 0.01217767 -0.01767767
v 0.00300000 0.01259633 -0.01978243
v 0.00950000 0.01378858 -0.02156676
v 0.00300000 0.01378858 -0.02156676
v 0.00300000 0.01557291 -0.02275901
v 0.00950000 0.01557291 -0.02275901
v 0.00950000 0.01767767 -0.02317767
v 0.00300000 0.01767767 -0.02317767
v 0.00950000 0.01978243 -0.02275901
v 0.00300000 0.01978243 -0.02275901
v 0.00950000 0.02156676 -0.02156676
v 0.00300000 0.02156676 -0.02156676
v 0.00300000 0.02275901 -0.01978243
v 0.00950000 0.02275901 -0.01978243
v 0.00949996 0.02319228 -0.01759945
v 0.00300000 0.02317767 -0.01767767
v 0.00300000 0.01437767 -0.01767767
v 0.00300000 0.01462887 -0.01894053
v -0.00000000 0.01437767 -0.01767767
v -0.00000000 0.01462887 -0.01894053
v 0.00300000 0.01534422 -0.02001112
v -0.00000000 0.01534422 -0.02001112
v 0.00300000 0.01641482 -0.02072647
v -0.00000000 0.01641482 -0.02072647
v 0.00300000 0.01767767 -0.02097767
v -0.00000000 0.01767767 -0.02097767
v -0.00000000 0.01894053 -0.02072647
v 0.00300000 0.01894053 -0.02072647
v 0.00300000 0.02001112 -0.02001112
v -0.00000000 0.02001112 -0.02001112
v 0.00300000 0.02072647 -0.01894053
v -0.00000000 0.02072647 -0.01894053
v 0.00300000 0.02097767 -0.01767767
v -0.00000000 0.02097767 -0.01767767
v 0.00300000 0.01217767 0.01767767
v 0.00300000 0.01259633 0.01557291
v 0.00300000 0.01378858 0.01378858
v 0.00300000 0.01557291 0.01259633
v 0.00300000 0.01767767 0.01217767
v 0.00300000 0.01978243 0.01259633
v 0.00300000 0.02156676 0.01378858
v 0.00300000 0.02275901 0.01557291
v 0.00300000 0.02317767 0.01767767
v 0.00300000 0.01437767 0.01767767
v 0.00300000 0.01462887 0.01641482
v 0.00000000 0.01437767 0.01767767
v 0.00000000 0.01462887 0.01641482
v 0.00300000 0.01534422 0.01534422
v -0.00000000 0.01534422 0.01534422
v 0.00300000 0.01641482 0.01462887
v -0.00000000 0.01641482 0.01462887
v 0.00300000 0.01767767 0.01437767
v -0.00000000 0.01767767 0.01437767
v -0.00000000 0.01894053 0.01462887
v 0.00300000 0.01894053 0.01462887
v 0.00300000 0.02001112 0.01534422
v -0.00000000 0.02001112 0.01534422
v 0.00300000 0.02072647 0.01641482
v -0.00000000 0.02072647 0.01641482
v 0.00300000 0.02097767 0.01767767
v -0.00000000 0.02097767 0.01767767
v 0.00600000 0.00300000 0.02500000
v 0.00600000 0.00277164 0.02385195
v 0.00600000 0.00212132 0.02287868
v 0.00600000 0.00114805 0.02222836
v 0.00600000 0.00000000 0.02200000
v 0.00600000 -0.00114805 0.02222836
v 0.00600000 -0.00212132 0.02287868
v 0.00600000 -0.00277164 0.02385195
v 0.00600000 -0.00300000 0.02500000
v 0.00950000 -0.01073524 0.00031677
v 0.00370000 -0.01070887 -0.00018753
v 0.00950000 -0.01080798 -0.00042681
v 0.00370000 -0.01122031 -0.00078841
v 0.00950000 -0.01145669 -0.00083543
v 0.00370000 -0.01212136 -0.00056011
v 0.00950000 -0.01228210 -0.00032396
v 0.00370000 -0.01225526 0.00035972
v 0.00950000 0.01226476 0.00031677
v 0.00370000 0.01234654 -0.00000000
v 0.00950000 0.01217829 -0.00045076
v 0.00370000 0.01194894 -0.00067189
v 0.00950000 0.01154331 -0.00083543
v 0.00370000 0.01122031 -0.00078841
v 0.00950000 0.01084085 -0.00047601
v 0.00370000 0.01066457 -0.00004331
v 0.00950000 0.01071159 0.00027969
v 0.00300000 -0.02317767 0.01767767
v 0.00300000 -0.02275901 0.01557291
v 0.00300000 -0.02156676 0.01378858
v 0.00300000 -0.01978243 0.01259633
v 0.00300000 -0.01767767 0.01217767
v 0.00300000 -0.01557291 0.01259633
v 0.00300000 -0.01378858 0.01378858
v 0.00300000 -0.01259633 0.01557291
v 0.00300000 -0.01217767 0.01767767
v 0.00300000 -0.02097767 0.01767767
v 0.00300000 -0.02072647 0.01641482
v 0.00000000 -0.02097767 0.01767767
v 0.00000000 -0.02072647 0.01641482
v 0.00300000 -0.02001112 0.01534422
v 0.00000000 -0.02001112 0.01534422
v 0.00300000 -0.01894053 0.01462887
v 0.00000000 -0.01894053 0.01462887
v 0.00300000 -0.01767767 0.01437767
v 0.00000000 -0.01767767 0.01437767
v 0.00000000 -0.01641482 0.01462887
v 0.00300000 -0.01641482 0.01462887
v 0.00300000 -0.01534422 0.01534422
v 0.00000000 -0.01534422 0.01534422
v 0.00300000 -0.01462887 0.01641482
v 0.00000000 -0.01462887 0.01641482
v 0.00300000 -0.01437767 0.01767767
v 0.00000000 -0.01437767 0.01767767
v 0.00950000 -0.02010000 -0.03500000
v 0.00950000 -0.01983373 -0.03826084
v 0.00950000 -0.01774573 -0.04443923
v -0.00000000 -0.01327320 -0.05009411
v -0.00000000 -0.01327320 -0.05009411
v -0.00000000 -0.01774573 -0.04443923
v 0.00950000 -0.01904199 -0.04143528
v -0.00000000 -0.00709290 -0.05380694
v -0.00000000 -0.00709290 -0.05380694
v -0.00000000 -0.00000000 -0.05510000
v -0.00000000 0.00709290 -0.05380694
v -0.00000000 0.01327320 -0.05009411
v -0.00000000 0.01327320 -0.05009411
v 0.00950000 0.01774573 -0.04443923
v -0.00000000 0.01774573 -0.04443923
v 0.00950000 0.01904199 -0.04143528
v 0.00950000 0.01983373 -0.03826084
v 0.00950000 0.01983373 -0.03826084
v 0.00950000 0.02010000 -0.03500000
v 0.00950000 0.01982361 -0.03167818
v 0.00950000 0.01900204 -0.02844772
v 0.00950000 0.01765789 -0.02539745
v -0.00000000 0.01065990 -0.03516711
v 0.00530000 0.01069670 -0.03484021
v 0.00530000 0.01091468 -0.03558532
v -0.00000000 0.01161914 -0.03586035
v 0.00530000 0.01182395 -0.03578210
v -0.00000000 0.01230330 -0.03515979
v 0.00530000 0.01234045 -0.03478084
v -0.00000000 -0.01226476 -0.03468323
v 0.00530000 -0.01230330 -0.03484021
v -0.00000000 -0.01217829 -0.03545076
v 0.00530000 -0.01208532 -0.03558532
v -0.00000000 -0.01150000 -0.03584654
v 0.00530000 -0.01117605 -0.03578210
v -0.00000000 -0.01080798 -0.03542681
v 0.00530000 -0.01065955 -0.03478084
v -0.00000000 -0.01073524 -0.03468323
v 0.00351359 -0.02633796 -0.03013618
v 0.00500012 -0.02298076 -0.03278919
v 0.00500000 -0.02668083 -0.02997466
v 0.00049141 -0.02295589 -0.03280203
v 0.00300000 -0.02706930 -0.02944916
v 0.00050103 -0.02494755 -0.03130743
v -0.00200000 -0.03314776 -0.02238809
v -0.00200302 -0.02494293 -0.03131745
v 0.00300000 -0.03257418 -0.02321472
v 0.00300000 -0.03667079 -0.01597665
v -0.00200000 -0.03824860 -0.01170662
v 0.00300000 -0.03918204 -0.00804786
v 0.00350000 -0.03996076 -0.00177143
v 0.00949998 -0.02319201 -0.01759613
v 0.00950000 -0.02275901 -0.01978243
v 0.00300000 -0.02317767 -0.01767767
v 0.00300000 -0.02275901 -0.01978243
v 0.00950000 -0.02156676 -0.02156676
v 0.00300000 -0.02156676 -0.02156676
v 0.00300000 -0.01978243 -0.02275901
v 0.00950000 -0.01978243 -0.02275901
v 0.00950000 -0.01767767 -0.02317767
v 0.00300000 -0.01767767 -0.02317767
v 0.00950000 -0.01557291 -0.02275901
v 0.00300000 -0.01557291 -0.02275901
v 0.00950000 -0.01378858 -0.02156676
v 0.00300000 -0.01378858 -0.02156676
v 0.00300000 -0.01259633 -0.01978243
v 0.00950000 -0.01259633 -0.01978243
v 0.00950000 -0.01217767 -0.01767767
v 0.00300000 -0.01217767 -0.01767767
v 0.00049906 0.02198933 -0.00341867
v 0.00899184 0.02200859 -0.00342753
v 0.00899379 0.02485725 -0.00564655
v 0.00050000 0.02568429 -0.00638672
v 0.00900000 0.02718826 -0.00781175
v 0.00900047 0.03160061 -0.01305767
v 0.00950000 0.03220274 -0.01399081
v 0.00050000 0.02871099 -0.00942498
v 0.00950000 0.03503857 -0.01916646
v 0.00048449 0.03151039 -0.01294931
v 0.00950000 0.03704894 -0.02471513
v 0.00950000 0.03818648 -0.03050609
v 0.00903772 0.03845000 -0.03500000
v 0.00900000 0.03841228 -0.03670279
v 0.00350000 0.03612416 -0.04816996
v 0.00350000 0.03841228 -0.03670279
v 0.00350000 0.03049507 -0.05841909
v 0.00350000 0.02204561 -0.06650229
v 0.00350000 0.01155725 -0.07167196
v 0.00350000 0.00000000 -0.07345000
v 0.00350000 -0.01155725 -0.07167196
v 0.00350000 -0.02204561 -0.06650229
v 0.00350000 -0.03049507 -0.05841909
v 0.00350000 -0.03612416 -0.04816996
v 0.00900000 -0.03841228 -0.03670279
v 0.00903772 -0.03845000 -0.03500000
v 0.00350000 -0.03841228 -0.03670279
v 0.00530000 0.00701503 -0.03799861
v -0.00000000 0.00704163 -0.03799668
v -0.00000000 -0.00919201 -0.03799954
v 0.00530000 -0.00935565 -0.03799447
v 0.00370000 0.00701628 0.00299726
v 0.00950000 0.00704038 0.00299831
v 0.00370000 -0.00919201 0.00299954
v 0.00950000 -0.00935565 0.00299447
v -0.00000003 0.02742774 0.01593664
v -0.00000003 0.02742774 0.01593664
v 0.00000000 0.01964027 0.02462742
v -0.00200054 0.02691950 0.01647253
v -0.00200000 0.01964027 0.02462742
v -0.00200000 0.01040400 0.02973226
v 0.00000000 0.01040400 0.02973226
v -0.00200000 -0.00000000 0.03150000
v 0.00000000 0.00000000 0.03150000
v 0.00000000 -0.01040400 0.02973226
v -0.00200000 -0.01040400 0.02973226
v 0.00000000 -0.01964027 0.02462742
v -0.00200000 -0.01964027 0.02462742
v 0.00000001 -0.02689588 0.01650334
v -0.00199784 -0.02734257 0.01602462
v 0.00000001 -0.02856708 -0.01333203
v 0.00000000 -0.02638076 -0.01721353
v -0.00199462 -0.02868251 -0.01314517
v -0.00200000 -0.02638076 -0.01721353
v 0.00000000 -0.02390224 -0.02051665
v -0.00200000 -0.02390224 -0.02051665
v -0.00000001 -0.02069193 -0.02380342
v -0.00201035 -0.02057734 -0.02393981
v -0.00000000 -0.01800207 -0.04338360
v -0.00000000 -0.01747016 -0.04212824
v -0.00000000 -0.01631711 -0.04150118
v -0.00000059 -0.02376854 -0.03155009
v 0.00000009 -0.02279535 -0.03125819
v 0.00000009 -0.02279535 -0.03125819
v 0.00000013 -0.02228946 -0.03281702
v 0.00000013 -0.02228946 -0.03281702
v 0.00000013 -0.02228946 -0.03281702
v 0.00000013 -0.02228946 -0.03281702
v 0.00000001 -0.02202574 -0.03030652
v 0.00000001 -0.02202574 -0.03030652
v -0.00000000 -0.00998072 -0.03737488
v -0.00000000 -0.02134609 -0.02784836
v -0.00000001 -0.02029309 -0.02502539
v -0.00000000 -0.01150000 -0.03415347
v -0.00000000 -0.00998955 -0.03263747
v -0.00000002 -0.02667857 -0.00793334
v -0.00000005 -0.02956493 -0.01255519
v 0.00003791 -0.03064349 -0.01251024
v 0.00000000 -0.02072647 -0.01641482
v -0.00000000 -0.00919247 -0.03200078
v 0.00000000 -0.02001112 -0.01534422
v 0.00000000 -0.01894053 -0.01462887
v -0.00000000 0.00751411 -0.03721139
v -0.00000000 0.00841758 -0.03795014
v -0.00000000 0.00809496 -0.03732694
v 0.00000007 -0.02105583 -0.00324408
v 0.00000000 -0.01767767 -0.01437767
v -0.00000000 0.00999300 -0.03721335
v -0.00000000 0.00951743 -0.03789677
v -0.00000000 0.00998955 -0.03263747
v -0.00000000 0.01104497 -0.03431899
v -0.00000000 0.01197588 -0.03428780
v -0.00000000 0.01197588 -0.03428780
v -0.00000001 -0.01547580 -0.00419079
v 0.00000001 -0.01428775 -0.00499941
v 0.00000000 -0.01641482 -0.01462887
v -0.00000000 -0.01534422 -0.01534422
v -0.00000000 -0.01462887 -0.01641482
v 0.00001917 -0.02910949 0.01594932
v 0.00000001 -0.02800209 0.01582573
v 0.00000000 -0.02780235 0.01222415
v 0.00000016 -0.02117112 0.00635964
v 0.00000002 -0.01545653 0.00420127
v 0.00000001 -0.01428843 0.00499886
v 0.00000001 -0.01428843 0.00499886
v 0.00000009 0.02279535 -0.03125819
v 0.00000009 0.02279535 -0.03125819
v 0.00000000 0.02202863 -0.03030664
v 0.00000000 0.02202863 -0.03030664
v -0.00000059 0.02376854 -0.03155009
v -0.00000000 0.02134627 -0.02784888
v -0.00000000 0.02040294 -0.02548367
v 0.00000000 -0.02554017 0.00928535
v -0.00000000 0.00919193 -0.03200040
v -0.00000000 0.02054008 -0.02398965
v 0.00000000 -0.02072647 0.01894053
v -0.00000000 0.01462887 -0.01641482
v -0.00000000 0.02390224 -0.02051665
v 0.00000000 -0.01767767 0.02097767
v 0.00000000 -0.01641482 0.02072647
v 0.00000000 -0.01894053 0.02072647
v 0.00000000 -0.02001112 0.02001112
v 0.00000001 0.01428843 -0.00499886
v -0.00000000 0.01534422 -0.01534422
v -0.00000000 0.01641482 -0.01462887
v -0.00000000 0.02638076 -0.01721353
v -0.00000000 0.02072647 -0.01641482
v -0.00000000 0.01767767 -0.01437767
v -0.00000001 0.01547580 -0.00419079
v 0.00000001 0.02856607 -0.01333233
v -0.00000000 0.02001112 -0.01534422
v 0.00000010 0.02109511 -0.00327388
v -0.00000000 0.01894053 -0.01462887
v -0.00000002 0.02667857 -0.00793334
v -0.00000005 0.02956493 -0.01255519
v 0.00003792 0.03064351 -0.01251024
v 0.00000001 0.01545653 0.00420127
v 0.00000000 -0.01534422 0.02001112
v 0.00000000 -0.01462887 0.01894053
v 0.00000000 0.01428775 0.00499941
v 0.00000000 0.01428775 0.00499941
v 0.00000029 -0.00198962 0.02797767
v 0.00000029 -0.00198962 0.02797767
v 0.00000029 -0.00198962 0.02797767
v 0.00000012 0.02100514 0.00541636
v 0.00000012 0.02100514 0.00541636
v 0.00000002 0.02206151 0.00696364
v 0.00000002 0.02206151 0.00696364
v 0.00000081 0.00069017 0.02846974
v 0.00000019 0.00295792 0.02698612
v 0.00000019 0.00295792 0.02698612
v 0.00000019 0.00295792 0.02698612
v 0.00000000 0.01462887 0.01894053
v 0.00000000 0.01534422 0.02001112
v 0.00000000 0.01534422 0.02001112
v -0.00000000 0.02554017 0.00928535
v -0.00000000 0.02780235 0.01222415
v 0.00000000 0.01641482 0.02072647
v -0.00000000 0.02072647 0.01894053
v -0.00000000 0.02001112 0.02001112
v 0.00000000 0.01894053 0.02072647
v 0.00000000 0.01767767 0.02097767
v 0.00000424 0.02906840 0.01588454
v 0.00950000 -0.00757632 -0.05751403
v 0.00500000 -0.00700000 -0.05750000
v 0.00500000 -0.00805461 -0.05769148
v 0.00950000 -0.00897459 -0.05824146
v 0.00500000 -0.00897459 -0.05824146
v 0.00950000 -0.00964252 -0.05907975
v 0.00500000 -0.00964252 -0.05907975
v 0.00950000 -0.00997312 -0.06009934
v 0.00500000 -0.00997312 -0.06009934
v 0.00950000 -0.00992421 -0.06117007
v 0.00500000 -0.00992421 -0.06117007
v 0.00950000 -0.00950202 -0.06215527
v 0.00500000 -0.00950202 -0.06215527
v 0.00950000 -0.00876045 -0.06292916
v 0.00500035 -0.00848992 -0.06309175
v 0.00353799 -0.00735451 -0.06350055
v 0.00950000 -0.00779415 -0.06339298
v 0.01949868 -0.00756563 -0.06349538
v 0.00300000 -0.03009851 -0.05811455
v 0.00300000 -0.02381123 -0.05315568
v 0.00300000 -0.02175893 -0.06609263
v 0.00300000 -0.03565441 -0.04799869
v 0.00300000 -0.01674956 -0.05982047
v 0.00300000 -0.01140696 -0.07119509
v 0.00300000 -0.03791277 -0.03668064
v 0.00300000 -0.02836892 -0.04458164
v 0.00300000 -0.00759197 -0.06400544
v 0.00300000 0.00000000 -0.07295000
v 0.00300000 0.00766900 -0.06399633
v 0.00300000 0.01140696 -0.07119509
v 0.00300019 -0.02848027 -0.02970408
v 0.00300019 -0.02848027 -0.02970408
v 0.00300000 0.01743606 -0.05934311
v 0.00300000 0.02175893 -0.06609263
v 0.00300000 0.03009851 -0.05811455
v 0.00300000 0.02478759 -0.05179819
v 0.00300000 0.03565441 -0.04799869
v 0.00300000 0.02907120 -0.04217417
v 0.00300000 0.03791277 -0.03668064
v 0.00300001 0.02977138 -0.03120441
v 0.00300001 0.02977138 -0.03120441
v 0.00300000 0.03257418 -0.02321472
v 0.00300000 0.03257418 -0.02321472
v 0.00300000 0.03257418 -0.02321472
v 0.00300018 0.02848027 -0.02970408
v 0.00300018 0.02848027 -0.02970408
v 0.00300000 0.02706930 -0.02944916
v 0.00300000 0.03667079 -0.01597665
v 0.00300000 0.03918204 -0.00804786
v 0.02000000 -0.02560418 -0.05829246
v 0.02000000 -0.02415346 -0.05269784
v 0.02000000 -0.02389326 -0.05758379
v 0.02000000 -0.02305168 -0.05805168
v 0.02000000 -0.02484984 -0.05769401
v 0.02000000 -0.01698571 -0.05965947
v 0.02000000 -0.02269401 -0.05858698
v 0.02000000 -0.02863162 -0.04376549
v 0.02000000 -0.00767210 -0.06399225
v 0.02000000 -0.02992152 -0.03385705
v 0.02000000 -0.03665689 -0.02517782
v 0.02000000 0.00747878 -0.06715703
v 0.02000000 -0.03446873 -0.02520950
v 0.02000000 -0.03371439 -0.02461105
v 0.02000000 0.00766361 -0.06399480
v 0.02000000 0.00823313 -0.06655856
v 0.02000000 0.00918970 -0.06644833
v 0.02000000 0.01003128 -0.06691624
v 0.02000000 -0.02787951 -0.02407588
v 0.02000000 -0.03155856 -0.02550402
v 0.02000000 -0.03191623 -0.02496872
v 0.02000000 -0.03275781 -0.02450082
v 0.02000000 -0.03286567 -0.01602500
v 0.02000000 0.01612313 -0.06023189
v 0.02000000 0.01038895 -0.06745154
v 0.02000000 -0.02273299 -0.01551117
v 0.02000000 -0.02683470 -0.00816530
v 0.02000000 -0.02683470 -0.00816530
v 0.02000000 -0.02217806 -0.01451595
v 0.02000000 -0.02142995 -0.01365643
v 0.02000000 -0.02142995 -0.01365643
v 0.02000000 -0.02142995 -0.01365643
v 0.02000029 -0.02500646 -0.00705230
v 0.02000029 -0.02500646 -0.00705230
v 0.01999909 -0.02030224 -0.01282534
v 0.02000000 0.02287292 -0.05432441
v 0.02000031 -0.02022630 -0.00947812
v 0.02000031 -0.02022630 -0.00947812
v 0.02000023 -0.02216096 -0.00736648
v 0.02000023 -0.02216096 -0.00736648
v 0.02000000 0.02757018 -0.04668283
v 0.02000000 0.03169719 -0.04293861
v 0.02000000 0.03169719 -0.04293861
v 0.02000000 0.03460736 -0.04323313
v 0.02000000 0.02979339 -0.03799288
v 0.02000000 0.02979339 -0.03799288
v 0.01999986 0.03124975 -0.03777343
v 0.01999986 0.03124975 -0.03777343
v 0.01999986 0.03124975 -0.03777343
v 0.02000000 0.03245153 -0.04234016
v 0.02000000 0.03340811 -0.04222993
v 0.02000000 0.03340811 -0.04222993
v 0.01999993 0.03268270 -0.03643395
v 0.01999993 0.03268270 -0.03643395
v 0.02000000 0.02857944 -0.02606584
v 0.02000000 0.03424969 -0.04269783
v 0.02000000 0.02142995 -0.01365643
v 0.02000000 0.02217806 -0.01451595
v 0.02000000 0.02030532 -0.00946407
v 0.02000000 0.02030532 -0.00946407
v 0.02000000 0.02273299 -0.01551117
v 0.02000000 0.02283264 -0.00985566
v 0.02000000 0.02283264 -0.00985566
v 0.02000000 0.02283264 -0.00985566
v 0.02000000 0.02619335 -0.02049098
v 0.02000094 0.02175956 -0.00763715
v 0.02000094 0.02175956 -0.00763715
v 0.02000094 0.02175956 -0.00763715
v 0.02000000 0.02358698 -0.00925719
v 0.02000000 0.02358698 -0.00925719
v 0.02000000 0.02358698 -0.00925719
v 0.02000000 0.02400392 -0.00699275
v 0.02000000 0.02400392 -0.00699275
v 0.02000000 0.02400392 -0.00699275
v 0.02000000 0.02454356 -0.00914697
v 0.02000000 0.02454356 -0.00914697
v 0.02000000 0.02454356 -0.00914697
v 0.02000000 0.02574281 -0.01015017
v 0.02000000 0.02574281 -0.01015017
v 0.02000000 0.02538514 -0.00961487
v 0.02000000 0.02538514 -0.00961487
v 0.01999975 -0.02001484 -0.02983241
v 0.01999975 -0.02001484 -0.02983241
v 0.01999975 -0.02001484 -0.02983241
v 0.01999975 -0.02001484 -0.02983241
v 0.02000000 -0.02166709 -0.03118720
v 0.02000000 -0.02166709 -0.03118720
v 0.02000000 -0.02067842 -0.02748980
v 0.02000000 -0.02067842 -0.02748980
v 0.02000000 -0.02067842 -0.02748980
v 0.02000000 -0.01802882 -0.02503398
v 0.02000000 -0.01802882 -0.02503398
v 0.02000000 -0.01906391 -0.02401969
v 0.00950000 -0.03818648 -0.03050609
v 0.01950000 -0.03713985 -0.02504841
v 0.00950000 -0.03704894 -0.02471513
v 0.00950000 -0.03503857 -0.01916646
v 0.01950000 -0.03329868 -0.01577500
v 0.00950000 -0.03220274 -0.01399081
v 0.00899548 -0.03159857 -0.01305522
v 0.01950000 -0.02718826 -0.00781175
v 0.00900000 -0.02718826 -0.00781175
v 0.00050000 -0.02871099 -0.00942498
v 0.00048449 -0.03151037 -0.01294929
v 0.00050000 -0.02568429 -0.00638672
v 0.00899386 -0.02485725 -0.00564655
v 0.00049768 -0.02199019 -0.00341946
v 0.00899484 -0.02201049 -0.00342934
v 0.00300000 -0.01259633 -0.01557291
v 0.00950000 -0.01259752 -0.01557004
v 0.00300000 -0.01378858 -0.01378858
v 0.00950000 -0.01379298 -0.01378419
v 0.00300000 -0.01557291 -0.01259633
v 0.00950000 -0.01558153 -0.01259277
v 0.00300000 -0.01767767 -0.01217767
v 0.00950000 -0.01769010 -0.01217768
v 0.00300000 -0.01978243 -0.01259633
v 0.00300000 -0.02156676 -0.01378858
v 0.00950000 -0.02309713 -0.01673986
v 0.00300000 -0.02275901 -0.01557291
v 0.01950000 -0.02309713 -0.01673986
v 0.00950000 0.01943248 -0.02365853
v 0.01950000 -0.01765789 -0.02539745
v 0.00950000 -0.01765789 -0.02539745
v 0.00530000 -0.00999579 -0.03723544
v 0.00530000 -0.00999202 -0.03275685
v 0.00530000 -0.00935139 -0.03200249
v 0.00530000 0.00935473 -0.03200487
v 0.00530000 0.00999202 -0.03275685
v 0.00530000 0.00999579 -0.03723544
v 0.00530000 0.00944808 -0.03792839
v 0.00530000 0.00841196 -0.03793646
v -0.00250008 -0.02459083 -0.03096314
v -0.00250008 -0.02459083 -0.03096314
v -0.00250287 -0.02276466 -0.03069727
v -0.00250000 -0.03777049 -0.01156029
v -0.00249991 -0.03523607 -0.01285245
v -0.00249991 -0.03523607 -0.01285245
v -0.00250000 -0.03273341 -0.02210824
v -0.00250000 -0.03273341 -0.02210824
v -0.00250000 -0.03273341 -0.02210824
v -0.00249941 -0.03315698 -0.01428525
v -0.00249941 -0.03315698 -0.01428525
v -0.00249941 -0.03315698 -0.01428525
v -0.00249941 -0.03315698 -0.01428525
v -0.00249998 -0.02564850 -0.01924925
v -0.00249998 -0.02564850 -0.01924925
v -0.00249998 -0.02564850 -0.01924925
v -0.00249998 -0.02564850 -0.01924925
v -0.00249994 -0.03702200 -0.00633057
v -0.00250506 -0.03031523 -0.01288128
v -0.00250010 -0.02899781 -0.01358573
v -0.00250010 -0.02899781 -0.01358573
v -0.00250056 -0.02895169 0.01640956
v -0.00250031 -0.02739039 0.01667642
v -0.00250031 -0.02739039 0.01667642
v -0.00250031 -0.02739039 0.01667642
v -0.00249990 -0.03051290 0.01765004
v -0.00249990 -0.03051290 0.01765004
v -0.00249990 -0.03051290 0.01765004
v -0.00249978 -0.03218088 0.01774915
v -0.00249978 -0.03218088 0.01774915
v -0.00250078 0.02264251 -0.03047963
v -0.00250071 0.02076034 -0.02456026
v -0.00250071 0.02076034 -0.02456026
v -0.00249998 0.02564850 -0.01924925
v -0.00249998 0.02564850 -0.01924925
v -0.00249998 0.02564850 -0.01924925
v -0.00249998 0.02564850 -0.01924925
v -0.00250000 -0.01995202 0.02501833
v -0.00250493 0.03031524 -0.01288114
v -0.00250011 0.02899781 -0.01358573
v -0.00250011 0.02899781 -0.01358573
v -0.00249941 0.03315698 -0.01428525
v -0.00249941 0.03315698 -0.01428525
v -0.00249941 0.03315698 -0.01428525
v -0.00250000 -0.01056914 0.03020420
v -0.00250098 0.03527067 -0.01285064
v -0.00250000 -0.00000000 0.03200000
v -0.00250000 0.03739500 -0.00280434
v -0.00250000 0.03739500 -0.00280434
v -0.00250000 0.03683300 0.00704135
v -0.00250342 0.02873729 0.01628926
v -0.00250003 0.02728107 0.01681005
v -0.00249990 0.03051290 0.01765004
v -0.00249990 0.03051290 0.01765004
v -0.00250000 0.01056914 0.03020420
v -0.00250000 0.03372370 0.01640008
v -0.00250000 0.01995202 0.02501833
v -0.00249923 0.03240566 0.01771987
v 0.00350000 0.03996076 -0.00177143
v 0.00900006 0.03999303 -0.00103388
v 0.00354580 0.02625572 -0.03019969
v 0.00500000 0.02675467 -0.02993576
v 0.00050107 0.02494736 -0.03130764
v -0.00200052 0.02068569 -0.02381079
v -0.00200000 0.02390224 -0.02051665
v -0.00200000 0.02638076 -0.01721353
v -0.00200047 0.02869840 -0.01313341
v 0.00530000 -0.01166711 -0.03415990
v 0.00530000 0.01133289 -0.03415990
v 0.02000000 -0.00395936 -0.01335922
v 0.02000000 -0.01136510 -0.01616295
v 0.02000000 -0.01033001 -0.01717724
v 0.02000000 -0.00358853 -0.01471497
v 0.02000000 0.00358853 -0.01471497
v 0.02000000 0.00395936 -0.01335922
v 0.02000000 0.01033001 -0.01717724
v 0.02000000 0.01136510 -0.01616295
v 0.00950000 -0.01900204 -0.02844772
v 0.01950000 -0.01900204 -0.02844772
v 0.01950000 -0.01982361 -0.03167818
v 0.00950000 -0.01982361 -0.03167818
v 0.00950000 0.00995908 -0.01754071
v 0.01950000 0.00995908 -0.01754071
v 0.00950000 0.00345591 -0.01519933
v 0.01950000 0.00345591 -0.01519933
v 0.01950000 -0.00345591 -0.01519933
v 0.00950000 -0.00345591 -0.01519933
v 0.01950000 -0.00995908 -0.01754071
v 0.00950000 -0.00995908 -0.01754071
v 0.00950000 -0.01654110 -0.05935780
v 0.00950000 -0.02351753 -0.05271541
v 0.00950000 -0.02797671 -0.04417681
v 0.00950000 -0.01755342 -0.04222459
v 0.00950000 -0.01800539 -0.04351091
v 0.00950000 -0.01638242 -0.04150289
v 0.00950000 -0.02944133 -0.03465595
v 0.00949996 -0.01428774 -0.03999938
v 0.00949998 -0.01545653 -0.03920123
v 0.00950000 -0.02775462 -0.02517192
v 0.00950000 -0.02775462 -0.02517192
v 0.00949972 -0.03365341 -0.01408678
v 0.00949972 -0.03365341 -0.01408678
v 0.00949995 -0.03526079 -0.01291312
v 0.00949995 -0.03526079 -0.01291312
v 0.00950002 -0.01547580 -0.03080906
v 0.00950000 -0.01428843 -0.03000114
v 0.00950000 0.01596595 -0.05973861
v 0.00950000 0.00966826 -0.06191836
v 0.00950000 0.00867813 -0.06298675
v 0.00950000 -0.03739500 -0.00280434
v 0.00950000 0.02266194 -0.05379752
v 0.00949976 -0.02104135 -0.00319062
v 0.00949976 -0.02104135 -0.00319062
v 0.00950000 -0.02524914 -0.00666833
v 0.00950000 -0.02359903 -0.00651099
v 0.00950000 -0.03683300 0.00704135
v 0.00950000 -0.03683300 0.00704135
v 0.00950000 -0.01980565 -0.00936680
v 0.00950000 -0.02200378 -0.00696130
v 0.00950000 -0.01173367 -0.01580179
v 0.00949995 0.01428806 -0.03999811
v 0.00950000 -0.02067951 -0.00795827
v 0.00950000 -0.02067951 -0.00795827
v 0.00949993 0.01545765 -0.03920566
v 0.00950000 0.02726317 -0.04611890
v 0.00950000 -0.00409163 -0.01287516
v 0.00950002 0.01547580 -0.03080906
v 0.00950000 -0.00998072 -0.00237488
v 0.00950000 -0.00919247 -0.00299922
v 0.00950000 -0.01206011 0.00062136
v 0.00949997 -0.02100850 0.00542014
v 0.00949999 0.01428775 -0.03000059
v 0.00950000 0.00409163 -0.01287516
v 0.00949943 -0.03350064 0.01700549
v 0.00949943 -0.03350064 0.01700549
v 0.00949943 -0.03350064 0.01700549
v 0.00949971 -0.03111672 0.01782986
v 0.00949971 -0.03111672 0.01782986
v 0.00949994 -0.02939113 0.01677456
v 0.00949994 -0.02939113 0.01677456
v 0.00950000 -0.02780235 0.01222415
v 0.00950000 -0.02554017 0.00928535
v 0.00949995 -0.02206153 0.00696362
v 0.00950000 -0.00999579 0.00223544
v 0.00950000 -0.01131247 0.00079113
v 0.00950000 0.02215203 -0.03105820
v 0.00950000 0.02215203 -0.03105820
v 0.00949997 0.02826049 -0.03315224
v 0.00949997 0.02826049 -0.03315224
v 0.00950000 0.01173367 -0.01580179
v 0.00950000 -0.02322095 0.01997377
v 0.00950000 0.01259752 -0.01557004
v 0.00950000 -0.02192031 0.02192031
v 0.00950000 0.02111887 -0.02723833
v 0.00950000 0.01379298 -0.01378419
v 0.00950000 0.02831551 -0.02692895
v 0.00950000 0.02934434 -0.03258751
v 0.00950000 0.02620628 -0.02157835
v 0.00950000 0.02620628 -0.02157835
v 0.00950000 0.00919175 -0.00299922
v 0.00950000 0.01558153 -0.01259277
v 0.00950000 0.00997637 -0.00242269
v 0.00950000 0.01950063 -0.01097549
v 0.00950000 0.01769010 -0.01217768
v 0.00950000 0.01979678 -0.01260230
v 0.00950000 -0.01997377 0.02322095
v 0.00950000 -0.01767767 0.02367767
v 0.00950000 0.00796000 0.00219096
v 0.00950000 0.00737893 0.00235291
v 0.00950000 0.01981164 -0.00935146
v 0.00950000 0.00841196 0.00293646
v 0.00950000 0.00999633 0.00220518
v 0.00950000 0.01150000 0.00084654
v 0.00950000 0.00949333 0.00291702
v 0.00950000 0.02068786 -0.00794916
v 0.00949989 0.02109212 -0.00324435
v 0.00950000 0.02201116 -0.00695765
v 0.00949997 0.02368858 -0.00533952
v 0.00950000 0.02360313 -0.00651062
v 0.00950000 0.02524914 -0.00666833
v 0.00949971 0.03365341 -0.01408678
v 0.00949985 0.03520881 -0.01291737
v 0.00949985 0.03520881 -0.01291737
v 0.00950000 -0.01538157 0.02322095
v 0.00950000 -0.01343503 0.02192031
v 0.00949997 0.02100888 0.00541459
v 0.00949997 0.03702203 -0.00633058
v 0.00949997 0.03702203 -0.00633058
v 0.00949992 0.02205539 0.00697083
v 0.00950000 -0.01213439 0.01997377
v 0.00950000 0.01213439 0.01997377
v 0.00950000 0.02554017 0.00928535
v 0.00950000 0.01343503 0.02192031
v 0.00950000 0.02780235 0.01222415
v 0.00950000 0.02780235 0.01222415
v 0.00949923 0.02945257 0.01700530
v 0.00949923 0.02945257 0.01700530
v 0.00949923 0.02945257 0.01700530
v 0.00949923 0.02945257 0.01700530
v 0.00950000 0.02322095 0.01997377
v 0.00950000 0.02322095 0.01997377
v 0.00950000 0.02322095 0.01997377
v 0.00950000 0.01538157 0.02322095
v 0.00950000 0.01767767 0.02367767
v 0.00950000 0.02192031 0.02192031
v 0.00949976 0.03202995 0.01778344
v 0.00949976 0.03202995 0.01778344
v 0.00950000 0.01997377 0.02322095
v 0.00950000 0.00779415 -0.06339298
v 0.00950000 0.02309713 -0.01673986
v 0.00370000 -0.01498820 -0.00386442
v 0.00370000 -0.01419209 -0.00449949
v 0.00370000 -0.00999579 -0.00223544
v 0.00370000 -0.00935139 -0.00299752
v 0.00370000 -0.01499381 0.00385658
v 0.00370000 -0.01165765 0.00079255
v 0.00370000 -0.01419209 0.00449949
v 0.00370000 -0.00998072 0.00237488
v 0.00370000 -0.01090141 0.00059859
v 0.00370000 0.00923077 -0.00299807
v 0.00370000 0.01435017 -0.00449839
v 0.00370000 0.00998955 -0.00236253
v 0.00370000 0.00737620 0.00234543
v 0.00370000 0.00795408 0.00220532
v 0.00370000 0.00841758 0.00295013
v 0.00370000 0.01499522 -0.00373659
v 0.00370000 0.00999202 0.00224316
v 0.00370000 0.01114028 0.00075526
v 0.00370000 0.01192682 0.00069202
v 0.00370000 0.01419173 0.00449974
v 0.00370000 0.00947502 0.00290912
v 0.00370000 0.01499381 0.00385658
v 0.00300000 -0.01462887 0.01894053
v 0.00300000 -0.01534422 0.02001112
v 0.00300000 -0.01641482 0.02072647
v 0.00300000 -0.01767767 0.02097767
v 0.00300000 -0.01894053 0.02072647
v 0.00300000 -0.02001112 0.02001112
v 0.00300000 -0.02072647 0.01894053
v 0.00300000 -0.01259633 0.01978243
v 0.00300000 -0.01378858 0.02156676
v 0.00300000 -0.01557291 0.02275901
v 0.00300000 -0.01767767 0.02317767
v 0.00300000 -0.02275901 0.01978243
v 0.00300000 -0.01978243 0.02275901
v 0.00300000 -0.02156676 0.02156676
v 0.00900000 -0.01259633 0.01978243
v 0.00900000 -0.01378858 0.02156676
v 0.00900000 -0.01557291 0.02275901
v 0.00900000 -0.01767767 0.02317767
v 0.00900000 -0.01978243 0.02275901
v 0.00900000 -0.02156676 0.02156676
v 0.00900000 -0.02275901 0.01978243
v 0.00049983 0.01435136 0.00449681
v 0.00050199 0.01499520 0.00373637
v 0.00049991 -0.01434913 0.00449838
v 0.00050199 -0.01499520 0.00373637
v 0.00049794 -0.01499747 -0.00373282
v 0.00049836 -0.01434944 -0.00449838
v 0.00049990 0.01419209 -0.00449948
v 0.00050174 0.01499302 -0.00386516
v 0.00600000 -0.00114805 0.02777164
v 0.00600000 0.00000000 0.02800000
v 0.00600000 -0.00212132 0.02712132
v 0.00600000 0.00277164 0.02614805
v 0.00600000 -0.00277164 0.02614805
v 0.00600000 0.00212132 0.02712132
v 0.00600000 0.00114805 0.02777164
v 0.00050000 -0.00277164 0.02614805
v 0.00050000 -0.00212132 0.02712132
v 0.00050000 -0.00114805 0.02777164
v 0.00050000 0.00000000 0.02800000
v 0.00050000 0.00114805 0.02777164
v 0.00050000 0.00212132 0.02712132
v 0.00050000 0.00277164 0.02614805
v 0.00300000 0.02072647 0.01894053
v 0.00300000 0.02001112 0.02001112
v 0.00300000 0.01894053 0.02072647
v 0.00300000 0.01767767 0.02097767
v 0.00300000 0.01641482 0.02072647
v 0.00300000 0.01534422 0.02001112
v 0.00300000 0.01462887 0.01894053
v 0.00300000 0.02275901 0.01978243
v 0.00300000 0.02156676 0.02156676
v 0.00300000 0.01978243 0.02275901
v 0.00300000 0.01767767 0.02317767
v 0.00300000 0.01557291 0.02275901
v 0.00300000 0.01259633 0.01978243
v 0.00300000 0.01378858 0.02156676
v 0.00900000 0.02275901 0.01978243
v 0.00900000 0.02156676 0.02156676
v 0.00900000 0.01978243 0.02275901
v 0.00900000 0.01767767 0.02317767
v 0.00900000 0.01557291 0.02275901
v 0.00900000 0.01378858 0.02156676
v 0.00900000 0.01259633 0.01978243
v 0.00300000 0.02072647 -0.01641482
v 0.00300000 0.02001112 -0.01534422
v 0.00300000 0.01894053 -0.01462887
v 0.00300000 0.01767767 -0.01437767
v 0.00300000 0.01641482 -0.01462887
v 0.00300000 0.01534422 -0.01534422
v 0.00300000 0.01462887 -0.01641482
v 0.00300000 0.02275901 -0.01557291
v 0.00300000 0.02156676 -0.01378858
v 0.00300000 0.01978243 -0.01259633
v 0.00300000 0.01767767 -0.01217767
v 0.00300000 0.01259633 -0.01557291
v 0.00300000 0.01557291 -0.01259633
v 0.00300000 0.01378858 -0.01378858
v 0.01950000 0.02309713 -0.01673986
v 0.00300000 -0.01462887 -0.01641482
v 0.00300000 -0.01534422 -0.01534422
v 0.00300000 -0.01641482 -0.01462887
v 0.00300000 -0.01767767 -0.01437767
v 0.00300000 -0.01894053 -0.01462887
v 0.00300000 -0.02001112 -0.01534422
v 0.00300000 -0.02072647 -0.01641482
v 0.01950000 0.01173367 -0.01580179
v 0.01950000 -0.01173367 -0.01580179
v 0.00530000 0.01419173 -0.03949974
v 0.00899719 0.01435933 -0.03949647
v 0.00530000 0.01498820 -0.03886442
v 0.00900094 0.01499760 -0.03872978
v 0.00900086 -0.01419172 -0.03949973
v 0.00530000 -0.01435236 -0.03949682
v 0.00530000 -0.01499522 -0.03873659
v 0.00899614 -0.01499315 -0.03886365
v 0.00530000 -0.01499381 -0.03114342
v 0.00900164 -0.01499534 -0.03126543
v 0.00530000 -0.01419173 -0.03050026
v 0.00899719 -0.01435934 -0.03050353
v 0.00900085 0.01419172 -0.03050027
v 0.00530000 0.01435236 -0.03050318
v 0.00530000 0.01499753 -0.03126814
v 0.00899373 0.01498707 -0.03112858
v 0.00530000 0.00737620 -0.03734543
v 0.00530000 0.00798589 -0.03721139
v -0.00199717 0.02218813 -0.03074151
v -0.00199997 0.02134609 -0.02784836
v -0.00200458 0.02030759 -0.02508747
v -0.00200000 -0.02134627 -0.02784888
v -0.00201932 -0.02222454 -0.03077477
v -0.00199856 -0.02356195 -0.03154706
v -0.00199856 -0.02356195 -0.03154706
v -0.00200780 0.02355263 -0.03154535
v -0.00200780 0.02355263 -0.03154535
v 0.00848064 0.02559434 -0.00984180
v 0.00848064 0.02559434 -0.00984180
v 0.00850000 0.02484984 -0.00925719
v 0.00847778 0.02390909 -0.00914418
v 0.00847416 0.02304689 -0.00962019
v 0.00850000 0.02269401 -0.01015017
v 0.00848064 0.03445889 -0.04292476
v 0.00848064 0.03445889 -0.04292476
v 0.00850000 0.03371439 -0.04234016
v 0.00847778 0.03277365 -0.04222714
v 0.00847416 0.03191144 -0.04270314
v 0.00850000 0.03155856 -0.04323313
v 0.00848064 0.01024049 -0.06714319
v 0.00848064 0.01024049 -0.06714319
v 0.00850000 0.00949598 -0.06655856
v 0.00847778 0.00855524 -0.06644554
v 0.00847416 0.00769304 -0.06692156
v 0.00850000 0.00734015 -0.06745154
v 0.00848064 -0.02284248 -0.05827862
v 0.00848064 -0.02284248 -0.05827862
v 0.00850000 -0.02358698 -0.05769401
v 0.00847778 -0.02452772 -0.05758099
v 0.00847416 -0.02538993 -0.05805700
v 0.00850000 -0.02574281 -0.05858698
v 0.00848064 -0.03170703 -0.02519566
v 0.00848064 -0.03170703 -0.02519566
v 0.00850000 -0.03245153 -0.02461105
v 0.00847778 -0.03339227 -0.02449803
v 0.00847417 -0.03425448 -0.02497404
v 0.00850000 -0.03460736 -0.02550402
v 0.00800000 0.03176777 -0.03323223
v 0.00800000 0.03000000 -0.03250000
v 0.00800000 0.03230970 -0.03404329
v 0.00800000 0.03095671 -0.03269030
v 0.00799997 0.02858744 -0.03288766
v 0.00799997 0.02858744 -0.03288766
v 0.00800000 0.02769030 -0.03404329
v 0.01950000 0.02831551 -0.02692895
v 0.01950000 0.02620628 -0.02157835
v 0.01950068 0.00755284 -0.06349766
v 0.01950000 0.01596595 -0.05973861
v 0.01950000 0.02266194 -0.05379752
v 0.01950000 0.02726317 -0.04611890
v 0.00350262 0.00755103 -0.06349622
v 0.00500000 0.00824743 -0.06321307
v 0.00500000 0.00938563 -0.06231901
v 0.00500000 0.00984226 -0.06145998
v 0.01950000 -0.02775462 -0.02517192
v 0.01950000 -0.02944133 -0.03465595
v 0.01950000 -0.02797671 -0.04417681
v 0.01950000 -0.02351753 -0.05271541
v 0.01950000 -0.01654110 -0.05935780
v 0.01950000 -0.01984338 -0.00927273
v 0.01950000 -0.02081958 -0.00781175
v 0.01950000 -0.02228057 -0.00683555
v 0.01950000 -0.02400392 -0.00649275
v 0.01950000 -0.02400392 -0.00649275
v 0.01950000 -0.02572727 -0.00683555
v 0.00905165 -0.02640776 -0.00718172
v 0.00905165 -0.02640776 -0.00718172
v 0.00912508 0.02626979 -0.00708945
v 0.01950000 0.02572727 -0.00683555
v 0.01950000 0.02400392 -0.00649275
v 0.01950000 0.02228057 -0.00683555
v 0.01950000 0.02081958 -0.00781175
v 0.01950000 0.01984338 -0.00927273
v 0.01950000 0.00409163 -0.01287516
v 0.01950000 -0.00409163 -0.01287516
v 0.00500000 -0.02250719 -0.03371920
v 0.00351715 -0.02812356 -0.03004708
v 0.00500000 -0.02828606 -0.03018454
v 0.00350000 -0.01646987 -0.05940601
v 0.00500000 -0.01646987 -0.05940601
v 0.00350000 -0.02341363 -0.05285251
v 0.00500000 -0.02341363 -0.05285251
v 0.00350000 -0.02789521 -0.04442164
v 0.00500000 -0.02789521 -0.04442164
v 0.00500000 0.02927216 -0.03137625
v 0.00350000 0.02858576 -0.04205438
v 0.00500000 0.02858576 -0.04205438
v 0.00350000 0.02925984 -0.03171797
v 0.00350000 0.02437368 -0.05151768
v 0.00500000 0.02437368 -0.05151768
v 0.00350000 0.01714491 -0.05893663
v 0.00500000 0.01714491 -0.05893663
v 0.00351113 0.02762128 -0.02994300
v 0.00500000 0.02840035 -0.03025566
v 0.00350904 0.02885994 -0.03067853
v 0.00900279 0.02208212 0.00636625
v 0.00049975 0.02207431 0.00635751
v 0.00050000 0.02588202 0.00892047
v 0.00900000 0.02588202 0.00892047
v 0.00050000 0.02824255 0.01198704
v 0.00900000 0.02824255 0.01198704
v 0.00049591 0.02959240 0.01593546
v 0.00900235 0.02972100 0.01627451
v 0.00900000 0.03285088 0.01675870
v -0.00200000 0.03234281 0.01710887
v -0.00200000 0.03234281 0.01710887
v 0.00899820 0.03187804 0.01729501
v -0.00201259 0.03140869 0.01733331
v -0.00201259 0.03140869 0.01733331
v -0.00200000 0.03042018 0.01700568
v -0.00200000 0.03042018 0.01700568
v -0.00200960 0.02968826 0.01632000
v -0.00200960 0.02968826 0.01632000
v 0.00901041 0.03049822 0.01708287
v 0.00900000 0.03489922 -0.01229000
v 0.00900000 0.03606135 -0.00828126
v -0.00200605 0.03481028 -0.01256718
v -0.00200605 0.03481028 -0.01256718
v -0.00200000 0.03606135 -0.00828126
v 0.00900000 0.03676459 -0.00416715
v -0.00200000 0.03676459 -0.00416715
v -0.00200000 0.03215769 -0.01343367
v -0.00199087 0.03119101 -0.01274482
v 0.00899075 0.03290445 -0.01365266
v -0.00200201 0.03317402 -0.01364749
v -0.00200201 0.03317402 -0.01364749
v 0.00900000 0.03397730 -0.01337773
v -0.00200000 0.03407957 -0.01331741
v -0.00200000 0.03407957 -0.01331741
v 0.00900000 0.03453849 -0.01291882
v 0.00050326 0.02150837 -0.00241848
v 0.00900140 0.02150496 -0.00245310
v 0.00899990 0.02151642 0.00542013
v 0.00049417 0.02150761 0.00534578
v -0.00199478 -0.03479845 -0.01258206
v 0.00900000 -0.03489922 -0.01229000
v 0.00900000 -0.03453849 -0.01291882
v -0.00200000 -0.03407957 -0.01331741
v -0.00200000 -0.03407957 -0.01331741
v 0.00900000 -0.03397730 -0.01337773
v -0.00200201 -0.03317402 -0.01364749
v -0.00200201 -0.03317402 -0.01364749
v -0.00200201 -0.03317402 -0.01364749
v 0.00899332 -0.03290529 -0.01365271
v -0.00200000 -0.03215769 -0.01343367
v -0.00200000 -0.03215769 -0.01343367
v -0.00199088 -0.03119102 -0.01274484
v 0.00900000 -0.03327405 0.01618141
v 0.00900000 -0.03634189 0.00694747
v -0.00200000 -0.03676459 -0.00416715
v 0.00900000 -0.03689640 -0.00276695
v -0.00200000 -0.03606135 -0.00828126
v 0.00050052 -0.02959183 0.01593245
v 0.00900169 -0.02972095 0.01627437
v -0.00202026 -0.03022410 0.01688231
v -0.00202026 -0.03022410 0.01688231
v -0.00202026 -0.03022410 0.01688231
v 0.00901041 -0.03049822 0.01708287
v -0.00201259 -0.03140869 0.01733331
v -0.00201259 -0.03140869 0.01733331
v -0.00201259 -0.03140869 0.01733331
v 0.00899820 -0.03187804 0.01729501
v -0.00200000 -0.03234281 0.01710887
v -0.00200000 -0.03234281 0.01710887
v 0.00900000 -0.03285088 0.01675870
v 0.00900000 -0.02824255 0.01198704
v 0.00050000 -0.02824255 0.01198704
v 0.00050000 -0.02588202 0.00892047
v 0.00900000 -0.02588202 0.00892047
v 0.00900245 -0.02207857 0.00636383
v 0.00050230 -0.02207759 0.00635979
v 0.00050006 -0.02150871 0.00540378
v 0.00899446 -0.02151433 0.00536151
v 0.00050303 -0.02150864 -0.00242281
v 0.00900350 -0.02150506 -0.00245502
v -0.00201509 0.02823819 0.01580182
v -0.00201509 0.02823819 0.01580182
v -0.00200519 -0.02987484 -0.01247587
v -0.00200519 0.02987484 -0.01247587
v -0.00200611 -0.02900874 0.01589656
v 0.02000000 -0.02060000 -0.03500000
v 0.02000000 -0.01903192 -0.04288328
v 0.01950000 -0.02010000 -0.03500000
v 0.01950000 -0.01856998 -0.04269194
v 0.02000000 -0.01456640 -0.04956640
v 0.01950000 -0.01421285 -0.04921285
v 0.02000000 -0.00788328 -0.05403192
v 0.01950000 -0.00769194 -0.05356998
v 0.02000000 0.00000000 -0.05560000
v 0.01950000 0.00000000 -0.05510000
v 0.02000000 0.00788328 -0.05403192
v 0.01950000 0.00769194 -0.05356998
v 0.02000000 0.01456640 -0.04956640
v 0.01950000 0.01421285 -0.04921285
v 0.02000000 0.01903192 -0.04288328
v 0.01950000 0.01856998 -0.04269194
v 0.02000000 0.02060000 -0.03500000
v 0.01950000 0.02010000 -0.03500000
v 0.01950000 0.01982361 -0.03167818
v 0.01999974 0.02001484 -0.02983241
v 0.01999974 0.02001484 -0.02983241
v 0.01999974 0.02001484 -0.02983241
v 0.01999974 0.02001484 -0.02983241
v 0.01950000 0.01900204 -0.02844772
v 0.01950000 0.01765789 -0.02539745
v 0.02000000 0.01802882 -0.02503398
v 0.01950000 0.03329868 -0.01577500
v 0.02000021 0.02634001 -0.00758839
v 0.02000021 0.02634001 -0.00758839
v 0.02000021 0.02634001 -0.00758839
v 0.02000021 0.02634001 -0.00758839
v 0.02000000 0.03286567 -0.01602500
v 0.02000000 0.03286567 -0.01602500
v 0.01950000 0.02718826 -0.00781175
v 0.01950000 0.03713985 -0.02504841
v 0.02000000 0.03665689 -0.02517782
v 0.02000000 0.03665689 -0.02517782
v 0.01950000 0.03845000 -0.03500000
v 0.02000000 0.03795000 -0.03500000
v 0.01950000 0.03656812 -0.04688171
v 0.02000000 0.03609259 -0.04672720
v 0.01950000 0.03110670 -0.05760035
v 0.02000000 0.03070220 -0.05730645
v 0.01950000 0.02260035 -0.06610671
v 0.02000000 0.02230645 -0.06570220
v 0.01950000 0.01188170 -0.07156812
v 0.02000000 0.01172720 -0.07109260
v 0.02000000 0.00000000 -0.07295000
v 0.01950000 0.00000000 -0.07345000
v 0.01950000 -0.01188170 -0.07156812
v 0.02000000 -0.01172719 -0.07109260
v 0.01950000 -0.02260035 -0.06610671
v 0.02000000 -0.02230645 -0.06570220
v 0.01950000 -0.03110670 -0.05760035
v 0.02000000 -0.03070220 -0.05730645
v 0.01950000 -0.03656812 -0.04688171
v 0.02000000 -0.03609259 -0.04672720
v 0.01950000 -0.03845000 -0.03500000
v 0.02000000 -0.03795000 -0.03500000
v 0.01950000 0.01979678 -0.01260230
v 0.02000000 0.02052079 -0.01296952
v 0.02000003 0.01996117 -0.01151239
v 0.01950372 0.01946547 -0.01123145
v 0.01950372 0.01946547 -0.01123145
v 0.01950000 0.02111887 -0.02723833
v 0.02000000 0.01906391 -0.02401969
v 0.02000000 0.02067842 -0.02748980
v 0.02000000 0.02067842 -0.02748980
v 0.02000000 0.02067842 -0.02748980
v 0.01950000 0.01943248 -0.02365853
v 0.01950000 0.02215203 -0.03105820
v 0.02000000 0.02166709 -0.03118720
v 0.02000000 0.02166709 -0.03118720
v 0.01950000 0.02250000 -0.03500000
v 0.02000000 0.02200000 -0.03500000
v 0.02000000 0.02200000 -0.03500000
v 0.02000000 0.02032535 -0.04341904
v 0.01950000 0.02078729 -0.04361038
v 0.02000000 0.01555635 -0.05055635
v 0.01950000 0.01590990 -0.05090991
v 0.02000000 0.00841904 -0.05532535
v 0.01950000 0.00861038 -0.05578729
v 0.01950000 0.00000000 -0.05750000
v 0.02000000 0.00000000 -0.05700000
v 0.02000000 -0.00841904 -0.05532535
v 0.01950000 -0.00861038 -0.05578729
v 0.01950000 -0.01590990 -0.05090991
v 0.02000000 -0.01555635 -0.05055635
v 0.01950000 -0.02078729 -0.04361038
v 0.02000000 -0.02032535 -0.04341904
v 0.01950000 -0.02250000 -0.03500000
v 0.02000000 -0.02200000 -0.03500000
v 0.02000000 -0.02200000 -0.03500000
v -0.00250000 -0.03750000 0.00000000
v -0.00200000 -0.03657966 0.00556132
v -0.00200000 -0.03700000 0.00000000
v -0.00250000 -0.03707398 0.00563648
v -0.00200000 -0.03532820 0.01099629
v -0.00250000 -0.03580561 0.01114489
v -0.00199165 -0.03315782 0.01644159
v -0.00199165 -0.03315782 0.01644159
v -0.00249994 -0.03355017 0.01677566
v -0.00249994 -0.03355017 0.01677566
v -0.00199553 -0.02033708 -0.02528933
v -0.00250072 -0.02075725 -0.02456162
v -0.00200000 0.03804226 0.01236068
v -0.00250000 0.03950000 0.00000000
v -0.00250000 0.03756673 0.01220617
v -0.00200000 0.04000000 0.00000000
v -0.00200000 0.03236068 0.02351141
v -0.00250000 0.03195617 0.02321752
v -0.00250000 0.03195617 0.02321752
v -0.00200000 0.02351141 0.03236068
v -0.00250000 0.02321752 0.03195617
v -0.00200000 0.01236068 0.03804226
v -0.00250000 0.01220617 0.03756673
v -0.00250000 -0.00000000 0.03950000
v -0.00200000 -0.00000000 0.04000000
v -0.00200000 -0.01236068 0.03804226
v -0.00250000 -0.01220617 0.03756673
v -0.00200000 -0.02351141 0.03236068
v -0.00250000 -0.02321752 0.03195617
v -0.00200000 -0.03236068 0.02351141
v -0.00250000 -0.03195617 0.02321752
v -0.00250000 -0.03195617 0.02321752
v -0.00250000 -0.03195617 0.02321752
v -0.00250000 -0.03195617 0.02321752
v -0.00200000 -0.03804226 0.01236068
v -0.00250000 -0.03756673 0.01220617
v -0.00200000 -0.04000000 0.00000000
v -0.00250000 -0.03950000 0.00000000
v -0.00200000 0.03314776 -0.02238809
v -0.00250001 0.02436927 -0.03118415
v -0.00250001 0.02436927 -0.03118415
v -0.00250001 0.02436927 -0.03118415
v -0.00250000 0.03273341 -0.02210824
v -0.00250000 0.03273341 -0.02210824
v -0.00250000 0.03273341 -0.02210824
v -0.00199953 0.02494212 -0.03131821
v -0.00200000 0.03824860 -0.01170662
v -0.00250000 0.03777049 -0.01156029
v -0.00250000 0.03777049 -0.01156029
v 0.00000000 0.00350000 0.02500000
v 0.00000000 0.00350000 0.02500000
v 0.00000000 0.00350000 0.02500000
v 0.00000012 0.00296693 0.02302726
v 0.00000012 0.00296693 0.02302726
v 0.00000012 0.00296693 0.02302726
v 0.00050000 0.00300000 0.02500000
v 0.00050000 0.00277164 0.02385195
v 0.00050000 0.00212132 0.02287868
v 0.00000050 0.00066970 0.02163321
v 0.00000050 0.00066970 0.02163321
v 0.00000050 0.00066970 0.02163321
v 0.00050000 0.00114805 0.02222836
v 0.00050000 0.00000000 0.02200000
v 0.00000000 -0.00133939 0.02176642
v 0.00000000 -0.00133939 0.02176642
v 0.00000000 -0.00133939 0.02176642
v 0.00050000 -0.00114805 0.02222836
v 0.00000012 -0.00295797 0.02301385
v 0.00000012 -0.00295797 0.02301385
v 0.00050000 -0.00212132 0.02287868
v 0.00050000 -0.00277164 0.02385195
v 0.00000010 -0.00349605 0.02568719
v 0.00000010 -0.00349605 0.02568719
v 0.00050000 -0.00300000 0.02500000
v 0.00950000 -0.02367767 0.01767767
v 0.00900000 -0.02275901 0.01557291
v 0.00900000 -0.02317767 0.01767767
v 0.00950000 -0.02322095 0.01538157
v 0.00950000 -0.02192031 0.01343503
v 0.00900000 -0.02156676 0.01378858
v 0.00950000 -0.01997377 0.01213439
v 0.00900000 -0.01978243 0.01259633
v 0.00950000 -0.01767767 0.01167767
v 0.00900000 -0.01767767 0.01217767
v 0.00950000 -0.01538157 0.01213439
v 0.00900000 -0.01557291 0.01259633
v 0.00950000 -0.01343503 0.01343503
v 0.00900000 -0.01378858 0.01378858
v 0.00950000 -0.01213439 0.01538157
v 0.00900000 -0.01259633 0.01557291
v 0.00950000 -0.01167767 0.01767767
v 0.00900000 -0.01217767 0.01767767
v 0.00950000 0.01167767 0.01767767
v 0.00950000 0.01213439 0.01538157
v 0.00900000 0.01217767 0.01767767
v 0.00900000 0.01259633 0.01557291
v 0.00950000 0.01343503 0.01343503
v 0.00900000 0.01378858 0.01378858
v 0.00950000 0.01538157 0.01213439
v 0.00900000 0.01557291 0.01259633
v 0.00950000 0.01767767 0.01167767
v 0.00900000 0.01767767 0.01217767
v 0.00950000 0.01997377 0.01213439
v 0.00900000 0.01978243 0.01259633
v 0.00950000 0.02192031 0.01343503
v 0.00900000 0.02156676 0.01378858
v 0.00950000 0.02322095 0.01538157
v 0.00950000 0.02322095 0.01538157
v 0.00950000 0.02322095 0.01538157
v 0.00900000 0.02275901 0.01557291
v 0.00950000 0.02367767 0.01767767
v 0.00950000 0.02367767 0.01767767
v 0.00900000 0.02317767 0.01767767
v 0.00950000 -0.03756673 0.01220617
v 0.00950000 -0.03756673 0.01220617
v 0.00950000 -0.03756673 0.01220617
v 0.00900000 -0.04000000 -0.00000000
v 0.00950000 -0.03953138 -0.00051006
v 0.00900000 -0.03804226 0.01236068
v 0.00950000 -0.03195617 0.02321752
v 0.00950000 -0.03195617 0.02321752
v 0.00950000 -0.03195617 0.02321752
v 0.00950000 -0.03195617 0.02321752
v 0.00900000 -0.03236068 0.02351141
v 0.00900000 -0.02351141 0.03236068
v 0.00950000 -0.02321752 0.03195617
v 0.00900000 -0.01236068 0.03804226
v 0.00950000 -0.01220617 0.03756673
v 0.00900000 0.00000000 0.04000000
v 0.00950000 0.00000000 0.03950000
v 0.00900000 0.01236068 0.03804226
v 0.00950000 0.01220617 0.03756673
v 0.00900000 0.02351141 0.03236068
v 0.00950000 0.02321752 0.03195617
v 0.00900000 0.03236068 0.02351141
v 0.00950000 0.03195617 0.02321752
v 0.00950000 0.03195617 0.02321752
v 0.00950000 0.03195617 0.02321752
v 0.00950000 0.03195617 0.02321752
v 0.00900000 0.03804226 0.01236068
v 0.00950000 0.03756673 0.01220617
v 0.00950000 0.03756673 0.01220617
v 0.00900000 0.04000000 -0.00000000
v 0.00949999 0.03953138 -0.00051006
v 0.00899987 -0.03999323 -0.00103389
v 0.00950000 0.03750000 -0.00000000
v 0.00900000 0.03657966 0.00556132
v 0.00900000 0.03700000 -0.00000000
v 0.00950000 0.03707398 0.00563648
v 0.00900000 0.03532820 0.01099629
v 0.00950000 0.03580561 0.01114489
v 0.00900000 0.03327405 0.01618141
v 0.00949991 0.03353522 0.01680258
v 0.00949991 0.03353522 0.01680258
v 0.00299998 -0.03001652 -0.03416985
v 0.00350058 -0.02928559 -0.03154372
v 0.00350000 -0.02944334 -0.03500000
v 0.00300003 -0.02968309 -0.03117865
v 0.00300003 -0.02968309 -0.03117865
v 0.01999980 0.03284060 -0.03378168
v 0.01999980 0.03284060 -0.03378168
v 0.01950000 0.03250000 -0.03500000
v 0.01950000 0.03233331 -0.03410241
v 0.01950000 0.03185547 -0.03332452
v 0.01999995 0.03124979 -0.03222649
v 0.01999995 0.03124979 -0.03222649
v 0.01950000 0.03113020 -0.03277006
v 0.01950000 0.03025422 -0.03251296
v 0.02000000 0.02979339 -0.03200712
v 0.01950000 0.02934434 -0.03258751
v 0.00049845 -0.02250450 -0.03376223
v 0.00000001 -0.02204479 -0.03471429
v 0.00000001 -0.02204479 -0.03471429
v 0.00050000 -0.02250000 -0.03500000
v 0.00050000 -0.02078729 -0.04361038
v -0.00000000 -0.02032535 -0.04341904
v 0.00050000 -0.01590990 -0.05090991
v -0.00000000 -0.01555635 -0.05055635
v 0.00050000 -0.00861038 -0.05578729
v -0.00000000 -0.00841904 -0.05532535
v 0.00050000 0.00000000 -0.05750000
v -0.00000000 -0.00000000 -0.05700000
v 0.00050000 0.00861038 -0.05578729
v -0.00000000 0.00841904 -0.05532535
v 0.00050000 0.01590990 -0.05090991
v -0.00000000 0.01555635 -0.05055635
v 0.00050000 0.02078729 -0.04361038
v -0.00000000 0.02032535 -0.04341904
v -0.00000000 0.02200000 -0.03500000
v -0.00000000 0.02200000 -0.03500000
v 0.00050000 0.02250000 -0.03500000
v 0.00000019 0.02211921 -0.03300922
v 0.00000019 0.02211921 -0.03300922
v 0.00000019 0.02211921 -0.03300922
v 0.00000019 0.02211921 -0.03300922
v 0.00050002 0.02250488 -0.03371166
v 0.00049083 0.02299685 -0.03276646
v -0.00200000 0.03700000 0.00000000
v -0.00200000 0.03657966 0.00556132
v -0.00200000 0.03532820 0.01099629
v -0.00199408 0.03315763 0.01644195
v -0.00000000 0.01799430 -0.04369911
v 0.00950000 0.01800869 -0.04377440
v -0.00000000 0.01782775 -0.04273464
v 0.00950000 0.01782775 -0.04273464
v -0.00000000 0.01739420 -0.04208579
v 0.00950000 0.01739420 -0.04208579
v -0.00000000 0.01674535 -0.04165224
v 0.00950000 0.01674535 -0.04165224
v 0.00950000 0.01597999 -0.04150000
v -0.00000000 0.01597999 -0.04150000
v 0.00500000 0.02250179 -0.03376131
v 0.00500013 0.02296267 -0.03280294
v 0.00500013 0.02296267 -0.03280294
v 0.00500013 0.02296267 -0.03280294
v 0.00500000 -0.02944334 -0.03500000
v 0.00500000 -0.02944334 -0.03500000
v 0.00500000 -0.02926021 -0.03140966
v 0.00500000 0.02250000 -0.03500000
v 0.00500000 0.02250000 -0.03500000
v 0.00500000 0.02078729 -0.04361038
v 0.00500000 0.02078729 -0.04361038
v 0.00500000 0.01590990 -0.05090991
v 0.00500000 0.00861038 -0.05578729
v 0.00500000 0.00000000 -0.05750000
v 0.00500000 -0.00861038 -0.05578729
v 0.00500000 -0.01590990 -0.05090991
v 0.00500000 -0.02078729 -0.04361038
v 0.00500000 -0.02250000 -0.03500000
v 0.01950000 -0.01979678 -0.01260230
v 0.00950000 -0.01979678 -0.01260230
v 0.00950000 -0.01947013 -0.01133357
v 0.01949542 -0.01946758 -0.01123432
v 0.00950000 0.01000000 -0.06050000
v 0.00950000 0.00977164 -0.05935195
v 0.00500000 0.01000000 -0.06050000
v 0.00500000 0.00977164 -0.05935195
v 0.00950000 0.00912132 -0.05837869
v 0.00500000 0.00912132 -0.05837869
v 0.00950000 0.00814805 -0.05772837
v 0.00500000 0.00814805 -0.05772837
v 0.00950000 0.00700000 -0.05750000
v 0.00500000 0.00700000 -0.05750000
v 0.01950000 -0.01943248 -0.02365853
v 0.00950000 -0.01943248 -0.02365853
v 0.00950000 -0.02111887 -0.02723833
v 0.01950000 -0.02111887 -0.02723833
v 0.01950000 -0.02215203 -0.03105820
v 0.00950000 -0.02215203 -0.03105820
v 0.00950000 -0.02250000 -0.03500000
v 0.00950000 -0.02078729 -0.04361038
v 0.00950000 -0.01590990 -0.05090991
v 0.00950000 -0.00861038 -0.05578729
v 0.00950000 0.00000000 -0.05750000
v 0.00950000 0.00861038 -0.05578729
v 0.00950000 0.01590990 -0.05090991
v 0.00950000 0.02078729 -0.04361038
v 0.00950000 0.02250000 -0.03500000
v 0.00950000 0.02250000 -0.03500000
v 0.00950020 0.02743261 -0.03500000
v 0.00950020 0.02743261 -0.03500000
v 0.00950020 0.02743261 -0.03500000
v 0.00799998 0.02749307 -0.03547753
v 0.00949998 0.02826049 -0.03684776
v 0.00949998 0.02826049 -0.03684776
v 0.00799979 0.02858744 -0.03711234
v 0.00799979 0.02858744 -0.03711234
v 0.00950000 0.02934434 -0.03741249
v 0.00800000 0.03000000 -0.03750000
v 0.01950000 0.02934434 -0.03741249
v 0.01950000 0.03025422 -0.03748704
v 0.00800000 0.03095671 -0.03730970
v 0.00800000 0.03095671 -0.03730970
v 0.00800000 0.03095671 -0.03730970
v 0.01950000 0.03113020 -0.03722994
v 0.00800000 0.03176777 -0.03676777
v 0.01950000 0.03185547 -0.03667548
v 0.00800000 0.03230970 -0.03595671
v 0.01950000 0.03233331 -0.03589759
v 0.00800000 0.03250000 -0.03500000
v 0.02000000 -0.03473848 -0.02640255
v 0.00850000 -0.03473296 -0.02613545
v 0.00850000 -0.03460736 -0.02676688
v 0.02000000 -0.03406473 -0.02749494
v 0.00847453 -0.03425637 -0.02729567
v 0.00847453 -0.03425637 -0.02729567
v 0.00850000 -0.03371439 -0.02765985
v 0.02000000 -0.03281587 -0.02779097
v 0.00848060 -0.03308264 -0.02778523
v 0.00850000 -0.03245153 -0.02765985
v 0.02000000 -0.03191623 -0.02730218
v 0.00847417 -0.03190779 -0.02729268
v 0.00850000 -0.03155856 -0.02676688
v 0.02000000 -0.03144833 -0.02646060
v 0.00850000 -0.03143296 -0.02613545
v 0.00750858 -0.03308296 -0.02613545
v 0.02000000 -0.02586841 -0.05921841
v 0.02000000 -0.02564569 -0.06009872
v 0.00850000 -0.02586841 -0.05921841
v 0.00850000 -0.02574281 -0.05984984
v 0.00847453 -0.02539182 -0.06037863
v 0.00847453 -0.02539182 -0.06037863
v 0.02000000 -0.02460517 -0.06085012
v 0.00850000 -0.02484984 -0.06074281
v 0.00848060 -0.02421809 -0.06086819
v 0.02000000 -0.02358698 -0.06074281
v 0.00850000 -0.02358698 -0.06074281
v 0.02000000 -0.02305168 -0.06038513
v 0.00847416 -0.02304324 -0.06037564
v 0.00850000 -0.02269401 -0.05984984
v 0.02000000 -0.02258378 -0.05954356
v 0.00850000 -0.02256841 -0.05921841
v 0.00750858 -0.02421841 -0.05921841
v 0.02000000 0.00720903 -0.06835006
v 0.00850000 0.00721455 -0.06808297
v 0.00850000 0.00734015 -0.06871439
v 0.02000000 0.00769783 -0.06924969
v 0.00847453 0.00769115 -0.06924319
v 0.00847453 0.00769115 -0.06924319
v 0.02000000 0.00847777 -0.06971467
v 0.00850000 0.00823313 -0.06960736
v 0.00848060 0.00886487 -0.06973274
v 0.02000000 0.00949598 -0.06960736
v 0.00850000 0.00949598 -0.06960736
v 0.02000000 0.01003128 -0.06924969
v 0.00847416 0.01003973 -0.06924020
v 0.00850000 0.01038895 -0.06871439
v 0.02000000 0.01049918 -0.06840810
v 0.00850000 0.01051455 -0.06808297
v 0.00750858 0.00886455 -0.06808297
v 0.02000000 0.03143296 -0.04386455
v 0.02000000 0.03165567 -0.04474486
v 0.00850000 0.03143296 -0.04386455
v 0.00850000 0.03155856 -0.04449598
v 0.00847453 0.03190956 -0.04502477
v 0.00847453 0.03190956 -0.04502477
v 0.02000000 0.03269618 -0.04549627
v 0.00850000 0.03245153 -0.04538896
v 0.00848060 0.03308328 -0.04551433
v 0.02000000 0.03371439 -0.04538896
v 0.00850000 0.03371439 -0.04538896
v 0.02000000 0.03424969 -0.04503128
v 0.00847416 0.03425813 -0.04502179
v 0.00850000 0.03460736 -0.04449598
v 0.02000000 0.03471759 -0.04418970
v 0.00850000 0.03473296 -0.04386455
v 0.00750858 0.03308296 -0.04386455
v 0.02000000 0.02256289 -0.01104869
v 0.00850000 0.02256841 -0.01078159
v 0.00850000 0.02269401 -0.01141302
v 0.02000000 0.02323665 -0.01214109
v 0.00847453 0.02304500 -0.01194181
v 0.00847453 0.02304500 -0.01194181
v 0.00850000 0.02358698 -0.01230599
v 0.02000000 0.02448550 -0.01243711
v 0.00848060 0.02421873 -0.01243137
v 0.00850000 0.02484984 -0.01230599
v 0.02000000 0.02538514 -0.01194832
v 0.00847416 0.02539358 -0.01193883
v 0.00850000 0.02574281 -0.01141302
v 0.02000000 0.02585304 -0.01110674
v 0.00850000 0.02586841 -0.01078159
v 0.00750858 0.02421841 -0.01078159
v 0.00300000 -0.02097767 -0.01767767
v 0.00300000 -0.02072647 -0.01894053
v 0.00000000 -0.02097767 -0.01767767
v 0.00000000 -0.02072647 -0.01894053
v 0.00300000 -0.02001112 -0.02001112
v -0.00000000 -0.02001112 -0.02001112
v 0.00300000 -0.01894053 -0.02072647
v -0.00000000 -0.01894053 -0.02072647
v 0.00300000 -0.01767767 -0.02097767
v -0.00000000 -0.01767767 -0.02097767
v -0.00000000 -0.01641482 -0.02072647
v 0.00300000 -0.01641482 -0.02072647
v 0.00300000 -0.01534422 -0.02001112
v -0.00000000 -0.01534422 -0.02001112
v 0.00300000 -0.01462887 -0.01894053
v -0.00000000 -0.01462887 -0.01894053
v 0.00300000 -0.01437767 -0.01767767
v -0.00000000 -0.01437767 -0.01767767
v 0.00950000 0.01217767 -0.01767767
v 0.00950000 0.01259633 -0.01978243
v 0.00300000 0.01217767 -0.01767767
v 0.00300000 0.01259633 -0.01978243
v 0.00950000 0.01378858 -0.02156676
v 0.00300000 0.01378858 -0.02156676
v 0.00300000 0.01557291 -0.02275901
v 0.00950000 0.01557291 -0.02275901
v 0.00950000 0.01767767 -0.02317767
v 0.00300000 0.01767767 -0.02317767
v 0.00950000 0.01978243 -0.02275901
v 0.00300000 0.01978243 -0.02275901
v 0.00950000 0.02156676 -0.02156676
v 0.00300000 0.02156676 -0.02156676
v 0.00300000 0.02275901 -0.01978243
v 0.00950000 0.02275901 -0.01978243
v 0.00949996 0.02319228 -0.01759945
v 0.00949996 0.02319228 -0.01759945
v 0.00300000 0.02317767 -0.01767767
v 0.00300000 0.01437767 -0.01767767
v 0.00300000 0.01462887 -0.01894053
v -0.00000000 0.01437767 -0.01767767
v -0.00000000 0.01462887 -0.01894053
v 0.00300000 0.01534422 -0.02001112
v -0.00000000 0.01534422 -0.02001112
v 0.00300000 0.01641482 -0.02072647
v -0.00000000 0.01641482 -0.02072647
v 0.00300000 0.01767767 -0.02097767
v -0.00000000 0.01767767 -0.02097767
v -0.00000000 0.01894053 -0.02072647
v 0.00300000 0.01894053 -0.02072647
v 0.00300000 0.02001112 -0.02001112
v -0.00000000 0.02001112 -0.02001112
v 0.00300000 0.02072647 -0.01894053
v -0.00000000 0.02072647 -0.01894053
v 0.00300000 0.02097767 -0.01767767
v -0.00000000 0.02097767 -0.01767767
v 0.00300000 0.01217767 0.01767767
v 0.00300000 0.01259633 0.01557291
v 0.00300000 0.01378858 0.01378858
v 0.00300000 0.01557291 0.01259633
v 0.00300000 0.01767767 0.01217767
v 0.00300000 0.01978243 0.01259633
v 0.00300000 0.02156676 0.01378858
v 0.00300000 0.02275901 0.01557291
v 0.00300000 0.02317767 0.01767767
v 0.00300000 0.01437767 0.01767767
v 0.00300000 0.01462887 0.01641482
v 0.00000000 0.01437767 0.01767767
v 0.00000000 0.01462887 0.01641482
v 0.00000000 0.01462887 0.01641482
v 0.00300000 0.01534422 0.01534422
v -0.00000000 0.01534422 0.01534422
v 0.00300000 0.01641482 0.01462887
v -0.00000000 0.01641482 0.01462887
v 0.00300000 0.01767767 0.01437767
v -0.00000000 0.01767767 0.01437767
v -0.00000000 0.01894053 0.01462887
v 0.00300000 0.01894053 0.01462887
v 0.00300000 0.02001112 0.01534422
v -0.00000000 0.02001112 0.01534422
v 0.00300000 0.02072647 0.01641482
v -0.00000000 0.02072647 0.01641482
v 0.00300000 0.02097767 0.01767767
v -0.00000000 0.02097767 0.01767767
v 0.00600000 0.00300000 0.02500000
v 0.00600000 0.00277164 0.02385195
v 0.00600000 0.00212132 0.02287868
v 0.00600000 0.00114805 0.02222836
v 0.00600000 0.00000000 0.02200000
v 0.00600000 -0.00114805 0.02222836
v 0.00600000 -0.00212132 0.02287868
v 0.00600000 -0.00277164 0.02385195
v 0.00600000 -0.00300000 0.02500000
v 0.00950000 -0.01073524 0.00031677
v 0.00370000 -0.01070887 -0.00018753
v 0.00950000 -0.01080798 -0.00042681
v 0.00370000 -0.01122031 -0.00078841
v 0.00950000 -0.01145669 -0.00083543
v 0.00370000 -0.01212136 -0.00056011
v 0.00950000 -0.01228210 -0.00032396
v 0.00370000 -0.01225526 0.00035972
v 0.00950000 0.01226476 0.00031677
v 0.00370000 0.01234654 -0.00000000
v 0.00950000 0.01217829 -0.00045076
v 0.00370000 0.01194894 -0.00067189
v 0.00950000 0.01154331 -0.00083543
v 0.00370000 0.01122031 -0.00078841
v 0.00950000 0.01084085 -0.00047601
v 0.00370000 0.01066457 -0.00004331
v 0.00950000 0.01071159 0.00027969
v 0.00300000 -0.02317767 0.01767767
v 0.00300000 -0.02275901 0.01557291
v 0.00300000 -0.02156676 0.01378858
v 0.00300000 -0.01978243 0.01259633
v 0.00300000 -0.01767767 0.01217767
v 0.00300000 -0.01557291 0.01259633
v 0.00300000 -0.01378858 0.01378858
v 0.00300000 -0.01259633 0.01557291
v 0.00300000 -0.01217767 0.01767767
v 0.00300000 -0.02097767 0.01767767
v 0.00300000 -0.02072647 0.01641482
v 0.00000000 -0.02097767 0.01767767
v 0.00000000 -0.02072647 0.01641482
v 0.00300000 -0.02001112 0.01534422
v 0.00000000 -0.02001112 0.01534422
v 0.00300000 -0.01894053 0.01462887
v 0.00000000 -0.01894053 0.01462887
v 0.00300000 -0.01767767 0.01437767
v 0.00000000 -0.01767767 0.01437767
v 0.00000000 -0.01641482 0.01462887
v 0.00300000 -0.01641482 0.01462887
v 0.00300000 -0.01534422 0.01534422
v 0.00000000 -0.01534422 0.01534422
v 0.00300000 -0.01462887 0.01641482
v 0.00000000 -0.01462887 0.01641482
v 0.00000000 -0.01462887 0.01641482
v 0.00300000 -0.01437767 0.01767767
v 0.00000000 -0.01437767 0.01767767
v 0.00950000 -0.02010000 -0.03500000
v 0.00950000 -0.01983373 -0.03826084
v 0.00950000 -0.01774573 -0.04443923
v -0.00000000 -0.01327320 -0.05009411
v -0.00000000 -0.01774573 -0.04443923
v 0.00950000 -0.01904199 -0.04143528
v -0.00000000 -0.00709290 -0.05380694
v -0.00000000 -0.00000000 -0.05510000
v -0.00000000 0.00709290 -0.05380694
v -0.00000000 0.01327320 -0.05009411
v -0.00000000 0.01774573 -0.04443923
v 0.00950000 0.01904199 -0.04143528
v 0.00950000 0.01983373 -0.03826084
v 0.00950000 0.02010000 -0.03500000
v 0.00950000 0.01982361 -0.03167818
v 0.00950000 0.01900204 -0.02844772
v 0.00950000 0.01765789 -0.02539745
v -0.00000000 0.01065990 -0.03516711
v 0.00530000 0.01069670 -0.03484021
v 0.00530000 0.01091468 -0.03558532
v -0.00000000 0.01161914 -0.03586035
v 0.00530000 0.01182395 -0.03578210
v -0.00000000 0.01230330 -0.03515979
v 0.00530000 0.01234045 -0.03478084
v -0.00000000 -0.01226476 -0.03468323
v 0.00530000 -0.01230330 -0.03484021
v -0.00000000 -0.01217829 -0.03545076
v 0.00530000 -0.01208532 -0.03558532
v -0.00000000 -0.01150000 -0.03584654
v 0.00530000 -0.01117605 -0.03578210
v -0.00000000 -0.01080798 -0.03542681
v 0.00530000 -0.01065955 -0.03478084
v -0.00000000 -0.01073524 -0.03468323
v 0.00351359 -0.02633796 -0.03013618
v 0.00500012 -0.02298076 -0.03278919
v 0.00500012 -0.02298076 -0.03278919
v 0.00500000 -0.02668083 -0.02997466
v 0.00049141 -0.02295589 -0.03280203
v 0.00300000 -0.02706930 -0.02944916
v 0.00050103 -0.02494755 -0.03130743
v -0.00200000 -0.03314776 -0.02238809
v -0.00200302 -0.02494293 -0.03131745
v 0.00300000 -0.03257418 -0.02321472
v 0.00300000 -0.03257418 -0.02321472
v 0.00300000 -0.03257418 -0.02321472
v 0.00300000 -0.03667079 -0.01597665
v -0.00200000 -0.03824860 -0.01170662
v 0.00300000 -0.03918204 -0.00804786
v 0.00350000 -0.03996076 -0.00177143
v 0.00949998 -0.02319201 -0.01759613
v 0.00949998 -0.02319201 -0.01759613
v 0.00950000 -0.02275901 -0.01978243
v 0.00300000 -0.02317767 -0.01767767
v 0.00300000 -0.02275901 -0.01978243
v 0.00950000 -0.02156676 -0.02156676
v 0.00300000 -0.02156676 -0.02156676
v 0.00300000 -0.01978243 -0.02275901
v 0.00950000 -0.01978243 -0.02275901
v 0.00950000 -0.01767767 -0.02317767
v 0.00300000 -0.01767767 -0.02317767
v 0.00950000 -0.01557291 -0.02275901
v 0.00300000 -0.01557291 -0.02275901
v 0.00950000 -0.01378858 -0.02156676
v 0.00300000 -0.01378858 -0.02156676
v 0.00300000 -0.01259633 -0.01978243
v 0.00950000 -0.01259633 -0.01978243
v 0.00950000 -0.01217767 -0.01767767
v 0.00300000 -0.01217767 -0.01767767
v 0.00049906 0.02198933 -0.00341867
v 0.00899184 0.02200859 -0.00342753
v 0.00899379 0.02485725 -0.00564655
v 0.00050000 0.02568429 -0.00638672
v 0.00900000 0.02718826 -0.00781175
v 0.00900047 0.03160061 -0.01305767
v 0.00950000 0.03220274 -0.01399081
v 0.00050000 0.02871099 -0.00942498
v 0.00950000 0.03503857 -0.01916646
v 0.00950000 0.03503857 -0.01916646
v 0.00048449 0.03151039 -0.01294931
v 0.00950000 0.03704894 -0.02471513
v 0.00950000 0.03704894 -0.02471513
v 0.00950000 0.03704894 -0.02471513
v 0.00950000 0.03818648 -0.03050609
v 0.00903772 0.03845000 -0.03500000
v 0.00900000 0.03841228 -0.03670279
v 0.00350000 0.03612416 -0.04816996
v 0.00350000 0.03841228 -0.03670279
v 0.00350000 0.03049507 -0.05841909
v 0.00350000 0.02204561 -0.06650229
v 0.00350000 0.01155725 -0.07167196
v 0.00350000 0.00000000 -0.07345000
v 0.00350000 -0.01155725 -0.07167196
v 0.00350000 -0.02204561 -0.06650229
v 0.00350000 -0.03049507 -0.05841909
v 0.00350000 -0.03612416 -0.04816996
v 0.00900000 -0.03841228 -0.03670279
v 0.00903772 -0.03845000 -0.03500000
v 0.00350000 -0.03841228 -0.03670279
v 0.00530000 0.00701503 -0.03799861
v -0.00000000 0.00704163 -0.03799668
v -0.00000000 -0.00919201 -0.03799954
v 0.00530000 -0.00935565 -0.03799447
v 0.00370000 0.00701628 0.00299726
v 0.00950000 0.00704038 0.00299831
v 0.00370000 -0.00919201 0.00299954
v 0.00950000 -0.00935565 0.00299447
v -0.00000003 0.02742774 0.01593664
v 0.00000000 0.01964027 0.02462742
v -0.00200054 0.02691950 0.01647253
v -0.00200000 0.01964027 0.02462742
v -0.00200000 0.01040400 0.02973226
v 0.00000000 0.01040400 0.02973226
v 0.00000000 0.01040400 0.02973226
v -0.00200000 -0.00000000 0.03150000
v 0.00000000 0.00000000 0.03150000
v 0.00000000 0.00000000 0.03150000
v 0.00000000 0.00000000 0.03150000
v 0.00000000 -0.01040400 0.02973226
v 0.00000000 -0.01040400 0.02973226
v 0.00000000 -0.01040400 0.02973226
v -0.00200000 -0.01040400 0.02973226
v 0.00000000 -0.01964027 0.02462742
v -0.00200000 -0.01964027 0.02462742
v 0.00000001 -0.02689588 0.01650334
v -0.00199784 -0.02734257 0.01602462
v 0.00000001 -0.02856708 -0.01333203
v 0.00000000 -0.02638076 -0.01721353
v -0.00199462 -0.02868251 -0.01314517
v -0.00200000 -0.02638076 -0.01721353
v 0.00000000 -0.02390224 -0.02051665
v -0.00200000 -0.02390224 -0.02051665
v -0.00000001 -0.02069193 -0.02380342
v -0.00201035 -0.02057734 -0.02393981
v -0.00000000 -0.01800207 -0.04338360
v -0.00000000 -0.01747016 -0.04212824
v -0.00000000 -0.01631711 -0.04150118
v -0.00000059 -0.02376854 -0.03155009
v 0.00000009 -0.02279535 -0.03125819
v 0.00000013 -0.02228946 -0.03281702
v 0.00000001 -0.02202574 -0.03030652
v -0.00000000 -0.00998072 -0.03737488
v -0.00000000 -0.02134609 -0.02784836
v -0.00000001 -0.02029309 -0.02502539
v -0.00000000 -0.01150000 -0.03415347
v -0.00000000 -0.00998955 -0.03263747
v -0.00000002 -0.02667857 -0.00793334
v -0.00000005 -0.02956493 -0.01255519
v 0.00003791 -0.03064349 -0.01251024
v 0.00000000 -0.02072647 -0.01641482
v -0.00000000 -0.00919247 -0.03200078
v 0.00000000 -0.02001112 -0.01534422
v 0.00000000 -0.01894053 -0.01462887
v -0.00000000 0.00751411 -0.03721139
v -0.00000000 0.00841758 -0.03795014
v -0.00000000 0.00809496 -0.03732694
v 0.00000007 -0.02105583 -0.00324408
v 0.00000000 -0.01767767 -0.01437767
v -0.00000000 0.00999300 -0.03721335
v -0.00000000 0.00951743 -0.03789677
v -0.00000000 0.00998955 -0.03263747
v -0.00000000 0.01104497 -0.03431899
v -0.00000000 0.01197588 -0.03428780
v -0.00000001 -0.01547580 -0.00419079
v 0.00000001 -0.01428775 -0.00499941
v 0.00000000 -0.01641482 -0.01462887
v -0.00000000 -0.01534422 -0.01534422
v -0.00000000 -0.01462887 -0.01641482
v 0.00001917 -0.02910949 0.01594932
v 0.00000001 -0.02800209 0.01582573
v 0.00000001 -0.02800209 0.01582573
v 0.00000000 -0.02780235 0.01222415
v 0.00000016 -0.02117112 0.00635964
v 0.00000002 -0.01545653 0.00420127
v 0.00000001 -0.01428843 0.00499886
v 0.00000009 0.02279535 -0.03125819
v 0.00000000 0.02202863 -0.03030664
v -0.00000059 0.02376854 -0.03155009
v -0.00000000 0.02134627 -0.02784888
v -0.00000000 0.02040294 -0.02548367
v 0.00000000 -0.02554017 0.00928535
v -0.00000000 0.00919193 -0.03200040
v -0.00000000 0.02054008 -0.02398965
v 0.00000000 -0.02072647 0.01894053
v -0.00000000 0.01462887 -0.01641482
v -0.00000000 0.02390224 -0.02051665
v 0.00000000 -0.01767767 0.02097767
v 0.00000000 -0.01641482 0.02072647
v 0.00000000 -0.01894053 0.02072647
v 0.00000000 -0.02001112 0.02001112
v 0.00000001 0.01428843 -0.00499886
v -0.00000000 0.01534422 -0.01534422
v -0.00000000 0.01641482 -0.01462887
v -0.00000000 0.02638076 -0.01721353
v -0.00000000 0.02072647 -0.01641482
v -0.00000000 0.01767767 -0.01437767
v -0.00000001 0.01547580 -0.00419079
v 0.00000001 0.02856607 -0.01333233
v 0.00000001 0.02856607 -0.01333233
v -0.00000000 0.02001112 -0.01534422
v 0.00000010 0.02109511 -0.00327388
v -0.00000000 0.01894053 -0.01462887
v -0.00000002 0.02667857 -0.00793334
v -0.00000005 0.02956493 -0.01255519
v 0.00003792 0.03064351 -0.01251024
v 0.00000001 0.01545653 0.00420127
v 0.00000000 -0.01534422 0.02001112
v 0.00000000 -0.01462887 0.01894053
v 0.00000000 0.01428775 0.00499941
v 0.00000029 -0.00198962 0.02797767
v 0.00000012 0.02100514 0.00541636
v 0.00000002 0.02206151 0.00696364
v 0.00000081 0.00069017 0.02846974
v 0.00000019 0.00295792 0.02698612
v 0.00000000 0.01462887 0.01894053
v 0.00000000 0.01534422 0.02001112
v -0.00000000 0.02554017 0.00928535
v -0.00000000 0.02780235 0.01222415
v 0.00000000 0.01641482 0.02072647
v -0.00000000 0.02072647 0.01894053
v -0.00000000 0.02001112 0.02001112
v 0.00000000 0.01894053 0.02072647
v 0.00000000 0.01767767 0.02097767
v 0.00000424 0.02906840 0.01588454
v 0.00950000 -0.00757632 -0.05751403
v 0.00500000 -0.00700000 -0.05750000
v 0.00500000 -0.00805461 -0.05769148
v 0.00950000 -0.00897459 -0.05824146
v 0.00500000 -0.00897459 -0.05824146
v 0.00950000 -0.00964252 -0.05907975
v 0.00500000 -0.00964252 -0.05907975
v 0.00950000 -0.00997312 -0.06009934
v 0.00500000 -0.00997312 -0.06009934
v 0.00950000 -0.00992421 -0.06117007
v 0.00500000 -0.00992421 -0.06117007
v 0.00950000 -0.00950202 -0.06215527
v 0.00500000 -0.00950202 -0.06215527
v 0.00500000 -0.00950202 -0.06215527
v 0.00950000 -0.00876045 -0.06292916
v 0.00500035 -0.00848992 -0.06309175
v 0.00353799 -0.00735451 -0.06350055
v 0.00950000 -0.00779415 -0.06339298
v 0.01949868 -0.00756563 -0.06349538
v 0.00300000 -0.03009851 -0.05811455
v 0.00300000 -0.02381123 -0.05315568
v 0.00300000 -0.02175893 -0.06609263
v 0.00300000 -0.03565441 -0.04799869
v 0.00300000 -0.01674956 -0.05982047
v 0.00300000 -0.01140696 -0.07119509
v 0.00300000 -0.03791277 -0.03668064
v 0.00300000 -0.02836892 -0.04458164
v 0.00300000 -0.00759197 -0.06400544
v 0.00300000 0.00000000 -0.07295000
v 0.00300000 0.00766900 -0.06399633
v 0.00300000 0.01140696 -0.07119509
v 0.00300019 -0.02848027 -0.02970408
v 0.00300000 0.01743606 -0.05934311
v 0.00300000 0.02175893 -0.06609263
v 0.00300000 0.03009851 -0.05811455
v 0.00300000 0.02478759 -0.05179819
v 0.00300000 0.03565441 -0.04799869
v 0.00300000 0.02907120 -0.04217417
v 0.00300000 0.03791277 -0.03668064
v 0.00300001 0.02977138 -0.03120441
v 0.00300000 0.03257418 -0.02321472
v 0.00300018 0.02848027 -0.02970408
v 0.00300000 0.02706930 -0.02944916
v 0.00300000 0.03667079 -0.01597665
v 0.00300000 0.03918204 -0.00804786
v 0.02000000 -0.02560418 -0.05829246
v 0.02000000 -0.02415346 -0.05269784
v 0.02000000 -0.02389326 -0.05758379
v 0.02000000 -0.02305168 -0.05805168
v 0.02000000 -0.02484984 -0.05769401
v 0.02000000 -0.01698571 -0.05965947
v 0.02000000 -0.02269401 -0.05858698
v 0.02000000 -0.02863162 -0.04376549
v 0.02000000 -0.00767210 -0.06399225
v 0.02000000 -0.02992152 -0.03385705
v 0.02000000 -0.02992152 -0.03385705
v 0.02000000 -0.03665689 -0.02517782
v 0.02000000 0.00747878 -0.06715703
v 0.02000000 -0.03446873 -0.02520950
v 0.02000000 -0.03371439 -0.02461105
v 0.02000000 0.00766361 -0.06399480
v 0.02000000 0.00823313 -0.06655856
v 0.02000000 0.00918970 -0.06644833
v 0.02000000 0.01003128 -0.06691624
v 0.02000000 -0.02787951 -0.02407588
v 0.02000000 -0.03155856 -0.02550402
v 0.02000000 -0.03191623 -0.02496872
v 0.02000000 -0.03275781 -0.02450082
v 0.02000000 -0.03286567 -0.01602500
v 0.02000000 0.01612313 -0.06023189
v 0.02000000 0.01038895 -0.06745154
v 0.02000000 -0.02273299 -0.01551117
v 0.02000000 -0.02683470 -0.00816530
v 0.02000000 -0.02217806 -0.01451595
v 0.02000000 -0.02217806 -0.01451595
v 0.02000000 -0.02142995 -0.01365643
v 0.02000029 -0.02500646 -0.00705230
v 0.01999909 -0.02030224 -0.01282534
v 0.02000000 0.02287292 -0.05432441
v 0.02000031 -0.02022630 -0.00947812
v 0.02000023 -0.02216096 -0.00736648
v 0.02000000 0.02757018 -0.04668283
v 0.02000000 0.03169719 -0.04293861
v 0.02000000 0.03460736 -0.04323313
v 0.02000000 0.02979339 -0.03799288
v 0.01999986 0.03124975 -0.03777343
v 0.02000000 0.03245153 -0.04234016
v 0.02000000 0.03340811 -0.04222993
v 0.01999993 0.03268270 -0.03643395
v 0.02000000 0.02857944 -0.02606584
v 0.02000000 0.03424969 -0.04269783
v 0.02000000 0.02142995 -0.01365643
v 0.02000000 0.02142995 -0.01365643
v 0.02000000 0.02217806 -0.01451595
v 0.02000000 0.02030532 -0.00946407
v 0.02000000 0.02273299 -0.01551117
v 0.02000000 0.02283264 -0.00985566
v 0.02000000 0.02619335 -0.02049098
v 0.02000094 0.02175956 -0.00763715
v 0.02000000 0.02358698 -0.00925719
v 0.02000000 0.02400392 -0.00699275
v 0.02000000 0.02454356 -0.00914697
v 0.02000000 0.02574281 -0.01015017
v 0.02000000 0.02538514 -0.00961487
v 0.01999975 -0.02001484 -0.02983241
v 0.02000000 -0.02166709 -0.03118720
v 0.02000000 -0.02067842 -0.02748980
v 0.02000000 -0.01802882 -0.02503398
v 0.02000000 -0.01906391 -0.02401969
v 0.00950000 -0.03818648 -0.03050609
v 0.01950000 -0.03713985 -0.02504841
v 0.00950000 -0.03704894 -0.02471513
v 0.00950000 -0.03503857 -0.01916646
v 0.00950000 -0.03503857 -0.01916646
v 0.00950000 -0.03503857 -0.01916646
v 0.01950000 -0.03329868 -0.01577500
v 0.00950000 -0.03220274 -0.01399081
v 0.00899548 -0.03159857 -0.01305522
v 0.01950000 -0.02718826 -0.00781175
v 0.00900000 -0.02718826 -0.00781175
v 0.00050000 -0.02871099 -0.00942498
v 0.00048449 -0.03151037 -0.01294929
v 0.00050000 -0.02568429 -0.00638672
v 0.00899386 -0.02485725 -0.00564655
v 0.00049768 -0.02199019 -0.00341946
v 0.00899484 -0.02201049 -0.00342934
v 0.00300000 -0.01259633 -0.01557291
v 0.00950000 -0.01259752 -0.01557004
v 0.00300000 -0.01378858 -0.01378858
v 0.00950000 -0.01379298 -0.01378419
v 0.00300000 -0.01557291 -0.01259633
v 0.00950000 -0.01558153 -0.01259277
v 0.00300000 -0.01767767 -0.01217767
v 0.00950000 -0.01769010 -0.01217768
v 0.00300000 -0.01978243 -0.01259633
v 0.00300000 -0.02156676 -0.01378858
v 0.00950000 -0.02309713 -0.01673986
v 0.00300000 -0.02275901 -0.01557291
v 0.01950000 -0.02309713 -0.01673986
v 0.00950000 0.01943248 -0.02365853
v 0.01950000 -0.01765789 -0.02539745
v 0.00950000 -0.01765789 -0.02539745
v 0.00530000 -0.00999579 -0.03723544
v 0.00530000 -0.00999202 -0.03275685
v 0.00530000 -0.00935139 -0.03200249
v 0.00530000 0.00935473 -0.03200487
v 0.00530000 0.00999202 -0.03275685
v 0.00530000 0.00999579 -0.03723544
v 0.00530000 0.00944808 -0.03792839
v 0.00530000 0.00841196 -0.03793646
v -0.00250008 -0.02459083 -0.03096314
v -0.00250287 -0.02276466 -0.03069727
v -0.00250000 -0.03777049 -0.01156029
v -0.00249991 -0.03523607 -0.01285245
v -0.00250000 -0.03273341 -0.02210824
v -0.00249941 -0.03315698 -0.01428525
v -0.00249998 -0.02564850 -0.01924925
v -0.00249994 -0.03702200 -0.00633057
v -0.00250506 -0.03031523 -0.01288128
v -0.00250010 -0.02899781 -0.01358573
v -0.00250056 -0.02895169 0.01640956
v -0.00250031 -0.02739039 0.01667642
v -0.00249990 -0.03051290 0.01765004
v -0.00249978 -0.03218088 0.01774915
v -0.00250078 0.02264251 -0.03047963
v -0.00250071 0.02076034 -0.02456026
v -0.00249998 0.02564850 -0.01924925
v -0.00250000 -0.01995202 0.02501833
v -0.00250493 0.03031524 -0.01288114
v -0.00250011 0.02899781 -0.01358573
v -0.00249941 0.03315698 -0.01428525
v -0.00250000 -0.01056914 0.03020420
v -0.00250098 0.03527067 -0.01285064
v -0.00250000 -0.00000000 0.03200000
v -0.00250000 0.03739500 -0.00280434
v -0.00250000 0.03739500 -0.00280434
v -0.00250000 0.03683300 0.00704135
v -0.00250000 0.03683300 0.00704135
v -0.00250342 0.02873729 0.01628926
v -0.00250003 0.02728107 0.01681005
v -0.00249990 0.03051290 0.01765004
v -0.00250000 0.01056914 0.03020420
v -0.00250000 0.03372370 0.01640008
v -0.00250000 0.01995202 0.02501833
v -0.00249923 0.03240566 0.01771987
v 0.00350000 0.03996076 -0.00177143
v 0.00900006 0.03999303 -0.00103388
v 0.00354580 0.02625572 -0.03019969
v 0.00500000 0.02675467 -0.02993576
v 0.00500000 0.02675467 -0.02993576
v 0.00050107 0.02494736 -0.03130764
v -0.00200052 0.02068569 -0.02381079
v -0.00200000 0.02390224 -0.02051665
v -0.00200000 0.02638076 -0.01721353
v -0.00200047 0.02869840 -0.01313341
v 0.00530000 -0.01166711 -0.03415990
v 0.00530000 0.01133289 -0.03415990
v 0.02000000 -0.00395936 -0.01335922
v 0.02000000 -0.01136510 -0.01616295
v 0.02000000 -0.01033001 -0.01717724
v 0.02000000 -0.00358853 -0.01471497
v 0.02000000 0.00358853 -0.01471497
v 0.02000000 0.00395936 -0.01335922
v 0.02000000 0.01033001 -0.01717724
v 0.02000000 0.01136510 -0.01616295
v 0.00950000 -0.01900204 -0.02844772
v 0.01950000 -0.01900204 -0.02844772
v 0.01950000 -0.01982361 -0.03167818
v 0.00950000 -0.01982361 -0.03167818
v 0.00950000 0.00995908 -0.01754071
v 0.01950000 0.00995908 -0.01754071
v 0.00950000 0.00345591 -0.01519933
v 0.01950000 0.00345591 -0.01519933
v 0.01950000 -0.00345591 -0.01519933
v 0.00950000 -0.00345591 -0.01519933
v 0.01950000 -0.00995908 -0.01754071
v 0.00950000 -0.00995908 -0.01754071
v 0.00950000 -0.01654110 -0.05935780
v 0.00950000 -0.02351753 -0.05271541
v 0.00950000 -0.02797671 -0.04417681
v 0.00950000 -0.01755342 -0.04222459
v 0.00950000 -0.01800539 -0.04351091
v 0.00950000 -0.01638242 -0.04150289
v 0.00950000 -0.02944133 -0.03465595
v 0.00949996 -0.01428774 -0.03999938
v 0.00949998 -0.01545653 -0.03920123
v 0.00950000 -0.02775462 -0.02517192
v 0.00949972 -0.03365341 -0.01408678
v 0.00949995 -0.03526079 -0.01291312
v 0.00950002 -0.01547580 -0.03080906
v 0.00950000 -0.01428843 -0.03000114
v 0.00950000 0.01596595 -0.05973861
v 0.00950000 0.00966826 -0.06191836
v 0.00950000 0.00867813 -0.06298675
v 0.00950000 -0.03739500 -0.00280434
v 0.00950000 0.02266194 -0.05379752
v 0.00949976 -0.02104135 -0.00319062
v 0.00950000 -0.02524914 -0.00666833
v 0.00950000 -0.02359903 -0.00651099
v 0.00950000 -0.03683300 0.00704135
v 0.00950000 -0.01980565 -0.00936680
v 0.00950000 -0.02200378 -0.00696130
v 0.00950000 -0.01173367 -0.01580179
v 0.00949995 0.01428806 -0.03999811
v 0.00950000 -0.02067951 -0.00795827
v 0.00949993 0.01545765 -0.03920566
v 0.00950000 0.02726317 -0.04611890
v 0.00950000 -0.00409163 -0.01287516
v 0.00950002 0.01547580 -0.03080906
v 0.00950000 -0.00998072 -0.00237488
v 0.00950000 -0.00919247 -0.00299922
v 0.00950000 -0.01206011 0.00062136
v 0.00949997 -0.02100850 0.00542014
v 0.00949999 0.01428775 -0.03000059
v 0.00950000 0.00409163 -0.01287516
v 0.00949943 -0.03350064 0.01700549
v 0.00949971 -0.03111672 0.01782986
v 0.00949994 -0.02939113 0.01677456
v 0.00950000 -0.02780235 0.01222415
v 0.00950000 -0.02554017 0.00928535
v 0.00949995 -0.02206153 0.00696362
v 0.00950000 -0.00999579 0.00223544
v 0.00950000 -0.01131247 0.00079113
v 0.00950000 0.02215203 -0.03105820
v 0.00949997 0.02826049 -0.03315224
v 0.00949997 0.02826049 -0.03315224
v 0.00950000 0.01173367 -0.01580179
v 0.00950000 -0.02322095 0.01997377
v 0.00950000 0.01259752 -0.01557004
v 0.00950000 -0.02192031 0.02192031
v 0.00950000 0.02111887 -0.02723833
v 0.00950000 0.01379298 -0.01378419
v 0.00950000 0.02831551 -0.02692895
v 0.00950000 0.02934434 -0.03258751
v 0.00950000 0.02620628 -0.02157835
v 0.00950000 0.00919175 -0.00299922
v 0.00950000 0.01558153 -0.01259277
v 0.00950000 0.00997637 -0.00242269
v 0.00950000 0.01950063 -0.01097549
v 0.00950000 0.01769010 -0.01217768
v 0.00950000 0.01979678 -0.01260230
v 0.00950000 -0.01997377 0.02322095
v 0.00950000 -0.01767767 0.02367767
v 0.00950000 0.00796000 0.00219096
v 0.00950000 0.00737893 0.00235291
v 0.00950000 0.01981164 -0.00935146
v 0.00950000 0.00841196 0.00293646
v 0.00950000 0.00999633 0.00220518
v 0.00950000 0.01150000 0.00084654
v 0.00950000 0.00949333 0.00291702
v 0.00950000 0.02068786 -0.00794916
v 0.00949989 0.02109212 -0.00324435
v 0.00950000 0.02201116 -0.00695765
v 0.00950000 0.02201116 -0.00695765
v 0.00949997 0.02368858 -0.00533952
v 0.00950000 0.02360313 -0.00651062
v 0.00950000 0.02360313 -0.00651062
v 0.00950000 0.02524914 -0.00666833
v 0.00949971 0.03365341 -0.01408678
v 0.00949985 0.03520881 -0.01291737
v 0.00950000 -0.01538157 0.02322095
v 0.00950000 -0.01343503 0.02192031
v 0.00949997 0.02100888 0.00541459
v 0.00949997 0.03702203 -0.00633058
v 0.00949992 0.02205539 0.00697083
v 0.00950000 -0.01213439 0.01997377
v 0.00950000 0.01213439 0.01997377
v 0.00950000 0.02554017 0.00928535
v 0.00950000 0.01343503 0.02192031
v 0.00950000 0.02780235 0.01222415
v 0.00949923 0.02945257 0.01700530
v 0.00950000 0.02322095 0.01997377
v 0.00950000 0.01538157 0.02322095
v 0.00950000 0.01767767 0.02367767
v 0.00950000 0.02192031 0.02192031
v 0.00949976 0.03202995 0.01778344
v 0.00950000 0.01997377 0.02322095
v 0.00950000 0.00779415 -0.06339298
v 0.00950000 0.02309713 -0.01673986
v 0.00370000 -0.01498820 -0.00386442
v 0.00370000 -0.01419209 -0.00449949
v 0.00370000 -0.00999579 -0.00223544
v 0.00370000 -0.00935139 -0.00299752
v 0.00370000 -0.01499381 0.00385658
v 0.00370000 -0.01165765 0.00079255
v 0.00370000 -0.01419209 0.00449949
v 0.00370000 -0.00998072 0.00237488
v 0.00370000 -0.01090141 0.00059859
v 0.00370000 0.00923077 -0.00299807
v 0.00370000 0.01435017 -0.00449839
v 0.00370000 0.00998955 -0.00236253
v 0.00370000 0.00737620 0.00234543
v 0.00370000 0.00795408 0.00220532
v 0.00370000 0.00841758 0.00295013
v 0.00370000 0.01499522 -0.00373659
v 0.00370000 0.00999202 0.00224316
v 0.00370000 0.01114028 0.00075526
v 0.00370000 0.01192682 0.00069202
v 0.00370000 0.01419173 0.00449974
v 0.00370000 0.00947502 0.00290912
v 0.00370000 0.01499381 0.00385658
v 0.00300000 -0.01462887 0.01894053
v 0.00300000 -0.01534422 0.02001112
v 0.00300000 -0.01641482 0.02072647
v 0.00300000 -0.01767767 0.02097767
v 0.00300000 -0.01894053 0.02072647
v 0.00300000 -0.02001112 0.02001112
v 0.00300000 -0.02072647 0.01894053
v 0.00300000 -0.01259633 0.01978243
v 0.00300000 -0.01378858 0.02156676
v 0.00300000 -0.01557291 0.02275901
v 0.00300000 -0.01767767 0.02317767
v 0.00300000 -0.02275901 0.01978243
v 0.00300000 -0.01978243 0.02275901
v 0.00300000 -0.02156676 0.02156676
v 0.00900000 -0.01259633 0.01978243
v 0.00900000 -0.01378858 0.02156676
v 0.00900000 -0.01557291 0.02275901
v 0.00900000 -0.01767767 0.02317767
v 0.00900000 -0.01978243 0.02275901
v 0.00900000 -0.02156676 0.02156676
v 0.00900000 -0.02275901 0.01978243
v 0.00049983 0.01435136 0.00449681
v 0.00050199 0.01499520 0.00373637
v 0.00049991 -0.01434913 0.00449838
v 0.00050199 -0.01499520 0.00373637
v 0.00049794 -0.01499747 -0.00373282
v 0.00049836 -0.01434944 -0.00449838
v 0.00049990 0.01419209 -0.00449948
v 0.00050174 0.01499302 -0.00386516
v 0.00600000 -0.00114805 0.02777164
v 0.00600000 0.00000000 0.02800000
v 0.00600000 -0.00212132 0.02712132
v 0.00600000 0.00277164 0.02614805
v 0.00600000 -0.00277164 0.02614805
v 0.00600000 0.00212132 0.02712132
v 0.00600000 0.00114805 0.02777164
v 0.00050000 -0.00277164 0.02614805
v 0.00050000 -0.00212132 0.02712132
v 0.00050000 -0.00114805 0.02777164
v 0.00050000 0.00000000 0.02800000
v 0.00050000 0.00114805 0.02777164
v 0.00050000 0.00212132 0.02712132
v 0.00050000 0.00277164 0.02614805
v 0.00300000 0.02072647 0.01894053
v 0.00300000 0.02001112 0.02001112
v 0.00300000 0.01894053 0.02072647
v 0.00300000 0.01767767 0.02097767
v 0.00300000 0.01641482 0.02072647
v 0.00300000 0.01534422 0.02001112
v 0.00300000 0.01462887 0.01894053
v 0.00300000 0.02275901 0.01978243
v 0.00300000 0.02156676 0.02156676
v 0.00300000 0.01978243 0.02275901
v 0.00300000 0.01767767 0.02317767
v 0.00300000 0.01557291 0.02275901
v 0.00300000 0.01259633 0.01978243
v 0.00300000 0.01378858 0.02156676
v 0.00900000 0.02275901 0.01978243
v 0.00900000 0.02156676 0.02156676
v 0.00900000 0.01978243 0.02275901
v 0.00900000 0.01767767 0.02317767
v 0.00900000 0.01557291 0.02275901
v 0.00900000 0.01378858 0.02156676
v 0.00900000 0.01259633 0.01978243
v 0.00300000 0.02072647 -0.01641482
v 0.00300000 0.02001112 -0.01534422
v 0.00300000 0.01894053 -0.01462887
v 0.00300000 0.01767767 -0.01437767
v 0.00300000 0.01641482 -0.01462887
v 0.00300000 0.01534422 -0.01534422
v 0.00300000 0.01462887 -0.01641482
v 0.00300000 0.02275901 -0.01557291
v 0.00300000 0.02156676 -0.01378858
v 0.00300000 0.02156676 -0.01378858
v 0.00300000 0.01978243 -0.01259633
v 0.00300000 0.01767767 -0.01217767
v 0.00300000 0.01259633 -0.01557291
v 0.00300000 0.01557291 -0.01259633
v 0.00300000 0.01378858 -0.01378858
v 0.01950000 0.02309713 -0.01673986
v 0.00300000 -0.01462887 -0.01641482
v 0.00300000 -0.01534422 -0.01534422
v 0.00300000 -0.01641482 -0.01462887
v 0.00300000 -0.01767767 -0.01437767
v 0.00300000 -0.01894053 -0.01462887
v 0.00300000 -0.02001112 -0.01534422
v 0.00300000 -0.02072647 -0.01641482
v 0.01950000 0.01173367 -0.01580179
v 0.01950000 -0.01173367 -0.01580179
v 0.00530000 0.01419173 -0.03949974
v 0.00899719 0.01435933 -0.03949647
v 0.00530000 0.01498820 -0.03886442
v 0.00900094 0.01499760 -0.03872978
v 0.00900086 -0.01419172 -0.03949973
v 0.00530000 -0.01435236 -0.03949682
v 0.00530000 -0.01499522 -0.03873659
v 0.00899614 -0.01499315 -0.03886365
v 0.00530000 -0.01499381 -0.03114342
v 0.00900164 -0.01499534 -0.03126543
v 0.00530000 -0.01419173 -0.03050026
v 0.00899719 -0.01435934 -0.03050353
v 0.00900085 0.01419172 -0.03050027
v 0.00530000 0.01435236 -0.03050318
v 0.00530000 0.01499753 -0.03126814
v 0.00899373 0.01498707 -0.03112858
v 0.00530000 0.00737620 -0.03734543
v 0.00530000 0.00798589 -0.03721139
v -0.00199717 0.02218813 -0.03074151
v -0.00199997 0.02134609 -0.02784836
v -0.00200458 0.02030759 -0.02508747
v -0.00200000 -0.02134627 -0.02784888
v -0.00201932 -0.02222454 -0.03077477
v -0.00199856 -0.02356195 -0.03154706
v -0.00200780 0.02355263 -0.03154535
v 0.00848064 0.02559434 -0.00984180
v 0.00850000 0.02484984 -0.00925719
v 0.00847778 0.02390909 -0.00914418
v 0.00847416 0.02304689 -0.00962019
v 0.00850000 0.02269401 -0.01015017
v 0.00848064 0.03445889 -0.04292476
v 0.00850000 0.03371439 -0.04234016
v 0.00847778 0.03277365 -0.04222714
v 0.00847416 0.03191144 -0.04270314
v 0.00850000 0.03155856 -0.04323313
v 0.00848064 0.01024049 -0.06714319
v 0.00850000 0.00949598 -0.06655856
v 0.00847778 0.00855524 -0.06644554
v 0.00847416 0.00769304 -0.06692156
v 0.00850000 0.00734015 -0.06745154
v 0.00848064 -0.02284248 -0.05827862
v 0.00850000 -0.02358698 -0.05769401
v 0.00847778 -0.02452772 -0.05758099
v 0.00847416 -0.02538993 -0.05805700
v 0.00850000 -0.02574281 -0.05858698
v 0.00848064 -0.03170703 -0.02519566
v 0.00850000 -0.03245153 -0.02461105
v 0.00847778 -0.03339227 -0.02449803
v 0.00847417 -0.03425448 -0.02497404
v 0.00850000 -0.03460736 -0.02550402
v 0.00800000 0.03176777 -0.03323223
v 0.00800000 0.03176777 -0.03323223
v 0.00800000 0.03000000 -0.03250000
v 0.00800000 0.03230970 -0.03404329
v 0.00800000 0.03095671 -0.03269030
v 0.00800000 0.03095671 -0.03269030
v 0.00799997 0.02858744 -0.03288766
v 0.00800000 0.02769030 -0.03404329
v 0.01950000 0.02831551 -0.02692895
v 0.01950000 0.02620628 -0.02157835
v 0.01950068 0.00755284 -0.06349766
v 0.01950000 0.01596595 -0.05973861
v 0.01950000 0.02266194 -0.05379752
v 0.01950000 0.02726317 -0.04611890
v 0.00350262 0.00755103 -0.06349622
v 0.00500000 0.00938563 -0.06231901
v 0.00500000 0.00984226 -0.06145998
v 0.01950000 -0.02775462 -0.02517192
v 0.01950000 -0.02775462 -0.02517192
v 0.01950000 -0.02944133 -0.03465595
v 0.01950000 -0.02797671 -0.04417681
v 0.01950000 -0.02351753 -0.05271541
v 0.01950000 -0.01654110 -0.05935780
v 0.01950000 -0.01984338 -0.00927273
v 0.01950000 -0.02081958 -0.00781175
v 0.01950000 -0.02228057 -0.00683555
v 0.01950000 -0.02400392 -0.00649275
v 0.01950000 -0.02572727 -0.00683555
v 0.00905165 -0.02640776 -0.00718172
v 0.00912508 0.02626979 -0.00708945
v 0.01950000 0.02572727 -0.00683555
v 0.01950000 0.02400392 -0.00649275
v 0.01950000 0.02228057 -0.00683555
v 0.01950000 0.02081958 -0.00781175
v 0.01950000 0.01984338 -0.00927273
v 0.01950000 0.00409163 -0.01287516
v 0.01950000 -0.00409163 -0.01287516
v 0.00500000 -0.02250719 -0.03371920
v 0.00500000 -0.02250719 -0.03371920
v 0.00351715 -0.02812356 -0.03004708
v 0.00500000 -0.02828606 -0.03018454
v 0.00350000 -0.01646987 -0.05940601
v 0.00500000 -0.01646987 -0.05940601
v 0.00500000 -0.01646987 -0.05940601
v 0.00350000 -0.02341363 -0.05285251
v 0.00500000 -0.02341363 -0.05285251
v 0.00350000 -0.02789521 -0.04442164
v 0.00500000 -0.02789521 -0.04442164
v 0.00500000 0.02927216 -0.03137625
v 0.00350000 0.02858576 -0.04205438
v 0.00500000 0.02858576 -0.04205438
v 0.00350000 0.02925984 -0.03171797
v 0.00350000 0.02437368 -0.05151768
v 0.00500000 0.02437368 -0.05151768
v 0.00350000 0.01714491 -0.05893663
v 0.00500000 0.01714491 -0.05893663
v 0.00351113 0.02762128 -0.02994300
v 0.00500000 0.02840035 -0.03025566
v 0.00350904 0.02885994 -0.03067853
v 0.00900279 0.02208212 0.00636625
v 0.00049975 0.02207431 0.00635751
v 0.00050000 0.02588202 0.00892047
v 0.00900000 0.02588202 0.00892047
v 0.00050000 0.02824255 0.01198704
v 0.00900000 0.02824255 0.01198704
v 0.00049591 0.02959240 0.01593546
v 0.00900235 0.02972100 0.01627451
v 0.00900000 0.03285088 0.01675870
v -0.00200000 0.03234281 0.01710887
v 0.00899820 0.03187804 0.01729501
v -0.00201259 0.03140869 0.01733331
v -0.00200000 0.03042018 0.01700568
v -0.00200960 0.02968826 0.01632000
v 0.00901041 0.03049822 0.01708287
v 0.00900000 0.03489922 -0.01229000
v 0.00900000 0.03606135 -0.00828126
v -0.00200605 0.03481028 -0.01256718
v -0.00200000 0.03606135 -0.00828126
v 0.00900000 0.03676459 -0.00416715
v -0.00200000 0.03676459 -0.00416715
v -0.00200000 0.03676459 -0.00416715
v -0.00200000 0.03215769 -0.01343367
v -0.00199087 0.03119101 -0.01274482
v 0.00899075 0.03290445 -0.01365266
v -0.00200201 0.03317402 -0.01364749
v 0.00900000 0.03397730 -0.01337773
v -0.00200000 0.03407957 -0.01331741
v 0.00900000 0.03453849 -0.01291882
v 0.00050326 0.02150837 -0.00241848
v 0.00900140 0.02150496 -0.00245310
v 0.00899990 0.02151642 0.00542013
v 0.00049417 0.02150761 0.00534578
v -0.00199478 -0.03479845 -0.01258206
v 0.00900000 -0.03489922 -0.01229000
v 0.00900000 -0.03453849 -0.01291882
v -0.00200000 -0.03407957 -0.01331741
v 0.00900000 -0.03397730 -0.01337773
v -0.00200201 -0.03317402 -0.01364749
v 0.00899332 -0.03290529 -0.01365271
v -0.00200000 -0.03215769 -0.01343367
v -0.00199088 -0.03119102 -0.01274484
v 0.00900000 -0.03327405 0.01618141
v 0.00900000 -0.03634189 0.00694747
v -0.00200000 -0.03676459 -0.00416715
v 0.00900000 -0.03689640 -0.00276695
v -0.00200000 -0.03606135 -0.00828126
v 0.00050052 -0.02959183 0.01593245
v 0.00900169 -0.02972095 0.01627437
v -0.00202026 -0.03022410 0.01688231
v 0.00901041 -0.03049822 0.01708287
v -0.00201259 -0.03140869 0.01733331
v 0.00899820 -0.03187804 0.01729501
v -0.00200000 -0.03234281 0.01710887
v 0.00900000 -0.03285088 0.01675870
v 0.00900000 -0.02824255 0.01198704
v 0.00050000 -0.02824255 0.01198704
v 0.00050000 -0.02588202 0.00892047
v 0.00900000 -0.02588202 0.00892047
v 0.00900245 -0.02207857 0.00636383
v 0.00050230 -0.02207759 0.00635979
v 0.00050006 -0.02150871 0.00540378
v 0.00899446 -0.02151433 0.00536151
v 0.00050303 -0.02150864 -0.00242281
v 0.00900350 -0.02150506 -0.00245502
v -0.00201509 0.02823819 0.01580182
v -0.00200519 -0.02987484 -0.01247587
v -0.00200519 0.02987484 -0.01247587
v -0.00200611 -0.02900874 0.01589656
v 0.01950000 -0.01856998 -0.04269194
v 0.01950000 -0.01421285 -0.04921285
v 0.01950000 -0.00769194 -0.05356998
v 0.01950000 0.00000000 -0.05510000
v 0.01950000 0.00000000 -0.05510000
v 0.01950000 0.00769194 -0.05356998
v 0.01950000 0.01421285 -0.04921285
v 0.01950000 0.01421285 -0.04921285
v 0.01950000 0.01856998 -0.04269194
v 0.01950000 0.01765789 -0.02539745
v 0.02000000 0.01802882 -0.02503398
v 0.02000000 0.01802882 -0.02503398
v 0.01950000 0.01979678 -0.01260230
v 0.02000000 0.02052079 -0.01296952
v 0.02000000 0.01906391 -0.02401969
v 0.01950000 0.01943248 -0.02365853
v 0.01950000 0.02078729 -0.04361038
v 0.01950000 0.01590990 -0.05090991
v 0.01950000 0.00861038 -0.05578729
v 0.01950000 0.00000000 -0.05750000
v 0.01950000 -0.00861038 -0.05578729
v 0.01950000 -0.01590990 -0.05090991
v 0.01950000 -0.02078729 -0.04361038
v -0.00199953 0.02494212 -0.03131821
v 0.00050000 0.00300000 0.02500000
v 0.00050000 0.00277164 0.02385195
v 0.00050000 0.00212132 0.02287868
v 0.00050000 0.00114805 0.02222836
v 0.00050000 0.00000000 0.02200000
v 0.00050000 -0.00114805 0.02222836
v 0.00050000 -0.00212132 0.02287868
v 0.00050000 -0.00277164 0.02385195
v 0.00050000 -0.00300000 0.02500000
v 0.00900000 -0.02275901 0.01557291
v 0.00900000 -0.02317767 0.01767767
v 0.00900000 -0.02156676 0.01378858
v 0.00900000 -0.01978243 0.01259633
v 0.00900000 -0.01767767 0.01217767
v 0.00900000 -0.01557291 0.01259633
v 0.00900000 -0.01378858 0.01378858
v 0.00900000 -0.01259633 0.01557291
v 0.00900000 -0.01217767 0.01767767
v 0.00900000 0.01217767 0.01767767
v 0.00900000 0.01259633 0.01557291
v 0.00900000 0.01378858 0.01378858
v 0.00900000 0.01557291 0.01259633
v 0.00900000 0.01767767 0.01217767
v 0.00900000 0.01978243 0.01259633
v 0.00900000 0.02156676 0.01378858
v 0.00900000 0.02275901 0.01557291
v 0.00900000 0.02317767 0.01767767
v 0.00350058 -0.02928559 -0.03154372
v 0.01950000 0.03250000 -0.03500000
v 0.01950000 0.03233331 -0.03410241
v 0.01950000 0.03185547 -0.03332452
v 0.01950000 0.03113020 -0.03277006
v 0.01950000 0.03025422 -0.03251296
v 0.01950000 0.03025422 -0.03251296
v 0.02000000 0.02979339 -0.03200712
v 0.01950000 0.02934434 -0.03258751
v 0.00050000 -0.02078729 -0.04361038
v 0.00050000 -0.01590990 -0.05090991
v 0.00050000 -0.00861038 -0.05578729
v 0.00050000 0.00000000 -0.05750000
v 0.00050000 0.00861038 -0.05578729
v 0.00050000 0.01590990 -0.05090991
v 0.00050000 0.02078729 -0.04361038
v -0.00200000 0.03700000 0.00000000
v -0.00200000 0.03700000 0.00000000
v -0.00200000 0.03532820 0.01099629
v -0.00200000 0.03532820 0.01099629
v -0.00000000 0.01782775 -0.04273464
v 0.00950000 0.01782775 -0.04273464
v -0.00000000 0.01739420 -0.04208579
v 0.00950000 0.01739420 -0.04208579
v -0.00000000 0.01674535 -0.04165224
v 0.00950000 0.01674535 -0.04165224
v 0.00500000 -0.02926021 -0.03140966
v 0.00500000 0.02078729 -0.04361038
v 0.00500000 0.01590990 -0.05090991
v 0.00500000 0.00861038 -0.05578729
v 0.00500000 0.00000000 -0.05750000
v 0.00500000 -0.00861038 -0.05578729
v 0.00500000 -0.01590990 -0.05090991
v 0.00500000 -0.02078729 -0.04361038
v 0.01950000 -0.01979678 -0.01260230
v 0.00950000 -0.01979678 -0.01260230
v 0.00950000 0.01000000 -0.06050000
v 0.00950000 0.00977164 -0.05935195
v 0.00500000 0.01000000 -0.06050000
v 0.00500000 0.00977164 -0.05935195
v 0.00950000 0.00912132 -0.05837869
v 0.00500000 0.00912132 -0.05837869
v 0.00950000 0.00814805 -0.05772837
v 0.00500000 0.00814805 -0.05772837
v 0.01950000 -0.01943248 -0.02365853
v 0.00950000 -0.01943248 -0.02365853
v 0.00950000 -0.02078729 -0.04361038
v 0.00950000 -0.01590990 -0.05090991
v 0.00950000 -0.00861038 -0.05578729
v 0.00950000 0.00000000 -0.05750000
v 0.00950000 0.00861038 -0.05578729
v 0.00950000 0.01590990 -0.05090991
v 0.00950000 0.02078729 -0.04361038
v 0.00799998 0.02749307 -0.03547753
v 0.00799979 0.02858744 -0.03711234
v 0.00950000 0.02934434 -0.03741249
v 0.00800000 0.03000000 -0.03750000
v 0.01950000 0.02934434 -0.03741249
v 0.01950000 0.03025422 -0.03748704
v 0.00800000 0.03095671 -0.03730970
v 0.01950000 0.03113020 -0.03722994
v 0.00800000 0.03176777 -0.03676777
v 0.01950000 0.03185547 -0.03667548
v 0.00800000 0.03230970 -0.03595671
v 0.01950000 0.03233331 -0.03589759
v 0.00800000 0.03250000 -0.03500000
v 0.02000000 -0.03473848 -0.02640255
v 0.00850000 -0.03473296 -0.02613545
v 0.00850000 -0.03473296 -0.02613545
v 0.00850000 -0.03460736 -0.02676688
v 0.02000000 -0.03406473 -0.02749494
v 0.00847453 -0.03425637 -0.02729567
v 0.00850000 -0.03371439 -0.02765985
v 0.02000000 -0.03281587 -0.02779097
v 0.00848060 -0.03308264 -0.02778523
v 0.00850000 -0.03245153 -0.02765985
v 0.02000000 -0.03191623 -0.02730218
v 0.00847417 -0.03190779 -0.02729268
v 0.00850000 -0.03155856 -0.02676688
v 0.02000000 -0.03144833 -0.02646060
v 0.00850000 -0.03143296 -0.02613545
v 0.00850000 -0.03143296 -0.02613545
v 0.00750858 -0.03308296 -0.02613545
v 0.02000000 -0.02586841 -0.05921841
v 0.02000000 -0.02564569 -0.06009872
v 0.00850000 -0.02586841 -0.05921841
v 0.00850000 -0.02586841 -0.05921841
v 0.00850000 -0.02574281 -0.05984984
v 0.00847453 -0.02539182 -0.06037863
v 0.02000000 -0.02460517 -0.06085012
v 0.00850000 -0.02484984 -0.06074281
v 0.00848060 -0.02421809 -0.06086819
v 0.00848060 -0.02421809 -0.06086819
v 0.02000000 -0.02358698 -0.06074281
v 0.00850000 -0.02358698 -0.06074281
v 0.00850000 -0.02358698 -0.06074281
v 0.02000000 -0.02305168 -0.06038513
v 0.00847416 -0.02304324 -0.06037564
v 0.00850000 -0.02269401 -0.05984984
v 0.02000000 -0.02258378 -0.05954356
v 0.00850000 -0.02256841 -0.05921841
v 0.00850000 -0.02256841 -0.05921841
v 0.00750858 -0.02421841 -0.05921841
v 0.02000000 0.00720903 -0.06835006
v 0.00850000 0.00721455 -0.06808297
v 0.00850000 0.00734015 -0.06871439
v 0.02000000 0.00769783 -0.06924969
v 0.00847453 0.00769115 -0.06924319
v 0.02000000 0.00847777 -0.06971467
v 0.00850000 0.00823313 -0.06960736
v 0.00848060 0.00886487 -0.06973274
v 0.00848060 0.00886487 -0.06973274
v 0.02000000 0.00949598 -0.06960736
v 0.00850000 0.00949598 -0.06960736
v 0.02000000 0.01003128 -0.06924969
v 0.00847416 0.01003973 -0.06924020
v 0.00850000 0.01038895 -0.06871439
v 0.02000000 0.01049918 -0.06840810
v 0.00850000 0.01051455 -0.06808297
v 0.00850000 0.01051455 -0.06808297
v 0.00750858 0.00886455 -0.06808297
v 0.02000000 0.03143296 -0.04386455
v 0.02000000 0.03165567 -0.04474486
v 0.00850000 0.03143296 -0.04386455
v 0.00850000 0.03155856 -0.04449598
v 0.00847453 0.03190956 -0.04502477
v 0.02000000 0.03269618 -0.04549627
v 0.00850000 0.03245153 -0.04538896
v 0.00848060 0.03308328 -0.04551433
v 0.00848060 0.03308328 -0.04551433
v 0.02000000 0.03371439 -0.04538896
v 0.00850000 0.03371439 -0.04538896
v 0.02000000 0.03424969 -0.04503128
v 0.00847416 0.03425813 -0.04502179
v 0.00850000 0.03460736 -0.04449598
v 0.02000000 0.03471759 -0.04418970
v 0.00850000 0.03473296 -0.04386455
v 0.00850000 0.03473296 -0.04386455
v 0.00750858 0.03308296 -0.04386455
v 0.02000000 0.02256289 -0.01104869
v 0.00850000 0.02256841 -0.01078159
v 0.00850000 0.02269401 -0.01141302
v 0.02000000 0.02323665 -0.01214109
v 0.00847453 0.02304500 -0.01194181
v 0.00850000 0.02358698 -0.01230599
v 0.02000000 0.02448550 -0.01243711
v 0.00848060 0.02421873 -0.01243137
v 0.00850000 0.02484984 -0.01230599
v 0.02000000 0.02538514 -0.01194832
v 0.00847416 0.02539358 -0.01193883
v 0.00850000 0.02574281 -0.01141302
v 0.02000000 0.02585304 -0.01110674
v 0.00850000 0.02586841 -0.01078159
v 0.00850000 0.02586841 -0.01078159
v 0.00750858 0.02421841 -0.01078159
v 0.00300000 -0.02097767 -0.01767767
v 0.00300000 -0.02072647 -0.01894053
v 0.00000000 -0.02097767 -0.01767767
v 0.00000000 -0.02072647 -0.01894053
v 0.00300000 -0.02001112 -0.02001112
v -0.00000000 -0.02001112 -0.02001112
v 0.00300000 -0.01894053 -0.02072647
v -0.00000000 -0.01894053 -0.02072647
v 0.00300000 -0.01767767 -0.02097767
v -0.00000000 -0.01767767 -0.02097767
v -0.00000000 -0.01641482 -0.02072647
v 0.00300000 -0.01641482 -0.02072647
v 0.00300000 -0.01534422 -0.02001112
v -0.00000000 -0.01534422 -0.02001112
v 0.00300000 -0.01462887 -0.01894053
v -0.00000000 -0.01462887 -0.01894053
v 0.00300000 -0.01437767 -0.01767767
v -0.00000000 -0.01437767 -0.01767767
v 0.00950000 0.01217767 -0.01767767
v 0.00950000 0.01259633 -0.01978243
v 0.00300000 0.01217767 -0.01767767
v 0.00300000 0.01259633 -0.01978243
v 0.00950000 0.01378858 -0.02156676
v 0.00300000 0.01378858 -0.02156676
v 0.00300000 0.01557291 -0.02275901
v 0.00950000 0.01557291 -0.02275901
v 0.00950000 0.01767767 -0.02317767
v 0.00300000 0.01767767 -0.02317767
v 0.00950000 0.01978243 -0.02275901
v 0.00300000 0.01978243 -0.02275901
v 0.00950000 0.02156676 -0.02156676
v 0.00300000 0.02156676 -0.02156676
v 0.00300000 0.02275901 -0.01978243
v 0.00950000 0.02275901 -0.01978243
v 0.00300000 0.02317767 -0.01767767
v 0.00300000 0.01437767 -0.01767767
v 0.00300000 0.01462887 -0.01894053
v -0.00000000 0.01437767 -0.01767767
v -0.00000000 0.01462887 -0.01894053
v 0.00300000 0.01534422 -0.02001112
v -0.00000000 0.01534422 -0.02001112
v 0.00300000 0.01641482 -0.02072647
v -0.00000000 0.01641482 -0.02072647
v 0.00300000 0.01767767 -0.02097767
v -0.00000000 0.01767767 -0.02097767
v -0.00000000 0.01894053 -0.02072647
v 0.00300000 0.01894053 -0.02072647
v 0.00300000 0.02001112 -0.02001112
v -0.00000000 0.02001112 -0.02001112
v 0.00300000 0.02072647 -0.01894053
v -0.00000000 0.02072647 -0.01894053
v 0.00300000 0.02097767 -0.01767767
v -0.00000000 0.02097767 -0.01767767
v 0.00300000 0.01217767 0.01767767
v 0.00300000 0.01259633 0.01557291
v 0.00300000 0.01378858 0.01378858
v 0.00300000 0.01557291 0.01259633
v 0.00300000 0.01767767 0.01217767
v 0.00300000 0.01978243 0.01259633
v 0.00300000 0.02156676 0.01378858
v 0.00300000 0.02275901 0.01557291
v 0.00300000 0.02317767 0.01767767
v 0.00300000 0.01437767 0.01767767
v 0.00300000 0.01462887 0.01641482
v 0.00000000 0.01437767 0.01767767
v 0.00000000 0.01462887 0.01641482
v 0.00300000 0.01534422 0.01534422
v -0.00000000 0.01534422 0.01534422
v 0.00300000 0.01641482 0.01462887
v -0.00000000 0.01641482 0.01462887
v 0.00300000 0.01767767 0.01437767
v -0.00000000 0.01767767 0.01437767
v -0.00000000 0.01894053 0.01462887
v 0.00300000 0.01894053 0.01462887
v 0.00300000 0.02001112 0.01534422
v -0.00000000 0.02001112 0.01534422
v 0.00300000 0.02072647 0.01641482
v -0.00000000 0.02072647 0.01641482
v 0.00300000 0.02097767 0.01767767
v -0.00000000 0.02097767 0.01767767
v 0.00600000 0.00300000 0.02500000
v 0.00600000 0.00277164 0.02385195
v 0.00600000 0.00212132 0.02287868
v 0.00600000 0.00114805 0.02222836
v 0.00600000 0.00000000 0.02200000
v 0.00600000 -0.00114805 0.02222836
v 0.00600000 -0.00212132 0.02287868
v 0.00600000 -0.00277164 0.02385195
v 0.00600000 -0.00300000 0.02500000
v 0.00950000 -0.01073524 0.00031677
v 0.00370000 -0.01070887 -0.00018753
v 0.00950000 -0.01080798 -0.00042681
v 0.00370000 -0.01122031 -0.00078841
v 0.00950000 -0.01145669 -0.00083543
v 0.00370000 -0.01212136 -0.00056011
v 0.00950000 -0.01228210 -0.00032396
v 0.00370000 -0.01225526 0.00035972
v 0.00950000 0.01226476 0.00031677
v 0.00370000 0.01234654 -0.00000000
v 0.00950000 0.01217829 -0.00045076
v 0.00370000 0.01194894 -0.00067189
v 0.00950000 0.01154331 -0.00083543
v 0.00370000 0.01122031 -0.00078841
v 0.00950000 0.01084085 -0.00047601
v 0.00370000 0.01066457 -0.00004331
v 0.00950000 0.01071159 0.00027969
v 0.00300000 -0.02317767 0.01767767
v 0.00300000 -0.02275901 0.01557291
v 0.00300000 -0.02156676 0.01378858
v 0.00300000 -0.01978243 0.01259633
v 0.00300000 -0.01767767 0.01217767
v 0.00300000 -0.01557291 0.01259633
v 0.00300000 -0.01378858 0.01378858
v 0.00300000 -0.01259633 0.01557291
v 0.00300000 -0.01217767 0.01767767
v 0.00300000 -0.02097767 0.01767767
v 0.00300000 -0.02072647 0.01641482
v 0.00000000 -0.02097767 0.01767767
v 0.00000000 -0.02072647 0.01641482
v 0.00300000 -0.02001112 0.01534422
v 0.00000000 -0.02001112 0.01534422
v 0.00300000 -0.01894053 0.01462887
v 0.00000000 -0.01894053 0.01462887
v 0.00300000 -0.01767767 0.01437767
v 0.00000000 -0.01767767 0.01437767
v 0.00000000 -0.01641482 0.01462887
v 0.00300000 -0.01641482 0.01462887
v 0.00300000 -0.01534422 0.01534422
v 0.00000000 -0.01534422 0.01534422
v 0.00300000 -0.01462887 0.01641482
v 0.00000000 -0.01462887 0.01641482
v 0.00300000 -0.01437767 0.01767767
v 0.00000000 -0.01437767 0.01767767
v 0.00950000 -0.01774573 -0.04443923
v -0.00000000 -0.01327320 -0.05009411
v -0.00000000 -0.01774573 -0.04443923
v -0.00000000 -0.00709290 -0.05380694
v -0.00000000 -0.00000000 -0.05510000
v -0.00000000 0.00709290 -0.05380694
v -0.00000000 0.01327320 -0.05009411
v 0.00950000 0.01765789 -0.02539745
v -0.00000000 0.01065990 -0.03516711
v 0.00530000 0.01069670 -0.03484021
v 0.00530000 0.01091468 -0.03558532
v -0.00000000 0.01161914 -0.03586035
v 0.00530000 0.01182395 -0.03578210
v -0.00000000 0.01230330 -0.03515979
v -0.00000000 0.01230330 -0.03515979
v 0.00530000 0.01234045 -0.03478084
v -0.00000000 -0.01226476 -0.03468323
v -0.00000000 -0.01226476 -0.03468323
v 0.00530000 -0.01230330 -0.03484021
v -0.00000000 -0.01217829 -0.03545076
v 0.00530000 -0.01208532 -0.03558532
v -0.00000000 -0.01150000 -0.03584654
v 0.00530000 -0.01117605 -0.03578210
v -0.00000000 -0.01080798 -0.03542681
v 0.00530000 -0.01065955 -0.03478084
v -0.00000000 -0.01073524 -0.03468323
v 0.00351359 -0.02633796 -0.03013618
v 0.00500000 -0.02668083 -0.02997466
v 0.00300000 -0.02706930 -0.02944916
v -0.00200302 -0.02494293 -0.03131745
v 0.00300000 -0.03918204 -0.00804786
v 0.00950000 -0.02275901 -0.01978243
v 0.00300000 -0.02317767 -0.01767767
v 0.00300000 -0.02275901 -0.01978243
v 0.00950000 -0.02156676 -0.02156676
v 0.00300000 -0.02156676 -0.02156676
v 0.00300000 -0.01978243 -0.02275901
v 0.00950000 -0.01978243 -0.02275901
v 0.00950000 -0.01767767 -0.02317767
v 0.00300000 -0.01767767 -0.02317767
v 0.00950000 -0.01557291 -0.02275901
v 0.00300000 -0.01557291 -0.02275901
v 0.00950000 -0.01378858 -0.02156676
v 0.00300000 -0.01378858 -0.02156676
v 0.00300000 -0.01259633 -0.01978243
v 0.00950000 -0.01259633 -0.01978243
v 0.00950000 -0.01217767 -0.01767767
v 0.00950000 -0.01217767 -0.01767767
v 0.00300000 -0.01217767 -0.01767767
v 0.00900047 0.03160061 -0.01305767
v 0.00950000 0.03220274 -0.01399081
v 0.00048449 0.03151039 -0.01294931
v 0.00950000 0.03818648 -0.03050609
v -0.00000000 -0.00919201 -0.03799954
v 0.00530000 -0.00935565 -0.03799447
v 0.00370000 -0.00919201 0.00299954
v 0.00950000 -0.00935565 0.00299447
v -0.00200054 0.02691950 0.01647253
v -0.00199784 -0.02734257 0.01602462
v -0.00199462 -0.02868251 -0.01314517
v -0.00000059 -0.02376854 -0.03155009
v -0.00000059 -0.02376854 -0.03155009
v -0.00000000 -0.00998072 -0.03737488
v -0.00000000 -0.01150000 -0.03415347
v -0.00000000 -0.00998955 -0.03263747
v 0.00003791 -0.03064349 -0.01251024
v 0.00003791 -0.03064349 -0.01251024
v 0.00000000 -0.02072647 -0.01641482
v -0.00000000 -0.00919247 -0.03200078
v 0.00000000 -0.02001112 -0.01534422
v 0.00000000 -0.01894053 -0.01462887
v -0.00000000 0.00751411 -0.03721139
v -0.00000000 0.00809496 -0.03732694
v 0.00000000 -0.01767767 -0.01437767
v -0.00000000 0.00999300 -0.03721335
v -0.00000000 0.00951743 -0.03789677
v -0.00000000 0.00998955 -0.03263747
v -0.00000000 0.01104497 -0.03431899
v -0.00000000 0.01197588 -0.03428780
v 0.00000000 -0.01641482 -0.01462887
v -0.00000000 -0.01534422 -0.01534422
v -0.00000000 -0.01462887 -0.01641482
v 0.00001917 -0.02910949 0.01594932
v 0.00001917 -0.02910949 0.01594932
v -0.00000059 0.02376854 -0.03155009
v -0.00000000 0.00919193 -0.03200040
v 0.00000000 -0.02072647 0.01894053
v -0.00000000 0.01462887 -0.01641482
v 0.00000000 -0.01767767 0.02097767
v 0.00000000 -0.01641482 0.02072647
v 0.00000000 -0.01894053 0.02072647
v 0.00000000 -0.02001112 0.02001112
v -0.00000000 0.01534422 -0.01534422
v -0.00000000 0.01641482 -0.01462887
v -0.00000000 0.02072647 -0.01641482
v -0.00000000 0.01767767 -0.01437767
v -0.00000000 0.02001112 -0.01534422
v -0.00000000 0.01894053 -0.01462887
v 0.00003792 0.03064351 -0.01251024
v 0.00003792 0.03064351 -0.01251024
v 0.00000000 -0.01534422 0.02001112
v 0.00000000 -0.01462887 0.01894053
v 0.00000000 0.01462887 0.01894053
v 0.00000000 0.01534422 0.02001112
v 0.00000000 0.01641482 0.02072647
v -0.00000000 0.02072647 0.01894053
v -0.00000000 0.02001112 0.02001112
v 0.00000000 0.01894053 0.02072647
v 0.00000000 0.01767767 0.02097767
v 0.00000424 0.02906840 0.01588454
v 0.00000424 0.02906840 0.01588454
v 0.00950000 -0.00757632 -0.05751403
v 0.00500000 -0.00805461 -0.05769148
v 0.00950000 -0.00897459 -0.05824146
v 0.00500000 -0.00897459 -0.05824146
v 0.00950000 -0.00964252 -0.05907975
v 0.00500000 -0.00964252 -0.05907975
v 0.00950000 -0.00997312 -0.06009934
v 0.00500000 -0.00997312 -0.06009934
v 0.00950000 -0.00992421 -0.06117007
v 0.00500000 -0.00992421 -0.06117007
v 0.00950000 -0.00950202 -0.06215527
v 0.00500000 -0.00950202 -0.06215527
v 0.00950000 -0.00876045 -0.06292916
v 0.00500035 -0.00848992 -0.06309175
v 0.00300000 0.02706930 -0.02944916
v 0.00300000 0.03918204 -0.00804786
v 0.02000000 -0.02560418 -0.05829246
v 0.02000000 -0.02389326 -0.05758379
v 0.02000000 -0.02305168 -0.05805168
v 0.02000000 -0.02484984 -0.05769401
v 0.02000000 -0.02269401 -0.05858698
v 0.02000000 0.00747878 -0.06715703
v 0.02000000 -0.03446873 -0.02520950
v 0.02000000 -0.03371439 -0.02461105
v 0.02000000 0.00823313 -0.06655856
v 0.02000000 0.00918970 -0.06644833
v 0.02000000 0.01003128 -0.06691624
v 0.02000000 -0.02787951 -0.02407588
v 0.02000000 -0.03155856 -0.02550402
v 0.02000000 -0.03191623 -0.02496872
v 0.02000000 -0.03275781 -0.02450082
v 0.02000000 0.01038895 -0.06745154
v 0.02000000 -0.02273299 -0.01551117
v 0.01999909 -0.02030224 -0.01282534
v 0.02000000 0.03169719 -0.04293861
v 0.02000000 0.03460736 -0.04323313
v 0.02000000 0.02979339 -0.03799288
v 0.02000000 0.03245153 -0.04234016
v 0.02000000 0.03340811 -0.04222993
v 0.02000000 0.03424969 -0.04269783
v 0.02000000 0.02273299 -0.01551117
v 0.02000000 0.02283264 -0.00985566
v 0.02000000 0.02358698 -0.00925719
v 0.02000000 0.02454356 -0.00914697
v 0.02000000 0.02574281 -0.01015017
v 0.02000000 0.02538514 -0.00961487
v 0.02000000 -0.01802882 -0.02503398
v 0.02000000 -0.01906391 -0.02401969
v 0.00950000 -0.03818648 -0.03050609
v 0.00950000 -0.03220274 -0.01399081
v 0.00899548 -0.03159857 -0.01305522
v 0.00048449 -0.03151037 -0.01294929
v 0.00300000 -0.01259633 -0.01557291
v 0.00950000 -0.01259752 -0.01557004
v 0.00300000 -0.01378858 -0.01378858
v 0.00950000 -0.01379298 -0.01378419
v 0.00300000 -0.01557291 -0.01259633
v 0.00950000 -0.01558153 -0.01259277
v 0.00300000 -0.01767767 -0.01217767
v 0.00950000 -0.01769010 -0.01217768
v 0.00300000 -0.01978243 -0.01259633
v 0.00300000 -0.02156676 -0.01378858
v 0.00950000 -0.02309713 -0.01673986
v 0.00950000 -0.02309713 -0.01673986
v 0.00300000 -0.02275901 -0.01557291
v 0.00950000 0.01943248 -0.02365853
v 0.01950000 -0.01765789 -0.02539745
v 0.00950000 -0.01765789 -0.02539745
v 0.00530000 -0.00999579 -0.03723544
v 0.00530000 -0.00999202 -0.03275685
v 0.00530000 -0.00935139 -0.03200249
v 0.00530000 0.00935473 -0.03200487
v 0.00530000 0.00999202 -0.03275685
v 0.00530000 0.00999579 -0.03723544
v 0.00530000 0.00944808 -0.03792839
v -0.00250098 0.03527067 -0.01285064
v -0.00250000 0.03739500 -0.00280434
v -0.00250000 0.03683300 0.00704135
v -0.00250000 0.03372370 0.01640008
v 0.00354580 0.02625572 -0.03019969
v 0.00500000 0.02675467 -0.02993576
v -0.00200047 0.02869840 -0.01313341
v 0.00530000 -0.01166711 -0.03415990
v 0.00530000 0.01133289 -0.03415990
v 0.02000000 -0.01136510 -0.01616295
v 0.02000000 -0.01033001 -0.01717724
v 0.02000000 0.01033001 -0.01717724
v 0.02000000 0.01136510 -0.01616295
v 0.00950000 0.00995908 -0.01754071
v 0.01950000 0.00995908 -0.01754071
v 0.01950000 -0.00995908 -0.01754071
v 0.00950000 -0.00995908 -0.01754071
v 0.00950000 -0.02524914 -0.00666833
v 0.00950000 -0.02524914 -0.00666833
v 0.00950000 -0.02359903 -0.00651099
v 0.00950000 -0.01980565 -0.00936680
v 0.00950000 -0.02200378 -0.00696130
v 0.00950000 -0.01173367 -0.01580179
v 0.00950000 -0.02067951 -0.00795827
v 0.00950000 -0.00409163 -0.01287516
v 0.00950000 -0.00998072 -0.00237488
v 0.00950000 -0.00919247 -0.00299922
v 0.00950000 -0.01206011 0.00062136
v 0.00950000 0.00409163 -0.01287516
v 0.00950000 -0.00999579 0.00223544
v 0.00950000 -0.01131247 0.00079113
v 0.00950000 0.01173367 -0.01580179
v 0.00950000 0.01259752 -0.01557004
v 0.00950000 0.01379298 -0.01378419
v 0.00950000 0.02934434 -0.03258751
v 0.00950000 0.00919175 -0.00299922
v 0.00950000 0.01558153 -0.01259277
v 0.00950000 0.00997637 -0.00242269
v 0.00950000 0.01950063 -0.01097549
v 0.00950000 0.01769010 -0.01217768
v 0.00950000 0.01979678 -0.01260230
v 0.00950000 0.00796000 0.00219096
v 0.00950000 0.00737893 0.00235291
v 0.00950000 0.01981164 -0.00935146
v 0.00950000 0.00999633 0.00220518
v 0.00950000 0.01150000 0.00084654
v 0.00950000 0.00949333 0.00291702
v 0.00950000 0.02068786 -0.00794916
v 0.00950000 0.02201116 -0.00695765
v 0.00950000 0.02360313 -0.00651062
v 0.00950000 0.02524914 -0.00666833
v 0.00950000 0.02524914 -0.00666833
v 0.00950000 0.02309713 -0.01673986
v 0.00950000 0.02309713 -0.01673986
v 0.00370000 -0.01498820 -0.00386442
v 0.00370000 -0.01419209 -0.00449949
v 0.00370000 -0.00999579 -0.00223544
v 0.00370000 -0.00935139 -0.00299752
v 0.00370000 -0.01499381 0.00385658
v 0.00370000 -0.01165765 0.00079255
v 0.00370000 -0.01419209 0.00449949
v 0.00370000 -0.00998072 0.00237488
v 0.00370000 -0.01090141 0.00059859
v 0.00370000 0.00923077 -0.00299807
v 0.00370000 0.01435017 -0.00449839
v 0.00370000 0.00998955 -0.00236253
v 0.00370000 0.00737620 0.00234543
v 0.00370000 0.00795408 0.00220532
v 0.00370000 0.01499522 -0.00373659
v 0.00370000 0.00999202 0.00224316
v 0.00370000 0.01114028 0.00075526
v 0.00370000 0.01192682 0.00069202
v 0.00370000 0.01419173 0.00449974
v 0.00370000 0.00947502 0.00290912
v 0.00370000 0.01499381 0.00385658
v 0.00300000 -0.01462887 0.01894053
v 0.00300000 -0.01534422 0.02001112
v 0.00300000 -0.01641482 0.02072647
v 0.00300000 -0.01767767 0.02097767
v 0.00300000 -0.01894053 0.02072647
v 0.00300000 -0.02001112 0.02001112
v 0.00300000 -0.02072647 0.01894053
v 0.00300000 -0.01259633 0.01978243
v 0.00300000 -0.01378858 0.02156676
v 0.00300000 -0.01557291 0.02275901
v 0.00300000 -0.01767767 0.02317767
v 0.00300000 -0.02275901 0.01978243
v 0.00300000 -0.01978243 0.02275901
v 0.00300000 -0.02156676 0.02156676
v 0.00900000 -0.01259633 0.01978243
v 0.00900000 -0.01378858 0.02156676
v 0.00900000 -0.01557291 0.02275901
v 0.00900000 -0.01767767 0.02317767
v 0.00900000 -0.01978243 0.02275901
v 0.00900000 -0.02156676 0.02156676
v 0.00900000 -0.02275901 0.01978243
v 0.00049983 0.01435136 0.00449681
v 0.00050199 0.01499520 0.00373637
v 0.00049991 -0.01434913 0.00449838
v 0.00050199 -0.01499520 0.00373637
v 0.00049794 -0.01499747 -0.00373282
v 0.00049836 -0.01434944 -0.00449838
v 0.00049990 0.01419209 -0.00449948
v 0.00050174 0.01499302 -0.00386516
v 0.00600000 -0.00114805 0.02777164
v 0.00600000 0.00000000 0.02800000
v 0.00600000 -0.00212132 0.02712132
v 0.00600000 0.00277164 0.02614805
v 0.00600000 -0.00277164 0.02614805
v 0.00600000 0.00212132 0.02712132
v 0.00600000 0.00114805 0.02777164
v 0.00050000 -0.00277164 0.02614805
v 0.00050000 -0.00212132 0.02712132
v 0.00050000 -0.00114805 0.02777164
v 0.00050000 0.00000000 0.02800000
v 0.00050000 0.00114805 0.02777164
v 0.00050000 0.00212132 0.02712132
v 0.00050000 0.00277164 0.02614805
v 0.00300000 0.02072647 0.01894053
v 0.00300000 0.02001112 0.02001112
v 0.00300000 0.01894053 0.02072647
v 0.00300000 0.01767767 0.02097767
v 0.00300000 0.01641482 0.02072647
v 0.00300000 0.01534422 0.02001112
v 0.00300000 0.01462887 0.01894053
v 0.00300000 0.02275901 0.01978243
v 0.00300000 0.02156676 0.02156676
v 0.00300000 0.01978243 0.02275901
v 0.00300000 0.01767767 0.02317767
v 0.00300000 0.01557291 0.02275901
v 0.00300000 0.01259633 0.01978243
v 0.00300000 0.01378858 0.02156676
v 0.00900000 0.02275901 0.01978243
v 0.00900000 0.02156676 0.02156676
v 0.00900000 0.01978243 0.02275901
v 0.00900000 0.01767767 0.02317767
v 0.00900000 0.01557291 0.02275901
v 0.00900000 0.01378858 0.02156676
v 0.00900000 0.01259633 0.01978243
v 0.00300000 0.02072647 -0.01641482
v 0.00300000 0.02001112 -0.01534422
v 0.00300000 0.01894053 -0.01462887
v 0.00300000 0.01767767 -0.01437767
v 0.00300000 0.01641482 -0.01462887
v 0.00300000 0.01534422 -0.01534422
v 0.00300000 0.01462887 -0.01641482
v 0.00300000 0.02275901 -0.01557291
v 0.00300000 0.02156676 -0.01378858
v 0.00300000 0.01978243 -0.01259633
v 0.00300000 0.01767767 -0.01217767
v 0.00300000 0.01259633 -0.01557291
v 0.00300000 0.01557291 -0.01259633
v 0.00300000 0.01378858 -0.01378858
v 0.00300000 -0.01462887 -0.01641482
v 0.00300000 -0.01534422 -0.01534422
v 0.00300000 -0.01641482 -0.01462887
v 0.00300000 -0.01767767 -0.01437767
v 0.00300000 -0.01894053 -0.01462887
v 0.00300000 -0.02001112 -0.01534422
v 0.00300000 -0.02072647 -0.01641482
v 0.01950000 0.01173367 -0.01580179
v 0.01950000 -0.01173367 -0.01580179
v 0.00530000 0.01419173 -0.03949974
v 0.00899719 0.01435933 -0.03949647
v 0.00530000 0.01498820 -0.03886442
v 0.00900094 0.01499760 -0.03872978
v 0.00900086 -0.01419172 -0.03949973
v 0.00530000 -0.01435236 -0.03949682
v 0.00530000 -0.01499522 -0.03873659
v 0.00899614 -0.01499315 -0.03886365
v 0.00530000 -0.01499381 -0.03114342
v 0.00900164 -0.01499534 -0.03126543
v 0.00530000 -0.01419173 -0.03050026
v 0.00899719 -0.01435934 -0.03050353
v 0.00900085 0.01419172 -0.03050027
v 0.00530000 0.01435236 -0.03050318
v 0.00530000 0.01499753 -0.03126814
v 0.00899373 0.01498707 -0.03112858
v 0.00530000 0.00737620 -0.03734543
v 0.00530000 0.00798589 -0.03721139
v 0.00848064 0.02559434 -0.00984180
v 0.00850000 0.02484984 -0.00925719
v 0.00847778 0.02390909 -0.00914418
v 0.00847416 0.02304689 -0.00962019
v 0.00850000 0.02269401 -0.01015017
v 0.00848064 0.03445889 -0.04292476
v 0.00850000 0.03371439 -0.04234016
v 0.00847778 0.03277365 -0.04222714
v 0.00847416 0.03191144 -0.04270314
v 0.00850000 0.03155856 -0.04323313
v 0.00848064 0.01024049 -0.06714319
v 0.00850000 0.00949598 -0.06655856
v 0.00847778 0.00855524 -0.06644554
v 0.00847416 0.00769304 -0.06692156
v 0.00850000 0.00734015 -0.06745154
v 0.00848064 -0.02284248 -0.05827862
v 0.00850000 -0.02358698 -0.05769401
v 0.00847778 -0.02452772 -0.05758099
v 0.00847416 -0.02538993 -0.05805700
v 0.00850000 -0.02574281 -0.05858698
v 0.00848064 -0.03170703 -0.02519566
v 0.00850000 -0.03245153 -0.02461105
v 0.00847778 -0.03339227 -0.02449803
v 0.00847417 -0.03425448 -0.02497404
v 0.00850000 -0.03460736 -0.02550402
v 0.00800000 0.03176777 -0.03323223
v 0.00800000 0.03000000 -0.03250000
v 0.00800000 0.03230970 -0.03404329
v 0.00800000 0.03095671 -0.03269030
v 0.00799997 0.02858744 -0.03288766
v 0.00800000 0.02769030 -0.03404329
v 0.01950000 -0.02775462 -0.02517192
v 0.01950000 -0.01984338 -0.00927273
v 0.01950000 -0.02081958 -0.00781175
v 0.01950000 -0.02228057 -0.00683555
v 0.01950000 -0.02400392 -0.00649275
v 0.01950000 -0.02572727 -0.00683555
v 0.01950000 0.02572727 -0.00683555
v 0.01950000 0.02400392 -0.00649275
v 0.01950000 0.02228057 -0.00683555
v 0.01950000 0.02081958 -0.00781175
v 0.01950000 0.01984338 -0.00927273
v 0.01950000 0.00409163 -0.01287516
v 0.01950000 -0.00409163 -0.01287516
v 0.00351715 -0.02812356 -0.03004708
v 0.00500000 -0.02828606 -0.03018454
v 0.00500000 0.02927216 -0.03137625
v 0.00350000 0.02858576 -0.04205438
v 0.00500000 0.02858576 -0.04205438
v 0.00350000 0.02925984 -0.03171797
v 0.00350000 0.02437368 -0.05151768
v 0.00500000 0.02437368 -0.05151768
v 0.00350000 0.01714491 -0.05893663
v 0.00500000 0.01714491 -0.05893663
v 0.00351113 0.02762128 -0.02994300
v 0.00500000 0.02840035 -0.03025566
v 0.00350904 0.02885994 -0.03067853
v 0.00900279 0.02208212 0.00636625
v 0.00049975 0.02207431 0.00635751
v 0.00049591 0.02959240 0.01593546
v 0.00900235 0.02972100 0.01627451
v 0.00900000 0.03285088 0.01675870
v 0.00899820 0.03187804 0.01729501
v -0.00200960 0.02968826 0.01632000
v 0.00901041 0.03049822 0.01708287
v -0.00200000 0.03606135 -0.00828126
v -0.00199087 0.03119101 -0.01274482
v 0.00899075 0.03290445 -0.01365266
v 0.00900000 0.03397730 -0.01337773
v 0.00900000 0.03453849 -0.01291882
v 0.00899990 0.02151642 0.00542013
v 0.00049417 0.02150761 0.00534578
v 0.00900000 -0.03453849 -0.01291882
v 0.00900000 -0.03397730 -0.01337773
v 0.00899332 -0.03290529 -0.01365271
v -0.00199088 -0.03119102 -0.01274484
v 0.00050052 -0.02959183 0.01593245
v 0.00900169 -0.02972095 0.01627437
v -0.00202026 -0.03022410 0.01688231
v 0.00901041 -0.03049822 0.01708287
v 0.00899820 -0.03187804 0.01729501
v 0.00900000 -0.03285088 0.01675870
v 0.00900245 -0.02207857 0.00636383
v 0.00050230 -0.02207759 0.00635979
v 0.00050006 -0.02150871 0.00540378
v 0.00899446 -0.02151433 0.00536151
v -0.00201509 0.02823819 0.01580182
v -0.00200519 -0.02987484 -0.01247587
v -0.00200519 0.02987484 -0.01247587
v -0.00200611 -0.02900874 0.01589656
v 0.01950000 0.02934434 -0.03258751
v 0.00950000 -0.01979678 -0.01260230
v 0.00799998 0.02749307 -0.03547753
v 0.00799998 0.02749307 -0.03547753
v 0.00799998 0.02749307 -0.03547753
v 0.00799979 0.02858744 -0.03711234
v 0.01950000 0.02934434 -0.03741249
v 0.02000000 -0.03473848 -0.02640255
v 0.00850000 -0.03473296 -0.02613545
v 0.02000000 -0.03406473 -0.02749494
v 0.02000000 -0.03281587 -0.02779097
v 0.00848060 -0.03308264 -0.02778523
v 0.00847417 -0.03190779 -0.02729268
v 0.02000000 -0.03144833 -0.02646060
v 0.00850000 -0.03143296 -0.02613545
v 0.00750858 -0.03308296 -0.02613545
v 0.02000000 -0.02564569 -0.06009872
v 0.00850000 -0.02586841 -0.05921841
v 0.02000000 -0.02460517 -0.06085012
v 0.00848060 -0.02421809 -0.06086819
v 0.00847416 -0.02304324 -0.06037564
v 0.02000000 -0.02258378 -0.05954356
v 0.00850000 -0.02256841 -0.05921841
v 0.00750858 -0.02421841 -0.05921841
v 0.02000000 0.00720903 -0.06835006
v 0.00850000 0.00721455 -0.06808297
v 0.02000000 0.00847777 -0.06971467
v 0.00848060 0.00886487 -0.06973274
v 0.00847416 0.01003973 -0.06924020
v 0.02000000 0.01049918 -0.06840810
v 0.00850000 0.01051455 -0.06808297
v 0.00750858 0.00886455 -0.06808297
v 0.02000000 0.03165567 -0.04474486
v 0.00850000 0.03143296 -0.04386455
v 0.02000000 0.03269618 -0.04549627
v 0.00848060 0.03308328 -0.04551433
v 0.00847416 0.03425813 -0.04502179
v 0.02000000 0.03471759 -0.04418970
v 0.00850000 0.03473296 -0.04386455
v 0.00750858 0.03308296 -0.04386455
v 0.02000000 0.02256289 -0.01104869
v 0.00850000 0.02256841 -0.01078159
v 0.02000000 0.02323665 -0.01214109
v 0.02000000 0.02448550 -0.01243711
v 0.00848060 0.02421873 -0.01243137
v 0.00847416 0.02539358 -0.01193883
v 0.02000000 0.02585304 -0.01110674
v 0.02000000 0.02585304 -0.01110674
v 0.02000000 0.02585304 -0.01110674
v 0.00850000 0.02586841 -0.01078159
v 0.00750858 0.02421841 -0.01078159
v 0.00950000 -0.01073524 0.00031677
v 0.00370000 -0.01070887 -0.00018753
v 0.00950000 -0.01080798 -0.00042681
v 0.00370000 -0.01122031 -0.00078841
v 0.00950000 -0.01145669 -0.00083543
v 0.00370000 -0.01212136 -0.00056011
v 0.00950000 -0.01228210 -0.00032396
v 0.00370000 -0.01225526 0.00035972
v 0.00950000 0.01226476 0.00031677
v 0.00370000 0.01234654 -0.00000000
v 0.00950000 0.01217829 -0.00045076
v 0.00370000 0.01194894 -0.00067189
v 0.00950000 0.01154331 -0.00083543
v 0.00370000 0.01122031 -0.00078841
v 0.00950000 0.01084085 -0.00047601
v 0.00370000 0.01066457 -0.00004331
v 0.00950000 0.01071159 0.00027969
v -0.00000000 0.01065990 -0.03516711
v 0.00530000 0.01091468 -0.03558532
v -0.00000000 0.01161914 -0.03586035
v 0.00530000 0.01234045 -0.03478084
v -0.00000000 -0.01226476 -0.03468323
v 0.00530000 -0.01208532 -0.03558532
v -0.00000000 -0.01150000 -0.03584654
v 0.00530000 -0.01117605 -0.03578210
v -0.00000000 -0.01080798 -0.03542681
v 0.00530000 -0.01065955 -0.03478084
v 0.00500000 -0.02668083 -0.02997466
v 0.00530000 -0.00935565 -0.03799447
v 0.00950000 -0.00935565 0.00299447
v -0.00199784 -0.02734257 0.01602462
v -0.00000059 -0.02376854 -0.03155009
v -0.00000000 -0.00998072 -0.03737488
v -0.00000000 -0.00998955 -0.03263747
v -0.00000000 0.00751411 -0.03721139
v -0.00000000 0.00998955 -0.03263747
v -0.00000000 0.01197588 -0.03428780
v -0.00000059 0.02376854 -0.03155009
v 0.00000424 0.02906840 0.01588454
v 0.02000000 -0.02560418 -0.05829246
v 0.02000000 -0.02389326 -0.05758379
v 0.02000000 0.00747878 -0.06715703
v 0.02000000 -0.03446873 -0.02520950
v 0.02000000 0.00918970 -0.06644833
v 0.02000000 -0.03275781 -0.02450082
v 0.02000000 0.03169719 -0.04293861
v 0.02000000 0.03340811 -0.04222993
v 0.02000000 0.02283264 -0.00985566
v 0.02000000 0.02454356 -0.00914697
v 0.00530000 -0.00935139 -0.03200249
v 0.00530000 0.00935473 -0.03200487
v 0.00500000 0.02675467 -0.02993576
v 0.00530000 -0.01166711 -0.03415990
v 0.00530000 0.01133289 -0.03415990
v 0.00950000 -0.00998072 -0.00237488
v 0.00950000 -0.01206011 0.00062136
v 0.00950000 -0.01131247 0.00079113
v 0.00950000 0.01979678 -0.01260230
v 0.00950000 0.01150000 0.00084654
v 0.00370000 -0.01498820 -0.00386442
v 0.00370000 -0.00935139 -0.00299752
v 0.00370000 -0.01499381 0.00385658
v 0.00370000 -0.01165765 0.00079255
v 0.00370000 -0.00998072 0.00237488
v 0.00370000 -0.01090141 0.00059859
v 0.00370000 0.01435017 -0.00449839
v 0.00370000 0.01114028 0.00075526
v 0.00370000 0.01192682 0.00069202
v 0.00370000 0.01499381 0.00385658
v 0.00049983 0.01435136 0.00449681
v 0.00049991 -0.01434913 0.00449838
v 0.00049836 -0.01434944 -0.00449838
v 0.00050174 0.01499302 -0.00386516
v 0.00899719 0.01435933 -0.03949647
v 0.00530000 0.01498820 -0.03886442
v 0.00530000 -0.01435236 -0.03949682
v 0.00899614 -0.01499315 -0.03886365
v 0.00530000 -0.01499381 -0.03114342
v 0.00899719 -0.01435934 -0.03050353
v 0.00530000 0.01435236 -0.03050318
v 0.00899373 0.01498707 -0.03112858
v 0.00530000 0.00798589 -0.03721139
v 0.00848064 0.02559434 -0.00984180
v 0.00847778 0.02390909 -0.00914418
v 0.00847416 0.02304689 -0.00962019
v 0.00848064 0.03445889 -0.04292476
v 0.00847778 0.03277365 -0.04222714
v 0.00847416 0.03191144 -0.04270314
v 0.00848064 0.01024049 -0.06714319
v 0.00847778 0.00855524 -0.06644554
v 0.00847416 0.00769304 -0.06692156
v 0.00848064 -0.02284248 -0.05827862
v 0.00847778 -0.02452772 -0.05758099
v 0.00847416 -0.02538993 -0.05805700
v 0.00848064 -0.03170703 -0.02519566
v 0.00847778 -0.03339227 -0.02449803
v 0.00847417 -0.03425448 -0.02497404
v 0.00351715 -0.02812356 -0.03004708
v 0.00500000 0.02927216 -0.03137625
v 0.00351113 0.02762128 -0.02994300
v 0.00500000 0.02840035 -0.03025566
v 0.00350904 0.02885994 -0.03067853
v -0.00200960 0.02968826 0.01632000
v 0.00901041 0.03049822 0.01708287
v -0.00199087 0.03119101 -0.01274482
v 0.00899332 -0.03290529 -0.01365271
v -0.00199088 -0.03119102 -0.01274484
v -0.00202026 -0.03022410 0.01688231
v 0.00901041 -0.03049822 0.01708287
v 0.00899820 -0.03187804 0.01729501
v -0.00200611 -0.02900874 0.01589656
v 0.00847417 -0.03190779 -0.02729268
v 0.00750858 -0.03308296 -0.02613545
v 0.00847416 -0.02304324 -0.06037564
v 0.00750858 -0.02421841 -0.05921841
v 0.00847416 0.01003973 -0.06924020
v 0.00750858 0.00886455 -0.06808297
v 0.00847416 0.03425813 -0.04502179
v 0.00750858 0.03308296 -0.04386455
v 0.00847416 0.02539358 -0.01193883
v 0.00750858 0.02421841 -0.01078159
v 0.00847778 0.02390909 -0.00914418
v 0.00847416 0.02304689 -0.00962019
v 0.00847778 0.03277365 -0.04222714
v 0.00847416 0.03191144 -0.04270314
v 0.00847778 0.00855524 -0.06644554
v 0.00847416 0.00769304 -0.06692156
v 0.00847778 -0.02452772 -0.05758099
v 0.00847416 -0.02538993 -0.05805700
v 0.00847778 -0.03339227 -0.02449803
v 0.00847417 -0.03425448 -0.02497404
v 0.00750858 -0.03308296 -0.02613545
v 0.00750858 -0.02421841 -0.05921841
v 0.00750858 0.00886455 -0.06808297
v 0.00750858 0.03308296 -0.04386455
v 0.00750858 0.02421841 -0.01078159
v 0.00750858 -0.03308296 -0.02613545
v 0.00750858 -0.02421841 -0.05921841
v 0.00750858 0.00886455 -0.06808297
v 0.00750858 0.03308296 -0.04386455
v 0.00750858 0.02421841 -0.01078159
v 0.00750858 -0.03308296 -0.02613545
v 0.00750858 -0.02421841 -0.05921841
v 0.00750858 0.00886455 -0.06808297
v 0.00750858 0.03308296 -0.04386455
v 0.00750858 0.02421841 -0.01078159
f 1 2 3
f 3 2 4
f 4 5 6
f 2 5 4
f 6 7 8
f 5 7 6
f 8 9 10
f 7 9 8
f 10 11 12
f 9 11 10
f 12 13 14
f 11 13 12
f 14 15 16
f 13 15 14
f 16 17 18
f 15 17 16
f 17 19 18
f 17 20 19
f 20 21 19
f 20 22 21
f 20 23 22
f 24 25 26
f 24 27 25
f 28 26 29
f 28 24 26
f 30 29 31
f 30 28 29
f 32 30 31
f 32 31 33
f 34 33 35
f 34 32 33
f 36 35 37
f 36 34 35
f 38 37 39
f 38 36 37
f 40 38 39
f 41 38 40
f 42 40 43
f 42 41 40
f 44 43 45
f 44 42 43
f 46 45 47
f 46 44 45
f 48 47 49
f 48 46 47
f 50 49 51
f 50 48 49
f 52 53 54
f 55 52 54
f 56 57 58
f 56 59 57
f 60 58 61
f 60 56 58
f 62 61 63
f 62 60 61
f 64 62 63
f 65 62 64
f 66 65 64
f 67 65 66
f 68 67 66
f 69 67 68
f 70 68 71
f 70 69 68
f 72 70 71
f 73 70 72
f 74 72 75
f 74 73 72
f 76 75 77
f 76 74 75
f 78 77 79
f 78 76 77
f 80 81 82
f 80 83 81
f 83 84 81
f 83 85 84
f 85 86 84
f 85 87 86
f 91 92 93
f 91 94 92
f 95 93 96
f 95 91 93
f 97 96 98
f 97 95 96
f 99 98 100
f 99 97 98
f 101 99 100
f 102 99 101
f 103 101 104
f 103 102 101
f 105 104 106
f 105 103 104
f 107 106 108
f 107 105 106
f 109 108 110
f 109 107 108
f 111 110 112
f 111 109 110
f 113 114 115
f 113 116 114
f 117 115 118
f 117 113 115
f 94 118 92
f 94 117 118
f 119 120 121
f 121 120 122
f 122 120 123
f 123 124 125
f 120 124 123
f 125 124 126
f 126 127 128
f 124 127 126
f 128 129 130
f 127 129 128
f 130 129 131
f 131 132 133
f 129 132 131
f 134 135 136
f 134 137 135
f 135 138 139
f 137 138 135
f 139 140 141
f 138 140 139
f 141 142 143
f 140 142 141
f 143 144 145
f 142 144 143
f 145 146 147
f 144 146 145
f 147 148 149
f 146 148 147
f 149 150 151
f 148 150 149
f 152 153 154
f 154 153 155
f 155 156 157
f 153 156 155
f 157 158 159
f 156 158 157
f 159 160 161
f 158 160 159
f 161 162 163
f 160 162 161
f 163 164 165
f 162 164 163
f 165 166 167
f 164 166 165
f 167 168 169
f 166 168 167
f 170 171 172
f 173 171 170
f 174 173 170
f 175 173 174
f 176 174 177
f 176 175 174
f 178 177 179
f 178 176 177
f 180 179 181
f 180 178 179
f 182 181 183
f 182 180 181
f 184 183 185
f 184 182 183
f 186 185 187
f 186 184 185
f 188 187 189
f 188 186 187
f 190 189 191
f 190 188 189
f 171 192 172
f 193 194 195
f 193 196 194
f 196 197 194
f 196 198 197
f 198 199 197
f 198 200 199
f 201 202 203
f 201 204 202
f 206 205 207
f 207 205 208
f 208 209 210
f 205 209 208
f 210 209 211
f 211 212 213
f 209 212 211
f 216 214 215
f 217 216 215
f 217 215 218
f 219 218 220
f 219 217 218
f 221 220 222
f 221 219 220
f 223 222 224
f 223 221 222
f 225 224 226
f 225 223 224
f 227 226 228
f 227 225 226
f 229 228 230
f 229 227 228
f 231 229 230
f 232 229 231
f 234 233 235
f 1701 1700 236
f 236 1700 237
f 237 1703 238
f 1700 1703 237
f 238 1705 239
f 1703 1705 238
f 240 241 242
f 2956 243 244
f 241 2957 242
f 2958 245 246
f 243 2959 244
f 245 247 246
f 2960 248 249
f 2961 248 2960
f 250 1749 251
f 1749 1750 251
f 1710 2936 252
f 252 2936 253
f 1744 250 254
f 1744 1749 250
f 2951 1744 254
f 2951 254 255
f 2950 2963 256
f 2950 1740 2963
f 2949 2964 257
f 2949 1738 2964
f 2948 2965 258
f 2948 1736 2965
f 2947 2966 260
f 2947 1734 2966
f 2946 2967 261
f 2946 1732 2967
f 2945 2968 262
f 2945 1730 2968
f 1727 2969 263
f 1727 1728 2969
f 264 265 266
f 267 264 266
f 268 269 270
f 270 269 271
f 2975 272 273
f 2973 272 2975
f 2977 274 275
f 2976 274 2977
f 2979 276 277
f 2978 276 2979
f 278 279 280
f 281 278 280
f 282 280 283
f 282 281 280
f 1551 283 284
f 1551 282 283
f 2907 1551 284
f 2907 284 285
f 2906 2982 286
f 2906 1549 2982
f 2905 2983 287
f 2905 1547 2983
f 2904 2984 288
f 1543 2985 289
f 2904 1546 2984
f 2903 1543 289
f 2902 2986 290
f 2902 1542 2986
f 2901 2987 291
f 2901 1540 2987
f 1534 2988 292
f 1534 1538 2988
f 293 295 294
f 295 297 2989
f 296 298 2990
f 298 299 3685
f 300 301 298
f 2992 301 303
f 298 301 299
f 2995 304 306
f 2994 305 302
f 2997 307 309
f 2996 308 306
f 2999 310 311
f 2998 3000 309
f 310 2937 311
f 313 312 314
f 3005 315 316
f 3002 315 3005
f 3007 3006 317
f 3008 318 319
f 3689 318 3008
f 3010 3009 320
f 3011 321 322
f 3013 3012 323
f 3690 321 3011
f 3012 324 323
f 3014 3015 325
f 1836 1838 3003
f 3003 1838 326
f 1840 3691 1839
f 1839 3691 3018
f 3017 3842 1846
f 3843 3692 3016
f 1843 1845 1842
f 1842 1845 3867
f 327 328 329
f 329 328 330
f 3023 3020 331
f 3024 332 333
f 3696 332 3024
f 3026 3025 334
f 3027 335 337
f 3698 336 3028
f 3031 339 340
f 3033 3032 341
f 3029 338 3030
f 3032 342 341
f 3034 3035 343
f 1853 1854 3021
f 3021 1854 344
f 1857 3699 1855
f 1855 3699 3038
f 3037 3844 1863
f 3845 3700 3036
f 1860 1862 1858
f 1858 1862 3868
f 346 345 347
f 3041 348 349
f 3039 348 3041
f 3043 350 351
f 3042 350 3043
f 3045 3044 352
f 3046 353 355
f 3706 354 3047
f 3049 356 357
f 3051 3050 358
f 3048 356 3049
f 3050 359 358
f 3052 3053 360
f 1869 1871 3040
f 3040 1871 361
f 1874 3707 1872
f 1872 3707 3056
f 3055 3846 1880
f 3847 3708 3054
f 1877 1879 1875
f 1875 1879 3869
f 362 363 364
f 364 363 365
f 3060 3058 366
f 3061 367 368
f 3712 367 3061
f 3063 3062 369
f 3065 371 372
f 3714 370 3064
f 3067 373 374
f 3069 3068 375
f 3066 373 3067
f 3068 376 375
f 3070 3071 377
f 1887 1888 3059
f 3059 1888 378
f 1891 3715 1889
f 1889 3715 3074
f 3073 3848 1897
f 3849 3716 3072
f 1894 1896 1892
f 1892 1896 3870
f 380 379 381
f 3077 382 383
f 3075 382 3077
f 3079 3078 384
f 3080 385 386
f 3722 385 3080
f 3082 3081 387
f 3083 388 389
f 3085 3084 390
f 3723 388 3083
f 3084 391 390
f 3086 3087 392
f 1903 1905 3076
f 3076 1905 393
f 1907 3724 1906
f 1906 3724 3090
f 3089 3850 1913
f 3851 3725 3088
f 1910 1912 1909
f 1909 1912 3871
f 394 395 396
f 396 395 397
f 3094 398 399
f 3092 398 3094
f 3096 400 401
f 3095 400 3096
f 3098 402 403
f 3100 3099 404
f 3097 402 3098
f 3099 405 404
f 3101 406 407
f 3102 406 3101
f 3104 408 409
f 3103 408 3104
f 3106 410 411
f 3105 410 3106
f 412 413 414
f 414 413 415
f 3112 416 417
f 3114 3113 418
f 3110 416 3112
f 3113 419 418
f 3115 420 421
f 3116 420 3115
f 3118 422 423
f 3117 422 3118
f 3120 424 425
f 3122 3121 426
f 3119 424 3120
f 3121 427 426
f 3123 428 429
f 3124 428 3123
f 430 431 432
f 432 431 433
f 3129 434 435
f 3127 434 3129
f 3131 436 437
f 3130 436 3131
f 3133 438 439
f 3135 3134 440
f 3132 438 3133
f 3134 441 440
f 3136 442 443
f 3137 442 3136
f 3139 444 445
f 3138 444 3139
f 3141 446 447
f 3140 446 3141
f 2927 2928 448
f 448 2928 449
f 3145 2929 450
f 1649 2929 3145
f 3146 2930 451
f 1651 2930 3146
f 3147 2931 452
f 1653 2931 3147
f 3148 2932 453
f 3149 1657 454
f 1655 2932 3148
f 1657 2933 454
f 3150 2934 455
f 1659 2934 3150
f 3151 2935 456
f 1663 2935 3151
f 457 458 459
f 459 458 460
f 3156 461 462
f 3154 461 3156
f 3158 463 464
f 3157 463 3158
f 3160 465 466
f 3162 3161 467
f 3159 465 3160
f 3161 468 467
f 3163 469 470
f 3164 469 3163
f 3166 471 472
f 3165 471 3166
f 3168 473 474
f 3167 473 3168
f 2909 2910 475
f 475 2910 476
f 3172 2911 477
f 1610 2911 3172
f 3173 2912 478
f 1611 2912 3173
f 3174 2913 479
f 1615 2913 3174
f 3175 2914 480
f 1616 2914 3175
f 3176 2915 481
f 1620 2915 3176
f 3177 2916 482
f 1623 2916 3177
f 3178 2917 483
f 1624 2917 3178
f 484 485 486
f 3182 487 488
f 3181 3183 3733
f 3184 489 490
f 3734 3185 3735
f 3736 491 3186
f 492 493 494
f 3190 495 496
f 3189 3191 3741
f 3742 497 3192
f 3743 3193 498
f 3194 499 500
f 3744 3195 3745
f 2919 2918 501
f 501 2918 502
f 3198 2920 503
f 1629 2920 3198
f 3199 2921 504
f 1633 2921 3199
f 3200 2922 505
f 1635 2922 3200
f 3201 2923 506
f 3202 1639 507
f 1637 2923 3201
f 1639 2924 507
f 3203 2925 508
f 1641 2925 3203
f 3204 2926 509
f 1643 2926 3204
f 510 511 512
f 512 511 513
f 3209 514 515
f 3207 514 3209
f 3211 516 517
f 3210 516 3211
f 3213 518 519
f 3215 3214 520
f 3212 518 3213
f 3214 521 520
f 3216 522 523
f 3217 522 3216
f 3219 524 525
f 3218 524 3219
f 3221 526 527
f 3220 526 3221
f 528 1463 529
f 530 531 533
f 529 2885 534
f 534 2885 530
f 1463 2885 529
f 1464 2886 530
f 530 2886 531
f 3225 2887 536
f 1466 2887 532
f 537 1470 538
f 3227 2889 3228
f 1468 2888 535
f 3229 2890 539
f 1470 2890 538
f 3230 541 542
f 1472 2891 540
f 3230 2892 541
f 541 2893 543
f 543 2893 545
f 1474 2893 541
f 544 1478 546
f 1476 1478 544
f 1478 1479 546
f 546 1479 547
f 547 1484 548
f 1479 1484 547
f 548 2894 549
f 1484 2894 548
f 551 552 550
f 3232 3234 553
f 3749 554 3235
f 3750 3236 555
f 3236 556 555
f 557 558 559
f 558 560 559
f 3243 3244 561
f 3753 562 3245
f 3754 3246 563
f 3755 564 3247
f 3756 3248 565
f 1588 1670 1672
f 1588 1590 1670
f 1583 1672 1677
f 1583 1677 1678
f 1583 1588 1672
f 1581 1583 1678
f 1579 1678 1680
f 1579 1581 1678
f 1578 1680 1682
f 1578 1579 1680
f 1575 1682 1684
f 1575 1578 1682
f 1573 1684 1686
f 1573 1575 1684
f 1570 1686 1688
f 1570 1573 1686
f 1566 1688 1693
f 1566 1570 1688
f 1569 1693 1696
f 1569 1566 1693
f 566 567 568
f 569 567 566
f 571 569 566
f 571 566 570
f 572 573 571
f 572 574 575
f 572 570 574
f 572 571 570
f 576 575 577
f 576 572 575
f 578 1698 1670
f 1590 577 578
f 1590 578 1670
f 1590 576 577
f 579 580 581
f 581 580 582
f 3257 583 584
f 3259 3258 585
f 3255 583 3257
f 3258 586 585
f 3260 587 588
f 3261 587 3260
f 3263 589 590
f 3262 589 3263
f 3265 591 592
f 3267 3266 593
f 3264 591 3265
f 3266 594 593
f 3268 595 596
f 3269 595 3268
f 597 598 599
f 600 599 601
f 600 597 599
f 602 1494 1487
f 602 601 1494
f 603 602 1487
f 604 601 602
f 604 600 601
f 605 1487 1495
f 605 603 1487
f 606 604 602
f 607 605 1495
f 608 1495 1498
f 608 607 1495
f 609 608 1498
f 610 609 1498
f 610 1498 1500
f 611 1500 1502
f 611 612 610
f 611 610 1500
f 613 1502 1504
f 613 611 1502
f 614 1504 1506
f 614 613 1504
f 615 1506 1509
f 615 614 1506
f 616 615 1509
f 617 1509 1510
f 617 616 1509
f 618 1510 1512
f 618 617 1510
f 619 1512 1514
f 619 618 1512
f 620 1514 1516
f 620 619 1514
f 621 1516 1518
f 621 620 1516
f 622 621 1518
f 623 620 621
f 624 625 626
f 624 626 627
f 628 629 630
f 630 629 631
f 633 634 635
f 636 634 637
f 635 634 636
f 637 638 639
f 634 638 637
f 638 640 639
f 639 641 642
f 640 641 639
f 642 643 644
f 641 643 642
f 644 645 646
f 643 645 644
f 647 648 649
f 649 648 650
f 650 651 652
f 648 651 650
f 652 653 654
f 651 653 652
f 1731 2057 1733
f 1731 3226 2057
f 1729 3226 1731
f 1729 655 3226
f 2057 2060 1733
f 1729 656 655
f 1729 1725 656
f 656 1725 657
f 2060 1735 1733
f 2060 2061 1735
f 658 659 663
f 660 666 664
f 1725 2080 657
f 2080 2082 657
f 2082 667 657
f 667 3277 657
f 1725 3240 2080
f 662 3241 1726
f 665 3240 661
f 1735 2062 1737
f 2061 2062 1735
f 2082 2084 667
f 668 3240 665
f 669 670 668
f 668 670 3240
f 2084 3249 667
f 670 671 3249
f 3249 671 667
f 669 671 670
f 2183 1922 2185
f 1922 1924 2185
f 2183 1920 1922
f 2183 3093 1920
f 2180 3093 2183
f 1924 1926 2185
f 2185 1926 669
f 673 672 2179
f 674 672 673
f 2180 675 3093
f 2179 675 2180
f 1926 1927 669
f 669 1927 671
f 671 1927 676
f 2062 2063 1737
f 2179 677 675
f 672 677 2179
f 1927 1930 676
f 2063 1739 1737
f 1930 1932 676
f 1932 3108 676
f 677 672 678
f 2153 681 680
f 679 681 2153
f 2063 2064 1739
f 672 682 678
f 678 682 683
f 684 1764 685
f 3748 2074 684
f 684 2074 1764
f 2064 1741 1739
f 1759 1741 1757
f 1757 1741 1755
f 1755 1741 2064
f 2074 3237 1764
f 3748 686 687
f 686 688 687
f 682 690 683
f 690 691 683
f 683 691 692
f 693 691 694
f 692 691 693
f 1759 1742 1741
f 1764 1742 1761
f 1761 1742 1759
f 3237 1742 1764
f 3238 1746 1743
f 695 696 697
f 688 1745 3237
f 698 699 682
f 682 699 690
f 696 2177 697
f 698 700 699
f 1747 705 702
f 1748 703 706
f 689 705 1747
f 688 707 704
f 688 708 707
f 686 708 688
f 709 2040 698
f 697 2040 709
f 2177 2038 697
f 697 2038 2040
f 2040 2042 698
f 1959 1961 710
f 710 1961 686
f 686 1961 708
f 710 1957 1959
f 2042 2044 698
f 698 2044 700
f 2177 3208 2038
f 708 1963 711
f 1961 1963 708
f 710 3128 1957
f 676 3128 710
f 3108 3128 676
f 2177 712 3208
f 2044 2045 700
f 3108 713 3128
f 694 713 3108
f 691 713 694
f 1963 1964 711
f 2045 2048 700
f 1964 1967 711
f 2048 2050 700
f 1967 714 711
f 1969 714 1967
f 3143 714 1969
f 715 2175 716
f 717 2175 715
f 718 2175 717
f 712 2175 718
f 2177 2175 712
f 691 719 713
f 720 719 721
f 713 719 720
f 3143 722 714
f 723 722 3143
f 721 719 724
f 719 725 724
f 723 726 722
f 727 726 723
f 725 728 724
f 724 728 729
f 729 730 727
f 728 730 729
f 731 730 732
f 726 730 731
f 727 730 726
f 725 733 728
f 2175 2171 716
f 716 2171 734
f 3223 1621 2050
f 2050 1617 700
f 1622 1618 2051
f 735 1621 3223
f 734 1621 735
f 734 1625 1621
f 2171 1625 734
f 700 1612 736
f 1619 1613 701
f 2172 738 1626
f 733 741 728
f 736 741 733
f 737 744 742
f 1987 1989 736
f 1612 1984 736
f 1608 1985 1614
f 736 1984 1987
f 745 2170 747
f 2173 2169 739
f 740 2170 745
f 1989 1991 736
f 736 1991 743
f 1606 3155 1984
f 1606 749 3155
f 1991 1992 743
f 1606 750 749
f 1604 751 1607
f 1992 1995 743
f 743 1995 752
f 1997 753 1995
f 1995 753 752
f 748 2166 1605
f 2168 2165 746
f 1603 2165 750
f 750 2165 754
f 1997 2160 753
f 3170 2160 1997
f 755 2160 3170
f 756 2161 755
f 757 2161 756
f 758 2161 757
f 754 2161 758
f 2165 2161 754
f 755 2161 2160
f 2160 759 753
f 1764 657 3277
f 1764 3277 2153
f 1764 2153 680
f 1764 680 685
f 684 686 3748
f 761 760 762
f 3336 763 764
f 3335 763 3336
f 3338 765 766
f 3337 765 3338
f 3340 767 768
f 3339 767 3340
f 3342 769 770
f 3341 769 3342
f 3344 771 772
f 3343 771 3344
f 3346 773 774
f 3345 773 3346
f 3347 776 3348
f 3348 776 775
f 776 777 775
f 276 288 277
f 277 288 259
f 259 760 761
f 288 760 259
f 778 779 780
f 781 779 778
f 780 782 783
f 779 782 780
f 784 785 781
f 781 785 779
f 782 786 783
f 783 786 787
f 784 1708 785
f 784 1711 1708
f 787 788 789
f 786 788 787
f 791 2098 3252
f 1712 2097 790
f 784 2096 1711
f 784 2099 2096
f 784 3254 2099
f 789 792 793
f 788 792 789
f 792 794 793
f 792 795 794
f 795 796 794
f 797 796 795
f 797 798 796
f 799 798 797
f 805 803 800
f 806 802 804
f 799 801 798
f 801 807 798
f 807 808 798
f 1851 1515 1513
f 1856 1851 1513
f 3019 1515 1851
f 809 1515 3019
f 1859 1856 1513
f 1861 1859 1513
f 810 1517 1515
f 810 1515 809
f 810 811 812
f 810 813 811
f 810 809 813
f 814 1513 1511
f 814 810 812
f 814 1861 1513
f 814 815 3701
f 814 812 815
f 814 3701 1861
f 816 1519 1517
f 816 1517 810
f 817 814 1511
f 817 1511 1508
f 818 1519 816
f 1837 819 1519
f 1873 1870 1508
f 3704 1508 1870
f 3687 819 1837
f 1841 1519 818
f 1841 1837 1519
f 820 1508 3704
f 821 819 3687
f 1507 1876 1873
f 1507 1873 1508
f 1878 1876 1507
f 1844 1841 818
f 3709 1878 1507
f 3693 1844 818
f 822 819 821
f 823 820 824
f 823 817 1508
f 823 1508 820
f 823 825 826
f 823 824 825
f 827 3693 818
f 827 828 3693
f 827 829 828
f 827 830 829
f 831 819 822
f 831 822 830
f 831 830 827
f 832 826 833
f 832 823 826
f 1505 833 3709
f 1505 3709 1507
f 1505 832 833
f 834 831 827
f 835 837 838
f 835 834 837
f 835 831 834
f 842 836 840
f 844 832 1505
f 845 838 843
f 847 841 838
f 848 839 846
f 1503 844 1505
f 849 844 1503
f 1890 849 1503
f 1890 1885 849
f 3057 849 1885
f 850 849 3057
f 1501 1890 1503
f 1501 1893 1890
f 1501 1895 1893
f 3717 1895 1501
f 852 3717 1501
f 853 849 850
f 855 850 858
f 856 854 851
f 855 858 859
f 862 857 860
f 863 2943 1718
f 1499 864 852
f 1499 859 864
f 1499 852 1501
f 1499 1713 861
f 1499 861 859
f 3720 1522 2898
f 3720 2898 865
f 3720 865 1904
f 1904 865 866
f 1496 1713 1499
f 1497 1719 1714
f 1496 863 1718
f 3720 867 1522
f 1908 1904 866
f 1908 866 869
f 870 867 3720
f 1908 869 873
f 874 868 871
f 1911 1908 873
f 876 872 879
f 1492 1911 873
f 1492 863 1496
f 1492 3726 1911
f 1492 873 863
f 881 875 878
f 880 877 883
f 1490 882 885
f 1488 3727 1493
f 1489 886 3728
f 1491 889 887
f 1488 884 888
f 1545 1465 1548
f 1467 1465 1545
f 1462 1550 1548
f 1462 1548 1465
f 1544 1467 1545
f 1469 1467 1544
f 1461 1552 1550
f 1461 1550 1462
f 892 894 1553
f 890 1552 1461
f 893 898 895
f 1541 1469 1544
f 1471 1469 1541
f 899 901 896
f 900 897 891
f 1539 1473 1471
f 1539 1471 1541
f 1537 1475 1473
f 1537 1473 1539
f 1477 1475 1537
f 1535 1477 1537
f 1480 1477 1535
f 1532 1482 1536
f 1528 2896 1481
f 1529 1483 1533
f 2899 2895 1527
f 902 622 1518
f 902 1518 903
f 904 902 903
f 905 903 906
f 905 904 903
f 907 905 906
f 908 906 909
f 908 907 906
f 910 908 909
f 911 912 908
f 911 908 910
f 913 910 914
f 913 911 910
f 915 914 916
f 915 913 914
f 3270 917 3272
f 3271 918 917
f 3388 919 3387
f 3388 920 919
f 3390 921 3389
f 3390 922 921
f 3392 923 3391
f 3392 924 923
f 3394 925 3393
f 3394 2971 925
f 3681 926 3395
f 2970 3368 2971
f 3681 2352 926
f 3368 2352 3681
f 3396 927 928
f 3399 3397 3256
f 2352 2351 926
f 3396 2350 927
f 3398 579 581
f 2350 3367 927
f 3367 929 927
f 1486 1526 2900
f 1485 2900 930
f 1485 930 3231
f 1485 1486 2900
f 931 932 2981
f 2980 3382 3381
f 2980 3381 931
f 2980 931 2981
f 3286 3278 2154
f 933 3759 3763
f 3288 3403 2194
f 3288 934 3403
f 3292 935 3764
f 3405 3404 2198
f 2203 3309 3780
f 3309 936 3780
f 3300 3406 2234
f 937 3781 3766
f 3407 2213 938
f 938 2213 3298
f 3299 3408 2211
f 939 3408 3299
f 3409 2207 940
f 3409 2212 2207
f 941 89 943
f 944 945 947
f 946 953 949
f 942 957 90
f 947 954 941
f 944 958 945
f 951 955 948
f 959 960 950
f 952 961 956
f 944 1591 958
f 1591 1554 958
f 1591 1557 1554
f 1591 1589 1557
f 1589 1559 1557
f 1589 1562 1559
f 966 964 962
f 970 1586 967
f 1563 1585 969
f 968 1587 965
f 1589 1584 1562
f 973 1595 971
f 972 977 1594
f 1584 978 963
f 1584 1582 978
f 974 1596 1593
f 981 984 976
f 975 983 1597
f 979 982 980
f 1582 985 978
f 982 986 1598
f 1582 1580 985
f 986 1602 1598
f 1580 987 985
f 986 989 1602
f 1580 1577 987
f 988 1567 1601
f 988 990 1567
f 992 993 991
f 987 1576 995
f 1577 1576 987
f 990 1568 1567
f 990 996 1568
f 995 1574 997
f 1576 1574 995
f 992 1571 993
f 997 1571 992
f 1574 1571 997
f 996 1571 1568
f 998 1572 996
f 994 1572 998
f 999 1696 1000
f 1569 999 3350
f 1569 1696 999
f 1600 3350 2320
f 1600 1569 3350
f 1592 2320 2317
f 1592 1600 2320
f 3349 1592 2317
f 1001 1002 251
f 1003 1592 3349
f 1003 3349 1001
f 1750 1001 251
f 1750 1003 1001
f 2908 1592 1003
f 2235 2238 1004
f 1004 2238 1005
f 1005 2246 1006
f 2238 2246 1005
f 1006 2250 1007
f 2246 2250 1006
f 2086 3757 3287
f 3757 1008 3287
f 2197 3417 3752
f 3783 3242 2078
f 2076 3239 3302
f 3751 1009 3767
f 2215 3418 3301
f 2214 3233 2071
f 3784 3233 2214
f 1010 1011 1012
f 1010 1012 1013
f 1014 1010 1013
f 1015 1010 1014
f 1016 1015 1014
f 1017 1015 1016
f 3402 3401 1018
f 3401 1019 1018
f 1018 1020 1021
f 1019 1020 1018
f 1021 1463 528
f 1020 1463 1021
f 1022 1023 1024
f 1023 1025 1024
f 1024 1026 1027
f 1025 1026 1024
f 1027 1028 1029
f 1026 1028 1027
f 2288 1030 2291
f 2286 1030 2288
f 2284 1030 2286
f 2282 1030 2284
f 1805 1031 1030
f 1804 1032 1031
f 1806 1030 2282
f 1806 2280 2277
f 1806 2282 2280
f 1806 1805 1030
f 1033 2059 1034
f 1035 2059 1033
f 1803 1036 1032
f 1807 1806 2277
f 1037 1038 1035
f 1038 2055 2059
f 1038 2059 1035
f 1038 2054 2055
f 1802 1036 1803
f 1039 1036 1802
f 1799 1039 1802
f 1042 1044 2391
f 1043 2388 2389
f 1808 1807 1795
f 1808 1793 1791
f 1808 1795 1793
f 1045 2054 1038
f 1045 2485 2054
f 1045 2482 2485
f 3384 1041 2390
f 1046 2482 1045
f 1047 1788 2972
f 1047 1791 1788
f 1047 1048 1049
f 1047 2972 1048
f 1047 1808 1791
f 2108 1039 1799
f 1798 2108 1799
f 2418 2482 1046
f 2111 2108 1798
f 2105 1039 2108
f 1671 2388 1043
f 1671 3383 2388
f 2112 1798 2418
f 2112 2111 1798
f 2103 1039 2105
f 1050 1671 1043
f 2114 2418 1046
f 2114 2112 2418
f 2116 2114 1046
f 1809 1808 1047
f 2119 2116 1046
f 1051 1809 1047
f 1053 1054 1055
f 2410 1785 1784
f 1056 1671 1050
f 1058 1785 2410
f 2408 1058 2410
f 1053 1055 1059
f 1060 2404 2120
f 1060 2406 2404
f 3426 1060 2120
f 3426 2120 2119
f 3426 2119 1046
f 1667 1671 1056
f 1053 1059 1063
f 1064 1061 1763
f 1064 1763 1762
f 1810 1809 1051
f 2065 1064 1762
f 2065 1758 1756
f 2065 1760 1758
f 2065 1762 1760
f 1065 1810 1051
f 2491 3426 1046
f 2066 1064 2065
f 1066 2406 1060
f 2067 1067 1064
f 2067 1064 2066
f 3737 1052 1062
f 3737 1062 1058
f 2013 3737 1058
f 1068 1058 2408
f 1068 2013 1058
f 1069 2408 2406
f 1069 1068 2408
f 1069 2406 1066
f 1070 1071 1052
f 1070 1052 3737
f 2068 1067 2067
f 2488 1046 1072
f 2488 2491 1046
f 2011 2013 1068
f 3180 2011 1068
f 2069 1072 1067
f 2069 1067 2068
f 1073 1069 1066
f 1675 1075 1077
f 1676 1078 1080
f 1674 1668 1074
f 1632 1081 1082
f 1632 1082 1083
f 1817 1810 1065
f 1815 1812 1818
f 2991 1817 1065
f 1084 1085 3180
f 1084 3180 1068
f 1634 1632 1083
f 1631 1079 1081
f 1631 1081 1632
f 2070 1072 2069
f 3423 2488 1072
f 1084 1070 1085
f 1942 1939 1072
f 1942 1072 2070
f 1936 1072 1939
f 1936 3423 1072
f 3280 1070 1084
f 1813 1086 1811
f 1636 1083 1071
f 1636 1634 1083
f 1628 1079 1631
f 1943 1942 2070
f 3109 3423 1936
f 1089 1087 1814
f 3400 1943 2070
f 1090 3423 3109
f 1638 1070 3280
f 1638 1636 1071
f 1638 1071 1070
f 1091 1673 1079
f 1091 1079 1628
f 1945 1943 3400
f 1092 1090 3109
f 1640 1638 3280
f 1093 1673 1091
f 1947 3400 1094
f 1947 1945 3400
f 1095 1090 1092
f 1095 1073 1090
f 1096 1094 1086
f 1096 1088 1097
f 1096 1086 1088
f 1642 1640 3280
f 1098 1950 1947
f 1098 1947 1094
f 1098 1094 1096
f 1951 1950 1098
f 1100 1073 1095
f 1100 1069 1073
f 1100 1095 1101
f 1102 1100 1101
f 1103 1104 1105
f 1679 1093 1106
f 1679 1106 1107
f 1679 1673 1093
f 2157 1642 3280
f 1108 2157 1109
f 2021 2023 1102
f 1110 1101 1104
f 1110 1102 1101
f 1110 1104 1103
f 3196 1102 2023
f 1111 2157 1108
f 2021 1102 1110
f 2019 2021 1110
f 1112 3196 1113
f 1113 1114 1112
f 1115 2019 1110
f 1116 1115 1117
f 1118 1116 1117
f 1118 1117 1119
f 1116 2019 1115
f 1120 1118 1119
f 1116 3188 2019
f 1121 3274 2131
f 1123 1121 2131
f 1122 2130 2134
f 1681 1679 1107
f 1681 1107 1124
f 1681 1124 1125
f 1126 1113 3188
f 1126 3188 1116
f 1650 2157 1111
f 1650 1111 1114
f 1652 1113 1126
f 1652 1650 1114
f 1652 1114 1113
f 1647 1642 2157
f 1647 2157 1650
f 1128 1123 2135
f 1654 1652 1126
f 1654 1126 1129
f 1646 1642 1647
f 1646 1644 1642
f 1646 1130 1644
f 1656 1654 1129
f 1131 1130 1646
f 1658 1656 1129
f 1658 1129 1132
f 1697 1127 2133
f 1697 1699 1127
f 1697 2133 3276
f 1683 1681 1125
f 1683 1131 1133
f 1683 1130 1131
f 1683 1125 1130
f 1134 1660 1658
f 1134 1658 1132
f 1702 1699 1697
f 1139 1665 1662
f 1137 1661 1135
f 1136 1141 1664
f 1694 1704 1702
f 1694 1702 1697
f 1685 1133 1143
f 1685 1143 1144
f 1685 1683 1133
f 1706 1704 1694
f 1691 1707 1695
f 1689 1145 1140
f 1692 1139 1147
f 1691 1146 1707
f 1690 1142 1138
f 1687 1145 1689
f 1687 1144 1148
f 1687 1148 1145
f 1687 1685 1144
f 1149 1047 1049
f 1099 1150 1952
f 1057 1076 1669
f 2413 1040 2104
f 1030 2294 2291
f 1805 1804 1031
f 1804 1803 1032
f 2059 3224 1034
f 1035 1763 1037
f 1037 1763 1061
f 1811 1810 1817
f 1112 1102 3196
f 1151 2014 1152
f 2014 1153 1152
f 1152 1153 1154
f 2014 2012 1153
f 1151 3187 2014
f 1151 1155 3187
f 1155 1156 3187
f 2012 3732 1153
f 1155 1157 1156
f 3732 1158 1153
f 1156 1158 1159
f 1159 1158 3732
f 1157 1158 1156
f 1157 3279 1158
f 1154 1160 1152
f 1160 1161 1152
f 1162 1161 1160
f 1162 3746 2022
f 2156 1165 1163
f 1163 1165 1164
f 1162 2020 1161
f 2022 2020 1162
f 2020 1166 1161
f 2020 3740 1166
f 3746 1167 1168
f 1167 1169 1168
f 1167 1170 1169
f 2156 1170 1165
f 1165 1170 1171
f 1171 1170 1167
f 3740 1172 1166
f 1170 1172 1169
f 1169 1172 3740
f 1157 1170 2156
f 1157 2156 3279
f 1162 1167 3746
f 621 1698 623
f 623 1698 578
f 1000 610 999
f 999 610 612
f 3222 1173 2053
f 2053 1173 3325
f 2260 1174 3324
f 3485 1174 2260
f 2259 1175 3313
f 3486 1175 2259
f 2240 1176 3312
f 3487 1176 2240
f 2239 1177 3314
f 3488 1177 2239
f 2241 1178 3315
f 3489 1178 2241
f 2242 1179 3310
f 3490 1179 2242
f 2236 3206 2037
f 3491 3206 2236
f 2032 2046 2031
f 2047 2046 2032
f 2033 2049 2032
f 2032 2049 2047
f 3205 2052 2033
f 2033 2052 2049
f 2031 2043 2030
f 2046 2043 2031
f 1180 2618 3205
f 3205 2618 2052
f 2030 2041 2029
f 2043 2041 2030
f 2618 1181 2619
f 1180 1181 2618
f 2039 2028 2041
f 2041 2028 2029
f 2619 1182 2620
f 1181 1182 2619
f 2036 2027 2039
f 2039 2027 2028
f 2620 1183 2621
f 1182 1183 2620
f 2035 3197 2036
f 2036 3197 2027
f 2623 1184 2624
f 2624 1184 2035
f 2035 1184 3197
f 2621 1185 2622
f 1183 1185 2621
f 2622 1186 2623
f 1185 1186 2622
f 2623 1186 1184
f 1645 1187 2034
f 2034 1187 3492
f 2625 1188 3493
f 3499 1188 2625
f 2626 1189 3494
f 3500 1189 2626
f 2627 1190 3495
f 3501 1190 2627
f 2628 1191 3497
f 2630 3503 3498
f 3502 1191 2628
f 3503 1192 3498
f 2631 1193 3496
f 3504 1193 2631
f 2629 1630 2026
f 3505 1630 2629
f 3482 1194 3484
f 3506 1195 3799
f 2615 3470 1196
f 2615 1196 3800
f 3468 3508 2602
f 1197 3801 3792
f 3509 2600 1198
f 1198 2600 3464
f 3465 1199 3790
f 3511 3510 2596
f 2597 3474 3802
f 3802 3474 1200
f 3478 1201 3796
f 3513 3512 2606
f 2617 3507 3803
f 2617 3803 2611
f 3747 3480 3455
f 2024 3797 2025
f 2613 3481 3789
f 2565 3798 3739
f 2614 2018 2017
f 2015 3738 3437
f 2016 3469 3786
f 2528 3793 3440
f 2601 3472 3787
f 2539 3795 3731
f 2604 2010 2009
f 2005 2003 2004
f 2005 2002 2003
f 2006 2001 2005
f 2007 2001 2006
f 2005 2001 2002
f 3179 3171 2007
f 2007 3171 2001
f 1202 1203 1204
f 3179 1205 3171
f 1206 1207 3179
f 1204 1207 1206
f 1208 1207 1203
f 1203 1207 1204
f 3179 1207 1205
f 1627 1209 2008
f 2008 1209 3518
f 2651 1210 3516
f 3521 1210 2651
f 2649 1211 3514
f 3522 1211 2649
f 2647 1212 3515
f 3523 1212 2647
f 2648 1213 3520
f 3524 1213 2648
f 2653 1214 3519
f 2652 3526 2650
f 3525 1214 2653
f 3517 1215 2000
f 3526 3527 2650
f 1215 1609 2000
f 3169 1216 1999
f 1999 1216 3329
f 2272 1217 3330
f 3528 1217 2272
f 2273 1218 3331
f 3529 1218 2273
f 2274 1219 3332
f 3530 1219 2274
f 2275 1220 3328
f 3531 1220 2275
f 2271 1221 3327
f 3532 1221 2271
f 2268 1222 3326
f 3533 1222 2268
f 2267 3153 1983
f 3534 3153 2267
f 1977 1993 1976
f 1978 1993 1977
f 1994 1993 1978
f 1979 1996 1978
f 3152 1996 1979
f 1978 1996 1994
f 3152 1998 1996
f 1993 1990 1976
f 1223 2661 3152
f 3152 2661 1998
f 1976 1988 1975
f 1990 1988 1976
f 1223 1224 2661
f 1224 2662 2661
f 1986 1974 1988
f 1988 1974 1975
f 2662 1225 2663
f 1224 1225 2662
f 1982 1973 1986
f 1986 1973 1974
f 1982 1981 1973
f 2663 1226 2664
f 1225 1226 2663
f 2667 3144 1981
f 1981 3144 1973
f 2664 1227 2665
f 2665 1227 2666
f 1226 1227 2664
f 2667 1228 3144
f 2666 1229 2667
f 1227 1229 2666
f 2667 1229 1228
f 1666 1230 1980
f 1980 1230 3535
f 2668 1231 3536
f 3542 1231 2668
f 2669 1232 3537
f 3543 1232 2669
f 2670 1233 3538
f 3544 1233 2670
f 2671 1234 3539
f 2672 3546 3541
f 3545 1234 2671
f 3546 1235 3541
f 2674 1236 3540
f 3547 1236 2674
f 2673 1648 1972
f 3548 1648 2673
f 3142 1237 1971
f 1971 1237 3318
f 2247 1238 3320
f 3549 1238 2247
f 2252 1239 3321
f 3550 1239 2252
f 2254 1240 3319
f 3551 1240 2254
f 2248 1241 3317
f 3552 1241 2248
f 2245 1242 3316
f 3553 1242 2245
f 2244 1243 3311
f 3554 1243 2244
f 2237 3126 1956
f 3555 3126 2237
f 1949 1966 1948
f 1948 1965 1946
f 1966 1965 1948
f 3125 1968 1949
f 1949 1968 1966
f 3125 1970 1968
f 1946 1962 1944
f 1965 1962 1946
f 1244 2682 3125
f 3125 2682 1970
f 1944 1960 1941
f 1962 1960 1944
f 1245 2683 1244
f 1244 2683 2682
f 1958 1940 1960
f 1960 1940 1941
f 1245 2684 2683
f 1955 1938 1958
f 1958 1938 1940
f 1245 1246 2684
f 1246 2685 2684
f 1954 3111 1955
f 1955 3111 1938
f 1246 1247 2685
f 2687 1248 2688
f 2688 1248 1954
f 1954 1248 3111
f 2685 1249 2686
f 2686 1249 2687
f 1247 1249 2685
f 1249 1250 2687
f 2687 1250 1248
f 1953 3462 3556
f 428 3463 429
f 2595 2691 2689
f 1251 3375 3462
f 3462 2370 2690
f 3375 2370 2595
f 3557 3450 3558
f 3557 2369 3450
f 2370 2368 2690
f 2369 1521 3450
f 2692 3449 3559
f 3788 3449 2692
f 1521 2897 3450
f 2693 3446 3561
f 2556 3446 2693
f 2695 3443 3562
f 2553 3443 2695
f 2696 3442 3560
f 2548 3442 2696
f 2694 1935 1937
f 2545 1935 2694
f 3107 1252 1934
f 1934 1252 3305
f 2220 1253 3304
f 3563 1253 2220
f 2219 1254 3303
f 3564 1254 2219
f 2218 1255 3297
f 3565 1255 2218
f 2210 1256 3294
f 3566 1256 2210
f 2205 1257 3293
f 3567 1257 2205
f 2204 1258 3291
f 3568 1258 2204
f 2202 3091 1919
f 3569 3091 2202
f 2117 1929 2115
f 1929 1928 2115
f 2118 1931 2117
f 2117 1931 1929
f 2121 1933 2118
f 2118 1933 1931
f 2115 1925 2113
f 1928 1925 2115
f 1925 2110 2113
f 2403 2698 2121
f 2121 2698 1933
f 1925 1923 2110
f 2405 2699 2403
f 2403 2699 2698
f 1923 1921 2110
f 1921 2109 2110
f 1921 1918 2109
f 2699 2407 2700
f 2405 2407 2699
f 1918 2107 2109
f 2700 2409 2701
f 2407 2409 2700
f 1917 2106 1918
f 2704 2106 1917
f 1918 2106 2107
f 2701 2411 2702
f 2702 2411 2703
f 2409 2411 2701
f 2704 2414 2106
f 2703 2412 2704
f 2411 2412 2703
f 2704 2412 2414
f 3447 3473 3445
f 3475 3473 3447
f 3454 3479 2607
f 3454 2607 2554
f 3456 2612 2564
f 3483 2612 3456
f 2616 2566 2610
f 2610 2566 2563
f 3439 3471 3760
f 3794 2158 2159
f 2603 2538 3466
f 3466 2538 3435
f 3436 3467 3785
f 3791 2598 2526
f 2552 2605 2599
f 2552 2599 2527
f 1259 3422 3421
f 1259 3421 3424
f 1259 3424 2486
f 1259 2486 3441
f 1260 3432 2493
f 3420 3419 1260
f 3425 1260 2493
f 3425 3420 1260
f 1261 1262 1263
f 3573 1264 3574
f 3804 3572 1265
f 1265 3572 1266
f 1267 1268 3577
f 3579 3576 3806
f 1269 3807 3578
f 1270 3807 1269
f 1271 1272 3580
f 3583 3581 3808
f 1273 3809 3582
f 1273 3582 1274
f 1275 1276 3585
f 3587 3584 3810
f 3575 3811 3586
f 3575 3586 3805
f 2081 2713 2712
f 2419 2081 2712
f 2419 2712 2155
f 2079 2713 2081
f 2083 2081 2419
f 2715 2713 2079
f 2715 2079 2472
f 2085 2083 2419
f 2717 2715 2472
f 2420 2472 2085
f 2420 2085 2419
f 2420 2717 2472
f 2421 2717 2420
f 2152 2155 2712
f 2426 1277 2152
f 1278 1277 2426
f 2707 2152 2712
f 2707 2424 2425
f 2707 2425 2426
f 2707 2426 2152
f 2075 2073 2424
f 2072 2424 2073
f 2075 2424 2707
f 2709 2075 2707
f 2077 2075 2709
f 2423 2072 2473
f 2720 2423 2473
f 2720 2422 2423
f 2721 2077 2709
f 2721 2473 2077
f 2721 2720 2473
f 2720 2717 2421
f 2720 2421 2422
f 2423 2424 2072
f 2229 2231 1279
f 1279 2231 1280
f 1280 2232 1281
f 2231 2232 1280
f 2196 2195 88
f 88 2195 1282
f 1282 2193 1283
f 2195 2193 1282
f 654 653 2196
f 88 654 2196
f 1283 2193 2191
f 1284 2191 3284
f 1284 1283 2191
f 3253 3285 571
f 3253 1285 3762
f 2235 1004 1281
f 2232 2235 1281
f 2228 2229 1279
f 2228 1279 1286
f 3308 1287 1599
f 3768 2228 1286
f 1003 3308 1599
f 3729 1288 3876
f 1290 1291 1289
f 1289 1291 3866
f 3076 1292 1293
f 3730 3593 3721
f 3592 3853 1916
f 1914 3379 1915
f 1915 3379 3590
f 3813 2380 3591
f 2379 3380 2732
f 2380 3378 3591
f 2733 3779 3852
f 3814 2376 3815
f 2378 3377 2734
f 2376 3376 3815
f 2735 3778 3594
f 2736 1901 1902
f 2373 1901 2736
f 3718 1294 3875
f 1296 1297 1295
f 1295 1297 3865
f 3059 1298 1299
f 3719 3598 3713
f 3597 3855 1900
f 1898 3370 1899
f 1899 3370 3595
f 3816 2367 3596
f 2360 3374 2737
f 2367 3373 3596
f 2738 3777 3854
f 3817 2363 3818
f 2364 3372 2739
f 2363 3369 3818
f 2740 3776 3599
f 2741 1884 1886
f 2359 1884 2741
f 3710 1300 3874
f 1302 1303 1301
f 1301 1303 3864
f 3040 1304 1305
f 3711 3603 3705
f 3602 3857 1883
f 1881 3366 1882
f 1882 3366 3600
f 3819 2340 3601
f 2347 3361 2742
f 2340 3360 3601
f 2743 3774 3856
f 3820 2338 3821
f 2339 3359 2744
f 2338 3356 3821
f 2745 3772 3604
f 2746 1867 1868
f 2334 1867 2746
f 3702 1306 3873
f 1308 1309 1307
f 1307 1309 3863
f 3022 1310 1311
f 3703 3608 3697
f 3607 3859 1866
f 1864 3355 1865
f 1865 3355 3605
f 3822 2325 3606
f 2328 3353 2747
f 2325 3352 3606
f 2748 3771 3858
f 3823 2326 3824
f 2324 3354 2749
f 2326 3351 3824
f 2750 3770 3609
f 2751 1850 1852
f 2322 1850 2751
f 3694 1312 3872
f 1314 1315 1313
f 1313 1315 3862
f 3004 1316 1317
f 3695 3613 3688
f 3612 3861 1849
f 1847 3363 1848
f 1848 3363 3610
f 3825 2343 3611
f 2342 3364 2752
f 2343 3365 3611
f 2753 3775 3860
f 3826 2336 3827
f 2344 3358 2754
f 2336 3357 3827
f 2755 3773 3614
f 2756 1834 1835
f 2335 1834 2756
f 1826 1819 1822
f 1829 3682 1825
f 1831 3682 1829
f 1827 3684 1820
f 1318 1319 1320
f 1321 1319 1318
f 3001 1322 1831
f 1320 1322 3001
f 3683 1323 1324
f 1831 1322 3682
f 1319 1322 1320
f 1715 2938 1833
f 1833 2938 3617
f 2760 2939 2758
f 1716 2939 2760
f 3615 2940 2762
f 1717 2940 2757
f 3444 3619 2759
f 3444 2541 3619
f 3618 2941 3616
f 1720 2942 2761
f 2759 1721 3444
f 1721 2944 3444
f 2542 3620 2763
f 2542 293 3620
f 293 1816 2764
f 1531 1534 292
f 1531 292 2540
f 1525 2540 2547
f 1525 1531 2540
f 1530 2547 2416
f 1530 1525 2547
f 2550 3680 2549
f 3680 1325 2549
f 2549 1326 2551
f 1325 1326 2549
f 2551 1251 2595
f 1326 1251 2551
f 2594 1327 2508
f 1327 1328 2508
f 2508 1329 2512
f 1328 1329 2508
f 2512 1330 2523
f 1329 1330 2512
f 2523 2993 1821
f 1330 2993 2523
f 1331 2594 1332
f 1331 1327 2594
f 2594 2510 1332
f 2510 1333 1332
f 2510 2509 1333
f 2509 1334 1333
f 1334 1787 2974
f 2509 1787 1334
f 1327 775 777
f 1327 1331 775
f 927 929 2503
f 929 1335 2503
f 2503 1336 2500
f 1335 1336 2503
f 2500 1337 2496
f 2496 1337 2495
f 1336 1337 2500
f 2495 1338 2494
f 1337 1338 2495
f 1338 1339 2494
f 2494 777 776
f 1339 777 2494
f 267 266 2517
f 1340 3430 2521
f 3622 267 2517
f 1341 3433 2518
f 1341 1340 2521
f 1342 3431 2515
f 1342 3623 2518
f 1344 3429 3428
f 1343 3624 2515
f 1345 3427 1346
f 1345 3625 3427
f 909 1347 910
f 909 3626 1347
f 1494 601 1348
f 1349 1348 3460
f 1349 1494 1348
f 1350 3461 2572
f 1350 3627 3461
f 1351 3459 2570
f 1351 3628 2573
f 1352 3458 2567
f 1352 3629 2569
f 1353 3457 3453
f 1353 3630 2567
f 1524 2562 3448
f 1524 3631 2562
f 1523 2555 2557
f 1520 1523 2557
f 3570 2543 3438
f 1354 3570 3438
f 1355 2531 3434
f 1355 3632 2531
f 3571 2524 2519
f 3571 3633 2524
f 1724 1727 263
f 1724 263 1356
f 567 569 1356
f 569 1724 1356
f 2962 1357 1358
f 1709 1357 2962
f 3635 3634 3251
f 3828 3250 3758
f 775 1359 3348
f 3348 1359 1360
f 1360 1361 1362
f 1359 1361 1360
f 1362 1363 1364
f 1361 1363 1362
f 1364 1710 252
f 1363 1710 1364
f 2800 2290 2292
f 2799 2287 2289
f 2799 2285 2287
f 2799 2283 2285
f 2802 1780 2799
f 2279 1779 2278
f 2281 1779 2279
f 2283 1779 2281
f 2799 1779 2283
f 1780 1779 2799
f 2804 1781 2802
f 2802 1781 1780
f 1779 1778 2278
f 1769 1782 2804
f 2804 1782 1781
f 1769 2794 1782
f 2797 2090 1771
f 2090 2088 1771
f 1771 2088 1769
f 1770 2089 2795
f 1365 1366 1367
f 1368 1366 1365
f 3638 1369 1370
f 3637 1369 3638
f 3641 1371 1372
f 3640 1371 3641
f 3643 1331 1332
f 3642 1331 3643
f 3414 1373 3415
f 3782 3644 1374
f 3830 1375 3645
f 3831 3646 3636
f 3832 3639 3829
f 2772 2773 1776
f 2772 1776 1774
f 2772 1774 2805
f 2772 2805 2812
f 2812 2805 2810
f 2810 2805 2807
f 1776 2773 1789
f 1776 1789 1790
f 1776 1790 1792
f 1776 1792 1794
f 1776 1794 1796
f 1776 1796 1777
f 1777 1796 1778
f 2805 1774 2814
f 2814 1774 2465
f 2466 1775 1768
f 1766 1774 1772
f 1767 1773 1765
f 541 241 542
f 542 241 240
f 2189 2499 2188
f 2499 2497 2188
f 2188 2497 2187
f 2497 2498 2187
f 2187 2498 2058
f 2498 2056 2058
f 2189 248 2499
f 249 248 2189
f 1376 1377 1378
f 1379 1378 1380
f 1379 1376 1378
f 1381 1380 1382
f 1381 1379 1380
f 1383 1381 1382
f 239 1384 1385
f 1705 1384 239
f 1386 1387 1389
f 3651 1387 1386
f 1388 1394 1391
f 3652 1394 1388
f 1390 3654 1393
f 1392 3650 1382
f 3834 3650 1392
f 1395 1396 1398
f 1398 1396 1399
f 1399 1400 1401
f 1396 1400 1399
f 1401 1701 236
f 1400 1701 1401
f 606 1402 1403
f 606 602 1402
f 1402 1404 1406
f 3273 1404 1402
f 1405 1407 1409
f 3657 1407 1405
f 1408 1410 1397
f 3658 1410 1408
f 3659 1395 1398
f 1411 1412 597
f 1412 598 597
f 1413 1412 1414
f 1414 1412 1411
f 3648 3660 3661
f 3647 3660 3648
f 1415 1417 1419
f 1416 1417 1415
f 1418 1420 1423
f 3662 1420 1418
f 3663 1424 1421
f 1425 912 1427
f 1422 3664 1426
f 1425 3385 912
f 3836 3385 1425
f 1561 1428 1558
f 1555 1429 1556
f 1558 1429 1555
f 1428 1429 1558
f 1430 1431 1432
f 1556 1431 1430
f 1429 1431 1556
f 1432 1416 1415
f 1431 1416 1432
f 1433 1434 1437
f 3667 1438 1436
f 1435 3669 1441
f 3839 1442 1439
f 1440 3670 1444
f 1443 1445 1560
f 3840 1445 1443
f 3671 1428 1561
f 1446 1434 1433
f 1446 1433 1447
f 1446 1447 1448
f 1449 1446 1448
f 1450 1448 1451
f 1450 1449 1448
f 1452 3672 3673
f 1453 3672 1452
f 1454 1455 3674
f 1455 3675 3674
f 915 1455 1454
f 916 1455 915
f 3452 629 2608
f 3451 3476 3477
f 3451 2561 3476
f 2560 2609 2610
f 2563 2560 2610
f 2608 629 628
f 624 2723 625
f 3589 2207 3296
f 3589 940 2207
f 3812 2208 3295
f 3588 2724 3765
f 2723 2206 625
f 3653 3649 3333
f 1457 3769 633
f 1456 3833 3334
f 3281 3676 632
f 3665 3386 3289
f 1458 3290 2200
f 1458 3837 3290
f 3283 2200 647
f 3283 3677 2200
f 3322 3275 3656
f 3323 3835 1459
f 2256 3323 1459
f 2256 3678 3416
f 2251 2256 3416
f 3307 3668 1460
f 3306 3666 3838
f 2223 3679 3282
f 2223 3306 3841
f 645 2222 3761
f 235 233 2230
f 2467 235 2230
f 232 231 233
f 234 232 233
f 2091 2192 214
f 2192 215 214
f 2091 2190 2192
f 2091 2093 2190
f 2487 2478 2489
f 2480 2478 2487
f 2478 2490 2489
f 2478 2477 2490
f 2477 2492 2490
f 2477 2476 2492
f 2348 3362 2415
f 3362 2775 2415
f 2341 2331 3621
f 2332 2776 2774
f 2776 2329 2777
f 2332 2329 2776
f 2777 2323 2778
f 2329 2323 2777
f 2778 2327 2779
f 2323 2327 2778
f 2779 2330 2295
f 2327 2330 2779
f 2767 2295 2337
f 2337 2295 2330
f 1722 2765 1723
f 1722 2366 2765
f 2366 2766 2765
f 2366 2374 2766
f 2374 2697 2766
f 2374 2372 2697
f 3686 3371 1824
f 1824 2362 1828
f 3371 2362 1824
f 1828 2362 1830
f 2362 2365 1830
f 2365 1832 1830
f 2365 206 1832
f 2365 205 206
f 2767 2346 2768
f 2337 2346 2767
f 2768 2355 2769
f 2346 2355 2768
f 2769 2358 2770
f 2355 2358 2769
f 2770 2361 1823
f 2358 2361 2770
f 2464 2319 2813
f 2319 2318 2813
f 2813 2318 2815
f 2318 2316 2815
f 2815 2316 2808
f 2316 2806 2808
f 2316 2314 2806
f 2314 2809 2806
f 2314 2312 2809
f 2312 2811 2809
f 2312 2309 2811
f 2811 2306 2771
f 2309 2306 2811
f 2306 2304 2293
f 2306 2293 2771
f 2304 2300 2293
f 2293 2300 2798
f 2798 2297 2801
f 2300 2297 2798
f 2801 2303 2803
f 2297 2303 2801
f 2303 203 2803
f 2303 201 203
f 204 2796 202
f 204 2308 2796
f 2308 2092 2796
f 2092 2087 2796
f 2129 2257 2255
f 2129 2132 2257
f 2125 2129 2255
f 2122 2255 2253
f 2122 2125 2255
f 2122 2253 2845
f 2845 2263 2848
f 2253 2263 2845
f 2263 2817 2848
f 2263 2264 2817
f 2818 2817 2264
f 2818 2264 2269
f 2820 2269 2270
f 2820 2818 2269
f 2822 2270 2276
f 2822 2820 2270
f 2127 2128 2840
f 2128 2575 2840
f 2840 2575 2842
f 2842 2576 2844
f 2575 2576 2842
f 2844 2576 2831
f 2576 2580 2831
f 2831 2580 2832
f 2832 2580 2835
f 2835 193 195
f 2580 193 2835
f 199 200 2824
f 2824 2592 2826
f 200 2592 2824
f 2826 2587 2830
f 2592 2587 2826
f 2587 2823 2830
f 2821 2823 2587
f 2821 2587 2586
f 2584 2821 2586
f 2819 2821 2584
f 2581 2819 2584
f 2816 2819 2581
f 2581 2847 2816
f 2581 2579 2847
f 2579 2568 2846
f 2579 2846 2847
f 2568 2123 2846
f 2571 2123 2568
f 2124 2123 2571
f 2124 2571 2574
f 2786 2124 2574
f 2126 2124 2786
f 2505 2851 2850
f 2505 2853 2851
f 2853 2504 2855
f 2505 2504 2853
f 2504 2393 2855
f 2393 2394 2855
f 2532 2859 2858
f 2532 2516 2859
f 2516 2861 2859
f 2516 2511 2861
f 2861 2505 2850
f 2511 2505 2861
f 2864 2534 2866
f 2534 2533 2866
f 2533 2868 2866
f 2533 2532 2868
f 2532 2870 2868
f 2870 2532 2858
f 2874 2875 2537
f 2874 2537 2536
f 2871 2536 2535
f 2871 2874 2536
f 2864 2535 2534
f 2864 2871 2535
f 2529 2875 2878
f 2529 2537 2875
f 2513 2529 2878
f 2513 2878 2880
f 2513 2880 2402
f 2400 2785 2514
f 2513 2400 2514
f 2402 2400 2513
f 2400 2396 2785
f 2872 2863 2221
f 2872 2221 2224
f 2873 2224 2233
f 2873 2872 2224
f 2876 2233 2225
f 2876 2873 2233
f 2225 2877 2876
f 2877 2209 2879
f 2225 2209 2877
f 2879 2209 2401
f 2199 2401 2209
f 2399 2401 2199
f 2397 2399 2199
f 2201 2397 2199
f 2398 2397 2201
f 2315 2321 2140
f 2321 2462 2140
f 2148 2151 2302
f 2148 2302 2299
f 2147 2299 2296
f 2147 2148 2299
f 2146 2296 2298
f 2146 2147 2296
f 2145 2298 2301
f 2145 2146 2298
f 2144 2301 2305
f 2144 2145 2301
f 2143 2305 2307
f 2143 2144 2305
f 2142 2307 2310
f 2142 2143 2307
f 2141 2310 2311
f 2141 2142 2310
f 2313 2141 2311
f 2139 2141 2313
f 2140 2313 2315
f 2140 2139 2313
f 2101 2151 2102
f 2101 2302 2151
f 192 2386 172
f 192 2149 2150
f 192 2150 2386
f 2463 190 191
f 2136 2463 191
f 2138 2463 2137
f 2137 2463 2136
f 168 2588 169
f 169 2588 2675
f 2675 2591 2676
f 2588 2591 2675
f 2676 2593 2677
f 2591 2593 2676
f 2677 2590 2678
f 2593 2590 2677
f 2678 2589 2679
f 2590 2589 2678
f 2679 2585 2680
f 2589 2585 2679
f 2680 2583 2681
f 2585 2583 2680
f 2681 152 154
f 2583 152 2681
f 150 2582 151
f 151 2582 2632
f 2632 2578 2633
f 2582 2578 2632
f 2633 2577 2634
f 2578 2577 2633
f 2634 2559 2635
f 2577 2559 2634
f 2635 2558 2636
f 2559 2558 2635
f 2636 2546 2637
f 2558 2546 2636
f 2637 2544 2638
f 2546 2544 2637
f 2638 134 136
f 2544 134 2638
f 133 132 2654
f 2654 2262 2655
f 132 2262 2654
f 2262 2656 2655
f 2262 2657 2656
f 2262 2265 2657
f 2657 2265 2658
f 2658 2266 2659
f 2265 2266 2658
f 2659 2266 2660
f 2660 119 121
f 2266 119 2660
f 2261 2641 2227
f 2639 2641 2261
f 2639 2258 2640
f 2261 2258 2639
f 2642 2226 2641
f 2226 2227 2641
f 2249 2640 2258
f 2646 2640 2249
f 2216 2642 2643
f 2216 2226 2642
f 2646 2243 2645
f 2249 2243 2646
f 2644 2216 2643
f 2217 2216 2644
f 2645 2217 2644
f 2243 2217 2645
f 2446 2470 2471
f 2446 2443 2470
f 2443 2469 2470
f 2443 2468 2469
f 2443 2442 2468
f 2727 2468 2442
f 2883 2839 2445
f 2471 2445 2446
f 2471 2883 2445
f 2442 2726 2727
f 2442 2725 2726
f 2442 2441 2725
f 3410 2843 2833
f 3410 2447 2843
f 2447 2841 2843
f 2447 2838 2841
f 2447 2839 2838
f 2447 2445 2839
f 2731 2441 114
f 2731 2725 2441
f 116 2731 114
f 2459 2954 1754
f 3412 1752 2955
f 3412 2953 1752
f 2454 2452 2952
f 3411 2837 1751
f 2452 3655 2836
f 3655 3410 2833
f 2451 2449 2834
f 3413 2453 1753
f 2100 111 112
f 2100 112 2429
f 2094 2429 2431
f 2094 2100 2429
f 2095 2431 2427
f 2095 2094 2431
f 2455 2457 2829
f 2829 2457 2828
f 2828 2457 2827
f 2457 2461 2827
f 2461 2825 2827
f 2461 1754 2825
f 2461 2459 1754
f 2730 2427 2428
f 2730 2095 2427
f 2729 2730 2428
f 2881 2456 2455
f 2881 2162 2456
f 2829 2881 2455
f 2729 1565 2728
f 2428 1565 2729
f 2728 1565 1564
f 2438 2176 2178
f 2438 2444 2176
f 2176 2448 2174
f 2444 2448 2176
f 2174 2450 2167
f 2448 2450 2174
f 2167 2458 2164
f 2450 2458 2167
f 2164 2460 2163
f 2458 2460 2164
f 2163 2456 2162
f 2460 2456 2163
f 2186 1564 1565
f 2884 2865 2437
f 2884 2437 2438
f 2178 2884 2438
f 2186 2433 2184
f 1565 2433 2186
f 2184 2433 2182
f 2182 2436 2181
f 2433 2436 2182
f 86 2440 2869
f 87 2440 86
f 2869 2440 2867
f 2440 2439 2867
f 2439 2865 2867
f 2439 2437 2865
f 2181 2436 2435
f 2882 2181 2435
f 2857 2882 2435
f 2430 2434 2849
f 2849 2434 2862
f 2862 2434 2860
f 2860 80 82
f 2434 80 2860
f 2857 2432 2856
f 2435 2432 2857
f 2856 2432 2854
f 2854 2432 2852
f 2852 2430 2849
f 2432 2430 2852
f 2382 78 79
f 1801 78 2382
f 2383 1801 2382
f 1800 1801 2383
f 2385 1800 2383
f 1797 1800 2385
f 2793 2706 2475
f 2793 2475 2474
f 2479 2793 2474
f 2792 2793 2479
f 2481 2792 2479
f 2705 2792 2481
f 2791 55 54
f 2791 54 2371
f 2790 2371 2375
f 2790 2791 2371
f 2789 2790 2375
f 2377 2789 2375
f 2788 2789 2377
f 2787 2377 25
f 2787 2788 2377
f 27 2787 25
f 2333 50 51
f 2387 50 2333
f 2345 2387 2333
f 2392 2387 2345
f 2349 2392 2345
f 2395 2392 2349
f 2353 2395 2349
f 2784 2395 2353
f 2783 2784 2353
f 2357 2783 2353
f 2782 2783 2357
f 2781 2782 2357
f 2356 2781 2357
f 2780 2781 2356
f 1786 2356 2354
f 1786 2780 2356
f 1783 1786 2354
f 2506 2502 2714
f 2506 2714 2716
f 2507 2506 2718
f 2718 2506 2716
f 2714 2501 2711
f 2502 2501 2714
f 2718 2530 2507
f 2718 2719 2530
f 2501 2520 2708
f 2501 2708 2711
f 2722 2530 2719
f 2525 2530 2722
f 2520 2522 2708
f 2708 2522 2710
f 2525 2710 2522
f 2722 2710 2525
f 2384 2381 2417
f 2417 2381 2483
f 2483 2381 2484
f 2484 1 3
f 2381 1 2484

