# https://github.com/mikedh/trimesh

o wheel_steering_link4
v -0.02967985 -0.07517698 -0.00650382
v -0.02927434 -0.07775006 -0.00632702
v -0.02879633 -0.07519926 -0.00979431
v -0.02791130 -0.07521302 -0.01186416
v -0.02643918 -0.07612428 -0.01421858
v -0.02506737 -0.07614127 -0.01600568
v -0.02347776 -0.07523728 -0.01775075
v -0.02128627 -0.07616396 -0.01940586
v -0.01934644 -0.07616691 -0.02059071
v -0.01665786 -0.07521495 -0.02184448
v -0.01395476 -0.07519933 -0.02259562
v -0.01225576 -0.07518947 -0.02286667
v -0.01110686 -0.07518313 -0.02296641
v -0.00994596 -0.07517718 -0.02300000
v -0.02666830 -0.07700653 -0.01361155
v -0.02536875 -0.07703418 -0.01542389
v -0.02304106 -0.07706866 -0.01785930
v -0.01731056 -0.07710785 -0.02140153
v -0.01521319 -0.07711443 -0.02211609
v -0.01300113 -0.07712041 -0.02260138
v -0.01073212 -0.07712753 -0.02283340
v -0.02877582 -0.07778478 -0.00847153
v -0.02805499 -0.07782245 -0.01051171
v -0.02124058 -0.07799563 -0.01902906
v -0.01935213 -0.07801844 -0.02021338
v -0.01082956 -0.07808711 -0.02264391
v -0.02634981 -0.07874030 -0.01324057
v -0.02510126 -0.07878710 -0.01500854
v -0.02285897 -0.07885148 -0.01739532
v -0.01731554 -0.07895035 -0.02090468
v -0.01528051 -0.07897624 -0.02162605
v -0.01313114 -0.07900216 -0.02212663
v -0.02104359 -0.07976009 -0.01844005
v -0.01922874 -0.07980254 -0.01960319
v -0.01101227 -0.07995059 -0.02204951
v -0.02816273 -0.08021082 -0.00709383
v -0.02760167 -0.08026621 -0.00903495
v -0.02682699 -0.08032759 -0.01091994
v -0.02583036 -0.08039272 -0.01274590
v -0.02464357 -0.08045723 -0.01444463
v -0.02250875 -0.08054961 -0.01674682
v -0.01721685 -0.08070572 -0.02016262
v -0.01527036 -0.08075044 -0.02087561
v -0.01321259 -0.08079588 -0.02137879
v -0.02069938 -0.08142082 -0.01765100
v -0.01897887 -0.08148152 -0.01877302
v -0.01117532 -0.08170456 -0.02117988
v -0.02644547 -0.08181509 -0.00953345
v -0.02400469 -0.08201180 -0.01374323
v -0.01470365 -0.08241377 -0.02002490
v -0.01274988 -0.08247757 -0.02046381
v -0.02691913 -0.08239926 -0.00617781
v -0.02469720 -0.08264998 -0.01179332
v -0.02168462 -0.08286333 -0.01545781
v -0.02021506 -0.08294342 -0.01667828
v -0.01860781 -0.08301990 -0.01774040
v -0.01602441 -0.08312748 -0.01897911
v -0.01082570 -0.08332860 -0.02008863
v -0.02627125 -0.08308256 -0.00649613
v -0.02319714 -0.08342028 -0.01291809
v -0.02490873 -0.08382708 -0.00872722
v -0.02372691 -0.08396511 -0.01103567
v -0.02095224 -0.08420457 -0.01441304
v -0.01812340 -0.08438517 -0.01652716
v -0.01575047 -0.08451185 -0.01768144
v -0.01275737 -0.08466032 -0.01852226
v -0.02515376 -0.08427507 -0.00572357
v -0.02318401 -0.08455599 -0.01062536
v -0.02053647 -0.08480428 -0.01384271
v -0.01147380 -0.08535615 -0.01794622
v -0.01539802 -0.08568815 -0.01620917
v -0.01110886 -0.08595230 -0.01717944
v -0.02378556 -0.08530622 -0.00539017
v -0.02301865 -0.08544596 -0.00779636
v -0.02158557 -0.08564074 -0.01036780
v -0.01720723 -0.08604657 -0.01442562
v -0.01266401 -0.08635981 -0.01614801
v -0.01911656 -0.08628409 -0.01197506
v -0.01497472 -0.08663081 -0.01459433
v -0.01261116 -0.08680329 -0.01528064
v -0.01993562 -0.08651035 -0.00987244
v -0.01648890 -0.08686238 -0.01287996
v -0.01125264 -0.08728447 -0.01455041
v -0.02143265 -0.08649421 -0.00515736
v -0.01805049 -0.08698020 -0.01063127
v -0.01929216 -0.08700421 -0.00785186
v -0.01371051 -0.08761053 -0.01217247
v -0.01229935 -0.08789820 -0.01156233
v -0.01909498 -0.08714667 -0.00410703
v -0.01756394 -0.08739429 -0.00722189
v -0.01486310 -0.08771927 -0.00958915
v -0.00585019 -0.08848560 -0.01194246
v 0.00000000 -0.08899461 -0.01103938
v -0.00000000 -0.08871712 -0.01286102
v -0.00000000 -0.08818987 -0.01461106
v -0.00000000 -0.08772454 -0.01568700
v -0.00011335 -0.08616340 -0.01813851
v -0.00004161 -0.08484434 -0.01955370
v 0.00000000 -0.08410960 -0.02018363
v -0.00000000 -0.08202729 -0.02153196
v 0.00000000 -0.07989777 -0.02240907
v -0.00000000 -0.07901447 -0.02265077
v -0.00119036 -0.07691398 -0.02296393
v -0.00364228 -0.08309663 -0.02075259
v -0.00380803 -0.08529466 -0.01886280
v -0.00393811 -0.08701963 -0.01653091
v -0.00400173 -0.08786319 -0.01478741
v -0.00402603 -0.08818549 -0.01387324
v -0.00728996 -0.08435395 -0.01950807
v 0.00362981 -0.08821317 -0.01387896
v 0.00764259 -0.08815882 -0.01283708
v 0.00746519 -0.08624467 -0.01728906
v 0.00728996 -0.08435395 -0.01950807
v 0.00714957 -0.08283909 -0.02072679
v 0.00691149 -0.08027018 -0.02209556
v 0.00949551 -0.08826869 -0.01081757
v 0.01132909 -0.08799284 -0.01168694
v 0.01121190 -0.08690697 -0.01545981
v 0.01104717 -0.08538063 -0.01797979
v 0.00994596 -0.07517718 -0.02300000
v 0.01048086 -0.07712847 -0.02284305
v 0.01067839 -0.07903319 -0.02239481
v 0.01086181 -0.08084937 -0.02166287
v 0.01094690 -0.08171117 -0.02119551
v 0.01142387 -0.07518484 -0.02294552
v 0.01241892 -0.07519040 -0.02284709
v 0.01359936 -0.07519723 -0.02266473
v 0.01582688 -0.07521027 -0.02211911
v 0.01799558 -0.07522202 -0.02131502
v 0.01941125 -0.07522853 -0.02062772
v 0.01995778 -0.07616642 -0.02024952
v 0.02136234 -0.07523502 -0.01943623
v 0.02275486 -0.07615840 -0.01828665
v 0.02430012 -0.07523634 -0.01695521
v 0.02507208 -0.07523430 -0.01611823
v 0.02678285 -0.07522466 -0.01384684
v 0.02790421 -0.07521311 -0.01187844
v 0.02835898 -0.07520672 -0.01089759
v 0.02921745 -0.07606036 -0.00817779
v 0.01599394 -0.07986450 -0.02105517
v 0.01807120 -0.07893990 -0.02056989
v 0.02035779 -0.07890360 -0.01930582
v 0.02543150 -0.07877565 -0.01457992
v 0.02690690 -0.07953560 -0.01160817
v 0.02808315 -0.07945582 -0.00876756
v 0.02861318 -0.07940763 -0.00675366
v 0.02901279 -0.07858355 -0.00632952
v 0.01247644 -0.08399421 -0.01927069
v 0.01421745 -0.08458828 -0.01819092
v 0.01692373 -0.08379687 -0.01791844
v 0.01925492 -0.08368015 -0.01660312
v 0.02104457 -0.08419784 -0.01432646
v 0.02469190 -0.08328298 -0.01063245
v 0.02416787 -0.08391733 -0.01027695
v 0.02519633 -0.08378734 -0.00797941
v 0.01245737 -0.08586812 -0.01702377
v 0.01612623 -0.08509675 -0.01674040
v 0.01863942 -0.08494201 -0.01535423
v 0.02066191 -0.08530176 -0.01268371
v 0.02194319 -0.08517418 -0.01117113
v 0.02334676 -0.08500312 -0.00885982
v 0.01353412 -0.08630171 -0.01595657
v 0.01722865 -0.08645476 -0.01343513
v 0.01892655 -0.08630268 -0.01214741
v 0.02096955 -0.08607864 -0.00986786
v 0.02369096 -0.08532649 -0.00579518
v 0.01234591 -0.08719677 -0.01441939
v 0.01546117 -0.08694930 -0.01342905
v 0.02031700 -0.08669068 -0.00782701
v 0.02142587 -0.08649567 -0.00518252
v 0.02966436 -0.07517754 -0.00658938
v 0.01703257 -0.07710885 -0.02151142
v 0.02536742 -0.07703421 -0.01542555
v 0.02724689 -0.07699148 -0.01264103
v 0.02945132 -0.07690363 -0.00647943
v 0.01216502 -0.07807648 -0.02252931
v 0.01382594 -0.07806420 -0.02225760
v 0.02179607 -0.07798766 -0.01862072
v 0.02350242 -0.07795851 -0.01715963
v 0.02710200 -0.07786177 -0.01248294
v 0.02842444 -0.07780432 -0.00955525
v 0.01392314 -0.08078020 -0.02123271
v 0.01793916 -0.08068809 -0.01983393
v 0.02012317 -0.08062908 -0.01859977
v 0.02300492 -0.08053029 -0.01627696
v 0.02495763 -0.08044127 -0.01403234
v 0.02774559 -0.08025321 -0.00860555
v 0.01590929 -0.08157372 -0.02018453
v 0.02238013 -0.08135124 -0.01625785
v 0.02494576 -0.08121477 -0.01329698
v 0.02624656 -0.08112347 -0.01112337
v 0.02785775 -0.08096444 -0.00652131
v 0.01391340 -0.08243954 -0.02023031
v 0.01677386 -0.08234454 -0.01929600
v 0.01803117 -0.08229975 -0.01870662
v 0.01975297 -0.08223243 -0.01769255
v 0.02337809 -0.08205141 -0.01450480
v 0.01246195 -0.08326410 -0.01991991
v 0.02178497 -0.08285742 -0.01536409
v 0.02418116 -0.08269300 -0.01258224
v 0.02628742 -0.08248813 -0.00846582
v 0.02680469 -0.08241770 -0.00670077
v 0.02565400 -0.08391749 -0.00506669
v 0.01406617 -0.08757814 -0.01204500
v 0.01789452 -0.08718800 -0.00955542
v 0.02062440 -0.08677743 -0.00497217
v 0.01584568 -0.08761001 -0.00892970
v 0.01807753 -0.08732025 -0.00648688
v -0.00221850 -0.03965150 0.10398313
v -0.00622770 -0.03697926 0.10813342
v -0.03967163 -0.00023766 0.10393503
v -0.03814811 0.00633689 0.10469300
v -0.03661498 0.01107785 0.10510983
v -0.03515948 0.01427773 0.10554209
v -0.02939684 0.02331092 0.10656054
v -0.03185863 0.01978074 0.10727438
v -0.03353113 0.01684800 0.10695913
v -0.03521156 0.01289946 0.10766786
v -0.03586863 0.01094035 0.10774877
v -0.03672370 0.00759080 0.10786578
v -0.03708967 0.00553229 0.10792664
v -0.03741009 0.00259518 0.10800089
v -0.03753630 -0.00017068 0.10745356
v -0.03749627 0.00052869 0.10804486
v -0.03738627 -0.00291835 0.10810377
v -0.03699318 -0.00637432 0.10752744
v -0.03706820 -0.00567438 0.10813843
v -0.03633776 -0.00926375 0.10816822
v -0.03533334 -0.01256206 0.10818194
v -0.03402827 -0.01575838 0.10818481
v -0.03310062 -0.01762382 0.10818268
v -0.03160276 -0.02018702 0.10817632
v -0.02961317 -0.02300675 0.10816628
v -0.02737278 -0.02563163 0.10815577
v -0.02491012 -0.02808157 0.10753246
v -0.02590936 -0.02711006 0.10814994
v -0.02203602 -0.03034244 0.10813883
v -0.01795563 -0.03292181 0.10813279
v -0.01610532 -0.03386545 0.10813151
v -0.01420947 -0.03474405 0.10752034
v -0.01158371 -0.03566606 0.10813107
v -0.00959736 -0.03625108 0.10813176
v -0.00508301 -0.03889654 0.10435393
v -0.01086657 -0.03819619 0.10398104
v -0.01434441 -0.03703078 0.10398033
v -0.01965884 -0.03450971 0.10397991
v -0.02187483 -0.03256903 0.10435135
v -0.02509421 -0.03080150 0.10398041
v -0.02902105 -0.02716025 0.10398130
v -0.03095108 -0.02495777 0.10398177
v -0.03349291 -0.02052411 0.10435192
v -0.03611093 -0.01672113 0.10398007
v -0.03651254 -0.01451911 0.10434785
v -0.03724330 -0.01402430 0.10397734
v -0.03816504 -0.01125735 0.10397292
v -0.03905347 -0.00750853 0.10396387
v -0.03880313 -0.00597577 0.10432993
v -0.00992608 -0.03749756 0.10478076
v -0.01468361 -0.03590258 0.10477977
v -0.01730586 -0.03471592 0.10477951
v -0.02575397 -0.02902407 0.10478020
v -0.03066126 -0.02380938 0.10478129
v -0.03744446 -0.01029946 0.10477076
v -0.03876447 -0.00022064 0.10473432
v -0.01453917 -0.03554954 0.10525799
v -0.02495613 -0.02920653 0.10525940
v -0.03359097 -0.01868947 0.10526291
v -0.03823387 -0.00372988 0.10522995
v -0.00423764 -0.03785151 0.10578182
v -0.00974688 -0.03681925 0.10578016
v -0.01699215 -0.03408767 0.10577919
v -0.02181464 -0.03122512 0.10578050
v -0.02683097 -0.02704467 0.10578414
v -0.03051796 -0.02281417 0.10578815
v -0.03330099 -0.01852908 0.10579033
v -0.03514983 -0.01472991 0.10578884
v -0.03692397 -0.00942592 0.10577845
v -0.03738634 0.00694817 0.10565431
v -0.03674825 0.00967738 0.10561741
v -0.00490308 -0.03751458 0.10633820
v -0.02403504 -0.02922168 0.10634031
v -0.03490613 -0.01462751 0.10635436
v -0.03750079 -0.00504904 0.10632075
v -0.03782141 0.00050250 0.10627259
v -0.03767267 0.00327426 0.10623939
v -0.01162952 -0.03580793 0.10691922
v -0.01863381 -0.03271483 0.10692018
v -0.02098938 -0.03125621 0.10692207
v -0.02795572 -0.02522194 0.10693456
v -0.03135484 -0.02084895 0.10694408
v -0.03356063 -0.01707562 0.10694870
v -0.03648581 -0.00930806 0.10693526
v -0.03655077 0.00894164 0.10669527
v -0.03196244 0.01978416 0.10633144
v -0.00144573 -0.03876288 0.10478287
v -0.00139886 -0.03751136 0.10752396
v -0.02764909 0.02533335 0.10666700
v -0.03048037 0.02250555 0.10233014
v -0.03328457 0.01965943 0.09973688
v -0.03798930 0.01434250 0.09602988
v -0.04006987 0.01168386 0.09379900
v -0.04191503 0.00929854 0.09337010
v -0.04278001 0.00802297 0.09199585
v -0.04484442 0.00502889 0.09083278
v -0.04007488 0.00188632 0.10353857
v -0.03582555 0.01688039 0.09829742
v -0.03835445 0.01384238 0.09722713
v -0.04074237 0.01063276 0.09655632
v -0.04284796 0.00768773 0.09550695
v -0.03627454 0.01615414 0.09974676
v -0.03860886 0.01325754 0.09841461
v -0.04086402 0.00993435 0.09794857
v -0.03551707 0.01622247 0.10255153
v -0.04149957 0.00669167 0.10029818
v -0.04204211 0.00463019 0.10073830
v -0.04515511 0.00466124 0.09244197
v -0.04185524 0.00803462 0.09822716
v -0.03429867 0.01798035 0.10268168
v -0.04027983 0.00949662 0.10011967
v -0.04012758 0.00548236 0.10277520
v -0.04124217 0.00221436 0.10247779
v -0.05006759 -0.03470773 0.09024045
v -0.04953388 -0.05895621 0.07074817
v -0.05056697 -0.05841248 0.07002600
v -0.05165932 -0.05766066 0.06909178
v -0.05221397 -0.05718284 0.06852485
v -0.05315231 -0.05614303 0.06734295
v -0.05429257 -0.05390294 0.06496846
v -0.05450041 -0.05294445 0.06400778
v -0.05456203 -0.05177569 0.06287486
v -0.05438938 -0.05043603 0.06162578
v -0.05420871 -0.04976969 0.06102405
v -0.05397114 -0.04878642 0.06060091
v -0.04961050 -0.05475037 0.07518008
v -0.04987225 -0.05130645 0.07829172
v -0.05007798 -0.04832879 0.08077426
v -0.04943029 -0.04542960 0.08364315
v -0.04966711 -0.04164776 0.08623475
v -0.05080807 -0.03629448 0.08882841
v -0.05049092 -0.05324310 0.07577000
v -0.05108594 -0.04488674 0.08267532
v -0.05131236 -0.04114787 0.08526318
v -0.05156877 -0.04863932 0.07892692
v -0.05236250 -0.03397360 0.08876981
v -0.05255385 -0.04419382 0.08151875
v -0.05277414 -0.04051075 0.08409785
v -0.05297747 -0.03650403 0.08658294
v -0.05265927 -0.05086338 0.07507518
v -0.05291817 -0.04781411 0.07771199
v -0.05273024 -0.05504743 0.07005720
v -0.05379953 -0.04336713 0.08020063
v -0.05401871 -0.03975109 0.08276569
v -0.05425051 -0.03390659 0.08638339
v -0.05375289 -0.04986291 0.07375640
v -0.05402834 -0.04685606 0.07636011
v -0.05479369 -0.04242611 0.07875194
v -0.05501735 -0.03888644 0.08129742
v -0.05523875 -0.03316454 0.08493685
v -0.05458324 -0.04874907 0.07234007
v -0.05487316 -0.04578773 0.07490311
v -0.05564110 -0.03276738 0.08417100
v -0.05449182 -0.05155667 0.06848522
v -0.05589557 -0.03513721 0.08160512
v -0.05513100 -0.04754780 0.07085918
v -0.05594551 -0.03835625 0.07826088
v -0.05625290 -0.03106694 0.08313724
v -0.05488177 -0.05029298 0.06703801
v -0.05585815 -0.04126782 0.07484196
v -0.05635288 -0.03420474 0.07995768
v -0.05560017 -0.04432382 0.07105193
v -0.05660490 -0.03020630 0.08149874
v -0.05497986 -0.04898277 0.06558298
v -0.05662382 -0.03146010 0.07948525
v -0.05607368 -0.03793508 0.07365322
v -0.05661225 -0.03099791 0.07864276
v -0.05652979 -0.03053471 0.07780480
v -0.05637689 -0.03007304 0.07697594
v -0.05565156 -0.03457626 0.07254343
v -0.05466116 -0.03972846 0.06728189
v -0.05531401 -0.03404624 0.07177642
v -0.05550582 -0.02872234 0.07458883
v -0.05634115 -0.02721965 0.07794546
v -0.05612882 -0.02602586 0.07770846
v -0.05416895 -0.03046498 0.08832619
v -0.05554729 -0.02934878 0.08622774
v -0.05617456 -0.02854917 0.08470154
v -0.05664689 -0.02730623 0.08229713
v -0.05664027 -0.02647263 0.08066396
v -0.05654007 -0.02606056 0.07985049
v -0.05084565 -0.03119665 0.09148554
v -0.05228436 -0.03063688 0.09052426
v -0.05288706 -0.02953999 0.09038218
v -0.05439492 -0.02691503 0.08937126
v -0.05524731 -0.02614757 0.08801113
v -0.05587979 -0.02535389 0.08654978
v -0.05628053 -0.02454886 0.08501458
v -0.05643189 -0.02335300 0.08263646
v -0.05623023 -0.02258533 0.08104413
v -0.05603961 -0.02221581 0.08025710
v -0.05201027 -0.02753927 0.09206749
v -0.05254085 -0.02641823 0.09193626
v -0.04969414 -0.02693271 0.09406084
v -0.05540129 -0.01875906 0.08130080
v -0.05579123 -0.01943662 0.08285653
v -0.05595423 -0.02016491 0.08442957
v -0.05588736 -0.02093086 0.08599170
v -0.05535980 -0.02212022 0.08825336
v -0.05473246 -0.02291935 0.08966731
v -0.05389716 -0.02370673 0.09097641
v -0.05071670 -0.02396029 0.09436702
v -0.05003199 -0.02430448 0.09476686
v -0.05518391 -0.01660044 0.08525617
v -0.05521712 -0.01732097 0.08681569
v -0.05485394 -0.01847821 0.08908717
v -0.05462462 -0.01887764 0.08981295
v -0.05400926 -0.01968659 0.09119833
v -0.05319425 -0.02049719 0.09247546
v -0.05162948 -0.02168529 0.09413998
v -0.05439886 -0.01444746 0.08347526
v -0.04886916 -0.01964786 0.09682479
v -0.04719514 -0.01490300 0.09879011
v -0.04480494 -0.01138281 0.10064409
v -0.04238649 -0.00663354 0.10233980
v -0.04952606 -0.01925627 0.09644463
v -0.04844896 -0.01606808 0.09777530
v -0.04715963 -0.01286990 0.09904677
v -0.04567979 -0.00966571 0.10025087
v -0.04403180 -0.00646090 0.10138384
v -0.04224131 -0.00325896 0.10244623
v -0.05073731 -0.01844839 0.09555326
v -0.04963129 -0.01521000 0.09689558
v -0.04918934 -0.01233485 0.09735860
v -0.04771602 -0.00908298 0.09858437
v -0.04606441 -0.00583484 0.09973789
v -0.04425299 -0.00259405 0.10082042
v -0.05179469 -0.01761928 0.09450023
v -0.05111598 -0.01390873 0.09527265
v -0.04976557 -0.01062982 0.09655289
v -0.04822398 -0.00735953 0.09776058
v -0.04650506 -0.00409591 0.09889688
v -0.04462513 -0.00084286 0.09996469
v -0.05267997 -0.01678321 0.09330372
v -0.05365267 -0.01554761 0.09128563
v -0.05220410 -0.01263518 0.09334248
v -0.05082737 -0.00934068 0.09461942
v -0.04926027 -0.00606080 0.09582303
v -0.04751188 -0.00278894 0.09695852
v -0.04559338 0.00047149 0.09803206
v -0.05423240 -0.01400863 0.08830191
v -0.05296780 -0.01106495 0.09042125
v -0.05157022 -0.00778933 0.09168396
v -0.04998485 -0.00453243 0.09287485
v -0.04821530 -0.00128136 0.09400519
v -0.05420263 -0.01331567 0.08674201
v -0.05303942 -0.01036521 0.08886776
v -0.05163796 -0.00711570 0.09011935
v -0.05005059 -0.00388517 0.09130090
v -0.04827875 -0.00065760 0.09242669
v -0.04632575 0.00256693 0.09351201
v -0.04628459 0.00282931 0.09271040
v -0.05201719 -0.01017679 0.09256650
v -0.05053238 -0.00689714 0.09380036
v -0.04886159 -0.00362801 0.09496520
v -0.05404801 -0.01475691 0.08982521
v -0.04811076 -0.00162800 0.09477387
v -0.04616750 0.00162262 0.09585366
v -0.05222377 -0.00812762 0.08791594
v -0.05073107 -0.00492771 0.08911820
v -0.05395924 -0.01268998 0.08517242
v -0.04846784 -0.00071001 0.08973130
v -0.05348256 -0.01160867 0.08473708
v -0.05152612 -0.00681899 0.08663170
v -0.04958336 -0.00287989 0.08808783
v -0.04782373 0.00027679 0.08920031
v -0.04638414 0.00265131 0.09001818
v -0.02800411 -0.04703238 0.09437520
v -0.04443104 -0.05950000 0.07466098
v -0.03060208 -0.05950000 0.08317407
v -0.02053467 -0.05950000 0.08701041
v -0.01456137 -0.05950000 0.08851299
v -0.03627484 -0.02034755 0.10305990
v -0.00162703 -0.04678330 0.09994747
v -0.00500246 -0.05950000 0.08982629
v -0.00893925 -0.05950000 0.08944350
v -0.02429099 -0.05950000 0.08577944
v -0.02739880 -0.05950000 0.08458394
v -0.03333526 -0.05950000 0.08181973
v -0.03620322 -0.05950000 0.08023824
v -0.03846705 -0.05950000 0.07886570
v -0.04790662 -0.05949995 0.07175564
v -0.02609007 -0.05573375 0.08845262
v -0.03076308 -0.05654204 0.08577128
v -0.03240528 -0.05462360 0.08663552
v -0.02941070 -0.05190275 0.09022135
v -0.03120111 -0.04469420 0.09460650
v -0.03123271 -0.04289365 0.09573437
v -0.03836778 -0.05652269 0.08171400
v -0.03855174 -0.05329487 0.08443349
v -0.03723931 -0.04864674 0.08887997
v -0.03738976 -0.04338668 0.09248310
v -0.04027890 -0.04792712 0.08769287
v -0.04295071 -0.05378052 0.08121414
v -0.04172068 -0.04924164 0.08581241
v -0.04343309 -0.04187102 0.09006387
v -0.04196554 -0.04044008 0.09183899
v -0.04198076 -0.03858451 0.09294587
v -0.04197650 -0.03670490 0.09400880
v -0.03895947 -0.03748226 0.09520576
v -0.03588976 -0.04191982 0.09418029
v -0.03564369 -0.05067699 0.08818694
v -0.03532786 -0.05721328 0.08285515
v -0.04418103 -0.05655162 0.07777626
v -0.04470466 -0.04844724 0.08452225
v -0.04791249 -0.03505702 0.09140839
v -0.04791589 -0.03879185 0.08924415
v -0.04746459 -0.05090802 0.08054452
v -0.04636840 -0.04284391 0.08758190
v -0.03651026 -0.02233871 0.10244181
v -0.04785084 -0.03219838 0.09290648
v -0.04492946 -0.03398970 0.09375758
v -0.04621605 -0.02874107 0.09541037
v -0.03436156 -0.03856529 0.09685935
v -0.04039693 -0.03328583 0.09659386
v -0.03280853 -0.03890090 0.09737048
v -0.03739109 -0.03501551 0.09726989
v -0.04182160 -0.03095161 0.09690399
v -0.02649301 -0.04283908 0.09763658
v -0.04320682 -0.02859227 0.09714342
v -0.04601968 -0.02579845 0.09664063
v -0.04565902 -0.02183658 0.09809740
v -0.04150763 -0.02605921 0.09896063
v -0.03864611 -0.02883485 0.09935810
v -0.03724179 -0.03117139 0.09908581
v -0.02488840 -0.04036295 0.09960148
v -0.02966172 -0.03860240 0.09883028
v -0.03428936 -0.03479190 0.09881210
v -0.04100937 -0.01062151 0.10266622
v -0.01339144 -0.03990491 0.10270292
v -0.00333516 -0.04316259 0.10204765
v -0.01006770 -0.04198394 0.10211012
v -0.00670093 -0.04123193 0.10287695
v -0.01629962 -0.05775479 0.08971918
v -0.01132826 -0.05814346 0.09035150
v -0.01645690 -0.05451313 0.09244823
v -0.02125240 -0.05641410 0.08954811
v -0.00806834 -0.05673312 0.09205413
v -0.01472950 -0.05629925 0.09134001
v -0.02140227 -0.05312571 0.09221729
v -0.02456216 -0.05434020 0.09018490
v -0.00474806 -0.05604545 0.09295666
v -0.00838926 -0.04480092 0.10071082
v -0.01669130 -0.03866986 0.10268965
v -0.02314369 -0.03502325 0.10277563
v -0.04077382 -0.01910554 0.10130805
v -0.00158641 -0.04941357 0.09821110
v -0.00327520 -0.04939582 0.09816739
v -0.00667970 -0.04754923 0.09917203
v -0.01174645 -0.04368997 0.10091329
v -0.01997755 -0.03828946 0.10210796
v -0.02790487 -0.03324997 0.10202131
v -0.03528968 -0.02569862 0.10196919
v -0.04490773 -0.01583070 0.09990472
v -0.02483374 -0.04666322 0.09580196
v -0.02152927 -0.04972933 0.09474885
v -0.01487536 -0.05300432 0.09401051
v -0.01148405 -0.05492527 0.09310644
v -0.02789257 -0.05048736 0.09193940
v -0.02308893 -0.05122339 0.09314886
v -0.03421916 -0.04759689 0.09121694
v -0.03110501 -0.04821242 0.09224124
v -0.01658990 -0.05115429 0.09503892
v -0.02488123 -0.04399513 0.09749847
v -0.02161999 -0.04623713 0.09711957
v -0.01831280 -0.04839067 0.09659451
v -0.01161193 -0.05158417 0.09571441
v -0.00820669 -0.05346771 0.09474874
v -0.01004227 -0.04737210 0.09890102
v -0.01837804 -0.04125143 0.10096756
v -0.03256697 -0.03131057 0.10106587
v -0.03690310 -0.02629174 0.10107111
v -0.04261404 -0.02167851 0.09975063
v -0.04531448 -0.01884180 0.09905601
v -0.01503158 -0.04785624 0.09771809
v -0.00318707 -0.05279883 0.09568718
v -0.00831128 -0.05008136 0.09727717
v -0.01673262 -0.04414751 0.09969838
v -0.02002484 -0.04287133 0.09964017
v -0.02165104 -0.04083974 0.10033312
v -0.02644820 -0.03731795 0.10065795
v -0.02956800 -0.03484473 0.10071416
v 0.00000000 -0.05214339 0.09626200
v 0.00000002 -0.05588139 0.09327205
v 0.03381149 0.01910005 0.09929207
v 0.03681945 0.01573451 0.09690080
v 0.04062386 0.01095933 0.09340721
v 0.04191503 0.00929854 0.09337012
v 0.04484442 0.00502889 0.09083278
v 0.03890520 0.00615699 0.10393250
v 0.04025782 0.00106811 0.10347264
v 0.03816728 0.00931052 0.10376987
v 0.03920304 0.00666863 0.10346341
v 0.03300555 0.01917792 0.10428853
v 0.03498498 0.01649207 0.10356424
v 0.03758423 0.01191876 0.10309999
v 0.04068026 0.00650837 0.10165907
v 0.03771176 0.01343147 0.10115217
v 0.04230322 0.00513669 0.10006600
v 0.04268225 0.00608842 0.09863286
v 0.02874413 0.02419098 0.10511636
v 0.03234373 0.02055492 0.10224377
v 0.03614370 0.01641133 0.09926561
v 0.04335257 0.00695099 0.09528065
v 0.03950442 0.01239839 0.09651355
v 0.04323725 0.00030873 0.10104905
v 0.03769623 0.01270004 0.10214859
v 0.04048744 0.00780325 0.10118525
v 0.04238044 0.00768933 0.09729448
v 0.03979969 0.01143502 0.09845109
v 0.03638625 0.01588245 0.10022479
v 0.04527988 0.00388976 0.09483484
v 0.04524257 0.00443246 0.09324574
v 0.05366992 -0.03424748 0.08705632
v 0.05564110 -0.03276738 0.08417100
v 0.04939690 -0.05716602 0.07286862
v 0.05424029 -0.04944424 0.06125830
v 0.05397114 -0.04878642 0.06060091
v 0.05451288 -0.05114793 0.06228303
v 0.05438938 -0.05043603 0.06162578
v 0.05406189 -0.05455713 0.06564180
v 0.05429257 -0.05390294 0.06496846
v 0.05271150 -0.05667659 0.06794155
v 0.05165932 -0.05766066 0.06909178
v 0.04953388 -0.05895621 0.07074817
v 0.05169134 -0.05479038 0.07245618
v 0.05287826 -0.05383123 0.07122546
v 0.05338083 -0.05330256 0.07056962
v 0.05381888 -0.05274510 0.06989171
v 0.05418992 -0.05216203 0.06919558
v 0.05472288 -0.05093247 0.06776466
v 0.05488177 -0.05029298 0.06703801
v 0.05497986 -0.04898277 0.06558298
v 0.04887210 -0.05387508 0.07671408
v 0.05123165 -0.05286360 0.07523472
v 0.05255433 -0.05198857 0.07405314
v 0.05533456 -0.04499629 0.06784237
v 0.04910089 -0.05058272 0.07960370
v 0.05156877 -0.04863932 0.07892692
v 0.05227151 -0.04824461 0.07833844
v 0.05291817 -0.04781411 0.07771199
v 0.05350494 -0.04735035 0.07705125
v 0.05448532 -0.04633417 0.07564266
v 0.05518958 -0.04521998 0.07414582
v 0.05560115 -0.04403403 0.07259598
v 0.04923121 -0.04859785 0.08123012
v 0.05495531 -0.03717597 0.06935215
v 0.05177707 -0.04562895 0.08131742
v 0.05027924 -0.04517781 0.08318435
v 0.05612309 -0.03850553 0.07446843
v 0.05562764 -0.03979578 0.07840001
v 0.05490297 -0.04079128 0.07995942
v 0.05390554 -0.04169768 0.08141939
v 0.05265864 -0.04249379 0.08274582
v 0.05623669 -0.03729542 0.07661261
v 0.04953814 -0.04368377 0.08487795
v 0.05606141 -0.03651632 0.07955399
v 0.05624931 -0.03601653 0.07872716
v 0.05143105 -0.03911849 0.08654303
v 0.05352997 -0.03816478 0.08472941
v 0.05465074 -0.03739168 0.08332251
v 0.05551828 -0.03652886 0.08179409
v 0.05640117 -0.03225078 0.07660127
v 0.05568044 -0.03079378 0.07417820
v 0.05637689 -0.03007304 0.07697594
v 0.05662382 -0.03146010 0.07948525
v 0.05643443 -0.03237141 0.08116534
v 0.05423729 -0.03482603 0.08584163
v 0.05158858 -0.03605498 0.08832149
v 0.04998839 -0.03650403 0.08928420
v 0.05603284 -0.02758534 0.07656915
v 0.05609542 -0.02297918 0.07977460
v 0.05575642 -0.01988200 0.08163687
v 0.05530449 -0.01748903 0.08291990
v 0.05422493 -0.01350063 0.08481737
v 0.05287595 -0.00999407 0.08538970
v 0.05116023 -0.00603027 0.08693045
v 0.04999452 -0.00366738 0.08780343
v 0.05662370 -0.02888581 0.07900389
v 0.05648525 -0.02451122 0.08087164
v 0.05616619 -0.02139284 0.08276169
v 0.05556743 -0.01817306 0.08448462
v 0.05500373 -0.01612756 0.08642390
v 0.05362742 -0.01167865 0.08742634
v 0.05231874 -0.00842119 0.08871124
v 0.05082447 -0.00520174 0.08992010
v 0.04914589 -0.00198983 0.09106775
v 0.04728335 0.00122351 0.09217051
v 0.05667594 -0.02688854 0.08148087
v 0.05652452 -0.02453286 0.08296467
v 0.05609688 -0.02135371 0.08478335
v 0.05560624 -0.01890710 0.08604829
v 0.05499213 -0.01649100 0.08720077
v 0.05359441 -0.01272094 0.08975960
v 0.05229272 -0.00942282 0.09106209
v 0.05080068 -0.00615952 0.09228764
v 0.04912291 -0.00290640 0.09344685
v 0.04726292 0.00034186 0.09455151
v 0.05643206 -0.02895924 0.08340202
v 0.05564837 -0.02374709 0.08741673
v 0.05524380 -0.02007335 0.08833154
v 0.05359963 -0.01432200 0.09091512
v 0.05247094 -0.01222541 0.09264341
v 0.05108741 -0.00893138 0.09391784
v 0.04951400 -0.00565343 0.09511904
v 0.04775830 -0.00238340 0.09625369
v 0.05576824 -0.02734190 0.08640748
v 0.05542328 -0.02773552 0.08714308
v 0.05513912 -0.02534749 0.08843479
v 0.05456888 -0.02210052 0.09006622
v 0.05388718 -0.01761658 0.09126484
v 0.05188839 -0.01305353 0.09401561
v 0.05051946 -0.00976140 0.09529438
v 0.04895980 -0.00648215 0.09649988
v 0.04722000 -0.00321075 0.09763590
v 0.04559338 0.00047149 0.09803206
v 0.05521690 -0.03141659 0.08598657
v 0.05463029 -0.02929290 0.08810458
v 0.05439492 -0.02691503 0.08937126
v 0.05389716 -0.02370673 0.09097641
v 0.05339421 -0.02132070 0.09210007
v 0.05317980 -0.01843707 0.09258986
v 0.05111598 -0.01390873 0.09527265
v 0.04976557 -0.01062982 0.09655289
v 0.04822398 -0.00735953 0.09776058
v 0.04650506 -0.00409591 0.09889688
v 0.04498970 -0.00038958 0.09935252
v 0.04858023 -0.00944213 0.09774408
v 0.05355419 -0.02999813 0.08938987
v 0.05333858 -0.02764190 0.09060468
v 0.05238675 -0.02210944 0.09325384
v 0.05153375 -0.01885113 0.09469684
v 0.05016700 -0.01477627 0.09639288
v 0.04831525 -0.01197165 0.09817267
v 0.04512890 -0.00549881 0.10051464
v 0.04329941 -0.00227066 0.10157838
v 0.05158442 -0.03092736 0.09102779
v 0.05209810 -0.02831455 0.09168830
v 0.05120992 -0.02286849 0.09425742
v 0.05056433 -0.02323269 0.09469727
v 0.05038946 -0.01965970 0.09567536
v 0.04976177 -0.02005318 0.09610215
v 0.04935143 -0.01644560 0.09702828
v 0.04809918 -0.01322684 0.09831928
v 0.04606640 -0.01046703 0.09995647
v 0.04626089 -0.00919947 0.09983750
v 0.04403180 -0.00646090 0.10138384
v 0.04224131 -0.00325896 0.10244623
v 0.04916073 -0.00209183 0.08836938
v 0.04638414 0.00265131 0.09001818
v 0.05658520 -0.02853900 0.08259195
v 0.05637092 -0.02534082 0.08455604
v 0.05591876 -0.02213813 0.08633652
v 0.05480487 -0.01725088 0.08872633
v 0.04565536 0.00243295 0.09611671
v 0.05031038 -0.02585975 0.09405165
v 0.05009475 -0.03302654 0.09110448
v 0.04979132 -0.02769049 0.09370503
v 0.04794173 -0.01924963 0.09749216
v 0.04653113 -0.01532932 0.09911420
v 0.04480494 -0.01138281 0.10064409
v 0.00306493 -0.05607684 0.09302802
v 0.04496652 -0.03777514 0.09167755
v 0.04690119 -0.05950000 0.07263479
v 0.04304500 -0.05950000 0.07572048
v 0.03899864 -0.05950000 0.07852662
v 0.03333526 -0.05950000 0.08181973
v 0.02904617 -0.05950000 0.08388208
v 0.02614232 -0.05950000 0.08508717
v 0.02242130 -0.05950000 0.08642069
v 0.01671638 -0.05950000 0.08803341
v 0.01161176 -0.05950000 0.08905823
v 0.00697376 -0.05950000 0.08966191
v 0.00302664 -0.05950000 0.08993648
v 0.04721472 -0.02241603 0.09705766
v 0.04548738 -0.05768409 0.07566871
v 0.03986992 -0.05615615 0.08110981
v 0.03685381 -0.05687509 0.08229610
v 0.04313954 -0.05051779 0.08388269
v 0.04021552 -0.04961976 0.08643405
v 0.03710807 -0.05200333 0.08633517
v 0.03717726 -0.05033753 0.08762261
v 0.03403225 -0.05266846 0.08744007
v 0.03410030 -0.05100337 0.08872983
v 0.03091542 -0.05328067 0.08845313
v 0.03098379 -0.05161640 0.08974776
v 0.02782783 -0.05217545 0.09067062
v 0.03279513 -0.04258277 0.09523720
v 0.02809136 -0.04165863 0.09774225
v 0.03124835 -0.04106908 0.09682008
v 0.03588976 -0.04191982 0.09418029
v 0.04773269 -0.04590801 0.08445461
v 0.04636840 -0.04284391 0.08758190
v 0.04038462 -0.04444684 0.09012847
v 0.03734571 -0.04517430 0.09130972
v 0.03427064 -0.04584850 0.09241642
v 0.03115715 -0.04646806 0.09344050
v 0.04492473 -0.04146324 0.08942100
v 0.04791589 -0.03879185 0.08924415
v 0.03237270 -0.02840121 0.10225164
v 0.03690310 -0.02629174 0.10107111
v 0.03813158 -0.02292686 0.10155701
v 0.04777824 -0.03026989 0.09384166
v 0.04791249 -0.03505702 0.09140839
v 0.03992676 -0.02548529 0.09993365
v 0.04021737 -0.02941007 0.09836721
v 0.03894558 -0.04120427 0.09304523
v 0.04047255 -0.03709848 0.09461636
v 0.04194995 -0.03480444 0.09502429
v 0.04331278 -0.03054277 0.09628118
v 0.04261404 -0.02167851 0.09975063
v 0.04212175 -0.01768026 0.10096659
v 0.04152355 -0.01365517 0.10200059
v 0.04462258 -0.02719749 0.09691054
v 0.04518573 -0.01783977 0.09935088
v 0.04543632 -0.01984202 0.09874893
v 0.04585352 -0.02382244 0.09739498
v 0.04638202 -0.03261612 0.09358569
v 0.01997755 -0.03828946 0.10210796
v 0.03888527 -0.03367772 0.09717826
v 0.03270368 -0.03418767 0.09977192
v 0.02478955 -0.03571159 0.10196579
v 0.03575786 -0.03251475 0.09919282
v 0.03261891 -0.03227334 0.10064675
v 0.02790487 -0.03324997 0.10202131
v 0.00492263 -0.05107423 0.09687989
v 0.00327520 -0.04939582 0.09816739
v 0.00998921 -0.04998505 0.09712918
v 0.01629962 -0.05775479 0.08971918
v 0.01140904 -0.05655017 0.09174598
v 0.00635363 -0.05759285 0.09147350
v 0.04600168 -0.05133820 0.08123106
v 0.04442545 -0.05337436 0.08055320
v 0.04006166 -0.05292970 0.08382864
v 0.03232576 -0.05624503 0.08528256
v 0.03076308 -0.05654204 0.08577128
v 0.02768403 -0.05547744 0.08803617
v 0.01314779 -0.05480432 0.09291212
v 0.01806378 -0.05516671 0.09151042
v 0.02132965 -0.05478369 0.09089875
v 0.02295028 -0.05456936 0.09055461
v 0.00481446 -0.05441969 0.09430726
v 0.00164165 -0.04499479 0.10104435
v 0.00500474 -0.04672567 0.09983443
v 0.01499003 -0.04959612 0.09652738
v 0.01005417 -0.04648886 0.09946684
v 0.02146929 -0.05144053 0.09350155
v 0.01340280 -0.04082667 0.10222263
v 0.00838287 -0.04115801 0.10275281
v 0.02165696 -0.04265946 0.09930909
v 0.01507802 -0.04250667 0.10099775
v 0.00670907 -0.04306753 0.10187986
v 0.01652711 -0.05284777 0.09376232
v 0.01155211 -0.05326947 0.09443030
v 0.00820669 -0.05346771 0.09474874
v 0.02795173 -0.04877331 0.09317452
v 0.02475944 -0.04927914 0.09401165
v 0.02158029 -0.04799422 0.09595592
v 0.01831280 -0.04839067 0.09659451
v 0.02962917 -0.04498660 0.09508423
v 0.01837460 -0.04486279 0.09887679
v 0.01174382 -0.04459034 0.10038494
v 0.01506069 -0.04609465 0.09886023
v 0.02487868 -0.03944228 0.10009788
v 0.02807746 -0.03889785 0.09927533
v 0.03279920 -0.03796731 0.09787502
v 0.03590427 -0.03821650 0.09632782
v 0.02648423 -0.04374137 0.09709235
v 0.02001877 -0.04105384 0.10066269
v 0.03230739 0.01922108 0.10635763
v 0.03459690 0.01554850 0.10551786
v 0.03591306 0.01233455 0.10557616
v 0.03719979 0.00905388 0.10513200
v 0.02950918 0.02313998 0.10699590
v 0.03150954 0.02033222 0.10723307
v 0.03318613 0.01746227 0.10743025
v 0.03420348 0.01544075 0.10702403
v 0.03524601 0.01289104 0.10712634
v 0.03624694 0.00961296 0.10779806
v 0.03701594 0.00621364 0.10732655
v 0.03741130 0.00257774 0.10800129
v 0.03749036 -0.00084998 0.10807055
v 0.03732606 -0.00360766 0.10811345
v 0.03665468 -0.00791735 0.10815898
v 0.03637452 -0.00927643 0.10754693
v 0.03555832 -0.01191033 0.10818017
v 0.03431332 -0.01512765 0.10818495
v 0.03406370 -0.01577453 0.10756204
v 0.03276708 -0.01823645 0.10818148
v 0.03125812 -0.02078642 0.10755449
v 0.02874688 -0.02408043 0.10816203
v 0.02689490 -0.02613263 0.10815376
v 0.02491012 -0.02808157 0.10753246
v 0.02313927 -0.02950973 0.10814139
v 0.02092620 -0.03116351 0.10752476
v 0.01797395 -0.03295451 0.10752174
v 0.01547525 -0.03415797 0.10813123
v 0.01159853 -0.03570058 0.10752058
v 0.01026596 -0.03606744 0.10813149
v 0.00758756 -0.03672436 0.10813273
v 0.00554894 -0.03708719 0.10813374
v 0.00140246 -0.03751123 0.10752396
v 0.01425181 -0.03484741 0.10691891
v 0.02700571 -0.02623602 0.10693218
v 0.02886584 -0.02417573 0.10693702
v 0.00070765 -0.03782689 0.10633907
v 0.01102477 -0.03619139 0.10633616
v 0.01992315 -0.03216384 0.10633691
v 0.02334904 -0.02977215 0.10633957
v 0.03151381 -0.02095294 0.10635267
v 0.03542027 -0.01333447 0.10635283
v 0.03666991 -0.00935815 0.10634270
v 0.03750079 -0.00504904 0.10632075
v 0.03782141 0.00050250 0.10627259
v 0.03749732 0.00483816 0.10621781
v 0.00213139 -0.03802826 0.10578230
v 0.00770546 -0.03730012 0.10578080
v 0.01309060 -0.03576718 0.10577937
v 0.02875530 -0.02499393 0.10578617
v 0.03330099 -0.01852908 0.10579033
v 0.03806918 0.00049644 0.10572220
v 0.03773222 0.00485611 0.10567924
v 0.02440454 -0.02966776 0.10525917
v 0.03078170 -0.02300964 0.10526242
v 0.03597856 -0.01354629 0.10525912
v 0.03816268 -0.00443378 0.10523325
v 0.03780348 0.00629081 0.10515934
v 0.00854418 -0.03783662 0.10478112
v 0.01130285 -0.03710564 0.10478042
v 0.01468361 -0.03590258 0.10477977
v 0.01981845 -0.03334779 0.10477947
v 0.02733365 -0.02754803 0.10478056
v 0.03393598 -0.01888057 0.10478077
v 0.03762516 -0.00961005 0.10476923
v 0.03872954 0.00119790 0.10472655
v 0.00292187 -0.03911841 0.10435443
v 0.03677270 -0.01384661 0.10434703
v 0.03890073 -0.00525724 0.10432758
v 0.03915123 -0.00238300 0.10431677
v 0.00074322 -0.03970578 0.10398354
v 0.00659721 -0.03916131 0.10398212
v 0.00945795 -0.03856948 0.10398139
v 0.01503308 -0.03675684 0.10398022
v 0.01771827 -0.03554244 0.10397996
v 0.02029161 -0.03414265 0.10397992
v 0.02524146 -0.03068164 0.10398044
v 0.02799335 -0.02821043 0.10398104
v 0.03000702 -0.02607585 0.10398155
v 0.03185292 -0.02380644 0.10398193
v 0.03546613 -0.01804163 0.10398093
v 0.03773063 -0.01264928 0.10397536
v 0.03891247 -0.00823532 0.10396592
v 0.03947200 -0.00459899 0.10395415
v 0.03484152 -0.00332696 0.11000000
v 0.03500000 -0.00000000 0.11000000
v 0.03436751 -0.00662379 0.11000000
v 0.03307503 -0.01144738 0.11000000
v 0.03358226 -0.00986064 0.11000000
v 0.03031089 -0.01750000 0.11000000
v 0.03183712 -0.01453953 0.11000000
v 0.02851016 -0.02030199 0.11000000
v 0.02415277 -0.02533069 0.11000000
v 0.02645124 -0.02292013 0.11000000
v 0.02030199 -0.02851016 0.11000000
v 0.02292013 -0.02645124 0.11000000
v 0.01750000 -0.03031089 0.11000000
v 0.01144738 -0.03307503 0.11000000
v 0.01453953 -0.03183712 0.11000000
v 0.00662379 -0.03436751 0.11000000
v 0.00986064 -0.03358226 0.11000000
v 0.00332696 -0.03484152 0.11000000
v -0.00332696 -0.03484152 0.11000000
v 0.00000000 -0.03500000 0.11000000
v -0.00662379 -0.03436751 0.11000000
v -0.01144738 -0.03307503 0.11000000
v -0.00986064 -0.03358226 0.11000000
v -0.01750000 -0.03031089 0.11000000
v -0.01453953 -0.03183712 0.11000000
v -0.02030199 -0.02851016 0.11000000
v -0.02415277 -0.02533069 0.11000000
v -0.02292013 -0.02645124 0.11000000
v -0.02851016 -0.02030199 0.11000000
v -0.02645124 -0.02292013 0.11000000
v -0.03031089 -0.01750000 0.11000000
v -0.03307503 -0.01144738 0.11000000
v -0.03183712 -0.01453953 0.11000000
v -0.03436751 -0.00662379 0.11000000
v -0.03358226 -0.00986064 0.11000000
v -0.03484152 -0.00332696 0.11000000
v -0.03484152 0.00332696 0.11000000
v -0.03500000 -0.00000000 0.11000000
v -0.03436751 0.00662379 0.11000000
v -0.03307503 0.01144738 0.11000000
v -0.03358226 0.00986064 0.11000000
v -0.03031089 0.01750000 0.11000000
v -0.03183712 0.01453953 0.11000000
v -0.02851016 0.02030199 0.11000000
v -0.02415277 0.02533069 0.11000000
v -0.02645124 0.02292013 0.11000000
v -0.02030199 0.02851016 0.11000000
v -0.02292013 0.02645124 0.11000000
v -0.01750000 0.03031089 0.11000000
v -0.01144738 0.03307503 0.11000000
v -0.01453953 0.03183712 0.11000000
v -0.00662379 0.03436751 0.11000000
v -0.00986064 0.03358226 0.11000000
v -0.00332696 0.03484152 0.11000000
v 0.00332696 0.03484152 0.11000000
v 0.00000000 0.03500000 0.11000000
v 0.00662379 0.03436751 0.11000000
v 0.01144738 0.03307503 0.11000000
v 0.00986064 0.03358226 0.11000000
v 0.01750000 0.03031089 0.11000000
v 0.01453953 0.03183712 0.11000000
v 0.02030199 0.02851016 0.11000000
v 0.02533069 0.02415277 0.11000000
v 0.02292013 0.02645124 0.11000000
v 0.02851016 0.02030199 0.11000000
v 0.02645124 0.02292013 0.11000000
v 0.03031089 0.01750000 0.11000000
v 0.03307503 0.01144738 0.11000000
v 0.03183712 0.01453953 0.11000000
v 0.03436751 0.00662379 0.11000000
v 0.03358226 0.00986064 0.11000000
v 0.03484152 0.00332696 0.11000000
v 0.03436751 0.00662379 0.12000000
v 0.03484152 0.00332696 0.12000000
v 0.03500000 -0.00000000 0.12000000
v 0.03358226 0.00986064 0.12000000
v 0.03307503 0.01144738 0.12000000
v 0.03183712 0.01453953 0.12000000
v 0.03031089 0.01750000 0.12000000
v 0.02851016 0.02030199 0.12000000
v 0.02645124 0.02292013 0.12000000
v 0.02415277 0.02533069 0.12000000
v 0.02292013 0.02645124 0.12000000
v 0.02030199 0.02851016 0.12000000
v 0.01750000 0.03031089 0.12000000
v 0.01453953 0.03183712 0.12000000
v 0.01144738 0.03307503 0.12000000
v 0.00986064 0.03358226 0.12000000
v 0.00662379 0.03436751 0.12000000
v 0.00332696 0.03484152 0.12000000
v 0.00000000 0.03500000 0.12000000
v -0.00332696 0.03484152 0.12000000
v -0.00662379 0.03436751 0.12000000
v -0.00986064 0.03358226 0.12000000
v -0.01144738 0.03307503 0.12000000
v -0.01453953 0.03183712 0.12000000
v -0.01750000 0.03031089 0.12000000
v -0.02030199 0.02851016 0.12000000
v -0.02292013 0.02645124 0.12000000
v -0.02533069 0.02415277 0.12000000
v -0.02645124 0.02292013 0.12000000
v -0.02851016 0.02030199 0.12000000
v -0.03031089 0.01750000 0.12000000
v -0.03183712 0.01453953 0.12000000
v -0.03307503 0.01144738 0.12000000
v -0.03358226 0.00986064 0.12000000
v -0.03436751 0.00662379 0.12000000
v -0.03484152 0.00332696 0.12000000
v -0.03500000 -0.00000000 0.12000000
v -0.03484152 -0.00332696 0.12000000
v -0.03436751 -0.00662379 0.12000000
v -0.03358226 -0.00986064 0.12000000
v -0.03307503 -0.01144738 0.12000000
v -0.03183712 -0.01453953 0.12000000
v -0.03031089 -0.01750000 0.12000000
v -0.02851016 -0.02030199 0.12000000
v -0.02645124 -0.02292013 0.12000000
v -0.02415277 -0.02533069 0.12000000
v -0.02292013 -0.02645124 0.12000000
v -0.02030199 -0.02851016 0.12000000
v -0.01750000 -0.03031089 0.12000000
v -0.01453953 -0.03183712 0.12000000
v -0.01144738 -0.03307503 0.12000000
v -0.00986064 -0.03358226 0.12000000
v -0.00662379 -0.03436751 0.12000000
v -0.00332696 -0.03484152 0.12000000
v 0.00000000 -0.03500000 0.12000000
v 0.00332696 -0.03484152 0.12000000
v 0.00662379 -0.03436751 0.12000000
v 0.00986064 -0.03358226 0.12000000
v 0.01144738 -0.03307503 0.12000000
v 0.01453953 -0.03183712 0.12000000
v 0.01750000 -0.03031089 0.12000000
v 0.02030199 -0.02851016 0.12000000
v 0.02292013 -0.02645124 0.12000000
v 0.02533069 -0.02415277 0.12000000
v 0.02645124 -0.02292013 0.12000000
v 0.02851016 -0.02030199 0.12000000
v 0.03031089 -0.01750000 0.12000000
v 0.03183712 -0.01453953 0.12000000
v 0.03307503 -0.01144738 0.12000000
v 0.03358226 -0.00986064 0.12000000
v 0.03436751 -0.00662379 0.12000000
v 0.03484152 -0.00332696 0.12000000
v 0.01142445 0.03571739 0.12000000
v 0.00977491 0.03620360 0.12000000
v 0.00810482 0.03661368 0.12000000
v 0.00641769 0.03694676 0.12000000
v 0.00471706 0.03720214 0.12000000
v 0.00300651 0.03737928 0.12000000
v 0.00128963 0.03747782 0.12000000
v -0.00042995 0.03749754 0.12000000
v -0.00214864 0.03743839 0.12000000
v -0.00386280 0.03730052 0.12000000
v -0.00556884 0.03708420 0.12000000
v -0.00726317 0.03678989 0.12000000
v -0.00894222 0.03641822 0.12000000
v -0.01060247 0.03596995 0.12000000
v -0.01224042 0.03544604 0.12000000
v -0.01385263 0.03484759 0.12000000
v -0.01543571 0.03417585 0.12000000
v -0.01698632 0.03343224 0.12000000
v -0.01850122 0.03261833 0.12000000
v -0.01997720 0.03173581 0.12000000
v -0.02141117 0.03078655 0.12000000
v -0.02280012 0.02977255 0.12000000
v -0.02414111 0.02869594 0.12000000
v -0.02543134 0.02755897 0.12000000
v -0.02666808 0.02636405 0.12000000
v 0.01304996 -0.03515606 0.12000000
v 0.01621528 -0.03381294 0.12000000
v 0.01774844 -0.03303397 0.12000000
v 0.02069963 -0.03126940 0.12000000
v 0.02347679 -0.02924193 0.12000000
v 0.02479274 -0.02813485 0.12000000
v 0.02726558 -0.02574564 0.12000000
v 0.02950918 -0.02313997 0.12000000
v 0.03150468 -0.02033975 0.12000000
v 0.03240405 -0.01887398 0.12000000
v 0.03399663 -0.01582653 0.12000000
v 0.03530337 -0.01264602 0.12000000
v 0.03584603 -0.01101418 0.12000000
v 0.03670420 -0.00768450 0.12000000
v 0.03725378 -0.00429021 0.12000000
v 0.03741130 -0.00257774 0.12000000
v 0.03749014 0.00085985 0.12000000
v 0.03725378 0.00429021 0.12000000
v 0.03701792 0.00599366 0.12000000
v 0.03631330 0.00935918 0.12000000
v 0.03530337 0.01264602 0.12000000
v 0.03399663 0.01582653 0.12000000
v 0.03323529 0.01736852 0.12000000
v 0.03150468 0.02033975 0.12000000
v 0.02950918 0.02313997 0.12000000
v 0.02726558 0.02574564 0.12000000
v 0.02605656 0.02696860 0.12000000
v 0.02479274 0.02813485 0.12000000
v 0.02347679 0.02924193 0.12000000
v 0.02211146 0.03028751 0.12000000
v 0.02069963 0.03126940 0.12000000
v 0.01924427 0.03218553 0.12000000
v 0.01774844 0.03303397 0.12000000
v 0.01621528 0.03381294 0.12000000
v 0.01464802 0.03452080 0.12000000
v 0.01304996 0.03515606 0.12000000
v -0.03003201 -0.02245726 0.12000000
v -0.02666808 -0.02636405 0.12000000
v -0.02414111 -0.02869594 0.12000000
v -0.02141117 -0.03078655 0.12000000
v -0.01997720 -0.03173581 0.12000000
v -0.01698632 -0.03343224 0.12000000
v -0.01385263 -0.03484759 0.12000000
v -0.01060247 -0.03596995 0.12000000
v -0.00894222 -0.03641822 0.12000000
v -0.00556884 -0.03708420 0.12000000
v -0.00214864 -0.03743839 0.12000000
v 0.00128963 -0.03747782 0.12000000
v 0.00471706 -0.03720214 0.12000000
v 0.00977491 -0.03620360 0.12000000
v -0.02897084 0.02381052 0.12000000
v -0.03103001 0.02105678 0.12000000
v -0.03282830 0.01812602 0.12000000
v -0.03435059 0.01504285 0.12000000
v -0.03500413 0.01345218 0.12000000
v -0.03608915 0.01018936 0.12000000
v -0.03651835 0.00852408 0.12000000
v -0.03687075 0.00684088 0.12000000
v -0.03734236 0.00343488 0.12000000
v -0.03750000 -0.00000000 0.12000000
v -0.03734236 -0.00343488 0.12000000
v -0.03687075 -0.00684088 0.12000000
v -0.03651835 -0.00852408 0.12000000
v -0.03558405 -0.01183321 0.12000000
v -0.03435059 -0.01504285 0.12000000
v -0.03282830 -0.01812602 0.12000000
v -0.03196277 -0.01961202 0.12000000
v -0.02784874 0.02511369 0.08294997
v -0.02543134 0.02755897 0.08372274
v -0.02414111 0.02869594 0.08410385
v -0.01997720 0.03173581 0.08518898
v -0.02141117 0.03078655 0.08483992
v -0.01698632 0.03343224 0.08583540
v -0.01385263 0.03484759 0.08639649
v -0.01543571 0.03417585 0.08612775
v -0.01224042 0.03544604 0.08663961
v -0.00894222 0.03641822 0.08704187
v -0.00386280 0.03730052 0.08741470
v -0.00556893 0.03708419 0.08732260
v -0.00042995 0.03749754 0.08749894
v 0.00300651 0.03737928 0.08744834
v 0.00810482 0.03661368 0.08712383
v 0.00641769 0.03694676 0.08726433
v 0.01053734 0.03598909 0.08686320
v 0.01315367 0.03511739 0.08650567
v 0.01621528 0.03381294 0.08598439
v 0.01924427 0.03218553 0.08535753
v 0.02211146 0.03028751 0.08466011
v 0.02414075 0.02869624 0.08410395
v 0.02666783 0.02636431 0.08333713
v 0.02795085 0.02500000 0.08997425
v 0.02795085 0.02500000 0.10429169
v -0.03789422 -0.02150000 0.07886874
v -0.03827225 0.01222277 0.07868599
v -0.02600838 -0.02150000 0.08354528
v -0.02928402 -0.02150000 0.08245420
v -0.03345658 0.01853040 0.08085115
v -0.03100074 -0.02150000 0.08182423
v -0.03100161 0.02149767 0.08182389
v -0.03449642 -0.02150000 0.08041298
v -0.03588091 0.01544538 0.07980482
v -0.04122306 -0.02150000 0.07718101
v -0.04165199 0.00728042 0.07695039
v -0.04294890 -0.02150000 0.07623412
v -0.04444024 0.00273795 0.07537450
v -0.04607386 -0.02150000 0.07438716
v -0.04632054 -0.00066366 0.07423381
v -0.04793569 -0.00390031 0.07320122
v -0.04920415 -0.02150000 0.07235470
v -0.04929965 -0.00696420 0.07228966
v -0.05069395 -0.01059507 0.07131881
v -0.05176977 -0.01403868 0.07054176
v -0.05279851 -0.01892935 0.06977512
v -0.05298892 -0.02100081 0.06963063
v -0.02395176 -0.02150000 0.08415797
v -0.02034109 -0.02150000 0.08510282
v -0.01669342 -0.02150000 0.08589284
v -0.01301537 -0.02150000 0.08652659
v -0.00745601 -0.02150000 0.08718175
v -0.00559497 -0.02150000 0.08732094
v -0.00931364 -0.02150000 0.08700291
v -0.00186612 -0.02150000 0.08748010
v 0.00000000 -0.02150000 0.08750000
v 0.00373140 -0.02150000 0.08742040
v 0.00559497 -0.02150000 0.08732094
v 0.00745601 -0.02150000 0.08718175
v 0.01116705 -0.02150000 0.08678449
v 0.01485777 -0.02150000 0.08622932
v 0.01852147 -0.02150000 0.08551728
v 0.02034109 -0.02150000 0.08510282
v 0.02574116 -0.02150000 0.08362801
v 0.02395176 -0.02150000 0.08415797
v 0.03090775 0.02160802 0.08185939
v 0.02928402 -0.02150000 0.08245420
v 0.02883022 0.02400955 0.08261389
v 0.03277360 -0.02150000 0.08113039
v 0.03390326 0.01797402 0.08066486
v 0.03620356 -0.02150000 0.07965898
v 0.03673277 0.01431964 0.07941633
v 0.03789422 -0.02150000 0.07886874
v 0.03851162 0.01188872 0.07856911
v 0.04285974 -0.02150000 0.07628429
v 0.04177653 0.00708744 0.07688285
v 0.04122306 -0.02150000 0.07718101
v 0.04394358 0.00358565 0.07566513
v 0.04643636 -0.00088550 0.07416141
v 0.04764984 -0.02150000 0.07338762
v 0.05179274 -0.01412291 0.07052490
v 0.04892096 -0.00607566 0.07254646
v 0.05009379 -0.00895129 0.07174164
v 0.05249090 -0.01708888 0.07000683
v 0.05299078 -0.02103211 0.06962906
v 0.05299999 -0.02318038 0.06955665
v 0.05293702 -0.02851119 0.06837464
v 0.05240382 -0.03435432 0.06488441
v 0.04504149 -0.04541874 0.03880689
v -0.05299121 -0.02572542 0.06918965
v -0.05291746 -0.02902805 0.06817093
v -0.05275074 -0.03162258 0.06686522
v -0.05229650 -0.03495182 0.06435013
v -0.05189812 -0.03670580 0.06252334
v -0.05138304 -0.03835166 0.06038190
v -0.04972470 -0.04163118 0.05422474
v -0.04872262 -0.04288071 0.05077520
v -0.04685745 -0.04446160 0.04461693
v -0.04490812 -0.04547278 0.03838423
v -0.04308382 -0.04603948 0.03264594
v -0.04044887 -0.04642977 0.02440846
v 0.04098052 -0.04638277 0.02607095
v 0.04206729 -0.04623995 0.02946661
v 0.04309081 -0.04603784 0.03266794
v 0.04624526 -0.04483525 0.04264369
v 0.04763438 -0.04389491 0.04715130
v 0.04907200 -0.04248590 0.05196304
v 0.04979450 -0.04152920 0.05447059
v 0.05061299 -0.04013701 0.05742489
v 0.05128218 -0.03862326 0.05997970
v 0.05193326 -0.03657290 0.06267665
v 0.05214174 -0.03570541 0.06361534
v 0.05260972 -0.03294266 0.06599569
v 0.05287345 -0.02993306 0.06777101
v 0.05298060 -0.02667221 0.06896385
v 0.04762078 -0.02319829 0.07334286
v 0.03954351 -0.02319829 0.07799503
v 0.03618148 -0.02319829 0.07961039
v 0.03275361 -0.02319829 0.08108091
v 0.02926616 -0.02319829 0.08240392
v 0.02393715 -0.02319829 0.08410664
v 0.02032869 -0.02319829 0.08505092
v 0.01484871 -0.02319829 0.08617674
v 0.01116024 -0.02319829 0.08673156
v 0.00559156 -0.02319829 0.08726768
v 0.00000000 -0.02319829 0.08744664
v -0.00372912 -0.02319829 0.08736709
v -0.00745146 -0.02319829 0.08712858
v -0.01484871 -0.02319829 0.08617674
v -0.02213795 -0.02319829 0.08459802
v -0.02572546 -0.02319829 0.08357700
v -0.03447539 -0.02319829 0.08036394
v -0.03787111 -0.02319829 0.07882064
v -0.04283360 -0.02319829 0.07623777
v -0.04762078 -0.02319829 0.07334286
v -0.05070513 -0.02319829 0.07124538
v 0.05061418 -0.02481264 0.07111758
v 0.04596316 -0.02481264 0.07420845
v 0.04275677 -0.02481264 0.07610101
v 0.03611657 -0.02481264 0.07946759
v 0.03096130 -0.02481264 0.08161436
v 0.02567931 -0.02481264 0.08342709
v 0.02209824 -0.02481264 0.08444627
v 0.01665331 -0.02481264 0.08568648
v 0.01114022 -0.02481264 0.08657598
v 0.00558153 -0.02481264 0.08711115
v 0.00186164 -0.02481264 0.08726992
v -0.00372243 -0.02481264 0.08721037
v -0.00929127 -0.02481264 0.08679388
v -0.01482208 -0.02481264 0.08602216
v -0.02029222 -0.02481264 0.08489836
v -0.02567931 -0.02481264 0.08342709
v -0.03096130 -0.02481264 0.08161436
v -0.03441355 -0.02481264 0.08021978
v -0.03947258 -0.02481264 0.07785513
v -0.04437006 -0.02481264 0.07517183
v -0.04908594 -0.02481264 0.07218086
v 0.04424002 -0.02634698 0.07495152
v 0.04100350 -0.02634698 0.07676993
v 0.01842282 -0.02634698 0.08506180
v 0.01294605 -0.02634698 0.08606573
v -0.00741629 -0.02634698 0.08671741
v -0.01294605 -0.02634698 0.08606573
v -0.02203348 -0.02634698 0.08419879
v -0.02912805 -0.02634698 0.08201504
v -0.03769239 -0.02634698 0.07844868
v -0.04100350 -0.02634698 0.07676993
v -0.04424002 -0.02634698 0.07495152
v -0.04894208 -0.02634698 0.07196932
v 0.04874456 -0.02780710 0.07167887
v 0.03754027 -0.02780710 0.07813207
v 0.03417421 -0.02780710 0.07966188
v 0.03074598 -0.02780710 0.08104676
v 0.02550072 -0.02780710 0.08284688
v 0.02194456 -0.02780710 0.08385898
v 0.00738636 -0.02780710 0.08636744
v 0.00369654 -0.02780710 0.08660386
v 0.00000000 -0.02780710 0.08668271
v -0.00369654 -0.02780710 0.08660386
v -0.00738636 -0.02780710 0.08636744
v -0.01106274 -0.02780710 0.08597388
v -0.01653749 -0.02780710 0.08509056
v -0.02550072 -0.02780710 0.08284688
v -0.03246748 -0.02780710 0.08037260
v -0.04406148 -0.02780710 0.07464904
v -0.05026218 -0.02780710 0.07062298
v 0.04383569 -0.02919848 0.07426650
v 0.04062875 -0.02919848 0.07606830
v 0.03399909 -0.02919848 0.07925366
v 0.02537005 -0.02919848 0.08242234
v 0.02004783 -0.02919848 0.08387589
v 0.01464357 -0.02919848 0.08498616
v 0.01100605 -0.02919848 0.08553331
v -0.01464357 -0.02919848 0.08498616
v -0.02004783 -0.02919848 0.08387589
v -0.02360645 -0.02919848 0.08294466
v -0.02886183 -0.02919848 0.08126546
v -0.03230110 -0.02919848 0.07996074
v -0.03734789 -0.02919848 0.07773169
v -0.04062875 -0.02919848 0.07606830
v 0.04819352 -0.03052615 0.07086856
v 0.04356338 -0.03052615 0.07380515
v 0.03875494 -0.03052615 0.07643966
v 0.03545995 -0.03052615 0.07802282
v 0.03039840 -0.03052615 0.08013055
v 0.01992329 -0.03052615 0.08335485
v 0.00912235 -0.03052615 0.08521590
v 0.00548006 -0.03052615 0.08552741
v 0.00182779 -0.03052615 0.08568329
v -0.00182779 -0.03052615 0.08568329
v -0.00548006 -0.03052615 0.08552741
v -0.00912235 -0.03052615 0.08521590
v -0.01274804 -0.03052615 0.08474936
v -0.01992329 -0.03052615 0.08335485
v -0.02521244 -0.03052615 0.08191032
v -0.03378788 -0.03052615 0.07876132
v -0.03711588 -0.03052615 0.07724881
v -0.04197942 -0.03052615 0.07471744
v -0.04512752 -0.03052615 0.07285928
v -0.04819352 -0.03052615 0.07086856
v -0.05117183 -0.03052615 0.06874890
v 0.05079751 -0.03179473 0.06824600
v 0.04167234 -0.03179473 0.07417089
v 0.03017604 -0.03179473 0.07954440
v 0.02328819 -0.03179473 0.08182643
v 0.01444615 -0.03179473 0.08384040
v 0.01085767 -0.03179473 0.08438018
v -0.00905562 -0.03179473 0.08459255
v -0.03017604 -0.03179473 0.07954440
v -0.04008101 -0.03179473 0.07504277
v -0.05058982 -0.03240816 0.06796697
v 0.04743675 -0.03300829 0.06975573
v 0.04441890 -0.03300829 0.07171520
v 0.03814638 -0.03300829 0.07523936
v 0.03490314 -0.03300829 0.07679765
v 0.02823214 -0.03300829 0.07949248
v 0.01785618 -0.03300829 0.08244552
v 0.01254786 -0.03300829 0.08341858
v 0.00897910 -0.03300829 0.08387779
v 0.00359737 -0.03300829 0.08428029
v 0.00000000 -0.03300829 0.08435702
v -0.00359737 -0.03300829 0.08428029
v -0.00718819 -0.03300829 0.08405021
v -0.01254786 -0.03300829 0.08341858
v -0.01609379 -0.03300829 0.08280759
v -0.02135579 -0.03300829 0.08160906
v -0.02481654 -0.03300829 0.08062411
v -0.03159638 -0.03300829 0.07821622
v -0.03490314 -0.03300829 0.07679765
v -0.03814638 -0.03300829 0.07523936
v -0.04287932 -0.03300829 0.07264622
v -0.04743675 -0.03300829 0.06975573
v 0.04092221 -0.03417033 0.07283577
v 0.03293697 -0.03417033 0.07677781
v 0.02115008 -0.03417033 0.08082295
v -0.02796020 -0.03417033 0.07872676
v -0.05252609 -0.03356862 0.06552775
v 0.04801558 -0.03508453 0.06746631
v 0.04360335 -0.03508453 0.07039849
v 0.03901266 -0.03508453 0.07304253
v 0.03426230 -0.03508453 0.07538763
v 0.02771379 -0.03508453 0.07803297
v 0.02436090 -0.03508453 0.07914383
v 0.01925039 -0.03508453 0.08053957
v 0.01579831 -0.03508453 0.08128723
v 0.01231748 -0.03508453 0.08188699
v 0.00881424 -0.03508453 0.08233777
v 0.00529497 -0.03508453 0.08263875
v 0.00000000 -0.03508453 0.08280821
v -0.00529497 -0.03508453 0.08263875
v -0.00881424 -0.03508453 0.08233777
v -0.01231748 -0.03508453 0.08188699
v -0.01579831 -0.03508453 0.08128723
v -0.01925039 -0.03508453 0.08053957
v -0.02436090 -0.03508453 0.07914383
v -0.02937171 -0.03508453 0.07742417
v -0.03426230 -0.03508453 0.07538763
v -0.03744600 -0.03508453 0.07385795
v -0.04056158 -0.03508453 0.07219389
v -0.04360335 -0.03508453 0.07039849
v -0.04656580 -0.03508453 0.06847500
v -0.04944352 -0.03508453 0.06642693
v 0.03854585 -0.03615985 0.07216853
v 0.03064513 -0.03615985 0.07586142
v 0.00870877 -0.03615985 0.08135254
v -0.04158838 -0.03615985 0.07045911
v 0.04280034 -0.03668052 0.06910201
v 0.03363132 -0.03668052 0.07399927
v 0.02057762 -0.03668052 0.07863536
v 0.01720553 -0.03668052 0.07944135
v 0.00000000 -0.03668052 0.08128320
v -0.00346628 -0.03668052 0.08120925
v -0.00692626 -0.03668052 0.08098756
v -0.01380214 -0.03668052 0.08010280
v -0.01720553 -0.03668052 0.07944135
v -0.03204548 -0.03668052 0.07469970
v -0.04426436 -0.03668052 0.06817348
v 0.04680613 -0.03719008 0.06576692
v 0.02863187 -0.03719008 0.07547395
v 0.02538728 -0.03719008 0.07662629
v 0.01370691 -0.03719008 0.07955012
v 0.00344237 -0.03719008 0.08064894
v -0.02043564 -0.03719008 0.07809281
v -0.02538728 -0.03719008 0.07662629
v -0.03495898 -0.03719008 0.07275968
v -0.04680613 -0.03719008 0.06576692
v 0.04920697 -0.03768862 0.06324684
v 0.04073282 -0.03768862 0.06900961
v 0.03623681 -0.03768862 0.07147295
v 0.02193548 -0.03768862 0.07707349
v 0.01696232 -0.03768862 0.07831838
v 0.00852962 -0.03768862 0.07967895
v -0.01022700 -0.03768862 0.07947891
v -0.03775288 -0.03768862 0.07068387
v 0.03290092 -0.03817620 0.07239217
v -0.01683186 -0.03817620 0.07771605
v -0.02661261 -0.03817620 0.07493240
v -0.02978386 -0.03817620 0.07372936
v -0.04610773 -0.03817620 0.06478560
v 0.04573362 -0.03865284 0.06425994
v 0.04009159 -0.03865284 0.06792325
v 0.02797580 -0.03865284 0.07374454
v 0.00672086 -0.03865284 0.07858583
v 0.00000000 -0.03865284 0.07887270
v -0.00672086 -0.03865284 0.07858583
v -0.01173209 -0.03865284 0.07799526
v -0.01996738 -0.03865284 0.07630339
v -0.04009159 -0.03865284 0.06792325
v 0.03684059 -0.03911851 0.06897580
v 0.01491872 -0.03911851 0.07676145
v -0.03386563 -0.03911851 0.07048410
v 0.04357643 -0.03957314 0.06407913
v 0.03206277 -0.03957314 0.07054798
v 0.02593466 -0.03957314 0.07302351
v 0.01961789 -0.03957314 0.07496785
v 0.00330462 -0.03957314 0.07742169
v -0.00330462 -0.03957314 0.07742169
v -0.01961789 -0.03957314 0.07496785
v -0.02279701 -0.03957314 0.07406306
v -0.02902512 -0.03957314 0.07185111
v -0.03795766 -0.03957314 0.06755928
v -0.04080416 -0.03957314 0.06587913
v -0.04493314 -0.03957314 0.06313519
v 0.04841328 -0.04001663 0.05956086
v 0.03901519 -0.04001663 0.06609960
v 0.01624705 -0.04001663 0.07501584
v 0.00979574 -0.04001663 0.07612742
v -0.01303325 -0.04001663 0.07564044
v -0.04841328 -0.04001663 0.05956086
v 0.03290753 -0.04044881 0.06849003
v 0.00485870 -0.04044881 0.07582996
v -0.00162055 -0.04044881 0.07596818
v -0.00808802 -0.04044881 0.07555378
v -0.02079983 -0.04044881 0.07308321
v -0.02543039 -0.04044881 0.07160366
v 0.04489023 -0.04086952 0.06030963
v 0.04227752 -0.04086952 0.06216909
v 0.02666685 -0.04086952 0.07029412
v -0.01591414 -0.04086952 0.07347873
v -0.03399757 -0.04086952 0.06705631
v -0.03958789 -0.04086952 0.06391544
v -0.04227752 -0.04086952 0.06216909
v -0.04616625 -0.04086952 0.05933853
v -0.05036304 -0.04060543 0.05650661
v 0.03502532 -0.04127852 0.06557713
v 0.02931001 -0.04127852 0.06832317
v 0.01728288 -0.04127852 0.07230791
v 0.00948812 -0.04127852 0.07373675
v -0.00317039 -0.04127852 0.07427706
v -0.00948812 -0.04127852 0.07373675
v -0.02636974 -0.04127852 0.06951093
v 0.04260175 -0.04167555 0.05985937
v 0.03868700 -0.04167555 0.06246094
v 0.02606000 -0.04167555 0.06869446
v 0.00313316 -0.04167555 0.07340461
v -0.00626061 -0.04167555 0.07320422
v -0.01860000 -0.04167555 0.07107808
v -0.02161417 -0.04167555 0.07022023
v -0.04001031 -0.04167555 0.06162165
v 0.04576820 -0.04206031 0.05630673
v 0.03002269 -0.04206031 0.06605917
v 0.01535938 -0.04206031 0.07091732
v -0.02717832 -0.04206031 0.06727938
v -0.03281244 -0.04206031 0.06471878
v -0.03554250 -0.04206031 0.06326063
v -0.04332539 -0.04206031 0.05820727
v 0.03640183 -0.04243249 0.06167205
v 0.02252262 -0.04243249 0.06797990
v 0.00913960 -0.04243249 0.07102819
v -0.00305394 -0.04243249 0.07154865
v -0.01366262 -0.04243249 0.07029842
v 0.04570676 -0.04279172 0.05384308
v 0.04095247 -0.04279172 0.05754199
v 0.03058695 -0.04279172 0.06366023
v 0.01933306 -0.04279172 0.06792951
v 0.01347437 -0.04279172 0.06932984
v 0.00451608 -0.04279172 0.07048256
v -0.03846137 -0.04279172 0.05923605
v -0.04336907 -0.04279172 0.05574325
v 0.02606915 -0.04313762 0.06453366
v -0.00148437 -0.04313762 0.06958441
v -0.00740837 -0.04313762 0.06920484
v -0.01761997 -0.04313762 0.06733298
v -0.02329343 -0.04313762 0.06558666
v -0.02743954 -0.04313762 0.06396300
v -0.03147334 -0.04313762 0.06207755
v -0.04504223 -0.04313762 0.05306026
v 0.03973768 -0.04346975 0.05583509
v 0.03608612 -0.04346975 0.05826176
v 0.03228687 -0.04346975 0.06044997
v 0.01734954 -0.04346975 0.06629958
v 0.01163695 -0.04346975 0.06753682
v -0.01163695 -0.04346975 0.06753682
v 0.04140050 -0.04378768 0.05321300
v 0.02391402 -0.04378768 0.06303765
v 0.00574507 -0.04378768 0.06717604
v -0.02120406 -0.04378768 0.06400011
v -0.03302465 -0.04378768 0.05877923
v 0.02996587 -0.04409094 0.05910424
v 0.00141328 -0.04409094 0.06625154
v -0.01677603 -0.04409094 0.06410795
v -0.03956679 -0.04409094 0.05315763
v -0.04288485 -0.04409094 0.05051884
v 0.03543342 -0.04437903 0.05457257
v -0.00138769 -0.04437903 0.06505203
v -0.00692582 -0.04437903 0.06469718
v -0.02565226 -0.04437903 0.05979677
v -0.03307397 -0.04437903 0.05603397
v 0.04333915 -0.04465142 0.04684854
v 0.03700579 -0.04465142 0.05199653
v 0.03126096 -0.04465142 0.05564009
v 0.02390435 -0.04465142 0.05917474
v 0.01615679 -0.04465142 0.06174160
v 0.01083694 -0.04465142 0.06289379
v -0.01350915 -0.04465142 0.06237444
v -0.02135912 -0.04465142 0.06014030
v -0.03475475 -0.04465142 0.05352733
v -0.04432844 -0.04465142 0.04591358
v 0.00399811 -0.04490760 0.06239858
v -0.00399811 -0.04490760 0.06239858
v -0.00930064 -0.04490760 0.06183094
v -0.04046443 -0.04490760 0.04766756
v 0.03331855 -0.04514698 0.05131537
v 0.02291653 -0.04514698 0.05672941
v 0.00780842 -0.04514698 0.06068296
v -0.01295090 -0.04514698 0.05979688
v -0.01924221 -0.04514698 0.05807866
v -0.02649705 -0.04514698 0.05514798
v -0.02996913 -0.04514698 0.05334083
v 0.03965639 -0.04536901 0.04474531
v 0.02000999 -0.04536901 0.05634157
v -0.00509474 -0.04536901 0.05957194
v -0.03569935 -0.04536901 0.04796175
v -0.04060166 -0.04536901 0.04388938
v 0.00867842 -0.04557309 0.05769439
v 0.00248803 -0.04557309 0.05829037
v -0.01477020 -0.04557309 0.05644288
v -0.02069416 -0.04557309 0.05455006
v -0.03072123 -0.04557309 0.04960003
v 0.03948257 -0.04575863 0.04089443
v 0.03585429 -0.04575863 0.04411006
v 0.02993162 -0.04575863 0.04832520
v 0.02461777 -0.04575863 0.05123664
v -0.00845536 -0.04575863 0.05621151
v -0.03394062 -0.04575863 0.04559892
v -0.03948257 -0.04575863 0.04089443
v 0.03487364 -0.04592499 0.04290360
v 0.01513454 -0.04592499 0.05317740
v 0.00117916 -0.04592499 0.05527657
v -0.02500184 -0.04592499 0.04931326
v 0.02324651 -0.04607157 0.04838266
v 0.00343228 -0.04607157 0.05356773
v -0.01579112 -0.04607157 0.05130227
v 0.03193553 -0.04619773 0.04104745
v -0.00221783 -0.04619773 0.05196011
v -0.00773595 -0.04619773 0.05142885
v -0.03015603 -0.04619773 0.04237199
v -0.03768594 -0.04619773 0.03584050
v 0.01581210 -0.04630284 0.04772560
v -0.01581210 -0.04630284 0.04772560
v -0.03787628 -0.04630284 0.03306271
v 0.03292417 -0.04638625 0.03559020
v 0.02726396 -0.04638625 0.04009164
v 0.02099714 -0.04638625 0.04370107
v 0.00721180 -0.04638625 0.04794427
v -0.02284165 -0.04638625 0.04276590
v -0.03137649 -0.04638625 0.03696186
v -0.00397304 -0.04644732 0.04645611
v 0.03172670 -0.04648541 0.03148869
v -0.01496007 -0.04648541 0.04212265
v -0.03035502 -0.04648541 0.03281302
v 0.02092719 -0.04649985 0.03724745
v 0.00545255 -0.04649985 0.04237439
v -0.02092719 -0.04649985 0.03724745
v 0.03844532 -0.04650000 0.01811649
v 0.00986015 -0.04650000 0.00088743
v 0.00986015 -0.07250000 0.00088743
v 0.00954323 -0.04650000 0.00263376
v 0.00954323 -0.07250000 0.00263376
v 0.00891959 -0.04650000 0.00429545
v 0.00891959 -0.07250000 0.00429545
v 0.00800927 -0.04650000 0.00581907
v 0.00800927 -0.07250000 0.00581907
v 0.00745541 -0.04650000 0.00651359
v 0.00745541 -0.07250000 0.00651359
v 0.00617255 -0.04650000 0.00774013
v 0.00617255 -0.07250000 0.00774013
v 0.00469130 -0.04650000 0.00871790
v 0.00469130 -0.07250000 0.00871790
v 0.00305927 -0.04650000 0.00941546
v 0.00305927 -0.07250000 0.00941546
v 0.00132891 -0.04650000 0.00981040
v 0.00132891 -0.07250000 0.00981040
v 0.00044416 -0.07250000 0.00989003
v -0.00044416 -0.04650000 0.00989003
v -0.00132891 -0.04650000 0.00981040
v -0.00132891 -0.07250000 0.00981040
v -0.00305927 -0.04650000 0.00941546
v -0.00305927 -0.07250000 0.00941546
v -0.00469130 -0.04650000 0.00871790
v -0.00469130 -0.07250000 0.00871790
v -0.00617255 -0.04650000 0.00774013
v -0.00617255 -0.07250000 0.00774013
v -0.00745541 -0.04650000 0.00651359
v -0.00745541 -0.07250000 0.00651359
v -0.00800927 -0.04650000 0.00581907
v -0.00800927 -0.07250000 0.00581907
v -0.00891959 -0.04650000 0.00429545
v -0.00891959 -0.07250000 0.00429545
v -0.00954323 -0.04650000 0.00263376
v -0.00954323 -0.07250000 0.00263376
v -0.00986015 -0.04650000 0.00088743
v -0.00986015 -0.07250000 0.00088743
v -0.00986015 -0.04650000 -0.00088743
v -0.00986015 -0.07250000 -0.00088743
v -0.00954323 -0.04650000 -0.00263376
v -0.00954323 -0.07250000 -0.00263376
v -0.00891959 -0.04650000 -0.00429545
v -0.00891959 -0.07250000 -0.00429545
v -0.00800927 -0.04650000 -0.00581907
v -0.00800927 -0.07250000 -0.00581907
v -0.00745541 -0.04650000 -0.00651359
v -0.00745541 -0.07250000 -0.00651359
v -0.00617255 -0.04650000 -0.00774013
v -0.00617255 -0.07250000 -0.00774013
v -0.00469130 -0.04650000 -0.00871790
v -0.00469130 -0.07250000 -0.00871790
v -0.00305927 -0.04650000 -0.00941546
v -0.00305927 -0.07250000 -0.00941546
v -0.00132891 -0.04650000 -0.00981040
v -0.00132891 -0.07250000 -0.00981040
v -0.00044416 -0.04650000 -0.00989003
v -0.00044416 -0.07250000 -0.00989003
v 0.00132891 -0.04650000 -0.00981040
v 0.00132891 -0.07250000 -0.00981040
v 0.00305927 -0.04650000 -0.00941546
v 0.00305927 -0.07250000 -0.00941546
v 0.00469130 -0.04650000 -0.00871790
v 0.00469130 -0.07250000 -0.00871790
v 0.00617255 -0.04650000 -0.00774013
v 0.00617255 -0.07250000 -0.00774013
v 0.00745541 -0.04650000 -0.00651359
v 0.00745541 -0.07250000 -0.00651359
v 0.00800927 -0.04650000 -0.00581907
v 0.00800927 -0.07250000 -0.00581907
v 0.00891959 -0.04650000 -0.00429545
v 0.00891959 -0.07250000 -0.00429545
v 0.00954323 -0.04650000 -0.00263376
v 0.00954323 -0.07250000 -0.00263376
v 0.00986015 -0.04650000 -0.00088743
v 0.00986015 -0.07250000 -0.00088743
v -0.01133640 -0.04650000 -0.02300000
v 0.01133640 -0.04650000 -0.02300000
v -0.03809934 -0.04650000 0.01702272
v -0.03059585 -0.04650000 -0.00840640
v -0.01903270 -0.04650000 -0.02146057
v -0.01305633 -0.04650000 -0.02292594
v -0.02963706 -0.04650000 -0.01107631
v -0.01641147 -0.04650000 -0.02234567
v -0.03322823 -0.04650000 0.00110838
v -0.02631597 -0.04650000 -0.01625548
v -0.02108184 -0.04650000 -0.02046618
v -0.02804005 -0.04650000 -0.01400482
v -0.02471174 -0.04650000 -0.01787201
v 0.03728092 -0.04650000 0.01442350
v -0.02299691 -0.04650000 -0.01925087
v 0.03038591 -0.04650000 -0.00910479
v 0.01940559 -0.04650000 -0.02130072
v 0.02415892 -0.04650000 -0.01835100
v 0.03235162 -0.04650000 -0.00194055
v 0.01681214 -0.04650000 -0.02223615
v 0.02657547 -0.04650000 -0.01595644
v 0.02880196 -0.04650000 -0.01275104
v 0.01346089 -0.04650000 -0.02288689
v 0.02142774 -0.04650000 -0.02026872
v 0.02581473 -0.04650000 -0.01680098
v 0.03622218 -0.04911761 0.01127208
v 0.03201646 -0.05556085 -0.00167889
v 0.03012918 0.02279030 0.10046496
v 0.03324276 0.01905166 0.08637916
v 0.05498850 -0.02027305 0.07767721
v 0.05489391 -0.02097404 0.07669450
v 0.05326550 -0.01824285 0.07191725
v 0.05141507 -0.04844040 0.05463328
v 0.04269439 -0.05517408 0.03055778
v 0.03960068 -0.05347241 0.02201636
v 0.03054536 -0.05593988 -0.00746449
v 0.03123834 -0.07499544 0.00186615
v 0.03579784 -0.07248805 0.01637967
v 0.03740818 -0.07122993 0.02012370
v 0.05494990 -0.02734870 0.07376675
v 0.03033791 -0.07129426 -0.00420526
v 0.03105868 -0.06553430 -0.00277061
v 0.03281123 -0.06784361 0.00520343
v 0.03342197 -0.05941326 0.00442269
v 0.03158828 -0.07090140 0.00162701
v 0.03364705 -0.06766618 0.00806817
v 0.03292268 -0.07431483 0.00828130
v 0.03566195 -0.05620034 0.01084210
v 0.03832385 -0.05226224 0.01815073
v 0.03659942 -0.06160800 0.01509740
v 0.03838606 -0.05994956 0.01966012
v 0.03550360 -0.06733287 0.01374367
v 0.03895947 -0.06266684 0.02174986
v 0.03416518 -0.07170704 0.01133681
v 0.03652003 -0.06717717 0.01655301
v 0.04040509 -0.06388962 0.02555124
v 0.04158626 -0.06375616 0.02829655
v 0.04128495 -0.05816790 0.02699886
v 0.04024603 -0.04985962 0.02370312
v 0.04334645 -0.05367932 0.03235957
v 0.04440005 -0.05355106 0.03515325
v 0.04429571 -0.05852051 0.03441253
v 0.04708232 -0.05465767 0.04165857
v 0.04546122 -0.05839029 0.03715989
v 0.04656785 -0.04759983 0.04254895
v 0.04933089 -0.05154449 0.04809979
v 0.04216094 -0.04958697 0.02937795
v 0.04658614 -0.05044663 0.04162019
v 0.04409935 -0.04933093 0.03503737
v 0.04919624 -0.04870770 0.04907774
v 0.05198048 -0.01082294 0.07717912
v 0.05050768 -0.00820943 0.07542488
v 0.05075512 -0.00700495 0.08043062
v 0.05251593 -0.01479897 0.07254244
v 0.05216996 -0.01278067 0.07411655
v 0.05337616 -0.01965334 0.07140921
v 0.05368247 -0.01481962 0.07838807
v 0.05343444 -0.01615310 0.07490145
v 0.05397171 -0.02317031 0.07237870
v 0.05336561 -0.03324337 0.06768224
v 0.05442048 -0.02312816 0.07379788
v 0.05245690 -0.04119275 0.06140532
v 0.03925703 0.01147010 0.08339638
v 0.03306078 0.01961948 0.09447736
v 0.03527801 0.01679493 0.08807621
v 0.03732244 0.01454155 0.08976971
v 0.04947505 -0.00567306 0.07661834
v 0.04834056 -0.00318461 0.07782812
v 0.04820270 -0.00201850 0.08138811
v 0.04690851 0.00093160 0.08514791
v 0.03241300 -0.05824982 0.00047211
v 0.03182719 -0.05978032 -0.00133098
v 0.03321020 -0.05250432 0.00193486
v 0.03469654 -0.05080445 0.00660487
v 0.03518758 -0.05350106 0.00871959
v 0.03456571 -0.07478024 0.01405740
v 0.03258486 -0.07965488 0.01589580
v 0.03171062 -0.07955851 0.03527639
v 0.05358319 -0.04841104 0.05968925
v 0.04793382 -0.06087549 0.06972380
v 0.04653330 -0.06284007 0.06752490
v 0.04549458 -0.06464825 0.06450193
v 0.04369331 -0.06758442 0.05935245
v 0.04004990 -0.07145686 0.05297012
v 0.03814890 -0.07436686 0.04653789
v 0.03553163 -0.07626852 0.04316365
v 0.03440849 -0.07729177 0.04085527
v 0.04769056 -0.06215028 0.06763716
v 0.04636145 -0.06437928 0.06408371
v 0.04453903 -0.06734239 0.05892223
v 0.04068396 -0.07229370 0.04985445
v 0.03771137 -0.07539757 0.04357298
v 0.04312638 -0.07005297 0.05310418
v 0.03969455 -0.07394714 0.04564003
v 0.05042567 -0.05935310 0.06873006
v 0.04955825 -0.06097460 0.06716735
v 0.04883399 -0.06212980 0.06570945
v 0.04507796 -0.06816392 0.05539893
v 0.04220388 -0.07172617 0.04892350
v 0.04958133 -0.06166771 0.06521843
v 0.04710376 -0.06588694 0.05812771
v 0.03857864 -0.07574710 0.03962957
v 0.05133867 -0.05921704 0.06688599
v 0.04648735 -0.06729764 0.05439903
v 0.04358387 -0.07093496 0.04793937
v 0.04052852 -0.07415655 0.04168118
v 0.05154493 -0.05943149 0.06559487
v 0.05091958 -0.06057762 0.06418534
v 0.04843337 -0.06486750 0.05710594
v 0.04770699 -0.06621975 0.05335632
v 0.04479538 -0.06993645 0.04692244
v 0.04236644 -0.07258767 0.04194637
v 0.03975645 -0.07505862 0.03691408
v 0.05318053 -0.05665525 0.06590009
v 0.05258091 -0.05817282 0.06447086
v 0.05202312 -0.05928866 0.06310493
v 0.04954801 -0.06364757 0.05604740
v 0.04870991 -0.06495408 0.05229386
v 0.04339058 -0.07145893 0.04094471
v 0.05042228 -0.06225495 0.05497622
v 0.04551540 -0.06896318 0.04385448
v 0.05364220 -0.05601277 0.06273633
v 0.05237027 -0.05863854 0.05898150
v 0.04947395 -0.06352861 0.05123514
v 0.04421765 -0.07016764 0.03995739
v 0.05342657 -0.05624155 0.06090619
v 0.05103625 -0.06072139 0.05391679
v 0.04621594 -0.06756133 0.04285908
v 0.05409634 -0.05414404 0.06188917
v 0.05208905 -0.05839057 0.05576291
v 0.04998221 -0.06197486 0.05020356
v 0.04647977 -0.06681329 0.04237572
v 0.04483135 -0.06873922 0.03900385
v 0.04228587 -0.07137427 0.03410225
v 0.05292094 -0.05615722 0.05740260
v 0.05396487 -0.05308186 0.06015429
v 0.05144025 -0.05823389 0.05240231
v 0.04879821 -0.06253767 0.04582463
v 0.04639653 -0.06578685 0.04053099
v 0.04399098 -0.06857597 0.03567052
v 0.05223662 -0.05582535 0.05427693
v 0.05049718 -0.05904593 0.04940933
v 0.04914055 -0.06125435 0.04606401
v 0.05375206 -0.05137538 0.05913924
v 0.04537482 -0.06558559 0.03727216
v 0.04296289 -0.06831931 0.03246033
v 0.05179257 -0.05445386 0.05281615
v 0.04956571 -0.05864917 0.04656789
v 0.04785424 -0.06137959 0.04240600
v 0.04536387 -0.06475786 0.03688833
v 0.04299600 -0.06751183 0.03209715
v 0.05221656 -0.05213417 0.05458332
v 0.04988955 -0.05689706 0.04749379
v 0.04859665 -0.05915254 0.04413835
v 0.04584728 -0.06320039 0.03772425
v 0.04356495 -0.06602419 0.03294434
v 0.04056806 -0.07398339 0.03423052
v 0.03962446 -0.07512968 0.03517065
v 0.04161756 -0.07036724 0.03043445
v 0.04145768 -0.07113159 0.03082332
v 0.03593091 -0.07798736 0.03446380
v 0.03456620 -0.07856470 0.03535716
v 0.03708741 -0.07728674 0.03180087
v 0.03871483 -0.07494426 0.02835246
v 0.03792421 -0.07619739 0.02919427
v 0.03696550 -0.07730601 0.03006370
v 0.03043400 -0.08055701 0.03253968
v 0.03332108 -0.07997811 0.02914411
v 0.03265974 -0.08028840 0.02955928
v 0.03126827 -0.08076245 0.03037179
v 0.03400668 -0.07961798 0.02713229
v 0.03777542 -0.07242393 0.02164745
v 0.03656961 -0.07465030 0.02023462
v 0.03059370 -0.08174846 0.02490577
v 0.02921087 -0.08223525 0.02564755
v 0.02849265 -0.08240615 0.02600878
v 0.03262539 -0.08052438 0.02235194
v 0.03450450 -0.07764534 0.01824066
v 0.02748635 -0.08339924 0.02122216
v 0.02818648 -0.08316978 0.02089075
v 0.02952735 -0.08257294 0.02021689
v 0.02526304 -0.08422985 0.01964097
v 0.02634973 -0.08431387 0.01549013
v 0.02550181 -0.08486874 0.00989595
v 0.02371376 -0.08569633 0.00580654
v 0.02770028 -0.08367585 0.01254524
v 0.02388455 -0.08552726 -0.00007303
v 0.02717064 -0.08384477 0.00814812
v 0.03009383 -0.08195021 0.01377154
v 0.03029856 -0.08159699 0.01249293
v 0.02427954 -0.08513921 0.01387221
v 0.02205932 -0.08609154 0.00862945
v 0.02198512 -0.08629347 0.00509416
v 0.01964690 -0.08701298 -0.00159476
v 0.02195430 -0.08637986 0.00154352
v 0.02936971 -0.08175251 0.00727421
v 0.02976622 -0.08072763 0.00489358
v 0.02866828 -0.08114284 -0.00018640
v 0.03267396 -0.07879049 0.01339280
v 0.02983896 -0.07961888 0.00158512
v 0.03362947 -0.07721039 0.01383375
v 0.03207442 -0.07748452 0.00801961
v 0.03043859 -0.07745178 0.00022528
v 0.03219748 -0.07610877 0.00676192
v 0.03023161 -0.07675610 -0.00186294
v 0.00000000 -0.07579402 0.05848806
v 0.00236724 -0.07699115 0.05518889
v 0.00906102 -0.06420105 0.08248962
v 0.00971265 -0.06063862 0.08795737
v 0.01609988 -0.07836144 0.04843239
v 0.01041955 -0.08838499 -0.00595389
v 0.01290428 -0.08786826 0.00567154
v 0.01355563 -0.08728153 0.01168465
v 0.01218571 -0.08706844 0.01480309
v 0.01471271 -0.08569910 0.02158768
v 0.01288703 -0.08588392 0.02171795
v 0.01536511 -0.08459326 0.02673179
v 0.01582386 -0.08374817 0.03019072
v 0.01679131 -0.08181468 0.03714036
v 0.00586126 -0.08869738 -0.00947543
v 0.00000000 -0.08100362 0.04347524
v 0.01264750 -0.08193646 0.03834228
v 0.00833311 -0.08251774 0.03750971
v 0.00417795 -0.08244572 0.03844095
v 0.00205895 -0.08295637 0.03680087
v 0.01190614 -0.08398081 0.03096162
v 0.00606865 -0.08359910 0.03400574
v 0.01155511 -0.08487405 0.02729180
v 0.00772092 -0.08504125 0.02781582
v 0.00193524 -0.08507818 0.02853178
v 0.00184936 -0.08640297 0.02241967
v 0.00738341 -0.08627014 0.02208628
v 0.00717258 -0.08696464 0.01830629
v 0.00359005 -0.08711808 0.01836317
v 0.00179579 -0.08715326 0.01839020
v 0.00697405 -0.08754478 0.01464615
v 0.00000000 -0.08799984 0.01310985
v 0.00678827 -0.08800143 0.01119864
v 0.00339599 -0.08820699 0.01097599
v 0.00991868 -0.08803108 0.00827215
v 0.00661544 -0.08834968 0.00793045
v 0.00645574 -0.08860389 0.00480434
v 0.00000000 -0.08906021 0.00270674
v 0.00946331 -0.08845326 0.00227313
v 0.00468095 -0.08895498 0.00008263
v 0.00000000 -0.08864154 0.00781954
v 0.00000000 -0.08925316 -0.00210723
v 0.00764448 -0.08873719 -0.00229738
v 0.00305736 -0.08911173 -0.00305644
v 0.00600314 -0.08886005 -0.00536682
v 0.00000000 -0.08922821 -0.00677138
v 0.02002550 -0.06718630 0.07396764
v 0.01724825 -0.06697080 0.07532264
v 0.01955693 -0.06431272 0.07968649
v 0.02244115 -0.06451274 0.07831549
v 0.01970112 -0.07513151 0.05588860
v 0.02053285 -0.07306573 0.06072844
v 0.01981813 -0.07157840 0.06452949
v 0.01632583 -0.07427379 0.05931756
v 0.01552483 -0.07276756 0.06323639
v 0.01638675 -0.06985565 0.06957724
v 0.01564219 -0.07635540 0.05417667
v 0.01371053 -0.06964207 0.07081465
v 0.01497795 -0.06466451 0.08037840
v 0.01285664 -0.06733985 0.07580328
v 0.01088590 -0.08078749 0.04269488
v 0.01100854 -0.06941272 0.07196909
v 0.01232248 -0.06314003 0.08367756
v 0.01289361 -0.06077414 0.08723412
v 0.01029505 -0.06567880 0.07958385
v 0.00850680 -0.06769127 0.07602797
v 0.00583859 -0.06599041 0.07975350
v 0.00318749 -0.06135800 0.08772146
v 0.00000000 -0.06112383 0.08820853
v 0.00774738 -0.06281468 0.08503040
v 0.00311433 -0.06247444 0.08610351
v 0.00300280 -0.06435293 0.08303910
v 0.00000000 -0.06336291 0.08491675
v 0.00828363 -0.06916759 0.07303926
v 0.00000000 -0.06653966 0.07928219
v 0.00277650 -0.06862985 0.07492152
v 0.01137796 -0.07396507 0.06150525
v 0.01042049 -0.07239223 0.06547775
v 0.00553866 -0.06890664 0.07402384
v 0.00655557 -0.08068733 0.04394301
v 0.00676004 -0.07939129 0.04788158
v 0.01563145 -0.07960206 0.04489734
v 0.01156282 -0.07824686 0.05018380
v 0.00523912 -0.07193945 0.06744391
v 0.01089375 -0.07612765 0.05614432
v 0.00608167 -0.07580730 0.05791041
v 0.00635570 -0.07357251 0.06344926
v 0.00000000 -0.07040445 0.07136008
v 0.00000000 -0.07175562 0.06833853
v 0.00696908 -0.07803230 0.05177440
v 0.00222592 -0.07981251 0.04712552
v 0.00465493 -0.07788741 0.05250782
v 0.04479218 -0.06161619 0.07128154
v 0.04223766 -0.06152084 0.07339367
v 0.04285984 -0.06288360 0.07045361
v 0.03960200 -0.06142385 0.07538702
v 0.03734888 -0.06020198 0.07862781
v 0.04029318 -0.06275309 0.07254777
v 0.03827855 -0.06624633 0.06661240
v 0.03410525 -0.06122496 0.07900856
v 0.03415670 -0.06884382 0.06355654
v 0.03573632 -0.06609264 0.06861377
v 0.03630275 -0.06255121 0.07547387
v 0.02385638 -0.06086110 0.08412886
v 0.02786970 -0.06212534 0.08052564
v 0.01914405 -0.06103854 0.08537393
v 0.02345615 -0.06190132 0.08263715
v 0.02638179 -0.06548683 0.07483523
v 0.01720948 -0.06219533 0.08408276
v 0.02767434 -0.08011534 0.03660670
v 0.03093044 -0.07848378 0.03976933
v 0.02475154 -0.08339705 0.02518184
v 0.02617049 -0.08188403 0.03090603
v 0.03522091 -0.07288948 0.05299043
v 0.03045310 -0.07646004 0.04646647
v 0.02748812 -0.07765721 0.04485449
v 0.03348557 -0.07526835 0.04775815
v 0.03313302 -0.06593034 0.07051714
v 0.03355514 -0.06241253 0.07727813
v 0.02980312 -0.06107149 0.08139655
v 0.02745838 -0.07402063 0.05502122
v 0.02557989 -0.07528249 0.05272677
v 0.02908589 -0.06854435 0.06714980
v 0.03115394 -0.06437889 0.07473907
v 0.02576265 -0.07261235 0.05945631
v 0.02268655 -0.07386789 0.05782362
v 0.02515892 -0.06828636 0.06961810
v 0.04283876 -0.06507497 0.06581827
v 0.03057244 -0.07278740 0.05635041
v 0.03901519 -0.06909257 0.05962898
v 0.02901859 -0.07530857 0.05067299
v 0.03209226 -0.07409364 0.05198700
v 0.01794015 -0.08695075 0.00778896
v 0.02054841 -0.08595666 0.01364896
v 0.01935028 -0.08582146 0.01654359
v 0.02166182 -0.08497445 0.01953762
v 0.02043953 -0.08465717 0.02272324
v 0.02102385 -0.08396000 0.02582679
v 0.02422306 -0.08212692 0.03148986
v 0.01529248 -0.08774616 -0.00090278
v 0.01560152 -0.08763636 0.00190048
v 0.01524279 -0.08703750 0.01181433
v 0.01607773 -0.08609860 0.01814833
v 0.01751216 -0.08401009 0.02811052
v 0.01803206 -0.08314895 0.03146464
v 0.02088499 -0.08158306 0.03585126
v 0.01998109 -0.07955156 0.04320513
v 0.02212948 -0.07948750 0.04231090
v 0.02309649 -0.07775477 0.04710742
v 0.02324040 -0.06961190 0.06758171
v 0.00000000 -0.07832478 0.05158896
v -0.02643659 -0.07124828 0.06238023
v -0.00439481 -0.08880138 -0.00974520
v -0.02069387 -0.08667622 0.00302143
v -0.02526304 -0.08422985 0.01964097
v -0.03553163 -0.07626852 0.04316365
v -0.03972615 -0.07184488 0.05222829
v -0.04304820 -0.06741863 0.06037195
v -0.04442757 -0.06515490 0.06436396
v -0.04563316 -0.06305675 0.06791632
v -0.04712320 -0.06108568 0.07017761
v -0.02509249 -0.08304851 0.02659443
v -0.02728706 -0.08058582 0.03516835
v -0.00187685 -0.08599430 0.02441551
v -0.00196482 -0.08459136 0.03056210
v -0.00308748 -0.08909737 -0.00164518
v -0.00322773 -0.08883609 0.00437608
v -0.00330811 -0.08857320 0.00757859
v -0.00339521 -0.08821061 0.01094599
v -0.00348895 -0.08773284 0.01451843
v -0.00369585 -0.08639287 0.02228247
v -0.00205854 -0.08296368 0.03677466
v -0.00212386 -0.08176523 0.04092196
v -0.01798561 -0.07644040 0.05310453
v -0.01200818 -0.08821947 -0.00431169
v -0.01103758 -0.08826308 0.00249428
v -0.01129062 -0.08808846 0.00541850
v -0.01156615 -0.08783781 0.00842256
v -0.01186374 -0.08750328 0.01153072
v -0.01235056 -0.08681646 0.01646030
v -0.01470953 -0.08570419 0.02156181
v -0.01326405 -0.08515491 0.02521680
v -0.01407502 -0.08341800 0.03234918
v -0.01494487 -0.08135001 0.03952378
v -0.01539831 -0.08020561 0.04309905
v -0.01860849 -0.07776150 0.04918464
v -0.00913198 -0.07883174 0.04908000
v -0.00757088 -0.08873924 -0.00373730
v -0.00926337 -0.08855276 -0.00063950
v -0.00859409 -0.08765423 0.01295420
v -0.00883288 -0.08714955 0.01643324
v -0.00949578 -0.08540126 0.02565815
v -0.01008575 -0.08356853 0.03319553
v -0.01071968 -0.08138774 0.04078233
v -0.01105050 -0.08018317 0.04455955
v -0.00642586 -0.06101682 0.08788045
v -0.01274749 -0.06135032 0.08643983
v -0.01893043 -0.06167053 0.08446196
v -0.02068003 -0.06110374 0.08482359
v -0.00471906 -0.06200908 0.08665496
v -0.01746164 -0.06626769 0.07664452
v -0.01016579 -0.06638312 0.07827553
v -0.00438520 -0.06585728 0.08018769
v -0.01479798 -0.06534743 0.07916334
v -0.00895056 -0.06487089 0.08132034
v -0.00300268 -0.06435508 0.08303539
v -0.01638558 -0.06985959 0.06956903
v -0.01370955 -0.06964605 0.07080635
v -0.00828302 -0.06917163 0.07303089
v -0.00281414 -0.06788667 0.07642924
v -0.02113669 -0.06800275 0.07188049
v -0.01425550 -0.06746095 0.07520310
v -0.00850628 -0.06769470 0.07602120
v -0.00608088 -0.07581366 0.05789405
v -0.00458364 -0.07859468 0.05051189
v -0.00444467 -0.07995059 0.04651579
v -0.00595124 -0.08882213 -0.00677880
v -0.00478490 -0.08882765 0.00303927
v -0.00653246 -0.08849028 0.00632265
v -0.00727487 -0.08663544 0.02016293
v -0.00570809 -0.08553404 0.02607061
v -0.00606744 -0.08360598 0.03397990
v -0.00625768 -0.08250275 0.03796138
v -0.00645411 -0.08131630 0.04193885
v -0.02136907 -0.07095189 0.06535735
v -0.01878448 -0.07077880 0.06673360
v -0.00398985 -0.07105324 0.06960008
v -0.00925971 -0.07154123 0.06767534
v -0.00644732 -0.07282289 0.06521942
v -0.01153978 -0.07323658 0.06322691
v -0.01655417 -0.07356957 0.06097626
v -0.02053094 -0.07307052 0.06071759
v -0.00251328 -0.07399511 0.06288033
v -0.00998255 -0.07461486 0.06022307
v -0.01226333 -0.07549293 0.05744904
v -0.01404321 -0.07766546 0.05111161
v -0.00941106 -0.07747191 0.05286791
v -0.00472551 -0.07718053 0.05444803
v -0.04275101 -0.06028626 0.07487346
v -0.03848202 -0.06084286 0.07701013
v -0.03550599 -0.06127581 0.07814883
v -0.01623745 -0.06025197 0.08721724
v -0.03107461 -0.06154144 0.08005855
v -0.02521608 -0.06129463 0.08297583
v -0.03215638 -0.06234271 0.07813434
v -0.02912067 -0.06567273 0.07318100
v -0.02386629 -0.06461161 0.07758532
v -0.00927928 -0.06292612 0.08460808
v -0.01550953 -0.06271868 0.08365107
v -0.02320413 -0.06253971 0.08162771
v -0.02778657 -0.06846457 0.06798860
v -0.02515759 -0.06828941 0.06961217
v -0.01788759 -0.06488510 0.07915158
v -0.02076069 -0.06509504 0.07781871
v -0.03675162 -0.07508951 0.04570608
v -0.03195816 -0.07840531 0.03920126
v -0.03635256 -0.07290757 0.05210355
v -0.03952439 -0.06632194 0.06557201
v -0.03782001 -0.06903801 0.06063613
v -0.03608814 -0.07164275 0.05556268
v -0.02823827 -0.08218659 0.02752542
v -0.03094483 -0.07408734 0.05275678
v -0.03456835 -0.07025451 0.06000922
v -0.03701414 -0.06617256 0.06762169
v -0.03859296 -0.06339394 0.07239395
v -0.04455344 -0.06212019 0.07060476
v -0.03237890 -0.07529105 0.04849470
v -0.03070827 -0.07752574 0.04305039
v -0.03135027 -0.07147849 0.05911200
v -0.03290622 -0.06877667 0.06448099
v -0.03444098 -0.06601457 0.06957425
v -0.02697683 -0.07266732 0.05869463
v -0.02964354 -0.07000715 0.06356860
v -0.03180859 -0.06584796 0.07142795
v -0.03630235 -0.06255198 0.07547265
v -0.03938422 -0.06189524 0.07474583
v -0.02713283 -0.07652697 0.04840448
v -0.02557713 -0.07528755 0.05271469
v -0.02388911 -0.07391842 0.05713407
v -0.02088811 -0.07517780 0.05527001
v -0.01389573 -0.08794148 0.00018287
v -0.01593884 -0.08747150 0.00469162
v -0.01671204 -0.08694725 0.01044395
v -0.01504721 -0.08721699 0.01027933
v -0.01585577 -0.08637499 0.01648884
v -0.01887023 -0.08457334 0.02450261
v -0.01941947 -0.08381615 0.02772947
v -0.01802862 -0.08315481 0.03144280
v -0.01856652 -0.08221591 0.03480522
v -0.02180966 -0.08004130 0.04068367
v -0.02309343 -0.07776039 0.04709251
v -0.01698400 -0.08743791 0.00076199
v -0.01960780 -0.08556458 0.01805461
v -0.02323768 -0.08094866 0.03671356
v -0.02003558 -0.08633323 0.01078460
v -0.02054396 -0.08596013 0.01362461
v -0.02225906 -0.08437413 0.02250025
v -0.02387768 -0.08254963 0.02997500
v -0.02599503 -0.07980033 0.03892941
v -0.02673350 -0.07875993 0.04189357
v -0.05382409 -0.05507917 0.06616511
v -0.05358319 -0.04841104 0.05968925
v -0.04120603 -0.07092354 0.05328316
v -0.04392500 -0.06723655 0.05996916
v -0.04683253 -0.06243820 0.06806058
v -0.04237836 -0.06734671 0.03057005
v -0.04529388 -0.06392245 0.03652808
v -0.04678696 -0.06191326 0.03982702
v -0.04724405 -0.06014103 0.04095280
v -0.04887039 -0.05869588 0.04482520
v -0.05078558 -0.05517943 0.05003054
v -0.05221656 -0.05213417 0.05458332
v -0.03501792 -0.07378194 0.01475744
v -0.05027336 -0.06051049 0.06666250
v -0.04883399 -0.06212980 0.06570945
v -0.04710376 -0.06588694 0.05812771
v -0.04491503 -0.06893502 0.05284344
v -0.04218388 -0.07217497 0.04688532
v -0.03981104 -0.07427228 0.04391398
v -0.03725935 -0.07689569 0.03706380
v -0.03461229 -0.07901631 0.03182542
v -0.02927816 -0.08262787 0.02163981
v -0.02703411 -0.08402535 0.01520392
v -0.02617325 -0.08452429 0.00965801
v -0.02411901 -0.08544037 0.00104100
v -0.04928538 -0.06060109 0.06843215
v -0.04558946 -0.06668267 0.05908942
v -0.04343574 -0.06966247 0.05381358
v -0.04073897 -0.07284149 0.04784175
v -0.03908461 -0.07456163 0.04438427
v -0.03718433 -0.07634959 0.04056628
v -0.03456620 -0.07856470 0.03535716
v -0.03197452 -0.08055022 0.02996908
v -0.02991216 -0.08201573 0.02527939
v -0.02452642 -0.08531294 0.00905904
v -0.04720528 -0.06287428 0.06662572
v -0.03515366 -0.07769766 0.03842695
v -0.03126827 -0.08076245 0.03037179
v -0.02634201 -0.08413175 0.01794275
v -0.02145451 -0.08655129 -0.00073719
v -0.03246112 -0.07945314 0.03487203
v -0.02849265 -0.08240615 0.02600878
v -0.02459878 -0.08495270 0.01496192
v -0.02337351 -0.08563692 0.01060387
v -0.02225372 -0.08617755 0.00620714
v -0.05343597 -0.05078852 0.05830240
v -0.05265082 -0.05388147 0.05543892
v -0.05179257 -0.05445386 0.05281615
v -0.05091526 -0.05733215 0.05023835
v -0.04822785 -0.06176946 0.04352796
v -0.04651399 -0.06414945 0.03968244
v -0.04177916 -0.06878781 0.02971340
v -0.03766108 -0.07319178 0.02194245
v -0.03312955 -0.07630581 0.01060036
v -0.03129769 -0.07717240 0.00410159
v -0.03102804 -0.07656110 0.00206776
v -0.05396487 -0.05308186 0.06015429
v -0.05024203 -0.05947946 0.04875670
v -0.04472579 -0.06710183 0.03646456
v -0.04273209 -0.06988901 0.03324714
v -0.04224711 -0.06974965 0.03163959
v -0.03533120 -0.07553687 0.01735986
v -0.03267016 -0.07776719 0.01101827
v -0.02974784 -0.07901758 -0.00055919
v -0.05409634 -0.05414404 0.06188917
v -0.05221084 -0.05754969 0.05525223
v -0.05124101 -0.05991257 0.05339906
v -0.04998221 -0.06197486 0.05020356
v -0.04837193 -0.06379971 0.04558929
v -0.04647977 -0.06681329 0.04237572
v -0.04483135 -0.06873922 0.03900385
v -0.03995980 -0.07302513 0.02878159
v -0.03608554 -0.07608778 0.02086609
v -0.03267396 -0.07879049 0.01339280
v -0.03039816 -0.07995763 0.00570017
v -0.02907141 -0.08045820 -0.00031757
v -0.05376575 -0.05568132 0.06306505
v -0.05318221 -0.05705093 0.06145237
v -0.05103625 -0.06072139 0.05391679
v -0.04947395 -0.06352861 0.05123514
v -0.04661659 -0.06740405 0.04487466
v -0.04392205 -0.07014313 0.03824218
v -0.04132837 -0.07268846 0.03331764
v -0.03964972 -0.07450970 0.03127873
v -0.03414315 -0.07829934 0.01855611
v -0.03124402 -0.08043266 0.01197167
v -0.02909831 -0.08146838 0.00406783
v -0.05027791 -0.06114928 0.06470938
v -0.04843337 -0.06486750 0.05710594
v -0.04648735 -0.06729764 0.05439903
v -0.04347859 -0.07129377 0.04588833
v -0.04114750 -0.07371548 0.04118795
v -0.03851479 -0.07610640 0.03612087
v -0.03585516 -0.07825106 0.03094580
v -0.03287270 -0.08039496 0.02638808
v -0.03000093 -0.08227963 0.01744671
v -0.02682149 -0.08413764 0.00942057
v -0.03401633 -0.07443061 0.01203084
v -0.03265753 -0.07444590 0.00738528
v -0.03191273 -0.07476914 0.00466164
v -0.03062918 -0.07513221 -0.00102211
v -0.05335726 -0.05676367 0.06331652
v -0.05042228 -0.06225495 0.05497622
v -0.04445277 -0.07016340 0.04168407
v -0.04189170 -0.07276852 0.03672208
v -0.05300281 -0.05748509 0.06389581
v -0.05247837 -0.05857907 0.06255504
v -0.04870991 -0.06495408 0.05229386
v -0.04581331 -0.06875130 0.04589377
v -0.03945082 -0.07515272 0.03343892
v -0.03681595 -0.07727145 0.02834176
v -0.04954801 -0.06364757 0.05604740
v -0.04532996 -0.06936575 0.04640825
v -0.04226141 -0.07269047 0.04019380
v -0.03962446 -0.07512968 0.03517065
v -0.03459452 -0.07905947 0.02518714
v -0.02946522 -0.08229678 0.01175249
v -0.03642815 -0.07780007 0.03050411
v -0.04770699 -0.06621975 0.05335632
v -0.05150248 -0.05995617 0.06364945
v -0.05209401 -0.05882288 0.06503831
v -0.05526930 -0.02305995 0.07664753
v -0.05248200 -0.01548880 0.07154208
v -0.03897931 -0.04864652 0.01983340
v -0.03313690 -0.06362910 0.00480300
v -0.03160877 -0.06745109 0.00032611
v -0.03105200 -0.05440463 -0.00563889
v -0.03056389 -0.06707224 -0.00458789
v -0.03713258 -0.04895521 0.01412795
v -0.04367317 -0.04796613 0.03405912
v -0.05147436 -0.01145530 0.07323287
v -0.04195921 -0.06512060 0.02930842
v -0.03725514 -0.07124270 0.01974805
v -0.03398928 -0.07035955 0.01024761
v -0.03452974 -0.06404082 0.00963000
v -0.03407950 -0.05788994 0.00620886
v -0.03610111 -0.05333391 0.01156969
v -0.03612902 -0.05890262 0.01296921
v -0.04087355 -0.06102907 0.02626183
v -0.03761575 -0.06145486 0.01790852
v -0.03473450 -0.06884469 0.01199887
v -0.03571542 -0.06868438 0.01481985
v -0.03814971 -0.06416875 0.02001530
v -0.04040509 -0.06388962 0.02555124
v -0.04120101 -0.04972093 0.02654217
v -0.03884771 -0.05708699 0.02037865
v -0.04092735 -0.05258141 0.02573837
v -0.04200651 -0.05667037 0.02877121
v -0.04356474 -0.06001589 0.03264716
v -0.04419983 -0.05640860 0.03432525
v -0.04499599 -0.05206006 0.03697790
v -0.04730550 -0.05676521 0.04169280
v -0.04711578 -0.05180740 0.04255692
v -0.04558972 -0.04772077 0.03972455
v -0.04334645 -0.05367932 0.03235957
v -0.04801541 -0.04599703 0.04726128
v -0.04964694 -0.04722689 0.05097327
v -0.04933089 -0.05154449 0.04809979
v -0.05185700 -0.04696174 0.05653650
v -0.05211062 -0.00898690 0.08321665
v -0.05324959 -0.01283980 0.07997952
v -0.05360880 -0.01822534 0.07336777
v -0.05310998 -0.01412987 0.07647046
v -0.05372264 -0.01615674 0.07636426
v -0.04735698 -0.00022329 0.08305051
v -0.05397171 -0.02317031 0.07237870
v -0.05441253 -0.02598040 0.07285216
v -0.05317839 -0.03540754 0.06623894
v -0.05498850 -0.02027305 0.07767721
v -0.05012505 -0.00633412 0.07852318
v -0.04816233 -0.00258293 0.07886965
v -0.05039410 -0.00757829 0.07645506
v -0.05125894 -0.00950923 0.07629988
v -0.03425857 0.01792220 0.08722812
v -0.03764180 0.01366138 0.08466814
v -0.03146993 0.02111458 0.08766723
v -0.02909195 0.02379623 0.09408344
v -0.03199828 0.02071217 0.09363404
v -0.04467969 0.00344767 0.08047798
v -0.03487358 0.01759816 0.09318617
v -0.03297687 -0.05115861 0.00087294
v -0.03302508 -0.05672192 0.00227080
v -0.03182719 -0.05978032 -0.00133098
v -0.03494477 -0.05215245 0.00766107
v -0.03730202 -0.05452576 0.01546366
v -0.03031358 -0.05151503 -0.00891695
v -0.02950484 -0.05148920 -0.01107914
v -0.02845246 -0.05145558 -0.01313368
v -0.02717044 -0.05141462 -0.01505320
v -0.02644854 -0.05139156 -0.01595425
v -0.02398867 -0.05131298 -0.01838698
v -0.02213131 -0.05125364 -0.01975683
v -0.01672253 -0.05886154 -0.02213730
v -0.03007649 -0.06223200 -0.00820058
v -0.02973387 -0.06221461 -0.00933868
v -0.02932432 -0.06219383 -0.01045439
v -0.02884931 -0.06216973 -0.01154377
v -0.02770979 -0.06211191 -0.01362824
v -0.02704931 -0.06207840 -0.01461598
v -0.02633140 -0.06204198 -0.01556268
v -0.02555859 -0.06200276 -0.01646500
v -0.02473360 -0.06196091 -0.01731976
v -0.02293895 -0.06186985 -0.01887469
v -0.02097277 -0.06177009 -0.02020551
v -0.01993396 -0.06171738 -0.02078088
v -0.01886284 -0.06166304 -0.02129344
v -0.01433243 -0.06143317 -0.02268283
v -0.02983044 -0.06894922 -0.00768861
v 0.02307977 -0.05128384 -0.01909874
v 0.02485500 -0.05134055 -0.01762392
v 0.02783915 -0.05143588 -0.01411196
v 0.02900830 -0.05147323 -0.01212162
v 0.02994042 -0.05150301 -0.01000973
v 0.03031358 -0.05151493 -0.00891696
v 0.01443329 -0.05875602 -0.02268798
v 0.01776320 -0.06160714 -0.02174138
v 0.01993396 -0.06171728 -0.02078088
v 0.02097277 -0.06176998 -0.02020551
v 0.02197562 -0.06182086 -0.01956937
v 0.02293895 -0.06186974 -0.01887469
v 0.02385936 -0.06191644 -0.01812394
v 0.02555859 -0.06200266 -0.01646501
v 0.02633140 -0.06204187 -0.01556268
v 0.02704931 -0.06207829 -0.01461598
v 0.02770979 -0.06211181 -0.01362825
v 0.02884931 -0.06216962 -0.01154378
v 0.02932433 -0.06219372 -0.01045440
v 0.02973387 -0.06221450 -0.00933869
v 0.03007650 -0.06223189 -0.00820059
v 0.01538870 -0.06421320 -0.02242780
v 0.02983044 -0.06894924 -0.00768861
v 0.03484152 -0.00332696 0.11000000
v 0.03500000 -0.00000000 0.11000000
v 0.03436751 -0.00662379 0.11000000
v 0.03307503 -0.01144738 0.11000000
v 0.03358226 -0.00986064 0.11000000
v 0.03031089 -0.01750000 0.11000000
v 0.03183712 -0.01453953 0.11000000
v 0.02851016 -0.02030199 0.11000000
v 0.02415277 -0.02533069 0.11000000
v 0.02645124 -0.02292013 0.11000000
v 0.02030199 -0.02851016 0.11000000
v 0.02292013 -0.02645124 0.11000000
v 0.01750000 -0.03031089 0.11000000
v 0.01144738 -0.03307503 0.11000000
v 0.01453953 -0.03183712 0.11000000
v 0.00662379 -0.03436751 0.11000000
v 0.00986064 -0.03358226 0.11000000
v 0.00332696 -0.03484152 0.11000000
v -0.00332696 -0.03484152 0.11000000
v 0.00000000 -0.03500000 0.11000000
v -0.00662379 -0.03436751 0.11000000
v -0.01144738 -0.03307503 0.11000000
v -0.00986064 -0.03358226 0.11000000
v -0.01750000 -0.03031089 0.11000000
v -0.01453953 -0.03183712 0.11000000
v -0.02030199 -0.02851016 0.11000000
v -0.02415277 -0.02533069 0.11000000
v -0.02292013 -0.02645124 0.11000000
v -0.02851016 -0.02030199 0.11000000
v -0.02645124 -0.02292013 0.11000000
v -0.03031089 -0.01750000 0.11000000
v -0.03307503 -0.01144738 0.11000000
v -0.03183712 -0.01453953 0.11000000
v -0.03436751 -0.00662379 0.11000000
v -0.03358226 -0.00986064 0.11000000
v -0.03484152 -0.00332696 0.11000000
v -0.03484152 0.00332696 0.11000000
v -0.03500000 -0.00000000 0.11000000
v -0.03436751 0.00662379 0.11000000
v -0.03307503 0.01144738 0.11000000
v -0.03358226 0.00986064 0.11000000
v -0.03031089 0.01750000 0.11000000
v -0.03183712 0.01453953 0.11000000
v -0.02851016 0.02030199 0.11000000
v -0.02415277 0.02533069 0.11000000
v -0.02645124 0.02292013 0.11000000
v -0.02030199 0.02851016 0.11000000
v -0.02292013 0.02645124 0.11000000
v -0.01750000 0.03031089 0.11000000
v -0.01144738 0.03307503 0.11000000
v -0.01453953 0.03183712 0.11000000
v -0.00662379 0.03436751 0.11000000
v -0.00986064 0.03358226 0.11000000
v -0.00332696 0.03484152 0.11000000
v 0.00332696 0.03484152 0.11000000
v 0.00000000 0.03500000 0.11000000
v 0.00662379 0.03436751 0.11000000
v 0.01144738 0.03307503 0.11000000
v 0.00986064 0.03358226 0.11000000
v 0.01750000 0.03031089 0.11000000
v 0.01453953 0.03183712 0.11000000
v 0.02030199 0.02851016 0.11000000
v 0.02533069 0.02415277 0.11000000
v 0.02292013 0.02645124 0.11000000
v 0.02851016 0.02030199 0.11000000
v 0.02645124 0.02292013 0.11000000
v 0.03031089 0.01750000 0.11000000
v 0.03307503 0.01144738 0.11000000
v 0.03183712 0.01453953 0.11000000
v 0.03436751 0.00662379 0.11000000
v 0.03358226 0.00986064 0.11000000
v 0.03484152 0.00332696 0.11000000
v 0.03436751 0.00662379 0.12000000
v 0.03484152 0.00332696 0.12000000
v 0.03500000 -0.00000000 0.12000000
v 0.03358226 0.00986064 0.12000000
v 0.03307503 0.01144738 0.12000000
v 0.03183712 0.01453953 0.12000000
v 0.03031089 0.01750000 0.12000000
v 0.02851016 0.02030199 0.12000000
v 0.02645124 0.02292013 0.12000000
v 0.02415277 0.02533069 0.12000000
v 0.02292013 0.02645124 0.12000000
v 0.02030199 0.02851016 0.12000000
v 0.01750000 0.03031089 0.12000000
v 0.01453953 0.03183712 0.12000000
v 0.01144738 0.03307503 0.12000000
v 0.00986064 0.03358226 0.12000000
v 0.00662379 0.03436751 0.12000000
v 0.00332696 0.03484152 0.12000000
v 0.00000000 0.03500000 0.12000000
v -0.00332696 0.03484152 0.12000000
v -0.00662379 0.03436751 0.12000000
v -0.00986064 0.03358226 0.12000000
v -0.01144738 0.03307503 0.12000000
v -0.01453953 0.03183712 0.12000000
v -0.01750000 0.03031089 0.12000000
v -0.02030199 0.02851016 0.12000000
v -0.02292013 0.02645124 0.12000000
v -0.02533069 0.02415277 0.12000000
v -0.02645124 0.02292013 0.12000000
v -0.02851016 0.02030199 0.12000000
v -0.03031089 0.01750000 0.12000000
v -0.03183712 0.01453953 0.12000000
v -0.03307503 0.01144738 0.12000000
v -0.03358226 0.00986064 0.12000000
v -0.03436751 0.00662379 0.12000000
v -0.03484152 0.00332696 0.12000000
v -0.03500000 -0.00000000 0.12000000
v -0.03484152 -0.00332696 0.12000000
v -0.03436751 -0.00662379 0.12000000
v -0.03358226 -0.00986064 0.12000000
v -0.03307503 -0.01144738 0.12000000
v -0.03183712 -0.01453953 0.12000000
v -0.03031089 -0.01750000 0.12000000
v -0.02851016 -0.02030199 0.12000000
v -0.02645124 -0.02292013 0.12000000
v -0.02415277 -0.02533069 0.12000000
v -0.02292013 -0.02645124 0.12000000
v -0.02030199 -0.02851016 0.12000000
v -0.01750000 -0.03031089 0.12000000
v -0.01453953 -0.03183712 0.12000000
v -0.01144738 -0.03307503 0.12000000
v -0.00986064 -0.03358226 0.12000000
v -0.00662379 -0.03436751 0.12000000
v -0.00332696 -0.03484152 0.12000000
v 0.00000000 -0.03500000 0.12000000
v 0.00332696 -0.03484152 0.12000000
v 0.00662379 -0.03436751 0.12000000
v 0.00986064 -0.03358226 0.12000000
v 0.01144738 -0.03307503 0.12000000
v 0.01453953 -0.03183712 0.12000000
v 0.01750000 -0.03031089 0.12000000
v 0.02030199 -0.02851016 0.12000000
v 0.02292013 -0.02645124 0.12000000
v 0.02533069 -0.02415277 0.12000000
v 0.02645124 -0.02292013 0.12000000
v 0.02851016 -0.02030199 0.12000000
v 0.03031089 -0.01750000 0.12000000
v 0.03183712 -0.01453953 0.12000000
v 0.03307503 -0.01144738 0.12000000
v 0.03358226 -0.00986064 0.12000000
v 0.03436751 -0.00662379 0.12000000
v 0.03484152 -0.00332696 0.12000000
v 0.01142445 0.03571739 0.12000000
v 0.00977491 0.03620360 0.12000000
v 0.00810482 0.03661368 0.12000000
v 0.00641769 0.03694676 0.12000000
v 0.00471706 0.03720214 0.12000000
v 0.00300651 0.03737928 0.12000000
v 0.00128963 0.03747782 0.12000000
v -0.00042995 0.03749754 0.12000000
v -0.00214864 0.03743839 0.12000000
v -0.00386280 0.03730052 0.12000000
v -0.00556884 0.03708420 0.12000000
v -0.00726317 0.03678989 0.12000000
v -0.00894222 0.03641822 0.12000000
v -0.01060247 0.03596995 0.12000000
v -0.01224042 0.03544604 0.12000000
v -0.01385263 0.03484759 0.12000000
v -0.01543571 0.03417585 0.12000000
v -0.01698632 0.03343224 0.12000000
v -0.01850122 0.03261833 0.12000000
v -0.01997720 0.03173581 0.12000000
v -0.02141117 0.03078655 0.12000000
v -0.02280012 0.02977255 0.12000000
v -0.02414111 0.02869594 0.12000000
v -0.02543134 0.02755897 0.12000000
v -0.02666808 0.02636405 0.12000000
v 0.01304996 -0.03515606 0.12000000
v 0.01621528 -0.03381294 0.12000000
v 0.01774844 -0.03303397 0.12000000
v 0.02069963 -0.03126940 0.12000000
v 0.02347679 -0.02924193 0.12000000
v 0.02479274 -0.02813485 0.12000000
v 0.02726558 -0.02574564 0.12000000
v 0.02950918 -0.02313997 0.12000000
v 0.03150468 -0.02033975 0.12000000
v 0.03240405 -0.01887398 0.12000000
v 0.03399663 -0.01582653 0.12000000
v 0.03530337 -0.01264602 0.12000000
v 0.03584603 -0.01101418 0.12000000
v 0.03670420 -0.00768450 0.12000000
v 0.03725378 -0.00429021 0.12000000
v 0.03741130 -0.00257774 0.12000000
v 0.03749014 0.00085985 0.12000000
v 0.03725378 0.00429021 0.12000000
v 0.03701792 0.00599366 0.12000000
v 0.03631330 0.00935918 0.12000000
v 0.03530337 0.01264602 0.12000000
v 0.03399663 0.01582653 0.12000000
v 0.03323529 0.01736852 0.12000000
v 0.03150468 0.02033975 0.12000000
v 0.02950918 0.02313997 0.12000000
v 0.02726558 0.02574564 0.12000000
v 0.02605656 0.02696860 0.12000000
v 0.02479274 0.02813485 0.12000000
v 0.02347679 0.02924193 0.12000000
v 0.02211146 0.03028751 0.12000000
v 0.02069963 0.03126940 0.12000000
v 0.01924427 0.03218553 0.12000000
v 0.01774844 0.03303397 0.12000000
v 0.01621528 0.03381294 0.12000000
v 0.01464802 0.03452080 0.12000000
v 0.01304996 0.03515606 0.12000000
v -0.03003201 -0.02245726 0.12000000
v -0.02666808 -0.02636405 0.12000000
v -0.02414111 -0.02869594 0.12000000
v -0.02141117 -0.03078655 0.12000000
v -0.01997720 -0.03173581 0.12000000
v -0.01698632 -0.03343224 0.12000000
v -0.01385263 -0.03484759 0.12000000
v -0.01060247 -0.03596995 0.12000000
v -0.00894222 -0.03641822 0.12000000
v -0.00556884 -0.03708420 0.12000000
v -0.00214864 -0.03743839 0.12000000
v 0.00128963 -0.03747782 0.12000000
v 0.00471706 -0.03720214 0.12000000
v 0.00977491 -0.03620360 0.12000000
v -0.02897084 0.02381052 0.12000000
v -0.03103001 0.02105678 0.12000000
v -0.03282830 0.01812602 0.12000000
v -0.03435059 0.01504285 0.12000000
v -0.03500413 0.01345218 0.12000000
v -0.03608915 0.01018936 0.12000000
v -0.03651835 0.00852408 0.12000000
v -0.03687075 0.00684088 0.12000000
v -0.03734236 0.00343488 0.12000000
v -0.03750000 -0.00000000 0.12000000
v -0.03734236 -0.00343488 0.12000000
v -0.03687075 -0.00684088 0.12000000
v -0.03651835 -0.00852408 0.12000000
v -0.03558405 -0.01183321 0.12000000
v -0.03435059 -0.01504285 0.12000000
v -0.03282830 -0.01812602 0.12000000
v -0.03196277 -0.01961202 0.12000000
v -0.02784874 0.02511369 0.08294997
v -0.02543134 0.02755897 0.08372274
v -0.02414111 0.02869594 0.08410385
v -0.01997720 0.03173581 0.08518898
v -0.02141117 0.03078655 0.08483992
v -0.01698632 0.03343224 0.08583540
v -0.01385263 0.03484759 0.08639649
v -0.01543571 0.03417585 0.08612775
v -0.01224042 0.03544604 0.08663961
v -0.00894222 0.03641822 0.08704187
v -0.00386280 0.03730052 0.08741470
v -0.00556893 0.03708419 0.08732260
v -0.00042995 0.03749754 0.08749894
v 0.00300651 0.03737928 0.08744834
v 0.00810482 0.03661368 0.08712383
v 0.00641769 0.03694676 0.08726433
v 0.01053734 0.03598909 0.08686320
v 0.01315367 0.03511739 0.08650567
v 0.01621528 0.03381294 0.08598439
v 0.01924427 0.03218553 0.08535753
v 0.02211146 0.03028751 0.08466011
v 0.02414075 0.02869624 0.08410395
v 0.02666783 0.02636431 0.08333713
v -0.03827225 0.01222277 0.07868599
v -0.03345658 0.01853040 0.08085115
v -0.03100161 0.02149767 0.08182389
v -0.03588091 0.01544538 0.07980482
v -0.04165199 0.00728042 0.07695039
v -0.04444024 0.00273795 0.07537450
v -0.04632054 -0.00066366 0.07423381
v -0.04793569 -0.00390031 0.07320122
v -0.04929965 -0.00696420 0.07228966
v -0.05069395 -0.01059507 0.07131881
v -0.05176977 -0.01403868 0.07054176
v -0.05279851 -0.01892935 0.06977512
v -0.05298892 -0.02100081 0.06963063
v 0.03090775 0.02160802 0.08185939
v 0.02883022 0.02400955 0.08261389
v 0.03390326 0.01797402 0.08066486
v 0.03673277 0.01431964 0.07941633
v 0.03851162 0.01188872 0.07856911
v 0.04177653 0.00708744 0.07688285
v 0.04394358 0.00358565 0.07566513
v 0.04643636 -0.00088550 0.07416141
v 0.05179274 -0.01412291 0.07052490
v 0.04892096 -0.00607566 0.07254646
v 0.05009379 -0.00895129 0.07174164
v 0.05249090 -0.01708888 0.07000683
v 0.05299078 -0.02103211 0.06962906
v 0.05299999 -0.02318038 0.06955665
v 0.05293702 -0.02851119 0.06837464
v 0.05240382 -0.03435432 0.06488441
v 0.04504149 -0.04541874 0.03880689
v -0.05299121 -0.02572542 0.06918965
v -0.05291746 -0.02902805 0.06817093
v -0.05275074 -0.03162258 0.06686522
v -0.05229650 -0.03495182 0.06435013
v -0.05189812 -0.03670580 0.06252334
v -0.05138304 -0.03835166 0.06038190
v -0.04972470 -0.04163118 0.05422474
v -0.04872262 -0.04288071 0.05077520
v -0.04685745 -0.04446160 0.04461693
v -0.04490812 -0.04547278 0.03838423
v -0.04308382 -0.04603948 0.03264594
v -0.04044887 -0.04642977 0.02440846
v 0.04098052 -0.04638277 0.02607095
v 0.04206729 -0.04623995 0.02946661
v 0.04309081 -0.04603784 0.03266794
v 0.04624526 -0.04483525 0.04264369
v 0.04763438 -0.04389491 0.04715130
v 0.04907200 -0.04248590 0.05196304
v 0.04979450 -0.04152920 0.05447059
v 0.05061299 -0.04013701 0.05742489
v 0.05128218 -0.03862326 0.05997970
v 0.05193326 -0.03657290 0.06267665
v 0.05214174 -0.03570541 0.06361534
v 0.05260972 -0.03294266 0.06599569
v 0.05287345 -0.02993306 0.06777101
v 0.05298060 -0.02667221 0.06896385
v -0.05252609 -0.03356862 0.06552775
v -0.05036304 -0.04060543 0.05650661
v 0.03844532 -0.04650000 0.01811649
v 0.00986015 -0.04650000 0.00088743
v 0.00986015 -0.07250000 0.00088743
v 0.00954323 -0.04650000 0.00263376
v 0.00954323 -0.07250000 0.00263376
v 0.00891959 -0.04650000 0.00429545
v 0.00891959 -0.07250000 0.00429545
v 0.00800927 -0.04650000 0.00581907
v 0.00800927 -0.07250000 0.00581907
v 0.00745541 -0.04650000 0.00651359
v 0.00745541 -0.07250000 0.00651359
v 0.00617255 -0.04650000 0.00774013
v 0.00617255 -0.07250000 0.00774013
v 0.00469130 -0.04650000 0.00871790
v 0.00469130 -0.07250000 0.00871790
v 0.00305927 -0.04650000 0.00941546
v 0.00305927 -0.07250000 0.00941546
v 0.00132891 -0.04650000 0.00981040
v 0.00132891 -0.07250000 0.00981040
v 0.00044416 -0.07250000 0.00989003
v -0.00044416 -0.04650000 0.00989003
v -0.00132891 -0.04650000 0.00981040
v -0.00132891 -0.07250000 0.00981040
v -0.00305927 -0.04650000 0.00941546
v -0.00305927 -0.07250000 0.00941546
v -0.00469130 -0.04650000 0.00871790
v -0.00469130 -0.07250000 0.00871790
v -0.00617255 -0.04650000 0.00774013
v -0.00617255 -0.07250000 0.00774013
v -0.00745541 -0.04650000 0.00651359
v -0.00745541 -0.07250000 0.00651359
v -0.00800927 -0.04650000 0.00581907
v -0.00800927 -0.07250000 0.00581907
v -0.00891959 -0.04650000 0.00429545
v -0.00891959 -0.07250000 0.00429545
v -0.00954323 -0.04650000 0.00263376
v -0.00954323 -0.07250000 0.00263376
v -0.00986015 -0.04650000 0.00088743
v -0.00986015 -0.07250000 0.00088743
v -0.00986015 -0.04650000 -0.00088743
v -0.00986015 -0.07250000 -0.00088743
v -0.00954323 -0.04650000 -0.00263376
v -0.00954323 -0.07250000 -0.00263376
v -0.00891959 -0.04650000 -0.00429545
v -0.00891959 -0.07250000 -0.00429545
v -0.00800927 -0.04650000 -0.00581907
v -0.00800927 -0.07250000 -0.00581907
v -0.00745541 -0.04650000 -0.00651359
v -0.00745541 -0.07250000 -0.00651359
v -0.00617255 -0.04650000 -0.00774013
v -0.00617255 -0.07250000 -0.00774013
v -0.00469130 -0.04650000 -0.00871790
v -0.00469130 -0.07250000 -0.00871790
v -0.00305927 -0.04650000 -0.00941546
v -0.00305927 -0.07250000 -0.00941546
v -0.00132891 -0.04650000 -0.00981040
v -0.00132891 -0.07250000 -0.00981040
v -0.00044416 -0.04650000 -0.00989003
v -0.00044416 -0.07250000 -0.00989003
v 0.00132891 -0.04650000 -0.00981040
v 0.00132891 -0.07250000 -0.00981040
v 0.00305927 -0.04650000 -0.00941546
v 0.00305927 -0.07250000 -0.00941546
v 0.00469130 -0.04650000 -0.00871790
v 0.00469130 -0.07250000 -0.00871790
v 0.00617255 -0.04650000 -0.00774013
v 0.00617255 -0.07250000 -0.00774013
v 0.00745541 -0.04650000 -0.00651359
v 0.00745541 -0.07250000 -0.00651359
v 0.00800927 -0.04650000 -0.00581907
v 0.00800927 -0.07250000 -0.00581907
v 0.00891959 -0.04650000 -0.00429545
v 0.00891959 -0.07250000 -0.00429545
v 0.00954323 -0.04650000 -0.00263376
v 0.00954323 -0.07250000 -0.00263376
v 0.00986015 -0.04650000 -0.00088743
v 0.00986015 -0.07250000 -0.00088743
v -0.01133640 -0.04650000 -0.02300000
v 0.01133640 -0.04650000 -0.02300000
v -0.03809934 -0.04650000 0.01702272
v -0.03059585 -0.04650000 -0.00840640
v -0.01903270 -0.04650000 -0.02146057
v -0.01305633 -0.04650000 -0.02292594
v -0.02963706 -0.04650000 -0.01107631
v -0.01641147 -0.04650000 -0.02234567
v -0.03322823 -0.04650000 0.00110838
v -0.02631597 -0.04650000 -0.01625548
v -0.02108184 -0.04650000 -0.02046618
v -0.02804005 -0.04650000 -0.01400482
v -0.02471174 -0.04650000 -0.01787201
v 0.03728092 -0.04650000 0.01442350
v -0.02299691 -0.04650000 -0.01925087
v 0.03038591 -0.04650000 -0.00910479
v 0.01940559 -0.04650000 -0.02130072
v 0.02415892 -0.04650000 -0.01835100
v 0.03235162 -0.04650000 -0.00194055
v 0.01681214 -0.04650000 -0.02223615
v 0.02657547 -0.04650000 -0.01595644
v 0.02880196 -0.04650000 -0.01275104
v 0.01346089 -0.04650000 -0.02288689
v 0.02142774 -0.04650000 -0.02026872
v 0.02581473 -0.04650000 -0.01680098
f 15 4 5
f 10 11 19
f 2 1 22
f 22 1 3
f 22 3 23
f 23 3 4
f 23 4 15
f 15 5 6
f 15 6 16
f 16 6 7
f 16 7 17
f 17 7 8
f 9 10 18
f 18 10 19
f 19 11 20
f 20 11 12
f 20 12 13
f 20 13 21
f 23 15 27
f 17 8 24
f 24 8 9
f 24 9 25
f 25 9 18
f 20 21 26
f 27 15 16
f 27 16 28
f 28 16 17
f 28 17 29
f 29 17 24
f 25 18 30
f 30 18 19
f 30 19 31
f 31 19 20
f 31 20 32
f 32 20 26
f 36 2 22
f 36 22 37
f 37 22 23
f 37 23 38
f 38 23 27
f 29 24 33
f 33 24 25
f 33 25 34
f 34 25 30
f 32 26 35
f 38 27 39
f 39 27 28
f 39 28 40
f 40 28 29
f 40 29 41
f 41 29 33
f 34 30 42
f 42 30 31
f 42 31 43
f 43 31 32
f 43 32 44
f 44 32 35
f 41 33 45
f 45 33 34
f 45 34 46
f 46 34 42
f 44 35 47
f 52 2369 36
f 52 36 48
f 48 36 37
f 48 37 38
f 48 38 53
f 53 38 39
f 53 39 40
f 53 40 49
f 49 40 41
f 49 41 54
f 54 41 45
f 46 42 57
f 57 42 43
f 57 43 50
f 50 43 44
f 50 44 51
f 51 44 47
f 54 45 55
f 55 45 46
f 55 46 56
f 56 46 57
f 51 47 58
f 59 52 48
f 59 48 61
f 61 48 53
f 61 53 62
f 62 53 49
f 62 49 60
f 60 49 54
f 60 54 63
f 63 54 55
f 56 57 65
f 65 57 50
f 65 50 66
f 66 50 51
f 66 51 58
f 67 59 61
f 63 55 64
f 64 55 56
f 64 56 65
f 66 58 109
f 61 62 68
f 68 62 60
f 68 60 63
f 68 63 69
f 69 63 64
f 64 65 71
f 71 65 70
f 70 65 66
f 70 66 109
f 73 67 74
f 74 67 61
f 74 61 68
f 69 64 76
f 76 64 71
f 77 71 70
f 77 70 72
f 74 68 75
f 75 68 78
f 78 68 69
f 78 69 76
f 76 71 79
f 79 71 77
f 78 76 82
f 82 76 79
f 79 77 80
f 80 77 72
f 84 73 74
f 84 74 75
f 84 75 81
f 81 75 78
f 79 80 83
f 81 78 85
f 85 78 82
f 85 82 79
f 85 79 87
f 87 79 83
f 86 84 81
f 86 81 85
f 87 83 92
f 89 2333 84
f 89 84 86
f 86 85 91
f 91 85 88
f 88 85 87
f 88 87 92
f 89 86 90
f 90 86 91
f 92 94 93
f 99 104 100
f 35 101 100
f 103 102 21
f 95 94 108
f 95 108 107
f 95 107 96
f 98 97 105
f 106 97 96
f 106 96 107
f 14 120 103
f 109 99 98
f 109 98 105
f 70 105 97
f 70 97 106
f 92 108 94
f 2146 92 93
f 13 14 103
f 13 103 21
f 35 100 47
f 47 100 104
f 47 104 58
f 58 104 99
f 58 99 109
f 109 105 70
f 72 70 106
f 72 106 80
f 80 106 107
f 80 107 83
f 83 107 108
f 88 92 2146
f 26 21 102
f 26 102 101
f 26 101 35
f 83 108 92
f 116 93 94
f 102 103 121
f 101 115 100
f 100 115 123
f 100 114 99
f 110 94 95
f 112 96 97
f 101 102 122
f 101 122 115
f 100 123 124
f 100 124 114
f 99 114 113
f 99 113 98
f 98 113 97
f 97 113 119
f 97 119 112
f 96 112 118
f 96 118 95
f 95 118 110
f 94 110 111
f 111 116 94
f 122 102 121
f 120 121 103
f 117 116 111
f 117 111 167
f 167 111 110
f 167 110 118
f 118 112 156
f 156 112 119
f 148 119 113
f 148 113 198
f 198 113 124
f 124 113 114
f 123 115 122
f 120 125 121
f 121 125 126
f 121 126 127
f 129 130 131
f 130 132 131
f 131 132 133
f 173 135 136
f 136 137 174
f 174 137 138
f 123 122 176
f 123 176 182
f 182 176 177
f 182 177 140
f 140 141 183
f 183 141 142
f 183 142 184
f 184 142 178
f 184 178 185
f 185 178 179
f 185 179 143
f 185 143 186
f 186 143 180
f 186 180 144
f 144 180 145
f 145 147 146
f 151 199 152
f 152 199 200
f 152 200 154
f 154 200 153
f 154 153 155
f 155 153 201
f 155 201 203
f 162 156 157
f 158 152 159
f 159 152 160
f 160 152 154
f 160 154 161
f 161 154 155
f 161 155 166
f 166 155 203
f 118 162 167
f 164 163 159
f 164 159 160
f 164 160 165
f 165 160 161
f 165 161 166
f 204 168 163
f 204 163 205
f 205 163 164
f 205 164 169
f 121 127 177
f 177 127 128
f 177 128 172
f 172 128 129
f 172 129 131
f 131 133 178
f 178 133 179
f 179 133 134
f 179 134 135
f 179 135 173
f 173 136 174
f 174 138 181
f 181 138 139
f 139 171 175
f 122 121 176
f 176 121 177
f 141 172 131
f 141 131 142
f 142 131 178
f 180 174 181
f 181 139 147
f 147 139 175
f 147 145 181
f 181 145 180
f 174 180 143
f 174 143 173
f 173 143 179
f 141 140 172
f 172 140 177
f 182 140 188
f 188 140 183
f 144 145 187
f 187 145 146
f 124 123 182
f 124 182 193
f 193 182 188
f 188 183 195
f 195 183 184
f 195 184 196
f 196 184 185
f 196 185 189
f 189 185 197
f 197 185 186
f 197 186 190
f 190 186 144
f 190 144 191
f 191 144 187
f 187 146 192
f 193 188 194
f 194 188 195
f 191 187 201
f 201 187 192
f 198 124 193
f 194 195 196
f 196 189 199
f 199 189 197
f 199 197 200
f 200 197 190
f 200 190 191
f 200 191 153
f 153 191 201
f 202 201 192
f 148 198 193
f 148 193 149
f 149 193 194
f 149 194 150
f 150 194 196
f 150 196 151
f 151 196 199
f 201 202 203
f 152 158 151
f 151 158 150
f 150 158 157
f 150 157 149
f 149 157 156
f 149 156 148
f 148 156 119
f 203 1976 166
f 159 163 158
f 158 163 157
f 157 163 162
f 156 162 118
f 166 170 169
f 166 169 165
f 165 169 164
f 163 168 162
f 162 168 167
f 117 167 204
f 204 167 168
f 169 170 206
f 117 204 207
f 207 204 205
f 207 205 208
f 208 205 169
f 208 169 206
f 116 117 207
f 208 206 1982
f 910 296 914
f 211 264 305
f 293 219 218
f 221 220 293
f 293 220 219
f 227 225 223
f 223 225 224
f 292 228 226
f 228 292 229
f 230 229 291
f 230 291 231
f 290 232 231
f 290 231 291
f 290 233 232
f 234 233 289
f 234 289 236
f 287 238 237
f 240 239 238
f 242 241 286
f 286 241 240
f 210 242 286
f 209 243 244
f 244 243 258
f 244 258 245
f 245 259 246
f 246 259 260
f 246 260 247
f 246 247 248
f 248 247 261
f 248 261 249
f 249 261 262
f 249 262 250
f 252 253 254
f 254 253 255
f 255 253 263
f 255 263 256
f 256 263 257
f 256 257 211
f 211 257 264
f 245 258 259
f 250 262 251
f 251 267 252
f 252 267 253
f 305 264 212
f 243 269 258
f 258 270 259
f 259 270 265
f 259 265 260
f 247 260 272
f 247 272 261
f 261 272 266
f 261 266 273
f 261 273 262
f 262 274 251
f 251 274 267
f 267 276 253
f 253 276 263
f 263 277 257
f 257 277 268
f 257 268 264
f 258 269 270
f 260 265 271
f 260 271 272
f 262 273 274
f 267 275 276
f 264 268 284
f 264 284 285
f 264 285 212
f 212 285 278
f 212 278 279
f 212 279 213
f 213 279 214
f 269 280 270
f 270 286 265
f 265 286 271
f 272 288 266
f 266 288 281
f 266 281 273
f 274 290 267
f 267 290 275
f 276 275 282
f 276 282 263
f 263 282 277
f 277 292 283
f 277 283 268
f 268 283 223
f 268 223 284
f 214 217 294
f 280 286 270
f 286 240 271
f 271 240 287
f 271 287 272
f 272 287 288
f 273 281 235
f 273 235 289
f 273 289 274
f 274 289 290
f 275 290 291
f 275 291 282
f 277 282 292
f 292 226 283
f 285 284 224
f 285 224 278
f 278 224 222
f 278 222 279
f 279 222 293
f 214 279 217
f 280 210 286
f 240 238 287
f 288 287 237
f 288 237 281
f 281 237 235
f 235 236 289
f 289 233 290
f 282 291 229
f 282 229 292
f 283 226 227
f 283 227 223
f 284 223 224
f 222 221 293
f 293 218 279
f 279 218 217
f 217 216 294
f 280 296 210
f 209 295 243
f 243 295 269
f 269 295 914
f 269 914 280
f 280 914 296
f 251 252 481
f 251 481 250
f 306 299 2473
f 306 2473 300
f 300 301 302
f 302 303 316
f 316 303 304
f 306 300 307
f 307 300 302
f 310 299 306
f 310 306 307
f 310 307 311
f 311 307 308
f 297 298 215
f 312 309 317
f 317 309 466
f 294 318 313
f 294 313 319
f 316 460 309
f 316 309 302
f 302 309 308
f 302 308 307
f 309 312 308
f 308 312 311
f 310 215 299
f 299 215 298
f 215 310 318
f 318 310 313
f 313 310 311
f 313 311 312
f 319 312 317
f 319 317 466
f 319 466 448
f 314 319 448
f 319 313 312
f 315 314 448
f 215 318 294
f 213 314 315
f 320 315 441
f 320 441 321
f 214 314 213
f 213 315 320
f 214 319 314
f 305 321 211
f 294 319 214
f 212 213 320
f 212 320 321
f 212 321 305
f 334 323 490
f 350 327 326
f 367 329 328
f 336 337 341
f 341 337 338
f 341 338 342
f 342 338 339
f 323 334 340
f 340 334 335
f 340 335 336
f 324 323 340
f 340 336 343
f 343 336 341
f 342 339 347
f 347 339 344
f 325 324 340
f 325 340 348
f 348 340 343
f 343 341 345
f 345 341 342
f 345 342 346
f 346 342 347
f 348 343 349
f 349 343 345
f 347 344 384
f 326 325 350
f 350 325 348
f 350 348 354
f 354 348 349
f 349 345 351
f 351 345 346
f 351 346 352
f 352 346 347
f 352 347 353
f 353 347 384
f 354 349 355
f 355 349 351
f 352 353 358
f 327 350 354
f 327 354 359
f 359 354 355
f 355 351 356
f 356 351 352
f 356 352 357
f 357 352 358
f 2294 327 359
f 359 355 360
f 360 355 356
f 357 358 361
f 362 2294 359
f 362 359 360
f 360 356 365
f 365 356 357
f 365 357 363
f 363 357 361
f 363 361 366
f 328 2294 362
f 328 362 364
f 364 362 360
f 364 360 365
f 367 328 364
f 367 364 368
f 368 364 365
f 368 365 369
f 369 365 363
f 369 363 366
f 369 366 371
f 329 367 370
f 370 367 368
f 368 369 373
f 373 369 371
f 330 329 372
f 372 329 370
f 372 370 374
f 374 370 368
f 374 368 373
f 374 373 375
f 331 330 372
f 331 372 374
f 331 374 376
f 376 374 375
f 332 331 376
f 332 376 377
f 377 376 382
f 333 332 378
f 378 332 377
f 378 377 382
f 2295 333 379
f 379 333 378
f 379 378 380
f 380 378 381
f 381 378 382
f 339 322 390
f 339 390 344
f 344 390 391
f 344 391 392
f 344 392 384
f 353 384 385
f 382 388 389
f 382 389 383
f 384 392 393
f 384 393 385
f 385 393 394
f 385 394 386
f 386 394 395
f 386 395 396
f 386 396 387
f 387 396 388
f 388 396 397
f 388 397 389
f 389 397 398
f 389 398 383
f 383 398 399
f 390 402 391
f 391 402 400
f 391 400 392
f 392 400 401
f 392 401 393
f 393 401 409
f 393 409 394
f 394 409 408
f 394 408 395
f 395 408 407
f 395 407 396
f 396 407 406
f 396 406 397
f 397 406 405
f 397 405 398
f 398 405 404
f 398 404 399
f 402 411 400
f 400 411 410
f 400 410 401
f 358 353 385
f 358 385 361
f 361 385 366
f 366 385 386
f 366 386 371
f 371 386 387
f 371 387 373
f 373 387 375
f 375 387 388
f 375 388 376
f 376 388 382
f 381 382 383
f 403 399 404
f 418 409 401
f 418 401 410
f 412 403 404
f 412 404 405
f 412 405 413
f 413 405 406
f 413 406 414
f 414 406 407
f 414 407 415
f 415 407 416
f 416 407 408
f 416 408 417
f 417 408 409
f 417 409 418
f 419 403 412
f 427 422 423
f 436 430 431
f 436 431 437
f 437 431 432
f 437 432 438
f 438 432 433
f 438 433 439
f 439 433 434
f 439 434 440
f 440 434 435
f 440 435 441
f 441 435 321
f 442 437 444
f 444 437 438
f 444 438 445
f 445 438 439
f 445 439 446
f 446 439 440
f 446 440 447
f 447 440 441
f 447 441 315
f 444 445 461
f 461 445 446
f 461 446 462
f 462 446 447
f 462 447 463
f 463 447 448
f 453 466 459
f 458 459 460
f 211 429 423
f 423 429 428
f 423 428 427
f 422 427 426
f 422 426 421
f 421 426 425
f 421 425 420
f 420 425 424
f 420 424 411
f 429 211 321
f 321 435 429
f 429 435 434
f 429 434 428
f 428 434 433
f 428 433 427
f 427 433 432
f 427 432 426
f 426 432 431
f 426 431 425
f 425 431 430
f 425 430 424
f 437 442 436
f 315 448 447
f 444 443 442
f 414 443 464
f 464 443 444
f 464 444 461
f 465 463 448
f 465 448 466
f 450 464 461
f 450 461 451
f 451 461 462
f 451 462 452
f 452 462 463
f 452 463 465
f 466 453 465
f 465 453 452
f 450 449 464
f 459 466 309
f 459 458 453
f 453 458 457
f 453 457 452
f 452 457 456
f 452 456 451
f 451 456 455
f 451 455 450
f 450 455 454
f 450 454 449
f 459 309 460
f 412 454 469
f 469 454 455
f 469 455 467
f 467 455 456
f 467 456 468
f 468 456 457
f 468 457 470
f 470 457 458
f 470 458 460
f 471 469 467
f 470 460 475
f 475 460 316
f 410 411 424
f 410 424 418
f 418 424 430
f 418 430 417
f 417 430 436
f 417 436 416
f 416 436 442
f 416 442 415
f 415 442 443
f 415 443 414
f 414 464 413
f 413 464 449
f 413 449 412
f 412 449 454
f 419 412 469
f 419 469 471
f 471 467 472
f 472 467 468
f 472 468 473
f 473 468 470
f 473 470 474
f 474 470 475
f 304 475 316
f 553 246 248
f 486 485 491
f 402 390 519
f 480 484 543
f 423 256 211
f 537 255 256
f 245 246 552
f 538 245 552
f 244 538 540
f 541 209 244
f 584 592 591
f 334 512 335
f 335 516 336
f 515 339 338
f 322 339 515
f 420 582 421
f 478 486 492
f 492 486 491
f 493 492 494
f 487 492 511
f 511 492 493
f 510 493 494
f 476 563 527
f 496 495 476
f 489 488 497
f 497 488 511
f 497 511 498
f 498 510 501
f 501 510 499
f 500 509 505
f 505 509 506
f 497 498 502
f 503 498 501
f 501 499 500
f 501 500 504
f 504 500 505
f 477 489 512
f 512 489 502
f 502 503 513
f 503 501 513
f 513 501 517
f 517 501 504
f 489 497 502
f 502 498 503
f 507 506 508
f 508 506 509
f 509 500 569
f 569 500 499
f 569 499 510
f 516 502 513
f 504 505 515
f 515 505 506
f 515 506 514
f 514 506 507
f 515 338 517
f 517 338 337
f 517 337 513
f 337 336 516
f 516 335 512
f 512 334 490
f 519 322 514
f 514 322 515
f 513 337 516
f 512 490 477
f 390 322 519
f 504 515 517
f 502 516 512
f 560 248 249
f 250 481 518
f 561 250 518
f 529 402 521
f 526 521 523
f 523 507 525
f 525 507 508
f 522 509 524
f 524 509 496
f 496 509 495
f 495 509 569
f 523 520 507
f 521 402 519
f 521 519 520
f 521 520 523
f 476 527 496
f 508 522 525
f 496 527 535
f 496 535 524
f 526 528 521
f 521 528 529
f 529 411 402
f 522 524 536
f 523 525 533
f 523 533 526
f 590 536 535
f 589 535 534
f 527 534 535
f 533 532 526
f 526 532 528
f 528 532 531
f 528 531 529
f 529 531 530
f 524 535 536
f 525 536 533
f 529 530 411
f 411 530 420
f 522 536 525
f 481 252 554
f 252 254 554
f 256 423 537
f 255 537 562
f 255 562 254
f 254 562 554
f 537 423 422
f 537 422 562
f 244 245 538
f 539 482 851
f 541 551 539
f 209 539 851
f 541 539 209
f 244 540 541
f 484 483 546
f 480 542 479
f 545 479 542
f 542 480 547
f 547 480 543
f 543 484 546
f 592 550 483
f 483 550 546
f 542 544 545
f 479 545 485
f 485 545 491
f 545 549 491
f 544 542 547
f 547 543 566
f 566 543 546
f 558 540 538
f 559 552 246
f 559 246 553
f 553 248 560
f 561 518 580
f 518 481 554
f 556 555 482
f 556 482 557
f 578 586 552
f 578 552 559
f 579 560 249
f 580 518 581
f 551 540 558
f 558 538 586
f 586 538 552
f 579 249 250
f 579 250 561
f 581 518 554
f 421 562 422
f 571 544 565
f 565 547 566
f 549 548 568
f 570 510 494
f 570 494 567
f 567 494 568
f 568 494 549
f 495 569 570
f 495 570 476
f 476 570 567
f 476 567 563
f 563 567 568
f 564 568 548
f 571 548 544
f 569 510 570
f 573 563 564
f 574 564 571
f 583 574 571
f 583 571 565
f 583 565 575
f 575 566 576
f 584 591 556
f 585 556 557
f 586 578 587
f 587 578 559
f 587 559 588
f 588 559 534
f 534 553 589
f 532 579 561
f 587 572 573
f 586 573 574
f 586 574 583
f 584 576 550
f 572 563 573
f 573 564 574
f 575 565 566
f 576 566 546
f 592 584 550
f 576 584 585
f 576 585 575
f 575 577 583
f 573 586 587
f 572 587 588
f 572 588 534
f 590 579 536
f 533 579 532
f 532 561 580
f 532 580 531
f 530 582 420
f 584 556 585
f 585 557 577
f 583 577 558
f 583 558 586
f 590 560 579
f 531 581 530
f 581 582 530
f 421 582 562
f 534 527 572
f 572 527 563
f 563 568 564
f 564 548 571
f 565 544 547
f 591 555 556
f 557 551 577
f 577 551 558
f 534 559 553
f 589 553 560
f 589 560 590
f 531 580 581
f 581 554 582
f 582 554 562
f 520 519 514
f 520 514 507
f 508 509 522
f 510 498 493
f 493 498 511
f 487 511 488
f 487 478 492
f 492 491 494
f 494 491 549
f 549 545 548
f 548 545 544
f 576 546 550
f 557 482 539
f 557 539 551
f 551 541 540
f 483 782 592
f 575 585 577
f 535 589 590
f 536 579 533
f 879 880 600
f 600 880 881
f 600 881 935
f 600 935 598
f 598 943 599
f 603 879 604
f 604 879 600
f 601 598 599
f 603 604 615
f 604 605 616
f 615 616 608
f 608 616 607
f 618 606 608
f 618 608 617
f 610 619 611
f 611 619 618
f 611 618 613
f 613 618 612
f 593 611 594
f 594 611 613
f 596 613 612
f 596 612 621
f 947 756 599
f 598 601 600
f 882 609 1222
f 599 614 601
f 601 614 605
f 601 605 604
f 601 604 600
f 603 602 878
f 615 604 616
f 605 614 735
f 619 602 603
f 603 615 606
f 607 616 605
f 607 605 735
f 608 606 615
f 606 619 603
f 602 610 882
f 882 610 609
f 618 619 606
f 619 610 602
f 608 763 617
f 763 620 617
f 617 620 612
f 617 612 618
f 611 593 610
f 610 593 609
f 1796 609 593
f 594 613 595
f 595 613 596
f 596 621 597
f 807 664 667
f 630 627 640
f 630 640 639
f 629 630 639
f 637 631 629
f 637 629 638
f 636 631 637
f 635 631 636
f 632 631 635
f 632 635 634
f 633 632 634
f 638 629 639
f 641 640 627
f 643 624 633
f 643 633 634
f 645 641 627
f 645 627 628
f 642 624 643
f 643 634 644
f 644 634 635
f 644 635 636
f 647 642 643
f 647 643 648
f 648 643 649
f 649 643 644
f 649 644 650
f 650 644 636
f 650 636 651
f 651 636 637
f 651 637 638
f 651 638 652
f 652 638 639
f 652 639 653
f 653 639 640
f 653 640 641
f 671 645 628
f 671 628 625
f 654 646 642
f 654 642 647
f 673 625 626
f 673 626 655
f 655 626 1867
f 658 653 641
f 658 641 645
f 673 671 625
f 653 658 663
f 647 648 656
f 647 656 654
f 645 671 658
f 653 663 666
f 653 666 652
f 652 666 665
f 652 665 659
f 652 659 651
f 651 659 660
f 651 660 650
f 650 660 661
f 650 661 649
f 649 661 648
f 648 661 662
f 648 662 656
f 656 662 657
f 655 672 673
f 673 672 679
f 654 656 657
f 654 657 664
f 667 664 657
f 667 657 662
f 667 662 668
f 668 662 661
f 668 661 669
f 669 661 660
f 669 660 670
f 670 660 659
f 670 659 665
f 674 663 658
f 674 666 663
f 678 807 667
f 678 667 677
f 677 667 622
f 622 667 668
f 622 668 676
f 676 668 669
f 676 669 623
f 623 669 670
f 675 670 665
f 675 665 666
f 675 666 674
f 687 674 658
f 687 658 671
f 680 1798 681
f 680 681 689
f 689 681 682
f 683 684 692
f 692 684 693
f 693 684 685
f 693 685 694
f 694 685 686
f 694 686 695
f 695 686 757
f 695 757 696
f 696 757 758
f 696 758 621
f 674 687 697
f 706 620 763
f 715 707 760
f 715 760 708
f 708 760 761
f 708 761 709
f 709 762 719
f 719 762 710
f 719 710 711
f 714 763 724
f 725 623 715
f 725 715 716
f 716 715 708
f 716 708 717
f 717 708 718
f 718 719 730
f 730 719 720
f 723 724 735
f 676 623 725
f 676 725 726
f 726 725 716
f 726 716 727
f 727 716 717
f 727 717 728
f 728 717 718
f 728 718 729
f 729 718 730
f 728 729 739
f 739 729 740
f 740 729 730
f 740 730 731
f 741 731 732
f 741 732 736
f 736 732 733
f 734 735 614
f 747 739 749
f 749 739 740
f 749 740 751
f 751 740 741
f 742 736 754
f 754 736 743
f 748 747 749
f 748 749 750
f 750 749 751
f 752 754 753
f 753 754 755
f 758 597 621
f 692 691 683
f 683 691 690
f 683 690 682
f 682 690 689
f 680 689 688
f 680 688 687
f 680 687 679
f 696 621 612
f 696 612 620
f 696 620 706
f 696 706 695
f 695 706 705
f 695 705 694
f 694 705 704
f 694 704 693
f 693 704 703
f 693 703 692
f 692 703 702
f 692 702 691
f 691 702 701
f 691 701 700
f 691 700 690
f 690 700 699
f 690 699 689
f 689 699 698
f 689 698 688
f 688 698 697
f 688 697 687
f 759 674 697
f 759 697 760
f 760 697 698
f 760 698 699
f 760 699 761
f 761 699 700
f 761 700 709
f 709 700 701
f 709 701 762
f 762 701 702
f 762 702 710
f 710 702 703
f 706 763 714
f 706 714 705
f 705 714 713
f 705 713 704
f 704 713 712
f 704 712 703
f 703 712 711
f 703 711 710
f 760 707 759
f 759 707 675
f 763 608 724
f 724 723 714
f 714 723 722
f 714 722 713
f 713 722 721
f 713 721 712
f 712 721 720
f 712 720 711
f 711 720 719
f 719 718 709
f 709 718 708
f 707 715 623
f 707 623 675
f 608 607 724
f 724 607 735
f 735 734 723
f 723 734 733
f 723 733 722
f 722 733 732
f 722 732 721
f 721 732 731
f 721 731 720
f 720 731 730
f 614 744 734
f 734 744 743
f 734 743 733
f 733 743 736
f 736 742 741
f 731 741 740
f 728 739 738
f 728 738 727
f 727 738 737
f 727 737 726
f 726 737 622
f 726 622 676
f 744 614 599
f 599 756 744
f 744 756 755
f 744 755 743
f 743 755 754
f 754 752 742
f 742 752 751
f 742 751 741
f 739 747 746
f 739 746 738
f 738 746 745
f 738 745 737
f 737 745 677
f 737 677 622
f 678 677 765
f 765 677 745
f 765 745 746
f 765 746 766
f 766 746 747
f 766 747 764
f 764 747 748
f 767 750 751
f 767 751 768
f 768 751 752
f 768 752 753
f 769 753 755
f 769 755 756
f 672 1808 679
f 673 679 687
f 673 687 671
f 674 759 675
f 670 675 623
f 764 748 783
f 783 748 750
f 783 750 767
f 768 753 769
f 769 756 961
f 961 756 947
f 654 664 800
f 786 775 774
f 786 774 785
f 776 844 845
f 838 780 779
f 950 856 951
f 960 769 961
f 823 768 769
f 783 767 824
f 824 767 768
f 765 766 811
f 678 765 812
f 772 633 624
f 772 624 784
f 772 784 773
f 785 774 773
f 642 784 624
f 784 642 773
f 773 642 841
f 773 841 785
f 775 786 843
f 775 843 844
f 775 844 776
f 840 654 800
f 840 800 787
f 789 788 790
f 789 790 791
f 791 790 792
f 791 792 793
f 793 792 794
f 793 794 795
f 793 795 845
f 796 798 868
f 868 798 797
f 868 797 876
f 798 796 799
f 787 800 788
f 795 794 864
f 800 664 801
f 800 801 788
f 788 801 802
f 788 802 803
f 788 803 790
f 790 803 804
f 790 804 792
f 792 804 805
f 792 805 794
f 794 805 864
f 664 807 801
f 801 807 806
f 801 806 802
f 802 806 815
f 802 815 803
f 803 815 799
f 803 799 804
f 804 799 796
f 804 796 805
f 807 771 806
f 771 812 817
f 815 806 771
f 957 956 808
f 808 956 955
f 808 955 832
f 958 957 810
f 810 957 809
f 809 957 808
f 809 808 831
f 810 809 813
f 813 809 814
f 814 809 831
f 783 825 764
f 764 825 766
f 765 811 826
f 765 826 812
f 799 815 816
f 813 814 822
f 813 822 819
f 823 821 820
f 823 820 824
f 824 820 819
f 824 819 825
f 825 819 822
f 822 814 818
f 826 818 817
f 817 816 771
f 771 816 815
f 768 823 824
f 783 824 825
f 766 825 822
f 766 822 818
f 766 818 811
f 811 818 826
f 769 960 821
f 769 821 823
f 826 817 812
f 812 771 678
f 678 771 807
f 816 828 875
f 875 828 829
f 875 829 874
f 873 830 872
f 827 951 859
f 859 951 856
f 857 950 949
f 828 831 829
f 829 833 873
f 827 952 951
f 827 872 830
f 830 873 833
f 873 874 829
f 828 814 831
f 831 832 829
f 833 954 830
f 831 808 832
f 832 955 833
f 833 955 954
f 953 830 954
f 952 827 953
f 953 827 830
f 833 829 832
f 555 591 834
f 835 555 834
f 834 850 863
f 482 555 835
f 836 834 863
f 836 863 862
f 834 852 835
f 851 482 835
f 851 835 852
f 852 834 836
f 836 862 853
f 770 782 839
f 839 782 781
f 848 847 837
f 770 592 782
f 779 778 837
f 837 778 848
f 837 846 779
f 779 846 838
f 780 838 839
f 780 839 781
f 845 777 776
f 646 840 841
f 842 789 786
f 786 789 791
f 786 791 843
f 843 791 793
f 843 793 844
f 844 793 845
f 770 839 850
f 646 654 840
f 841 840 787
f 841 787 842
f 842 787 788
f 842 788 789
f 642 646 841
f 785 841 842
f 785 842 786
f 777 845 778
f 778 845 849
f 778 849 848
f 850 839 863
f 863 839 838
f 863 838 862
f 862 838 846
f 861 846 847
f 854 852 836
f 860 851 852
f 860 852 854
f 870 854 836
f 870 836 853
f 860 857 949
f 860 949 851
f 851 949 948
f 858 877 869
f 869 877 859
f 859 856 870
f 854 857 860
f 857 870 856
f 849 865 855
f 849 855 848
f 848 855 861
f 848 861 847
f 850 834 770
f 770 834 592
f 591 592 834
f 862 846 853
f 853 846 861
f 865 795 864
f 864 805 868
f 868 805 796
f 865 866 855
f 855 866 867
f 864 876 865
f 865 876 866
f 857 854 870
f 870 871 859
f 859 871 869
f 871 867 869
f 869 867 866
f 869 866 858
f 858 866 876
f 799 816 875
f 799 875 798
f 797 873 876
f 876 873 872
f 876 872 858
f 877 858 872
f 873 797 798
f 873 798 874
f 874 798 875
f 870 853 871
f 871 853 867
f 876 864 868
f 846 837 847
f 849 845 795
f 849 795 865
f 861 855 867
f 861 867 853
f 851 948 209
f 960 959 821
f 821 959 958
f 821 958 820
f 820 958 810
f 820 810 819
f 819 810 813
f 818 814 828
f 818 828 817
f 817 828 816
f 872 827 877
f 877 827 859
f 856 950 857
f 878 602 882
f 879 603 878
f 883 884 878
f 878 884 885
f 888 889 923
f 923 889 890
f 922 890 891
f 893 891 892
f 895 896 894
f 900 901 899
f 909 910 908
f 906 915 911
f 906 911 905
f 905 911 904
f 904 916 903
f 903 916 917
f 903 917 902
f 902 917 901
f 901 912 899
f 899 912 913
f 899 913 898
f 898 918 897
f 897 918 896
f 896 919 894
f 894 919 893
f 893 921 891
f 891 921 922
f 890 922 923
f 883 878 882
f 914 924 910
f 910 924 908
f 908 924 925
f 908 925 907
f 907 925 906
f 906 925 915
f 911 926 904
f 904 926 916
f 901 917 912
f 912 927 913
f 913 927 898
f 898 927 918
f 918 928 896
f 896 928 919
f 919 920 893
f 893 920 921
f 922 921 929
f 923 930 888
f 888 930 935
f 888 935 887
f 887 935 881
f 887 881 886
f 886 881 880
f 886 880 885
f 885 880 879
f 885 879 878
f 911 915 926
f 917 916 931
f 912 917 931
f 912 931 927
f 927 932 918
f 918 932 928
f 919 928 933
f 919 933 920
f 921 920 942
f 921 942 934
f 921 934 929
f 922 929 923
f 923 929 930
f 925 924 936
f 925 936 915
f 915 936 926
f 926 937 938
f 926 938 916
f 916 938 939
f 916 939 931
f 927 931 940
f 927 940 932
f 928 932 941
f 920 933 942
f 929 943 930
f 924 944 936
f 926 936 937
f 932 956 941
f 928 941 933
f 933 941 945
f 933 945 942
f 942 946 934
f 934 946 929
f 929 946 947
f 929 947 943
f 930 943 598
f 930 598 935
f 936 944 949
f 936 949 950
f 936 950 937
f 938 951 939
f 939 951 952
f 939 952 953
f 939 953 931
f 931 953 954
f 931 954 940
f 940 954 955
f 940 955 932
f 932 955 956
f 944 948 949
f 937 950 951
f 937 951 938
f 956 957 941
f 941 957 958
f 941 958 945
f 945 958 959
f 945 959 942
f 942 959 960
f 942 960 946
f 946 960 961
f 946 961 947
f 947 599 943
f 924 914 295
f 924 295 944
f 944 295 209
f 944 209 948
f 988 962 963
f 966 964 988
f 988 964 962
f 968 965 988
f 988 965 966
f 988 967 968
f 971 969 988
f 988 969 967
f 988 970 971
f 988 972 973
f 988 973 970
f 976 974 988
f 988 974 972
f 988 975 976
f 988 977 978
f 988 978 975
f 981 979 988
f 988 979 977
f 988 980 981
f 984 982 988
f 988 982 980
f 986 983 988
f 988 983 984
f 988 985 986
f 989 987 988
f 988 987 985
f 988 990 991
f 994 992 988
f 988 992 990
f 988 993 994
f 988 995 996
f 988 996 993
f 999 997 988
f 988 997 995
f 988 998 999
f 1002 1000 988
f 988 1000 998
f 1004 1001 988
f 988 1001 1002
f 988 1003 1004
f 1007 1005 988
f 988 1005 1003
f 988 1006 1007
f 988 1008 1009
f 988 1009 1006
f 1012 1010 988
f 988 1010 1008
f 988 1011 1012
f 988 1013 1014
f 988 1014 1011
f 1017 1015 988
f 988 1015 1013
f 988 1016 1017
f 1020 1018 988
f 988 1018 1016
f 1022 1019 988
f 988 1019 1020
f 988 1021 1022
f 1025 1023 988
f 988 1023 1021
f 988 1024 1025
f 988 1026 1027
f 988 1027 1024
f 1030 1028 988
f 988 1028 1026
f 988 1029 1030
f 988 1031 1032
f 988 1032 1029
f 963 1033 988
f 988 1033 1031
f 1034 2594 2596
f 1034 2596 1035
f 1035 2596 2526
f 1035 2526 1036
f 2594 1034 1037
f 2594 1037 2595
f 2595 1037 2592
f 2592 1037 1038
f 2592 1038 1039
f 2592 1039 2593
f 2593 1039 1040
f 2593 1040 2591
f 2591 1040 1041
f 2591 1041 2589
f 2589 1041 1042
f 2589 1042 2590
f 2590 1042 2587
f 2587 1042 1043
f 2587 1043 2588
f 2588 1043 1044
f 2588 1044 1045
f 2588 1045 2586
f 2586 1045 1046
f 2586 1046 2584
f 2584 1046 1047
f 2584 1047 2585
f 2585 1047 1048
f 2585 1048 2582
f 2582 1048 2583
f 2583 1048 1049
f 2583 1049 1050
f 2583 1050 2581
f 2581 1050 1051
f 2581 1051 2579
f 2579 1051 1052
f 2579 1052 2580
f 2580 1052 1053
f 2580 1053 2578
f 2578 1053 1054
f 2578 1054 2576
f 2576 1054 1055
f 2576 1055 2577
f 2577 1055 2574
f 2574 1055 1056
f 2574 1056 1057
f 2574 1057 2575
f 2575 1057 1058
f 2575 1058 2573
f 2573 1058 1059
f 2573 1059 2571
f 2571 1059 1060
f 2571 1060 2572
f 2572 1060 2569
f 2569 1060 1061
f 2569 1061 2570
f 2570 1061 1062
f 2570 1062 1063
f 2570 1063 2568
f 2568 1063 1064
f 2568 1064 2566
f 2566 1064 1065
f 2566 1065 2567
f 2567 1065 1066
f 2567 1066 2564
f 2564 1066 2565
f 2565 1066 1067
f 2565 1067 1068
f 2565 1068 2563
f 2563 1068 1069
f 2563 1069 2561
f 2561 1069 1070
f 2561 1070 2562
f 2562 1070 1071
f 2562 1071 2560
f 2560 1071 1072
f 2560 1072 2558
f 2558 1072 1073
f 2558 1073 2559
f 2559 1073 2556
f 2556 1073 1074
f 2556 1074 1075
f 2556 1075 2557
f 2557 1075 1076
f 2557 1076 2555
f 2555 1076 1077
f 2555 1077 2553
f 2553 1077 1078
f 2553 1078 2554
f 2554 1078 1079
f 2554 1079 2551
f 2551 1079 2552
f 2552 1079 1080
f 2552 1080 1081
f 2552 1081 2550
f 2550 1081 1082
f 2550 1082 2548
f 2548 1082 1083
f 2548 1083 2549
f 2549 1083 1084
f 2549 1084 2546
f 2546 1084 2547
f 2547 1084 1085
f 2547 1085 1086
f 2547 1086 2545
f 2545 1086 1087
f 2545 1087 2543
f 2543 1087 1088
f 2543 1088 2544
f 2544 1088 1089
f 2544 1089 2542
f 2542 1089 1090
f 2542 1090 2540
f 2540 1090 1091
f 2540 1091 2541
f 2541 1091 2538
f 2538 1091 1092
f 2538 1092 1093
f 2538 1093 2539
f 2539 1093 1094
f 2539 1094 2537
f 2537 1094 1095
f 2537 1095 2535
f 2535 1095 1096
f 2535 1096 2536
f 2536 1096 2533
f 2533 1096 1097
f 2533 1097 2534
f 2534 1097 1098
f 2534 1098 1099
f 2534 1099 2532
f 2532 1099 1100
f 2532 1100 2530
f 2530 1100 1101
f 2530 1101 2531
f 2531 1101 1102
f 2531 1102 2528
f 2528 1102 2529
f 2529 1102 1103
f 2529 1103 1104
f 2529 1104 2527
f 2527 1104 1105
f 2527 1105 2525
f 2525 1105 1036
f 2525 1036 2526
f 2611 1106 2612
f 2612 1106 1107
f 2612 1107 2613
f 2613 1107 1108
f 2613 1108 1109
f 2613 1109 2614
f 2614 1109 1110
f 2614 1110 1111
f 2614 1111 2615
f 2615 1111 1112
f 2615 1112 1113
f 2615 1113 2616
f 2616 1113 1114
f 2616 1114 1115
f 2616 1115 2617
f 2617 1115 1116
f 2617 1116 1117
f 2617 1117 2618
f 2618 1117 1118
f 2618 1118 1119
f 2618 1119 2619
f 2619 1119 1120
f 2619 1120 2620
f 2620 1120 1121
f 2620 1121 1122
f 2620 1122 2621
f 2621 1122 1123
f 2621 1123 1124
f 2621 1124 2622
f 2622 1124 1125
f 2622 1125 1126
f 2622 1126 2623
f 2623 1126 1127
f 2623 1127 1128
f 2623 1128 2624
f 2624 1128 1129
f 2624 1129 1130
f 2624 1130 2625
f 2625 1130 1181
f 2625 1181 2626
f 2654 1131 2655
f 2655 1131 2656
f 2656 1131 1132
f 2656 1132 2657
f 2657 1132 1133
f 2657 1133 2658
f 2658 1133 1134
f 2658 1134 2659
f 2659 1134 1135
f 2659 1135 1136
f 2659 1136 2660
f 2660 1136 1137
f 2660 1137 2661
f 2661 1137 2662
f 2662 1137 1138
f 2662 1138 2663
f 2663 1138 1139
f 2663 1139 1140
f 2663 1140 2664
f 2664 1140 1141
f 2664 1141 2665
f 2665 1141 1142
f 2665 1142 2666
f 2666 1142 1143
f 2666 1143 2667
f 2667 1143 1144
f 2667 1144 2668
f 2668 1144 1145
f 2668 1145 2599
f 2599 1145 1146
f 2599 1146 1147
f 2599 1147 2598
f 2598 1147 1148
f 2598 1148 2597
f 2597 1148 1149
f 2597 1149 2600
f 2600 1149 1150
f 2600 1150 2601
f 2601 1150 1151
f 2601 1151 2602
f 2602 1151 1152
f 2602 1152 2603
f 2603 1152 1153
f 2603 1153 2604
f 2604 1153 1154
f 2604 1154 2605
f 2605 1154 1155
f 2605 1155 2606
f 2606 1155 1156
f 2606 1156 1157
f 2606 1157 2607
f 2607 1157 1158
f 2607 1158 2608
f 2608 1158 1159
f 2608 1159 1160
f 2608 1160 2609
f 2609 1160 1161
f 2609 1161 1162
f 2609 1162 2610
f 2610 1162 1163
f 2610 1163 1164
f 2610 1164 2611
f 2611 1164 1165
f 2611 1165 1166
f 2611 1166 1106
f 2640 1167 2641
f 2641 1167 1168
f 2641 1168 2642
f 2642 1168 1169
f 2642 1169 2643
f 2643 1169 2644
f 2644 1169 1170
f 2644 1170 2645
f 2645 1170 1171
f 2645 1171 2646
f 2646 1171 1172
f 2646 1172 2647
f 2647 1172 1173
f 2647 1173 1174
f 2647 1174 2648
f 2648 1174 2649
f 2649 1174 1175
f 2649 1175 2650
f 2650 1175 1176
f 2650 1176 2651
f 2651 1176 1177
f 2651 1177 2652
f 2652 1177 1178
f 2652 1178 2653
f 2653 1178 1179
f 2653 1179 2654
f 2654 1179 1180
f 2654 1180 1131
f 2626 1181 1182
f 2626 1182 2627
f 2627 1182 1183
f 2627 1183 2628
f 2628 1183 1184
f 2628 1184 2629
f 2629 1184 1185
f 2629 1185 1186
f 2629 1186 2630
f 2630 1186 2631
f 2631 1186 1187
f 2631 1187 1188
f 2631 1188 2632
f 2632 1188 1189
f 2632 1189 2633
f 2633 1189 1190
f 2633 1190 2634
f 2634 1190 1191
f 2634 1191 2635
f 2635 1191 1192
f 2635 1192 2636
f 2636 1192 1193
f 2636 1193 2637
f 2637 1193 1194
f 2637 1194 2638
f 2638 1194 1195
f 2638 1195 2639
f 2639 1195 1196
f 2639 1196 2640
f 2640 1196 1197
f 2640 1197 1167
f 899 898 2701
f 896 895 2704
f 895 894 2705
f 228 229 2757
f 238 239 2735
f 296 910 2741
f 296 2741 2740
f 296 2740 2739
f 296 2739 210
f 2738 242 210
f 2738 210 2739
f 241 242 2737
f 2737 242 2738
f 2736 240 2737
f 2737 240 241
f 240 2736 2735
f 240 2735 239
f 238 2735 2734
f 2733 237 2734
f 2734 237 238
f 2732 235 2733
f 2733 235 237
f 235 2732 236
f 234 236 2731
f 2731 236 2732
f 233 234 2730
f 2730 234 2731
f 233 2730 2760
f 2760 232 233
f 2759 231 2760
f 2760 231 232
f 231 2759 2758
f 231 2758 230
f 230 2758 2757
f 230 2757 229
f 228 2757 2756
f 2755 226 2756
f 2756 226 228
f 2754 227 2755
f 2755 227 226
f 2754 225 227
f 2753 224 225
f 2753 225 2754
f 224 2753 2752
f 224 2752 222
f 2751 221 2752
f 2752 221 222
f 2751 220 221
f 2750 220 2751
f 2749 219 2750
f 2750 219 220
f 2748 218 2749
f 2749 218 219
f 2747 218 2748
f 2747 217 218
f 216 217 2746
f 2746 217 2747
f 2745 216 2746
f 2745 294 216
f 2744 215 2745
f 2745 215 294
f 297 215 2744
f 2693 297 2744
f 2470 297 1198
f 2693 2692 1199
f 1198 297 2693
f 1198 2693 1199
f 2691 2690 1200
f 2691 1200 2692
f 2692 1200 1199
f 2689 2688 1201
f 1201 1202 2689
f 2689 1202 2690
f 2690 1202 1200
f 1203 2687 2686
f 1203 1201 2687
f 2687 1201 2688
f 2685 2684 1204
f 1204 1205 2685
f 2685 1205 2686
f 2686 1205 1203
f 2682 1206 2683
f 2683 1206 2684
f 2684 1206 1204
f 2681 2680 1207
f 2681 1207 2682
f 2682 1207 1206
f 1208 2679 2678
f 1208 1209 2679
f 2679 1209 2680
f 2680 1209 1207
f 2677 1208 2678
f 2675 1210 2676
f 2676 1210 2677
f 2677 1210 1208
f 1210 2675 1211
f 1211 2675 2674
f 2673 1211 2674
f 2672 1213 2673
f 2673 1213 1211
f 2671 1212 1213
f 2671 1213 2672
f 1212 2671 2670
f 1212 2670 1214
f 1214 2670 2669
f 1214 2669 1215
f 1215 2669 2729
f 1215 2729 2728
f 2727 1216 2728
f 2728 1216 1215
f 1216 2727 2726
f 1216 2726 1217
f 1217 2726 2725
f 1217 2725 2724
f 1217 2724 1218
f 1218 2724 2723
f 2722 1218 2723
f 2721 1219 2722
f 2722 1219 1218
f 2720 1220 1219
f 2720 1219 2721
f 1220 2720 2719
f 2719 1222 1220
f 1222 1221 1220
f 882 1222 2718
f 2718 1222 2719
f 883 882 2717
f 2717 882 2718
f 884 883 2716
f 2716 883 2717
f 2715 885 2716
f 2716 885 884
f 2714 886 2715
f 2715 886 885
f 887 886 2713
f 2713 886 2714
f 888 887 2712
f 2712 887 2713
f 2711 888 2712
f 2710 889 2711
f 2711 889 888
f 2710 890 889
f 2709 890 2710
f 890 2709 891
f 2708 891 2709
f 891 2708 2707
f 2707 892 891
f 2706 893 2707
f 2707 893 892
f 893 2706 894
f 2705 894 2706
f 895 2705 2704
f 896 2704 2703
f 896 2703 897
f 2702 898 2703
f 2703 898 897
f 898 2702 2701
f 899 2701 2700
f 2700 900 899
f 2699 901 900
f 2699 900 2700
f 2698 902 2699
f 2699 902 901
f 902 2698 2697
f 902 2697 903
f 903 2697 2696
f 903 2696 904
f 2695 905 904
f 2695 904 2696
f 2694 906 2695
f 2695 906 905
f 2743 907 2694
f 2694 907 906
f 907 2743 908
f 909 908 2742
f 2742 908 2743
f 2741 910 909
f 2741 909 2742
f 1225 2761 2762
f 1229 2761 1226
f 1226 2761 1225
f 1228 1230 1227
f 1227 1229 1228
f 1228 1229 1226
f 1223 1224 1231
f 1223 1231 1230
f 1230 1231 1227
f 1232 1224 1223
f 1224 1232 1233
f 1232 1234 1233
f 1234 1236 1235
f 1234 1235 1233
f 1236 1237 1235
f 1236 1239 1237
f 1237 1239 1238
f 1239 1240 1238
f 1243 1241 1239
f 1239 1241 1240
f 1242 1241 1243
f 2762 1245 1225
f 1246 1245 2765
f 1245 2762 2763
f 1245 2763 2765
f 1246 2765 2764
f 1246 2764 2766
f 1246 2766 1247
f 2766 2768 1247
f 1247 2768 1248
f 2769 1251 1248
f 1248 2768 2767
f 1248 2767 2769
f 1249 2772 1250
f 1251 2769 2770
f 1251 2770 1249
f 1249 2770 2772
f 1250 2772 2771
f 1252 2773 1253
f 1250 2771 1252
f 1252 2771 2773
f 1253 2773 1254
f 1254 2773 2774
f 1254 2774 2776
f 1254 2776 1255
f 1255 2776 1256
f 2776 2775 1256
f 1257 2778 1258
f 1256 2775 2777
f 1256 2777 1257
f 1257 2777 2778
f 1258 2778 2779
f 1258 2779 1259
f 1259 2779 2780
f 1259 2780 1260
f 1260 2780 2781
f 1260 2781 1262
f 2783 1261 2782
f 2782 1261 1262
f 1262 2781 2782
f 1263 1266 1264
f 1261 2783 1264
f 1264 2783 1265
f 1264 1265 1263
f 1263 1267 1266
f 1266 1267 1268
f 1268 1267 1269
f 1268 1269 1270
f 1269 1271 1270
f 1275 1272 1273
f 1270 1271 1273
f 1270 1273 1274
f 1274 1273 1272
f 1276 1277 1275
f 1275 1277 1272
f 1278 1282 1280
f 1276 1279 1277
f 1277 1279 1280
f 1277 1280 1282
f 1282 1278 1281
f 1230 1228 1329
f 1258 1321 1257
f 1314 1274 1272
f 1311 1310 1419
f 1308 1307 1504
f 1307 1306 1541
f 1428 1454 1289
f 1583 1294 1293
f 1678 1298 1297
f 1334 1283 1312
f 1283 1277 1282
f 1274 1314 1270
f 1268 1270 1315
f 1268 1315 1316
f 1268 1316 1266
f 1266 1316 1317
f 1266 1317 1264
f 1317 1261 1264
f 1319 1262 1318
f 1318 1262 1261
f 1319 1260 1262
f 1319 1259 1260
f 1320 1258 1259
f 1321 1256 1257
f 1254 1255 1322
f 1322 1255 1256
f 1324 1252 1253
f 1323 1253 1254
f 1252 1324 1250
f 1249 1250 1325
f 1249 1325 1251
f 1251 1325 1248
f 1326 1246 1247
f 1326 1247 1248
f 1327 1245 1246
f 1328 1225 1245
f 1230 1329 1223
f 1223 1330 1331
f 1223 1331 1232
f 1234 1232 1331
f 1332 1239 1236
f 1332 1236 1234
f 1239 1333 1243
f 1243 1333 1244
f 1283 1313 1277
f 1277 1313 1336
f 1277 1336 1272
f 1272 1336 1314
f 1314 1315 1270
f 1317 1318 1261
f 1319 1320 1259
f 1320 1321 1258
f 1321 1322 1256
f 1253 1323 1324
f 1324 1325 1250
f 1248 1325 1326
f 1246 1326 1327
f 1327 1328 1245
f 1225 1350 1226
f 1226 1350 1228
f 1228 1350 1329
f 1329 1330 1223
f 1234 1331 1332
f 1239 1332 1333
f 1315 1337 1316
f 1318 1340 1319
f 1322 1343 1254
f 1254 1343 1344
f 1254 1344 1323
f 1326 1348 1327
f 1328 1349 1225
f 1225 1349 1350
f 1330 1352 1331
f 1331 1353 1332
f 1332 1354 1333
f 1283 1334 1313
f 1313 1334 1335
f 1313 1335 1336
f 1336 1356 1314
f 1314 1356 1337
f 1314 1337 1315
f 1337 1338 1316
f 1316 1338 1317
f 1317 1338 1339
f 1317 1339 1318
f 1318 1339 1340
f 1319 1340 1341
f 1319 1341 1320
f 1320 1341 1342
f 1320 1342 1321
f 1321 1342 1343
f 1321 1343 1322
f 1323 1344 1345
f 1323 1345 1324
f 1324 1345 1359
f 1324 1359 1325
f 1325 1359 1346
f 1325 1346 1347
f 1325 1347 1326
f 1347 1348 1326
f 1327 1348 1349
f 1327 1349 1328
f 1350 1351 1329
f 1329 1351 1363
f 1329 1363 1330
f 1330 1363 1352
f 1331 1352 1353
f 1353 1354 1332
f 1354 1366 1333
f 1333 1366 1287
f 1333 1287 1244
f 1312 1367 1334
f 1334 1367 1335
f 1335 1367 1355
f 1335 1355 1336
f 1336 1355 1356
f 1356 1368 1337
f 1337 1368 1369
f 1337 1369 1370
f 1337 1370 1338
f 1338 1370 1371
f 1338 1371 1339
f 1339 1371 1372
f 1339 1372 1340
f 1340 1372 1357
f 1340 1357 1341
f 1341 1357 1358
f 1341 1358 1342
f 1342 1358 1373
f 1342 1373 1343
f 1343 1373 1374
f 1343 1374 1375
f 1343 1375 1344
f 1344 1375 1376
f 1344 1376 1345
f 1345 1376 1359
f 1346 1359 1360
f 1346 1360 1347
f 1347 1360 1379
f 1347 1379 1348
f 1348 1379 1361
f 1348 1361 1380
f 1348 1380 1349
f 1349 1380 1362
f 1349 1362 1350
f 1350 1362 1381
f 1350 1381 1351
f 1351 1381 1363
f 1363 1364 1352
f 1352 1364 1365
f 1352 1365 1353
f 1353 1365 1366
f 1353 1366 1354
f 1366 1383 1287
f 1312 1284 1367
f 1367 1384 1355
f 1355 1384 1385
f 1355 1385 1356
f 1356 1385 1368
f 1372 1388 1357
f 1357 1388 1389
f 1357 1389 1358
f 1358 1389 1390
f 1358 1390 1373
f 1376 1377 1359
f 1359 1377 1378
f 1359 1378 1360
f 1360 1378 1379
f 1379 1392 1361
f 1361 1392 1380
f 1380 1394 1362
f 1362 1394 1381
f 1381 1395 1396
f 1381 1396 1363
f 1363 1396 1397
f 1363 1397 1364
f 1364 1397 1382
f 1364 1382 1365
f 1365 1382 1366
f 1366 1382 1383
f 1383 1288 1287
f 1284 1398 1367
f 1367 1398 1384
f 1385 1400 1368
f 1368 1400 1386
f 1368 1386 1369
f 1369 1386 1370
f 1370 1386 1402
f 1370 1402 1387
f 1370 1387 1371
f 1371 1387 1372
f 1372 1387 1388
f 1388 1403 1389
f 1390 1404 1373
f 1373 1404 1405
f 1373 1405 1374
f 1374 1405 1406
f 1374 1406 1375
f 1375 1406 1407
f 1375 1407 1376
f 1376 1407 1408
f 1376 1408 1377
f 1377 1408 1409
f 1377 1409 1378
f 1378 1409 1391
f 1378 1391 1379
f 1379 1391 1392
f 1392 1393 1380
f 1380 1393 1394
f 1394 1395 1381
f 1397 1415 1382
f 1382 1415 1416
f 1382 1416 1417
f 1382 1417 1383
f 1383 1417 1288
f 1284 1311 1398
f 1417 1418 1288
f 1398 1399 1384
f 1384 1399 1385
f 1385 1399 1400
f 1400 1401 1386
f 1386 1401 1402
f 1387 1402 1422
f 1387 1422 1403
f 1387 1403 1388
f 1403 1423 1389
f 1389 1423 1390
f 1390 1423 1404
f 1409 1410 1391
f 1391 1410 1411
f 1391 1411 1392
f 1392 1411 1393
f 1393 1411 1412
f 1393 1412 1394
f 1394 1412 1426
f 1394 1426 1395
f 1395 1426 1413
f 1395 1413 1414
f 1395 1414 1396
f 1396 1414 1397
f 1397 1414 1415
f 1311 1419 1398
f 1418 1428 1289
f 1418 1289 1288
f 1419 1429 1398
f 1398 1429 1430
f 1398 1430 1399
f 1399 1430 1420
f 1399 1420 1400
f 1400 1420 1431
f 1400 1431 1401
f 1401 1431 1432
f 1401 1432 1421
f 1401 1421 1402
f 1402 1421 1433
f 1402 1433 1422
f 1403 1422 1434
f 1403 1434 1423
f 1423 1424 1404
f 1404 1424 1436
f 1404 1436 1405
f 1405 1436 1437
f 1405 1437 1406
f 1406 1437 1438
f 1406 1438 1407
f 1407 1438 1439
f 1407 1439 1408
f 1408 1439 1425
f 1408 1425 1409
f 1409 1425 1410
f 1410 1425 1441
f 1410 1441 1442
f 1410 1442 1411
f 1411 1442 1443
f 1411 1443 1412
f 1412 1443 1444
f 1412 1444 1426
f 1426 1445 1413
f 1413 1445 1446
f 1413 1446 1414
f 1414 1446 1427
f 1414 1427 1415
f 1415 1427 1448
f 1415 1448 1416
f 1416 1448 1449
f 1416 1449 1417
f 1417 1449 1428
f 1417 1428 1418
f 1430 1450 1420
f 1420 1450 1431
f 1432 1451 1421
f 1421 1451 1433
f 1422 1433 1452
f 1422 1452 1434
f 1423 1434 1435
f 1423 1435 1424
f 1424 1435 1436
f 1439 1440 1425
f 1425 1440 1441
f 1444 1453 1426
f 1426 1453 1445
f 1446 1447 1427
f 1427 1447 1448
f 1310 1285 1419
f 1419 1285 1429
f 1449 1454 1428
f 1285 1455 1429
f 1429 1455 1456
f 1429 1456 1430
f 1430 1456 1450
f 1450 1457 1431
f 1431 1457 1432
f 1432 1457 1451
f 1451 1459 1433
f 1433 1459 1460
f 1433 1460 1452
f 1452 1461 1434
f 1434 1461 1462
f 1434 1462 1435
f 1435 1462 1463
f 1435 1463 1436
f 1436 1463 1464
f 1436 1464 1465
f 1436 1465 1437
f 1437 1465 1466
f 1437 1466 1438
f 1438 1466 1467
f 1438 1467 1439
f 1439 1467 1440
f 1440 1467 1468
f 1440 1468 1469
f 1440 1469 1441
f 1441 1469 1470
f 1441 1470 1442
f 1442 1470 1471
f 1442 1471 1443
f 1443 1471 1472
f 1443 1472 1444
f 1444 1472 1453
f 1453 1473 1445
f 1445 1473 1474
f 1445 1474 1446
f 1446 1474 1475
f 1446 1475 1447
f 1447 1475 1476
f 1447 1476 1448
f 1448 1476 1477
f 1448 1477 1478
f 1448 1478 1449
f 1449 1478 1454
f 1285 1309 1455
f 1450 1456 1457
f 1457 1458 1451
f 1451 1458 1481
f 1451 1481 1459
f 1452 1460 1461
f 1453 1472 1473
f 1478 1479 1454
f 1454 1479 1290
f 1309 1495 1455
f 1455 1495 1484
f 1455 1484 1456
f 1456 1484 1480
f 1456 1480 1457
f 1457 1480 1485
f 1457 1485 1458
f 1458 1485 1481
f 1459 1481 1497
f 1459 1497 1460
f 1460 1497 1486
f 1460 1486 1461
f 1461 1486 1487
f 1461 1487 1462
f 1462 1487 1498
f 1462 1498 1463
f 1463 1498 1482
f 1463 1482 1464
f 1464 1482 1465
f 1465 1482 1499
f 1465 1499 1466
f 1466 1499 1488
f 1466 1488 1489
f 1466 1489 1467
f 1467 1489 1490
f 1467 1490 1468
f 1468 1490 1491
f 1468 1491 1469
f 1469 1491 1470
f 1470 1491 1492
f 1470 1492 1471
f 1471 1492 1500
f 1471 1500 1472
f 1472 1500 1501
f 1472 1501 1473
f 1473 1501 1493
f 1473 1493 1474
f 1474 1493 1502
f 1474 1502 1475
f 1475 1502 1483
f 1475 1483 1476
f 1476 1483 1477
f 1477 1483 1494
f 1477 1494 1478
f 1478 1494 1479
f 1479 1291 1290
f 1308 1495 1309
f 1480 1506 1485
f 1490 1510 1491
f 1494 1503 1479
f 1479 1503 1291
f 1308 1504 1495
f 1484 1505 1480
f 1480 1505 1506
f 1481 1485 1496
f 1481 1496 1497
f 1498 1509 1482
f 1482 1509 1499
f 1510 1492 1491
f 1502 1511 1483
f 1483 1511 1494
f 1495 1505 1484
f 1497 1507 1486
f 1486 1507 1508
f 1486 1508 1487
f 1487 1508 1498
f 1510 1513 1492
f 1492 1513 1500
f 1501 1514 1493
f 1503 1516 1291
f 1504 1517 1495
f 1495 1517 1505
f 1505 1518 1506
f 1506 1512 1485
f 1485 1512 1519
f 1485 1519 1496
f 1496 1519 1497
f 1508 1527 1498
f 1498 1527 1509
f 1509 1520 1499
f 1499 1520 1521
f 1499 1521 1488
f 1488 1521 1489
f 1489 1521 1522
f 1489 1522 1490
f 1490 1522 1510
f 1500 1513 1524
f 1500 1524 1501
f 1501 1524 1514
f 1514 1515 1493
f 1493 1515 1502
f 1502 1515 1511
f 1511 1525 1494
f 1494 1525 1516
f 1494 1516 1503
f 1516 1292 1291
f 1504 1307 1517
f 1517 1529 1505
f 1505 1529 1518
f 1518 1526 1506
f 1506 1526 1512
f 1497 1519 1507
f 1527 1520 1509
f 1522 1523 1510
f 1510 1523 1513
f 1515 1528 1511
f 1511 1528 1525
f 1516 1540 1292
f 1526 1530 1512
f 1512 1530 1519
f 1519 1531 1507
f 1507 1531 1532
f 1507 1532 1508
f 1508 1532 1527
f 1520 1533 1521
f 1521 1533 1534
f 1521 1534 1522
f 1523 1524 1513
f 1524 1535 1536
f 1524 1536 1514
f 1514 1536 1537
f 1514 1537 1515
f 1515 1537 1528
f 1528 1538 1525
f 1525 1538 1539
f 1525 1539 1516
f 1516 1539 1540
f 1540 1546 1292
f 1307 1541 1517
f 1517 1541 1529
f 1519 1530 1531
f 1532 1543 1527
f 1527 1543 1544
f 1527 1544 1520
f 1520 1544 1533
f 1522 1545 1523
f 1523 1545 1524
f 1524 1545 1535
f 1529 1542 1518
f 1518 1542 1526
f 1526 1542 1530
f 1533 1549 1534
f 1534 1549 1550
f 1534 1550 1522
f 1522 1550 1545
f 1536 1552 1537
f 1292 1546 1561
f 1541 1553 1529
f 1529 1553 1554
f 1529 1554 1542
f 1542 1547 1530
f 1530 1547 1555
f 1530 1555 1531
f 1531 1555 1532
f 1544 1548 1533
f 1533 1548 1549
f 1545 1550 1556
f 1545 1556 1535
f 1535 1556 1551
f 1535 1551 1536
f 1536 1551 1552
f 1537 1557 1528
f 1528 1557 1538
f 1538 1557 1558
f 1538 1558 1539
f 1539 1558 1559
f 1539 1559 1540
f 1540 1559 1560
f 1540 1560 1546
f 1306 1553 1541
f 1554 1570 1542
f 1542 1570 1547
f 1547 1563 1555
f 1555 1564 1532
f 1532 1564 1543
f 1543 1565 1544
f 1544 1565 1548
f 1548 1572 1549
f 1549 1572 1566
f 1549 1566 1550
f 1550 1567 1556
f 1552 1568 1537
f 1537 1568 1557
f 1546 1560 1561
f 1306 1305 1553
f 1570 1562 1547
f 1547 1562 1563
f 1543 1564 1565
f 1565 1572 1548
f 1566 1573 1550
f 1550 1573 1567
f 1556 1574 1551
f 1551 1574 1575
f 1551 1575 1552
f 1552 1575 1568
f 1560 1293 1561
f 1305 1577 1553
f 1553 1577 1569
f 1553 1569 1554
f 1554 1569 1570
f 1563 1571 1555
f 1555 1571 1585
f 1555 1585 1564
f 1564 1579 1565
f 1566 1572 1573
f 1568 1581 1557
f 1557 1582 1558
f 1558 1582 1576
f 1558 1576 1559
f 1559 1576 1583
f 1559 1583 1560
f 1560 1583 1293
f 1305 1304 1577
f 1570 1584 1562
f 1562 1584 1578
f 1562 1578 1563
f 1563 1578 1571
f 1585 1579 1564
f 1579 1586 1565
f 1565 1586 1572
f 1567 1588 1556
f 1556 1588 1574
f 1568 1575 1580
f 1568 1580 1581
f 1557 1581 1582
f 1304 1589 1577
f 1577 1589 1590
f 1577 1590 1569
f 1569 1590 1570
f 1570 1590 1584
f 1584 1591 1578
f 1571 1578 1585
f 1585 1592 1579
f 1579 1592 1586
f 1586 1594 1572
f 1572 1594 1587
f 1572 1587 1573
f 1573 1587 1599
f 1573 1599 1567
f 1567 1599 1588
f 1576 1582 1595
f 1576 1595 1583
f 1590 1606 1584
f 1584 1606 1591
f 1578 1591 1597
f 1578 1597 1585
f 1585 1597 1592
f 1592 1593 1586
f 1594 1598 1587
f 1588 1600 1574
f 1574 1600 1575
f 1575 1600 1601
f 1575 1601 1580
f 1580 1601 1602
f 1580 1602 1603
f 1580 1603 1581
f 1581 1603 1582
f 1582 1603 1595
f 1595 1596 1583
f 1583 1596 1604
f 1583 1604 1294
f 1589 1605 1590
f 1590 1605 1606
f 1606 1607 1591
f 1593 1609 1586
f 1586 1609 1594
f 1598 1599 1587
f 1599 1610 1588
f 1588 1610 1600
f 1304 1303 1589
f 1591 1607 1616
f 1591 1616 1597
f 1597 1608 1592
f 1592 1608 1593
f 1593 1608 1609
f 1603 1615 1595
f 1595 1615 1604
f 1595 1604 1596
f 1604 1620 1294
f 1589 1303 1611
f 1589 1611 1605
f 1616 1612 1597
f 1597 1612 1608
f 1609 1613 1594
f 1594 1613 1617
f 1594 1617 1598
f 1598 1617 1622
f 1598 1622 1599
f 1599 1622 1623
f 1599 1623 1610
f 1600 1610 1618
f 1600 1618 1614
f 1600 1614 1601
f 1601 1614 1602
f 1602 1614 1624
f 1602 1624 1603
f 1603 1624 1615
f 1615 1619 1604
f 1604 1619 1620
f 1294 1620 1295
f 1605 1611 1621
f 1605 1621 1606
f 1606 1621 1616
f 1606 1616 1607
f 1615 1625 1619
f 1302 1626 1303
f 1303 1626 1611
f 1611 1626 1627
f 1611 1627 1621
f 1621 1628 1616
f 1616 1629 1612
f 1612 1629 1608
f 1608 1629 1630
f 1608 1630 1609
f 1609 1630 1631
f 1609 1631 1613
f 1613 1631 1617
f 1610 1623 1632
f 1610 1632 1618
f 1614 1618 1633
f 1614 1633 1624
f 1615 1624 1625
f 1625 1634 1619
f 1620 1635 1295
f 1616 1628 1629
f 1617 1631 1636
f 1617 1636 1622
f 1622 1637 1623
f 1623 1637 1638
f 1623 1638 1632
f 1619 1639 1620
f 1620 1639 1635
f 1621 1627 1628
f 1629 1628 1641
f 1629 1641 1630
f 1630 1642 1631
f 1622 1636 1637
f 1632 1638 1643
f 1632 1643 1618
f 1618 1643 1644
f 1618 1644 1633
f 1624 1633 1645
f 1624 1645 1646
f 1624 1646 1625
f 1625 1646 1634
f 1619 1634 1639
f 1302 1286 1647
f 1302 1647 1626
f 1626 1647 1640
f 1626 1640 1627
f 1627 1640 1628
f 1628 1640 1641
f 1631 1642 1636
f 1633 1644 1645
f 1634 1646 1650
f 1634 1650 1639
f 1635 1639 1651
f 1635 1651 1295
f 1641 1648 1630
f 1630 1648 1652
f 1630 1652 1642
f 1642 1653 1636
f 1636 1653 1637
f 1637 1653 1649
f 1637 1649 1638
f 1638 1649 1654
f 1638 1654 1643
f 1643 1654 1644
f 1644 1654 1655
f 1644 1655 1645
f 1650 1651 1639
f 1651 1296 1295
f 1286 1657 1647
f 1647 1657 1658
f 1647 1658 1640
f 1640 1658 1659
f 1640 1659 1660
f 1640 1660 1641
f 1641 1660 1648
f 1642 1652 1653
f 1645 1655 1656
f 1645 1656 1646
f 1646 1656 1650
f 1286 1301 1657
f 1660 1665 1648
f 1648 1665 1652
f 1653 1666 1661
f 1653 1661 1649
f 1649 1661 1654
f 1654 1661 1655
f 1656 1662 1650
f 1650 1662 1663
f 1650 1663 1651
f 1651 1663 1296
f 1296 1663 1297
f 1657 1664 1658
f 1658 1664 1659
f 1659 1664 1668
f 1659 1668 1660
f 1660 1668 1665
f 1652 1665 1669
f 1652 1669 1653
f 1653 1669 1666
f 1661 1673 1670
f 1661 1670 1655
f 1655 1670 1667
f 1655 1667 1656
f 1656 1667 1662
f 1657 1301 1664
f 1666 1669 1672
f 1666 1672 1661
f 1661 1672 1673
f 1667 1674 1662
f 1662 1674 1663
f 1663 1674 1675
f 1663 1675 1297
f 1301 1300 1671
f 1301 1671 1664
f 1664 1671 1668
f 1668 1676 1665
f 1665 1676 1669
f 1670 1673 1677
f 1670 1677 1667
f 1667 1677 1674
f 1671 1680 1668
f 1668 1680 1681
f 1668 1681 1676
f 1676 1682 1669
f 1669 1682 1672
f 1677 1683 1674
f 1674 1683 1684
f 1674 1684 1675
f 1675 1684 1678
f 1675 1678 1297
f 1300 1299 1679
f 1300 1679 1671
f 1671 1679 1680
f 1672 1682 1685
f 1672 1685 1673
f 1673 1685 1677
f 1679 1681 1680
f 1676 1681 1682
f 1685 1687 1677
f 1677 1687 1683
f 1684 1688 1678
f 1678 1688 1298
f 1692 1686 1299
f 1299 1686 1679
f 1679 1686 1689
f 1679 1689 1681
f 1681 1689 1690
f 1681 1690 1682
f 1682 1690 1685
f 1683 1687 1684
f 1684 1687 1688
f 1685 1690 1687
f 1687 1691 1688
f 1771 1298 1688
f 1771 1688 1691
f 1691 1687 1690
f 1689 1686 1692
f 1767 1694 1693
f 1693 1694 1696
f 1693 1696 1695
f 1695 1696 1698
f 1695 1698 1697
f 1697 1698 1700
f 1697 1700 1699
f 1699 1700 1701
f 1701 1700 1702
f 1701 1702 1704
f 1701 1704 1703
f 1703 1704 1706
f 1703 1706 1705
f 1705 1706 1708
f 1705 1708 1707
f 1707 1708 1710
f 1707 1710 1709
f 1709 1710 1711
f 1709 1711 1712
f 1712 1711 1714
f 1712 1714 1713
f 1713 1714 1716
f 1713 1716 1715
f 1715 1716 1718
f 1715 1718 1717
f 1717 1718 1720
f 1717 1720 1719
f 1719 1720 1722
f 1719 1722 1721
f 1721 1722 1723
f 1723 1722 1724
f 1723 1724 1726
f 1723 1726 1725
f 1725 1726 1728
f 1725 1728 1727
f 1727 1728 1730
f 1727 1730 1729
f 1729 1730 1732
f 1729 1732 1731
f 1731 1732 1734
f 1731 1734 1733
f 1733 1734 1736
f 1733 1736 1735
f 1735 1736 1738
f 1735 1738 1737
f 1737 1738 1739
f 1739 1738 1740
f 1739 1740 1742
f 1739 1742 1741
f 1741 1742 1744
f 1741 1744 1743
f 1743 1744 1746
f 1743 1746 1745
f 1745 1746 1748
f 1745 1748 1747
f 1747 1748 1749
f 1749 1748 1750
f 1749 1750 1752
f 1749 1752 1751
f 1751 1752 1754
f 1751 1754 1753
f 1753 1754 1756
f 1753 1756 1755
f 1755 1756 1758
f 1755 1758 1757
f 1757 1758 1760
f 1757 1760 1759
f 1759 1760 1761
f 1761 1760 1762
f 1761 1762 1764
f 1761 1764 1763
f 1763 1764 1766
f 1763 1766 1765
f 1765 1766 1768
f 1765 1768 1767
f 1767 1768 1694
f 2895 1769 2893
f 2895 2897 1769
f 1769 2897 2899
f 1769 2899 1770
f 2883 1772 2881
f 2881 1772 1777
f 2881 1777 2879
f 1774 1776 2891
f 1769 1774 2893
f 2893 1774 2891
f 2877 2879 1777
f 1770 2899 2901
f 2855 1690 1689
f 1690 2857 2859
f 2871 1771 1691
f 2871 1691 2869
f 2883 1775 1772
f 1778 1780 2885
f 1781 1778 2885
f 2901 2903 1770
f 1770 2903 2905
f 2857 1690 2855
f 2862 1690 2859
f 2885 1780 2883
f 1783 1781 2887
f 2887 1781 2885
f 1776 1773 2891
f 2891 1773 2889
f 1692 1782 2847
f 2847 1782 2845
f 1692 2847 2849
f 2851 1692 2849
f 1691 1690 2863
f 2863 1690 2862
f 2867 1691 2865
f 2877 1771 2875
f 2883 1780 1775
f 1779 1783 2889
f 2889 1783 2887
f 2845 1782 2843
f 2843 1782 1787
f 2843 1787 2917
f 2851 1689 1692
f 2853 1689 2851
f 2855 1689 2853
f 2869 1691 2867
f 2873 1771 2871
f 2877 1777 1771
f 2889 1773 1779
f 2911 1793 1786
f 2913 1790 1789
f 2917 1787 1784
f 2917 1784 2915
f 2865 1691 2863
f 2875 1771 2873
f 2907 1791 2905
f 2909 1792 2907
f 2907 1792 1785
f 2913 1789 2911
f 2915 1790 2913
f 2905 1791 1770
f 2907 1788 1791
f 1785 1788 2907
f 2911 1786 1792
f 2911 1792 2909
f 2915 1784 1790
f 1789 1793 2911
f 2937 1861 1795
f 1853 1852 594
f 1822 1814 1820
f 1944 1807 1824
f 1809 1805 175
f 1813 1815 1805
f 655 1848 672
f 672 1848 1808
f 593 594 1852
f 1221 2798 1220
f 2810 1847 2839
f 1848 2812 2837
f 2835 2836 1848
f 1848 2836 2812
f 2834 1850 2833
f 1833 2829 2830
f 1804 2507 1795
f 1809 171 2524
f 1809 2524 1810
f 1810 1860 1813
f 1810 1813 1805
f 1860 1859 1814
f 1860 1814 1811
f 1812 1814 1859
f 175 171 1809
f 1805 1809 1810
f 1811 1813 1860
f 1863 1794 1816
f 1816 1794 1817
f 1816 1817 1819
f 1819 1817 1803
f 1819 1818 1816
f 1816 1818 1820
f 1816 1820 1812
f 1823 1806 1822
f 1820 1818 1823
f 1821 1819 1824
f 1826 1824 1819
f 1819 1821 1823
f 1819 1823 1818
f 1811 1814 1815
f 1815 1814 1822
f 1806 1823 1821
f 1806 1821 1824
f 1824 1826 1825
f 1944 1825 1943
f 1814 1812 1820
f 2932 2842 1827
f 1827 2842 2826
f 2828 2813 1837
f 1837 2813 1833
f 1827 2826 1835
f 1827 1835 1802
f 1830 1802 1828
f 1830 1828 1829
f 1824 1807 1806
f 1820 1823 1822
f 1803 1827 1826
f 1826 1827 1802
f 1829 1831 1832
f 1829 1832 1830
f 1836 1831 1829
f 1944 1824 1825
f 1834 1831 1836
f 2832 2833 1850
f 1833 2813 2829
f 1838 1833 2832
f 1838 2832 1801
f 1943 1832 1942
f 1942 1832 1831
f 1942 1831 1941
f 1941 1831 1834
f 1941 1834 1940
f 1940 1834 1838
f 1802 1835 1828
f 1828 1837 1829
f 1829 1837 1836
f 2826 2827 1835
f 1828 1835 1837
f 1836 1837 1833
f 1836 1833 1838
f 1836 1838 1834
f 1838 1801 1940
f 1940 1801 1867
f 1801 2832 1850
f 1833 2830 2831
f 1833 2831 2832
f 2835 1850 2834
f 1867 1801 1850
f 2827 2828 1835
f 1835 2828 1837
f 2807 1843 2805
f 1847 2809 1844
f 1844 2809 2808
f 2808 2805 1842
f 1842 2805 1843
f 1843 2807 1839
f 1841 685 684
f 1839 1841 684
f 1800 1842 1846
f 1845 1846 1843
f 681 1798 1846
f 1839 684 1845
f 1845 684 683
f 682 1845 683
f 1846 1845 682
f 1846 682 681
f 2809 1847 2810
f 1858 758 757
f 1858 757 1857
f 1857 757 686
f 1857 685 1841
f 1857 686 685
f 1849 2839 1847
f 2811 1849 1808
f 2811 1808 2838
f 2838 1808 2837
f 2837 1808 1848
f 1847 1844 1849
f 1846 1798 1799
f 1798 680 1799
f 680 679 1799
f 1799 1800 1846
f 1849 679 1808
f 1800 1799 1844
f 1844 1799 1849
f 1849 1799 679
f 1844 2808 1800
f 1800 2808 1842
f 1846 1842 1843
f 1845 1843 1839
f 1841 1839 1840
f 1841 1840 1855
f 1850 655 1867
f 1850 2835 655
f 655 2835 1848
f 1849 2811 2839
f 2803 1857 1856
f 2803 1856 2804
f 1853 2799 2797
f 2797 1797 1853
f 2800 2799 1851
f 2799 1853 1851
f 1797 2797 2798
f 1797 2798 1221
f 609 1796 1222
f 1796 593 1852
f 1853 1797 1852
f 594 1854 1853
f 1854 595 1851
f 1858 2803 2802
f 1221 1222 1796
f 1221 1796 1852
f 1221 1852 1797
f 1853 1854 1851
f 1858 2802 758
f 758 2802 597
f 597 2802 2801
f 597 2801 1851
f 1856 1857 1841
f 1856 1841 1855
f 2806 1855 1840
f 2806 1840 1839
f 2806 1839 2807
f 1854 594 595
f 1851 595 596
f 1851 596 597
f 2806 2804 1855
f 1855 2804 1856
f 1857 2803 1858
f 1851 2801 2800
f 1860 1804 1795
f 1795 2507 2937
f 1862 2937 2932
f 1795 1859 1860
f 1804 1860 2522
f 2507 2934 2937
f 1795 1861 1859
f 1861 2937 1862
f 1861 1862 1859
f 1863 1862 1794
f 1794 2932 1817
f 1817 2932 1827
f 1817 1827 1803
f 1832 1943 1830
f 1802 1830 1826
f 1830 1943 1825
f 1830 1825 1826
f 1826 1819 1803
f 1863 1816 1812
f 1813 1811 1815
f 1810 2524 2522
f 1810 2522 1860
f 1812 1859 1863
f 1863 1859 1862
f 1794 1862 2932
f 202 192 1986
f 1989 1966 1987
f 1883 632 633
f 627 630 1917
f 772 1868 633
f 1868 1869 1876
f 1876 1869 1870
f 1876 1870 1877
f 1877 1870 1871
f 1877 1871 1878
f 1878 1871 1872
f 1878 1872 1881
f 1881 1872 1879
f 1879 1872 1873
f 1879 1873 1880
f 1880 1873 1874
f 1880 1874 1875
f 1883 633 1868
f 1883 1868 1884
f 1884 1868 1876
f 1879 1880 1882
f 1884 1876 1885
f 1885 1876 1877
f 1885 1877 1889
f 1889 1877 1878
f 1889 1878 1886
f 1886 1878 1881
f 1886 1881 1879
f 1886 1879 1887
f 1887 1879 1882
f 1882 1880 1890
f 632 1883 1891
f 1891 1883 1884
f 1884 1885 1888
f 1888 1885 1889
f 1887 1882 1894
f 1894 1882 1890
f 1891 1884 1888
f 1888 1889 1897
f 1897 1889 1886
f 1897 1886 1892
f 1892 1886 1887
f 1892 1887 1893
f 1893 1887 1894
f 631 632 1891
f 631 1891 1895
f 1895 1891 1888
f 1895 1888 1896
f 1896 1888 1897
f 1893 1894 1900
f 1900 1894 1901
f 1901 1894 1890
f 1896 1897 1905
f 1905 1897 1892
f 1905 1892 1898
f 1898 1892 1893
f 1898 1893 1899
f 1899 1893 1900
f 629 631 1902
f 1902 631 1895
f 1902 1895 1903
f 1903 1895 1896
f 1903 1896 1904
f 1904 1896 1905
f 1900 1901 1946
f 1904 1905 1908
f 1908 1905 1898
f 1908 1898 1906
f 1906 1898 1899
f 1906 1899 1909
f 1909 1899 1900
f 1909 1900 1907
f 1907 1900 1946
f 629 1902 1903
f 629 1903 1910
f 1910 1903 1904
f 1910 1904 1911
f 1911 1904 1908
f 1945 1907 1946
f 630 629 1910
f 1911 1908 1915
f 1915 1908 1906
f 1915 1906 1912
f 1912 1906 1909
f 1912 1909 1916
f 1916 1909 1907
f 1916 1907 1913
f 1913 1907 1945
f 1914 1910 1911
f 1914 1911 1918
f 1918 1911 1915
f 1916 1913 1921
f 1921 1913 1922
f 1922 1913 1945
f 1917 630 1910
f 1917 1910 1914
f 1915 1912 1919
f 1919 1912 1916
f 1919 1916 1920
f 1920 1916 1921
f 1917 1914 1923
f 1923 1914 1918
f 1923 1918 1925
f 1925 1918 1915
f 1925 1915 1919
f 1919 1920 1926
f 1920 1921 1928
f 1928 1921 1922
f 627 1917 1924
f 1924 1917 1923
f 1924 1923 1925
f 1925 1919 1926
f 1926 1920 1927
f 1927 1920 1928
f 628 627 1924
f 1929 1924 1925
f 1929 1925 1930
f 1930 1925 1926
f 1930 1926 1931
f 1931 1926 1927
f 1933 1927 1928
f 1933 1928 1934
f 1934 1928 1948
f 1934 1948 1947
f 625 628 1932
f 1932 628 1924
f 1932 1924 1929
f 1929 1930 1936
f 1936 1930 1931
f 1936 1931 1937
f 1937 1931 1927
f 1937 1927 1933
f 626 625 1932
f 1935 1932 1929
f 1935 1929 1936
f 1937 1933 1938
f 1938 1933 1934
f 1938 1934 1939
f 1867 626 1932
f 1867 1932 1940
f 1940 1932 1935
f 1940 1935 1941
f 1941 1935 1936
f 1941 1936 1942
f 1942 1936 1937
f 1942 1937 1938
f 1942 1938 1943
f 1943 1938 1944
f 1944 1938 1939
f 1922 1948 1928
f 1949 1890 1950
f 1950 1890 1880
f 1950 1880 1875
f 1947 1939 1934
f 1951 1946 1901
f 1951 1901 1890
f 1952 1922 1945
f 1953 1945 1946
f 1954 1946 1951
f 1949 1951 1890
f 1953 1952 1945
f 1954 1953 1946
f 1866 1950 1875
f 1966 1948 1922
f 1966 1922 1952
f 1956 1949 1957
f 1957 1949 1950
f 1957 1950 1958
f 1958 1950 1866
f 1807 1944 1960
f 1960 1944 1939
f 1960 1939 1947
f 1965 1954 1951
f 1965 1951 1959
f 1959 1951 1949
f 1956 1959 1949
f 1958 1866 1955
f 1978 1953 1954
f 1978 1954 1965
f 1962 1956 1957
f 1962 1957 1963
f 1963 1957 1958
f 1963 1958 1964
f 1964 1958 1955
f 1960 1947 1961
f 1961 1947 1948
f 1806 1807 1960
f 1806 1960 1864
f 1969 1959 1956
f 1969 1956 1962
f 1961 1948 1966
f 1969 1962 1968
f 1968 1962 1963
f 1968 1963 1967
f 1967 1963 1964
f 1967 1964 2105
f 1864 1960 1989
f 1989 1960 1961
f 1865 1966 1952
f 1865 1952 1953
f 1974 1965 1959
f 1974 1959 1969
f 2105 1970 1967
f 1965 1977 1978
f 1953 1978 1865
f 1972 1971 1973
f 1973 1983 1975
f 1975 1983 170
f 1974 1969 1972
f 1974 1972 1975
f 1965 1974 1977
f 1977 1974 1976
f 1978 1977 1984
f 1984 1977 203
f 1967 1970 1979
f 1979 2127 1980
f 1973 1979 1980
f 1973 1980 1981
f 1983 1981 1982
f 1983 1982 206
f 206 170 1983
f 1983 1973 1981
f 1973 1971 1979
f 1979 1971 1968
f 1979 1968 1967
f 1973 1975 1972
f 1971 1972 1969
f 1971 1969 1968
f 170 166 1975
f 166 1976 1975
f 1975 1976 1974
f 1976 203 1977
f 1984 203 202
f 1865 1978 1984
f 1986 1984 202
f 1987 1865 1984
f 1987 1984 1985
f 1985 1984 1986
f 1966 1865 1987
f 1989 1987 1985
f 1989 1985 1986
f 1988 1986 192
f 1988 192 146
f 1990 1989 1986
f 1990 1986 1988
f 1990 1988 1991
f 1991 1988 146
f 1991 146 147
f 1864 1989 1990
f 1993 1991 147
f 1864 1990 1992
f 1992 1990 1991
f 175 1993 147
f 1815 1864 1992
f 1961 1966 1989
f 1806 1864 1822
f 1822 1864 1815
f 1815 1992 1805
f 1805 1992 1991
f 1805 1991 1993
f 1805 1993 175
f 2115 2044 2142
f 2109 2142 2141
f 2104 2109 2103
f 2041 2049 2040
f 2008 93 116
f 2086 1868 772
f 2086 1869 1868
f 1870 2121 1871
f 2123 1872 1871
f 1873 2110 1874
f 2104 1866 1875
f 2106 1964 1955
f 2127 1979 1970
f 2127 1970 2129
f 1999 207 208
f 2136 2003 2004
f 2001 2136 2002
f 2010 2054 2011
f 2011 2054 2073
f 2011 2073 2012
f 2012 2073 2009
f 2006 2007 2010
f 2006 2010 2014
f 2014 2010 2011
f 2014 2011 2015
f 2015 2011 2012
f 2015 2012 2013
f 2012 2009 2013
f 2013 2009 2165
f 2014 2015 2017
f 2017 2015 2013
f 2017 2013 2018
f 2005 2006 2014
f 2005 2014 2016
f 2016 2014 2017
f 2003 2005 2004
f 2004 2005 2016
f 2004 2016 2020
f 2020 2016 2017
f 2020 2017 2018
f 2020 2018 2019
f 2019 2018 2157
f 2004 2020 2021
f 2021 2020 2022
f 2022 2020 2019
f 2022 2019 2023
f 2023 2019 2157
f 2002 2021 2024
f 2021 2022 2024
f 2002 2024 2026
f 2024 2022 2023
f 2024 2023 2025
f 2136 2004 2002
f 2002 2004 2021
f 2018 2013 2158
f 2133 2134 2032
f 1999 2133 2036
f 2028 2026 2029
f 2026 2027 2029
f 2028 2029 2030
f 2000 2001 2028
f 2029 2027 2034
f 2036 2032 2033
f 2134 2000 2032
f 2032 2030 2033
f 2033 2030 2031
f 2033 2031 2035
f 2000 2028 2032
f 2032 2028 2030
f 2030 2029 2034
f 2030 2034 2031
f 2036 2033 2037
f 2037 2033 2035
f 1999 2036 2038
f 2038 2037 2039
f 2039 2037 2035
f 2038 2036 2037
f 2008 1999 2038
f 2008 2038 2039
f 116 1999 2008
f 2008 2039 93
f 2133 2032 2036
f 2001 2002 2028
f 2028 2002 2026
f 2026 2024 2027
f 2027 2024 2025
f 2027 2025 2034
f 2101 2098 2043
f 2041 2040 2042
f 2043 2042 2040
f 2101 2040 2120
f 2120 2040 2143
f 779 2057 2099
f 2100 2102 2042
f 2100 2042 2043
f 2046 2048 2045
f 2045 2048 2047
f 2044 2047 2050
f 2049 2048 2046
f 2047 2044 2045
f 2049 2046 2143
f 2049 2143 2040
f 2050 2076 1998
f 2042 2102 2052
f 2042 2052 2041
f 2049 2041 2051
f 2070 2047 2048
f 2051 2048 2049
f 2053 2041 2052
f 2102 2056 2052
f 2041 2053 2051
f 2051 2053 2055
f 2048 2051 2071
f 2048 2071 2070
f 2055 2071 2051
f 2058 2053 2052
f 2056 2102 2057
f 2057 2102 2099
f 2057 1997 2063
f 2064 2063 1997
f 2059 2053 2058
f 2059 2058 2060
f 1997 780 781
f 1997 781 782
f 1997 782 2061
f 782 2062 2061
f 2056 2063 1996
f 2064 2062 2066
f 2064 2061 2062
f 1997 2061 2064
f 2065 2060 1996
f 1996 2060 2058
f 2059 2072 2067
f 2065 2066 2068
f 2065 2068 2060
f 2060 2068 2059
f 2059 2068 2072
f 1996 2063 2064
f 1996 2064 2065
f 2065 2064 2066
f 2056 2057 2063
f 2056 1996 2052
f 2052 1996 2058
f 2053 2059 2055
f 2055 2059 2067
f 2067 2072 2077
f 2067 2077 2071
f 2047 2070 2078
f 2047 2078 2050
f 2073 2054 2074
f 2007 2140 2075
f 2071 2077 2080
f 2071 2080 2070
f 2072 2069 2077
f 2070 2080 2078
f 2078 2076 2050
f 2080 2079 2078
f 2078 2083 2076
f 2080 1994 2079
f 2079 2085 2083
f 2079 1994 1995
f 2079 1995 2085
f 2076 2083 2054
f 2076 2054 2075
f 2075 2010 2007
f 2084 2073 2074
f 2084 2074 1995
f 1995 2074 2085
f 1994 2144 1995
f 2083 2085 2074
f 2083 2074 2054
f 2080 2082 1994
f 2075 2054 2010
f 2075 2140 1998
f 2075 1998 2076
f 2083 2078 2079
f 2082 2080 2077
f 2082 2077 2081
f 2081 2077 2069
f 2081 2069 2068
f 2088 2086 2087
f 773 774 2090
f 2089 2087 2090
f 2090 2087 773
f 773 2087 2086
f 773 2086 772
f 2088 2087 2091
f 2091 2087 2089
f 2090 774 775
f 2092 2121 2088
f 2092 2088 2091
f 2096 2091 2089
f 2093 2089 2090
f 2093 2090 775
f 2095 2092 2091
f 2096 2089 2093
f 2095 2091 2096
f 2112 2096 2093
f 2093 775 2113
f 2113 775 776
f 2094 2092 2111
f 2111 2092 2095
f 2111 2095 2096
f 2097 2100 2098
f 2099 2097 778
f 2057 779 780
f 2110 1873 1872
f 2103 1866 2104
f 1874 2110 2108
f 1874 2108 1875
f 1875 2108 2109
f 1875 2109 2104
f 2129 1970 2105
f 2106 2105 1964
f 2106 1955 2103
f 2103 1955 1866
f 1872 2123 2107
f 2110 2125 2124
f 2110 2124 2108
f 2110 2107 2125
f 2116 2094 2111
f 2111 2096 2112
f 2114 2122 2118
f 2122 2094 2116
f 2117 2111 2112
f 2112 2093 2113
f 2118 2122 2116
f 2098 2112 2113
f 2097 2113 776
f 2097 776 777
f 2097 777 778
f 2115 2114 2119
f 2119 2114 2118
f 2116 2111 2120
f 2120 2111 2117
f 2101 2117 2112
f 2098 2113 2097
f 2119 2118 2045
f 2118 2116 2143
f 2143 2116 2120
f 2043 2098 2100
f 2100 2097 2099
f 2099 778 779
f 2044 2115 2119
f 1869 2086 2088
f 1869 2088 2121
f 2125 2122 2114
f 2125 2114 2124
f 1871 2121 2123
f 2107 2122 2125
f 2109 2124 2142
f 2133 1982 2134
f 2128 2127 2129
f 2128 2129 2130
f 2130 2129 2131
f 2131 2129 2105
f 2139 2132 2103
f 2139 2103 2141
f 2141 2103 2109
f 2124 2109 2108
f 2000 2134 2126
f 2000 2126 2135
f 2001 2135 2128
f 2001 2128 2136
f 2136 2128 2003
f 2003 2128 2130
f 2003 2130 2131
f 2003 2131 2137
f 2007 2139 2140
f 2140 2139 2141
f 2140 2141 2142
f 2120 2117 2101
f 2101 2112 2098
f 2135 2126 2127
f 2135 2127 2128
f 2137 2131 2138
f 2138 2131 2132
f 2138 2132 2139
f 2115 2142 2124
f 2115 2124 2114
f 2122 2107 2094
f 2094 2107 2123
f 2094 2123 2092
f 2092 2123 2121
f 2121 1870 1869
f 1999 208 2133
f 2133 208 1982
f 1982 1981 2134
f 2134 1981 2126
f 2126 1981 1980
f 2126 1980 2127
f 2131 2105 2106
f 2131 2106 2132
f 2132 2106 2103
f 2107 2110 1872
f 2068 2069 2072
f 2055 2067 2071
f 2050 1998 2044
f 2044 2119 2045
f 2040 2101 2043
f 1997 2057 780
f 1995 2144 2084
f 2073 2084 2009
f 116 207 1999
f 2000 2135 2001
f 2005 2003 2137
f 2005 2137 2006
f 2006 2137 2138
f 2006 2138 2007
f 2007 2138 2139
f 1998 2140 2142
f 1998 2142 2044
f 2045 2118 2046
f 2046 2118 2143
f 2102 2100 2099
f 2009 2084 2209
f 2167 2273 2284
f 2273 2271 2284
f 2245 2266 2145
f 2062 782 483
f 2285 2147 89
f 2288 2337 2338
f 2148 2336 2289
f 2289 2336 2288
f 2288 2336 2337
f 2151 2150 2253
f 2148 2290 2335
f 2335 2290 2155
f 2335 2155 2254
f 2254 2155 2291
f 2254 2291 2156
f 2025 2023 2163
f 2163 2023 2164
f 2164 2023 2157
f 2157 2018 2158
f 2031 2034 2161
f 2161 2034 2162
f 2146 93 2039
f 2159 2039 2035
f 2159 2035 2031
f 2159 2031 2160
f 2160 2031 2161
f 2163 2162 2025
f 2164 2157 2214
f 2214 2157 2158
f 2162 2034 2025
f 479 2235 480
f 2225 2273 2224
f 2167 2179 2228
f 2228 2179 2229
f 88 2210 2168
f 2168 2181 2274
f 2274 2181 2182
f 2274 2182 2169
f 2277 2170 2171
f 2277 2171 2172
f 2228 2229 2230
f 2170 2169 2212
f 2170 2212 2171
f 2171 2212 2172
f 2172 2212 2183
f 2172 2183 2173
f 2173 2183 2184
f 2175 2184 2185
f 2229 2188 2180
f 88 2146 2210
f 2168 2210 2181
f 2173 2184 2174
f 2174 2184 2175
f 2175 2185 2176
f 2176 2185 2186
f 2176 2186 2177
f 2177 2186 2187
f 2177 2187 2178
f 2178 2187 2188
f 2178 2188 2179
f 2179 2188 2229
f 480 2189 484
f 484 2189 483
f 2191 2190 2192
f 2062 483 2189
f 2189 2193 2062
f 2194 2205 2197
f 2197 2205 2195
f 2198 2195 2196
f 2199 2068 2066
f 2247 2204 2194
f 2247 2194 2246
f 2246 2194 2197
f 2197 2195 2198
f 2198 2196 2199
f 2218 2219 2204
f 2204 2219 2200
f 2206 2202 2203
f 2195 2206 2203
f 2195 2203 2196
f 2196 2203 2068
f 2228 2230 2207
f 2207 2230 2231
f 2209 2208 2180
f 2181 2210 2159
f 2181 2159 2182
f 2182 2159 2211
f 2212 2211 2160
f 2212 2160 2161
f 2212 2161 2183
f 2183 2161 2162
f 2183 2162 2184
f 2184 2162 2163
f 2184 2163 2213
f 2185 2213 2164
f 2185 2164 2214
f 2201 2221 2202
f 2202 2221 2220
f 2201 2200 2224
f 2224 2200 2219
f 2219 2218 2225
f 2223 2224 2227
f 2223 2227 2222
f 2222 2226 2082
f 2227 2224 2228
f 2228 2224 2167
f 2167 2224 2273
f 2227 2228 2207
f 2227 2207 2222
f 2222 2207 2226
f 2226 1994 2082
f 2207 2231 2226
f 2226 2231 1994
f 2229 2180 2230
f 2230 2180 2208
f 2230 2208 2231
f 2231 2144 1994
f 2209 2084 2208
f 2208 2084 2144
f 2208 2144 2231
f 2210 2146 2039
f 2210 2039 2159
f 2211 2159 2160
f 2213 2163 2164
f 2215 2214 2158
f 2215 2158 2165
f 2215 2165 2216
f 2216 2165 2166
f 2216 2166 2217
f 2169 2182 2211
f 2169 2211 2212
f 2184 2213 2185
f 2185 2214 2186
f 2186 2214 2215
f 2186 2215 2187
f 2187 2215 2216
f 2187 2216 2217
f 2187 2217 2188
f 2188 2217 2180
f 2154 477 490
f 489 2233 488
f 2233 2234 488
f 488 2234 2236
f 488 2236 487
f 487 2236 2237
f 487 2237 478
f 486 478 2237
f 486 2237 485
f 485 2237 2192
f 485 2192 479
f 479 2192 2235
f 2234 2238 2236
f 2191 2192 2243
f 2243 2192 2237
f 2243 2237 2238
f 2238 2237 2236
f 2189 480 2190
f 2190 480 2235
f 2190 2235 2192
f 2242 2197 2198
f 2242 2198 2241
f 2241 2199 2193
f 2193 2199 2066
f 2193 2066 2062
f 2241 2190 2242
f 2197 2242 2191
f 2197 2191 2246
f 2246 2191 2243
f 2246 2243 2247
f 2247 2243 2240
f 2193 2189 2241
f 2241 2189 2190
f 2243 2238 2240
f 2240 2238 2239
f 2242 2190 2191
f 2240 2239 2245
f 2245 2244 2266
f 2199 2241 2198
f 2245 2239 2244
f 2250 2150 2248
f 2250 2253 2150
f 2253 2252 2151
f 2151 2252 2251
f 2151 2251 2152
f 2152 2251 2153
f 2298 2153 2259
f 2258 2153 2251
f 2250 2248 2260
f 2260 2248 2149
f 2260 2149 2261
f 2261 2149 2249
f 2249 2334 2156
f 2156 2334 2254
f 2253 2262 2256
f 2256 2263 2252
f 2252 2263 2264
f 2252 2264 2251
f 2251 2264 2257
f 2257 2264 2258
f 2269 2259 2258
f 2253 2250 2262
f 2262 2250 2255
f 2255 2250 2260
f 2261 2249 2293
f 2249 2292 2293
f 2154 2298 2259
f 2259 2153 2258
f 2258 2251 2257
f 2252 2253 2256
f 2292 2249 2156
f 2261 2270 2260
f 2260 2270 2255
f 2264 2268 2258
f 2259 2232 2154
f 2265 2145 2262
f 2262 2145 2266
f 2266 2244 2263
f 2263 2244 2264
f 2264 2244 2239
f 2264 2239 2267
f 2267 2239 2238
f 2268 2234 2269
f 2269 2234 2233
f 2268 2238 2234
f 2232 2233 489
f 2232 489 477
f 2262 2266 2256
f 2256 2266 2263
f 2264 2267 2268
f 2258 2268 2269
f 2269 2233 2259
f 2259 2233 2232
f 2154 2232 477
f 2255 2272 2265
f 2255 2265 2262
f 2267 2238 2268
f 2255 2270 2271
f 2255 2271 2272
f 2245 2204 2240
f 2240 2204 2247
f 2245 2145 2218
f 2194 2204 2200
f 2194 2200 2205
f 2195 2205 2206
f 2199 2196 2068
f 2271 2273 2272
f 2202 2220 2203
f 2203 2220 2081
f 2203 2081 2068
f 90 91 2168
f 90 2168 2285
f 2285 2168 2274
f 2285 2274 2275
f 2275 2274 2170
f 2275 2170 2277
f 2275 2277 2276
f 2276 2277 2172
f 2276 2172 2278
f 2286 2278 2174
f 2289 2276 2278
f 2289 2278 2286
f 2290 2286 2174
f 2290 2174 2279
f 2290 2279 2155
f 2155 2279 2280
f 2155 2280 2291
f 2291 2280 2281
f 2291 2281 2287
f 2287 2281 2282
f 2287 2282 2283
f 2287 2283 2293
f 2293 2283 2284
f 2293 2284 2270
f 2270 2284 2271
f 2338 2147 2288
f 2148 2289 2286
f 2148 2286 2290
f 2156 2291 2287
f 2156 2287 2292
f 2261 2293 2270
f 89 90 2285
f 2147 2285 2275
f 2147 2275 2288
f 2288 2275 2276
f 2288 2276 2289
f 2292 2287 2293
f 2265 2272 2225
f 2265 2225 2145
f 2145 2225 2218
f 2245 2218 2204
f 2200 2201 2205
f 2205 2201 2202
f 2205 2202 2206
f 2158 2013 2165
f 2166 2165 2009
f 2166 2009 2209
f 2166 2209 2217
f 2217 2209 2180
f 91 88 2168
f 2274 2169 2170
f 2278 2172 2173
f 2278 2173 2174
f 2279 2174 2175
f 2279 2175 2280
f 2280 2175 2176
f 2280 2176 2281
f 2281 2176 2282
f 2282 2176 2177
f 2282 2177 2283
f 2283 2177 2178
f 2283 2178 2284
f 2284 2178 2179
f 2284 2179 2167
f 2272 2273 2225
f 2219 2225 2224
f 2224 2223 2201
f 2201 2223 2221
f 2221 2223 2222
f 2221 2222 2220
f 2220 2222 2082
f 2220 2082 2081
f 2358 329 330
f 2395 2294 328
f 2296 2150 2151
f 2296 2151 2297
f 2297 2151 2152
f 2152 2153 2298
f 2248 2150 2296
f 2302 2301 2303
f 2302 2303 2445
f 2445 2303 2304
f 2346 2426 2306
f 324 325 2307
f 2312 2313 2324
f 2324 2313 2325
f 2325 2313 2314
f 2325 2314 2326
f 2326 2314 2388
f 2326 2388 2327
f 2327 2388 2315
f 324 2307 2319
f 2319 2307 2308
f 2319 2308 2329
f 2329 2308 2309
f 2329 2309 2320
f 2320 2309 2310
f 2320 2310 2321
f 2321 2310 2311
f 2321 2311 2322
f 2322 2311 2312
f 2322 2312 2323
f 2323 2312 2324
f 2327 2315 2332
f 2332 2315 2316
f 2316 2317 2328
f 2328 2317 2318
f 2328 2318 2333
f 323 324 2319
f 2298 2319 2329
f 2323 2324 2330
f 2330 2324 2325
f 2330 2325 2334
f 2334 2325 2326
f 2334 2326 2331
f 2331 2326 2327
f 2331 2327 2335
f 2332 2316 2336
f 2336 2316 2328
f 2336 2328 2338
f 2338 2328 2333
f 490 323 2154
f 2154 323 2319
f 2154 2319 2298
f 2298 2329 2152
f 2152 2329 2320
f 2152 2320 2297
f 2297 2320 2321
f 2297 2321 2296
f 2296 2321 2322
f 2296 2322 2248
f 2248 2322 2323
f 2248 2323 2149
f 2149 2323 2330
f 2335 2327 2332
f 2335 2332 2148
f 2148 2332 2336
f 2337 2336 2338
f 2147 2338 2333
f 2147 2333 89
f 2335 2254 2331
f 2331 2254 2334
f 2334 2249 2330
f 2330 2249 2149
f 332 333 2339
f 2340 2339 2341
f 2340 2341 2342
f 2342 2341 2303
f 2342 2303 2351
f 2351 2303 2343
f 2344 2343 2300
f 2344 2300 2352
f 2352 2300 2345
f 2352 2345 2354
f 2354 2345 2346
f 2355 2346 2347
f 2349 1 2
f 330 331 2350
f 2350 2340 2359
f 2359 2340 2342
f 2359 2342 2351
f 2351 2343 2362
f 2362 2343 2344
f 2362 2344 2352
f 2353 2352 2354
f 2353 2354 2365
f 2365 2354 2346
f 2365 2346 2355
f 2365 2355 2366
f 2357 2 36
f 2364 2353 2375
f 2375 2353 2365
f 2365 2366 2378
f 2378 2366 2367
f 2368 2357 2369
f 328 329 2370
f 2374 2375 2397
f 2397 2375 2398
f 2398 2375 2376
f 2398 2376 2377
f 2377 2376 2378
f 2377 2378 2379
f 2379 2368 2380
f 326 2414 2307
f 2307 2414 2381
f 2390 73 2318
f 2349 2393 2394
f 2349 2394 1
f 2393 2349 2348
f 2393 2348 2392
f 2392 2348 2347
f 2392 2347 2391
f 2391 2347 2306
f 2306 2347 2346
f 2426 2346 2345
f 2426 2345 2299
f 2299 2345 2300
f 2300 2343 2301
f 2301 2343 2303
f 2303 2341 2304
f 2304 2341 2305
f 2305 2341 2339
f 2305 2339 2295
f 2295 2339 333
f 2 2357 2349
f 2349 2357 2348
f 2348 2356 2347
f 2347 2356 2355
f 2340 2350 2339
f 2339 2350 331
f 2339 331 332
f 36 2369 2357
f 2348 2357 2368
f 2348 2368 2356
f 2356 2368 2367
f 2356 2367 2355
f 2355 2367 2366
f 2353 2364 2352
f 2352 2364 2363
f 2352 2363 2362
f 2351 2362 2361
f 2351 2361 2360
f 2351 2360 2359
f 2350 2359 2358
f 2350 2358 330
f 2369 52 2380
f 2369 2380 2368
f 2367 2368 2379
f 2367 2379 2378
f 2378 2376 2365
f 2365 2376 2375
f 2364 2375 2374
f 2364 2374 2363
f 2363 2374 2362
f 2362 2374 2373
f 2362 2373 2361
f 2361 2373 2372
f 2361 2372 2360
f 2360 2372 2359
f 2359 2372 2371
f 2359 2371 2358
f 2358 2371 2370
f 2358 2370 329
f 2395 328 2370
f 2395 2370 2371
f 2395 2371 2400
f 2400 2371 2372
f 2400 2372 2396
f 2396 2372 2373
f 2396 2373 2401
f 2401 2373 2374
f 2401 2374 2402
f 2402 2374 2397
f 2398 2377 2403
f 2403 2377 2404
f 2404 2377 2379
f 2379 2380 59
f 59 2380 52
f 2294 2395 2399
f 2399 2395 2400
f 2410 2404 2379
f 2410 2379 59
f 327 2294 2399
f 2399 2400 2413
f 2413 2400 2396
f 2413 2396 2405
f 2405 2396 2401
f 2405 2401 2412
f 2412 2401 2402
f 2412 2402 2406
f 2406 2402 2397
f 2406 2397 2407
f 2407 2397 2398
f 2407 2398 2408
f 2408 2398 2403
f 2408 2403 2404
f 2409 2404 2410
f 2410 59 67
f 2410 2389 2409
f 2409 2389 2411
f 2409 2411 2404
f 2404 2411 2408
f 2413 2414 2399
f 2399 2414 327
f 67 73 2410
f 2410 73 2390
f 2410 2390 2389
f 2389 2388 2411
f 2411 2388 2387
f 2411 2387 2386
f 2411 2386 2408
f 2408 2386 2385
f 2408 2385 2407
f 2407 2385 2384
f 2407 2384 2406
f 2406 2384 2383
f 2406 2383 2412
f 2412 2383 2382
f 2412 2382 2405
f 2405 2382 2381
f 2405 2381 2413
f 2413 2381 2414
f 2414 326 327
f 2318 2317 2390
f 2390 2317 2316
f 2390 2316 2389
f 2389 2316 2315
f 2389 2315 2388
f 2388 2314 2387
f 2387 2314 2313
f 2387 2313 2386
f 2386 2313 2312
f 2386 2312 2385
f 2385 2312 2311
f 2385 2311 2384
f 2384 2311 2310
f 2384 2310 2383
f 2383 2310 2309
f 2383 2309 2382
f 2382 2309 2308
f 2382 2308 2381
f 2381 2308 2307
f 2307 325 326
f 84 2333 2318
f 84 2318 73
f 2786 2467 1198
f 2460 383 2415
f 2456 2416 2457
f 2435 2306 2426
f 2478 2439 2422
f 2431 2430 2429
f 2487 2501 2421
f 2417 2825 2921
f 2825 2438 2824
f 2824 2438 2423
f 2450 2820 2821
f 2818 2819 2461
f 2461 2817 2818
f 381 2816 2840
f 2465 2791 2792
f 298 297 2470
f 383 2460 381
f 2304 2305 2451
f 2425 2299 2300
f 2501 1 2394
f 2427 2428 2418
f 2394 2393 2421
f 2421 2393 2419
f 2475 2419 2418
f 2421 2501 2394
f 2419 2393 2392
f 2392 2391 2427
f 2475 2418 2429
f 2429 2418 2428
f 2430 2431 2478
f 2417 2921 2422
f 2422 2439 2417
f 2429 2428 2431
f 2391 2306 2427
f 2427 2306 2434
f 2306 2435 2434
f 2425 2432 2437
f 2436 2433 2435
f 2435 2433 2434
f 2425 2426 2299
f 2418 2392 2427
f 2436 2435 2426
f 2436 2426 2437
f 2437 2426 2425
f 2419 2392 2418
f 2428 2427 2434
f 2432 2436 2437
f 2439 2440 2417
f 2417 2440 2438
f 2417 2438 2825
f 2442 2425 2300
f 2442 2300 2301
f 2442 2301 2443
f 2442 2441 2425
f 2301 2444 2443
f 2301 2302 2444
f 2444 2302 2447
f 2446 2447 2445
f 2445 2304 2446
f 2446 2822 2447
f 2443 2444 2448
f 2443 2448 2442
f 2449 2821 2822
f 2449 2822 2446
f 2425 2441 2432
f 2450 2821 2449
f 2445 2447 2302
f 2841 2820 2450
f 2841 2450 2819
f 2451 2450 2449
f 2451 2449 2446
f 2446 2304 2451
f 2451 2305 2450
f 2450 2305 2452
f 2450 2452 2819
f 2819 2452 379
f 2452 2295 379
f 2458 2464 473
f 2792 2793 2424
f 2793 2794 2456
f 2793 2456 2424
f 2424 2466 2792
f 2792 2466 2465
f 2463 472 473
f 473 2464 2463
f 471 472 2453
f 2795 2416 2794
f 2457 2416 2455
f 2459 2455 2796
f 2454 419 471
f 403 419 2456
f 2796 2455 2795
f 2794 2416 2456
f 2456 419 2454
f 2454 471 2453
f 2463 2453 472
f 474 2458 473
f 2814 2815 2459
f 2459 2815 2460
f 381 2840 2817
f 381 2817 2461
f 381 2815 2816
f 2796 2814 2459
f 2462 2455 2415
f 399 403 2457
f 399 2457 2462
f 2456 2457 403
f 2415 383 2462
f 2462 383 399
f 379 2461 2819
f 2295 2452 2305
f 379 380 2461
f 2815 381 2460
f 2415 2455 2459
f 2415 2459 2460
f 381 2461 380
f 2790 2791 2464
f 2465 2463 2464
f 2464 2789 2790
f 2464 2791 2465
f 2787 2468 2785
f 2785 2468 2467
f 2787 2784 2468
f 2469 1198 2467
f 2785 2467 2786
f 2469 2471 2470
f 2473 299 2471
f 2469 2473 2471
f 2470 2471 298
f 2471 299 298
f 2789 2472 2788
f 2470 1198 2469
f 2469 2467 2473
f 2473 2467 300
f 300 2467 2468
f 2472 304 2788
f 475 304 2472
f 2789 2458 474
f 303 302 2468
f 301 2468 302
f 475 2472 474
f 474 2472 2789
f 2788 304 2784
f 2784 304 303
f 2784 303 2468
f 2468 301 300
f 2789 2464 2458
f 2463 2465 2453
f 2453 2465 2466
f 2453 2466 2454
f 2454 2466 2424
f 2454 2424 2456
f 2455 2416 2795
f 2457 2455 2462
f 2474 2922 2420
f 2927 2474 2921
f 2477 2921 2474
f 2475 2474 2476
f 2476 2474 2420
f 2476 2420 2421
f 2421 2420 2487
f 2422 2921 2477
f 2433 2478 2431
f 2422 2430 2478
f 2474 2475 2477
f 2422 2477 2430
f 2478 2433 2439
f 2823 2824 2447
f 2447 2824 2423
f 2448 2423 2438
f 2448 2438 2440
f 2448 2440 2441
f 2441 2440 2432
f 2432 2440 2439
f 2429 2430 2477
f 2429 2477 2475
f 2922 2474 2927
f 2822 2823 2447
f 2444 2447 2423
f 2444 2423 2448
f 2442 2448 2441
f 2432 2439 2436
f 2436 2439 2433
f 2434 2433 2431
f 2434 2431 2428
f 2475 2476 2419
f 2419 2476 2421
f 11 10 2486
f 1 2501 2488
f 2488 3 1
f 2492 5 2491
f 2491 5 4
f 5 2492 2493
f 2494 6 2493
f 2493 6 5
f 2495 6 2494
f 2495 7 6
f 2496 8 7
f 2497 9 8
f 2499 10 9
f 12 11 2500
f 2500 2926 2924
f 2486 2923 2926
f 2923 2498 2929
f 2929 2485 2933
f 2933 2484 2931
f 2931 2483 2928
f 2482 2928 2483
f 2481 2930 2482
f 2482 2930 2928
f 2480 2925 2930
f 2480 2930 2481
f 2479 2922 2925
f 2479 2925 2480
f 2420 2922 2479
f 2499 2923 2486
f 2487 2420 2479
f 2487 2479 2488
f 2488 2479 2489
f 2489 2479 2480
f 2489 2480 2490
f 2490 2480 2481
f 2490 2481 2491
f 2491 2481 2492
f 2492 2481 2482
f 2492 2482 2493
f 2493 2482 2483
f 2493 2483 2494
f 2494 2483 2495
f 2495 2483 2931
f 2495 2931 2496
f 2496 2931 2484
f 2496 2484 2933
f 2496 2933 2497
f 2497 2933 2485
f 2497 2485 2929
f 2497 2929 2498
f 2499 2498 2923
f 2501 2487 2488
f 3 2488 2489
f 3 2489 2490
f 4 2490 2491
f 7 2495 2496
f 8 2496 2497
f 9 2497 2498
f 9 2498 2499
f 10 2499 2486
f 11 2486 2926
f 11 2926 2500
f 12 2500 2924
f 12 2924 13
f 13 2924 14
f 14 2924 2919
f 4 3 2490
f 2919 2920 120
f 2919 120 14
f 2523 128 127
f 128 2509 129
f 2511 132 130
f 132 2513 133
f 2514 134 133
f 2514 133 2513
f 135 2516 136
f 2517 136 2516
f 2518 137 136
f 2518 136 2517
f 138 2520 139
f 2521 139 2520
f 2524 171 139
f 2524 139 2521
f 2934 2507 2506
f 2934 2506 2940
f 2505 2940 2506
f 2504 2939 2940
f 2504 2940 2505
f 2943 2503 2936
f 2936 2502 2942
f 2510 2935 2942
f 2935 2509 2938
f 2938 2523 2941
f 2508 2941 2523
f 2512 2942 2502
f 2516 2943 2939
f 2516 2939 2504
f 120 2920 125
f 125 2920 126
f 126 2920 2941
f 126 2941 2508
f 128 2523 2938
f 128 2938 2509
f 2509 2935 2510
f 2511 2510 2942
f 2511 2942 2512
f 2513 2512 2502
f 2513 2502 2514
f 2514 2502 2936
f 2514 2936 2515
f 2515 2936 2503
f 2515 2503 2943
f 2515 2943 2516
f 2517 2516 2504
f 2517 2504 2518
f 2518 2504 2519
f 2519 2504 2505
f 2519 2505 2520
f 2520 2505 2506
f 2520 2506 2521
f 2521 2506 2522
f 2522 2506 2507
f 2522 2507 1804
f 127 126 2508
f 127 2508 2523
f 129 2509 130
f 130 2509 2510
f 130 2510 2511
f 132 2511 2512
f 132 2512 2513
f 134 2514 2515
f 134 2515 135
f 135 2515 2516
f 137 2518 2519
f 2524 2521 2522
f 138 137 2519
f 138 2519 2520
f 2844 2918 2846
f 2846 2918 2848
f 2848 2918 2916
f 2848 2916 2850
f 2850 2916 2914
f 2850 2914 2852
f 2852 2914 2912
f 2852 2912 2854
f 2854 2912 2910
f 2854 2910 2856
f 2856 2910 2908
f 2856 2908 2858
f 2858 2908 2906
f 2858 2906 2860
f 2860 2906 2904
f 2860 2904 2861
f 2861 2904 2902
f 2861 2902 2864
f 2864 2902 2900
f 2864 2900 2866
f 2866 2900 2898
f 2866 2898 2868
f 2868 2898 2896
f 2868 2896 2870
f 2870 2896 2894
f 2870 2894 2872
f 2872 2894 2892
f 2872 2892 2874
f 2874 2892 2890
f 2874 2890 2876
f 2876 2890 2888
f 2876 2888 2878
f 2878 2888 2886
f 2878 2886 2880
f 2880 2886 2884
f 2880 2884 2882

