v 0.04690730 0.06101265 -0.15123691
v 0.04621566 0.06117431 -0.15394254
v 0.04641970 0.06120258 -0.15117140
v 0.04963833 0.06100148 -0.14402349
v 0.04455805 0.06100106 -0.15160318
v 0.04660942 0.06100290 -0.14847957
v 0.04232701 0.06100342 -0.14875169
v 0.04986019 0.06103603 -0.16580398
v 0.04409495 0.06099855 -0.15802070
v 0.04645465 0.06103849 -0.15618286
v 0.04488387 0.06109378 -0.15386844
v 0.04604230 0.06100101 -0.15367429
v 0.04468415 0.06103027 -0.15624262
v 0.03524443 0.06100102 -0.15466459
v 0.04023786 0.06100507 -0.14899334
v 0.04027153 0.06096795 -0.10799462
v 0.04230618 0.06099413 -0.10933942
v 0.04665099 0.06099350 -0.12548900
v 0.03270548 0.06101479 -0.15148717
v 0.04985103 0.06098495 -0.10849763
v 0.04663379 0.06095232 -0.10851103
v 0.03597324 0.06100163 -0.14829586
v 0.03271736 0.06097559 -0.10820530
v 0.03595052 0.06086351 -0.10755860
v 0.03594863 0.06100166 -0.12049169
v 0.03613400 0.06600101 -0.15894932
v 0.03339259 0.06413353 -0.15899314
v 0.03696109 0.06415072 -0.15903224
v 0.03012102 0.06600101 -0.15995073
v 0.02969205 0.06415267 -0.16025445
v 0.02732860 0.06413353 -0.16194491
v 0.02521157 0.06600101 -0.16461679
v 0.02523925 0.06414824 -0.16475859
v 0.02394840 0.06414855 -0.16849184
v 0.02399490 0.06600101 -0.16932069
v 0.02438134 0.06600101 -0.17326306
v 0.02428049 0.06415561 -0.17287184
v 0.02600283 0.06415655 -0.17657895
v 0.02718855 0.06600101 -0.17789841
v 0.02930309 0.06414822 -0.17952201
v 0.03077541 0.06600101 -0.18020187
v 0.03250426 0.06414689 -0.18082586
v 0.03591935 0.06600101 -0.18113314
v 0.03733313 0.06415804 -0.18093410
v 0.04059539 0.06600101 -0.17951930
v 0.04131996 0.06412895 -0.17916986
v 0.04400316 0.06600101 -0.17650744
v 0.04439629 0.06416386 -0.17600770
v 0.04607988 0.06600101 -0.17113797
v 0.04601470 0.06415662 -0.17153497
v 0.04592552 0.06415213 -0.16821836
v 0.04476172 0.06600101 -0.16449425
v 0.04473128 0.06414099 -0.16451189
v 0.04147718 0.06416424 -0.16094290
v 0.04062129 0.06600101 -0.16047484
v 0.03408065 0.05520109 0.01113314
v 0.02987897 0.05335663 0.00989984
v 0.03380643 0.05335568 0.01103316
v 0.02940461 0.05520109 0.00951929
v 0.02599684 0.05520109 0.00650743
v 0.02657538 0.05334842 0.00721930
v 0.02486390 0.05334213 0.00452163
v 0.02427085 0.05520109 0.00260970
v 0.02386290 0.05336411 0.00073958
v 0.02403240 0.05520109 -0.00159324
v 0.02459697 0.05334697 -0.00389936
v 0.02622718 0.05520109 -0.00691590
v 0.02633906 0.05335826 -0.00691375
v 0.02930338 0.05334863 -0.00958962
v 0.03120481 0.05520109 -0.01044031
v 0.03380505 0.05335670 -0.01105676
v 0.03625464 0.05520109 -0.01101148
v 0.03737016 0.05334832 -0.01082252
v 0.04074226 0.05520109 -0.00947909
v 0.04040859 0.05334443 -0.00970784
v 0.04335359 0.05336399 -0.00735187
v 0.04438670 0.05520109 -0.00594084
v 0.04541223 0.05335708 -0.00384544
v 0.04608037 0.05520109 -0.00079318
v 0.04614471 0.05335001 0.00085471
v 0.04535100 0.05520109 0.00389670
v 0.04429842 0.05334296 0.00621689
v 0.04281145 0.05520109 0.00789841
v 0.04069691 0.05334830 0.00952201
v 0.03922458 0.05520109 0.01020188
v 0.03749574 0.05334697 0.01082586
v 0.03733896 0.05124381 0.01093266
v 0.03250337 0.05125364 0.01082403
v 0.03591935 0.04930109 0.01113314
v 0.03077542 0.04930109 0.01020188
v 0.02794056 0.05123737 0.00868363
v 0.02718855 0.04930109 0.00789840
v 0.02509666 0.05124667 0.00505169
v 0.02438134 0.04930109 0.00326306
v 0.02390709 0.05123720 0.00086952
v 0.02414395 0.04930109 -0.00249096
v 0.02452322 0.05125139 -0.00388996
v 0.02750630 0.04930109 -0.00853742
v 0.02700389 0.05123439 -0.00768440
v 0.02925774 0.04930109 -0.00947909
v 0.02959219 0.05125611 -0.00970640
v 0.03263013 0.05125251 -0.01082120
v 0.03511273 0.04930109 -0.01120677
v 0.03619642 0.05124445 -0.01105554
v 0.04069697 0.05125187 -0.00958744
v 0.04033243 0.04930109 -0.00989440
v 0.04382892 0.05126137 -0.00672007
v 0.04489424 0.04930109 -0.00518616
v 0.04567568 0.05125143 -0.00321170
v 0.04607988 0.04930109 0.00113798
v 0.04601344 0.05124445 0.00153640
v 0.04439016 0.05123728 0.00601539
v 0.04400316 0.04930109 0.00650744
v 0.04131794 0.05127132 0.00916903
v 0.04293992 0.04930109 0.00819217
v 0.03614501 0.05806962 -0.15889537
v 0.03417636 0.05900002 -0.15865374
v 0.03047592 0.05810325 -0.15981069
v 0.02882916 0.05900102 -0.16068725
v 0.02564444 0.05807929 -0.16386832
v 0.02482178 0.05900000 -0.16489406
v 0.02369361 0.05900011 -0.16908664
v 0.02375365 0.05808705 -0.17107575
v 0.02529359 0.05900104 -0.17560399
v 0.02674996 0.05807478 -0.17753735
v 0.02986153 0.05900002 -0.18015078
v 0.03257190 0.05810282 -0.18095519
v 0.03500000 0.05900102 -0.18113878
v 0.03844224 0.05808707 -0.18064126
v 0.04024342 0.05900101 -0.17976457
v 0.04324336 0.05807621 -0.17747596
v 0.04470641 0.05900103 -0.17560399
v 0.04553130 0.05807690 -0.17352545
v 0.04635699 0.05900018 -0.17018098
v 0.04608011 0.05806850 -0.16893168
v 0.04474469 0.05900101 -0.16476724
v 0.04429205 0.05807170 -0.16382617
v 0.04062385 0.05900104 -0.16025919
v 0.04056467 0.05807166 -0.16037776
v 0.03102276 0.04820051 0.01062550
v 0.03175598 0.04704516 0.01072962
v 0.03873824 0.04820113 0.01060834
v 0.02676259 0.04704210 0.00748502
v 0.02529359 0.04820111 0.00560399
v 0.02392853 0.04704132 0.00202014
v 0.02391174 0.04820110 -0.00068389
v 0.02462115 0.04704642 -0.00394714
v 0.02588171 0.04820111 -0.00645470
v 0.02670263 0.04704219 -0.00738583
v 0.02981673 0.04820030 -0.01003543
v 0.03078098 0.04704950 -0.01032942
v 0.03637735 0.04820111 -0.01112304
v 0.03624428 0.04704779 -0.01110618
v 0.04169709 0.04704858 -0.00891698
v 0.04321842 0.04820036 -0.00788898
v 0.04541728 0.04820111 -0.00403569
v 0.04445183 0.04703947 -0.00585501
v 0.04613219 0.04704412 -0.00082004
v 0.04594272 0.04820039 0.00293255
v 0.04559875 0.04703946 0.00334242
v 0.04361724 0.04820110 0.00693425
v 0.04310799 0.04704108 0.00764399
v 0.03815333 0.04704321 0.01073002
v 0.04687944 0.06037992 -0.16360505
v 0.02283462 0.05912023 -0.17090666
v 0.02361407 0.05801196 -0.16644992
v 0.02368021 0.05802865 -0.17419158
v 0.02422384 0.05965674 -0.16394572
v 0.02691010 0.05795334 -0.16130322
v 0.03380454 0.05922875 -0.15793031
v 0.03611368 0.05802837 -0.15809460
v 0.03094484 0.05804948 -0.15883785
v 0.03749466 0.05917052 -0.15813191
v 0.04173605 0.05801266 -0.16009673
v 0.04131824 0.05975585 -0.15936780
v 0.04434660 0.05951101 -0.16197808
v 0.04559585 0.05804250 -0.16441467
v 0.02695231 0.05926620 -0.16084310
v 0.04654792 0.05923162 -0.16626014
v 0.03165293 0.06002860 -0.15760110
v 0.02228387 0.06018469 -0.16686216
v 0.03798647 0.06008347 -0.15736297
v 0.02210493 0.06023946 -0.17281277
v 0.02712091 0.06109149 -0.15731664
v 0.02247979 0.06102079 -0.16181085
v 0.02533847 0.06102341 -0.15857506
v 0.03063653 0.06118941 -0.15523361
v 0.04814118 0.06019226 -0.16940854
v 0.02056924 0.06102251 -0.16612981
v 0.02008252 0.06104139 -0.16965485
v 0.02057220 0.06100153 -0.17394513
v 0.04693284 0.05802559 -0.17002615
v 0.04519789 0.05805946 -0.17629394
v 0.04050465 0.05804987 -0.18065706
v 0.02839310 0.05803494 -0.17991808
v 0.03376038 0.05802621 -0.18180144
v 0.04712742 0.05922290 -0.17124869
v 0.03929416 0.05945076 -0.18142222
v 0.03319959 0.05941442 -0.18206219
v 0.02942236 0.05974382 -0.18104289
v 0.02629344 0.05936588 -0.17842162
v 0.02451043 0.05961225 -0.17627142
v 0.04605862 0.05962092 -0.17546424
v 0.04392385 0.05990954 -0.17899135
v 0.03670955 0.06014644 -0.18284437
v 0.03216564 0.06107652 -0.18461287
v 0.02306008 0.06102189 -0.17902759
v 0.04369099 0.06104062 -0.18214859
v 0.04971797 0.06100315 -0.17264862
v 0.04776271 0.06104088 -0.17781185
v 0.03559059 0.06103420 -0.18486932
v 0.03911312 0.06098584 -0.18429531
v 0.02767053 0.06103564 -0.18302444
v 0.02352666 0.05206415 -0.00952091
v 0.02154886 0.05200846 -0.00646059
v 0.02384158 0.04974836 -0.00727241
v 0.02505713 0.04964551 0.00893298
v 0.02384487 0.05206675 0.00990996
v 0.02789211 0.05205264 0.01316940
v 0.02486094 0.04701098 0.00706073
v 0.02256149 0.04700660 0.00041857
v 0.02293996 0.04888036 0.00466730
v 0.02264797 0.04904467 -0.00405403
v 0.02395878 0.04701351 -0.00540916
v 0.02910724 0.04911512 -0.01165546
v 0.02671296 0.04702193 -0.00921849
v 0.03274287 0.04700504 -0.01217027
v 0.02211169 0.04870084 0.00052242
v 0.02717050 0.04779795 0.00985670
v 0.03308300 0.04963850 -0.01315853
v 0.03654177 0.04871128 -0.01278038
v 0.02626695 0.04911442 -0.00967308
v 0.03011796 0.04932330 0.01228978
v 0.03031732 0.04701463 0.01141713
v 0.03565669 0.04700679 0.01232314
v 0.03636414 0.05037268 0.01374148
v 0.02035958 0.05211967 -0.00290024
v 0.03655717 0.05199891 -0.01478063
v 0.02012738 0.05210844 0.00163482
v 0.03238578 0.05208075 0.01469797
v 0.02951916 0.05211472 -0.01394879
v 0.02608181 0.05206545 -0.01199233
v 0.02159752 0.05203022 0.00662806
v 0.03055405 0.05201597 -0.01450048
v 0.03641285 0.05199780 0.01484772
v 0.04029965 0.05205391 0.01394647
v 0.03964029 0.04701089 -0.01126403
v 0.04334446 0.04883298 -0.00987726
v 0.04463516 0.04701336 -0.00765820
v 0.04715685 0.04701018 -0.00191515
v 0.04742436 0.04927385 -0.00427680
v 0.04038001 0.04899787 0.01184985
v 0.04221142 0.04701812 0.01000245
v 0.04482235 0.04927616 0.00880418
v 0.04665450 0.04701624 0.00430599
v 0.04822179 0.04943791 0.00042647
v 0.04725808 0.04933555 0.00471879
v 0.04747956 0.05198581 -0.00800483
v 0.04065790 0.05199226 -0.01374663
v 0.04403552 0.05209774 0.01195049
v 0.04455659 0.05200009 -0.01139954
v 0.04775071 0.05211402 0.00789002
v 0.04967052 0.05204977 0.00286601
v 0.04982103 0.05201703 -0.00248870
v 0.03675210 0.06180236 -0.14791997
v 0.03945393 0.06181421 -0.14837764
v 0.03947588 0.06148567 -0.10590576
v 0.03674575 0.06141254 -0.10545813
v 0.03594233 0.05201742 -0.08743748
v 0.03595059 0.05200129 -0.02193161
v 0.03674875 0.05280178 -0.08637806
v 0.03675289 0.05280180 -0.02204176
v 0.03946230 0.05280892 -0.02157152
v 0.04025940 0.05204927 -0.08741352
v 0.03947355 0.05280943 -0.08628939
v 0.04027365 0.05200157 -0.04899981
v 0.03920740 0.05200585 -0.02034066
v 0.03594806 0.05866459 -0.10162430
v 0.03594749 0.05431181 -0.09383479
v 0.03674880 0.05499777 -0.09347347
v 0.03947335 0.05479839 -0.09310352
v 0.04027363 0.05446662 -0.09413425
v 0.04027190 0.05866724 -0.10162290
v 0.04230773 0.05200125 -0.02217144
v 0.04311347 0.05280458 -0.02178444
v 0.04230933 0.05200534 -0.08694699
v 0.04310651 0.05280143 -0.08637983
v 0.04583118 0.05283226 -0.08688249
v 0.04582750 0.05280288 -0.02184585
v 0.04662832 0.05201031 -0.08592463
v 0.04663134 0.05200157 -0.04899981
v 0.04652936 0.05200137 -0.02174177
v 0.04407425 0.05200190 -0.02034170
v 0.04310966 0.06180097 -0.14786702
v 0.04581757 0.06249765 -0.14824305
v 0.04582938 0.06180091 -0.14782980
v 0.04583343 0.06153791 -0.10616560
v 0.04310608 0.06176544 -0.10775435
v 0.04230754 0.05957591 -0.10341326
v 0.04310630 0.05940560 -0.10131237
v 0.04230038 0.05464222 -0.09449613
v 0.04310650 0.05499742 -0.09347346
v 0.04663439 0.05890244 -0.10204903
v 0.04583104 0.05570702 -0.09485546
v 0.04663929 0.05322725 -0.09170435
v 0.03685957 0.06250110 -0.14795853
v 0.03674864 0.06250143 -0.10942243
v 0.03674864 0.06250118 -0.14266153
v 0.03935851 0.06250097 -0.14797080
v 0.03947368 0.06250116 -0.13364598
v 0.03947367 0.06249322 -0.10941818
v 0.03947368 0.05350798 -0.08677420
v 0.03947368 0.05569798 -0.09362782
v 0.03947368 0.06085118 -0.10290994
v 0.03674864 0.05350120 -0.08629335
v 0.03674864 0.05526946 -0.09274311
v 0.03674864 0.06080745 -0.10280375
v 0.03675174 0.05350127 -0.02191513
v 0.03947387 0.05350131 -0.04013417
v 0.03919617 0.05350127 -0.02165184
v 0.04311132 0.05350125 -0.02194898
v 0.04310633 0.05350086 -0.08629324
v 0.04310633 0.05526912 -0.09274311
v 0.04310633 0.06080711 -0.10280375
v 0.04310633 0.06250110 -0.10942245
v 0.04553415 0.05350123 -0.02159898
v 0.04583141 0.05350120 -0.03512887
v 0.04583136 0.05351593 -0.08694436
v 0.04583137 0.05569764 -0.09362782
v 0.04583137 0.06249295 -0.10941824
v 0.04583137 0.06085083 -0.10290994
v 0.04325499 0.06250075 -0.14805894
v 0.04310633 0.06250084 -0.14261851
v 0.04988061 0.05202544 -0.08686548
v 0.04987405 0.05201617 -0.02630889
v 0.03272637 0.05202221 -0.08670544
v 0.03270802 0.05201340 -0.03978435
v 0.03268665 0.05201833 -0.01833968
v 0.04986171 0.05903884 -0.10226033
v 0.04983281 0.05397588 -0.09315839
v 0.03269156 0.05430019 -0.09380581
v 0.03272081 0.05881185 -0.10185531
v 0.04988416 0.06176892 -0.10401037
v 0.04986719 0.05853807 -0.08576703
v 0.04987840 0.05978051 -0.09185186
v 0.04987033 0.06507945 -0.10139921
v 0.04984282 0.06757020 -0.10888123
v 0.04988190 0.06749192 -0.13230368
v 0.03269711 0.05851939 -0.08779803
v 0.03499418 0.06134993 -0.08939049
v 0.03507601 0.06089051 -0.08530422
v 0.03501756 0.06333294 -0.09416952
v 0.03269561 0.06162534 -0.09534602
v 0.03269079 0.06614149 -0.10351713
v 0.03499653 0.06759861 -0.10176434
v 0.03501449 0.06984774 -0.10936880
v 0.03270127 0.06749493 -0.10964011
v 0.03269209 0.06749401 -0.12899520
v 0.04546405 0.06834744 -0.10524434
v 0.04780977 0.06166906 -0.09383586
v 0.04669488 0.06021165 -0.08880934
v 0.03962463 0.06158223 -0.08890687
v 0.03840223 0.06355561 -0.09410654
v 0.04356631 0.06292035 -0.09386761
v 0.04324501 0.06964704 -0.11037416
v 0.03921561 0.06957916 -0.10610386
v 0.04534935 0.06015626 -0.08436338
v 0.04432632 0.06688393 -0.10115410
v 0.04712942 0.05961553 -0.03950226
v 0.04713554 0.06861541 -0.12962171
v 0.03853354 0.07009213 -0.11001436
v 0.03979588 0.07004382 -0.13364938
v 0.03866263 0.06753387 -0.10121727
v 0.04102410 0.06097356 -0.08446704
v 0.03500253 0.06982081 -0.13017662
v 0.04988406 0.06116715 -0.13940783
v 0.04313811 0.06965444 -0.13727191
v 0.03690933 0.07001981 -0.13854037
v 0.03729637 0.07004943 -0.16309518
v 0.03414503 0.06962500 -0.16220099
v 0.03499591 0.06981435 -0.15144901
v 0.03945561 0.07004260 -0.16500340
v 0.04166165 0.06983337 -0.17028837
v 0.04333210 0.06959602 -0.17427519
v 0.04646105 0.06881431 -0.17289488
v 0.04986148 0.06752209 -0.17236820
v 0.03268888 0.06746106 -0.15051335
v 0.03995510 0.06978388 -0.17568263
v 0.03304188 0.06877113 -0.18050687
v 0.03906817 0.06902143 -0.17999609
v 0.03652235 0.06948677 -0.17776294
v 0.03702569 0.06760515 -0.18473956
v 0.04273086 0.06843008 -0.18046713
v 0.04161816 0.06751990 -0.18337637
v 0.04779254 0.06755938 -0.17764604
v 0.04595972 0.06746499 -0.18010217
v 0.02595808 0.06745818 -0.15805963
v 0.03039230 0.06752755 -0.15550181
v 0.03175701 0.06748174 -0.15373074
v 0.02304864 0.06747594 -0.16099930
v 0.02100015 0.06752326 -0.16476849
v 0.02837366 0.06821184 -0.15980919
v 0.02003331 0.06752428 -0.17034896
v 0.02702251 0.06869530 -0.16922556
v 0.02829728 0.06885807 -0.17434503
v 0.02141029 0.06745772 -0.17628673
v 0.02416320 0.06748408 -0.18023692
v 0.02940539 0.06884934 -0.16436987
v 0.03294520 0.06749915 -0.18477668
v 0.02778655 0.06750727 -0.18309031
v 0.03198103 0.06916913 -0.17732376
v 0.03401010 0.06919329 -0.15560816
v 0.03174802 0.06850673 -0.15799755
v 0.03269199 0.05849389 -0.03978434
v 0.03500322 0.06082151 -0.03978435
v 0.04988336 0.05849366 -0.03066764
v 0.04307809 0.06066448 -0.03574149
v 0.04004272 0.06102107 -0.03390026
v 0.03711650 0.06103939 -0.03331912
v 0.04987825 0.05846294 0.00192226
v 0.04752330 0.05947756 0.00307857
v 0.04517272 0.06020610 0.00207179
v 0.04105072 0.06093242 -0.00266968
v 0.03850471 0.06104908 -0.00562120
v 0.03475593 0.06083611 -0.00801841
v 0.03497934 0.06080262 -0.01670127
v 0.04147310 0.06090705 0.00141119
v 0.03263148 0.05849309 -0.01877636
v 0.03690583 0.06047403 0.00790536
v 0.03831287 0.05976377 0.01123260
v 0.03211259 0.05953881 0.01107089
v 0.03285778 0.05850736 0.01482477
v 0.04635566 0.05857739 0.00970219
v 0.04383270 0.05864891 0.01200243
v 0.04195807 0.06033332 0.00753707
v 0.03903543 0.05847712 0.01442173
v 0.04831909 0.05846719 0.00672234
v 0.04047210 0.06081555 0.00512556
v 0.03103258 0.05852173 -0.01506424
v 0.02590227 0.05848628 -0.01187464
v 0.02490151 0.05932993 0.00075001
v 0.02701708 0.05969804 0.00111830
v 0.02325177 0.05904686 0.00075001
v 0.02298130 0.05850403 0.00892167
v 0.02822358 0.05981575 0.00455873
v 0.03105825 0.06007915 0.00718403
v 0.02045236 0.05847830 0.00356388
v 0.02141450 0.05872649 0.00074094
v 0.02078669 0.05862300 -0.00001777
v 0.02016612 0.05846343 -0.00172656
v 0.02138180 0.05871834 -0.00073457
v 0.02724346 0.05967595 -0.00226755
v 0.02145780 0.05853127 -0.00629216
v 0.02623545 0.05955036 0.00000399
v 0.02569987 0.05945897 -0.00072286
v 0.02585770 0.05948927 0.00063961
v 0.02710684 0.05848426 0.01275787
v 0.02933858 0.05981330 -0.00578326
v 0.03255676 0.05953949 -0.01320984
v 0.03318113 0.06035693 -0.00783106
v 0.02398532 0.05851762 -0.01017025
v 0.02011357 0.05524959 0.00010774
v 0.02013991 0.05524959 0.00089175
v 0.02378743 0.04820109 0.00300917
v 0.02669009 0.04820109 0.00814927
v 0.03735191 0.04820109 0.01151067
v 0.04363617 0.04820109 0.00780268
v 0.04639541 0.04820109 -0.00268976
v 0.03921075 0.04820109 -0.01079074
v 0.03406126 0.04820109 -0.01157132
v 0.02640361 0.04820109 -0.00776353
v 0.02372696 0.04820109 -0.00289551
v 0.04560765 0.04930109 0.00465276
v 0.04661321 0.04930109 -0.00117038
v 0.03954626 0.04930109 0.01068215
v 0.03335720 0.04930109 0.01155584
v 0.02765419 0.04930109 0.00898976
v 0.02415818 0.04930109 0.00423322
v 0.02347762 0.04930109 -0.00093830
v 0.02469264 0.04930109 -0.00528476
v 0.03078925 0.04930109 -0.01079074
v 0.03593874 0.04930109 -0.01157132
v 0.04409154 0.04930109 -0.00726700
v 0.03543429 0.05520109 -0.01012954
v 0.04048097 0.05520109 -0.00846442
v 0.04462518 0.05520109 -0.00364287
v 0.04452229 0.05520109 0.00348167
v 0.03972938 0.05520109 0.00919291
v 0.03197442 0.05520109 0.00971147
v 0.02463015 0.05520109 -0.00061532
v 0.02890338 0.05520109 -0.00823754
v 0.02717731 0.05520109 0.00640332
v 0.04560765 0.05900101 -0.17465276
v 0.04174594 0.05900101 -0.17956987
v 0.03511355 0.05900101 -0.18163840
v 0.02630337 0.05900101 -0.17759022
v 0.02406284 0.05900101 -0.17389299
v 0.02856677 0.05900101 -0.16026092
v 0.04066991 0.05900101 -0.15971024
v 0.04556644 0.05900101 -0.16511987
v 0.02403240 0.06010101 -0.16840675
v 0.02427084 0.06010101 -0.17260970
v 0.02378743 0.06010101 -0.17300917
v 0.02599684 0.06010101 -0.17650743
v 0.02647018 0.06010101 -0.17787522
v 0.03062558 0.06010101 -0.18042552
v 0.03408065 0.06010101 -0.18113314
v 0.03488645 0.06010101 -0.18163840
v 0.03928558 0.06010101 -0.18034573
v 0.04281145 0.06010101 -0.17789841
v 0.04341991 0.06010101 -0.17808340
v 0.04535100 0.06010101 -0.17389670
v 0.04610633 0.06010101 -0.17320856
v 0.04608037 0.06010101 -0.16920683
v 0.04639541 0.06010101 -0.16731024
v 0.04387527 0.06010101 -0.16315646
v 0.04326842 0.06010101 -0.16188806
v 0.03890267 0.06010101 -0.15962715
v 0.03757940 0.06010101 -0.15853816
v 0.03386600 0.06010101 -0.15894932
v 0.03032705 0.06010101 -0.15934032
v 0.02937870 0.06010101 -0.16047485
v 0.02587023 0.06010101 -0.16367142
v 0.02618899 0.06010101 -0.16251589
v 0.02372696 0.06010101 -0.16710448
v 0.03343476 0.06600101 -0.18026949
v 0.04178168 0.06600101 -0.17768341
v 0.04515446 0.06600101 -0.17104734
v 0.02475547 0.06600101 -0.17027470
v 0.02710332 0.06600101 -0.17631185
v 0.04397460 0.06600101 -0.16544855
v 0.03945043 0.06600101 -0.16061351
v 0.03103193 0.06600101 -0.16059445
v 0.02653824 0.06600101 -0.16451494
v 0.03630967 0.06203709 -0.15894315
v 0.03250293 0.06204742 -0.15918609
v 0.02902886 0.06205264 -0.16060917
v 0.02636960 0.06205243 -0.16305515
v 0.02462187 0.06205213 -0.16602705
v 0.02386388 0.06203738 -0.17074494
v 0.02486529 0.06205843 -0.17452100
v 0.02657640 0.06205232 -0.17721842
v 0.02988081 0.06204448 -0.17989965
v 0.03380630 0.06204517 -0.18103188
v 0.03749663 0.06205356 -0.18082403
v 0.04216051 0.06204384 -0.17861804
v 0.04559164 0.06205091 -0.17357846
v 0.04599817 0.06205185 -0.16825847
v 0.04463787 0.06207061 -0.16448335
v 0.04279396 0.06206531 -0.16206324
v 0.04031591 0.06204840 -0.16025986
v 0.03555470 0.06650101 -0.15972106
v 0.02872396 0.06650101 -0.16203125
v 0.02484559 0.06650101 -0.16805975
v 0.02740214 0.06650101 -0.17708413
v 0.03656524 0.06650101 -0.18026949
v 0.04358850 0.06650101 -0.17551833
v 0.04511382 0.06650101 -0.16834497
v 0.04185528 0.06650101 -0.16256942
v 0.04146985 0.06650101 -0.17109375
v 0.03965354 0.06650101 -0.17477530
v 0.04107646 0.06650101 -0.16738045
v 0.02877551 0.06650102 -0.16784836
v 0.02870371 0.06650102 -0.17220971
v 0.03088983 0.06650102 -0.16485229
v 0.03867663 0.06650101 -0.16456570
v 0.03529737 0.06650101 -0.17660299
v 0.03142866 0.06650101 -0.17553079
v 0.03502856 0.06650101 -0.16336291
v 0.03769941 0.05570109 0.00981319
v 0.03209694 0.05570109 0.00968404
v 0.02703695 0.05570109 0.00638749
v 0.02508859 0.05570109 0.00145571
v 0.02584071 0.05570109 -0.00490101
v 0.03178037 0.05570109 -0.00958345
v 0.03848654 0.05570109 -0.00968290
v 0.04354984 0.05570109 -0.00534836
v 0.04520953 0.05570109 -0.00019575
v 0.04296321 0.05570109 0.00627732
v 0.03649976 0.05576140 -0.00645711
v 0.04084934 0.05570162 -0.00421064
v 0.03609528 0.05570146 0.00709134
v 0.04186366 0.05570333 0.00281334
v 0.03250156 0.05570144 -0.00672609
v 0.02959750 0.05570363 0.00512339
v 0.02798944 0.05570186 -0.00189628
v 0.03641501 0.06886125 -0.16359238
v 0.03248966 0.06780810 -0.16384761
v 0.02963578 0.06745304 -0.16625445
v 0.02845341 0.06739570 -0.16923393
v 0.02962521 0.06754227 -0.17405978
v 0.03451689 0.06805263 -0.17663562
v 0.03833719 0.06847599 -0.17565288
v 0.04061524 0.06912382 -0.17339836
v 0.04070782 0.06958759 -0.16668881
v 0.03347810 0.05922191 -0.00640685
v 0.03255900 0.05620162 -0.00621665
v 0.03630668 0.06007683 -0.00639194
v 0.03874472 0.05619872 -0.00540672
v 0.04056144 0.05620038 -0.00341867
v 0.04162202 0.05620371 -0.00023021
v 0.04066047 0.05620221 0.00329997
v 0.03964188 0.06001775 0.00464037
v 0.03774219 0.05620511 0.00608520
v 0.03646565 0.05937260 0.00644656
v 0.03312955 0.05620145 0.00632881
v 0.03246250 0.05904064 0.00608389
v 0.03025236 0.05620356 0.00451372
v 0.02994812 0.05876352 0.00415809
v 0.02838810 0.05620541 0.00091182
v 0.02862000 0.05861425 0.00156212
v 0.02860158 0.05858527 -0.00136529
v 0.02931383 0.05620443 -0.00329347
v 0.03008702 0.05868189 -0.00443134
v 0.02574004 0.05865697 0.00067794
v 0.02608823 0.05871496 -0.00056593
v 0.02124604 0.05788589 0.00063008
v 0.02372222 0.05831872 0.00074998
v 0.02135974 0.05790153 -0.00072685
v 0.02078690 0.05780507 -0.00019675
v 0.04466240 0.06150107 -0.15106493
v 0.03987102 0.00118604 -0.23047544
v 0.03875362 0.00235445 -0.23047735
v 0.04734083 0.01145297 -0.23047732
v -0.04899288 0.00106800 -0.23059559
v -0.04746954 0.01126750 -0.23047727
v -0.03973448 0.00145963 -0.23047578
v -0.03860886 0.00236752 -0.23047735
v 0.04237533 0.02388574 -0.23047735
v 0.04855822 0.00065450 -0.23053490
v 0.00149845 0.04868926 -0.23047732
v 0.01399920 0.04680201 -0.23047699
v 0.00693377 0.04737573 -0.23047939
v -0.04170109 0.01112240 -0.23050828
v -0.03912684 0.01239420 -0.23049401
v 0.00314058 0.04450025 -0.23047835
v -0.04417850 0.01260323 -0.23055564
v -0.04472400 0.01455068 -0.23064630
v 0.03735948 0.02954043 -0.23047741
v 0.04020603 0.02364916 -0.23047921
v -0.01073467 0.04753450 -0.23047724
v -0.00660895 0.04733471 -0.23047899
v -0.00306020 0.04394646 -0.23047803
v 0.03522653 0.02097286 -0.23047799
v 0.02084829 0.04288527 -0.23047741
v 0.02624567 0.04093981 -0.23047733
v 0.03068510 0.03654179 -0.23047747
v 0.03547637 0.03348344 -0.23047708
v -0.04387039 0.01839934 -0.23047736
v -0.04142745 0.02583861 -0.23047692
v -0.03876346 0.02782904 -0.23047750
v -0.03089018 0.03769547 -0.23047720
v -0.02872290 0.03819834 -0.23047762
v -0.02038849 0.04419177 -0.23047732
v -0.01821573 0.04405040 -0.23047738
v 0.00499889 0.04042159 -0.23047744
v 0.03260363 0.00245185 -0.23048902
v 0.03148917 0.01053534 -0.23047739
v 0.02515363 0.02183467 -0.23047742
v -0.00481522 0.04051524 -0.23047744
v -0.00139590 0.03323049 -0.23047736
v -0.03201075 0.00843241 -0.23047735
v -0.03260237 0.00242148 -0.23053506
v -0.03489412 0.02122498 -0.23047726
v -0.01126865 0.03911971 -0.23047733
v 0.03007695 0.02747142 -0.23047732
v 0.02144679 0.03454464 -0.23047735
v -0.01152520 0.03110523 -0.23047735
v 0.01499858 0.02965661 -0.23047736
v 0.01298477 0.03861282 -0.23047733
v -0.02799782 0.01802415 -0.23047741
v 0.00674347 0.03248430 -0.23047735
v -0.01917045 0.02713065 -0.23047736
v -0.02416116 0.03293068 -0.23047727
v -0.00757771 0.03179400 -0.24848664
v -0.01122896 0.03065423 -0.24584857
v -0.00683043 0.03242410 -0.24555236
v -0.01195040 0.03038446 -0.24847557
v -0.01676752 0.02798271 -0.24585506
v -0.01839275 0.02703780 -0.24847065
v -0.02138946 0.02464367 -0.24585140
v -0.02490344 0.02107606 -0.24847886
v -0.02562061 0.02015410 -0.24585502
v -0.02870075 0.01546876 -0.24847519
v -0.02874465 0.01538486 -0.24585141
v -0.03129353 0.00915220 -0.24847592
v -0.03109360 0.00967972 -0.24585481
v -0.03258273 0.00242876 -0.24583042
v -0.03261432 0.00245150 -0.24892592
v -0.00928769 0.03699572 -0.24267067
v -0.00595487 0.03762689 -0.24268274
v -0.00727142 0.03622396 -0.24334319
v -0.03801025 0.00240772 -0.24267435
v -0.03703883 0.00869678 -0.24267662
v -0.03520967 0.01455013 -0.24267763
v -0.03269149 0.01950043 -0.24267772
v -0.02955254 0.02408321 -0.24267621
v -0.02478296 0.02896762 -0.24267779
v -0.01903281 0.03305933 -0.24267624
v -0.01401386 0.03543771 -0.24267749
v -0.04000629 0.00060108 -0.24847741
v -0.04849745 0.00060101 -0.24847735
v -0.04460725 0.00064230 -0.24563248
v -0.04575700 0.00062359 -0.24368441
v -0.04241875 0.00060788 -0.24427862
v -0.04849745 0.00060101 -0.23097736
v -0.04489293 0.00064967 -0.23390017
v -0.04581939 0.00065334 -0.23499924
v -0.04248006 0.00060483 -0.23527713
v -0.04001688 0.00060142 -0.23097694
v -0.04101313 0.00063483 -0.23898843
v -0.04250216 0.00078271 -0.23807760
v -0.04521278 0.00067086 -0.23642093
v -0.04474472 0.00062317 -0.24015783
v -0.04460711 0.00067391 -0.24290036
v -0.04130824 0.00060560 -0.24166261
v 0.04251594 0.02437213 -0.23822474
v 0.04609120 0.01709661 -0.24072540
v 0.04535330 0.01878732 -0.23871966
v 0.04831434 0.00881484 -0.23855062
v 0.04798120 0.00975490 -0.24121214
v 0.04869737 0.00570667 -0.24848403
v 0.04808602 0.00854774 -0.24606955
v 0.04799836 0.01054724 -0.24815707
v 0.04815653 0.00851199 -0.24240448
v 0.04806082 0.00856165 -0.23338261
v 0.04857382 0.00661828 -0.23097232
v 0.04784167 0.00983747 -0.23220696
v 0.04757502 0.01211673 -0.23098433
v 0.04539528 0.01873202 -0.24771786
v 0.04575048 0.01781242 -0.24847746
v 0.04325669 0.02273755 -0.24896690
v 0.04247168 0.02437031 -0.24720818
v 0.04151243 0.02610502 -0.24619406
v 0.04008463 0.02832137 -0.23097731
v 0.04151233 0.02612487 -0.23719427
v 0.04150937 0.02610772 -0.23330326
v 0.03948415 0.02918512 -0.24848361
v 0.04150983 0.02612792 -0.24229467
v 0.04243970 0.02450027 -0.24124968
v 0.04609335 0.01709774 -0.23172295
v 0.04398205 0.02192310 -0.23098068
v 0.04246678 0.02438043 -0.23223531
v 0.03648456 0.03284402 -0.23097444
v 0.03532859 0.03410404 -0.24848133
v 0.03239085 0.03692923 -0.23097847
v 0.03016273 0.03877461 -0.24848039
v 0.02596787 0.04172400 -0.23097746
v 0.02323777 0.04330761 -0.24847725
v 0.01895501 0.04532294 -0.23097338
v 0.01736263 0.04594604 -0.24848028
v 0.01362253 0.04719298 -0.23097444
v 0.01197482 0.04765013 -0.24848133
v 0.00753425 0.04857933 -0.23097907
v 0.00551091 0.04882298 -0.24847931
v 0.00013169 0.04912356 -0.23097444
v -0.00013169 0.04912356 -0.24848028
v -0.00551091 0.04882298 -0.23097540
v -0.00753425 0.04857933 -0.24847564
v -0.01197482 0.04765013 -0.23097338
v -0.01362253 0.04719298 -0.24848028
v -0.01736263 0.04594604 -0.23097444
v -0.01895501 0.04532294 -0.24848133
v -0.02323777 0.04330761 -0.23097746
v -0.02596787 0.04172400 -0.24847725
v -0.03016273 0.03877461 -0.23097432
v -0.03239085 0.03692923 -0.24847624
v -0.03532859 0.03410404 -0.23097338
v -0.03648456 0.03284402 -0.24848028
v -0.03964405 0.02897639 -0.23097432
v -0.04040459 0.02790223 -0.24848039
v -0.04300309 0.02363740 -0.23097444
v -0.04380758 0.02212852 -0.24848133
v -0.04490723 0.01974082 -0.23097739
v -0.04679468 0.01483401 -0.24847725
v -0.04726338 0.01325843 -0.23097262
v -0.04840486 0.00792211 -0.24847931
v -0.04866540 0.00610048 -0.23097338
v -0.04903045 0.00115870 -0.24847026
v 0.04903045 0.00115870 -0.23098445
v 0.04897702 0.00108369 -0.24894883
v 0.03973448 0.00145963 -0.24897891
v 0.04715941 0.01167365 -0.24897735
v 0.03860886 0.00236752 -0.24897735
v -0.04256449 0.01131216 -0.24896280
v -0.03988382 0.00116035 -0.24897908
v -0.03875362 0.00235445 -0.24897735
v -0.03913311 0.01156055 -0.24897696
v 0.00780636 0.03681224 -0.24897642
v 0.00686192 0.03292144 -0.24887609
v 0.01534523 0.02958353 -0.24897726
v 0.01134605 0.03905755 -0.24897736
v 0.00439075 0.04066689 -0.24897638
v -0.00358178 0.04132361 -0.24897440
v -0.00542069 0.04072331 -0.24891952
v -0.00765859 0.03727027 -0.24897628
v 0.03549774 0.02085610 -0.24897657
v 0.03180647 0.00940855 -0.24897732
v 0.03261849 0.00242075 -0.24896154
v 0.01988297 0.03557858 -0.24897738
v -0.00046140 0.03873178 -0.24897729
v 0.02595536 0.02086193 -0.24897727
v -0.01962949 0.03575637 -0.24897739
v 0.04034570 0.02421512 -0.24897450
v -0.01399920 0.04680201 -0.24897771
v -0.00488352 0.04688474 -0.24897541
v 0.00302504 0.04879111 -0.24897756
v 0.03051741 0.02694066 -0.24897736
v -0.01378463 0.03021306 -0.24897733
v -0.00682094 0.03307343 -0.24887215
v 0.03806971 0.03024451 -0.24897738
v -0.02304075 0.02405610 -0.24897727
v -0.02873983 0.02879306 -0.24897736
v 0.00530491 0.04704041 -0.24897541
v -0.04728706 0.01136975 -0.24897739
v -0.04855909 0.00110463 -0.24897748
v -0.03075904 0.01269484 -0.24897729
v -0.04530290 0.01371459 -0.24897587
v -0.03618136 0.01865295 -0.24897738
v 0.00366966 0.04365715 -0.24893503
v 0.03527202 0.03224216 -0.24897708
v 0.03089018 0.03769547 -0.24897750
v 0.02310956 0.04177840 -0.24897720
v 0.01723002 0.04566734 -0.24897762
v 0.01191234 0.04616453 -0.24897732
v -0.01649282 0.04490513 -0.24897701
v -0.02624567 0.04093981 -0.24897736
v -0.02975957 0.03733924 -0.24897720
v -0.03547637 0.03348344 -0.24897762
v -0.03678892 0.03026657 -0.24897730
v -0.04339163 0.02206931 -0.24897745
v -0.04268544 0.02119270 -0.24897727
v 0.03192447 0.00646047 -0.24584904
v 0.03271066 0.00244000 -0.24568523
v 0.03122880 0.00935661 -0.24847238
v 0.03023714 0.01212073 -0.24585417
v 0.02793122 0.01699148 -0.24847108
v 0.02754695 0.01744428 -0.24585180
v 0.02394932 0.02212792 -0.24585423
v 0.02234758 0.02376193 -0.24847853
v 0.01910968 0.02649128 -0.24585056
v 0.01672058 0.02807972 -0.24847868
v 0.01256511 0.03015924 -0.24585275
v 0.00676424 0.03249478 -0.24552149
v 0.00765315 0.03183951 -0.24847792
v 0.03794965 0.00240140 -0.24268195
v 0.00962879 0.03692200 -0.24266741
v 0.00725090 0.03592534 -0.24351394
v 0.00623830 0.03756396 -0.24269179
v 0.01657657 0.03436054 -0.24267839
v 0.02242351 0.03083637 -0.24267593
v 0.02772337 0.02617615 -0.24267834
v 0.03192515 0.02079549 -0.24267596
v 0.03521004 0.01454924 -0.24267831
v 0.03721192 0.00802245 -0.24267597
v -0.03799940 0.00240482 -0.23676947
v -0.03670456 0.01016447 -0.23677731
v -0.03398900 0.01730807 -0.23677595
v -0.02896028 0.02479515 -0.23677643
v -0.02468728 0.02903383 -0.23677641
v -0.02021054 0.03232063 -0.23677497
v -0.01434867 0.03533724 -0.23677878
v -0.00961714 0.03687847 -0.23677695
v -0.00542277 0.03773552 -0.23677777
v 0.03804807 0.00241555 -0.23678009
v 0.03655494 0.01060368 -0.23677649
v 0.03446426 0.01624762 -0.23677635
v 0.03093728 0.02222463 -0.23677656
v 0.02707938 0.02684434 -0.23677628
v 0.02067407 0.03207497 -0.23677714
v 0.01403012 0.03547973 -0.23677720
v 0.00577469 0.03775074 -0.23677368
v 0.00607110 0.03762452 -0.24848694
v -0.00005753 0.03816997 -0.24847203
v -0.00081058 0.03811786 -0.23677978
v -0.00581348 0.03766867 -0.24848263
v -0.03266646 0.00244699 -0.23374465
v -0.03196737 0.00616931 -0.23360409
v 0.03255384 0.00242799 -0.23362954
v 0.03141198 0.00851338 -0.23360236
v 0.02979986 0.01320381 -0.23360202
v 0.02610638 0.01959024 -0.23360206
v 0.01986391 0.02597934 -0.23360501
v 0.01329508 0.02982403 -0.23359971
v 0.00803834 0.03161409 -0.23360199
v 0.00258046 0.03255969 -0.23359974
v -0.00487911 0.03234209 -0.23360027
v -0.01220890 0.03026190 -0.23360133
v -0.01784329 0.02735995 -0.23359852
v -0.02369533 0.02242270 -0.23360208
v -0.02785989 0.01696219 -0.23360258
v -0.03052109 0.01138506 -0.23360142
v 0.03129127 0.00929965 -0.23097517
v 0.02775920 0.01712895 -0.23097968
v 0.02395482 0.02211336 -0.23097923
v 0.01940673 0.02625396 -0.23097880
v 0.01433818 0.02929596 -0.23097698
v 0.00948348 0.03124595 -0.23098026
v 0.00373094 0.03241220 -0.23097692
v -0.00409667 0.03248675 -0.23098272
v -0.01907030 0.02660170 -0.23097947
v -0.01189719 0.03041658 -0.23097937
v -0.02589571 0.01985349 -0.23097558
v -0.03151882 0.00829147 -0.23097952
v -0.02941646 0.01401703 -0.23097798
v 0.04849745 0.00060101 -0.24847735
v 0.04584530 0.00060101 -0.24567771
v 0.04609922 0.00060101 -0.24318101
v 0.04481369 0.00060651 -0.24026649
v 0.04457077 0.00060101 -0.24239621
v 0.04273530 0.00080711 -0.23804714
v 0.04422469 0.00060101 -0.23703906
v 0.04632908 0.00060101 -0.23498821
v 0.04001006 0.00060118 -0.23097718
v 0.04385987 0.00060101 -0.23349734
v 0.04546823 0.00060101 -0.23362242
v 0.04001689 0.00060144 -0.24847779
v 0.04343361 0.00060101 -0.24579005
v 0.04578625 0.00060101 -0.23661472
v 0.04277033 0.00060101 -0.23454715
v 0.04267245 0.00060101 -0.24436201
v 0.04315075 0.00060101 -0.24292628
v 0.04102727 0.00066362 -0.23876747
v 0.04293131 0.00060101 -0.23625325
v 0.04234551 0.00080400 -0.24140912
v 0.04048647 0.00060112 -0.24053258
v -0.04336363 0.01010937 -0.23444727
v -0.04450000 0.01085209 -0.23522735
v -0.04505696 0.01010361 -0.23402713
v -0.04582019 0.01010361 -0.23531573
v -0.04481065 0.01010498 -0.23653093
v -0.04348434 0.01010198 -0.23602942
v -0.04318765 0.00112005 -0.23473872
v -0.04380155 0.00110520 -0.23632295
v -0.04315037 0.01011266 -0.24385765
v -0.04450000 0.01085209 -0.24422735
v -0.04445716 0.01010155 -0.24294579
v -0.04559086 0.01010361 -0.24347852
v -0.04559085 0.01010361 -0.24497618
v -0.04410297 0.01010498 -0.24550727
v -0.04355928 0.00110245 -0.24333744
v -0.04323987 0.00110509 -0.24463366
v -0.04547427 0.00110733 -0.24514881
v 0.04613881 0.00660101 -0.23617262
v 0.04584530 0.00660101 -0.23377699
v 0.04343361 0.00660101 -0.23366465
v 0.04264273 0.00660101 -0.23529810
v 0.04391721 0.00660101 -0.23711778
v 0.04641032 0.00660101 -0.24393892
v 0.04485094 0.00660101 -0.24236830
v 0.04321905 0.00660101 -0.24289998
v 0.04262930 0.00660101 -0.24461828
v 0.04385987 0.00660101 -0.24595736
v 0.04546823 0.00660101 -0.24583228
v 0.04561154 0.00660100 -0.24709012
v 0.04534352 0.00991517 -0.24721147
v 0.04717441 0.00860780 -0.24571860
v 0.04764964 0.00660096 -0.24479377
v 0.04735763 0.00852794 -0.24289297
v 0.04659276 0.00660101 -0.24199577
v 0.04522747 0.01001669 -0.24123792
v 0.04459075 0.00660101 -0.24115682
v 0.04294848 0.00860097 -0.24143809
v 0.04205466 0.00660101 -0.24227227
v 0.04150146 0.00860097 -0.24246190
v 0.04150671 0.00660101 -0.24492463
v 0.04366523 0.00860100 -0.24717818
v 0.04305132 0.00660100 -0.24697715
v 0.04263344 0.00860101 -0.24720654
v 0.04561154 0.00660100 -0.23809011
v 0.04534348 0.00991519 -0.23821148
v 0.04725793 0.00872198 -0.23678468
v 0.04764963 0.00660096 -0.23579378
v 0.04735763 0.00852794 -0.23389298
v 0.04589511 0.00660102 -0.23236486
v 0.04522748 0.01001667 -0.23223794
v 0.04369918 0.00860100 -0.23227359
v 0.04199523 0.00660098 -0.23319376
v 0.04191817 0.00860101 -0.23356014
v 0.04150094 0.00860101 -0.23594615
v 0.04166113 0.00660100 -0.23641129
v 0.04316758 0.00860099 -0.23808187
v 0.04330654 0.00660100 -0.23805782
v -0.00724235 0.03636780 -0.24845511
v 0.00726690 0.03604637 -0.24847895
v 0.03496825 0.02193572 -0.24535136
v 0.03183066 0.02603957 -0.24547738
v 0.03436526 0.02251392 -0.24847756
v 0.02966381 0.02859961 -0.24847829
v 0.02683477 0.03114421 -0.24547738
v 0.02150749 0.03509625 -0.24847676
v 0.02140893 0.03513828 -0.24547741
v 0.01318339 0.03903745 -0.24547593
v 0.01573720 0.03798526 -0.24847785
v 0.01025605 0.03984457 -0.24847789
v 0.00545739 0.04080478 -0.24545723
v 0.00496399 0.04101186 -0.24848197
v 0.00588637 0.04657362 -0.24297737
v 0.01313978 0.04532472 -0.24297735
v 0.00603592 0.04661486 -0.24848618
v 0.01103159 0.04582090 -0.24847546
v 0.01710392 0.04391388 -0.24847357
v 0.02095196 0.04222256 -0.24297735
v 0.02297985 0.04115088 -0.24847448
v 0.02579999 0.03941324 -0.24297735
v 0.02955147 0.03676910 -0.24848023
v 0.03020096 0.03615672 -0.24297735
v 0.03479169 0.03174817 -0.24297735
v 0.03631300 0.03003116 -0.24847732
v 0.03957893 0.02554530 -0.24297738
v 0.03945654 0.02553442 -0.24846976
v 0.01146524 0.04414388 -0.24297810
v 0.00394908 0.04469301 -0.24326381
v 0.03922387 0.02320907 -0.24299203
v 0.03118112 0.03310869 -0.24297747
v 0.02276793 0.03943846 -0.24297765
v -0.00537547 0.04086091 -0.24541450
v -0.01128083 0.03960777 -0.24547619
v -0.01087148 0.03967891 -0.24847786
v -0.01709912 0.03741347 -0.24847786
v -0.01940657 0.03630134 -0.24547815
v -0.02480022 0.03288829 -0.24847645
v -0.02577701 0.03204288 -0.24547830
v -0.03167115 0.02632179 -0.24547945
v -0.03273379 0.02501161 -0.24847534
v -0.03709396 0.01776438 -0.24547589
v -0.03707805 0.01773892 -0.24847907
v -0.03942874 0.01209277 -0.24848191
v -0.03969414 0.01181730 -0.24526219
v -0.04473579 0.01410118 -0.24297737
v -0.04316932 0.01879833 -0.24297735
v -0.04478063 0.01385997 -0.24848555
v -0.04208069 0.02124640 -0.24847130
v -0.04016817 0.02456814 -0.24297735
v -0.03767684 0.02827254 -0.24847448
v -0.03665063 0.02957733 -0.24297735
v -0.03368331 0.03291155 -0.24847454
v -0.03251237 0.03408730 -0.24297735
v -0.02964124 0.03661691 -0.24847546
v -0.02731307 0.03840474 -0.24297735
v -0.02362792 0.04081572 -0.24847779
v -0.02040637 0.04250438 -0.24297735
v -0.01587298 0.04440243 -0.24847879
v -0.01410855 0.04495734 -0.24297735
v -0.00731974 0.04660647 -0.24297735
v -0.00719679 0.04661898 -0.24846905
v -0.01252889 0.04385919 -0.24297808
v -0.00445726 0.04565459 -0.24282144
v -0.04374928 0.01221858 -0.24297412
v -0.04065654 0.02031228 -0.24297747
v -0.02569763 0.03764803 -0.24297799
v -0.03523611 0.02882804 -0.24297775
v 0.00501181 0.04102008 -0.23429361
v 0.00963125 0.04001402 -0.23416987
v 0.00484720 0.04106874 -0.23099402
v 0.01113347 0.03962602 -0.23097944
v 0.01809569 0.03697902 -0.23416665
v 0.01739749 0.03726651 -0.23097923
v 0.02339046 0.03389001 -0.23097567
v 0.02386830 0.03347104 -0.23416659
v 0.02857593 0.02960302 -0.23416986
v 0.03070208 0.02741621 -0.23097616
v 0.03464645 0.02224163 -0.23418099
v 0.03497872 0.02189037 -0.23097281
v 0.03954183 0.02532599 -0.23647733
v 0.03631300 0.03003116 -0.23647735
v 0.03933201 0.02593562 -0.23097043
v 0.03479170 0.03174816 -0.23097925
v 0.02955144 0.03676911 -0.23647735
v 0.03020098 0.03615670 -0.23098114
v 0.02580000 0.03941323 -0.23098017
v 0.02297987 0.04115088 -0.23647735
v 0.02095195 0.04222256 -0.23097642
v 0.01710395 0.04391387 -0.23647735
v 0.01313976 0.04532473 -0.23097448
v 0.01103160 0.04582090 -0.23647735
v 0.00633332 0.04662291 -0.23647733
v 0.00675219 0.04659850 -0.23098014
v 0.03898514 0.02284732 -0.23650259
v 0.03387594 0.02986704 -0.23647720
v 0.00416559 0.04513192 -0.23650062
v 0.02453088 0.03803431 -0.23647682
v 0.01393567 0.04296253 -0.23647727
v -0.03918578 0.01251580 -0.23418948
v -0.03659817 0.01882464 -0.23097779
v -0.03613347 0.01955229 -0.23416665
v -0.03179691 0.02615898 -0.23416778
v -0.03208133 0.02570156 -0.23097685
v -0.02742095 0.03066191 -0.23097564
v -0.02445720 0.03312059 -0.23416783
v -0.02048981 0.03571969 -0.23097573
v -0.01780937 0.03708187 -0.23416795
v -0.01179431 0.03946365 -0.23097573
v -0.01205947 0.03931110 -0.23416793
v -0.00563948 0.04079504 -0.23417751
v -0.00496408 0.04101231 -0.23097286
v -0.00725248 0.04660819 -0.23647735
v -0.01197845 0.04562757 -0.23097496
v -0.00603610 0.04661494 -0.23096852
v -0.01587299 0.04440242 -0.23647735
v -0.02040637 0.04250437 -0.23097739
v -0.02362793 0.04081572 -0.23647735
v -0.02731305 0.03840475 -0.23098023
v -0.03177212 0.03488506 -0.23647735
v -0.03232693 0.03426215 -0.23097925
v -0.03665061 0.02957735 -0.23098116
v -0.03767683 0.02827256 -0.23647735
v -0.04016815 0.02456816 -0.23098116
v -0.04208070 0.02124645 -0.23647735
v -0.04316930 0.01879835 -0.23098023
v -0.04477770 0.01390625 -0.23647732
v -0.04089262 0.01927597 -0.23647687
v -0.04301208 0.01161375 -0.23625612
v -0.00502619 0.04607042 -0.23647735
v -0.00415339 0.04498897 -0.23647626
v -0.02427355 0.03808906 -0.23647723
v -0.01406182 0.04298814 -0.23647705
v -0.03280403 0.03119790 -0.23647669
v 0.04152077 0.00860103 -0.23330368
v 0.04241207 0.00860106 -0.23227204
v 0.04153346 0.00860103 -0.23724338
v 0.04250523 0.00860105 -0.23819764
v 0.04752309 0.01015231 -0.23822203
v 0.04241207 0.00860106 -0.24127205
v 0.04153346 0.00860103 -0.24624337
v 0.04562316 0.01692316 -0.24122739
v 0.04489125 0.01859704 -0.24722733
v 0.04752309 0.01015229 -0.24722202
v 0.03744527 0.02173669 -0.24418074
v 0.00397712 0.04243702 -0.24459961
v -0.04251029 0.01143658 -0.24374790
v -0.00380400 0.04281005 -0.24439512
v -0.00378012 0.04266961 -0.23516667
v -0.04087656 0.01141173 -0.23498274
v 0.03721585 0.02160546 -0.23530975
v 0.00378362 0.04318081 -0.23546413
v 0.03766761 0.02181422 -0.23097627
v 0.03933484 0.02338485 -0.23098350
v -0.00371274 0.04422553 -0.23099130
v 0.00375092 0.04379405 -0.23097940
v 0.00484213 0.04595139 -0.23098023
v -0.04282190 0.01153615 -0.23097678
v 0.03911077 0.02289948 -0.24846874
v 0.03641071 0.02152574 -0.24847262
v 0.00407140 0.04491688 -0.24847311
v -0.00380307 0.04289320 -0.24847457
v -0.00451731 0.04572804 -0.24846680
v -0.04083166 0.00460105 -0.23982827
v -0.04112053 0.00112972 -0.24068195
v -0.04270432 0.00460103 -0.23804463
v -0.04412930 0.00112269 -0.23936014
v -0.04407211 0.00460102 -0.23972735
v -0.04280129 0.00460105 -0.24137135
v -0.04314492 0.00110137 -0.24115592
v 0.04406932 0.00760102 -0.24031025
v 0.04382755 0.00110115 -0.23871522
v 0.04397830 0.00111318 -0.24060175
v 0.04344828 0.00760105 -0.23822525
v 0.04138054 0.00760101 -0.23850368
v 0.04091963 0.00760105 -0.24053849
v 0.04112972 0.00110424 -0.24069022
v 0.04284160 0.00760101 -0.24135026
v -0.03988361 -0.00095875 -0.23047507
v -0.03875362 -0.00215243 -0.23047735
v -0.04880851 -0.00094120 -0.23047601
v -0.04417481 -0.02066756 -0.23047727
v 0.04899288 -0.00086598 -0.23059559
v 0.04754435 -0.01061414 -0.23047729
v 0.03973448 -0.00125760 -0.23047578
v 0.03261820 -0.00221872 -0.23052752
v 0.03860886 -0.00216550 -0.23047735
v 0.03187837 -0.00876009 -0.23047735
v -0.04023308 -0.02563199 -0.23048040
v -0.03800605 -0.02167320 -0.23050393
v 0.00302504 -0.04858908 -0.23047712
v -0.01399920 -0.04659999 -0.23047699
v -0.00693377 -0.04717371 -0.23047939
v 0.04472666 -0.01434952 -0.23062573
v 0.04384408 -0.01181234 -0.23051363
v 0.00392373 -0.04564134 -0.23047771
v 0.00674691 -0.04644039 -0.23062047
v -0.00371221 -0.04398442 -0.23051463
v 0.00369722 -0.04308027 -0.23051198
v -0.00404637 -0.04069839 -0.23047833
v -0.03492126 -0.02101608 -0.23047763
v -0.03042341 -0.01307297 -0.23047738
v -0.02272237 -0.02425681 -0.23047744
v 0.03928947 -0.01114113 -0.23047808
v -0.02084829 -0.04268325 -0.23047741
v -0.02624567 -0.04073779 -0.23047733
v -0.03068510 -0.03633977 -0.23047747
v -0.03547637 -0.03328142 -0.23047708
v -0.03265746 -0.00224673 -0.23049279
v 0.00481521 -0.04031321 -0.23047742
v 0.03513476 -0.02062648 -0.23047726
v -0.00330694 -0.03282039 -0.23047735
v 0.00717720 -0.03229914 -0.23047739
v 0.02781744 -0.01792669 -0.23047738
v 0.04387039 -0.01819731 -0.23047736
v 0.04148864 -0.02559164 -0.23047680
v 0.03876346 -0.02762702 -0.23047750
v 0.03089018 -0.03749345 -0.23047720
v 0.02872290 -0.03799632 -0.23047762
v 0.01723002 -0.04546532 -0.23047708
v 0.01490672 -0.04522414 -0.23047762
v -0.02188567 -0.03402981 -0.23047735
v -0.03007695 -0.02726940 -0.23047732
v 0.01917319 -0.02707432 -0.23047742
v 0.02416116 -0.03272866 -0.23047727
v -0.01291994 -0.03847505 -0.23047732
v -0.01236843 -0.03066612 -0.23047738
v 0.01126865 -0.03891769 -0.23047733
v 0.00757771 -0.03159198 -0.24848664
v 0.01122895 -0.03045220 -0.24584857
v 0.00683043 -0.03222208 -0.24555236
v 0.01195040 -0.03018243 -0.24847557
v 0.01676752 -0.02778069 -0.24585506
v 0.01839275 -0.02683578 -0.24847065
v 0.02138946 -0.02444164 -0.24585140
v 0.02490344 -0.02087404 -0.24847886
v 0.02562061 -0.01995208 -0.24585502
v 0.02870075 -0.01526674 -0.24847519
v 0.02874465 -0.01518284 -0.24585141
v 0.03129353 -0.00895018 -0.24847592
v 0.03109360 -0.00947770 -0.24585481
v 0.03258273 -0.00222673 -0.24583042
v 0.03261432 -0.00224948 -0.24892592
v 0.00928768 -0.03679364 -0.24267070
v 0.00595443 -0.03742511 -0.24268265
v 0.00727142 -0.03602194 -0.24334319
v 0.03801025 -0.00220570 -0.24267435
v 0.03703883 -0.00849476 -0.24267662
v 0.03520967 -0.01434811 -0.24267763
v 0.03269149 -0.01929841 -0.24267772
v 0.02955254 -0.02388119 -0.24267621
v 0.02478296 -0.02876560 -0.24267779
v 0.01903281 -0.03285730 -0.24267624
v 0.01401386 -0.03523569 -0.24267749
v 0.04855987 -0.00044186 -0.24893351
v 0.04571120 -0.00045666 -0.24357410
v 0.04405559 -0.00040915 -0.24631932
v 0.04578724 -0.00043176 -0.23470202
v 0.04849745 -0.00039899 -0.23097736
v 0.04363642 -0.00044026 -0.23418784
v 0.04001688 -0.00039938 -0.23097695
v 0.04000000 -0.00039899 -0.24847735
v 0.04525519 -0.00043560 -0.23639552
v 0.04319210 -0.00048656 -0.23560952
v 0.04341587 -0.00045871 -0.23820402
v 0.04115684 -0.00044901 -0.24068478
v 0.04351027 -0.00045605 -0.24330439
v 0.04271553 -0.00057019 -0.24136975
v 0.04404436 -0.00064325 -0.24025272
v 0.04100230 -0.00045399 -0.23897389
v -0.04251594 -0.02417010 -0.23822474
v -0.04609120 -0.01689459 -0.24072540
v -0.04655403 -0.01562407 -0.23872443
v -0.04798120 -0.00955288 -0.24121214
v -0.04818366 -0.00842050 -0.23746814
v -0.04869737 -0.00550465 -0.24848403
v -0.04808602 -0.00834571 -0.24606955
v -0.04799836 -0.01034522 -0.24815707
v -0.04815705 -0.00830969 -0.24240460
v -0.04806082 -0.00835963 -0.23338261
v -0.04857382 -0.00641625 -0.23097232
v -0.04792093 -0.00957785 -0.23222166
v -0.04757502 -0.01191471 -0.23098433
v -0.04539529 -0.01853000 -0.24771844
v -0.04575048 -0.01761040 -0.24847746
v -0.04275025 -0.02389631 -0.24847452
v -0.04247168 -0.02416833 -0.24720818
v -0.04151243 -0.02590300 -0.24619406
v -0.04008463 -0.02811935 -0.23097731
v -0.04151233 -0.02592285 -0.23719427
v -0.04150937 -0.02590570 -0.23330326
v -0.03948415 -0.02898310 -0.24848361
v -0.04150983 -0.02592590 -0.24229467
v -0.04243970 -0.02429824 -0.24124968
v -0.04609335 -0.01689572 -0.23172295
v -0.04398205 -0.02172108 -0.23098068
v -0.04242695 -0.02427994 -0.23225375
v -0.03648456 -0.03264200 -0.23097444
v -0.03532859 -0.03390202 -0.24848133
v -0.03239085 -0.03672721 -0.23097847
v -0.03016273 -0.03857259 -0.24848039
v -0.02596787 -0.04152198 -0.23097746
v -0.02323777 -0.04310559 -0.24847725
v -0.01895501 -0.04512092 -0.23097338
v -0.01736263 -0.04574402 -0.24848028
v -0.01362253 -0.04699096 -0.23097444
v -0.01197482 -0.04744811 -0.24848133
v -0.00753425 -0.04837731 -0.23097907
v -0.00551091 -0.04862096 -0.24847931
v -0.00013169 -0.04892153 -0.23097444
v 0.00013169 -0.04892153 -0.24848028
v 0.00551091 -0.04862096 -0.23097540
v 0.00753425 -0.04837731 -0.24847564
v 0.01197482 -0.04744811 -0.23097338
v 0.01362253 -0.04699096 -0.24848028
v 0.01736263 -0.04574402 -0.23097444
v 0.01895501 -0.04512092 -0.24848133
v 0.02323777 -0.04310559 -0.23097746
v 0.02596787 -0.04152198 -0.24847725
v 0.03016273 -0.03857259 -0.23097432
v 0.03239085 -0.03672721 -0.24847624
v 0.03532859 -0.03390202 -0.23097338
v 0.03648456 -0.03264200 -0.24848028
v 0.03964405 -0.02877437 -0.23097432
v 0.04040459 -0.02770020 -0.24848039
v 0.04300309 -0.02343537 -0.23097444
v 0.04380758 -0.02192649 -0.24848133
v 0.04490723 -0.01953880 -0.23097739
v 0.04679468 -0.01463199 -0.24847725
v 0.04726338 -0.01305641 -0.23097262
v 0.04840486 -0.00772009 -0.24847931
v 0.04866540 -0.00589846 -0.23097338
v 0.04903045 -0.00095668 -0.24847026
v -0.04903045 -0.00095668 -0.23098445
v -0.04899288 -0.00086598 -0.24885911
v 0.03990291 -0.00092319 -0.24897984
v 0.03875363 -0.00215243 -0.24897735
v 0.04728709 -0.01116774 -0.24897736
v -0.04804784 -0.00713195 -0.24897735
v -0.03973448 -0.00125760 -0.24897891
v -0.01957036 -0.03550883 -0.24897738
v -0.00779627 -0.03679894 -0.24897590
v -0.02966566 -0.02774025 -0.24897738
v -0.03860886 -0.00216550 -0.24897735
v -0.04559326 -0.01670968 -0.24897735
v 0.04255002 -0.01110810 -0.24892156
v 0.03922575 -0.01130844 -0.24897709
v -0.04047104 -0.02695983 -0.24897741
v -0.04028315 -0.02448060 -0.24897654
v 0.04486562 -0.01374208 -0.24888922
v 0.01399920 -0.04659999 -0.24897771
v 0.00598573 -0.04689597 -0.24897674
v -0.00302504 -0.04858909 -0.24897756
v -0.01030908 -0.03912690 -0.24897736
v -0.00497801 -0.04070576 -0.24893187
v 0.00495967 -0.04022728 -0.24897692
v 0.00542069 -0.04052128 -0.24891952
v 0.00765848 -0.03706817 -0.24897616
v -0.03786822 -0.02105730 -0.24897726
v -0.00686192 -0.03271942 -0.24887609
v -0.01534523 -0.02938151 -0.24897726
v -0.02595536 -0.02065991 -0.24897727
v -0.03180647 -0.00920652 -0.24897732
v -0.03462516 -0.02185284 -0.24896368
v 0.00052126 -0.03851375 -0.24897732
v 0.01962949 -0.03555435 -0.24897739
v 0.00307532 -0.04386977 -0.24897680
v 0.01378463 -0.03001104 -0.24897733
v 0.00682094 -0.03287140 -0.24887215
v -0.00591958 -0.04706377 -0.24897572
v -0.00304541 -0.04346963 -0.24897613
v 0.03075904 -0.01249282 -0.24897729
v -0.03527202 -0.03204013 -0.24897708
v -0.03089018 -0.03749345 -0.24897750
v -0.02587043 -0.03978916 -0.24897733
v -0.01723002 -0.04546532 -0.24897762
v -0.01720114 -0.04431762 -0.24897723
v -0.03261849 -0.00221873 -0.24896154
v 0.02873983 -0.02859104 -0.24897736
v 0.02304075 -0.02385407 -0.24897727
v 0.03618136 -0.01845092 -0.24897738
v 0.01649282 -0.04470311 -0.24897701
v 0.02624567 -0.04073779 -0.24897736
v 0.02975957 -0.03713721 -0.24897720
v 0.03547637 -0.03328142 -0.24897762
v 0.03678892 -0.03006455 -0.24897730
v 0.04339163 -0.02186728 -0.24897745
v 0.04268544 -0.02099068 -0.24897727
v -0.03192447 -0.00625845 -0.24584904
v -0.03271066 -0.00223798 -0.24568523
v -0.03122880 -0.00915459 -0.24847238
v -0.03023714 -0.01191871 -0.24585417
v -0.02793122 -0.01678946 -0.24847108
v -0.02754695 -0.01724226 -0.24585180
v -0.02394932 -0.02192590 -0.24585423
v -0.02234758 -0.02355990 -0.24847853
v -0.01910968 -0.02628925 -0.24585056
v -0.01672058 -0.02787769 -0.24847868
v -0.01256511 -0.02995721 -0.24585275
v -0.00765315 -0.03163749 -0.24847792
v -0.00676424 -0.03229276 -0.24552149
v -0.03794965 -0.00219937 -0.24268195
v -0.00962879 -0.03671998 -0.24266741
v -0.00725090 -0.03572332 -0.24351394
v -0.00623830 -0.03736193 -0.24269179
v -0.01657657 -0.03415852 -0.24267839
v -0.02242352 -0.03063435 -0.24267593
v -0.02772337 -0.02597413 -0.24267834
v -0.03192515 -0.02059346 -0.24267596
v -0.03521004 -0.01434722 -0.24267831
v -0.03721192 -0.00782043 -0.24267597
v 0.03799940 -0.00220280 -0.23676947
v 0.03670456 -0.00996245 -0.23677731
v 0.03398900 -0.01710605 -0.23677595
v 0.02896028 -0.02459312 -0.23677643
v 0.02468728 -0.02883181 -0.23677641
v 0.02021054 -0.03211860 -0.23677497
v 0.01434867 -0.03513522 -0.23677878
v 0.00782488 -0.03715118 -0.23677978
v -0.03804807 -0.00221353 -0.23678009
v -0.03655494 -0.01040166 -0.23677649
v -0.03446426 -0.01604560 -0.23677635
v -0.03093728 -0.02202261 -0.23677656
v -0.02707938 -0.02664231 -0.23677628
v -0.02067407 -0.03187295 -0.23677714
v -0.01403012 -0.03527771 -0.23677720
v -0.00827026 -0.03702087 -0.23677604
v -0.00185302 -0.03789015 -0.23677665
v -0.00607110 -0.03742250 -0.24848694
v -0.00219026 -0.03785669 -0.24847275
v 0.00231361 -0.03784261 -0.23677735
v 0.00370544 -0.03775924 -0.24847800
v 0.03266646 -0.00224497 -0.23374465
v 0.03196737 -0.00596729 -0.23360409
v -0.03255384 -0.00222597 -0.23362954
v -0.03132139 -0.00871416 -0.23360129
v -0.02931392 -0.01402561 -0.23360142
v -0.02584719 -0.01970746 -0.23360299
v -0.01986049 -0.02577392 -0.23360226
v -0.01329508 -0.02962200 -0.23359971
v -0.00803834 -0.03141207 -0.23360199
v -0.00258046 -0.03235767 -0.23359974
v 0.00532873 -0.03204611 -0.23360337
v 0.01299554 -0.02977348 -0.23360205
v 0.02024318 -0.02547538 -0.23360305
v 0.02589035 -0.01964513 -0.23359972
v 0.02974672 -0.01325635 -0.23360020
v -0.03173107 -0.00711053 -0.23097675
v -0.02980357 -0.01299259 -0.23097669
v -0.02502966 -0.02085337 -0.23098230
v -0.01936781 -0.02606829 -0.23098025
v -0.01433818 -0.02909394 -0.23097698
v -0.00948348 -0.03104393 -0.23098026
v -0.00197995 -0.03241762 -0.23097712
v 0.00450016 -0.03212596 -0.23097840
v 0.01026190 -0.03079993 -0.23097664
v 0.01786784 -0.02717181 -0.23098058
v 0.02353718 -0.02239888 -0.23097561
v 0.03151882 -0.00808945 -0.23097952
v 0.02834751 -0.01602903 -0.23097517
v -0.04609922 -0.00039899 -0.24318101
v -0.04849745 -0.00039899 -0.23097736
v -0.04849745 -0.00039899 -0.24847735
v -0.04385987 -0.00039899 -0.23349734
v -0.04000629 -0.00039906 -0.23097728
v -0.04546823 -0.00039899 -0.23362242
v -0.04584530 -0.00039899 -0.24567771
v -0.04413101 -0.00038385 -0.24233368
v -0.04277033 -0.00039899 -0.23454715
v -0.04001687 -0.00039942 -0.24847779
v -0.04343361 -0.00039899 -0.24579005
v -0.04641032 -0.00039899 -0.23551577
v -0.04474885 -0.00039899 -0.23712218
v -0.04382116 -0.00057817 -0.23864084
v -0.04107114 -0.00040175 -0.23788698
v -0.04315075 -0.00039899 -0.24292628
v -0.04234472 -0.00059776 -0.24140967
v -0.04293131 -0.00039899 -0.23625325
v -0.04267245 -0.00039899 -0.24436201
v -0.04104924 -0.00044688 -0.24066083
v 0.04315037 -0.00991064 -0.23559704
v 0.04450000 -0.01065006 -0.23522735
v 0.04381005 -0.00989953 -0.23414651
v 0.04505696 -0.00990159 -0.23402713
v 0.04582019 -0.00990159 -0.23531573
v 0.04481065 -0.00990296 -0.23653093
v 0.04492573 -0.00090531 -0.23395573
v 0.04380155 -0.00090318 -0.23632295
v 0.04315037 -0.00991064 -0.24385765
v 0.04450000 -0.01065006 -0.24422735
v 0.04445716 -0.00989953 -0.24294579
v 0.04559086 -0.00990159 -0.24347852
v 0.04559085 -0.00990159 -0.24497618
v 0.04410297 -0.00990296 -0.24550727
v 0.04323987 -0.00090307 -0.24463366
v 0.04462851 -0.00089820 -0.24294297
v 0.04547427 -0.00090531 -0.24514881
v 0.04417459 -0.00089975 -0.24546841
v -0.04613881 -0.00639899 -0.23617262
v -0.04584530 -0.00639899 -0.23377699
v -0.04343361 -0.00639899 -0.23366465
v -0.04264273 -0.00639899 -0.23529810
v -0.04391721 -0.00639899 -0.23711778
v -0.04641032 -0.00639899 -0.24393892
v -0.04485094 -0.00639899 -0.24236830
v -0.04321905 -0.00639899 -0.24289998
v -0.04262930 -0.00639899 -0.24461828
v -0.04385987 -0.00639899 -0.24595736
v -0.04546823 -0.00639899 -0.24583228
v -0.04561154 -0.00639897 -0.24709012
v -0.04534352 -0.00971314 -0.24721147
v -0.04717441 -0.00840577 -0.24571860
v -0.04764964 -0.00639894 -0.24479377
v -0.04735763 -0.00832592 -0.24289297
v -0.04659276 -0.00639899 -0.24199577
v -0.04522747 -0.00981466 -0.24123792
v -0.04459075 -0.00639898 -0.24115682
v -0.04294848 -0.00839895 -0.24143809
v -0.04205466 -0.00639899 -0.24227227
v -0.04150146 -0.00839895 -0.24246190
v -0.04150671 -0.00639899 -0.24492463
v -0.04366523 -0.00839898 -0.24717818
v -0.04305132 -0.00639898 -0.24697715
v -0.04263344 -0.00839898 -0.24720654
v -0.04561154 -0.00639897 -0.23809011
v -0.04534348 -0.00971317 -0.23821148
v -0.04751092 -0.00829408 -0.23619744
v -0.04764963 -0.00639894 -0.23579378
v -0.04698015 -0.00849695 -0.23344460
v -0.04589511 -0.00639900 -0.23236486
v -0.04522748 -0.00981465 -0.23223794
v -0.04369918 -0.00839897 -0.23227359
v -0.04199523 -0.00639896 -0.23319376
v -0.04191817 -0.00839899 -0.23356014
v -0.04150094 -0.00839899 -0.23594615
v -0.04166113 -0.00639897 -0.23641129
v -0.04316758 -0.00839897 -0.23808187
v -0.04330654 -0.00639898 -0.23805782
v 0.00723430 -0.03552934 -0.24847522
v -0.00726690 -0.03584435 -0.24847895
v -0.03496825 -0.02173370 -0.24535136
v -0.03183066 -0.02583755 -0.24547738
v -0.02966381 -0.02839758 -0.24847829
v -0.02683477 -0.03094219 -0.24547738
v -0.02150749 -0.03489422 -0.24847676
v -0.02140893 -0.03493626 -0.24547741
v -0.01318339 -0.03883543 -0.24547593
v -0.01573720 -0.03778324 -0.24847785
v -0.01025605 -0.03964255 -0.24847789
v -0.00545739 -0.04060276 -0.24545723
v -0.00588637 -0.04637159 -0.24297737
v -0.01313978 -0.04512269 -0.24297735
v -0.00603592 -0.04641284 -0.24848618
v -0.01103159 -0.04561888 -0.24847546
v -0.01710392 -0.04371186 -0.24847357
v -0.02095196 -0.04202053 -0.24297735
v -0.02297985 -0.04094886 -0.24847448
v -0.02579999 -0.03921122 -0.24297735
v -0.02955147 -0.03656708 -0.24848023
v -0.03020096 -0.03595470 -0.24297735
v -0.03479169 -0.03154615 -0.24297735
v -0.03631300 -0.02982914 -0.24847732
v -0.03957893 -0.02534328 -0.24297738
v -0.03945654 -0.02533239 -0.24846976
v -0.02179441 -0.03976761 -0.24297759
v -0.03922387 -0.02300704 -0.24299203
v -0.03062544 -0.03348945 -0.24297771
v -0.01258107 -0.04350906 -0.24297743
v -0.00410411 -0.04491705 -0.24306411
v 0.00537547 -0.04065889 -0.24541450
v 0.01128083 -0.03940575 -0.24547619
v 0.01087148 -0.03947689 -0.24847786
v 0.01709912 -0.03721145 -0.24847786
v 0.01940657 -0.03609931 -0.24547815
v 0.02480022 -0.03268626 -0.24847645
v 0.02577701 -0.03184086 -0.24547830
v 0.03167115 -0.02611977 -0.24547945
v 0.03273379 -0.02480959 -0.24847534
v 0.03709396 -0.01756235 -0.24547589
v 0.03707805 -0.01753689 -0.24847907
v 0.03942874 -0.01189075 -0.24848191
v 0.03969414 -0.01161528 -0.24526219
v 0.04473579 -0.01389916 -0.24297737
v 0.04316932 -0.01859631 -0.24297735
v 0.04208069 -0.02104438 -0.24847130
v 0.04016817 -0.02436612 -0.24297735
v 0.03767684 -0.02807052 -0.24847448
v 0.03665063 -0.02937531 -0.24297735
v 0.03368331 -0.03270953 -0.24847454
v 0.03232694 -0.03406012 -0.24297735
v 0.02964124 -0.03641488 -0.24847546
v 0.02731307 -0.03820272 -0.24297735
v 0.02362792 -0.04061370 -0.24847779
v 0.02040637 -0.04230236 -0.24297735
v 0.01587298 -0.04420041 -0.24847879
v 0.01410855 -0.04475531 -0.24297735
v 0.00731974 -0.04640445 -0.24297735
v 0.00719679 -0.04641696 -0.24846905
v 0.01158335 -0.04380947 -0.24297750
v 0.00445726 -0.04545257 -0.24282144
v 0.04374930 -0.01201657 -0.24297412
v 0.03523611 -0.02862601 -0.24297775
v 0.04065654 -0.02011026 -0.24297747
v 0.01926142 -0.04098974 -0.24297741
v 0.02637365 -0.03690610 -0.24297762
v -0.00501181 -0.04081806 -0.23429361
v -0.00963125 -0.03981200 -0.23416987
v -0.00484720 -0.04086672 -0.23099402
v -0.01113347 -0.03942400 -0.23097944
v -0.01809569 -0.03677700 -0.23416665
v -0.01739749 -0.03706449 -0.23097923
v -0.02339046 -0.03368799 -0.23097567
v -0.02386830 -0.03326902 -0.23416659
v -0.02857593 -0.02940100 -0.23416986
v -0.03070208 -0.02721419 -0.23097616
v -0.03464645 -0.02203961 -0.23418099
v -0.03497872 -0.02168835 -0.23097281
v -0.03954183 -0.02512396 -0.23647733
v -0.03631300 -0.02982914 -0.23647735
v -0.03933201 -0.02573360 -0.23097043
v -0.03479170 -0.03154613 -0.23097925
v -0.02955144 -0.03656709 -0.23647735
v -0.03020098 -0.03595467 -0.23098114
v -0.02580000 -0.03921121 -0.23098017
v -0.02297987 -0.04094886 -0.23647735
v -0.02095195 -0.04202054 -0.23097642
v -0.01710395 -0.04371185 -0.23647735
v -0.01313976 -0.04512271 -0.23097448
v -0.01103160 -0.04561887 -0.23647735
v -0.00633332 -0.04642089 -0.23647733
v -0.00675219 -0.04639648 -0.23098014
v -0.03898514 -0.02264529 -0.23650259
v -0.00416559 -0.04492990 -0.23650062
v -0.03387594 -0.02966502 -0.23647720
v -0.01393567 -0.04276051 -0.23647727
v -0.02453088 -0.03783229 -0.23647682
v 0.03918578 -0.01231378 -0.23418948
v 0.03659817 -0.01862262 -0.23097779
v 0.03921506 -0.01222226 -0.23098442
v 0.03613347 -0.01935027 -0.23416665
v 0.03179691 -0.02595696 -0.23416778
v 0.03208133 -0.02549953 -0.23097685
v 0.02742095 -0.03045989 -0.23097564
v 0.02445720 -0.03291856 -0.23416783
v 0.02048981 -0.03551767 -0.23097573
v 0.01780937 -0.03687984 -0.23416795
v 0.01179431 -0.03926162 -0.23097573
v 0.01205947 -0.03910907 -0.23416793
v 0.00563948 -0.04059301 -0.23417751
v 0.00496408 -0.04081028 -0.23097286
v 0.00725248 -0.04640616 -0.23647735
v 0.01197845 -0.04542555 -0.23097496
v 0.01587299 -0.04420040 -0.23647735
v 0.02040637 -0.04230235 -0.23097739
v 0.02362793 -0.04061370 -0.23647735
v 0.02731305 -0.03820273 -0.23098023
v 0.03177212 -0.03468303 -0.23647735
v 0.03232693 -0.03406013 -0.23097925
v 0.03665061 -0.02937533 -0.23098116
v 0.03767683 -0.02807054 -0.23647735
v 0.04016815 -0.02436614 -0.23098116
v 0.04208070 -0.02104443 -0.23647735
v 0.04316930 -0.01859632 -0.23098023
v 0.04477770 -0.01370423 -0.23647732
v 0.00502619 -0.04586839 -0.23647735
v 0.00415339 -0.04478695 -0.23647626
v 0.04089262 -0.01907394 -0.23647687
v 0.04301208 -0.01141173 -0.23625612
v 0.01406182 -0.04278612 -0.23647705
v 0.03280403 -0.03099587 -0.23647669
v 0.02427355 -0.03788703 -0.23647723
v -0.04152077 -0.00839901 -0.23330368
v -0.04241207 -0.00839904 -0.23227204
v -0.04153346 -0.00839901 -0.23724338
v -0.04250523 -0.00839903 -0.23819764
v -0.04752309 -0.00995029 -0.23822203
v -0.04562316 -0.01672114 -0.23222740
v -0.04241207 -0.00839904 -0.24127205
v -0.04153346 -0.00839901 -0.24624337
v -0.04562316 -0.01672113 -0.24122739
v -0.04489201 -0.01839540 -0.24722733
v -0.04752309 -0.00995027 -0.24722202
v 0.00667248 -0.03699622 -0.24847206
v -0.03744527 -0.02153467 -0.24418074
v -0.00397712 -0.04223500 -0.24459961
v 0.04251029 -0.01123456 -0.24374790
v 0.00380400 -0.04260803 -0.24439512
v 0.00378012 -0.04246758 -0.23516667
v 0.04087656 -0.01120971 -0.23498274
v -0.03721585 -0.02140344 -0.23530975
v -0.00378362 -0.04297879 -0.23546413
v -0.03933484 -0.02318283 -0.23098350
v 0.00471850 -0.04571969 -0.23098943
v -0.00484213 -0.04574937 -0.23098023
v 0.04214067 -0.01101358 -0.23098668
v 0.04440346 -0.01287782 -0.24847633
v -0.03911077 -0.02269745 -0.24846874
v -0.03641071 -0.02132372 -0.24847262
v -0.00371328 -0.04403054 -0.24846420
v 0.00380307 -0.04269118 -0.24847457
v 0.00451731 -0.04552601 -0.24846680
v 0.04093706 -0.00439900 -0.23944093
v 0.04270432 -0.00439904 -0.23804463
v 0.04243653 -0.00090243 -0.23815605
v 0.04406809 -0.00439905 -0.24043310
v 0.04175300 -0.00439899 -0.24115065
v -0.04382793 -0.00739901 -0.23858294
v -0.04397830 -0.00091116 -0.24060175
v -0.04254965 -0.00090186 -0.23809102
v -0.04158694 -0.00739899 -0.23828103
v -0.04106236 -0.00090640 -0.23879971
v -0.04085317 -0.00739899 -0.23992349
v -0.04204373 -0.00739901 -0.24139711
v -0.04388850 -0.00739899 -0.24066256
f 1 3 2
f 4 6 5
f 7 5 6
f 8 10 9
f 1 2 10
f 11 12 1
f 5 11 1
f 5 1 4
f 13 14 9
f 9 10 13
f 5 7 15
f 15 7 16
f 16 7 17
f 18 6 4
f 1 8 4
f 19 14 5
f 14 13 5
f 20 21 18
f 1 10 8
f 15 22 19
f 5 15 19
f 23 25 24
f 19 22 25
f 19 25 23
f 26 28 27
f 26 27 29
f 29 27 30
f 29 30 31
f 29 31 32
f 32 31 33
f 32 33 34
f 32 34 35
f 35 34 36
f 36 34 37
f 36 37 38
f 36 38 39
f 39 38 40
f 39 40 41
f 41 40 42
f 41 42 43
f 43 42 44
f 43 44 45
f 45 44 46
f 45 46 47
f 47 46 48
f 47 48 49
f 49 48 50
f 49 50 51
f 49 51 52
f 52 51 53
f 52 53 54
f 52 54 55
f 55 54 28
f 55 28 26
f 56 58 57
f 56 57 59
f 59 57 60
f 60 57 61
f 60 61 62
f 60 62 63
f 63 62 64
f 63 64 65
f 65 64 66
f 65 66 67
f 67 66 68
f 67 68 69
f 67 69 70
f 70 69 71
f 70 71 72
f 72 71 73
f 72 73 74
f 74 73 75
f 74 75 76
f 74 76 77
f 77 76 78
f 77 78 79
f 79 78 80
f 79 80 81
f 81 80 82
f 81 82 83
f 83 82 84
f 83 84 85
f 85 84 86
f 85 86 56
f 56 86 58
f 87 89 88
f 88 89 90
f 88 90 91
f 91 90 92
f 91 92 93
f 93 92 94
f 93 94 95
f 95 94 96
f 95 96 97
f 97 96 98
f 97 98 99
f 99 98 100
f 99 100 101
f 101 100 102
f 102 100 103
f 102 103 104
f 104 103 105
f 105 103 106
f 105 106 107
f 107 106 108
f 107 108 109
f 109 108 110
f 109 110 111
f 111 110 112
f 112 110 113
f 112 113 114
f 114 113 115
f 114 115 87
f 87 115 89
f 116 118 117
f 117 118 119
f 119 118 120
f 119 120 121
f 121 120 122
f 120 123 122
f 122 123 124
f 123 125 124
f 124 125 126
f 126 125 127
f 126 127 128
f 128 127 129
f 128 129 130
f 129 131 130
f 130 131 132
f 131 133 132
f 132 133 134
f 134 133 135
f 134 135 136
f 135 137 136
f 136 137 138
f 137 139 138
f 139 116 138
f 138 116 117
f 140 142 141
f 141 143 140
f 140 143 144
f 143 145 144
f 144 145 146
f 146 145 147
f 146 147 148
f 147 149 148
f 148 149 150
f 149 151 150
f 150 151 152
f 152 151 153
f 152 153 154
f 152 154 155
f 155 154 156
f 154 157 156
f 156 157 158
f 156 158 159
f 158 160 159
f 159 160 161
f 161 160 162
f 161 162 142
f 162 163 142
f 142 163 141
f 8 9 164
f 165 167 166
f 168 166 169
f 170 172 171
f 173 171 174
f 175 174 176
f 176 174 177
f 168 169 178
f 178 169 172
f 176 177 179
f 170 171 173
f 173 174 175
f 165 166 168
f 178 172 180
f 180 172 170
f 181 165 168
f 182 173 175
f 183 165 181
f 184 168 178
f 184 178 180
f 180 170 173
f 164 176 179
f 180 173 182
f 175 176 9
f 9 176 164
f 181 168 185
f 185 168 186
f 186 168 184
f 184 180 187
f 164 188 8
f 175 9 182
f 182 9 14
f 182 14 180
f 180 14 187
f 181 185 189
f 181 189 190
f 181 190 183
f 183 190 191
f 133 192 135
f 116 171 118
f 118 171 172
f 135 177 137
f 123 166 167
f 135 192 177
f 120 169 166
f 118 172 169
f 137 174 139
f 131 193 133
f 133 193 192
f 139 174 116
f 116 174 171
f 131 194 193
f 123 167 125
f 137 177 174
f 129 194 131
f 120 166 123
f 167 195 125
f 125 195 127
f 127 195 196
f 127 196 129
f 129 196 194
f 197 192 193
f 194 196 198
f 198 196 199
f 199 196 195
f 200 195 201
f 201 195 167
f 201 167 202
f 177 192 179
f 197 193 203
f 203 193 194
f 202 167 165
f 179 192 197
f 204 194 198
f 199 195 200
f 203 194 204
f 164 179 197
f 198 199 205
f 202 165 183
f 188 197 203
f 205 199 206
f 200 201 207
f 164 197 188
f 206 199 200
f 208 198 205
f 207 201 202
f 208 204 198
f 209 203 204
f 207 202 183
f 188 203 209
f 210 204 208
f 211 205 206
f 8 188 209
f 210 209 204
f 212 208 205
f 212 205 211
f 213 206 200
f 213 200 207
f 191 207 183
f 214 216 215
f 217 219 218
f 220 222 221
f 223 224 221
f 225 227 226
f 216 226 224
f 222 228 221
f 222 220 217
f 217 220 229
f 230 231 227
f 225 226 232
f 232 226 216
f 216 224 223
f 228 223 221
f 233 229 234
f 230 227 225
f 233 234 235
f 217 229 233
f 236 233 235
f 237 223 228
f 238 231 230
f 239 228 222
f 240 233 236
f 241 230 225
f 241 225 242
f 242 225 232
f 214 232 216
f 243 239 222
f 243 222 217
f 243 217 218
f 242 232 214
f 215 216 223
f 239 237 228
f 219 217 233
f 219 233 240
f 244 238 230
f 244 230 241
f 215 223 237
f 240 236 245
f 236 246 245
f 247 227 231
f 248 249 247
f 249 251 250
f 252 235 253
f 254 253 255
f 256 255 250
f 257 254 255
f 236 235 252
f 254 252 253
f 256 257 255
f 256 250 251
f 258 251 249
f 258 249 248
f 259 247 231
f 260 252 254
f 261 248 259
f 259 248 247
f 259 231 238
f 246 236 252
f 262 254 257
f 263 257 256
f 261 258 248
f 246 252 260
f 262 257 263
f 260 254 262
f 264 263 256
f 264 256 251
f 264 251 258
f 265 22 15
f 265 15 266
f 16 267 266
f 16 266 15
f 268 24 265
f 265 24 25
f 265 25 22
f 269 271 270
f 270 271 272
f 273 275 274
f 274 276 273
f 277 273 276
f 273 277 272
f 270 272 277
f 268 278 24
f 279 278 268
f 268 280 279
f 279 280 269
f 269 280 271
f 281 274 275
f 281 282 274
f 281 283 282
f 267 283 281
f 267 16 283
f 284 286 285
f 285 286 287
f 288 290 289
f 289 290 291
f 289 291 292
f 292 293 289
f 293 285 289
f 284 285 293
f 294 7 295
f 295 7 6
f 295 6 296
f 6 18 296
f 296 18 297
f 18 21 297
f 298 17 7
f 298 7 294
f 17 298 299
f 300 299 298
f 301 299 300
f 300 302 301
f 301 302 286
f 286 302 287
f 297 21 303
f 297 303 304
f 305 304 303
f 304 305 288
f 288 305 290
f 265 266 306
f 268 265 307
f 307 265 308
f 308 265 306
f 309 266 310
f 267 311 310
f 267 310 266
f 312 281 275
f 313 281 312
f 311 267 314
f 314 267 281
f 314 281 313
f 315 271 280
f 315 280 316
f 268 307 317
f 316 280 317
f 317 280 268
f 315 318 271
f 271 318 272
f 273 320 319
f 273 319 312
f 273 312 275
f 273 318 320
f 318 273 272
f 321 285 322
f 322 285 287
f 322 287 302
f 322 302 323
f 298 325 324
f 300 298 324
f 323 302 324
f 324 302 300
f 326 285 321
f 285 326 289
f 326 327 289
f 289 327 328
f 289 328 288
f 304 328 329
f 328 304 288
f 330 297 331
f 297 304 331
f 331 304 329
f 297 330 295
f 297 295 296
f 332 294 295
f 325 298 294
f 325 294 333
f 333 294 332
f 333 295 325
f 325 295 330
f 295 333 332
f 327 321 322
f 327 322 328
f 321 327 326
f 325 330 331
f 325 331 324
f 324 331 329
f 324 329 323
f 323 329 328
f 323 328 322
f 307 311 314
f 307 314 317
f 317 314 313
f 317 313 316
f 316 313 312
f 316 312 315
f 307 310 311
f 310 308 309
f 309 308 306
f 310 307 308
f 309 306 266
f 315 312 319
f 315 319 318
f 320 318 319
f 290 334 291
f 291 334 335
f 291 335 292
f 284 277 276
f 284 276 286
f 286 276 274
f 336 269 337
f 337 269 270
f 337 270 338
f 293 258 261
f 293 292 264
f 264 292 335
f 244 277 238
f 277 293 261
f 244 338 270
f 277 244 270
f 264 258 293
f 238 277 259
f 259 277 261
f 293 277 284
f 20 339 21
f 21 339 303
f 340 305 339
f 339 305 303
f 305 340 334
f 305 334 290
f 269 336 341
f 269 341 279
f 279 341 342
f 279 342 278
f 278 342 24
f 342 23 24
f 16 17 299
f 16 299 283
f 283 299 301
f 283 301 282
f 282 301 274
f 274 301 286
f 20 343 339
f 334 340 343
f 343 340 339
f 344 334 343
f 344 343 345
f 345 343 346
f 346 343 347
f 347 343 348
f 349 351 350
f 349 350 352
f 349 352 353
f 353 352 354
f 355 354 352
f 356 354 355
f 356 357 354
f 358 354 357
f 354 341 353
f 353 341 349
f 341 354 342
f 354 23 342
f 347 359 346
f 346 360 345
f 361 345 360
f 361 344 345
f 362 364 363
f 365 366 359
f 364 362 361
f 347 365 359
f 361 362 367
f 361 360 364
f 359 368 346
f 346 368 360
f 344 367 369
f 370 365 347
f 360 368 364
f 344 361 367
f 365 372 371
f 352 363 355
f 366 371 356
f 366 356 355
f 362 350 351
f 362 363 350
f 366 355 373
f 373 355 363
f 363 352 350
f 366 365 371
f 368 373 364
f 366 373 368
f 373 363 364
f 362 351 374
f 359 366 368
f 362 374 367
f 356 375 358
f 356 358 357
f 343 376 348
f 347 348 370
f 370 377 365
f 365 377 372
f 371 372 378
f 371 378 356
f 375 356 378
f 379 380 378
f 378 380 381
f 372 379 378
f 372 382 379
f 377 383 372
f 372 383 382
f 370 385 384
f 370 384 377
f 370 386 385
f 348 386 370
f 383 377 384
f 358 381 387
f 381 358 375
f 381 375 378
f 383 384 388
f 389 391 390
f 388 390 391
f 390 393 392
f 392 389 390
f 390 388 393
f 393 388 384
f 393 394 392
f 395 396 393
f 394 393 396
f 385 386 395
f 385 395 384
f 384 395 393
f 184 398 397
f 399 19 387
f 348 376 386
f 400 402 401
f 403 401 404
f 403 404 405
f 406 403 405
f 405 407 406
f 401 408 404
f 397 398 402
f 409 389 392
f 389 409 410
f 411 389 410
f 411 391 389
f 405 411 407
f 407 411 410
f 412 387 381
f 412 381 380
f 412 399 387
f 413 398 399
f 412 413 399
f 413 380 408
f 408 402 413
f 412 380 413
f 402 400 397
f 401 402 408
f 413 402 398
f 386 209 395
f 395 209 210
f 210 396 395
f 396 208 394
f 394 212 392
f 206 410 409
f 407 410 213
f 207 406 407
f 191 406 207
f 191 403 406
f 190 403 191
f 189 401 403
f 400 401 185
f 186 397 400
f 184 397 186
f 354 358 19
f 354 19 23
f 20 376 343
f 387 19 358
f 399 187 19
f 187 399 398
f 184 187 398
f 376 8 386
f 386 8 209
f 186 400 185
f 185 401 189
f 403 190 189
f 407 213 207
f 213 410 206
f 211 206 409
f 392 211 409
f 392 212 211
f 394 208 212
f 396 210 208
f 349 414 351
f 351 414 415
f 341 414 349
f 344 416 334
f 367 417 369
f 344 369 416
f 374 418 417
f 374 417 367
f 351 415 419
f 351 419 374
f 374 419 418
f 336 337 341
f 341 337 414
f 334 416 335
f 420 416 421
f 421 416 369
f 369 422 421
f 417 422 369
f 418 423 417
f 424 423 418
f 419 424 418
f 419 425 424
f 426 425 419
f 417 423 427
f 417 427 422
f 426 415 414
f 426 414 428
f 428 414 338
f 415 426 419
f 429 431 430
f 430 431 432
f 433 421 434
f 435 434 421
f 430 435 429
f 430 436 434
f 432 436 430
f 435 430 434
f 421 437 420
f 421 433 437
f 422 427 438
f 435 422 438
f 421 422 435
f 435 438 429
f 439 428 338
f 241 440 439
f 242 440 241
f 441 443 442
f 444 446 445
f 444 445 447
f 442 447 445
f 448 447 442
f 447 448 449
f 449 450 447
f 449 451 450
f 450 451 452
f 452 453 450
f 452 455 454
f 454 442 452
f 456 442 454
f 429 446 431
f 446 444 431
f 431 457 432
f 456 441 442
f 448 442 443
f 431 444 457
f 453 452 458
f 452 451 455
f 459 428 439
f 459 425 426
f 460 425 459
f 426 428 459
f 459 439 461
f 459 461 460
f 460 461 458
f 458 461 453
f 439 440 461
f 214 461 440
f 215 453 461
f 453 215 237
f 453 237 450
f 450 237 239
f 462 450 239
f 450 462 447
f 447 462 463
f 239 447 463
f 243 444 447
f 218 444 243
f 444 218 457
f 219 432 457
f 245 436 432
f 436 246 260
f 436 260 434
f 434 260 433
f 433 260 262
f 262 437 433
f 437 262 263
f 437 263 420
f 338 414 337
f 241 439 244
f 244 439 338
f 335 416 420
f 335 420 264
f 420 263 264
f 436 245 246
f 432 240 245
f 432 219 240
f 457 218 219
f 447 239 243
f 239 463 462
f 461 214 215
f 440 242 214
f 153 247 154
f 153 227 247
f 162 253 163
f 154 247 157
f 141 235 234
f 162 255 253
f 158 250 160
f 160 250 255
f 157 247 249
f 141 234 143
f 143 234 220
f 163 235 141
f 163 253 235
f 157 249 158
f 158 249 250
f 160 255 162
f 151 227 153
f 149 224 226
f 151 226 227
f 145 221 147
f 147 221 224
f 149 226 151
f 147 224 149
f 143 221 145
f 143 220 221
f 146 464 144
f 144 464 465
f 144 465 140
f 140 466 142
f 142 466 467
f 142 467 161
f 161 467 159
f 159 468 156
f 156 468 155
f 155 469 152
f 152 469 470
f 152 470 150
f 148 150 471
f 148 471 472
f 148 472 146
f 146 472 464
f 110 474 473
f 110 473 113
f 113 473 115
f 115 475 89
f 89 475 476
f 89 476 90
f 90 476 477
f 90 477 92
f 92 477 478
f 92 478 94
f 94 478 96
f 478 479 96
f 96 479 480
f 96 480 98
f 100 98 481
f 100 481 103
f 103 481 482
f 103 482 106
f 106 483 108
f 108 483 474
f 108 474 110
f 476 466 140
f 476 140 477
f 477 140 465
f 477 465 478
f 478 465 464
f 478 464 479
f 479 464 472
f 479 472 480
f 480 472 471
f 480 471 98
f 98 471 150
f 98 150 481
f 481 150 470
f 481 470 482
f 482 470 469
f 482 469 106
f 106 469 155
f 106 155 483
f 483 155 468
f 483 468 474
f 474 468 159
f 474 159 473
f 473 159 467
f 473 467 115
f 115 467 475
f 475 467 466
f 475 466 476
f 484 72 485
f 485 72 74
f 485 74 486
f 486 74 77
f 486 77 79
f 486 79 487
f 487 79 81
f 487 81 83
f 487 83 488
f 488 83 85
f 488 85 56
f 488 56 489
f 489 56 59
f 490 65 67
f 490 67 491
f 491 67 70
f 491 70 484
f 484 70 72
f 489 59 492
f 492 59 60
f 492 60 490
f 490 60 63
f 490 63 65
f 132 134 493
f 132 493 494
f 132 494 130
f 130 494 128
f 128 494 495
f 128 495 126
f 124 126 496
f 124 496 497
f 124 497 122
f 119 121 498
f 119 498 117
f 138 117 499
f 138 499 136
f 136 499 500
f 136 500 134
f 501 503 502
f 502 503 504
f 504 503 505
f 504 505 506
f 507 506 508
f 507 508 509
f 510 509 511
f 510 511 512
f 512 511 513
f 512 513 514
f 514 513 515
f 514 515 516
f 516 515 517
f 516 517 518
f 518 517 519
f 518 519 520
f 520 519 521
f 520 521 522
f 522 521 523
f 523 521 524
f 523 524 525
f 523 525 501
f 501 525 503
f 495 508 126
f 126 508 506
f 126 506 505
f 126 505 496
f 496 505 497
f 497 505 503
f 497 503 122
f 122 503 525
f 122 525 121
f 121 525 524
f 121 524 498
f 498 524 521
f 498 521 117
f 117 521 519
f 117 519 499
f 499 519 517
f 499 517 500
f 500 517 515
f 500 515 134
f 134 515 513
f 134 513 493
f 493 513 511
f 493 511 494
f 494 511 509
f 494 509 495
f 495 509 508
f 526 43 527
f 527 43 45
f 527 45 47
f 527 47 528
f 529 36 530
f 530 36 39
f 530 39 526
f 526 39 41
f 526 41 43
f 528 47 49
f 528 49 52
f 528 52 531
f 531 52 532
f 533 29 534
f 534 29 32
f 534 32 529
f 529 32 35
f 529 35 36
f 52 55 532
f 532 55 26
f 532 26 533
f 533 26 29
f 535 520 536
f 536 520 522
f 536 522 537
f 537 522 523
f 537 523 538
f 538 523 539
f 539 523 501
f 539 501 540
f 540 501 502
f 540 502 541
f 541 502 504
f 541 504 542
f 542 504 543
f 543 504 506
f 543 506 507
f 543 507 544
f 544 507 545
f 545 507 509
f 545 509 546
f 546 509 510
f 546 510 547
f 547 510 512
f 547 512 514
f 547 514 548
f 548 514 516
f 548 516 549
f 549 516 550
f 550 516 551
f 551 516 518
f 551 518 535
f 535 518 520
f 552 532 533
f 552 533 553
f 553 533 534
f 553 534 554
f 554 534 529
f 554 529 555
f 555 529 530
f 555 530 526
f 555 526 556
f 556 526 527
f 556 527 557
f 557 527 528
f 557 528 558
f 558 528 531
f 558 531 559
f 559 531 532
f 559 532 552
f 560 557 558
f 561 557 560
f 560 558 562
f 562 558 559
f 563 554 564
f 565 553 563
f 563 553 554
f 562 559 566
f 564 554 555
f 567 556 561
f 561 556 557
f 564 555 568
f 566 559 552
f 566 552 569
f 568 555 556
f 568 556 567
f 569 552 565
f 565 552 553
f 570 489 571
f 571 489 572
f 572 489 492
f 572 492 490
f 572 490 573
f 573 490 574
f 574 490 491
f 574 491 575
f 575 491 484
f 575 484 576
f 576 484 485
f 576 485 577
f 577 485 486
f 577 486 578
f 578 486 487
f 578 487 579
f 579 487 488
f 579 488 570
f 570 488 489
f 576 581 580
f 571 582 570
f 579 583 578
f 577 578 581
f 576 580 584
f 576 584 575
f 575 584 574
f 572 585 571
f 571 585 582
f 570 583 579
f 578 583 581
f 570 582 583
f 573 574 586
f 577 581 576
f 573 586 585
f 574 584 586
f 573 585 572
f 569 588 587
f 565 588 569
f 565 589 588
f 563 589 565
f 590 589 563
f 564 590 563
f 564 591 590
f 568 591 564
f 568 592 591
f 592 568 567
f 592 567 593
f 561 593 567
f 593 561 594
f 560 594 561
f 594 560 383
f 562 383 560
f 383 562 595
f 595 562 566
f 595 566 382
f 566 587 382
f 587 566 569
f 596 597 580
f 596 580 598
f 599 598 580
f 599 424 598
f 600 423 599
f 599 423 424
f 601 423 600
f 601 427 423
f 602 427 601
f 602 603 427
f 604 603 602
f 605 603 604
f 606 605 604
f 606 607 605
f 608 607 606
f 608 609 607
f 610 609 608
f 610 611 609
f 610 612 611
f 613 612 610
f 613 614 612
f 597 614 613
f 597 596 614
f 169 120 118
f 376 20 4
f 4 20 18
f 4 8 376
f 14 19 187
f 234 229 220
f 595 382 383
f 379 382 587
f 379 587 380
f 593 391 592
f 593 388 391
f 594 388 593
f 594 383 388
f 380 587 588
f 380 588 408
f 588 589 408
f 408 589 404
f 404 589 590
f 590 591 404
f 404 591 405
f 405 591 411
f 591 592 411
f 592 391 411
f 458 452 614
f 603 438 427
f 605 429 603
f 603 429 438
f 598 424 425
f 598 425 596
f 460 596 425
f 614 596 458
f 458 596 460
f 612 614 452
f 442 612 452
f 442 611 612
f 445 611 442
f 609 611 445
f 607 609 445
f 446 607 445
f 429 605 446
f 446 605 607
f 602 583 604
f 604 583 582
f 604 582 606
f 583 602 601
f 583 601 581
f 581 601 600
f 581 600 599
f 581 599 580
f 580 597 584
f 584 597 586
f 586 597 613
f 586 613 610
f 586 610 585
f 585 610 608
f 585 608 606
f 585 606 582
f 454 615 456
f 454 616 615
f 455 616 454
f 617 448 618
f 618 448 443
f 618 443 615
f 615 443 441
f 615 441 456
f 619 451 449
f 619 449 620
f 620 449 617
f 617 449 448
f 451 619 455
f 455 619 616
f 618 616 619
f 618 619 620
f 618 620 617
f 615 616 618
f 58 87 88
f 58 88 57
f 57 88 91
f 57 91 61
f 61 91 93
f 61 93 62
f 62 93 95
f 62 95 64
f 64 95 97
f 64 97 66
f 66 97 68
f 68 97 99
f 68 99 69
f 69 99 101
f 69 101 102
f 69 102 71
f 71 102 104
f 71 104 73
f 73 104 105
f 73 105 75
f 75 105 76
f 76 105 107
f 76 107 78
f 78 107 109
f 78 109 80
f 80 109 111
f 80 111 82
f 82 111 112
f 82 112 114
f 82 114 84
f 84 114 86
f 86 114 87
f 86 87 58
f 544 44 42
f 544 42 543
f 543 42 40
f 543 40 542
f 542 40 38
f 542 38 541
f 541 38 37
f 541 37 540
f 540 37 34
f 540 34 539
f 539 34 33
f 539 33 538
f 538 33 31
f 538 31 537
f 537 31 30
f 537 30 536
f 536 30 27
f 536 27 535
f 535 27 28
f 535 28 551
f 551 28 54
f 551 54 550
f 550 54 53
f 550 53 549
f 549 53 548
f 548 53 51
f 548 51 50
f 548 50 547
f 547 50 48
f 547 48 546
f 546 48 46
f 546 46 545
f 545 46 44
f 545 44 544
f 3 1 12
f 3 12 2
f 2 12 11
f 621 11 5
f 13 621 5
f 11 621 13
f 13 2 11
f 2 13 10
f 622 624 623
f 625 627 626
f 626 627 628
f 624 629 623
f 622 630 624
f 631 633 632
f 628 635 634
f 636 633 631
f 628 637 626
f 637 638 626
f 639 640 629
f 640 623 629
f 628 634 637
f 641 642 631
f 631 642 643
f 631 643 636
f 623 640 644
f 632 633 645
f 632 645 646
f 646 645 647
f 646 647 648
f 648 647 639
f 648 639 629
f 626 638 649
f 626 649 650
f 650 649 651
f 650 651 652
f 652 651 653
f 652 653 654
f 654 653 655
f 654 655 641
f 641 655 642
f 643 656 636
f 644 657 623
f 644 659 658
f 656 643 660
f 656 660 661
f 628 663 662
f 658 657 644
f 635 662 664
f 665 661 660
f 666 659 644
f 666 667 659
f 665 668 661
f 667 670 669
f 667 669 659
f 664 662 671
f 672 669 670
f 628 662 635
f 673 668 674
f 674 668 665
f 656 661 672
f 656 672 670
f 664 671 674
f 674 671 673
f 675 677 676
f 675 676 678
f 678 676 679
f 678 679 680
f 680 679 681
f 680 681 682
f 682 681 683
f 682 683 684
f 684 683 685
f 684 685 686
f 686 685 687
f 687 688 686
f 686 688 689
f 690 692 691
f 677 692 690
f 693 688 694
f 688 687 694
f 694 687 695
f 687 685 695
f 695 685 696
f 696 685 697
f 685 683 697
f 683 681 697
f 697 681 698
f 698 681 699
f 681 679 699
f 679 676 699
f 699 676 700
f 700 676 690
f 690 676 677
f 701 703 702
f 702 703 704
f 705 703 701
f 706 708 707
f 709 711 710
f 709 713 712
f 713 714 712
f 713 704 715
f 706 707 710
f 702 704 706
f 711 709 712
f 713 708 704
f 704 708 706
f 710 707 709
f 705 716 715
f 715 716 714
f 715 714 713
f 710 711 701
f 701 711 716
f 716 705 701
f 717 719 718
f 718 719 720
f 718 720 721
f 722 724 723
f 720 725 721
f 722 723 725
f 725 720 722
f 726 728 727
f 727 728 729
f 724 731 730
f 730 731 732
f 732 733 730
f 734 733 732
f 735 737 736
f 736 739 738
f 738 739 734
f 738 734 732
f 736 717 739
f 717 740 739
f 718 740 717
f 741 743 742
f 729 741 742
f 729 728 741
f 742 743 735
f 735 743 737
f 736 738 735
f 735 738 744
f 744 738 745
f 744 745 746
f 746 745 747
f 746 747 748
f 748 747 749
f 748 749 750
f 750 749 751
f 750 751 752
f 752 751 753
f 752 753 754
f 754 753 755
f 754 755 756
f 756 755 757
f 756 757 758
f 758 757 759
f 758 759 760
f 760 759 761
f 760 761 762
f 762 761 763
f 762 763 764
f 764 763 765
f 764 765 766
f 766 765 767
f 766 767 768
f 768 767 769
f 768 769 770
f 770 769 771
f 770 771 772
f 772 771 773
f 772 773 774
f 774 773 775
f 774 775 776
f 776 775 777
f 776 777 778
f 778 777 779
f 778 779 625
f 780 781 722
f 780 722 727
f 727 722 720
f 727 720 726
f 782 784 783
f 785 787 786
f 783 784 732
f 782 783 781
f 788 787 785
f 789 791 790
f 792 789 793
f 794 796 795
f 797 799 798
f 789 792 800
f 801 793 789
f 802 797 798
f 797 784 799
f 795 796 803
f 784 797 804
f 805 807 806
f 791 800 802
f 802 800 808
f 784 804 732
f 800 791 789
f 796 810 809
f 732 804 811
f 803 809 812
f 803 812 813
f 802 808 797
f 807 814 806
f 815 785 816
f 788 817 787
f 787 817 689
f 806 814 794
f 815 818 785
f 817 788 819
f 796 809 803
f 816 785 786
f 817 819 812
f 812 819 813
f 820 794 814
f 811 804 821
f 811 821 822
f 822 821 823
f 822 823 824
f 824 823 825
f 824 825 807
f 807 825 814
f 794 820 793
f 793 801 796
f 796 794 793
f 805 806 826
f 805 826 827
f 827 826 828
f 827 828 829
f 829 828 830
f 829 830 831
f 831 830 832
f 831 832 815
f 815 832 818
f 799 834 833
f 799 833 835
f 835 833 836
f 835 836 837
f 837 836 838
f 837 838 839
f 837 839 840
f 840 839 841
f 840 841 842
f 842 841 843
f 844 845 843
f 843 845 842
f 834 846 833
f 847 848 844
f 849 848 847
f 847 844 843
f 847 843 850
f 843 841 850
f 850 841 851
f 851 841 852
f 841 839 852
f 852 839 853
f 839 838 853
f 853 838 854
f 838 836 854
f 854 836 855
f 836 833 855
f 855 833 846
f 856 693 857
f 857 693 694
f 857 694 695
f 857 695 858
f 858 695 696
f 858 696 697
f 858 697 859
f 859 697 698
f 859 698 860
f 860 698 861
f 861 698 699
f 861 699 862
f 862 699 700
f 862 700 690
f 862 690 863
f 863 690 864
f 864 690 691
f 846 865 855
f 855 865 866
f 855 866 854
f 854 866 867
f 854 867 853
f 853 867 868
f 853 868 852
f 852 868 869
f 852 869 851
f 851 869 870
f 851 870 850
f 850 870 871
f 850 871 847
f 847 871 872
f 847 872 849
f 873 849 872
f 873 872 874
f 874 872 875
f 875 864 874
f 864 691 876
f 864 876 874
f 877 856 878
f 865 879 866
f 879 880 866
f 880 881 866
f 866 881 867
f 881 882 867
f 867 882 868
f 868 882 869
f 882 883 869
f 869 883 870
f 883 884 870
f 870 884 871
f 884 885 871
f 871 885 872
f 885 886 872
f 872 886 875
f 886 887 875
f 875 887 864
f 864 887 863
f 863 887 862
f 887 888 862
f 862 888 861
f 888 889 861
f 861 889 860
f 889 890 860
f 860 890 859
f 890 891 859
f 859 891 858
f 891 892 858
f 858 892 857
f 892 878 857
f 857 878 856
f 879 657 893
f 879 893 880
f 880 893 881
f 881 893 894
f 881 894 882
f 882 894 895
f 882 895 883
f 883 895 896
f 883 896 897
f 883 897 884
f 884 897 898
f 884 898 885
f 885 898 899
f 885 899 886
f 886 899 900
f 886 900 887
f 901 889 902
f 902 889 888
f 902 888 887
f 902 887 900
f 903 890 901
f 901 890 889
f 663 877 878
f 663 878 904
f 904 878 892
f 904 892 905
f 905 892 891
f 905 891 903
f 903 891 890
f 906 908 907
f 909 910 908
f 911 909 912
f 630 913 906
f 914 915 630
f 630 915 916
f 916 913 630
f 906 907 917
f 917 907 918
f 906 913 919
f 914 920 915
f 909 908 906
f 912 909 919
f 919 909 906
f 917 918 921
f 909 922 910
f 923 911 924
f 924 911 912
f 909 925 922
f 917 926 914
f 914 926 923
f 923 924 920
f 923 920 914
f 922 925 926
f 922 926 921
f 921 926 917
f 927 929 928
f 929 930 928
f 930 931 928
f 931 932 928
f 928 932 927
f 927 933 707
f 927 707 929
f 929 707 708
f 929 708 930
f 708 713 930
f 930 713 931
f 713 934 931
f 931 934 932
f 932 934 933
f 932 933 927
f 935 937 936
f 937 938 936
f 938 939 936
f 939 940 936
f 936 940 935
f 935 942 941
f 935 941 937
f 937 941 715
f 937 715 938
f 715 704 938
f 938 704 939
f 939 704 943
f 939 943 940
f 940 943 703
f 940 703 942
f 940 942 935
f 944 913 945
f 945 913 916
f 945 916 915
f 945 915 946
f 946 915 920
f 946 920 947
f 947 920 924
f 947 924 948
f 948 924 912
f 948 912 919
f 948 919 944
f 944 919 913
f 949 908 950
f 950 908 910
f 950 910 922
f 950 922 951
f 951 922 952
f 952 922 921
f 952 921 918
f 952 918 953
f 953 918 907
f 953 907 954
f 954 907 949
f 949 907 908
f 955 957 956
f 958 957 955
f 957 958 959
f 960 959 958
f 960 961 959
f 962 961 960
f 963 961 962
f 963 962 964
f 963 964 965
f 965 964 966
f 955 956 967
f 955 967 968
f 968 967 969
f 968 969 966
f 966 969 965
f 954 955 953
f 953 955 968
f 951 964 950
f 950 964 962
f 952 968 966
f 952 964 951
f 952 966 964
f 953 968 952
f 950 960 949
f 949 958 954
f 954 958 955
f 950 962 960
f 949 960 958
f 970 972 971
f 973 972 970
f 972 973 974
f 975 974 973
f 975 976 974
f 977 976 975
f 977 975 978
f 977 978 979
f 979 978 980
f 980 978 981
f 970 971 982
f 970 982 983
f 983 982 981
f 981 982 980
f 948 970 983
f 948 981 947
f 978 975 946
f 946 975 945
f 947 978 946
f 947 981 978
f 948 983 981
f 944 970 948
f 944 973 970
f 945 973 944
f 945 975 973
f 677 810 692
f 692 810 984
f 848 985 844
f 844 985 790
f 986 988 987
f 987 988 989
f 987 989 990
f 990 989 991
f 990 991 992
f 992 991 993
f 993 991 994
f 993 994 995
f 993 995 996
f 996 995 997
f 998 1000 999
f 999 1000 1001
f 999 1001 1002
f 999 1002 1003
f 1003 1002 1004
f 1003 1004 1005
f 1005 1004 1006
f 1005 1006 1007
f 1007 1006 1008
f 1008 1006 1009
f 1008 1009 1010
f 1010 1009 1011
f 1012 1013 998
f 1010 1014 1008
f 1007 1008 1015
f 1005 1016 1003
f 1003 1016 1012
f 1003 1012 999
f 1008 1014 1015
f 1007 1016 1005
f 1012 998 999
f 1007 1015 1016
f 1017 795 1018
f 1018 795 1019
f 1018 1019 1020
f 1018 1020 1021
f 1021 1020 1022
f 1021 1022 1023
f 1023 1022 1024
f 1024 1022 1025
f 1024 1025 1026
f 1026 1025 1027
f 1026 1027 1028
f 1026 1028 1029
f 1030 1032 1031
f 1031 1032 1033
f 1031 1033 1034
f 1034 1033 1035
f 1034 1035 1036
f 1036 1035 1037
f 1036 1037 1038
f 1038 1037 1039
f 1038 1039 1040
f 1040 1039 1041
f 1040 1041 1042
f 1042 1041 1043
f 1042 1043 1044
f 1044 1043 1045
f 1045 1043 1046
f 1047 1045 1048
f 1049 1030 1031
f 1049 1031 1050
f 1042 1051 1040
f 1052 1050 1034
f 1034 1050 1031
f 1036 1052 1034
f 1036 1038 1052
f 1042 1047 1051
f 1044 1047 1042
f 1040 1051 1038
f 1045 1047 1044
f 1051 1052 1038
f 1053 1055 1054
f 1054 1055 1056
f 1054 1056 1057
f 1057 1056 1058
f 1057 1058 1059
f 1057 1059 1060
f 1060 1059 1061
f 1061 1059 1062
f 1061 1062 1063
f 1063 1062 1064
f 1065 1067 1066
f 1066 1067 1068
f 1066 1068 1069
f 1069 1068 1070
f 1069 1070 1071
f 1069 1071 1072
f 1072 1071 1073
f 1072 1073 1074
f 1074 1073 1075
f 1074 1075 1076
f 1076 1075 1077
f 1077 1075 1078
f 1079 1065 1066
f 1079 1066 1080
f 1076 1077 1081
f 1072 1082 1069
f 1081 1083 1076
f 1076 1083 1074
f 1069 1080 1066
f 1074 1083 1082
f 1074 1082 1072
f 1082 1080 1069
f 1084 635 1085
f 1084 1085 1086
f 1086 1085 1087
f 1087 1085 1088
f 1087 1088 1089
f 1087 1089 1090
f 1090 1089 1091
f 1090 1091 1092
f 1092 1091 1093
f 1092 1093 1094
f 1094 1093 1095
f 1095 1093 1096
f 1097 1099 1098
f 1097 1098 1100
f 1100 1098 1101
f 1100 1101 1102
f 1102 1101 1103
f 1102 1103 1104
f 1104 1103 1105
f 1104 1105 1106
f 1104 1106 1107
f 1107 1106 1108
f 1107 1108 1109
f 1109 1108 1110
f 1109 1110 1111
f 1111 1110 638
f 1112 1111 1113
f 1114 1097 1115
f 1102 1104 1116
f 1100 1102 1117
f 1111 1112 1109
f 1107 1118 1104
f 1118 1116 1104
f 1102 1116 1117
f 1100 1117 1097
f 1097 1117 1115
f 1107 1109 1112
f 1107 1112 1118
f 972 974 726
f 979 980 1119
f 977 979 1120
f 979 1119 1120
f 1121 982 1122
f 982 1121 980
f 1122 982 971
f 971 717 1122
f 971 1123 717
f 976 977 1120
f 1120 743 976
f 976 743 728
f 1121 736 980
f 980 736 737
f 980 737 1119
f 959 725 723
f 959 723 957
f 963 965 1124
f 965 969 1125
f 961 963 1124
f 1126 721 961
f 1124 740 961
f 961 740 1126
f 1125 734 965
f 965 734 739
f 969 967 956
f 956 1127 733
f 956 733 969
f 956 1128 1127
f 1119 737 1120
f 1120 737 743
f 1122 717 1121
f 1121 717 736
f 965 739 1124
f 1124 739 740
f 969 733 1125
f 1125 733 734
f 834 799 846
f 846 799 784
f 846 784 865
f 865 784 623
f 865 623 879
f 879 623 657
f 877 663 856
f 856 663 628
f 856 628 693
f 693 628 787
f 693 787 688
f 688 787 689
f 622 782 917
f 917 914 622
f 623 784 782
f 623 782 622
f 710 701 786
f 710 786 627
f 787 628 627
f 787 627 786
f 726 974 976
f 726 976 728
f 971 972 1123
f 725 959 961
f 725 961 721
f 956 723 1128
f 723 956 957
f 719 717 1123
f 719 1123 720
f 720 1123 972
f 972 726 720
f 741 728 743
f 733 1127 730
f 730 1127 1128
f 730 1128 724
f 724 1128 723
f 721 1126 718
f 718 1126 740
f 845 844 790
f 677 675 810
f 692 984 691
f 691 984 876
f 849 873 985
f 849 985 848
f 900 661 668
f 900 668 902
f 902 668 673
f 902 673 901
f 901 673 671
f 901 671 903
f 903 671 905
f 905 671 904
f 904 671 662
f 904 662 663
f 661 900 899
f 661 899 672
f 672 899 898
f 672 898 669
f 669 898 897
f 669 897 896
f 669 896 659
f 659 896 895
f 659 895 894
f 659 894 658
f 658 894 893
f 658 893 657
f 810 675 809
f 809 675 678
f 678 680 809
f 809 680 812
f 680 682 812
f 812 682 817
f 682 684 817
f 684 686 817
f 817 686 689
f 796 984 810
f 876 984 796
f 873 874 801
f 876 796 801
f 876 801 874
f 985 873 789
f 873 801 789
f 789 790 985
f 799 835 798
f 835 837 798
f 798 837 802
f 837 840 802
f 802 840 791
f 840 842 791
f 842 845 791
f 845 790 791
f 933 709 707
f 934 713 709
f 934 709 933
f 942 705 941
f 941 705 715
f 943 704 703
f 703 705 942
f 914 630 622
f 780 630 781
f 781 630 906
f 781 917 782
f 906 917 781
f 625 710 627
f 706 710 625
f 742 624 729
f 729 624 727
f 727 624 630
f 727 630 780
f 625 626 778
f 778 626 776
f 776 626 774
f 774 626 650
f 774 650 772
f 772 650 770
f 770 650 768
f 768 650 652
f 768 652 766
f 766 652 764
f 764 652 654
f 764 654 762
f 762 654 641
f 762 641 760
f 760 641 758
f 758 641 631
f 758 631 756
f 756 631 754
f 754 631 632
f 754 632 752
f 752 632 750
f 750 632 748
f 748 632 646
f 748 646 648
f 748 648 746
f 746 648 744
f 744 648 735
f 735 648 629
f 735 629 742
f 742 629 624
f 775 831 815
f 775 815 777
f 777 815 816
f 777 816 779
f 722 781 783
f 722 783 724
f 724 783 731
f 731 783 732
f 738 732 811
f 738 811 745
f 745 811 822
f 745 822 747
f 747 822 749
f 749 822 824
f 749 824 751
f 751 824 753
f 753 824 807
f 753 807 755
f 755 807 757
f 757 807 759
f 759 807 805
f 759 805 761
f 761 805 763
f 763 805 765
f 765 805 827
f 765 827 829
f 765 829 767
f 767 829 769
f 769 829 771
f 771 829 831
f 771 831 773
f 773 831 775
f 701 702 816
f 701 816 786
f 702 779 816
f 779 702 625
f 625 702 706
f 1014 1129 986
f 1012 996 1130
f 1012 1130 1013
f 1014 986 987
f 1014 987 1015
f 1015 987 990
f 1015 990 1016
f 1016 990 992
f 1016 992 993
f 1016 993 1012
f 1012 993 996
f 1049 1029 1131
f 1048 1017 1047
f 1048 1132 1017
f 1047 1017 1018
f 1047 1018 1021
f 1047 1021 1051
f 1051 1021 1023
f 1051 1023 1024
f 1051 1024 1052
f 1052 1024 1026
f 1052 1026 1050
f 1050 1026 1049
f 1049 1026 1029
f 1115 1095 1133
f 1134 1112 1113
f 1112 1134 1084
f 1112 1084 1086
f 1112 1086 1087
f 1112 1087 1118
f 1118 1087 1090
f 1118 1090 1116
f 1116 1090 1092
f 1116 1092 1117
f 1117 1092 1094
f 1117 1094 1095
f 1117 1095 1115
f 1079 1063 1135
f 1081 1136 1053
f 1081 1053 1054
f 1081 1054 1083
f 1083 1054 1057
f 1083 1057 1082
f 1082 1057 1060
f 1082 1060 1061
f 1082 1061 1080
f 1080 1061 1063
f 1080 1063 1079
f 1064 1135 1063
f 1137 1135 1064
f 1135 1137 1079
f 1079 1137 1138
f 1079 1138 1065
f 1065 1138 1067
f 1139 1133 1096
f 1096 1133 1095
f 1133 1139 1115
f 1115 1139 1114
f 1114 1139 1099
f 1114 1099 1097
f 1055 1053 1136
f 1055 1136 1140
f 1078 1141 1077
f 1077 1141 1081
f 1140 1136 1081
f 1140 1081 1141
f 634 1134 1142
f 1142 1134 1113
f 635 1084 1134
f 635 1134 634
f 1111 638 637
f 1111 637 1113
f 1142 1113 637
f 1131 785 1049
f 1049 785 1032
f 1049 1032 1030
f 785 1131 1029
f 785 1029 1028
f 1143 1129 1014
f 1011 1143 1010
f 1010 1143 1014
f 988 986 1144
f 1144 986 1129
f 1144 1129 1143
f 1013 820 1145
f 1013 1145 998
f 998 1145 1000
f 997 1130 996
f 820 1013 1130
f 820 1130 997
f 1146 1132 1147
f 1147 1132 1048
f 1045 1046 1048
f 1046 1147 1048
f 795 1017 1132
f 795 1132 1146
f 1000 814 1001
f 1001 814 825
f 1001 825 1002
f 1002 825 823
f 1002 823 1004
f 1004 823 1006
f 1006 823 821
f 1006 821 1009
f 1009 821 1011
f 1011 821 804
f 1145 820 814
f 1145 814 1000
f 1011 804 1143
f 1143 804 797
f 997 793 820
f 1143 797 1144
f 1144 797 988
f 793 997 995
f 793 995 792
f 792 995 994
f 792 994 800
f 800 994 991
f 800 991 989
f 800 989 808
f 808 989 988
f 808 988 797
f 1032 818 1033
f 1033 818 832
f 1033 832 1035
f 1035 832 830
f 1035 830 1037
f 1037 830 828
f 1037 828 1039
f 1039 828 1041
f 1041 828 826
f 1041 826 1043
f 1043 826 1046
f 1046 826 806
f 785 818 1032
f 1046 806 1147
f 1147 806 794
f 1147 794 1146
f 1028 788 785
f 1146 794 795
f 788 1028 1027
f 788 1027 819
f 819 1027 1025
f 819 1025 813
f 813 1025 1022
f 813 1022 803
f 803 1022 1020
f 803 1020 1019
f 803 1019 795
f 660 1096 1093
f 660 1093 665
f 665 1093 1091
f 665 1091 674
f 674 1091 1089
f 674 1089 1088
f 674 1088 664
f 664 1088 1085
f 664 1085 635
f 1096 660 643
f 1096 643 1139
f 1139 643 1099
f 1099 643 642
f 1142 637 634
f 1099 642 1098
f 1098 642 655
f 1098 655 1101
f 1101 655 653
f 1101 653 1103
f 1103 653 1105
f 1105 653 1106
f 1106 653 651
f 1106 651 1108
f 1108 651 1110
f 1110 651 649
f 1110 649 638
f 644 1064 1062
f 644 1062 666
f 666 1062 1059
f 666 1059 667
f 667 1059 1058
f 667 1058 670
f 670 1058 1056
f 670 1056 1055
f 670 1055 656
f 1064 644 1137
f 1140 636 1055
f 1055 636 656
f 1137 644 640
f 1137 640 1138
f 1138 640 1067
f 1067 640 639
f 1078 633 1141
f 1141 633 636
f 1141 636 1140
f 1067 639 1068
f 1068 639 647
f 1068 647 1070
f 1070 647 1071
f 1071 647 645
f 1071 645 1073
f 1073 645 1075
f 1075 645 633
f 1075 633 1078
f 1148 1149 711
f 1148 711 1150
f 1150 711 712
f 1150 712 1151
f 1150 1151 1152
f 1152 1151 1153
f 1153 1151 1154
f 1154 1149 1153
f 1153 1149 1148
f 1150 1153 1148
f 1150 1152 1153
f 1155 1157 1156
f 1155 1156 1158
f 1156 911 1158
f 1158 911 1159
f 1159 911 923
f 1159 923 1160
f 1160 923 1161
f 1160 1161 925
f 1160 925 1162
f 925 1157 1162
f 1162 1157 1155
f 1162 1159 1160
f 1162 1158 1159
f 1155 1158 1162
f 1157 909 1156
f 1156 909 911
f 923 926 1161
f 1161 926 925
f 1157 925 909
f 1151 712 714
f 1151 714 1154
f 1154 714 716
f 1154 716 1149
f 1149 716 711
f 1163 1165 1164
f 1164 1165 1166
f 1167 1169 1168
f 1170 1172 1171
f 1171 1168 1169
f 1166 1173 1164
f 1164 1173 1174
f 1175 1177 1176
f 1168 1179 1178
f 1171 1179 1168
f 1175 1181 1180
f 1175 1180 1182
f 1175 1182 1177
f 1183 1184 1182
f 1183 1182 1180
f 1174 1185 1164
f 1185 1187 1186
f 1172 1188 1171
f 1176 1177 1189
f 1176 1189 1190
f 1190 1189 1191
f 1190 1191 1192
f 1192 1191 1173
f 1192 1173 1166
f 1164 1185 1193
f 1184 1183 1194
f 1188 1172 1195
f 1171 1188 1179
f 1186 1193 1185
f 1194 1197 1196
f 1172 1198 1195
f 1168 1178 1199
f 1168 1199 1200
f 1200 1199 1201
f 1200 1201 1202
f 1202 1201 1203
f 1202 1203 1204
f 1204 1203 1205
f 1204 1205 1175
f 1175 1205 1181
f 1206 1187 1207
f 1196 1184 1194
f 1198 1208 1195
f 1195 1208 1209
f 1196 1210 1184
f 1196 1211 1210
f 1212 1197 1194
f 1210 1211 1206
f 1207 1187 1185
f 1206 1211 1187
f 1209 1208 1212
f 1212 1208 1197
f 1213 1215 1214
f 1213 1214 1216
f 1216 1214 1217
f 1216 1217 1218
f 1218 1217 1219
f 1218 1219 1220
f 1220 1219 1221
f 1220 1221 1222
f 1222 1221 1223
f 1222 1223 1224
f 1224 1223 1225
f 1225 1226 1224
f 1224 1226 1227
f 1228 1230 1229
f 1215 1230 1228
f 1231 1226 1232
f 1226 1225 1232
f 1232 1225 1233
f 1225 1223 1233
f 1233 1223 1234
f 1234 1223 1235
f 1223 1221 1235
f 1221 1219 1235
f 1235 1219 1236
f 1236 1219 1237
f 1219 1217 1237
f 1217 1214 1237
f 1237 1214 1238
f 1238 1214 1228
f 1228 1214 1215
f 1239 1241 1240
f 1242 1244 1243
f 1243 1244 1245
f 1246 1241 1239
f 1247 1249 1248
f 1250 1251 1246
f 1246 1251 1241
f 1239 1247 1242
f 1239 1242 1243
f 1248 1249 1245
f 1252 1253 1251
f 1245 1244 1248
f 1245 1254 1246
f 1246 1254 1250
f 1247 1253 1249
f 1245 1249 1254
f 1251 1253 1240
f 1250 1252 1251
f 1239 1240 1247
f 1240 1253 1247
f 1255 1257 1256
f 1256 1257 1258
f 1258 1257 1259
f 1260 1262 1261
f 1259 1263 1258
f 1263 1259 1260
f 1263 1260 1261
f 1264 1266 1265
f 1265 1266 1267
f 1262 1269 1268
f 1268 1269 1270
f 1270 1271 1268
f 1272 1271 1270
f 1273 1275 1274
f 1274 1277 1276
f 1276 1277 1272
f 1276 1272 1270
f 1274 1255 1277
f 1255 1278 1277
f 1256 1278 1255
f 1279 1281 1280
f 1267 1279 1280
f 1267 1266 1279
f 1280 1281 1273
f 1273 1281 1275
f 1274 1276 1273
f 1273 1276 1282
f 1282 1276 1283
f 1282 1283 1284
f 1284 1283 1285
f 1284 1285 1286
f 1286 1285 1287
f 1286 1287 1288
f 1288 1287 1289
f 1288 1289 1290
f 1290 1289 1291
f 1290 1291 1292
f 1292 1291 1293
f 1292 1293 1294
f 1294 1293 1295
f 1294 1295 1296
f 1296 1295 1297
f 1296 1297 1298
f 1298 1297 1299
f 1298 1299 1300
f 1300 1299 1301
f 1300 1301 1302
f 1302 1301 1303
f 1302 1303 1304
f 1304 1303 1305
f 1304 1305 1306
f 1306 1305 1307
f 1306 1307 1308
f 1308 1307 1309
f 1308 1309 1310
f 1310 1309 1311
f 1310 1311 1312
f 1312 1311 1313
f 1312 1313 1314
f 1314 1313 1315
f 1314 1315 1316
f 1316 1315 1317
f 1316 1317 1167
f 1318 1319 1260
f 1318 1260 1265
f 1265 1260 1259
f 1265 1259 1264
f 1320 1322 1321
f 1320 1239 1322
f 1319 1324 1323
f 1325 1327 1326
f 1328 1329 1324
f 1324 1329 1323
f 1330 1331 1321
f 1328 1333 1332
f 1328 1332 1329
f 1321 1334 1330
f 1335 1337 1336
f 1338 1326 1339
f 1321 1322 1334
f 1340 1342 1341
f 1328 1343 1333
f 1326 1345 1344
f 1326 1338 1325
f 1346 1348 1347
f 1349 1339 1326
f 1341 1342 1350
f 1337 1351 1336
f 1342 1340 1349
f 1342 1353 1352
f 1354 1351 1337
f 1346 1327 1348
f 1345 1327 1346
f 1339 1351 1355
f 1331 1356 1321
f 1321 1356 1227
f 1351 1354 1355
f 1340 1351 1349
f 1349 1351 1339
f 1332 1333 1357
f 1332 1357 1358
f 1358 1357 1359
f 1358 1359 1360
f 1360 1359 1361
f 1360 1361 1354
f 1360 1354 1337
f 1348 1343 1362
f 1362 1343 1328
f 1342 1352 1350
f 1348 1362 1347
f 1350 1364 1363
f 1356 1331 1365
f 1327 1345 1326
f 1352 1364 1350
f 1356 1365 1364
f 1364 1365 1363
f 1335 1336 1366
f 1335 1366 1367
f 1367 1366 1368
f 1367 1368 1369
f 1369 1368 1370
f 1369 1370 1371
f 1371 1370 1372
f 1371 1372 1322
f 1322 1372 1334
f 1362 1374 1373
f 1362 1373 1375
f 1375 1373 1376
f 1375 1376 1377
f 1377 1376 1378
f 1377 1378 1379
f 1377 1379 1380
f 1380 1379 1381
f 1380 1381 1382
f 1382 1381 1383
f 1382 1383 1384
f 1384 1383 1385
f 1374 1386 1373
f 1387 1388 1385
f 1389 1388 1387
f 1387 1385 1383
f 1387 1383 1390
f 1383 1381 1390
f 1390 1381 1391
f 1391 1381 1392
f 1381 1379 1392
f 1392 1379 1393
f 1379 1378 1393
f 1393 1378 1394
f 1378 1376 1394
f 1394 1376 1395
f 1376 1373 1395
f 1395 1373 1386
f 1396 1231 1397
f 1397 1231 1232
f 1397 1232 1233
f 1397 1233 1398
f 1398 1233 1234
f 1398 1234 1235
f 1398 1235 1399
f 1399 1235 1236
f 1399 1236 1400
f 1400 1236 1401
f 1401 1236 1237
f 1401 1237 1402
f 1402 1237 1238
f 1402 1238 1228
f 1402 1228 1403
f 1403 1228 1229
f 1386 1404 1395
f 1395 1404 1405
f 1395 1405 1394
f 1394 1405 1406
f 1394 1406 1393
f 1393 1406 1407
f 1393 1407 1392
f 1392 1407 1408
f 1392 1408 1391
f 1391 1408 1409
f 1391 1409 1390
f 1390 1409 1410
f 1390 1410 1387
f 1387 1410 1411
f 1387 1411 1389
f 1389 1411 1412
f 1413 1389 1412
f 1413 1412 1414
f 1415 1416 1412
f 1412 1416 1414
f 1403 1229 1416
f 1403 1416 1415
f 1417 1396 1418
f 1404 1419 1405
f 1419 1420 1405
f 1405 1420 1406
f 1420 1421 1406
f 1406 1421 1407
f 1421 1422 1407
f 1407 1422 1408
f 1422 1423 1408
f 1408 1423 1409
f 1423 1424 1409
f 1409 1424 1410
f 1424 1425 1410
f 1410 1425 1411
f 1425 1426 1411
f 1411 1426 1412
f 1412 1426 1415
f 1426 1427 1415
f 1415 1427 1403
f 1427 1428 1403
f 1403 1428 1402
f 1402 1428 1401
f 1428 1429 1401
f 1401 1429 1400
f 1400 1429 1399
f 1429 1430 1399
f 1399 1430 1398
f 1430 1431 1398
f 1398 1431 1397
f 1431 1418 1397
f 1397 1418 1396
f 1419 1193 1432
f 1419 1432 1420
f 1420 1432 1433
f 1420 1433 1421
f 1421 1433 1434
f 1421 1434 1422
f 1422 1434 1423
f 1423 1434 1435
f 1423 1435 1436
f 1423 1436 1424
f 1424 1436 1437
f 1424 1437 1425
f 1425 1437 1438
f 1425 1438 1426
f 1426 1438 1427
f 1427 1438 1439
f 1427 1439 1440
f 1427 1440 1428
f 1428 1440 1441
f 1428 1441 1429
f 1442 1430 1429
f 1442 1429 1441
f 1170 1417 1418
f 1170 1418 1443
f 1443 1418 1431
f 1443 1431 1444
f 1444 1431 1430
f 1444 1430 1442
f 1445 1447 1446
f 1448 1446 1449
f 1448 1450 1446
f 1445 1451 1447
f 1452 1445 1446
f 1453 1448 1449
f 1447 1451 1454
f 1454 1451 1455
f 1450 1456 1446
f 1452 1456 1457
f 1457 1459 1458
f 1446 1456 1452
f 1460 1452 1461
f 1459 1457 1462
f 1454 1455 1463
f 1457 1458 1452
f 1459 1449 1464
f 1454 1464 1449
f 1460 1461 1464
f 1460 1464 1463
f 1463 1464 1454
f 1459 1462 1453
f 1459 1453 1449
f 1465 1467 1466
f 1467 1468 1466
f 1468 1469 1466
f 1469 1470 1466
f 1470 1465 1466
f 1465 1248 1244
f 1465 1244 1467
f 1467 1244 1471
f 1467 1471 1468
f 1468 1471 1242
f 1468 1242 1469
f 1242 1247 1469
f 1469 1247 1470
f 1247 1472 1470
f 1470 1472 1465
f 1465 1472 1248
f 1473 1475 1474
f 1475 1476 1474
f 1476 1477 1474
f 1477 1478 1474
f 1474 1478 1473
f 1473 1479 1251
f 1473 1251 1475
f 1475 1251 1480
f 1475 1480 1476
f 1480 1240 1476
f 1476 1240 1477
f 1477 1240 1481
f 1477 1481 1478
f 1478 1481 1482
f 1478 1482 1479
f 1478 1479 1473
f 1483 1456 1484
f 1484 1456 1450
f 1484 1450 1448
f 1484 1448 1485
f 1485 1448 1453
f 1485 1453 1486
f 1486 1453 1462
f 1486 1462 1487
f 1487 1462 1457
f 1487 1457 1483
f 1483 1457 1456
f 1488 1445 1489
f 1489 1445 1452
f 1489 1452 1460
f 1489 1460 1490
f 1490 1460 1491
f 1491 1460 1463
f 1491 1463 1455
f 1491 1455 1492
f 1492 1455 1451
f 1492 1451 1493
f 1493 1451 1488
f 1488 1451 1445
f 1494 1496 1495
f 1497 1496 1494
f 1496 1497 1498
f 1499 1498 1497
f 1499 1500 1498
f 1501 1500 1499
f 1502 1500 1501
f 1502 1501 1503
f 1502 1503 1504
f 1504 1503 1505
f 1494 1495 1506
f 1494 1506 1507
f 1507 1506 1508
f 1507 1508 1505
f 1505 1508 1504
f 1493 1494 1492
f 1492 1494 1507
f 1492 1507 1491
f 1491 1505 1503
f 1491 1507 1505
f 1490 1503 1489
f 1489 1503 1501
f 1491 1503 1490
f 1489 1499 1488
f 1489 1501 1499
f 1488 1497 1493
f 1493 1497 1494
f 1488 1499 1497
f 1509 1511 1510
f 1512 1511 1509
f 1511 1512 1513
f 1514 1513 1512
f 1514 1515 1513
f 1516 1515 1514
f 1516 1514 1517
f 1516 1517 1518
f 1518 1517 1519
f 1519 1517 1520
f 1509 1510 1521
f 1509 1521 1522
f 1522 1521 1520
f 1520 1521 1519
f 1487 1509 1522
f 1485 1514 1484
f 1486 1520 1517
f 1487 1522 1520
f 1487 1520 1486
f 1485 1517 1514
f 1484 1512 1483
f 1486 1517 1485
f 1483 1509 1487
f 1483 1512 1509
f 1484 1514 1512
f 1215 1353 1230
f 1230 1353 1523
f 1388 1524 1385
f 1385 1524 1344
f 1525 1348 1526
f 1526 1348 1527
f 1526 1527 1528
f 1528 1527 1529
f 1528 1529 1530
f 1530 1529 1531
f 1531 1529 1532
f 1531 1532 1533
f 1531 1533 1534
f 1534 1533 1339
f 1535 1537 1536
f 1536 1537 1538
f 1536 1538 1539
f 1536 1539 1540
f 1540 1539 1541
f 1540 1541 1542
f 1542 1541 1543
f 1542 1543 1544
f 1544 1543 1545
f 1545 1543 1546
f 1545 1546 1547
f 1547 1546 1548
f 1540 1549 1536
f 1545 1547 1550
f 1545 1550 1551
f 1545 1551 1544
f 1544 1551 1542
f 1542 1551 1549
f 1540 1542 1549
f 1536 1549 1552
f 1536 1552 1553
f 1553 1535 1536
f 1554 1341 1555
f 1555 1341 1556
f 1555 1556 1557
f 1555 1557 1558
f 1558 1557 1559
f 1558 1559 1560
f 1560 1559 1561
f 1561 1559 1562
f 1561 1562 1563
f 1563 1562 1564
f 1563 1564 1565
f 1563 1565 1566
f 1567 1334 1568
f 1568 1334 1569
f 1568 1569 1570
f 1570 1569 1571
f 1570 1571 1572
f 1572 1571 1573
f 1572 1573 1574
f 1574 1573 1575
f 1574 1575 1576
f 1576 1575 1577
f 1576 1577 1578
f 1578 1577 1579
f 1578 1579 1580
f 1580 1579 1581
f 1581 1579 1582
f 1583 1581 1584
f 1585 1567 1568
f 1574 1586 1572
f 1581 1583 1580
f 1572 1586 1570
f 1568 1587 1585
f 1570 1586 1587
f 1570 1587 1568
f 1580 1583 1588
f 1580 1588 1578
f 1578 1588 1589
f 1578 1589 1576
f 1576 1589 1574
f 1574 1589 1586
f 1590 1592 1591
f 1591 1592 1593
f 1591 1593 1594
f 1594 1593 1595
f 1594 1595 1596
f 1594 1596 1597
f 1597 1596 1598
f 1598 1596 1599
f 1598 1599 1600
f 1600 1599 1601
f 1602 1604 1603
f 1603 1604 1605
f 1603 1605 1606
f 1606 1605 1607
f 1606 1607 1608
f 1606 1608 1609
f 1609 1608 1610
f 1609 1610 1611
f 1611 1610 1612
f 1611 1612 1613
f 1613 1612 1614
f 1614 1612 1615
f 1616 1602 1603
f 1613 1614 1617
f 1603 1618 1616
f 1613 1617 1619
f 1613 1619 1611
f 1606 1618 1603
f 1611 1619 1620
f 1611 1620 1609
f 1609 1620 1606
f 1620 1618 1606
f 1621 1623 1622
f 1621 1622 1624
f 1624 1622 1625
f 1625 1622 1626
f 1625 1626 1627
f 1625 1627 1628
f 1628 1627 1629
f 1628 1629 1630
f 1630 1629 1631
f 1630 1631 1632
f 1632 1631 1633
f 1633 1631 1634
f 1635 1181 1636
f 1635 1636 1637
f 1637 1636 1638
f 1637 1638 1639
f 1639 1638 1640
f 1639 1640 1641
f 1641 1640 1642
f 1641 1642 1643
f 1641 1643 1644
f 1644 1643 1645
f 1644 1645 1646
f 1646 1645 1647
f 1646 1647 1648
f 1648 1647 1178
f 1649 1635 1650
f 1651 1648 1652
f 1646 1648 1651
f 1635 1637 1653
f 1646 1651 1644
f 1635 1653 1650
f 1651 1654 1644
f 1644 1654 1641
f 1654 1655 1641
f 1639 1653 1637
f 1641 1655 1639
f 1639 1655 1653
f 1264 1511 1513
f 1511 1264 1259
f 1656 1518 1519
f 1518 1656 1657
f 1518 1657 1516
f 1658 1521 1659
f 1521 1658 1519
f 1659 1521 1510
f 1510 1255 1659
f 1660 1255 1510
f 1661 1266 1515
f 1516 1657 1515
f 1515 1657 1281
f 1515 1281 1661
f 1658 1274 1519
f 1519 1274 1275
f 1519 1275 1656
f 1498 1263 1261
f 1261 1496 1498
f 1502 1504 1662
f 1504 1508 1663
f 1500 1502 1662
f 1664 1258 1500
f 1662 1278 1500
f 1500 1278 1664
f 1663 1272 1504
f 1504 1272 1277
f 1271 1508 1495
f 1495 1508 1506
f 1495 1665 1271
f 1666 1665 1495
f 1656 1275 1657
f 1657 1275 1281
f 1659 1255 1658
f 1658 1255 1274
f 1504 1277 1662
f 1662 1277 1278
f 1508 1271 1663
f 1663 1271 1272
f 1374 1362 1386
f 1386 1362 1328
f 1386 1328 1404
f 1404 1328 1164
f 1404 1164 1419
f 1419 1164 1193
f 1417 1170 1396
f 1396 1170 1171
f 1396 1171 1231
f 1231 1171 1321
f 1231 1321 1226
f 1226 1321 1227
f 1454 1449 1163
f 1454 1163 1324
f 1164 1328 1324
f 1164 1324 1163
f 1245 1246 1320
f 1321 1171 1169
f 1321 1169 1320
f 1320 1169 1245
f 1264 1513 1515
f 1264 1515 1266
f 1510 1259 1660
f 1259 1510 1511
f 1263 1498 1500
f 1263 1500 1258
f 1495 1261 1666
f 1261 1495 1496
f 1257 1255 1660
f 1257 1660 1259
f 1266 1661 1279
f 1279 1661 1281
f 1271 1665 1268
f 1268 1665 1666
f 1268 1666 1262
f 1262 1666 1261
f 1258 1664 1256
f 1256 1664 1278
f 1384 1385 1344
f 1215 1213 1353
f 1230 1523 1667
f 1230 1667 1229
f 1229 1667 1416
f 1389 1413 1524
f 1389 1524 1388
f 1439 1197 1440
f 1440 1197 1208
f 1440 1208 1441
f 1441 1208 1442
f 1442 1208 1198
f 1442 1198 1444
f 1444 1198 1172
f 1444 1172 1443
f 1443 1172 1170
f 1197 1439 1438
f 1197 1438 1196
f 1196 1438 1437
f 1196 1437 1211
f 1211 1437 1436
f 1211 1436 1435
f 1211 1435 1187
f 1187 1435 1434
f 1187 1434 1186
f 1186 1434 1433
f 1186 1433 1432
f 1186 1432 1193
f 1353 1213 1352
f 1352 1213 1216
f 1216 1218 1352
f 1352 1218 1364
f 1218 1220 1364
f 1364 1220 1356
f 1220 1222 1356
f 1222 1224 1356
f 1356 1224 1227
f 1342 1523 1353
f 1416 1667 1342
f 1342 1667 1523
f 1349 1326 1413
f 1413 1414 1349
f 1414 1416 1349
f 1416 1342 1349
f 1524 1413 1326
f 1326 1344 1524
f 1362 1375 1347
f 1375 1377 1347
f 1347 1377 1346
f 1377 1380 1346
f 1346 1380 1345
f 1380 1382 1345
f 1382 1384 1345
f 1384 1344 1345
f 1471 1244 1242
f 1472 1247 1248
f 1480 1251 1240
f 1481 1240 1241
f 1481 1241 1482
f 1482 1241 1479
f 1479 1241 1251
f 1449 1446 1165
f 1449 1165 1163
f 1318 1446 1319
f 1319 1446 1447
f 1319 1454 1324
f 1447 1454 1319
f 1318 1165 1446
f 1167 1245 1169
f 1243 1245 1167
f 1280 1166 1267
f 1267 1166 1165
f 1267 1165 1265
f 1265 1165 1318
f 1167 1168 1316
f 1316 1168 1314
f 1314 1168 1200
f 1314 1200 1312
f 1312 1200 1310
f 1310 1200 1308
f 1308 1200 1306
f 1306 1200 1202
f 1306 1202 1304
f 1304 1202 1302
f 1302 1202 1204
f 1302 1204 1300
f 1300 1204 1298
f 1298 1204 1175
f 1298 1175 1296
f 1296 1175 1294
f 1294 1175 1292
f 1292 1175 1176
f 1292 1176 1290
f 1290 1176 1288
f 1288 1176 1286
f 1286 1176 1190
f 1286 1190 1192
f 1286 1192 1284
f 1284 1192 1282
f 1282 1192 1273
f 1273 1192 1166
f 1273 1166 1280
f 1313 1371 1322
f 1313 1322 1315
f 1315 1322 1239
f 1315 1239 1317
f 1319 1323 1260
f 1260 1323 1262
f 1262 1323 1329
f 1262 1329 1269
f 1269 1329 1332
f 1269 1332 1270
f 1270 1332 1276
f 1276 1332 1283
f 1283 1332 1358
f 1283 1358 1285
f 1285 1358 1287
f 1287 1358 1360
f 1287 1360 1289
f 1289 1360 1291
f 1291 1360 1337
f 1291 1337 1293
f 1293 1337 1295
f 1295 1337 1297
f 1297 1337 1335
f 1297 1335 1299
f 1299 1335 1301
f 1301 1335 1303
f 1303 1335 1367
f 1303 1367 1369
f 1303 1369 1305
f 1305 1369 1307
f 1307 1369 1309
f 1309 1369 1371
f 1309 1371 1311
f 1311 1371 1313
f 1246 1239 1320
f 1317 1239 1167
f 1167 1239 1243
f 1550 1668 1525
f 1553 1534 1669
f 1550 1525 1526
f 1550 1526 1551
f 1551 1526 1528
f 1551 1528 1530
f 1551 1530 1549
f 1549 1530 1531
f 1549 1531 1552
f 1552 1531 1534
f 1552 1534 1553
f 1585 1566 1670
f 1584 1554 1583
f 1584 1671 1554
f 1583 1554 1555
f 1583 1555 1588
f 1588 1555 1558
f 1588 1558 1589
f 1589 1558 1560
f 1589 1560 1561
f 1589 1561 1586
f 1586 1561 1563
f 1586 1563 1587
f 1587 1563 1585
f 1585 1563 1566
f 1650 1633 1672
f 1673 1651 1652
f 1651 1673 1621
f 1651 1621 1624
f 1651 1624 1625
f 1651 1625 1654
f 1654 1625 1628
f 1654 1628 1655
f 1655 1628 1630
f 1655 1630 1653
f 1653 1630 1632
f 1653 1632 1633
f 1653 1633 1650
f 1616 1600 1674
f 1617 1675 1590
f 1617 1590 1591
f 1617 1591 1619
f 1619 1591 1594
f 1619 1594 1620
f 1620 1594 1597
f 1620 1597 1598
f 1620 1598 1618
f 1618 1598 1600
f 1618 1600 1616
f 1601 1674 1600
f 1174 1674 1601
f 1674 1174 1616
f 1616 1174 1676
f 1616 1676 1602
f 1602 1676 1604
f 1183 1672 1634
f 1634 1672 1633
f 1672 1183 1650
f 1650 1183 1677
f 1650 1677 1649
f 1649 1677 1635
f 1635 1677 1181
f 1592 1590 1675
f 1592 1675 1182
f 1615 1678 1614
f 1614 1678 1617
f 1182 1675 1617
f 1182 1617 1678
f 1679 1673 1652
f 1623 1621 1673
f 1623 1673 1679
f 1648 1178 1179
f 1648 1179 1652
f 1679 1652 1179
f 1670 1330 1585
f 1585 1330 1680
f 1585 1680 1567
f 1567 1680 1334
f 1330 1670 1566
f 1330 1566 1565
f 1681 1668 1550
f 1548 1681 1547
f 1547 1681 1550
f 1348 1525 1682
f 1682 1525 1668
f 1682 1668 1681
f 1553 1683 1535
f 1535 1683 1537
f 1339 1669 1534
f 1683 1553 1669
f 1683 1669 1339
f 1684 1671 1685
f 1685 1671 1584
f 1581 1582 1584
f 1582 1685 1584
f 1341 1554 1671
f 1341 1671 1684
f 1537 1354 1538
f 1538 1354 1361
f 1538 1361 1539
f 1539 1361 1541
f 1541 1361 1359
f 1541 1359 1543
f 1543 1359 1357
f 1543 1357 1546
f 1546 1357 1548
f 1548 1357 1333
f 1683 1355 1354
f 1683 1354 1537
f 1548 1333 1681
f 1681 1333 1343
f 1339 1355 1683
f 1681 1343 1682
f 1682 1343 1348
f 1339 1533 1338
f 1338 1533 1532
f 1338 1532 1325
f 1325 1532 1529
f 1325 1529 1327
f 1327 1529 1527
f 1327 1527 1348
f 1569 1334 1372
f 1569 1372 1571
f 1571 1372 1370
f 1571 1370 1573
f 1573 1370 1368
f 1573 1368 1575
f 1575 1368 1577
f 1577 1368 1366
f 1577 1366 1579
f 1579 1366 1582
f 1582 1366 1336
f 1330 1334 1680
f 1582 1336 1685
f 1685 1336 1351
f 1685 1351 1684
f 1565 1331 1330
f 1684 1351 1340
f 1684 1340 1341
f 1331 1565 1564
f 1331 1564 1365
f 1365 1564 1562
f 1365 1562 1363
f 1363 1562 1559
f 1363 1559 1350
f 1350 1559 1557
f 1350 1557 1556
f 1350 1556 1341
f 1194 1634 1631
f 1194 1631 1212
f 1212 1631 1629
f 1212 1629 1209
f 1209 1629 1627
f 1209 1627 1626
f 1209 1626 1195
f 1195 1626 1622
f 1195 1622 1623
f 1195 1623 1188
f 1634 1194 1183
f 1679 1179 1188
f 1679 1188 1623
f 1183 1180 1677
f 1677 1180 1181
f 1636 1181 1205
f 1636 1205 1638
f 1638 1205 1203
f 1638 1203 1640
f 1640 1203 1642
f 1642 1203 1643
f 1643 1203 1201
f 1643 1201 1645
f 1645 1201 1647
f 1647 1201 1199
f 1647 1199 1178
f 1185 1601 1599
f 1185 1599 1207
f 1207 1599 1596
f 1207 1596 1206
f 1206 1596 1595
f 1206 1595 1210
f 1210 1595 1593
f 1210 1593 1592
f 1210 1592 1184
f 1601 1185 1174
f 1182 1184 1592
f 1676 1174 1173
f 1676 1173 1604
f 1615 1177 1678
f 1678 1177 1182
f 1604 1173 1605
f 1605 1173 1191
f 1605 1191 1607
f 1607 1191 1608
f 1608 1191 1189
f 1608 1189 1610
f 1610 1189 1612
f 1612 1189 1177
f 1612 1177 1615
f 1686 1254 1687
f 1687 1254 1688
f 1687 1688 1249
f 1687 1249 1689
f 1689 1249 1253
f 1253 1252 1689
f 1689 1252 1690
f 1690 1252 1250
f 1690 1250 1686
f 1250 1254 1686
f 1690 1687 1689
f 1690 1686 1687
f 1691 1692 1458
f 1458 1693 1691
f 1691 1693 1694
f 1694 1693 1695
f 1694 1695 1696
f 1696 1695 1464
f 1696 1464 1697
f 1697 1464 1461
f 1461 1692 1697
f 1697 1692 1698
f 1698 1692 1691
f 1691 1694 1698
f 1697 1698 1694
f 1696 1697 1694
f 1692 1452 1458
f 1693 1458 1459
f 1693 1459 1695
f 1695 1459 1464
f 1692 1461 1452
f 1688 1254 1249

