v 0.21289794 -0.34819046 0.23197880
v 0.21118969 -0.34850243 0.23168005
v 0.20916396 -0.34479886 0.23195338
v 0.20771797 -0.34503081 0.23168010
v 0.21118969 -0.34850243 0.23168005
v 0.20837045 -0.34894961 0.23024270
v 0.20771797 -0.34503081 0.23168010
v 0.20513335 -0.34539989 0.23045276
v 0.20345750 -0.34556118 0.22877327
v 0.20721419 -0.34910911 0.22904028
v 0.20697102 -0.34914091 0.22868197
v 0.20686170 -0.34915501 0.22849955
v 0.20345750 -0.34556118 0.22877327
v 0.20710923 -0.34912291 0.22889259
v 0.20697102 -0.34914091 0.22868197
v 0.20686170 -0.34915501 0.22849955
v 0.20252116 -0.34558561 0.22600000
v 0.20345750 -0.34556118 0.22877327
v 0.20617642 -0.34924060 0.22604646
v 0.20252116 -0.34558561 0.20299999
v 0.20619138 -0.34925583 0.21483015
v 0.20636247 -0.34942693 0.20299999
v 0.20345750 -0.34556118 0.20022674
v 0.20709045 -0.34938344 0.20050049
v 0.20921139 -0.34915069 0.19834858
v 0.20542221 -0.34536153 0.19834872
v 0.20709045 -0.34938344 0.20050049
v 0.20345750 -0.34556118 0.20022674
v 0.20771797 -0.34503081 0.19731990
v 0.21151568 -0.34882841 0.19731987
v 0.21006569 -0.34464487 0.19700000
v 0.20771797 -0.34503081 0.19731990
v 0.21151568 -0.34882841 0.19731987
v 0.21385257 -0.34843177 0.19700000
v 0.21616010 -0.34134167 0.19700000
v 0.20832995 -0.34290913 0.19700000
v 0.34290913 -0.20832995 0.19700000
v 0.34110212 -0.21712242 0.19700000
v 0.34464484 -0.21006565 0.19700000
v 0.33944538 -0.22280869 0.19700000
v 0.33507314 -0.23367023 0.19700000
v 0.34441221 -0.22905472 0.19700000
v 0.34724566 -0.21934538 0.19700000
v 0.34848151 -0.21354988 0.19700529
v 0.34151083 -0.23665559 0.19700000
v 0.22507437 -0.34568834 0.19700000
v 0.22638513 -0.33818731 0.19700000
v 0.22932255 -0.34432355 0.19700000
v 0.21684450 -0.34782785 0.19700000
v 0.33897546 -0.24220805 0.19700000
v 0.23638508 -0.34162647 0.19700000
v 0.23530920 -0.33426493 0.19700000
v 0.32806075 -0.24581690 0.19700000
v 0.24290524 -0.33863300 0.19700000
v 0.24332963 -0.33842039 0.19700000
v 0.25016075 -0.33468845 0.19700000
v 0.33415723 -0.25104895 0.19700000
v 0.32121536 -0.25492883 0.19700000
v 0.24898493 -0.32581764 0.19700000
v 0.33163601 -0.25509566 0.19700000
v 0.26088014 -0.32774153 0.19700000
v 0.29442611 -0.28544924 0.19700000
v 0.29823786 -0.29584089 0.19700000
v 0.30468905 -0.28910249 0.19700000
v 0.32724541 -0.26156703 0.19700000
v 0.28544924 -0.29442611 0.19700000
v 0.29097053 -0.30296484 0.19700000
v 0.30312085 -0.27619874 0.19700000
v 0.31317034 -0.26474959 0.19700000
v 0.27832469 -0.31426540 0.19700000
v 0.27242395 -0.30651787 0.19700000
v 0.31369641 -0.27895528 0.19700000
v 0.32425424 -0.26568347 0.19700000
v 0.32400090 -0.26602352 0.19700000
v 0.32374698 -0.26636314 0.19700000
v 0.32349247 -0.26670232 0.19700000
v 0.26699081 -0.32329455 0.19700000
v 0.26474959 -0.31317034 0.19700000
v 0.31908056 -0.27240300 0.19700000
v 0.32323739 -0.26704106 0.19700000
v 0.34887406 -0.21117672 0.19741994
v 0.34513587 -0.20702209 0.19754535
v 0.34890181 -0.21099006 0.19748226
v 0.34897611 -0.21047519 0.19767922
v 0.34513587 -0.20702209 0.19754535
v 0.34895617 -0.21061571 0.19762166
v 0.34895617 -0.21061571 0.19762166
v 0.34897611 -0.21047519 0.19767922
v 0.34919995 -0.20875576 0.19866396
v 0.34513587 -0.20702209 0.19754535
v 0.34546790 -0.20459169 0.19897832
v 0.34939083 -0.20692813 0.20078072
v 0.34557572 -0.20311293 0.20078090
v 0.34558564 -0.20252119 0.20299999
v 0.34557572 -0.20311293 0.20078090
v 0.34942329 -0.20637159 0.20266978
v 0.34939083 -0.20692813 0.20078072
v 0.34925508 -0.20619063 0.21431792
v 0.34558564 -0.20252119 0.22600000
v 0.34923807 -0.20619735 0.22644751
v 0.34556121 -0.20345752 0.22877327
v 0.34914559 -0.20693471 0.22862275
v 0.34556121 -0.20345752 0.22877327
v 0.34913328 -0.20702969 0.22877340
v 0.34898666 -0.20811062 0.23002179
v 0.34913328 -0.20702969 0.22877340
v 0.34536996 -0.20535889 0.23060948
v 0.34886926 -0.20891798 0.23064442
v 0.34848839 -0.21127073 0.23170273
v 0.34498838 -0.20799105 0.23175120
v 0.34498838 -0.20799105 0.23175120
v 0.34848839 -0.21127073 0.23170273
v 0.34480569 -0.20912255 0.23194900
v 0.34822071 -0.21273923 0.23196597
v 0.34817648 -0.21297045 0.23198359
v 0.21756782 -0.34305242 0.23199999
v 0.23330365 -0.33745730 0.23199999
v 0.23053429 -0.34301051 0.23199999
v 0.22102599 -0.34626287 0.23199999
v 0.34182388 -0.22193119 0.23199999
v 0.34359697 -0.22904183 0.23199999
v 0.33542332 -0.23742794 0.23199999
v 0.33927989 -0.23868158 0.23199999
v 0.23783295 -0.33971205 0.23199999
v 0.24128194 -0.33328798 0.23199999
v 0.33881456 -0.23957331 0.23199999
v 0.33845150 -0.24025396 0.23199999
v 0.24348041 -0.33663565 0.23199999
v 0.33136061 -0.24443997 0.23199999
v 0.33025253 -0.25307742 0.23199999
v 0.25412080 -0.32439938 0.23199999
v 0.31816116 -0.26188895 0.23199999
v 0.25641531 -0.32768306 0.23199999
v 0.26234022 -0.32295915 0.23199999
v 0.26380724 -0.31657240 0.23199999
v 0.27770934 -0.30984277 0.23199999
v 0.27880079 -0.30345094 0.23199999
v 0.28698471 -0.30127195 0.23199999
v 0.28605527 -0.29662219 0.23199999
v 0.29952422 -0.28880832 0.23199999
v 0.29662219 -0.28605527 0.23199999
v 0.30815119 -0.27958515 0.23199999
v 0.31173697 -0.26950398 0.23199999
v 0.31975028 -0.26624194 0.23199999
v 0.22588839 -0.35208875 0.22680189
v 0.22580862 -0.35210997 0.22665989
v 0.21943049 -0.35112926 0.22714511
v 0.22933669 -0.35107657 0.22894934
v 0.23525195 -0.35188553 0.22798777
v 0.23462926 -0.35214117 0.22789010
v 0.23525195 -0.35188553 0.22798777
v 0.22452018 -0.34869689 0.23050000
v 0.23970649 -0.34991884 0.22800000
v 0.25343490 -0.34221363 0.22800000
v 0.24348041 -0.33663565 0.23199999
v 0.25758478 -0.33934900 0.22800000
v 0.25037149 -0.34117976 0.22900000
v 0.24977072 -0.34155172 0.22900000
v 0.24916770 -0.34191924 0.22900000
v 0.24641465 -0.34064469 0.23000000
v 0.24572080 -0.34104401 0.23000000
v 0.24795444 -0.34264109 0.22900000
v 0.24502316 -0.34143779 0.23000000
v 0.24916770 -0.34191924 0.22900000
v 0.24856231 -0.34228235 0.22900000
v 0.24641465 -0.34064469 0.23000000
v 0.24856231 -0.34228235 0.22900000
v 0.24795444 -0.34264109 0.22900000
v 0.24572080 -0.34104401 0.23000000
v 0.25243676 -0.34286356 0.22800000
v 0.24916770 -0.34191924 0.22900000
v 0.24611522 -0.34369126 0.22900000
v 0.24642347 -0.34351891 0.22900000
v 0.24673100 -0.34334549 0.22900000
v 0.24703786 -0.34317103 0.22900000
v 0.24734405 -0.34299546 0.22900000
v 0.24764958 -0.34281880 0.22900000
v 0.24560452 -0.34692541 0.22800000
v 0.24916770 -0.34191924 0.22900000
v 0.24977072 -0.34155172 0.22900000
v 0.25243676 -0.34286356 0.22800000
v 0.24977072 -0.34155172 0.22900000
v 0.25243676 -0.34286356 0.22800000
v 0.25037149 -0.34117976 0.22900000
v 0.25343490 -0.34221363 0.22800000
v 0.25243676 -0.34286356 0.22800000
v 0.24642347 -0.34351891 0.22900000
v 0.24326237 -0.34239778 0.23000000
v 0.24673100 -0.34334549 0.22900000
v 0.24326237 -0.34239778 0.23000000
v 0.24611522 -0.34369126 0.22900000
v 0.24290733 -0.34258553 0.23000000
v 0.24290733 -0.34258553 0.23000000
v 0.24111767 -0.34350261 0.23000000
v 0.24075685 -0.34368166 0.23000000
v 0.24039507 -0.34385926 0.23000000
v 0.24003233 -0.34403539 0.23000000
v 0.23966864 -0.34421006 0.23000000
v 0.23930401 -0.34438324 0.23000000
v 0.23893841 -0.34455493 0.23000000
v 0.23857187 -0.34472516 0.23000000
v 0.23820439 -0.34489393 0.23000000
v 0.23783596 -0.34506118 0.23000000
v 0.23746660 -0.34522694 0.23000000
v 0.23709629 -0.34539124 0.23000000
v 0.23672505 -0.34555402 0.23000000
v 0.23635288 -0.34571528 0.23000000
v 0.23597977 -0.34587508 0.23000000
v 0.23560573 -0.34603333 0.23000000
v 0.23523076 -0.34619009 0.23000000
v 0.23485486 -0.34634534 0.23000000
v 0.23447806 -0.34649909 0.23000000
v 0.23410031 -0.34665129 0.23000000
v 0.23372166 -0.34680197 0.23000000
v 0.23334210 -0.34695110 0.23000000
v 0.23296160 -0.34709874 0.23000000
v 0.23258018 -0.34724483 0.23000000
v 0.23143023 -0.34767404 0.23000000
v 0.23104501 -0.34781411 0.23000000
v 0.22157140 -0.34950650 0.23049699
v 0.21969169 -0.34883037 0.23100001
v 0.23264380 -0.35135660 0.22849709
v 0.22013511 -0.34872052 0.23100001
v 0.22057794 -0.34860867 0.23100001
v 0.22368185 -0.34893689 0.23050000
v 0.22535513 -0.34844992 0.23050000
v 0.22618668 -0.34819594 0.23050000
v 0.22701481 -0.34793496 0.23050000
v 0.22783953 -0.34766689 0.23050000
v 0.23219782 -0.34738943 0.23000000
v 0.23181450 -0.34753248 0.23000000
v 0.23264380 -0.35135660 0.22849709
v 0.21813862 -0.34919786 0.23094687
v 0.22634953 -0.35066348 0.22941990
v 0.21118969 -0.34850243 0.23168005
v 0.23462926 -0.35214117 0.22789010
v 0.23268144 -0.35291094 0.22680336
v 0.21977921 -0.35106111 0.22772194
v 0.21971519 -0.35107350 0.22763078
v 0.22597463 -0.35206625 0.22693972
v 0.21953672 -0.35110825 0.22734500
v 0.21321297 -0.35012797 0.22794479
v 0.22597463 -0.35206625 0.22693972
v 0.22588839 -0.35208875 0.22680189
v 0.21953672 -0.35110825 0.22734500
v 0.21321297 -0.35012797 0.22794479
v 0.21361093 -0.35006586 0.22853181
v 0.23201886 -0.35316262 0.22593698
v 0.20617642 -0.34924060 0.22604646
v 0.22879095 -0.35267210 0.22599837
v 0.22889706 -0.35263580 0.22623797
v 0.22889706 -0.35263580 0.22623797
v 0.22895728 -0.35261610 0.22635448
v 0.22879095 -0.35267210 0.22599837
v 0.23201886 -0.35316262 0.22593698
v 0.23185328 -0.35322472 0.22561219
v 0.22580862 -0.35210997 0.22665989
v 0.23177019 -0.35325578 0.22541490
v 0.23150569 -0.35335404 0.21937141
v 0.23246561 -0.35299349 0.21692881
v 0.20709045 -0.34938344 0.20050049
v 0.22694859 -0.35190541 0.21197364
v 0.22968304 -0.35244593 0.21444680
v 0.23246561 -0.35299349 0.21692881
v 0.21888338 -0.35036281 0.20467544
v 0.23429069 -0.35227820 0.21570633
v 0.21926883 -0.35028449 0.20449583
v 0.22442529 -0.35133106 0.20940474
v 0.21390375 -0.34933606 0.19976187
v 0.21459833 -0.34921756 0.19955538
v 0.21888338 -0.35036281 0.20467544
v 0.22146758 -0.35088411 0.20714208
v 0.22442529 -0.35133106 0.20940474
v 0.22694859 -0.35190541 0.21197364
v 0.22395772 -0.35145059 0.20972610
v 0.22968304 -0.35244593 0.21444680
v 0.20921139 -0.34915069 0.19834858
v 0.22395772 -0.35145059 0.20972610
v 0.21385257 -0.34843177 0.19700000
v 0.21684450 -0.34782785 0.19700000
v 0.23122990 -0.34809446 0.20625000
v 0.23770140 -0.35083443 0.21550000
v 0.23975363 -0.34989670 0.21550000
v 0.24348292 -0.34805501 0.21550000
v 0.22507437 -0.34568834 0.19700000
v 0.23911209 -0.34499669 0.20625000
v 0.22932255 -0.34432355 0.19700000
v 0.24779268 -0.34569621 0.21550000
v 0.24606879 -0.34533048 0.21318750
v 0.24636860 -0.34516707 0.21318750
v 0.24696760 -0.34483680 0.21318750
v 0.24576759 -0.34421176 0.21087500
v 0.24666820 -0.34500250 0.21318750
v 0.24576759 -0.34421176 0.21087500
v 0.24834891 -0.34537318 0.21550000
v 0.24741626 -0.34458613 0.21318750
v 0.24696760 -0.34483680 0.21318750
v 0.24904379 -0.34496349 0.21550000
v 0.24672633 -0.34369436 0.21087500
v 0.24771507 -0.34441760 0.21318750
v 0.24834891 -0.34537318 0.21550000
v 0.24666820 -0.34500250 0.21318750
v 0.24807082 -0.34553522 0.21550000
v 0.24807082 -0.34553522 0.21550000
v 0.24630630 -0.34268698 0.20856249
v 0.24704510 -0.34351951 0.21087500
v 0.25291744 -0.34255242 0.21550000
v 0.24636860 -0.34516707 0.21318750
v 0.24779268 -0.34569621 0.21550000
v 0.24672633 -0.34369436 0.21087500
v 0.24493125 -0.34220770 0.20625000
v 0.24640715 -0.34386802 0.21087500
v 0.24704510 -0.34351951 0.21087500
v 0.24493125 -0.34220770 0.20625000
v 0.24630630 -0.34268698 0.20856249
v 0.24528912 -0.34202167 0.20625000
v 0.24664398 -0.34250474 0.20856249
v 0.24528912 -0.34202167 0.20625000
v 0.24664398 -0.34250474 0.20856249
v 0.24564627 -0.34183431 0.20625000
v 0.24528912 -0.34202167 0.20625000
v 0.24600269 -0.34164557 0.20625000
v 0.24564627 -0.34183431 0.20625000
v 0.24741626 -0.34458613 0.21318750
v 0.25130641 -0.33982432 0.20856249
v 0.24771507 -0.34441760 0.21318750
v 0.24771507 -0.34441760 0.21318750
v 0.24672633 -0.34369436 0.21087500
v 0.24640715 -0.34386802 0.21087500
v 0.25709242 -0.33970287 0.21550000
v 0.20636247 -0.34942693 0.20299999
v 0.20619138 -0.34925583 0.21483015
v 0.21636127 -0.34984705 0.20221452
v 0.21390375 -0.34933606 0.19976187
v 0.21151568 -0.34882841 0.19731987
v 0.21151568 -0.34882841 0.19731987
v 0.21926883 -0.35028449 0.20449583
v 0.21636127 -0.34984705 0.20221452
v 0.23638508 -0.34162647 0.19700000
v 0.24330004 -0.33956099 0.19931249
v 0.24290524 -0.33863300 0.19700000
v 0.24455588 -0.34006447 0.20162500
v 0.24455588 -0.34006447 0.20162500
v 0.24412236 -0.33914524 0.19931249
v 0.24290524 -0.33863300 0.19700000
v 0.24412236 -0.33914524 0.19931249
v 0.24332963 -0.33842039 0.19700000
v 0.24290524 -0.33863300 0.19700000
v 0.25016075 -0.33468845 0.19700000
v 0.24332963 -0.33842039 0.19700000
v 0.24330004 -0.33956099 0.19931249
v 0.24416257 -0.34026572 0.20162500
v 0.24455588 -0.34006447 0.20162500
v 0.24376827 -0.34046546 0.20162500
v 0.24416257 -0.34026572 0.20162500
v 0.24431148 -0.34134734 0.20393750
v 0.25980651 -0.33770385 0.21550000
v 0.24468784 -0.34115463 0.20393750
v 0.24468784 -0.34115463 0.20393750
v 0.24506333 -0.34096047 0.20393750
v 0.24376827 -0.34046546 0.20162500
v 0.24506333 -0.34096047 0.20393750
v 0.24506333 -0.34096047 0.20393750
v 0.24543795 -0.34076491 0.20393750
v 0.24416257 -0.34026572 0.20162500
v 0.24543795 -0.34076491 0.20393750
v 0.24455588 -0.34006447 0.20162500
v 0.24416257 -0.34026572 0.20162500
v 0.26663259 -0.33234578 0.22800000
v 0.25641531 -0.32768306 0.23199999
v 0.23783295 -0.33971205 0.23199999
v 0.24734405 -0.34299546 0.22900000
v 0.23767217 -0.34246823 0.23100001
v 0.23053429 -0.34301051 0.23199999
v 0.23726319 -0.34266037 0.23100001
v 0.23685306 -0.34285060 0.23100001
v 0.23644182 -0.34303898 0.23100001
v 0.23602948 -0.34322545 0.23100001
v 0.23561604 -0.34341004 0.23100001
v 0.23520152 -0.34359270 0.23100001
v 0.23478596 -0.34377342 0.23100001
v 0.23436934 -0.34395224 0.23100001
v 0.23395169 -0.34412909 0.23100001
v 0.23353304 -0.34430400 0.23100001
v 0.23311339 -0.34447691 0.23100001
v 0.23269276 -0.34464788 0.23100001
v 0.23227118 -0.34481686 0.23100001
v 0.23184864 -0.34498385 0.23100001
v 0.23142517 -0.34514883 0.23100001
v 0.23100078 -0.34531182 0.23100001
v 0.23057550 -0.34547278 0.23100001
v 0.23014934 -0.34563169 0.23100001
v 0.22972231 -0.34578857 0.23100001
v 0.22929443 -0.34594339 0.23100001
v 0.22886571 -0.34609613 0.23100001
v 0.22843617 -0.34624684 0.23100001
v 0.22800583 -0.34639546 0.23100001
v 0.22757469 -0.34654203 0.23100001
v 0.22714277 -0.34668654 0.23100001
v 0.22671007 -0.34682903 0.23100001
v 0.22102599 -0.34626287 0.23199999
v 0.22627661 -0.34696943 0.23100001
v 0.22783953 -0.34766689 0.23050000
v 0.21289794 -0.34819046 0.23197880
v 0.22057794 -0.34860867 0.23100001
v 0.22013511 -0.34872052 0.23100001
v 0.22102019 -0.34849477 0.23100001
v 0.22190285 -0.34826091 0.23100001
v 0.22278300 -0.34801894 0.23100001
v 0.22366056 -0.34776881 0.23100001
v 0.22453541 -0.34751052 0.23100001
v 0.21969169 -0.34883037 0.23100001
v 0.21902552 -0.34899133 0.23100001
v 0.22157140 -0.34950650 0.23049699
v 0.21813862 -0.34919786 0.23094687
v 0.21289794 -0.34819046 0.23197880
v 0.22634953 -0.35066348 0.22941990
v 0.22453541 -0.34751052 0.23100001
v 0.22701481 -0.34793496 0.23050000
v 0.22366056 -0.34776881 0.23100001
v 0.22618668 -0.34819594 0.23050000
v 0.22278300 -0.34801894 0.23100001
v 0.22535513 -0.34844992 0.23050000
v 0.22190285 -0.34826091 0.23100001
v 0.22452018 -0.34869689 0.23050000
v 0.22102019 -0.34849477 0.23100001
v 0.22368185 -0.34893689 0.23050000
v 0.20837045 -0.34894961 0.23024270
v 0.20721419 -0.34910911 0.22904028
v 0.21352591 -0.35007921 0.22842044
v 0.21352591 -0.35007921 0.22842044
v 0.20710923 -0.34912291 0.22889259
v 0.20721419 -0.34910911 0.22904028
v 0.21971519 -0.35107350 0.22763078
v 0.20686170 -0.34915501 0.22849955
v 0.20697102 -0.34914091 0.22868197
v 0.20710923 -0.34912291 0.22889259
v 0.21977921 -0.35106111 0.22772194
v 0.20710923 -0.34912291 0.22889259
v 0.20697102 -0.34914091 0.22868197
v 0.22895728 -0.35261610 0.22635448
v 0.21902552 -0.34899133 0.23100001
v 0.22933669 -0.35107657 0.22894934
v 0.22627661 -0.34696943 0.23100001
v 0.23104501 -0.34781411 0.23000000
v 0.22671007 -0.34682903 0.23100001
v 0.23143023 -0.34767404 0.23000000
v 0.22714277 -0.34668654 0.23100001
v 0.23181450 -0.34753248 0.23000000
v 0.22757469 -0.34654203 0.23100001
v 0.23219782 -0.34738943 0.23000000
v 0.22800583 -0.34639546 0.23100001
v 0.23258018 -0.34724483 0.23000000
v 0.22843617 -0.34624684 0.23100001
v 0.23296160 -0.34709874 0.23000000
v 0.22886571 -0.34609613 0.23100001
v 0.23334210 -0.34695110 0.23000000
v 0.22929443 -0.34594339 0.23100001
v 0.23372166 -0.34680197 0.23000000
v 0.22972231 -0.34578857 0.23100001
v 0.23410031 -0.34665129 0.23000000
v 0.23014934 -0.34563169 0.23100001
v 0.23447806 -0.34649909 0.23000000
v 0.23057550 -0.34547278 0.23100001
v 0.23485486 -0.34634534 0.23000000
v 0.23100078 -0.34531182 0.23100001
v 0.23523076 -0.34619009 0.23000000
v 0.23142517 -0.34514883 0.23100001
v 0.23560573 -0.34603333 0.23000000
v 0.23184864 -0.34498385 0.23100001
v 0.23597977 -0.34587508 0.23000000
v 0.23227118 -0.34481686 0.23100001
v 0.23635288 -0.34571528 0.23000000
v 0.23269276 -0.34464788 0.23100001
v 0.23672505 -0.34555402 0.23000000
v 0.23311339 -0.34447691 0.23100001
v 0.23709629 -0.34539124 0.23000000
v 0.23353304 -0.34430400 0.23100001
v 0.23746660 -0.34522694 0.23000000
v 0.23395169 -0.34412909 0.23100001
v 0.23783596 -0.34506118 0.23000000
v 0.23436934 -0.34395224 0.23100001
v 0.23820439 -0.34489393 0.23000000
v 0.23478596 -0.34377342 0.23100001
v 0.23857187 -0.34472516 0.23000000
v 0.23520152 -0.34359270 0.23100001
v 0.23893841 -0.34455493 0.23000000
v 0.23561604 -0.34341004 0.23100001
v 0.23930401 -0.34438324 0.23000000
v 0.23602948 -0.34322545 0.23100001
v 0.23966864 -0.34421006 0.23000000
v 0.23644182 -0.34303898 0.23100001
v 0.24003233 -0.34403539 0.23000000
v 0.23685306 -0.34285060 0.23100001
v 0.24039507 -0.34385926 0.23000000
v 0.23726319 -0.34266037 0.23100001
v 0.24075685 -0.34368166 0.23000000
v 0.23767217 -0.34246823 0.23100001
v 0.24111767 -0.34350261 0.23000000
v 0.24703786 -0.34317103 0.22900000
v 0.24764958 -0.34281880 0.22900000
v 0.24502316 -0.34143779 0.23000000
v 0.24528912 -0.34202167 0.20625000
v 0.24564627 -0.34183431 0.20625000
v 0.24431148 -0.34134734 0.20393750
v 0.24564627 -0.34183431 0.20625000
v 0.24468784 -0.34115463 0.20393750
v 0.24600269 -0.34164557 0.20625000
v 0.24506333 -0.34096047 0.20393750
v 0.24468784 -0.34115463 0.20393750
v 0.33129221 -0.26507968 0.21087500
v 0.33163601 -0.25509566 0.19700000
v 0.32724541 -0.26156703 0.19700000
v 0.32572183 -0.26658335 0.20162500
v 0.32597792 -0.26624596 0.20162500
v 0.32425424 -0.26568347 0.19700000
v 0.32623345 -0.26590815 0.20162500
v 0.32823202 -0.26615086 0.20625000
v 0.32469225 -0.26792893 0.20162500
v 0.32323739 -0.26704106 0.19700000
v 0.31908056 -0.27240300 0.19700000
v 0.32495043 -0.26759312 0.20162500
v 0.32693666 -0.26782370 0.20625000
v 0.32520807 -0.26725692 0.20162500
v 0.32546520 -0.26692033 0.20162500
v 0.32693666 -0.26782370 0.20625000
v 0.32572183 -0.26658335 0.20162500
v 0.32546520 -0.26692033 0.20162500
v 0.32719666 -0.26748985 0.20625000
v 0.32572183 -0.26658335 0.20162500
v 0.32719666 -0.26748985 0.20625000
v 0.32745621 -0.26715565 0.20625000
v 0.32597792 -0.26624596 0.20162500
v 0.32745621 -0.26715565 0.20625000
v 0.32797390 -0.26648617 0.20625000
v 0.32848963 -0.26581520 0.20625000
v 0.32874677 -0.26547918 0.20625000
v 0.33077288 -0.26574692 0.21087500
v 0.33234578 -0.26663259 0.21550000
v 0.32323739 -0.26704106 0.19700000
v 0.32469225 -0.26792893 0.20162500
v 0.32349247 -0.26670232 0.19700000
v 0.32349247 -0.26670232 0.19700000
v 0.32495043 -0.26759312 0.20162500
v 0.32374698 -0.26636314 0.19700000
v 0.32349247 -0.26670232 0.19700000
v 0.32374698 -0.26636314 0.19700000
v 0.32520807 -0.26725692 0.20162500
v 0.32400090 -0.26602352 0.19700000
v 0.32374698 -0.26636314 0.19700000
v 0.32400090 -0.26602352 0.19700000
v 0.32546520 -0.26692033 0.20162500
v 0.32425424 -0.26568347 0.19700000
v 0.32400090 -0.26602352 0.19700000
v 0.32546520 -0.26692033 0.20162500
v 0.32572183 -0.26658335 0.20162500
v 0.32425424 -0.26568347 0.19700000
v 0.31922907 -0.28220466 0.21550000
v 0.31369641 -0.27895528 0.19700000
v 0.30468905 -0.28910249 0.19700000
v 0.29823786 -0.29584089 0.19700000
v 0.30953455 -0.29280543 0.21550000
v 0.29097053 -0.30296484 0.19700000
v 0.30008867 -0.30247885 0.21550000
v 0.28438368 -0.31728941 0.21550000
v 0.27832469 -0.31426540 0.19700000
v 0.27264071 -0.32743505 0.21550000
v 0.26699081 -0.32329455 0.19700000
v 0.26088014 -0.32774153 0.19700000
v 0.26864520 -0.33072105 0.21550000
v 0.27646181 -0.32421523 0.21550000
v 0.25906500 -0.33122355 0.20162500
v 0.29095855 -0.31127122 0.21550000
v 0.33255953 -0.26636598 0.21550000
v 0.33969924 -0.25709754 0.21550000
v 0.33129221 -0.26507968 0.21087500
v 0.33234578 -0.26663259 0.21550000
v 0.33255953 -0.26636598 0.21550000
v 0.33077288 -0.26574692 0.21087500
v 0.33203056 -0.26702499 0.21550000
v 0.33051258 -0.26608005 0.21087500
v 0.33203056 -0.26702499 0.21550000
v 0.33051258 -0.26608005 0.21087500
v 0.33176562 -0.26735413 0.21550000
v 0.33025187 -0.26641288 0.21087500
v 0.33176562 -0.26735413 0.21550000
v 0.33025187 -0.26641288 0.21087500
v 0.33150032 -0.26768300 0.21550000
v 0.33025187 -0.26641288 0.21087500
v 0.32999074 -0.26674539 0.21087500
v 0.33150032 -0.26768300 0.21550000
v 0.32999074 -0.26674539 0.21087500
v 0.32972920 -0.26707757 0.21087500
v 0.32530931 -0.27517360 0.21550000
v 0.32946727 -0.26740944 0.21087500
v 0.32920492 -0.26774099 0.21087500
v 0.32623345 -0.26590815 0.20162500
v 0.32920492 -0.26774099 0.21087500
v 0.32797390 -0.26648617 0.20625000
v 0.32946727 -0.26740944 0.21087500
v 0.32823202 -0.26615086 0.20625000
v 0.32972920 -0.26707757 0.21087500
v 0.32848963 -0.26581520 0.20625000
v 0.32999074 -0.26674539 0.21087500
v 0.32999074 -0.26674539 0.21087500
v 0.33025187 -0.26641288 0.21087500
v 0.32874677 -0.26547918 0.20625000
v 0.33845150 -0.24025396 0.23199999
v 0.33830675 -0.24550760 0.23100001
v 0.33025253 -0.25307742 0.23199999
v 0.34566677 -0.24784383 0.22800000
v 0.34024578 -0.24712178 0.23000000
v 0.34593272 -0.24738079 0.22800000
v 0.35594317 -0.22106984 0.21492308
v 0.35588777 -0.22373919 0.21550997
v 0.35647121 -0.22159579 0.21616559
v 0.34672976 -0.24596088 0.21550000
v 0.33415723 -0.25104895 0.19700000
v 0.34315282 -0.25198510 0.21550000
v 0.35697830 -0.21957068 0.22400001
v 0.35011780 -0.23928000 0.21550000
v 0.33897546 -0.24220805 0.19700000
v 0.34151083 -0.23665559 0.19700000
v 0.35397971 -0.22976831 0.21550000
v 0.34724566 -0.21934538 0.19700000
v 0.35407963 -0.22948155 0.21550000
v 0.35255376 -0.21667778 0.20665830
v 0.35253361 -0.21678932 0.20661832
v 0.35251307 -0.21690233 0.20658007
v 0.35397190 -0.21862485 0.21016835
v 0.35348755 -0.21802443 0.20897873
v 0.35249215 -0.21701671 0.20654364
v 0.35065028 -0.21428844 0.20192468
v 0.35445523 -0.21924761 0.21135035
v 0.35452661 -0.21891360 0.21150777
v 0.35545781 -0.22039546 0.21376400
v 0.35677949 -0.22038502 0.21721558
v 0.35594317 -0.22106984 0.21492308
v 0.35647121 -0.22159579 0.21616559
v 0.34942329 -0.20637159 0.20266978
v 0.35689768 -0.21990432 0.21799737
v 0.35697770 -0.21957317 0.21936777
v 0.34939083 -0.20692813 0.20078072
v 0.35545781 -0.22039546 0.21376400
v 0.35679451 -0.22032441 0.22620532
v 0.35676354 -0.22044919 0.22636364
v 0.35480946 -0.21718980 0.22684188
v 0.35619277 -0.21996310 0.22683203
v 0.35290846 -0.21376809 0.22734492
v 0.35619277 -0.21996310 0.22683203
v 0.35480946 -0.21718980 0.22684188
v 0.35671023 -0.22066234 0.22660160
v 0.35196057 -0.21207574 0.22767439
v 0.35290846 -0.21376809 0.22734492
v 0.35676354 -0.22044919 0.22636364
v 0.35594875 -0.22352330 0.22797145
v 0.35619277 -0.21996310 0.22683203
v 0.35671023 -0.22066234 0.22660160
v 0.35101330 -0.21040484 0.22805400
v 0.35468403 -0.21776365 0.22755760
v 0.35461164 -0.21810472 0.22786546
v 0.35562178 -0.21950381 0.22732073
v 0.35458100 -0.21824953 0.22797854
v 0.35357600 -0.21691482 0.22856610
v 0.35270277 -0.21491526 0.22868125
v 0.35468403 -0.21776365 0.22755760
v 0.35562178 -0.21950381 0.22732073
v 0.35585028 -0.22387111 0.22799675
v 0.34724519 -0.24501535 0.22800000
v 0.34368709 -0.24096994 0.23000000
v 0.35155615 -0.23603833 0.22800000
v 0.34166124 -0.23946570 0.23100001
v 0.34205419 -0.23869129 0.23100001
v 0.34407398 -0.24021575 0.23000000
v 0.34329164 -0.24172600 0.23000000
v 0.34288731 -0.24248445 0.23000000
v 0.34247372 -0.24324584 0.23000000
v 0.34183475 -0.24439493 0.23000000
v 0.33874813 -0.24476314 0.23100001
v 0.34642851 -0.24650335 0.22800000
v 0.34620363 -0.24690369 0.22800000
v 0.34071502 -0.24633476 0.23000000
v 0.34620363 -0.24690369 0.22800000
v 0.34048203 -0.24672736 0.23000000
v 0.34071502 -0.24633476 0.23000000
v 0.34672976 -0.24596088 0.22800000
v 0.34139553 -0.24516666 0.23000000
v 0.34724519 -0.24501535 0.22800000
v 0.34024578 -0.24712178 0.23000000
v 0.34593272 -0.24738079 0.22800000
v 0.34048203 -0.24672736 0.23000000
v 0.34620363 -0.24690369 0.22800000
v 0.34593272 -0.24738079 0.22800000
v 0.33875260 -0.24953382 0.23000000
v 0.34428743 -0.25016600 0.22800000
v 0.34399137 -0.25064817 0.22800000
v 0.33875260 -0.24953382 0.23000000
v 0.33901122 -0.24912564 0.23000000
v 0.34428743 -0.25016600 0.22800000
v 0.33901122 -0.24912564 0.23000000
v 0.34456068 -0.24971607 0.22800000
v 0.34428743 -0.25016600 0.22800000
v 0.33926573 -0.24872012 0.23000000
v 0.34456068 -0.24971607 0.22800000
v 0.33926573 -0.24872012 0.23000000
v 0.34486458 -0.24920996 0.22800000
v 0.34456068 -0.24971607 0.22800000
v 0.33951631 -0.24831714 0.23000000
v 0.34486458 -0.24920996 0.22800000
v 0.33951631 -0.24831714 0.23000000
v 0.34511912 -0.24878129 0.22800000
v 0.34486458 -0.24920996 0.22800000
v 0.33976308 -0.24791652 0.23000000
v 0.34511912 -0.24878129 0.22800000
v 0.33976308 -0.24791652 0.23000000
v 0.34566677 -0.24784383 0.22800000
v 0.34511912 -0.24878129 0.22800000
v 0.35196057 -0.21207574 0.22767439
v 0.35101330 -0.21040484 0.22805400
v 0.35270277 -0.21491526 0.22868125
v 0.35357600 -0.21691482 0.22856610
v 0.34898666 -0.20811062 0.23002179
v 0.35078391 -0.21188849 0.22964646
v 0.34913328 -0.20702969 0.22877340
v 0.35461164 -0.21810472 0.22786546
v 0.35458100 -0.21824953 0.22797854
v 0.34886926 -0.20891798 0.23064442
v 0.35078391 -0.21188849 0.22964646
v 0.35585028 -0.22387111 0.22799675
v 0.35392383 -0.22992754 0.22800000
v 0.35408366 -0.22946991 0.22800000
v 0.34822071 -0.21273923 0.23196597
v 0.35202134 -0.21838757 0.22998844
v 0.35202134 -0.21838757 0.22998844
v 0.34817648 -0.21297045 0.23198359
v 0.34822071 -0.21273923 0.23196597
v 0.34205419 -0.23869129 0.23100001
v 0.33881456 -0.23957331 0.23199999
v 0.33927989 -0.23868158 0.23199999
v 0.34166124 -0.23946570 0.23100001
v 0.33845150 -0.24025396 0.23199999
v 0.33881456 -0.23957331 0.23199999
v 0.34407398 -0.24021575 0.23000000
v 0.34085855 -0.24099916 0.23100001
v 0.34044859 -0.24175905 0.23100001
v 0.34003273 -0.24251494 0.23100001
v 0.33961087 -0.24326728 0.23100001
v 0.34139553 -0.24516666 0.23000000
v 0.33874813 -0.24476314 0.23100001
v 0.34724519 -0.24501535 0.22800000
v 0.33918276 -0.24401653 0.23100001
v 0.34183475 -0.24439493 0.23000000
v 0.34672976 -0.24596088 0.22800000
v 0.34094489 -0.24594384 0.23000000
v 0.34117168 -0.24555451 0.23000000
v 0.34117168 -0.24555451 0.23000000
v 0.33830675 -0.24550760 0.23100001
v 0.34566677 -0.24784383 0.22800000
v 0.34642851 -0.24650335 0.22800000
v 0.34094489 -0.24594384 0.23000000
v 0.34672976 -0.24596088 0.22800000
v 0.34642851 -0.24650335 0.22800000
v 0.34399137 -0.25064817 0.22800000
v 0.34034559 -0.25618431 0.22800000
v 0.34085855 -0.24099916 0.23100001
v 0.34368709 -0.24096994 0.23000000
v 0.34044859 -0.24175905 0.23100001
v 0.34329164 -0.24172600 0.23000000
v 0.34003273 -0.24251494 0.23100001
v 0.34288731 -0.24248445 0.23000000
v 0.33961087 -0.24326728 0.23100001
v 0.34247372 -0.24324584 0.23000000
v 0.33918276 -0.24401653 0.23100001
v 0.34441221 -0.22905472 0.19700000
v 0.34848151 -0.21354988 0.19700529
v 0.34887406 -0.21117672 0.19741994
v 0.35067391 -0.21414496 0.20196760
v 0.35067391 -0.21414496 0.20196760
v 0.34890181 -0.21099006 0.19748226
v 0.34887406 -0.21117672 0.19741994
v 0.34890181 -0.21099006 0.19748226
v 0.35249215 -0.21701671 0.20654364
v 0.35251307 -0.21690233 0.20658007
v 0.34890181 -0.21099006 0.19748226
v 0.34895617 -0.21061571 0.19762166
v 0.35255376 -0.21667778 0.20665830
v 0.35397190 -0.21862485 0.21016835
v 0.34897611 -0.21047519 0.19767922
v 0.34919995 -0.20875576 0.19866396
v 0.34895617 -0.21061571 0.19762166
v 0.35253361 -0.21678932 0.20661832
v 0.34897611 -0.21047519 0.19767922
v 0.35348755 -0.21802443 0.20897873
v 0.35445523 -0.21924761 0.21135035
v 0.35452661 -0.21891360 0.21150777
v 0.35697770 -0.21957317 0.21936777
v 0.33395830 -0.26461011 0.22800000
v 0.31975028 -0.26624194 0.23199999
v 0.32743505 -0.27264071 0.22800000
v 0.32071874 -0.28051051 0.22800000
v 0.30815119 -0.27958515 0.23199999
v 0.31029096 -0.29200372 0.22800000
v 0.29952422 -0.28880832 0.23199999
v 0.30310956 -0.29945159 0.22800000
v 0.28698471 -0.30127195 0.23199999
v 0.29388201 -0.30851260 0.22800000
v 0.28630459 -0.31555718 0.22800000
v 0.27770934 -0.30984277 0.23199999
v 0.27264071 -0.32743505 0.22800000
v 0.26234022 -0.32295915 0.23199999
v 0.20619765 0.34923804 0.22644897
v 0.20124421 0.34353742 0.22849937
v 0.20038451 0.34344897 0.22600000
v 0.20636523 0.34921750 0.22733411
v 0.20299909 0.34357828 0.23024264
v 0.20722255 0.34910801 0.22905165
v 0.20741521 0.34908238 0.22929919
v 0.20124421 0.34353742 0.22849937
v 0.20686175 0.34915501 0.22849962
v 0.20686175 0.34915501 0.22849962
v 0.20754674 0.34906465 0.22945429
v 0.20837055 0.34894958 0.23024279
v 0.20299909 0.34357828 0.23024264
v 0.20837055 0.34894958 0.23024279
v 0.21201266 0.34835604 0.23186888
v 0.20686425 0.34313741 0.23187922
v 0.21201266 0.34835604 0.23186888
v 0.21290128 0.34818983 0.23197904
v 0.20686425 0.34313741 0.23187922
v 0.20038451 0.34344897 0.20299999
v 0.20619138 0.34925583 0.21483015
v 0.20636247 0.34942693 0.20299999
v 0.20124421 0.34353742 0.20050064
v 0.20709044 0.34938344 0.20050050
v 0.20816125 0.34293643 0.19700161
v 0.21295738 0.34859237 0.19704665
v 0.20595635 0.34326920 0.19731990
v 0.21151100 0.34882912 0.19732116
v 0.21151100 0.34882912 0.19732116
v 0.21116452 0.34888184 0.19742538
v 0.20595635 0.34326920 0.19731990
v 0.20595635 0.34326920 0.19731990
v 0.21116452 0.34888184 0.19742538
v 0.20575932 0.34329683 0.19737646
v 0.21116452 0.34888184 0.19742538
v 0.21048050 0.34898147 0.19767919
v 0.20575932 0.34329683 0.19737646
v 0.20392615 0.34352452 0.19816224
v 0.20892005 0.34918660 0.19854723
v 0.20144805 0.34355175 0.20022678
v 0.20709044 0.34938344 0.20050050
v 0.20124421 0.34353742 0.20050064
v 0.20132506 0.34354341 0.20038819
v 0.20709044 0.34938344 0.20050050
v 0.20132506 0.34354341 0.20038819
v 0.20144805 0.34355175 0.20022678
v 0.20709044 0.34938344 0.20050050
v 0.22423321 0.34593779 0.19700000
v 0.21933463 0.34050643 0.19699332
v 0.22936504 0.33700573 0.19699332
v 0.34570453 0.22501798 0.19700000
v 0.33821812 0.22630455 0.19699332
v 0.34582934 0.22459859 0.19700000
v 0.34700906 0.22029743 0.19700000
v 0.34324285 0.23232293 0.19700000
v 0.34178716 0.21424413 0.19699332
v 0.21884631 0.34737083 0.19700000
v 0.34842685 0.21384767 0.19700000
v 0.34313738 0.20686422 0.19712079
v 0.23542628 0.34202516 0.19700000
v 0.33387271 0.23607601 0.19699332
v 0.23730516 0.33322486 0.19699332
v 0.33971238 0.24067402 0.19700000
v 0.24247535 0.33884609 0.19700000
v 0.33822846 0.24370474 0.19700000
v 0.24418567 0.32914561 0.19699332
v 0.24545859 0.33731994 0.19700000
v 0.24838203 0.33571607 0.19700000
v 0.32650018 0.24804796 0.19699332
v 0.33553976 0.24868631 0.19700000
v 0.25124937 0.33404073 0.19700000
v 0.25165465 0.33379599 0.19700000
v 0.33173800 0.25493753 0.19700000
v 0.25703001 0.33037466 0.19700000
v 0.25467363 0.32141772 0.19700000
v 0.32141772 0.25467363 0.19700000
v 0.30119553 0.29280224 0.19700000
v 0.28997242 0.28997242 0.19700000
v 0.29692754 0.28284633 0.19700000
v 0.27922049 0.30033970 0.19700000
v 0.28897110 0.30484217 0.19700000
v 0.28026414 0.31261861 0.19700000
v 0.32601050 0.26329046 0.19700000
v 0.32272553 0.26771727 0.19700000
v 0.31358579 0.27908576 0.19700000
v 0.30537477 0.27370471 0.19700000
v 0.31934443 0.27207106 0.19700000
v 0.29341948 0.30061734 0.19700000
v 0.32246876 0.26805472 0.19700000
v 0.27008241 0.32093138 0.19700000
v 0.26431093 0.31354067 0.19700000
v 0.34353745 0.20124422 0.20050064
v 0.34344897 0.20038451 0.20299999
v 0.34941766 0.20656978 0.20165317
v 0.34941959 0.20635511 0.20299999
v 0.34941462 0.20661791 0.20150465
v 0.34937724 0.20708415 0.20050043
v 0.34354344 0.20132506 0.20038821
v 0.34353745 0.20124422 0.20050064
v 0.34937724 0.20708415 0.20050043
v 0.34344897 0.20462714 0.19780385
v 0.34937724 0.20708415 0.20050043
v 0.34912628 0.20935471 0.19825457
v 0.34354344 0.20132506 0.20038821
v 0.34910661 0.20950849 0.19816214
v 0.34902218 0.21014394 0.19782697
v 0.34343058 0.20476861 0.19774020
v 0.34902218 0.21014394 0.19782697
v 0.34899190 0.21036282 0.19772741
v 0.34343058 0.20476861 0.19774020
v 0.34344897 0.20462714 0.19780385
v 0.34902218 0.21014394 0.19782697
v 0.34899190 0.21036282 0.19772741
v 0.34343058 0.20476861 0.19774020
v 0.34924063 0.20617618 0.22256455
v 0.34344897 0.20038451 0.22600000
v 0.34923962 0.20618464 0.22628266
v 0.34898666 0.20811065 0.23002182
v 0.34357831 0.20299911 0.23024264
v 0.34889278 0.20876016 0.23053655
v 0.34830862 0.21227054 0.23191069
v 0.34326917 0.20595634 0.23168011
v 0.34299549 0.20778964 0.23198362
v 0.34834185 0.21209003 0.23188233
v 0.34856176 0.21084440 0.23157468
v 0.34856176 0.21084440 0.23157468
v 0.34331873 0.20560132 0.23157457
v 0.34326917 0.20595634 0.23168011
v 0.34856176 0.21084440 0.23157468
v 0.34886771 0.20892839 0.23065133
v 0.34331873 0.20560132 0.23157457
v 0.34352994 0.20114988 0.22836074
v 0.34916201 0.20680699 0.22840172
v 0.34352994 0.20114988 0.22836074
v 0.34916201 0.20680699 0.22840172
v 0.34919953 0.20650999 0.22776370
v 0.22671027 0.34445494 0.23199999
v 0.22936504 0.33700573 0.23199999
v 0.21933463 0.34050643 0.23199999
v 0.34086630 0.21802527 0.23199999
v 0.33887607 0.22448942 0.23199999
v 0.34506762 0.22491828 0.23199999
v 0.34195176 0.23306003 0.23199999
v 0.33518088 0.23344535 0.23199999
v 0.23415413 0.34146658 0.23199999
v 0.33801463 0.24105634 0.23199999
v 0.33148381 0.24040531 0.23199999
v 0.24076401 0.33127227 0.23199999
v 0.24674669 0.33463332 0.23199999
v 0.33163050 0.25118923 0.23199999
v 0.32589000 0.24888676 0.23199999
v 0.26016515 0.32471386 0.23199999
v 0.25288746 0.32282493 0.23199999
v 0.31974432 0.25677145 0.23199999
v 0.32316238 0.26208985 0.23199999
v 0.31361580 0.27344128 0.23199999
v 0.30695924 0.27192652 0.23199999
v 0.29860219 0.28107783 0.23199999
v 0.30026928 0.28803360 0.23199999
v 0.28644592 0.29345655 0.23199999
v 0.28803360 0.30026928 0.23199999
v 0.27744764 0.30197817 0.23199999
v 0.28081676 0.30702925 0.23199999
v 0.26969537 0.31684288 0.23199999
v 0.26442626 0.31344339 0.23199999
v 0.23125432 0.35054985 0.21087500
v 0.23906772 0.35021600 0.21550000
v 0.23472705 0.35210133 0.21558800
v 0.21295738 0.34859237 0.19704665
v 0.25192070 0.34319374 0.22800000
v 0.25758478 0.33934900 0.22800000
v 0.24674669 0.33463332 0.23199999
v 0.24533375 0.34707296 0.22800000
v 0.23415413 0.34146658 0.23199999
v 0.23557207 0.35175231 0.22800000
v 0.22653717 0.35060689 0.22944872
v 0.23475368 0.35209045 0.22791767
v 0.21201266 0.34835604 0.23186888
v 0.23329754 0.35267231 0.22730792
v 0.23475368 0.35209045 0.22791767
v 0.23735328 0.35098830 0.22800000
v 0.23667872 0.35128221 0.22800000
v 0.23699008 0.35114723 0.22800000
v 0.23638642 0.35140783 0.22800000
v 0.23604965 0.35155126 0.22800000
v 0.22294714 0.35154560 0.22742991
v 0.21378750 0.35003793 0.22874509
v 0.21984522 0.35104832 0.22781099
v 0.22597463 0.35206625 0.22693972
v 0.22588839 0.35208875 0.22680189
v 0.22902215 0.35259539 0.22646850
v 0.22602004 0.35205451 0.22700696
v 0.20837055 0.34894958 0.23024279
v 0.20636523 0.34921750 0.22733411
v 0.23204437 0.35315302 0.22598118
v 0.22895728 0.35261610 0.22635448
v 0.23181057 0.35324070 0.22551452
v 0.23197348 0.35317966 0.22585501
v 0.22879095 0.35267210 0.22599837
v 0.22879095 0.35267210 0.22599837
v 0.23197348 0.35317966 0.22585501
v 0.23204437 0.35315302 0.22598118
v 0.22895728 0.35261610 0.22635448
v 0.23204437 0.35315302 0.22598118
v 0.23151231 0.35335159 0.22426003
v 0.22671027 0.34445494 0.23199999
v 0.24172893 0.34894368 0.22800000
v 0.20892005 0.34918660 0.19854723
v 0.22943763 0.35252744 0.21469976
v 0.23150569 0.35335404 0.21937141
v 0.23258896 0.35294637 0.21679173
v 0.22981001 0.35240358 0.21433066
v 0.22968304 0.35244593 0.21444680
v 0.23258896 0.35294637 0.21679173
v 0.22694859 0.35190541 0.21197364
v 0.22709092 0.35186383 0.21186550
v 0.22442529 0.35133106 0.20940474
v 0.22146758 0.35088411 0.20714208
v 0.22199538 0.35076386 0.20685947
v 0.22694859 0.35190541 0.21197364
v 0.22113037 0.35095954 0.20736031
v 0.22709092 0.35186383 0.21186550
v 0.22113037 0.35095954 0.20736031
v 0.22426659 0.35137185 0.20950584
v 0.22426659 0.35137185 0.20950584
v 0.22146758 0.35088411 0.20714208
v 0.22442529 0.35133106 0.20940474
v 0.22164080 0.35084495 0.20704195
v 0.22181679 0.35080484 0.20694773
v 0.21926883 0.35028449 0.20449583
v 0.21946549 0.35024393 0.20441525
v 0.21699928 0.34972879 0.20197944
v 0.21151100 0.34882912 0.19732116
v 0.22968304 0.35244593 0.21444680
v 0.22380802 0.35148847 0.20984554
v 0.22981001 0.35240358 0.21433066
v 0.22380802 0.35148847 0.20984554
v 0.21884631 0.34737083 0.19700000
v 0.22423321 0.34593779 0.19700000
v 0.24542789 0.34702176 0.21550000
v 0.23725924 0.34579307 0.20625000
v 0.25024354 0.34294063 0.21318750
v 0.25148067 0.34347221 0.21550000
v 0.25301060 0.33997855 0.21087500
v 0.25331911 0.33978119 0.21087500
v 0.25646460 0.34014857 0.21550000
v 0.25492877 0.33995569 0.21318750
v 0.25521758 0.33976084 0.21318750
v 0.25318527 0.34110498 0.21318750
v 0.25347707 0.34091586 0.21318750
v 0.25376838 0.34072575 0.21318750
v 0.25270146 0.34017485 0.21087500
v 0.25114715 0.34114033 0.21087500
v 0.25260028 0.34148028 0.21318750
v 0.25319239 0.34237292 0.21550000
v 0.25289300 0.34129313 0.21318750
v 0.24247535 0.33884609 0.19700000
v 0.25181490 0.34326097 0.21550000
v 0.25209090 0.34308526 0.21550000
v 0.25236669 0.34290859 0.21550000
v 0.25142509 0.34221873 0.21318750
v 0.25319239 0.34237292 0.21550000
v 0.25114715 0.34114033 0.21087500
v 0.25260028 0.34148028 0.21318750
v 0.25347707 0.34091586 0.21318750
v 0.24545859 0.33731994 0.19700000
v 0.25270146 0.34017485 0.21087500
v 0.25196195 0.33942240 0.20856249
v 0.25160226 0.33844918 0.20625000
v 0.25293997 0.33881113 0.20856249
v 0.25362706 0.33958280 0.21087500
v 0.25160226 0.33844918 0.20625000
v 0.25194556 0.33823887 0.20625000
v 0.25293997 0.33881113 0.20856249
v 0.25194556 0.33823887 0.20625000
v 0.25326458 0.33860520 0.20856249
v 0.25228807 0.33802736 0.20625000
v 0.25326458 0.33860520 0.20856249
v 0.25228807 0.33802736 0.20625000
v 0.25262979 0.33781475 0.20625000
v 0.25238749 0.33679119 0.20393750
v 0.25274441 0.33656937 0.20393750
v 0.25727329 0.33957332 0.21550000
v 0.25754187 0.33938000 0.21550000
v 0.25221214 0.33573970 0.20162500
v 0.25780997 0.33918586 0.21550000
v 0.25608084 0.33917090 0.21318750
v 0.25297070 0.33760098 0.20625000
v 0.25579363 0.33936843 0.21318750
v 0.25550589 0.33956510 0.21318750
v 0.25521758 0.33976084 0.21318750
v 0.25492877 0.33995569 0.21318750
v 0.25331911 0.33978119 0.21087500
v 0.25362706 0.33958280 0.21087500
v 0.25331911 0.33978119 0.21087500
v 0.25301060 0.33997855 0.21087500
v 0.25196195 0.33942240 0.20856249
v 0.25301060 0.33997855 0.21087500
v 0.25291744 0.34255242 0.21550000
v 0.25177059 0.34075737 0.21087500
v 0.25289300 0.34129313 0.21318750
v 0.25177059 0.34075737 0.21087500
v 0.25208145 0.34056428 0.21087500
v 0.25318527 0.34110498 0.21318750
v 0.25208145 0.34056428 0.21087500
v 0.25376838 0.34072575 0.21318750
v 0.25362706 0.33958280 0.21087500
v 0.25249091 0.33442092 0.19931249
v 0.26238978 0.33570561 0.21550000
v 0.25521758 0.33976084 0.21318750
v 0.25550589 0.33956510 0.21318750
v 0.25646460 0.34014857 0.21550000
v 0.25550589 0.33956510 0.21318750
v 0.25673464 0.33995762 0.21550000
v 0.25646460 0.34014857 0.21550000
v 0.25550589 0.33956510 0.21318750
v 0.25579363 0.33936843 0.21318750
v 0.25673464 0.33995762 0.21550000
v 0.25579363 0.33936843 0.21318750
v 0.25695482 0.33980110 0.21550000
v 0.25673464 0.33995762 0.21550000
v 0.25695482 0.33980110 0.21550000
v 0.25608084 0.33917090 0.21318750
v 0.25727329 0.33957332 0.21550000
v 0.25695482 0.33980110 0.21550000
v 0.25024354 0.34294063 0.21318750
v 0.25181490 0.34326097 0.21550000
v 0.25148067 0.34347221 0.21550000
v 0.25142509 0.34221873 0.21318750
v 0.25291744 0.34255242 0.21550000
v 0.25236669 0.34290859 0.21550000
v 0.20619138 0.34925583 0.21483015
v 0.20636247 0.34942693 0.20299999
v 0.20709044 0.34938344 0.20050050
v 0.22164080 0.35084495 0.20704195
v 0.21850987 0.35043713 0.20487945
v 0.21048050 0.34898147 0.19767919
v 0.21926883 0.35028449 0.20449583
v 0.21615405 0.34988442 0.20230567
v 0.21367726 0.34937337 0.19984421
v 0.21678412 0.34976920 0.20205136
v 0.21116452 0.34888184 0.19742538
v 0.22181679 0.35080484 0.20694773
v 0.21946549 0.35024393 0.20441525
v 0.21367726 0.34937337 0.19984421
v 0.21678412 0.34976920 0.20205136
v 0.21699928 0.34972879 0.20197944
v 0.21116452 0.34888184 0.19742538
v 0.21615405 0.34988442 0.20230567
v 0.22199538 0.35076386 0.20685947
v 0.22164080 0.35084495 0.20704195
v 0.22146758 0.35088411 0.20714208
v 0.21850987 0.35043713 0.20487945
v 0.23542628 0.34202516 0.19700000
v 0.24838203 0.33571607 0.19700000
v 0.25171387 0.33489689 0.19931249
v 0.25132388 0.33513299 0.19931249
v 0.25124937 0.33404073 0.19700000
v 0.25249091 0.33442092 0.19931249
v 0.25124937 0.33404073 0.19700000
v 0.25165465 0.33379599 0.19700000
v 0.25165465 0.33379599 0.19700000
v 0.25703001 0.33037466 0.19700000
v 0.25202972 0.33701184 0.20393750
v 0.25167108 0.33723131 0.20393750
v 0.25146416 0.33619627 0.20162500
v 0.25183862 0.33596858 0.20162500
v 0.25221214 0.33573970 0.20162500
v 0.25132388 0.33513299 0.19931249
v 0.25258473 0.33550957 0.20162500
v 0.25258473 0.33550957 0.20162500
v 0.25171387 0.33489689 0.19931249
v 0.25124937 0.33404073 0.19700000
v 0.25238749 0.33679119 0.20393750
v 0.25146416 0.33619627 0.20162500
v 0.25274441 0.33656937 0.20393750
v 0.25183862 0.33596858 0.20162500
v 0.26072204 0.33700249 0.22800000
v 0.26016515 0.32471386 0.23199999
v 0.21290128 0.34818983 0.23197904
v 0.20754674 0.34906465 0.22945429
v 0.20741521 0.34908238 0.22929919
v 0.21378750 0.35003793 0.22874509
v 0.20741521 0.34908238 0.22929919
v 0.20722255 0.34910801 0.22905165
v 0.21984522 0.35104832 0.22781099
v 0.22294714 0.35154560 0.22742991
v 0.22602004 0.35205451 0.22700696
v 0.20686175 0.34915501 0.22849962
v 0.22597463 0.35206625 0.22693972
v 0.21953672 0.35110825 0.22734500
v 0.20619765 0.34923804 0.22644897
v 0.22588839 0.35208875 0.22680189
v 0.22902215 0.35259539 0.22646850
v 0.20741521 0.34908238 0.22929919
v 0.20754674 0.34906465 0.22945429
v 0.21290128 0.34818983 0.23197904
v 0.22653717 0.35060689 0.22944872
v 0.21953672 0.35110825 0.22734500
v 0.25262979 0.33781475 0.20625000
v 0.25167108 0.33723131 0.20393750
v 0.25297070 0.33760098 0.20625000
v 0.25202972 0.33701184 0.20393750
v 0.32601050 0.26329046 0.19700000
v 0.33518454 0.26305509 0.21550000
v 0.33282349 0.26603603 0.21550000
v 0.33173800 0.25493753 0.19700000
v 0.32443357 0.26826435 0.20162500
v 0.32417437 0.26859936 0.20162500
v 0.32272553 0.26771727 0.19700000
v 0.32391468 0.26893401 0.20162500
v 0.32391468 0.26893401 0.20162500
v 0.32365447 0.26926824 0.20162500
v 0.32272553 0.26771727 0.19700000
v 0.32365447 0.26926824 0.20162500
v 0.32246876 0.26805472 0.19700000
v 0.32272553 0.26771727 0.19700000
v 0.32558203 0.27485088 0.21550000
v 0.31934443 0.27207106 0.19700000
v 0.32246876 0.26805472 0.19700000
v 0.32932869 0.27035028 0.21550000
v 0.32562971 0.26948762 0.20625000
v 0.32589200 0.26915553 0.20625000
v 0.32562971 0.26948762 0.20625000
v 0.32536697 0.26981935 0.20625000
v 0.32443357 0.26826435 0.20162500
v 0.32536697 0.26981935 0.20625000
v 0.32417437 0.26859936 0.20162500
v 0.32062438 0.28061837 0.21550000
v 0.31358579 0.27908576 0.19700000
v 0.32762241 0.26972371 0.21087500
v 0.32615384 0.26882312 0.20625000
v 0.31698024 0.28472826 0.21550000
v 0.30119553 0.29280224 0.19700000
v 0.28942877 0.31269416 0.21550000
v 0.28026414 0.31261861 0.19700000
v 0.28897110 0.30484217 0.19700000
v 0.29341948 0.30061734 0.19700000
v 0.29646805 0.30602837 0.21550000
v 0.27742514 0.32339135 0.21550000
v 0.27008241 0.32093138 0.19700000
v 0.26514620 0.32900754 0.20625000
v 0.26504472 0.33361349 0.21550000
v 0.33869165 0.25848550 0.21550000
v 0.32932869 0.27035028 0.21550000
v 0.32882959 0.27095714 0.21550000
v 0.32788715 0.26939404 0.21087500
v 0.32882959 0.27095714 0.21550000
v 0.32788715 0.26939404 0.21087500
v 0.32735729 0.27005309 0.21087500
v 0.32762241 0.26972371 0.21087500
v 0.32709175 0.27038214 0.21087500
v 0.32589200 0.26915553 0.20625000
v 0.32709175 0.27038214 0.21087500
v 0.32615384 0.26882312 0.20625000
v 0.32735729 0.27005309 0.21087500
v 0.30953455 0.29280543 0.21550000
v 0.34827110 0.22456932 0.20162500
v 0.34582934 0.22459859 0.19700000
v 0.34700906 0.22029743 0.19700000
v 0.35605073 0.22315824 0.22791763
v 0.35503581 0.22194487 0.22843945
v 0.33801463 0.24105634 0.23199999
v 0.34507868 0.24884968 0.22800000
v 0.34778547 0.24399951 0.22800000
v 0.35556424 0.21974958 0.22752205
v 0.35560766 0.21956402 0.22737285
v 0.34916201 0.20680699 0.22840172
v 0.34668288 0.24604575 0.21550000
v 0.33822846 0.24370474 0.19700000
v 0.34813964 0.24331917 0.21550000
v 0.34337828 0.25162971 0.21550000
v 0.33553976 0.24868631 0.19700000
v 0.33971238 0.24067402 0.19700000
v 0.35158682 0.23596592 0.21550000
v 0.35436991 0.22863282 0.21550000
v 0.34784707 0.22599195 0.20162500
v 0.35011625 0.22655936 0.20625000
v 0.34324285 0.23232293 0.19700000
v 0.35277802 0.22586982 0.21087500
v 0.35267359 0.22621635 0.21087500
v 0.35048917 0.22532354 0.20625000
v 0.35061121 0.22490573 0.20625000
v 0.35256791 0.22656216 0.21087500
v 0.35061121 0.22490573 0.20625000
v 0.35256791 0.22656216 0.21087500
v 0.35073209 0.22448473 0.20625000
v 0.35267359 0.22621635 0.21087500
v 0.35073209 0.22448473 0.20625000
v 0.35085183 0.22406037 0.20625000
v 0.35277802 0.22586982 0.21087500
v 0.35085183 0.22406037 0.20625000
v 0.35288119 0.22552247 0.21087500
v 0.35197678 0.22440329 0.20856249
v 0.35288119 0.22552247 0.21087500
v 0.35308379 0.22482473 0.21087500
v 0.35435113 0.22471285 0.21318750
v 0.35328141 0.22412182 0.21087500
v 0.35435113 0.22471285 0.21318750
v 0.35347390 0.22341242 0.21087500
v 0.35443839 0.22440477 0.21318750
v 0.35347390 0.22341242 0.21087500
v 0.35555711 0.22488058 0.21550000
v 0.35443839 0.22440477 0.21318750
v 0.35460919 0.22378774 0.21318750
v 0.35555711 0.22488058 0.21550000
v 0.34842685 0.21384767 0.19700000
v 0.35465112 0.22363319 0.21318750
v 0.35465112 0.22363319 0.21318750
v 0.35477507 0.22316855 0.21318750
v 0.35586369 0.22382404 0.21550524
v 0.35393247 0.22159865 0.21087500
v 0.35460919 0.22378774 0.21318750
v 0.35024172 0.22615020 0.20625000
v 0.35246095 0.22690731 0.21087500
v 0.35653442 0.22135246 0.21631958
v 0.35586369 0.22382404 0.21550524
v 0.34899190 0.21036282 0.19772741
v 0.35271984 0.21574159 0.20708823
v 0.35515684 0.21892560 0.21307908
v 0.35369980 0.21692829 0.20953183
v 0.35653442 0.22135246 0.21631958
v 0.35515684 0.21892560 0.21307908
v 0.35472324 0.21800484 0.21208057
v 0.35369980 0.21692829 0.20953183
v 0.35683674 0.22015335 0.21754199
v 0.35694411 0.21971269 0.21850945
v 0.35317582 0.21317807 0.20996465
v 0.35694411 0.21971269 0.21850945
v 0.35318848 0.21308833 0.21027488
v 0.35695270 0.21967706 0.21864101
v 0.35318848 0.21308833 0.21027488
v 0.35697830 0.21957068 0.21950001
v 0.35695270 0.21967706 0.21864101
v 0.35197678 0.22440329 0.20856249
v 0.35328141 0.22412182 0.21087500
v 0.35308379 0.22482473 0.21087500
v 0.35477507 0.22316855 0.21318750
v 0.35393247 0.22159865 0.21087500
v 0.35685948 0.22006077 0.22580548
v 0.35697830 0.21957068 0.22400001
v 0.35487112 0.21692801 0.22635736
v 0.35673559 0.22056118 0.22649318
v 0.35681826 0.22022840 0.22607155
v 0.35390732 0.21524484 0.22660540
v 0.35673559 0.22056118 0.22649318
v 0.35487112 0.21692801 0.22635736
v 0.35202485 0.21170563 0.22685201
v 0.35200030 0.21184246 0.22721168
v 0.35567641 0.21927172 0.22710034
v 0.35621828 0.21985963 0.22671954
v 0.35013536 0.20826252 0.22750254
v 0.35673559 0.22056118 0.22649318
v 0.35621828 0.21985963 0.22671954
v 0.35567641 0.21927172 0.22710034
v 0.35560766 0.21956402 0.22737285
v 0.35556424 0.21974958 0.22752205
v 0.35459644 0.21817657 0.22792274
v 0.35259727 0.21549857 0.22909328
v 0.35263380 0.21529830 0.22896440
v 0.35360968 0.21674162 0.22844614
v 0.35587788 0.22377403 0.22799222
v 0.35503581 0.22194487 0.22843945
v 0.35214409 0.21781336 0.22992802
v 0.35605073 0.22315824 0.22791763
v 0.35330844 0.23162916 0.22800000
v 0.34195176 0.23306003 0.23199999
v 0.34969637 0.24017751 0.22800000
v 0.35487112 0.21692801 0.22635736
v 0.35681826 0.22022840 0.22607155
v 0.35200030 0.21184246 0.22721168
v 0.35202485 0.21170563 0.22685201
v 0.35013536 0.20826252 0.22750254
v 0.34898666 0.20811065 0.23002182
v 0.35259727 0.21549857 0.22909328
v 0.35263380 0.21529830 0.22896440
v 0.34889278 0.20876016 0.23053655
v 0.34834185 0.21209003 0.23188233
v 0.34830862 0.21227054 0.23191069
v 0.35214409 0.21781336 0.22992802
v 0.34834185 0.21209003 0.23188233
v 0.34830862 0.21227054 0.23191069
v 0.34834185 0.21209003 0.23188233
v 0.35390732 0.21524484 0.22660540
v 0.34919953 0.20650999 0.22776370
v 0.35459644 0.21817657 0.22792274
v 0.35360968 0.21674162 0.22844614
v 0.34506762 0.22491828 0.23199999
v 0.34095958 0.25529927 0.22800000
v 0.33163050 0.25118923 0.23199999
v 0.33768904 0.25982603 0.22800000
v 0.34570453 0.22501798 0.19700000
v 0.34570453 0.22501798 0.19700000
v 0.34582934 0.22459859 0.19700000
v 0.34784707 0.22599195 0.20162500
v 0.34582934 0.22459859 0.19700000
v 0.34813076 0.22504848 0.20162500
v 0.35011625 0.22655936 0.20625000
v 0.35048917 0.22532354 0.20625000
v 0.35246095 0.22690731 0.21087500
v 0.34827110 0.22456932 0.20162500
v 0.35024172 0.22615020 0.20625000
v 0.34813076 0.22504848 0.20162500
v 0.35093081 0.21248676 0.20271005
v 0.35091415 0.21259965 0.20264317
v 0.34912628 0.20935471 0.19825457
v 0.35091415 0.21259965 0.20264317
v 0.34910661 0.20950849 0.19816214
v 0.34902218 0.21014394 0.19782697
v 0.35093081 0.21248676 0.20271005
v 0.35271984 0.21574159 0.20708823
v 0.35091415 0.21259965 0.20264317
v 0.35093081 0.21248676 0.20271005
v 0.35091415 0.21259965 0.20264317
v 0.35694411 0.21971269 0.21850945
v 0.34941766 0.20656978 0.20165317
v 0.35317582 0.21317807 0.20996465
v 0.34941462 0.20661791 0.20150465
v 0.35093081 0.21248676 0.20271005
v 0.32316238 0.26208985 0.23199999
v 0.27230221 0.32771659 0.22800000
v 0.26969537 0.31684288 0.23199999
v 0.28380948 0.31780314 0.22800000
v 0.28081676 0.30702925 0.23199999
v 0.28942877 0.31269416 0.22800000
v 0.28803360 0.30026928 0.23199999
v 0.30217984 0.30038977 0.22800000
v 0.30026928 0.28803360 0.23199999
v 0.30748585 0.29495612 0.22800000
v 0.31780314 0.28380948 0.22800000
v 0.31361580 0.27344128 0.23199999
v 0.32609293 0.27424452 0.22800000
v 0.33251792 0.26641789 0.22800000
v -0.20038451 0.34344897 0.22600000
v -0.20144805 0.34355175 0.22877322
v -0.20617683 0.34924057 0.22607774
v -0.20702951 0.34913331 0.22877356
v -0.20144805 0.34355175 0.22877322
v -0.20392615 0.34352452 0.23083776
v -0.20702951 0.34913331 0.22877356
v -0.20786397 0.34902117 0.22979075
v -0.20811030 0.34898669 0.23002185
v -0.21118967 0.34850243 0.23168005
v -0.20613594 0.34324372 0.23172741
v -0.20613594 0.34324372 0.23172741
v -0.20631650 0.34321779 0.23177095
v -0.21118967 0.34850243 0.23168005
v -0.20631650 0.34321779 0.23177095
v -0.21278197 0.34821263 0.23196976
v -0.21118967 0.34850243 0.23168005
v -0.20038451 0.34344897 0.20299999
v -0.20618239 0.34924686 0.21617286
v -0.20636247 0.34942693 0.20299999
v -0.20508094 0.34338936 0.19761053
v -0.20864090 0.34921998 0.19875726
v -0.21054615 0.34897214 0.19765191
v -0.20321468 0.34357044 0.19860505
v -0.20693448 0.34939712 0.20078079
v -0.20105943 0.34352225 0.20078094
v -0.20693448 0.34939712 0.20078079
v -0.20105943 0.34352225 0.20078094
v -0.20525251 0.34336632 0.19754535
v -0.20508094 0.34338936 0.19761053
v -0.21054615 0.34897214 0.19765191
v -0.21332225 0.34852827 0.19701642
v -0.20525251 0.34336632 0.19754535
v -0.21065944 0.34895596 0.19760634
v -0.20525251 0.34336632 0.19754535
v -0.21054615 0.34897214 0.19765191
v -0.21065944 0.34895596 0.19760634
v -0.20797516 0.34296617 0.19700707
v -0.22291480 0.34631515 0.19700000
v -0.22936504 0.33700573 0.19699332
v -0.21933463 0.34050643 0.19699332
v -0.23526028 0.34209314 0.19700000
v -0.34506437 0.22708170 0.19700000
v -0.34694505 0.22054893 0.19700000
v -0.33821812 0.22630455 0.19699332
v -0.34178716 0.21424413 0.19699332
v -0.34797370 0.21613783 0.19700000
v -0.34219575 0.23500499 0.19700000
v -0.33387271 0.23607601 0.19699332
v -0.23730516 0.33322486 0.19699332
v -0.24414146 0.33800745 0.19700000
v -0.33934516 0.24144588 0.19700000
v -0.24418567 0.32914561 0.19699332
v -0.24461241 0.33776411 0.19700000
v -0.25246218 0.33330265 0.19700000
v -0.32650018 0.24804796 0.19699332
v -0.33395788 0.25138038 0.19700000
v -0.25467363 0.32141772 0.19700000
v -0.33222064 0.25418341 0.19700000
v -0.33173800 0.25493753 0.19700000
v -0.32141772 0.25467363 0.19700000
v -0.26081985 0.32778382 0.19700000
v -0.26431093 0.31354067 0.19700000
v -0.26705074 0.32324946 0.19700000
v -0.27208444 0.31936130 0.19700000
v -0.27732146 0.31510541 0.19700000
v -0.28997242 0.28997242 0.19700000
v -0.29463398 0.29943326 0.19700000
v -0.30001748 0.29402256 0.19700000
v -0.30776966 0.28573543 0.19700000
v -0.30033970 0.27922049 0.19700000
v -0.31533250 0.27700680 0.19700000
v -0.32272553 0.26771727 0.19700000
v -0.27370471 0.30537477 0.19700000
v -0.28769103 0.30602580 0.19700000
v -0.32822075 0.26017928 0.19700000
v -0.34344897 0.20038451 0.20299999
v -0.34354344 0.20132506 0.20038821
v -0.34941959 0.20635511 0.20299999
v -0.34940210 0.20679003 0.20106696
v -0.34939542 0.20687298 0.20088992
v -0.34937665 0.20709081 0.20048928
v -0.34354344 0.20132506 0.20038821
v -0.34355178 0.20144807 0.20022678
v -0.34937665 0.20709081 0.20048928
v -0.34355178 0.20144807 0.20022678
v -0.34937122 0.20715074 0.20039134
v -0.34937665 0.20709081 0.20048928
v -0.34355178 0.20144807 0.20022678
v -0.34905452 0.20990515 0.19794457
v -0.34937122 0.20715074 0.20039134
v -0.34352452 0.20392616 0.19816224
v -0.34882331 0.21151057 0.19731990
v -0.34326917 0.20595630 0.19731991
v -0.34326917 0.20595630 0.19731991
v -0.34882331 0.21151057 0.19731990
v -0.34344897 0.20038451 0.22600000
v -0.34923962 0.20618464 0.22628266
v -0.34356657 0.20329992 0.23045269
v -0.34877551 0.20953141 0.23101184
v -0.34850249 0.21118963 0.23168026
v -0.34907034 0.20750430 0.22940470
v -0.34354344 0.20132506 0.22861178
v -0.34914669 0.20692629 0.22860888
v -0.34914669 0.20692629 0.22860888
v -0.34354344 0.20132506 0.22861178
v -0.34920517 0.20646469 0.22764213
v -0.34326917 0.20595634 0.23168011
v -0.34324366 0.20613608 0.23172745
v -0.34326917 0.20595634 0.23168011
v -0.34850249 0.21118963 0.23168026
v -0.34324366 0.20613608 0.23172745
v -0.34850249 0.21118963 0.23168026
v -0.34831223 0.21225105 0.23190781
v -0.34828770 0.21238333 0.23192640
v -0.34134632 0.21614327 0.23199999
v -0.21463244 0.34170055 0.23199999
v -0.22936504 0.33700573 0.23199999
v -0.22765122 0.34411690 0.23199999
v -0.33887607 0.22448942 0.23199999
v -0.34648982 0.22021268 0.23199999
v -0.34340885 0.22952902 0.23199999
v -0.22005984 0.34653142 0.23199999
v -0.23783295 0.33971205 0.23199999
v -0.33518088 0.23344535 0.23199999
v -0.34010500 0.23704267 0.23199999
v -0.23990294 0.33177653 0.23199999
v -0.33148381 0.24040531 0.23199999
v -0.24515986 0.33562729 0.23199999
v -0.33500150 0.24616615 0.23199999
v -0.32589000 0.24888676 0.23199999
v -0.25677145 0.31974432 0.23199999
v -0.31974432 0.25677145 0.23199999
v -0.32625389 0.25823128 0.23199999
v -0.25628832 0.32778239 0.23199999
v -0.26780811 0.31843966 0.23199999
v -0.26442626 0.31344339 0.23199999
v -0.28081676 0.30702925 0.23199999
v -0.27744764 0.30197817 0.23199999
v -0.28644592 0.29345655 0.23199999
v -0.28803360 0.30026928 0.23199999
v -0.30026928 0.28803360 0.23199999
v -0.29860219 0.28107783 0.23199999
v -0.30702925 0.28081676 0.23199999
v -0.30695924 0.27192652 0.23199999
v -0.31684288 0.26969537 0.23199999
v -0.25148067 0.34347221 0.22800000
v -0.23783295 0.33971205 0.23199999
v -0.24515986 0.33562729 0.23199999
v -0.25655210 0.34008682 0.22800000
v -0.23197044 0.35160738 0.22842206
v -0.23541190 0.35181913 0.22799711
v -0.23462926 0.35214117 0.22789010
v -0.22373766 0.35013723 0.22994810
v -0.24115796 0.34922430 0.22800000
v -0.22005984 0.34653142 0.23199999
v -0.21278197 0.34821263 0.23196976
v -0.23197044 0.35160738 0.22842206
v -0.23462926 0.35214117 0.22789010
v -0.22373766 0.35013723 0.22994810
v -0.21118967 0.34850243 0.23168005
v -0.23283607 0.35285148 0.22694959
v -0.22027490 0.35096416 0.22829925
v -0.21425678 0.34996185 0.22922209
v -0.22632001 0.35197759 0.22738524
v -0.22019999 0.35097903 0.22822344
v -0.22632001 0.35197759 0.22738524
v -0.22621524 0.35200444 0.22726402
v -0.20702951 0.34913331 0.22877356
v -0.22621524 0.35200444 0.22726402
v -0.22924271 0.35252693 0.22679412
v -0.22916506 0.35255083 0.22668846
v -0.23223566 0.35308084 0.22627710
v -0.23223566 0.35308084 0.22627710
v -0.22916506 0.35255083 0.22668846
v -0.23215094 0.35311288 0.22615297
v -0.23204437 0.35315302 0.22598118
v -0.20617683 0.34924057 0.22607774
v -0.23154135 0.35334083 0.22453988
v -0.22765122 0.34411690 0.23199999
v -0.24533375 0.34707296 0.22800000
v -0.23150569 0.35335404 0.21937141
v -0.23225278 0.35307437 0.21719787
v -0.20693448 0.34939712 0.20078079
v -0.21301657 0.34947869 0.20013084
v -0.23232977 0.35304517 0.21709514
v -0.23465402 0.35213107 0.21560420
v -0.22640921 0.35206154 0.21247123
v -0.23232977 0.35304517 0.21709514
v -0.22366180 0.35152531 0.20997140
v -0.22667241 0.35198563 0.21220909
v -0.22366180 0.35152531 0.20997140
v -0.22113037 0.35095954 0.20736031
v -0.21815009 0.35050741 0.20510773
v -0.21815009 0.35050741 0.20510773
v -0.22667241 0.35198563 0.21220909
v -0.21555217 0.34999019 0.20261680
v -0.23638642 0.35140783 0.21550000
v -0.21332225 0.34852827 0.19701642
v -0.23879385 0.35034183 0.21550000
v -0.22291480 0.34631515 0.19700000
v -0.24044120 0.34957063 0.21550000
v -0.23203389 0.34665480 0.20393750
v -0.24348292 0.34805501 0.21550000
v -0.24170448 0.34756929 0.21318750
v -0.23660912 0.34489420 0.20393750
v -0.24200618 0.34742284 0.21318750
v -0.24389929 0.34783807 0.21550000
v -0.24230781 0.34727520 0.21318750
v -0.24417701 0.34769210 0.21550000
v -0.24200618 0.34742284 0.21318750
v -0.24389929 0.34783807 0.21550000
v -0.24417701 0.34769210 0.21550000
v -0.24276012 0.34705153 0.21318750
v -0.24445483 0.34754503 0.21550000
v -0.24230781 0.34727520 0.21318750
v -0.24417701 0.34769210 0.21550000
v -0.24445483 0.34754503 0.21550000
v -0.24306156 0.34690094 0.21318750
v -0.24528883 0.34709734 0.21550000
v -0.24306156 0.34690094 0.21318750
v -0.24487175 0.34732240 0.21550000
v -0.24487175 0.34732240 0.21550000
v -0.24276012 0.34705153 0.21318750
v -0.24445483 0.34754503 0.21550000
v -0.24487175 0.34732240 0.21550000
v -0.24556695 0.34694594 0.21550000
v -0.24528883 0.34709734 0.21550000
v -0.24486771 0.34597266 0.21318750
v -0.24416216 0.34504974 0.21087500
v -0.24456702 0.34613031 0.21318750
v -0.24584512 0.34679347 0.21550000
v -0.24426618 0.34628677 0.21318750
v -0.24396521 0.34644207 0.21318750
v -0.24516824 0.34581384 0.21318750
v -0.24709718 0.34609407 0.21550000
v -0.24723628 0.34601504 0.21550000
v -0.24709718 0.34609407 0.21550000
v -0.24516824 0.34581384 0.21318750
v -0.24681893 0.34625137 0.21550000
v -0.24681893 0.34625137 0.21550000
v -0.24486771 0.34597266 0.21318750
v -0.24640156 0.34648532 0.21550000
v -0.24681893 0.34625137 0.21550000
v -0.24640156 0.34648532 0.21550000
v -0.24456702 0.34613031 0.21318750
v -0.24612334 0.34663993 0.21550000
v -0.24612334 0.34663993 0.21550000
v -0.24426618 0.34628677 0.21318750
v -0.24584512 0.34679347 0.21550000
v -0.24612334 0.34663993 0.21550000
v -0.24681793 0.34491980 0.21318750
v -0.24480541 0.34471822 0.21087500
v -0.24793176 0.34561586 0.21550000
v -0.24480541 0.34471822 0.21087500
v -0.24606879 0.34533048 0.21318750
v -0.24793176 0.34561586 0.21550000
v -0.24711721 0.34475353 0.21318750
v -0.24681793 0.34491980 0.21318750
v -0.24932159 0.34479779 0.21550000
v -0.24771507 0.34441760 0.21318750
v -0.24741626 0.34458613 0.21318750
v -0.25024354 0.34294063 0.21318750
v -0.24799882 0.34298781 0.21087500
v -0.25239983 0.34288731 0.21550000
v -0.24768135 0.34316623 0.21087500
v -0.24801362 0.34424797 0.21318750
v -0.24723628 0.34601504 0.21550000
v -0.24416216 0.34504974 0.21087500
v -0.25171950 0.34203565 0.21318750
v -0.25142509 0.34221873 0.21318750
v -0.25264221 0.34273100 0.21550000
v -0.25142509 0.34221873 0.21318750
v -0.25239983 0.34288731 0.21550000
v -0.25264221 0.34273100 0.21550000
v -0.25083506 0.34258178 0.21318750
v -0.25239983 0.34288731 0.21550000
v -0.25160226 0.33844918 0.20625000
v -0.25565183 0.34071642 0.21550000
v -0.24240652 0.34347177 0.20625000
v -0.24640715 0.34386802 0.21087500
v -0.24596806 0.34286791 0.20856249
v -0.24630630 0.34268698 0.20856249
v -0.24664398 0.34250474 0.20856249
v -0.24799882 0.34298781 0.21087500
v -0.24635838 0.34145552 0.20625000
v -0.24831584 0.34280825 0.21087500
v -0.24831584 0.34280825 0.21087500
v -0.24765344 0.34195054 0.20856249
v -0.24635838 0.34145552 0.20625000
v -0.24765344 0.34195054 0.20856249
v -0.24581172 0.34056792 0.20393750
v -0.24706754 0.34107140 0.20625000
v -0.24581172 0.34056792 0.20393750
v -0.24611907 0.33924460 0.20162500
v -0.24606879 0.34533048 0.21318750
v -0.24711721 0.34475353 0.21318750
v -0.24741626 0.34458613 0.21318750
v -0.24771507 0.34441760 0.21318750
v -0.24801362 0.34424797 0.21318750
v -0.24736343 0.34334347 0.21087500
v -0.24736343 0.34334347 0.21087500
v -0.24630630 0.34268698 0.20856249
v -0.24768135 0.34316623 0.21087500
v -0.24664398 0.34250474 0.20856249
v -0.24894848 0.34244558 0.21087500
v -0.25053948 0.34276173 0.21318750
v -0.24957922 0.34207830 0.21087500
v -0.24640715 0.34386802 0.21087500
v -0.24596806 0.34286791 0.20856249
v -0.24831584 0.34280825 0.21087500
v -0.24894848 0.34244558 0.21087500
v -0.25024354 0.34294063 0.21318750
v -0.25053948 0.34276173 0.21318750
v -0.25083506 0.34258178 0.21318750
v -0.24957922 0.34207830 0.21087500
v -0.26050416 0.33717066 0.21550000
v -0.24362168 0.34798297 0.21550000
v -0.20864090 0.34921998 0.19875726
v -0.21555217 0.34999019 0.20261680
v -0.21301657 0.34947869 0.20013084
v -0.21054615 0.34897214 0.19765191
v -0.21054615 0.34897214 0.19765191
v -0.21065944 0.34895596 0.19760634
v -0.20636247 0.34942693 0.20299999
v -0.23526028 0.34209314 0.19700000
v -0.22113037 0.35095954 0.20736031
v -0.24494019 0.33872321 0.19931249
v -0.24534743 0.33850989 0.19931249
v -0.24414146 0.33800745 0.19700000
v -0.24534743 0.33850989 0.19931249
v -0.24461241 0.33776411 0.19700000
v -0.24414146 0.33800745 0.19700000
v -0.24534743 0.33850989 0.19931249
v -0.24461241 0.33776411 0.19700000
v -0.25246218 0.33330265 0.19700000
v -0.24655659 0.34016973 0.20393750
v -0.24494019 0.33872321 0.19931249
v -0.24533948 0.33965749 0.20162500
v -0.24655659 0.34016973 0.20393750
v -0.24494019 0.33872321 0.19931249
v -0.24414146 0.33800745 0.19700000
v -0.24611907 0.33924460 0.20162500
v -0.24534743 0.33850989 0.19931249
v -0.24494019 0.33872321 0.19931249
v -0.24389929 0.34783807 0.21550000
v -0.24170448 0.34756929 0.21318750
v -0.24362168 0.34798297 0.21550000
v -0.25628832 0.32778239 0.23199999
v -0.26244786 0.33566022 0.22800000
v -0.21278197 0.34821263 0.23196976
v -0.21425678 0.34996185 0.22922209
v -0.20786397 0.34902117 0.22979075
v -0.20811030 0.34898669 0.23002185
v -0.22019999 0.35097903 0.22822344
v -0.20786397 0.34902117 0.22979075
v -0.22924271 0.35252693 0.22679412
v -0.20811030 0.34898669 0.23002185
v -0.20786397 0.34902117 0.22979075
v -0.22027490 0.35096416 0.22829925
v -0.20618239 0.34924686 0.21617286
v -0.24706754 0.34107140 0.20625000
v -0.24533948 0.33965749 0.20162500
v -0.33173800 0.25493753 0.19700000
v -0.33622536 0.26172346 0.21550000
v -0.33245876 0.25557899 0.19931249
v -0.32822075 0.26017928 0.19700000
v -0.32925954 0.26480600 0.20625000
v -0.32272553 0.26771727 0.19700000
v -0.30776966 0.28573543 0.19700000
v -0.31698024 0.28472826 0.21550000
v -0.31533250 0.27700680 0.19700000
v -0.29219097 0.31011465 0.21550000
v -0.29463398 0.29943326 0.19700000
v -0.28769103 0.30602580 0.19700000
v -0.28569269 0.31611130 0.21550000
v -0.26705074 0.32324946 0.19700000
v -0.27290884 0.32721159 0.21550000
v -0.27208444 0.31936130 0.19700000
v -0.26081985 0.32778382 0.19700000
v -0.26570588 0.33308715 0.21550000
v -0.26278016 0.33078888 0.20625000
v -0.30247885 0.30008867 0.21550000
v -0.27732146 0.31510541 0.19700000
v -0.27838597 0.32256457 0.21550000
v -0.32932869 0.27035028 0.21550000
v -0.32281116 0.27810001 0.21550000
v -0.30923289 0.29312399 0.21550000
v -0.30001748 0.29402256 0.19700000
v -0.33269778 0.25522134 0.19931249
v -0.33688572 0.25424543 0.20625000
v -0.33567548 0.25427744 0.20393750
v -0.33968458 0.25711805 0.21550000
v -0.33539277 0.25470057 0.20393750
v -0.33399078 0.25503129 0.20162500
v -0.33943284 0.25400960 0.21087500
v -0.33909589 0.25451261 0.21087500
v -0.34008282 0.25302207 0.21087500
v -0.34176314 0.25411379 0.21550000
v -0.34219071 0.25346982 0.21550000
v -0.34008282 0.25302207 0.21087500
v -0.33976167 0.25351283 0.21087500
v -0.34176314 0.25411379 0.21550000
v -0.33976167 0.25351283 0.21087500
v -0.34158060 0.25438589 0.21550000
v -0.33943284 0.25400960 0.21087500
v -0.34158060 0.25438589 0.21550000
v -0.35129836 0.23664148 0.21550000
v -0.34219575 0.23500499 0.19700000
v -0.34932026 0.24096064 0.21550000
v -0.33934516 0.24144588 0.19700000
v -0.34668288 0.24604575 0.21550000
v -0.35377496 0.23034774 0.21550000
v -0.35588777 0.22373919 0.21550997
v -0.34506437 0.22708170 0.19700000
v -0.34694505 0.22054893 0.19700000
v -0.34797370 0.21613783 0.19700000
v -0.34905452 0.20990515 0.19794457
v -0.34882331 0.21151057 0.19731990
v -0.35646477 0.22162050 0.21615107
v -0.35682404 0.22020495 0.21746305
v -0.34937122 0.20715074 0.20039134
v -0.34940210 0.20679003 0.20106696
v -0.35314146 0.21339326 0.20943458
v -0.35691884 0.21981710 0.21820261
v -0.35687792 0.21998532 0.22566754
v -0.35697830 0.21957068 0.22400001
v -0.35392460 0.21516998 0.22641423
v -0.35441038 0.21599790 0.22624670
v -0.35680717 0.22027333 0.22613557
v -0.35661665 0.22103207 0.22694141
v -0.35201716 0.21174750 0.22697289
v -0.35390732 0.21524484 0.22660540
v -0.34914669 0.20692629 0.22860888
v -0.35554942 0.21981296 0.22756939
v -0.35653594 0.22134656 0.22717601
v -0.35644209 0.22170721 0.22739816
v -0.34907034 0.20750430 0.22940470
v -0.35261568 0.21539776 0.22902991
v -0.35450044 0.21862940 0.22823544
v -0.35257852 0.21560064 0.22915451
v -0.35255945 0.21570390 0.22921358
v -0.35601851 0.22327408 0.22793776
v -0.35653594 0.22134656 0.22717601
v -0.35644209 0.22170721 0.22739816
v -0.35554942 0.21981296 0.22756939
v -0.35309526 0.21924084 0.22943887
v -0.35601851 0.22327408 0.22793776
v -0.35587788 0.22377403 0.22799222
v -0.34340885 0.22952902 0.23199999
v -0.35371965 0.23050240 0.22800000
v -0.35135406 0.23651202 0.22800000
v -0.34615877 0.24698305 0.22800000
v -0.34010500 0.23704267 0.23199999
v -0.33500150 0.24616615 0.23199999
v -0.34337828 0.25162971 0.22800000
v -0.33908072 0.25795454 0.22800000
v -0.35680717 0.22027333 0.22613557
v -0.35441038 0.21599790 0.22624670
v -0.35201716 0.21174750 0.22697289
v -0.35257852 0.21560064 0.22915451
v -0.35255945 0.21570390 0.22921358
v -0.34831223 0.21225105 0.23190781
v -0.34828770 0.21238333 0.23192640
v -0.34831223 0.21225105 0.23190781
v -0.35587788 0.22377403 0.22799222
v -0.35309526 0.21924084 0.22943887
v -0.34831223 0.21225105 0.23190781
v -0.35261568 0.21539776 0.22902991
v -0.35450044 0.21862940 0.22823544
v -0.35390732 0.21524484 0.22660540
v -0.35392460 0.21516998 0.22641423
v -0.34920517 0.20646469 0.22764213
v -0.34877551 0.20953141 0.23101184
v -0.34648982 0.22021268 0.23199999
v -0.34828770 0.21238333 0.23192640
v -0.32625389 0.25823128 0.23199999
v -0.33269778 0.25522134 0.19931249
v -0.33222064 0.25418341 0.19700000
v -0.33173800 0.25493753 0.19700000
v -0.33222064 0.25418341 0.19700000
v -0.33340213 0.25415015 0.19931249
v -0.33395788 0.25138038 0.19700000
v -0.33363286 0.25379348 0.19931249
v -0.33476856 0.25385720 0.20162500
v -0.33425361 0.25463834 0.20162500
v -0.33622658 0.25343946 0.20393750
v -0.33747452 0.25335273 0.20625000
v -0.33222064 0.25418341 0.19700000
v -0.33399078 0.25503129 0.20162500
v -0.33340213 0.25415015 0.19931249
v -0.33425361 0.25463834 0.20162500
v -0.33502096 0.25346878 0.20162500
v -0.33688572 0.25424543 0.20625000
v -0.34395584 0.25070569 0.21550000
v -0.34219071 0.25346982 0.21550000
v -0.33747452 0.25335273 0.20625000
v -0.33909589 0.25451261 0.21087500
v -0.33622658 0.25343946 0.20393750
v -0.33502096 0.25346878 0.20162500
v -0.33567548 0.25427744 0.20393750
v -0.33476856 0.25385720 0.20162500
v -0.33539277 0.25470057 0.20393750
v -0.33363286 0.25379348 0.19931249
v -0.34939542 0.20687298 0.20088992
v -0.35691884 0.21981710 0.21820261
v -0.35692722 0.21978261 0.21829458
v -0.35314146 0.21339326 0.20943458
v -0.34937665 0.20709081 0.20048928
v -0.33251792 0.26641789 0.22800000
v -0.32281116 0.27810001 0.22800000
v -0.31684288 0.26969537 0.23199999
v -0.30702925 0.28081676 0.23199999
v -0.31269416 0.28942877 0.22800000
v -0.30026928 0.28803360 0.23199999
v -0.30217984 0.30038977 0.22800000
v -0.28803360 0.30026928 0.23199999
v -0.29495612 0.30748585 0.22800000
v -0.28081676 0.30702925 0.23199999
v -0.28380948 0.31780314 0.22800000
v -0.26780811 0.31843966 0.23199999
v -0.27424452 0.32609293 0.22800000
v -0.21278197 -0.34821263 0.23196976
v -0.20916396 -0.34479886 0.23195338
v -0.20750734 -0.34506306 0.23161873
v -0.21084438 -0.34856167 0.23157436
v -0.20750734 -0.34506306 0.23161873
v -0.20428285 -0.34550023 0.22973727
v -0.21084438 -0.34856167 0.23157436
v -0.20816456 -0.34897903 0.23006973
v -0.20684433 -0.34915724 0.22846901
v -0.20327643 -0.34556961 0.22849941
v -0.20327643 -0.34556961 0.22849941
v -0.20672925 -0.34917194 0.22825441
v -0.20684433 -0.34915724 0.22846901
v -0.20626780 -0.34922948 0.22693047
v -0.20672925 -0.34917194 0.22825441
v -0.20327643 -0.34556961 0.22849941
v -0.20252116 -0.34558561 0.22600000
v -0.20252116 -0.34558561 0.20299999
v -0.20619138 -0.34925583 0.21483015
v -0.20637098 -0.34942961 0.20277707
v -0.20327641 -0.34556961 0.20050058
v -0.20709045 -0.34938344 0.20050049
v -0.20848353 -0.34923831 0.19888526
v -0.20651440 -0.34520993 0.19775330
v -0.21014927 -0.34902760 0.19782695
v -0.20651440 -0.34520993 0.19775330
v -0.20668431 -0.34518540 0.19767936
v -0.21014927 -0.34902760 0.19782695
v -0.21014927 -0.34902760 0.19782695
v -0.20668431 -0.34518540 0.19767936
v -0.21048045 -0.34898147 0.19767921
v -0.21366356 -0.34846660 0.19700210
v -0.20832995 -0.34290913 0.19700000
v -0.20345750 -0.34556118 0.20022674
v -0.20709045 -0.34938344 0.20050049
v -0.20345750 -0.34556118 0.20022674
v -0.20709045 -0.34938344 0.20050049
v -0.20327641 -0.34556961 0.20050058
v -0.21424717 -0.34178627 0.19700000
v -0.34729946 -0.21912354 0.19700000
v -0.34178665 -0.21424766 0.19700000
v -0.34290913 -0.20832995 0.19700000
v -0.34391543 -0.23048238 0.19700000
v -0.33817157 -0.22642779 0.19700000
v -0.34506437 -0.22708170 0.19700000
v -0.33507314 -0.23367023 0.19700000
v -0.22638513 -0.33818731 0.19700000
v -0.22757627 -0.34490642 0.19700000
v -0.34079897 -0.23829645 0.19700000
v -0.22082481 -0.34687835 0.19700000
v -0.23177958 -0.34344807 0.19700000
v -0.33861184 -0.24294360 0.19700000
v -0.23677258 -0.34146243 0.19700000
v -0.23879467 -0.33240715 0.19700000
v -0.24161181 -0.33926731 0.19700000
v -0.33822846 -0.24370474 0.19700000
v -0.32806075 -0.24581690 0.19700000
v -0.24461241 -0.33776411 0.19700000
v -0.24920680 -0.33524439 0.19700000
v -0.24562563 -0.32819015 0.19700000
v -0.33495009 -0.24970827 0.19700000
v -0.33173800 -0.25493753 0.19700000
v -0.32121536 -0.25492883 0.19700000
v -0.25446349 -0.33204782 0.19700000
v -0.25486085 -0.33179334 0.19700000
v -0.25525731 -0.33153775 0.19700000
v -0.25492883 -0.32121536 0.19700000
v -0.25561303 -0.33130696 0.19700000
v -0.26018491 -0.32822728 0.19700000
v -0.32699981 -0.26191267 0.19700000
v -0.28529188 -0.30820620 0.19700000
v -0.28138694 -0.31165132 0.19700000
v -0.27242395 -0.30651787 0.19700000
v -0.31855127 -0.27306566 0.19700000
v -0.27374122 -0.31803825 0.19700000
v -0.31093159 -0.28217036 0.19700000
v -0.30651787 -0.27242395 0.19700000
v -0.29442611 -0.28544924 0.19700000
v -0.30755311 -0.28597546 0.19700000
v -0.30060735 -0.29341322 0.19700000
v -0.28544924 -0.29442611 0.19700000
v -0.29219833 -0.30179456 0.19700000
v -0.26705074 -0.32324946 0.19700000
v -0.34556162 -0.20344916 0.20023870
v -0.34937724 -0.20708410 0.20050050
v -0.34914175 -0.20923193 0.19833185
v -0.34556162 -0.20344916 0.20023870
v -0.34556794 -0.20331563 0.20043847
v -0.34937724 -0.20708410 0.20050050
v -0.34556794 -0.20331563 0.20043847
v -0.34558564 -0.20252119 0.20299999
v -0.34937724 -0.20708410 0.20050050
v -0.34942201 -0.20648807 0.20195198
v -0.34942314 -0.20646054 0.20207317
v -0.34503078 -0.20771793 0.19731990
v -0.34887406 -0.21117672 0.19741994
v -0.34503078 -0.20771793 0.19731990
v -0.34887406 -0.21117672 0.19741994
v -0.34885129 -0.21132760 0.19737294
v -0.34885129 -0.21132760 0.19737294
v -0.34503078 -0.20771793 0.19731990
v -0.34558564 -0.20252119 0.22600000
v -0.34924063 -0.20617618 0.22530559
v -0.34923807 -0.20619735 0.22644751
v -0.34556964 -0.20327644 0.22849941
v -0.34920517 -0.20646469 0.22764213
v -0.34915498 -0.20686185 0.22849958
v -0.34556964 -0.20327644 0.22849941
v -0.34895375 -0.20834184 0.23021941
v -0.34915498 -0.20686185 0.22849958
v -0.34543592 -0.20485675 0.23024265
v -0.34895375 -0.20834184 0.23021941
v -0.34543592 -0.20485675 0.23024265
v -0.34845930 -0.21143658 0.23174599
v -0.34485924 -0.20879802 0.23190777
v -0.34842986 -0.21160287 0.23178579
v -0.34837759 -0.21189393 0.23184702
v -0.34833136 -0.21214724 0.23189175
v -0.34485924 -0.20879802 0.23190777
v -0.34811825 -0.21327037 0.23199698
v -0.34833136 -0.21214724 0.23189175
v -0.34744301 -0.21643822 0.23199999
v -0.22464725 -0.34515715 0.23199999
v -0.23330365 -0.33745730 0.23199999
v -0.21756782 -0.34305242 0.23199999
v -0.34182388 -0.22193119 0.23199999
v -0.34504712 -0.22498013 0.23199999
v -0.34225038 -0.23236820 0.23199999
v -0.33842039 -0.23115030 0.23199999
v -0.23513687 -0.34101662 0.23199999
v -0.33447146 -0.23919804 0.23199999
v -0.33845150 -0.24025396 0.23199999
v -0.24128194 -0.33328798 0.23199999
v -0.24432375 -0.33613482 0.23199999
v -0.33208635 -0.25054520 0.23199999
v -0.32657540 -0.25131175 0.23199999
v -0.24989745 -0.32762873 0.23199999
v -0.25373995 -0.32975414 0.23199999
v -0.32295915 -0.26234022 0.23199999
v -0.31816116 -0.26188895 0.23199999
v -0.30984277 -0.27770934 0.23199999
v -0.30345094 -0.27880079 0.23199999
v -0.30127195 -0.28698471 0.23199999
v -0.29662219 -0.28605527 0.23199999
v -0.28880832 -0.29952422 0.23199999
v -0.28605527 -0.29662219 0.23199999
v -0.27958515 -0.30815119 0.23199999
v -0.26950398 -0.31173697 0.23199999
v -0.26624194 -0.31975028 0.23199999
v -0.25802374 -0.32130376 0.23199999
v -0.25594041 -0.33222085 0.19931249
v -0.25486085 -0.33179334 0.19700000
v -0.25525731 -0.33153775 0.19700000
v -0.22879183 -0.34775862 0.20393750
v -0.22082481 -0.34687835 0.19700000
v -0.22757627 -0.34490642 0.19700000
v -0.24432375 -0.33613482 0.23199999
v -0.25062615 -0.34400490 0.22800000
v -0.25980651 -0.33770385 0.22800000
v -0.23513687 -0.34101662 0.23199999
v -0.24667989 -0.34632957 0.22800000
v -0.22464725 -0.34515715 0.23199999
v -0.23819761 -0.34908116 0.22849999
v -0.24028292 -0.34964621 0.22800000
v -0.23272258 -0.34987429 0.22900000
v -0.23465990 -0.35057336 0.22849999
v -0.23835491 -0.35054153 0.22800000
v -0.23661257 -0.34976891 0.22849999
v -0.23835491 -0.35054153 0.22800000
v -0.23881707 -0.35033119 0.22800000
v -0.23366027 -0.35096756 0.22849999
v -0.23399530 -0.35083672 0.22849999
v -0.23059700 -0.35064432 0.22900000
v -0.23432851 -0.35070533 0.22849999
v -0.23465990 -0.35057336 0.22849999
v -0.23970649 -0.34991884 0.22800000
v -0.23756783 -0.34935823 0.22849999
v -0.23432851 -0.35070533 0.22849999
v -0.23557207 -0.35175231 0.22800000
v -0.23399530 -0.35083672 0.22849999
v -0.23366027 -0.35096756 0.22849999
v -0.23756783 -0.34935823 0.22849999
v -0.23970649 -0.34991884 0.22800000
v -0.24028292 -0.34964621 0.22800000
v -0.23932056 -0.35009897 0.22800000
v -0.23661257 -0.34976891 0.22849999
v -0.23881707 -0.35033119 0.22800000
v -0.23932056 -0.35009897 0.22800000
v -0.23059700 -0.35064432 0.22900000
v -0.23272258 -0.34987429 0.22900000
v -0.21278197 -0.34821263 0.23196976
v -0.23288967 -0.35283080 0.22699684
v -0.22634953 -0.35066348 0.22941990
v -0.21084438 -0.34856167 0.23157436
v -0.22019999 -0.35097903 0.22822344
v -0.22035088 -0.35094902 0.22837287
v -0.22027490 -0.35096416 0.22829925
v -0.23254506 -0.35296318 0.22666077
v -0.23229454 -0.35305852 0.22635785
v -0.22924271 -0.35252693 0.22679412
v -0.20626780 -0.34922948 0.22693047
v -0.23150356 -0.35335484 0.22385485
v -0.23212363 -0.35312316 0.22611074
v -0.23462926 -0.35214117 0.22789010
v -0.20709045 -0.34938344 0.20050049
v -0.23222162 -0.35308617 0.21724142
v -0.23150569 -0.35335404 0.21937141
v -0.22338080 -0.35159564 0.21024269
v -0.22943763 -0.35252744 0.21469976
v -0.22628374 -0.35209745 0.21261187
v -0.23233873 -0.35304177 0.21708363
v -0.22667241 -0.35198563 0.21220909
v -0.22065116 -0.35106501 0.20773369
v -0.23289101 -0.35283026 0.21650225
v -0.22653902 -0.35202417 0.21233682
v -0.21797597 -0.35054094 0.20523101
v -0.22113037 -0.35095954 0.20736031
v -0.22395772 -0.35145059 0.20972610
v -0.22129737 -0.35092232 0.20724820
v -0.23347697 -0.35260195 0.21607982
v -0.22065116 -0.35106501 0.20773369
v -0.22667241 -0.35198563 0.21220909
v -0.22653902 -0.35202417 0.21233682
v -0.21555217 -0.34999019 0.20261680
v -0.21323340 -0.34944472 0.20002878
v -0.21869503 -0.35040048 0.20477441
v -0.21048045 -0.34898147 0.19767921
v -0.23486066 -0.35204673 0.21556197
v -0.24195910 -0.34882936 0.21550000
v -0.22544576 -0.34989434 0.20625000
v -0.23177958 -0.34344807 0.19700000
v -0.25043148 -0.34412476 0.21550000
v -0.24612334 -0.34663993 0.21550000
v -0.23677258 -0.34146243 0.19700000
v -0.24461241 -0.33776411 0.19700000
v -0.25618219 -0.34034705 0.21550000
v -0.25492877 -0.33995569 0.21318750
v -0.25521758 -0.33976084 0.21318750
v -0.25636747 -0.33897248 0.21318750
v -0.25665355 -0.33877322 0.21318750
v -0.26046032 -0.33720440 0.21550000
v -0.25606817 -0.33796039 0.21087500
v -0.25637046 -0.33775336 0.21087500
v -0.24920680 -0.33524439 0.19700000
v -0.25608084 -0.33917090 0.21318750
v -0.25485265 -0.33877927 0.21087500
v -0.25636747 -0.33897248 0.21318750
v -0.25637046 -0.33775336 0.21087500
v -0.25499958 -0.33629563 0.20625000
v -0.25667205 -0.33754545 0.21087500
v -0.25499958 -0.33629563 0.20625000
v -0.25615397 -0.33670554 0.20856249
v -0.25667205 -0.33754545 0.21087500
v -0.25533497 -0.33607444 0.20625000
v -0.25615397 -0.33670554 0.20856249
v -0.25533497 -0.33607444 0.20625000
v -0.25647140 -0.33648962 0.20856249
v -0.24161181 -0.33926731 0.19700000
v -0.25646460 -0.34014857 0.21550000
v -0.25673464 -0.33995762 0.21550000
v -0.25485265 -0.33877927 0.21087500
v -0.25608084 -0.33917090 0.21318750
v -0.25673464 -0.33995762 0.21550000
v -0.25487697 -0.33755979 0.20856249
v -0.25665355 -0.33877322 0.21318750
v -0.25487697 -0.33755979 0.20856249
v -0.25591794 -0.33452314 0.20393750
v -0.25626633 -0.33429056 0.20393750
v -0.25600338 -0.33562902 0.20625000
v -0.25633639 -0.33540487 0.20625000
v -0.25521758 -0.33976084 0.21318750
v -0.25646460 -0.34014857 0.21550000
v -0.25618219 -0.34034705 0.21550000
v -0.20637098 -0.34942961 0.20277707
v -0.20619138 -0.34925583 0.21483015
v -0.20848353 -0.34923831 0.19888526
v -0.22129737 -0.35092232 0.20724820
v -0.21797597 -0.35054094 0.20523101
v -0.21535893 -0.35002327 0.20273291
v -0.21259445 -0.34954321 0.20035416
v -0.21014927 -0.34902760 0.19782695
v -0.21594997 -0.34992075 0.20240314
v -0.21048045 -0.34898147 0.19767921
v -0.21323340 -0.34944472 0.20002878
v -0.21014927 -0.34902760 0.19782695
v -0.23233873 -0.35304177 0.21708363
v -0.22943763 -0.35252744 0.21469976
v -0.22628374 -0.35209745 0.21261187
v -0.21555217 -0.34999019 0.20261680
v -0.21259445 -0.34954321 0.20035416
v -0.21574926 -0.34995601 0.20250687
v -0.21555217 -0.34999019 0.20261680
v -0.21574926 -0.34995601 0.20250687
v -0.21014927 -0.34902760 0.19782695
v -0.21594997 -0.34992075 0.20240314
v -0.21366356 -0.34846660 0.19700210
v -0.21574926 -0.34995601 0.20250687
v -0.21869503 -0.35040048 0.20477441
v -0.21555217 -0.34999019 0.20261680
v -0.21574926 -0.34995601 0.20250687
v -0.21535893 -0.35002327 0.20273291
v -0.22395772 -0.35145059 0.20972610
v -0.22113037 -0.35095954 0.20736031
v -0.22338080 -0.35159564 0.21024269
v -0.25606817 -0.33796039 0.21087500
v -0.25486770 -0.33521482 0.20393750
v -0.25521863 -0.33498529 0.20393750
v -0.25553262 -0.33362743 0.20162500
v -0.25516725 -0.33386654 0.20162500
v -0.25446349 -0.33204782 0.19700000
v -0.25556871 -0.33475474 0.20393750
v -0.25591794 -0.33452314 0.20393750
v -0.25516725 -0.33386654 0.20162500
v -0.25626633 -0.33429056 0.20393750
v -0.25553262 -0.33362743 0.20162500
v -0.25589710 -0.33338729 0.20162500
v -0.25626072 -0.33314613 0.20162500
v -0.25626072 -0.33314613 0.20162500
v -0.25486085 -0.33179334 0.19700000
v -0.25589710 -0.33338729 0.20162500
v -0.25446349 -0.33204782 0.19700000
v -0.25486085 -0.33179334 0.19700000
v -0.25446349 -0.33204782 0.19700000
v -0.25373995 -0.32975414 0.23199999
v -0.21278197 -0.34821263 0.23196976
v -0.20816456 -0.34897903 0.23006973
v -0.20816456 -0.34897903 0.23006973
v -0.22027490 -0.35096416 0.22829925
v -0.22035088 -0.35094902 0.22837287
v -0.20684433 -0.34915724 0.22846901
v -0.20672925 -0.34917194 0.22825441
v -0.23229454 -0.35305852 0.22635785
v -0.22924271 -0.35252693 0.22679412
v -0.22019999 -0.35097903 0.22822344
v -0.23557207 -0.35175231 0.22800000
v -0.25594041 -0.33222085 0.19931249
v -0.23462926 -0.35214117 0.22789010
v -0.22634953 -0.35066348 0.22941990
v -0.23220696 -0.35309169 0.22623613
v -0.25647140 -0.33648962 0.20856249
v -0.25486770 -0.33521482 0.20393750
v -0.25600338 -0.33562902 0.20625000
v -0.25521863 -0.33498529 0.20393750
v -0.25633639 -0.33540487 0.20625000
v -0.25556871 -0.33475474 0.20393750
v -0.33244434 -0.26207560 0.20856249
v -0.32699981 -0.26191267 0.19700000
v -0.33173800 -0.25493753 0.19700000
v -0.33308715 -0.26570588 0.21550000
v -0.32090250 -0.28030029 0.21550000
v -0.31093159 -0.28217036 0.19700000
v -0.31855127 -0.27306566 0.19700000
v -0.32963422 -0.26997769 0.21550000
v -0.30755311 -0.28597546 0.19700000
v -0.31471148 -0.28723398 0.21550000
v -0.30602837 -0.29646805 0.21550000
v -0.30060735 -0.29341322 0.19700000
v -0.30008867 -0.30247885 0.21550000
v -0.29219833 -0.30179456 0.19700000
v -0.29095855 -0.31127122 0.21550000
v -0.28529188 -0.30820620 0.19700000
v -0.27517360 -0.32530931 0.21550000
v -0.27374122 -0.31803825 0.19700000
v -0.28138694 -0.31165132 0.19700000
v -0.26705074 -0.32324946 0.19700000
v -0.26581883 -0.32849404 0.20625000
v -0.25561303 -0.33130696 0.19700000
v -0.26018491 -0.32822728 0.19700000
v -0.25629342 -0.33198655 0.19931249
v -0.26504472 -0.33361349 0.21550000
v -0.28220466 -0.31922907 0.21550000
v -0.33869165 -0.25848550 0.21550000
v -0.25561303 -0.33130696 0.19700000
v -0.25629342 -0.33198655 0.19931249
v -0.25525731 -0.33153775 0.19700000
v -0.25525731 -0.33153775 0.19700000
v -0.33495009 -0.24970827 0.19700000
v -0.33822846 -0.24370474 0.19700000
v -0.34620363 -0.24690369 0.21550000
v -0.34282011 -0.25250429 0.21550000
v -0.34318402 -0.24351193 0.20625000
v -0.34854960 -0.24251646 0.21550000
v -0.34506437 -0.22708170 0.19700000
v -0.35516241 -0.22618355 0.21550000
v -0.35373309 -0.23046488 0.21550000
v -0.34729946 -0.21912354 0.19700000
v -0.35611749 -0.22291647 0.21563362
v -0.34937724 -0.20708410 0.20050050
v -0.35696515 -0.21962531 0.21888267
v -0.35677949 -0.22038502 0.21721558
v -0.35696515 -0.21962531 0.21888267
v -0.35697830 -0.21957068 0.21951167
v -0.35318848 -0.21308833 0.21027488
v -0.34942314 -0.20646054 0.20207317
v -0.34391543 -0.23048238 0.19700000
v -0.35186502 -0.23530172 0.21550000
v -0.35440192 -0.21603215 0.22633745
v -0.35681826 -0.22022840 0.22607155
v -0.35445026 -0.21583709 0.22578181
v -0.35591537 -0.21829154 0.22556245
v -0.35691464 -0.21983448 0.22534108
v -0.35691464 -0.21983448 0.22534108
v -0.35203874 -0.21163319 0.22660795
v -0.35294795 -0.21356159 0.22692922
v -0.35391614 -0.21520618 0.22651021
v -0.35658866 -0.22114150 0.22702792
v -0.35200897 -0.21179311 0.22709282
v -0.35106322 -0.21007900 0.22741595
v -0.34920517 -0.20646469 0.22764213
v -0.35616189 -0.22275431 0.22782460
v -0.34845930 -0.21143658 0.23174599
v -0.35565269 -0.22212528 0.22808637
v -0.35416901 -0.22013894 0.22885108
v -0.35598376 -0.22339849 0.22795622
v -0.35565269 -0.22212528 0.22808637
v -0.35223889 -0.21735534 0.22984187
v -0.35416901 -0.22013894 0.22885108
v -0.34811825 -0.21327037 0.23199698
v -0.35491997 -0.22239873 0.22848929
v -0.35585028 -0.22387111 0.22799675
v -0.35616189 -0.22275431 0.22782460
v -0.35585028 -0.22387111 0.22799675
v -0.34744301 -0.21643822 0.23199999
v -0.35519153 -0.22608951 0.22800000
v -0.33845150 -0.24025396 0.23199999
v -0.34774986 -0.24406733 0.22800000
v -0.35182953 -0.23538721 0.22800000
v -0.34225038 -0.23236820 0.23199999
v -0.34221804 -0.25342834 0.22800000
v -0.33208635 -0.25054520 0.23199999
v -0.33908072 -0.25795454 0.22800000
v -0.35294795 -0.21356159 0.22692922
v -0.35203874 -0.21163319 0.22660795
v -0.35200897 -0.21179311 0.22709282
v -0.35106322 -0.21007900 0.22741595
v -0.35391614 -0.21520618 0.22651021
v -0.35440192 -0.21603215 0.22633745
v -0.35223889 -0.21735534 0.22984187
v -0.34845930 -0.21143658 0.23174599
v -0.34842986 -0.21160287 0.23178579
v -0.35591537 -0.21829154 0.22556245
v -0.35445026 -0.21583709 0.22578181
v -0.34504712 -0.22498013 0.23199999
v -0.35585028 -0.22387111 0.22799675
v -0.35491997 -0.22239873 0.22848929
v -0.34811825 -0.21327037 0.23199698
v -0.34811825 -0.21327037 0.23199698
v -0.34456068 -0.24971607 0.22800000
v -0.33822846 -0.24370474 0.19700000
v -0.33861184 -0.24294360 0.19700000
v -0.34318402 -0.24351193 0.20625000
v -0.33861184 -0.24294360 0.19700000
v -0.34079897 -0.23829645 0.19700000
v -0.34854960 -0.24251646 0.21550000
v -0.33861184 -0.24294360 0.19700000
v -0.34914175 -0.20923193 0.19833185
v -0.34887406 -0.21117672 0.19741994
v -0.34885129 -0.21132760 0.19737294
v -0.35318848 -0.21308833 0.21027488
v -0.34942201 -0.20648807 0.20195198
v -0.32295915 -0.26234022 0.23199999
v -0.26663259 -0.33234578 0.22800000
v -0.26624194 -0.31975028 0.23199999
v -0.27659598 -0.32410079 0.22800000
v -0.28821495 -0.31381333 0.22800000
v -0.27958515 -0.30815119 0.23199999
v -0.28880832 -0.29952422 0.23199999
v -0.29574946 -0.30672288 0.22800000
v -0.30672288 -0.29574946 0.22800000
v -0.30127195 -0.28698471 0.23199999
v -0.31555718 -0.28630459 0.22800000
v -0.30984277 -0.27770934 0.23199999
v -0.32241571 -0.27855840 0.22800000
v -0.32908410 -0.27064794 0.22800000
v 0.35677949 -0.22038502 0.21721558
v -0.35697830 -0.21957068 0.21951167
vt 0.63441348 0.34321392
vt 0.63266230 0.34066427
vt 0.62546617 0.34277594
vt 0.62394345 0.34066296
vt 0.77794725 0.32676369
vt 0.77821344 0.33240950
vt 0.78556931 0.33099723
vt 0.78591335 0.33609903
vt 0.78579640 0.34021914
vt 0.77803218 0.33530819
vt 0.29849640 0.36560732
vt 0.29882237 0.36550748
vt 0.29849684 0.35672480
vt 0.77799886 0.33560336
vt 0.77794516 0.33601034
vt 0.46274087 0.70093298
vt 0.47260168 0.70525277
vt 0.47150806 0.70033616
vt 0.46345299 0.70526862
vt 0.47307417 0.74610329
vt 0.46365029 0.72520298
vt 0.46346304 0.74621642
vt 0.47207323 0.75109416
vt 0.46273282 0.75069112
vt 0.76524615 0.32862735
vt 0.76561594 0.33813649
vt 0.77005112 0.33082527
vt 0.76988763 0.34019899
vt 0.76177657 0.33580762
vt 0.76144159 0.32627594
vt 0.45607549 0.00341535
vt 0.45853892 -0.00000203
vt 0.44900134 -0.00001168
vt 0.44656494 0.00343210
vt 0.45257050 0.01523346
vt 0.46043471 0.00343275
vt 0.46043473 0.34142005
vt 0.45166293 0.32811010
vt 0.45607558 0.34144473
vt 0.44660297 0.31888932
vt 0.43845424 0.29975998
vt 0.43252277 0.31728303
vt 0.44115695 0.33303320
vt 0.44688261 0.34187078
vt 0.42662153 0.30409515
vt 0.43591848 0.02096909
vt 0.44369173 0.03203422
vt 0.43229777 0.02801740
vt 0.44356626 0.00794804
vt 0.42283291 0.29393911
vt 0.42681599 0.04027271
vt 0.43741101 0.04816580
vt 0.43200701 0.27570152
vt 0.42238745 0.05221921
vt 0.42212152 0.05301911
vt 0.41822982 0.06628335
vt 0.41778156 0.27678704
vt 0.42916089 0.25566363
vt 0.43084556 0.07594609
vt 0.41586596 0.26853955
vt 0.41349265 0.08846724
vt 0.42447558 0.18369883
vt 0.40664011 0.17543632
vt 0.40700075 0.19199872
vt 0.41325313 0.25489998
vt 0.42447558 0.16115391
vt 0.40682015 0.15736490
vt 0.42517346 0.20623296
vt 0.42693105 0.23322928
vt 0.40850943 0.12729496
vt 0.42564783 0.12961400
vt 0.40843210 0.21605152
vt 0.41184008 0.24597484
vt 0.41173121 0.24522972
vt 0.41162360 0.24448436
vt 0.41151726 0.24373889
vt 0.41140354 0.10172468
vt 0.42693105 0.11162353
vt 0.40989894 0.23104030
vt 0.41141221 0.24299318
vt 0.44936967 0.34533834
vt 0.45928085 0.34586608
vt 0.44956926 0.34560496
vt 0.45970738 0.39061558
vt 0.45992088 0.39955461
vt 0.45992088 0.39045632
vt 0.44997105 0.34614336
vt 0.80174929 0.32695305
vt 0.79879540 0.32887787
vt 0.80204195 0.33590341
vt 0.79777735 0.33857834
vt 0.79421848 0.33068287
vt 0.79398656 0.34006166
vt 0.07000365 0.94697487
vt 0.07076158 0.95091611
vt 0.07964905 0.94758081
vt 0.08033686 0.95091516
vt 0.07921500 0.92687118
vt 0.07000418 0.90612519
vt 0.07919676 0.90533102
vt 0.07118697 0.90116131
vt 0.08005470 0.90145540
vt 0.35520962 0.86900294
vt 0.35650539 0.86012578
vt 0.35418668 0.85859239
vt 0.08015756 0.90120226
vt 0.35149470 0.86627543
vt 0.35272166 0.85749549
vt 0.34924737 0.85445553
vt 0.34770396 0.86285037
vt 0.62394339 0.68512946
vt 0.63245654 0.68541956
vt 0.62513626 0.68347579
vt 0.63396627 0.68322980
vt 0.63421416 0.68289191
vt 0.63381529 0.35552943
vt 0.64652663 0.38232577
vt 0.65003121 0.37187791
vt 0.64218897 0.35584754
vt 0.63749266 0.66365761
vt 0.64867169 0.65697348
vt 0.64893806 0.63617039
vt 0.65535766 0.63944620
vt 0.65504313 0.38518918
vt 0.65129685 0.39758384
vt 0.65588915 0.63774067
vt 0.65628904 0.63643044
vt 0.65826243 0.39614654
vt 0.65265322 0.62226671
vt 0.66211832 0.61003703
vt 0.65623426 0.42487156
vt 0.65802181 0.58378541
vt 0.66323996 0.42363536
vt 0.66473687 0.43700850
vt 0.65855074 0.44686544
vt 0.66753554 0.47278070
vt 0.66087186 0.48217201
vt 0.66840142 0.49519122
vt 0.66139162 0.49985701
vt 0.66847032 0.52658820
vt 0.66136926 0.52639520
vt 0.66770285 0.54900235
vt 0.65953201 0.56615734
vt 0.66548634 0.58032101
vt 0.77000022 0.85089087
vt 0.76974756 0.85103613
vt 0.77061206 0.86202574
vt 0.69391900 0.70281005
vt 0.70095134 0.70962197
vt 0.70078897 0.70850921
vt 0.07962359 0.37033045
vt 0.06799363 0.35421097
vt 0.07894009 0.37894994
vt 0.70689970 0.74498975
vt 0.68797529 0.73842126
vt 0.70759654 0.75384951
vt 0.70204407 0.74216616
vt 0.18825078 0.41078138
vt 0.18734132 0.41164488
vt 0.18825078 0.41695511
vt 0.69672060 0.73619008
vt 0.70142519 0.73725319
vt 0.69651431 0.73480582
vt 0.70174623 0.73970479
vt 0.70158899 0.73847800
vt 0.69691765 0.73757589
vt 0.07133864 0.39827299
vt 0.07158382 0.39704382
vt 0.06759662 0.39423609
vt 0.07459603 0.40442884
vt 0.07108480 0.39950073
vt 0.07226543 0.39334488
vt 0.07215721 0.39396268
vt 0.07204685 0.39457989
vt 0.07193435 0.39519656
vt 0.07181960 0.39581275
vt 0.07170263 0.39642847
vt 0.07738387 0.39059186
vt 0.24503691 0.41873085
vt 0.24408717 0.41952544
vt 0.24503691 0.42461872
vt 0.70189786 0.74093413
vt 0.70668912 0.74290472
vt 0.08149925 0.38683820
vt 0.08149925 0.38109660
vt 0.07983868 0.38240671
vt 0.70098692 0.73419923
vt 0.69596058 0.73135298
vt 0.70107788 0.73480916
vt 0.06842425 0.38932133
vt 0.70089436 0.73358965
vt 0.69584167 0.73066318
vt 0.06853046 0.38861609
vt 0.06901898 0.38507849
vt 0.06910628 0.38436842
vt 0.06919268 0.38365805
vt 0.06927521 0.38294673
vt 0.06935473 0.38223463
vt 0.06943121 0.38152182
vt 0.06950462 0.38080835
vt 0.06957404 0.38009399
vt 0.06964244 0.37937915
vt 0.06970675 0.37866354
vt 0.06976802 0.37794721
vt 0.06982628 0.37723011
vt 0.06988144 0.37651235
vt 0.06993239 0.37579381
vt 0.06998258 0.37507480
vt 0.07002851 0.37435508
vt 0.07007140 0.37363458
vt 0.07011120 0.37291348
vt 0.07014796 0.37219167
vt 0.07018159 0.37146926
vt 0.07021212 0.37074614
vt 0.07023978 0.37002248
vt 0.07026388 0.36929810
vt 0.07028511 0.36857307
vt 0.07033025 0.36639380
vt 0.07033914 0.36566591
vt 0.06762418 0.34879321
vt 0.06538510 0.34603906
vt 0.07721330 0.36626863
vt 0.06546098 0.34684670
vt 0.06553316 0.34765458
vt 0.06790525 0.35266501
vt 0.06806869 0.35575545
vt 0.06813113 0.35729825
vt 0.06817925 0.35883939
vt 0.06821349 0.36037910
vt 0.07030328 0.36784732
vt 0.07031845 0.36712092
vt 0.69757491 0.70681751
vt 0.68004054 0.69031072
vt 0.69037962 0.69937485
vt 0.71134478 0.79291099
vt 0.71120679 0.83555233
vt 0.71424663 0.83271152
vt 0.71622491 0.80959117
vt 0.71639776 0.80950814
vt 0.77024364 0.85073143
vt 0.77096742 0.86183447
vt 0.77203590 0.87272990
vt 0.71589220 0.82081836
vt 0.71615285 0.82071233
vt 0.71692514 0.80928493
vt 0.71760935 0.79789156
vt 0.71651536 0.79840690
vt 0.76846236 0.84036297
vt 0.76867104 0.88490707
vt 0.76856935 0.84591782
vt 0.76899660 0.84572715
vt 0.71631986 0.82623106
vt 0.71610349 0.82629853
vt 0.71675462 0.82612145
vt 0.71602786 0.83187044
vt 0.76788127 0.84065837
vt 0.71641654 0.82061809
vt 0.76753378 0.84084934
vt 0.75679851 0.84130925
vt 0.75245005 0.83954102
vt 0.72329795 0.88333660
vt 0.41670641 0.88348573
vt 0.41168424 0.88745201
vt 0.40662280 0.89150190
vt 0.43147609 0.87178618
vt 0.40854824 0.89513105
vt 0.43169889 0.87252164
vt 0.42183858 0.87992060
vt 0.44127539 0.86469352
vt 0.44148368 0.86597776
vt 0.73071086 0.86280715
vt 0.73508984 0.85838288
vt 0.73910433 0.85328442
vt 0.74366766 0.84897906
vt 0.73967701 0.85413498
vt 0.74805713 0.84429520
vt 0.71947932 0.87954128
vt 0.42139089 0.87899518
vt 0.44624099 0.86554617
vt 0.44588152 0.87079608
vt 0.42742342 0.89301795
vt 0.40912846 0.90125126
vt 0.40936267 0.90487891
vt 0.40989086 0.91154373
vt 0.44531277 0.88535368
vt 0.42784017 0.90699422
vt 0.44526824 0.89283872
vt 0.41071716 0.91924524
vt 0.41502938 0.91698378
vt 0.41509727 0.91748685
vt 0.41521451 0.91855562
vt 0.41960463 0.91723341
vt 0.41515535 0.91802138
vt 0.21364598 0.62512290
vt 0.22186036 0.62314785
vt 0.21775283 0.62341958
vt 0.21775229 0.62430751
vt 0.22185995 0.62174743
vt 0.21364579 0.62324816
vt 0.21775277 0.62282652
vt 0.41084769 0.92020637
vt 0.21775281 0.62489766
vt 0.22185971 0.62370622
vt 0.41078547 0.91970956
vt 0.20953982 0.62258464
vt 0.21364674 0.62262094
vt 0.22185351 0.61379290
vt 0.21775281 0.62548703
vt 0.22185968 0.62426853
vt 0.41978565 0.91893154
vt 0.42859948 0.91735011
vt 0.41972566 0.91836149
vt 0.41984692 0.91950119
vt 0.20543228 0.62380469
vt 0.42428654 0.91899383
vt 0.42866004 0.91798556
vt 0.20953715 0.62192553
vt 0.20543228 0.62311339
vt 0.00064870 0.44506037
vt 0.00003088 0.44949704
vt 0.00064870 0.44966245
vt 0.20543103 0.62172943
vt 0.20543231 0.62242144
vt 0.41530603 0.91935366
vt 0.20953189 0.61261350
vt 0.41536710 0.91989034
vt 0.24508157 0.45425260
vt 0.24427217 0.45869774
vt 0.24482135 0.45885974
vt 0.22187234 0.60490090
vt 0.72774088 0.88462186
vt 0.74875009 0.88487947
vt 0.72634178 0.86712348
vt 0.72198856 0.87132686
vt 0.71765393 0.87540901
vt 0.44611666 0.86132008
vt 0.73039204 0.86211014
vt 0.43639606 0.86818385
vt 0.44556221 0.90537298
vt 0.44187868 0.91684937
vt 0.44630152 0.91694528
vt 0.43758041 0.91828221
vt 0.19721985 0.62171608
vt 0.19311275 0.62117678
vt 0.18900493 0.62215108
vt 0.18808079 0.42487067
vt 0.18734133 0.42921025
vt 0.18808079 0.42937887
vt 0.18896304 0.60794628
vt 0.18899986 0.62134391
vt 0.18736304 0.44694531
vt 0.18809602 0.44289470
vt 0.18736304 0.44271004
vt 0.43745545 0.91688168
vt 0.43751675 0.91758376
vt 0.43302932 0.91704828
vt 0.22186562 0.59895360
vt 0.43309006 0.91771752
vt 0.18882339 0.44500583
vt 0.18812379 0.44481909
vt 0.18812379 0.44906974
vt 0.43315193 0.91838664
vt 0.20132546 0.62213176
vt 0.20132519 0.62140727
vt 0.19721863 0.62247270
vt 0.29941174 0.44217753
vt 0.29872838 0.44655633
vt 0.29941174 0.44672346
vt 0.70837224 0.77407974
vt 0.69017047 0.76607704
vt 0.68623114 0.72735876
vt 0.70125520 0.73603046
vt 0.69003743 0.72390282
vt 0.68323720 0.71385336
vt 0.68987852 0.72313809
vt 0.68971622 0.72237396
vt 0.68955117 0.72161061
vt 0.68938321 0.72084814
vt 0.68921244 0.72008646
vt 0.68903887 0.71932572
vt 0.68886232 0.71856594
vt 0.68868309 0.71780705
vt 0.68850100 0.71704924
vt 0.68831605 0.71629238
vt 0.68812835 0.71553665
vt 0.68793780 0.71478194
vt 0.68774444 0.71402842
vt 0.68754822 0.71327603
vt 0.68734932 0.71252483
vt 0.68714750 0.71177489
vt 0.68694299 0.71102613
vt 0.68673563 0.71027875
vt 0.68652552 0.70953262
vt 0.68631256 0.70878792
vt 0.68609685 0.70804453
vt 0.68587846 0.70730257
vt 0.68565726 0.70656204
vt 0.68543327 0.70582300
vt 0.68520659 0.70508534
vt 0.68497723 0.70434916
vt 0.67833668 0.69754106
vt 0.68474507 0.70361447
vt 0.68738133 0.70485097
vt 0.67327428 0.68459010
vt 0.68148720 0.69420391
vt 0.68121856 0.69349122
vt 0.68175381 0.69491857
vt 0.68227839 0.69635206
vt 0.68279278 0.69779199
vt 0.68329680 0.69923842
vt 0.68379045 0.70069116
vt 0.68094748 0.69278038
vt 0.68053639 0.69171751
vt 0.68383670 0.69445544
vt 0.71039325 0.80532986
vt 0.70997947 0.79568708
vt 0.71080756 0.82037926
vt 0.06601585 0.35493219
vt 0.68693924 0.70345110
vt 0.06593588 0.35331428
vt 0.68648851 0.70205617
vt 0.06584064 0.35169649
vt 0.68602788 0.70066518
vt 0.06573019 0.35007930
vt 0.68555731 0.69927818
vt 0.06560470 0.34846258
vt 0.68507695 0.69789523
vt 0.71498561 0.78855449
vt 0.71737951 0.78691816
vt 0.71672589 0.79829299
vt 0.40661648 0.37001359
vt 0.40661648 0.35891616
vt 0.40634072 0.35908377
vt 0.77147555 0.86151296
vt 0.77302539 0.88367748
vt 0.77334911 0.88348091
vt 0.71765405 0.78677952
vt 0.77163649 0.86139584
vt 0.77372271 0.88323283
vt 0.71804261 0.78660125
vt 0.76920307 0.84561461
vt 0.06526627 0.34482783
vt 0.71072733 0.82579446
vt 0.06612707 0.35816824
vt 0.69087607 0.70889157
vt 0.06614590 0.35897708
vt 0.69106710 0.70956290
vt 0.06616080 0.35978597
vt 0.69125575 0.71023476
vt 0.06617184 0.36059475
vt 0.69144213 0.71090716
vt 0.06617898 0.36140335
vt 0.69162613 0.71158016
vt 0.06618220 0.36221188
vt 0.69180793 0.71225375
vt 0.06618145 0.36302030
vt 0.69198728 0.71292800
vt 0.06617682 0.36382848
vt 0.69216430 0.71360284
vt 0.06616821 0.36463648
vt 0.69233912 0.71427834
vt 0.06615565 0.36544430
vt 0.69251156 0.71495444
vt 0.06613918 0.36625183
vt 0.69268173 0.71563119
vt 0.06611875 0.36705911
vt 0.69284952 0.71630859
vt 0.06609441 0.36786604
vt 0.69301504 0.71698660
vt 0.06606617 0.36867261
vt 0.69317824 0.71766514
vt 0.06603404 0.36947882
vt 0.69333911 0.71834433
vt 0.06599801 0.37028462
vt 0.69349778 0.71902406
vt 0.06595807 0.37108994
vt 0.69365406 0.71970445
vt 0.06591430 0.37189478
vt 0.69380808 0.72038537
vt 0.06586660 0.37269908
vt 0.69395971 0.72106689
vt 0.06581507 0.37350285
vt 0.69410914 0.72174895
vt 0.06575964 0.37430608
vt 0.69425625 0.72243154
vt 0.06570039 0.37510866
vt 0.69440103 0.72311473
vt 0.06563728 0.37591064
vt 0.69454360 0.72379845
vt 0.06557029 0.37671185
vt 0.69468385 0.72448266
vt 0.06549951 0.37751240
vt 0.69482172 0.72516745
vt 0.06542490 0.37831223
vt 0.69495744 0.72585279
vt 0.06534652 0.37911123
vt 0.69509083 0.72653860
vt 0.06526428 0.37990946
vt 0.69522214 0.72722501
vt 0.70116723 0.73541951
vt 0.70134097 0.73664171
vt 0.06784759 0.39283574
vt 0.29939434 0.44691122
vt 0.29872835 0.44672346
vt 0.29872835 0.45099044
vt 0.42872134 0.91862214
vt 0.20132546 0.62285584
vt 0.00066486 0.43066835
vt 0.00001399 0.43507445
vt 0.00066486 0.43524152
vt 0.54623377 0.78789598
vt 0.52230585 0.77232617
vt 0.52095973 0.78582948
vt 0.52832443 0.79470170
vt 0.52842033 0.79398018
vt 0.51991099 0.79454213
vt 0.52851516 0.79325777
vt 0.53714550 0.79199064
vt 0.19720925 0.43025076
vt 0.18900363 0.43108642
vt 0.18901131 0.44296974
vt 0.19721955 0.42951369
vt 0.20543204 0.42719597
vt 0.19721857 0.42877227
vt 0.19721854 0.42803150
vt 0.18806425 0.40236151
vt 0.18734132 0.41069865
vt 0.18806425 0.41078138
vt 0.20543100 0.42645431
vt 0.19721854 0.42729086
vt 0.53674734 0.79486716
vt 0.20543212 0.42571366
vt 0.19721851 0.42655045
vt 0.53684801 0.79414874
vt 0.53704751 0.79271084
vt 0.53724444 0.79127181
vt 0.53734201 0.79055190
vt 0.54600918 0.78930795
vt 0.55451828 0.78937835
vt 0.24481153 0.41873085
vt 0.24481153 0.41033399
vt 0.24408685 0.41864926
vt 0.18900496 0.43034631
vt 0.24481185 0.40193284
vt 0.24408677 0.41025335
vt 0.24481185 0.41033399
vt 0.18900493 0.42960584
vt 0.18900201 0.40033895
vt 0.18827657 0.40866482
vt 0.18900201 0.40874445
vt 0.18900493 0.42886555
vt 0.08161863 0.37120354
vt 0.08089282 0.37953484
vt 0.08161863 0.37961352
vt 0.29937086 0.41069949
vt 0.29863402 0.41062456
vt 0.29863402 0.41888046
vt 0.22186264 0.45456421
vt 0.18901673 0.45788705
vt 0.18899061 0.48185265
vt 0.18899809 0.49838942
vt 0.22185431 0.47997904
vt 0.18898913 0.51645422
vt 0.22185427 0.50395685
vt 0.22186063 0.54229039
vt 0.18899442 0.54656971
vt 0.22187340 0.56983310
vt 0.18901849 0.57223296
vt 0.18900105 0.58556926
vt 0.22184877 0.57901150
vt 0.22186603 0.56097013
vt 0.19721209 0.59212935
vt 0.22185993 0.52646160
vt 0.55462146 0.78881997
vt 0.55733299 0.76890534
vt 0.21364564 0.41820514
vt 0.22185928 0.41869694
vt 0.22185926 0.41809249
vt 0.21364567 0.41968626
vt 0.22185928 0.41958082
vt 0.54590815 0.79002613
vt 0.55438942 0.79022777
vt 0.21364567 0.42042708
vt 0.22185928 0.42032284
vt 0.54580581 0.79074305
vt 0.55428129 0.79094130
vt 0.21364570 0.42116803
vt 0.22185935 0.42106503
vt 0.29865196 0.41053820
vt 0.29937083 0.41062456
vt 0.29937083 0.40215242
vt 0.21364570 0.42190909
vt 0.21364570 0.42265040
vt 0.22185233 0.43815756
vt 0.21364573 0.42339182
vt 0.21364547 0.42413330
vt 0.19722083 0.42581129
vt 0.54539096 0.79360819
vt 0.20543209 0.42423201
vt 0.54549551 0.79289228
vt 0.20543209 0.42349142
vt 0.54559946 0.79217613
vt 0.20543206 0.42275113
vt 0.54570293 0.79145974
vt 0.18901382 0.40882003
vt 0.18827659 0.40874434
vt 0.18827659 0.41700113
vt 0.67329621 0.97827089
vt 0.67962110 0.97183198
vt 0.67905611 0.95215368
vt 0.18815905 0.38273436
vt 0.18900198 0.39240962
vt 0.18900198 0.38229996
vt 0.55614001 0.69897395
vt 0.55809987 0.70338011
vt 0.55865413 0.69940132
vt 0.55915606 0.74600631
vt 0.52292651 0.76401746
vt 0.55838662 0.75825107
vt 0.10593279 0.90968603
vt 0.55944014 0.73278344
vt 0.52363670 0.74631608
vt 0.52360582 0.73550224
vt 0.55893809 0.71457785
vt 0.52144665 0.70318735
vt 0.55890369 0.71403599
vt 0.53914326 0.69456744
vt 0.53911597 0.69476855
vt 0.53909171 0.69497186
vt 0.54637736 0.69658804
vt 0.54394823 0.69600415
vt 0.53907055 0.69517714
vt 0.52950281 0.69222564
vt 0.54880452 0.69721007
vt 0.54895210 0.69659537
vt 0.55372131 0.69826490
vt 0.19220793 0.77083570
vt 0.19538182 0.77386373
vt 0.19495757 0.77133775
vt 0.18566585 0.80842924
vt 0.19073927 0.77012461
vt 0.18886280 0.76846313
vt 0.18842798 0.81058604
vt 0.19552004 0.77639002
vt 0.10674913 0.90574598
vt 0.10683104 0.90549725
vt 0.10024481 0.90463144
vt 0.10550836 0.90466732
vt 0.09348860 0.90374172
vt 0.18614620 0.64502048
vt 0.18513687 0.64018553
vt 0.18594778 0.64642018
vt 0.18469125 0.63067776
vt 0.18475421 0.63385969
vt 0.18541151 0.64625496
vt 0.35189736 0.82979321
vt 0.35627723 0.83470333
vt 0.35655582 0.83319926
vt 0.18471645 0.62749356
vt 0.18668763 0.64061075
vt 0.35485548 0.83886409
vt 0.35547045 0.83589351
vt 0.35458857 0.83867246
vt 0.35388508 0.84153855
vt 0.35437176 0.84525949
vt 0.35554367 0.83930200
vt 0.18693061 0.64380956
vt 0.35144883 0.82944787
vt 0.67330843 0.64150894
vt 0.66375762 0.64211196
vt 0.66744298 0.65819287
vt 0.65932554 0.64145333
vt 0.65884525 0.64291877
vt 0.66329503 0.64354444
vt 0.66421181 0.64066643
vt 0.66465753 0.63920665
vt 0.66509569 0.63773161
vt 0.66573852 0.63548696
vt 0.66232818 0.63114572
vt 0.18806376 0.39221048
vt 0.18734135 0.39258873
vt 0.18806376 0.40236127
vt 0.69137180 0.98066396
vt 0.68389910 0.97327256
vt 0.68370736 0.97404861
vt 0.08162057 0.35975987
vt 0.07996589 0.35032701
vt 0.07996594 0.36071867
vt 0.68409020 0.97249007
vt 0.69161576 0.97973680
vt 0.29958951 0.38597280
vt 0.29958948 0.37580723
vt 0.29872784 0.37626195
vt 0.08087629 0.38109654
vt 0.08087629 0.37120354
vt 0.07996590 0.37162876
vt 0.68521708 0.96764153
vt 0.68503165 0.96846980
vt 0.69298488 0.97424114
vt 0.18818709 0.39221060
vt 0.18818709 0.38229990
vt 0.18734123 0.38269794
vt 0.68484509 0.96928942
vt 0.69277018 0.97513866
vt 0.29958951 0.37580717
vt 0.29958951 0.36582649
vt 0.29864711 0.36628574
vt 0.68465775 0.97010100
vt 0.69252557 0.97614378
vt 0.24485441 0.39301527
vt 0.24485441 0.38303143
vt 0.24405845 0.38341904
vt 0.68446952 0.97090465
vt 0.69231600 0.97699130
vt 0.07996593 0.36071861
vt 0.07996605 0.37120372
vt 0.08161863 0.37021053
vt 0.09013905 0.90315753
vt 0.08682064 0.90248209
vt 0.18768649 0.63479459
vt 0.18833448 0.63831562
vt 0.18738647 0.62198609
vt 0.18828194 0.62880206
vt 0.18467540 0.62110251
vt 0.18743323 0.64094239
vt 0.18772447 0.64110500
vt 0.18896291 0.62287921
vt 0.35358477 0.85142100
vt 0.65752572 0.67884958
vt 0.66272503 0.66883242
vt 0.66235065 0.66960770
vt 0.34744576 0.85267872
vt 0.64583349 0.68091959
vt 0.07963073 0.37127471
vt 0.07993329 0.35963923
vt 0.07963073 0.35940844
vt 0.08149926 0.39302313
vt 0.08149926 0.38683820
vt 0.08023424 0.38804692
vt 0.18900199 0.42309022
vt 0.18900199 0.41700113
vt 0.18801670 0.41791451
vt 0.68047929 0.98578864
vt 0.67730910 0.98058236
vt 0.67771608 0.97913384
vt 0.67811400 0.97768235
vt 0.67850322 0.97622734
vt 0.68312466 0.97634107
vt 0.67925668 0.97330302
vt 0.69037998 0.98429340
vt 0.67888409 0.97476786
vt 0.68273097 0.97784209
vt 0.69088185 0.98248404
vt 0.68351394 0.97481859
vt 0.68331981 0.97558266
vt 0.08064415 0.34991181
vt 0.08042932 0.34482801
vt 0.69184983 0.97883302
vt 0.69116509 0.98143876
vt 0.18830621 0.37493598
vt 0.18830621 0.36466289
vt 0.18734129 0.36519504
vt 0.69320917 0.97327560
vt 0.69560105 0.96186215
vt 0.66024566 0.63852054
vt 0.68090045 0.98437703
vt 0.66068625 0.63705194
vt 0.68131608 0.98295200
vt 0.66111451 0.63558090
vt 0.68172652 0.98151255
vt 0.66153073 0.63410676
vt 0.68213183 0.98005742
vt 0.66193521 0.63262868
vt 0.52302009 0.72106874
vt 0.52007240 0.69280136
vt 0.51998937 0.68859005
vt 0.52952069 0.69197261
vt 0.18428594 0.39867443
vt 0.18428594 0.40890837
vt 0.18460916 0.40882713
vt 0.52002007 0.68826145
vt 0.19752021 0.79131556
vt 0.19732289 0.79136097
vt 0.19751979 0.81166273
vt 0.19685367 0.81179041
vt 0.19693397 0.79144108
vt 0.19638380 0.78390992
vt 0.19659759 0.81183118
vt 0.19317998 0.81194609
vt 0.52010691 0.68759364
vt 0.19712695 0.79140270
vt 0.52014589 0.68734390
vt 0.19665271 0.78640819
vt 0.19615863 0.78140223
vt 0.19552919 0.78145713
vt 0.10596047 0.91791177
vt 0.69853896 0.94339496
vt 0.68319172 0.92261726
vt 0.70095813 0.92522597
vt 0.70305073 0.90699810
vt 0.68656558 0.89143556
vt 0.70557249 0.87956947
vt 0.68836069 0.86908591
vt 0.70684344 0.86124128
vt 0.69004846 0.83773422
vt 0.70797181 0.83830321
vt 0.70850015 0.81994289
vt 0.69063479 0.81532133
vt 0.70862311 0.78782606
vt 0.69054544 0.77949160
vt 0.07982027 0.40806806
vt 0.06649007 0.40439224
vt 0.06526560 0.40886509
vt 0.08001450 0.40647900
vt 0.19769049 0.78529912
vt 0.20036162 0.77391213
vt 0.19984576 0.77369821
vt 0.20145218 0.78750539
vt 0.20144971 0.77435130
vt 0.08059251 0.40442622
vt 0.19951306 0.77355593
vt 0.19768330 0.77274597
vt 0.27890754 0.86911803
vt 0.27890721 0.88260251
vt 0.28495437 0.88640738
vt 0.28504899 0.87340152
vt 0.09463861 0.68882883
vt 0.09554952 0.68750459
vt 0.08162083 0.68870252
vt 0.06526402 0.44971061
vt 0.07983384 0.42870170
vt 0.08025854 0.44973111
vt 0.06649231 0.45417410
vt 0.08116341 0.45415652
vt 0.18497856 0.34337157
vt 0.17185782 0.34450364
vt 0.18734130 0.34656322
vt 0.17338461 0.34660786
vt 0.24457183 0.37641954
vt 0.24507508 0.37605101
vt 0.24457183 0.36246276
vt 0.18432370 0.35825396
vt 0.18460907 0.37184834
vt 0.18460907 0.35804588
vt 0.08141294 0.66920793
vt 0.08035830 0.66992426
vt 0.08141433 0.68301052
vt 0.07849851 0.68497819
vt 0.07759631 0.67158037
vt 0.07366642 0.68797630
vt 0.07342475 0.67356217
vt 0.00020093 0.37800634
vt 0.00000090 0.37811542
vt 0.00020093 0.39268851
vt 0.07963076 0.35940856
vt 0.07992683 0.35924721
vt 0.07961437 0.34483409
vt 0.16096695 0.32704759
vt 0.17393589 0.32633042
vt 0.16567327 0.30936968
vt 0.15914243 0.02267712
vt 0.16696860 0.03366446
vt 0.15950981 0.02199239
vt 0.16340382 0.01509541
vt 0.15310629 0.03496379
vt 0.17755833 0.01399875
vt 0.16596371 0.33559304
vt 0.16968574 0.00517642
vt 0.18508910 0.00300288
vt 0.15175429 0.30811322
vt 0.16022098 0.05141652
vt 0.16039571 0.29467094
vt 0.14710848 0.04990608
vt 0.14684692 0.29528773
vt 0.14518723 0.05558240
vt 0.15682696 0.28092176
vt 0.14499618 0.28963208
vt 0.14331804 0.28395319
vt 0.15453579 0.07572907
vt 0.14234386 0.06522477
vt 0.14180002 0.27825451
vt 0.14159538 0.27743900
vt 0.13931501 0.07785982
vt 0.13910061 0.26640201
vt 0.15327604 0.25806081
vt 0.15265264 0.09043831
vt 0.13043985 0.16379362
vt 0.14812545 0.17426753
vt 0.14827439 0.15658480
vt 0.14870711 0.20078534
vt 0.13078485 0.19426179
vt 0.13203029 0.21495581
vt 0.13608399 0.09555304
vt 0.13468617 0.10524213
vt 0.13198330 0.13100493
vt 0.14906421 0.13449508
vt 0.13350087 0.11495948
vt 0.13046364 0.18337178
vt 0.13458765 0.10598868
vt 0.13446353 0.23817080
vt 0.15098388 0.23607606
vt 0.33263656 0.93497187
vt 0.33379367 0.93049943
vt 0.31854460 0.93289447
vt 0.31881395 0.93049943
vt 0.31850073 0.93316638
vt 0.31798989 0.93493921
vt 0.24488330 0.39604431
vt 0.24509743 0.39612740
vt 0.24509743 0.38240933
vt 0.00837438 0.75117397
vt 0.01025396 0.73954403
vt 0.00463233 0.73954618
vt 0.01569467 0.75211436
vt 0.00431354 0.73948318
vt 0.00305765 0.73921853
vt 0.29849678 0.35672474
vt 0.29883063 0.34388483
vt 0.29849678 0.34361601
vt 0.29957235 0.39403343
vt 0.29937083 0.39387989
vt 0.29937083 0.40780604
vt 0.17333323 0.00007743
vt 0.18734120 -0.00001180
vt 0.31925678 0.89575458
vt 0.33379367 0.88965458
vt 0.31924862 0.88914740
vt 0.56260735 0.71635014
vt 0.56429976 0.72946262
vt 0.56384790 0.71554148
vt 0.09587321 0.34679365
vt 0.08162084 0.34514314
vt 0.08357175 0.34780395
vt 0.09568903 0.34652442
vt 0.09440626 0.34467089
vt 0.00067318 0.37800628
vt 0.00067379 0.36483866
vt 0.00016533 0.36522222
vt 0.56713033 0.71304226
vt 0.56415945 0.71531510
vt 0.56828719 0.72616172
vt 0.56056589 0.73218054
vt 0.55940986 0.71805149
vt 0.33275989 0.88543314
vt 0.31860450 0.88538969
vt 0.31891236 0.88651872
vt 0.10826221 0.66551036
vt 0.10227775 0.65280557
vt 0.09403010 0.66977352
vt 0.09370705 0.36335981
vt 0.09929491 0.37399197
vt 0.10762878 0.36677927
vt 0.11389976 0.38093352
vt 0.10585582 0.38989693
vt 0.11389420 0.65242636
vt 0.11895442 0.39593297
vt 0.10991511 0.40329075
vt 0.10945304 0.63131231
vt 0.12119544 0.62805361
vt 0.12360295 0.41668701
vt 0.11349104 0.42097557
vt 0.12567231 0.59876031
vt 0.11414246 0.60549438
vt 0.11562474 0.43859982
vt 0.12658848 0.44101727
vt 0.12878041 0.46726561
vt 0.11850125 0.47369313
vt 0.11943625 0.49568146
vt 0.13024525 0.50235325
vt 0.11962818 0.52649117
vt 0.13015808 0.53308225
vt 0.11896721 0.54848945
vt 0.12953459 0.55063152
vt 0.12781784 0.57691526
vt 0.11692590 0.57923210
vt 0.85514724 0.29009241
vt 0.86441612 0.30250746
vt 0.86477697 0.29450905
vt 0.82649076 0.26243681
vt 0.44557437 0.63191706
vt 0.44745043 0.61998016
vt 0.42741719 0.62763602
vt 0.44279790 0.64504957
vt 0.42148963 0.65202248
vt 0.43757939 0.66317207
vt 0.42565927 0.67306608
vt 0.43715838 0.66463423
vt 0.29162949 0.83492893
vt 0.28943387 0.87412107
vt 0.29146844 0.87631702
vt 0.43863469 0.65997112
vt 0.43822348 0.66119981
vt 0.43840498 0.66063946
vt 0.43805075 0.66172510
vt 0.43785244 0.66232771
vt 0.28654972 0.85600358
vt 0.28622413 0.83943665
vt 0.28633353 0.85041916
vt 0.28655604 0.86150366
vt 0.28630012 0.86140937
vt 0.28658983 0.86703259
vt 0.28668186 0.86155498
vt 0.28725666 0.82933694
vt 0.35085514 0.82950473
vt 0.35321194 0.78581077
vt 0.35255197 0.79105306
vt 0.35403806 0.78625560
vt 0.35343084 0.78595656
vt 0.35317972 0.79139149
vt 0.29856426 0.42965531
vt 0.29841816 0.43532038
vt 0.29864332 0.43542153
vt 0.28637865 0.86696613
vt 0.28656673 0.87252933
vt 0.35626373 0.78681135
vt 0.41692138 0.66511655
vt 0.44101071 0.65192431
vt 0.40197581 0.82502925
vt 0.37325168 0.79019070
vt 0.36495158 0.78684014
vt 0.36952817 0.78480756
vt 0.86145335 0.28621805
vt 0.86161959 0.28595608
vt 0.86656576 0.29026520
vt 0.85650641 0.28198910
vt 0.85635841 0.28227556
vt 0.85129529 0.27842319
vt 0.84650552 0.27398998
vt 0.84615785 0.27501166
vt 0.37809637 0.79434675
vt 0.38630128 0.80422676
vt 0.37828925 0.79408538
vt 0.84677511 0.27332652
vt 0.85142678 0.27811038
vt 0.38248521 0.79887092
vt 0.38668895 0.80361372
vt 0.38266489 0.79858077
vt 0.84637839 0.27432692
vt 0.84626395 0.27466774
vt 0.84126663 0.27101493
vt 0.84117907 0.27138823
vt 0.83623654 0.26787114
vt 0.82660252 0.25978601
vt 0.37370059 0.78973538
vt 0.38188189 0.79970920
vt 0.37390515 0.78949839
vt 0.85187519 0.27719402
vt 0.82735550 0.27296698
vt 0.82793248 0.28267586
vt 0.86370641 0.31430066
vt 0.84604967 0.30288911
vt 0.85825086 0.32430458
vt 0.86258107 0.32568580
vt 0.66898185 0.33931839
vt 0.66955560 0.33911824
vt 0.67161071 0.32945454
vt 0.67063725 0.33425844
vt 0.67119002 0.33407652
vt 0.66734213 0.33537102
vt 0.66788858 0.33518314
vt 0.66843617 0.33499622
vt 0.66841036 0.33952039
vt 0.66556609 0.34054494
vt 0.66625243 0.33574986
vt 0.66533464 0.33151245
vt 0.66679668 0.33555996
vt 0.82782006 0.31606579
vt 0.86250168 0.32630849
vt 0.86243701 0.32682943
vt 0.86237150 0.32735032
vt 0.85798824 0.32649410
vt 0.86216885 0.32891095
vt 0.85348070 0.32688236
vt 0.85772198 0.32870996
vt 0.85751081 0.33036625
vt 0.82746828 0.32162189
vt 0.85313892 0.32981086
vt 0.84876901 0.32932091
vt 0.80008465 0.24045801
vt 0.79597503 0.23931086
vt 0.79186517 0.23948288
vt 0.84432960 0.32954299
vt 0.84425682 0.33018899
vt 0.84855044 0.33116418
vt 0.80008447 0.23976934
vt 0.79597491 0.23865056
vt 0.84418255 0.33083397
vt 0.84847504 0.33177668
vt 0.80008423 0.23908013
vt 0.80008405 0.23839045
vt 0.80419302 0.23735249
vt 0.80419278 0.23663247
vt 0.78364635 0.23506135
vt 0.78364629 0.23448515
vt 0.80830187 0.23619735
vt 0.78364623 0.23391140
vt 0.78775579 0.23598021
vt 0.80008388 0.23770022
vt 0.78775591 0.23658442
vt 0.78775603 0.23718810
vt 0.78775620 0.23779130
vt 0.78775632 0.23839390
vt 0.85299379 0.33097672
vt 0.85292190 0.33156461
vt 0.00064875 0.44966239
vt 0.00010334 0.44993025
vt 0.00064875 0.45440739
vt 0.85306692 0.33039421
vt 0.86223733 0.32839096
vt 0.85334760 0.32805628
vt 0.85765266 0.32926261
vt 0.66670197 0.34013236
vt 0.85327899 0.32864141
vt 0.85758221 0.32981467
vt 0.66727120 0.33992767
vt 0.85743833 0.33091712
vt 0.67013454 0.33892125
vt 0.81242931 0.23415530
vt 0.78365242 0.22384846
vt 0.45878699 0.38694227
vt 0.45937294 0.38679898
vt 0.45878699 0.38271195
vt 0.45930064 0.40453231
vt 0.45930064 0.39991319
vt 0.45878696 0.40012479
vt 0.45878708 0.38271201
vt 0.45937443 0.38257241
vt 0.45878708 0.37848830
vt 0.46007562 0.37376368
vt 0.46007562 0.36919898
vt 0.45965117 0.36936057
vt 0.78364652 0.23574269
vt 0.18809603 0.45152998
vt 0.18809603 0.44694531
vt 0.18748377 0.44718802
vt 0.00064871 0.44506025
vt 0.00064871 0.44009018
vt 0.00007534 0.44040710
vt 0.18900201 0.42797601
vt 0.18900183 0.42309022
vt 0.18803623 0.42359519
vt 0.37306261 0.82981473
vt 0.39407134 0.82957876
vt 0.39850754 0.82828593
vt 0.38686663 0.80329865
vt 0.39071277 0.80864656
vt 0.40351769 0.82223511
vt 0.39139402 0.80727220
vt 0.39528948 0.81259441
vt 0.39966676 0.81676674
vt 0.39574087 0.81145692
vt 0.40396827 0.82100797
vt 0.38703427 0.80297858
vt 0.39153814 0.80691612
vt 0.83158976 0.26274896
vt 0.83630705 0.26746899
vt 0.39586920 0.81106836
vt 0.82668185 0.25914180
vt 0.83656776 0.26627755
vt 0.38719159 0.80265379
vt 0.45963031 0.40242320
vt 0.45930627 0.40257812
vt 0.45963031 0.40910006
vt 0.82826716 0.30306143
vt 0.82701534 0.32706892
vt 0.83084774 0.33242738
vt 0.83092785 0.33169419
vt 0.82647932 0.33244044
vt 0.18734135 0.42937899
vt 0.18734135 0.43382573
vt 0.18808855 0.43365562
vt 0.81652248 0.23434603
vt 0.81654167 0.22340775
vt 0.83973980 0.33124214
vt 0.83981574 0.33056724
vt 0.83537340 0.33107018
vt 0.83529526 0.33177376
vt 0.83521593 0.33247674
vt 0.81241119 0.23648274
vt 0.80830163 0.23544759
vt 0.83513516 0.33317828
vt 0.81241095 0.23570406
vt 0.81652009 0.23515272
vt 0.83966261 0.33191574
vt 0.80830228 0.23769563
vt 0.83958393 0.33258808
vt 0.80830210 0.23694670
vt 0.44827095 0.61309475
vt 0.43103877 0.59833521
vt 0.40661174 0.68713826
vt 0.18458128 0.40911829
vt 0.18428592 0.40890837
vt 0.18428592 0.41979671
vt 0.34736741 0.82762170
vt 0.34780711 0.82796651
vt 0.34998545 0.80649769
vt 0.35065582 0.80122846
vt 0.35140115 0.79601258
vt 0.34878764 0.82861185
vt 0.35151890 0.79609811
vt 0.35081223 0.80705673
vt 0.35243011 0.82979101
vt 0.35176316 0.79625672
vt 0.35234952 0.79093313
vt 0.28538415 0.82805985
vt 0.28567621 0.82822615
vt 0.29230323 0.83640563
vt 0.29179794 0.86130929
vt 0.28547734 0.85006875
vt 0.84410703 0.33147776
vt 0.80419338 0.23879123
vt 0.84403020 0.33212042
vt 0.80419320 0.23807216
vt 0.78609353 0.70065749
vt 0.82043260 0.70849681
vt 0.81967258 0.70183134
vt 0.78734118 0.71856672
vt 0.79350489 0.69146538
vt 0.79342562 0.69072157
vt 0.78517252 0.69095451
vt 0.79334569 0.68997788
vt 0.80830204 0.06260943
vt 0.80831063 0.06335723
vt 0.81651992 0.06246555
vt 0.29937086 0.39388001
vt 0.29862592 0.40207148
vt 0.29937086 0.40215254
vt 0.78364801 0.06828636
vt 0.81652433 0.07221544
vt 0.81652302 0.06321418
vt 0.81852394 0.69210517
vt 0.80168778 0.69048494
vt 0.80177170 0.69122696
vt 0.80008513 0.06125486
vt 0.80008471 0.06200403
vt 0.80830270 0.06111103
vt 0.80160320 0.68974316
vt 0.80830252 0.06186014
vt 0.78364736 0.08178204
vt 0.81652218 0.08830225
vt 0.81013680 0.69172484
vt 0.80185497 0.69196904
vt 0.78364426 0.09153414
vt 0.81653106 0.12112433
vt 0.78365225 0.16122615
vt 0.81651074 0.17220789
vt 0.81651711 0.15156746
vt 0.81651652 0.14069253
vt 0.78365129 0.14404154
vt 0.78364247 0.18965006
vt 0.81652242 0.19533539
vt 0.80009365 0.21180701
vt 0.78364420 0.21791625
vt 0.82151639 0.71860904
vt 0.78365070 0.05790210
vt 0.78365034 0.05929536
vt 0.79186815 0.05840272
vt 0.81833631 0.69073808
vt 0.81022459 0.69246507
vt 0.79186785 0.05990064
vt 0.79186797 0.05915165
vt 0.79186767 0.06064963
vt 0.80008531 0.06050581
vt 0.80996001 0.69024444
vt 0.80008548 0.05975682
vt 0.81004876 0.69098449
vt 0.78364789 0.11104298
vt 0.54410660 0.84959275
vt 0.54060310 0.85777271
vt 0.54824173 0.85986602
vt 0.56508863 0.68819749
vt 0.56577522 0.69100869
vt 0.42545083 0.39551461
vt 0.44475329 0.39646244
vt 0.44258645 0.38697106
vt 0.40287685 0.75756562
vt 0.40324873 0.75733888
vt 0.40544030 0.73360443
vt 0.82282269 0.74481773
vt 0.78780258 0.74160492
vt 0.82282442 0.75030851
vt 0.82250780 0.73329979
vt 0.78778088 0.73155332
vt 0.78766423 0.74759036
vt 0.82233375 0.76469463
vt 0.82118458 0.77846718
vt 0.79426467 0.77727109
vt 0.80316490 0.77823639
vt 0.78673214 0.76360077
vt 0.81178623 0.78149045
vt 0.81186742 0.78086311
vt 0.54621375 0.84103322
vt 0.54695976 0.84123528
vt 0.54745692 0.83223963
vt 0.80277598 0.78122836
vt 0.81194657 0.78023559
vt 0.54771048 0.84143907
vt 0.54807699 0.83240604
vt 0.80267179 0.78198564
vt 0.54846597 0.84164488
vt 0.54869753 0.83257300
vt 0.80256474 0.78274709
vt 0.81170404 0.78211850
vt 0.54958361 0.83738142
vt 0.54931879 0.83274060
vt 0.81153351 0.78337544
vt 0.81590557 0.78458679
vt 0.81135553 0.78463608
vt 0.55249923 0.82903272
vt 0.55307406 0.83376324
vt 0.55304796 0.82918167
vt 0.81116879 0.78590238
vt 0.82036448 0.78531057
vt 0.81582779 0.78513962
vt 0.55414498 0.82947904
vt 0.55394697 0.82484454
vt 0.55950963 0.86307430
vt 0.55441862 0.82955921
vt 0.81562811 0.78651983
vt 0.81550384 0.78734744
vt 0.82011372 0.78721386
vt 0.81065834 0.78911114
vt 0.81566882 0.78624392
vt 0.80307180 0.77897942
vt 0.81202400 0.77960777
vt 0.56059492 0.82518798
vt 0.55583447 0.82535142
vt 0.56581897 0.86359030
vt 0.56340128 0.84434420
vt 0.56230456 0.83215904
vt 0.56312603 0.83943176
vt 0.01091946 0.70204318
vt 0.01014340 0.70911378
vt 0.01013430 0.71148473
vt 0.00842355 0.71609908
vt 0.01399422 0.70183229
vt 0.01567393 0.70129508
vt 0.01375924 0.72022253
vt 0.07963078 0.37138534
vt 0.07981651 0.39016056
vt 0.07981651 0.37127471
vt 0.30578834 0.91758066
vt 0.29303572 0.90119880
vt 0.29294401 0.90272421
vt 0.80703717 0.78312987
vt 0.55181521 0.83341873
vt 0.55056399 0.83307850
vt 0.55524224 0.82978314
vt 0.55627406 0.83465219
vt 0.29258636 0.88999164
vt 0.29303470 0.89320326
vt 0.45932618 0.46932840
vt 0.45933676 0.46217465
vt 0.45855710 0.46270078
vt 0.40601614 0.75005496
vt 0.40470251 0.75981355
vt 0.40596962 0.75328600
vt 0.40662518 0.74346840
vt 0.40596870 0.74349695
vt 0.40389055 0.75702596
vt 0.40445843 0.75837213
vt 0.40654704 0.73681790
vt 0.56056726 0.69106346
vt 0.56079966 0.69258261
vt 0.56133348 0.69396073
vt 0.56196749 0.69362414
vt 0.56234157 0.69341236
vt 0.56253356 0.69659728
vt 0.56380576 0.70238245
vt 0.56345105 0.70261997
vt 0.56300443 0.69960916
vt 0.43026233 0.35138929
vt 0.42707932 0.35014826
vt 0.41837060 0.34857500
vt 0.42989320 0.35040146
vt 0.43562695 0.36448741
vt 0.42133030 0.38052130
vt 0.44064727 0.37976885
vt 0.29895952 0.88901824
vt 0.29245967 0.88952953
vt 0.30883723 0.88750231
vt 0.30897307 0.88814265
vt 0.31558231 0.88698673
vt 0.40202540 0.73487002
vt 0.40119505 0.74874634
vt 0.40153971 0.74849200
vt 0.40077391 0.73564667
vt 0.56874138 0.71161032
vt 0.40670183 0.34637725
vt 0.40658161 0.38198727
vt 0.40658161 0.37001359
vt 0.40634066 0.37018794
vt 0.40662801 0.34614325
vt 0.30225217 0.88857913
vt 0.40663344 0.73347747
vt 0.40261644 0.75443739
vt 0.40206787 0.75146633
vt 0.41621795 0.36637264
vt 0.44711795 0.40973997
vt 0.42924738 0.41626298
vt 0.44838253 0.41953290
vt 0.78527260 0.77704471
vt 0.24408680 0.40181237
vt 0.24485442 0.40193290
vt 0.24485442 0.39301538
vt 0.78517312 0.77780288
vt 0.54325080 0.84936082
vt 0.54400021 0.84043825
vt 0.80287731 0.78047508
vt 0.54683721 0.83207381
vt 0.79392767 0.77984303
vt 0.54473424 0.84063458
vt 0.79404354 0.77897877
vt 0.29872781 0.37580717
vt 0.29849768 0.37581396
vt 0.29872781 0.38549697
vt 0.00570697 0.73009390
vt 0.56746823 0.86328667
vt 0.56623387 0.86352777
vt 0.00593869 0.73013258
vt 0.29874548 0.44962126
vt 0.29851094 0.45911270
vt 0.29874548 0.45912564
vt 0.56548369 0.85379654
vt 0.29291272 0.90295780
vt 0.01220192 0.73899978
vt 0.30569687 0.91813159
vt 0.01198632 0.73907673
vt 0.56570637 0.85374016
vt 0.43168822 0.44058859
vt 0.45065621 0.58689696
vt 0.43277448 0.57648581
vt 0.45232937 0.56000113
vt 0.43415523 0.55019939
vt 0.45287234 0.54653013
vt 0.43464780 0.53264916
vt 0.45338210 0.51506817
vt 0.43469676 0.50191945
vt 0.45327094 0.50158149
vt 0.45247212 0.47462749
vt 0.43348628 0.46683383
vt 0.45120963 0.45220494
vt 0.44980860 0.43430650
vt 0.08116426 0.45907182
vt 0.07973818 0.45410573
vt 0.06662729 0.45893264
vt 0.06573042 0.45410752
vt 0.56043881 0.79445887
vt 0.56511468 0.79138124
vt 0.56043661 0.78044128
vt 0.56246620 0.77953422
vt 0.56300157 0.77926815
vt 0.56835252 0.77600932
vt 0.56860960 0.78895891
vt 0.18462583 0.38572240
vt 0.18436274 0.38591135
vt 0.18462583 0.39867443
vt 0.29848254 0.68789244
vt 0.28409061 0.68604696
vt 0.28572750 0.68842262
vt 0.08116385 0.49991977
vt 0.06661303 0.47652459
vt 0.06615954 0.49992645
vt 0.47243389 0.87538785
vt 0.46904850 0.88712370
vt 0.47227499 0.88898635
vt 0.46941832 0.87348634
vt 0.46474206 0.88513809
vt 0.46474278 0.87068260
vt 0.06550765 0.50386423
vt 0.08025211 0.50386536
vt 0.18460913 0.37203228
vt 0.18436278 0.37184834
vt 0.18436278 0.38572234
vt 0.20394856 0.34221637
vt 0.18734135 0.34590024
vt 0.20115040 0.34609234
vt 0.18899223 0.44481903
vt 0.18882342 0.45826620
vt 0.18899223 0.45836848
vt 0.19024912 0.34196758
vt 0.21318233 0.32735705
vt 0.20954843 0.30757535
vt 0.20138641 0.32458460
vt 0.22333728 0.30653054
vt 0.21617655 0.02424043
vt 0.21031156 0.01368839
vt 0.20662050 0.03188252
vt 0.19591451 0.01227766
vt 0.20604911 0.00686580
vt 0.22255363 0.03777802
vt 0.21347313 0.04959434
vt 0.21473886 0.29284561
vt 0.22932319 0.29023457
vt 0.22708772 0.04943556
vt 0.21822613 0.27907550
vt 0.22960705 0.28933698
vt 0.23382774 0.27386820
vt 0.21930219 0.07387280
vt 0.23284012 0.06866276
vt 0.22164162 0.25619388
vt 0.23419100 0.07436109
vt 0.23453532 0.07591337
vt 0.22127241 0.08857059
vt 0.23735414 0.25643539
vt 0.22380354 0.23419595
vt 0.23945473 0.24291259
vt 0.24086854 0.23170614
vt 0.24207428 0.21978301
vt 0.22629592 0.17237163
vt 0.24404290 0.17835903
vt 0.24397889 0.16480470
vt 0.24326278 0.14466536
vt 0.22575448 0.14585292
vt 0.24175383 0.12421113
vt 0.23932622 0.10326779
vt 0.22529684 0.21214259
vt 0.24364032 0.19535679
vt 0.23672503 0.08690745
vt 0.71765351 0.93038434
vt 0.71902245 0.93506402
vt 0.73259580 0.93038875
vt 0.73316312 0.93381548
vt 0.73326892 0.93413025
vt 0.73354316 0.93484402
vt 0.18871357 0.36065519
vt 0.18900497 0.36049378
vt 0.18871357 0.34608895
vt 0.24427211 0.45552421
vt 0.24427223 0.44111943
vt 0.24409653 0.44119114
vt 0.77573508 0.88721824
vt 0.78115571 0.86968905
vt 0.77544147 0.87274963
vt 0.78049862 0.88414103
vt 0.78368402 0.86796314
vt 0.78368276 0.88191217
vt 0.18734129 0.00001657
vt 0.20129028 -0.00001466
vt 0.71765065 0.88953006
vt 0.73214835 0.88903683
vt 0.56365877 0.77316344
vt 0.56331837 0.75871146
vt 0.56082994 0.75673950
vt 0.56717151 0.76123577
vt 0.56739259 0.77601230
vt 0.56860399 0.76199484
vt 0.73305619 0.88490182
vt 0.71903908 0.88489729
vt 0.73249555 0.88661879
vt 0.55966836 0.76983684
vt 0.07988849 0.39035428
vt 0.07963075 0.39016068
vt 0.07963075 0.40330374
vt 0.29848254 0.34379679
vt 0.28553295 0.34355235
vt 0.28443989 0.34512842
vt 0.28430471 0.34532577
vt 0.28830728 0.35875964
vt 0.28993833 0.67554253
vt 0.27731994 0.65115428
vt 0.27054864 0.66223979
vt 0.28093648 0.37234819
vt 0.27673769 0.35741943
vt 0.26891658 0.37299138
vt 0.27705640 0.67480069
vt 0.26328418 0.64392722
vt 0.27433941 0.38823813
vt 0.26363793 0.38657808
vt 0.27064255 0.63135898
vt 0.27024969 0.40162265
vt 0.25920486 0.62959969
vt 0.25860006 0.40444601
vt 0.26663357 0.41929930
vt 0.26454905 0.59507120
vt 0.26445982 0.43691874
vt 0.25444892 0.43058336
vt 0.25506818 0.60577679
vt 0.25231963 0.57958090
vt 0.26283905 0.57754767
vt 0.25029540 0.54891855
vt 0.26086763 0.54680049
vt 0.26025665 0.52480078
vt 0.24971180 0.53136790
vt 0.24969447 0.50063878
vt 0.26051861 0.49399155
vt 0.25025827 0.48308748
vt 0.26150358 0.47200537
vt 0.25188559 0.45679808
vt 0.57780385 0.28583217
vt 0.60071272 0.29828811
vt 0.59695101 0.28391194
vt 0.57584256 0.27519107
vt 0.59127957 0.32068765
vt 0.58675545 0.31658542
vt 0.58721811 0.31800032
vt 0.60356015 0.32924289
vt 0.58310705 0.30607659
vt 0.61339927 0.32932389
vt 0.61985970 0.34067512
vt 0.71253383 0.33569580
vt 0.71275973 0.34059691
vt 0.71217340 0.32060444
vt 0.71305358 0.29794025
vt 0.71549326 0.33796096
vt 0.71671653 0.31532025
vt 0.71680313 0.30436492
vt 0.71661478 0.32632279
vt 0.71687031 0.31521708
vt 0.63390082 0.84530115
vt 0.63407546 0.84551430
vt 0.66851085 0.84280717
vt 0.71685898 0.32618451
vt 0.71683985 0.33170229
vt 0.62874866 0.84653932
vt 0.62321609 0.84727579
vt 0.71693182 0.33718270
vt 0.71704769 0.33160555
vt 0.62335408 0.84749418
vt 0.62352747 0.84779185
vt 0.66997230 0.84759510
vt 0.62435138 0.85035783
vt 0.60740757 0.31668723
vt 0.58075881 0.29810357
vt 0.62441427 0.85953587
vt 0.62318856 0.86340934
vt 0.66862249 0.89252424
vt 0.86930639 0.86024761
vt 0.83476943 0.88842922
vt 0.83708453 0.89304662
vt 0.63373435 0.87178665
vt 0.62307459 0.86357880
vt 0.63870722 0.87622333
vt 0.84479016 0.88014477
vt 0.84948480 0.87561810
vt 0.85467291 0.87205344
vt 0.85937214 0.86758310
vt 0.64866614 0.88485420
vt 0.63329959 0.87225127
vt 0.86435723 0.86386049
vt 0.83738786 0.89615709
vt 0.87467933 0.86185127
vt 0.83759576 0.90052933
vt 0.87371528 0.87886494
vt 0.83778811 0.90350705
vt 0.86025429 0.89266223
vt 0.83823448 0.90901858
vt 0.84267175 0.90665317
vt 0.86044157 0.90086734
vt 0.84271252 0.90719819
vt 0.83830917 0.90975887
vt 0.84275407 0.90774435
vt 0.83835709 0.91026223
vt 0.46038511 0.36937690
vt 0.46059072 0.36418521
vt 0.46015254 0.36385810
vt 0.84281874 0.90856314
vt 0.83840603 0.91076589
vt 0.24475473 0.47242892
vt 0.24496245 0.46726829
vt 0.24452057 0.46694368
vt 0.84286368 0.90910769
vt 0.45985055 0.36903924
vt 0.46031362 0.37460184
vt 0.46052501 0.36951834
vt 0.83848137 0.91152197
vt 0.45963594 0.47219741
vt 0.46008071 0.46724355
vt 0.45941311 0.46675950
vt 0.83861119 0.91278553
vt 0.83855802 0.91228133
vt 0.84315604 0.91237813
vt 0.84765035 0.91196716
vt 0.84310448 0.91183311
vt 0.83866620 0.91328710
vt 0.84305406 0.91128802
vt 0.84300464 0.91074347
vt 0.84320873 0.91292310
vt 0.83892077 0.91556305
vt 0.83895057 0.91581535
vt 0.45944867 0.44347733
vt 0.45969707 0.44866031
vt 0.45991856 0.44378054
vt 0.83886242 0.91505730
vt 0.18824390 0.47047138
vt 0.18870939 0.46571589
vt 0.18801072 0.46525562
vt 0.83877736 0.91429615
vt 0.18801242 0.47050124
vt 0.18847498 0.46571875
vt 0.83872145 0.91379076
vt 0.45978412 0.35142970
vt 0.46024367 0.34661967
vt 0.45978415 0.34630787
vt 0.84351826 0.91591835
vt 0.84775901 0.91312313
vt 0.83910358 0.91707599
vt 0.19997887 0.88376039
vt 0.20054169 0.87928277
vt 0.20007220 0.87420493
vt 0.19873390 0.87823188
vt 0.19925220 0.87853116
vt 0.19759849 0.87283897
vt 0.19769280 0.87763631
vt 0.19821389 0.87793386
vt 0.19320646 0.87514734
vt 0.19451337 0.88054436
vt 0.19198307 0.86985666
vt 0.19506501 0.88086170
vt 0.19717039 0.87733954
vt 0.20129700 0.87489223
vt 0.20105627 0.88441592
vt 0.48673475 0.38317358
vt 0.48673990 0.38256586
vt 0.48263317 0.38354754
vt 0.45930454 0.36351633
vt 0.45977807 0.35931170
vt 0.45930454 0.35912931
vt 0.48673961 0.38135761
vt 0.48263320 0.38304257
vt 0.49906480 0.38731283
vt 0.48263219 0.38990462
vt 0.85651106 0.91047782
vt 0.84804392 0.91602588
vt 0.85252905 0.91608018
vt 0.85259026 0.91669434
vt 0.85265428 0.91730386
vt 0.84836066 0.91891390
vt 0.85713446 0.91763687
vt 0.84842730 0.91949099
vt 0.49084401 0.37778533
vt 0.49495432 0.37794280
vt 0.49906018 0.37683868
vt 0.85284960 0.91913956
vt 0.86154932 0.91748697
vt 0.49906111 0.37822813
vt 0.50316429 0.37718689
vt 0.50729138 0.37916517
vt 0.84337378 0.91455603
vt 0.84357810 0.91646290
vt 0.84363937 0.91700625
vt 0.84370184 0.91754931
vt 0.84376669 0.91808790
vt 0.84822917 0.91776329
vt 0.19561765 0.88117820
vt 0.19480264 0.88541144
vt 0.84829360 0.91834080
vt 0.19422580 0.88507092
vt 0.49084741 0.37904739
vt 0.48673996 0.38075447
vt 0.49084747 0.38031423
vt 0.19726382 0.88213778
vt 0.19537537 0.88575566
vt 0.19395903 0.88022941
vt 0.19284625 0.87960339
vt 0.48673993 0.38015217
vt 0.19267194 0.87485963
vt 0.19213714 0.87457210
vt 0.19172919 0.87898159
vt 0.48264527 0.40051061
vt 0.83826214 0.90925580
vt 0.66569805 0.89612019
vt 0.65337259 0.88927448
vt 0.65796745 0.89368683
vt 0.66244727 0.89808643
vt 0.87422842 0.85673928
vt 0.87427717 0.85695189
vt 0.66961432 0.88857782
vt 0.87369919 0.90098614
vt 0.64331287 0.88085711
vt 0.29949620 0.43813872
vt 0.29872835 0.43795574
vt 0.29872835 0.44217753
vt 0.24497056 0.42905658
vt 0.24413386 0.43334544
vt 0.24497052 0.43352878
vt 0.51138079 0.37904239
vt 0.51550066 0.37896538
vt 0.51549965 0.39460164
vt 0.86168456 0.91883725
vt 0.87037271 0.91758406
vt 0.86596149 0.91747028
vt 0.50316787 0.37863857
vt 0.51137823 0.37825441
vt 0.87469268 0.91700399
vt 0.18808843 0.43382567
vt 0.18736206 0.43814385
vt 0.18808843 0.43829185
vt 0.45898357 0.46754748
vt 0.45921472 0.47310019
vt 0.45941949 0.46787590
vt 0.59312600 0.26004630
vt 0.57412869 0.26221311
vt 0.71174073 0.30053294
vt 0.18460906 0.35804588
vt 0.18470223 0.34653199
vt 0.18425432 0.34691072
vt 0.64491069 0.84380460
vt 0.66708660 0.84100705
vt 0.62862033 0.84635258
vt 0.71716374 0.29322815
vt 0.71761549 0.29288220
vt 0.64478439 0.84367096
vt 0.66997147 0.86518496
vt 0.85726851 0.91892153
vt 0.50727123 0.37765861
vt 0.51549476 0.59241664
vt 0.48262671 0.59016109
vt 0.51138401 0.59259009
vt 0.51548433 0.58152026
vt 0.49906167 0.57734084
vt 0.51550817 0.56529582
vt 0.51549661 0.52409798
vt 0.48264155 0.53737903
vt 0.51548064 0.54446459
vt 0.48264197 0.47446716
vt 0.51549530 0.49046624
vt 0.51548994 0.47346616
vt 0.48263177 0.45876354
vt 0.51547140 0.42577815
vt 0.48262769 0.42870784
vt 0.51548195 0.43703234
vt 0.51550078 0.41217124
vt 0.48262975 0.41222608
vt 0.49906185 0.41114306
vt 0.48263603 0.49996465
vt 0.51549602 0.44899470
vt 0.48263398 0.44145381
vt 0.48263958 0.57079291
vt 0.48263407 0.55296153
vt 0.48263732 0.51716334
vt 0.51548815 0.50400525
vt 0.51138043 0.59333020
vt 0.49906072 0.59998935
vt 0.50316679 0.59836423
vt 0.48263648 0.60022157
vt 0.50316632 0.59748644
vt 0.50727773 0.59525478
vt 0.49084678 0.60361040
vt 0.49084678 0.60256612
vt 0.49084678 0.60564560
vt 0.48263338 0.60654014
vt 0.48263338 0.60787249
vt 0.64245760 0.76630056
vt 0.64237225 0.76722771
vt 0.65137899 0.76690292
vt 0.49084678 0.60463661
vt 0.48263344 0.60597515
vt 0.64228332 0.76816696
vt 0.65132868 0.76741791
vt 0.65312105 0.73430008
vt 0.61655414 0.73718077
vt 0.65294927 0.74228156
vt 0.61636567 0.74908078
vt 0.65253627 0.75174493
vt 0.65309453 0.72275740
vt 0.65276349 0.71073532
vt 0.61634958 0.72270316
vt 0.61585373 0.71085036
vt 0.61535186 0.70291102
vt 0.61591804 0.69156855
vt 0.61518645 0.69456327
vt 0.65360266 0.70676994
vt 0.65558386 0.70393741
vt 0.61934203 0.68615979
vt 0.62035036 0.68540186
vt 0.63823193 0.69444704
vt 0.65673727 0.70308852
vt 0.75964761 0.89013529
vt 0.75919938 0.89309847
vt 0.56083435 0.88080585
vt 0.56080854 0.88248026
vt 0.56192744 0.89068979
vt 0.56376004 0.89146894
vt 0.56067628 0.87402004
vt 0.56119162 0.88083488
vt 0.56189680 0.86397314
vt 0.56459397 0.88866436
vt 0.56436855 0.89182949
vt 0.56497782 0.89229983
vt 0.56356126 0.86449522
vt 0.56448287 0.74657613
vt 0.56454992 0.74013442
vt 0.56412798 0.74633718
vt 0.56395257 0.74621361
vt 0.56242824 0.73215848
vt 0.56552345 0.73423064
vt 0.56486267 0.73383588
vt 0.56537235 0.73739314
vt 0.60454565 0.00272346
vt 0.59546721 0.00409210
vt 0.59509057 0.00488859
vt 0.60567170 0.02761692
vt 0.58983588 0.01595408
vt 0.58564150 0.02640313
vt 0.57957476 0.04597598
vt 0.60082906 0.04111761
vt 0.59621114 0.05890191
vt 0.57743245 0.05526352
vt 0.57510883 0.06856012
vt 0.75996226 0.88930255
vt 0.75140876 0.88910401
vt 0.74289078 0.88781476
vt 0.56615102 0.87960607
vt 0.56631631 0.87974018
vt 0.55943543 0.75552291
vt 0.46009454 0.35171592
vt 0.45991647 0.35158217
vt 0.45989561 0.37556052
vt 0.56116635 0.74083567
vt 0.61985928 -0.00000036
vt 0.56581151 0.87934786
vt 0.56549436 0.88592112
vt 0.74980247 0.88847220
vt 0.74972296 0.88880932
vt 0.56005329 0.86368716
vt 0.56746763 0.86696362
vt 0.61285245 0.01216155
vt 0.61975914 0.00015569
vt 0.59241408 0.08496618
vt 0.24476789 0.42461872
vt 0.24390942 0.42905682
vt 0.24533740 0.42905688
vt 0.61497766 0.77285624
vt 0.61951345 0.77207273
vt 0.61539894 0.76759350
vt 0.61957365 0.77139902
vt 0.62410462 0.77079380
vt 0.50727326 0.59606785
vt 0.62872422 0.76927733
vt 0.63329077 0.76838619
vt 0.51548874 0.59394926
vt 0.62389392 0.77301407
vt 0.51138043 0.59553683
vt 0.62396616 0.77227050
vt 0.62417096 0.77006018
vt 0.63313234 0.77007222
vt 0.65194613 0.76047397
vt 0.65149528 0.76568735
vt 0.49906024 0.60183036
vt 0.64219052 0.76911891
vt 0.50316757 0.60009104
vt 0.50727397 0.59847534
vt 0.62857664 0.77086109
vt 0.50727367 0.59767896
vt 0.62849909 0.77166170
vt 0.51138115 0.59626704
vt 0.62008291 0.68558323
vt 0.75946254 0.90339357
vt 0.75943184 0.90323281
vt 0.74641329 0.91896039
vt 0.61948127 0.68605334
vt 0.57293946 0.08738309
vt 0.57069451 0.11418879
vt 0.59007800 0.11112738
vt 0.58860278 0.13737571
vt 0.56933087 0.14108020
vt 0.58809894 0.15490627
vt 0.56885123 0.16802049
vt 0.58813959 0.18561453
vt 0.56902272 0.18599218
vt 0.58869123 0.20316076
vt 0.57001621 0.21294045
vt 0.59057748 0.23383033
vt 0.57151836 0.23536706
vt 0.70708585 0.34354544
vt 0.71591467 0.34325540
vt 0.71765351 0.34082854
vt 0.70906913 0.34066343
vt 0.78632659 0.33080429
vt 0.78592300 0.33746243
vt 0.79399103 0.32693410
vt 0.79370481 0.33241564
vt 0.79401201 0.33602577
vt 0.78605783 0.34020567
vt 0.08154628 0.41394293
vt 0.08116440 0.42278945
vt 0.08154628 0.42291987
vt 0.47264236 0.65359515
vt 0.47321430 0.65125340
vt 0.46437344 0.65066123
vt 0.46334493 0.65511292
vt 0.46274307 0.69595462
vt 0.47226152 0.67508310
vt 0.47238880 0.69649541
vt 0.46364078 0.70043105
vt 0.47321260 0.70056045
vt 0.19201896 0.65002781
vt 0.18924187 0.64261341
vt 0.18900192 0.65132117
vt 0.40636262 0.45284730
vt 0.40661108 0.45267081
vt 0.40636262 0.44348621
vt 0.36278886 -0.00023639
vt 0.35361320 0.00019288
vt 0.36314684 0.00021195
vt 0.36649740 0.00487965
vt 0.35282126 0.00516433
vt 0.19554564 0.63993442
vt 0.19556774 0.64867359
vt 0.00013800 0.41519475
vt 0.00066489 0.42390704
vt 0.00066507 0.41494823
vt 0.35884163 0.01400530
vt 0.37188798 0.33511162
vt 0.35884270 0.33431172
vt 0.35282123 0.34315765
vt 0.38190210 0.31659865
vt 0.36959800 0.31447738
vt 0.37907454 0.32231170
vt 0.37480173 0.30149215
vt 0.36956421 0.03376645
vt 0.37949726 0.02682483
vt 0.38780096 0.30287302
vt 0.37349552 0.01587075
vt 0.38294417 0.03393430
vt 0.39089006 0.29429102
vt 0.38672057 0.04269755
vt 0.37788883 0.05660760
vt 0.39004081 0.05153072
vt 0.39136443 0.29285383
vt 0.38124892 0.27743375
vt 0.39192113 0.05718619
vt 0.39452633 0.06611955
vt 0.38117123 0.07048070
vt 0.39478648 0.28119838
vt 0.39731947 0.27059841
vt 0.38409507 0.25739586
vt 0.39711326 0.07673448
vt 0.39729267 0.07755297
vt 0.39746958 0.07837176
vt 0.38409507 0.09092128
vt 0.39762646 0.07910824
vt 0.39950025 0.08871651
vt 0.40012845 0.25588977
vt 0.40588668 0.14538467
vt 0.40530929 0.13615501
vt 0.38760811 0.13134623
vt 0.40352449 0.23127574
vt 0.40372860 0.11853397
vt 0.40538925 0.21027464
vt 0.38760811 0.21697098
vt 0.38878036 0.18543100
vt 0.40592498 0.20125407
vt 0.40654281 0.18319237
vt 0.38878036 0.16288614
vt 0.40650803 0.16210842
vt 0.40187106 0.10358876
vt 0.77796835 0.34019864
vt 0.77802122 0.33083105
vt 0.77314246 0.32864463
vt 0.08116440 0.41378736
vt 0.08152871 0.41394281
vt 0.08152820 0.40442657
vt 0.95184493 0.85663074
vt 0.95277303 0.85208231
vt 0.94233423 0.85653383
vt 0.94299287 0.85393631
vt 0.94300866 0.85372055
vt 0.76977265 0.33586448
vt 0.76987106 0.32668173
vt 0.24487862 0.45924580
vt 0.24510401 0.45006645
vt 0.24487862 0.44991189
vt 0.36404714 0.34687072
vt 0.35471690 0.34659004
vt 0.95277411 0.81122929
vt 0.94361788 0.81246543
vt 0.94358063 0.81043255
vt 0.95188612 0.80676669
vt 0.94330466 0.80831277
vt 0.94289428 0.80678439
vt 0.47121072 0.75081313
vt 0.46775144 0.76075166
vt 0.47142044 0.75923973
vt 0.46748221 0.75254923
vt 0.87851858 0.77993453
vt 0.87987649 0.78861386
vt 0.88315827 0.77590013
vt 0.88555115 0.78346092
vt 0.88341451 0.77569652
vt 0.88380450 0.77533704
vt 0.88413888 0.77502596
vt 0.71765357 0.68442643
vt 0.70793921 0.68294221
vt 0.70908856 0.68461484
vt 0.70479000 0.67812735
vt 0.69609767 0.36232758
vt 0.69497818 0.38287103
vt 0.70760554 0.35603499
vt 0.70489305 0.66417313
vt 0.69701785 0.66442329
vt 0.69120169 0.65165704
vt 0.69752735 0.64835185
vt 0.68819809 0.38073039
vt 0.69232059 0.63330793
vt 0.68601149 0.63700491
vt 0.69025576 0.39814389
vt 0.68286228 0.39841807
vt 0.68099833 0.61610889
vt 0.68692464 0.60820252
vt 0.68661475 0.41608357
vt 0.67912936 0.41826952
vt 0.67754400 0.58985001
vt 0.68411386 0.58436561
vt 0.67457312 0.55409169
vt 0.68119150 0.54466844
vt 0.67359942 0.53168559
vt 0.68058670 0.52698612
vt 0.67337942 0.50028932
vt 0.68048126 0.50044823
vt 0.67403901 0.47787178
vt 0.68212712 0.46067762
vt 0.67610472 0.44654274
vt 0.68442494 0.43423915
vt 0.08070863 0.39737552
vt 0.07997826 0.40171510
vt 0.08073952 0.40171826
vt 0.42181799 0.81000453
vt 0.40781513 0.79812217
vt 0.40844139 0.81036663
vt 0.64617383 0.05479425
vt 0.62767541 0.05285197
vt 0.62481666 0.07229501
vt 0.65045947 0.03712374
vt 0.62929773 0.04497159
vt 0.65680724 0.01873988
vt 0.63554466 0.03086519
vt 0.63235658 0.03277683
vt 0.67068076 0.78308499
vt 0.67144912 0.77950877
vt 0.67051369 0.77301276
vt 0.63644338 0.02800804
vt 0.63338804 0.02922976
vt 0.63314146 0.03007233
vt 0.63819778 0.02279150
vt 0.63799053 0.02337861
vt 0.64211929 0.01934814
vt 0.63779229 0.02396041
vt 0.63758993 0.02454430
vt 0.63266534 0.03170753
vt 0.63590246 0.02972227
vt 0.67176044 0.78006041
vt 0.67330527 0.77762264
vt 0.67207116 0.78061545
vt 0.67238134 0.78117377
vt 0.00007537 0.44009030
vt 0.00066480 0.43620849
vt 0.00007543 0.43524158
vt 0.63287014 0.03099674
vt 0.45878699 0.36397374
vt 0.45930454 0.35996687
vt 0.45878705 0.35912913
vt 0.67254382 0.78664130
vt 0.64076811 0.02298391
vt 0.18531445 0.84342927
vt 0.18211949 0.88056642
vt 0.18493003 0.86809289
vt 0.18360673 0.84029055
vt 0.18035017 0.85804600
vt 0.18065915 0.85823894
vt 0.18050519 0.85814071
vt 0.18134376 0.88013780
vt 0.18070894 0.87984478
vt 0.18057340 0.87435824
vt 0.35298702 0.70149875
vt 0.39837733 0.70699012
vt 0.39941332 0.70297498
vt 0.18475521 0.88312835
vt 0.35444728 0.74844205
vt 0.39957112 0.71873730
vt 0.39837626 0.71495408
vt 0.38364866 0.73115242
vt 0.39453429 0.72324431
vt 0.38887951 0.72694892
vt 0.39976442 0.71901393
vt 0.43723607 0.80315125
vt 0.42759034 0.79404020
vt 0.44661468 0.81266975
vt 0.43741602 0.80287737
vt 0.42242441 0.79015136
vt 0.42709863 0.79499471
vt 0.43207937 0.79919124
vt 0.42695487 0.79532278
vt 0.44597641 0.81385374
vt 0.37871584 0.73560441
vt 0.38953623 0.72766370
vt 0.38931075 0.72743690
vt 0.41715667 0.78673404
vt 0.41197032 0.78349155
vt 0.42186296 0.79155225
vt 0.40708610 0.77941585
vt 0.44519493 0.81652528
vt 0.44477946 0.82974476
vt 0.42599866 0.80305558
vt 0.40863183 0.81804019
vt 0.44364914 0.84573442
vt 0.44432098 0.83754367
vt 0.40864435 0.82724315
vt 0.40816143 0.84185469
vt 0.44236362 0.85672146
vt 0.43810183 0.85522974
vt 0.43802246 0.85575217
vt 0.59517753 0.60704637
vt 0.59517729 0.60644859
vt 0.59106827 0.59997213
vt 0.59928697 0.60601264
vt 0.59928674 0.60538584
vt 0.40757790 0.85052788
vt 0.43781024 0.85740823
vt 0.43355259 0.85595226
vt 0.43773755 0.85795879
vt 0.43318927 0.85886115
vt 0.42446539 0.85801333
vt 0.43311387 0.85944104
vt 0.60750639 0.60497105
vt 0.60339624 0.60420907
vt 0.59928620 0.60475844
vt 0.42439011 0.85865521
vt 0.42871350 0.85933679
vt 0.60750616 0.60428715
vt 0.60339558 0.60355258
vt 0.40842694 0.83625317
vt 0.44228321 0.85724187
vt 0.44221160 0.85776263
vt 0.59928805 0.60851473
vt 0.59517777 0.60764360
vt 0.59106767 0.60796571
vt 0.42901129 0.85689163
vt 0.43766394 0.85850865
vt 0.60339814 0.60682994
vt 0.61161482 0.60151243
vt 0.61161453 0.60079819
vt 0.60750788 0.60291928
vt 0.60750526 0.60223269
vt 0.59517848 0.60943192
vt 0.59106815 0.60853398
vt 0.59106827 0.60913402
vt 0.35319084 0.74439251
vt 0.35284624 0.72298729
vt 0.35686094 0.75130779
vt 0.37982062 0.73646981
vt 0.37388059 0.74004555
vt 0.36914942 0.74447894
vt 0.36416772 0.74870014
vt 0.35973930 0.75318509
vt 0.37016624 0.74506676
vt 0.00066676 0.43036306
vt 0.00013764 0.42390704
vt 0.00012180 0.43067718
vt 0.44748127 0.81150967
vt 0.44242758 0.80719543
vt 0.43780595 0.80234575
vt 0.36948153 0.74468529
vt 0.08161333 0.45765281
vt 0.08161333 0.45090300
vt 0.08125804 0.45108622
vt 0.36982018 0.74488056
vt 0.40721184 0.77878791
vt 0.41691232 0.78749710
vt 0.40670165 0.78524905
vt 0.41702968 0.78711307
vt 0.45878702 0.39310408
vt 0.45878702 0.39991313
vt 0.45913893 0.39974284
vt 0.41729346 0.78636044
vt 0.38463050 0.73207235
vt 0.37953392 0.73626786
vt 0.43278435 0.79802144
vt 0.43326491 0.85828364
vt 0.41999033 0.85864466
vt 0.41991308 0.85931545
vt 0.41535264 0.86079538
vt 0.41543326 0.86009723
vt 0.40662780 0.86050415
vt 0.41983449 0.85998458
vt 0.41975501 0.86065334
vt 0.61572456 0.60147780
vt 0.41967413 0.86132026
vt 0.61572427 0.60073531
vt 0.61572397 0.59999239
vt 0.07997826 0.39302307
vt 0.61572367 0.59924912
vt 0.62394309 0.59901005
vt 0.08149927 0.39302325
vt 0.08073956 0.40168905
vt 0.08149927 0.40175194
vt 0.62394345 0.59981000
vt 0.64314812 0.07463717
vt 0.66559678 -0.00002623
vt 0.17991172 0.83636159
vt 0.35626900 0.69592428
vt 0.37805164 0.69908333
vt 0.37818182 0.69895273
vt 0.35398656 0.69875425
vt 0.35378695 0.69914848
vt 0.39970037 0.70254391
vt 0.39420363 0.70176870
vt 0.37792331 0.69921678
vt 0.63496083 0.02421135
vt 0.61983329 0.59835762
vt 0.63540542 0.02252966
vt 0.64680386 0.01398039
vt 0.39955404 0.70276076
vt 0.42863649 0.85994625
vt 0.61161572 0.60365266
vt 0.42423564 0.85993457
vt 0.61161542 0.60293972
vt 0.42415673 0.86057252
vt 0.61161512 0.60222626
vt 0.60338521 0.41558468
vt 0.62393987 0.42158437
vt 0.62392652 0.40669137
vt 0.59105897 0.41978419
vt 0.59105289 0.45354831
vt 0.62391794 0.46748465
vt 0.62392020 0.44640106
vt 0.59104568 0.42953855
vt 0.62392956 0.47651958
vt 0.59105015 0.47004843
vt 0.59105462 0.49252367
vt 0.62392819 0.49456739
vt 0.59105551 0.50748390
vt 0.62392753 0.51556921
vt 0.59105277 0.52986640
vt 0.62393230 0.53217822
vt 0.59106314 0.56699067
vt 0.62392604 0.55873722
vt 0.62392342 0.54131949
vt 0.62394589 0.57347423
vt 0.60750353 0.58200645
vt 0.62394673 0.59749240
vt 0.62394905 0.58808523
vt 0.61984599 0.59764349
vt 0.59107625 0.58985627
vt 0.59105009 0.55068392
vt 0.59106731 0.40356189
vt 0.24495549 0.44991195
vt 0.24495549 0.44557345
vt 0.24427210 0.44990253
vt 0.62394273 0.59820962
vt 0.62393785 0.39591002
vt 0.62396312 0.38399386
vt 0.59107161 0.37923181
vt 0.59106928 0.39071172
vt 0.60750514 0.37807727
vt 0.59106845 0.37057936
vt 0.11190636 0.87340301
vt 0.07515805 0.86697972
vt 0.07515209 0.87448710
vt 0.11221797 0.85943663
vt 0.07504477 0.86121148
vt 0.10798717 0.83736998
vt 0.06999069 0.85456109
vt 0.07263574 0.85636330
vt 0.91736096 0.82387048
vt 0.91741145 0.82275271
vt 0.08811233 0.84535682
vt 0.10558081 0.83586645
vt 0.11191087 0.87936628
vt 0.07532686 0.88297743
vt 0.47190222 0.77837569
vt 0.47111785 0.78688294
vt 0.47287694 0.77830738
vt 0.47254533 0.78334916
vt 0.47251716 0.78661042
vt 0.91715437 0.81239957
vt 0.47288033 0.76959115
vt 0.47173074 0.77318358
vt 0.47188863 0.77664626
vt 0.46892777 0.78777045
vt 0.47205150 0.76964229
vt 0.47210020 0.76612312
vt 0.47297087 0.75897056
vt 0.46626556 0.78964049
vt 0.46291530 0.76460499
vt 0.46596545 0.78817147
vt 0.88194203 0.75803679
vt 0.88203406 0.75166154
vt 0.88134623 0.75377947
vt 0.88252306 0.76385295
vt 0.46516848 0.78364587
vt 0.88556927 0.77366585
vt 0.88285774 0.75412744
vt 0.88269281 0.75114107
vt 0.88109159 0.75239134
vt 0.64295429 0.33581746
vt 0.66311818 0.33457404
vt 0.64140791 0.33221626
vt 0.64821571 0.29339623
vt 0.63079464 0.30030143
vt 0.63543004 0.31632090
vt 0.65232843 0.30806428
vt 0.62693840 0.28160620
vt 0.64424896 0.27248251
vt 0.62554127 0.27198553
vt 0.92989105 0.80957788
vt 0.93339974 0.81015110
vt 0.93324381 0.80928856
vt 0.93653733 0.80871463
vt 0.92665422 0.81032330
vt 0.92502499 0.81062847
vt 0.40656373 0.39489996
vt 0.40656373 0.38198721
vt 0.40634057 0.38218474
vt 0.92034948 0.81201196
vt 0.92520189 0.81161833
vt 0.65694207 0.32084656
vt 0.46000007 0.42865074
vt 0.46019396 0.42564344
vt 0.45986503 0.40571213
vt 0.66561490 0.33939451
vt 0.62831718 0.28920692
vt 0.18734135 0.36466289
vt 0.18864697 0.36437470
vt 0.18734135 0.34608901
vt 0.62394345 0.38252985
vt 0.11226298 0.89307261
vt 0.07596529 0.89565223
vt 0.11271013 0.90120739
vt 0.11113178 0.84172279
vt 0.11232410 0.84537721
vt 0.11238038 0.84567273
vt 0.93014807 0.83915579
vt 0.10576949 0.83594620
vt 0.64155042 0.24621451
vt 0.62336487 0.08759689
vt 0.64068258 0.10290128
vt 0.62166828 0.11046398
vt 0.62036926 0.13797390
vt 0.63896710 0.13422471
vt 0.63840312 0.15664041
vt 0.61994708 0.15633953
vt 0.61998057 0.18389881
vt 0.63851118 0.18803734
vt 0.62061816 0.20685154
vt 0.63925081 0.21044713
vt 0.62153006 0.22518992
vt 0.62279707 0.24349535
vt 0.00413494 0.81945467
vt 0.62394339 0.66707373
f 1/1 3/3 2/2
f 3/3 4/4 2/2
f 5/5 7/7 6/6
f 7/7 8/8 6/6
f 6/6 8/8 9/9
f 9/9 10/10 6/6
f 11/11 13/13 12/12
f 10/10 9/9 14/14
f 14/14 9/9 15/15
f 16/16 18/18 17/17
f 16/16 17/17 19/19
f 20/20 21/21 17/17
f 17/17 21/21 19/19
f 20/20 22/22 21/21
f 22/22 20/20 23/23
f 22/22 23/23 24/24
f 25/25 27/27 26/26
f 26/26 27/27 28/28
f 29/29 25/25 26/26
f 25/25 29/29 30/30
f 31/31 33/33 32/32
f 33/33 31/31 34/34
f 31/31 36/36 35/35
f 31/31 35/35 34/34
f 37/37 39/39 38/38
f 40/40 42/42 41/41
f 40/40 43/43 42/42
f 44/44 43/43 38/38
f 42/42 45/45 41/41
f 38/38 43/43 40/40
f 46/46 35/35 47/47
f 38/38 39/39 44/44
f 48/48 46/46 47/47
f 49/49 35/35 46/46
f 41/41 45/45 50/50
f 51/51 47/47 52/52
f 49/49 34/34 35/35
f 47/47 51/51 48/48
f 41/41 50/50 53/53
f 51/51 52/52 54/54
f 52/52 55/55 54/54
f 52/52 56/56 55/55
f 53/53 50/50 57/57
f 53/53 57/57 58/58
f 56/56 52/52 59/59
f 57/57 60/60 58/58
f 59/59 61/61 56/56
f 62/62 64/64 63/63
f 58/58 60/60 65/65
f 62/62 63/63 66/66
f 66/66 63/63 67/67
f 68/68 64/64 62/62
f 58/58 65/65 69/69
f 70/70 71/71 67/67
f 64/64 68/68 72/72
f 69/69 65/65 73/73
f 73/73 74/74 69/69
f 69/69 74/74 75/75
f 69/69 75/75 76/76
f 61/61 59/59 77/77
f 77/77 59/59 78/78
f 70/70 78/78 71/71
f 67/67 71/71 66/66
f 69/69 79/79 68/68
f 78/78 70/70 77/77
f 68/68 79/79 72/72
f 76/76 80/80 69/69
f 69/69 80/80 79/79
f 39/39 81/81 44/44
f 39/39 82/82 81/81
f 81/81 82/82 83/83
f 84/84 86/86 85/85
f 82/82 87/87 83/83
f 88/88 90/90 89/89
f 89/89 90/90 91/91
f 91/91 92/92 89/89
f 91/91 93/93 92/92
f 94/94 96/96 95/95
f 95/95 96/96 97/97
f 94/94 98/98 96/96
f 98/98 94/94 99/99
f 99/99 100/100 98/98
f 99/99 101/101 100/100
f 101/101 102/102 100/100
f 103/103 105/105 104/104
f 101/101 106/106 102/102
f 107/107 105/105 103/103
f 107/107 108/108 105/105
f 108/108 107/107 109/109
f 110/110 109/109 107/107
f 111/111 113/113 112/112
f 112/112 113/113 114/114
f 114/114 113/113 115/115
f 116/116 118/118 117/117
f 118/118 116/116 119/119
f 119/119 116/116 1/1
f 115/115 113/113 120/120
f 121/121 115/115 120/120
f 3/3 1/1 116/116
f 121/121 120/120 122/122
f 121/121 122/122 123/123
f 118/118 124/124 117/117
f 125/125 117/117 124/124
f 122/122 127/127 126/126
f 122/122 126/126 123/123
f 125/125 124/124 128/128
f 127/127 122/122 129/129
f 127/127 129/129 130/130
f 125/125 128/128 131/131
f 132/132 130/130 129/129
f 128/128 133/133 131/131
f 131/131 133/133 134/134
f 131/131 134/134 135/135
f 135/135 134/134 136/136
f 135/135 136/136 137/137
f 137/137 136/136 138/138
f 137/137 138/138 139/139
f 139/139 138/138 140/140
f 139/139 140/140 141/141
f 141/141 140/140 142/142
f 141/141 142/142 143/143
f 143/143 142/142 144/144
f 143/143 144/144 132/132
f 132/132 144/144 130/130
f 145/145 147/147 146/146
f 148/148 150/150 149/149
f 151/151 153/153 152/152
f 154/154 156/156 155/155
f 154/154 155/155 157/157
f 158/158 160/160 159/159
f 161/161 163/163 162/162
f 164/164 166/166 165/165
f 165/165 166/166 161/161
f 167/167 169/169 168/168
f 168/168 170/170 167/167
f 167/167 170/170 171/171
f 172/172 170/170 173/173
f 173/173 170/170 174/174
f 174/174 170/170 175/175
f 175/175 170/170 176/176
f 176/176 170/170 177/177
f 172/172 178/178 170/170
f 179/179 181/181 180/180
f 182/182 183/183 157/157
f 184/184 186/186 185/185
f 187/187 189/189 188/188
f 173/173 190/190 172/172
f 191/191 188/188 192/192
f 172/172 193/193 178/178
f 178/178 193/193 194/194
f 178/178 194/194 195/195
f 195/195 196/196 178/178
f 178/178 196/196 197/197
f 178/178 197/197 198/198
f 178/178 198/198 199/199
f 178/178 199/199 200/200
f 178/178 200/200 201/201
f 201/201 202/202 178/178
f 178/178 202/202 203/203
f 178/178 203/203 204/204
f 178/178 204/204 205/205
f 178/178 205/205 206/206
f 178/178 206/206 207/207
f 207/207 208/208 153/153
f 153/153 208/208 209/209
f 153/153 209/209 210/210
f 153/153 210/210 211/211
f 153/153 211/211 212/212
f 153/153 212/212 213/213
f 153/153 213/213 214/214
f 153/153 214/214 215/215
f 215/215 216/216 153/153
f 216/216 217/217 153/153
f 218/218 219/219 153/153
f 220/220 222/222 221/221
f 221/221 222/222 223/223
f 223/223 151/151 224/224
f 224/224 151/151 225/225
f 226/226 153/153 227/227
f 227/227 153/153 228/228
f 228/228 153/153 229/229
f 217/217 230/230 153/153
f 153/153 230/230 231/231
f 153/153 231/231 218/218
f 219/219 229/229 153/153
f 226/226 152/152 153/153
f 152/152 225/225 151/151
f 151/151 223/223 222/222
f 232/232 233/233 149/149
f 149/149 233/233 148/148
f 148/148 234/234 150/150
f 235/235 237/237 236/236
f 238/238 239/239 237/237
f 240/240 242/242 241/241
f 243/243 245/245 244/244
f 239/239 246/246 237/237
f 237/237 246/246 243/243
f 237/237 243/243 244/244
f 237/237 247/247 238/238
f 248/248 250/250 249/249
f 249/249 250/250 251/251
f 237/237 253/253 252/252
f 237/237 252/252 254/254
f 237/237 254/254 255/255
f 256/256 248/248 249/249
f 241/241 147/147 145/145
f 244/244 257/257 237/237
f 237/237 257/257 253/253
f 256/256 249/249 258/258
f 153/153 178/178 207/207
f 259/259 261/261 260/260
f 262/262 264/264 263/263
f 265/265 267/267 266/266
f 265/265 266/266 268/268
f 268/268 266/266 264/264
f 268/268 264/264 262/262
f 269/269 270/270 267/267
f 271/271 273/273 272/272
f 272/272 273/273 274/274
f 272/272 274/274 275/275
f 276/276 260/260 277/277
f 263/263 278/278 262/262
f 267/267 270/270 266/266
f 266/266 270/270 279/279
f 266/266 279/279 280/280
f 281/281 283/283 282/282
f 280/280 282/282 266/266
f 284/284 281/281 285/285
f 284/284 287/287 286/286
f 288/288 284/284 286/286
f 289/289 288/288 286/286
f 290/290 288/288 289/289
f 291/291 293/293 292/292
f 292/292 293/293 290/290
f 294/294 296/296 295/295
f 294/294 295/295 297/297
f 298/298 300/300 299/299
f 296/296 298/298 295/295
f 291/291 301/301 293/293
f 302/302 295/295 303/303
f 293/293 304/304 290/290
f 305/305 307/307 306/306
f 306/306 307/307 299/299
f 299/299 307/307 298/298
f 303/303 309/309 308/308
f 289/289 292/292 290/290
f 310/310 312/312 311/311
f 310/310 311/311 313/313
f 306/306 314/314 305/305
f 315/315 311/311 316/316
f 305/305 318/318 317/317
f 319/319 321/321 320/320
f 317/317 323/323 322/322
f 324/324 292/292 312/312
f 317/317 322/322 307/307
f 307/307 322/322 325/325
f 298/298 296/296 300/300
f 326/326 324/324 312/312
f 327/327 329/329 328/328
f 305/305 317/317 307/307
f 307/307 325/325 330/330
f 331/331 259/259 332/332
f 261/261 259/259 331/331
f 277/277 333/333 271/271
f 333/333 277/277 334/334
f 334/334 277/277 335/335
f 336/336 279/279 270/270
f 334/334 337/337 333/333
f 271/271 272/272 277/277
f 269/269 336/336 270/270
f 281/281 280/280 285/285
f 280/280 281/281 282/282
f 260/260 261/261 277/277
f 276/276 277/277 275/275
f 275/275 277/277 272/272
f 265/265 338/338 267/267
f 284/284 285/285 287/287
f 287/287 339/339 286/286
f 340/340 339/339 341/341
f 340/340 341/341 342/342
f 343/343 345/345 344/344
f 346/346 348/348 347/347
f 349/349 330/330 325/325
f 349/349 325/325 350/350
f 351/351 353/353 352/352
f 340/340 355/355 354/354
f 340/340 354/354 339/339
f 339/339 354/354 356/356
f 339/339 356/356 311/311
f 339/339 311/311 312/312
f 339/339 289/289 286/286
f 330/330 349/349 357/357
f 284/284 283/283 281/281
f 292/292 339/339 312/312
f 356/356 354/354 358/358
f 359/359 361/361 360/360
f 362/362 354/354 355/355
f 363/363 365/365 364/364
f 366/366 368/368 367/367
f 364/364 343/343 344/344
f 364/364 344/344 325/325
f 325/325 344/344 350/350
f 369/369 370/370 156/156
f 370/370 155/155 156/156
f 157/157 155/155 182/182
f 182/182 155/155 166/166
f 166/166 155/155 161/161
f 161/161 155/155 163/163
f 163/163 155/155 371/371
f 163/163 371/371 372/372
f 373/373 371/371 374/374
f 373/373 374/374 375/375
f 375/375 374/374 376/376
f 376/376 374/374 377/377
f 377/377 374/374 378/378
f 378/378 374/374 379/379
f 379/379 374/374 380/380
f 380/380 374/374 381/381
f 381/381 374/374 382/382
f 382/382 374/374 383/383
f 383/383 374/374 384/384
f 384/384 374/374 385/385
f 385/385 374/374 386/386
f 386/386 374/374 387/387
f 387/387 374/374 388/388
f 388/388 374/374 389/389
f 389/389 374/374 390/390
f 390/390 374/374 391/391
f 391/391 374/374 392/392
f 392/392 374/374 393/393
f 393/393 374/374 394/394
f 394/394 374/374 395/395
f 395/395 374/374 396/396
f 396/396 374/374 397/397
f 397/397 374/374 398/398
f 398/398 374/374 399/399
f 399/399 374/374 400/400
f 400/400 374/374 401/401
f 400/400 401/401 402/402
f 402/402 401/401 403/403
f 404/404 406/406 405/405
f 404/404 405/405 407/407
f 404/404 407/407 408/408
f 404/404 408/408 409/409
f 404/404 409/409 410/410
f 404/404 410/410 411/411
f 404/404 411/411 401/401
f 404/404 413/413 412/412
f 404/404 412/412 406/406
f 413/413 404/404 414/414
f 403/403 401/401 411/411
f 415/415 416/416 235/235
f 415/415 235/235 417/417
f 229/229 418/418 228/228
f 419/419 411/411 410/410
f 228/228 420/420 227/227
f 421/421 410/410 409/409
f 227/227 422/422 226/226
f 423/423 409/409 408/408
f 226/226 424/424 152/152
f 425/425 408/408 407/407
f 152/152 426/426 225/225
f 427/427 407/407 405/405
f 414/414 404/404 232/232
f 232/232 404/404 233/233
f 417/417 235/235 236/236
f 237/237 235/235 428/428
f 429/429 247/247 428/428
f 247/247 429/429 430/430
f 431/431 433/433 432/432
f 434/434 436/436 435/435
f 434/434 435/435 242/242
f 242/242 435/435 241/241
f 241/241 435/435 147/147
f 147/147 435/435 249/249
f 237/237 428/428 247/247
f 247/247 430/430 238/238
f 238/238 430/430 437/437
f 438/438 439/439 436/436
f 238/238 440/440 239/239
f 147/147 249/249 146/146
f 146/146 249/249 441/441
f 441/441 249/249 251/251
f 249/249 332/332 258/258
f 221/221 442/442 220/220
f 443/443 415/415 417/417
f 444/444 229/229 219/219
f 402/402 445/445 400/400
f 446/446 219/219 218/218
f 400/400 447/447 399/399
f 448/448 218/218 231/231
f 399/399 449/449 398/398
f 450/450 231/231 230/230
f 398/398 451/451 397/397
f 452/452 230/230 217/217
f 397/397 453/453 396/396
f 454/454 217/217 216/216
f 396/396 455/455 395/395
f 456/456 216/216 215/215
f 395/395 457/457 394/394
f 458/458 215/215 214/214
f 394/394 459/459 393/393
f 460/460 214/214 213/213
f 393/393 461/461 392/392
f 462/462 213/213 212/212
f 392/392 463/463 391/391
f 464/464 212/212 211/211
f 391/391 465/465 390/390
f 466/466 211/211 210/210
f 390/390 467/467 389/389
f 468/468 210/210 209/209
f 389/389 469/469 388/388
f 470/470 209/209 208/208
f 388/388 471/471 387/387
f 472/472 208/208 207/207
f 387/387 473/473 386/386
f 474/474 207/207 206/206
f 386/386 475/475 385/385
f 476/476 206/206 205/205
f 385/385 477/477 384/384
f 478/478 205/205 204/204
f 384/384 479/479 383/383
f 480/480 204/204 203/203
f 383/383 481/481 382/382
f 482/482 203/203 202/202
f 382/382 483/483 381/381
f 484/484 202/202 201/201
f 381/381 485/485 380/380
f 486/486 201/201 200/200
f 380/380 487/487 379/379
f 488/488 200/200 199/199
f 379/379 489/489 378/378
f 490/490 199/199 198/198
f 378/378 491/491 377/377
f 492/492 198/198 197/197
f 377/377 493/493 376/376
f 494/494 197/197 196/196
f 376/376 495/495 375/375
f 496/496 196/196 195/195
f 375/375 497/497 373/373
f 498/498 195/195 194/194
f 373/373 499/499 192/192
f 373/373 192/192 371/371
f 371/371 192/192 188/188
f 371/371 188/188 189/189
f 371/371 189/189 500/500
f 371/371 500/500 372/372
f 163/163 372/372 501/501
f 502/502 177/177 168/168
f 168/168 177/177 170/170
f 258/258 332/332 259/259
f 289/289 339/339 292/292
f 311/311 356/356 316/316
f 503/503 505/505 504/504
f 506/506 356/356 358/358
f 323/323 507/507 322/322
f 508/508 510/510 509/509
f 322/322 363/363 364/364
f 322/322 364/364 325/325
f 511/511 513/513 512/512
f 514/514 516/516 515/515
f 515/515 516/516 513/513
f 515/515 513/513 517/517
f 517/517 513/513 518/518
f 519/519 521/521 520/520
f 522/522 524/524 523/523
f 523/523 524/524 525/525
f 526/526 528/528 527/527
f 523/523 530/530 529/529
f 531/531 514/514 515/515
f 529/529 533/533 532/532
f 534/534 515/515 517/517
f 535/535 517/517 518/518
f 536/536 518/518 513/513
f 536/536 513/513 537/537
f 537/537 513/513 538/538
f 538/538 513/513 539/539
f 539/539 513/513 511/511
f 540/540 542/542 541/541
f 519/519 543/543 522/522
f 544/544 546/546 545/545
f 522/522 547/547 524/524
f 548/548 550/550 549/549
f 524/524 551/551 525/525
f 552/552 554/554 553/553
f 555/555 557/557 556/556
f 558/558 560/560 559/559
f 561/561 560/560 562/562
f 561/561 564/564 563/563
f 565/565 566/566 563/563
f 567/567 568/568 566/566
f 569/569 568/568 570/570
f 566/566 571/571 567/567
f 572/572 569/569 570/570
f 572/572 357/357 349/349
f 563/563 564/564 573/573
f 568/568 567/567 570/570
f 572/572 570/570 357/357
f 563/563 573/573 565/565
f 566/566 565/565 571/571
f 574/574 511/511 512/512
f 574/574 512/512 575/575
f 576/576 578/578 577/577
f 579/579 577/577 580/580
f 538/538 582/582 581/581
f 583/583 580/580 584/584
f 581/581 586/586 585/585
f 587/587 584/584 588/588
f 589/589 591/591 590/590
f 592/592 588/588 593/593
f 593/593 588/588 594/594
f 593/593 594/594 595/595
f 595/595 594/594 596/596
f 596/596 594/594 529/529
f 594/594 558/558 559/559
f 560/560 558/558 562/562
f 594/594 559/559 521/521
f 594/594 521/521 519/519
f 594/594 519/519 522/522
f 594/594 522/522 523/523
f 594/594 523/523 529/529
f 596/596 529/529 532/532
f 596/596 532/532 597/597
f 598/598 517/517 535/535
f 596/596 599/599 595/595
f 600/600 535/535 518/518
f 595/595 601/601 593/593
f 602/602 518/518 536/536
f 593/593 603/603 592/592
f 604/604 536/536 537/537
f 605/605 607/607 606/606
f 585/585 537/537 581/581
f 581/581 537/537 538/538
f 569/569 572/572 349/349
f 561/561 562/562 564/564
f 608/608 610/610 609/609
f 611/611 613/613 612/612
f 614/614 616/616 615/615
f 617/617 619/619 618/618
f 620/620 98/98 100/100
f 621/621 617/617 622/622
f 623/623 624/624 621/621
f 625/625 615/615 626/626
f 627/627 629/629 628/628
f 630/630 615/615 631/631
f 632/632 615/615 633/633
f 632/632 629/629 615/615
f 615/615 629/629 627/627
f 615/615 627/627 631/631
f 630/630 634/634 615/615
f 634/634 635/635 615/615
f 636/636 614/614 615/615
f 637/637 639/639 638/638
f 640/640 642/642 641/641
f 640/640 641/641 643/643
f 644/644 637/637 638/638
f 645/645 100/100 646/646
f 100/100 647/647 646/646
f 648/648 647/647 649/649
f 650/650 652/652 651/651
f 650/650 654/654 653/653
f 652/652 655/655 651/651
f 656/656 658/658 657/657
f 659/659 660/660 653/653
f 661/661 656/656 662/662
f 656/656 657/657 662/662
f 656/656 661/661 663/663
f 663/663 665/665 664/664
f 661/661 662/662 666/666
f 660/660 667/667 650/650
f 660/660 650/650 653/653
f 664/664 108/108 656/656
f 656/656 108/108 109/109
f 668/668 656/656 109/109
f 663/663 664/664 656/656
f 669/669 671/671 670/670
f 671/671 673/673 672/672
f 671/671 672/672 674/674
f 671/671 674/674 670/670
f 670/670 675/675 669/669
f 669/669 675/675 676/676
f 677/677 678/678 669/669
f 669/669 678/678 679/679
f 680/680 682/682 681/681
f 683/683 685/685 684/684
f 686/686 688/688 687/687
f 689/689 690/690 684/684
f 691/691 693/693 692/692
f 694/694 696/696 695/695
f 697/697 699/699 698/698
f 700/700 702/702 701/701
f 698/698 704/704 703/703
f 705/705 707/707 706/706
f 703/703 709/709 708/708
f 710/710 712/712 711/711
f 708/708 714/714 713/713
f 715/715 717/717 716/716
f 669/669 676/676 677/677
f 645/645 620/620 100/100
f 718/718 102/102 719/719
f 719/719 102/102 106/106
f 720/720 722/722 721/721
f 721/721 722/722 723/723
f 660/660 659/659 724/724
f 660/660 724/724 725/725
f 726/726 722/722 720/720
f 723/723 722/722 727/727
f 647/647 100/100 649/649
f 649/649 100/100 102/102
f 649/649 102/102 718/718
f 724/724 722/722 725/725
f 725/725 722/722 726/726
f 664/664 728/728 108/108
f 121/121 729/729 115/115
f 121/121 671/671 730/730
f 731/731 121/121 730/730
f 729/729 121/121 731/731
f 668/668 109/109 732/732
f 729/729 114/114 733/733
f 734/734 736/736 735/735
f 733/733 115/115 729/729
f 737/737 739/739 738/738
f 673/673 126/126 672/672
f 740/740 742/742 741/741
f 672/672 127/127 674/674
f 743/743 608/608 744/744
f 744/744 608/608 745/745
f 745/745 608/608 746/746
f 746/746 608/608 747/747
f 748/748 750/750 749/749
f 749/749 752/752 751/751
f 685/685 610/610 689/689
f 753/753 755/755 754/754
f 754/754 755/755 609/609
f 754/754 609/609 685/685
f 685/685 609/609 610/610
f 756/756 686/686 687/687
f 756/756 687/687 757/757
f 609/609 748/748 749/749
f 609/609 749/749 608/608
f 608/608 749/749 751/751
f 608/608 751/751 747/747
f 689/689 610/610 713/713
f 689/689 713/713 758/758
f 703/703 610/610 698/698
f 698/698 610/610 697/697
f 708/708 713/713 610/610
f 708/708 610/610 703/703
f 689/689 684/684 685/685
f 754/754 685/685 759/759
f 760/760 762/762 761/761
f 697/697 610/610 763/763
f 763/763 610/610 764/764
f 121/121 123/123 671/671
f 671/671 123/123 673/673
f 674/674 765/765 670/670
f 766/766 744/744 745/745
f 670/670 767/767 675/675
f 768/768 745/745 746/746
f 675/675 769/769 676/676
f 770/770 746/746 747/747
f 676/676 771/771 677/677
f 772/772 747/747 751/751
f 677/677 773/773 678/678
f 575/575 618/618 619/619
f 617/617 618/618 622/622
f 618/618 575/575 512/512
f 621/621 622/622 623/623
f 626/626 774/774 625/625
f 615/615 625/625 775/775
f 774/774 626/626 624/624
f 633/633 775/775 776/776
f 633/633 776/776 777/777
f 778/778 780/780 779/779
f 777/777 781/781 632/632
f 782/782 784/784 783/783
f 783/783 784/784 785/785
f 786/786 788/788 787/787
f 787/787 788/788 789/789
f 789/789 643/643 637/637
f 637/637 643/643 641/641
f 615/615 775/775 633/633
f 633/633 777/777 632/632
f 629/629 790/790 628/628
f 791/791 785/785 788/788
f 628/628 792/792 627/627
f 793/793 786/786 787/787
f 787/787 789/789 794/794
f 794/794 789/789 795/795
f 795/795 789/789 644/644
f 644/644 789/789 637/637
f 635/635 636/636 615/615
f 796/796 96/96 98/98
f 623/623 774/774 624/624
f 620/620 796/796 98/98
f 764/764 610/610 797/797
f 797/797 610/610 798/798
f 797/797 798/798 799/799
f 799/799 798/798 800/800
f 800/800 798/798 801/801
f 800/800 801/801 802/802
f 802/802 801/801 803/803
f 802/802 803/803 804/804
f 804/804 803/803 805/805
f 804/804 805/805 806/806
f 806/806 805/805 807/807
f 807/807 805/805 808/808
f 807/807 808/808 809/809
f 809/809 808/808 810/810
f 809/809 810/810 369/369
f 369/369 810/810 370/370
f 811/811 813/813 812/812
f 812/812 814/814 811/811
f 815/815 817/817 816/816
f 815/815 816/816 818/818
f 818/818 816/816 819/819
f 812/812 820/820 814/814
f 815/815 822/822 821/821
f 815/815 821/821 817/817
f 823/823 825/825 824/824
f 826/826 825/825 823/823
f 827/827 829/829 828/828
f 813/813 831/831 830/830
f 830/830 831/831 832/832
f 811/811 831/831 813/813
f 832/832 834/834 833/833
f 835/835 837/837 836/836
f 836/836 837/837 838/838
f 839/839 841/841 840/840
f 842/842 844/844 843/843
f 845/845 847/847 846/846
f 846/846 847/847 848/848
f 848/848 849/849 846/846
f 849/849 848/848 850/850
f 850/850 851/851 849/849
f 852/852 854/854 853/853
f 855/855 857/857 856/856
f 832/832 833/833 830/830
f 858/858 860/860 859/859
f 861/861 863/863 862/862
f 862/862 863/863 864/864
f 862/862 865/865 861/861
f 862/862 864/864 866/866
f 859/859 867/867 858/858
f 868/868 866/866 864/864
f 836/836 859/859 835/835
f 868/868 869/869 866/866
f 858/858 870/870 860/860
f 859/859 836/836 867/867
f 871/871 865/865 862/862
f 860/860 870/870 872/872
f 865/865 871/871 873/873
f 872/872 870/870 874/874
f 873/873 871/871 875/875
f 872/872 874/874 876/876
f 876/876 874/874 877/877
f 876/876 877/877 878/878
f 879/879 880/880 871/871
f 871/871 880/880 875/875
f 881/881 876/876 878/878
f 882/882 876/876 881/881
f 880/880 879/879 883/883
f 884/884 876/876 882/882
f 876/876 884/884 885/885
f 886/886 883/883 879/879
f 887/887 889/889 888/888
f 890/890 892/892 891/891
f 893/893 886/886 894/894
f 895/895 897/897 896/896
f 898/898 887/887 888/888
f 890/890 891/891 898/898
f 899/899 894/894 886/886
f 890/890 898/898 888/888
f 893/893 883/883 886/886
f 889/889 887/887 895/895
f 889/889 895/895 896/896
f 896/896 897/897 886/886
f 900/900 892/892 901/901
f 901/901 892/892 890/890
f 897/897 899/899 886/886
f 885/885 884/884 901/901
f 901/901 884/884 900/900
f 902/902 904/904 903/903
f 903/903 904/904 905/905
f 902/902 906/906 904/904
f 902/902 907/907 906/906
f 908/908 910/910 909/909
f 911/911 913/913 912/912
f 911/911 912/912 914/914
f 913/913 911/911 915/915
f 911/911 916/916 915/915
f 917/917 919/919 918/918
f 920/920 922/922 921/921
f 868/868 923/923 869/869
f 869/869 923/923 924/924
f 925/925 926/926 905/905
f 905/905 926/926 903/903
f 925/925 927/927 926/926
f 928/928 930/930 929/929
f 931/931 933/933 932/932
f 932/932 934/934 931/931
f 932/932 935/935 934/934
f 936/936 938/938 937/937
f 939/939 941/941 940/940
f 940/940 941/941 929/929
f 940/940 929/929 930/930
f 942/942 943/943 928/928
f 928/928 929/929 942/942
f 944/944 946/946 945/945
f 944/944 927/927 946/946
f 926/926 927/927 944/944
f 947/947 949/949 948/948
f 950/950 952/952 951/951
f 950/950 931/931 952/952
f 947/947 828/828 949/949
f 951/951 952/952 953/953
f 933/933 931/931 950/950
f 828/828 829/829 949/949
f 951/951 953/953 954/954
f 948/948 955/955 947/947
f 954/954 953/953 956/956
f 954/954 956/956 957/957
f 955/955 948/948 958/958
f 955/955 958/958 959/959
f 960/960 957/957 956/956
f 957/957 960/960 961/961
f 958/958 962/962 959/959
f 963/963 962/962 958/958
f 960/960 964/964 961/961
f 964/964 960/960 965/965
f 964/964 965/965 966/966
f 964/964 966/966 967/967
f 967/967 966/966 968/968
f 968/968 966/966 969/969
f 968/968 969/969 970/970
f 969/969 971/971 970/970
f 970/970 971/971 972/972
f 972/972 971/971 973/973
f 972/972 973/973 974/974
f 972/972 974/974 975/975
f 975/975 974/974 962/962
f 975/975 962/962 963/963
f 976/976 978/978 977/977
f 979/979 978/978 976/976
f 980/980 982/982 981/981
f 983/983 984/984 980/980
f 985/985 987/987 986/986
f 988/988 990/990 989/989
f 991/991 993/993 992/992
f 992/992 994/994 985/985
f 985/985 994/994 995/995
f 996/996 998/998 997/997
f 999/999 1001/1001 1000/1000
f 1002/1002 989/989 999/999
f 999/999 989/989 1001/1001
f 1003/1003 989/989 1002/1002
f 1003/1003 1002/1002 997/997
f 1004/1004 1006/1006 1005/1005
f 1007/1007 1009/1009 1008/1008
f 1010/1010 1012/1012 1011/1011
f 1001/1001 989/989 1013/1013
f 1013/1013 989/989 1014/1014
f 1009/1009 1007/1007 1015/1015
f 1016/1016 983/983 1017/1017
f 1018/1018 1020/1020 1019/1019
f 1019/1019 1020/1020 1021/1021
f 1022/1022 1023/1023 978/978
f 1024/1024 978/978 1023/1023
f 1025/1025 978/978 1026/1026
f 1022/1022 978/978 1025/1025
f 1027/1027 978/978 1028/1028
f 1028/1028 978/978 1029/1029
f 1030/1030 1032/1032 1031/1031
f 1033/1033 1026/1026 1034/1034
f 1035/1035 1037/1037 1036/1036
f 1038/1038 1028/1028 1039/1039
f 1040/1040 1029/1029 1041/1041
f 1042/1042 978/978 1043/1043
f 1043/1043 978/978 979/979
f 1026/1026 978/978 1034/1034
f 1034/1034 978/978 1027/1027
f 1044/1044 1046/1046 1045/1045
f 1047/1047 1022/1022 1025/1025
f 1028/1028 1029/1029 1039/1039
f 1029/1029 978/978 1041/1041
f 1041/1041 978/978 1042/1042
f 977/977 1049/1049 1048/1048
f 1048/1048 976/976 977/977
f 1050/1050 1051/1051 977/977
f 1052/1052 1050/1050 1053/1053
f 1054/1054 1056/1056 1055/1055
f 1055/1055 1056/1056 1057/1057
f 1057/1057 1056/1056 1058/1058
f 1059/1059 1056/1056 1060/1060
f 1060/1060 1056/1056 1061/1061
f 1061/1061 1056/1056 1062/1062
f 1062/1062 1056/1056 1054/1054
f 1063/1063 1065/1065 1064/1064
f 1064/1064 1065/1065 1066/1066
f 1066/1066 1065/1065 1059/1059
f 1059/1059 1065/1065 1056/1056
f 1050/1050 1052/1052 1067/1067
f 1067/1067 1052/1052 1068/1068
f 1067/1067 1068/1068 1069/1069
f 1067/1067 1069/1069 1070/1070
f 1067/1067 1070/1070 1071/1071
f 1072/1072 1073/1073 1067/1067
f 1067/1067 1073/1073 1074/1074
f 1075/1075 1077/1077 1076/1076
f 1076/1076 1077/1077 1078/1078
f 1079/1079 1081/1081 1080/1080
f 1082/1082 1084/1084 1083/1083
f 1085/1085 1080/1080 1086/1086
f 1083/1083 1088/1088 1087/1087
f 1089/1089 1086/1086 1090/1090
f 1091/1091 1093/1093 1092/1092
f 1092/1092 1093/1093 1094/1094
f 1092/1092 1094/1094 1095/1095
f 1095/1095 1094/1094 1096/1096
f 1093/1093 1091/1091 1097/1097
f 1097/1097 1091/1091 1098/1098
f 1097/1097 1098/1098 1099/1099
f 1099/1099 1098/1098 1090/1090
f 1099/1099 1090/1090 1100/1100
f 1100/1100 1090/1090 1086/1086
f 1100/1100 1086/1086 1101/1101
f 1101/1101 1086/1086 1080/1080
f 1101/1101 1080/1080 1102/1102
f 1102/1102 1080/1080 1081/1081
f 1103/1103 1104/1104 1078/1078
f 1105/1105 1107/1107 1106/1106
f 1108/1108 1078/1078 1077/1077
f 1072/1072 1067/1067 1109/1109
f 1109/1109 1067/1067 1071/1071
f 1074/1074 1111/1111 1110/1110
f 1112/1112 1066/1066 1059/1059
f 1110/1110 1114/1114 1113/1113
f 1115/1115 1059/1059 1060/1060
f 1075/1075 1116/1116 1077/1077
f 1117/1117 1055/1055 1057/1057
f 1118/1118 1096/1096 1119/1119
f 1120/1120 1122/1122 1121/1121
f 1123/1123 1125/1125 1124/1124
f 1126/1126 1128/1128 1127/1127
f 1129/1129 1131/1131 1130/1130
f 1099/1099 1132/1132 1097/1097
f 1133/1133 1135/1135 1134/1134
f 1136/1136 1138/1138 1137/1137
f 1139/1139 1141/1141 1140/1140
f 1142/1142 1020/1020 1143/1143
f 1018/1018 1144/1144 1020/1020
f 1018/1018 1044/1044 1045/1045
f 1145/1145 1147/1147 1146/1146
f 1146/1146 1147/1147 1018/1018
f 1147/1147 1149/1149 1148/1148
f 1147/1147 1148/1148 1150/1150
f 1151/1151 1152/1152 1150/1150
f 1150/1150 1152/1152 1147/1147
f 1044/1044 1018/1018 1019/1019
f 1144/1144 1143/1143 1020/1020
f 1145/1145 1153/1153 1147/1147
f 1147/1147 1153/1153 1149/1149
f 1148/1148 1154/1154 1150/1150
f 1155/1155 1041/1041 1156/1156
f 1151/1151 1157/1157 1152/1152
f 1158/1158 1042/1042 1043/1043
f 1040/1040 1159/1159 1029/1029
f 1160/1160 1149/1149 1153/1153
f 1146/1146 1018/1018 1035/1035
f 1035/1035 1018/1018 1031/1031
f 1031/1031 1018/1018 1030/1030
f 1030/1030 1018/1018 1045/1045
f 1048/1048 979/979 976/976
f 1042/1042 1156/1156 1041/1041
f 1161/1161 1163/1163 1162/1162
f 1036/1036 1146/1146 1035/1035
f 1044/1044 1019/1019 1021/1021
f 1049/1049 1051/1051 1164/1164
f 1165/1165 1167/1167 1166/1166
f 1165/1165 1166/1166 1168/1168
f 1169/1169 1171/1171 1170/1170
f 1172/1172 1118/1118 1173/1173
f 1076/1076 1067/1067 1113/1113
f 1165/1165 1175/1175 1174/1174
f 1165/1165 1174/1174 1176/1176
f 1176/1176 1177/1177 1165/1165
f 1165/1165 1177/1177 1178/1178
f 1165/1165 1178/1178 1167/1167
f 1179/1179 1095/1095 1180/1180
f 1167/1167 1181/1181 1166/1166
f 1182/1182 1180/1180 1183/1183
f 1049/1049 977/977 1051/1051
f 1051/1051 1050/1050 1164/1164
f 1164/1164 1050/1050 1067/1067
f 1076/1076 1078/1078 1104/1104
f 1076/1076 1104/1104 1082/1082
f 1076/1076 1082/1082 1083/1083
f 1076/1076 1083/1083 1087/1087
f 1076/1076 1087/1087 1165/1165
f 1165/1165 1087/1087 1175/1175
f 1174/1174 1184/1184 1176/1176
f 1185/1185 1091/1091 1092/1092
f 1176/1176 1186/1186 1177/1177
f 1187/1187 1092/1092 1095/1095
f 1180/1180 1118/1118 1183/1183
f 1173/1173 1118/1118 1119/1119
f 981/981 1189/1189 1188/1188
f 981/981 982/982 1189/1189
f 980/980 984/984 982/982
f 983/983 1016/1016 984/984
f 985/985 1190/1190 991/991
f 991/991 1190/1190 1016/1016
f 1191/1191 1193/1193 1192/1192
f 1194/1194 1196/1196 1195/1195
f 1195/1195 1196/1196 1197/1197
f 1195/1195 1197/1197 1198/1198
f 1195/1195 1198/1198 1199/1199
f 1199/1199 1198/1198 1200/1200
f 1199/1199 1200/1200 1201/1201
f 1199/1199 1201/1201 1004/1004
f 1004/1004 1005/1005 1202/1202
f 1202/1202 1005/1005 1009/1009
f 1203/1203 1204/1204 1004/1004
f 1203/1203 1004/1004 1201/1201
f 997/997 998/998 1205/1205
f 997/997 1206/1206 1003/1003
f 1202/1202 1009/1009 1015/1015
f 1190/1190 985/985 986/986
f 1207/1207 1208/1208 988/988
f 988/988 1208/1208 990/990
f 988/988 989/989 1003/1003
f 1016/1016 1017/1017 991/991
f 991/991 992/992 985/985
f 997/997 1002/1002 996/996
f 1209/1209 999/999 1000/1000
f 1204/1204 1006/1006 1004/1004
f 1142/1142 1015/1015 1020/1020
f 1067/1067 1074/1074 1110/1110
f 1067/1067 1110/1110 1113/1113
f 1113/1113 1075/1075 1076/1076
f 1087/1087 1210/1210 1175/1175
f 1211/1211 1090/1090 1098/1098
f 1175/1175 1212/1212 1174/1174
f 1213/1213 1098/1098 1091/1091
f 1095/1095 1096/1096 1180/1180
f 1180/1180 1096/1096 1118/1118
f 1015/1015 1142/1142 1202/1202
f 1214/1214 1216/1216 1215/1215
f 1214/1214 1215/1215 1217/1217
f 1218/1218 1220/1220 1219/1219
f 1219/1219 1220/1220 1221/1221
f 1222/1222 1224/1224 1223/1223
f 1225/1225 1227/1227 1226/1226
f 1223/1223 1229/1229 1228/1228
f 1223/1223 1230/1230 1229/1229
f 1216/1216 1214/1214 1231/1231
f 1232/1232 1233/1233 1218/1218
f 1234/1234 1236/1236 1235/1235
f 1237/1237 1218/1218 1219/1219
f 1235/1235 1238/1238 1222/1222
f 1239/1239 1229/1229 1240/1240
f 1241/1241 1214/1214 1242/1242
f 1242/1242 1214/1214 1233/1233
f 1233/1233 1214/1214 1218/1218
f 1218/1218 1214/1214 1220/1220
f 1243/1243 1240/1240 1244/1244
f 1245/1245 1247/1247 1246/1246
f 1248/1248 1247/1247 1249/1249
f 1250/1250 1246/1246 1251/1251
f 1252/1252 1251/1251 1173/1173
f 1252/1252 1173/1173 1253/1253
f 1247/1247 1245/1245 1249/1249
f 1246/1246 1250/1250 1245/1245
f 1253/1253 1250/1250 1252/1252
f 1251/1251 1252/1252 1250/1250
f 1217/1217 1215/1215 1254/1254
f 1255/1255 1257/1257 1256/1256
f 1258/1258 1259/1259 1241/1241
f 1256/1256 1261/1261 1260/1260
f 1256/1256 1260/1260 1228/1228
f 1228/1228 1260/1260 1262/1262
f 1228/1228 1262/1262 1234/1234
f 1228/1228 1234/1234 1235/1235
f 1228/1228 1235/1235 1222/1222
f 1228/1228 1222/1222 1223/1223
f 1228/1228 1229/1229 1239/1239
f 1263/1263 1234/1234 1262/1262
f 1233/1233 1264/1264 1242/1242
f 1265/1265 1262/1262 1260/1260
f 1242/1242 1266/1266 1241/1241
f 1214/1214 1241/1241 1259/1259
f 1214/1214 1259/1259 1231/1231
f 1239/1239 1240/1240 1243/1243
f 1243/1243 1244/1244 1267/1267
f 1249/1249 1244/1244 1248/1248
f 1253/1253 1173/1173 1119/1119
f 1244/1244 1249/1249 1267/1267
f 1268/1268 1270/1270 1269/1269
f 1271/1271 1272/1272 939/939
f 1273/1273 1275/1275 1274/1274
f 1276/1276 1278/1278 1277/1277
f 1279/1279 1281/1281 1280/1280
f 1279/1279 1283/1283 1282/1282
f 1284/1284 1281/1281 1285/1285
f 1286/1286 1288/1288 1287/1287
f 1286/1286 1287/1287 1289/1289
f 1290/1290 1291/1291 1286/1286
f 1292/1292 1294/1294 1293/1293
f 1295/1295 1296/1296 1291/1291
f 1293/1293 1298/1298 1297/1297
f 1299/1299 1291/1291 1290/1290
f 1297/1297 1301/1301 1300/1300
f 1296/1296 1286/1286 1291/1291
f 1290/1290 1303/1303 1302/1302
f 1300/1300 1305/1305 1304/1304
f 1303/1303 1286/1286 1306/1306
f 1306/1306 1286/1286 1307/1307
f 1306/1306 1307/1307 1308/1308
f 1309/1309 1311/1311 1310/1310
f 1312/1312 1314/1314 1313/1313
f 1310/1310 1316/1316 1315/1315
f 1317/1317 1315/1315 1318/1318
f 1319/1319 1313/1313 1320/1320
f 1320/1320 1313/1313 1321/1321
f 1320/1320 1321/1321 1322/1322
f 1319/1319 1323/1323 1313/1313
f 1313/1313 1314/1314 1307/1307
f 1307/1307 1286/1286 1313/1313
f 1286/1286 1325/1325 1324/1324
f 1286/1286 1324/1324 1288/1288
f 1326/1326 1317/1317 1327/1327
f 1326/1326 1329/1329 1328/1328
f 1326/1326 1330/1330 1329/1329
f 1329/1329 1330/1330 1331/1331
f 1332/1332 1334/1334 1333/1333
f 1335/1335 1333/1333 1334/1334
f 1336/1336 912/912 1334/1334
f 1336/1336 1334/1334 1332/1332
f 1337/1337 1338/1338 1336/1336
f 1339/1339 1341/1341 1340/1340
f 1342/1342 1344/1344 1343/1343
f 1290/1290 1286/1286 1303/1303
f 1345/1345 1303/1303 1306/1306
f 1304/1304 1347/1347 1346/1346
f 1318/1318 1348/1348 1317/1317
f 1317/1317 1348/1348 1349/1349
f 1289/1289 1285/1285 1286/1286
f 1350/1350 925/925 1351/1351
f 1352/1352 1354/1354 1353/1353
f 1355/1355 1357/1357 1356/1356
f 1358/1358 1355/1355 1359/1359
f 1355/1355 1361/1361 1360/1360
f 1355/1355 1360/1360 1359/1359
f 1362/1362 1359/1359 1360/1360
f 1363/1363 1365/1365 1364/1364
f 1278/1278 1360/1360 1277/1277
f 1271/1271 1366/1366 1365/1365
f 1367/1367 1366/1366 1271/1271
f 1368/1368 1367/1367 1271/1271
f 1271/1271 1365/1365 1363/1363
f 1271/1271 930/930 1369/1369
f 1271/1271 1369/1369 1370/1370
f 1271/1271 1370/1370 1371/1371
f 1271/1271 1371/1371 1368/1368
f 1372/1372 1374/1374 1373/1373
f 1375/1375 1372/1372 1373/1373
f 1376/1376 1378/1378 1377/1377
f 1378/1378 1275/1275 1273/1273
f 1343/1343 925/925 905/905
f 925/925 1380/1380 1379/1379
f 927/927 925/925 1379/1379
f 1381/1381 927/927 1382/1382
f 927/927 1381/1381 1383/1383
f 927/927 1383/1383 946/946
f 1276/1276 1384/1384 1278/1278
f 1384/1384 1386/1386 1385/1385
f 1384/1384 1385/1385 1387/1387
f 1272/1272 1388/1388 939/939
f 1372/1372 1389/1389 1374/1374
f 1390/1390 1392/1392 1391/1391
f 1374/1374 1393/1393 1373/1373
f 1379/1379 1394/1394 927/927
f 927/927 1394/1394 1382/1382
f 1395/1395 1360/1360 1278/1278
f 1276/1276 1396/1396 1384/1384
f 1384/1384 1396/1396 1397/1397
f 1384/1384 1397/1397 1386/1386
f 1271/1271 939/939 940/940
f 1271/1271 940/940 930/930
f 1360/1360 1395/1395 1362/1362
f 925/925 1350/1350 1380/1380
f 1355/1355 1356/1356 1361/1361
f 1372/1372 1398/1398 1389/1389
f 1376/1376 1398/1398 1372/1372
f 1399/1399 1400/1400 1274/1274
f 1399/1399 1401/1401 1400/1400
f 1274/1274 1400/1400 1273/1273
f 1273/1273 1377/1377 1378/1378
f 1376/1376 1377/1377 1398/1398
f 1282/1282 1217/1217 1254/1254
f 1282/1282 1283/1283 1217/1217
f 1279/1279 1280/1280 1283/1283
f 1285/1285 1289/1289 1284/1284
f 1281/1281 1284/1284 1280/1280
f 1289/1289 1287/1287 1402/1402
f 1403/1403 1405/1405 1404/1404
f 1406/1406 1287/1287 1288/1288
f 1269/1269 1408/1408 1407/1407
f 1269/1269 1407/1407 1268/1268
f 1270/1270 1268/1268 1293/1293
f 1270/1270 1293/1293 1297/1297
f 1270/1270 1297/1297 1300/1300
f 1346/1346 1270/1270 1304/1304
f 1304/1304 1270/1270 1300/1300
f 1293/1293 1268/1268 1292/1292
f 1270/1270 1310/1310 1317/1317
f 1327/1327 1317/1317 1349/1349
f 1315/1315 1317/1317 1310/1310
f 1309/1309 1310/1310 1270/1270
f 1309/1309 1270/1270 1346/1346
f 1286/1286 1296/1296 1325/1325
f 1325/1325 1296/1296 1409/1409
f 1410/1410 1292/1292 1268/1268
f 1325/1325 1411/1411 1324/1324
f 1412/1412 1268/1268 1407/1407
f 1324/1324 1413/1413 1288/1288
f 1414/1414 1416/1416 1415/1415
f 1417/1417 913/913 915/915
f 1418/1418 1419/1419 1329/1329
f 1335/1335 913/913 1420/1420
f 1421/1421 1423/1423 1422/1422
f 1329/1329 1424/1424 1418/1418
f 1329/1329 1419/1419 1328/1328
f 1328/1328 1317/1317 1326/1326
f 913/913 1335/1335 912/912
f 1334/1334 912/912 1335/1335
f 1342/1342 904/904 1425/1425
f 1337/1337 1426/1426 1338/1338
f 1427/1427 904/904 906/906
f 1338/1338 1428/1428 1336/1336
f 1428/1428 912/912 1336/1336
f 1331/1331 1429/1429 1329/1329
f 1343/1343 905/905 904/904
f 1343/1343 904/904 1342/1342
f 1401/1401 1430/1430 1400/1400
f 1351/1351 925/925 1343/1343
f 1188/1188 1189/1189 1431/1431
f 1431/1431 1189/1189 1432/1432
f 1431/1431 1432/1432 1433/1433
f 1433/1433 1432/1432 1434/1434
f 1433/1433 1434/1434 1435/1435
f 1435/1435 1434/1434 1436/1436
f 1435/1435 1436/1436 1437/1437
f 1437/1437 1436/1436 1438/1438
f 1437/1437 1438/1438 1439/1439
f 1439/1439 1438/1438 1440/1440
f 1440/1440 1438/1438 1441/1441
f 1440/1440 1441/1441 1442/1442
f 1442/1442 1441/1441 1430/1430
f 1442/1442 1430/1430 1443/1443
f 1443/1443 1430/1430 1401/1401
f 1444/1444 1446/1446 1445/1445
f 1445/1445 1446/1446 1447/1447
f 1448/1448 1450/1450 1449/1449
f 1449/1449 1450/1450 1451/1451
f 1449/1449 1451/1451 1452/1452
f 1452/1452 1453/1453 1449/1449
f 1449/1449 1453/1453 1454/1454
f 1455/1455 1457/1457 1456/1456
f 1458/1458 1460/1460 1459/1459
f 1461/1461 1462/1462 1444/1444
f 1461/1461 1463/1463 1462/1462
f 1444/1444 1462/1462 1446/1446
f 1464/1464 1466/1466 1465/1465
f 1464/1464 1465/1465 1467/1467
f 1465/1465 1468/1468 1467/1467
f 1467/1467 1468/1468 1469/1469
f 1470/1470 1463/1463 1471/1471
f 1471/1471 1463/1463 1461/1461
f 1472/1472 1474/1474 1473/1473
f 1475/1475 1477/1477 1476/1476
f 1478/1478 1480/1480 1479/1479
f 1481/1481 1475/1475 1476/1476
f 1482/1482 1484/1484 1483/1483
f 1483/1483 1485/1485 1482/1482
f 1486/1486 1488/1488 1487/1487
f 1489/1489 1487/1487 1488/1488
f 1482/1482 1475/1475 1484/1484
f 1484/1484 1475/1475 1481/1481
f 1489/1489 1490/1490 1487/1487
f 1488/1488 1486/1486 1491/1491
f 1488/1488 1491/1491 1492/1492
f 1485/1485 1483/1483 1493/1493
f 1493/1493 1494/1494 1485/1485
f 1492/1492 1491/1491 1495/1495
f 1496/1496 1494/1494 1493/1493
f 1497/1497 1494/1494 1496/1496
f 1496/1496 1498/1498 1497/1497
f 1492/1492 1495/1495 1499/1499
f 1499/1499 1495/1495 1500/1500
f 1498/1498 1496/1496 1501/1501
f 1499/1499 1500/1500 1502/1502
f 1502/1502 1503/1503 1499/1499
f 1499/1499 1503/1503 1504/1504
f 1501/1501 1505/1505 1498/1498
f 1506/1506 1507/1507 1505/1505
f 1505/1505 1501/1501 1506/1506
f 1506/1506 1508/1508 1507/1507
f 1506/1506 1509/1509 1508/1508
f 1510/1510 1512/1512 1511/1511
f 1513/1513 1512/1512 1514/1514
f 1514/1514 1512/1512 1510/1510
f 1504/1504 1516/1516 1515/1515
f 1517/1517 1509/1509 1506/1506
f 1514/1514 1515/1515 1513/1513
f 1517/1517 1518/1518 1509/1509
f 1511/1511 1518/1518 1510/1510
f 1510/1510 1518/1518 1517/1517
f 1504/1504 1519/1519 1516/1516
f 1504/1504 1503/1503 1519/1519
f 1504/1504 1515/1515 1514/1514
f 1520/1520 1522/1522 1521/1521
f 1521/1521 1522/1522 1523/1523
f 1521/1521 1523/1523 1524/1524
f 1524/1524 1525/1525 1521/1521
f 1526/1526 1528/1528 1527/1527
f 1529/1529 1531/1531 1530/1530
f 1532/1532 1534/1534 1533/1533
f 1533/1533 1535/1535 1532/1532
f 1535/1535 1533/1533 1536/1536
f 1535/1535 1536/1536 1537/1537
f 1538/1538 1539/1539 1489/1489
f 1489/1489 1539/1539 1490/1490
f 1540/1540 1541/1541 1520/1520
f 1520/1520 1541/1541 1522/1522
f 1542/1542 1544/1544 1543/1543
f 1543/1543 1545/1545 1542/1542
f 1542/1542 1545/1545 1546/1546
f 1546/1546 1545/1545 1547/1547
f 1548/1548 1550/1550 1549/1549
f 1549/1549 1550/1550 1540/1540
f 1550/1550 1541/1541 1540/1540
f 1551/1551 1544/1544 1542/1542
f 1552/1552 1554/1554 1553/1553
f 1555/1555 1557/1557 1556/1556
f 1555/1555 1558/1558 1557/1557
f 1558/1558 1555/1555 1559/1559
f 1458/1458 1459/1459 1560/1560
f 1560/1560 1562/1562 1561/1561
f 1563/1563 1565/1565 1564/1564
f 1563/1563 1564/1564 1559/1559
f 1560/1560 1566/1566 1562/1562
f 1561/1561 1562/1562 1567/1567
f 1564/1564 1558/1558 1559/1559
f 1568/1568 1565/1565 1563/1563
f 1560/1560 1459/1459 1566/1566
f 1568/1568 1569/1569 1565/1565
f 1561/1561 1567/1567 1570/1570
f 1569/1569 1568/1568 1571/1571
f 1570/1570 1567/1567 1572/1572
f 1571/1571 1573/1573 1569/1569
f 1574/1574 1573/1573 1571/1571
f 1570/1570 1572/1572 1575/1575
f 1576/1576 1577/1577 1574/1574
f 1574/1574 1577/1577 1573/1573
f 1572/1572 1578/1578 1575/1575
f 1575/1575 1578/1578 1579/1579
f 1575/1575 1579/1579 1580/1580
f 1580/1580 1579/1579 1581/1581
f 1580/1580 1581/1581 1582/1582
f 1582/1582 1581/1581 1583/1583
f 1583/1583 1581/1581 1584/1584
f 1583/1583 1584/1584 1585/1585
f 1583/1583 1585/1585 1586/1586
f 1586/1586 1585/1585 1587/1587
f 1586/1586 1587/1587 1588/1588
f 1588/1588 1587/1587 1589/1589
f 1588/1588 1589/1589 1576/1576
f 1576/1576 1589/1589 1577/1577
f 1590/1590 1592/1592 1591/1591
f 1593/1593 1592/1592 1590/1590
f 1594/1594 1596/1596 1595/1595
f 1594/1594 1595/1595 1597/1597
f 1598/1598 1599/1599 1595/1595
f 1595/1595 1600/1600 1597/1597
f 1601/1601 1603/1603 1602/1602
f 1604/1604 1605/1605 1602/1602
f 1605/1605 1607/1607 1606/1606
f 1606/1606 1609/1609 1608/1608
f 1610/1610 1612/1612 1611/1611
f 1608/1608 1613/1613 1605/1605
f 1605/1605 1613/1613 1614/1614
f 1615/1615 1612/1612 1616/1616
f 1617/1617 1614/1614 1618/1618
f 1605/1605 1606/1606 1608/1608
f 1614/1614 1617/1617 1605/1605
f 1619/1619 1621/1621 1620/1620
f 1619/1619 1616/1616 1612/1612
f 1622/1622 1620/1620 1621/1621
f 1623/1623 1598/1598 1624/1624
f 1625/1625 1627/1627 1626/1626
f 1628/1628 1630/1630 1629/1629
f 1631/1631 1632/1632 1626/1626
f 1632/1632 1631/1631 1633/1633
f 1629/1629 1635/1635 1634/1634
f 1634/1634 1636/1636 1629/1629
f 1629/1629 1636/1636 1628/1628
f 1637/1637 1636/1636 1634/1634
f 1638/1638 1639/1639 1633/1633
f 1636/1636 1640/1640 1628/1628
f 1641/1641 1630/1630 1642/1642
f 1641/1641 1644/1644 1643/1643
f 1644/1644 1645/1645 1643/1643
f 1646/1646 1647/1647 1645/1645
f 1648/1648 1646/1646 1649/1649
f 1648/1648 1649/1649 1650/1650
f 1647/1647 1646/1646 1648/1648
f 1650/1650 1651/1651 1648/1648
f 1650/1650 1649/1649 1652/1652
f 1652/1652 1653/1653 1650/1650
f 1654/1654 1656/1656 1655/1655
f 1649/1649 1657/1657 1652/1652
f 1652/1652 1657/1657 1658/1658
f 1659/1659 1661/1661 1660/1660
f 1657/1657 1649/1649 1662/1662
f 1663/1663 1665/1665 1664/1664
f 1662/1662 1666/1666 1657/1657
f 1667/1667 1669/1669 1668/1668
f 1670/1670 1671/1671 1649/1649
f 1672/1672 1674/1674 1673/1673
f 1675/1675 1677/1677 1676/1676
f 1673/1673 1678/1678 1672/1672
f 1676/1676 1677/1677 1673/1673
f 1674/1674 1676/1676 1673/1673
f 1678/1678 1673/1673 1679/1679
f 1679/1679 1673/1673 1680/1680
f 1681/1681 1683/1683 1682/1682
f 1678/1678 1684/1684 1672/1672
f 1685/1685 1687/1687 1686/1686
f 1672/1672 1688/1688 1674/1674
f 1689/1689 1686/1686 1690/1690
f 1674/1674 1691/1691 1676/1676
f 1692/1692 1694/1694 1693/1693
f 1671/1671 1662/1662 1649/1649
f 1695/1695 1697/1697 1696/1696
f 1698/1698 1700/1700 1699/1699
f 1701/1701 1700/1700 1702/1702
f 1703/1703 1700/1700 1704/1704
f 1704/1704 1700/1700 1705/1705
f 1705/1705 1700/1700 1701/1701
f 1706/1706 1708/1708 1707/1707
f 1707/1707 1708/1708 1709/1709
f 1703/1703 1710/1710 1708/1708
f 1708/1708 1710/1710 1709/1709
f 1699/1699 1700/1700 1711/1711
f 1699/1699 1711/1711 1712/1712
f 1713/1713 1715/1715 1714/1714
f 1716/1716 1718/1718 1717/1717
f 1714/1714 1720/1720 1719/1719
f 1721/1721 1722/1722 1715/1715
f 1675/1675 1670/1670 1677/1677
f 1677/1677 1670/1670 1649/1649
f 1677/1677 1649/1649 1673/1673
f 1673/1673 1723/1723 1696/1696
f 1696/1696 1723/1723 1695/1695
f 1724/1724 1723/1723 1725/1725
f 1725/1725 1723/1723 1726/1726
f 1726/1726 1723/1723 1727/1727
f 1728/1728 1727/1727 1729/1729
f 1728/1728 1729/1729 1730/1730
f 1731/1731 1733/1733 1732/1732
f 1734/1734 1729/1729 1735/1735
f 1732/1732 1737/1737 1736/1736
f 1732/1732 1736/1736 1713/1713
f 1713/1713 1738/1738 1721/1721
f 1739/1739 1673/1673 1696/1696
f 1740/1740 1695/1695 1723/1723
f 1740/1740 1723/1723 1741/1741
f 1741/1741 1723/1723 1742/1742
f 1742/1742 1723/1723 1724/1724
f 1743/1743 1724/1724 1725/1725
f 1744/1744 1725/1725 1726/1726
f 1745/1745 1746/1746 1709/1709
f 1747/1747 1726/1726 1727/1727
f 1709/1709 1748/1748 1707/1707
f 1749/1749 1731/1731 1732/1732
f 1749/1749 1732/1732 1750/1750
f 1750/1750 1732/1732 1751/1751
f 1751/1751 1732/1732 1713/1713
f 1715/1715 1713/1713 1721/1721
f 1703/1703 1704/1704 1752/1752
f 1703/1703 1752/1752 1710/1710
f 1710/1710 1753/1753 1745/1745
f 1710/1710 1745/1745 1709/1709
f 1707/1707 1754/1754 1706/1706
f 1706/1706 1754/1754 1755/1755
f 1756/1756 1749/1749 1750/1750
f 1757/1757 1759/1759 1758/1758
f 1719/1719 1751/1751 1714/1714
f 1714/1714 1751/1751 1713/1713
f 1722/1722 1721/1721 1760/1760
f 1758/1758 1708/1708 1757/1757
f 1757/1757 1708/1708 1706/1706
f 1648/1648 1761/1761 1647/1647
f 1626/1626 1627/1627 1762/1762
f 1633/1633 1762/1762 1638/1638
f 1638/1638 1762/1762 1763/1763
f 1763/1763 1762/1762 1764/1764
f 1762/1762 1765/1765 1764/1764
f 1766/1766 1767/1767 1642/1642
f 1625/1625 1768/1768 1627/1627
f 1641/1641 1642/1642 1644/1644
f 1646/1646 1644/1644 1769/1769
f 1646/1646 1645/1645 1644/1644
f 1626/1626 1762/1762 1631/1631
f 1631/1631 1762/1762 1633/1633
f 1770/1770 1638/1638 1763/1763
f 1628/1628 1766/1766 1642/1642
f 1628/1628 1642/1642 1630/1630
f 1771/1771 1773/1773 1772/1772
f 1774/1774 1776/1776 1775/1775
f 1777/1777 1778/1778 1738/1738
f 1738/1738 1778/1778 1779/1779
f 1780/1780 1782/1782 1781/1781
f 1783/1783 1784/1784 1738/1738
f 1721/1721 1738/1738 1779/1779
f 1646/1646 1769/1769 1649/1649
f 1649/1649 1769/1769 1673/1673
f 1673/1673 1769/1769 1723/1723
f 1769/1769 1785/1785 1723/1723
f 1723/1723 1785/1785 1727/1727
f 1727/1727 1785/1785 1729/1729
f 1729/1729 1785/1785 1735/1735
f 1735/1735 1785/1785 1782/1782
f 1782/1782 1785/1785 1781/1781
f 1786/1786 1788/1788 1787/1787
f 1789/1789 1791/1791 1790/1790
f 1792/1792 1593/1593 1793/1793
f 1593/1593 1792/1792 1592/1592
f 1599/1599 1600/1600 1595/1595
f 1603/1603 1794/1794 1604/1604
f 1603/1603 1604/1604 1602/1602
f 1795/1795 1797/1797 1796/1796
f 1798/1798 1799/1799 1612/1612
f 1800/1800 1612/1612 1615/1615
f 1619/1619 1612/1612 1621/1621
f 1605/1605 1801/1801 1607/1607
f 1607/1607 1802/1802 1606/1606
f 1803/1803 1799/1799 1798/1798
f 1610/1610 1798/1798 1612/1612
f 1611/1611 1612/1612 1800/1800
f 1804/1804 1622/1622 1621/1621
f 1605/1605 1604/1604 1801/1801
f 1623/1623 1599/1599 1598/1598
f 1623/1623 1624/1624 1591/1591
f 1591/1591 1624/1624 1590/1590
f 1625/1625 1622/1622 1768/1768
f 1768/1768 1622/1622 1804/1804
f 1805/1805 1735/1735 1782/1782
f 1736/1736 1806/1806 1783/1783
f 1736/1736 1783/1783 1713/1713
f 1713/1713 1783/1783 1738/1738
f 1760/1760 1721/1721 1779/1779
f 1807/1807 1809/1809 1808/1808
f 1807/1807 1808/1808 1810/1810
f 1811/1811 1812/1812 1810/1810
f 1813/1813 1815/1815 1814/1814
f 1816/1816 1818/1818 1817/1817
f 1819/1819 1818/1818 1816/1816
f 1820/1820 1822/1822 1821/1821
f 1823/1823 1820/1820 1824/1824
f 1825/1825 1823/1823 1824/1824
f 1760/1760 1823/1823 1825/1825
f 1817/1817 1826/1826 1816/1816
f 1818/1818 1819/1819 1827/1827
f 1822/1822 1828/1828 1821/1821
f 1821/1821 1824/1824 1820/1820
f 1825/1825 1824/1824 1760/1760
f 1819/1819 1828/1828 1827/1827
f 1827/1827 1828/1828 1822/1822
f 1829/1829 1811/1811 1808/1808
f 1811/1811 1810/1810 1808/1808
f 1812/1812 1829/1829 1830/1830
f 1813/1813 1814/1814 1831/1831
f 1832/1832 1831/1831 1826/1826
f 1814/1814 1815/1815 1830/1830
f 1815/1815 1812/1812 1830/1830
f 1829/1829 1812/1812 1811/1811
f 1823/1823 1760/1760 1779/1779
f 1817/1817 1832/1832 1826/1826
f 1832/1832 1813/1813 1831/1831
f 1833/1833 1809/1809 1807/1807
f 1834/1834 1836/1836 1835/1835
f 1835/1835 1836/1836 1837/1837
f 1836/1836 1809/1809 1838/1838
f 1836/1836 1808/1808 1809/1809
f 1839/1839 1836/1836 1840/1840
f 1840/1840 1836/1836 1834/1834
f 1841/1841 1843/1843 1842/1842
f 1844/1844 1846/1846 1845/1845
f 1847/1847 1842/1842 1848/1848
f 1845/1845 1850/1850 1849/1849
f 1839/1839 1848/1848 1836/1836
f 1851/1851 1853/1853 1852/1852
f 1854/1854 1853/1853 1855/1855
f 1851/1851 1852/1852 1856/1856
f 1857/1857 1856/1856 1858/1858
f 1859/1859 1860/1860 1857/1857
f 1861/1861 1863/1863 1862/1862
f 1863/1863 1857/1857 1862/1862
f 1863/1863 1865/1865 1864/1864
f 1866/1866 1868/1868 1867/1867
f 1867/1867 1868/1868 1864/1864
f 1869/1869 1870/1870 1541/1541
f 1871/1871 1873/1873 1872/1872
f 1874/1874 1876/1876 1875/1875
f 1874/1874 1873/1873 1871/1871
f 1876/1876 1874/1874 1871/1871
f 1877/1877 1878/1878 1874/1874
f 1874/1874 1878/1878 1879/1879
f 1880/1880 1878/1878 1881/1881
f 1882/1882 1884/1884 1883/1883
f 1885/1885 1886/1886 1884/1884
f 1884/1884 1886/1886 1883/1883
f 1887/1887 1889/1889 1888/1888
f 1885/1885 1544/1544 1886/1886
f 1890/1890 1892/1892 1891/1891
f 1883/1883 1886/1886 1888/1888
f 1893/1893 1895/1895 1894/1894
f 1896/1896 1895/1895 1897/1897
f 1898/1898 1899/1899 1896/1896
f 1898/1898 1900/1900 1899/1899
f 1869/1869 1541/1541 1901/1901
f 1902/1902 1901/1901 1541/1541
f 1541/1541 1550/1550 1903/1903
f 1904/1904 1881/1881 1905/1905
f 1885/1885 1543/1543 1544/1544
f 1886/1886 1544/1544 1906/1906
f 1907/1907 1909/1909 1908/1908
f 1886/1886 1906/1906 1910/1910
f 1890/1890 1911/1911 1892/1892
f 1904/1904 1912/1912 1881/1881
f 1881/1881 1912/1912 1913/1913
f 1903/1903 1914/1914 1541/1541
f 1541/1541 1914/1914 1915/1915
f 1902/1902 1541/1541 1915/1915
f 1875/1875 1916/1916 1874/1874
f 1874/1874 1916/1916 1877/1877
f 1878/1878 1877/1877 1881/1881
f 1880/1880 1881/1881 1913/1913
f 1905/1905 1881/1881 1917/1917
f 1918/1918 1892/1892 1919/1919
f 1894/1894 1918/1918 1893/1893
f 1894/1894 1892/1892 1918/1918
f 1895/1895 1893/1893 1897/1897
f 1897/1897 1898/1898 1896/1896
f 1900/1900 1898/1898 1920/1920
f 1833/1833 1838/1838 1809/1809
f 1921/1921 1923/1923 1922/1922
f 1924/1924 1926/1926 1925/1925
f 1925/1925 1926/1926 1927/1927
f 1927/1927 1926/1926 1928/1928
f 1836/1836 1838/1838 1929/1929
f 1836/1836 1929/1929 1837/1837
f 1930/1930 1926/1926 1931/1931
f 1838/1838 1833/1833 1932/1932
f 1933/1933 1924/1924 1925/1925
f 1838/1838 1934/1934 1929/1929
f 1935/1935 1925/1925 1927/1927
f 1928/1928 1926/1926 1936/1936
f 1936/1936 1926/1926 1930/1930
f 1930/1930 1937/1937 1936/1936
f 1938/1938 1939/1939 1844/1844
f 1844/1844 1845/1845 1931/1931
f 1931/1931 1845/1845 1849/1849
f 1940/1940 1839/1839 1840/1840
f 1931/1931 1941/1941 1930/1930
f 1942/1942 1840/1840 1834/1834
f 1943/1943 1834/1834 1835/1835
f 1926/1926 1855/1855 1938/1938
f 1855/1855 1926/1926 1854/1854
f 1926/1926 1938/1938 1844/1844
f 1926/1926 1844/1844 1931/1931
f 1936/1936 1944/1944 1928/1928
f 1945/1945 1835/1835 1837/1837
f 1928/1928 1946/1946 1927/1927
f 1947/1947 1837/1837 1929/1929
f 1853/1853 1854/1854 1852/1852
f 1857/1857 1858/1858 1859/1859
f 1857/1857 1860/1860 1862/1862
f 1863/1863 1861/1861 1865/1865
f 1948/1948 1867/1867 1864/1864
f 1949/1949 1522/1522 1950/1950
f 1951/1951 1524/1524 1523/1523
f 1949/1949 1523/1523 1522/1522
f 1865/1865 1952/1952 1864/1864
f 1864/1864 1952/1952 1948/1948
f 1856/1856 1852/1852 1858/1858
f 1522/1522 1870/1870 1950/1950
f 1920/1920 1953/1953 1900/1900
f 1541/1541 1870/1870 1522/1522
f 1953/1953 1920/1920 1954/1954
f 1954/1954 1920/1920 1955/1955
f 1954/1954 1955/1955 1956/1956
f 1954/1954 1956/1956 1957/1957
f 1957/1957 1956/1956 1958/1958
f 1957/1957 1958/1958 1959/1959
f 1959/1959 1958/1958 1960/1960
f 1959/1959 1960/1960 1961/1961
f 1961/1961 1960/1960 1962/1962
f 1961/1961 1962/1962 1963/1963
f 1963/1963 1962/1962 1964/1964
f 1963/1963 1964/1964 1965/1965
f 1965/1965 1964/1964 1793/1793
f 1793/1793 1964/1964 1792/1792
f 1966/1966 1968/1968 1967/1967
f 1966/1966 1969/1969 1968/1968
f 1970/1970 1972/1972 1971/1971
f 1971/1971 1972/1972 1973/1973
f 1971/1971 1973/1973 1974/1974
f 1971/1971 1974/1974 1975/1975
f 1976/1976 1978/1978 1977/1977
f 1979/1979 1981/1981 1980/1980
f 1979/1979 1982/1982 1981/1981
f 1982/1982 1984/1984 1983/1983
f 1983/1983 1984/1984 1985/1985
f 1979/1979 1984/1984 1982/1982
f 1985/1985 1987/1987 1986/1986
f 1988/1988 1990/1990 1989/1989
f 1991/1991 1993/1993 1992/1992
f 1994/1994 1996/1996 1995/1995
f 1996/1996 1997/1997 1995/1995
f 1995/1995 1997/1997 1998/1998
f 1999/1999 2000/2000 1988/1988
f 1989/1989 1999/1999 1988/1988
f 2001/2001 2003/2003 2002/2002
f 1983/1983 1985/1985 1986/1986
f 1997/1997 2004/2004 1998/1998
f 2005/2005 2007/2007 2006/2006
f 2008/2008 2010/2010 2009/2009
f 2008/2008 2009/2009 2011/2011
f 2009/2009 2010/2010 2006/2006
f 2006/2006 2010/2010 2005/2005
f 2004/2004 2013/2013 2012/2012
f 2008/2008 2011/2011 2014/2014
f 2013/2013 2004/2004 2015/2015
f 2016/2016 2012/2012 2013/2013
f 2011/2011 2017/2017 2014/2014
f 2012/2012 2016/2016 2018/2018
f 2004/2004 1997/1997 2015/2015
f 2018/2018 2019/2019 2012/2012
f 2020/2020 2019/2019 2018/2018
f 2017/2017 2011/2011 2021/2021
f 2021/2021 2011/2011 2022/2022
f 2023/2023 2019/2019 2020/2020
f 2024/2024 2025/2025 2023/2023
f 2019/2019 2023/2023 2025/2025
f 2022/2022 2026/2026 2021/2021
f 2022/2022 2027/2027 2026/2026
f 2027/2027 2022/2022 2028/2028
f 2025/2025 2024/2024 2029/2029
f 2029/2029 2030/2030 2025/2025
f 2025/2025 2030/2030 2031/2031
f 2025/2025 2031/2031 2032/2032
f 2032/2032 2031/2031 2033/2033
f 2033/2033 2034/2034 2032/2032
f 2028/2028 2035/2035 2027/2027
f 2036/2036 2038/2038 2037/2037
f 2035/2035 2028/2028 2039/2039
f 2038/2038 2040/2040 2037/2037
f 2041/2041 2039/2039 2042/2042
f 2043/2043 2044/2044 2042/2042
f 2044/2044 2043/2043 2045/2045
f 2036/2036 2047/2047 2046/2046
f 2042/2042 2039/2039 2028/2028
f 2041/2041 2042/2042 2044/2044
f 2047/2047 2045/2045 2046/2046
f 2036/2036 2046/2046 2038/2038
f 2032/2032 2034/2034 2048/2048
f 2046/2046 2045/2045 2043/2043
f 2032/2032 2048/2048 2038/2038
f 2038/2038 2048/2048 2040/2040
f 2049/2049 2051/2051 2050/2050
f 2052/2052 2054/2054 2053/2053
f 2055/2055 2057/2057 2056/2056
f 2057/2057 2058/2058 2056/2056
f 2058/2058 2059/2059 2056/2056
f 2060/2060 2051/2051 2049/2049
f 2060/2060 2061/2061 2051/2051
f 2062/2062 2064/2064 2063/2063
f 2065/2065 2066/2066 2007/2007
f 2007/2007 2005/2005 2065/2065
f 2056/2056 2059/2059 2067/2067
f 2067/2067 2059/2059 2068/2068
f 2067/2067 2068/2068 2069/2069
f 2067/2067 2069/2069 2070/2070
f 2070/2070 2069/2069 2071/2071
f 2072/2072 2070/2070 2071/2071
f 2073/2073 2075/2075 2074/2074
f 2073/2073 2074/2074 2076/2076
f 2077/2077 2079/2079 2078/2078
f 2078/2078 2079/2079 2080/2080
f 2081/2081 2082/2082 2080/2080
f 2080/2080 2079/2079 2081/2081
f 2083/2083 2080/2080 2082/2082
f 2084/2084 2086/2086 2085/2085
f 2084/2084 2085/2085 2087/2087
f 2088/2088 2090/2090 2089/2089
f 2091/2091 2087/2087 2092/2092
f 2091/2091 2092/2092 2093/2093
f 2091/2091 2093/2093 2094/2094
f 2090/2090 2088/2088 1966/1966
f 2090/2090 1966/1966 1967/1967
f 2084/2084 2087/2087 2091/2091
f 2088/2088 2089/2089 2095/2095
f 2093/2093 2096/2096 2094/2094
f 2093/2093 2097/2097 2096/2096
f 2098/2098 2099/2099 2095/2095
f 2098/2098 2095/2095 2089/2089
f 2100/2100 2096/2096 2097/2097
f 2096/2096 2100/2100 2101/2101
f 2099/2099 2098/2098 2102/2102
f 2099/2099 2102/2102 2103/2103
f 2100/2100 2104/2104 2101/2101
f 2101/2101 2104/2104 2105/2105
f 2105/2105 2104/2104 2106/2106
f 2105/2105 2106/2106 2107/2107
f 2107/2107 2106/2106 2108/2108
f 2107/2107 2108/2108 2109/2109
f 2109/2109 2108/2108 2110/2110
f 2109/2109 2110/2110 2111/2111
f 2111/2111 2110/2110 2112/2112
f 2111/2111 2112/2112 2113/2113
f 2113/2113 2112/2112 2114/2114
f 2113/2113 2114/2114 2115/2115
f 2115/2115 2114/2114 2103/2103
f 2115/2115 2103/2103 2102/2102
f 2116/2116 2118/2118 2117/2117
f 2119/2119 2121/2121 2120/2120
f 2122/2122 2124/2124 2123/2123
f 2125/2125 2123/2123 2126/2126
f 2127/2127 2129/2129 2128/2128
f 2130/2130 2132/2132 2131/2131
f 2133/2133 2135/2135 2134/2134
f 2136/2136 2138/2138 2137/2137
f 2139/2139 2137/2137 2140/2140
f 2141/2141 2133/2133 2142/2142
f 2129/2129 2142/2142 2128/2128
f 2131/2131 2132/2132 2143/2143
f 2143/2143 2132/2132 2144/2144
f 2143/2143 2144/2144 2145/2145
f 2145/2145 2144/2144 2146/2146
f 2147/2147 2149/2149 2148/2148
f 2141/2141 2150/2150 2133/2133
f 2151/2151 2153/2153 2152/2152
f 2146/2146 2144/2144 2154/2154
f 2155/2155 2140/2140 2137/2137
f 2155/2155 2137/2137 2138/2138
f 2156/2156 2158/2158 2157/2157
f 2156/2156 2157/2157 2159/2159
f 2160/2160 2162/2162 2161/2161
f 2161/2161 2163/2163 2160/2160
f 2164/2164 2165/2165 2163/2163
f 2160/2160 2163/2163 2165/2165
f 2166/2166 2168/2168 2167/2167
f 2157/2157 2163/2163 2161/2161
f 2158/2158 2169/2169 2157/2157
f 2127/2127 2126/2126 2129/2129
f 2170/2170 2172/2172 2171/2171
f 2173/2173 2175/2175 2174/2174
f 2175/2175 2171/2171 2176/2176
f 2177/2177 2179/2179 2178/2178
f 2180/2180 2179/2179 2177/2177
f 2181/2181 2183/2183 2182/2182
f 2183/2183 2178/2178 2179/2179
f 2183/2183 2179/2179 2182/2182
f 2182/2182 2179/2179 2184/2184
f 2184/2184 2179/2179 2185/2185
f 2186/2186 2188/2188 2187/2187
f 2189/2189 2184/2184 2185/2185
f 2190/2190 2191/2191 2185/2185
f 2191/2191 2189/2189 2185/2185
f 2192/2192 2190/2190 2185/2185
f 2192/2192 2185/2185 2193/2193
f 2194/2194 2119/2119 2193/2193
f 2193/2193 2119/2119 2195/2195
f 2194/2194 2196/2196 2121/2121
f 2197/2197 2199/2199 2198/2198
f 2200/2200 2197/2197 2201/2201
f 2202/2202 2201/2201 2203/2203
f 2200/2200 2201/2201 2202/2202
f 2204/2204 2206/2206 2205/2205
f 2205/2205 2206/2206 2207/2207
f 2207/2207 2206/2206 2208/2208
f 2194/2194 2198/2198 2196/2196
f 2209/2209 2211/2211 2210/2210
f 2209/2209 2210/2210 2212/2212
f 2213/2213 2215/2215 2214/2214
f 2216/2216 2218/2218 2217/2217
f 2214/2214 2220/2220 2219/2219
f 2221/2221 2217/2217 2222/2222
f 2223/2223 2197/2197 2200/2200
f 2224/2224 2225/2225 2211/2211
f 2226/2226 2228/2228 2227/2227
f 2212/2212 2230/2230 2229/2229
f 2231/2231 2205/2205 2207/2207
f 2208/2208 2206/2206 2218/2218
f 2218/2218 2206/2206 2217/2217
f 2202/2202 2203/2203 2209/2209
f 2209/2209 2203/2203 2224/2224
f 2209/2209 2224/2224 2211/2211
f 2206/2206 2233/2233 2232/2232
f 2234/2234 2206/2206 2235/2235
f 2235/2235 2206/2206 2232/2232
f 2217/2217 2206/2206 2222/2222
f 2222/2222 2206/2206 2234/2234
f 2236/2236 2238/2238 2237/2237
f 2227/2227 2228/2228 2204/2204
f 2204/2204 2228/2228 2206/2206
f 2239/2239 2240/2240 2172/2172
f 2172/2172 2170/2170 2239/2239
f 2175/2175 2170/2170 2171/2171
f 2188/2188 2241/2241 2173/2173
f 2173/2173 2241/2241 2175/2175
f 2175/2175 2241/2241 2170/2170
f 2241/2241 2188/2188 2186/2186
f 2241/2241 2243/2243 2242/2242
f 2241/2241 2242/2242 2244/2244
f 2241/2241 2244/2244 2245/2245
f 2241/2241 2245/2245 2246/2246
f 2246/2246 2245/2245 2247/2247
f 2248/2248 2250/2250 2249/2249
f 2179/2179 2252/2252 2251/2251
f 2251/2251 2252/2252 2253/2253
f 2244/2244 2254/2254 2245/2245
f 2255/2255 2257/2257 2256/2256
f 2245/2245 2258/2258 2247/2247
f 2259/2259 2260/2260 2190/2190
f 2193/2193 2261/2261 2192/2192
f 2260/2260 2262/2262 2191/2191
f 2263/2263 2265/2265 2264/2264
f 2189/2189 2266/2266 2184/2184
f 2243/2243 2241/2241 2267/2267
f 2267/2267 2241/2241 2186/2186
f 2195/2195 2120/2120 2261/2261
f 2119/2119 2120/2120 2195/2195
f 2194/2194 2121/2121 2119/2119
f 2195/2195 2261/2261 2193/2193
f 2190/2190 2260/2260 2191/2191
f 2268/2268 2242/2242 2243/2243
f 2180/2180 2269/2269 2252/2252
f 2180/2180 2252/2252 2179/2179
f 2196/2196 2198/2198 2199/2199
f 2199/2199 2197/2197 2223/2223
f 2200/2200 2202/2202 2209/2209
f 2270/2270 2214/2214 2209/2209
f 2209/2209 2214/2214 2271/2271
f 2271/2271 2272/2272 2209/2209
f 2273/2273 2275/2275 2274/2274
f 2274/2274 2275/2275 2209/2209
f 2274/2274 2209/2209 2276/2276
f 2276/2276 2209/2209 2272/2272
f 2209/2209 2229/2229 2270/2270
f 2270/2270 2213/2213 2214/2214
f 2214/2214 2219/2219 2271/2271
f 2276/2276 2277/2277 2274/2274
f 2278/2278 2232/2232 2233/2233
f 2274/2274 2279/2279 2273/2273
f 2280/2280 2233/2233 2281/2281
f 2282/2282 2116/2116 2117/2117
f 2283/2283 2284/2284 2281/2281
f 2285/2285 2287/2287 2286/2286
f 2281/2281 2288/2288 2280/2280
f 2124/2124 2122/2122 2289/2289
f 2123/2123 2125/2125 2122/2122
f 2126/2126 2127/2127 2125/2125
f 2290/2290 2127/2127 2155/2155
f 2290/2290 2155/2155 2138/2138
f 2291/2291 2159/2159 2157/2157
f 2292/2292 2294/2294 2293/2293
f 2292/2292 2293/2293 2295/2295
f 2296/2296 2297/2297 2166/2166
f 2298/2298 2295/2295 2299/2299
f 2299/2299 2295/2295 2293/2293
f 2157/2157 2161/2161 2291/2291
f 2127/2127 2133/2133 2155/2155
f 2138/2138 2300/2300 2290/2290
f 2127/2127 2128/2128 2133/2133
f 2206/2206 2301/2301 2283/2283
f 2128/2128 2142/2142 2133/2133
f 2133/2133 2134/2134 2155/2155
f 2300/2300 2302/2302 2290/2290
f 2290/2290 2302/2302 2303/2303
f 2295/2295 2298/2298 2297/2297
f 2295/2295 2297/2297 2296/2296
f 2297/2297 2304/2304 2166/2166
f 2166/2166 2304/2304 2168/2168
f 2240/2240 2167/2167 2172/2172
f 2209/2209 2212/2212 2229/2229
f 2219/2219 2305/2305 2271/2271
f 2306/2306 2222/2222 2234/2234
f 2271/2271 2307/2307 2272/2272
f 2308/2308 2234/2234 2235/2235
f 2272/2272 2309/2309 2276/2276
f 2310/2310 2235/2235 2232/2232
f 2233/2233 2206/2206 2281/2281
f 2281/2281 2206/2206 2283/2283
f 2167/2167 2240/2240 2166/2166
f 2311/2311 2313/2313 2312/2312
f 2312/2312 2314/2314 2311/2311
f 2315/2315 2317/2317 2316/2316
f 2312/2312 2317/2317 2318/2318
f 2319/2319 2320/2320 2316/2316
f 2321/2321 2319/2319 2322/2322
f 2322/2322 2324/2324 2323/2323
f 2325/2325 2324/2324 2326/2326
f 2327/2327 2329/2329 2328/2328
f 2327/2327 2328/2328 2330/2330
f 2330/2330 2331/2331 2327/2327
f 2332/2332 2334/2334 2333/2333
f 2334/2334 2335/2335 2333/2333
f 2331/2331 2330/2330 2333/2333
f 2325/2325 2323/2323 2324/2324
f 2325/2325 2326/2326 2336/2336
f 2336/2336 2329/2329 2327/2327
f 2327/2327 2331/2331 2335/2335
f 2335/2335 2331/2331 2333/2333
f 2206/2206 2335/2335 2334/2334
f 2206/2206 2334/2334 2301/2301
f 2329/2329 2336/2336 2326/2326
f 2337/2337 2313/2313 2314/2314
f 2311/2311 2314/2314 2313/2313
f 2312/2312 2318/2318 2314/2314
f 2317/2317 2315/2315 2318/2318
f 2316/2316 2320/2320 2315/2315
f 2319/2319 2321/2321 2320/2320
f 2338/2338 2340/2340 2339/2339
f 2334/2334 2341/2341 2301/2301
f 2322/2322 2323/2323 2321/2321
f 2342/2342 2344/2344 2343/2343
f 2344/2344 2342/2342 2345/2345
f 2313/2313 2337/2337 2345/2345
f 2344/2344 2347/2347 2346/2346
f 2348/2348 2350/2350 2349/2349
f 2348/2348 2349/2349 2351/2351
f 2349/2349 2352/2352 2351/2351
f 2353/2353 2355/2355 2354/2354
f 2356/2356 2357/2357 2059/2059
f 2353/2353 2354/2354 2358/2358
f 2358/2358 2354/2354 2359/2359
f 2360/2360 2361/2361 2350/2350
f 2362/2362 2364/2364 2363/2363
f 2365/2365 2366/2366 2363/2363
f 2367/2367 2068/2068 2357/2357
f 2365/2365 2363/2363 2364/2364
f 2368/2368 2370/2370 2369/2369
f 2363/2363 2371/2371 2370/2370
f 2370/2370 2371/2371 2369/2369
f 2369/2369 2371/2371 2372/2372
f 2372/2372 2371/2371 2373/2373
f 2374/2374 2373/2373 2371/2371
f 2074/2074 2371/2371 2375/2375
f 2075/2075 2374/2374 2371/2371
f 2375/2375 2377/2377 2376/2376
f 2378/2378 2380/2380 2379/2379
f 2378/2378 2379/2379 2381/2381
f 2376/2376 2377/2377 2382/2382
f 2383/2383 2083/2083 2379/2379
f 2383/2383 2379/2379 2384/2384
f 2384/2384 2379/2379 2385/2385
f 2380/2380 2386/2386 2379/2379
f 2074/2074 2075/2075 2371/2371
f 2387/2387 2389/2389 2388/2388
f 2390/2390 2392/2392 2391/2391
f 2392/2392 2390/2390 2393/2393
f 2394/2394 2396/2396 2395/2395
f 2069/2069 2398/2398 2397/2397
f 2069/2069 2397/2397 2399/2399
f 2069/2069 2399/2399 2071/2071
f 2400/2400 2071/2071 2399/2399
f 2068/2068 2402/2402 2401/2401
f 2068/2068 2401/2401 2069/2069
f 2069/2069 2401/2401 2398/2398
f 2403/2403 2405/2405 2404/2404
f 2379/2379 2083/2083 2082/2082
f 2379/2379 2082/2082 2381/2381
f 2381/2381 2082/2082 2081/2081
f 2378/2378 2381/2381 2079/2079
f 2375/2375 2376/2376 2074/2074
f 2068/2068 2367/2367 2406/2406
f 2068/2068 2406/2406 2407/2407
f 2068/2068 2407/2407 2402/2402
f 2370/2370 2362/2362 2363/2363
f 2388/2388 2389/2389 2408/2408
f 2389/2389 2393/2393 2408/2408
f 2409/2409 2411/2411 2410/2410
f 2387/2387 2388/2388 2412/2412
f 2413/2413 2395/2395 2390/2390
f 2413/2413 2390/2390 2391/2391
f 2394/2394 2395/2395 2413/2413
f 2392/2392 2393/2393 2389/2389
f 2345/2345 2342/2342 2313/2313
f 2343/2343 2344/2344 2346/2346
f 2414/2414 2416/2416 2415/2415
f 2417/2417 2346/2346 2347/2347
f 2418/2418 2419/2419 2361/2361
f 2419/2419 2418/2418 2420/2420
f 2355/2355 2421/2421 2352/2352
f 2352/2352 2421/2421 2422/2422
f 2352/2352 2422/2422 2423/2423
f 2421/2421 2355/2355 2353/2353
f 2424/2424 2059/2059 2058/2058
f 2358/2358 2425/2425 2353/2353
f 2351/2351 2352/2352 2423/2423
f 2348/2348 2360/2360 2350/2350
f 2361/2361 2360/2360 2418/2418
f 2396/2396 2426/2426 2395/2395
f 2357/2357 2068/2068 2059/2059
f 2124/2124 2289/2289 2427/2427
f 2427/2427 2289/2289 2428/2428
f 2427/2427 2428/2428 2429/2429
f 2429/2429 2428/2428 2430/2430
f 2430/2430 2428/2428 2431/2431
f 2430/2430 2431/2431 2432/2432
f 2430/2430 2432/2432 2433/2433
f 2433/2433 2432/2432 2434/2434
f 2434/2434 2432/2432 2435/2435
f 2434/2434 2435/2435 2436/2436
f 2436/2436 2435/2435 2437/2437
f 2436/2436 2437/2437 2438/2438
f 2438/2438 2437/2437 2426/2426
f 2438/2438 2426/2426 2439/2439
f 2439/2439 2426/2426 2396/2396
f 38/38 99/99 94/94
f 642/642 2440/2440 641/641
f 909/909 903/903 921/921
f 1560/1560 1461/1461 1444/1444
f 2066/2066 2053/2053 2056/2056
f 2355/2355 2441/2441 2356/2356
f 1983/1983 1992/1992 1998/1998
f 1982/1982 1983/1983 2004/2004
f 1971/1971 1982/1982 1967/1967
f 1968/1968 1971/1971 1967/1967
f 1982/1982 1971/1971 1975/1975
f 1986/1986 1992/1992 1983/1983
f 2001/2001 1989/1989 1986/1986
f 1982/1982 2090/2090 1967/1967
f 1989/1989 1992/1992 1986/1986
f 1982/1982 2004/2004 2090/2090
f 1983/1983 1998/1998 2004/2004
f 2090/2090 2004/2004 2012/2012
f 2090/2090 2012/2012 2089/2089
f 2089/2089 2019/2019 2098/2098
f 2089/2089 2012/2012 2019/2019
f 2098/2098 2019/2019 2025/2025
f 2098/2098 2025/2025 2102/2102
f 2102/2102 2025/2025 2032/2032
f 2102/2102 2032/2032 2115/2115
f 2115/2115 2032/2032 2113/2113
f 2113/2113 2032/2032 2038/2038
f 2113/2113 2038/2038 2111/2111
f 2111/2111 2038/2038 2046/2046
f 2111/2111 2043/2043 2109/2109
f 2111/2111 2046/2046 2043/2043
f 2109/2109 2043/2043 2107/2107
f 2107/2107 2043/2043 2042/2042
f 2107/2107 2042/2042 2105/2105
f 2105/2105 2042/2042 2028/2028
f 2105/2105 2028/2028 2101/2101
f 2101/2101 2028/2028 2022/2022
f 2101/2101 2022/2022 2096/2096
f 2096/2096 2022/2022 2011/2011
f 2096/2096 2011/2011 2094/2094
f 2094/2094 2011/2011 2009/2009
f 2094/2094 2009/2009 2091/2091
f 2091/2091 2009/2009 2006/2006
f 2091/2091 2067/2067 2080/2080
f 2091/2091 2006/2006 2067/2067
f 2006/2006 2007/2007 2056/2056
f 2067/2067 2070/2070 2076/2076
f 2080/2080 2067/2067 2076/2076
f 2006/2006 2056/2056 2067/2067
f 2007/2007 2066/2066 2056/2056
f 2066/2066 2049/2049 2053/2053
f 1445/1445 1449/1449 1444/1444
f 1461/1461 1481/1481 1473/1473
f 1444/1444 1449/1449 1456/1456
f 1473/1473 1481/1481 1476/1476
f 1461/1461 1484/1484 1481/1481
f 1444/1444 1456/1456 1560/1560
f 1454/1454 1456/1456 1449/1449
f 1461/1461 1560/1560 1484/1484
f 1484/1484 1560/1560 1561/1561
f 1484/1484 1561/1561 1483/1483
f 1483/1483 1561/1561 1493/1493
f 1561/1561 1570/1570 1493/1493
f 1493/1493 1570/1570 1496/1496
f 1496/1496 1570/1570 1575/1575
f 1496/1496 1575/1575 1501/1501
f 1501/1501 1575/1575 1506/1506
f 1506/1506 1575/1575 1580/1580
f 1506/1506 1580/1580 1517/1517
f 1517/1517 1580/1580 1582/1582
f 1517/1517 1582/1582 1510/1510
f 1510/1510 1582/1582 1583/1583
f 1510/1510 1583/1583 1586/1586
f 1510/1510 1586/1586 1514/1514
f 1514/1514 1586/1586 1588/1588
f 1514/1514 1588/1588 1504/1504
f 1504/1504 1588/1588 1576/1576
f 1504/1504 1576/1576 1574/1574
f 1504/1504 1574/1574 1499/1499
f 1499/1499 1574/1574 1571/1571
f 1499/1499 1571/1571 1492/1492
f 1492/1492 1571/1571 1568/1568
f 1492/1492 1568/1568 1488/1488
f 1488/1488 1568/1568 1563/1563
f 1488/1488 1563/1563 1489/1489
f 1489/1489 1563/1563 1559/1559
f 1489/1489 1559/1559 1520/1520
f 1489/1489 1520/1520 1537/1537
f 1559/1559 1555/1555 1540/1540
f 1555/1555 1553/1553 1542/1542
f 1537/1537 1527/1527 1535/1535
f 1537/1537 1520/1520 1527/1527
f 1555/1555 1546/1546 1540/1540
f 1527/1527 1520/1520 1521/1521
f 1542/1542 1546/1546 1555/1555
f 1559/1559 1540/1540 1520/1520
f 1473/1473 1467/1467 1461/1461
f 1467/1467 1469/1469 1461/1461
f 829/829 823/823 818/818
f 813/813 829/829 818/818
f 949/949 829/829 813/813
f 830/830 833/833 847/847
f 833/833 853/853 856/856
f 830/830 949/949 813/813
f 848/848 847/847 833/833
f 856/856 848/848 833/833
f 830/830 847/847 835/835
f 847/847 842/842 835/835
f 830/830 859/859 949/949
f 830/830 835/835 859/859
f 949/949 860/860 948/948
f 949/949 859/859 860/860
f 948/948 872/872 958/958
f 948/948 860/860 872/872
f 958/958 872/872 876/876
f 958/958 876/876 963/963
f 963/963 876/876 885/885
f 963/963 885/885 975/975
f 975/975 885/885 901/901
f 975/975 901/901 972/972
f 901/901 890/890 972/972
f 972/972 890/890 970/970
f 970/970 890/890 888/888
f 970/970 888/888 968/968
f 968/968 888/888 889/889
f 968/968 889/889 896/896
f 968/968 896/896 967/967
f 967/967 896/896 964/964
f 896/896 886/886 964/964
f 964/964 886/886 961/961
f 961/961 886/886 879/879
f 961/961 879/879 957/957
f 957/957 879/879 871/871
f 957/957 871/871 954/954
f 954/954 871/871 862/862
f 954/954 862/862 951/951
f 951/951 862/862 950/950
f 862/862 866/866 950/950
f 944/944 929/929 933/933
f 933/933 929/929 938/938
f 926/926 933/933 950/950
f 866/866 869/869 903/903
f 938/938 929/929 941/941
f 866/866 903/903 950/950
f 869/869 921/921 903/903
f 924/924 921/921 869/869
f 933/933 926/926 944/944
f 921/921 914/914 909/909
f 950/950 903/903 926/926
f 116/116 35/35 17/17
f 35/35 31/31 20/20
f 31/31 32/32 20/20
f 3/3 8/8 7/7
f 3/3 17/17 8/8
f 32/32 26/26 28/28
f 32/32 28/28 20/20
f 8/8 17/17 18/18
f 35/35 20/20 17/17
f 31/31 35/35 36/36
f 3/3 116/116 17/17
f 35/35 116/116 47/47
f 47/47 116/116 117/117
f 47/47 117/117 52/52
f 52/52 117/117 125/125
f 52/52 125/125 59/59
f 59/59 125/125 131/131
f 59/59 131/131 78/78
f 131/131 135/135 78/78
f 78/78 135/135 71/71
f 71/71 135/135 137/137
f 71/71 137/137 66/66
f 137/137 139/139 66/66
f 66/66 139/139 141/141
f 66/66 141/141 62/62
f 62/62 141/141 68/68
f 68/68 141/141 143/143
f 68/68 143/143 69/69
f 69/69 143/143 132/132
f 69/69 132/132 58/58
f 58/58 129/129 53/53
f 58/58 132/132 129/129
f 53/53 129/129 122/122
f 53/53 122/122 41/41
f 41/41 120/120 40/40
f 41/41 122/122 120/120
f 40/40 120/120 38/38
f 38/38 120/120 99/99
f 38/38 94/94 39/39
f 113/113 99/99 120/120
f 38/38 39/39 37/37
f 113/113 111/111 107/107
f 39/39 94/94 90/90
f 113/113 107/107 99/99
f 90/90 95/95 91/91
f 107/107 103/103 99/99
f 90/90 94/94 95/95

