v -0.07357082 0.03835125 0.30100191
v -0.06563888 0.04502742 0.30100101
v -0.06652916 0.04578313 0.30100101
v -0.06681687 0.25992915 0.30100101
v -0.07515766 0.26587966 0.30100182
v -0.06757258 0.25903887 0.30100101
v -0.07962926 0.05178697 0.30100068
v -0.06947623 0.05144127 0.30100101
v -0.06959993 0.05261074 0.30100101
v -0.06868439 0.03515972 0.30100036
v -0.06959999 0.25318903 0.30100101
v -0.06747369 0.04682508 0.30100101
v 0.13040000 0.05281150 0.30100101
v 0.13030668 0.05160259 0.30100101
v 0.14050761 0.05235814 0.30100125
v -0.07973675 0.25364390 0.30100173
v 0.12205878 0.04314372 0.30100101
v 0.12089026 0.04300025 0.30100101
v 0.12526684 0.03347867 0.30100119
v 0.12133799 0.03294358 0.30100086
v 0.13161454 0.26982653 0.30100220
v 0.12668164 0.26079249 0.30100101
v 0.13546753 0.26645085 0.30100179
v 0.12777460 0.25976604 0.30100101
v -0.07186535 0.26907206 0.30100167
v 0.13312107 0.03745527 0.30099940
v 0.12723824 0.04569677 0.30100101
v 0.12624851 0.04488351 0.30100101
v 0.12819250 0.04671909 0.30100101
v 0.13617589 0.04025729 0.30100337
v 0.13017656 0.25506192 0.30100101
v 0.13039982 0.25363985 0.30100101
v 0.14016473 0.25710663 0.30100173
v -0.06126231 0.26286381 0.30100101
v -0.05998927 0.26299983 0.30100101
v -0.06077228 0.27298573 0.30100039
v -0.06954138 0.25409436 0.30100101
v -0.07698093 0.04262789 0.30100209
v 0.14046803 0.25315374 0.30100095
v 0.12857121 0.25876164 0.30100101
v -0.06577493 0.26087371 0.30100101
v -0.06837139 0.04820249 0.30100101
v 0.03040000 0.26300001 0.30100101
v 0.12099174 0.26299971 0.30100101
v 0.12119512 0.27314302 0.30100149
v 0.03040000 0.27304903 0.30100107
v -0.07924800 0.25788778 0.30100393
v 0.03040000 0.04300000 0.30100101
v -0.06019099 0.04300029 0.30100101
v -0.06085681 0.03292627 0.30100098
v 0.03040000 0.03295097 0.30100107
v 0.12985694 0.03510585 0.30100200
v 0.13787405 0.26316270 0.30100158
v 0.12936176 0.25742760 0.30100101
v 0.12531543 0.26170483 0.30100101
v 0.12618282 0.27239981 0.30100191
v 0.12229896 0.26281387 0.30100101
v -0.06393149 0.26200262 0.30100101
v -0.06594276 0.27222213 0.30100182
v -0.06475417 0.26155859 0.30100101
v -0.06149896 0.04318611 0.30100101
v 0.12888762 0.04772881 0.30100101
v -0.06824923 0.25800326 0.30100101
v -0.06932519 0.25530168 0.30100101
v -0.06487057 0.04451307 0.30100101
v 0.12482835 0.04403873 0.30100101
v 0.12943342 0.04873500 0.30100101
v 0.13914780 0.04545319 0.30100155
v 0.12993327 0.04999501 0.30100101
v -0.06927899 0.05053193 0.30100101
v -0.07909863 0.04778364 0.30100217
v -0.06386506 0.04396646 0.30100101
v -0.06270285 0.04350359 0.30100101
v -0.07745367 0.26249835 0.30100220
v -0.06884792 0.25678933 0.30100101
v -0.06893068 0.04943469 0.30100101
v 0.12380113 0.26239878 0.30100101
v 0.12327465 0.04342725 0.30100101
v 0.12987262 0.25617251 0.30100101
v -0.06277170 0.26247248 0.30100101
v 0.14089930 0.25387964 0.30147633
v 0.14089911 0.05260835 0.30137429
v 0.14089915 0.09931402 0.30296561
v 0.14089952 0.20651673 0.31302053
v 0.14089946 0.10318153 0.30772835
v 0.14089970 0.09993555 0.31253684
v 0.14089942 0.20283584 0.30855912
v 0.14090018 0.25349849 0.32225379
v 0.14089864 0.21186878 0.31165752
v 0.14089826 0.20975444 0.30306295
v 0.14089920 0.21311115 0.30721539
v 0.14089923 0.20470005 0.30382225
v 0.14089920 0.09331955 0.30594820
v 0.14089985 0.05248817 0.32234094
v 0.14089815 0.09422661 0.31167647
v -0.06107461 0.27345079 0.30129442
v -0.05976019 0.27350003 0.30146521
v -0.05998950 0.27350000 0.32222185
v -0.06150991 0.27341178 0.32227159
v -0.06310834 0.27319771 0.30128863
v -0.06286997 0.27323458 0.32251793
v -0.06493324 0.27278617 0.30141056
v -0.06469950 0.27285349 0.32222664
v -0.06666796 0.27223590 0.30147624
v -0.06671057 0.27221718 0.32221481
v -0.06810948 0.27164224 0.30122018
v -0.06863388 0.27139780 0.32217306
v -0.07002304 0.27064523 0.30142054
v -0.07036561 0.27043590 0.32247648
v -0.07165002 0.26959389 0.30139360
v -0.07205193 0.26929393 0.32242754
v -0.07339472 0.26817557 0.30146453
v -0.07380418 0.26779383 0.32237849
v -0.07443082 0.26715678 0.30139941
v -0.07504112 0.26649842 0.32207260
v -0.07532538 0.26615918 0.30148855
v -0.07595695 0.26535550 0.32236603
v -0.07636421 0.26479763 0.30132484
v -0.07713100 0.26361808 0.32247216
v -0.07754441 0.26291224 0.30142024
v -0.07774036 0.26253578 0.32199457
v -0.07859676 0.26068497 0.30142978
v -0.07863534 0.26059538 0.32236713
v -0.07916179 0.25909755 0.30146363
v -0.07921832 0.25891000 0.32205597
v -0.07959780 0.25749034 0.30145475
v -0.07971291 0.25699300 0.32227823
v -0.07998179 0.25528073 0.30146730
v -0.07999159 0.25510156 0.32247174
v -0.08009990 0.25335467 0.32237309
v -0.08009974 0.25344244 0.30145127
v -0.08009946 0.05239688 0.30143511
v -0.08009835 0.09412877 0.30451980
v -0.08009952 0.09270845 0.30878639
v -0.08009919 0.09998225 0.30331028
v -0.08009961 0.20374440 0.30522338
v -0.08009846 0.21002550 0.30355528
v -0.08009994 0.05306444 0.32232642
v -0.08009955 0.09617298 0.31268853
v -0.08009947 0.10245321 0.30993664
v -0.08009934 0.20893008 0.31313226
v -0.08009928 0.21301560 0.30904827
v -0.08009885 0.20360892 0.31076130
v -0.08001790 0.05108881 0.32221693
v -0.07996779 0.05066216 0.30145755
v -0.07977249 0.04936223 0.32227618
v -0.07965568 0.04877486 0.30130571
v -0.07940933 0.04776164 0.32221618
v -0.07919383 0.04697330 0.30148828
v -0.07902210 0.04646727 0.32241914
v -0.07861200 0.04535993 0.30133310
v -0.07837762 0.04479644 0.32216963
v -0.07785962 0.04369896 0.30138674
v -0.07761735 0.04323465 0.32214853
v -0.07687050 0.04195664 0.30147636
v -0.07659475 0.04153845 0.32211584
v -0.07569042 0.04029351 0.30140075
v -0.07569661 0.04030823 0.32234791
v -0.07448174 0.03888034 0.32211933
v -0.07468203 0.03911037 0.30144957
v -0.07361340 0.03802801 0.30147672
v -0.07028384 0.03550223 0.30127272
v -0.07225265 0.03686520 0.30130342
v -0.07052180 0.03564782 0.32221553
v -0.07214899 0.03679017 0.32235876
v -0.07309608 0.03756567 0.32208776
v -0.06848112 0.03453236 0.32238618
v -0.06824960 0.03442558 0.30131814
v -0.06739707 0.03405499 0.32208258
v -0.06610054 0.03355531 0.30145589
v -0.06608286 0.03356504 0.32247686
v -0.06408997 0.03300199 0.30145863
v -0.06417486 0.03301480 0.32235700
v -0.06232071 0.03268080 0.30143791
v -0.06205745 0.03264582 0.32232693
v -0.06019617 0.03250002 0.30139825
v -0.06006055 0.03249963 0.32226115
v 0.03040000 0.03250034 0.30135807
v 0.03040000 0.03249998 0.32237911
v 0.12065804 0.03250003 0.32236093
v 0.12090775 0.03250013 0.30144325
v 0.12276453 0.03263528 0.30145752
v 0.12105739 0.03248868 0.32243592
v 0.12375958 0.03277253 0.32220441
v 0.12464429 0.03293936 0.30127615
v 0.12521274 0.03308067 0.32239658
v 0.12666045 0.03349161 0.32245159
v 0.12692346 0.03357343 0.30141962
v 0.12838799 0.03412046 0.32205728
v 0.12821497 0.03406061 0.30126911
v 0.12978062 0.03478167 0.30144235
v 0.13032305 0.03507227 0.32202047
v 0.13129914 0.03564231 0.30142164
v 0.13178435 0.03595354 0.32242230
v 0.13288476 0.03673691 0.30131847
v 0.13355045 0.03725426 0.32200903
v 0.13447349 0.03807579 0.30145621
v 0.13527060 0.03887905 0.32207102
v 0.13636225 0.04011818 0.30145007
v 0.13667022 0.04052424 0.32251480
v 0.13760117 0.04184805 0.32205477
v 0.13750176 0.04170062 0.30140778
v 0.13835466 0.04312948 0.30123448
v 0.13858329 0.04354548 0.32202664
v 0.13893996 0.04427915 0.30148870
v 0.13946949 0.04548666 0.32223207
v 0.13948785 0.04554508 0.30139336
v 0.14009900 0.04735318 0.32207590
v 0.14009103 0.04733422 0.30145717
v 0.14050832 0.04899832 0.30138057
v 0.14038290 0.04846096 0.32243189
v 0.14073910 0.05035974 0.32232475
v 0.14080843 0.05103355 0.30147630
v 0.14068596 0.25597039 0.30141649
v 0.14071859 0.25576150 0.32219756
v 0.14040706 0.25744429 0.30147627
v 0.14049770 0.25699925 0.32246614
v 0.14009804 0.25866908 0.32212013
v 0.13996969 0.25907511 0.30143908
v 0.13937253 0.26074094 0.32237560
v 0.13949189 0.26042783 0.30124900
v 0.13883211 0.26195076 0.30131483
v 0.13872686 0.26216426 0.32199925
v 0.13797031 0.26356173 0.30144194
v 0.13792510 0.26363558 0.32226524
v 0.13692528 0.26513010 0.30143839
v 0.13681601 0.26528108 0.32206139
v 0.13585432 0.26647931 0.30141056
v 0.13542534 0.26696518 0.32205501
v 0.13490029 0.26749682 0.30147642
v 0.13353507 0.26875037 0.30141336
v 0.13382484 0.26849952 0.32242012
v 0.13246389 0.26957464 0.32199898
v 0.13214663 0.26979858 0.30141351
v 0.13099916 0.27054435 0.32215604
v 0.13066071 0.27074084 0.30147594
v 0.12864742 0.27176788 0.30141506
v 0.12964825 0.27128443 0.32213905
v 0.12809215 0.27199623 0.32206920
v 0.12645751 0.27258149 0.30142322
v 0.12611645 0.27268213 0.32220870
v 0.12415161 0.27315623 0.30141577
v 0.12437304 0.27310875 0.32224151
v 0.12085975 0.27349991 0.30147630
v 0.12222821 0.27342626 0.32229373
v 0.12049443 0.27349997 0.32241797
v 0.12178053 0.27345780 0.30127573
v 0.03040000 0.27349967 0.30135822
v 0.03040000 0.27349991 0.32232803
v 0.12105157 0.03273659 0.32340097
v 0.12329935 0.03311129 0.32361108
v 0.12496484 0.03348465 0.32364860
v 0.12652856 0.03394517 0.32364580
v 0.12900153 0.03456368 0.32299480
v 0.12806334 0.03462674 0.32376945
v 0.13106114 0.03616063 0.32371518
v 0.12928040 0.03524816 0.32381982
v 0.13292077 0.03728205 0.32349798
v 0.13481663 0.03895959 0.32346365
v 0.13385603 0.03842255 0.32381085
v 0.13582024 0.04033818 0.32367456
v 0.13673638 0.04162768 0.32373318
v 0.13836059 0.04342730 0.32296455
v 0.13780391 0.04339084 0.32377949
v 0.13872103 0.04514913 0.32373464
v 0.13966055 0.04685634 0.32337537
v 0.13926716 0.04652397 0.32373297
v 0.14039096 0.05083988 0.32362741
v 0.13991721 0.04871132 0.32373980
v 0.14055081 0.05291391 0.32360506
v 0.14071344 0.05333770 0.32324591
v 0.14084207 0.05317280 0.32280466
v -0.06688396 0.03439759 0.32369545
v -0.06459650 0.03356753 0.32360792
v -0.06184101 0.03291995 0.32345843
v -0.06000722 0.03288332 0.32366407
v -0.05950604 0.03259551 0.32298869
v -0.06310454 0.03331433 0.32373959
v -0.06917045 0.03537638 0.32356054
v -0.07098217 0.03660656 0.32367805
v -0.07251947 0.03769260 0.32357311
v -0.07398689 0.03884892 0.32339981
v -0.07490454 0.04020093 0.32367998
v -0.07620633 0.04165536 0.32348105
v -0.07769985 0.04415886 0.32344267
v -0.07680696 0.04309057 0.32380354
v -0.07877745 0.04699977 0.32354546
v -0.07812756 0.04574925 0.32379004
v -0.07974588 0.05257319 0.32361424
v -0.07966980 0.05016102 0.32335228
v -0.07994030 0.05325235 0.32317489
v -0.08004879 0.05327200 0.32276163
v -0.07916616 0.04887945 0.32372525
v -0.06723516 0.27138466 0.32376692
v -0.06868407 0.27092767 0.32350975
v -0.06550890 0.27218226 0.32358372
v -0.07971963 0.25310636 0.32366011
v -0.07999203 0.25284225 0.32302600
v -0.07962374 0.25518143 0.32357222
v -0.05948219 0.27319798 0.32352307
v -0.06114743 0.27306145 0.32361379
v -0.06001918 0.27345040 0.32277915
v -0.06254636 0.27283186 0.32367423
v -0.06394739 0.27269557 0.32346806
v -0.07040773 0.26982027 0.32363027
v -0.07216505 0.26847234 0.32369974
v -0.07351979 0.26730874 0.32366574
v -0.07707406 0.26275551 0.32360420
v -0.07612095 0.26418015 0.32368872
v -0.07791873 0.26144239 0.32341257
v -0.07492901 0.26595935 0.32352707
v -0.07851180 0.25956568 0.32364485
v -0.07914608 0.25758323 0.32360509
v 0.14086510 0.25320652 0.32268104
v 0.13987154 0.25845507 0.32337385
v 0.13803262 0.26271600 0.32345986
v 0.13669567 0.26487133 0.32342464
v 0.13536729 0.26643211 0.32348055
v 0.12839225 0.27170983 0.32297868
v 0.12346683 0.27301025 0.32339048
v 0.14051914 0.25313416 0.32365987
v 0.14054948 0.25456235 0.32346922
v 0.14074390 0.25276580 0.32316706
v 0.13913150 0.25995925 0.32369220
v 0.13816014 0.26190874 0.32379663
v 0.13692145 0.26399776 0.32380500
v 0.12914687 0.27089661 0.32374245
v 0.12728365 0.27178171 0.32365432
v 0.12233277 0.27294743 0.32372737
v 0.12051944 0.27314818 0.32360959
v 0.13107236 0.27004918 0.32348546
v 0.14020252 0.25640634 0.32360965
v 0.13416269 0.26744422 0.32367483
v 0.13297324 0.26849380 0.32367650
v 0.12541512 0.27244410 0.32358879
v 0.12029645 0.27334362 0.32316938
v 0.03040000 0.03260910 0.32300702
v 0.03040000 0.03281121 0.32353872
v 0.12029649 0.03284779 0.32360271
v -0.04504118 0.04947890 0.35212249
v -0.04284352 0.04937878 0.35223368
v -0.04699517 0.04991487 0.35222602
v -0.04805859 0.05046572 0.35259137
v -0.05030056 0.05107250 0.35234740
v -0.05228264 0.05207067 0.35239080
v -0.05392839 0.05299203 0.35229853
v -0.05579380 0.05447293 0.35236898
v -0.05716192 0.05608993 0.35264507
v -0.05848705 0.05719499 0.35232279
v -0.05953111 0.05854644 0.35229126
v -0.06034802 0.05990641 0.35232586
v -0.06105314 0.06123151 0.35233229
v -0.06185325 0.06305332 0.35231113
v -0.06218822 0.06469787 0.35257512
v -0.06290337 0.06638540 0.35216361
v -0.06315448 0.06824438 0.35217914
v -0.06329412 0.06983172 0.35210890
v -0.06328017 0.23597552 0.35213289
v -0.06301282 0.23758690 0.35243988
v -0.06277325 0.24003218 0.35222203
v -0.06221521 0.24172005 0.35238257
v -0.06144881 0.24384104 0.35237318
v -0.06047105 0.24540284 0.35261470
v -0.06015689 0.24650763 0.35227045
v -0.05917913 0.24783692 0.35237542
v -0.05786730 0.24929245 0.35252663
v -0.05649789 0.25095409 0.35231128
v -0.05485632 0.25228551 0.35236040
v -0.05333243 0.25321481 0.35248303
v -0.05175501 0.25423959 0.35235915
v -0.05009924 0.25510249 0.35222891
v -0.04902887 0.25531170 0.35246852
v -0.04709616 0.25607643 0.35222262
v -0.04569098 0.25617912 0.35246980
v -0.04409771 0.25662461 0.35210943
v -0.04256868 0.25666076 0.35216624
v -0.04862300 0.26278901 0.34155199
v 0.03040000 0.27336156 0.32310778
v 0.04261856 0.27315876 0.32358691
v 0.03040000 0.27345401 0.32272199
v 0.10345934 0.25664821 0.35218790
v 0.10942300 0.26278901 0.34155199
v 0.10464225 0.25644714 0.35241726
v 0.10685989 0.25633371 0.35215977
v 0.10858023 0.25579453 0.35236189
v 0.11077604 0.25485191 0.35259649
v 0.11217333 0.25448054 0.35229662
v 0.11369362 0.25346148 0.35251141
v 0.11520037 0.25269327 0.35228196
v 0.11583231 0.25186661 0.35262161
v 0.11698571 0.25116184 0.35237733
v 0.11833110 0.24988222 0.35234946
v 0.11949664 0.24848700 0.35236463
v 0.12035192 0.24738362 0.35231537
v 0.12082364 0.24618182 0.35262144
v 0.12180254 0.24500528 0.35225138
v 0.12209717 0.24397285 0.35247493
v 0.12287733 0.24230556 0.35232100
v 0.12353203 0.24027403 0.35220838
v 0.12389228 0.23841946 0.35215592
v 0.12410377 0.23649754 0.35209200
v 0.03699518 0.26805320 0.33243436
v 0.02773796 0.27245405 0.32481182
v 0.08121800 0.26786909 0.33275354
v 0.03854769 0.26082352 0.34495643
v 0.05732160 0.25492179 0.35517094
v 0.05344237 0.25297463 0.35854888
v 0.05085702 0.24981374 0.36401987
v 0.04529532 0.23303622 0.39308360
v 0.03955000 0.23366299 0.39199999
v 0.04968577 0.24726781 0.36843041
v 0.06840519 0.25661096 0.35224786
v 0.06141979 0.25603694 0.35324094
v 0.02396490 0.26368988 0.33999205
v 0.02125000 0.23366299 0.39199999
v 0.01931435 0.26050773 0.34550339
v 0.01567221 0.23287460 0.39336643
v 0.01090331 0.24829254 0.36665931
v 0.00843715 0.25192064 0.36037201
v -0.00057790 0.25598311 0.35333413
v 0.00501101 0.25429469 0.35625622
v -0.00634644 0.25662813 0.35222119
v 0.02125000 0.27294400 0.32396299
v 0.03040000 0.23366301 0.39199999
v 0.03000019 0.26183456 0.34320530
v 0.12407389 0.06957076 0.35214341
v 0.12383321 0.06789596 0.35230491
v 0.12355253 0.06605961 0.35227931
v 0.12305094 0.06397811 0.35221446
v 0.12238232 0.06288816 0.35256240
v 0.12204291 0.06145947 0.35223749
v 0.12088355 0.05943131 0.35231718
v 0.11993312 0.05838483 0.35257757
v 0.11870670 0.05654792 0.35236010
v 0.11706891 0.05491000 0.35238776
v 0.11535320 0.05351492 0.35238174
v 0.11397615 0.05247826 0.35226241
v 0.11254430 0.05175573 0.35235602
v 0.11072613 0.05098451 0.35242292
v 0.10963886 0.05041796 0.35220423
v 0.10808258 0.05015717 0.35246694
v 0.10627941 0.04960074 0.35220480
v 0.10370046 0.04935633 0.35219643
v 0.05413794 0.05258281 0.35778439
v 0.05726919 0.05097739 0.35500273
v 0.06203243 0.04989960 0.35313424
v -0.00209109 0.04975016 0.35287708
v 0.00182670 0.05051041 0.35419190
v 0.00576125 0.05188711 0.35657924
v -0.00737980 0.04930060 0.35209969
v 0.06910997 0.04937429 0.35222641
v 0.05095537 0.05607245 0.36382595
v 0.00907742 0.05460653 0.36128899
v 0.04946016 0.05876437 0.36849177
v 0.01116774 0.05856310 0.36814225
v 0.01578484 0.07309759 0.39331716
v 0.04510740 0.07279140 0.39278796
v 0.02431378 0.10917536 0.38317293
v 0.03779753 0.11058182 0.38457704
v 0.02259490 0.11110744 0.38507891
v 0.02734258 0.10747419 0.38147032
v 0.03189391 0.10683092 0.38085479
v 0.03600290 0.10860729 0.38260815
v 0.03867961 0.11174413 0.38558590
v 0.02103681 0.11226463 0.38594171
v 0.03947707 0.11286825 0.38627174
v 0.02086913 0.11358071 0.38657138
v 0.03981655 0.11384175 0.38664913
v 0.04026450 0.11506327 0.38691351
v 0.02079646 0.11513422 0.38692459
v 0.03997812 0.11629126 0.38699970
v 0.02038660 0.11651798 0.38700014
v 0.03267621 0.19806659 0.38193148
v 0.02327657 0.19540548 0.38459340
v 0.03795656 0.19562711 0.38437623
v 0.02436042 0.19729309 0.38273010
v 0.02701516 0.19839981 0.38160470
v 0.03819662 0.19478542 0.38516343
v 0.02222067 0.19440500 0.38546872
v 0.02139501 0.19341794 0.38611877
v 0.03917807 0.19366640 0.38597777
v 0.03971618 0.19271119 0.38645768
v 0.02094338 0.19261429 0.38649422
v 0.04024399 0.19166510 0.38678572
v 0.02050619 0.19172537 0.38676584
v 0.04013707 0.18979815 0.38699958
v 0.02021110 0.19076492 0.38693222
v 0.02045934 0.18924220 0.38699979
v 0.04541780 0.20861751 0.40122607
v 0.04545829 0.21099147 0.40067717
v 0.04543597 0.09613920 0.40111962
v 0.04545914 0.09428519 0.40059787
v 0.04285166 0.20954204 0.40699989
v 0.04323108 0.20803489 0.40693745
v 0.04282529 0.09787156 0.40699998
v 0.04295569 0.09655914 0.40699822
v 0.04342820 0.09743639 0.40687507
v 0.04362955 0.20975046 0.40678912
v 0.04387767 0.09606909 0.40663946
v 0.04402405 0.20854385 0.40652323
v 0.04425424 0.09717974 0.40630299
v 0.04435065 0.21172222 0.40617034
v 0.04444420 0.20820425 0.40602326
v 0.04454090 0.09682853 0.40584168
v 0.04465136 0.21399876 0.40555561
v 0.04467446 0.20836200 0.40544572
v 0.04469421 0.09478683 0.40534011
v 0.01605085 0.21304539 0.40502250
v 0.01617934 0.20947999 0.40563998
v 0.01612386 0.09662171 0.40543181
v 0.01630072 0.09701088 0.40593496
v 0.01635580 0.20820263 0.40602338
v 0.01660950 0.20862870 0.40636310
v 0.01663688 0.09750783 0.40639448
v 0.01704079 0.20966020 0.40672380
v 0.01711065 0.09728949 0.40675947
v 0.01756806 0.20834646 0.40693733
v 0.01754390 0.09734979 0.40693203
v 0.01796198 0.20848358 0.40700004
v 0.01800064 0.09712588 0.40700004
v 0.01534288 0.09698477 0.40098560
v 0.01534187 0.21003409 0.40072238
v 0.01537565 0.20917179 0.40118694
v 0.01529311 0.21401486 0.40066081
v 0.04549070 0.21466532 0.40080902
v 0.04559486 0.21682693 0.39983052
v 0.04588552 0.22058228 0.39848566
v 0.04633325 0.22361735 0.39599246
v 0.04720075 0.22737215 0.39111057
v 0.04699343 0.22631694 0.39187509
v 0.05127373 0.24058565 0.36799860
v 0.00958682 0.06556351 0.36837614
v 0.00964149 0.06059198 0.36864501
v 0.00900855 0.05884328 0.36553305
v 0.00897556 0.06390734 0.36546180
v 0.00860653 0.06318790 0.36412239
v 0.00786622 0.05662503 0.36203590
v 0.00787411 0.06181611 0.36209187
v 0.00714748 0.06059312 0.36054924
v 0.00655947 0.05487150 0.35951748
v 0.00621102 0.05955931 0.35900027
v 0.00529924 0.05862496 0.35782343
v 0.00538198 0.05390004 0.35793468
v 0.00424137 0.05798746 0.35675472
v 0.00419350 0.05332532 0.35671765
v 0.00319774 0.05733330 0.35591656
v 0.00326528 0.05250800 0.35596013
v 0.00175229 0.05688957 0.35500869
v 0.00124106 0.05201776 0.35477465
v 0.00057296 0.05611536 0.35447881
v -0.00132730 0.05112273 0.35381174
v -0.00158748 0.05586886 0.35375029
v -0.00392421 0.05560531 0.35329372
v -0.00494940 0.05086994 0.35315710
v -0.00583020 0.05523505 0.35309061
v -0.00819476 0.05070600 0.35299754
v -0.00861949 0.05534861 0.35300016
v 0.01701590 0.09320486 0.40661326
v 0.01790840 0.09353946 0.40690902
v 0.01645701 0.09051815 0.40591243
v 0.01611633 0.09140629 0.40537128
v 0.01783333 0.09031677 0.40656021
v 0.01691170 0.08829045 0.40590519
v 0.01769179 0.08810356 0.40611356
v 0.01595701 0.08692652 0.40445656
v 0.01752430 0.08638538 0.40561604
v 0.01636777 0.08452794 0.40439510
v 0.01750450 0.08437014 0.40483814
v 0.01705988 0.08185803 0.40345025
v 0.01550063 0.08193309 0.40188554
v 0.01741198 0.08283871 0.40404737
v 0.01591637 0.08071624 0.40196878
v 0.01630046 0.07885446 0.40086684
v 0.01720568 0.08004694 0.40211943
v 0.01699622 0.07853267 0.40072671
v 0.01500802 0.07816490 0.39863148
v 0.01544871 0.07775586 0.39909080
v 0.01675834 0.07732604 0.39942580
v 0.01572443 0.07571643 0.39718121
v 0.01421621 0.07558563 0.39459357
v 0.01644987 0.07607526 0.39787433
v 0.01459364 0.07483712 0.39485443
v 0.01626022 0.07476969 0.39603132
v 0.01517639 0.07335203 0.39353171
v 0.01451114 0.07336080 0.39286137
v 0.04661111 0.07489905 0.39397225
v 0.04580580 0.07867353 0.39899114
v 0.04661941 0.07584111 0.39441812
v 0.04482957 0.08697656 0.40453219
v 0.04440660 0.09016472 0.40580469
v 0.04489102 0.08012018 0.40157840
v 0.04514402 0.08311561 0.40276456
v 0.04456170 0.08433944 0.40416938
v 0.04624629 0.07461581 0.39450920
v 0.04539331 0.07703312 0.39839277
v 0.04400716 0.09174471 0.40633190
v 0.04577496 0.07415315 0.39456317
v 0.04397658 0.08654323 0.40538958
v 0.04333668 0.08967198 0.40643999
v 0.04447401 0.07704768 0.39909151
v 0.04369429 0.08114026 0.40295914
v 0.04437543 0.08210258 0.40325168
v 0.04331976 0.08549808 0.40529928
v 0.04361234 0.08324067 0.40426779
v 0.04318056 0.08814035 0.40611660
v 0.04295456 0.09374757 0.40691626
v 0.04426899 0.07602430 0.39780796
v 0.04473152 0.07448961 0.39560437
v 0.04382186 0.07834747 0.40054610
v 0.04383193 0.07964209 0.40176675
v 0.04303122 0.08675686 0.40573490
v 0.04291744 0.09141009 0.40670803
v 0.04562078 0.07311422 0.39315715
v 0.04328595 0.08216909 0.40364653
v 0.04313736 0.08419959 0.40474996
v 0.05301037 0.06163039 0.36188158
v 0.05307636 0.05625413 0.36171716
v 0.05250147 0.06213664 0.36322424
v 0.06874505 0.05067909 0.35299611
v 0.06529123 0.05530307 0.35321659
v 0.06850882 0.05543119 0.35299921
v 0.06436609 0.05088850 0.35333297
v 0.06287869 0.05584861 0.35362422
v 0.06157754 0.05144276 0.35399124
v 0.06069817 0.05626501 0.35428166
v 0.06007252 0.05144954 0.35453546
v 0.05834904 0.05689240 0.35540688
v 0.05808993 0.05218943 0.35557887
v 0.05675830 0.05296985 0.35656941
v 0.05639777 0.05817911 0.35689029
v 0.05518373 0.05428929 0.35821667
v 0.05523093 0.05868408 0.35815498
v 0.05403219 0.05533290 0.35987619
v 0.05403806 0.05993569 0.35987213
v 0.05215998 0.05818615 0.36426830
v 0.05199873 0.06354099 0.36478734
v 0.05144035 0.05995698 0.36709645
v 0.05130130 0.06529018 0.36787164
v 0.10397614 0.05068874 0.35299835
v 0.11797514 0.24824864 0.35300595
v 0.11593041 0.24328913 0.35299402
v 0.11061691 0.24828903 0.35299686
v 0.12053683 0.06096005 0.35299823
v 0.11655404 0.05573512 0.35299566
v 0.11335102 0.05972423 0.35299578
v 0.11364587 0.25229779 0.35299727
v 0.10910761 0.05692548 0.35299855
v 0.11702213 0.24154024 0.35299149
v 0.11147486 0.05235396 0.35299233
v 0.10841867 0.25474671 0.35299477
v 0.10296031 0.25053072 0.35299709
v 0.11689633 0.06430385 0.35298821
v 0.12099435 0.24383792 0.35299790
v 0.10776855 0.05106968 0.35299218
v 0.10424514 0.25509372 0.35300133
v 0.12190861 0.06661239 0.35300082
v 0.10213933 0.05545925 0.35299563
v 0.12229484 0.23766334 0.35300094
v 0.06810058 0.25075305 0.35300237
v 0.06995752 0.25529054 0.35299686
v 0.11876347 0.23687559 0.35299590
v 0.11850762 0.06895991 0.35299122
v 0.11937277 0.23257722 0.35299921
v 0.12256897 0.06994563 0.35299945
v 0.11938313 0.07359093 0.35299921
v 0.05187632 0.24225682 0.36526766
v 0.05133263 0.24596675 0.36766186
v 0.05233039 0.24826129 0.36368436
v 0.05252632 0.24352343 0.36312637
v 0.05344670 0.24538659 0.36092770
v 0.05327781 0.24985893 0.36129382
v 0.05439209 0.25133485 0.35929260
v 0.05463510 0.24640590 0.35893044
v 0.05592464 0.24794620 0.35734919
v 0.05567372 0.25215927 0.35762826
v 0.05713404 0.25336009 0.35627174
v 0.05792126 0.24874599 0.35568264
v 0.05853742 0.25397643 0.35530859
v 0.05935077 0.24953711 0.35486919
v 0.06032793 0.25433940 0.35443959
v 0.06154155 0.25028375 0.35400447
v 0.06171976 0.25479934 0.35394263
v 0.06383582 0.25048041 0.35342762
v 0.06390387 0.25508004 0.35342711
v 0.06664655 0.25519240 0.35308582
v 0.04499766 0.22127920 0.40358138
v 0.04579059 0.22627750 0.39912015
v 0.04592784 0.08504033 0.39826918
v 0.04667782 0.08059225 0.39407519
v 0.04562849 0.08867672 0.39992476
v 0.04662565 0.23057266 0.39435121
v 0.04315767 0.21374135 0.40679458
v 0.04417064 0.21595876 0.40603486
v 0.04276440 0.21236494 0.40690455
v 0.04338982 0.21793500 0.40609592
v 0.04284432 0.21597683 0.40651217
v 0.04445700 0.21996979 0.40484995
v 0.04353841 0.22176887 0.40476954
v 0.04308515 0.21931501 0.40571305
v 0.04305917 0.22102807 0.40509307
v 0.04457428 0.22240750 0.40383777
v 0.04339445 0.22356409 0.40382352
v 0.04459656 0.22442593 0.40280840
v 0.04539360 0.22521913 0.40111026
v 0.04362164 0.22546379 0.40250868
v 0.04458987 0.22612251 0.40162653
v 0.04368461 0.22669406 0.40146172
v 0.04543500 0.22727126 0.39977893
v 0.04409336 0.22770391 0.40048587
v 0.04510318 0.22907130 0.39855292
v 0.04420950 0.22922625 0.39878023
v 0.04621274 0.23090693 0.39511925
v 0.04563296 0.23180188 0.39476073
v 0.04471270 0.23163657 0.39539891
v 0.04435625 0.23064399 0.39688078
v 0.04630591 0.23251781 0.39300686
v 0.01551929 0.22752008 0.39985999
v 0.01511199 0.22659354 0.39967251
v 0.01436083 0.23121224 0.39432764
v 0.01589462 0.22281887 0.40324083
v 0.01566453 0.22230472 0.40283814
v 0.01611432 0.21835071 0.40494719
v 0.01541122 0.22986537 0.39741737
v 0.01619830 0.22398975 0.40304223
v 0.01661472 0.22141896 0.40458345
v 0.01656279 0.22856583 0.39954787
v 0.01680452 0.22645167 0.40168652
v 0.01714410 0.22372563 0.40371707
v 0.01619131 0.23131621 0.39589360
v 0.01525276 0.23203169 0.39449185
v 0.01649198 0.22979429 0.39805382
v 0.01730014 0.22498778 0.40286580
v 0.01798959 0.21193148 0.40693310
v 0.01762548 0.21371041 0.40679863
v 0.01638926 0.21380515 0.40596840
v 0.01404393 0.23082598 0.39363441
v 0.01674007 0.21618225 0.40607053
v 0.01691778 0.21850377 0.40571859
v 0.01468279 0.23227505 0.39358222
v 0.01779388 0.21555468 0.40657231
v 0.01778776 0.21735263 0.40624204
v 0.01766124 0.21970043 0.40559596
v 0.01754376 0.22187275 0.40472242
v 0.01696066 0.22783631 0.40034693
v 0.01444322 0.08224196 0.39587972
v 0.01501906 0.08649456 0.39907581
v 0.01511867 0.21817686 0.39963797
v 0.01473518 0.22190218 0.39743933
v 0.01429018 0.22450246 0.39498845
v 0.01358485 0.22723888 0.39097330
v 0.01353911 0.07838832 0.39077139
v 0.01527398 0.09133542 0.40053278
v 0.00945460 0.24585740 0.36760619
v 0.00972992 0.23991653 0.36915967
v -0.00885072 0.25525194 0.35299921
v -0.00611353 0.25030097 0.35306734
v -0.00880733 0.25064492 0.35299990
v -0.00619419 0.25520638 0.35307166
v -0.00356147 0.25034186 0.35333735
v -0.00389202 0.25522119 0.35329342
v -0.00177598 0.25494105 0.35371113
v -0.00121764 0.25002271 0.35385951
v 0.00042868 0.25425345 0.35441187
v 0.00024013 0.24945129 0.35433793
v 0.00155574 0.24939205 0.35492894
v 0.00270464 0.25349388 0.35559332
v 0.00326675 0.24890104 0.35595047
v 0.00414405 0.25304922 0.35666406
v 0.00520063 0.24753372 0.35771570
v 0.00552719 0.25191954 0.35810262
v 0.00644401 0.24638160 0.35935545
v 0.00657266 0.25089973 0.35956174
v 0.00740956 0.24479559 0.36104888
v 0.00746280 0.24994200 0.36118609
v 0.00811946 0.24412867 0.36270756
v 0.00827140 0.24858904 0.36313438
v 0.00856976 0.24297346 0.36400226
v 0.00884098 0.24759503 0.36495686
v 0.00919739 0.24167529 0.36639401
v -0.05409176 0.06127209 0.35299602
v -0.04966260 0.05767704 0.35299626
v -0.05605061 0.05656200 0.35300240
v -0.05683014 0.24901196 0.35299712
v -0.05226541 0.24655391 0.35299549
v -0.05507180 0.24343109 0.35299423
v -0.06087169 0.06449917 0.35300705
v -0.04725532 0.24920078 0.35299486
v -0.05957233 0.24462579 0.35300326
v -0.05059450 0.25368515 0.35299525
v -0.05069774 0.05238843 0.35299599
v -0.05622212 0.06445980 0.35299134
v -0.04216031 0.05546927 0.35299709
v -0.04303274 0.25535783 0.35299754
v -0.04399185 0.05088137 0.35300085
v -0.05706995 0.23937705 0.35299271
v -0.04133933 0.25054076 0.35299563
v -0.06145489 0.24087754 0.35299012
v -0.05796347 0.06912442 0.35299590
v -0.06170854 0.06985406 0.35299987
v -0.06179988 0.23627806 0.35299951
v -0.05857277 0.07342278 0.35299921
v -0.05858313 0.23240906 0.35299921
v 0.12281017 0.06672106 0.35291502
v 0.11948699 0.05926546 0.35297814
v 0.12297481 0.06987683 0.35292900
v 0.11473923 0.05390818 0.35287404
v 0.12345953 0.06990051 0.35271797
v 0.12380076 0.07012096 0.35245577
v 0.10411750 0.04997063 0.35273656
v -0.04382579 0.04991226 0.35270065
v -0.05903046 0.05893102 0.35283056
v -0.06258076 0.06881281 0.35276198
v -0.06296612 0.07014515 0.35249585
v -0.05405414 0.05387557 0.35283366
v -0.06085745 0.06228965 0.35281932
v -0.04301924 0.05033814 0.35290140
v -0.06212785 0.06991370 0.35294133
v -0.05450469 0.25154275 0.35292202
v -0.06256212 0.23762208 0.35277027
v -0.04663098 0.25510791 0.35294527
v -0.04286942 0.25617853 0.35264868
v -0.06283973 0.23589964 0.35258999
v -0.06224949 0.23692375 0.35290211
v 0.12375767 0.23664765 0.35250270
v 0.11810531 0.24922583 0.35282940
v 0.12287369 0.24019010 0.35280487
v 0.10368428 0.25585145 0.35283720
v 0.12336848 0.23607503 0.35276741
v 0.12286744 0.23651923 0.35295904
v -0.00785479 0.04959183 0.35244936
v -0.00801448 0.05004765 0.35277846
v -0.00336231 0.05018711 0.35310856
v 0.00032247 0.05071176 0.35403237
v 0.00212908 0.05149074 0.35502249
v 0.00474446 0.05199212 0.35645494
v 0.00546776 0.05314929 0.35768938
v 0.00687296 0.05306038 0.35843071
v 0.00732921 0.05438288 0.36005920
v 0.00920984 0.05573888 0.36297220
v 0.00834878 0.05599795 0.36242923
v 0.00996307 0.05832897 0.36690244
v 0.01046368 0.05820192 0.36721143
v 0.00967465 0.05910740 0.36737576
v 0.05008883 0.05875339 0.36823878
v 0.05086470 0.05889552 0.36760920
v 0.05140440 0.05910440 0.36672163
v 0.05188680 0.05598243 0.36302629
v 0.05235690 0.05651290 0.36302137
v 0.05344089 0.05443538 0.36010903
v 0.05330550 0.05357695 0.35931355
v 0.05529968 0.05306200 0.35769364
v 0.05778186 0.05122141 0.35511991
v 0.06427510 0.05036340 0.35316417
v 0.06572977 0.04974649 0.35266709
v 0.06920701 0.04994172 0.35272542
v 0.06734876 0.25619972 0.35262954
v 0.06929716 0.25583583 0.35282972
v 0.06462074 0.25574940 0.35307181
v 0.05998473 0.25524244 0.35417807
v 0.05485712 0.25351083 0.35742107
v 0.05472341 0.25260732 0.35825983
v 0.05245141 0.25170565 0.36061344
v 0.05288470 0.25071388 0.36139986
v 0.05199507 0.24934019 0.36364213
v 0.05052559 0.24746799 0.36753240
v 0.05103823 0.24687389 0.36758310
v 0.01052438 0.24807084 0.36685026
v 0.01043459 0.24673937 0.36873785
v 0.00964579 0.24734126 0.36682221
v 0.00974251 0.24579215 0.36862773
v 0.00648030 0.25208217 0.35895282
v 0.00493914 0.25344494 0.35697484
v -0.00801410 0.25603554 0.35273853
v -0.00615718 0.25643533 0.35243207
v 0.00240772 0.25486976 0.35493493
v 0.00940257 0.24990374 0.36356533
v 0.00775612 0.25159091 0.36039108
v 0.00825639 0.24996988 0.36233270
v 0.00093189 0.25486872 0.35443616
v 0.04740099 0.07820369 0.38980129
v 0.04647410 0.08175050 0.39471182
v 0.04545774 0.09744297 0.39445794
v 0.04545696 0.20940022 0.39446825
v 0.03981029 0.11122289 0.38532478
v 0.04097397 0.11342994 0.38666210
v 0.03759738 0.10830089 0.38274729
v 0.03912525 0.10908924 0.38385022
v 0.04057155 0.10902845 0.38493755
v 0.04216192 0.11292786 0.38717428
v 0.04165669 0.10980766 0.38623035
v 0.04277175 0.11214328 0.38788217
v 0.03904583 0.10754823 0.38349751
v 0.04214509 0.11661577 0.38745934
v 0.04274706 0.11687047 0.38797951
v 0.04159325 0.11659036 0.38719398
v 0.04173725 0.11381234 0.38703504
v 0.04326001 0.11598415 0.38873801
v 0.04075645 0.11699555 0.38702223
v 0.02809171 0.10642945 0.38068044
v 0.02749676 0.10531354 0.38059482
v 0.03073957 0.10545231 0.38027298
v 0.02942690 0.10478794 0.38029656
v 0.02614193 0.10575981 0.38099527
v 0.02240207 0.10684556 0.38297582
v 0.02437902 0.10668890 0.38175246
v 0.02171985 0.10890790 0.38374913
v 0.02408209 0.10807844 0.38235837
v 0.03759855 0.10670665 0.38242969
v 0.03569141 0.10595480 0.38139948
v 0.03271769 0.10526241 0.38047373
v 0.03441553 0.10669732 0.38109973
v 0.03690447 0.10191266 0.38202354
v 0.03430418 0.10534665 0.38087609
v 0.02134896 0.11047902 0.38473710
v 0.01954778 0.11667101 0.38709888
v 0.01921342 0.11470345 0.38705930
v 0.01884179 0.11692782 0.38734829
v 0.01902143 0.11221343 0.38671234
v 0.01968735 0.11283524 0.38651308
v 0.01826251 0.11610245 0.38776362
v 0.01802585 0.11260579 0.38788402
v 0.01783377 0.11691892 0.38827154
v 0.01745465 0.11609608 0.38889721
v 0.02057402 0.10857884 0.38457134
v 0.01904364 0.10991095 0.38636646
v 0.01953503 0.18896294 0.38710138
v 0.01874338 0.18974677 0.38739693
v 0.01811934 0.18947376 0.38791245
v 0.01763369 0.19050427 0.38856182
v 0.02039109 0.19484164 0.38553008
v 0.02179311 0.19518144 0.38488635
v 0.02276015 0.19763882 0.38296068
v 0.01876746 0.19372985 0.38693970
v 0.01944741 0.19273312 0.38671198
v 0.01973680 0.19687958 0.38548484
v 0.01862456 0.19558397 0.38696319
v 0.02125494 0.19809116 0.38392967
v 0.03618233 0.19746639 0.38255522
v 0.03783522 0.19777805 0.38281485
v 0.03422597 0.19941391 0.38099745
v 0.03570352 0.19973543 0.38140246
v 0.03269500 0.20092005 0.38046679
v 0.03474998 0.20067249 0.38101721
v 0.03122129 0.20070650 0.38029718
v 0.03917176 0.19857870 0.38359812
v 0.03918641 0.19719982 0.38378966
v 0.03753578 0.19958667 0.38239020
v 0.02477377 0.19953191 0.38156605
v 0.02675993 0.19933207 0.38099352
v 0.02297474 0.19931345 0.38257191
v 0.03132395 0.19943383 0.38065448
v 0.02942549 0.20086166 0.38029560
v 0.02756803 0.20072879 0.38058367
v 0.02601992 0.20050316 0.38103101
v 0.02729484 0.20632535 0.38065386
v 0.04116325 0.18969655 0.38708043
v 0.04187577 0.19208775 0.38707092
v 0.04253658 0.19450487 0.38748571
v 0.04176871 0.19389386 0.38667557
v 0.04273377 0.18977423 0.38797113
v 0.04177954 0.18940531 0.38726839
v 0.04224434 0.18921554 0.38752660
v 0.04325816 0.18999939 0.38873163
v 0.04032410 0.19493677 0.38541889
v 0.04103363 0.19665468 0.38544863
v 0.04056463 0.19360618 0.38614771
v 0.01534209 0.20840111 0.39447889
v 0.01534202 0.09746875 0.39449626
v 0.01473420 0.08403562 0.39715526
v 0.01388950 0.07999786 0.39226916
v -0.04082011 0.24982931 0.35285529
v -0.00809454 0.24983551 0.35286012
v -0.04128551 0.24931844 0.35267809
v -0.00758215 0.24913713 0.35259232
v -0.00842937 0.24838960 0.35213640
v -0.04110477 0.24870074 0.35234183
v -0.04049863 0.24818008 0.35192806
v 0.10162012 0.05617068 0.35285527
v 0.06842578 0.05626862 0.35283098
v 0.10208546 0.05668157 0.35267812
v 0.06847965 0.05687431 0.35258573
v 0.06910690 0.05761858 0.35212842
v 0.10190477 0.05729922 0.35234177
v 0.10129863 0.05781992 0.35192806
v 0.01532315 0.21244955 0.39426810
v 0.01523351 0.21531172 0.39385182
v 0.01505962 0.21747620 0.39287984
v 0.01475083 0.21933459 0.39113551
v 0.01434279 0.22102290 0.38884196
v 0.01398561 0.22223051 0.38675752
v 0.04723769 0.22364952 0.38441792
v 0.04657654 0.22145459 0.38815781
v 0.04606376 0.21941061 0.39103806
v 0.04577452 0.21771587 0.39266440
v 0.04557826 0.21555899 0.39374289
v 0.04549767 0.21330553 0.39419141
v -0.00479597 0.24815273 0.35209873
v -0.00408399 0.24897778 0.35283336
v -0.00190276 0.24802262 0.35269952
v -0.00152267 0.24898697 0.35343468
v 0.00007923 0.24768725 0.35326484
v 0.00254320 0.24788159 0.35507849
v 0.00170730 0.24709377 0.35370618
v 0.00321177 0.24678993 0.35488945
v 0.00440975 0.24665512 0.35630381
v 0.00401236 0.24513000 0.35356531
v 0.00591714 0.24567147 0.35799709
v 0.00693739 0.24478152 0.35963023
v 0.00814921 0.24166955 0.35947329
v 0.01331046 0.22445972 0.38296345
v 0.01200947 0.22872582 0.37560043
v 0.01057715 0.23340400 0.36748442
v 0.10128956 0.24875151 0.35238016
v 0.10108519 0.24816151 0.35190991
v 0.06910061 0.24830273 0.35204977
v 0.06877088 0.24901852 0.35254246
v 0.10136767 0.24981318 0.35286388
v 0.06813924 0.24990740 0.35287932
v 0.11869933 0.23224412 0.35291478
v 0.11896982 0.07288695 0.35295805
v 0.11846262 0.07328621 0.35284987
v 0.11785148 0.23283729 0.35262257
v 0.11775550 0.07186648 0.35257745
v 0.11735122 0.23261823 0.35234013
v 0.11734819 0.07371323 0.35233891
v 0.11681539 0.23209509 0.35191521
v 0.11686338 0.07395086 0.35196295
v 0.11683898 0.07077842 0.35213596
v 0.11194173 0.06076425 0.35240924
v 0.10895072 0.05906496 0.35231265
v 0.11008213 0.05976765 0.35224199
v 0.10535162 0.05786452 0.35231683
v 0.10327078 0.05787419 0.35202023
v 0.11647546 0.06838621 0.35224193
v 0.11740020 0.06803235 0.35276911
v 0.11587468 0.06648796 0.35227370
v 0.11595222 0.06460233 0.35273299
v 0.11530430 0.06510901 0.35232371
v 0.11458610 0.06385159 0.35233417
v 0.11424153 0.06150092 0.35286984
v 0.11337101 0.06234008 0.35230640
v 0.11010944 0.05836992 0.35285017
v 0.10711874 0.05846530 0.35221395
v 0.10666987 0.05687485 0.35288164
v 0.10290218 0.24817364 0.35202348
v 0.10441078 0.24877742 0.35256851
v 0.10483689 0.24798867 0.35210878
v 0.10665111 0.24793737 0.35241541
v 0.11551403 0.24087997 0.35245475
v 0.11650695 0.23817490 0.35239422
v 0.11581827 0.23940988 0.35220540
v 0.11686872 0.23615122 0.35229665
v 0.11676685 0.23422332 0.35197154
v 0.11112497 0.24713281 0.35286665
v 0.10805404 0.24718657 0.35221505
v 0.10962943 0.24662535 0.35233483
v 0.11074623 0.24596995 0.35233319
v 0.11274338 0.24488287 0.35259318
v 0.11453544 0.24261664 0.35249138
v 0.11327250 0.24371578 0.35228038
v 0.10659523 0.24915704 0.35286868
v 0.11791965 0.23647454 0.35280186
v 0.02354116 0.21122809 0.38213533
v 0.02434899 0.20825113 0.38177249
v 0.02590908 0.20922567 0.38107011
v 0.00885600 0.24056606 0.35247603
v 0.00627195 0.24215160 0.35297287
v 0.00730828 0.24120988 0.35443038
v 0.01501560 0.22167481 0.38476458
v 0.04498448 0.21492369 0.39164880
v 0.01235381 0.23915896 0.34942999
v 0.01235216 0.23896423 0.35125157
v 0.01652030 0.23757385 0.35050860
v 0.01358768 0.22688141 0.37685063
v 0.01373423 0.22856702 0.37320921
v 0.01206810 0.23399523 0.36420140
v 0.00214819 0.24408667 0.35001734
v 0.00316777 0.24380100 0.35057944
v 0.00483245 0.24276426 0.34989807
v 0.00523356 0.24283686 0.35188052
v 0.00664917 0.24187645 0.35034904
v 0.00974665 0.24029243 0.35005477
v 0.01059127 0.23711470 0.35961524
v 0.00892801 0.23872805 0.35851520
v 0.00984934 0.23594660 0.36315128
v 0.01160586 0.23797680 0.35609689
v 0.01055805 0.23923877 0.35406899
v 0.00790131 0.24051222 0.35559034
v 0.01513171 0.22811301 0.37239748
v 0.01417869 0.23390326 0.36213759
v 0.01351363 0.23595434 0.35855299
v 0.01535723 0.23686074 0.35444543
v 0.01675167 0.23490693 0.35786456
v 0.01766872 0.23572430 0.35529587
v 0.01414927 0.23792528 0.35256377
v 0.01869844 0.23653394 0.35215291
v 0.01919281 0.23708852 0.34943309
v 0.02537889 0.23522303 0.35241115
v 0.02298286 0.23428865 0.35555479
v 0.02708007 0.23379496 0.35548002
v 0.02190628 0.23564024 0.35270202
v 0.02235137 0.23615161 0.35083234
v 0.03084636 0.23498321 0.35215542
v 0.02809910 0.23468830 0.35321516
v 0.02617380 0.23616844 0.34900802
v 0.02357019 0.23631077 0.34952703
v 0.02421078 0.23254484 0.35879368
v 0.02749169 0.23130158 0.36045974
v 0.04912356 0.23330806 0.36588597
v 0.04831304 0.22936888 0.37321657
v 0.04880613 0.22878139 0.37552226
v 0.05052363 0.23439828 0.36576793
v 0.05123176 0.23700516 0.36135486
v 0.05013862 0.23606811 0.36162135
v 0.03117410 0.23412259 0.35436141
v 0.03059067 0.23274538 0.35736385
v 0.03030378 0.23136967 0.36005944
v 0.02930472 0.23004147 0.36254820
v 0.02762335 0.22871225 0.36506253
v 0.02815835 0.22711647 0.36766526
v 0.03381465 0.23533489 0.35144699
v 0.02999705 0.23583063 0.34960154
v 0.03681941 0.23553769 0.35162356
v 0.03605322 0.23427644 0.35468385
v 0.03875442 0.23523614 0.35328838
v 0.03623103 0.23610628 0.34942791
v 0.03283463 0.23613182 0.34843189
v 0.04556352 0.23588946 0.35652307
v 0.04459891 0.23690750 0.35289112
v 0.04315750 0.23559433 0.35513085
v 0.05182720 0.23861179 0.35866094
v 0.04907958 0.23631781 0.35962138
v 0.05056939 0.23887335 0.35571116
v 0.04879857 0.23789276 0.35551408
v 0.04726785 0.23669897 0.35648304
v 0.04956343 0.23939833 0.35118094
v 0.04868821 0.23916751 0.34918791
v 0.04669764 0.23816349 0.35108781
v 0.05264137 0.24012011 0.35619864
v 0.05389319 0.24161504 0.35383803
v 0.05208467 0.24045275 0.35351819
v 0.04949514 0.23906128 0.35287085
v 0.04694444 0.23772572 0.35323173
v 0.05281975 0.24113794 0.35160306
v 0.05496712 0.24246024 0.35245636
v 0.05630748 0.24323642 0.35136697
v 0.05352079 0.24149072 0.34992799
v 0.05114188 0.24025396 0.34982893
v 0.03689260 0.21019115 0.38198319
v 0.03549638 0.20924781 0.38132223
v 0.03740648 0.20801699 0.38230431
v 0.03022683 0.20870073 0.38026595
v 0.03222588 0.20812516 0.38039652
v 0.03107987 0.21113095 0.38022599
v 0.03850555 0.20997569 0.38306600
v 0.03852140 0.21271423 0.38274059
v 0.03691195 0.21277483 0.38173115
v 0.03958102 0.20943294 0.38397601
v 0.04014145 0.21256050 0.38417000
v 0.04117018 0.21227066 0.38536716
v 0.04059945 0.20907393 0.38497254
v 0.04116020 0.21486937 0.38447824
v 0.04186517 0.21652043 0.38432986
v 0.03946234 0.21438538 0.38302565
v 0.04057381 0.21674843 0.38281962
v 0.04190361 0.21799259 0.38319471
v 0.04252717 0.21572150 0.38578770
v 0.04202330 0.21226829 0.38644445
v 0.04205755 0.21001852 0.38676697
v 0.04315408 0.21799685 0.38484827
v 0.03067463 0.22282088 0.37383661
v 0.02863691 0.22461288 0.37150288
v 0.02825857 0.22247621 0.37437254
v 0.03066007 0.22522676 0.37047789
v 0.03093867 0.22792138 0.36618206
v 0.03395730 0.23183864 0.35932410
v 0.03328688 0.23349194 0.35590497
v 0.03349722 0.22191566 0.37508085
v 0.03365257 0.22340451 0.37326047
v 0.03348419 0.22568421 0.36995077
v 0.03388424 0.22849764 0.36537006
v 0.03109252 0.22081213 0.37604135
v 0.02825043 0.22062840 0.37637970
v 0.03581234 0.23058785 0.36199754
v 0.03679335 0.22223765 0.37549305
v 0.03651183 0.22416207 0.37284079
v 0.03621189 0.22626501 0.36955068
v 0.03036901 0.21832952 0.37806928
v 0.03075180 0.21973084 0.37702945
v 0.02801608 0.21860158 0.37806362
v 0.03437553 0.22047007 0.37675306
v 0.03915624 0.22612296 0.37079379
v 0.03713838 0.22867712 0.36576468
v 0.03938417 0.23383856 0.35682675
v 0.03817893 0.23172617 0.36052796
v 0.02942991 0.21391115 0.37992075
v 0.03019265 0.21648051 0.37908041
v 0.02854547 0.21647769 0.37918511
v 0.04020123 0.22134945 0.37823257
v 0.04072414 0.22436614 0.37440234
v 0.03952277 0.22238535 0.37649742
v 0.03320847 0.21903706 0.37778187
v 0.03886690 0.22371890 0.37435138
v 0.04061949 0.23217767 0.36069781
v 0.03890611 0.23630691 0.35008305
v 0.04135085 0.22957698 0.36590505
v 0.03609255 0.21949379 0.37811583
v 0.03812514 0.22069076 0.37777978
v 0.04183583 0.23344183 0.35890853
v 0.04211451 0.22718947 0.37063447
v 0.04135694 0.23570028 0.35354191
v 0.04123982 0.23642339 0.35123307
v 0.03178519 0.21732050 0.37872666
v 0.03890590 0.22852625 0.36662555
v 0.04045391 0.23678334 0.34904614
v 0.03280693 0.21564044 0.37957233
v 0.04265544 0.22462517 0.37534383
v 0.04388727 0.23374216 0.35968003
v 0.04401282 0.23737222 0.35035756
v 0.03150630 0.21386297 0.37992311
v 0.03828010 0.21880546 0.37963647
v 0.04395179 0.22733872 0.37179816
v 0.04378315 0.23027301 0.36622673
v 0.03378615 0.21772283 0.37879199
v 0.03614464 0.21800928 0.37927327
v 0.03499232 0.21567698 0.38013288
v 0.04018484 0.21982592 0.37987185
v 0.04573190 0.22758102 0.37315017
v 0.04471576 0.22504345 0.37665534
v 0.04563379 0.23178326 0.36491305
v 0.04321587 0.22310774 0.37824866
v 0.04621514 0.23461737 0.35987327
v 0.04158945 0.22110260 0.37954897
v 0.04344543 0.21556893 0.38737196
v 0.04511962 0.21671008 0.39078632
v 0.04559872 0.21959347 0.38832474
v 0.04497307 0.21752454 0.38934934
v 0.04475012 0.21215239 0.39184615
v 0.04312268 0.21402492 0.38762611
v 0.04254156 0.20799328 0.38750446
v 0.04350545 0.21167010 0.38899812
v 0.04365368 0.20827240 0.38948762
v 0.04409477 0.21492790 0.38917753
v 0.04431864 0.21779716 0.38726994
v 0.04461600 0.21955933 0.38554910
v 0.04378432 0.22031678 0.38299954
v 0.04598664 0.22203770 0.38436142
v 0.04413150 0.20988861 0.39053237
v 0.04599452 0.22130945 0.38596487
v 0.04638033 0.22338177 0.38246939
v 0.04501052 0.22170487 0.38287160
v 0.03819318 0.21456222 0.38202563
v 0.03511046 0.21236321 0.38097253
v 0.03379882 0.20897934 0.38072336
v 0.03866296 0.21624042 0.38158572
v 0.04239316 0.21993676 0.38172442
v 0.03641658 0.21514179 0.38086328
v 0.04492712 0.22289866 0.38068947
v 0.04486992 0.20859739 0.39246988
v 0.04448473 0.20779724 0.39139766
v 0.03773849 0.21722440 0.38046688
v 0.04612829 0.22528045 0.37813944
v 0.04367321 0.22250931 0.37968349
v 0.03303342 0.21232899 0.38039014
v 0.04038303 0.21839722 0.38138673
v 0.04709086 0.22520076 0.38011315
v 0.02881566 0.21200112 0.38023692
v 0.04698224 0.23123525 0.36740169
v 0.04727000 0.22894248 0.37247220
v 0.04561787 0.23805855 0.34898400
v 0.04527381 0.20781074 0.39379096
v 0.01581274 0.21493824 0.39179799
v 0.01558012 0.21699354 0.39106721
v 0.01566305 0.21839087 0.38886455
v 0.01508550 0.22012942 0.38781124
v 0.01582384 0.20855682 0.39279258
v 0.01623269 0.20816715 0.39161241
v 0.01635140 0.21210264 0.39109573
v 0.01666177 0.20797914 0.39054477
v 0.01710137 0.21019378 0.38958892
v 0.01934887 0.20851098 0.38597807
v 0.01899758 0.21138753 0.38630649
v 0.01839565 0.20963728 0.38730168
v 0.02072425 0.20972267 0.38441271
v 0.02038926 0.20784567 0.38477406
v 0.01759511 0.20903493 0.38863468
v 0.01666496 0.21452084 0.38959971
v 0.01755702 0.21360075 0.38810110
v 0.02265938 0.20845754 0.38279751
v 0.02128783 0.21167070 0.38373071
v 0.01884144 0.21333690 0.38607040
v 0.02767593 0.21074012 0.38052046
v 0.02886842 0.20810130 0.38036332
v 0.01637422 0.21637598 0.38910803
v 0.01377987 0.22487119 0.38078335
v 0.01647537 0.21883231 0.38611510
v 0.01751168 0.21603858 0.38688311
v 0.01585093 0.22263326 0.38131315
v 0.01592981 0.22387978 0.37907991
v 0.01690114 0.22049248 0.38304821
v 0.01797002 0.22406246 0.37664971
v 0.01994620 0.22098055 0.37922764
v 0.02085205 0.22216609 0.37716138
v 0.01847296 0.21996470 0.38172212
v 0.01931173 0.21842425 0.38244119
v 0.02031698 0.21908201 0.38093448
v 0.02134617 0.21732605 0.38153443
v 0.02232533 0.21552834 0.38185468
v 0.01966513 0.21653013 0.38352299
v 0.02122164 0.21416895 0.38322484
v 0.02179359 0.22054647 0.37849924
v 0.02249063 0.21901035 0.37951982
v 0.01975281 0.21373259 0.38481537
v 0.01824428 0.22123745 0.38039148
v 0.01905955 0.21564956 0.38480276
v 0.01610647 0.23369981 0.36089253
v 0.01521894 0.23042822 0.36793023
v 0.01703550 0.22386976 0.37782645
v 0.01769352 0.21873714 0.38409063
v 0.01757050 0.21742730 0.38561979
v 0.01988978 0.23557955 0.35407612
v 0.01810203 0.22747897 0.37090880
v 0.01844690 0.23207948 0.36238009
v 0.01701859 0.23058316 0.36611739
v 0.01985662 0.23269941 0.36038819
v 0.01997100 0.22859223 0.36782536
v 0.02040873 0.23400146 0.35742426
v 0.01936754 0.22405718 0.37555704
v 0.01968115 0.22539155 0.37330312
v 0.02393297 0.23096234 0.36189204
v 0.02149303 0.23015682 0.36432138
v 0.02188890 0.22501306 0.37273738
v 0.02155172 0.22335239 0.37524438
v 0.02554850 0.21531121 0.38034445
v 0.02753950 0.21372166 0.38019556
v 0.02706178 0.21593952 0.37967676
v 0.02561675 0.21149041 0.38108772
v 0.02489966 0.21400438 0.38099223
v 0.02591566 0.22036237 0.37706655
v 0.02629540 0.21821037 0.37867627
v 0.02472110 0.21775608 0.37945607
v 0.02230537 0.22736289 0.36879790
v 0.02332577 0.21693452 0.38057408
v 0.02436590 0.22857106 0.36602083
v 0.02372598 0.22184066 0.37620768
v 0.02368871 0.21339713 0.38170889
v 0.02358940 0.22455266 0.37273377
v 0.02610648 0.22172143 0.37561548
v 0.02407023 0.22017336 0.37780181
v 0.02507131 0.22596604 0.37011960
v 0.02640454 0.22354525 0.37332761
v 0.05120637 0.23861696 0.36527610
v 0.05220689 0.24136509 0.36158663
v 0.05302500 0.24278267 0.35966387
v 0.05835717 0.24730654 0.35461527
v 0.06070606 0.24775016 0.35333490
v 0.05856295 0.24627231 0.35313001
v 0.06564903 0.24815539 0.35211891
v 0.06707412 0.24653773 0.35028985
v 0.05366766 0.24461101 0.36000705
v 0.05586308 0.24642180 0.35690108
v 0.05508997 0.24552377 0.35733041
v 0.06292304 0.24806014 0.35266402
v 0.06431667 0.24904250 0.35293746
v 0.05654405 0.24727482 0.35647088
v 0.05708941 0.24654949 0.35521740
v 0.05993650 0.24847919 0.35424748
v 0.06173240 0.24913032 0.35371765
v 0.06481940 0.24977948 0.35315639
v 0.05393167 0.24341470 0.35707864
v 0.05565160 0.24456504 0.35459074
v 0.06302579 0.24620120 0.35052615
v 0.06060922 0.24550337 0.35063800
v 0.05939216 0.24569693 0.35164419
v 0.06109242 0.24466759 0.34931976
v 0.05761843 0.24373661 0.35042855
v 0.06492653 0.24563541 0.34956360
v 0.06456047 0.05681427 0.35298863
v 0.06302587 0.05813280 0.35241571
v 0.06604236 0.05775915 0.35216203
v 0.06205787 0.05749530 0.35329437
v 0.05998886 0.05858187 0.35339612
v 0.05982329 0.05772191 0.35422105
v 0.05781503 0.05810115 0.35545677
v 0.05828795 0.05879739 0.35462371
v 0.05656692 0.05954705 0.35580128
v 0.05669766 0.06074319 0.35387823
v 0.05521861 0.06009993 0.35760689
v 0.05368766 0.06138460 0.35990900
v 0.05391297 0.06237549 0.35760242
v 0.05316500 0.06373992 0.35805386
v -0.04064643 0.05724776 0.35238120
v -0.04028519 0.05783850 0.35190994
v -0.00843620 0.05761972 0.35212645
v -0.00806479 0.05677593 0.35263658
v -0.04056767 0.05618680 0.35286388
v -0.00750648 0.05609843 0.35287762
v -0.05789933 0.07375588 0.35291478
v -0.05816982 0.23311305 0.35295805
v -0.05762712 0.23271061 0.35283938
v -0.05705148 0.07316270 0.35262257
v -0.05709006 0.23221426 0.35263988
v -0.05655122 0.07338177 0.35234013
v -0.05654820 0.23228665 0.35233891
v -0.05604310 0.07295637 0.35195240
v -0.05606338 0.23204912 0.35196295
v -0.05592800 0.07418400 0.35182801
v -0.05625119 0.23489055 0.35229057
v -0.05122627 0.24541996 0.35255182
v -0.04815072 0.24693504 0.35231265
v -0.04928213 0.24623235 0.35224199
v -0.04455162 0.24813549 0.35231683
v -0.04247079 0.24812581 0.35202023
v -0.05570814 0.23818219 0.35239726
v -0.05583761 0.23633227 0.35213292
v -0.05511797 0.24147184 0.35273579
v -0.05507468 0.23951206 0.35227370
v -0.05450430 0.24089098 0.35232368
v -0.05335698 0.24271537 0.35230637
v -0.05306219 0.24461076 0.35280710
v -0.05191430 0.24435024 0.35230997
v -0.04930944 0.24763007 0.35285017
v -0.04631874 0.24753471 0.35221395
v -0.05718786 0.23684934 0.35285735
v -0.04210219 0.05782636 0.35202348
v -0.04403098 0.05791667 0.35218674
v -0.05359325 0.06231365 0.35272512
v -0.05522483 0.06486873 0.35271934
v -0.05367280 0.06377201 0.35229844
v -0.05439958 0.06517942 0.35222828
v -0.05519453 0.06703099 0.35220191
v -0.05592619 0.06894528 0.35233352
v -0.05590722 0.07087561 0.35201582
v -0.04352275 0.05678122 0.35275790
v -0.04570306 0.05806680 0.35237950
v -0.04719850 0.05741145 0.35286111
v -0.04725403 0.05881344 0.35221505
v -0.04882943 0.05937465 0.35233486
v -0.05103377 0.05940323 0.35285082
v -0.04994622 0.06003005 0.35233319
v -0.05135639 0.06110787 0.35232866
v -0.05247249 0.06228422 0.35228038
v -0.05711966 0.06952545 0.35280186
v 0.00695990 0.06125500 0.35964936
v 0.00771297 0.06338133 0.35906336
v 0.00582241 0.06039796 0.35768107
v 0.00438035 0.05947272 0.35612676
v 0.00254968 0.05825334 0.35498995
v 0.00282480 0.05911875 0.35452762
v 0.00070251 0.05840271 0.35356086
v -0.00124682 0.05731664 0.35340658
v -0.00124233 0.05823820 0.35266274
v -0.00425008 0.05683947 0.35288823
v -0.00493499 0.05776529 0.35216674
v 0.06217755 0.06041495 0.35008338
v 0.06102372 0.06021271 0.35076669
v 0.05494520 0.06196179 0.35524526
v 0.05203345 0.06497669 0.36216676
v 0.05257628 0.06450983 0.35961074
v 0.05151880 0.06671859 0.36322570
v 0.05052524 0.07157412 0.36566192
v 0.04818078 0.07927477 0.37905821
v 0.05319305 0.06513293 0.35498506
v 0.05388508 0.06440922 0.35379618
v 0.05215798 0.06667966 0.35753065
v 0.05120102 0.06911925 0.36157665
v 0.05747424 0.06226708 0.35065725
v 0.05620718 0.06282570 0.35137606
v 0.05934533 0.06033325 0.35164481
v 0.05931408 0.06173329 0.34978628
v 0.05488293 0.06359351 0.35257024
v 0.06506193 0.06163418 0.34811568
v 0.06591281 0.06006422 0.34977633
v 0.06385139 0.06031002 0.34977889
v 0.04549768 0.09235734 0.39418933
v 0.04575020 0.08841129 0.39265513
v 0.04601858 0.08683949 0.39126649
v 0.04643641 0.08504733 0.38890564
v 0.01585967 0.09683590 0.39268702
v 0.04311465 0.09744408 0.38847405
v 0.04371599 0.09779299 0.38962278
v 0.04215484 0.09689277 0.38692400
v 0.04078995 0.09765703 0.38517061
v 0.03861073 0.09795873 0.38312909
v 0.03570357 0.09702726 0.38140061
v 0.03409101 0.09575426 0.38080624
v 0.03281371 0.09728280 0.38049725
v 0.03142004 0.09656596 0.38031048
v 0.02990264 0.09762675 0.38027617
v 0.02796092 0.09681571 0.38049832
v 0.02638031 0.09664361 0.38092315
v 0.02500775 0.09589251 0.38144654
v 0.02390464 0.09604673 0.38200730
v 0.02279403 0.09678283 0.38271388
v 0.02164168 0.09707954 0.38359433
v 0.02101835 0.09819726 0.38414973
v 0.02049593 0.09569019 0.38464856
v 0.01917949 0.09772462 0.38619944
v 0.01841179 0.09697003 0.38726923
v 0.01722531 0.09806033 0.38933119
v 0.04502033 0.09676940 0.39294162
v 0.04467509 0.09813575 0.39190269
v 0.04426746 0.09756463 0.39085129
v 0.01666236 0.09765510 0.39054382
v 0.01622978 0.09787723 0.39162254
v 0.01559049 0.09801794 0.39356339
v 0.01363366 0.08260436 0.38478822
v 0.01438703 0.08513673 0.38905999
v 0.01479100 0.08687270 0.39133659
v 0.01509879 0.08887605 0.39307171
v 0.01525223 0.09106983 0.39389807
v 0.01532319 0.09353192 0.39432532
v 0.00974586 0.06788354 0.36615431
v 0.01151560 0.07565936 0.37279490
v 0.01029881 0.07167114 0.36584997
v 0.01285218 0.08003465 0.38036975
v 0.00619526 0.06379362 0.35296574
v 0.00703443 0.06450652 0.35405415
v 0.00847788 0.06440299 0.36132437
v 0.00693056 0.06264824 0.35723937
v 0.00451138 0.06117222 0.35386586
v 0.00159911 0.06053253 0.35147423
v -0.00278498 0.05953206 0.35067019
v -0.00634941 0.05975761 0.34999245
v 0.00925974 0.06810413 0.35986477
v 0.00793253 0.06556857 0.35564306
v 0.00876596 0.06693522 0.35795182
v 0.00963973 0.06927556 0.36182374
v -0.00018054 0.06006558 0.35099259
v 0.00122367 0.06167549 0.34967437
v 0.00360960 0.06228862 0.35094029
v 0.00481783 0.06292617 0.35152283
v -0.00276916 0.06117986 0.34881705
v 0.04511821 0.08962750 0.39109156
v 0.04480206 0.09432638 0.39203942
v 0.01545530 0.08819525 0.39052749
v 0.00887420 0.06528290 0.34960735
v 0.01152377 0.06652055 0.34940886
v 0.01230181 0.06696506 0.35109851
v 0.01763493 0.06899294 0.35157931
v 0.01688726 0.06827349 0.34896618
v 0.02046797 0.06920038 0.34956402
v 0.05614204 0.06335305 0.34920087
v 0.01287031 0.07435632 0.36803165
v 0.01315962 0.07744128 0.37402231
v 0.00658978 0.06399318 0.35141620
v 0.00793339 0.06496468 0.35320440
v 0.00553831 0.06359874 0.34990537
v 0.01063106 0.06912777 0.36007428
v 0.01129769 0.06854260 0.35787350
v 0.01385366 0.07121495 0.36065909
v 0.01253576 0.06868184 0.35655075
v 0.01128327 0.06724320 0.35439596
v 0.01480351 0.06897582 0.35458726
v 0.01439493 0.07017899 0.35797060
v 0.01517861 0.06810297 0.35104597
v 0.01436476 0.06753114 0.34904099
v 0.01692683 0.07147494 0.35855407
v 0.01773173 0.06992093 0.35432890
v 0.01976374 0.07149218 0.35669589
v 0.01472724 0.07545061 0.36815912
v 0.01772229 0.07342720 0.36187643
v 0.01621727 0.07534986 0.36664781
v 0.02134383 0.07085265 0.35428599
v 0.00976235 0.06586729 0.35199592
v 0.02067451 0.06973743 0.35150945
v 0.02124998 0.07388970 0.36079988
v 0.02309638 0.07248125 0.35720980
v 0.01880805 0.07507108 0.36428952
v 0.01494850 0.07885122 0.37442112
v 0.02391748 0.07119666 0.35400608
v 0.02447223 0.07382596 0.35945618
v 0.01629649 0.07949918 0.37415189
v 0.01776946 0.07844719 0.37105483
v 0.02682352 0.07206577 0.35523960
v 0.02688633 0.07069275 0.35174966
v 0.01432080 0.06819604 0.35276067
v 0.02040786 0.07696486 0.36681101
v 0.02240675 0.07689458 0.36579177
v 0.03047887 0.07122795 0.35277730
v 0.01941834 0.07929350 0.37135431
v 0.02574617 0.07574178 0.36269605
v 0.02729828 0.07424948 0.35962677
v 0.02632333 0.06985019 0.34898952
v 0.02994383 0.07015592 0.34949279
v 0.02374962 0.07005203 0.35086340
v 0.04199775 0.07614925 0.36579952
v 0.04303660 0.07679453 0.36765879
v 0.03962268 0.07917512 0.36986712
v 0.03983271 0.08100362 0.37288940
v 0.04432262 0.07745854 0.36992013
v 0.04311896 0.07972271 0.37294006
v 0.04700761 0.07968041 0.37745896
v 0.04787797 0.07675762 0.37274864
v 0.04813211 0.07328165 0.36575454
v 0.05040683 0.06901243 0.36006021
v 0.04647464 0.07277554 0.36291590
v 0.04551901 0.07177596 0.36002845
v 0.04351228 0.08071335 0.37499619
v 0.04636341 0.07682981 0.37084219
v 0.04486064 0.08064752 0.37629098
v 0.03630446 0.07592932 0.36302674
v 0.04004828 0.07416257 0.36105835
v 0.03696810 0.07733002 0.36570212
v 0.03234280 0.07041318 0.35041240
v 0.02876206 0.07268433 0.35628024
v 0.03341711 0.07091840 0.35208115
v 0.03211363 0.07201766 0.35470721
v 0.03673106 0.07024310 0.35086891
v 0.02851088 0.07610177 0.36288065
v 0.02414501 0.07889283 0.36858341
v 0.03041889 0.07479530 0.36035815
v 0.02048835 0.08139037 0.37403348
v 0.02227093 0.07952360 0.37027183
v 0.02682305 0.07840533 0.36708456
v 0.03195305 0.07336421 0.35758942
v 0.03612999 0.07122578 0.35349235
v 0.03992117 0.07023075 0.35245943
v 0.03821978 0.06960057 0.34916094
v 0.04197498 0.06899534 0.34956339
v 0.02298699 0.08158123 0.37312970
v 0.03491407 0.07310694 0.35740590
v 0.02989103 0.07818652 0.36639014
v 0.02535947 0.08080660 0.37121710
v 0.03896386 0.07131749 0.35472929
v 0.04352669 0.06896959 0.35124028
v 0.03543298 0.07466234 0.36050344
v 0.03278151 0.07643240 0.36338362
v 0.03855595 0.07254985 0.35726455
v 0.02793859 0.08082680 0.37075526
v 0.04278067 0.07019750 0.35431263
v 0.04177453 0.07160152 0.35689303
v 0.03180300 0.07914034 0.36795014
v 0.04852250 0.07034695 0.36030394
v 0.04833046 0.06867890 0.35629046
v 0.05070001 0.06754664 0.35704193
v 0.04737856 0.06763732 0.35141867
v 0.04543258 0.06886467 0.35316762
v 0.03373716 0.08088662 0.37083691
v 0.03005883 0.08164956 0.37176299
v 0.03440014 0.07869458 0.36746952
v 0.04513506 0.06807785 0.34899101
v 0.04756696 0.06729194 0.34947446
v 0.05019068 0.06618878 0.34989959
v 0.04544584 0.07013287 0.35645369
v 0.03712330 0.07940134 0.36923230
v 0.03974942 0.07652283 0.36526704
v 0.04762869 0.06815132 0.35385019
v 0.05157782 0.06560865 0.35182700
v 0.05033366 0.06651109 0.35303006
v 0.05299044 0.06476558 0.35063711
v 0.04358900 0.07234944 0.35962856
v 0.05007651 0.06717850 0.35487744
v 0.03690686 0.08120829 0.37203717
v 0.03263985 0.09421065 0.38034919
v 0.03088695 0.09346469 0.38010094
v 0.03789923 0.09574232 0.38258725
v 0.03298831 0.08423484 0.37520725
v 0.03059755 0.08308707 0.37369457
v 0.03307031 0.08255289 0.37314174
v 0.03783656 0.08385164 0.37601116
v 0.04075003 0.08208156 0.37506214
v 0.03575150 0.08265607 0.37376270
v 0.03974061 0.08378471 0.37684265
v 0.04380886 0.09390934 0.38956407
v 0.04278530 0.09387085 0.38763866
v 0.04040140 0.09535742 0.38470244
v 0.03879132 0.09456257 0.38316154
v 0.04132515 0.09402782 0.38557631
v 0.04439750 0.09188096 0.39028493
v 0.04492185 0.09101334 0.39141381
v 0.04105708 0.09236799 0.38482213
v 0.03633721 0.09349091 0.38147485
v 0.03962888 0.09293725 0.38357186
v 0.04326712 0.09093759 0.38741255
v 0.04219552 0.09162033 0.38600120
v 0.04364685 0.08313601 0.37907463
v 0.04164505 0.08383709 0.37822968
v 0.04672174 0.08181428 0.38152504
v 0.04549806 0.08228745 0.38014686
v 0.01583669 0.09018888 0.39116597
v 0.02238056 0.09402506 0.38280523
v 0.02485044 0.09296239 0.38119507
v 0.02704684 0.09348354 0.38051385
v 0.03492464 0.09258635 0.38071927
v 0.03765030 0.09179121 0.38180500
v 0.04401425 0.08982184 0.38814375
v 0.02931463 0.09462974 0.38024628
v 0.02911131 0.09220619 0.37993968
v 0.03309950 0.09166004 0.38004363
v 0.04208676 0.08980896 0.38487586
v 0.04098263 0.08926404 0.38323486
v 0.04423046 0.08814691 0.38698840
v 0.03867182 0.09108771 0.38223168
v 0.03995309 0.09047186 0.38298026
v 0.04517627 0.08783285 0.38923544
v 0.03117074 0.09143165 0.37973073
v 0.02882123 0.09057578 0.37953350
v 0.03791741 0.08913869 0.38081956
v 0.03928927 0.08888414 0.38153493
v 0.04473830 0.08677046 0.38631368
v 0.03571311 0.09077791 0.38051677
v 0.04340762 0.08764361 0.38494298
v 0.02651357 0.09119762 0.38019216
v 0.03134073 0.08949655 0.37909085
v 0.04552621 0.08583111 0.38688874
v 0.03375064 0.09000127 0.37962955
v 0.03563343 0.08891574 0.37965637
v 0.04246192 0.08761846 0.38348821
v 0.01432940 0.08059376 0.37863103
v 0.02453695 0.09149758 0.38100347
v 0.03300708 0.08876615 0.37890843
v 0.04163940 0.08676195 0.38172749
v 0.04638883 0.08388223 0.38547996
v 0.01754792 0.09438948 0.38857853
v 0.01830081 0.09453166 0.38730207
v 0.03799301 0.08706077 0.37937832
v 0.04307703 0.08525945 0.38148165
v 0.01919621 0.09348881 0.38585505
v 0.02266652 0.09206071 0.38221517
v 0.02621005 0.08922504 0.37948892
v 0.02840517 0.08833402 0.37860379
v 0.04047020 0.08637182 0.38030955
v 0.04459482 0.08521397 0.38360181
v 0.01993794 0.09205838 0.38459012
v 0.02126389 0.09163827 0.38313445
v 0.03049261 0.08753747 0.37795964
v 0.03383299 0.08732316 0.37815741
v 0.02361050 0.09018161 0.38095778
v 0.03562537 0.08665521 0.37810314
v 0.04579802 0.08381619 0.38360536
v 0.02583674 0.08747432 0.37857577
v 0.03808646 0.08545609 0.37790689
v 0.01877133 0.09017675 0.38511848
v 0.03286585 0.08571447 0.37668812
v 0.03552022 0.08482043 0.37634367
v 0.02190433 0.08956509 0.38169637
v 0.02327205 0.08829654 0.38011107
v 0.02746953 0.08631764 0.37732056
v 0.03046056 0.08629905 0.37703893
v 0.01611496 0.09270051 0.39150125
v 0.01670271 0.09391400 0.39026105
v 0.01759157 0.09139038 0.38759771
v 0.02071998 0.08927873 0.38244420
v 0.01654067 0.09044134 0.38933131
v 0.02025688 0.08854698 0.38233098
v 0.02374158 0.08659379 0.37862909
v 0.02803229 0.08499159 0.37601498
v 0.03062888 0.08480423 0.37567067
v 0.01452334 0.08436938 0.38636771
v 0.01578648 0.08236709 0.37971398
v 0.01685704 0.08218590 0.37806857
v 0.01829031 0.08171992 0.37604171
v 0.01498421 0.08362419 0.38340065
v 0.02037510 0.08388261 0.37757364
v 0.01745129 0.08935403 0.38653979
v 0.02217720 0.08634550 0.37916616
v 0.02534050 0.08536824 0.37695739
v 0.01925174 0.08450498 0.37914681
v 0.02046178 0.08637350 0.38029340
v 0.01627471 0.08873197 0.38851798
v 0.02659049 0.08377306 0.37492606
v 0.02802842 0.08293442 0.37367484
v 0.02318168 0.08479846 0.37711635
v 0.01891467 0.08750001 0.38278610
v 0.01702922 0.08758384 0.38549268
v 0.01798771 0.08522160 0.38129458
v 0.01686792 0.08444720 0.38157013
v 0.02484343 0.08273031 0.37406719
v 0.01589817 0.08524100 0.38441226
v 0.01541744 0.08652297 0.38791412
v 0.02201140 0.08330386 0.37587821
v 0.01699391 0.08630785 0.38399163
v -0.00090182 0.24543464 0.35007295
v -0.00310313 0.24564320 0.34971929
v 0.00521031 0.24451607 0.35466099
v 0.00614077 0.24398533 0.35591426
v 0.00737540 0.24245191 0.35723034
v 0.00858284 0.24158251 0.36191478
v 0.00915540 0.23930205 0.36202332
v 0.00089446 0.24539675 0.35090101
v -0.00505721 0.24503374 0.34878358
v -0.00557256 0.24652864 0.35035905
v 0.08513520 0.22539516 0.33300018
v 0.03073534 0.21646893 0.33300000
v -0.02468895 0.22540760 0.33300072
v -0.03277019 0.22001542 0.33299965
v -0.02949231 0.22402407 0.33299792
v -0.03053553 0.08219276 0.33300304
v 0.03001673 0.08963121 0.33300000
v -0.02432901 0.08060466 0.33300018
v -0.03314303 0.08544777 0.33301413
v -0.03310343 0.08913110 0.33299983
v -0.03317937 0.21621683 0.33300000
v 0.09390343 0.21686891 0.33299983
v 0.09397937 0.08978318 0.33300000
v 0.09357019 0.08598457 0.33299965
v 0.09130923 0.22382060 0.33300266
v 0.08994920 0.08178674 0.33299714
v 0.08488026 0.08062408 0.33300042
v 0.09395230 0.22053958 0.33301502
v 0.08582041 0.22603829 0.33304113
v 0.09501091 0.21622722 0.33307520
v 0.08654130 0.23166305 0.33552152
v 0.08479869 0.23125111 0.33510438
v 0.08473863 0.23196220 0.33571163
v 0.08780511 0.23085855 0.33499679
v 0.08936759 0.23064183 0.33512419
v 0.09019106 0.22975677 0.33466664
v 0.09872098 0.22210513 0.33504847
v 0.09888902 0.22038515 0.33473957
v 0.09773311 0.22267567 0.33453363
v 0.10025940 0.21809521 0.33549508
v 0.09991724 0.21615422 0.33511794
v 0.09951278 0.21919619 0.33500993
v 0.10065793 0.21615206 0.33575800
v 0.09208052 0.22914204 0.33481720
v 0.09119257 0.22802456 0.33398128
v 0.09389784 0.22767381 0.33463529
v 0.09683891 0.22472818 0.33471599
v 0.09625125 0.22294021 0.33388793
v 0.09509721 0.22584434 0.33425471
v 0.08480570 0.23045751 0.33454591
v 0.08802413 0.22906491 0.33394897
v 0.09238958 0.22624351 0.33358780
v 0.09826139 0.21630336 0.33406723
v 0.09912117 0.21614441 0.33455583
v 0.08476285 0.22962326 0.33407360
v 0.09417164 0.22351721 0.33335400
v 0.09633958 0.22079957 0.33356136
v 0.09747408 0.21737476 0.33371633
v 0.08476759 0.22862503 0.33363357
v 0.08607710 0.22767824 0.33333585
v 0.08956503 0.22654453 0.33324257
v 0.09593408 0.21701589 0.33323538
v 0.09692605 0.21611778 0.33351195
v 0.08493975 0.22679533 0.33313879
v 0.10062439 0.08990937 0.33572495
v 0.09991817 0.08984949 0.33511871
v 0.09914333 0.08984069 0.33457026
v 0.09827620 0.08889969 0.33407536
v 0.09741053 0.08842670 0.33368677
v 0.09692421 0.08987071 0.33351183
v 0.09597102 0.08978787 0.33324483
v 0.09500217 0.08972792 0.33307433
v 0.10031154 0.08810765 0.33552161
v 0.09955448 0.08692382 0.33502328
v 0.09929057 0.08528121 0.33512414
v 0.09842373 0.08453890 0.33465639
v 0.08889835 0.07511591 0.33521059
v 0.08833858 0.07652060 0.33417872
v 0.09071164 0.07611149 0.33490193
v 0.08693245 0.07464068 0.33529854
v 0.08514498 0.07406063 0.33568934
v 0.08488433 0.07475515 0.33509955
v 0.09785254 0.08259198 0.33485645
v 0.09687939 0.08198190 0.33446425
v 0.09190979 0.07682074 0.33479148
v 0.09154715 0.07827385 0.33392486
v 0.09335341 0.07783992 0.33468783
v 0.09595933 0.08032295 0.33463031
v 0.09418275 0.08077488 0.33374062
v 0.09487785 0.07912839 0.33465427
v 0.08488769 0.07555069 0.33454078
v 0.09635619 0.08392823 0.33376256
v 0.08585495 0.07696883 0.33380029
v 0.08471601 0.07642104 0.33405116
v 0.09402505 0.08319524 0.33320856
v 0.09001623 0.07889315 0.33345398
v 0.09566250 0.08599264 0.33328673
v 0.08598420 0.07798982 0.33342519
v 0.09034275 0.08029813 0.33315545
v 0.08553158 0.07963558 0.33307484
v 0.08461475 0.07868492 0.33324319
v -0.02453152 0.07409696 0.33565402
v 0.03033401 0.07385709 0.33589491
v -0.02399870 0.07474890 0.33510438
v -0.02376500 0.07535271 0.33467257
v -0.02529399 0.07580096 0.33438852
v -0.02511095 0.07671037 0.33391461
v -0.02396758 0.07737497 0.33363357
v -0.02476285 0.07861776 0.33325776
v -0.02447515 0.07968525 0.33306807
v -0.03421091 0.08977279 0.33307520
v -0.02686321 0.07466923 0.33536583
v -0.02855772 0.07539895 0.33509004
v -0.03314013 0.07802641 0.33482987
v -0.03413923 0.07919944 0.33464807
v -0.03185770 0.07765154 0.33452877
v -0.03792098 0.08389487 0.33504847
v -0.03808903 0.08561482 0.33473957
v -0.03693311 0.08332433 0.33453363
v -0.03945941 0.08790479 0.33549514
v -0.03911724 0.08984579 0.33511794
v -0.03871277 0.08680394 0.33500993
v -0.03985792 0.08984795 0.33575800
v -0.02963244 0.07639832 0.33462110
v -0.03076909 0.07656779 0.33485162
v -0.03603891 0.08127183 0.33471599
v -0.03545125 0.08305980 0.33388793
v -0.03438870 0.08039103 0.33420038
v -0.03158958 0.07975649 0.33358780
v -0.03746139 0.08969665 0.33406723
v -0.03832117 0.08985559 0.33455583
v -0.02852153 0.07807741 0.33361137
v -0.03337164 0.08248280 0.33335400
v -0.03553957 0.08520044 0.33356139
v -0.03667407 0.08862524 0.33371633
v -0.02863782 0.07988822 0.33316082
v -0.03513408 0.08898411 0.33323538
v -0.03612605 0.08988222 0.33351195
v -0.03420217 0.21627209 0.33307433
v -0.03517102 0.21621214 0.33324483
v -0.03612421 0.21612930 0.33351183
v -0.03703758 0.21610986 0.33386675
v -0.03787309 0.21768841 0.33429167
v -0.03834333 0.21615931 0.33457026
v -0.03911817 0.21615051 0.33511871
v -0.03975887 0.21668299 0.33566040
v -0.03917947 0.21901454 0.33536577
v -0.03849056 0.22071879 0.33512414
v -0.03762373 0.22146110 0.33465639
v -0.03027401 0.22969599 0.33486554
v -0.02781029 0.23078620 0.33507293
v -0.02752968 0.22966705 0.33428839
v -0.02632061 0.23147927 0.33542717
v -0.02434498 0.23193941 0.33568934
v -0.02395467 0.23095322 0.33487538
v -0.03219971 0.22861667 0.33482412
v -0.02966150 0.22771101 0.33369258
v -0.03384173 0.22695485 0.33457711
v -0.03646081 0.22423936 0.33477810
v -0.03479186 0.22518182 0.33421057
v -0.03682393 0.22278737 0.33450258
v -0.03188245 0.22651052 0.33373979
v -0.02418070 0.23001550 0.33428276
v -0.03541178 0.22150919 0.33360666
v -0.03651729 0.21832015 0.33370677
v -0.02546083 0.22860050 0.33362564
v -0.02457253 0.22934496 0.33394060
v -0.03305546 0.22404042 0.33338773
v -0.03499704 0.21946628 0.33328769
v -0.02954276 0.22570191 0.33315545
v -0.02536597 0.22754844 0.33330220
v -0.03303753 0.22213379 0.33312437
v -0.02503010 0.22609334 0.33304715
v -0.02412353 0.22685672 0.33314976
v 0.01088425 0.23330870 0.33706796
v 0.02631490 0.23203206 0.33578411
v 0.04686747 0.23223574 0.33598575
v 0.00672686 0.23471940 0.33846882
v 0.00124989 0.23942974 0.34317800
v -0.00342152 0.06206961 0.34768432
v -0.00200743 0.06380004 0.34594813
v 0.00785900 0.07220840 0.33754221
v 0.00489435 0.06967157 0.34007818
v 0.00119261 0.06660958 0.34313938
v -0.00039905 0.06170571 0.34876078
v 0.00574627 0.06405658 0.34852716
v 0.06117560 0.06330073 0.34661579
v 0.00528416 0.06864733 0.34119552
v 0.03498442 0.06968593 0.34805876
v 0.01100546 0.07002360 0.34009942
v 0.01178811 0.06874140 0.34203169
v 0.00634315 0.06785166 0.34224123
v 0.00767258 0.06743009 0.34309098
v 0.01091623 0.07163302 0.33821175
v 0.01763268 0.06999853 0.34075305
v 0.01637090 0.06925895 0.34202763
v 0.02109765 0.06977794 0.34160423
v 0.01797944 0.07105645 0.33912140
v 0.02535172 0.07027406 0.34076983
v 0.02646526 0.06977906 0.34222430
v 0.03064966 0.07003034 0.34159306
v 0.02265074 0.07082430 0.33962002
v 0.02795149 0.07308932 0.33670303
v 0.01630221 0.07171488 0.33823445
v 0.04305827 0.06927036 0.34250289
v 0.03668261 0.06989238 0.34180111
v 0.03771197 0.07025267 0.34081629
v 0.03866219 0.06951771 0.34280452
v 0.03422191 0.07181884 0.33823350
v 0.03386810 0.07115494 0.33921012
v 0.02995556 0.07069969 0.33999008
v 0.04536156 0.07081942 0.33940277
v 0.04344182 0.07011209 0.34060436
v 0.05423374 0.06636669 0.34440050
v 0.05151076 0.06801000 0.34272617
v 0.05646893 0.06595577 0.34427637
v 0.05216373 0.06919343 0.34094363
v 0.04762089 0.06885618 0.34230155
v 0.04803160 0.06956719 0.34102255
v 0.05755575 0.06690536 0.34294096
v 0.05620332 0.06918348 0.34056702
v 0.06067014 0.06539211 0.34435633
v 0.04211871 0.07219762 0.33770174
v 0.05003618 0.07267424 0.33708909
v 0.04960744 0.07108643 0.33885816
v 0.03089495 0.06968234 0.34723029
v 0.03151156 0.06952050 0.34519985
v 0.03487270 0.06945822 0.34579939
v 0.03294760 0.06964745 0.34316355
v 0.03475469 0.06947087 0.34429827
v 0.03905185 0.06919737 0.34440318
v 0.03950505 0.06915873 0.34761092
v 0.03961875 0.06906037 0.34591958
v 0.04226127 0.06893294 0.34399492
v 0.04267300 0.06860398 0.34732786
v 0.04258170 0.06863403 0.34583825
v 0.04608766 0.06813440 0.34486338
v 0.04626018 0.06851830 0.34351772
v 0.04702888 0.06767301 0.34606934
v 0.04710769 0.06745776 0.34755278
v 0.05016341 0.06629771 0.34834751
v 0.05014627 0.06650317 0.34714094
v 0.05099956 0.06679871 0.34527984
v 0.05061812 0.06751441 0.34393504
v 0.05951393 0.06291227 0.34755111
v 0.05705249 0.06359200 0.34774661
v 0.05350082 0.06479720 0.34848392
v 0.05287201 0.06563250 0.34667033
v 0.00281057 0.06278059 0.34863502
v 0.00332697 0.06481528 0.34552878
v 0.00129911 0.06483015 0.34506494
v 0.01053656 0.06617934 0.34817338
v 0.00847652 0.06554317 0.34737757
v 0.01352169 0.06734675 0.34688404
v 0.01621407 0.06803899 0.34726468
v 0.02216520 0.06920606 0.34794599
v 0.02690652 0.06957570 0.34725732
v 0.02382623 0.06923869 0.34594420
v 0.02759837 0.06944773 0.34543115
v 0.01209071 0.06715642 0.34586084
v 0.01585590 0.06811674 0.34543508
v 0.02052269 0.06891022 0.34517220
v 0.01920985 0.06865562 0.34714854
v 0.00457113 0.06463686 0.34630728
v 0.00802621 0.06573492 0.34638396
v 0.00834366 0.06665770 0.34457168
v 0.01318852 0.06802303 0.34387714
v 0.02669193 0.06947472 0.34411815
v 0.01718912 0.06889524 0.34317905
v 0.01114866 0.06723815 0.34482011
v 0.01963004 0.06900357 0.34373981
v 0.02393419 0.06947442 0.34311965
v 0.05473555 0.23544049 0.33919027
v 0.06141094 0.24103068 0.34477887
v 0.05613483 0.23757978 0.34139416
v 0.04997927 0.23388185 0.33768800
v 0.02708071 0.23307267 0.33687618
v 0.00093842 0.24357013 0.34815744
v 0.00607093 0.23731089 0.34119457
v 0.01354322 0.23503584 0.33907065
v 0.01045185 0.23595148 0.34002742
v 0.02157332 0.23639800 0.34210828
v 0.02470934 0.23638691 0.34263390
v 0.02838435 0.23587501 0.34128240
v 0.01788686 0.23410028 0.33802259
v 0.02484696 0.23513474 0.33959481
v 0.03097457 0.23436286 0.33846918
v 0.01480763 0.23600845 0.34048674
v 0.01998415 0.23575391 0.34048483
v 0.00992356 0.23714332 0.34153658
v 0.01278788 0.23733664 0.34239596
v 0.01672470 0.23672961 0.34202993
v 0.03204682 0.23546727 0.34030998
v 0.03904378 0.23606545 0.34145927
v 0.03874435 0.23551577 0.34026882
v 0.04358866 0.23622602 0.34122878
v 0.05053604 0.23708761 0.34156644
v 0.04534132 0.23544022 0.33976021
v 0.04690018 0.23665819 0.34152377
v 0.05382303 0.23924965 0.34393185
v 0.05382708 0.23765847 0.34175158
v 0.06114935 0.24193233 0.34574443
v 0.05732476 0.24049054 0.34463173
v 0.04982165 0.23526430 0.33928713
v 0.04060113 0.23470019 0.33886316
v 0.04157369 0.23341230 0.33724219
v 0.04026810 0.23700619 0.34682938
v 0.04285168 0.23739751 0.34828159
v 0.03676802 0.23639412 0.34279954
v 0.03206553 0.23638487 0.34339538
v 0.04103583 0.23711786 0.34565234
v 0.03700881 0.23668440 0.34484568
v 0.04643464 0.23834479 0.34741238
v 0.04541817 0.23769350 0.34471846
v 0.04361083 0.23757640 0.34611881
v 0.04157673 0.23689476 0.34350461
v 0.04542112 0.23722474 0.34317374
v 0.04842129 0.23890823 0.34711072
v 0.04981340 0.23895879 0.34554297
v 0.05111543 0.24003354 0.34779689
v 0.05643667 0.24213511 0.34764358
v 0.05362930 0.24100664 0.34763756
v 0.05947325 0.24325652 0.34781799
v 0.06189964 0.24388619 0.34795773
v 0.04986120 0.23820025 0.34368190
v 0.05365432 0.24031523 0.34590265
v 0.05710104 0.24163422 0.34635064
v 0.00777936 0.24103762 0.34854448
v -0.00032848 0.24339384 0.34750092
v -0.00021260 0.24224779 0.34611323
v 0.01585038 0.23803857 0.34829167
v 0.01945695 0.23725587 0.34775323
v 0.02305858 0.23669732 0.34782699
v 0.01298749 0.23883717 0.34705713
v 0.00935874 0.24020672 0.34772712
v 0.02368460 0.23674910 0.34648946
v 0.02836148 0.23639140 0.34704429
v 0.03526031 0.23656374 0.34602621
v 0.03476962 0.23641038 0.34731469
v 0.01741149 0.23766650 0.34655264
v 0.03069857 0.23649223 0.34538990
v 0.02593979 0.23662131 0.34473813
v 0.00531481 0.23978329 0.34416726
v 0.00302901 0.24333324 0.34909964
v 0.00411332 0.24183552 0.34687456
v 0.00750908 0.24052662 0.34654558
v 0.01014848 0.23917402 0.34521595
v 0.00819487 0.23915809 0.34418449
v 0.00340331 0.23963580 0.34355941
v 0.01013037 0.23811801 0.34305727
v 0.01418574 0.23792155 0.34429765
v 0.01474774 0.23812287 0.34551445
v 0.01880422 0.23735179 0.34534946
v 0.02322192 0.23681237 0.34500417
v 0.01675738 0.23731995 0.34369734
v 0.02823623 0.23639853 0.34333089
v 0.14072825 0.05150345 0.30112037
v 0.12084388 0.03261248 0.30116627
v 0.14078610 0.25378069 0.30116424
v 0.03040000 0.03271747 0.30108044
v -0.06008168 0.03267696 0.30111602
v 0.03040000 0.27328441 0.30108181
v -0.06464267 0.03330157 0.30106989
v -0.07998657 0.05242773 0.30116484
v -0.06020748 0.27334863 0.30113313
v -0.08002770 0.25378972 0.30122930
v -0.05978901 0.04300003 0.27100101
v -0.06099747 0.04309339 0.27100101
v -0.06260530 0.04346664 0.27100101
v -0.06405212 0.04405674 0.27100101
v -0.06522275 0.04472794 0.27100101
v -0.06646023 0.04571132 0.27100101
v -0.06747391 0.04682526 0.27100101
v -0.06837153 0.04820274 0.27100101
v -0.06900319 0.04963025 0.27100101
v -0.06935694 0.05083491 0.27100101
v -0.06951747 0.05174350 0.27100101
v -0.06959996 0.05261075 0.27100101
v -0.06959999 0.25318903 0.27100101
v -0.06954272 0.25409469 0.27100101
v -0.06927415 0.25550297 0.27100101
v -0.06899045 0.25639796 0.27100101
v -0.06854314 0.25745156 0.27100101
v -0.06787205 0.25862277 0.27100101
v -0.06688868 0.25986022 0.27100101
v -0.06577474 0.26087391 0.27100101
v -0.06448603 0.26171678 0.27100101
v -0.06326406 0.26229832 0.27100101
v -0.06176509 0.26275697 0.27100101
v -0.06085650 0.26291746 0.27100101
v -0.05998926 0.26299992 0.27100101
v 0.03040000 0.26300001 0.27100101
v 0.12058951 0.26299998 0.27100101
v 0.12179796 0.26290658 0.27100101
v 0.12340584 0.26253349 0.27100101
v 0.12485206 0.26194313 0.27100101
v 0.12593575 0.26132408 0.27100101
v 0.12667811 0.26078424 0.27100101
v 0.12768887 0.25986755 0.27100101
v 0.12868649 0.25859234 0.27100101
v 0.12916376 0.25779402 0.27100101
v 0.12965475 0.25676000 0.27100101
v 0.12996495 0.25587219 0.27100101
v 0.13024136 0.25476065 0.27100101
v 0.13039994 0.25348943 0.27100101
v 0.13040000 0.05281150 0.27100101
v 0.13031602 0.05170458 0.27100101
v 0.13007416 0.05049701 0.27100101
v 0.12968217 0.04930819 0.27100101
v 0.12915123 0.04817853 0.27100101
v 0.12849236 0.04712559 0.27100101
v 0.12768856 0.04614014 0.27100101
v 0.12688561 0.04538837 0.27100101
v 0.12599312 0.04471333 0.27100101
v 0.12491930 0.04408965 0.27100101
v 0.12377027 0.04359673 0.27100101
v 0.12246715 0.04321566 0.27100101
v 0.12089019 0.04300016 0.27100101
v 0.03040000 0.04300000 0.27100101
v -0.07963327 -0.05165318 0.30100092
v -0.06959982 -0.25363985 0.30100101
v -0.06959999 -0.05281150 0.30100101
v -0.07943361 -0.25462836 0.30100086
v -0.06588164 -0.26079249 0.30100101
v -0.06697460 -0.25976604 0.30100101
v -0.07345286 -0.26774618 0.30100161
v -0.06937656 -0.25506192 0.30100101
v 0.12761687 -0.25992915 0.30100101
v 0.13592707 -0.26605111 0.30100173
v 0.12837258 -0.25903887 0.30100101
v 0.12602241 -0.04472794 0.30100101
v 0.12698480 -0.04547122 0.30100101
v 0.13469169 -0.03868927 0.30100214
v -0.06777121 -0.25876164 0.30100101
v -0.06950667 -0.05160260 0.30100101
v -0.07707410 -0.26316273 0.30100158
v -0.06856176 -0.25742760 0.30100101
v 0.12206231 -0.26286381 0.30100101
v 0.12078927 -0.26299983 0.30100101
v 0.12116343 -0.27303869 0.30100077
v 0.12545997 -0.27252430 0.30100161
v 0.14042926 -0.05178697 0.30100068
v 0.13027623 -0.05144127 0.30100101
v 0.13039993 -0.05261074 0.30100101
v -0.06125878 -0.04314372 0.30100101
v -0.06009026 -0.04300025 0.30100101
v -0.06588469 -0.03397589 0.30099970
v -0.06053799 -0.03294358 0.30100086
v 0.12657493 -0.26087371 0.30100101
v 0.13073118 -0.27041256 0.30100212
v 0.12777454 -0.04623377 0.30100101
v 0.13772579 -0.04254489 0.30100179
v -0.07057220 -0.03598645 0.30100232
v -0.06643824 -0.04569677 0.30100101
v -0.06544851 -0.04488351 0.30100101
v -0.06739251 -0.04671909 0.30100101
v -0.07475892 -0.03960039 0.30100253
v -0.06019174 -0.26299971 0.30100101
v -0.06110509 -0.27314067 0.30100468
v 0.00787138 -0.27307293 0.30100098
v 0.03040000 -0.26300001 0.30100101
v -0.06451543 -0.26170480 0.30100101
v -0.06149895 -0.26281387 0.30100101
v 0.12473150 -0.26200262 0.30100101
v 0.12555417 -0.26155859 0.30100101
v 0.14042924 -0.25434914 0.30100083
v 0.13039999 -0.25318903 0.30100101
v 0.13034138 -0.25409436 0.30100101
v 0.12874746 -0.04749162 0.30100101
v -0.07906463 -0.04759714 0.30100179
v 0.03040000 -0.04300000 0.30100101
v 0.12099100 -0.04300029 0.30100101
v 0.12234306 -0.03320643 0.30100092
v 0.03040000 -0.03295097 0.30100107
v -0.06808762 -0.04772881 0.30100101
v -0.07739083 -0.04342620 0.30100179
v -0.06907263 -0.25617251 0.30100101
v -0.06627079 -0.27219191 0.30100191
v 0.12229896 -0.04318611 0.30100101
v -0.06863343 -0.04873500 0.30100101
v -0.06913326 -0.04999502 0.30100101
v 0.12979046 -0.25639790 0.30100101
v 0.12943339 -0.25726423 0.30100101
v 0.13923797 -0.25991905 0.30100000
v 0.12935428 -0.04857612 0.30100101
v 0.12842195 -0.03440585 0.30100191
v -0.06402835 -0.04403873 0.30100101
v -0.06300113 -0.26239878 0.30100101
v 0.12888694 -0.25827056 0.30100101
v 0.13012519 -0.25530168 0.30100101
v 0.12466506 -0.04396646 0.30100101
v 0.12350285 -0.04350360 0.30100101
v 0.13007899 -0.05053193 0.30100101
v 0.13989863 -0.04778364 0.30100217
v -0.06247465 -0.04342725 0.30100101
v 0.12357170 -0.26247248 0.30100101
v 0.12973067 -0.04943470 0.30100101
v -0.08009873 -0.20613144 0.30317381
v -0.08009835 -0.21187124 0.30451980
v -0.08009930 -0.25387964 0.30147633
v -0.08009943 -0.20299223 0.30861142
v -0.08009962 -0.10319801 0.30784589
v -0.08009954 -0.20628791 0.31294784
v -0.08009994 -0.05261498 0.30145922
v -0.08009872 -0.09622640 0.30329373
v -0.08009960 -0.10157947 0.31196114
v -0.08009918 -0.10150089 0.30401233
v -0.08009966 -0.25294077 0.32242891
v -0.08009916 -0.21207266 0.31099188
v -0.08009945 -0.09573782 0.31243309
v -0.08010019 -0.05300110 0.32226852
v -0.08009958 -0.09265137 0.30755806
v 0.12187462 -0.27345079 0.30129442
v 0.12056019 -0.27350003 0.30146521
v 0.12078991 -0.27350000 0.32222158
v 0.12230991 -0.27341178 0.32227159
v 0.12390834 -0.27319771 0.30128863
v 0.12382799 -0.27320912 0.32219669
v 0.12573324 -0.27278617 0.30141056
v 0.12549950 -0.27285349 0.32222664
v 0.12719658 -0.27232668 0.30127105
v 0.12751058 -0.27221718 0.32221481
v 0.12844096 -0.27184731 0.30146995
v 0.12943389 -0.27139780 0.32217306
v 0.13015926 -0.27101985 0.30145460
v 0.13116561 -0.27043590 0.32247648
v 0.13160132 -0.27016920 0.30141440
v 0.13285193 -0.26929393 0.32242754
v 0.13332622 -0.26891884 0.30130637
v 0.13428344 -0.26808867 0.32232755
v 0.13488914 -0.26751497 0.30142614
v 0.13541616 -0.26697141 0.32213607
v 0.13596825 -0.26634070 0.30148864
v 0.13666019 -0.26548240 0.32218897
v 0.13698159 -0.26505145 0.30123705
v 0.13754217 -0.26424229 0.32205403
v 0.13777333 -0.26387900 0.30138612
v 0.13854036 -0.26253578 0.32199457
v 0.13878886 -0.26204666 0.30126548
v 0.13943534 -0.26059538 0.32236713
v 0.13973485 -0.25981751 0.30144343
v 0.14001833 -0.25891000 0.32205597
v 0.14038633 -0.25753081 0.30122796
v 0.14050114 -0.25704858 0.32227057
v 0.14078179 -0.25528073 0.30146730
v 0.14079346 -0.25508121 0.32245854
v 0.14089991 -0.25335467 0.32237309
v 0.14089976 -0.25344244 0.30145124
v 0.14089994 -0.05306444 0.32232642
v 0.14089966 -0.10091954 0.31205726
v 0.14089854 -0.09410726 0.31166640
v 0.14089890 -0.20377666 0.31090006
v 0.14089932 -0.20896706 0.31316313
v 0.14089921 -0.09292148 0.30724984
v 0.14089942 -0.05239688 0.30143508
v 0.14089876 -0.09739711 0.30287153
v 0.14089768 -0.20973511 0.30325431
v 0.14089961 -0.20366660 0.30519810
v 0.14089940 -0.10259130 0.30590355
v 0.14089927 -0.21284774 0.30888775
v 0.14081790 -0.05108881 0.32221693
v 0.14076780 -0.05066216 0.30145755
v 0.14057249 -0.04936223 0.32227618
v 0.14045568 -0.04877486 0.30130571
v 0.14020933 -0.04776164 0.32221618
v 0.13999383 -0.04697330 0.30148828
v 0.13976875 -0.04631311 0.32246327
v 0.13924533 -0.04496688 0.30125326
v 0.13909303 -0.04461014 0.32241908
v 0.13850659 -0.04338950 0.30139610
v 0.13841735 -0.04323465 0.32214853
v 0.13744788 -0.04161821 0.32200521
v 0.13734651 -0.04147176 0.30147633
v 0.13649042 -0.04029350 0.30140075
v 0.13619630 -0.03992298 0.32213804
v 0.13548203 -0.03911038 0.30144957
v 0.13491981 -0.03851887 0.32213479
v 0.13441339 -0.03802801 0.30147672
v 0.13119692 -0.03557017 0.30129531
v 0.13305266 -0.03686520 0.30130342
v 0.13153686 -0.03578319 0.32228622
v 0.13342679 -0.03715646 0.32202587
v 0.12928112 -0.03453236 0.32238618
v 0.12910473 -0.03445085 0.30145794
v 0.12819706 -0.03405499 0.32208258
v 0.12739515 -0.03373743 0.30140057
v 0.12688285 -0.03356504 0.32247686
v 0.12376688 -0.03277609 0.30124697
v 0.12575097 -0.03321995 0.30143222
v 0.12486543 -0.03298926 0.32221615
v 0.12285746 -0.03264582 0.32232693
v 0.12065407 -0.03250000 0.30146244
v 0.12138064 -0.03251516 0.30134356
v 0.12086055 -0.03249963 0.32226115
v 0.03040000 -0.03250034 0.30135807
v 0.03040000 -0.03249998 0.32237911
v -0.05985804 -0.03250003 0.32236093
v -0.06010775 -0.03250013 0.30144325
v -0.06196453 -0.03263528 0.30145752
v -0.06025739 -0.03248868 0.32243592
v -0.06295957 -0.03277253 0.32220441
v -0.06384429 -0.03293936 0.30127615
v -0.06441274 -0.03308067 0.32239658
v -0.06586045 -0.03349161 0.32245159
v -0.06612346 -0.03357343 0.30141962
v -0.06733416 -0.03402486 0.32209942
v -0.06741498 -0.03406061 0.30126911
v -0.06898062 -0.03478167 0.30144235
v -0.06916642 -0.03487252 0.32216552
v -0.07049913 -0.03564231 0.30142164
v -0.07090081 -0.03589622 0.32210103
v -0.07208475 -0.03673692 0.30131847
v -0.07199727 -0.03667352 0.32231686
v -0.07328141 -0.03772435 0.32202274
v -0.07368485 -0.03808626 0.30139029
v -0.07447059 -0.03887905 0.32207102
v -0.07515419 -0.03963961 0.30145881
v -0.07587021 -0.04052424 0.32251483
v -0.07619314 -0.04096268 0.30144659
v -0.07680117 -0.04184805 0.32205477
v -0.07721321 -0.04251315 0.30138823
v -0.07778329 -0.04354548 0.32202664
v -0.07821384 -0.04442611 0.30131730
v -0.07866950 -0.04548666 0.32223207
v -0.07909613 -0.04667170 0.30143505
v -0.07929900 -0.04735318 0.32207590
v -0.07988730 -0.05005268 0.30132684
v -0.07954852 -0.04830389 0.30132174
v -0.07986619 -0.04992294 0.32214868
v -0.07958290 -0.04846096 0.32243189
v -0.08001922 -0.05113913 0.32251838
v -0.08008099 -0.05203489 0.30133533
v -0.08008721 -0.25374198 0.32259786
v -0.07988597 -0.25597039 0.30141649
v -0.07991860 -0.25576150 0.32219756
v -0.07960705 -0.25744429 0.30147627
v -0.07958303 -0.25758168 0.32226893
v -0.07916969 -0.25907511 0.30143908
v -0.07899553 -0.25961331 0.32252997
v -0.07869188 -0.26042783 0.30124900
v -0.07826103 -0.26146492 0.32216492
v -0.07775375 -0.26252961 0.30138934
v -0.07757441 -0.26284021 0.32199004
v -0.07711204 -0.26364267 0.32246393
v -0.07676315 -0.26420680 0.30141383
v -0.07605967 -0.26522678 0.32212678
v -0.07566246 -0.26574233 0.30142611
v -0.07460719 -0.26698402 0.32199007
v -0.07449219 -0.26710382 0.30142155
v -0.07309034 -0.26844314 0.30137387
v -0.07302485 -0.26849952 0.32242012
v -0.07158254 -0.26963121 0.30124044
v -0.07166394 -0.26957470 0.32199898
v -0.07060337 -0.27029252 0.30146369
v -0.07019921 -0.27054441 0.32215604
v -0.06916302 -0.27112469 0.30141008
v -0.06884824 -0.27128443 0.32213905
v -0.06747850 -0.27191550 0.30147070
v -0.06729216 -0.27199623 0.32206920
v -0.06582884 -0.27252769 0.30124488
v -0.06531645 -0.27268213 0.32220870
v -0.06335161 -0.27315623 0.30141577
v -0.06357304 -0.27310875 0.32224151
v -0.06005975 -0.27349991 0.30147630
v -0.06142821 -0.27342626 0.32229373
v -0.05969448 -0.27349997 0.32241794
v -0.06098053 -0.27345780 0.30127573
v 0.03040000 -0.27349997 0.30145198
v 0.03040000 -0.27349991 0.32232803
v -0.06025157 -0.03273659 0.32340097
v -0.06249934 -0.03311129 0.32361108
v -0.06416484 -0.03348465 0.32364860
v -0.06572856 -0.03394517 0.32364580
v -0.06735700 -0.03441610 0.32346603
v -0.06878498 -0.03518920 0.32357535
v -0.07042251 -0.03603770 0.32347617
v -0.07329990 -0.03801708 0.32309279
v -0.07189838 -0.03737934 0.32375908
v -0.07305603 -0.03842255 0.32381085
v -0.07441280 -0.03964024 0.32368642
v -0.07584748 -0.04147402 0.32371989
v -0.07756058 -0.04342730 0.32296455
v -0.07700390 -0.04339085 0.32377949
v -0.07792104 -0.04514913 0.32373464
v -0.07886054 -0.04685634 0.32337540
v -0.07846717 -0.04652397 0.32373297
v -0.07956618 -0.05006639 0.32347986
v -0.07911720 -0.04871132 0.32373980
v -0.07959412 -0.05151224 0.32372239
v -0.07975082 -0.05291391 0.32360506
v -0.07991344 -0.05333770 0.32324591
v -0.08004469 -0.05316829 0.32279074
v 0.12789920 -0.03444526 0.32363573
v 0.12586890 -0.03378150 0.32371986
v 0.12264100 -0.03291995 0.32345843
v 0.12080722 -0.03288332 0.32366407
v 0.12030604 -0.03259551 0.32298869
v 0.12431259 -0.03316746 0.32341358
v 0.13013770 -0.03544777 0.32354152
v 0.13331822 -0.03745014 0.32334194
v 0.13202788 -0.03691849 0.32381099
v 0.13472357 -0.03884939 0.32345736
v 0.13686000 -0.04097750 0.32286489
v 0.13563941 -0.04021793 0.32375345
v 0.13800327 -0.04331318 0.32350841
v 0.13702524 -0.04217211 0.32382646
v 0.13878405 -0.04524741 0.32370853
v 0.13950264 -0.04704936 0.32366812
v 0.14054707 -0.05275087 0.32361263
v 0.14035033 -0.05053130 0.32361448
v 0.14074318 -0.05266739 0.32316995
v 0.14015718 -0.04882630 0.32343993
v 0.14084879 -0.05327200 0.32276163
v 0.12518707 -0.27238080 0.32376155
v 0.12687565 -0.27211773 0.32340866
v 0.12378918 -0.27296680 0.32336482
v 0.12803516 -0.27138466 0.32376692
v 0.12948407 -0.27092767 0.32350975
v 0.13489379 -0.26657653 0.32379052
v 0.13630185 -0.26558506 0.32315755
v 0.13406493 -0.26765987 0.32356009
v 0.13617963 -0.26506224 0.32378572
v 0.13752143 -0.26322877 0.32370171
v 0.13971978 -0.25796309 0.32376689
v 0.14023073 -0.25631183 0.32359558
v 0.13931181 -0.25956571 0.32364485
v 0.12028213 -0.27319798 0.32352307
v 0.12194743 -0.27306145 0.32361379
v 0.12081918 -0.27345040 0.32277915
v 0.13120773 -0.26982027 0.32363027
v 0.13296506 -0.26847231 0.32369974
v 0.13802496 -0.26326957 0.32277393
v 0.13872193 -0.26143575 0.32341248
v 0.14064290 -0.25384361 0.32342279
v 0.14081089 -0.25312430 0.32293436
v -0.07523075 -0.26598427 0.32305977
v -0.06759226 -0.27170983 0.32297868
v -0.06266683 -0.27301025 0.32339048
v -0.07971913 -0.25313416 0.32365987
v -0.07974949 -0.25456235 0.32346922
v -0.07994390 -0.25276580 0.32316706
v -0.07545862 -0.26510710 0.32367259
v -0.07447836 -0.26612416 0.32381049
v -0.07336270 -0.26744422 0.32367483
v -0.06834688 -0.27089661 0.32374245
v -0.06648365 -0.27178171 0.32365432
v -0.06153278 -0.27294743 0.32372737
v -0.05971944 -0.27314818 0.32360959
v -0.07874665 -0.25873604 0.32370430
v -0.07939883 -0.25642550 0.32360962
v -0.07810147 -0.26062077 0.32363328
v -0.07752762 -0.26202038 0.32354102
v -0.07653132 -0.26347119 0.32374471
v -0.07027236 -0.27004918 0.32348546
v -0.07210482 -0.26853552 0.32368898
v -0.06461512 -0.27244410 0.32358879
v -0.05949645 -0.27334362 0.32316938
v 0.03040000 -0.03260910 0.32300702
v 0.03040000 -0.03281121 0.32353872
v -0.05949649 -0.03284779 0.32360271
v 0.10584117 -0.04947890 0.35212249
v 0.10364352 -0.04937878 0.35223368
v 0.10779517 -0.04991487 0.35222602
v 0.10885859 -0.05046572 0.35259137
v 0.11110056 -0.05107249 0.35234740
v 0.11308264 -0.05207067 0.35239080
v 0.11472838 -0.05299203 0.35229853
v 0.11659379 -0.05447293 0.35236898
v 0.11796192 -0.05608993 0.35264507
v 0.11929748 -0.05719656 0.35231414
v 0.11985596 -0.05819696 0.35251567
v 0.12114771 -0.05985662 0.35231170
v 0.12221684 -0.06207596 0.35236689
v 0.12294801 -0.06424791 0.35245916
v 0.12370338 -0.06638540 0.35216361
v 0.12378126 -0.06808715 0.35242611
v 0.12409411 -0.06983172 0.35210890
v 0.14051963 -0.25310636 0.32366011
v 0.12408017 -0.23597552 0.35213289
v 0.12381282 -0.23758690 0.35243988
v 0.12354687 -0.23926029 0.35246977
v 0.12333359 -0.24087325 0.35227689
v 0.12251861 -0.24280994 0.35254437
v 0.12221060 -0.24416734 0.35224041
v 0.12118255 -0.24557413 0.35261199
v 0.12056269 -0.24701063 0.35235673
v 0.11964425 -0.24837688 0.35230133
v 0.11859645 -0.24965575 0.35229465
v 0.11729788 -0.25095409 0.35231131
v 0.11607579 -0.25169817 0.35260651
v 0.11409818 -0.25333712 0.35238999
v 0.11236320 -0.25433850 0.35235143
v 0.11089901 -0.25510252 0.35222894
v 0.10982887 -0.25531170 0.35246852
v 0.10845535 -0.25588727 0.35227135
v 0.10661039 -0.25631505 0.35224733
v 0.10489771 -0.25662461 0.35210943
v 0.10336868 -0.25666076 0.35216624
v 0.10942300 -0.26278901 0.34155199
v 0.03040000 -0.27336156 0.32310778
v 0.01818144 -0.27315876 0.32358691
v 0.03040000 -0.27345401 0.32272199
v -0.04265946 -0.25664824 0.35218790
v -0.04862300 -0.26278901 0.34155199
v -0.04384225 -0.25644714 0.35241726
v -0.04605990 -0.25633371 0.35215977
v -0.04778023 -0.25579453 0.35236189
v -0.05046242 -0.25494266 0.35225058
v -0.05269124 -0.25370714 0.35238513
v -0.05453808 -0.25256774 0.35231292
v -0.05628157 -0.25096843 0.35248554
v -0.05754996 -0.24990082 0.35230678
v -0.05858491 -0.24859500 0.35239458
v -0.05955192 -0.24738361 0.35231537
v -0.06070371 -0.24550849 0.35230690
v -0.06166705 -0.24338868 0.35233402
v -0.06209994 -0.24175143 0.35251176
v -0.06273203 -0.24027403 0.35220838
v -0.06309228 -0.23841946 0.35215592
v -0.06311697 -0.23691732 0.35234371
v -0.06324371 -0.23587884 0.35219592
v 0.03955000 -0.27294400 0.32396299
v 0.03685784 -0.26371297 0.33995196
v -0.02041800 -0.26786911 0.33275357
v 0.02239333 -0.26223034 0.34251964
v 0.00735762 -0.25297463 0.35854888
v 0.00982221 -0.25020307 0.36334637
v 0.00347840 -0.25492179 0.35517094
v 0.01550468 -0.23303622 0.39308360
v 0.02125000 -0.23366299 0.39199999
v 0.01132110 -0.24727917 0.36841580
v -0.00760519 -0.25661096 0.35224786
v -0.00061979 -0.25603694 0.35324094
v 0.04148044 -0.26050848 0.34550211
v 0.03955000 -0.23366299 0.39199999
v 0.04512779 -0.23287460 0.39336643
v 0.04989669 -0.24829254 0.36665931
v 0.06036023 -0.25584844 0.35357094
v 0.05620131 -0.25465691 0.35563579
v 0.05242002 -0.25205621 0.36013928
v 0.06714644 -0.25662813 0.35222119
v 0.02791493 -0.27144590 0.32655787
v 0.03040000 -0.23366302 0.39200002
v 0.03063112 -0.26177424 0.34330952
v -0.06329458 -0.06952300 0.35210773
v -0.06313638 -0.06769878 0.35210899
v -0.06276522 -0.06608485 0.35226843
v -0.06225093 -0.06397811 0.35221446
v -0.06147026 -0.06201163 0.35227725
v -0.06008354 -0.05943131 0.35231718
v -0.05855186 -0.05764832 0.35261187
v -0.05790671 -0.05654792 0.35236010
v -0.05626891 -0.05491000 0.35238776
v -0.05455320 -0.05351492 0.35238174
v -0.05317615 -0.05247826 0.35226241
v -0.05173594 -0.05168013 0.35227412
v -0.05074774 -0.05144408 0.35255843
v -0.04884412 -0.05050060 0.35231405
v -0.04717885 -0.04996040 0.35223085
v -0.04547941 -0.04960074 0.35220480
v -0.04290045 -0.04935633 0.35219643
v 0.00666206 -0.05258281 0.35778439
v 0.00353081 -0.05097739 0.35500273
v -0.00123243 -0.04989960 0.35313424
v 0.06289926 -0.04975353 0.35288298
v 0.05894061 -0.05044241 0.35407609
v 0.05561378 -0.05175942 0.35635784
v 0.06817979 -0.04930060 0.35209969
v -0.00830997 -0.04937429 0.35222641
v 0.00984463 -0.05607245 0.36382595
v 0.05215042 -0.05437137 0.36088017
v 0.01133984 -0.05876437 0.36849177
v 0.04963226 -0.05856310 0.36814225
v 0.04501516 -0.07309759 0.39331716
v 0.01569260 -0.07279140 0.39278796
v 0.03644281 -0.10909786 0.38309589
v 0.02270103 -0.11064681 0.38464230
v 0.03820510 -0.11110744 0.38507891
v 0.02471070 -0.10872149 0.38271704
v 0.03151029 -0.10674723 0.38076767
v 0.02161296 -0.11165389 0.38551572
v 0.03976319 -0.11226463 0.38594171
v 0.02109479 -0.11291094 0.38629168
v 0.03993087 -0.11358071 0.38657138
v 0.02098344 -0.11384175 0.38664913
v 0.02053550 -0.11506327 0.38691351
v 0.04000353 -0.11513422 0.38692459
v 0.02082188 -0.11629126 0.38699970
v 0.04041340 -0.11651798 0.38700014
v 0.03642972 -0.19729321 0.38272813
v 0.03792944 -0.19557174 0.38442874
v 0.03061165 -0.19887777 0.38111782
v 0.03378027 -0.19840205 0.38160279
v 0.02769979 -0.19869716 0.38131455
v 0.02531085 -0.19732906 0.38266897
v 0.02265041 -0.19492069 0.38505238
v 0.03872936 -0.19446796 0.38541833
v 0.04024412 -0.19343592 0.38611594
v 0.02104302 -0.19351344 0.38606954
v 0.02108383 -0.19271119 0.38645768
v 0.03990264 -0.19251060 0.38653818
v 0.02055601 -0.19166510 0.38678572
v 0.04019102 -0.19105396 0.38690463
v 0.02066293 -0.18979815 0.38699958
v 0.04034066 -0.18924220 0.38699979
v 0.01538219 -0.20861751 0.40122607
v 0.01534171 -0.21099147 0.40067717
v 0.01536404 -0.09613920 0.40111962
v 0.01534086 -0.09428519 0.40059787
v 0.01794835 -0.20954204 0.40699989
v 0.01756892 -0.20803489 0.40693745
v 0.01797471 -0.09787156 0.40699998
v 0.01784431 -0.09655914 0.40699822
v 0.01716619 -0.09753373 0.40679523
v 0.01717045 -0.20975046 0.40678912
v 0.01677595 -0.20854385 0.40652323
v 0.01657246 -0.09436185 0.40632832
v 0.01644935 -0.21172222 0.40617034
v 0.01645496 -0.09685098 0.40617493
v 0.01635580 -0.20820425 0.40602326
v 0.01625910 -0.09682853 0.40584168
v 0.01614865 -0.21399878 0.40555561
v 0.01612554 -0.20836200 0.40544572
v 0.01612316 -0.09681728 0.40543166
v 0.04474916 -0.21304539 0.40502250
v 0.04462066 -0.20947999 0.40563998
v 0.04467614 -0.09662171 0.40543181
v 0.04449928 -0.09701088 0.40593496
v 0.04444420 -0.20820263 0.40602338
v 0.04419050 -0.20862870 0.40636310
v 0.04416312 -0.09750783 0.40639448
v 0.04375921 -0.20966020 0.40672380
v 0.04368935 -0.09728949 0.40675947
v 0.04323194 -0.20834646 0.40693733
v 0.04325610 -0.09734979 0.40693203
v 0.04283803 -0.20848358 0.40700004
v 0.04279936 -0.09712588 0.40700004
v 0.04545712 -0.09698477 0.40098560
v 0.04545813 -0.21003409 0.40072238
v 0.04542435 -0.20917179 0.40118694
v 0.04550689 -0.21401486 0.40066081
v 0.04574477 -0.21928704 0.39882493
v 0.04565848 -0.21831520 0.39985454
v 0.04624293 -0.22336642 0.39653984
v 0.04636385 -0.22368938 0.39544871
v 0.04721515 -0.22723888 0.39097330
v 0.01530929 -0.21466532 0.40080902
v 0.01520514 -0.21682693 0.39983052
v 0.01491849 -0.22054036 0.39850491
v 0.01446675 -0.22361735 0.39599246
v 0.01359924 -0.22737215 0.39111057
v 0.01380657 -0.22631694 0.39187509
v 0.00943318 -0.24087600 0.36747605
v 0.05121318 -0.06556351 0.36837614
v 0.05115851 -0.06059198 0.36864501
v 0.05179144 -0.05884328 0.36553305
v 0.05182444 -0.06390734 0.36546183
v 0.05219347 -0.06318791 0.36412239
v 0.05255579 -0.05711902 0.36301172
v 0.05292588 -0.06181611 0.36209187
v 0.05365252 -0.06059312 0.36054924
v 0.05360613 -0.05566448 0.36063659
v 0.05482817 -0.05899141 0.35864887
v 0.05492421 -0.05433426 0.35851976
v 0.05693772 -0.05757464 0.35641167
v 0.05637424 -0.05316694 0.35691792
v 0.05826833 -0.05217769 0.35545871
v 0.05904771 -0.05688948 0.35500869
v 0.06022704 -0.05611536 0.35447881
v 0.06032427 -0.05148888 0.35443291
v 0.06238749 -0.05586886 0.35375029
v 0.06227689 -0.05096449 0.35377383
v 0.06472421 -0.05560531 0.35329372
v 0.06574940 -0.05086994 0.35315710
v 0.06663020 -0.05523505 0.35309061
v 0.06899475 -0.05070600 0.35299754
v 0.06942073 -0.05534836 0.35300016
v 0.04378410 -0.09320486 0.40661326
v 0.04289160 -0.09353946 0.40690902
v 0.04439045 -0.09012154 0.40581387
v 0.04468367 -0.09140629 0.40537128
v 0.04296667 -0.09031677 0.40656021
v 0.04388830 -0.08829045 0.40590519
v 0.04310821 -0.08810356 0.40611356
v 0.04486154 -0.08651720 0.40435097
v 0.04327570 -0.08638538 0.40561604
v 0.04443506 -0.08446803 0.40436900
v 0.04329550 -0.08437014 0.40483814
v 0.04428294 -0.08162900 0.40305486
v 0.04338802 -0.08283871 0.40404737
v 0.04501158 -0.08169915 0.40233058
v 0.04348693 -0.08107510 0.40292436
v 0.04547760 -0.08056786 0.40086609
v 0.04454660 -0.07980053 0.40159744
v 0.04521922 -0.07910059 0.40039447
v 0.04365082 -0.07927164 0.40143558
v 0.04414244 -0.07799830 0.40017524
v 0.04545441 -0.07592975 0.39713067
v 0.04465364 -0.07551102 0.39710289
v 0.04409289 -0.07666315 0.39863527
v 0.04625219 -0.07520917 0.39517719
v 0.04662055 -0.07547335 0.39438698
v 0.04562362 -0.07335204 0.39353171
v 0.04467726 -0.07439535 0.39544517
v 0.04628886 -0.07336081 0.39286137
v 0.01604624 -0.09016614 0.40501940
v 0.01554004 -0.07961355 0.40067691
v 0.01573242 -0.08208673 0.40250513
v 0.01503171 -0.07903008 0.39922270
v 0.01642891 -0.08935439 0.40568238
v 0.01580286 -0.08486030 0.40359890
v 0.01502504 -0.07415315 0.39456317
v 0.01511913 -0.07632215 0.39728189
v 0.01434448 -0.07383926 0.39321730
v 0.01609780 -0.07889237 0.40076232
v 0.01652461 -0.08292306 0.40379262
v 0.01730580 -0.08571947 0.40538129
v 0.01647761 -0.08647499 0.40512887
v 0.01716289 -0.09032399 0.40640068
v 0.01726634 -0.09378588 0.40677670
v 0.01710571 -0.08114026 0.40295914
v 0.01743207 -0.08449329 0.40488422
v 0.01777462 -0.08883659 0.40628698
v 0.01653101 -0.07602430 0.39780796
v 0.01629935 -0.07681719 0.39881456
v 0.01606848 -0.07448961 0.39560437
v 0.01697814 -0.07834747 0.40054610
v 0.01696807 -0.07964209 0.40176675
v 0.01776878 -0.08675686 0.40573490
v 0.01791793 -0.09324685 0.40688452
v 0.01413694 -0.07562034 0.39417705
v 0.01436096 -0.07533424 0.39482263
v 0.01743224 -0.08265533 0.40395203
v 0.01517922 -0.07311422 0.39315715
v 0.01797303 -0.09120362 0.40668041
v 0.00778962 -0.06163039 0.36188158
v 0.00772364 -0.05625413 0.36171716
v 0.00829852 -0.06213664 0.36322424
v -0.00794506 -0.05067909 0.35299611
v -0.00449123 -0.05530307 0.35321659
v -0.00770942 -0.05543116 0.35299921
v -0.00356609 -0.05088850 0.35333297
v -0.00207869 -0.05584861 0.35362422
v -0.00077754 -0.05144276 0.35399124
v 0.00009111 -0.05624950 0.35428137
v 0.00072749 -0.05144954 0.35453546
v 0.00244907 -0.05689181 0.35540429
v 0.00271007 -0.05218943 0.35557887
v 0.00404170 -0.05296985 0.35656941
v 0.00440223 -0.05817911 0.35689029
v 0.00561627 -0.05428928 0.35821667
v 0.00576785 -0.05917220 0.35839078
v 0.00676781 -0.05533290 0.35987619
v 0.00676194 -0.05993569 0.35987213
v 0.00864002 -0.05818615 0.36426830
v 0.00880127 -0.06354099 0.36478734
v 0.00935965 -0.05995698 0.36709645
v 0.00949870 -0.06529018 0.36787164
v -0.04390359 -0.05065849 0.35299751
v -0.05179027 -0.24702023 0.35299775
v -0.05436915 -0.25126794 0.35299638
v -0.05794719 -0.24724139 0.35300407
v -0.05646677 -0.05736459 0.35300049
v -0.05398275 -0.05430007 0.35299286
v -0.05239299 -0.05956369 0.35299593
v -0.04725532 -0.05679924 0.35299486
v -0.05613647 -0.24168673 0.35299173
v -0.05617523 -0.06402802 0.35299784
v -0.06001096 -0.24311127 0.35300055
v -0.04764347 -0.25473869 0.35299534
v -0.04652092 -0.24939840 0.35299274
v -0.05922021 -0.06003158 0.35299644
v -0.04944757 -0.05183979 0.35299373
v -0.04287332 -0.25519699 0.35299966
v -0.04133933 -0.05545925 0.35299563
v -0.06126444 -0.06612536 0.35300195
v -0.04106683 -0.25067052 0.35299802
v -0.00729970 -0.25075305 0.35300240
v -0.00915753 -0.25529054 0.35299686
v -0.05796347 -0.23687559 0.35299590
v -0.05782550 -0.06948524 0.35299018
v -0.06139999 -0.24053910 0.35299283
v -0.06178739 -0.23603114 0.35299933
v -0.05857277 -0.23257722 0.35299921
v -0.06176898 -0.06994563 0.35299945
v -0.05858313 -0.07359093 0.35299921
v 0.00863907 -0.24289440 0.36421210
v 0.00946737 -0.24596675 0.36766186
v 0.00846961 -0.24826129 0.36368436
v 0.00794611 -0.24452186 0.36226708
v 0.00752220 -0.24985893 0.36129382
v 0.00696361 -0.24588332 0.36022463
v 0.00646990 -0.25088647 0.35939819
v 0.00616490 -0.24640590 0.35893044
v 0.00510568 -0.24726522 0.35759494
v 0.00512628 -0.25215927 0.35762826
v 0.00396187 -0.24838109 0.35650623
v 0.00366596 -0.25336009 0.35627174
v 0.00254824 -0.24905193 0.35549065
v 0.00226258 -0.25397643 0.35530859
v 0.00130134 -0.24970049 0.35480806
v 0.00047207 -0.25433940 0.35443959
v -0.00074155 -0.25028375 0.35400447
v -0.00091976 -0.25479934 0.35394263
v -0.00303582 -0.25048041 0.35342762
v -0.00310387 -0.25508004 0.35342711
v -0.00584655 -0.25519240 0.35308582
v 0.01569900 -0.22231956 0.40300468
v 0.01525093 -0.22528708 0.40049401
v 0.01463898 -0.08314988 0.39700639
v 0.01517151 -0.08867672 0.39992476
v 0.01467105 -0.22839753 0.39720330
v 0.01387704 -0.23126331 0.39269161
v 0.01359848 -0.07879373 0.39106637
v 0.01764233 -0.21374135 0.40679458
v 0.01662936 -0.21595876 0.40603486
v 0.01803560 -0.21236494 0.40690455
v 0.01761756 -0.21751097 0.40620482
v 0.01795568 -0.21597683 0.40651217
v 0.01696553 -0.21938255 0.40551242
v 0.01771485 -0.21931501 0.40571305
v 0.01618258 -0.22043726 0.40454644
v 0.01774083 -0.22102807 0.40509307
v 0.01747938 -0.22266227 0.40432993
v 0.01659780 -0.22320633 0.40376842
v 0.01725652 -0.22398381 0.40355265
v 0.01580748 -0.22434950 0.40237287
v 0.01717836 -0.22546379 0.40250868
v 0.01621013 -0.22612250 0.40162653
v 0.01711539 -0.22669406 0.40146172
v 0.01535635 -0.22722743 0.39980036
v 0.01670664 -0.22770391 0.40048587
v 0.01569682 -0.22907130 0.39855292
v 0.01659051 -0.22922625 0.39878023
v 0.01491228 -0.22996695 0.39663833
v 0.01516704 -0.23180188 0.39476073
v 0.01418274 -0.23143864 0.39367244
v 0.01608730 -0.23163657 0.39539891
v 0.01644375 -0.23064399 0.39688078
v 0.01449409 -0.23251781 0.39300686
v 0.04528071 -0.22752006 0.39986002
v 0.04568801 -0.22659354 0.39967251
v 0.04643917 -0.23121226 0.39432764
v 0.04490538 -0.22281885 0.40324083
v 0.04513547 -0.22230472 0.40283814
v 0.04468568 -0.21835071 0.40494719
v 0.04538878 -0.22986537 0.39741737
v 0.04460170 -0.22398975 0.40304223
v 0.04418528 -0.22141896 0.40458345
v 0.04423721 -0.22856583 0.39954787
v 0.04399548 -0.22645167 0.40168652
v 0.04365589 -0.22372563 0.40371707
v 0.04460869 -0.23131621 0.39589360
v 0.04554724 -0.23203169 0.39449185
v 0.04430801 -0.22979429 0.39805382
v 0.04349986 -0.22498778 0.40286580
v 0.04281042 -0.21193148 0.40693310
v 0.04317452 -0.21371041 0.40679863
v 0.04441074 -0.21380515 0.40596840
v 0.04675607 -0.23082598 0.39363441
v 0.04405993 -0.21618225 0.40607053
v 0.04388222 -0.21850377 0.40571859
v 0.04611721 -0.23227505 0.39358222
v 0.04300611 -0.21555468 0.40657231
v 0.04301224 -0.21735263 0.40624204
v 0.04313876 -0.21970043 0.40559596
v 0.04325625 -0.22187275 0.40472242
v 0.04383934 -0.22783631 0.40034693
v 0.04635678 -0.08224197 0.39587972
v 0.04578094 -0.08649456 0.39907581
v 0.04552602 -0.09133542 0.40053278
v 0.04726088 -0.07838832 0.39077139
v 0.05134540 -0.24585740 0.36760619
v 0.05132923 -0.24076216 0.36768320
v 0.06904594 -0.25522751 0.35300046
v 0.06691353 -0.25030097 0.35306734
v 0.06960835 -0.25064501 0.35299990
v 0.06593655 -0.25532597 0.35315242
v 0.06436148 -0.25034186 0.35333735
v 0.06393999 -0.25510839 0.35341439
v 0.06201768 -0.25002271 0.35385948
v 0.06153412 -0.25448221 0.35400805
v 0.06055988 -0.24945113 0.35433787
v 0.05975922 -0.25411436 0.35468814
v 0.05924426 -0.24939205 0.35492894
v 0.05809536 -0.25349388 0.35559332
v 0.05753325 -0.24890104 0.35595047
v 0.05665595 -0.25304922 0.35666406
v 0.05559937 -0.24753372 0.35771570
v 0.05527281 -0.25191954 0.35810262
v 0.05423716 -0.24606138 0.35951805
v 0.05422734 -0.25089973 0.35956174
v 0.05331105 -0.25004014 0.36123088
v 0.05310410 -0.24476510 0.36169344
v 0.05252860 -0.24858904 0.36313438
v 0.05224350 -0.24317764 0.36396545
v 0.05195902 -0.24759501 0.36495686
v 0.11489175 -0.06127209 0.35299602
v 0.11031107 -0.05761088 0.35299629
v 0.11798498 -0.05758706 0.35300085
v 0.11860361 -0.24749152 0.35300678
v 0.11310749 -0.24652252 0.35299504
v 0.11587180 -0.24343109 0.35299423
v 0.10937246 -0.24895674 0.35299850
v 0.11227870 -0.05277549 0.35299450
v 0.11370298 -0.25207067 0.35300478
v 0.11702212 -0.06445980 0.35299134
v 0.10766107 -0.05124243 0.35300151
v 0.12140083 -0.24261180 0.35300189
v 0.10860200 -0.25441414 0.35300112
v 0.12173697 -0.06463543 0.35300109
v 0.10373373 -0.25535929 0.35299736
v 0.10291457 -0.05545525 0.35299721
v 0.11786997 -0.23937705 0.35299271
v 0.10213933 -0.25054076 0.35299563
v 0.10373726 -0.05062021 0.35299700
v 0.11876347 -0.06912442 0.35299590
v 0.12236227 -0.06912360 0.35300043
v 0.12259988 -0.23627806 0.35299951
v 0.11937277 -0.07342278 0.35299921
v 0.11938313 -0.23240906 0.35299921
v -0.06243922 -0.06975204 0.35283342
v -0.06206715 -0.07022650 0.35295236
v -0.06198815 -0.06530263 0.35278326
v -0.06028039 -0.06106894 0.35284272
v -0.04726188 -0.05063992 0.35279524
v -0.06291080 -0.06949492 0.35254332
v -0.04331750 -0.04997063 0.35273656
v 0.10462578 -0.04991226 0.35270065
v 0.12376611 -0.07014515 0.35249585
v 0.11485413 -0.05387560 0.35283366
v 0.12092022 -0.06112992 0.35291421
v 0.12283804 -0.06665755 0.35288993
v 0.12330161 -0.06996701 0.35279992
v 0.12286304 -0.06995644 0.35295954
v 0.10707623 -0.25554419 0.35281441
v 0.11849085 -0.24891545 0.35279900
v 0.11154837 -0.25391430 0.35288009
v 0.10366942 -0.25617853 0.35264868
v 0.12351162 -0.23608348 0.35268885
v 0.12285883 -0.23761037 0.35296586
v -0.04998730 -0.25459054 0.35272968
v -0.05341497 -0.25243238 0.35288867
v -0.05859492 -0.24772680 0.35280949
v -0.06223698 -0.23785664 0.35290670
v -0.06049931 -0.24428619 0.35285556
v -0.06271031 -0.23599342 0.35269040
v -0.04288428 -0.25585145 0.35283720
v 0.06865479 -0.04959183 0.35244936
v 0.06942859 -0.05001429 0.35276249
v 0.06496087 -0.05013898 0.35299245
v 0.05884055 -0.05079097 0.35448468
v 0.05700598 -0.05213904 0.35610089
v 0.05477929 -0.05266180 0.35766101
v 0.05441828 -0.05395535 0.35890597
v 0.05347350 -0.05415728 0.35986477
v 0.05245122 -0.05599795 0.36242923
v 0.05126084 -0.05617969 0.36377066
v 0.05083694 -0.05832898 0.36690244
v 0.05033632 -0.05820191 0.36721140
v 0.05112536 -0.05910740 0.36737576
v 0.01071117 -0.05875339 0.36823878
v 0.00993530 -0.05889552 0.36760920
v 0.00939560 -0.05910441 0.36672163
v 0.00891320 -0.05598243 0.36302626
v 0.00844310 -0.05651291 0.36302137
v 0.00735910 -0.05443538 0.36010903
v 0.00749450 -0.05357695 0.35931355
v 0.00550032 -0.05306200 0.35769364
v 0.00301814 -0.05122141 0.35511991
v -0.00347510 -0.05036340 0.35316417
v -0.00492977 -0.04974649 0.35266709
v -0.00840702 -0.04994172 0.35272542
v -0.00654874 -0.25619972 0.35262954
v -0.00849716 -0.25583583 0.35282972
v -0.00382074 -0.25574940 0.35307181
v 0.00081527 -0.25524244 0.35417807
v 0.00641569 -0.25312489 0.35804000
v 0.00591633 -0.25242007 0.35826293
v 0.00804818 -0.25144187 0.36076015
v 0.00830306 -0.24999952 0.36236054
v 0.01007929 -0.24829467 0.36618400
v 0.01069482 -0.24752939 0.36778373
v 0.00976177 -0.24687389 0.36758310
v 0.05027562 -0.24807084 0.36685026
v 0.05036540 -0.24673937 0.36873785
v 0.05115421 -0.24734126 0.36682221
v 0.05105749 -0.24579215 0.36862773
v 0.05303130 -0.25127172 0.36074474
v 0.05529970 -0.25306824 0.35756356
v 0.05436282 -0.25322360 0.35790196
v 0.05858421 -0.25458592 0.35501987
v 0.06182213 -0.25547084 0.35365379
v 0.05214550 -0.24943569 0.36334503
v 0.06695718 -0.25643533 0.35243207
v 0.05870873 -0.25528455 0.35442209
v 0.05139743 -0.24990374 0.36356533
v 0.06895508 -0.25602856 0.35274243
v 0.01432590 -0.08175050 0.39471182
v 0.01489789 -0.08527707 0.39811832
v 0.01534226 -0.09744297 0.39445797
v 0.01534304 -0.20940022 0.39446825
v 0.01983163 -0.11324697 0.38661313
v 0.02167612 -0.10947496 0.38399261
v 0.01865215 -0.11276267 0.38713059
v 0.01914332 -0.10980766 0.38623035
v 0.01802825 -0.11214328 0.38788217
v 0.02033921 -0.10877690 0.38482931
v 0.01990752 -0.11160283 0.38595092
v 0.02175417 -0.10754823 0.38349751
v 0.02133050 -0.10276248 0.38386270
v 0.01847833 -0.11551656 0.38758439
v 0.01803972 -0.11684575 0.38800156
v 0.01937984 -0.11612491 0.38714594
v 0.01891695 -0.11680711 0.38731301
v 0.01753999 -0.11598415 0.38873801
v 0.02004356 -0.11699555 0.38702223
v 0.03330324 -0.10531354 0.38059482
v 0.03006043 -0.10545231 0.38027298
v 0.03137309 -0.10478794 0.38029656
v 0.03417199 -0.10702451 0.38119167
v 0.03465807 -0.10575981 0.38099527
v 0.03839793 -0.10684556 0.38297582
v 0.03642098 -0.10668889 0.38175246
v 0.03908015 -0.10890789 0.38374913
v 0.03671791 -0.10807844 0.38235837
v 0.02330029 -0.10712998 0.38237795
v 0.02500974 -0.10739195 0.38174254
v 0.02868402 -0.10667661 0.38078490
v 0.02808231 -0.10526241 0.38047373
v 0.02676358 -0.10600287 0.38080120
v 0.02510858 -0.10595480 0.38139948
v 0.02389553 -0.10191266 0.38202354
v 0.03945103 -0.11047901 0.38473710
v 0.04125222 -0.11667101 0.38709885
v 0.04158658 -0.11470345 0.38705930
v 0.04195821 -0.11692782 0.38734829
v 0.04177857 -0.11221343 0.38671234
v 0.04111265 -0.11283524 0.38651308
v 0.04253749 -0.11610245 0.38776362
v 0.04277415 -0.11260579 0.38788405
v 0.04296622 -0.11691892 0.38827154
v 0.04334535 -0.11609608 0.38889721
v 0.04022598 -0.10857884 0.38457134
v 0.04175637 -0.10991095 0.38636646
v 0.04120376 -0.19046491 0.38708943
v 0.04145033 -0.18885800 0.38715473
v 0.04198969 -0.18903922 0.38736483
v 0.04248697 -0.18945044 0.38772234
v 0.04268587 -0.19047152 0.38791925
v 0.04316631 -0.19050427 0.38856182
v 0.03803986 -0.19763882 0.38296068
v 0.03995707 -0.19498822 0.38525516
v 0.04136615 -0.19483641 0.38611111
v 0.04080987 -0.19752151 0.38520271
v 0.04181389 -0.19545643 0.38644791
v 0.03954506 -0.19809116 0.38392967
v 0.04190825 -0.19161230 0.38719743
v 0.02141599 -0.19501905 0.38506177
v 0.02262961 -0.19690134 0.38341287
v 0.02283787 -0.19802852 0.38279974
v 0.02515198 -0.19846167 0.38178527
v 0.02758837 -0.19972239 0.38073105
v 0.02509648 -0.19973543 0.38140246
v 0.02810506 -0.20092005 0.38046676
v 0.02605002 -0.20067249 0.38101721
v 0.02957871 -0.20070650 0.38029718
v 0.02162824 -0.19857870 0.38359812
v 0.02326423 -0.19958667 0.38239020
v 0.03602622 -0.19953191 0.38156605
v 0.03404007 -0.19933207 0.38099352
v 0.03782525 -0.19931345 0.38257191
v 0.02987258 -0.19960558 0.38057187
v 0.03137451 -0.20086166 0.38029560
v 0.03323197 -0.20072879 0.38058367
v 0.03478008 -0.20050316 0.38103101
v 0.03350516 -0.20632535 0.38065386
v 0.01963675 -0.18969655 0.38708043
v 0.01923683 -0.19304730 0.38672805
v 0.01826342 -0.19450487 0.38748571
v 0.01873886 -0.19262032 0.38716483
v 0.01806623 -0.18977423 0.38797113
v 0.01902046 -0.18940531 0.38726839
v 0.01855566 -0.18921554 0.38752660
v 0.01754184 -0.18999939 0.38873163
v 0.02022750 -0.19517654 0.38544214
v 0.02045345 -0.19688293 0.38472641
v 0.01938399 -0.19634299 0.38593227
v 0.04545791 -0.20840111 0.39447889
v 0.04545798 -0.09746875 0.39449626
v 0.04606580 -0.08403562 0.39715526
v 0.04691050 -0.07999786 0.39226916
v 0.10162012 -0.24982931 0.35285529
v 0.06890766 -0.24985848 0.35286427
v 0.10208546 -0.24931844 0.35267809
v 0.06902448 -0.24920766 0.35262927
v 0.06922937 -0.24838960 0.35213640
v 0.10190477 -0.24870074 0.35234183
v 0.10129863 -0.24818008 0.35192806
v -0.04082011 -0.05617068 0.35285527
v -0.00762578 -0.05626862 0.35283098
v -0.04128551 -0.05668157 0.35267812
v -0.00767965 -0.05687431 0.35258573
v -0.00830690 -0.05761858 0.35212842
v -0.04110477 -0.05729922 0.35234177
v -0.04049863 -0.05781992 0.35192806
v 0.04547684 -0.21244955 0.39426810
v 0.04556649 -0.21531172 0.39385179
v 0.04574038 -0.21747620 0.39287984
v 0.04604917 -0.21933459 0.39113551
v 0.04666231 -0.22177102 0.38767937
v 0.01406976 -0.22196643 0.38723627
v 0.01473624 -0.21941061 0.39103806
v 0.01502548 -0.21771587 0.39266440
v 0.01522174 -0.21555899 0.39374289
v 0.01530233 -0.21330553 0.39419141
v 0.06520492 -0.24908997 0.35281754
v 0.06559595 -0.24815273 0.35209873
v 0.06270275 -0.24802265 0.35269955
v 0.06232267 -0.24898697 0.35343468
v 0.06072077 -0.24768725 0.35326484
v 0.05825679 -0.24788159 0.35507849
v 0.05909270 -0.24709377 0.35370618
v 0.05758823 -0.24678993 0.35488945
v 0.05639025 -0.24665512 0.35630381
v 0.05603376 -0.24492340 0.35443148
v 0.05512768 -0.24582252 0.35764727
v 0.05369476 -0.24456963 0.35987419
v 0.05412532 -0.24376301 0.35706881
v 0.05263579 -0.24329863 0.36232913
v 0.05265079 -0.24166955 0.35947329
v 0.04737835 -0.22409305 0.38358927
v 0.04776532 -0.22536173 0.38140061
v 0.04866311 -0.22830659 0.37632030
v 0.05020031 -0.23333354 0.36761725
v -0.04064643 -0.24875224 0.35238120
v -0.04028519 -0.24816151 0.35190991
v -0.00830061 -0.24830273 0.35204977
v -0.00797088 -0.24901852 0.35254246
v -0.04145572 -0.24934930 0.35269648
v -0.00733924 -0.24990740 0.35287932
v -0.04120978 -0.25007662 0.35291681
v -0.05789933 -0.23224412 0.35291478
v -0.05816982 -0.07288695 0.35295805
v -0.05762712 -0.07328939 0.35283938
v -0.05705148 -0.23283729 0.35262257
v -0.05709006 -0.07378574 0.35263988
v -0.05655122 -0.23261823 0.35234013
v -0.05654820 -0.07371323 0.35233891
v -0.05604310 -0.23304363 0.35195240
v -0.05606338 -0.07395086 0.35196295
v -0.05592800 -0.23181599 0.35182801
v -0.05625119 -0.07110944 0.35229057
v -0.05237689 -0.06081542 0.35278741
v -0.05061169 -0.06042938 0.35237265
v -0.05191430 -0.06164975 0.35230997
v -0.04815071 -0.05906496 0.35231265
v -0.04928213 -0.05976765 0.35224199
v -0.04455162 -0.05786452 0.35231683
v -0.04247079 -0.05787419 0.35202023
v -0.05570815 -0.06781787 0.35239726
v -0.05583761 -0.06966773 0.35213292
v -0.05621864 -0.06692370 0.35272601
v -0.05507468 -0.06648796 0.35227370
v -0.05450430 -0.06510901 0.35232368
v -0.05348685 -0.06282230 0.35258242
v -0.05378624 -0.06385157 0.35233414
v -0.04930944 -0.05836993 0.35285017
v -0.04631874 -0.05846530 0.35221395
v -0.05574802 -0.06434453 0.35290581
v -0.04210218 -0.24817364 0.35202348
v -0.04403098 -0.24808334 0.35218674
v -0.04520738 -0.24865258 0.35266915
v -0.04568142 -0.24767111 0.35217285
v -0.04735595 -0.24731538 0.35233757
v -0.05380041 -0.24228382 0.35239792
v -0.05525588 -0.23913029 0.35229030
v -0.05439958 -0.24082057 0.35222828
v -0.05592619 -0.23705472 0.35233352
v -0.05590722 -0.23512438 0.35201582
v -0.05025517 -0.24698095 0.35282069
v -0.04917311 -0.24636966 0.35228547
v -0.05066816 -0.24547315 0.35234296
v -0.05186555 -0.24444599 0.35233513
v -0.05286944 -0.24380377 0.35253340
v -0.05534734 -0.24141313 0.35279065
v -0.05311421 -0.24508248 0.35290042
v -0.05711966 -0.23647454 0.35280186
v 0.03725885 -0.21122807 0.38213533
v 0.03645101 -0.20825113 0.38177249
v 0.03489091 -0.20922567 0.38107011
v 0.05272458 -0.24114226 0.35138592
v 0.05479947 -0.24235231 0.35263091
v 0.05392814 -0.24163385 0.35375020
v 0.04575913 -0.22149968 0.38502946
v 0.01581552 -0.21492369 0.39164880
v 0.01465692 -0.22198093 0.38501319
v 0.01326168 -0.22461908 0.38268849
v 0.00413722 -0.24340115 0.35105440
v 0.00249616 -0.24399437 0.35019585
v 0.00619876 -0.24194218 0.34944209
v 0.04801062 -0.22835796 0.37503287
v 0.04932153 -0.23265103 0.36775792
v 0.05425862 -0.24191701 0.35016128
v 0.05533988 -0.24223170 0.34908465
v 0.05839670 -0.24404103 0.35014179
v 0.05636991 -0.24325381 0.35125992
v 0.05020873 -0.23711470 0.35961524
v 0.05187199 -0.23872805 0.35851520
v 0.05095067 -0.23594660 0.36315128
v 0.05009908 -0.23846710 0.35621741
v 0.05022652 -0.23921713 0.35411543
v 0.05268699 -0.24019247 0.35610166
v 0.04706618 -0.22960921 0.37106434
v 0.04820019 -0.23305249 0.36548638
v 0.04574863 -0.23504515 0.35899216
v 0.04755780 -0.23737992 0.35552973
v 0.04839162 -0.23582800 0.36008009
v 0.05319124 -0.24085094 0.35496944
v 0.04561306 -0.23617642 0.35635865
v 0.04509833 -0.23701066 0.35367662
v 0.05070470 -0.24013221 0.34999990
v 0.05004428 -0.23963064 0.35170358
v 0.04800662 -0.23897848 0.34949046
v 0.04693818 -0.23830533 0.35154390
v 0.04662131 -0.23390326 0.36213759
v 0.04210154 -0.23653392 0.35215291
v 0.04433020 -0.23761639 0.35041812
v 0.04160719 -0.23708852 0.34943309
v 0.03626760 -0.23474360 0.35393286
v 0.03723113 -0.23312920 0.35785928
v 0.03430039 -0.23387171 0.35544235
v 0.03858721 -0.23445818 0.35553238
v 0.03773962 -0.23563549 0.35209879
v 0.03304474 -0.23222275 0.35862711
v 0.03528447 -0.23174877 0.36001113
v 0.03350356 -0.23521598 0.35192642
v 0.03268304 -0.23600082 0.34915170
v 0.03550126 -0.23617026 0.34933022
v 0.03247433 -0.23030207 0.36215490
v 0.03071430 -0.23554526 0.35054481
v 0.03853294 -0.23641181 0.34988230
v 0.01216635 -0.23061062 0.37102801
v 0.01331218 -0.22672647 0.37754190
v 0.01185837 -0.22922391 0.37475240
v 0.01167645 -0.23330806 0.36588597
v 0.01027636 -0.23439828 0.36576793
v 0.00956824 -0.23700516 0.36135486
v 0.01066138 -0.23606811 0.36162135
v 0.03113394 -0.23289520 0.35709333
v 0.03317665 -0.22871225 0.36506251
v 0.03264165 -0.22711647 0.36766526
v 0.03131451 -0.23460716 0.35325918
v 0.02759250 -0.23545291 0.35100046
v 0.02398059 -0.23553769 0.35162356
v 0.02480923 -0.23433244 0.35454217
v 0.02204558 -0.23523614 0.35328838
v 0.02456897 -0.23610628 0.34942791
v 0.01570124 -0.23595752 0.35586423
v 0.01618101 -0.23684064 0.35313544
v 0.01809551 -0.23656617 0.35211295
v 0.01632794 -0.23760426 0.34995309
v 0.01304034 -0.23532407 0.36004347
v 0.01143207 -0.23751734 0.35730049
v 0.00897280 -0.23861179 0.35866094
v 0.00983723 -0.23880273 0.35659859
v 0.01138253 -0.23873219 0.35394520
v 0.01382189 -0.23757151 0.35378554
v 0.01294148 -0.23686004 0.35682598
v 0.01111710 -0.23951128 0.35072389
v 0.01408444 -0.23838365 0.34945577
v 0.01299649 -0.23854551 0.35138041
v 0.00943738 -0.23996839 0.35361800
v 0.00817494 -0.24010140 0.35625237
v 0.00700744 -0.24152555 0.35401124
v 0.00837957 -0.24084254 0.35238904
v 0.00583288 -0.24246024 0.35245636
v 0.00678740 -0.24185871 0.35118279
v 0.00964496 -0.24026656 0.35007259
v 0.03057317 -0.20870073 0.38026595
v 0.02857411 -0.20812516 0.38039652
v 0.02972013 -0.21113095 0.38022599
v 0.02324339 -0.20839567 0.38241231
v 0.02271043 -0.21040830 0.38271821
v 0.02424866 -0.20992438 0.38182527
v 0.02176522 -0.20833436 0.38348603
v 0.02155474 -0.21287744 0.38331565
v 0.02269050 -0.21316634 0.38238740
v 0.02092853 -0.21123551 0.38412732
v 0.02062429 -0.21551250 0.38317293
v 0.02041188 -0.20911120 0.38475096
v 0.02017759 -0.21378119 0.38432518
v 0.01932017 -0.20902750 0.38602319
v 0.01920072 -0.21241769 0.38584012
v 0.01910380 -0.21604121 0.38444912
v 0.01856335 -0.21812969 0.38345882
v 0.01813835 -0.21504778 0.38633719
v 0.01825942 -0.21122879 0.38738346
v 0.01833748 -0.20837514 0.38738829
v 0.01781629 -0.21756560 0.38499945
v 0.03038222 -0.22210550 0.37467128
v 0.02930864 -0.22368094 0.37270519
v 0.03254143 -0.22247621 0.37437254
v 0.03216309 -0.22461288 0.37150288
v 0.03025945 -0.22551712 0.37003541
v 0.02941200 -0.22778940 0.36639589
v 0.02866208 -0.23078598 0.36113325
v 0.02681192 -0.23255043 0.35792288
v 0.02807038 -0.23402400 0.35463253
v 0.02780456 -0.22578742 0.36974785
v 0.02713654 -0.22183219 0.37520021
v 0.02675338 -0.22397932 0.37255636
v 0.02577876 -0.22856827 0.36540711
v 0.02991882 -0.21918865 0.37745401
v 0.03152229 -0.22092137 0.37597945
v 0.03257888 -0.21985272 0.37707725
v 0.02912059 -0.22048126 0.37641522
v 0.02548365 -0.22609249 0.36962640
v 0.02455436 -0.23050955 0.36222753
v 0.02562911 -0.22324139 0.37375951
v 0.03163160 -0.21796501 0.37834856
v 0.02311970 -0.22315179 0.37462845
v 0.02354136 -0.22552876 0.37102634
v 0.02493730 -0.22090001 0.37672731
v 0.02227509 -0.22658454 0.36978248
v 0.02136912 -0.23391336 0.35668084
v 0.02750687 -0.21960181 0.37737304
v 0.02234871 -0.23232210 0.35946339
v 0.03137009 -0.21391115 0.37992075
v 0.02961683 -0.21614125 0.37921238
v 0.03225454 -0.21647769 0.37918511
v 0.02701385 -0.21772283 0.37879199
v 0.02940354 -0.21784031 0.37840331
v 0.02488991 -0.21958816 0.37798616
v 0.02236849 -0.22013323 0.37852356
v 0.02202651 -0.22194116 0.37666810
v 0.01846888 -0.22292115 0.37767297
v 0.02007586 -0.22436614 0.37440234
v 0.02009195 -0.22715223 0.36981490
v 0.02183067 -0.22987540 0.36424768
v 0.02059317 -0.23617326 0.35131112
v 0.01909126 -0.23270319 0.36029819
v 0.01973064 -0.22935236 0.36615929
v 0.02096105 -0.23669674 0.34895566
v 0.01851590 -0.23710333 0.34938276
v 0.01807921 -0.23455571 0.35715657
v 0.01946859 -0.23549494 0.35404587
v 0.01789209 -0.22445166 0.37580600
v 0.01785864 -0.22778828 0.37018970
v 0.02930860 -0.21419293 0.37984723
v 0.02463770 -0.21803898 0.37925991
v 0.01600422 -0.23507196 0.35764143
v 0.02020550 -0.22059894 0.37937832
v 0.01696896 -0.23209803 0.36282426
v 0.02562468 -0.21651319 0.37979233
v 0.01654985 -0.22553943 0.37527004
v 0.01647508 -0.22865696 0.36971700
v 0.02320443 -0.21791278 0.37997875
v 0.01658846 -0.22308469 0.37940139
v 0.01506810 -0.22758102 0.37315017
v 0.01480455 -0.23049928 0.36777115
v 0.02656648 -0.21516085 0.38005361
v 0.01451656 -0.23343056 0.36229968
v 0.01563345 -0.21730889 0.39037424
v 0.01520128 -0.21959347 0.38832474
v 0.01604989 -0.21215239 0.39184612
v 0.01653754 -0.21982361 0.38447472
v 0.01685484 -0.21751399 0.38674727
v 0.01798026 -0.21365260 0.38725641
v 0.01774343 -0.20909393 0.38837358
v 0.01716641 -0.21219148 0.38915557
v 0.01680188 -0.21507023 0.38886884
v 0.01705899 -0.20829600 0.38967329
v 0.01598055 -0.21945386 0.38620153
v 0.01633243 -0.21722437 0.38825962
v 0.01666850 -0.20988861 0.39053237
v 0.01579626 -0.22148083 0.38322410
v 0.02041355 -0.21742322 0.38213110
v 0.02277480 -0.21495716 0.38175961
v 0.02425987 -0.21284363 0.38151956
v 0.01760608 -0.22037634 0.38213634
v 0.02546830 -0.20950471 0.38125014
v 0.02577651 -0.21300364 0.38085070
v 0.01519865 -0.22321182 0.38121307
v 0.02713745 -0.20929843 0.38068947
v 0.02354162 -0.21600138 0.38088781
v 0.02821928 -0.21216746 0.38031781
v 0.01593008 -0.20859739 0.39246988
v 0.01631527 -0.20779724 0.39139766
v 0.01498383 -0.22530258 0.37761974
v 0.01859738 -0.22072867 0.38057014
v 0.01970182 -0.21865021 0.38176337
v 0.03198434 -0.21200112 0.38023692
v 0.01353000 -0.22894248 0.37247220
v 0.02175735 -0.21809848 0.38065618
v 0.02713249 -0.21348353 0.38033444
v 0.01322061 -0.23223509 0.36606750
v 0.01552619 -0.20781074 0.39379096
v 0.04498726 -0.21493824 0.39179799
v 0.04521988 -0.21699354 0.39106721
v 0.04526942 -0.21840960 0.38934454
v 0.04497616 -0.20855682 0.39279258
v 0.04456731 -0.20816715 0.39161241
v 0.04444860 -0.21210264 0.39109573
v 0.04413823 -0.20797914 0.39054477
v 0.04369863 -0.21019378 0.38958892
v 0.04145113 -0.20851098 0.38597807
v 0.04180242 -0.21138753 0.38630649
v 0.04240435 -0.20963728 0.38730168
v 0.04007575 -0.20972267 0.38441271
v 0.04041073 -0.20784567 0.38477406
v 0.04320489 -0.20903493 0.38863468
v 0.04413504 -0.21452084 0.38959971
v 0.04324298 -0.21360075 0.38810110
v 0.03814062 -0.20845754 0.38279751
v 0.03949529 -0.21192093 0.38368544
v 0.04195856 -0.21333690 0.38607040
v 0.03312407 -0.21074012 0.38052046
v 0.03193158 -0.20810130 0.38036332
v 0.04571450 -0.22012942 0.38781124
v 0.04442577 -0.21637598 0.38910803
v 0.04475536 -0.21947205 0.38616222
v 0.04692828 -0.22544022 0.37933248
v 0.04558347 -0.22288162 0.38196126
v 0.04411017 -0.21767901 0.38704950
v 0.04362061 -0.21608126 0.38751549
v 0.04629881 -0.22683398 0.37554380
v 0.04500538 -0.22396593 0.37910298
v 0.04387386 -0.22041611 0.38310888
v 0.04256245 -0.22294919 0.37802294
v 0.04085379 -0.22098055 0.37922764
v 0.03994795 -0.22216609 0.37716138
v 0.04201037 -0.21954724 0.38185188
v 0.04100530 -0.21795282 0.38234749
v 0.03955917 -0.21792515 0.38120490
v 0.04043866 -0.21634303 0.38299549
v 0.03847467 -0.21552834 0.38185468
v 0.03897640 -0.21383859 0.38285598
v 0.04057811 -0.21441634 0.38407099
v 0.03900641 -0.22054647 0.37849924
v 0.04257872 -0.22138141 0.38023922
v 0.03994132 -0.21921301 0.38035652
v 0.04313127 -0.23572430 0.35529587
v 0.04413012 -0.23173559 0.36424476
v 0.04409710 -0.22198254 0.38115913
v 0.04297285 -0.21704738 0.38559648
v 0.04329097 -0.21899617 0.38405666
v 0.04558106 -0.23042822 0.36793023
v 0.04468871 -0.22481376 0.37724882
v 0.04091023 -0.23557954 0.35407612
v 0.04212397 -0.21479319 0.38576955
v 0.04069569 -0.23066503 0.36400577
v 0.04287974 -0.23354292 0.35987484
v 0.04400684 -0.22593106 0.37468055
v 0.04269797 -0.22747895 0.37090880
v 0.04194399 -0.21682265 0.38430479
v 0.04094338 -0.23269941 0.36038819
v 0.04082900 -0.22859223 0.36782536
v 0.04143247 -0.22405718 0.37555704
v 0.04039127 -0.23400146 0.35742426
v 0.04111885 -0.22539155 0.37330312
v 0.03816650 -0.23149569 0.36137453
v 0.03891110 -0.22501306 0.37273738
v 0.03924828 -0.22335239 0.37524438
v 0.03525149 -0.21531121 0.38034445
v 0.03326051 -0.21372166 0.38019556
v 0.03373822 -0.21593952 0.37967676
v 0.03518325 -0.21149041 0.38108772
v 0.03590034 -0.21400438 0.38099223
v 0.03607890 -0.21775608 0.37945607
v 0.03450460 -0.21821037 0.37867627
v 0.03849464 -0.22736289 0.36879790
v 0.03716265 -0.21968850 0.37841454
v 0.03747423 -0.21693452 0.38057408
v 0.03660375 -0.22953348 0.36439610
v 0.03707402 -0.22184066 0.37620768
v 0.03711129 -0.21339713 0.38170889
v 0.03721059 -0.22455266 0.37273377
v 0.03488151 -0.22132105 0.37610978
v 0.03572869 -0.22596604 0.37011960
v 0.03539386 -0.22802468 0.36668122
v 0.03430480 -0.21932361 0.37781596
v 0.03439546 -0.22354525 0.37332761
v 0.00959363 -0.23861696 0.36527610
v 0.00748908 -0.24404649 0.36059445
v 0.00859311 -0.24136509 0.36158663
v 0.00658161 -0.24506490 0.35894105
v 0.00507977 -0.24600042 0.35663599
v 0.00629787 -0.24405131 0.35646594
v 0.00244283 -0.24730654 0.35461527
v 0.00009393 -0.24775016 0.35333490
v 0.00223705 -0.24627231 0.35313001
v -0.00467718 -0.24826413 0.35224482
v -0.00582290 -0.24744013 0.35127932
v -0.00212304 -0.24806014 0.35266402
v -0.00349520 -0.24905600 0.35294947
v 0.00371059 -0.24654949 0.35521740
v 0.00342960 -0.24773833 0.35581332
v 0.00107425 -0.24842682 0.35433567
v -0.00093240 -0.24913032 0.35371765
v -0.00401940 -0.24977948 0.35315639
v 0.00514934 -0.24455698 0.35458148
v 0.00386142 -0.24497715 0.35311958
v -0.00222579 -0.24620120 0.35052615
v 0.00019078 -0.24550337 0.35063800
v 0.00140784 -0.24569693 0.35164419
v -0.00029242 -0.24466759 0.34931973
v 0.00723633 -0.24286897 0.35750481
v 0.00796318 -0.24184178 0.35881108
v -0.00585878 -0.24561216 0.34936103
v -0.00376044 -0.05681421 0.35298866
v -0.00222600 -0.05813280 0.35241568
v -0.00524236 -0.05775917 0.35216206
v -0.00125787 -0.05749530 0.35329437
v 0.00081114 -0.05858187 0.35339612
v 0.00097671 -0.05772191 0.35422105
v 0.00298497 -0.05810115 0.35545677
v 0.00251205 -0.05879739 0.35462371
v 0.00424604 -0.05956493 0.35579580
v 0.00410234 -0.06074319 0.35387823
v 0.00560415 -0.06010677 0.35760570
v 0.00711234 -0.06138460 0.35990900
v 0.00688703 -0.06237549 0.35760242
v 0.00763500 -0.06373992 0.35805386
v 0.10173155 -0.05715246 0.35243726
v 0.10108519 -0.05783850 0.35190994
v 0.06923620 -0.05761972 0.35212645
v 0.06886479 -0.05677593 0.35263658
v 0.10136767 -0.05618680 0.35286388
v 0.06830648 -0.05609843 0.35287762
v 0.11869933 -0.07375588 0.35291478
v 0.11896982 -0.23311305 0.35295805
v 0.11842712 -0.23271061 0.35283938
v 0.11785148 -0.07316270 0.35262257
v 0.11789006 -0.23221426 0.35263988
v 0.11735122 -0.07338177 0.35234013
v 0.11734819 -0.23228665 0.35233891
v 0.11684310 -0.07295637 0.35195240
v 0.11686338 -0.23204912 0.35196295
v 0.11672800 -0.07418400 0.35182801
v 0.11705120 -0.23489055 0.35229057
v 0.11202627 -0.24541998 0.35255182
v 0.10895072 -0.24693504 0.35231265
v 0.11008213 -0.24623235 0.35224199
v 0.10535162 -0.24813548 0.35231683
v 0.10327078 -0.24812581 0.35202023
v 0.11650815 -0.23818219 0.35239726
v 0.11663760 -0.23633227 0.35213292
v 0.11591797 -0.24147183 0.35273579
v 0.11587468 -0.23951206 0.35227370
v 0.11530430 -0.24089098 0.35232368
v 0.11415691 -0.24271537 0.35230640
v 0.11386219 -0.24461076 0.35280710
v 0.11271430 -0.24435024 0.35230997
v 0.11010944 -0.24763007 0.35285017
v 0.10711874 -0.24753471 0.35221395
v 0.11798786 -0.23684934 0.35285735
v 0.10666987 -0.24912515 0.35288164
v 0.10290218 -0.05782636 0.35202348
v 0.10479767 -0.05789806 0.35219768
v 0.11439326 -0.06231365 0.35272512
v 0.11602484 -0.06486873 0.35271934
v 0.11447280 -0.06377201 0.35229844
v 0.11519958 -0.06517942 0.35222828
v 0.11599454 -0.06703099 0.35220191
v 0.11672618 -0.06894528 0.35233352
v 0.11670722 -0.07087561 0.35201585
v 0.10665111 -0.05806262 0.35241541
v 0.10911999 -0.05791799 0.35284278
v 0.10805404 -0.05881344 0.35221505
v 0.10962943 -0.05937465 0.35233486
v 0.11247079 -0.05983655 0.35287240
v 0.11074623 -0.06003005 0.35233319
v 0.11215639 -0.06110787 0.35232866
v 0.11327250 -0.06228422 0.35228038
v 0.10478133 -0.05655386 0.35285920
v 0.11791965 -0.06952545 0.35280186
v 0.05384009 -0.06125500 0.35964936
v 0.05308703 -0.06338133 0.35906336
v 0.05511917 -0.06018612 0.35761163
v 0.05515429 -0.05967157 0.35797966
v 0.05641479 -0.05877159 0.35660714
v 0.05676402 -0.05948578 0.35559550
v 0.05807512 -0.05870796 0.35492739
v 0.05951556 -0.05844128 0.35392460
v 0.06154938 -0.05725984 0.35361442
v 0.06205354 -0.05811939 0.35278562
v 0.06407863 -0.05770753 0.35254464
v 0.06502461 -0.05671795 0.35293919
v 0.06676262 -0.05774667 0.35210392
v -0.00137755 -0.06041497 0.35008338
v -0.00022372 -0.06021271 0.35076669
v 0.00582492 -0.06182992 0.35540393
v 0.00878695 -0.06540951 0.36151570
v 0.00822372 -0.06450983 0.35961074
v 0.00946421 -0.06697942 0.36461285
v 0.01036295 -0.07189038 0.36626744
v 0.00760695 -0.06513293 0.35498506
v 0.00636422 -0.06389284 0.35308111
v 0.00864202 -0.06667966 0.35753065
v 0.00959898 -0.06911925 0.36157665
v 0.00332576 -0.06226708 0.35065725
v 0.00459282 -0.06282570 0.35137606
v 0.00145467 -0.06033325 0.35164481
v 0.00148592 -0.06173329 0.34978628
v -0.00426192 -0.06163418 0.34811568
v -0.00511281 -0.06006422 0.34977633
v -0.00305140 -0.06031002 0.34977889
v 0.01188933 -0.07689101 0.37489480
v 0.01255952 -0.07908466 0.37870574
v 0.01349334 -0.08213329 0.38401514
v 0.01530232 -0.09235734 0.39418933
v 0.01504980 -0.08841129 0.39265513
v 0.01478142 -0.08683949 0.39126649
v 0.01436358 -0.08504733 0.38890564
v 0.04494033 -0.09683590 0.39268702
v 0.01768535 -0.09744408 0.38847402
v 0.01708400 -0.09779299 0.38962278
v 0.01864515 -0.09689277 0.38692400
v 0.02001005 -0.09765703 0.38517061
v 0.02280275 -0.09782151 0.38270456
v 0.02507274 -0.09699735 0.38141063
v 0.02670899 -0.09575426 0.38080624
v 0.02798629 -0.09728280 0.38049725
v 0.02937996 -0.09656596 0.38031048
v 0.03089736 -0.09762675 0.38027617
v 0.03246788 -0.09636234 0.38043833
v 0.03382983 -0.09758658 0.38072681
v 0.03561568 -0.09719428 0.38137415
v 0.03666497 -0.09588263 0.38187590
v 0.03800597 -0.09678283 0.38271388
v 0.03915833 -0.09707954 0.38359433
v 0.03978165 -0.09819726 0.38414973
v 0.04030408 -0.09569019 0.38464856
v 0.04162051 -0.09772462 0.38619944
v 0.04238821 -0.09697003 0.38726923
v 0.04357469 -0.09806033 0.38933119
v 0.01577967 -0.09676940 0.39294162
v 0.01612492 -0.09813575 0.39190269
v 0.01653254 -0.09756463 0.39085129
v 0.04413764 -0.09765510 0.39054382
v 0.04457022 -0.09787723 0.39162254
v 0.04520951 -0.09801794 0.39356339
v 0.04671431 -0.08407483 0.38736594
v 0.04616350 -0.08612677 0.39044100
v 0.04570015 -0.08885454 0.39303148
v 0.04554777 -0.09106983 0.39389807
v 0.04547681 -0.09353192 0.39432532
v 0.04736403 -0.08194766 0.38368523
v 0.05105414 -0.06788354 0.36615431
v 0.05029090 -0.07237545 0.36710346
v 0.04860932 -0.07786766 0.37662959
v 0.05460474 -0.06379362 0.35296574
v 0.05376557 -0.06450652 0.35405415
v 0.05232212 -0.06440299 0.36132437
v 0.05386943 -0.06264824 0.35723937
v 0.05563123 -0.06310975 0.35194290
v 0.06107682 -0.06138135 0.34930786
v 0.06714941 -0.05975761 0.34999245
v 0.05154026 -0.06810413 0.35986477
v 0.05286748 -0.06556857 0.35564306
v 0.05203404 -0.06693522 0.35795182
v 0.05116027 -0.06927556 0.36182374
v 0.06098891 -0.06023797 0.35077280
v 0.05920089 -0.06053253 0.35147423
v 0.05957633 -0.06167549 0.34967437
v 0.05718133 -0.06237566 0.35081014
v 0.06464399 -0.05994387 0.35003600
v 0.03581322 -0.09208813 0.38097417
v 0.03660848 -0.09310635 0.38155189
v 0.01140778 -0.07228667 0.36541945
v 0.01568179 -0.08962750 0.39109156
v 0.01599794 -0.09432638 0.39203942
v 0.05540952 -0.06383759 0.34873739
v 0.05526169 -0.06359874 0.34990537
v 0.05160248 -0.06545134 0.35038564
v 0.04927623 -0.06652055 0.34940886
v 0.04849819 -0.06696506 0.35109851
v 0.04316507 -0.06899294 0.35157931
v 0.04333266 -0.06840545 0.34879103
v 0.04033203 -0.06920038 0.34956402
v 0.01618408 -0.06822444 0.34887835
v 0.01344382 -0.06738576 0.34958211
v 0.01727331 -0.06896959 0.35124028
v 0.00465796 -0.06335305 0.34920087
v 0.04930169 -0.07288084 0.36674336
v 0.04792969 -0.07435632 0.36803165
v 0.04764038 -0.07744128 0.37402231
v 0.05421022 -0.06399317 0.35141620
v 0.05286660 -0.06496468 0.35320440
v 0.05016894 -0.06912777 0.36007428
v 0.04950231 -0.06854260 0.35787350
v 0.04694635 -0.07121495 0.36065909
v 0.04826424 -0.06868184 0.35655075
v 0.04951673 -0.06724320 0.35439596
v 0.04599649 -0.06897582 0.35458726
v 0.04552842 -0.07028086 0.35731432
v 0.04562138 -0.06810297 0.35104597
v 0.04643524 -0.06753114 0.34904099
v 0.04289171 -0.06983284 0.35392264
v 0.04186689 -0.07084775 0.35573861
v 0.04360785 -0.07180492 0.35903656
v 0.04607276 -0.07545061 0.36815912
v 0.04054688 -0.07204013 0.35758728
v 0.03931078 -0.07086808 0.35426477
v 0.04307771 -0.07342720 0.36187643
v 0.04458273 -0.07534986 0.36664781
v 0.05103765 -0.06586729 0.35199592
v 0.04012549 -0.06973743 0.35150945
v 0.03955002 -0.07388970 0.36079988
v 0.03770362 -0.07248125 0.35720980
v 0.04199195 -0.07507109 0.36428952
v 0.04585150 -0.07885122 0.37442112
v 0.03688252 -0.07119666 0.35400608
v 0.03632777 -0.07382596 0.35945618
v 0.04450351 -0.07949918 0.37415189
v 0.04303054 -0.07844719 0.37105483
v 0.03397648 -0.07206577 0.35523960
v 0.03391367 -0.07069275 0.35174966
v 0.04647920 -0.06819604 0.35276067
v 0.04039214 -0.07696486 0.36681101
v 0.03688102 -0.07570481 0.36312041
v 0.03032113 -0.07122795 0.35277730
v 0.04138166 -0.07929350 0.37135431
v 0.03350172 -0.07424948 0.35962677
v 0.03447667 -0.06985019 0.34898952
v 0.03085617 -0.07015592 0.34949279
v 0.03705038 -0.07005203 0.35086340
v 0.01880225 -0.07614925 0.36579952
v 0.02141570 -0.07977442 0.37072390
v 0.02085098 -0.07668918 0.36566511
v 0.01786298 -0.07654882 0.36715928
v 0.02124318 -0.08115239 0.37299144
v 0.01794415 -0.07952745 0.37241027
v 0.01607019 -0.07641757 0.36832964
v 0.01703321 -0.08010645 0.37421668
v 0.01461750 -0.07145337 0.36000189
v 0.01245335 -0.07549650 0.37079111
v 0.01069438 -0.06926212 0.36014169
v 0.01443659 -0.07682981 0.37084219
v 0.01519923 -0.08002654 0.37605536
v 0.02449554 -0.07592932 0.36302674
v 0.02075172 -0.07416257 0.36105835
v 0.02383190 -0.07733002 0.36570212
v 0.02845717 -0.07041318 0.35041240
v 0.03203794 -0.07268433 0.35628024
v 0.02738289 -0.07091840 0.35208115
v 0.03899833 -0.07830691 0.36846253
v 0.03437552 -0.07672402 0.36431217
v 0.02868637 -0.07201766 0.35470721
v 0.02383387 -0.07044399 0.35162607
v 0.03181961 -0.07624711 0.36308518
v 0.03668658 -0.07794311 0.36698511
v 0.02988649 -0.07358342 0.35799885
v 0.04038683 -0.08137599 0.37406188
v 0.03399627 -0.07906053 0.36816612
v 0.03677023 -0.08002481 0.37040064
v 0.02869219 -0.07440439 0.35963041
v 0.02551246 -0.07209554 0.35532978
v 0.03838230 -0.08113427 0.37270591
v 0.02258023 -0.06960057 0.34916094
v 0.01925899 -0.06906338 0.34945488
v 0.02087883 -0.07023075 0.35245943
v 0.02183614 -0.07131749 0.35472929
v 0.03604221 -0.08200001 0.37311909
v 0.03090897 -0.07818652 0.36639014
v 0.02584175 -0.07420254 0.35958931
v 0.02801849 -0.07643240 0.36338362
v 0.02224405 -0.07254985 0.35726455
v 0.03233872 -0.08047487 0.37015727
v 0.01801933 -0.07019750 0.35431263
v 0.02443864 -0.07417388 0.35980475
v 0.01902547 -0.07160152 0.35689303
v 0.02899700 -0.07914034 0.36795014
v 0.01337043 -0.07296310 0.36428502
v 0.01246954 -0.06867890 0.35629046
v 0.01213197 -0.06967746 0.35905585
v 0.01009999 -0.06754664 0.35704193
v 0.01311870 -0.06741162 0.35085899
v 0.01536742 -0.06886467 0.35316762
v 0.02706284 -0.08088662 0.37083691
v 0.03071600 -0.08181015 0.37200338
v 0.02639986 -0.07869458 0.36746952
v 0.01339176 -0.06791239 0.35268611
v 0.01535416 -0.07013287 0.35645369
v 0.02367670 -0.07940134 0.36923230
v 0.01009120 -0.06603573 0.35147136
v 0.01017032 -0.06599418 0.34961802
v 0.01716019 -0.07251126 0.35998189
v 0.01236680 -0.06771725 0.35375491
v 0.00732652 -0.06447218 0.35084581
v 0.01072349 -0.06717850 0.35487744
v 0.00898247 -0.06563961 0.35315359
v 0.02389314 -0.08120829 0.37203717
v 0.02816015 -0.09421065 0.38034919
v 0.03076448 -0.09469540 0.38020769
v 0.02290078 -0.09574232 0.38258725
v 0.02894022 -0.08284969 0.37339586
v 0.02296343 -0.08385164 0.37601116
v 0.02014078 -0.08204531 0.37495348
v 0.02504851 -0.08265607 0.37376270
v 0.02105939 -0.08378471 0.37684265
v 0.01699114 -0.09390934 0.38956407
v 0.01801470 -0.09387085 0.38763866
v 0.02039860 -0.09535742 0.38470244
v 0.02200868 -0.09456257 0.38316154
v 0.01947485 -0.09402782 0.38557631
v 0.01640250 -0.09188096 0.39028490
v 0.01587815 -0.09101334 0.39141381
v 0.01974292 -0.09236799 0.38482213
v 0.02446279 -0.09349091 0.38147485
v 0.02117112 -0.09293725 0.38357186
v 0.01753288 -0.09093758 0.38741255
v 0.01860448 -0.09162033 0.38600120
v 0.01715314 -0.08313601 0.37907463
v 0.01915495 -0.08383709 0.37822968
v 0.01530194 -0.08228745 0.38014686
v 0.01407826 -0.08181428 0.38152504
v 0.04516027 -0.08933020 0.39122918
v 0.03449088 -0.09487203 0.38086748
v 0.03841944 -0.09402506 0.38280523
v 0.02587536 -0.09258635 0.38071927
v 0.02314970 -0.09179121 0.38180500
v 0.01678575 -0.08982184 0.38814375
v 0.03235044 -0.09290379 0.38016617
v 0.03023064 -0.09257841 0.37994117
v 0.02803773 -0.09175493 0.37999469
v 0.01871324 -0.08980896 0.38487586
v 0.01981736 -0.08926404 0.38323486
v 0.01656954 -0.08814691 0.38698840
v 0.02212818 -0.09108771 0.38223168
v 0.02084691 -0.09047186 0.38298026
v 0.01562373 -0.08783285 0.38923544
v 0.02977380 -0.09058072 0.37948287
v 0.03175375 -0.09063163 0.37955281
v 0.02371155 -0.08901197 0.38028705
v 0.02151073 -0.08888414 0.38153493
v 0.01606169 -0.08677046 0.38631368
v 0.02508689 -0.09077791 0.38051677
v 0.01739238 -0.08764361 0.38494298
v 0.01527379 -0.08583111 0.38688874
v 0.03408569 -0.09100758 0.38006803
v 0.03418173 -0.09314454 0.38058636
v 0.02712984 -0.08893223 0.37911415
v 0.02657857 -0.08996468 0.37972513
v 0.01833808 -0.08761846 0.38348821
v 0.04669200 -0.08240733 0.38291299
v 0.04706592 -0.07991768 0.37827757
v 0.03458995 -0.08922504 0.37948892
v 0.01916060 -0.08676195 0.38172749
v 0.01441117 -0.08388222 0.38547996
v 0.04325208 -0.09438948 0.38857853
v 0.04249919 -0.09453166 0.38730207
v 0.02280699 -0.08706077 0.37937832
v 0.01772297 -0.08525945 0.38148165
v 0.04160379 -0.09348881 0.38585505
v 0.03813348 -0.09206071 0.38221517
v 0.03079710 -0.08883095 0.37872314
v 0.02865716 -0.08787782 0.37828580
v 0.02032980 -0.08637181 0.38030955
v 0.01620518 -0.08521397 0.38360181
v 0.04086206 -0.09205838 0.38459012
v 0.03953611 -0.09163827 0.38313445
v 0.03313362 -0.08727674 0.37804863
v 0.03106906 -0.08704910 0.37766510
v 0.03718950 -0.09018161 0.38095778
v 0.02741047 -0.08641416 0.37739739
v 0.02517470 -0.08665521 0.37810314
v 0.01500198 -0.08381618 0.38360536
v 0.03496327 -0.08747432 0.37857577
v 0.02271354 -0.08545609 0.37790689
v 0.04255874 -0.09138923 0.38647649
v 0.02527978 -0.08482043 0.37634367
v 0.03889567 -0.08956509 0.38169637
v 0.03752795 -0.08829654 0.38011107
v 0.02979812 -0.08551156 0.37640762
v 0.04468504 -0.09270051 0.39150125
v 0.04409729 -0.09391400 0.39026105
v 0.04008002 -0.08927873 0.38244420
v 0.04375264 -0.09128109 0.38859299
v 0.04054312 -0.08854698 0.38233098
v 0.03570301 -0.08615510 0.37775096
v 0.03266679 -0.08546317 0.37645787
v 0.04547225 -0.08142042 0.37865537
v 0.04394296 -0.08218590 0.37806857
v 0.04250969 -0.08171992 0.37604171
v 0.04525295 -0.08366895 0.38238513
v 0.04042489 -0.08388261 0.37757364
v 0.04544678 -0.08509393 0.38541800
v 0.04334871 -0.08935403 0.38653979
v 0.03862279 -0.08634550 0.37916616
v 0.03277238 -0.08405925 0.37501556
v 0.02781169 -0.08423484 0.37520725
v 0.04433908 -0.08974018 0.38900563
v 0.04201967 -0.08939804 0.38454181
v 0.04558915 -0.08684649 0.38927710
v 0.04492656 -0.08756761 0.38822079
v 0.04154826 -0.08450497 0.37914681
v 0.04033823 -0.08637349 0.38029340
v 0.03715882 -0.08528904 0.37744132
v 0.03575764 -0.08412444 0.37570068
v 0.04188533 -0.08750001 0.38278610
v 0.04377078 -0.08758384 0.38549268
v 0.04281230 -0.08522160 0.38129458
v 0.04393208 -0.08444720 0.38157013
v 0.03866646 -0.08327400 0.37578401
v 0.04380609 -0.08630785 0.38399163
v 0.03410136 -0.08263759 0.37348241
v 0.06178675 -0.24544883 0.35005817
v 0.06416716 -0.24641226 0.35051239
v 0.05221718 -0.24158251 0.36191478
v 0.05164460 -0.23930205 0.36202332
v 0.05334570 -0.24311180 0.35880938
v 0.05948397 -0.24553487 0.35133937
v 0.05749781 -0.24511068 0.35260546
v 0.06583171 -0.24501081 0.34876066
v 0.06511422 -0.24572180 0.34962305
v 0.09390343 -0.08913110 0.33299983
v 0.09393508 -0.21667843 0.33299971
v 0.03005792 -0.08955345 0.33300000
v 0.03005292 -0.21667263 0.33300000
v 0.09335174 -0.22056854 0.33299983
v 0.09025678 -0.22425909 0.33300188
v 0.08544215 -0.22534607 0.33300012
v 0.09129844 -0.08313923 0.33299702
v -0.02432901 -0.22539534 0.33300018
v -0.02918531 -0.22396627 0.33299887
v -0.02408025 -0.08062408 0.33300042
v 0.08517730 -0.08062051 0.33300006
v -0.03234795 -0.22068472 0.33299786
v -0.02910996 -0.08175386 0.33299696
v -0.03261659 -0.08555047 0.33300015
v -0.03314780 -0.21665430 0.33300021
v -0.03314353 -0.08935818 0.33299977
v -0.02399870 -0.23125111 0.33510438
v -0.02529399 -0.23019904 0.33438852
v -0.02376500 -0.23064728 0.33467257
v -0.02447515 -0.22631475 0.33306807
v -0.03154575 -0.22362091 0.33308351
v -0.03421091 -0.21622722 0.33307520
v -0.02453152 -0.23190306 0.33565402
v -0.02686321 -0.23133077 0.33536583
v -0.02856759 -0.23064183 0.33512419
v -0.02979468 -0.22950305 0.33459204
v -0.03314013 -0.22797360 0.33482987
v -0.03413923 -0.22680056 0.33464807
v -0.03185770 -0.22834846 0.33452877
v -0.03792098 -0.22210513 0.33504847
v -0.03808901 -0.22038515 0.33473957
v -0.03693311 -0.22267567 0.33453363
v -0.03945941 -0.21809521 0.33549514
v -0.03911724 -0.21615422 0.33511794
v -0.03871278 -0.21919619 0.33500993
v -0.03985792 -0.21615206 0.33575800
v -0.03603891 -0.22472818 0.33471599
v -0.03545125 -0.22294021 0.33388793
v -0.03438870 -0.22560897 0.33420038
v -0.03158958 -0.22624351 0.33358780
v -0.03746139 -0.21630336 0.33406723
v -0.03832117 -0.21614441 0.33455583
v -0.02848942 -0.22792497 0.33360827
v -0.02511095 -0.22928964 0.33391458
v -0.03337164 -0.22351721 0.33335400
v -0.03553958 -0.22079957 0.33356136
v -0.03667407 -0.21737476 0.33371633
v -0.02396758 -0.22862503 0.33363357
v -0.02476285 -0.22738224 0.33325776
v -0.02863782 -0.22611178 0.33316082
v -0.03394894 -0.22034234 0.33313224
v -0.03513408 -0.21701589 0.33323538
v -0.03612605 -0.21611778 0.33351195
v -0.03975887 -0.08931701 0.33566040
v -0.03911817 -0.08984949 0.33511871
v -0.03834333 -0.08984069 0.33457026
v -0.03787309 -0.08831160 0.33429167
v -0.03703758 -0.08989015 0.33386675
v -0.03612421 -0.08987071 0.33351183
v -0.03517102 -0.08978787 0.33324483
v -0.03420217 -0.08972792 0.33307433
v -0.03917947 -0.08698547 0.33536577
v -0.03849056 -0.08528122 0.33512414
v -0.03762373 -0.08453890 0.33465639
v -0.02434498 -0.07406063 0.33568934
v -0.02408433 -0.07475515 0.33509955
v -0.02668422 -0.07481880 0.33520737
v -0.03219971 -0.07738332 0.33482412
v -0.02966150 -0.07828899 0.33369255
v -0.03384173 -0.07904515 0.33457711
v -0.03047541 -0.07639485 0.33487195
v -0.03646081 -0.08176063 0.33477810
v -0.03479186 -0.08081819 0.33421057
v -0.03682394 -0.08321264 0.33450258
v -0.03188245 -0.07948948 0.33373979
v -0.02731668 -0.07665318 0.33409390
v -0.02878660 -0.07560889 0.33497560
v -0.02408769 -0.07555069 0.33454078
v -0.03541178 -0.08449081 0.33360666
v -0.03651729 -0.08767985 0.33370677
v -0.02505495 -0.07696883 0.33380029
v -0.02391601 -0.07642104 0.33405116
v -0.03305546 -0.08195958 0.33338773
v -0.03499704 -0.08653371 0.33328769
v -0.02518420 -0.07798982 0.33342519
v -0.02954276 -0.08029813 0.33315545
v -0.03303753 -0.08386622 0.33312437
v -0.02473158 -0.07963558 0.33307484
v -0.02381475 -0.07868492 0.33324319
v 0.08473863 -0.07403780 0.33571163
v 0.03047059 -0.07385706 0.33589494
v 0.08479869 -0.07474890 0.33510438
v 0.08480570 -0.07554248 0.33454591
v 0.08489300 -0.07637640 0.33407354
v 0.08518924 -0.07734074 0.33364683
v 0.08475632 -0.07817388 0.33337307
v 0.08617804 -0.07885509 0.33320966
v 0.08527515 -0.07968525 0.33306807
v 0.09234575 -0.08237908 0.33308351
v 0.09429722 -0.08581325 0.33305371
v 0.09501091 -0.08977279 0.33307520
v 0.08654130 -0.07433695 0.33552152
v 0.08780511 -0.07514145 0.33499679
v 0.08936760 -0.07535825 0.33512416
v 0.08851060 -0.07652342 0.33420709
v 0.09118392 -0.07629707 0.33490643
v 0.09872098 -0.08389487 0.33504847
v 0.09888902 -0.08561482 0.33473957
v 0.09773311 -0.08332433 0.33453363
v 0.10025939 -0.08790479 0.33549508
v 0.09991724 -0.08984579 0.33511794
v 0.09951277 -0.08680395 0.33500996
v 0.10065793 -0.08984795 0.33575800
v 0.09123035 -0.07799587 0.33398134
v 0.09258331 -0.07716410 0.33480757
v 0.09389784 -0.07832619 0.33463529
v 0.09556738 -0.07977886 0.33467409
v 0.09374018 -0.08007035 0.33382860
v 0.09683891 -0.08127183 0.33471599
v 0.09625125 -0.08305980 0.33388793
v 0.09826139 -0.08969665 0.33406723
v 0.09912117 -0.08985559 0.33455583
v 0.08844601 -0.07783242 0.33362743
v 0.09417164 -0.08248280 0.33335400
v 0.09633958 -0.08520044 0.33356139
v 0.09747408 -0.08862524 0.33371633
v 0.09088273 -0.07940580 0.33342004
v 0.08943782 -0.07988822 0.33316082
v 0.09593408 -0.08898411 0.33323538
v 0.09692605 -0.08988222 0.33351195
v 0.09500217 -0.21627209 0.33307433
v 0.09597102 -0.21621214 0.33324483
v 0.09692421 -0.21612930 0.33351183
v 0.09741053 -0.21757330 0.33368677
v 0.09827620 -0.21710032 0.33407536
v 0.09914333 -0.21615931 0.33457026
v 0.09991817 -0.21615051 0.33511871
v 0.10062439 -0.21609063 0.33572495
v 0.10031154 -0.21789235 0.33552161
v 0.09955448 -0.21907619 0.33502328
v 0.08514498 -0.23193941 0.33568934
v 0.08475467 -0.23095322 0.33487538
v 0.08693245 -0.23135932 0.33529854
v 0.09825985 -0.22257370 0.33486047
v 0.09711371 -0.22147664 0.33394808
v 0.09901927 -0.22093417 0.33495933
v 0.09720951 -0.22358561 0.33450884
v 0.09190979 -0.22917926 0.33479148
v 0.09154715 -0.22772615 0.33392486
v 0.09335341 -0.22816008 0.33468783
v 0.09071164 -0.22988851 0.33490193
v 0.09646092 -0.22522178 0.33469787
v 0.09418275 -0.22522512 0.33374062
v 0.09487785 -0.22687161 0.33465427
v 0.08855523 -0.22883825 0.33390152
v 0.08837502 -0.23049784 0.33479840
v 0.08498070 -0.23001550 0.33428276
v 0.08537253 -0.22934496 0.33394060
v 0.09402505 -0.22280475 0.33320856
v 0.09001623 -0.22710684 0.33345398
v 0.09566250 -0.22000735 0.33328673
v 0.08468254 -0.22861147 0.33362991
v 0.09034275 -0.22570190 0.33315545
v 0.08616596 -0.22754844 0.33330220
v 0.08583009 -0.22609334 0.33304715
v 0.08492353 -0.22685672 0.33314976
v 0.04991575 -0.23330870 0.33706796
v 0.03448511 -0.23203206 0.33578411
v 0.01393253 -0.23223574 0.33598575
v 0.05955006 -0.23942971 0.34317797
v 0.05407314 -0.23471940 0.33846882
v 0.06422152 -0.06206961 0.34768432
v 0.06280743 -0.06380004 0.34594813
v 0.05294100 -0.07220840 0.33754221
v 0.05590566 -0.06967157 0.34007818
v 0.05902212 -0.06643794 0.34331387
v 0.05184888 -0.06556621 0.34801215
v -0.00049786 -0.06251562 0.34754348
v 0.00198757 -0.06260166 0.34840369
v 0.02581558 -0.06968593 0.34805876
v 0.06142944 -0.06217009 0.34799451
v 0.04935574 -0.06975746 0.34050122
v 0.04901189 -0.06874139 0.34203169
v 0.05393596 -0.06904649 0.34086224
v 0.05312742 -0.06743009 0.34309098
v 0.04988377 -0.07163302 0.33821175
v 0.04802118 -0.07074656 0.33933482
v 0.04443349 -0.06950124 0.34150633
v 0.04221520 -0.07093500 0.33931527
v 0.04018435 -0.07000115 0.34098428
v 0.04142261 -0.07197785 0.33795214
v 0.03284851 -0.07308932 0.33670303
v 0.01774173 -0.06927036 0.34250289
v 0.02411739 -0.06989238 0.34180111
v 0.02308803 -0.07025267 0.34081629
v 0.02213781 -0.06951771 0.34280452
v 0.02693190 -0.07115494 0.33921012
v 0.02657809 -0.07181884 0.33823350
v 0.03338478 -0.07073148 0.33990848
v 0.01355272 -0.07011673 0.34027007
v 0.01427415 -0.06914719 0.34195846
v 0.01735818 -0.07011209 0.34060436
v 0.01704813 -0.07119647 0.33893359
v 0.00324425 -0.06690536 0.34294096
v 0.00459668 -0.06918348 0.34056702
v 0.00012986 -0.06539211 0.34435633
v 0.00644611 -0.06686433 0.34360480
v 0.00763731 -0.06826998 0.34196040
v 0.00306857 -0.06535294 0.34473681
v 0.00984252 -0.06936406 0.34085894
v 0.01868129 -0.07219762 0.33770174
v 0.01076382 -0.07267424 0.33708909
v 0.01119256 -0.07108643 0.33885816
v 0.02990505 -0.06968234 0.34723029
v 0.02928844 -0.06952050 0.34519985
v 0.02592730 -0.06945822 0.34579939
v 0.02785240 -0.06964745 0.34316355
v 0.02604531 -0.06947087 0.34429827
v 0.03015034 -0.07003034 0.34159306
v 0.03536412 -0.07003031 0.34135371
v 0.02174814 -0.06919738 0.34440318
v 0.02129495 -0.06915873 0.34761092
v 0.02118124 -0.06906037 0.34591958
v 0.01853873 -0.06893294 0.34399492
v 0.01812700 -0.06860398 0.34732786
v 0.01821830 -0.06863403 0.34583825
v 0.01471235 -0.06813440 0.34486338
v 0.01453982 -0.06851830 0.34351772
v 0.01377112 -0.06767301 0.34606934
v 0.01318087 -0.06732929 0.34721768
v 0.00980044 -0.06679871 0.34527984
v 0.01077072 -0.06830668 0.34268615
v 0.01018188 -0.06751441 0.34393504
v 0.01259536 -0.06705423 0.34827438
v 0.00847648 -0.06533141 0.34850034
v 0.00895508 -0.06582124 0.34726870
v 0.00651723 -0.06520269 0.34650207
v 0.00495507 -0.06520767 0.34557584
v 0.05708128 -0.06370842 0.34746128
v 0.05026344 -0.06617934 0.34817338
v 0.04727831 -0.06734675 0.34688404
v 0.04458592 -0.06803899 0.34726468
v 0.05307855 -0.06549510 0.34670329
v 0.03914837 -0.06901638 0.34602615
v 0.03814709 -0.06925981 0.34780833
v 0.03341861 -0.06958369 0.34716949
v 0.03445750 -0.06940451 0.34564689
v 0.04909325 -0.06719004 0.34529147
v 0.04494410 -0.06811674 0.34543508
v 0.04051222 -0.06887707 0.34516549
v 0.05668239 -0.06496336 0.34559125
v 0.05688205 -0.06596294 0.34415963
v 0.05245634 -0.06665770 0.34457168
v 0.04761148 -0.06802303 0.34387714
v 0.03302237 -0.06958755 0.34328637
v 0.04485836 -0.06863812 0.34341800
v 0.04140935 -0.06892672 0.34401718
v 0.04049785 -0.06929831 0.34287196
v 0.03617052 -0.06939773 0.34380272
v -0.00179928 -0.24228233 0.34603065
v 0.00098603 -0.24032536 0.34407657
v 0.00606381 -0.23544089 0.33919066
v -0.00333167 -0.24479772 0.34871125
v 0.02015832 -0.23704383 0.34698245
v 0.00466517 -0.23757978 0.34139416
v 0.01082074 -0.23388185 0.33768800
v 0.03371929 -0.23307267 0.33687618
v 0.06160276 -0.24396726 0.34814343
v 0.05951465 -0.24345073 0.34812936
v 0.01162647 -0.23931968 0.34806618
v 0.05472907 -0.23731089 0.34119457
v 0.05074799 -0.23502716 0.33891702
v 0.05034815 -0.23595148 0.34002742
v 0.04266036 -0.23531628 0.33963665
v 0.04291314 -0.23410028 0.33802259
v 0.04353346 -0.23696554 0.34273493
v 0.03852726 -0.23602651 0.34125099
v 0.04358783 -0.23618263 0.34102812
v 0.03299398 -0.23621354 0.34232247
v 0.03126671 -0.23547238 0.34032130
v 0.03595304 -0.23513474 0.33959481
v 0.02982543 -0.23436286 0.33846918
v 0.02871511 -0.23581828 0.34115869
v 0.02436427 -0.23543206 0.34017625
v 0.02175622 -0.23606545 0.34145927
v 0.01662606 -0.23657437 0.34189007
v 0.01841319 -0.23583589 0.34062508
v 0.00691896 -0.23932180 0.34403136
v 0.00359012 -0.23992607 0.34396037
v 0.00692237 -0.23771317 0.34181505
v 0.01040823 -0.23767811 0.34253904
v 0.01182042 -0.23647311 0.34094504
v 0.01097835 -0.23526430 0.33928713
v 0.02019887 -0.23470019 0.33886316
v 0.01545868 -0.23544022 0.33976021
v 0.01922631 -0.23341230 0.33724219
v 0.04728473 -0.23716827 0.34224340
v 0.02704610 -0.23633070 0.34294599
v 0.02386159 -0.23628074 0.34234971
v 0.02259951 -0.23670128 0.34404662
v 0.01868474 -0.23696756 0.34360927
v 0.01428428 -0.23815082 0.34572521
v 0.01496566 -0.23814331 0.34709400
v 0.01909839 -0.23718992 0.34539098
v 0.01767627 -0.23749061 0.34694818
v 0.01516504 -0.23727563 0.34318078
v 0.01272432 -0.23833308 0.34500155
v 0.00968457 -0.24003354 0.34779689
v 0.00710795 -0.24101560 0.34757867
v 0.00340381 -0.24305509 0.34882468
v 0.00118650 -0.24354579 0.34823909
v -0.00047375 -0.24347076 0.34755778
v 0.00945164 -0.23931585 0.34525862
v 0.00579523 -0.24103217 0.34646204
v 0.00322668 -0.24137677 0.34577394
v 0.01224161 -0.23780912 0.34334990
v 0.06105657 -0.24248715 0.34637967
v 0.05048512 -0.23986813 0.34793451
v 0.05336353 -0.24085514 0.34736690
v 0.05186200 -0.23977785 0.34588882
v 0.05462983 -0.24072927 0.34607816
v 0.04436453 -0.23790474 0.34813002
v 0.04134305 -0.23725587 0.34775323
v 0.02888549 -0.23613952 0.34823164
v 0.04703920 -0.23867185 0.34802616
v 0.03690348 -0.23663794 0.34744382
v 0.03822738 -0.23690294 0.34567943
v 0.04338852 -0.23766650 0.34655264
v 0.03362680 -0.23644865 0.34700471
v 0.02471310 -0.23644908 0.34757826
v 0.02946438 -0.23644026 0.34613425
v 0.03486020 -0.23662131 0.34473813
v 0.02562269 -0.23657160 0.34552726
v 0.05683951 -0.24118963 0.34574658
v 0.05346914 -0.23905483 0.34365490
v 0.05739669 -0.23963578 0.34355941
v 0.04904081 -0.23658583 0.34105098
v 0.04938204 -0.23879640 0.34506232
v 0.04738829 -0.23788126 0.34381014
v 0.05064639 -0.23799711 0.34287041
v 0.04861138 -0.23900135 0.34665519
v 0.04605227 -0.23812287 0.34551445
v 0.04199577 -0.23735179 0.34534946
v 0.03137039 -0.23647682 0.34420034
v 0.04346248 -0.23737505 0.34428775
v 0.02812942 -0.23644429 0.34399980
v 0.03809123 -0.23654927 0.34290701
v -0.06004388 -0.03261248 0.30116627
v -0.07989376 -0.05261050 0.30108839
v -0.07998610 -0.25378069 0.30116424
v -0.07975305 -0.25535995 0.30102143
v 0.03040000 -0.03271747 0.30108044
v 0.12097857 -0.03276010 0.30104592
v 0.03040000 -0.27339587 0.30117550
v 0.14078657 -0.05242773 0.30116484
v 0.12100748 -0.27334863 0.30113313
v 0.14064635 -0.25348943 0.30106324
v 0.14082770 -0.25378972 0.30122930
v 0.12058900 -0.04300003 0.27100101
v 0.12179746 -0.04309340 0.27100101
v 0.12340530 -0.04346664 0.27100101
v 0.12485212 -0.04405674 0.27100101
v 0.12602274 -0.04472794 0.27100101
v 0.12726024 -0.04571132 0.27100101
v 0.12827392 -0.04682526 0.27100101
v 0.12917154 -0.04820274 0.27100101
v 0.12980320 -0.04963026 0.27100101
v 0.13015693 -0.05083491 0.27100101
v 0.13031748 -0.05174350 0.27100101
v 0.13039996 -0.05261075 0.27100101
v 0.13039999 -0.25318903 0.27100101
v 0.13034272 -0.25409469 0.27100101
v 0.13007416 -0.25550297 0.27100101
v 0.12979044 -0.25639796 0.27100101
v 0.12934314 -0.25745156 0.27100101
v 0.12867206 -0.25862274 0.27100101
v 0.12768869 -0.25986022 0.27100101
v 0.12657474 -0.26087391 0.27100101
v 0.12528603 -0.26171678 0.27100101
v 0.12406406 -0.26229832 0.27100101
v 0.12256510 -0.26275697 0.27100101
v 0.12165650 -0.26291746 0.27100101
v 0.12078925 -0.26299992 0.27100101
v 0.03040000 -0.26300001 0.27100101
v -0.05978950 -0.26299998 0.27100101
v -0.06099796 -0.26290658 0.27100101
v -0.06260584 -0.26253349 0.27100101
v -0.06405206 -0.26194313 0.27100101
v -0.06513575 -0.26132408 0.27100101
v -0.06587812 -0.26078424 0.27100101
v -0.06688888 -0.25986755 0.27100101
v -0.06788649 -0.25859234 0.27100101
v -0.06836376 -0.25779402 0.27100101
v -0.06885475 -0.25676000 0.27100101
v -0.06916495 -0.25587219 0.27100101
v -0.06944136 -0.25476065 0.27100101
v -0.06959994 -0.25348943 0.27100101
v -0.06959999 -0.05281150 0.27100101
v -0.06951601 -0.05170458 0.27100101
v -0.06927415 -0.05049701 0.27100101
v -0.06888217 -0.04930819 0.27100101
v -0.06835122 -0.04817853 0.27100101
v -0.06769235 -0.04712559 0.27100101
v -0.06688856 -0.04614014 0.27100101
v -0.06608561 -0.04538837 0.27100101
v -0.06519312 -0.04471333 0.27100101
v -0.06411930 -0.04408965 0.27100101
v -0.06297027 -0.04359673 0.27100101
v -0.06166715 -0.04321566 0.27100101
v -0.06009020 -0.04300016 0.27100101
v 0.03040000 -0.04300000 0.27100101
v 0.32216617 0.00381995 0.25290397
v 0.32227227 -0.00295556 0.25285509
v 0.31641942 0.00012023 0.25732139
v 0.32131103 0.00895428 0.25330275
v 0.31540364 0.00794879 0.25779116
v 0.31939813 0.01496877 0.25419366
v 0.31347418 0.01329055 0.25867343
v 0.31376299 0.02419488 0.25682107
v 0.31669167 0.02017334 0.25545627
v 0.31042308 0.01822959 0.26011202
v 0.31011504 0.02795781 0.25852275
v 0.30541918 0.02327479 0.26244840
v 0.30413657 0.03214625 0.26130971
v 0.30017561 0.02643081 0.26487681
v 0.29874209 0.03432883 0.26382709
v 0.29591739 0.02784914 0.26685658
v 0.29285824 0.03556036 0.26656303
v 0.29164803 0.02847996 0.26883805
v 0.28798169 0.03558296 0.26883769
v 0.28644338 0.02813929 0.27126506
v 0.28322726 0.03486928 0.27105922
v 0.28037599 0.02615820 0.27409458
v 0.27717814 0.03273808 0.27387547
v 0.27532664 0.02318820 0.27642614
v 0.27457899 0.02543830 0.27625492
v 0.27397221 -0.03092476 0.27539524
v 0.27581146 -0.02340405 0.27621242
v 0.27757305 -0.03288354 0.27369264
v 0.27909294 -0.02544218 0.27469268
v 0.28125778 -0.03433142 0.27197263
v 0.28403074 -0.02758904 0.27239001
v 0.28677890 -0.03550018 0.26940590
v 0.29017532 -0.02850900 0.26952460
v 0.29316097 -0.03551469 0.26642454
v 0.29529396 -0.02798888 0.26714841
v 0.29957411 -0.03410557 0.26343486
v 0.29887229 -0.02697501 0.26547718
v 0.30327606 -0.02477168 0.26344380
v 0.30466378 -0.03178576 0.26106393
v 0.30921078 -0.02872944 0.25894436
v 0.30907616 -0.01984147 0.26074842
v 0.31540537 -0.00786303 0.25779769
v 0.32132494 -0.00892184 0.25329682
v 0.31983486 -0.01376417 0.25399101
v 0.31295243 -0.01429503 0.25892290
v 0.31721047 -0.01935985 0.25521392
v 0.31355137 -0.02447646 0.25692040
v 0.27320117 0.03017114 0.27596536
v 0.31256700 0.00515039 0.24615701
v 0.31140178 0.02251038 0.25008866
v 0.31139284 0.00751621 0.25013417
v 0.31253579 0.02576093 0.24617091
v 0.31252328 -0.02549705 0.24617659
v 0.31145397 -0.02119405 0.25005022
v 0.31110039 -0.02328081 0.25049663
v 0.31172931 -0.02768131 0.24653892
v 0.31051177 -0.02475298 0.25068465
v 0.30928373 -0.02563322 0.25155607
v 0.31010506 -0.02912051 0.24728508
v 0.30805230 -0.02669059 0.25175965
v 0.30844876 -0.02963233 0.24804451
v 0.29772195 -0.02695451 0.25638494
v 0.29317820 -0.02960740 0.25521627
v 0.29437062 -0.02971977 0.25449619
v 0.30250600 -0.02966600 0.25076801
v 0.27774358 -0.02689249 0.26577866
v 0.28613263 -0.02960610 0.25850445
v 0.27776429 -0.02943389 0.26259807
v 0.27684459 -0.02982614 0.26253885
v 0.26728725 -0.02989118 0.26691002
v 0.26655027 -0.02685576 0.27103588
v 0.26212174 -0.02988534 0.26927865
v 0.26571071 -0.02599488 0.27187213
v 0.26013678 -0.02892788 0.27018735
v 0.26415154 -0.02533005 0.27230704
v 0.25891146 -0.02725350 0.27074820
v 0.26297352 -0.02325937 0.27283597
v 0.25843704 -0.02562609 0.27096587
v 0.25843099 -0.00284225 0.27096900
v 0.26269299 0.00519725 0.27282810
v 0.25845224 0.02592696 0.27096015
v 0.26274502 0.02301944 0.27278826
v 0.26373556 0.02456791 0.27259478
v 0.25965303 0.02848502 0.27040815
v 0.26523739 0.02630044 0.27177665
v 0.26206842 0.02991286 0.26930121
v 0.26752129 0.02679294 0.27066451
v 0.28038242 0.02675195 0.26472285
v 0.28377855 0.02941484 0.25981835
v 0.27808994 0.02961970 0.26224595
v 0.27680865 0.02983056 0.26255301
v 0.27126300 0.02986600 0.26508701
v 0.29605776 0.02971077 0.25372490
v 0.29585987 0.02678930 0.25744572
v 0.30849630 0.02963785 0.24802369
v 0.30758384 0.02679043 0.25197518
v 0.30830467 0.02624433 0.25201067
v 0.31100687 0.02853226 0.24687119
v 0.31047660 0.02475015 0.25079870
v 0.25713614 -0.01396994 0.27588338
v 0.25714818 -0.01664343 0.27586076
v 0.25593227 -0.01025757 0.27644464
v 0.31920367 -0.01462828 0.24680170
v 0.31908819 -0.02111569 0.24575284
v 0.31782165 -0.01987195 0.24717033
v 0.25514644 -0.01222997 0.27674422
v 0.25757557 -0.02180284 0.27531114
v 0.25473544 -0.01874701 0.27629679
v 0.26333386 -0.03493743 0.27081963
v 0.26249048 -0.03337566 0.27157009
v 0.26588023 -0.03543036 0.27022576
v 0.30935925 -0.03344720 0.25021192
v 0.30783606 -0.03518632 0.25062156
v 0.30557376 -0.03689239 0.25157994
v 0.30300707 -0.03814157 0.25295153
v 0.30397913 -0.04005228 0.25070074
v 0.29792562 -0.04335785 0.25287485
v 0.29459119 -0.04165123 0.25665024
v 0.29894376 -0.04113679 0.25410026
v 0.27346832 -0.04366935 0.26407540
v 0.27161786 -0.04147207 0.26606864
v 0.27533153 -0.04267006 0.26440185
v 0.27007261 -0.03793228 0.26833156
v 0.26798740 -0.03953481 0.26788381
v 0.26763007 -0.03703846 0.26922977
v 0.25292835 -0.02773451 0.27349201
v 0.25569683 -0.02904662 0.27355954
v 0.25499752 -0.03094102 0.27254397
v 0.25413632 -0.02514718 0.27494618
v 0.25688943 -0.02455639 0.27495003
v 0.25508016 -0.00634244 0.27682036
v 0.31870684 -0.02529412 0.24442950
v 0.31838283 -0.02715642 0.24349107
v 0.31593451 -0.02885139 0.24604382
v 0.31516823 -0.03163346 0.24496670
v 0.30171084 -0.04185537 0.25113621
v 0.31098360 -0.03574248 0.24688311
v 0.31214949 -0.03286519 0.24786575
v 0.30988029 -0.03506598 0.24879773
v 0.31641668 -0.02621063 0.24679130
v 0.31256571 -0.03010419 0.24886155
v 0.29739606 -0.03952522 0.25601810
v 0.31698585 -0.02340741 0.24714096
v 0.28809312 -0.04275068 0.25957137
v 0.29250562 -0.03999408 0.25862321
v 0.28632814 -0.04154661 0.26103020
v 0.30564213 -0.03433751 0.25264353
v 0.29963967 -0.03736087 0.25550789
v 0.31214625 -0.02819443 0.24978806
v 0.28578830 -0.03986299 0.26195720
v 0.30082229 -0.03559951 0.25525641
v 0.29148462 -0.03789186 0.25971264
v 0.31395799 -0.02388670 0.24925926
v 0.30644903 -0.03086613 0.25284207
v 0.28329402 -0.03773971 0.26356331
v 0.31762743 -0.01563490 0.24765319
v 0.29765761 -0.03510576 0.25696731
v 0.31365976 -0.02200460 0.24952401
v 0.28615618 -0.03669332 0.26233786
v 0.25894171 -0.03044034 0.27302086
v 0.25926024 -0.03344770 0.27167961
v 0.25996631 -0.03601323 0.27026561
v 0.26523700 -0.03320418 0.27118555
v 0.26728225 -0.03242852 0.27079108
v 0.27109313 -0.03613279 0.26871580
v 0.27496037 -0.03459582 0.26755407
v 0.26741675 -0.04102052 0.26684988
v 0.27471527 -0.04045543 0.26596990
v 0.27875820 -0.04191383 0.26386273
v 0.27476159 -0.03814765 0.26690614
v 0.27828416 -0.03749224 0.26575309
v 0.28107730 -0.04070224 0.26365861
v 0.28189588 -0.04258259 0.26232815
v 0.29116347 -0.03604632 0.26001608
v 0.25875852 -0.01763129 0.27512670
v 0.26104340 -0.02153412 0.27408490
v 0.26223710 -0.02653140 0.27334744
v 0.26039067 -0.02880950 0.27338618
v 0.26778084 -0.03038685 0.27089074
v 0.26381984 -0.02510083 0.27276692
v 0.26606241 -0.02742542 0.27172133
v 0.26920807 -0.03003820 0.27025446
v 0.27224788 -0.03199935 0.26883683
v 0.27524516 -0.03350846 0.26743945
v 0.27784345 -0.03448872 0.26622784
v 0.28048632 -0.03523866 0.26499680
v 0.28475136 -0.03592734 0.26300675
v 0.28897491 -0.03596960 0.26103693
v 0.29204682 -0.03561420 0.25960419
v 0.29511154 -0.03495022 0.25817546
v 0.29772562 -0.03409460 0.25695622
v 0.30109337 -0.03260853 0.25538602
v 0.30476606 -0.03040521 0.25367337
v 0.30885649 -0.02699181 0.25176603
v 0.31234416 -0.02302148 0.25013974
v 0.31439054 -0.01996350 0.24918517
v 0.31609577 -0.01680017 0.24839021
v 0.31746370 -0.01354853 0.24775216
v 0.31882206 -0.00913308 0.24712577
v 0.27419844 0.03302769 0.26792744
v 0.27371415 0.03369952 0.26814672
v 0.27790520 0.03453485 0.26619866
v 0.26253682 0.03507053 0.27081808
v 0.26518276 0.03514468 0.27049083
v 0.26211858 0.03286899 0.27181709
v 0.28450334 0.04129031 0.26196751
v 0.27967340 0.04190029 0.26362130
v 0.28730932 0.04277055 0.25994253
v 0.31683239 0.02851778 0.24505256
v 0.31561580 0.03115308 0.24476069
v 0.31864122 0.02491082 0.24483727
v 0.31907523 0.02076987 0.24586567
v 0.31927514 0.01513745 0.24668832
v 0.31743723 0.02282915 0.24690543
v 0.25292784 0.02781272 0.27349257
v 0.25576305 0.02841192 0.27383310
v 0.25390214 0.02562754 0.27474055
v 0.26748949 0.04107562 0.26681837
v 0.27326220 0.04356130 0.26417047
v 0.27045730 0.04104828 0.26654115
v 0.25636742 0.03251025 0.27191481
v 0.26011342 0.03604525 0.27019757
v 0.25904250 0.03360460 0.27158287
v 0.25831941 0.03100705 0.27281427
v 0.27473593 0.04282614 0.26447681
v 0.26796108 0.03795453 0.26874772
v 0.27255562 0.04000190 0.26675218
v 0.26963994 0.03746617 0.26863378
v 0.25659832 0.02366644 0.27520153
v 0.25450847 0.02185968 0.27579686
v 0.25963256 0.02893626 0.27344874
v 0.26688713 0.03615116 0.26974297
v 0.26316524 0.03111738 0.27222928
v 0.27531102 0.03921147 0.26632234
v 0.28124291 0.03991631 0.26389828
v 0.27151337 0.03666828 0.26842219
v 0.26842913 0.03314740 0.27030006
v 0.27617723 0.03724342 0.26664969
v 0.26187944 0.02711476 0.27339524
v 0.28838733 0.04062476 0.26046434
v 0.25507379 0.01546380 0.27661008
v 0.28517571 0.03845852 0.26259232
v 0.25740430 0.02009532 0.27553752
v 0.27992982 0.03632575 0.26521921
v 0.26094797 0.02287594 0.27410588
v 0.26739213 0.02859991 0.27114356
v 0.25539657 0.01071164 0.27668959
v 0.31771731 0.01547284 0.24761243
v 0.31583011 0.02201212 0.24827348
v 0.31384259 0.02086646 0.24946661
v 0.31582010 0.02781998 0.24671420
v 0.31045043 0.02733015 0.25096962
v 0.31449872 0.02635669 0.24845028
v 0.31143752 0.02946782 0.24997219
v 0.31280214 0.03276939 0.24720779
v 0.31095433 0.03575921 0.24689600
v 0.31000048 0.03511507 0.24866727
v 0.30662426 0.03322477 0.25233319
v 0.31068155 0.03227544 0.24962357
v 0.30395582 0.03272976 0.25397757
v 0.30837825 0.03504015 0.25022843
v 0.30507120 0.03767537 0.25154209
v 0.30680603 0.03575314 0.25120431
v 0.30277279 0.03821713 0.25308353
v 0.30406448 0.03990645 0.25079930
v 0.29948086 0.04150650 0.25339574
v 0.29932606 0.03345862 0.25623435
v 0.29994631 0.03601138 0.25567961
v 0.29817426 0.04338829 0.25275195
v 0.29290462 0.03661628 0.25917709
v 0.29828233 0.03809732 0.25605896
v 0.29245391 0.03980348 0.25873137
v 0.29855365 0.03963307 0.25525048
v 0.29430261 0.04201157 0.25659296
v 0.31887090 0.00883773 0.24712732
v 0.31816986 0.01145314 0.24742287
v 0.31692171 0.01495000 0.24800484
v 0.31552580 0.01793009 0.24865566
v 0.31838316 0.02688146 0.24349101
v 0.31183374 0.02365109 0.25037777
v 0.30954993 0.02628468 0.25144237
v 0.30602685 0.02945769 0.25308552
v 0.30281758 0.03164321 0.25458187
v 0.30385226 0.04070824 0.25015068
v 0.29585004 0.03473672 0.25783110
v 0.29626667 0.04244038 0.25497952
v 0.29195434 0.03564941 0.25964755
v 0.28733891 0.03602607 0.26183662
v 0.28297782 0.03573192 0.26383382
v 0.27059719 0.03100929 0.26960671
v 0.26470524 0.02606382 0.27235389
v 0.26221251 0.02315784 0.27351648
v 0.26037073 0.02046484 0.27437493
v 0.25874865 0.01761178 0.27513134
v 0.25689492 0.01334047 0.27599585
v 0.25575107 0.00955438 0.27653047
v 0.27293184 0.01717141 0.28145495
v 0.27310506 0.01395284 0.27990925
v 0.27376708 0.01106229 0.28229278
v 0.27265885 0.01813897 0.28042904
v 0.27353767 0.01736994 0.27799401
v 0.27326140 0.02082165 0.27811098
v 0.27464485 0.01967969 0.27687976
v 0.27600771 0.02098076 0.27612650
v 0.27440929 0.01595925 0.28304988
v 0.27507263 0.01160451 0.28339118
v 0.27829215 0.01500893 0.28492925
v 0.27273074 -0.01770415 0.28086013
v 0.27336285 -0.01657534 0.28215280
v 0.27377018 -0.01104004 0.28231162
v 0.27310517 -0.01401193 0.27982840
v 0.27275881 -0.01912937 0.27944356
v 0.27368227 -0.01768976 0.27781987
v 0.27397302 -0.02176757 0.27734202
v 0.27498728 -0.02004765 0.27666047
v 0.27779087 -0.02238940 0.27529576
v 0.27664107 -0.01261515 0.28415498
v 0.27498180 -0.01165378 0.28333619
v 0.27467939 -0.01590491 0.28317624
v 0.28098294 -0.01434629 0.28620353
v 0.27982697 -0.01382634 0.28565803
v 0.27824944 0.01336853 0.28491008
v 0.28170747 0.01414105 0.28654912
v 0.28596655 -0.01353150 0.29160997
v 0.28957438 -0.01183596 0.29021055
v 0.28626862 -0.01296571 0.28903085
v 0.29061583 -0.01160195 0.29075772
v 0.28981528 -0.01245405 0.29336849
v 0.27926493 -0.01524542 0.28848708
v 0.27391058 -0.01655979 0.28593042
v 0.27942717 0.01520360 0.28856635
v 0.27402794 0.01650879 0.28599995
v 0.29078704 0.01157318 0.29082048
v 0.28977096 0.01245623 0.29335567
v 0.28899583 0.01209675 0.28998488
v 0.28518322 0.01327201 0.28857732
v 0.28620353 0.01346076 0.29172125
v 0.29179373 -0.01162769 0.29100174
v 0.29187241 -0.01016058 0.29102474
v 0.29330575 -0.01214553 0.29092503
v 0.29381767 -0.01029605 0.29077634
v 0.29328749 0.00983800 0.29102352
v 0.29583487 0.01342514 0.28984109
v 0.29275295 0.01189465 0.29103047
v 0.29255101 0.01000946 0.29102415
v 0.29020450 0.01100959 0.29065979
v 0.27337885 -0.01840562 0.27735522
v 0.27239922 0.01723859 0.27780417
v 0.27181652 0.01410445 0.27919707
v 0.27017111 0.01381450 0.27884269
v 0.26705521 0.00481239 0.28030637
v 0.26882443 0.00554895 0.28086436
v 0.26781946 0.00817430 0.27994910
v 0.26673117 0.00212286 0.28041962
v 0.26680326 -0.00288179 0.28041369
v 0.26730657 -0.00616114 0.28018737
v 0.26851228 -0.00522927 0.28078127
v 0.27063453 -0.01173780 0.27983102
v 0.26826480 -0.00958415 0.27971774
v 0.26997536 -0.01346715 0.27894577
v 0.27144468 -0.01590203 0.27818239
v 0.28671291 -0.00601375 0.29796195
v 0.28763548 -0.00740922 0.29781082
v 0.27875468 -0.00893283 0.29358828
v 0.26091763 0.01203033 0.28488177
v 0.27636519 0.00935918 0.29242107
v 0.28629065 0.00530008 0.29799625
v 0.28758156 0.00734906 0.29783955
v 0.26009801 0.00877375 0.28535208
v 0.28621343 0.00303116 0.29843304
v 0.25939798 0.00463984 0.28569254
v 0.28559643 0.00077502 0.29838377
v 0.25918096 0.00164935 0.28580463
v 0.25899193 -0.00087423 0.28574789
v 0.28570741 -0.00193901 0.29834333
v 0.25935030 -0.00427697 0.28570399
v 0.25973952 -0.00709565 0.28549638
v 0.28639939 -0.00406827 0.29833576
v 0.26053867 -0.01035116 0.28517994
v 0.26044568 -0.01209148 0.28462681
v 0.26122651 -0.01733413 0.28081927
v 0.26018018 -0.01497156 0.28133339
v 0.26303619 -0.02053691 0.27997193
v 0.26463670 -0.02288382 0.27922639
v 0.26700464 -0.02573095 0.27812275
v 0.27018982 -0.02877464 0.27663645
v 0.27351037 -0.03118126 0.27509126
v 0.27687255 -0.03305900 0.27352074
v 0.28009176 -0.03436425 0.27201915
v 0.28322870 -0.03527680 0.27055693
v 0.28736189 -0.03591698 0.26863065
v 0.29169708 -0.03597255 0.26660946
v 0.29549637 -0.03547184 0.26483753
v 0.29915518 -0.03454169 0.26313064
v 0.30374640 -0.03259803 0.26099125
v 0.30688518 -0.03071029 0.25952667
v 0.30928868 -0.02892843 0.25840434
v 0.31166366 -0.02677560 0.25729808
v 0.31367525 -0.02461533 0.25636005
v 0.31582537 -0.02179491 0.25535697
v 0.31769475 -0.01879347 0.25448546
v 0.31939292 -0.01530153 0.25369427
v 0.32083037 -0.01136039 0.25302285
v 0.32194376 -0.00658068 0.25250474
v 0.31961975 -0.00438480 0.24672593
v 0.32239789 -0.00260484 0.25229236
v 0.31987861 0.00069987 0.24661562
v 0.32247818 0.00032139 0.25225514
v 0.32224822 0.00445458 0.25236210
v 0.31941885 0.00608980 0.24687542
v 0.32149822 0.00881318 0.25271210
v 0.32027656 0.01303874 0.25328180
v 0.31865847 0.01693298 0.25403649
v 0.31695408 0.02005148 0.25483093
v 0.31466842 0.02340272 0.25589782
v 0.31156138 0.02691821 0.25734544
v 0.30714199 0.03057400 0.25940728
v 0.30281517 0.03305904 0.26142350
v 0.29953545 0.03438932 0.26295373
v 0.29596761 0.03539275 0.26461601
v 0.29204324 0.03593019 0.26644689
v 0.28799191 0.03597255 0.26833743
v 0.28401667 0.03543963 0.27019057
v 0.28103900 0.03467246 0.27157876
v 0.27854386 0.03378801 0.27274296
v 0.27493182 0.03205482 0.27442974
v 0.27142805 0.02973622 0.27606103
v 0.26916707 0.02785568 0.27711383
v 0.26676968 0.02548464 0.27823010
v 0.26458365 0.02280465 0.27925158
v 0.26271173 0.02002451 0.28012243
v 0.26101276 0.01688294 0.28091863
v 0.26013920 0.01482163 0.28140828
v 0.26000831 0.01306353 0.28288004
v 0.25996837 -0.01344069 0.28243792
v 0.25958598 -0.00994792 0.28452250
v 0.25885731 -0.00617885 0.28494501
v 0.25838649 -0.00274746 0.28501245
v 0.25460929 -0.00209790 0.27702850
v 0.25834620 0.00210070 0.28502730
v 0.25468594 0.00288912 0.27702534
v 0.25876290 0.00573780 0.28493261
v 0.25506926 0.00617188 0.27684754
v 0.25946295 0.00948898 0.28456193
v 0.28921542 0.00744384 0.29756179
v 0.29049405 0.00468888 0.29784331
v 0.28979906 -0.00147258 0.29816827
v 0.28647071 -0.00059895 0.29851401
v 0.29090357 -0.00556977 0.29765210
v 0.29067233 -0.00767357 0.29733801
v 0.29268572 0.00853361 0.29682189
v 0.31462356 -0.00247715 0.25812444
v 0.31468371 0.00172492 0.25809646
v 0.30990177 0.01593152 0.26032642
v 0.30829155 0.01803700 0.26107696
v 0.31323782 0.00917833 0.25877097
v 0.31186923 0.01256107 0.25940865
v 0.31412214 0.00589211 0.25835785
v 0.31412214 -0.00589211 0.25835779
v 0.31323776 -0.00917834 0.25877091
v 0.31229189 -0.01159505 0.25921172
v 0.31100854 -0.01416985 0.25981033
v 0.30214074 -0.02331383 0.26394510
v 0.30426523 -0.02186692 0.26295471
v 0.30623874 0.02022893 0.26203418
v 0.30292410 0.02284871 0.26358005
v 0.27799073 0.02251303 0.27520674
v 0.29973271 0.02456943 0.26506799
v 0.29731774 0.02548080 0.26619413
v 0.30634090 -0.02012574 0.26198661
v 0.30877262 -0.01748454 0.26085263
v 0.29731777 -0.02548080 0.26619422
v 0.29967946 -0.02458834 0.26509267
v 0.28531694 0.02587423 0.27179021
v 0.28077346 0.02417449 0.27390891
v 0.28037775 -0.02394902 0.27409363
v 0.28318164 -0.02520027 0.27278608
v 0.29373747 0.02632419 0.26786372
v 0.29373741 -0.02632419 0.26786360
v 0.28977305 0.02651091 0.26971221
v 0.28977302 -0.02651091 0.26971215
v 0.28660181 -0.02612606 0.27119118
v 0.27181861 -0.01832212 0.28423476
v 0.27254599 -0.01722953 0.28318754
v 0.27169329 -0.02823937 0.27735573
v 0.27350923 -0.02661358 0.27652597
v 0.27031705 -0.02376294 0.28037140
v 0.27202234 -0.02526316 0.27785328
v 0.27248445 -0.02232446 0.27827534
v 0.27131376 -0.02167284 0.28002292
v 0.27080595 -0.02031056 0.28273448
v 0.27193433 -0.01897641 0.28110340
v 0.27375624 -0.01265130 0.28780609
v 0.28597766 -0.01032232 0.29353756
v 0.29312214 -0.00905687 0.29661813
v 0.28857803 0.00959577 0.29484186
v 0.28166464 0.01092493 0.29166290
v 0.27003899 0.01319300 0.28608811
v 0.27164897 0.01846619 0.28409714
v 0.27046552 0.02189903 0.28164530
v 0.27065808 0.02567250 0.27910286
v 0.27186751 0.02843216 0.27720404
v 0.29395568 -0.01333476 0.29335716
v 0.29532945 -0.01106386 0.29558864
v 0.29641771 -0.01446025 0.29227412
v 0.29842663 -0.01256424 0.29414436
v 0.29199615 -0.01265286 0.29368728
v 0.29412794 0.01007221 0.29614875
v 0.29185313 0.01261715 0.29368949
v 0.29609793 0.01153897 0.29523030
v 0.29434368 0.01351078 0.29324111
v 0.29854083 0.01258283 0.29409093
v 0.29759932 0.01479956 0.29172477
v 0.30224290 0.01305334 0.29236460
v 0.30055827 0.01512684 0.29034254
v 0.30273226 0.01491755 0.28933036
v 0.30604970 0.01209571 0.29058984
v 0.30482247 0.01436173 0.28835416
v 0.30721897 0.01320665 0.28723767
v 0.30865094 0.01044215 0.28937662
v 0.30941910 0.01150031 0.28621143
v 0.31064400 0.00836123 0.28844708
v 0.31114390 0.00955177 0.28540787
v 0.31237927 0.00535308 0.28763798
v 0.31237197 0.00758293 0.28483492
v 0.31352696 0.00482201 0.28429666
v 0.31310833 0.00283778 0.28729776
v 0.31409115 0.00208988 0.28403395
v 0.31340116 -0.00016072 0.28716144
v 0.31421077 -0.00086249 0.28397661
v 0.31311783 -0.00278893 0.28729334
v 0.31382442 -0.00360566 0.28415728
v 0.31234112 -0.00540096 0.28765559
v 0.31306931 -0.00608347 0.28450820
v 0.31167504 -0.00881738 0.28515959
v 0.31115234 -0.00762554 0.28821045
v 0.30899200 -0.01020498 0.28921795
v 0.30992597 -0.01098767 0.28597552
v 0.30806753 -0.01263501 0.28684142
v 0.30617461 -0.01201023 0.29053128
v 0.30594918 -0.01388309 0.28782931
v 0.30285668 -0.01493920 0.28927213
v 0.30325231 -0.01290679 0.29189470
v 0.30095229 -0.01299928 0.29296672
v 0.29972020 -0.01510086 0.29073581
v 0.29593876 -0.01344456 0.28978732
v 0.29983857 0.01400291 0.28796887
v 0.30335897 0.01331337 0.28632748
v 0.30681404 0.01143398 0.28471619
v 0.30899909 0.00921347 0.28369743
v 0.31088826 0.00614373 0.28281650
v 0.31191665 0.00265445 0.28233689
v 0.31212130 -0.00147768 0.28224149
v 0.31088826 -0.00614373 0.28281650
v 0.30899909 -0.00921347 0.28369743
v 0.30681404 -0.01143398 0.28471619
v 0.30335897 -0.01331337 0.28632748
v 0.29983857 -0.01400291 0.28796887
v 0.28990352 -0.00573668 0.29260159
v 0.29205909 -0.00881151 0.29159683
v 0.28992036 0.00585714 0.29259378
v 0.28892040 0.00298634 0.29305980
v 0.28861782 -0.00168973 0.29320121
v 0.27138433 0.01970959 0.28160661
v 0.27273446 0.02426960 0.27753049
v 0.27333599 0.01659918 0.28396517
v 0.27179289 0.02270609 0.27886847
v 0.27112639 0.02174557 0.28033441
v 0.28575140 0.00920616 0.29442737
v 0.27796251 0.00951333 0.29224515
v 0.27127191 0.01128752 0.28815338
v 0.26926598 0.01246772 0.28635034
v 0.28600520 -0.00917456 0.29450649
v 0.27034500 -0.01258209 0.28661191
v 0.27054694 -0.01161437 0.28757659
v 0.27038938 -0.01087964 0.28850037
v 0.28508216 -0.00847327 0.29522887
v 0.26663950 -0.00114350 0.28041649
v 0.26381886 0.00004431 0.27439824
v 0.26351160 0.00259565 0.27347204
v 0.26407358 0.00509425 0.27380785
v 0.26472405 0.00751476 0.27377346
v 0.26559502 0.00997348 0.27361849
v 0.26896781 0.01134757 0.27938890
v 0.26698560 0.01293216 0.27328277
v 0.26891959 0.01625759 0.27216223
v 0.27050722 0.01825236 0.27150744
v 0.27264291 0.02050980 0.27041379
v 0.27559188 0.02278628 0.26905432
v 0.27815410 0.02426971 0.26772538
v 0.28045484 0.02519415 0.26684946
v 0.28217685 0.02578810 0.26566958
v 0.28507736 0.02634732 0.26454899
v 0.28788820 0.02651486 0.26290566
v 0.29105970 0.02629941 0.26196572
v 0.29462427 0.02548753 0.26036993
v 0.29691839 0.02458065 0.25915039
v 0.29982755 0.02309280 0.25797218
v 0.30286700 0.02082997 0.25653827
v 0.30551621 0.01806593 0.25512505
v 0.30741712 0.01557844 0.25439677
v 0.30870387 0.01327216 0.25359809
v 0.30994552 0.01077639 0.25325775
v 0.31095019 0.00775638 0.25272828
v 0.31173289 0.00384195 0.25233120
v 0.31133571 0.00139913 0.25088882
v 0.31184325 -0.00149966 0.25199804
v 0.31167611 -0.00420564 0.25236535
v 0.31112820 -0.00720597 0.25271937
v 0.30986708 -0.01091014 0.25319421
v 0.30826625 -0.01412176 0.25387245
v 0.30620074 -0.01715160 0.25463173
v 0.30517679 -0.01847125 0.25532764
v 0.30318037 -0.02043121 0.25608379
v 0.30134213 -0.02205872 0.25730240
v 0.29925257 -0.02339749 0.25816876
v 0.29718676 -0.02450537 0.25925863
v 0.29472679 -0.02541607 0.25997490
v 0.29097775 -0.02631296 0.26191977
v 0.28805718 -0.02651069 0.26310638
v 0.28543267 -0.02637660 0.26447356
v 0.28331798 -0.02604493 0.26521406
v 0.28057659 -0.02527252 0.26668853
v 0.27723402 -0.02375121 0.26836184
v 0.27432910 -0.02193083 0.26954460
v 0.27179810 -0.01967752 0.27082157
v 0.27009708 -0.01783961 0.27154121
v 0.26883075 -0.01606339 0.27234226
v 0.26697284 -0.01281537 0.27336642
v 0.26556271 -0.00987139 0.27366832
v 0.26444733 -0.00669940 0.27373746
v 0.26409727 -0.00358947 0.27443486
v 0.28564993 0.01134280 0.28986549
v 0.29063070 0.00898554 0.29156372
v 0.27691010 0.01126309 0.28543136
v 0.27353281 -0.00725840 0.28447154
v 0.27177942 -0.00300911 0.28381261
v 0.27232757 -0.00755177 0.28285298
v 0.27304295 -0.00419408 0.28503835
v 0.27284646 -0.00004230 0.28537950
v 0.27304009 0.00336230 0.28526953
v 0.27137089 0.00240430 0.28343025
v 0.27396873 0.00695412 0.28509706
v 0.27195516 0.00802885 0.28224072
v 0.27431029 0.00908834 0.28433654
v 0.27439359 -0.00219217 0.28682584
v 0.27548847 -0.00780775 0.28618622
v 0.27519226 0.00489117 0.28699803
v 0.27550212 -0.00484846 0.28728271
v 0.27658525 0.00869274 0.28670162
v 0.27527702 0.00080293 0.28772560
v 0.27752277 -0.00948886 0.28703621
v 0.27886170 -0.01182167 0.28654397
v 0.27949172 0.01063430 0.28772074
v 0.27801526 0.00703915 0.28846237
v 0.27735722 0.00341752 0.28900594
v 0.27820143 -0.00668338 0.28871152
v 0.27720907 -0.00316215 0.28891391
v 0.28136992 -0.01259770 0.28750134
v 0.27763656 -0.00049290 0.28945121
v 0.28168532 0.01172991 0.28821120
v 0.28057486 -0.00960950 0.28885585
v 0.27958506 -0.00425256 0.29018945
v 0.28008556 0.00683146 0.28974676
v 0.28206858 0.00965055 0.28954607
v 0.28013346 0.00234307 0.29077375
v 0.28315163 -0.01155619 0.28896958
v 0.28031003 -0.00098613 0.29094863
v 0.28130192 -0.00747516 0.29009837
v 0.28203753 0.00629540 0.29080436
v 0.28360987 -0.00847137 0.29063845
v 0.28323308 0.00476316 0.29165280
v 0.28227434 -0.00489646 0.29127452
v 0.28578103 -0.01076212 0.29022101
v 0.28497508 0.00871800 0.29096174
v 0.28275576 -0.00046277 0.29196656
v 0.28399655 0.00305866 0.29216266
v 0.28383902 -0.00380586 0.29199773
v 0.28567985 -0.00164522 0.29274857
v 0.28635046 -0.00510450 0.29238892
v 0.28716141 -0.00728048 0.29193780
v 0.28783101 0.00818423 0.29172185
v 0.28613430 0.00175075 0.29284060
v 0.28668982 0.00533890 0.29236847
v 0.28900787 -0.00836628 0.29175088
v 0.27187017 -0.01056186 0.28098941
v 0.27084184 0.01061490 0.28038013
v 0.27004477 -0.00749718 0.28103432
v 0.27044123 -0.00479143 0.28203994
v 0.26959869 0.00212100 0.28180942
v 0.27006203 0.00434496 0.28185031
v 0.27101648 0.00659046 0.28200173
v 0.26922861 0.00848774 0.28034109
v 0.26913324 -0.00134227 0.28160024
v 0.27045128 -0.00124555 0.28258556
v 0.26587856 -0.01552891 0.27181178
v 0.26386869 -0.01143283 0.27275580
v 0.26413664 -0.02309326 0.27262601
v 0.27708858 -0.02606181 0.26656064
v 0.27252695 -0.02306234 0.26871362
v 0.26972619 -0.02600400 0.26999897
v 0.26952317 -0.02012428 0.27011502
v 0.30193108 -0.02591861 0.25498736
v 0.30064890 -0.02398827 0.25559881
v 0.29670060 -0.02598190 0.25744092
v 0.30670279 -0.01823571 0.25277680
v 0.31055534 -0.02078559 0.25097567
v 0.31089547 -0.01019220 0.25078228
v 0.31074193 0.01089573 0.25088131
v 0.31080109 0.02234070 0.25085554
v 0.30855933 0.01574347 0.25190783
v 0.30491930 0.02031221 0.25360692
v 0.29834011 0.02517698 0.25669774
v 0.27139837 0.02234752 0.26923683
v 0.27734095 0.02596140 0.26645395
v 0.26700199 0.02583636 0.27128279
v 0.26372606 0.02305678 0.27280807
v 0.26554704 0.01485591 0.27196977
v 0.31960088 -0.00555853 0.24610840
v 0.31949389 -0.01505088 0.24588469
v 0.31954822 0.00550964 0.24599421
v 0.31950325 0.01527389 0.24592966
v 0.31880790 0.02421672 0.24445507
v 0.25434038 0.00588881 0.27651376
v 0.25426480 0.01299029 0.27634665
v 0.25428551 -0.01412318 0.27636775
v 0.25425160 -0.00771287 0.27632111
v 0.25371975 0.02311176 0.27516058
v 0.25387111 -0.02209401 0.27546194
v 0.27853328 -0.02996169 0.26204199
v 0.27810374 -0.04137089 0.26221648
v 0.28250208 -0.04225162 0.26019472
v 0.29024994 -0.04190404 0.25658005
v 0.29326186 -0.04144768 0.25515544
v 0.28535813 0.02989916 0.25886127
v 0.29288474 0.02989393 0.25535133
v 0.28892991 0.04228208 0.25719693
v 0.29329547 0.04143489 0.25513694
v 0.28145072 0.04199181 0.26068416
v 0.27672067 -0.04152355 0.26258630
v 0.29459310 -0.04181906 0.25439382
v 0.27804700 0.04145952 0.26224470
v 0.27612296 0.04222940 0.26286024
v 0.29390466 0.03003383 0.25471574
v 0.29462624 0.04212164 0.25438040
v 0.30795971 0.03493373 0.24826820
v 0.30573878 0.03587957 0.24928623
v 0.30404478 0.03821256 0.25006229
v 0.26747245 0.03941828 0.26682481
v 0.26674747 0.03719323 0.26715699
v 0.26540890 0.03578183 0.26777023
v 0.26378399 0.03505183 0.26851541
v 0.26164794 0.03514559 0.26949459
v 0.26209998 -0.03506431 0.26928720
v 0.26378399 -0.03505187 0.26851547
v 0.26548284 -0.03582796 0.26773641
v 0.26665694 -0.03709912 0.26719853
v 0.26743761 -0.03903789 0.26684064
v 0.30382222 -0.03949137 0.25016442
v 0.30465052 -0.03702476 0.24978481
v 0.30666259 -0.03530656 0.24886289
v 0.30864742 -0.03498581 0.24795283
v 0.25461519 0.01566762 0.27653557
v 0.27784777 0.04223556 0.26361659
v 0.27787349 0.04199677 0.26262242
v 0.28143778 0.04259603 0.26104611
v 0.29162282 0.04261167 0.25754759
v 0.28203785 0.04282559 0.26182121
v 0.28603816 0.04315356 0.25955200
v 0.29393786 0.04213314 0.25529885
v 0.28994101 0.04274107 0.25718427
v 0.25476390 -0.00749359 0.27671188
v 0.31941536 -0.00750063 0.24666436
v 0.27777681 -0.04200210 0.26265466
v 0.27756146 -0.04221398 0.26364541
v 0.31949818 -0.01237993 0.24639317
v 0.29013997 -0.04283073 0.25821760
v 0.29538453 -0.04244140 0.25508359
v 0.28102729 -0.04271599 0.26162261
v 0.28922620 -0.04292685 0.25773299
v 0.29405451 -0.04218239 0.25529104
v 0.28589380 -0.04281187 0.25888869
v 0.28458151 -0.04305521 0.26059717
v 0.28156748 0.02612163 0.26493591
v 0.28512686 0.02648767 0.26311332
v 0.30145326 0.02628495 0.25508294
v 0.29439452 0.02625351 0.25859508
v 0.29042882 0.02644146 0.26075107
v 0.29442978 0.02561705 0.25945139
v 0.29800135 0.02425625 0.25777420
v 0.26436874 -0.00942513 0.27302653
v 0.26697272 -0.01389404 0.27250832
v 0.26331082 -0.00268957 0.27320662
v 0.26330900 -0.00673645 0.27305037
v 0.26327208 -0.01622804 0.27285856
v 0.26645458 -0.01483993 0.27188447
v 0.26312986 0.00523513 0.27306145
v 0.26326808 0.01131982 0.27289563
v 0.26425532 0.00930602 0.27297461
v 0.26513436 0.01142626 0.27274519
v 0.31131691 -0.00360460 0.25060925
v 0.31120259 0.00689724 0.25062957
v 0.31122467 0.00520131 0.25137836
v 0.31115553 -0.01495490 0.25046864
v 0.31125838 -0.00481161 0.25128505
v 0.31005141 -0.01121129 0.25156829
v 0.31044453 -0.00899740 0.25215682
v 0.30912718 -0.01259360 0.25244471
v 0.31052938 -0.01077323 0.25110245
v 0.31016850 0.01019309 0.25173488
v 0.30901194 0.01313354 0.25215584
v 0.29929665 -0.02393173 0.25670019
v 0.29944006 -0.02345121 0.25727713
v 0.29056954 -0.02644601 0.26055941
v 0.29480454 -0.02568483 0.25892860
v 0.28423664 -0.02645245 0.26347962
v 0.28188765 -0.02623109 0.26468003
v 0.27754200 -0.02550772 0.26654819
v 0.27977002 -0.02535397 0.26622283
v 0.27647582 -0.02421517 0.26748770
v 0.30645612 -0.02649883 0.25266907
v 0.30752528 -0.01575840 0.25283942
v 0.30301771 -0.02113236 0.25495625
v 0.30493769 -0.01957911 0.25382930
v 0.27272812 -0.02182698 0.26915571
v 0.26982903 -0.01872344 0.27068928
v 0.30078959 0.02262888 0.25633338
v 0.30324388 0.02059371 0.25537470
v 0.30671003 0.01667028 0.25365424
v 0.30082104 0.02329000 0.25572440
v 0.30541256 0.01898464 0.25370866
v 0.27772143 0.02512855 0.26669514
v 0.27477843 0.02316728 0.26829356
v 0.26671463 0.01425111 0.27213109
v 0.27207491 0.02116875 0.26949477
v 0.26871714 0.01778916 0.27095732
vt 0.00000000 0.00000000
vt 0.00000000 0.00000000
vt 0.00000000 0.00000000
vt 0.00000000 0.00000000
vt 0.00000000 0.00000000
vt 0.00000000 0.00000000
vt 0.00000000 0.00000000
vt 0.00000000 0.00000000
vt 0.00000000 0.00000000
vt 0.00000000 0.00000000
vt 0.00000000 0.00000000
vt 0.00000000 0.00000000
vt 0.00000000 0.00000000
vt 0.00000000 0.00000000
vt 0.00000000 0.00000000
vt 0.00000000 0.00000000
vt 0.00000000 0.00000000
vt 0.00000000 0.00000000
vt 0.00000000 0.00000000
vt 0.00000000 0.00000000
vt 0.00000000 0.00000000
vt 0.00000000 0.00000000
vt 0.00000000 0.00000000
vt 0.00000000 0.00000000
vt 0.00000000 0.00000000
vt 0.00000000 0.00000000
vt 0.00000000 0.00000000
vt 0.00000000 0.00000000
vt 0.00000000 0.00000000
vt 0.00000000 0.00000000
vt 0.00000000 0.00000000
vt 0.00000000 0.00000000
vt 0.00000000 0.00000000
vt 0.00000000 0.00000000
vt 0.00000000 0.00000000
vt 0.00000000 0.00000000
vt 0.00000000 0.00000000
vt 0.00000000 0.00000000
vt 0.00000000 0.00000000
vt 0.00000000 0.00000000
vt 0.00000000 0.00000000
vt 0.00000000 0.00000000
vt 0.00000000 0.00000000
vt 0.00000000 0.00000000
vt 0.00000000 0.00000000
vt 0.00000000 0.00000000
vt 0.00000000 0.00000000
vt 0.00000000 0.00000000
vt 0.00000000 0.00000000
vt 0.00000000 0.00000000
vt 0.00000000 0.00000000
vt 0.00000000 0.00000000
vt 0.00000000 0.00000000
vt 0.00000000 0.00000000
vt 0.00000000 0.00000000
vt 0.00000000 0.00000000
vt 0.00000000 0.00000000
vt 0.00000000 0.00000000
vt 0.00000000 0.00000000
vt 0.00000000 0.00000000
vt 0.00000000 0.00000000
vt 0.00000000 0.00000000
vt 0.00000000 0.00000000
vt 0.00000000 0.00000000
vt 0.00000000 0.00000000
vt 0.00000000 0.00000000
vt 0.00000000 0.00000000
vt 0.00000000 0.00000000
vt 0.00000000 0.00000000
vt 0.00000000 0.00000000
vt 0.00000000 0.00000000
vt 0.00000000 0.00000000
vt 0.00000000 0.00000000
vt 0.00000000 0.00000000
vt 0.00000000 0.00000000
vt 0.00000000 0.00000000
vt 0.00000000 0.00000000
vt 0.00000000 0.00000000
vt 0.00000000 0.00000000
vt 0.00000000 0.00000000
vt 0.00000000 0.00000000
vt 0.00000000 0.00000000
vt 0.00000000 0.00000000
vt 0.00000000 0.00000000
vt 0.00000000 0.00000000
vt 0.00000000 0.00000000
vt 0.00000000 0.00000000
vt 0.00000000 0.00000000
vt 0.00000000 0.00000000
vt 0.00000000 0.00000000
vt 0.00000000 0.00000000
vt 0.00000000 0.00000000
vt 0.00000000 0.00000000
vt 0.00000000 0.00000000
vt 0.00000000 0.00000000
vt 0.00000000 0.00000000
vt 0.00000000 0.00000000
vt 0.00000000 0.00000000
vt 0.00000000 0.00000000
vt 0.00000000 0.00000000
vt 0.00000000 0.00000000
vt 0.00000000 0.00000000
vt 0.00000000 0.00000000
vt 0.00000000 0.00000000
vt 0.00000000 0.00000000
vt 0.00000000 0.00000000
vt 0.00000000 0.00000000
vt 0.00000000 0.00000000
vt 0.00000000 0.00000000
vt 0.00000000 0.00000000
vt 0.00000000 0.00000000
vt 0.00000000 0.00000000
vt 0.00000000 0.00000000
vt 0.00000000 0.00000000
vt 0.00000000 0.00000000
vt 0.00000000 0.00000000
vt 0.00000000 0.00000000
vt 0.00000000 0.00000000
vt 0.00000000 0.00000000
vt 0.00000000 0.00000000
vt 0.00000000 0.00000000
vt 0.00000000 0.00000000
vt 0.00000000 0.00000000
vt 0.00000000 0.00000000
vt 0.00000000 0.00000000
vt 0.00000000 0.00000000
vt 0.00000000 0.00000000
vt 0.00000000 0.00000000
vt 0.00000000 0.00000000
vt 0.00000000 0.00000000
vt 0.00000000 0.00000000
vt 0.00000000 0.00000000
vt 0.00000000 0.00000000
vt 0.00000000 0.00000000
vt 0.00000000 0.00000000
vt 0.00000000 0.00000000
vt 0.00000000 0.00000000
vt 0.00000000 0.00000000
vt 0.00000000 0.00000000
vt 0.00000000 0.00000000
vt 0.00000000 0.00000000
vt 0.00000000 0.00000000
vt 0.00000000 0.00000000
vt 0.00000000 0.00000000
vt 0.00000000 0.00000000
vt 0.00000000 0.00000000
vt 0.00000000 0.00000000
vt 0.00000000 0.00000000
vt 0.00000000 0.00000000
vt 0.00000000 0.00000000
vt 0.00000000 0.00000000
vt 0.00000000 0.00000000
vt 0.00000000 0.00000000
vt 0.00000000 0.00000000
vt 0.00000000 0.00000000
vt 0.00000000 0.00000000
vt 0.00000000 0.00000000
vt 0.00000000 0.00000000
vt 0.00000000 0.00000000
vt 0.00000000 0.00000000
vt 0.00000000 0.00000000
vt 0.00000000 0.00000000
vt 0.00000000 0.00000000
vt 0.00000000 0.00000000
vt 0.00000000 0.00000000
vt 0.00000000 0.00000000
vt 0.00000000 0.00000000
vt 0.00000000 0.00000000
vt 0.00000000 0.00000000
vt 0.00000000 0.00000000
vt 0.00000000 0.00000000
vt 0.00000000 0.00000000
vt 0.00000000 0.00000000
vt 0.00000000 0.00000000
vt 0.00000000 0.00000000
vt 0.00000000 0.00000000
vt 0.00000000 0.00000000
vt 0.00000000 0.00000000
vt 0.00000000 0.00000000
vt 0.00000000 0.00000000
vt 0.00000000 0.00000000
vt 0.00000000 0.00000000
vt 0.00000000 0.00000000
vt 0.00000000 0.00000000
vt 0.00000000 0.00000000
vt 0.00000000 0.00000000
vt 0.00000000 0.00000000
vt 0.00000000 0.00000000
vt 0.00000000 0.00000000
vt 0.00000000 0.00000000
vt 0.00000000 0.00000000
vt 0.00000000 0.00000000
vt 0.00000000 0.00000000
vt 0.00000000 0.00000000
vt 0.00000000 0.00000000
vt 0.00000000 0.00000000
vt 0.00000000 0.00000000
vt 0.00000000 0.00000000
vt 0.00000000 0.00000000
vt 0.00000000 0.00000000
vt 0.00000000 0.00000000
vt 0.00000000 0.00000000
vt 0.00000000 0.00000000
vt 0.00000000 0.00000000
vt 0.00000000 0.00000000
vt 0.00000000 0.00000000
vt 0.00000000 0.00000000
vt 0.00000000 0.00000000
vt 0.00000000 0.00000000
vt 0.00000000 0.00000000
vt 0.00000000 0.00000000
vt 0.00000000 0.00000000
vt 0.00000000 0.00000000
vt 0.00000000 0.00000000
vt 0.00000000 0.00000000
vt 0.00000000 0.00000000
vt 0.00000000 0.00000000
vt 0.00000000 0.00000000
vt 0.00000000 0.00000000
vt 0.00000000 0.00000000
vt 0.00000000 0.00000000
vt 0.00000000 0.00000000
vt 0.00000000 0.00000000
vt 0.00000000 0.00000000
vt 0.00000000 0.00000000
vt 0.00000000 0.00000000
vt 0.00000000 0.00000000
vt 0.00000000 0.00000000
vt 0.00000000 0.00000000
vt 0.00000000 0.00000000
vt 0.00000000 0.00000000
vt 0.00000000 0.00000000
vt 0.00000000 0.00000000
vt 0.00000000 0.00000000
vt 0.00000000 0.00000000
vt 0.00000000 0.00000000
vt 0.00000000 0.00000000
vt 0.00000000 0.00000000
vt 0.00000000 0.00000000
vt 0.00000000 0.00000000
vt 0.00000000 0.00000000
vt 0.00000000 0.00000000
vt 0.00000000 0.00000000
vt 0.00000000 0.00000000
vt 0.00000000 0.00000000
vt 0.00000000 0.00000000
vt 0.00000000 0.00000000
vt 0.00000000 0.00000000
vt 0.00000000 0.00000000
vt 0.00000000 0.00000000
vt 0.00000000 0.00000000
vt 0.00000000 0.00000000
vt 0.00000000 0.00000000
vt 0.00000000 0.00000000
vt 0.00000000 0.00000000
vt 0.00000000 0.00000000
vt 0.00000000 0.00000000
vt 0.00000000 0.00000000
vt 0.00000000 0.00000000
vt 0.00000000 0.00000000
vt 0.00000000 0.00000000
vt 0.00000000 0.00000000
vt 0.00000000 0.00000000
vt 0.00000000 0.00000000
vt 0.00000000 0.00000000
vt 0.00000000 0.00000000
vt 0.00000000 0.00000000
vt 0.00000000 0.00000000
vt 0.00000000 0.00000000
vt 0.00000000 0.00000000
vt 0.00000000 0.00000000
vt 0.00000000 0.00000000
vt 0.00000000 0.00000000
vt 0.00000000 0.00000000
vt 0.00000000 0.00000000
vt 0.00000000 0.00000000
vt 0.00000000 0.00000000
vt 0.00000000 0.00000000
vt 0.00000000 0.00000000
vt 0.00000000 0.00000000
vt 0.00000000 0.00000000
vt 0.00000000 0.00000000
vt 0.00000000 0.00000000
vt 0.00000000 0.00000000
vt 0.00000000 0.00000000
vt 0.00000000 0.00000000
vt 0.00000000 0.00000000
vt 0.00000000 0.00000000
vt 0.00000000 0.00000000
vt 0.00000000 0.00000000
vt 0.00000000 0.00000000
vt 0.00000000 0.00000000
vt 0.00000000 0.00000000
vt 0.00000000 0.00000000
vt 0.00000000 0.00000000
vt 0.00000000 0.00000000
vt 0.00000000 0.00000000
vt 0.00000000 0.00000000
vt 0.00000000 0.00000000
vt 0.00000000 0.00000000
vt 0.00000000 0.00000000
vt 0.00000000 0.00000000
vt 0.00000000 0.00000000
vt 0.00000000 0.00000000
vt 0.00000000 0.00000000
vt 0.00000000 0.00000000
vt 0.00000000 0.00000000
vt 0.00000000 0.00000000
vt 0.00000000 0.00000000
vt 0.00000000 0.00000000
vt 0.00000000 0.00000000
vt 0.00000000 0.00000000
vt 0.00000000 0.00000000
vt 0.00000000 0.00000000
vt 0.00000000 0.00000000
vt 0.00000000 0.00000000
vt 0.00000000 0.00000000
vt 0.00000000 0.00000000
vt 0.00000000 0.00000000
vt 0.00000000 0.00000000
vt 0.00000000 0.00000000
vt 0.00000000 0.00000000
vt 0.00000000 0.00000000
vt 0.00000000 0.00000000
vt 0.00000000 0.00000000
vt 0.00000000 0.00000000
vt 0.00000000 0.00000000
vt 0.00000000 0.00000000
vt 0.00000000 0.00000000
vt 0.00000000 0.00000000
vt 0.00000000 0.00000000
vt 0.00000000 0.00000000
vt 0.00000000 0.00000000
vt 0.00000000 0.00000000
vt 0.00000000 0.00000000
vt 0.00000000 0.00000000
vt 0.00000000 0.00000000
vt 0.00000000 0.00000000
vt 0.00000000 0.00000000
vt 0.00000000 0.00000000
vt 0.00000000 0.00000000
vt 0.00000000 0.00000000
vt 0.00000000 0.00000000
vt 0.00000000 0.00000000
vt 0.00000000 0.00000000
vt 0.00000000 0.00000000
vt 0.00000000 0.00000000
vt 0.00000000 0.00000000
vt 0.00000000 0.00000000
vt 0.00000000 0.00000000
vt 0.00000000 0.00000000
vt 0.00000000 0.00000000
vt 0.00000000 0.00000000
vt 0.00000000 0.00000000
vt 0.00000000 0.00000000
vt 0.00000000 0.00000000
vt 0.00000000 0.00000000
vt 0.00000000 0.00000000
vt 0.00000000 0.00000000
vt 0.00000000 0.00000000
vt 0.00000000 0.00000000
vt 0.00000000 0.00000000
vt 0.00000000 0.00000000
vt 0.00000000 0.00000000
vt 0.00000000 0.00000000
vt 0.00000000 0.00000000
vt 0.00000000 0.00000000
vt 0.00000000 0.00000000
vt 0.00000000 0.00000000
vt 0.00000000 0.00000000
vt 0.00000000 0.00000000
vt 0.00000000 0.00000000
vt 0.00000000 0.00000000
vt 0.00000000 0.00000000
vt 0.00000000 0.00000000
vt 0.00000000 0.00000000
vt 0.00000000 0.00000000
vt 0.00000000 0.00000000
vt 0.00000000 0.00000000
vt 0.00000000 0.00000000
vt 0.00000000 0.00000000
vt 0.00000000 0.00000000
vt 0.00000000 0.00000000
vt 0.00000000 0.00000000
vt 0.00000000 0.00000000
vt 0.00000000 0.00000000
vt 0.00000000 0.00000000
vt 0.00000000 0.00000000
vt 0.00000000 0.00000000
vt 0.00000000 0.00000000
vt 0.00000000 0.00000000
vt 0.00000000 0.00000000
vt 0.00000000 0.00000000
vt 0.00000000 0.00000000
vt 0.00000000 0.00000000
vt 0.00000000 0.00000000
vt 0.00000000 0.00000000
vt 0.00000000 0.00000000
vt 0.00000000 0.00000000
vt 0.00000000 0.00000000
vt 0.00000000 0.00000000
vt 0.00000000 0.00000000
vt 0.00000000 0.00000000
vt 0.00000000 0.00000000
vt 0.00000000 0.00000000
vt 0.00000000 0.00000000
vt 0.00000000 0.00000000
vt 0.00000000 0.00000000
vt 0.00000000 0.00000000
vt 0.00000000 0.00000000
vt 0.00000000 0.00000000
vt 0.00000000 0.00000000
vt 0.00000000 0.00000000
vt 0.00000000 0.00000000
vt 0.00000000 0.00000000
vt 0.00000000 0.00000000
vt 0.00000000 0.00000000
vt 0.00000000 0.00000000
vt 0.00000000 0.00000000
vt 0.00000000 0.00000000
vt 0.00000000 0.00000000
vt 0.00000000 0.00000000
vt 0.00000000 0.00000000
vt 0.00000000 0.00000000
vt 0.00000000 0.00000000
vt 0.00000000 0.00000000
vt 0.00000000 0.00000000
vt 0.00000000 0.00000000
vt 0.00000000 0.00000000
vt 0.00000000 0.00000000
vt 0.00000000 0.00000000
vt 0.00000000 0.00000000
vt 0.00000000 0.00000000
vt 0.00000000 0.00000000
vt 0.00000000 0.00000000
vt 0.00000000 0.00000000
vt 0.00000000 0.00000000
vt 0.00000000 0.00000000
vt 0.00000000 0.00000000
vt 0.00000000 0.00000000
vt 0.00000000 0.00000000
vt 0.00000000 0.00000000
vt 0.00000000 0.00000000
vt 0.00000000 0.00000000
vt 0.00000000 0.00000000
vt 0.00000000 0.00000000
vt 0.00000000 0.00000000
vt 0.00000000 0.00000000
vt 0.00000000 0.00000000
vt 0.00000000 0.00000000
vt 0.00000000 0.00000000
vt 0.00000000 0.00000000
vt 0.00000000 0.00000000
vt 0.00000000 0.00000000
vt 0.00000000 0.00000000
vt 0.00000000 0.00000000
vt 0.00000000 0.00000000
vt 0.00000000 0.00000000
vt 0.00000000 0.00000000
vt 0.00000000 0.00000000
vt 0.00000000 0.00000000
vt 0.00000000 0.00000000
vt 0.00000000 0.00000000
vt 0.00000000 0.00000000
vt 0.00000000 0.00000000
vt 0.00000000 0.00000000
vt 0.00000000 0.00000000
vt 0.00000000 0.00000000
vt 0.00000000 0.00000000
vt 0.00000000 0.00000000
vt 0.00000000 0.00000000
vt 0.00000000 0.00000000
vt 0.00000000 0.00000000
vt 0.00000000 0.00000000
vt 0.00000000 0.00000000
vt 0.00000000 0.00000000
vt 0.00000000 0.00000000
vt 0.00000000 0.00000000
vt 0.00000000 0.00000000
vt 0.00000000 0.00000000
vt 0.00000000 0.00000000
vt 0.00000000 0.00000000
vt 0.00000000 0.00000000
vt 0.00000000 0.00000000
vt 0.00000000 0.00000000
vt 0.00000000 0.00000000
vt 0.00000000 0.00000000
vt 0.00000000 0.00000000
vt 0.00000000 0.00000000
vt 0.00000000 0.00000000
vt 0.00000000 0.00000000
vt 0.00000000 0.00000000
vt 0.00000000 0.00000000
vt 0.00000000 0.00000000
vt 0.00000000 0.00000000
vt 0.00000000 0.00000000
vt 0.00000000 0.00000000
vt 0.00000000 0.00000000
vt 0.00000000 0.00000000
vt 0.00000000 0.00000000
vt 0.00000000 0.00000000
vt 0.00000000 0.00000000
vt 0.00000000 0.00000000
vt 0.00000000 0.00000000
vt 0.00000000 0.00000000
vt 0.00000000 0.00000000
vt 0.00000000 0.00000000
vt 0.00000000 0.00000000
vt 0.00000000 0.00000000
vt 0.00000000 0.00000000
vt 0.00000000 0.00000000
vt 0.00000000 0.00000000
vt 0.00000000 0.00000000
vt 0.00000000 0.00000000
vt 0.00000000 0.00000000
vt 0.00000000 0.00000000
vt 0.00000000 0.00000000
vt 0.00000000 0.00000000
vt 0.00000000 0.00000000
vt 0.00000000 0.00000000
vt 0.00000000 0.00000000
vt 0.00000000 0.00000000
vt 0.00000000 0.00000000
vt 0.00000000 0.00000000
vt 0.00000000 0.00000000
vt 0.00000000 0.00000000
vt 0.00000000 0.00000000
vt 0.00000000 0.00000000
vt 0.00000000 0.00000000
vt 0.00000000 0.00000000
vt 0.00000000 0.00000000
vt 0.00000000 0.00000000
vt 0.00000000 0.00000000
vt 0.00000000 0.00000000
vt 0.00000000 0.00000000
vt 0.00000000 0.00000000
vt 0.00000000 0.00000000
vt 0.00000000 0.00000000
vt 0.00000000 0.00000000
vt 0.00000000 0.00000000
vt 0.00000000 0.00000000
vt 0.00000000 0.00000000
vt 0.00000000 0.00000000
vt 0.00000000 0.00000000
vt 0.00000000 0.00000000
vt 0.00000000 0.00000000
vt 0.00000000 0.00000000
vt 0.00000000 0.00000000
vt 0.00000000 0.00000000
vt 0.00000000 0.00000000
vt 0.00000000 0.00000000
vt 0.00000000 0.00000000
vt 0.00000000 0.00000000
vt 0.00000000 0.00000000
vt 0.00000000 0.00000000
vt 0.00000000 0.00000000
vt 0.00000000 0.00000000
vt 0.00000000 0.00000000
vt 0.00000000 0.00000000
vt 0.00000000 0.00000000
vt 0.00000000 0.00000000
vt 0.00000000 0.00000000
vt 0.00000000 0.00000000
vt 0.00000000 0.00000000
vt 0.00000000 0.00000000
vt 0.00000000 0.00000000
vt 0.00000000 0.00000000
vt 0.00000000 0.00000000
vt 0.00000000 0.00000000
vt 0.00000000 0.00000000
vt 0.00000000 0.00000000
vt 0.00000000 0.00000000
vt 0.00000000 0.00000000
vt 0.00000000 0.00000000
vt 0.00000000 0.00000000
vt 0.00000000 0.00000000
vt 0.00000000 0.00000000
vt 0.00000000 0.00000000
vt 0.00000000 0.00000000
vt 0.00000000 0.00000000
vt 0.00000000 0.00000000
vt 0.00000000 0.00000000
vt 0.00000000 0.00000000
vt 0.00000000 0.00000000
vt 0.00000000 0.00000000
vt 0.00000000 0.00000000
vt 0.00000000 0.00000000
vt 0.00000000 0.00000000
vt 0.00000000 0.00000000
vt 0.00000000 0.00000000
vt 0.00000000 0.00000000
vt 0.00000000 0.00000000
vt 0.00000000 0.00000000
vt 0.00000000 0.00000000
vt 0.00000000 0.00000000
vt 0.00000000 0.00000000
vt 0.00000000 0.00000000
vt 0.00000000 0.00000000
vt 0.00000000 0.00000000
vt 0.00000000 0.00000000
vt 0.00000000 0.00000000
vt 0.00000000 0.00000000
vt 0.00000000 0.00000000
vt 0.00000000 0.00000000
vt 0.00000000 0.00000000
vt 0.00000000 0.00000000
vt 0.00000000 0.00000000
vt 0.00000000 0.00000000
vt 0.00000000 0.00000000
vt 0.00000000 0.00000000
vt 0.00000000 0.00000000
vt 0.00000000 0.00000000
vt 0.00000000 0.00000000
vt 0.00000000 0.00000000
vt 0.00000000 0.00000000
vt 0.00000000 0.00000000
vt 0.00000000 0.00000000
vt 0.00000000 0.00000000
vt 0.00000000 0.00000000
vt 0.00000000 0.00000000
vt 0.00000000 0.00000000
vt 0.00000000 0.00000000
vt 0.00000000 0.00000000
vt 0.00000000 0.00000000
vt 0.00000000 0.00000000
vt 0.00000000 0.00000000
vt 0.00000000 0.00000000
vt 0.00000000 0.00000000
vt 0.00000000 0.00000000
vt 0.00000000 0.00000000
vt 0.00000000 0.00000000
vt 0.00000000 0.00000000
vt 0.00000000 0.00000000
vt 0.00000000 0.00000000
vt 0.00000000 0.00000000
vt 0.00000000 0.00000000
vt 0.00000000 0.00000000
vt 0.00000000 0.00000000
vt 0.00000000 0.00000000
vt 0.00000000 0.00000000
vt 0.00000000 0.00000000
vt 0.00000000 0.00000000
vt 0.00000000 0.00000000
vt 0.00000000 0.00000000
vt 0.00000000 0.00000000
vt 0.00000000 0.00000000
vt 0.00000000 0.00000000
vt 0.00000000 0.00000000
vt 0.00000000 0.00000000
vt 0.00000000 0.00000000
vt 0.00000000 0.00000000
vt 0.00000000 0.00000000
vt 0.00000000 0.00000000
vt 0.00000000 0.00000000
vt 0.00000000 0.00000000
vt 0.00000000 0.00000000
vt 0.00000000 0.00000000
vt 0.00000000 0.00000000
vt 0.00000000 0.00000000
vt 0.00000000 0.00000000
vt 0.00000000 0.00000000
vt 0.00000000 0.00000000
vt 0.00000000 0.00000000
vt 0.00000000 0.00000000
vt 0.00000000 0.00000000
vt 0.00000000 0.00000000
vt 0.00000000 0.00000000
vt 0.00000000 0.00000000
vt 0.00000000 0.00000000
vt 0.00000000 0.00000000
vt 0.00000000 0.00000000
vt 0.00000000 0.00000000
vt 0.00000000 0.00000000
vt 0.00000000 0.00000000
vt 0.00000000 0.00000000
vt 0.00000000 0.00000000
vt 0.00000000 0.00000000
vt 0.00000000 0.00000000
vt 0.00000000 0.00000000
vt 0.00000000 0.00000000
vt 0.00000000 0.00000000
vt 0.00000000 0.00000000
vt 0.00000000 0.00000000
vt 0.00000000 0.00000000
vt 0.00000000 0.00000000
vt 0.00000000 0.00000000
vt 0.00000000 0.00000000
vt 0.00000000 0.00000000
vt 0.00000000 0.00000000
vt 0.00000000 0.00000000
vt 0.00000000 0.00000000
vt 0.00000000 0.00000000
vt 0.00000000 0.00000000
vt 0.00000000 0.00000000
vt 0.00000000 0.00000000
vt 0.00000000 0.00000000
vt 0.00000000 0.00000000
vt 0.00000000 0.00000000
vt 0.00000000 0.00000000
vt 0.00000000 0.00000000
vt 0.00000000 0.00000000
vt 0.00000000 0.00000000
vt 0.00000000 0.00000000
vt 0.00000000 0.00000000
vt 0.00000000 0.00000000
vt 0.00000000 0.00000000
vt 0.00000000 0.00000000
vt 0.00000000 0.00000000
vt 0.00000000 0.00000000
vt 0.00000000 0.00000000
vt 0.00000000 0.00000000
vt 0.00000000 0.00000000
vt 0.00000000 0.00000000
vt 0.00000000 0.00000000
vt 0.00000000 0.00000000
vt 0.00000000 0.00000000
vt 0.00000000 0.00000000
vt 0.00000000 0.00000000
vt 0.00000000 0.00000000
vt 0.00000000 0.00000000
vt 0.00000000 0.00000000
vt 0.00000000 0.00000000
vt 0.00000000 0.00000000
vt 0.00000000 0.00000000
vt 0.00000000 0.00000000
vt 0.00000000 0.00000000
vt 0.00000000 0.00000000
vt 0.00000000 0.00000000
vt 0.00000000 0.00000000
vt 0.00000000 0.00000000
vt 0.00000000 0.00000000
vt 0.00000000 0.00000000
vt 0.00000000 0.00000000
vt 0.00000000 0.00000000
vt 0.00000000 0.00000000
vt 0.00000000 0.00000000
vt 0.00000000 0.00000000
vt 0.00000000 0.00000000
vt 0.00000000 0.00000000
vt 0.00000000 0.00000000
vt 0.00000000 0.00000000
vt 0.00000000 0.00000000
vt 0.00000000 0.00000000
vt 0.00000000 0.00000000
vt 0.00000000 0.00000000
vt 0.00000000 0.00000000
vt 0.00000000 0.00000000
vt 0.00000000 0.00000000
vt 0.00000000 0.00000000
vt 0.00000000 0.00000000
vt 0.00000000 0.00000000
vt 0.00000000 0.00000000
vt 0.00000000 0.00000000
vt 0.00000000 0.00000000
vt 0.00000000 0.00000000
vt 0.00000000 0.00000000
vt 0.00000000 0.00000000
vt 0.00000000 0.00000000
vt 0.00000000 0.00000000
vt 0.00000000 0.00000000
vt 0.00000000 0.00000000
vt 0.00000000 0.00000000
vt 0.00000000 0.00000000
vt 0.00000000 0.00000000
vt 0.00000000 0.00000000
vt 0.00000000 0.00000000
vt 0.00000000 0.00000000
vt 0.00000000 0.00000000
vt 0.00000000 0.00000000
vt 0.00000000 0.00000000
vt 0.00000000 0.00000000
vt 0.00000000 0.00000000
vt 0.00000000 0.00000000
vt 0.00000000 0.00000000
vt 0.00000000 0.00000000
vt 0.00000000 0.00000000
vt 0.00000000 0.00000000
vt 0.00000000 0.00000000
vt 0.00000000 0.00000000
vt 0.00000000 0.00000000
vt 0.00000000 0.00000000
vt 0.00000000 0.00000000
vt 0.00000000 0.00000000
vt 0.00000000 0.00000000
vt 0.00000000 0.00000000
vt 0.00000000 0.00000000
vt 0.00000000 0.00000000
vt 0.00000000 0.00000000
vt 0.00000000 0.00000000
vt 0.00000000 0.00000000
vt 0.00000000 0.00000000
vt 0.00000000 0.00000000
vt 0.00000000 0.00000000
vt 0.00000000 0.00000000
vt 0.00000000 0.00000000
vt 0.00000000 0.00000000
vt 0.00000000 0.00000000
vt 0.00000000 0.00000000
vt 0.00000000 0.00000000
vt 0.00000000 0.00000000
vt 0.00000000 0.00000000
vt 0.00000000 0.00000000
vt 0.00000000 0.00000000
vt 0.00000000 0.00000000
vt 0.00000000 0.00000000
vt 0.00000000 0.00000000
vt 0.00000000 0.00000000
vt 0.00000000 0.00000000
vt 0.00000000 0.00000000
vt 0.00000000 0.00000000
vt 0.00000000 0.00000000
vt 0.00000000 0.00000000
vt 0.00000000 0.00000000
vt 0.00000000 0.00000000
vt 0.00000000 0.00000000
vt 0.00000000 0.00000000
vt 0.00000000 0.00000000
vt 0.00000000 0.00000000
vt 0.00000000 0.00000000
vt 0.00000000 0.00000000
vt 0.00000000 0.00000000
vt 0.00000000 0.00000000
vt 0.00000000 0.00000000
vt 0.00000000 0.00000000
vt 0.00000000 0.00000000
vt 0.00000000 0.00000000
vt 0.00000000 0.00000000
vt 0.00000000 0.00000000
vt 0.00000000 0.00000000
vt 0.00000000 0.00000000
vt 0.00000000 0.00000000
vt 0.00000000 0.00000000
vt 0.00000000 0.00000000
vt 0.00000000 0.00000000
vt 0.00000000 0.00000000
vt 0.00000000 0.00000000
vt 0.00000000 0.00000000
vt 0.00000000 0.00000000
vt 0.00000000 0.00000000
vt 0.00000000 0.00000000
vt 0.00000000 0.00000000
vt 0.00000000 0.00000000
vt 0.00000000 0.00000000
vt 0.00000000 0.00000000
vt 0.00000000 0.00000000
vt 0.00000000 0.00000000
vt 0.00000000 0.00000000
vt 0.00000000 0.00000000
vt 0.00000000 0.00000000
vt 0.00000000 0.00000000
vt 0.00000000 0.00000000
vt 0.00000000 0.00000000
vt 0.00000000 0.00000000
vt 0.00000000 0.00000000
vt 0.00000000 0.00000000
vt 0.00000000 0.00000000
vt 0.00000000 0.00000000
vt 0.00000000 0.00000000
vt 0.00000000 0.00000000
vt 0.00000000 0.00000000
vt 0.00000000 0.00000000
vt 0.00000000 0.00000000
vt 0.00000000 0.00000000
vt 0.00000000 0.00000000
vt 0.00000000 0.00000000
vt 0.00000000 0.00000000
vt 0.00000000 0.00000000
vt 0.00000000 0.00000000
vt 0.00000000 0.00000000
vt 0.00000000 0.00000000
vt 0.00000000 0.00000000
vt 0.00000000 0.00000000
vt 0.00000000 0.00000000
vt 0.00000000 0.00000000
vt 0.00000000 0.00000000
vt 0.00000000 0.00000000
vt 0.00000000 0.00000000
vt 0.00000000 0.00000000
vt 0.00000000 0.00000000
vt 0.00000000 0.00000000
vt 0.00000000 0.00000000
vt 0.00000000 0.00000000
vt 0.00000000 0.00000000
vt 0.00000000 0.00000000
vt 0.00000000 0.00000000
vt 0.00000000 0.00000000
vt 0.00000000 0.00000000
vt 0.00000000 0.00000000
vt 0.00000000 0.00000000
vt 0.00000000 0.00000000
vt 0.00000000 0.00000000
vt 0.00000000 0.00000000
vt 0.00000000 0.00000000
vt 0.00000000 0.00000000
vt 0.00000000 0.00000000
vt 0.00000000 0.00000000
vt 0.00000000 0.00000000
vt 0.00000000 0.00000000
vt 0.00000000 0.00000000
vt 0.00000000 0.00000000
vt 0.00000000 0.00000000
vt 0.00000000 0.00000000
vt 0.00000000 0.00000000
vt 0.00000000 0.00000000
vt 0.00000000 0.00000000
vt 0.00000000 0.00000000
vt 0.00000000 0.00000000
vt 0.00000000 0.00000000
vt 0.00000000 0.00000000
vt 0.00000000 0.00000000
vt 0.00000000 0.00000000
vt 0.00000000 0.00000000
vt 0.00000000 0.00000000
vt 0.00000000 0.00000000
vt 0.00000000 0.00000000
vt 0.00000000 0.00000000
vt 0.00000000 0.00000000
vt 0.00000000 0.00000000
vt 0.00000000 0.00000000
vt 0.00000000 0.00000000
vt 0.00000000 0.00000000
vt 0.00000000 0.00000000
vt 0.00000000 0.00000000
vt 0.00000000 0.00000000
vt 0.00000000 0.00000000
vt 0.00000000 0.00000000
vt 0.00000000 0.00000000
vt 0.00000000 0.00000000
vt 0.00000000 0.00000000
vt 0.00000000 0.00000000
vt 0.00000000 0.00000000
vt 0.00000000 0.00000000
vt 0.00000000 0.00000000
vt 0.00000000 0.00000000
vt 0.00000000 0.00000000
vt 0.00000000 0.00000000
vt 0.00000000 0.00000000
vt 0.00000000 0.00000000
vt 0.00000000 0.00000000
vt 0.00000000 0.00000000
vt 0.00000000 0.00000000
vt 0.00000000 0.00000000
vt 0.00000000 0.00000000
vt 0.00000000 0.00000000
vt 0.00000000 0.00000000
vt 0.00000000 0.00000000
vt 0.00000000 0.00000000
vt 0.00000000 0.00000000
vt 0.00000000 0.00000000
vt 0.00000000 0.00000000
vt 0.00000000 0.00000000
vt 0.00000000 0.00000000
vt 0.00000000 0.00000000
vt 0.00000000 0.00000000
vt 0.00000000 0.00000000
vt 0.00000000 0.00000000
vt 0.00000000 0.00000000
vt 0.00000000 0.00000000
vt 0.00000000 0.00000000
vt 0.00000000 0.00000000
vt 0.00000000 0.00000000
vt 0.00000000 0.00000000
vt 0.00000000 0.00000000
vt 0.00000000 0.00000000
vt 0.00000000 0.00000000
vt 0.00000000 0.00000000
vt 0.00000000 0.00000000
vt 0.00000000 0.00000000
vt 0.00000000 0.00000000
vt 0.00000000 0.00000000
vt 0.00000000 0.00000000
vt 0.00000000 0.00000000
vt 0.00000000 0.00000000
vt 0.00000000 0.00000000
vt 0.00000000 0.00000000
vt 0.00000000 0.00000000
vt 0.00000000 0.00000000
vt 0.00000000 0.00000000
vt 0.00000000 0.00000000
vt 0.00000000 0.00000000
vt 0.00000000 0.00000000
vt 0.00000000 0.00000000
vt 0.00000000 0.00000000
vt 0.00000000 0.00000000
vt 0.00000000 0.00000000
vt 0.00000000 0.00000000
vt 0.00000000 0.00000000
vt 0.00000000 0.00000000
vt 0.00000000 0.00000000
vt 0.00000000 0.00000000
vt 0.00000000 0.00000000
vt 0.00000000 0.00000000
vt 0.00000000 0.00000000
vt 0.00000000 0.00000000
vt 0.00000000 0.00000000
vt 0.00000000 0.00000000
vt 0.00000000 0.00000000
vt 0.00000000 0.00000000
vt 0.00000000 0.00000000
vt 0.00000000 0.00000000
vt 0.00000000 0.00000000
vt 0.00000000 0.00000000
vt 0.00000000 0.00000000
vt 0.00000000 0.00000000
vt 0.00000000 0.00000000
vt 0.00000000 0.00000000
vt 0.00000000 0.00000000
vt 0.00000000 0.00000000
vt 0.00000000 0.00000000
vt 0.00000000 0.00000000
vt 0.00000000 0.00000000
vt 0.00000000 0.00000000
vt 0.00000000 0.00000000
vt 0.00000000 0.00000000
vt 0.00000000 0.00000000
vt 0.00000000 0.00000000
vt 0.00000000 0.00000000
vt 0.00000000 0.00000000
vt 0.00000000 0.00000000
vt 0.00000000 0.00000000
vt 0.00000000 0.00000000
vt 0.00000000 0.00000000
vt 0.00000000 0.00000000
vt 0.00000000 0.00000000
vt 0.00000000 0.00000000
vt 0.00000000 0.00000000
vt 0.00000000 0.00000000
vt 0.00000000 0.00000000
vt 0.00000000 0.00000000
vt 0.00000000 0.00000000
vt 0.00000000 0.00000000
vt 0.00000000 0.00000000
vt 0.00000000 0.00000000
vt 0.00000000 0.00000000
vt 0.00000000 0.00000000
vt 0.00000000 0.00000000
vt 0.00000000 0.00000000
vt 0.00000000 0.00000000
vt 0.00000000 0.00000000
vt 0.00000000 0.00000000
vt 0.00000000 0.00000000
vt 0.00000000 0.00000000
vt 0.00000000 0.00000000
vt 0.00000000 0.00000000
vt 0.00000000 0.00000000
vt 0.00000000 0.00000000
vt 0.00000000 0.00000000
vt 0.00000000 0.00000000
vt 0.00000000 0.00000000
vt 0.00000000 0.00000000
vt 0.00000000 0.00000000
vt 0.00000000 0.00000000
vt 0.00000000 0.00000000
vt 0.00000000 0.00000000
vt 0.00000000 0.00000000
vt 0.00000000 0.00000000
vt 0.00000000 0.00000000
vt 0.00000000 0.00000000
vt 0.00000000 0.00000000
vt 0.00000000 0.00000000
vt 0.00000000 0.00000000
vt 0.00000000 0.00000000
vt 0.00000000 0.00000000
vt 0.00000000 0.00000000
vt 0.00000000 0.00000000
vt 0.00000000 0.00000000
vt 0.00000000 0.00000000
vt 0.00000000 0.00000000
vt 0.00000000 0.00000000
vt 0.00000000 0.00000000
vt 0.00000000 0.00000000
vt 0.00000000 0.00000000
vt 0.00000000 0.00000000
vt 0.00000000 0.00000000
vt 0.00000000 0.00000000
vt 0.00000000 0.00000000
vt 0.00000000 0.00000000
vt 0.00000000 0.00000000
vt 0.00000000 0.00000000
vt 0.00000000 0.00000000
vt 0.00000000 0.00000000
vt 0.00000000 0.00000000
vt 0.00000000 0.00000000
vt 0.00000000 0.00000000
vt 0.00000000 0.00000000
vt 0.00000000 0.00000000
vt 0.00000000 0.00000000
vt 0.00000000 0.00000000
vt 0.00000000 0.00000000
vt 0.00000000 0.00000000
vt 0.00000000 0.00000000
vt 0.00000000 0.00000000
vt 0.00000000 0.00000000
vt 0.00000000 0.00000000
vt 0.00000000 0.00000000
vt 0.00000000 0.00000000
vt 0.00000000 0.00000000
vt 0.00000000 0.00000000
vt 0.00000000 0.00000000
vt 0.00000000 0.00000000
vt 0.00000000 0.00000000
vt 0.00000000 0.00000000
vt 0.00000000 0.00000000
vt 0.00000000 0.00000000
vt 0.00000000 0.00000000
vt 0.00000000 0.00000000
vt 0.00000000 0.00000000
vt 0.00000000 0.00000000
vt 0.00000000 0.00000000
vt 0.00000000 0.00000000
vt 0.00000000 0.00000000
vt 0.00000000 0.00000000
vt 0.00000000 0.00000000
vt 0.00000000 0.00000000
vt 0.00000000 0.00000000
vt 0.00000000 0.00000000
vt 0.00000000 0.00000000
vt 0.00000000 0.00000000
vt 0.00000000 0.00000000
vt 0.00000000 0.00000000
vt 0.00000000 0.00000000
vt 0.00000000 0.00000000
vt 0.00000000 0.00000000
vt 0.00000000 0.00000000
vt 0.00000000 0.00000000
vt 0.00000000 0.00000000
vt 0.00000000 0.00000000
vt 0.00000000 0.00000000
vt 0.00000000 0.00000000
vt 0.00000000 0.00000000
vt 0.00000000 0.00000000
vt 0.00000000 0.00000000
vt 0.00000000 0.00000000
vt 0.00000000 0.00000000
vt 0.00000000 0.00000000
vt 0.00000000 0.00000000
vt 0.00000000 0.00000000
vt 0.00000000 0.00000000
vt 0.00000000 0.00000000
vt 0.00000000 0.00000000
vt 0.00000000 0.00000000
vt 0.00000000 0.00000000
vt 0.00000000 0.00000000
vt 0.00000000 0.00000000
vt 0.00000000 0.00000000
vt 0.00000000 0.00000000
vt 0.00000000 0.00000000
vt 0.00000000 0.00000000
vt 0.00000000 0.00000000
vt 0.00000000 0.00000000
vt 0.00000000 0.00000000
vt 0.00000000 0.00000000
vt 0.00000000 0.00000000
vt 0.00000000 0.00000000
vt 0.00000000 0.00000000
vt 0.00000000 0.00000000
vt 0.00000000 0.00000000
vt 0.00000000 0.00000000
vt 0.00000000 0.00000000
vt 0.00000000 0.00000000
vt 0.00000000 0.00000000
vt 0.00000000 0.00000000
vt 0.00000000 0.00000000
vt 0.00000000 0.00000000
vt 0.00000000 0.00000000
vt 0.00000000 0.00000000
vt 0.00000000 0.00000000
vt 0.00000000 0.00000000
vt 0.00000000 0.00000000
vt 0.00000000 0.00000000
vt 0.00000000 0.00000000
vt 0.00000000 0.00000000
vt 0.00000000 0.00000000
vt 0.00000000 0.00000000
vt 0.00000000 0.00000000
vt 0.00000000 0.00000000
vt 0.00000000 0.00000000
vt 0.00000000 0.00000000
vt 0.00000000 0.00000000
vt 0.00000000 0.00000000
vt 0.00000000 0.00000000
vt 0.00000000 0.00000000
vt 0.00000000 0.00000000
vt 0.00000000 0.00000000
vt 0.00000000 0.00000000
vt 0.00000000 0.00000000
vt 0.00000000 0.00000000
vt 0.00000000 0.00000000
vt 0.00000000 0.00000000
vt 0.00000000 0.00000000
vt 0.00000000 0.00000000
vt 0.00000000 0.00000000
vt 0.00000000 0.00000000
vt 0.00000000 0.00000000
vt 0.00000000 0.00000000
vt 0.00000000 0.00000000
vt 0.00000000 0.00000000
vt 0.00000000 0.00000000
vt 0.00000000 0.00000000
vt 0.00000000 0.00000000
vt 0.00000000 0.00000000
vt 0.00000000 0.00000000
vt 0.00000000 0.00000000
vt 0.00000000 0.00000000
vt 0.00000000 0.00000000
vt 0.00000000 0.00000000
vt 0.00000000 0.00000000
vt 0.00000000 0.00000000
vt 0.00000000 0.00000000
vt 0.00000000 0.00000000
vt 0.00000000 0.00000000
vt 0.00000000 0.00000000
vt 0.00000000 0.00000000
vt 0.00000000 0.00000000
vt 0.00000000 0.00000000
vt 0.00000000 0.00000000
vt 0.00000000 0.00000000
vt 0.00000000 0.00000000
vt 0.00000000 0.00000000
vt 0.00000000 0.00000000
vt 0.00000000 0.00000000
vt 0.00000000 0.00000000
vt 0.00000000 0.00000000
vt 0.00000000 0.00000000
vt 0.00000000 0.00000000
vt 0.00000000 0.00000000
vt 0.00000000 0.00000000
vt 0.00000000 0.00000000
vt 0.00000000 0.00000000
vt 0.00000000 0.00000000
vt 0.00000000 0.00000000
vt 0.00000000 0.00000000
vt 0.00000000 0.00000000
vt 0.00000000 0.00000000
vt 0.00000000 0.00000000
vt 0.00000000 0.00000000
vt 0.00000000 0.00000000
vt 0.00000000 0.00000000
vt 0.00000000 0.00000000
vt 0.00000000 0.00000000
vt 0.00000000 0.00000000
vt 0.00000000 0.00000000
vt 0.00000000 0.00000000
vt 0.00000000 0.00000000
vt 0.00000000 0.00000000
vt 0.00000000 0.00000000
vt 0.00000000 0.00000000
vt 0.00000000 0.00000000
vt 0.00000000 0.00000000
vt 0.00000000 0.00000000
vt 0.00000000 0.00000000
vt 0.00000000 0.00000000
vt 0.00000000 0.00000000
vt 0.00000000 0.00000000
vt 0.00000000 0.00000000
vt 0.00000000 0.00000000
vt 0.00000000 0.00000000
vt 0.00000000 0.00000000
vt 0.00000000 0.00000000
vt 0.00000000 0.00000000
vt 0.00000000 0.00000000
vt 0.00000000 0.00000000
vt 0.00000000 0.00000000
vt 0.00000000 0.00000000
vt 0.00000000 0.00000000
vt 0.00000000 0.00000000
vt 0.00000000 0.00000000
vt 0.00000000 0.00000000
vt 0.00000000 0.00000000
vt 0.00000000 0.00000000
vt 0.00000000 0.00000000
vt 0.00000000 0.00000000
vt 0.00000000 0.00000000
vt 0.00000000 0.00000000
vt 0.00000000 0.00000000
vt 0.00000000 0.00000000
vt 0.00000000 0.00000000
vt 0.00000000 0.00000000
vt 0.00000000 0.00000000
vt 0.00000000 0.00000000
vt 0.00000000 0.00000000
vt 0.00000000 0.00000000
vt 0.00000000 0.00000000
vt 0.00000000 0.00000000
vt 0.00000000 0.00000000
vt 0.00000000 0.00000000
vt 0.00000000 0.00000000
vt 0.00000000 0.00000000
vt 0.00000000 0.00000000
vt 0.00000000 0.00000000
vt 0.00000000 0.00000000
vt 0.00000000 0.00000000
vt 0.00000000 0.00000000
vt 0.00000000 0.00000000
vt 0.00000000 0.00000000
vt 0.00000000 0.00000000
vt 0.00000000 0.00000000
vt 0.00000000 0.00000000
vt 0.00000000 0.00000000
vt 0.00000000 0.00000000
vt 0.00000000 0.00000000
vt 0.00000000 0.00000000
vt 0.00000000 0.00000000
vt 0.00000000 0.00000000
vt 0.00000000 0.00000000
vt 0.00000000 0.00000000
vt 0.00000000 0.00000000
vt 0.00000000 0.00000000
vt 0.00000000 0.00000000
vt 0.00000000 0.00000000
vt 0.00000000 0.00000000
vt 0.00000000 0.00000000
vt 0.00000000 0.00000000
vt 0.00000000 0.00000000
vt 0.00000000 0.00000000
vt 0.00000000 0.00000000
vt 0.00000000 0.00000000
vt 0.00000000 0.00000000
vt 0.00000000 0.00000000
vt 0.00000000 0.00000000
vt 0.00000000 0.00000000
vt 0.00000000 0.00000000
vt 0.00000000 0.00000000
vt 0.00000000 0.00000000
vt 0.00000000 0.00000000
vt 0.00000000 0.00000000
vt 0.00000000 0.00000000
vt 0.00000000 0.00000000
vt 0.00000000 0.00000000
vt 0.00000000 0.00000000
vt 0.00000000 0.00000000
vt 0.00000000 0.00000000
vt 0.00000000 0.00000000
vt 0.00000000 0.00000000
vt 0.00000000 0.00000000
vt 0.00000000 0.00000000
vt 0.00000000 0.00000000
vt 0.00000000 0.00000000
vt 0.00000000 0.00000000
vt 0.00000000 0.00000000
vt 0.00000000 0.00000000
vt 0.00000000 0.00000000
vt 0.00000000 0.00000000
vt 0.00000000 0.00000000
vt 0.00000000 0.00000000
vt 0.00000000 0.00000000
vt 0.00000000 0.00000000
vt 0.00000000 0.00000000
vt 0.00000000 0.00000000
vt 0.00000000 0.00000000
vt 0.00000000 0.00000000
vt 0.00000000 0.00000000
vt 0.00000000 0.00000000
vt 0.00000000 0.00000000
vt 0.00000000 0.00000000
vt 0.00000000 0.00000000
vt 0.00000000 0.00000000
vt 0.00000000 0.00000000
vt 0.00000000 0.00000000
vt 0.00000000 0.00000000
vt 0.00000000 0.00000000
vt 0.00000000 0.00000000
vt 0.00000000 0.00000000
vt 0.00000000 0.00000000
vt 0.00000000 0.00000000
vt 0.00000000 0.00000000
vt 0.00000000 0.00000000
vt 0.00000000 0.00000000
vt 0.00000000 0.00000000
vt 0.00000000 0.00000000
vt 0.00000000 0.00000000
vt 0.00000000 0.00000000
vt 0.00000000 0.00000000
vt 0.00000000 0.00000000
vt 0.00000000 0.00000000
vt 0.00000000 0.00000000
vt 0.00000000 0.00000000
vt 0.00000000 0.00000000
vt 0.00000000 0.00000000
vt 0.00000000 0.00000000
vt 0.00000000 0.00000000
vt 0.00000000 0.00000000
vt 0.00000000 0.00000000
vt 0.00000000 0.00000000
vt 0.00000000 0.00000000
vt 0.00000000 0.00000000
vt 0.00000000 0.00000000
vt 0.00000000 0.00000000
vt 0.00000000 0.00000000
vt 0.00000000 0.00000000
vt 0.00000000 0.00000000
vt 0.00000000 0.00000000
vt 0.00000000 0.00000000
vt 0.00000000 0.00000000
vt 0.00000000 0.00000000
vt 0.00000000 0.00000000
vt 0.00000000 0.00000000
vt 0.00000000 0.00000000
vt 0.00000000 0.00000000
vt 0.00000000 0.00000000
vt 0.00000000 0.00000000
vt 0.00000000 0.00000000
vt 0.00000000 0.00000000
vt 0.00000000 0.00000000
vt 0.00000000 0.00000000
vt 0.00000000 0.00000000
vt 0.00000000 0.00000000
vt 0.00000000 0.00000000
vt 0.00000000 0.00000000
vt 0.00000000 0.00000000
vt 0.00000000 0.00000000
vt 0.00000000 0.00000000
vt 0.00000000 0.00000000
vt 0.00000000 0.00000000
vt 0.00000000 0.00000000
vt 0.00000000 0.00000000
vt 0.00000000 0.00000000
vt 0.00000000 0.00000000
vt 0.00000000 0.00000000
vt 0.00000000 0.00000000
vt 0.00000000 0.00000000
vt 0.00000000 0.00000000
vt 0.00000000 0.00000000
vt 0.00000000 0.00000000
vt 0.00000000 0.00000000
vt 0.00000000 0.00000000
vt 0.00000000 0.00000000
vt 0.00000000 0.00000000
vt 0.00000000 0.00000000
vt 0.00000000 0.00000000
vt 0.00000000 0.00000000
vt 0.00000000 0.00000000
vt 0.00000000 0.00000000
vt 0.00000000 0.00000000
vt 0.00000000 0.00000000
vt 0.00000000 0.00000000
vt 0.00000000 0.00000000
vt 0.00000000 0.00000000
vt 0.00000000 0.00000000
vt 0.00000000 0.00000000
vt 0.00000000 0.00000000
vt 0.00000000 0.00000000
vt 0.00000000 0.00000000
vt 0.00000000 0.00000000
vt 0.00000000 0.00000000
vt 0.00000000 0.00000000
vt 0.00000000 0.00000000
vt 0.00000000 0.00000000
vt 0.00000000 0.00000000
vt 0.00000000 0.00000000
vt 0.00000000 0.00000000
vt 0.00000000 0.00000000
vt 0.00000000 0.00000000
vt 0.00000000 0.00000000
vt 0.00000000 0.00000000
vt 0.00000000 0.00000000
vt 0.00000000 0.00000000
vt 0.00000000 0.00000000
vt 0.00000000 0.00000000
vt 0.00000000 0.00000000
vt 0.00000000 0.00000000
vt 0.00000000 0.00000000
vt 0.00000000 0.00000000
vt 0.00000000 0.00000000
vt 0.00000000 0.00000000
vt 0.00000000 0.00000000
vt 0.00000000 0.00000000
vt 0.00000000 0.00000000
vt 0.00000000 0.00000000
vt 0.00000000 0.00000000
vt 0.00000000 0.00000000
vt 0.00000000 0.00000000
vt 0.00000000 0.00000000
vt 0.00000000 0.00000000
vt 0.00000000 0.00000000
vt 0.00000000 0.00000000
vt 0.00000000 0.00000000
vt 0.00000000 0.00000000
vt 0.00000000 0.00000000
vt 0.00000000 0.00000000
vt 0.00000000 0.00000000
vt 0.00000000 0.00000000
vt 0.00000000 0.00000000
vt 0.00000000 0.00000000
vt 0.00000000 0.00000000
vt 0.00000000 0.00000000
vt 0.00000000 0.00000000
vt 0.00000000 0.00000000
vt 0.00000000 0.00000000
vt 0.00000000 0.00000000
vt 0.00000000 0.00000000
vt 0.00000000 0.00000000
vt 0.00000000 0.00000000
vt 0.00000000 0.00000000
vt 0.00000000 0.00000000
vt 0.00000000 0.00000000
vt 0.00000000 0.00000000
vt 0.00000000 0.00000000
vt 0.00000000 0.00000000
vt 0.00000000 0.00000000
vt 0.00000000 0.00000000
vt 0.00000000 0.00000000
vt 0.00000000 0.00000000
vt 0.00000000 0.00000000
vt 0.00000000 0.00000000
vt 0.00000000 0.00000000
vt 0.00000000 0.00000000
vt 0.00000000 0.00000000
vt 0.00000000 0.00000000
vt 0.00000000 0.00000000
vt 0.00000000 0.00000000
vt 0.00000000 0.00000000
vt 0.00000000 0.00000000
vt 0.00000000 0.00000000
vt 0.00000000 0.00000000
vt 0.00000000 0.00000000
vt 0.00000000 0.00000000
vt 0.00000000 0.00000000
vt 0.00000000 0.00000000
vt 0.00000000 0.00000000
vt 0.00000000 0.00000000
vt 0.00000000 0.00000000
vt 0.00000000 0.00000000
vt 0.00000000 0.00000000
vt 0.00000000 0.00000000
vt 0.00000000 0.00000000
vt 0.00000000 0.00000000
vt 0.00000000 0.00000000
vt 0.00000000 0.00000000
vt 0.00000000 0.00000000
vt 0.00000000 0.00000000
vt 0.00000000 0.00000000
vt 0.00000000 0.00000000
vt 0.00000000 0.00000000
vt 0.00000000 0.00000000
vt 0.00000000 0.00000000
vt 0.00000000 0.00000000
vt 0.00000000 0.00000000
vt 0.00000000 0.00000000
vt 0.00000000 0.00000000
vt 0.00000000 0.00000000
vt 0.00000000 0.00000000
vt 0.00000000 0.00000000
vt 0.00000000 0.00000000
vt 0.00000000 0.00000000
vt 0.00000000 0.00000000
vt 0.00000000 0.00000000
vt 0.00000000 0.00000000
vt 0.00000000 0.00000000
vt 0.00000000 0.00000000
vt 0.00000000 0.00000000
vt 0.00000000 0.00000000
vt 0.00000000 0.00000000
vt 0.00000000 0.00000000
vt 0.00000000 0.00000000
vt 0.00000000 0.00000000
vt 0.00000000 0.00000000
vt 0.00000000 0.00000000
vt 0.00000000 0.00000000
vt 0.00000000 0.00000000
vt 0.00000000 0.00000000
vt 0.00000000 0.00000000
vt 0.00000000 0.00000000
vt 0.00000000 0.00000000
vt 0.00000000 0.00000000
vt 0.00000000 0.00000000
vt 0.00000000 0.00000000
vt 0.00000000 0.00000000
vt 0.00000000 0.00000000
vt 0.00000000 0.00000000
vt 0.00000000 0.00000000
vt 0.00000000 0.00000000
vt 0.00000000 0.00000000
vt 0.00000000 0.00000000
vt 0.00000000 0.00000000
vt 0.00000000 0.00000000
vt 0.00000000 0.00000000
vt 0.00000000 0.00000000
vt 0.00000000 0.00000000
vt 0.00000000 0.00000000
vt 0.00000000 0.00000000
vt 0.00000000 0.00000000
vt 0.00000000 0.00000000
vt 0.00000000 0.00000000
vt 0.00000000 0.00000000
vt 0.00000000 0.00000000
vt 0.00000000 0.00000000
vt 0.00000000 0.00000000
vt 0.00000000 0.00000000
vt 0.00000000 0.00000000
vt 0.00000000 0.00000000
vt 0.00000000 0.00000000
vt 0.00000000 0.00000000
vt 0.00000000 0.00000000
vt 0.00000000 0.00000000
vt 0.00000000 0.00000000
vt 0.00000000 0.00000000
vt 0.00000000 0.00000000
vt 0.00000000 0.00000000
vt 0.00000000 0.00000000
vt 0.00000000 0.00000000
vt 0.00000000 0.00000000
vt 0.00000000 0.00000000
vt 0.00000000 0.00000000
vt 0.00000000 0.00000000
vt 0.00000000 0.00000000
vt 0.00000000 0.00000000
vt 0.00000000 0.00000000
vt 0.00000000 0.00000000
vt 0.00000000 0.00000000
vt 0.00000000 0.00000000
vt 0.00000000 0.00000000
vt 0.00000000 0.00000000
vt 0.00000000 0.00000000
vt 0.00000000 0.00000000
vt 0.00000000 0.00000000
vt 0.00000000 0.00000000
vt 0.00000000 0.00000000
vt 0.00000000 0.00000000
vt 0.00000000 0.00000000
vt 0.00000000 0.00000000
vt 0.00000000 0.00000000
vt 0.00000000 0.00000000
vt 0.00000000 0.00000000
vt 0.00000000 0.00000000
vt 0.00000000 0.00000000
vt 0.00000000 0.00000000
vt 0.00000000 0.00000000
vt 0.00000000 0.00000000
vt 0.00000000 0.00000000
vt 0.00000000 0.00000000
vt 0.00000000 0.00000000
vt 0.00000000 0.00000000
vt 0.00000000 0.00000000
vt 0.00000000 0.00000000
vt 0.00000000 0.00000000
vt 0.00000000 0.00000000
vt 0.00000000 0.00000000
vt 0.00000000 0.00000000
vt 0.00000000 0.00000000
vt 0.00000000 0.00000000
vt 0.00000000 0.00000000
vt 0.00000000 0.00000000
vt 0.00000000 0.00000000
vt 0.00000000 0.00000000
vt 0.00000000 0.00000000
vt 0.00000000 0.00000000
vt 0.00000000 0.00000000
vt 0.00000000 0.00000000
vt 0.00000000 0.00000000
vt 0.00000000 0.00000000
vt 0.00000000 0.00000000
vt 0.00000000 0.00000000
vt 0.00000000 0.00000000
vt 0.00000000 0.00000000
vt 0.00000000 0.00000000
vt 0.00000000 0.00000000
vt 0.00000000 0.00000000
vt 0.00000000 0.00000000
vt 0.00000000 0.00000000
vt 0.00000000 0.00000000
vt 0.00000000 0.00000000
vt 0.00000000 0.00000000
vt 0.00000000 0.00000000
vt 0.00000000 0.00000000
vt 0.00000000 0.00000000
vt 0.00000000 0.00000000
vt 0.00000000 0.00000000
vt 0.00000000 0.00000000
vt 0.00000000 0.00000000
vt 0.00000000 0.00000000
vt 0.00000000 0.00000000
vt 0.00000000 0.00000000
vt 0.00000000 0.00000000
vt 0.00000000 0.00000000
vt 0.00000000 0.00000000
vt 0.00000000 0.00000000
vt 0.00000000 0.00000000
vt 0.00000000 0.00000000
vt 0.00000000 0.00000000
vt 0.00000000 0.00000000
vt 0.00000000 0.00000000
vt 0.00000000 0.00000000
vt 0.00000000 0.00000000
vt 0.00000000 0.00000000
vt 0.00000000 0.00000000
vt 0.00000000 0.00000000
vt 0.00000000 0.00000000
vt 0.00000000 0.00000000
vt 0.00000000 0.00000000
vt 0.00000000 0.00000000
vt 0.00000000 0.00000000
vt 0.00000000 0.00000000
vt 0.00000000 0.00000000
vt 0.00000000 0.00000000
vt 0.00000000 0.00000000
vt 0.00000000 0.00000000
vt 0.00000000 0.00000000
vt 0.00000000 0.00000000
vt 0.00000000 0.00000000
vt 0.00000000 0.00000000
vt 0.00000000 0.00000000
vt 0.00000000 0.00000000
vt 0.00000000 0.00000000
vt 0.00000000 0.00000000
vt 0.00000000 0.00000000
vt 0.00000000 0.00000000
vt 0.00000000 0.00000000
vt 0.00000000 0.00000000
vt 0.00000000 0.00000000
vt 0.00000000 0.00000000
vt 0.00000000 0.00000000
vt 0.00000000 0.00000000
vt 0.00000000 0.00000000
vt 0.00000000 0.00000000
vt 0.00000000 0.00000000
vt 0.00000000 0.00000000
vt 0.00000000 0.00000000
vt 0.00000000 0.00000000
vt 0.00000000 0.00000000
vt 0.00000000 0.00000000
vt 0.00000000 0.00000000
vt 0.00000000 0.00000000
vt 0.00000000 0.00000000
vt 0.00000000 0.00000000
vt 0.00000000 0.00000000
vt 0.00000000 0.00000000
vt 0.00000000 0.00000000
vt 0.00000000 0.00000000
vt 0.00000000 0.00000000
vt 0.00000000 0.00000000
vt 0.00000000 0.00000000
vt 0.00000000 0.00000000
vt 0.00000000 0.00000000
vt 0.00000000 0.00000000
vt 0.00000000 0.00000000
vt 0.00000000 0.00000000
vt 0.00000000 0.00000000
vt 0.00000000 0.00000000
vt 0.00000000 0.00000000
vt 0.00000000 0.00000000
vt 0.00000000 0.00000000
vt 0.00000000 0.00000000
vt 0.00000000 0.00000000
vt 0.00000000 0.00000000
vt 0.00000000 0.00000000
vt 0.00000000 0.00000000
vt 0.00000000 0.00000000
vt 0.00000000 0.00000000
vt 0.00000000 0.00000000
vt 0.00000000 0.00000000
vt 0.00000000 0.00000000
vt 0.00000000 0.00000000
vt 0.00000000 0.00000000
vt 0.00000000 0.00000000
vt 0.00000000 0.00000000
vt 0.00000000 0.00000000
vt 0.00000000 0.00000000
vt 0.00000000 0.00000000
vt 0.00000000 0.00000000
vt 0.00000000 0.00000000
vt 0.00000000 0.00000000
vt 0.00000000 0.00000000
vt 0.00000000 0.00000000
vt 0.00000000 0.00000000
vt 0.00000000 0.00000000
vt 0.00000000 0.00000000
vt 0.00000000 0.00000000
vt 0.00000000 0.00000000
vt 0.00000000 0.00000000
vt 0.00000000 0.00000000
vt 0.00000000 0.00000000
vt 0.00000000 0.00000000
vt 0.00000000 0.00000000
vt 0.00000000 0.00000000
vt 0.00000000 0.00000000
vt 0.00000000 0.00000000
vt 0.00000000 0.00000000
vt 0.00000000 0.00000000
vt 0.00000000 0.00000000
vt 0.00000000 0.00000000
vt 0.00000000 0.00000000
vt 0.00000000 0.00000000
vt 0.00000000 0.00000000
vt 0.00000000 0.00000000
vt 0.00000000 0.00000000
vt 0.00000000 0.00000000
vt 0.00000000 0.00000000
vt 0.00000000 0.00000000
vt 0.00000000 0.00000000
vt 0.00000000 0.00000000
vt 0.00000000 0.00000000
vt 0.00000000 0.00000000
vt 0.00000000 0.00000000
vt 0.00000000 0.00000000
vt 0.00000000 0.00000000
vt 0.00000000 0.00000000
vt 0.00000000 0.00000000
vt 0.00000000 0.00000000
vt 0.00000000 0.00000000
vt 0.00000000 0.00000000
vt 0.00000000 0.00000000
vt 0.00000000 0.00000000
vt 0.00000000 0.00000000
vt 0.00000000 0.00000000
vt 0.00000000 0.00000000
vt 0.00000000 0.00000000
vt 0.00000000 0.00000000
vt 0.00000000 0.00000000
vt 0.00000000 0.00000000
vt 0.00000000 0.00000000
vt 0.00000000 0.00000000
vt 0.00000000 0.00000000
vt 0.00000000 0.00000000
vt 0.00000000 0.00000000
vt 0.00000000 0.00000000
vt 0.00000000 0.00000000
vt 0.00000000 0.00000000
vt 0.00000000 0.00000000
vt 0.00000000 0.00000000
vt 0.00000000 0.00000000
vt 0.00000000 0.00000000
vt 0.00000000 0.00000000
vt 0.00000000 0.00000000
vt 0.00000000 0.00000000
vt 0.00000000 0.00000000
vt 0.00000000 0.00000000
vt 0.00000000 0.00000000
vt 0.00000000 0.00000000
vt 0.00000000 0.00000000
vt 0.00000000 0.00000000
vt 0.00000000 0.00000000
vt 0.00000000 0.00000000
vt 0.00000000 0.00000000
vt 0.00000000 0.00000000
vt 0.00000000 0.00000000
vt 0.00000000 0.00000000
vt 0.00000000 0.00000000
vt 0.00000000 0.00000000
vt 0.00000000 0.00000000
vt 0.00000000 0.00000000
vt 0.00000000 0.00000000
vt 0.00000000 0.00000000
vt 0.00000000 0.00000000
vt 0.00000000 0.00000000
vt 0.00000000 0.00000000
vt 0.00000000 0.00000000
vt 0.00000000 0.00000000
vt 0.00000000 0.00000000
vt 0.00000000 0.00000000
vt 0.00000000 0.00000000
vt 0.00000000 0.00000000
vt 0.00000000 0.00000000
vt 0.00000000 0.00000000
vt 0.00000000 0.00000000
vt 0.00000000 0.00000000
vt 0.00000000 0.00000000
vt 0.00000000 0.00000000
vt 0.00000000 0.00000000
vt 0.00000000 0.00000000
vt 0.00000000 0.00000000
vt 0.00000000 0.00000000
vt 0.00000000 0.00000000
vt 0.00000000 0.00000000
vt 0.00000000 0.00000000
vt 0.00000000 0.00000000
vt 0.00000000 0.00000000
vt 0.00000000 0.00000000
vt 0.00000000 0.00000000
vt 0.00000000 0.00000000
vt 0.00000000 0.00000000
vt 0.00000000 0.00000000
vt 0.00000000 0.00000000
vt 0.00000000 0.00000000
vt 0.00000000 0.00000000
vt 0.00000000 0.00000000
vt 0.00000000 0.00000000
vt 0.00000000 0.00000000
vt 0.00000000 0.00000000
vt 0.00000000 0.00000000
vt 0.00000000 0.00000000
vt 0.00000000 0.00000000
vt 0.00000000 0.00000000
vt 0.00000000 0.00000000
vt 0.00000000 0.00000000
vt 0.00000000 0.00000000
vt 0.00000000 0.00000000
vt 0.00000000 0.00000000
vt 0.00000000 0.00000000
vt 0.00000000 0.00000000
vt 0.00000000 0.00000000
vt 0.00000000 0.00000000
vt 0.00000000 0.00000000
vt 0.00000000 0.00000000
vt 0.00000000 0.00000000
vt 0.00000000 0.00000000
vt 0.00000000 0.00000000
vt 0.00000000 0.00000000
vt 0.00000000 0.00000000
vt 0.00000000 0.00000000
vt 0.00000000 0.00000000
vt 0.00000000 0.00000000
vt 0.00000000 0.00000000
vt 0.00000000 0.00000000
vt 0.00000000 0.00000000
vt 0.00000000 0.00000000
vt 0.00000000 0.00000000
vt 0.00000000 0.00000000
vt 0.00000000 0.00000000
vt 0.00000000 0.00000000
vt 0.00000000 0.00000000
vt 0.00000000 0.00000000
vt 0.00000000 0.00000000
vt 0.00000000 0.00000000
vt 0.00000000 0.00000000
vt 0.00000000 0.00000000
vt 0.00000000 0.00000000
vt 0.00000000 0.00000000
vt 0.00000000 0.00000000
vt 0.00000000 0.00000000
vt 0.00000000 0.00000000
vt 0.00000000 0.00000000
vt 0.00000000 0.00000000
vt 0.00000000 0.00000000
vt 0.00000000 0.00000000
vt 0.00000000 0.00000000
vt 0.00000000 0.00000000
vt 0.00000000 0.00000000
vt 0.00000000 0.00000000
vt 0.00000000 0.00000000
vt 0.00000000 0.00000000
vt 0.00000000 0.00000000
vt 0.00000000 0.00000000
vt 0.00000000 0.00000000
vt 0.00000000 0.00000000
vt 0.00000000 0.00000000
vt 0.00000000 0.00000000
vt 0.00000000 0.00000000
vt 0.00000000 0.00000000
vt 0.00000000 0.00000000
vt 0.00000000 0.00000000
vt 0.00000000 0.00000000
vt 0.00000000 0.00000000
vt 0.00000000 0.00000000
vt 0.00000000 0.00000000
vt 0.00000000 0.00000000
vt 0.00000000 0.00000000
vt 0.00000000 0.00000000
vt 0.00000000 0.00000000
vt 0.00000000 0.00000000
vt 0.00000000 0.00000000
vt 0.00000000 0.00000000
vt 0.00000000 0.00000000
vt 0.00000000 0.00000000
vt 0.00000000 0.00000000
vt 0.00000000 0.00000000
vt 0.00000000 0.00000000
vt 0.00000000 0.00000000
vt 0.00000000 0.00000000
vt 0.00000000 0.00000000
vt 0.00000000 0.00000000
vt 0.00000000 0.00000000
vt 0.00000000 0.00000000
vt 0.00000000 0.00000000
vt 0.00000000 0.00000000
vt 0.00000000 0.00000000
vt 0.00000000 0.00000000
vt 0.00000000 0.00000000
vt 0.00000000 0.00000000
vt 0.00000000 0.00000000
vt 0.00000000 0.00000000
vt 0.00000000 0.00000000
vt 0.00000000 0.00000000
vt 0.00000000 0.00000000
vt 0.00000000 0.00000000
vt 0.00000000 0.00000000
vt 0.00000000 0.00000000
vt 0.00000000 0.00000000
vt 0.00000000 0.00000000
vt 0.00000000 0.00000000
vt 0.00000000 0.00000000
vt 0.00000000 0.00000000
vt 0.00000000 0.00000000
vt 0.00000000 0.00000000
vt 0.00000000 0.00000000
vt 0.00000000 0.00000000
vt 0.00000000 0.00000000
vt 0.00000000 0.00000000
vt 0.00000000 0.00000000
vt 0.00000000 0.00000000
vt 0.00000000 0.00000000
vt 0.00000000 0.00000000
vt 0.00000000 0.00000000
vt 0.00000000 0.00000000
vt 0.00000000 0.00000000
vt 0.00000000 0.00000000
vt 0.00000000 0.00000000
vt 0.00000000 0.00000000
vt 0.00000000 0.00000000
vt 0.00000000 0.00000000
vt 0.00000000 0.00000000
vt 0.00000000 0.00000000
vt 0.00000000 0.00000000
vt 0.00000000 0.00000000
vt 0.00000000 0.00000000
vt 0.00000000 0.00000000
vt 0.00000000 0.00000000
vt 0.00000000 0.00000000
vt 0.00000000 0.00000000
vt 0.00000000 0.00000000
vt 0.00000000 0.00000000
vt 0.00000000 0.00000000
vt 0.00000000 0.00000000
vt 0.00000000 0.00000000
vt 0.00000000 0.00000000
vt 0.00000000 0.00000000
vt 0.00000000 0.00000000
vt 0.00000000 0.00000000
vt 0.00000000 0.00000000
vt 0.00000000 0.00000000
vt 0.00000000 0.00000000
vt 0.00000000 0.00000000
vt 0.00000000 0.00000000
vt 0.00000000 0.00000000
vt 0.00000000 0.00000000
vt 0.00000000 0.00000000
vt 0.00000000 0.00000000
vt 0.00000000 0.00000000
vt 0.00000000 0.00000000
vt 0.00000000 0.00000000
vt 0.00000000 0.00000000
vt 0.00000000 0.00000000
vt 0.00000000 0.00000000
vt 0.00000000 0.00000000
vt 0.00000000 0.00000000
vt 0.00000000 0.00000000
vt 0.00000000 0.00000000
vt 0.00000000 0.00000000
vt 0.00000000 0.00000000
vt 0.00000000 0.00000000
vt 0.00000000 0.00000000
vt 0.00000000 0.00000000
vt 0.00000000 0.00000000
vt 0.00000000 0.00000000
vt 0.00000000 0.00000000
vt 0.00000000 0.00000000
vt 0.00000000 0.00000000
vt 0.00000000 0.00000000
vt 0.00000000 0.00000000
vt 0.00000000 0.00000000
vt 0.00000000 0.00000000
vt 0.00000000 0.00000000
vt 0.00000000 0.00000000
vt 0.00000000 0.00000000
vt 0.00000000 0.00000000
vt 0.00000000 0.00000000
vt 0.00000000 0.00000000
vt 0.00000000 0.00000000
vt 0.00000000 0.00000000
vt 0.00000000 0.00000000
vt 0.00000000 0.00000000
vt 0.00000000 0.00000000
vt 0.00000000 0.00000000
vt 0.00000000 0.00000000
vt 0.00000000 0.00000000
vt 0.00000000 0.00000000
vt 0.00000000 0.00000000
vt 0.00000000 0.00000000
vt 0.00000000 0.00000000
vt 0.00000000 0.00000000
vt 0.00000000 0.00000000
vt 0.00000000 0.00000000
vt 0.00000000 0.00000000
vt 0.00000000 0.00000000
vt 0.00000000 0.00000000
vt 0.00000000 0.00000000
vt 0.00000000 0.00000000
vt 0.00000000 0.00000000
vt 0.00000000 0.00000000
vt 0.00000000 0.00000000
vt 0.00000000 0.00000000
vt 0.00000000 0.00000000
vt 0.00000000 0.00000000
vt 0.00000000 0.00000000
vt 0.00000000 0.00000000
vt 0.00000000 0.00000000
vt 0.00000000 0.00000000
vt 0.00000000 0.00000000
vt 0.00000000 0.00000000
vt 0.00000000 0.00000000
vt 0.00000000 0.00000000
vt 0.00000000 0.00000000
vt 0.00000000 0.00000000
vt 0.00000000 0.00000000
vt 0.00000000 0.00000000
vt 0.00000000 0.00000000
vt 0.00000000 0.00000000
vt 0.00000000 0.00000000
vt 0.00000000 0.00000000
vt 0.00000000 0.00000000
vt 0.00000000 0.00000000
vt 0.00000000 0.00000000
vt 0.00000000 0.00000000
vt 0.00000000 0.00000000
vt 0.00000000 0.00000000
vt 0.00000000 0.00000000
vt 0.00000000 0.00000000
vt 0.00000000 0.00000000
vt 0.00000000 0.00000000
vt 0.00000000 0.00000000
vt 0.00000000 0.00000000
vt 0.00000000 0.00000000
vt 0.00000000 0.00000000
vt 0.00000000 0.00000000
vt 0.00000000 0.00000000
vt 0.00000000 0.00000000
vt 0.00000000 0.00000000
vt 0.00000000 0.00000000
vt 0.00000000 0.00000000
vt 0.00000000 0.00000000
vt 0.00000000 0.00000000
vt 0.00000000 0.00000000
vt 0.00000000 0.00000000
vt 0.00000000 0.00000000
vt 0.00000000 0.00000000
vt 0.00000000 0.00000000
vt 0.00000000 0.00000000
vt 0.00000000 0.00000000
vt 0.00000000 0.00000000
vt 0.00000000 0.00000000
vt 0.00000000 0.00000000
vt 0.00000000 0.00000000
vt 0.00000000 0.00000000
vt 0.00000000 0.00000000
vt 0.00000000 0.00000000
vt 0.00000000 0.00000000
vt 0.00000000 0.00000000
vt 0.00000000 0.00000000
vt 0.00000000 0.00000000
vt 0.00000000 0.00000000
vt 0.00000000 0.00000000
vt 0.00000000 0.00000000
vt 0.00000000 0.00000000
vt 0.00000000 0.00000000
vt 0.00000000 0.00000000
vt 0.00000000 0.00000000
vt 0.00000000 0.00000000
vt 0.00000000 0.00000000
vt 0.00000000 0.00000000
vt 0.00000000 0.00000000
vt 0.00000000 0.00000000
vt 0.00000000 0.00000000
vt 0.00000000 0.00000000
vt 0.00000000 0.00000000
vt 0.00000000 0.00000000
vt 0.00000000 0.00000000
vt 0.00000000 0.00000000
vt 0.00000000 0.00000000
vt 0.00000000 0.00000000
vt 0.00000000 0.00000000
vt 0.00000000 0.00000000
vt 0.00000000 0.00000000
vt 0.00000000 0.00000000
vt 0.00000000 0.00000000
vt 0.00000000 0.00000000
vt 0.00000000 0.00000000
vt 0.00000000 0.00000000
vt 0.00000000 0.00000000
vt 0.00000000 0.00000000
vt 0.00000000 0.00000000
vt 0.00000000 0.00000000
vt 0.00000000 0.00000000
vt 0.00000000 0.00000000
vt 0.00000000 0.00000000
vt 0.00000000 0.00000000
vt 0.00000000 0.00000000
vt 0.00000000 0.00000000
vt 0.00000000 0.00000000
vt 0.00000000 0.00000000
vt 0.00000000 0.00000000
vt 0.00000000 0.00000000
vt 0.00000000 0.00000000
vt 0.00000000 0.00000000
vt 0.00000000 0.00000000
vt 0.00000000 0.00000000
vt 0.00000000 0.00000000
vt 0.00000000 0.00000000
vt 0.00000000 0.00000000
vt 0.00000000 0.00000000
vt 0.00000000 0.00000000
vt 0.00000000 0.00000000
vt 0.00000000 0.00000000
vt 0.00000000 0.00000000
vt 0.00000000 0.00000000
vt 0.00000000 0.00000000
vt 0.00000000 0.00000000
vt 0.00000000 0.00000000
vt 0.00000000 0.00000000
vt 0.00000000 0.00000000
vt 0.00000000 0.00000000
vt 0.00000000 0.00000000
vt 0.00000000 0.00000000
vt 0.00000000 0.00000000
vt 0.00000000 0.00000000
vt 0.00000000 0.00000000
vt 0.00000000 0.00000000
vt 0.00000000 0.00000000
vt 0.00000000 0.00000000
vt 0.00000000 0.00000000
vt 0.00000000 0.00000000
vt 0.00000000 0.00000000
vt 0.00000000 0.00000000
vt 0.00000000 0.00000000
vt 0.00000000 0.00000000
vt 0.00000000 0.00000000
vt 0.00000000 0.00000000
vt 0.00000000 0.00000000
vt 0.00000000 0.00000000
vt 0.00000000 0.00000000
vt 0.00000000 0.00000000
vt 0.00000000 0.00000000
vt 0.00000000 0.00000000
vt 0.00000000 0.00000000
vt 0.00000000 0.00000000
vt 0.00000000 0.00000000
vt 0.00000000 0.00000000
vt 0.00000000 0.00000000
vt 0.00000000 0.00000000
vt 0.00000000 0.00000000
vt 0.00000000 0.00000000
vt 0.00000000 0.00000000
vt 0.00000000 0.00000000
vt 0.00000000 0.00000000
vt 0.00000000 0.00000000
vt 0.00000000 0.00000000
vt 0.00000000 0.00000000
vt 0.00000000 0.00000000
vt 0.00000000 0.00000000
vt 0.00000000 0.00000000
vt 0.00000000 0.00000000
vt 0.00000000 0.00000000
vt 0.00000000 0.00000000
vt 0.00000000 0.00000000
vt 0.00000000 0.00000000
vt 0.00000000 0.00000000
vt 0.00000000 0.00000000
vt 0.00000000 0.00000000
vt 0.00000000 0.00000000
vt 0.00000000 0.00000000
vt 0.00000000 0.00000000
vt 0.00000000 0.00000000
vt 0.00000000 0.00000000
vt 0.00000000 0.00000000
vt 0.00000000 0.00000000
vt 0.00000000 0.00000000
vt 0.00000000 0.00000000
vt 0.00000000 0.00000000
vt 0.00000000 0.00000000
vt 0.00000000 0.00000000
vt 0.00000000 0.00000000
vt 0.00000000 0.00000000
vt 0.00000000 0.00000000
vt 0.00000000 0.00000000
vt 0.00000000 0.00000000
vt 0.00000000 0.00000000
vt 0.00000000 0.00000000
vt 0.00000000 0.00000000
vt 0.00000000 0.00000000
vt 0.00000000 0.00000000
vt 0.00000000 0.00000000
vt 0.00000000 0.00000000
vt 0.00000000 0.00000000
vt 0.00000000 0.00000000
vt 0.00000000 0.00000000
vt 0.00000000 0.00000000
vt 0.00000000 0.00000000
vt 0.00000000 0.00000000
vt 0.00000000 0.00000000
vt 0.00000000 0.00000000
vt 0.00000000 0.00000000
vt 0.00000000 0.00000000
vt 0.00000000 0.00000000
vt 0.00000000 0.00000000
vt 0.00000000 0.00000000
vt 0.00000000 0.00000000
vt 0.00000000 0.00000000
vt 0.00000000 0.00000000
vt 0.00000000 0.00000000
vt 0.00000000 0.00000000
vt 0.00000000 0.00000000
vt 0.00000000 0.00000000
vt 0.00000000 0.00000000
vt 0.00000000 0.00000000
vt 0.00000000 0.00000000
vt 0.00000000 0.00000000
vt 0.00000000 0.00000000
vt 0.00000000 0.00000000
vt 0.00000000 0.00000000
vt 0.00000000 0.00000000
vt 0.00000000 0.00000000
vt 0.00000000 0.00000000
vt 0.00000000 0.00000000
vt 0.00000000 0.00000000
vt 0.00000000 0.00000000
vt 0.00000000 0.00000000
vt 0.00000000 0.00000000
vt 0.00000000 0.00000000
vt 0.00000000 0.00000000
vt 0.00000000 0.00000000
vt 0.00000000 0.00000000
vt 0.00000000 0.00000000
vt 0.00000000 0.00000000
vt 0.00000000 0.00000000
vt 0.00000000 0.00000000
vt 0.00000000 0.00000000
vt 0.00000000 0.00000000
vt 0.00000000 0.00000000
vt 0.00000000 0.00000000
vt 0.00000000 0.00000000
vt 0.00000000 0.00000000
vt 0.00000000 0.00000000
vt 0.00000000 0.00000000
vt 0.00000000 0.00000000
vt 0.00000000 0.00000000
vt 0.00000000 0.00000000
vt 0.00000000 0.00000000
vt 0.00000000 0.00000000
vt 0.00000000 0.00000000
vt 0.00000000 0.00000000
vt 0.00000000 0.00000000
vt 0.00000000 0.00000000
vt 0.00000000 0.00000000
vt 0.00000000 0.00000000
vt 0.00000000 0.00000000
vt 0.00000000 0.00000000
vt 0.00000000 0.00000000
vt 0.00000000 0.00000000
vt 0.00000000 0.00000000
vt 0.00000000 0.00000000
vt 0.00000000 0.00000000
vt 0.00000000 0.00000000
vt 0.00000000 0.00000000
vt 0.00000000 0.00000000
vt 0.00000000 0.00000000
vt 0.00000000 0.00000000
vt 0.00000000 0.00000000
vt 0.00000000 0.00000000
vt 0.00000000 0.00000000
vt 0.00000000 0.00000000
vt 0.00000000 0.00000000
vt 0.00000000 0.00000000
vt 0.00000000 0.00000000
vt 0.00000000 0.00000000
vt 0.00000000 0.00000000
vt 0.00000000 0.00000000
vt 0.00000000 0.00000000
vt 0.00000000 0.00000000
vt 0.00000000 0.00000000
vt 0.00000000 0.00000000
vt 0.00000000 0.00000000
vt 0.00000000 0.00000000
vt 0.00000000 0.00000000
vt 0.00000000 0.00000000
vt 0.00000000 0.00000000
vt 0.00000000 0.00000000
vt 0.00000000 0.00000000
vt 0.00000000 0.00000000
vt 0.00000000 0.00000000
vt 0.00000000 0.00000000
vt 0.00000000 0.00000000
vt 0.00000000 0.00000000
vt 0.00000000 0.00000000
vt 0.00000000 0.00000000
vt 0.00000000 0.00000000
vt 0.00000000 0.00000000
vt 0.00000000 0.00000000
vt 0.00000000 0.00000000
vt 0.00000000 0.00000000
vt 0.00000000 0.00000000
vt 0.00000000 0.00000000
vt 0.00000000 0.00000000
vt 0.00000000 0.00000000
vt 0.00000000 0.00000000
vt 0.00000000 0.00000000
vt 0.00000000 0.00000000
vt 0.00000000 0.00000000
vt 0.00000000 0.00000000
vt 0.00000000 0.00000000
vt 0.00000000 0.00000000
vt 0.00000000 0.00000000
vt 0.00000000 0.00000000
vt 0.00000000 0.00000000
vt 0.00000000 0.00000000
vt 0.00000000 0.00000000
vt 0.00000000 0.00000000
vt 0.00000000 0.00000000
vt 0.00000000 0.00000000
vt 0.00000000 0.00000000
vt 0.00000000 0.00000000
vt 0.00000000 0.00000000
vt 0.00000000 0.00000000
vt 0.00000000 0.00000000
vt 0.00000000 0.00000000
vt 0.00000000 0.00000000
vt 0.00000000 0.00000000
vt 0.00000000 0.00000000
vt 0.00000000 0.00000000
vt 0.00000000 0.00000000
vt 0.00000000 0.00000000
vt 0.00000000 0.00000000
vt 0.00000000 0.00000000
vt 0.00000000 0.00000000
vt 0.00000000 0.00000000
vt 0.00000000 0.00000000
vt 0.00000000 0.00000000
vt 0.00000000 0.00000000
vt 0.00000000 0.00000000
vt 0.00000000 0.00000000
vt 0.00000000 0.00000000
vt 0.00000000 0.00000000
vt 0.00000000 0.00000000
vt 0.00000000 0.00000000
vt 0.00000000 0.00000000
vt 0.00000000 0.00000000
vt 0.00000000 0.00000000
vt 0.00000000 0.00000000
vt 0.00000000 0.00000000
vt 0.00000000 0.00000000
vt 0.00000000 0.00000000
vt 0.00000000 0.00000000
vt 0.00000000 0.00000000
vt 0.00000000 0.00000000
vt 0.00000000 0.00000000
vt 0.00000000 0.00000000
vt 0.00000000 0.00000000
vt 0.00000000 0.00000000
vt 0.00000000 0.00000000
vt 0.00000000 0.00000000
vt 0.00000000 0.00000000
vt 0.00000000 0.00000000
vt 0.00000000 0.00000000
vt 0.00000000 0.00000000
vt 0.00000000 0.00000000
vt 0.00000000 0.00000000
vt 0.00000000 0.00000000
vt 0.00000000 0.00000000
vt 0.00000000 0.00000000
vt 0.00000000 0.00000000
vt 0.00000000 0.00000000
vt 0.00000000 0.00000000
vt 0.00000000 0.00000000
vt 0.00000000 0.00000000
vt 0.00000000 0.00000000
vt 0.00000000 0.00000000
vt 0.00000000 0.00000000
vt 0.00000000 0.00000000
vt 0.00000000 0.00000000
vt 0.00000000 0.00000000
vt 0.00000000 0.00000000
vt 0.00000000 0.00000000
vt 0.00000000 0.00000000
vt 0.00000000 0.00000000
vt 0.00000000 0.00000000
vt 0.00000000 0.00000000
vt 0.00000000 0.00000000
vt 0.00000000 0.00000000
vt 0.00000000 0.00000000
vt 0.00000000 0.00000000
vt 0.00000000 0.00000000
vt 0.00000000 0.00000000
vt 0.00000000 0.00000000
vt 0.00000000 0.00000000
vt 0.00000000 0.00000000
vt 0.00000000 0.00000000
vt 0.00000000 0.00000000
vt 0.00000000 0.00000000
vt 0.00000000 0.00000000
vt 0.00000000 0.00000000
vt 0.00000000 0.00000000
vt 0.00000000 0.00000000
vt 0.00000000 0.00000000
vt 0.00000000 0.00000000
vt 0.00000000 0.00000000
vt 0.00000000 0.00000000
vt 0.00000000 0.00000000
vt 0.00000000 0.00000000
vt 0.00000000 0.00000000
vt 0.00000000 0.00000000
vt 0.00000000 0.00000000
vt 0.00000000 0.00000000
vt 0.00000000 0.00000000
vt 0.00000000 0.00000000
vt 0.00000000 0.00000000
vt 0.00000000 0.00000000
vt 0.00000000 0.00000000
vt 0.00000000 0.00000000
vt 0.00000000 0.00000000
vt 0.00000000 0.00000000
vt 0.00000000 0.00000000
vt 0.00000000 0.00000000
vt 0.00000000 0.00000000
vt 0.00000000 0.00000000
vt 0.00000000 0.00000000
vt 0.00000000 0.00000000
vt 0.00000000 0.00000000
vt 0.00000000 0.00000000
vt 0.00000000 0.00000000
vt 0.00000000 0.00000000
vt 0.00000000 0.00000000
vt 0.00000000 0.00000000
vt 0.00000000 0.00000000
vt 0.00000000 0.00000000
vt 0.00000000 0.00000000
vt 0.00000000 0.00000000
vt 0.00000000 0.00000000
vt 0.00000000 0.00000000
vt 0.00000000 0.00000000
vt 0.00000000 0.00000000
vt 0.00000000 0.00000000
vt 0.00000000 0.00000000
vt 0.00000000 0.00000000
vt 0.00000000 0.00000000
vt 0.00000000 0.00000000
vt 0.00000000 0.00000000
vt 0.00000000 0.00000000
vt 0.00000000 0.00000000
vt 0.00000000 0.00000000
vt 0.00000000 0.00000000
vt 0.00000000 0.00000000
vt 0.00000000 0.00000000
vt 0.00000000 0.00000000
vt 0.00000000 0.00000000
vt 0.00000000 0.00000000
vt 0.00000000 0.00000000
vt 0.00000000 0.00000000
vt 0.00000000 0.00000000
vt 0.00000000 0.00000000
vt 0.00000000 0.00000000
vt 0.00000000 0.00000000
vt 0.00000000 0.00000000
vt 0.00000000 0.00000000
vt 0.00000000 0.00000000
vt 0.00000000 0.00000000
vt 0.00000000 0.00000000
vt 0.00000000 0.00000000
vt 0.00000000 0.00000000
vt 0.00000000 0.00000000
vt 0.00000000 0.00000000
vt 0.00000000 0.00000000
vt 0.00000000 0.00000000
vt 0.00000000 0.00000000
vt 0.00000000 0.00000000
vt 0.00000000 0.00000000
vt 0.00000000 0.00000000
vt 0.00000000 0.00000000
vt 0.00000000 0.00000000
vt 0.00000000 0.00000000
vt 0.00000000 0.00000000
vt 0.00000000 0.00000000
vt 0.00000000 0.00000000
vt 0.00000000 0.00000000
vt 0.00000000 0.00000000
vt 0.00000000 0.00000000
vt 0.00000000 0.00000000
vt 0.00000000 0.00000000
vt 0.00000000 0.00000000
vt 0.00000000 0.00000000
vt 0.00000000 0.00000000
vt 0.00000000 0.00000000
vt 0.00000000 0.00000000
vt 0.00000000 0.00000000
vt 0.00000000 0.00000000
vt 0.00000000 0.00000000
vt 0.00000000 0.00000000
vt 0.00000000 0.00000000
vt 0.00000000 0.00000000
vt 0.00000000 0.00000000
vt 0.00000000 0.00000000
vt 0.00000000 0.00000000
vt 0.00000000 0.00000000
vt 0.00000000 0.00000000
vt 0.00000000 0.00000000
vt 0.00000000 0.00000000
vt 0.00000000 0.00000000
vt 0.00000000 0.00000000
vt 0.00000000 0.00000000
vt 0.00000000 0.00000000
vt 0.00000000 0.00000000
vt 0.00000000 0.00000000
vt 0.00000000 0.00000000
vt 0.00000000 0.00000000
vt 0.00000000 0.00000000
vt 0.00000000 0.00000000
vt 0.00000000 0.00000000
vt 0.00000000 0.00000000
vt 0.00000000 0.00000000
vt 0.00000000 0.00000000
vt 0.00000000 0.00000000
vt 0.00000000 0.00000000
vt 0.00000000 0.00000000
vt 0.00000000 0.00000000
vt 0.00000000 0.00000000
vt 0.00000000 0.00000000
vt 0.00000000 0.00000000
vt 0.00000000 0.00000000
vt 0.00000000 0.00000000
vt 0.00000000 0.00000000
vt 0.00000000 0.00000000
vt 0.00000000 0.00000000
vt 0.00000000 0.00000000
vt 0.00000000 0.00000000
vt 0.00000000 0.00000000
vt 0.00000000 0.00000000
vt 0.00000000 0.00000000
vt 0.00000000 0.00000000
vt 0.00000000 0.00000000
vt 0.00000000 0.00000000
vt 0.00000000 0.00000000
vt 0.00000000 0.00000000
vt 0.00000000 0.00000000
vt 0.00000000 0.00000000
vt 0.00000000 0.00000000
vt 0.00000000 0.00000000
vt 0.00000000 0.00000000
vt 0.00000000 0.00000000
vt 0.00000000 0.00000000
vt 0.00000000 0.00000000
vt 0.00000000 0.00000000
vt 0.00000000 0.00000000
vt 0.00000000 0.00000000
vt 0.00000000 0.00000000
vt 0.00000000 0.00000000
vt 0.00000000 0.00000000
vt 0.00000000 0.00000000
vt 0.00000000 0.00000000
vt 0.00000000 0.00000000
vt 0.00000000 0.00000000
vt 0.00000000 0.00000000
vt 0.00000000 0.00000000
vt 0.00000000 0.00000000
vt 0.00000000 0.00000000
vt 0.00000000 0.00000000
vt 0.00000000 0.00000000
vt 0.00000000 0.00000000
vt 0.00000000 0.00000000
vt 0.00000000 0.00000000
vt 0.00000000 0.00000000
vt 0.00000000 0.00000000
vt 0.00000000 0.00000000
vt 0.00000000 0.00000000
vt 0.00000000 0.00000000
vt 0.00000000 0.00000000
vt 0.00000000 0.00000000
vt 0.00000000 0.00000000
vt 0.00000000 0.00000000
vt 0.00000000 0.00000000
vt 0.00000000 0.00000000
vt 0.00000000 0.00000000
vt 0.00000000 0.00000000
vt 0.00000000 0.00000000
vt 0.00000000 0.00000000
vt 0.00000000 0.00000000
vt 0.00000000 0.00000000
vt 0.00000000 0.00000000
vt 0.00000000 0.00000000
vt 0.00000000 0.00000000
vt 0.00000000 0.00000000
vt 0.00000000 0.00000000
vt 0.00000000 0.00000000
vt 0.00000000 0.00000000
vt 0.00000000 0.00000000
vt 0.00000000 0.00000000
vt 0.00000000 0.00000000
vt 0.00000000 0.00000000
vt 0.00000000 0.00000000
vt 0.00000000 0.00000000
vt 0.00000000 0.00000000
vt 0.00000000 0.00000000
vt 0.00000000 0.00000000
vt 0.00000000 0.00000000
vt 0.00000000 0.00000000
vt 0.00000000 0.00000000
vt 0.00000000 0.00000000
vt 0.00000000 0.00000000
vt 0.00000000 0.00000000
vt 0.00000000 0.00000000
vt 0.00000000 0.00000000
vt 0.00000000 0.00000000
vt 0.00000000 0.00000000
vt 0.00000000 0.00000000
vt 0.00000000 0.00000000
vt 0.00000000 0.00000000
vt 0.00000000 0.00000000
vt 0.00000000 0.00000000
vt 0.00000000 0.00000000
vt 0.00000000 0.00000000
vt 0.00000000 0.00000000
vt 0.00000000 0.00000000
vt 0.00000000 0.00000000
vt 0.00000000 0.00000000
vt 0.00000000 0.00000000
vt 0.00000000 0.00000000
vt 0.00000000 0.00000000
vt 0.00000000 0.00000000
vt 0.00000000 0.00000000
vt 0.00000000 0.00000000
vt 0.00000000 0.00000000
vt 0.00000000 0.00000000
vt 0.00000000 0.00000000
vt 0.00000000 0.00000000
vt 0.00000000 0.00000000
vt 0.00000000 0.00000000
vt 0.00000000 0.00000000
vt 0.00000000 0.00000000
vt 0.00000000 0.00000000
vt 0.00000000 0.00000000
vt 0.00000000 0.00000000
vt 0.00000000 0.00000000
vt 0.00000000 0.00000000
vt 0.00000000 0.00000000
vt 0.00000000 0.00000000
vt 0.00000000 0.00000000
vt 0.00000000 0.00000000
vt 0.00000000 0.00000000
vt 0.00000000 0.00000000
vt 0.00000000 0.00000000
vt 0.00000000 0.00000000
vt 0.00000000 0.00000000
vt 0.00000000 0.00000000
vt 0.00000000 0.00000000
vt 0.00000000 0.00000000
vt 0.00000000 0.00000000
vt 0.00000000 0.00000000
vt 0.00000000 0.00000000
vt 0.00000000 0.00000000
vt 0.00000000 0.00000000
vt 0.00000000 0.00000000
vt 0.00000000 0.00000000
vt 0.00000000 0.00000000
vt 0.00000000 0.00000000
vt 0.00000000 0.00000000
vt 0.00000000 0.00000000
vt 0.00000000 0.00000000
vt 0.00000000 0.00000000
vt 0.00000000 0.00000000
vt 0.00000000 0.00000000
vt 0.00000000 0.00000000
vt 0.00000000 0.00000000
vt 0.00000000 0.00000000
vt 0.00000000 0.00000000
vt 0.00000000 0.00000000
vt 0.00000000 0.00000000
vt 0.00000000 0.00000000
vt 0.00000000 0.00000000
vt 0.00000000 0.00000000
vt 0.00000000 0.00000000
vt 0.00000000 0.00000000
vt 0.00000000 0.00000000
vt 0.00000000 0.00000000
vt 0.00000000 0.00000000
vt 0.00000000 0.00000000
vt 0.00000000 0.00000000
vt 0.00000000 0.00000000
vt 0.00000000 0.00000000
vt 0.00000000 0.00000000
vt 0.00000000 0.00000000
vt 0.00000000 0.00000000
vt 0.00000000 0.00000000
vt 0.00000000 0.00000000
vt 0.00000000 0.00000000
vt 0.00000000 0.00000000
vt 0.00000000 0.00000000
vt 0.00000000 0.00000000
vt 0.00000000 0.00000000
vt 0.00000000 0.00000000
vt 0.00000000 0.00000000
vt 0.00000000 0.00000000
vt 0.00000000 0.00000000
vt 0.00000000 0.00000000
vt 0.00000000 0.00000000
vt 0.00000000 0.00000000
vt 0.00000000 0.00000000
vt 0.00000000 0.00000000
vt 0.00000000 0.00000000
vt 0.00000000 0.00000000
vt 0.00000000 0.00000000
vt 0.00000000 0.00000000
vt 0.00000000 0.00000000
vt 0.00000000 0.00000000
vt 0.00000000 0.00000000
vt 0.00000000 0.00000000
vt 0.00000000 0.00000000
vt 0.00000000 0.00000000
vt 0.00000000 0.00000000
vt 0.00000000 0.00000000
vt 0.00000000 0.00000000
vt 0.00000000 0.00000000
vt 0.00000000 0.00000000
vt 0.00000000 0.00000000
vt 0.00000000 0.00000000
vt 0.00000000 0.00000000
vt 0.00000000 0.00000000
vt 0.00000000 0.00000000
vt 0.00000000 0.00000000
vt 0.00000000 0.00000000
vt 0.00000000 0.00000000
vt 0.00000000 0.00000000
vt 0.00000000 0.00000000
vt 0.00000000 0.00000000
vt 0.00000000 0.00000000
vt 0.00000000 0.00000000
vt 0.00000000 0.00000000
vt 0.00000000 0.00000000
vt 0.00000000 0.00000000
vt 0.00000000 0.00000000
vt 0.00000000 0.00000000
vt 0.00000000 0.00000000
vt 0.00000000 0.00000000
vt 0.00000000 0.00000000
vt 0.00000000 0.00000000
vt 0.00000000 0.00000000
vt 0.00000000 0.00000000
vt 0.00000000 0.00000000
vt 0.00000000 0.00000000
vt 0.00000000 0.00000000
vt 0.00000000 0.00000000
vt 0.00000000 0.00000000
vt 0.00000000 0.00000000
vt 0.00000000 0.00000000
vt 0.00000000 0.00000000
vt 0.00000000 0.00000000
vt 0.00000000 0.00000000
vt 0.00000000 0.00000000
vt 0.00000000 0.00000000
vt 0.00000000 0.00000000
vt 0.00000000 0.00000000
vt 0.00000000 0.00000000
vt 0.00000000 0.00000000
vt 0.00000000 0.00000000
vt 0.00000000 0.00000000
vt 0.00000000 0.00000000
vt 0.00000000 0.00000000
vt 0.00000000 0.00000000
vt 0.00000000 0.00000000
vt 0.00000000 0.00000000
vt 0.00000000 0.00000000
vt 0.00000000 0.00000000
vt 0.00000000 0.00000000
vt 0.00000000 0.00000000
vt 0.00000000 0.00000000
vt 0.00000000 0.00000000
vt 0.00000000 0.00000000
vt 0.00000000 0.00000000
vt 0.00000000 0.00000000
vt 0.00000000 0.00000000
vt 0.00000000 0.00000000
vt 0.00000000 0.00000000
vt 0.00000000 0.00000000
vt 0.00000000 0.00000000
vt 0.00000000 0.00000000
vt 0.00000000 0.00000000
vt 0.00000000 0.00000000
vt 0.00000000 0.00000000
vt 0.00000000 0.00000000
vt 0.00000000 0.00000000
vt 0.00000000 0.00000000
vt 0.00000000 0.00000000
vt 0.00000000 0.00000000
vt 0.00000000 0.00000000
vt 0.00000000 0.00000000
vt 0.00000000 0.00000000
vt 0.00000000 0.00000000
vt 0.00000000 0.00000000
vt 0.00000000 0.00000000
vt 0.00000000 0.00000000
vt 0.00000000 0.00000000
vt 0.00000000 0.00000000
vt 0.00000000 0.00000000
vt 0.00000000 0.00000000
vt 0.00000000 0.00000000
vt 0.00000000 0.00000000
vt 0.00000000 0.00000000
vt 0.00000000 0.00000000
vt 0.00000000 0.00000000
vt 0.00000000 0.00000000
vt 0.00000000 0.00000000
vt 0.00000000 0.00000000
vt 0.00000000 0.00000000
vt 0.00000000 0.00000000
vt 0.00000000 0.00000000
vt 0.00000000 0.00000000
vt 0.00000000 0.00000000
vt 0.00000000 0.00000000
vt 0.00000000 0.00000000
vt 0.00000000 0.00000000
vt 0.00000000 0.00000000
vt 0.00000000 0.00000000
vt 0.00000000 0.00000000
vt 0.00000000 0.00000000
vt 0.00000000 0.00000000
vt 0.00000000 0.00000000
vt 0.00000000 0.00000000
vt 0.00000000 0.00000000
vt 0.00000000 0.00000000
vt 0.00000000 0.00000000
vt 0.00000000 0.00000000
vt 0.00000000 0.00000000
vt 0.00000000 0.00000000
vt 0.00000000 0.00000000
vt 0.00000000 0.00000000
vt 0.00000000 0.00000000
vt 0.00000000 0.00000000
vt 0.00000000 0.00000000
vt 0.00000000 0.00000000
vt 0.00000000 0.00000000
vt 0.00000000 0.00000000
vt 0.00000000 0.00000000
vt 0.00000000 0.00000000
vt 0.00000000 0.00000000
vt 0.00000000 0.00000000
vt 0.00000000 0.00000000
vt 0.00000000 0.00000000
vt 0.00000000 0.00000000
vt 0.00000000 0.00000000
vt 0.00000000 0.00000000
vt 0.00000000 0.00000000
vt 0.00000000 0.00000000
vt 0.00000000 0.00000000
vt 0.00000000 0.00000000
vt 0.00000000 0.00000000
vt 0.00000000 0.00000000
vt 0.00000000 0.00000000
vt 0.00000000 0.00000000
vt 0.00000000 0.00000000
vt 0.00000000 0.00000000
vt 0.00000000 0.00000000
vt 0.00000000 0.00000000
vt 0.00000000 0.00000000
vt 0.00000000 0.00000000
vt 0.00000000 0.00000000
vt 0.00000000 0.00000000
vt 0.00000000 0.00000000
vt 0.00000000 0.00000000
vt 0.00000000 0.00000000
vt 0.00000000 0.00000000
vt 0.00000000 0.00000000
vt 0.00000000 0.00000000
vt 0.00000000 0.00000000
vt 0.00000000 0.00000000
vt 0.00000000 0.00000000
vt 0.00000000 0.00000000
vt 0.00000000 0.00000000
vt 0.00000000 0.00000000
vt 0.00000000 0.00000000
vt 0.00000000 0.00000000
vt 0.00000000 0.00000000
vt 0.00000000 0.00000000
vt 0.00000000 0.00000000
vt 0.00000000 0.00000000
vt 0.00000000 0.00000000
vt 0.00000000 0.00000000
vt 0.00000000 0.00000000
vt 0.00000000 0.00000000
vt 0.00000000 0.00000000
vt 0.00000000 0.00000000
vt 0.00000000 0.00000000
vt 0.00000000 0.00000000
vt 0.00000000 0.00000000
vt 0.00000000 0.00000000
vt 0.00000000 0.00000000
vt 0.00000000 0.00000000
vt 0.00000000 0.00000000
vt 0.00000000 0.00000000
vt 0.00000000 0.00000000
vt 0.00000000 0.00000000
vt 0.00000000 0.00000000
vt 0.00000000 0.00000000
vt 0.00000000 0.00000000
vt 0.00000000 0.00000000
vt 0.00000000 0.00000000
vt 0.00000000 0.00000000
vt 0.00000000 0.00000000
vt 0.00000000 0.00000000
vt 0.00000000 0.00000000
vt 0.00000000 0.00000000
vt 0.00000000 0.00000000
vt 0.00000000 0.00000000
vt 0.00000000 0.00000000
vt 0.00000000 0.00000000
vt 0.00000000 0.00000000
vt 0.00000000 0.00000000
vt 0.00000000 0.00000000
vt 0.00000000 0.00000000
vt 0.00000000 0.00000000
vt 0.00000000 0.00000000
vt 0.00000000 0.00000000
vt 0.00000000 0.00000000
vt 0.00000000 0.00000000
vt 0.00000000 0.00000000
vt 0.00000000 0.00000000
vt 0.00000000 0.00000000
vt 0.00000000 0.00000000
vt 0.00000000 0.00000000
vt 0.00000000 0.00000000
vt 0.00000000 0.00000000
vt 0.00000000 0.00000000
vt 0.00000000 0.00000000
vt 0.00000000 0.00000000
vt 0.00000000 0.00000000
vt 0.00000000 0.00000000
vt 0.00000000 0.00000000
vt 0.00000000 0.00000000
vt 0.00000000 0.00000000
vt 0.00000000 0.00000000
vt 0.00000000 0.00000000
vt 0.00000000 0.00000000
vt 0.00000000 0.00000000
vt 0.00000000 0.00000000
vt 0.00000000 0.00000000
vt 0.00000000 0.00000000
vt 0.00000000 0.00000000
vt 0.00000000 0.00000000
vt 0.00000000 0.00000000
vt 0.00000000 0.00000000
vt 0.00000000 0.00000000
vt 0.00000000 0.00000000
vt 0.00000000 0.00000000
vt 0.00000000 0.00000000
vt 0.00000000 0.00000000
vt 0.00000000 0.00000000
vt 0.00000000 0.00000000
vt 0.00000000 0.00000000
vt 0.00000000 0.00000000
vt 0.00000000 0.00000000
vt 0.00000000 0.00000000
vt 0.00000000 0.00000000
vt 0.00000000 0.00000000
vt 0.00000000 0.00000000
vt 0.00000000 0.00000000
vt 0.00000000 0.00000000
vt 0.00000000 0.00000000
vt 0.00000000 0.00000000
vt 0.00000000 0.00000000
vt 0.00000000 0.00000000
vt 0.00000000 0.00000000
vt 0.00000000 0.00000000
vt 0.00000000 0.00000000
vt 0.00000000 0.00000000
vt 0.00000000 0.00000000
vt 0.00000000 0.00000000
vt 0.00000000 0.00000000
vt 0.00000000 0.00000000
vt 0.00000000 0.00000000
vt 0.00000000 0.00000000
vt 0.00000000 0.00000000
vt 0.00000000 0.00000000
vt 0.00000000 0.00000000
vt 0.00000000 0.00000000
vt 0.00000000 0.00000000
vt 0.00000000 0.00000000
vt 0.00000000 0.00000000
vt 0.00000000 0.00000000
vt 0.00000000 0.00000000
vt 0.00000000 0.00000000
vt 0.00000000 0.00000000
vt 0.00000000 0.00000000
vt 0.00000000 0.00000000
vt 0.00000000 0.00000000
vt 0.00000000 0.00000000
vt 0.00000000 0.00000000
vt 0.00000000 0.00000000
vt 0.00000000 0.00000000
vt 0.00000000 0.00000000
vt 0.00000000 0.00000000
vt 0.00000000 0.00000000
vt 0.00000000 0.00000000
vt 0.00000000 0.00000000
vt 0.00000000 0.00000000
vt 0.00000000 0.00000000
vt 0.00000000 0.00000000
vt 0.00000000 0.00000000
vt 0.00000000 0.00000000
vt 0.00000000 0.00000000
vt 0.00000000 0.00000000
vt 0.00000000 0.00000000
vt 0.00000000 0.00000000
vt 0.00000000 0.00000000
vt 0.00000000 0.00000000
vt 0.00000000 0.00000000
vt 0.00000000 0.00000000
vt 0.00000000 0.00000000
vt 0.00000000 0.00000000
vt 0.00000000 0.00000000
vt 0.00000000 0.00000000
vt 0.00000000 0.00000000
vt 0.00000000 0.00000000
vt 0.00000000 0.00000000
vt 0.00000000 0.00000000
vt 0.00000000 0.00000000
vt 0.00000000 0.00000000
vt 0.00000000 0.00000000
vt 0.00000000 0.00000000
vt 0.00000000 0.00000000
vt 0.00000000 0.00000000
vt 0.00000000 0.00000000
vt 0.00000000 0.00000000
vt 0.00000000 0.00000000
vt 0.00000000 0.00000000
vt 0.00000000 0.00000000
vt 0.00000000 0.00000000
vt 0.00000000 0.00000000
vt 0.00000000 0.00000000
vt 0.00000000 0.00000000
vt 0.00000000 0.00000000
vt 0.00000000 0.00000000
vt 0.00000000 0.00000000
vt 0.00000000 0.00000000
vt 0.00000000 0.00000000
vt 0.00000000 0.00000000
vt 0.00000000 0.00000000
vt 0.00000000 0.00000000
vt 0.00000000 0.00000000
vt 0.00000000 0.00000000
vt 0.00000000 0.00000000
vt 0.00000000 0.00000000
vt 0.00000000 0.00000000
vt 0.00000000 0.00000000
vt 0.00000000 0.00000000
vt 0.00000000 0.00000000
vt 0.00000000 0.00000000
vt 0.00000000 0.00000000
vt 0.00000000 0.00000000
vt 0.00000000 0.00000000
vt 0.00000000 0.00000000
vt 0.00000000 0.00000000
vt 0.00000000 0.00000000
vt 0.00000000 0.00000000
vt 0.00000000 0.00000000
vt 0.00000000 0.00000000
vt 0.00000000 0.00000000
vt 0.00000000 0.00000000
vt 0.00000000 0.00000000
vt 0.00000000 0.00000000
vt 0.00000000 0.00000000
vt 0.00000000 0.00000000
vt 0.00000000 0.00000000
vt 0.00000000 0.00000000
vt 0.00000000 0.00000000
vt 0.00000000 0.00000000
vt 0.00000000 0.00000000
vt 0.00000000 0.00000000
vt 0.00000000 0.00000000
vt 0.00000000 0.00000000
vt 0.00000000 0.00000000
vt 0.00000000 0.00000000
vt 0.00000000 0.00000000
vt 0.00000000 0.00000000
vt 0.00000000 0.00000000
vt 0.00000000 0.00000000
vt 0.00000000 0.00000000
vt 0.00000000 0.00000000
vt 0.00000000 0.00000000
vt 0.00000000 0.00000000
vt 0.00000000 0.00000000
vt 0.00000000 0.00000000
vt 0.00000000 0.00000000
vt 0.00000000 0.00000000
vt 0.00000000 0.00000000
vt 0.00000000 0.00000000
vt 0.00000000 0.00000000
vt 0.00000000 0.00000000
vt 0.00000000 0.00000000
vt 0.00000000 0.00000000
vt 0.00000000 0.00000000
vt 0.00000000 0.00000000
vt 0.00000000 0.00000000
vt 0.00000000 0.00000000
vt 0.00000000 0.00000000
vt 0.00000000 0.00000000
vt 0.00000000 0.00000000
vt 0.00000000 0.00000000
vt 0.00000000 0.00000000
vt 0.00000000 0.00000000
vt 0.00000000 0.00000000
vt 0.00000000 0.00000000
vt 0.00000000 0.00000000
vt 0.00000000 0.00000000
vt 0.00000000 0.00000000
vt 0.00000000 0.00000000
vt 0.00000000 0.00000000
vt 0.00000000 0.00000000
vt 0.00000000 0.00000000
vt 0.00000000 0.00000000
vt 0.00000000 0.00000000
vt 0.00000000 0.00000000
vt 0.00000000 0.00000000
vt 0.00000000 0.00000000
vt 0.00000000 0.00000000
vt 0.00000000 0.00000000
vt 0.00000000 0.00000000
vt 0.00000000 0.00000000
vt 0.00000000 0.00000000
vt 0.00000000 0.00000000
vt 0.00000000 0.00000000
vt 0.00000000 0.00000000
vt 0.00000000 0.00000000
vt 0.00000000 0.00000000
vt 0.00000000 0.00000000
vt 0.00000000 0.00000000
vt 0.00000000 0.00000000
vt 0.00000000 0.00000000
vt 0.00000000 0.00000000
vt 0.00000000 0.00000000
vt 0.00000000 0.00000000
vt 0.00000000 0.00000000
vt 0.00000000 0.00000000
vt 0.00000000 0.00000000
vt 0.00000000 0.00000000
vt 0.00000000 0.00000000
vt 0.00000000 0.00000000
vt 0.00000000 0.00000000
vt 0.00000000 0.00000000
vt 0.00000000 0.00000000
vt 0.00000000 0.00000000
vt 0.00000000 0.00000000
vt 0.00000000 0.00000000
vt 0.00000000 0.00000000
vt 0.00000000 0.00000000
vt 0.00000000 0.00000000
vt 0.00000000 0.00000000
vt 0.00000000 0.00000000
vt 0.00000000 0.00000000
vt 0.00000000 0.00000000
vt 0.00000000 0.00000000
vt 0.00000000 0.00000000
vt 0.00000000 0.00000000
vt 0.00000000 0.00000000
vt 0.00000000 0.00000000
vt 0.00000000 0.00000000
vt 0.00000000 0.00000000
vt 0.00000000 0.00000000
vt 0.00000000 0.00000000
vt 0.00000000 0.00000000
vt 0.00000000 0.00000000
vt 0.00000000 0.00000000
vt 0.00000000 0.00000000
vt 0.00000000 0.00000000
vt 0.00000000 0.00000000
vt 0.00000000 0.00000000
vt 0.00000000 0.00000000
vt 0.00000000 0.00000000
vt 0.00000000 0.00000000
vt 0.00000000 0.00000000
vt 0.00000000 0.00000000
vt 0.00000000 0.00000000
vt 0.00000000 0.00000000
vt 0.00000000 0.00000000
vt 0.00000000 0.00000000
vt 0.00000000 0.00000000
vt 0.00000000 0.00000000
vt 0.00000000 0.00000000
vt 0.00000000 0.00000000
vt 0.00000000 0.00000000
vt 0.00000000 0.00000000
vt 0.00000000 0.00000000
vt 0.00000000 0.00000000
vt 0.00000000 0.00000000
vt 0.00000000 0.00000000
vt 0.00000000 0.00000000
vt 0.00000000 0.00000000
vt 0.00000000 0.00000000
vt 0.00000000 0.00000000
vt 0.00000000 0.00000000
vt 0.00000000 0.00000000
vt 0.00000000 0.00000000
vt 0.00000000 0.00000000
vt 0.00000000 0.00000000
vt 0.00000000 0.00000000
vt 0.00000000 0.00000000
vt 0.00000000 0.00000000
vt 0.00000000 0.00000000
vt 0.00000000 0.00000000
vt 0.00000000 0.00000000
vt 0.00000000 0.00000000
vt 0.00000000 0.00000000
vt 0.00000000 0.00000000
vt 0.00000000 0.00000000
vt 0.00000000 0.00000000
vt 0.00000000 0.00000000
vt 0.00000000 0.00000000
vt 0.00000000 0.00000000
vt 0.00000000 0.00000000
vt 0.00000000 0.00000000
vt 0.00000000 0.00000000
vt 0.00000000 0.00000000
vt 0.00000000 0.00000000
vt 0.00000000 0.00000000
vt 0.00000000 0.00000000
vt 0.00000000 0.00000000
vt 0.00000000 0.00000000
vt 0.00000000 0.00000000
vt 0.00000000 0.00000000
vt 0.00000000 0.00000000
vt 0.00000000 0.00000000
vt 0.00000000 0.00000000
vt 0.00000000 0.00000000
vt 0.00000000 0.00000000
vt 0.00000000 0.00000000
vt 0.00000000 0.00000000
vt 0.00000000 0.00000000
vt 0.00000000 0.00000000
vt 0.00000000 0.00000000
vt 0.00000000 0.00000000
vt 0.00000000 0.00000000
vt 0.00000000 0.00000000
vt 0.00000000 0.00000000
vt 0.00000000 0.00000000
vt 0.00000000 0.00000000
vt 0.00000000 0.00000000
vt 0.00000000 0.00000000
vt 0.00000000 0.00000000
vt 0.00000000 0.00000000
vt 0.00000000 0.00000000
vt 0.00000000 0.00000000
vt 0.00000000 0.00000000
vt 0.00000000 0.00000000
vt 0.00000000 0.00000000
vt 0.00000000 0.00000000
vt 0.00000000 0.00000000
vt 0.00000000 0.00000000
vt 0.00000000 0.00000000
vt 0.00000000 0.00000000
vt 0.00000000 0.00000000
vt 0.00000000 0.00000000
vt 0.00000000 0.00000000
vt 0.00000000 0.00000000
vt 0.00000000 0.00000000
vt 0.00000000 0.00000000
vt 0.00000000 0.00000000
vt 0.00000000 0.00000000
vt 0.00000000 0.00000000
vt 0.00000000 0.00000000
vt 0.00000000 0.00000000
vt 0.00000000 0.00000000
vt 0.00000000 0.00000000
vt 0.00000000 0.00000000
vt 0.00000000 0.00000000
vt 0.00000000 0.00000000
vt 0.00000000 0.00000000
vt 0.00000000 0.00000000
vt 0.00000000 0.00000000
vt 0.00000000 0.00000000
vt 0.00000000 0.00000000
vt 0.00000000 0.00000000
vt 0.00000000 0.00000000
vt 0.00000000 0.00000000
vt 0.00000000 0.00000000
vt 0.00000000 0.00000000
vt 0.00000000 0.00000000
vt 0.00000000 0.00000000
vt 0.00000000 0.00000000
vt 0.00000000 0.00000000
vt 0.00000000 0.00000000
vt 0.00000000 0.00000000
vt 0.00000000 0.00000000
vt 0.00000000 0.00000000
vt 0.00000000 0.00000000
vt 0.00000000 0.00000000
vt 0.00000000 0.00000000
vt 0.00000000 0.00000000
vt 0.00000000 0.00000000
vt 0.00000000 0.00000000
vt 0.00000000 0.00000000
vt 0.00000000 0.00000000
vt 0.00000000 0.00000000
vt 0.00000000 0.00000000
vt 0.00000000 0.00000000
vt 0.00000000 0.00000000
vt 0.00000000 0.00000000
vt 0.00000000 0.00000000
vt 0.00000000 0.00000000
vt 0.00000000 0.00000000
vt 0.00000000 0.00000000
vt 0.00000000 0.00000000
vt 0.00000000 0.00000000
vt 0.00000000 0.00000000
vt 0.00000000 0.00000000
vt 0.00000000 0.00000000
vt 0.00000000 0.00000000
vt 0.00000000 0.00000000
vt 0.00000000 0.00000000
vt 0.00000000 0.00000000
vt 0.00000000 0.00000000
vt 0.00000000 0.00000000
vt 0.00000000 0.00000000
vt 0.00000000 0.00000000
vt 0.00000000 0.00000000
vt 0.00000000 0.00000000
vt 0.00000000 0.00000000
vt 0.00000000 0.00000000
vt 0.00000000 0.00000000
vt 0.00000000 0.00000000
vt 0.00000000 0.00000000
vt 0.00000000 0.00000000
vt 0.00000000 0.00000000
vt 0.00000000 0.00000000
vt 0.00000000 0.00000000
vt 0.00000000 0.00000000
vt 0.00000000 0.00000000
vt 0.00000000 0.00000000
vt 0.00000000 0.00000000
vt 0.00000000 0.00000000
vt 0.00000000 0.00000000
vt 0.00000000 0.00000000
vt 0.00000000 0.00000000
vt 0.00000000 0.00000000
vt 0.00000000 0.00000000
vt 0.00000000 0.00000000
vt 0.00000000 0.00000000
vt 0.00000000 0.00000000
vt 0.00000000 0.00000000
vt 0.00000000 0.00000000
vt 0.00000000 0.00000000
vt 0.00000000 0.00000000
vt 0.00000000 0.00000000
vt 0.00000000 0.00000000
vt 0.00000000 0.00000000
vt 0.00000000 0.00000000
vt 0.00000000 0.00000000
vt 0.00000000 0.00000000
vt 0.00000000 0.00000000
vt 0.00000000 0.00000000
vt 0.00000000 0.00000000
vt 0.00000000 0.00000000
vt 0.00000000 0.00000000
vt 0.00000000 0.00000000
vt 0.00000000 0.00000000
vt 0.00000000 0.00000000
vt 0.00000000 0.00000000
vt 0.00000000 0.00000000
vt 0.00000000 0.00000000
vt 0.00000000 0.00000000
vt 0.00000000 0.00000000
vt 0.00000000 0.00000000
vt 0.00000000 0.00000000
vt 0.00000000 0.00000000
vt 0.00000000 0.00000000
vt 0.00000000 0.00000000
vt 0.00000000 0.00000000
vt 0.00000000 0.00000000
vt 0.00000000 0.00000000
vt 0.00000000 0.00000000
vt 0.00000000 0.00000000
vt 0.00000000 0.00000000
vt 0.00000000 0.00000000
vt 0.00000000 0.00000000
vt 0.00000000 0.00000000
vt 0.00000000 0.00000000
vt 0.00000000 0.00000000
vt 0.00000000 0.00000000
vt 0.00000000 0.00000000
vt 0.00000000 0.00000000
vt 0.00000000 0.00000000
vt 0.00000000 0.00000000
vt 0.00000000 0.00000000
vt 0.00000000 0.00000000
vt 0.00000000 0.00000000
vt 0.00000000 0.00000000
vt 0.00000000 0.00000000
vt 0.00000000 0.00000000
vt 0.00000000 0.00000000
vt 0.00000000 0.00000000
vt 0.00000000 0.00000000
vt 0.00000000 0.00000000
vt 0.00000000 0.00000000
vt 0.00000000 0.00000000
vt 0.00000000 0.00000000
vt 0.00000000 0.00000000
vt 0.00000000 0.00000000
vt 0.00000000 0.00000000
vt 0.00000000 0.00000000
vt 0.00000000 0.00000000
vt 0.00000000 0.00000000
vt 0.00000000 0.00000000
vt 0.00000000 0.00000000
vt 0.00000000 0.00000000
vt 0.00000000 0.00000000
vt 0.00000000 0.00000000
vt 0.00000000 0.00000000
vt 0.00000000 0.00000000
vt 0.00000000 0.00000000
vt 0.00000000 0.00000000
vt 0.00000000 0.00000000
vt 0.00000000 0.00000000
vt 0.00000000 0.00000000
vt 0.00000000 0.00000000
vt 0.00000000 0.00000000
vt 0.00000000 0.00000000
vt 0.00000000 0.00000000
vt 0.00000000 0.00000000
vt 0.00000000 0.00000000
vt 0.00000000 0.00000000
vt 0.00000000 0.00000000
vt 0.00000000 0.00000000
vt 0.00000000 0.00000000
vt 0.00000000 0.00000000
vt 0.00000000 0.00000000
vt 0.00000000 0.00000000
vt 0.00000000 0.00000000
vt 0.00000000 0.00000000
vt 0.00000000 0.00000000
vt 0.00000000 0.00000000
vt 0.00000000 0.00000000
vt 0.00000000 0.00000000
vt 0.00000000 0.00000000
vt 0.00000000 0.00000000
vt 0.00000000 0.00000000
vt 0.00000000 0.00000000
vt 0.00000000 0.00000000
vt 0.00000000 0.00000000
vt 0.00000000 0.00000000
vt 0.00000000 0.00000000
vt 0.00000000 0.00000000
vt 0.00000000 0.00000000
vt 0.00000000 0.00000000
vt 0.00000000 0.00000000
vt 0.00000000 0.00000000
vt 0.00000000 0.00000000
vt 0.00000000 0.00000000
vt 0.00000000 0.00000000
vt 0.00000000 0.00000000
vt 0.00000000 0.00000000
vt 0.00000000 0.00000000
vt 0.00000000 0.00000000
vt 0.00000000 0.00000000
vt 0.00000000 0.00000000
vt 0.00000000 0.00000000
vt 0.00000000 0.00000000
vt 0.00000000 0.00000000
vt 0.00000000 0.00000000
vt 0.00000000 0.00000000
vt 0.00000000 0.00000000
vt 0.00000000 0.00000000
vt 0.00000000 0.00000000
vt 0.00000000 0.00000000
vt 0.00000000 0.00000000
vt 0.00000000 0.00000000
vt 0.00000000 0.00000000
vt 0.00000000 0.00000000
vt 0.00000000 0.00000000
vt 0.00000000 0.00000000
vt 0.00000000 0.00000000
vt 0.00000000 0.00000000
vt 0.00000000 0.00000000
vt 0.00000000 0.00000000
vt 0.00000000 0.00000000
vt 0.00000000 0.00000000
vt 0.00000000 0.00000000
vt 0.00000000 0.00000000
vt 0.00000000 0.00000000
vt 0.00000000 0.00000000
vt 0.00000000 0.00000000
vt 0.00000000 0.00000000
vt 0.00000000 0.00000000
vt 0.00000000 0.00000000
vt 0.00000000 0.00000000
vt 0.00000000 0.00000000
vt 0.00000000 0.00000000
vt 0.00000000 0.00000000
vt 0.00000000 0.00000000
vt 0.00000000 0.00000000
vt 0.00000000 0.00000000
vt 0.00000000 0.00000000
vt 0.00000000 0.00000000
vt 0.00000000 0.00000000
vt 0.00000000 0.00000000
vt 0.00000000 0.00000000
vt 0.00000000 0.00000000
vt 0.00000000 0.00000000
vt 0.00000000 0.00000000
vt 0.00000000 0.00000000
vt 0.00000000 0.00000000
vt 0.00000000 0.00000000
vt 0.00000000 0.00000000
vt 0.00000000 0.00000000
vt 0.00000000 0.00000000
vt 0.00000000 0.00000000
vt 0.00000000 0.00000000
vt 0.00000000 0.00000000
vt 0.00000000 0.00000000
vt 0.00000000 0.00000000
vt 0.00000000 0.00000000
vt 0.00000000 0.00000000
vt 0.00000000 0.00000000
vt 0.00000000 0.00000000
vt 0.00000000 0.00000000
vt 0.00000000 0.00000000
vt 0.00000000 0.00000000
vt 0.00000000 0.00000000
vt 0.00000000 0.00000000
vt 0.00000000 0.00000000
vt 0.00000000 0.00000000
vt 0.00000000 0.00000000
vt 0.00000000 0.00000000
vt 0.00000000 0.00000000
vt 0.00000000 0.00000000
vt 0.00000000 0.00000000
vt 0.00000000 0.00000000
vt 0.00000000 0.00000000
vt 0.00000000 0.00000000
vt 0.00000000 0.00000000
vt 0.00000000 0.00000000
vt 0.00000000 0.00000000
vt 0.00000000 0.00000000
vt 0.00000000 0.00000000
vt 0.00000000 0.00000000
vt 0.00000000 0.00000000
vt 0.00000000 0.00000000
vt 0.00000000 0.00000000
vt 0.00000000 0.00000000
vt 0.00000000 0.00000000
vt 0.00000000 0.00000000
vt 0.00000000 0.00000000
vt 0.00000000 0.00000000
vt 0.00000000 0.00000000
vt 0.00000000 0.00000000
vt 0.00000000 0.00000000
vt 0.00000000 0.00000000
vt 0.00000000 0.00000000
vt 0.00000000 0.00000000
vt 0.00000000 0.00000000
vt 0.00000000 0.00000000
vt 0.00000000 0.00000000
vt 0.00000000 0.00000000
vt 0.00000000 0.00000000
vt 0.00000000 0.00000000
vt 0.00000000 0.00000000
vt 0.00000000 0.00000000
vt 0.00000000 0.00000000
vt 0.00000000 0.00000000
vt 0.00000000 0.00000000
vt 0.00000000 0.00000000
vt 0.00000000 0.00000000
vt 0.00000000 0.00000000
vt 0.00000000 0.00000000
vt 0.00000000 0.00000000
vt 0.00000000 0.00000000
vt 0.00000000 0.00000000
vt 0.00000000 0.00000000
vt 0.00000000 0.00000000
vt 0.00000000 0.00000000
vt 0.00000000 0.00000000
vt 0.00000000 0.00000000
vt 0.00000000 0.00000000
vt 0.00000000 0.00000000
vt 0.00000000 0.00000000
vt 0.00000000 0.00000000
vt 0.00000000 0.00000000
vt 0.00000000 0.00000000
vt 0.00000000 0.00000000
vt 0.00000000 0.00000000
vt 0.00000000 0.00000000
vt 0.00000000 0.00000000
vt 0.00000000 0.00000000
vt 0.00000000 0.00000000
vt 0.00000000 0.00000000
vt 0.00000000 0.00000000
vt 0.00000000 0.00000000
vt 0.00000000 0.00000000
vt 0.00000000 0.00000000
vt 0.00000000 0.00000000
vt 0.00000000 0.00000000
vt 0.00000000 0.00000000
vt 0.00000000 0.00000000
vt 0.00000000 0.00000000
vt 0.00000000 0.00000000
vt 0.00000000 0.00000000
vt 0.00000000 0.00000000
vt 0.00000000 0.00000000
vt 0.00000000 0.00000000
vt 0.00000000 0.00000000
vt 0.00000000 0.00000000
vt 0.00000000 0.00000000
vt 0.00000000 0.00000000
vt 0.00000000 0.00000000
vt 0.00000000 0.00000000
vt 0.00000000 0.00000000
vt 0.00000000 0.00000000
vt 0.00000000 0.00000000
vt 0.00000000 0.00000000
vt 0.00000000 0.00000000
vt 0.00000000 0.00000000
vt 0.00000000 0.00000000
vt 0.00000000 0.00000000
vt 0.00000000 0.00000000
vt 0.00000000 0.00000000
vt 0.00000000 0.00000000
vt 0.00000000 0.00000000
vt 0.00000000 0.00000000
vt 0.00000000 0.00000000
vt 0.00000000 0.00000000
vt 0.00000000 0.00000000
vt 0.00000000 0.00000000
vt 0.00000000 0.00000000
vt 0.00000000 0.00000000
vt 0.00000000 0.00000000
vt 0.00000000 0.00000000
vt 0.00000000 0.00000000
vt 0.00000000 0.00000000
vt 0.00000000 0.00000000
vt 0.00000000 0.00000000
vt 0.00000000 0.00000000
vt 0.00000000 0.00000000
vt 0.00000000 0.00000000
vt 0.00000000 0.00000000
vt 0.00000000 0.00000000
vt 0.00000000 0.00000000
vt 0.00000000 0.00000000
vt 0.00000000 0.00000000
vt 0.00000000 0.00000000
vt 0.00000000 0.00000000
vt 0.00000000 0.00000000
vt 0.00000000 0.00000000
vt 0.00000000 0.00000000
vt 0.00000000 0.00000000
vt 0.00000000 0.00000000
vt 0.00000000 0.00000000
vt 0.00000000 0.00000000
vt 0.00000000 0.00000000
vt 0.00000000 0.00000000
vt 0.00000000 0.00000000
vt 0.00000000 0.00000000
vt 0.00000000 0.00000000
vt 0.00000000 0.00000000
vt 0.00000000 0.00000000
vt 0.00000000 0.00000000
vt 0.00000000 0.00000000
vt 0.00000000 0.00000000
vt 0.00000000 0.00000000
vt 0.00000000 0.00000000
vt 0.00000000 0.00000000
vt 0.00000000 0.00000000
vt 0.00000000 0.00000000
vt 0.00000000 0.00000000
vt 0.00000000 0.00000000
vt 0.00000000 0.00000000
vt 0.00000000 0.00000000
vt 0.00000000 0.00000000
vt 0.00000000 0.00000000
vt 0.00000000 0.00000000
vt 0.00000000 0.00000000
vt 0.00000000 0.00000000
vt 0.00000000 0.00000000
vt 0.00000000 0.00000000
vt 0.00000000 0.00000000
vt 0.00000000 0.00000000
vt 0.00000000 0.00000000
vt 0.00000000 0.00000000
vt 0.00000000 0.00000000
vt 0.00000000 0.00000000
vt 0.00000000 0.00000000
vt 0.00000000 0.00000000
vt 0.00000000 0.00000000
vt 0.00000000 0.00000000
vt 0.00000000 0.00000000
vt 0.00000000 0.00000000
vt 0.00000000 0.00000000
vt 0.00000000 0.00000000
vt 0.00000000 0.00000000
vt 0.00000000 0.00000000
vt 0.00000000 0.00000000
vt 0.00000000 0.00000000
vt 0.00000000 0.00000000
vt 0.00000000 0.00000000
vt 0.00000000 0.00000000
vt 0.00000000 0.00000000
vt 0.00000000 0.00000000
vt 0.00000000 0.00000000
vt 0.00000000 0.00000000
vt 0.00000000 0.00000000
vt 0.00000000 0.00000000
vt 0.00000000 0.00000000
vt 0.00000000 0.00000000
vt 0.00000000 0.00000000
vt 0.00000000 0.00000000
vt 0.00000000 0.00000000
vt 0.00000000 0.00000000
vt 0.00000000 0.00000000
vt 0.00000000 0.00000000
vt 0.00000000 0.00000000
vt 0.00000000 0.00000000
vt 0.00000000 0.00000000
vt 0.00000000 0.00000000
vt 0.00000000 0.00000000
vt 0.00000000 0.00000000
vt 0.00000000 0.00000000
vt 0.00000000 0.00000000
vt 0.00000000 0.00000000
vt 0.00000000 0.00000000
vt 0.00000000 0.00000000
vt 0.00000000 0.00000000
vt 0.00000000 0.00000000
vt 0.00000000 0.00000000
vt 0.00000000 0.00000000
vt 0.00000000 0.00000000
vt 0.00000000 0.00000000
vt 0.00000000 0.00000000
vt 0.00000000 0.00000000
vt 0.00000000 0.00000000
vt 0.00000000 0.00000000
vt 0.00000000 0.00000000
vt 0.00000000 0.00000000
vt 0.00000000 0.00000000
vt 0.00000000 0.00000000
vt 0.00000000 0.00000000
vt 0.00000000 0.00000000
vt 0.00000000 0.00000000
vt 0.00000000 0.00000000
vt 0.00000000 0.00000000
vt 0.00000000 0.00000000
vt 0.00000000 0.00000000
vt 0.00000000 0.00000000
vt 0.00000000 0.00000000
vt 0.00000000 0.00000000
vt 0.00000000 0.00000000
vt 0.00000000 0.00000000
vt 0.00000000 0.00000000
vt 0.00000000 0.00000000
vt 0.00000000 0.00000000
vt 0.00000000 0.00000000
vt 0.00000000 0.00000000
vt 0.00000000 0.00000000
vt 0.00000000 0.00000000
vt 0.00000000 0.00000000
vt 0.00000000 0.00000000
vt 0.00000000 0.00000000
vt 0.00000000 0.00000000
vt 0.00000000 0.00000000
vt 0.00000000 0.00000000
vt 0.00000000 0.00000000
vt 0.00000000 0.00000000
vt 0.00000000 0.00000000
vt 0.00000000 0.00000000
vt 0.00000000 0.00000000
vt 0.00000000 0.00000000
vt 0.00000000 0.00000000
vt 0.00000000 0.00000000
vt 0.00000000 0.00000000
vt 0.00000000 0.00000000
vt 0.00000000 0.00000000
vt 0.00000000 0.00000000
vt 0.00000000 0.00000000
vt 0.00000000 0.00000000
vt 0.00000000 0.00000000
vt 0.00000000 0.00000000
vt 0.00000000 0.00000000
vt 0.00000000 0.00000000
vt 0.00000000 0.00000000
vt 0.00000000 0.00000000
vt 0.00000000 0.00000000
vt 0.00000000 0.00000000
vt 0.00000000 0.00000000
vt 0.00000000 0.00000000
vt 0.00000000 0.00000000
vt 0.00000000 0.00000000
vt 0.00000000 0.00000000
vt 0.00000000 0.00000000
vt 0.00000000 0.00000000
vt 0.00000000 0.00000000
vt 0.00000000 0.00000000
vt 0.00000000 0.00000000
vt 0.00000000 0.00000000
vt 0.00000000 0.00000000
vt 0.00000000 0.00000000
vt 0.00000000 0.00000000
vt 0.00000000 0.00000000
vt 0.00000000 0.00000000
vt 0.00000000 0.00000000
vt 0.00000000 0.00000000
vt 0.00000000 0.00000000
vt 0.00000000 0.00000000
vt 0.00000000 0.00000000
vt 0.00000000 0.00000000
vt 0.00000000 0.00000000
vt 0.00000000 0.00000000
vt 0.00000000 0.00000000
vt 0.00000000 0.00000000
vt 0.00000000 0.00000000
vt 0.00000000 0.00000000
vt 0.00000000 0.00000000
vt 0.00000000 0.00000000
vt 0.00000000 0.00000000
vt 0.00000000 0.00000000
vt 0.00000000 0.00000000
vt 0.00000000 0.00000000
vt 0.00000000 0.00000000
vt 0.00000000 0.00000000
vt 0.00000000 0.00000000
vt 0.00000000 0.00000000
vt 0.00000000 0.00000000
vt 0.00000000 0.00000000
vt 0.00000000 0.00000000
vt 0.00000000 0.00000000
vt 0.00000000 0.00000000
vt 0.00000000 0.00000000
vt 0.00000000 0.00000000
vt 0.00000000 0.00000000
vt 0.00000000 0.00000000
vt 0.00000000 0.00000000
vt 0.00000000 0.00000000
vt 0.00000000 0.00000000
vt 0.00000000 0.00000000
vt 0.00000000 0.00000000
vt 0.00000000 0.00000000
vt 0.00000000 0.00000000
vt 0.00000000 0.00000000
vt 0.00000000 0.00000000
vt 0.00000000 0.00000000
vt 0.00000000 0.00000000
vt 0.00000000 0.00000000
vt 0.00000000 0.00000000
vt 0.00000000 0.00000000
vt 0.00000000 0.00000000
vt 0.00000000 0.00000000
vt 0.00000000 0.00000000
vt 0.00000000 0.00000000
vt 0.00000000 0.00000000
vt 0.00000000 0.00000000
vt 0.00000000 0.00000000
vt 0.00000000 0.00000000
vt 0.00000000 0.00000000
vt 0.00000000 0.00000000
vt 0.00000000 0.00000000
vt 0.00000000 0.00000000
vt 0.00000000 0.00000000
vt 0.00000000 0.00000000
vt 0.00000000 0.00000000
vt 0.00000000 0.00000000
vt 0.00000000 0.00000000
vt 0.00000000 0.00000000
vt 0.00000000 0.00000000
vt 0.00000000 0.00000000
vt 0.00000000 0.00000000
vt 0.00000000 0.00000000
vt 0.00000000 0.00000000
vt 0.00000000 0.00000000
vt 0.00000000 0.00000000
vt 0.00000000 0.00000000
vt 0.00000000 0.00000000
vt 0.00000000 0.00000000
vt 0.00000000 0.00000000
vt 0.00000000 0.00000000
vt 0.00000000 0.00000000
vt 0.00000000 0.00000000
vt 0.00000000 0.00000000
vt 0.00000000 0.00000000
vt 0.00000000 0.00000000
vt 0.00000000 0.00000000
vt 0.00000000 0.00000000
vt 0.00000000 0.00000000
vt 0.00000000 0.00000000
vt 0.00000000 0.00000000
vt 0.00000000 0.00000000
vt 0.00000000 0.00000000
vt 0.00000000 0.00000000
vt 0.00000000 0.00000000
vt 0.00000000 0.00000000
vt 0.00000000 0.00000000
vt 0.00000000 0.00000000
vt 0.00000000 0.00000000
vt 0.00000000 0.00000000
vt 0.00000000 0.00000000
vt 0.00000000 0.00000000
vt 0.00000000 0.00000000
vt 0.00000000 0.00000000
vt 0.00000000 0.00000000
vt 0.00000000 0.00000000
vt 0.00000000 0.00000000
vt 0.00000000 0.00000000
vt 0.00000000 0.00000000
vt 0.00000000 0.00000000
vt 0.00000000 0.00000000
vt 0.00000000 0.00000000
vt 0.00000000 0.00000000
vt 0.00000000 0.00000000
vt 0.00000000 0.00000000
vt 0.00000000 0.00000000
vt 0.00000000 0.00000000
vt 0.00000000 0.00000000
vt 0.00000000 0.00000000
vt 0.00000000 0.00000000
vt 0.00000000 0.00000000
vt 0.00000000 0.00000000
vt 0.00000000 0.00000000
vt 0.00000000 0.00000000
vt 0.00000000 0.00000000
vt 0.00000000 0.00000000
vt 0.00000000 0.00000000
vt 0.00000000 0.00000000
vt 0.00000000 0.00000000
vt 0.00000000 0.00000000
vt 0.00000000 0.00000000
vt 0.00000000 0.00000000
vt 0.00000000 0.00000000
vt 0.00000000 0.00000000
vt 0.00000000 0.00000000
vt 0.00000000 0.00000000
vt 0.00000000 0.00000000
vt 0.00000000 0.00000000
vt 0.00000000 0.00000000
vt 0.00000000 0.00000000
vt 0.00000000 0.00000000
vt 0.00000000 0.00000000
vt 0.00000000 0.00000000
vt 0.00000000 0.00000000
vt 0.00000000 0.00000000
vt 0.00000000 0.00000000
vt 0.00000000 0.00000000
vt 0.00000000 0.00000000
vt 0.00000000 0.00000000
vt 0.00000000 0.00000000
vt 0.00000000 0.00000000
vt 0.00000000 0.00000000
vt 0.00000000 0.00000000
vt 0.00000000 0.00000000
vt 0.00000000 0.00000000
vt 0.00000000 0.00000000
vt 0.00000000 0.00000000
vt 0.00000000 0.00000000
vt 0.00000000 0.00000000
vt 0.00000000 0.00000000
vt 0.00000000 0.00000000
vt 0.00000000 0.00000000
vt 0.00000000 0.00000000
vt 0.00000000 0.00000000
vt 0.00000000 0.00000000
vt 0.00000000 0.00000000
vt 0.00000000 0.00000000
vt 0.00000000 0.00000000
vt 0.00000000 0.00000000
vt 0.00000000 0.00000000
vt 0.00000000 0.00000000
vt 0.00000000 0.00000000
vt 0.00000000 0.00000000
vt 0.00000000 0.00000000
vt 0.00000000 0.00000000
vt 0.00000000 0.00000000
vt 0.00000000 0.00000000
vt 0.00000000 0.00000000
vt 0.00000000 0.00000000
vt 0.00000000 0.00000000
vt 0.00000000 0.00000000
vt 0.00000000 0.00000000
vt 0.00000000 0.00000000
vt 0.00000000 0.00000000
vt 0.00000000 0.00000000
vt 0.00000000 0.00000000
vt 0.00000000 0.00000000
vt 0.00000000 0.00000000
vt 0.00000000 0.00000000
vt 0.00000000 0.00000000
vt 0.00000000 0.00000000
vt 0.00000000 0.00000000
vt 0.00000000 0.00000000
vt 0.00000000 0.00000000
vt 0.00000000 0.00000000
vt 0.00000000 0.00000000
vt 0.00000000 0.00000000
vt 0.00000000 0.00000000
vt 0.00000000 0.00000000
vt 0.00000000 0.00000000
vt 0.00000000 0.00000000
vt 0.00000000 0.00000000
vt 0.00000000 0.00000000
vt 0.00000000 0.00000000
vt 0.00000000 0.00000000
vt 0.00000000 0.00000000
vt 0.00000000 0.00000000
vt 0.00000000 0.00000000
vt 0.00000000 0.00000000
vt 0.00000000 0.00000000
vt 0.00000000 0.00000000
vt 0.00000000 0.00000000
vt 0.00000000 0.00000000
vt 0.00000000 0.00000000
vt 0.00000000 0.00000000
vt 0.00000000 0.00000000
vt 0.00000000 0.00000000
vt 0.00000000 0.00000000
vt 0.00000000 0.00000000
vt 0.00000000 0.00000000
vt 0.00000000 0.00000000
vt 0.00000000 0.00000000
vt 0.00000000 0.00000000
vt 0.00000000 0.00000000
vt 0.00000000 0.00000000
vt 0.00000000 0.00000000
vt 0.00000000 0.00000000
vt 0.00000000 0.00000000
vt 0.00000000 0.00000000
vt 0.00000000 0.00000000
vt 0.00000000 0.00000000
vt 0.00000000 0.00000000
vt 0.00000000 0.00000000
vt 0.00000000 0.00000000
vt 0.00000000 0.00000000
vt 0.00000000 0.00000000
vt 0.00000000 0.00000000
vt 0.00000000 0.00000000
vt 0.00000000 0.00000000
vt 0.00000000 0.00000000
vt 0.00000000 0.00000000
vt 0.00000000 0.00000000
vt 0.00000000 0.00000000
vt 0.00000000 0.00000000
vt 0.00000000 0.00000000
vt 0.00000000 0.00000000
vt 0.00000000 0.00000000
vt 0.00000000 0.00000000
vt 0.00000000 0.00000000
vt 0.00000000 0.00000000
vt 0.00000000 0.00000000
vt 0.00000000 0.00000000
vt 0.00000000 0.00000000
vt 0.00000000 0.00000000
vt 0.00000000 0.00000000
vt 0.00000000 0.00000000
vt 0.00000000 0.00000000
vt 0.00000000 0.00000000
vt 0.00000000 0.00000000
vt 0.00000000 0.00000000
vt 0.00000000 0.00000000
vt 0.00000000 0.00000000
vt 0.00000000 0.00000000
vt 0.00000000 0.00000000
vt 0.00000000 0.00000000
vt 0.00000000 0.00000000
vt 0.00000000 0.00000000
vt 0.00000000 0.00000000
vt 0.00000000 0.00000000
vt 0.00000000 0.00000000
vt 0.00000000 0.00000000
vt 0.00000000 0.00000000
vt 0.00000000 0.00000000
vt 0.00000000 0.00000000
vt 0.00000000 0.00000000
vt 0.00000000 0.00000000
vt 0.00000000 0.00000000
vt 0.00000000 0.00000000
vt 0.00000000 0.00000000
vt 0.00000000 0.00000000
vt 0.00000000 0.00000000
vt 0.00000000 0.00000000
vt 0.00000000 0.00000000
vt 0.00000000 0.00000000
vt 0.00000000 0.00000000
vt 0.00000000 0.00000000
vt 0.00000000 0.00000000
vt 0.00000000 0.00000000
vt 0.00000000 0.00000000
vt 0.00000000 0.00000000
vt 0.00000000 0.00000000
vt 0.00000000 0.00000000
vt 0.00000000 0.00000000
vt 0.00000000 0.00000000
vt 0.00000000 0.00000000
vt 0.00000000 0.00000000
vt 0.00000000 0.00000000
vt 0.00000000 0.00000000
vt 0.00000000 0.00000000
vt 0.00000000 0.00000000
vt 0.00000000 0.00000000
vt 0.00000000 0.00000000
vt 0.00000000 0.00000000
vt 0.00000000 0.00000000
vt 0.00000000 0.00000000
vt 0.00000000 0.00000000
vt 0.00000000 0.00000000
vt 0.00000000 0.00000000
vt 0.00000000 0.00000000
vt 0.00000000 0.00000000
vt 0.00000000 0.00000000
vt 0.00000000 0.00000000
vt 0.00000000 0.00000000
vt 0.00000000 0.00000000
vt 0.00000000 0.00000000
vt 0.00000000 0.00000000
vt 0.00000000 0.00000000
vt 0.00000000 0.00000000
vt 0.00000000 0.00000000
vt 0.00000000 0.00000000
vt 0.00000000 0.00000000
vt 0.00000000 0.00000000
vt 0.00000000 0.00000000
vt 0.00000000 0.00000000
vt 0.00000000 0.00000000
vt 0.00000000 0.00000000
vt 0.00000000 0.00000000
vt 0.00000000 0.00000000
vt 0.00000000 0.00000000
vt 0.00000000 0.00000000
vt 0.00000000 0.00000000
vt 0.00000000 0.00000000
vt 0.00000000 0.00000000
vt 0.00000000 0.00000000
vt 0.00000000 0.00000000
vt 0.00000000 0.00000000
vt 0.00000000 0.00000000
vt 0.00000000 0.00000000
vt 0.00000000 0.00000000
vt 0.00000000 0.00000000
vt 0.00000000 0.00000000
vt 0.00000000 0.00000000
vt 0.00000000 0.00000000
vt 0.00000000 0.00000000
vt 0.00000000 0.00000000
vt 0.00000000 0.00000000
vt 0.00000000 0.00000000
vt 0.00000000 0.00000000
vt 0.00000000 0.00000000
vt 0.00000000 0.00000000
vt 0.00000000 0.00000000
vt 0.00000000 0.00000000
vt 0.00000000 0.00000000
vt 0.00000000 0.00000000
vt 0.00000000 0.00000000
vt 0.00000000 0.00000000
vt 0.00000000 0.00000000
vt 0.00000000 0.00000000
vt 0.00000000 0.00000000
vt 0.00000000 0.00000000
vt 0.00000000 0.00000000
vt 0.00000000 0.00000000
vt 0.00000000 0.00000000
vt 0.00000000 0.00000000
vt 0.00000000 0.00000000
vt 0.00000000 0.00000000
vt 0.00000000 0.00000000
vt 0.00000000 0.00000000
vt 0.00000000 0.00000000
vt 0.00000000 0.00000000
vt 0.00000000 0.00000000
vt 0.00000000 0.00000000
vt 0.00000000 0.00000000
vt 0.00000000 0.00000000
vt 0.00000000 0.00000000
vt 0.00000000 0.00000000
vt 0.00000000 0.00000000
vt 0.00000000 0.00000000
vt 0.00000000 0.00000000
vt 0.00000000 0.00000000
vt 0.00000000 0.00000000
vt 0.00000000 0.00000000
vt 0.00000000 0.00000000
vt 0.00000000 0.00000000
vt 0.00000000 0.00000000
vt 0.00000000 0.00000000
vt 0.00000000 0.00000000
vt 0.00000000 0.00000000
vt 0.00000000 0.00000000
vt 0.00000000 0.00000000
vt 0.00000000 0.00000000
vt 0.00000000 0.00000000
vt 0.00000000 0.00000000
vt 0.00000000 0.00000000
vt 0.00000000 0.00000000
vt 0.00000000 0.00000000
vt 0.00000000 0.00000000
vt 0.00000000 0.00000000
vt 0.00000000 0.00000000
vt 0.00000000 0.00000000
vt 0.00000000 0.00000000
vt 0.00000000 0.00000000
vt 0.00000000 0.00000000
vt 0.00000000 0.00000000
vt 0.00000000 0.00000000
vt 0.00000000 0.00000000
vt 0.00000000 0.00000000
vt 0.00000000 0.00000000
vt 0.00000000 0.00000000
vt 0.00000000 0.00000000
vt 0.00000000 0.00000000
vt 0.00000000 0.00000000
vt 0.00000000 0.00000000
vt 0.00000000 0.00000000
vt 0.00000000 0.00000000
vt 0.00000000 0.00000000
vt 0.00000000 0.00000000
vt 0.00000000 0.00000000
vt 0.00000000 0.00000000
vt 0.00000000 0.00000000
vt 0.00000000 0.00000000
vt 0.00000000 0.00000000
vt 0.00000000 0.00000000
vt 0.00000000 0.00000000
vt 0.00000000 0.00000000
vt 0.00000000 0.00000000
vt 0.00000000 0.00000000
vt 0.00000000 0.00000000
vt 0.00000000 0.00000000
vt 0.00000000 0.00000000
vt 0.00000000 0.00000000
vt 0.00000000 0.00000000
vt 0.00000000 0.00000000
vt 0.00000000 0.00000000
vt 0.00000000 0.00000000
vt 0.00000000 0.00000000
vt 0.00000000 0.00000000
vt 0.00000000 0.00000000
vt 0.00000000 0.00000000
vt 0.00000000 0.00000000
vt 0.00000000 0.00000000
vt 0.00000000 0.00000000
vt 0.00000000 0.00000000
vt 0.00000000 0.00000000
vt 0.00000000 0.00000000
vt 0.00000000 0.00000000
vt 0.00000000 0.00000000
vt 0.00000000 0.00000000
vt 0.00000000 0.00000000
vt 0.00000000 0.00000000
vt 0.00000000 0.00000000
vt 0.00000000 0.00000000
vt 0.00000000 0.00000000
vt 0.00000000 0.00000000
vt 0.00000000 0.00000000
vt 0.00000000 0.00000000
vt 0.00000000 0.00000000
vt 0.00000000 0.00000000
vt 0.00000000 0.00000000
vt 0.00000000 0.00000000
vt 0.00000000 0.00000000
vt 0.00000000 0.00000000
vt 0.00000000 0.00000000
vt 0.00000000 0.00000000
vt 0.00000000 0.00000000
vt 0.00000000 0.00000000
vt 0.00000000 0.00000000
vt 0.00000000 0.00000000
vt 0.00000000 0.00000000
vt 0.00000000 0.00000000
vt 0.00000000 0.00000000
vt 0.00000000 0.00000000
vt 0.00000000 0.00000000
vt 0.00000000 0.00000000
vt 0.00000000 0.00000000
vt 0.00000000 0.00000000
vt 0.00000000 0.00000000
vt 0.00000000 0.00000000
vt 0.00000000 0.00000000
vt 0.00000000 0.00000000
vt 0.00000000 0.00000000
vt 0.00000000 0.00000000
vt 0.00000000 0.00000000
vt 0.00000000 0.00000000
vt 0.00000000 0.00000000
vt 0.00000000 0.00000000
vt 0.00000000 0.00000000
vt 0.00000000 0.00000000
vt 0.00000000 0.00000000
vt 0.00000000 0.00000000
vt 0.00000000 0.00000000
vt 0.00000000 0.00000000
vt 0.00000000 0.00000000
vt 0.00000000 0.00000000
vt 0.00000000 0.00000000
vt 0.00000000 0.00000000
vt 0.00000000 0.00000000
vt 0.00000000 0.00000000
vt 0.00000000 0.00000000
vt 0.00000000 0.00000000
vt 0.00000000 0.00000000
vt 0.00000000 0.00000000
vt 0.00000000 0.00000000
vt 0.00000000 0.00000000
vt 0.00000000 0.00000000
vt 0.00000000 0.00000000
vt 0.00000000 0.00000000
vt 0.00000000 0.00000000
vt 0.00000000 0.00000000
vt 0.00000000 0.00000000
vt 0.00000000 0.00000000
vt 0.00000000 0.00000000
vt 0.00000000 0.00000000
vt 0.00000000 0.00000000
vt 0.00000000 0.00000000
vt 0.00000000 0.00000000
vt 0.00000000 0.00000000
vt 0.00000000 0.00000000
vt 0.00000000 0.00000000
vt 0.00000000 0.00000000
vt 0.00000000 0.00000000
vt 0.00000000 0.00000000
vt 0.00000000 0.00000000
vt 0.00000000 0.00000000
vt 0.00000000 0.00000000
vt 0.00000000 0.00000000
vt 0.00000000 0.00000000
vt 0.00000000 0.00000000
vt 0.00000000 0.00000000
vt 0.00000000 0.00000000
vt 0.00000000 0.00000000
vt 0.00000000 0.00000000
vt 0.00000000 0.00000000
vt 0.00000000 0.00000000
vt 0.00000000 0.00000000
vt 0.00000000 0.00000000
vt 0.00000000 0.00000000
vt 0.00000000 0.00000000
vt 0.00000000 0.00000000
vt 0.00000000 0.00000000
vt 0.00000000 0.00000000
vt 0.00000000 0.00000000
vt 0.00000000 0.00000000
vt 0.00000000 0.00000000
vt 0.00000000 0.00000000
vt 0.00000000 0.00000000
vt 0.00000000 0.00000000
vt 0.00000000 0.00000000
vt 0.00000000 0.00000000
vt 0.00000000 0.00000000
vt 0.00000000 0.00000000
vt 0.00000000 0.00000000
vt 0.00000000 0.00000000
vt 0.00000000 0.00000000
vt 0.00000000 0.00000000
vt 0.00000000 0.00000000
vt 0.00000000 0.00000000
vt 0.00000000 0.00000000
vt 0.00000000 0.00000000
vt 0.00000000 0.00000000
vt 0.00000000 0.00000000
vt 0.00000000 0.00000000
vt 0.00000000 0.00000000
vt 0.00000000 0.00000000
vt 0.00000000 0.00000000
vt 0.00000000 0.00000000
vt 0.00000000 0.00000000
vt 0.00000000 0.00000000
vt 0.00000000 0.00000000
vt 0.00000000 0.00000000
vt 0.00000000 0.00000000
vt 0.00000000 0.00000000
vt 0.00000000 0.00000000
vt 0.00000000 0.00000000
vt 0.00000000 0.00000000
vt 0.00000000 0.00000000
vt 0.00000000 0.00000000
vt 0.00000000 0.00000000
vt 0.00000000 0.00000000
vt 0.00000000 0.00000000
vt 0.00000000 0.00000000
vt 0.00000000 0.00000000
vt 0.00000000 0.00000000
vt 0.00000000 0.00000000
vt 0.00000000 0.00000000
vt 0.00000000 0.00000000
vt 0.00000000 0.00000000
vt 0.00000000 0.00000000
vt 0.00000000 0.00000000
vt 0.00000000 0.00000000
vt 0.00000000 0.00000000
vt 0.00000000 0.00000000
vt 0.00000000 0.00000000
vt 0.00000000 0.00000000
vt 0.00000000 0.00000000
vt 0.00000000 0.00000000
vt 0.00000000 0.00000000
vt 0.00000000 0.00000000
vt 0.00000000 0.00000000
vt 0.00000000 0.00000000
vt 0.00000000 0.00000000
vt 0.00000000 0.00000000
vt 0.00000000 0.00000000
vt 0.00000000 0.00000000
vt 0.00000000 0.00000000
vt 0.00000000 0.00000000
vt 0.00000000 0.00000000
vt 0.00000000 0.00000000
vt 0.00000000 0.00000000
vt 0.00000000 0.00000000
vt 0.00000000 0.00000000
vt 0.00000000 0.00000000
vt 0.00000000 0.00000000
vt 0.00000000 0.00000000
vt 0.00000000 0.00000000
vt 0.00000000 0.00000000
vt 0.00000000 0.00000000
vt 0.00000000 0.00000000
vt 0.00000000 0.00000000
vt 0.00000000 0.00000000
vt 0.00000000 0.00000000
vt 0.00000000 0.00000000
vt 0.00000000 0.00000000
vt 0.00000000 0.00000000
vt 0.00000000 0.00000000
vt 0.00000000 0.00000000
vt 0.00000000 0.00000000
vt 0.00000000 0.00000000
vt 0.00000000 0.00000000
vt 0.00000000 0.00000000
vt 0.00000000 0.00000000
vt 0.00000000 0.00000000
vt 0.00000000 0.00000000
vt 0.00000000 0.00000000
vt 0.00000000 0.00000000
vt 0.00000000 0.00000000
vt 0.00000000 0.00000000
vt 0.00000000 0.00000000
vt 0.00000000 0.00000000
vt 0.00000000 0.00000000
vt 0.00000000 0.00000000
vt 0.00000000 0.00000000
vt 0.00000000 0.00000000
vt 0.00000000 0.00000000
vt 0.00000000 0.00000000
vt 0.00000000 0.00000000
vt 0.00000000 0.00000000
vt 0.00000000 0.00000000
vt 0.00000000 0.00000000
vt 0.00000000 0.00000000
vt 0.00000000 0.00000000
vt 0.00000000 0.00000000
vt 0.00000000 0.00000000
vt 0.00000000 0.00000000
vt 0.00000000 0.00000000
vt 0.00000000 0.00000000
vt 0.00000000 0.00000000
vt 0.00000000 0.00000000
vt 0.00000000 0.00000000
vt 0.00000000 0.00000000
vt 0.00000000 0.00000000
vt 0.00000000 0.00000000
vt 0.00000000 0.00000000
vt 0.00000000 0.00000000
vt 0.00000000 0.00000000
vt 0.00000000 0.00000000
vt 0.00000000 0.00000000
vt 0.00000000 0.00000000
vt 0.00000000 0.00000000
vt 0.00000000 0.00000000
vt 0.00000000 0.00000000
vt 0.00000000 0.00000000
vt 0.00000000 0.00000000
vt 0.00000000 0.00000000
vt 0.00000000 0.00000000
vt 0.00000000 0.00000000
vt 0.00000000 0.00000000
vt 0.00000000 0.00000000
vt 0.00000000 0.00000000
vt 0.00000000 0.00000000
vt 0.00000000 0.00000000
vt 0.00000000 0.00000000
vt 0.00000000 0.00000000
vt 0.00000000 0.00000000
vt 0.00000000 0.00000000
vt 0.00000000 0.00000000
vt 0.00000000 0.00000000
vt 0.00000000 0.00000000
vt 0.00000000 0.00000000
vt 0.00000000 0.00000000
vt 0.00000000 0.00000000
vt 0.00000000 0.00000000
vt 0.00000000 0.00000000
vt 0.00000000 0.00000000
vt 0.00000000 0.00000000
vt 0.00000000 0.00000000
vt 0.00000000 0.00000000
vt 0.00000000 0.00000000
vt 0.00000000 0.00000000
vt 0.00000000 0.00000000
vt 0.00000000 0.00000000
vt 0.00000000 0.00000000
vt 0.00000000 0.00000000
vt 0.00000000 0.00000000
vt 0.00000000 0.00000000
vt 0.00000000 0.00000000
vt 0.00000000 0.00000000
vt 0.00000000 0.00000000
vt 0.00000000 0.00000000
vt 0.00000000 0.00000000
vt 0.00000000 0.00000000
vt 0.00000000 0.00000000
vt 0.00000000 0.00000000
vt 0.00000000 0.00000000
vt 0.00000000 0.00000000
vt 0.00000000 0.00000000
vt 0.00000000 0.00000000
vt 0.00000000 0.00000000
vt 0.00000000 0.00000000
vt 0.00000000 0.00000000
vt 0.00000000 0.00000000
vt 0.00000000 0.00000000
vt 0.00000000 0.00000000
vt 0.00000000 0.00000000
vt 0.00000000 0.00000000
vt 0.00000000 0.00000000
vt 0.00000000 0.00000000
vt 0.00000000 0.00000000
vt 0.00000000 0.00000000
vt 0.00000000 0.00000000
vt 0.00000000 0.00000000
vt 0.00000000 0.00000000
vt 0.00000000 0.00000000
vt 0.00000000 0.00000000
vt 0.00000000 0.00000000
vt 0.00000000 0.00000000
vt 0.00000000 0.00000000
vt 0.00000000 0.00000000
vt 0.00000000 0.00000000
vt 0.00000000 0.00000000
vt 0.00000000 0.00000000
vt 0.00000000 0.00000000
vt 0.00000000 0.00000000
vt 0.00000000 0.00000000
vt 0.00000000 0.00000000
vt 0.00000000 0.00000000
vt 0.00000000 0.00000000
vt 0.00000000 0.00000000
vt 0.00000000 0.00000000
vt 0.00000000 0.00000000
vt 0.00000000 0.00000000
vt 0.00000000 0.00000000
vt 0.00000000 0.00000000
vt 0.00000000 0.00000000
vt 0.00000000 0.00000000
vt 0.00000000 0.00000000
vt 0.00000000 0.00000000
vt 0.00000000 0.00000000
vt 0.00000000 0.00000000
vt 0.00000000 0.00000000
vt 0.00000000 0.00000000
vt 0.00000000 0.00000000
vt 0.00000000 0.00000000
vt 0.00000000 0.00000000
vt 0.00000000 0.00000000
vt 0.00000000 0.00000000
vt 0.00000000 0.00000000
vt 0.00000000 0.00000000
vt 0.00000000 0.00000000
vt 0.00000000 0.00000000
vt 0.00000000 0.00000000
vt 0.00000000 0.00000000
vt 0.00000000 0.00000000
vt 0.00000000 0.00000000
vt 0.00000000 0.00000000
vt 0.00000000 0.00000000
vt 0.00000000 0.00000000
vt 0.00000000 0.00000000
vt 0.00000000 0.00000000
vt 0.00000000 0.00000000
vt 0.00000000 0.00000000
vt 0.00000000 0.00000000
vt 0.00000000 0.00000000
vt 0.00000000 0.00000000
vt 0.00000000 0.00000000
vt 0.00000000 0.00000000
vt 0.00000000 0.00000000
vt 0.00000000 0.00000000
vt 0.00000000 0.00000000
vt 0.00000000 0.00000000
vt 0.00000000 0.00000000
vt 0.00000000 0.00000000
vt 0.00000000 0.00000000
vt 0.00000000 0.00000000
vt 0.00000000 0.00000000
vt 0.00000000 0.00000000
vt 0.00000000 0.00000000
vt 0.00000000 0.00000000
vt 0.00000000 0.00000000
vt 0.00000000 0.00000000
vt 0.00000000 0.00000000
vt 0.00000000 0.00000000
vt 0.00000000 0.00000000
vt 0.00000000 0.00000000
vt 0.00000000 0.00000000
vt 0.00000000 0.00000000
vt 0.00000000 0.00000000
vt 0.00000000 0.00000000
vt 0.00000000 0.00000000
vt 0.00000000 0.00000000
vt 0.00000000 0.00000000
vt 0.00000000 0.00000000
vt 0.00000000 0.00000000
vt 0.00000000 0.00000000
vt 0.00000000 0.00000000
vt 0.00000000 0.00000000
vt 0.00000000 0.00000000
vt 0.00000000 0.00000000
vt 0.00000000 0.00000000
vt 0.00000000 0.00000000
vt 0.00000000 0.00000000
vt 0.00000000 0.00000000
vt 0.00000000 0.00000000
vt 0.00000000 0.00000000
vt 0.00000000 0.00000000
vt 0.00000000 0.00000000
vt 0.00000000 0.00000000
vt 0.00000000 0.00000000
vt 0.00000000 0.00000000
vt 0.00000000 0.00000000
vt 0.00000000 0.00000000
vt 0.00000000 0.00000000
vt 0.00000000 0.00000000
vt 0.00000000 0.00000000
vt 0.00000000 0.00000000
vt 0.00000000 0.00000000
vt 0.00000000 0.00000000
vt 0.00000000 0.00000000
vt 0.00000000 0.00000000
vt 0.00000000 0.00000000
vt 0.00000000 0.00000000
vt 0.00000000 0.00000000
vt 0.00000000 0.00000000
vt 0.00000000 0.00000000
vt 0.00000000 0.00000000
vt 0.00000000 0.00000000
vt 0.00000000 0.00000000
vt 0.00000000 0.00000000
vt 0.00000000 0.00000000
vt 0.00000000 0.00000000
vt 0.00000000 0.00000000
vt 0.00000000 0.00000000
vt 0.00000000 0.00000000
vt 0.00000000 0.00000000
vt 0.00000000 0.00000000
vt 0.00000000 0.00000000
vt 0.00000000 0.00000000
vt 0.00000000 0.00000000
vt 0.00000000 0.00000000
vt 0.00000000 0.00000000
vt 0.00000000 0.00000000
vt 0.00000000 0.00000000
vt 0.00000000 0.00000000
vt 0.00000000 0.00000000
vt 0.00000000 0.00000000
vt 0.00000000 0.00000000
vt 0.00000000 0.00000000
vt 0.00000000 0.00000000
vt 0.00000000 0.00000000
vt 0.00000000 0.00000000
vt 0.00000000 0.00000000
vt 0.00000000 0.00000000
vt 0.00000000 0.00000000
vt 0.00000000 0.00000000
vt 0.00000000 0.00000000
vt 0.00000000 0.00000000
vt 0.00000000 0.00000000
vt 0.00000000 0.00000000
vt 0.00000000 0.00000000
vt 0.00000000 0.00000000
vt 0.00000000 0.00000000
vt 0.00000000 0.00000000
vt 0.00000000 0.00000000
vt 0.00000000 0.00000000
vt 0.00000000 0.00000000
vt 0.00000000 0.00000000
vt 0.00000000 0.00000000
vt 0.00000000 0.00000000
vt 0.00000000 0.00000000
vt 0.00000000 0.00000000
vt 0.00000000 0.00000000
vt 0.00000000 0.00000000
vt 0.00000000 0.00000000
vt 0.00000000 0.00000000
vt 0.00000000 0.00000000
vt 0.00000000 0.00000000
vt 0.00000000 0.00000000
vt 0.00000000 0.00000000
vt 0.00000000 0.00000000
vt 0.00000000 0.00000000
vt 0.00000000 0.00000000
vt 0.00000000 0.00000000
vt 0.00000000 0.00000000
vt 0.00000000 0.00000000
vt 0.00000000 0.00000000
vt 0.00000000 0.00000000
vt 0.00000000 0.00000000
vt 0.00000000 0.00000000
vt 0.00000000 0.00000000
vt 0.00000000 0.00000000
vt 0.00000000 0.00000000
vt 0.00000000 0.00000000
vt 0.00000000 0.00000000
vt 0.00000000 0.00000000
vt 0.00000000 0.00000000
vt 0.00000000 0.00000000
vt 0.00000000 0.00000000
vt 0.00000000 0.00000000
vt 0.00000000 0.00000000
vt 0.00000000 0.00000000
vt 0.00000000 0.00000000
vt 0.00000000 0.00000000
vt 0.00000000 0.00000000
vt 0.00000000 0.00000000
vt 0.00000000 0.00000000
vt 0.00000000 0.00000000
vt 0.00000000 0.00000000
vt 0.00000000 0.00000000
vt 0.00000000 0.00000000
vt 0.00000000 0.00000000
vt 0.00000000 0.00000000
vt 0.00000000 0.00000000
vt 0.00000000 0.00000000
vt 0.00000000 0.00000000
vt 0.00000000 0.00000000
vt 0.00000000 0.00000000
vt 0.00000000 0.00000000
vt 0.00000000 0.00000000
vt 0.00000000 0.00000000
vt 0.00000000 0.00000000
vt 0.00000000 0.00000000
vt 0.00000000 0.00000000
vt 0.00000000 0.00000000
vt 0.00000000 0.00000000
vt 0.00000000 0.00000000
vt 0.00000000 0.00000000
vt 0.00000000 0.00000000
vt 0.00000000 0.00000000
vt 0.00000000 0.00000000
vt 0.00000000 0.00000000
vt 0.00000000 0.00000000
vt 0.00000000 0.00000000
vt 0.00000000 0.00000000
vt 0.00000000 0.00000000
vt 0.00000000 0.00000000
vt 0.00000000 0.00000000
vt 0.00000000 0.00000000
vt 0.00000000 0.00000000
vt 0.00000000 0.00000000
vt 0.00000000 0.00000000
vt 0.00000000 0.00000000
vt 0.00000000 0.00000000
vt 0.00000000 0.00000000
vt 0.00000000 0.00000000
vt 0.00000000 0.00000000
vt 0.00000000 0.00000000
vt 0.00000000 0.00000000
vt 0.00000000 0.00000000
vt 0.00000000 0.00000000
vt 0.00000000 0.00000000
vt 0.00000000 0.00000000
vt 0.00000000 0.00000000
vt 0.00000000 0.00000000
vt 0.00000000 0.00000000
vt 0.00000000 0.00000000
vt 0.00000000 0.00000000
vt 0.00000000 0.00000000
vt 0.00000000 0.00000000
vt 0.00000000 0.00000000
vt 0.00000000 0.00000000
vt 0.00000000 0.00000000
vt 0.00000000 0.00000000
vt 0.00000000 0.00000000
vt 0.00000000 0.00000000
vt 0.00000000 0.00000000
vt 0.00000000 0.00000000
vt 0.00000000 0.00000000
vt 0.00000000 0.00000000
vt 0.00000000 0.00000000
vt 0.00000000 0.00000000
vt 0.00000000 0.00000000
vt 0.00000000 0.00000000
vt 0.00000000 0.00000000
vt 0.00000000 0.00000000
vt 0.00000000 0.00000000
vt 0.00000000 0.00000000
vt 0.00000000 0.00000000
vt 0.00000000 0.00000000
vt 0.00000000 0.00000000
vt 0.00000000 0.00000000
vt 0.00000000 0.00000000
vt 0.00000000 0.00000000
vt 0.00000000 0.00000000
vt 0.00000000 0.00000000
vt 0.00000000 0.00000000
vt 0.00000000 0.00000000
vt 0.00000000 0.00000000
vt 0.00000000 0.00000000
vt 0.00000000 0.00000000
vt 0.00000000 0.00000000
vt 0.00000000 0.00000000
vt 0.00000000 0.00000000
vt 0.00000000 0.00000000
vt 0.00000000 0.00000000
vt 0.00000000 0.00000000
vt 0.00000000 0.00000000
vt 0.00000000 0.00000000
vt 0.00000000 0.00000000
vt 0.00000000 0.00000000
vt 0.00000000 0.00000000
vt 0.00000000 0.00000000
vt 0.00000000 0.00000000
vt 0.00000000 0.00000000
vt 0.00000000 0.00000000
vt 0.00000000 0.00000000
vt 0.00000000 0.00000000
vt 0.00000000 0.00000000
vt 0.00000000 0.00000000
vt 0.00000000 0.00000000
vt 0.00000000 0.00000000
vt 0.00000000 0.00000000
vt 0.00000000 0.00000000
vt 0.00000000 0.00000000
vt 0.00000000 0.00000000
vt 0.00000000 0.00000000
vt 0.00000000 0.00000000
vt 0.00000000 0.00000000
vt 0.00000000 0.00000000
vt 0.00000000 0.00000000
vt 0.00000000 0.00000000
vt 0.00000000 0.00000000
vt 0.00000000 0.00000000
vt 0.00000000 0.00000000
vt 0.00000000 0.00000000
vt 0.00000000 0.00000000
vt 0.00000000 0.00000000
vt 0.00000000 0.00000000
vt 0.00000000 0.00000000
vt 0.00000000 0.00000000
vt 0.00000000 0.00000000
vt 0.00000000 0.00000000
vt 0.00000000 0.00000000
vt 0.00000000 0.00000000
vt 0.00000000 0.00000000
vt 0.00000000 0.00000000
vt 0.00000000 0.00000000
vt 0.00000000 0.00000000
vt 0.00000000 0.00000000
vt 0.00000000 0.00000000
vt 0.00000000 0.00000000
vt 0.00000000 0.00000000
vt 0.00000000 0.00000000
vt 0.00000000 0.00000000
vt 0.00000000 0.00000000
vt 0.00000000 0.00000000
vt 0.00000000 0.00000000
vt 0.00000000 0.00000000
vt 0.00000000 0.00000000
vt 0.00000000 0.00000000
vt 0.00000000 0.00000000
vt 0.00000000 0.00000000
vt 0.00000000 0.00000000
vt 0.00000000 0.00000000
vt 0.00000000 0.00000000
vt 0.00000000 0.00000000
vt 0.00000000 0.00000000
vt 0.00000000 0.00000000
vt 0.00000000 0.00000000
vt 0.00000000 0.00000000
vt 0.00000000 0.00000000
vt 0.00000000 0.00000000
vt 0.00000000 0.00000000
vt 0.00000000 0.00000000
vt 0.00000000 0.00000000
vt 0.00000000 0.00000000
vt 0.00000000 0.00000000
vt 0.00000000 0.00000000
vt 0.00000000 0.00000000
vt 0.00000000 0.00000000
vt 0.00000000 0.00000000
vt 0.00000000 0.00000000
vt 0.00000000 0.00000000
vt 0.00000000 0.00000000
vt 0.00000000 0.00000000
vt 0.00000000 0.00000000
vt 0.00000000 0.00000000
vt 0.00000000 0.00000000
vt 0.00000000 0.00000000
vt 0.00000000 0.00000000
vt 0.00000000 0.00000000
vt 0.00000000 0.00000000
vt 0.00000000 0.00000000
vt 0.00000000 0.00000000
vt 0.00000000 0.00000000
vt 0.00000000 0.00000000
vt 0.00000000 0.00000000
vt 0.00000000 0.00000000
vt 0.00000000 0.00000000
vt 0.00000000 0.00000000
vt 0.00000000 0.00000000
vt 0.00000000 0.00000000
vt 0.00000000 0.00000000
vt 0.00000000 0.00000000
vt 0.00000000 0.00000000
vt 0.00000000 0.00000000
vt 0.00000000 0.00000000
vt 0.00000000 0.00000000
vt 0.00000000 0.00000000
vt 0.00000000 0.00000000
vt 0.00000000 0.00000000
vt 0.00000000 0.00000000
vt 0.00000000 0.00000000
vt 0.00000000 0.00000000
vt 0.00000000 0.00000000
vt 0.00000000 0.00000000
vt 0.00000000 0.00000000
vt 0.00000000 0.00000000
vt 0.00000000 0.00000000
vt 0.00000000 0.00000000
vt 0.00000000 0.00000000
vt 0.00000000 0.00000000
vt 0.00000000 0.00000000
vt 0.00000000 0.00000000
vt 0.00000000 0.00000000
vt 0.00000000 0.00000000
vt 0.00000000 0.00000000
vt 0.00000000 0.00000000
vt 0.00000000 0.00000000
vt 0.00000000 0.00000000
vt 0.00000000 0.00000000
vt 0.00000000 0.00000000
vt 0.00000000 0.00000000
vt 0.00000000 0.00000000
vt 0.00000000 0.00000000
vt 0.00000000 0.00000000
vt 0.00000000 0.00000000
vt 0.00000000 0.00000000
vt 0.00000000 0.00000000
vt 0.00000000 0.00000000
vt 0.00000000 0.00000000
vt 0.00000000 0.00000000
vt 0.00000000 0.00000000
vt 0.00000000 0.00000000
vt 0.00000000 0.00000000
vt 0.00000000 0.00000000
vt 0.00000000 0.00000000
vt 0.00000000 0.00000000
vt 0.00000000 0.00000000
vt 0.00000000 0.00000000
vt 0.00000000 0.00000000
vt 0.00000000 0.00000000
vt 0.00000000 0.00000000
vt 0.00000000 0.00000000
vt 0.00000000 0.00000000
vt 0.00000000 0.00000000
vt 0.00000000 0.00000000
vt 0.00000000 0.00000000
vt 0.00000000 0.00000000
vt 0.00000000 0.00000000
vt 0.00000000 0.00000000
vt 0.00000000 0.00000000
vt 0.00000000 0.00000000
vt 0.00000000 0.00000000
vt 0.00000000 0.00000000
vt 0.00000000 0.00000000
vt 0.00000000 0.00000000
vt 0.00000000 0.00000000
vt 0.00000000 0.00000000
vt 0.00000000 0.00000000
vt 0.00000000 0.00000000
vt 0.00000000 0.00000000
vt 0.00000000 0.00000000
vt 0.00000000 0.00000000
vt 0.00000000 0.00000000
vt 0.00000000 0.00000000
vt 0.00000000 0.00000000
vt 0.00000000 0.00000000
vt 0.00000000 0.00000000
vt 0.00000000 0.00000000
vt 0.00000000 0.00000000
vt 0.00000000 0.00000000
vt 0.00000000 0.00000000
vt 0.00000000 0.00000000
vt 0.00000000 0.00000000
vt 0.00000000 0.00000000
vt 0.00000000 0.00000000
vt 0.00000000 0.00000000
vt 0.00000000 0.00000000
vt 0.00000000 0.00000000
vt 0.00000000 0.00000000
vt 0.00000000 0.00000000
vt 0.00000000 0.00000000
vt 0.00000000 0.00000000
vt 0.00000000 0.00000000
vt 0.00000000 0.00000000
vt 0.00000000 0.00000000
vt 0.00000000 0.00000000
vt 0.00000000 0.00000000
vt 0.00000000 0.00000000
vt 0.00000000 0.00000000
vt 0.00000000 0.00000000
vt 0.00000000 0.00000000
vt 0.00000000 0.00000000
vt 0.00000000 0.00000000
vt 0.00000000 0.00000000
vt 0.00000000 0.00000000
vt 0.00000000 0.00000000
vt 0.00000000 0.00000000
vt 0.00000000 0.00000000
vt 0.00000000 0.00000000
vt 0.00000000 0.00000000
vt 0.00000000 0.00000000
vt 0.00000000 0.00000000
vt 0.00000000 0.00000000
vt 0.00000000 0.00000000
vt 0.00000000 0.00000000
vt 0.00000000 0.00000000
vt 0.00000000 0.00000000
vt 0.00000000 0.00000000
vt 0.00000000 0.00000000
vt 0.00000000 0.00000000
vt 0.00000000 0.00000000
vt 0.00000000 0.00000000
vt 0.00000000 0.00000000
vt 0.00000000 0.00000000
vt 0.00000000 0.00000000
vt 0.00000000 0.00000000
vt 0.00000000 0.00000000
vt 0.00000000 0.00000000
vt 0.00000000 0.00000000
vt 0.00000000 0.00000000
vt 0.00000000 0.00000000
vt 0.00000000 0.00000000
vt 0.00000000 0.00000000
vt 0.00000000 0.00000000
vt 0.00000000 0.00000000
vt 0.00000000 0.00000000
vt 0.00000000 0.00000000
vt 0.00000000 0.00000000
vt 0.00000000 0.00000000
vt 0.00000000 0.00000000
vt 0.00000000 0.00000000
vt 0.00000000 0.00000000
vt 0.00000000 0.00000000
vt 0.00000000 0.00000000
vt 0.00000000 0.00000000
vt 0.00000000 0.00000000
vt 0.00000000 0.00000000
vt 0.00000000 0.00000000
vt 0.00000000 0.00000000
vt 0.00000000 0.00000000
vt 0.00000000 0.00000000
vt 0.00000000 0.00000000
vt 0.00000000 0.00000000
vt 0.00000000 0.00000000
vt 0.00000000 0.00000000
vt 0.00000000 0.00000000
vt 0.00000000 0.00000000
vt 0.00000000 0.00000000
vt 0.00000000 0.00000000
vt 0.00000000 0.00000000
vt 0.00000000 0.00000000
vt 0.00000000 0.00000000
vt 0.00000000 0.00000000
vt 0.00000000 0.00000000
vt 0.00000000 0.00000000
vt 0.00000000 0.00000000
vt 0.00000000 0.00000000
vt 0.00000000 0.00000000
vt 0.00000000 0.00000000
vt 0.00000000 0.00000000
vt 0.00000000 0.00000000
vt 0.00000000 0.00000000
vt 0.00000000 0.00000000
vt 0.00000000 0.00000000
vt 0.00000000 0.00000000
vt 0.00000000 0.00000000
vt 0.00000000 0.00000000
vt 0.00000000 0.00000000
vt 0.00000000 0.00000000
vt 0.00000000 0.00000000
vt 0.00000000 0.00000000
vt 0.00000000 0.00000000
vt 0.00000000 0.00000000
vt 0.00000000 0.00000000
vt 0.00000000 0.00000000
vt 0.00000000 0.00000000
vt 0.00000000 0.00000000
vt 0.00000000 0.00000000
vt 0.00000000 0.00000000
vt 0.00000000 0.00000000
vt 0.00000000 0.00000000
vt 0.00000000 0.00000000
vt 0.00000000 0.00000000
vt 0.00000000 0.00000000
vt 0.00000000 0.00000000
vt 0.00000000 0.00000000
vt 0.00000000 0.00000000
vt 0.00000000 0.00000000
vt 0.00000000 0.00000000
vt 0.00000000 0.00000000
vt 0.00000000 0.00000000
vt 0.00000000 0.00000000
vt 0.00000000 0.00000000
vt 0.00000000 0.00000000
vt 0.00000000 0.00000000
vt 0.00000000 0.00000000
vt 0.00000000 0.00000000
vt 0.00000000 0.00000000
vt 0.00000000 0.00000000
vt 0.00000000 0.00000000
vt 0.00000000 0.00000000
vt 0.00000000 0.00000000
vt 0.00000000 0.00000000
vt 0.00000000 0.00000000
vt 0.00000000 0.00000000
vt 0.00000000 0.00000000
vt 0.00000000 0.00000000
vt 0.00000000 0.00000000
vt 0.00000000 0.00000000
vt 0.00000000 0.00000000
vt 0.00000000 0.00000000
vt 0.00000000 0.00000000
vt 0.00000000 0.00000000
vt 0.00000000 0.00000000
vt 0.00000000 0.00000000
vt 0.00000000 0.00000000
vt 0.00000000 0.00000000
vt 0.00000000 0.00000000
vt 0.00000000 0.00000000
vt 0.00000000 0.00000000
vt 0.00000000 0.00000000
vt 0.00000000 0.00000000
vt 0.00000000 0.00000000
vt 0.00000000 0.00000000
vt 0.00000000 0.00000000
vt 0.00000000 0.00000000
vt 0.00000000 0.00000000
vt 0.00000000 0.00000000
vt 0.00000000 0.00000000
vt 0.00000000 0.00000000
vt 0.00000000 0.00000000
vt 0.00000000 0.00000000
vt 0.00000000 0.00000000
vt 0.00000000 0.00000000
vt 0.00000000 0.00000000
vt 0.00000000 0.00000000
vt 0.00000000 0.00000000
vt 0.00000000 0.00000000
vt 0.00000000 0.00000000
vt 0.00000000 0.00000000
vt 0.00000000 0.00000000
vt 0.00000000 0.00000000
vt 0.00000000 0.00000000
vt 0.00000000 0.00000000
vt 0.00000000 0.00000000
vt 0.00000000 0.00000000
f 1/1 3/3 2/2
f 4/4 6/6 5/5
f 7/7 9/9 8/8
f 2/2 10/10 1/1
f 9/9 7/7 11/11
f 3/3 1/1 12/12
f 13/13 15/15 14/14
f 16/16 11/11 7/7
f 17/17 19/19 18/18
f 18/18 19/19 20/20
f 21/21 23/23 22/22
f 22/22 23/23 24/24
f 5/5 25/25 4/4
f 26/26 28/28 27/27
f 29/29 30/30 26/26
f 29/29 26/26 27/27
f 31/31 33/33 32/32
f 34/34 36/36 35/35
f 11/11 16/16 37/37
f 12/12 1/1 38/38
f 15/15 13/13 32/32
f 32/32 33/33 39/39
f 32/32 39/39 15/15
f 24/24 23/23 40/40
f 4/4 25/25 41/41
f 12/12 38/38 42/42
f 43/43 45/45 44/44
f 35/35 36/36 43/43
f 43/43 36/36 46/46
f 43/43 46/46 45/45
f 47/47 37/37 16/16
f 48/48 50/50 49/49
f 18/18 20/20 48/48
f 48/48 20/20 51/51
f 48/48 51/51 50/50
f 26/26 52/52 28/28
f 23/23 53/53 40/40
f 40/40 53/53 54/54
f 55/55 21/21 22/22
f 56/56 57/57 44/44
f 56/56 44/44 45/45
f 58/58 60/60 59/59
f 50/50 61/61 49/49
f 62/62 30/30 29/29
f 59/59 60/60 25/25
f 25/25 60/60 41/41
f 63/63 5/5 6/6
f 37/37 47/47 64/64
f 65/65 10/10 2/2
f 28/28 52/52 66/66
f 67/67 69/69 68/68
f 70/70 71/71 8/8
f 8/8 71/71 7/7
f 72/72 73/73 10/10
f 62/62 68/68 30/30
f 14/14 15/15 69/69
f 5/5 63/63 74/74
f 64/64 47/47 74/74
f 64/64 74/74 75/75
f 42/42 38/38 76/76
f 69/69 15/15 68/68
f 55/55 56/56 21/21
f 77/77 56/56 55/55
f 57/57 56/56 77/77
f 75/75 74/74 63/63
f 61/61 50/50 73/73
f 73/73 50/50 10/10
f 78/78 19/19 17/17
f 67/67 68/68 62/62
f 79/79 33/33 31/31
f 72/72 10/10 65/65
f 76/76 71/71 70/70
f 76/76 38/38 71/71
f 79/79 53/53 33/33
f 54/54 53/53 79/79
f 58/58 59/59 80/80
f 66/66 52/52 78/78
f 36/36 34/34 80/80
f 36/36 80/80 59/59
f 78/78 52/52 19/19
f 81/81 83/83 82/82
f 84/84 86/86 85/85
f 85/85 87/87 84/84
f 88/88 84/84 89/89
f 81/81 91/91 90/90
f 81/81 90/90 83/83
f 90/90 92/92 83/83
f 82/82 83/83 93/93
f 85/85 83/83 92/92
f 94/94 93/93 95/95
f 94/94 86/86 88/88
f 86/86 84/84 88/88
f 88/88 91/91 81/81
f 85/85 92/92 87/87
f 82/82 93/93 94/94
f 86/86 94/94 95/95
f 89/89 91/91 88/88
f 96/96 98/98 97/97
f 96/96 99/99 98/98
f 99/99 96/96 100/100
f 99/99 100/100 101/101
f 102/102 103/103 100/100
f 100/100 103/103 101/101
f 104/104 103/103 102/102
f 104/104 105/105 103/103
f 106/106 107/107 104/104
f 104/104 107/107 105/105
f 108/108 109/109 107/107
f 108/108 107/107 106/106
f 109/109 108/108 110/110
f 109/109 110/110 111/111
f 110/110 112/112 111/111
f 111/111 112/112 113/113
f 112/112 114/114 113/113
f 113/113 114/114 115/115
f 114/114 116/116 115/115
f 115/115 116/116 117/117
f 116/116 118/118 117/117
f 117/117 118/118 119/119
f 119/119 118/118 120/120
f 119/119 120/120 121/121
f 121/121 120/120 122/122
f 121/121 122/122 123/123
f 123/123 122/122 124/124
f 123/123 124/124 125/125
f 125/125 124/124 126/126
f 125/125 126/126 127/127
f 127/127 126/126 128/128
f 127/127 128/128 129/129
f 129/129 128/128 130/130
f 130/130 128/128 131/131
f 132/132 134/134 133/133
f 132/132 133/133 135/135
f 136/136 137/137 135/135
f 130/130 139/139 138/138
f 139/139 134/134 138/138
f 138/138 134/134 132/132
f 135/135 137/137 132/132
f 132/132 137/137 131/131
f 130/130 141/141 140/140
f 130/130 140/140 139/139
f 130/130 142/142 141/141
f 140/140 143/143 136/136
f 135/135 140/140 136/136
f 131/131 137/137 142/142
f 140/140 141/141 143/143
f 131/131 142/142 130/130
f 138/138 132/132 144/144
f 144/144 132/132 145/145
f 144/144 145/145 146/146
f 146/146 145/145 147/147
f 146/146 147/147 148/148
f 148/148 147/147 149/149
f 148/148 149/149 150/150
f 150/150 149/149 151/151
f 150/150 151/151 152/152
f 152/152 151/151 153/153
f 152/152 153/153 154/154
f 154/154 153/153 155/155
f 154/154 155/155 156/156
f 156/156 155/155 157/157
f 156/156 157/157 158/158
f 158/158 157/157 159/159
f 157/157 160/160 159/159
f 159/159 160/160 161/161
f 162/162 164/164 163/163
f 163/163 164/164 165/165
f 163/163 165/165 166/166
f 163/163 166/166 161/161
f 161/161 166/166 159/159
f 164/164 162/162 167/167
f 167/167 162/162 168/168
f 167/167 168/168 169/169
f 169/169 168/168 170/170
f 169/169 170/170 171/171
f 172/172 173/173 170/170
f 170/170 173/173 171/171
f 174/174 175/175 173/173
f 174/174 173/173 172/172
f 176/176 177/177 175/175
f 176/176 175/175 174/174
f 178/178 179/179 176/176
f 176/176 179/179 177/177
f 179/179 178/178 180/180
f 180/180 178/178 181/181
f 182/182 184/184 183/183
f 182/182 183/183 181/181
f 181/181 183/183 180/180
f 184/184 182/182 185/185
f 186/186 184/184 185/185
f 186/186 185/185 187/187
f 187/187 185/185 188/188
f 188/188 189/189 187/187
f 188/188 190/190 189/189
f 191/191 189/189 190/190
f 192/192 189/189 191/191
f 192/192 191/191 193/193
f 193/193 194/194 192/192
f 195/195 194/194 193/193
f 194/194 195/195 196/196
f 196/196 195/195 197/197
f 198/198 196/196 197/197
f 197/197 199/199 198/198
f 198/198 199/199 200/200
f 200/200 199/199 201/201
f 201/201 199/199 202/202
f 201/201 202/202 203/203
f 201/201 203/203 204/204
f 204/204 203/203 205/205
f 204/204 205/205 206/206
f 206/206 205/205 207/207
f 206/206 207/207 208/208
f 207/207 209/209 208/208
f 210/210 212/212 211/211
f 210/210 211/211 208/208
f 210/210 208/208 209/209
f 82/82 94/94 213/213
f 213/213 94/94 212/212
f 213/213 212/212 210/210
f 214/214 215/215 81/81
f 81/81 215/215 88/88
f 215/215 214/214 216/216
f 215/215 216/216 217/217
f 217/217 216/216 218/218
f 218/218 216/216 219/219
f 218/218 219/219 220/220
f 221/221 220/220 219/219
f 220/220 221/221 222/222
f 220/220 222/222 223/223
f 223/223 222/222 224/224
f 224/224 225/225 223/223
f 225/225 224/224 226/226
f 225/225 226/226 227/227
f 228/228 227/227 226/226
f 228/228 229/229 227/227
f 230/230 229/229 228/228
f 231/231 232/232 230/230
f 230/230 232/232 229/229
f 231/231 233/233 232/232
f 231/231 234/234 233/233
f 233/233 234/234 235/235
f 235/235 234/234 236/236
f 237/237 238/238 236/236
f 236/236 238/238 235/235
f 237/237 239/239 238/238
f 237/237 240/240 239/239
f 239/239 240/240 241/241
f 242/242 243/243 241/241
f 242/242 241/241 240/240
f 244/244 246/246 245/245
f 244/244 245/245 247/247
f 247/247 245/245 242/242
f 242/242 245/245 243/243
f 246/246 244/244 248/248
f 248/248 249/249 246/246
f 248/248 97/97 249/249
f 249/249 97/97 98/98
f 250/250 183/183 251/251
f 184/184 251/251 183/183
f 184/184 186/186 251/251
f 251/251 186/186 252/252
f 187/187 252/252 186/186
f 252/252 187/187 253/253
f 187/187 254/254 253/253
f 255/255 253/253 254/254
f 254/254 187/187 189/189
f 254/254 256/256 255/255
f 257/257 255/255 256/256
f 192/192 254/254 189/189
f 256/256 254/254 194/194
f 194/194 254/254 192/192
f 256/256 194/194 258/258
f 196/196 258/258 194/194
f 259/259 258/258 196/196
f 196/196 198/198 259/259
f 258/258 259/259 260/260
f 200/200 259/259 198/198
f 261/261 259/259 200/200
f 200/200 262/262 261/261
f 201/201 263/263 200/200
f 200/200 263/263 262/262
f 263/263 264/264 262/262
f 204/204 263/263 201/201
f 206/206 263/263 204/204
f 265/265 264/264 263/263
f 263/263 206/206 266/266
f 263/263 266/266 265/265
f 265/265 266/266 267/267
f 266/266 206/206 211/211
f 206/206 208/208 211/211
f 268/268 266/266 211/211
f 268/268 269/269 266/266
f 211/211 212/212 268/268
f 270/270 268/268 212/212
f 270/270 272/272 271/271
f 212/212 94/94 272/272
f 212/212 272/272 270/270
f 171/171 274/274 273/273
f 275/275 277/277 276/276
f 175/175 177/177 277/277
f 175/175 277/277 275/275
f 275/275 278/278 274/274
f 275/275 274/274 173/173
f 275/275 173/173 175/175
f 274/274 171/171 173/173
f 171/171 273/273 167/167
f 167/167 273/273 279/279
f 169/169 171/171 167/167
f 164/164 167/167 279/279
f 164/164 280/280 165/165
f 279/279 280/280 164/164
f 280/280 281/281 165/165
f 159/159 166/166 282/282
f 282/282 166/166 165/165
f 282/282 165/165 281/281
f 282/282 158/158 159/159
f 282/282 283/283 158/158
f 158/158 284/284 156/156
f 284/284 286/286 285/285
f 284/284 285/285 154/154
f 284/284 154/154 156/156
f 283/283 284/284 158/158
f 154/154 285/285 152/152
f 285/285 288/288 287/287
f 285/285 287/287 150/150
f 285/285 150/150 152/152
f 289/289 291/291 290/290
f 291/291 292/292 144/144
f 291/291 144/144 290/290
f 290/290 144/144 146/146
f 290/290 146/146 148/148
f 292/292 138/138 144/144
f 287/287 293/293 290/290
f 287/287 290/290 150/150
f 150/150 290/290 148/148
f 294/294 296/296 295/295
f 297/297 299/299 298/298
f 300/300 302/302 301/301
f 303/303 301/301 101/101
f 303/303 101/101 304/304
f 305/305 111/111 306/306
f 306/306 111/111 307/307
f 308/308 309/309 119/119
f 308/308 119/119 310/310
f 301/301 302/302 101/101
f 295/295 109/109 305/305
f 305/305 109/109 111/111
f 307/307 111/111 113/113
f 307/307 113/113 311/311
f 311/311 117/117 309/309
f 309/309 117/117 119/119
f 312/312 310/310 123/123
f 312/312 123/123 313/313
f 313/313 127/127 299/299
f 299/299 127/127 129/129
f 299/299 129/129 298/298
f 304/304 103/103 296/296
f 296/296 103/103 105/105
f 296/296 105/105 295/295
f 295/295 105/105 107/107
f 295/295 107/107 109/109
f 113/113 117/117 311/311
f 310/310 119/119 123/123
f 123/123 127/127 313/313
f 129/129 130/130 298/298
f 302/302 99/99 101/101
f 304/304 101/101 103/103
f 113/113 115/115 117/117
f 302/302 98/98 99/99
f 119/119 121/121 123/123
f 123/123 125/125 127/127
f 314/314 215/215 217/217
f 217/217 218/218 315/315
f 315/315 218/218 220/220
f 220/220 225/225 316/316
f 225/225 227/227 317/317
f 317/317 227/227 229/229
f 317/317 229/229 318/318
f 318/318 229/229 232/232
f 314/314 88/88 215/215
f 220/220 223/223 225/225
f 232/232 233/233 235/235
f 238/238 239/239 319/319
f 319/319 239/239 241/241
f 320/320 243/243 245/245
f 321/321 323/323 322/322
f 324/324 316/316 325/325
f 316/316 317/317 326/326
f 327/327 319/319 328/328
f 329/329 320/320 330/330
f 327/327 331/331 319/319
f 322/322 323/323 314/314
f 332/332 322/322 217/217
f 315/315 220/220 324/324
f 324/324 220/220 316/316
f 318/318 232/232 333/333
f 333/333 232/232 334/334
f 334/334 232/232 331/331
f 328/328 319/319 335/335
f 330/330 320/320 336/336
f 322/322 314/314 217/217
f 332/332 217/217 315/315
f 316/316 225/225 317/317
f 331/331 232/232 235/235
f 331/331 235/235 238/238
f 331/331 238/238 319/319
f 319/319 241/241 335/335
f 335/335 241/241 243/243
f 335/335 243/243 320/320
f 320/320 245/245 336/336
f 336/336 245/245 246/246
f 179/179 180/180 183/183
f 179/179 183/183 337/337
f 337/337 183/183 250/250
f 337/337 250/250 338/338
f 338/338 250/250 339/339
f 177/177 179/179 277/277
f 277/277 179/179 337/337
f 277/277 337/337 338/338
f 277/277 338/338 276/276
f 276/276 341/341 340/340
f 276/276 340/340 275/275
f 275/275 340/340 278/278
f 340/340 342/342 278/278
f 278/278 342/342 274/274
f 342/342 343/343 274/274
f 274/274 343/343 273/273
f 273/273 343/343 344/344
f 273/273 344/344 345/345
f 273/273 345/345 279/279
f 279/279 345/345 346/346
f 279/279 346/346 280/280
f 280/280 346/346 347/347
f 280/280 347/347 281/281
f 281/281 347/347 282/282
f 282/282 347/347 348/348
f 282/282 348/348 283/283
f 348/348 349/349 283/283
f 283/283 349/349 284/284
f 349/349 350/350 284/284
f 284/284 350/350 286/286
f 350/350 351/351 286/286
f 286/286 351/351 352/352
f 286/286 352/352 285/285
f 285/285 352/352 288/288
f 352/352 353/353 288/288
f 288/288 353/353 287/287
f 287/287 353/353 354/354
f 287/287 354/354 293/293
f 354/354 355/355 293/293
f 293/293 355/355 290/290
f 355/355 356/356 290/290
f 290/290 356/356 289/289
f 289/289 356/356 357/357
f 130/130 138/138 292/292
f 292/292 298/298 130/130
f 292/292 291/291 298/298
f 289/289 297/297 291/291
f 291/291 297/297 298/298
f 358/358 359/359 297/297
f 297/297 359/359 299/299
f 299/299 359/359 360/360
f 299/299 360/360 313/313
f 360/360 361/361 313/313
f 313/313 361/361 312/312
f 312/312 361/361 362/362
f 312/312 362/362 310/310
f 362/362 363/363 310/310
f 310/310 363/363 308/308
f 363/363 364/364 308/308
f 308/308 364/364 309/309
f 364/364 365/365 309/309
f 309/309 365/365 311/311
f 311/311 365/365 366/366
f 311/311 366/366 307/307
f 307/307 366/366 367/367
f 307/307 367/367 306/306
f 306/306 367/367 368/368
f 306/306 368/368 305/305
f 305/305 368/368 369/369
f 305/305 369/369 295/295
f 295/295 369/369 370/370
f 295/295 370/370 294/294
f 294/294 370/370 371/371
f 294/294 371/371 296/296
f 296/296 371/371 372/372
f 296/296 372/372 373/373
f 296/296 373/373 304/304
f 304/304 373/373 303/303
f 303/303 373/373 374/374
f 303/303 374/374 301/301
f 301/301 374/374 375/375
f 301/301 375/375 300/300
f 375/375 376/376 300/300
f 300/300 376/376 377/377
f 378/378 300/300 379/379
f 300/300 378/378 302/302
f 380/380 302/302 378/378
f 249/249 98/98 302/302
f 249/249 302/302 380/380
f 378/378 336/336 380/380
f 380/380 336/336 246/246
f 380/380 246/246 249/249
f 379/379 330/330 378/378
f 378/378 330/330 336/336
f 381/381 330/330 382/382
f 330/330 381/381 383/383
f 330/330 383/383 329/329
f 329/329 383/383 384/384
f 329/329 384/384 320/320
f 320/320 384/384 335/335
f 335/335 384/384 385/385
f 335/335 385/385 328/328
f 386/386 328/328 385/385
f 328/328 386/386 327/327
f 386/386 387/387 327/327
f 327/327 387/387 388/388
f 327/327 388/388 331/331
f 388/388 389/389 331/331
f 331/331 389/389 334/334
f 389/389 390/390 334/334
f 334/334 390/390 391/391
f 334/334 391/391 333/333
f 333/333 391/391 392/392
f 333/333 392/392 318/318
f 318/318 392/392 317/317
f 317/317 392/392 393/393
f 326/326 317/317 393/393
f 393/393 394/394 326/326
f 326/326 394/394 316/316
f 394/394 395/395 316/316
f 316/316 395/395 325/325
f 325/325 395/395 396/396
f 325/325 396/396 324/324
f 396/396 397/397 324/324
f 324/324 397/397 398/398
f 324/324 398/398 315/315
f 315/315 398/398 399/399
f 315/315 399/399 332/332
f 332/332 399/399 400/400
f 332/332 400/400 322/322
f 400/400 401/401 322/322
f 322/322 401/401 321/321
f 379/379 403/403 402/402
f 381/381 382/382 404/404
f 404/404 382/382 330/330
f 404/404 330/330 379/379
f 405/405 407/407 406/406
f 405/405 408/408 407/407
f 405/405 410/410 409/409
f 405/405 409/409 411/411
f 404/404 405/405 381/381
f 381/381 405/405 412/412
f 406/406 413/413 405/405
f 405/405 411/411 408/408
f 405/405 413/413 412/412
f 414/414 416/416 415/415
f 415/415 416/416 417/417
f 417/417 416/416 418/418
f 419/419 418/418 416/416
f 420/420 421/421 416/416
f 416/416 421/421 419/419
f 416/416 422/422 420/420
f 416/416 377/377 376/376
f 416/416 376/376 422/422
f 379/379 300/300 423/423
f 423/423 300/300 377/377
f 423/423 377/377 414/414
f 414/414 377/377 416/416
f 379/379 423/423 403/403
f 423/423 414/414 403/403
f 404/404 379/379 402/402
f 404/404 402/402 405/405
f 410/410 405/405 424/424
f 402/402 425/425 405/405
f 424/424 405/405 425/425
f 424/424 414/414 415/415
f 425/425 414/414 424/424
f 321/321 270/270 323/323
f 323/323 270/270 271/271
f 271/271 314/314 323/323
f 271/271 272/272 314/314
f 272/272 88/88 314/314
f 272/272 94/94 88/88
f 270/270 426/426 268/268
f 268/268 426/426 427/427
f 268/268 427/427 428/428
f 268/268 428/428 269/269
f 269/269 428/428 429/429
f 269/269 429/429 266/266
f 266/266 429/429 267/267
f 429/429 430/430 267/267
f 267/267 430/430 265/265
f 430/430 431/431 265/265
f 265/265 431/431 264/264
f 264/264 431/431 432/432
f 264/264 432/432 262/262
f 432/432 433/433 262/262
f 262/262 433/433 261/261
f 261/261 433/433 434/434
f 261/261 434/434 259/259
f 259/259 434/434 435/435
f 259/259 435/435 260/260
f 260/260 435/435 258/258
f 435/435 436/436 258/258
f 258/258 436/436 256/256
f 256/256 436/436 437/437
f 256/256 437/437 438/438
f 256/256 438/438 257/257
f 257/257 438/438 255/255
f 438/438 439/439 255/255
f 255/255 439/439 253/253
f 253/253 439/439 440/440
f 253/253 440/440 252/252
f 252/252 440/440 441/441
f 252/252 441/441 251/251
f 251/251 441/441 442/442
f 251/251 442/442 250/250
f 250/250 442/442 443/443
f 250/250 443/443 339/339
f 426/426 270/270 401/401
f 401/401 270/270 321/321
f 358/358 297/297 357/357
f 357/357 297/297 289/289
f 338/338 445/445 444/444
f 446/446 445/445 338/338
f 338/338 448/448 447/447
f 338/338 449/449 448/448
f 449/449 338/338 444/444
f 338/338 447/447 450/450
f 451/451 446/446 338/338
f 341/341 276/276 450/450
f 450/450 276/276 338/338
f 339/339 443/443 338/338
f 338/338 443/443 451/451
f 452/452 453/453 449/449
f 452/452 449/449 444/444
f 454/454 455/455 452/452
f 452/452 455/455 453/453
f 454/454 457/457 456/456
f 456/456 455/455 454/454
f 458/458 460/460 459/459
f 459/459 462/462 461/461
f 459/459 461/461 458/458
f 462/462 459/459 463/463
f 459/459 460/460 464/464
f 460/460 465/465 464/464
f 465/465 466/466 464/464
f 466/466 465/465 467/467
f 467/467 468/468 466/466
f 468/468 467/467 469/469
f 469/469 467/467 470/470
f 469/469 470/470 471/471
f 471/471 470/470 472/472
f 473/473 475/475 474/474
f 476/476 473/473 474/474
f 473/473 476/476 477/477
f 474/474 475/475 478/478
f 474/474 478/478 479/479
f 480/480 479/479 481/481
f 478/478 481/481 479/479
f 482/482 483/483 480/480
f 480/480 481/481 482/482
f 484/484 485/485 483/483
f 484/484 483/483 482/482
f 486/486 487/487 484/484
f 484/484 487/487 485/485
f 487/487 486/486 488/488
f 488/488 486/486 472/472
f 472/472 486/486 471/471
f 489/489 491/491 490/490
f 490/490 491/491 492/492
f 493/493 495/495 494/494
f 494/494 495/495 496/496
f 494/494 496/496 497/497
f 494/494 497/497 498/498
f 498/498 497/497 499/499
f 498/498 499/499 500/500
f 500/500 499/499 501/501
f 500/500 501/501 502/502
f 502/502 501/501 503/503
f 503/503 501/501 504/504
f 503/503 504/504 505/505
f 505/505 504/504 506/506
f 506/506 504/504 507/507
f 508/508 510/510 509/509
f 509/509 510/510 511/511
f 509/509 511/511 512/512
f 512/512 511/511 513/513
f 513/513 511/511 514/514
f 513/513 514/514 515/515
f 515/515 514/514 516/516
f 515/515 516/516 517/517
f 517/517 516/516 518/518
f 517/517 518/518 519/519
f 519/519 518/518 520/520
f 521/521 523/523 522/522
f 522/522 523/523 524/524
f 489/489 490/490 525/525
f 525/525 490/490 526/526
f 525/525 526/526 527/527
f 528/528 530/530 529/529
f 531/531 529/529 530/530
f 532/532 534/534 533/533
f 535/535 534/534 532/532
f 536/536 534/534 535/535
f 536/536 537/537 534/534
f 537/537 536/536 538/538
f 537/537 538/538 539/539
f 539/539 540/540 537/537
f 539/539 541/541 540/540
f 541/541 542/542 540/540
f 540/540 542/542 543/543
f 543/543 542/542 544/544
f 544/544 545/545 543/543
f 545/545 544/544 546/546
f 545/545 546/546 547/547
f 546/546 548/548 547/547
f 547/547 548/548 549/549
f 549/549 548/548 550/550
f 549/549 550/550 551/551
f 550/550 552/552 551/551
f 551/551 552/552 553/553
f 551/551 553/553 554/554
f 554/554 553/553 555/555
f 554/554 555/555 556/556
f 556/556 555/555 557/557
f 558/558 516/516 514/514
f 559/559 520/520 518/518
f 559/559 518/518 516/516
f 560/560 558/558 514/514
f 560/560 514/514 511/511
f 561/561 511/511 510/510
f 558/558 559/559 516/516
f 561/561 560/560 511/511
f 562/562 559/559 558/558
f 563/563 562/562 558/558
f 563/563 558/558 560/560
f 562/562 563/563 564/564
f 565/565 560/560 561/561
f 564/564 563/563 566/566
f 560/560 567/567 563/563
f 567/567 566/566 563/563
f 565/565 567/567 560/560
f 568/568 566/566 567/567
f 569/569 568/568 567/567
f 570/570 567/567 565/565
f 569/569 571/571 568/568
f 567/567 570/570 572/572
f 572/572 569/569 567/567
f 573/573 574/574 569/569
f 573/573 569/569 572/572
f 575/575 574/574 573/573
f 576/576 572/572 570/570
f 577/577 573/573 572/572
f 577/577 572/572 576/576
f 578/578 575/575 573/573
f 579/579 578/578 573/573
f 580/580 576/576 570/570
f 579/579 573/573 577/577
f 581/581 578/578 579/579
f 582/582 577/577 576/576
f 582/582 579/579 577/577
f 580/580 582/582 576/576
f 583/583 581/581 579/579
f 584/584 583/583 579/579
f 584/584 579/579 582/582
f 585/585 584/584 582/582
f 456/456 583/583 584/584
f 586/586 588/588 587/587
f 589/589 507/507 590/590
f 590/590 507/507 504/504
f 591/591 587/587 592/592
f 592/592 589/589 593/593
f 590/590 504/504 501/501
f 594/594 587/587 595/595
f 593/593 589/589 590/590
f 596/596 590/590 499/499
f 499/499 590/590 501/501
f 597/597 594/594 595/595
f 598/598 593/593 590/590
f 598/598 590/590 599/599
f 599/599 590/590 596/596
f 600/600 597/597 595/595
f 601/601 591/591 602/602
f 603/603 604/604 598/598
f 603/603 598/598 605/605
f 605/605 598/598 599/599
f 599/599 596/596 606/606
f 606/606 596/596 499/499
f 606/606 499/499 497/497
f 607/607 608/608 600/600
f 609/609 600/600 610/610
f 611/611 603/603 605/605
f 612/612 599/599 606/606
f 496/496 606/606 497/497
f 593/593 591/591 592/592
f 587/587 591/591 595/595
f 587/587 594/594 586/586
f 593/593 602/602 591/591
f 593/593 598/598 604/604
f 593/593 604/604 602/602
f 595/595 591/591 600/600
f 602/602 604/604 601/601
f 601/601 610/610 591/591
f 591/591 610/610 600/600
f 600/600 608/608 597/597
f 597/597 608/608 613/613
f 457/457 613/613 608/608
f 614/614 601/601 604/604
f 615/615 604/604 603/603
f 616/616 618/618 617/617
f 619/619 621/621 620/620
f 619/619 620/620 622/622
f 620/620 623/623 622/622
f 622/622 623/623 624/624
f 624/624 623/623 625/625
f 624/624 625/625 626/626
f 625/625 627/627 626/626
f 626/626 627/627 628/628
f 628/628 627/627 629/629
f 627/627 630/630 629/629
f 629/629 630/630 631/631
f 630/630 632/632 631/631
f 632/632 633/633 631/631
f 632/632 634/634 633/633
f 633/633 634/634 616/616
f 633/633 616/616 617/617
f 617/617 618/618 635/635
f 636/636 635/635 618/618
f 636/636 637/637 635/635
f 638/638 637/637 636/636
f 621/621 619/619 639/639
f 640/640 642/642 641/641
f 643/643 645/645 644/644
f 642/642 640/640 646/646
f 647/647 644/644 645/645
f 648/648 640/640 641/641
f 647/647 649/649 644/644
f 642/642 646/646 650/650
f 642/642 650/650 651/651
f 643/643 652/652 645/645
f 648/648 653/653 640/640
f 649/649 647/647 654/654
f 655/655 651/651 650/650
f 656/656 652/652 643/643
f 657/657 639/639 647/647
f 647/647 639/639 654/654
f 648/648 658/658 653/653
f 659/659 651/651 655/655
f 659/659 655/655 660/660
f 661/661 658/658 648/648
f 656/656 662/662 652/652
f 639/639 657/657 621/621
f 663/663 658/658 661/661
f 662/662 656/656 664/664
f 662/662 664/664 665/665
f 658/658 663/663 664/664
f 664/664 663/663 665/665
f 666/666 667/667 531/531
f 666/666 668/668 667/667
f 669/669 668/668 666/666
f 669/669 670/670 668/668
f 668/668 670/670 671/671
f 671/671 670/670 672/672
f 670/670 673/673 672/672
f 672/672 673/673 674/674
f 672/672 674/674 675/675
f 675/675 674/674 676/676
f 676/676 674/674 677/677
f 676/676 677/677 678/678
f 677/677 679/679 678/678
f 678/678 679/679 680/680
f 680/680 679/679 681/681
f 680/680 681/681 682/682
f 682/682 681/681 683/683
f 683/683 684/684 682/682
f 684/684 683/683 685/685
f 685/685 683/683 659/659
f 685/685 659/659 660/660
f 527/527 687/687 686/686
f 688/688 592/592 587/587
f 688/688 587/587 689/689
f 592/592 688/688 690/690
f 528/528 687/687 527/527
f 527/527 686/686 525/525
f 525/525 686/686 505/505
f 528/528 529/529 687/687
f 687/687 529/529 691/691
f 588/588 689/689 587/587
f 691/691 529/529 667/667
f 667/667 529/529 531/531
f 637/637 638/638 588/588
f 588/588 638/638 689/689
f 592/592 690/690 589/589
f 491/491 589/589 690/690
f 491/491 507/507 589/589
f 525/525 505/505 506/506
f 525/525 506/506 489/489
f 489/489 506/506 491/491
f 491/491 506/506 507/507
f 494/494 498/498 493/493
f 498/498 692/692 493/493
f 503/503 505/505 502/502
f 693/693 498/498 500/500
f 693/693 500/500 502/502
f 694/694 493/493 692/692
f 498/498 693/693 692/692
f 693/693 502/502 505/505
f 695/695 696/696 692/692
f 695/695 692/692 693/693
f 697/697 695/695 693/693
f 697/697 693/693 686/686
f 686/686 693/693 505/505
f 698/698 699/699 695/695
f 698/698 695/695 697/697
f 700/700 699/699 698/698
f 701/701 698/698 697/697
f 701/701 697/697 686/686
f 702/702 698/698 703/703
f 703/703 698/698 701/701
f 704/704 701/701 686/686
f 702/702 703/703 705/705
f 703/703 706/706 705/705
f 701/701 704/704 703/703
f 704/704 686/686 687/687
f 707/707 705/705 706/706
f 708/708 706/706 703/703
f 708/708 703/703 704/704
f 709/709 707/707 706/706
f 706/706 710/710 709/709
f 706/706 708/708 710/710
f 691/691 708/708 704/704
f 710/710 711/711 709/709
f 691/691 704/704 687/687
f 712/712 710/710 708/708
f 712/712 708/708 691/691
f 713/713 711/711 710/710
f 710/710 712/712 713/713
f 711/711 713/713 714/714
f 711/711 714/714 715/715
f 409/409 714/714 713/713
f 712/712 716/716 713/713
f 493/493 519/519 495/495
f 495/495 519/519 520/520
f 717/717 719/719 718/718
f 720/720 718/718 721/721
f 720/720 721/721 722/722
f 723/723 719/719 717/717
f 717/717 720/720 724/724
f 724/724 720/720 725/725
f 725/725 720/720 722/722
f 723/723 717/717 726/726
f 726/726 717/717 727/727
f 727/727 724/724 728/728
f 728/728 724/724 725/725
f 417/417 730/730 729/729
f 729/729 730/730 731/731
f 732/732 727/727 728/728
f 733/733 734/734 515/515
f 733/733 515/515 517/517
f 508/508 509/509 722/722
f 508/508 722/722 721/721
f 509/509 512/512 735/735
f 509/509 735/735 722/722
f 718/718 719/719 736/736
f 512/512 513/513 735/735
f 735/735 737/737 722/722
f 718/718 720/720 717/717
f 513/513 515/515 735/735
f 735/735 515/515 737/737
f 737/737 738/738 722/722
f 722/722 738/738 725/725
f 719/719 723/723 739/739
f 515/515 734/734 737/737
f 724/724 727/727 717/717
f 739/739 723/723 730/730
f 734/734 740/740 737/737
f 737/737 740/740 738/738
f 738/738 740/740 741/741
f 738/738 741/741 742/742
f 738/738 742/742 725/725
f 725/725 742/742 743/743
f 725/725 743/743 728/728
f 723/723 726/726 731/731
f 723/723 731/731 730/730
f 744/744 726/726 727/727
f 733/733 517/517 519/519
f 745/745 570/570 746/746
f 747/747 721/721 748/748
f 748/748 721/721 718/718
f 745/745 580/580 570/570
f 736/736 749/749 718/718
f 718/718 749/749 748/748
f 736/736 750/750 749/749
f 747/747 508/508 721/721
f 745/745 751/751 580/580
f 746/746 570/570 565/565
f 746/746 565/565 752/752
f 580/580 751/751 533/533
f 533/533 751/751 532/532
f 753/753 754/754 736/736
f 736/736 754/754 750/750
f 524/524 508/508 747/747
f 523/523 508/508 524/524
f 510/510 508/508 523/523
f 565/565 561/561 752/752
f 752/752 561/561 510/510
f 752/752 510/510 521/521
f 521/521 510/510 523/523
f 755/755 757/757 756/756
f 756/756 758/758 755/755
f 759/759 760/760 758/758
f 759/759 758/758 756/756
f 761/761 760/760 759/759
f 759/759 762/762 761/761
f 762/762 763/763 761/761
f 763/763 762/762 764/764
f 764/764 765/765 763/763
f 763/763 765/765 766/766
f 765/765 767/767 766/766
f 767/767 768/768 766/766
f 769/769 768/768 767/767
f 768/768 769/769 770/770
f 770/770 769/769 771/771
f 770/770 771/771 772/772
f 773/773 772/772 771/771
f 772/772 773/773 774/774
f 773/773 775/775 774/774
f 774/774 775/775 776/776
f 776/776 775/775 777/777
f 777/777 778/778 776/776
f 778/778 777/777 779/779
f 779/779 753/753 778/778
f 754/754 753/753 779/779
f 780/780 782/782 781/781
f 783/783 785/785 784/784
f 780/780 786/786 782/782
f 783/783 784/784 787/787
f 788/788 785/785 783/783
f 783/783 787/787 789/789
f 782/782 790/790 781/781
f 791/791 786/786 780/780
f 781/781 790/790 792/792
f 755/755 793/793 757/757
f 787/787 793/793 789/789
f 792/792 790/790 794/794
f 788/788 795/795 785/785
f 796/796 793/793 787/787
f 797/797 795/795 788/788
f 798/798 786/786 791/791
f 796/796 757/757 793/793
f 557/557 792/792 794/794
f 557/557 794/794 556/556
f 798/798 799/799 786/786
f 800/800 795/795 797/797
f 799/799 798/798 801/801
f 795/795 800/800 802/802
f 799/799 801/801 800/800
f 800/800 801/801 802/802
f 664/664 656/656 803/803
f 803/803 656/656 643/643
f 804/804 643/643 644/644
f 805/805 664/664 803/803
f 806/806 644/644 649/649
f 807/807 805/805 803/803
f 430/430 803/803 643/643
f 433/433 643/643 804/804
f 433/433 804/804 644/644
f 649/649 654/654 441/441
f 430/430 643/643 433/433
f 435/435 644/644 806/806
f 439/439 649/649 441/441
f 808/808 807/807 427/427
f 427/427 807/807 803/803
f 427/427 803/803 428/428
f 428/428 803/803 430/430
f 433/433 644/644 434/434
f 434/434 644/644 435/435
f 435/435 806/806 436/436
f 436/436 806/806 438/438
f 438/438 806/806 649/649
f 438/438 649/649 439/439
f 426/426 808/808 427/427
f 430/430 433/433 432/432
f 428/428 430/430 429/429
f 431/431 430/430 432/432
f 437/437 436/436 438/438
f 439/439 441/441 440/440
f 809/809 442/442 441/441
f 809/809 441/441 654/654
f 654/654 639/639 809/809
f 442/442 809/809 443/443
f 340/340 341/341 810/810
f 340/340 810/810 342/342
f 346/346 345/345 347/347
f 349/349 348/348 811/811
f 349/349 811/811 350/350
f 350/350 811/811 351/351
f 355/355 812/812 356/356
f 357/357 356/356 813/813
f 810/810 343/343 342/342
f 345/345 814/814 347/347
f 351/351 811/811 352/352
f 352/352 811/811 815/815
f 352/352 815/815 353/353
f 355/355 354/354 812/812
f 356/356 812/812 813/813
f 344/344 343/343 790/790
f 345/345 344/344 814/814
f 347/347 814/814 348/348
f 353/353 815/815 354/354
f 344/344 790/790 814/814
f 810/810 816/816 343/343
f 816/816 794/794 343/343
f 343/343 794/794 790/790
f 348/348 782/782 811/811
f 815/815 786/786 354/354
f 354/354 786/786 812/812
f 812/812 786/786 817/817
f 814/814 790/790 782/782
f 814/814 782/782 348/348
f 811/811 786/786 815/815
f 811/811 782/782 786/786
f 817/817 786/786 799/799
f 374/374 373/373 372/372
f 369/369 368/368 818/818
f 368/368 367/367 366/366
f 819/819 361/361 360/360
f 819/819 360/360 359/359
f 820/820 374/374 372/372
f 818/818 366/366 783/783
f 363/363 362/362 797/797
f 788/788 783/783 363/363
f 788/788 363/363 797/797
f 364/364 363/363 365/365
f 371/371 370/370 372/372
f 375/375 374/374 821/821
f 375/375 821/821 376/376
f 359/359 822/822 819/819
f 361/361 819/819 797/797
f 361/361 797/797 362/362
f 363/363 366/366 365/365
f 368/368 366/366 818/818
f 369/369 789/789 370/370
f 370/370 789/789 372/372
f 819/819 823/823 797/797
f 366/366 363/363 783/783
f 369/369 818/818 789/789
f 372/372 789/789 820/820
f 374/374 820/820 793/793
f 374/374 793/793 821/821
f 823/823 800/800 797/797
f 793/793 820/820 789/789
f 789/789 818/818 783/783
f 384/384 383/383 385/385
f 389/389 388/388 390/390
f 396/396 395/395 397/397
f 400/400 399/399 824/824
f 400/400 824/824 401/401
f 387/387 386/386 388/388
f 391/391 390/390 825/825
f 391/391 825/825 392/392
f 392/392 825/825 393/393
f 393/393 395/395 394/394
f 399/399 398/398 826/826
f 399/399 826/826 824/824
f 393/393 825/825 395/395
f 397/397 826/826 398/398
f 383/383 827/827 385/385
f 385/385 827/827 650/650
f 385/385 650/650 386/386
f 824/824 826/826 828/828
f 388/388 386/386 646/646
f 388/388 646/646 390/390
f 395/395 653/653 397/397
f 397/397 653/653 826/826
f 386/386 650/650 646/646
f 390/390 646/646 825/825
f 825/825 646/646 640/640
f 395/395 825/825 640/640
f 395/395 640/640 653/653
f 826/826 829/829 828/828
f 826/826 653/653 829/829
f 827/827 655/655 650/650
f 653/653 658/658 829/829
f 341/341 450/450 830/830
f 341/341 830/830 810/810
f 810/810 830/830 831/831
f 810/810 831/831 816/816
f 816/816 831/831 556/556
f 816/816 556/556 794/794
f 450/450 447/447 830/830
f 556/556 831/831 832/832
f 556/556 832/832 554/554
f 831/831 830/830 832/832
f 447/447 832/832 830/830
f 551/551 554/554 832/832
f 551/551 832/832 833/833
f 832/832 447/447 833/833
f 447/447 448/448 833/833
f 549/549 551/551 834/834
f 834/834 551/551 833/833
f 549/549 834/834 547/547
f 833/833 448/448 834/834
f 448/448 449/449 835/835
f 448/448 835/835 834/834
f 834/834 835/835 547/547
f 836/836 545/545 547/547
f 836/836 547/547 835/835
f 543/543 545/545 836/836
f 837/837 835/835 449/449
f 449/449 453/453 837/837
f 835/835 837/837 836/836
f 543/543 836/836 540/540
f 836/836 837/837 838/838
f 836/836 838/838 540/540
f 837/837 453/453 839/839
f 837/837 839/839 838/838
f 838/838 840/840 540/540
f 540/540 840/840 537/537
f 838/838 839/839 840/840
f 453/453 455/455 839/839
f 839/839 841/841 840/840
f 839/839 842/842 841/841
f 843/843 534/534 537/537
f 843/843 537/537 840/840
f 843/843 840/840 841/841
f 534/534 843/843 533/533
f 839/839 455/455 842/842
f 455/455 456/456 584/584
f 455/455 584/584 842/842
f 842/842 584/584 841/841
f 841/841 584/584 585/585
f 841/841 585/585 582/582
f 841/841 582/582 843/843
f 843/843 582/582 580/580
f 843/843 580/580 533/533
f 583/583 456/456 608/608
f 456/456 457/457 608/608
f 607/607 581/581 583/583
f 607/607 583/583 608/608
f 581/581 607/607 600/600
f 581/581 600/600 578/578
f 578/578 600/600 609/609
f 609/609 575/575 578/578
f 575/575 609/609 610/610
f 575/575 610/610 574/574
f 574/574 610/610 601/601
f 574/574 601/601 569/569
f 601/601 614/614 569/569
f 569/569 614/614 571/571
f 571/571 614/614 604/604
f 571/571 604/604 568/568
f 568/568 604/604 615/615
f 568/568 615/615 603/603
f 603/603 566/566 568/568
f 566/566 603/603 611/611
f 566/566 611/611 564/564
f 564/564 611/611 605/605
f 564/564 605/605 599/599
f 564/564 599/599 562/562
f 562/562 599/599 612/612
f 562/562 612/612 559/559
f 559/559 612/612 606/606
f 559/559 606/606 496/496
f 559/559 496/496 520/520
f 496/496 495/495 520/520
f 457/457 454/454 844/844
f 457/457 844/844 613/613
f 613/613 844/844 597/597
f 597/597 844/844 845/845
f 597/597 845/845 594/594
f 594/594 845/845 846/846
f 594/594 846/846 586/586
f 586/586 846/846 637/637
f 586/586 637/637 588/588
f 454/454 452/452 844/844
f 635/635 637/637 846/846
f 452/452 845/845 844/844
f 845/845 847/847 846/846
f 846/846 848/848 635/635
f 845/845 452/452 847/847
f 847/847 848/848 846/846
f 635/635 848/848 617/617
f 849/849 848/848 847/847
f 617/617 848/848 849/849
f 850/850 847/847 452/452
f 452/452 444/444 850/850
f 847/847 850/850 849/849
f 617/617 849/849 633/633
f 633/633 849/849 851/851
f 633/633 851/851 631/631
f 851/851 849/849 850/850
f 444/444 851/851 850/850
f 629/629 631/631 851/851
f 851/851 852/852 628/628
f 851/851 628/628 629/629
f 444/444 852/852 851/851
f 444/444 445/445 852/852
f 628/628 852/852 626/626
f 446/446 852/852 445/445
f 626/626 852/852 446/446
f 626/626 853/853 624/624
f 853/853 626/626 446/446
f 853/853 622/622 624/624
f 854/854 853/853 446/446
f 619/619 622/622 853/853
f 855/855 853/853 854/854
f 619/619 853/853 855/855
f 451/451 854/854 446/446
f 451/451 855/855 854/854
f 639/639 619/619 855/855
f 639/639 855/855 809/809
f 809/809 855/855 443/443
f 855/855 451/451 443/443
f 358/358 357/357 359/359
f 359/359 357/357 813/813
f 359/359 813/813 822/822
f 822/822 813/813 819/819
f 819/819 813/813 812/812
f 819/819 812/812 823/823
f 823/823 812/812 817/817
f 823/823 817/817 800/800
f 800/800 817/817 799/799
f 658/658 664/664 829/829
f 829/829 664/664 805/805
f 829/829 805/805 828/828
f 828/828 805/805 807/807
f 828/828 807/807 824/824
f 824/824 807/807 808/808
f 824/824 808/808 426/426
f 824/824 426/426 401/401
f 381/381 412/412 383/383
f 383/383 412/412 856/856
f 383/383 856/856 827/827
f 827/827 856/856 857/857
f 827/827 857/857 660/660
f 827/827 660/660 655/655
f 660/660 857/857 685/685
f 857/857 856/856 858/858
f 857/857 858/858 685/685
f 858/858 684/684 685/685
f 856/856 412/412 413/413
f 856/856 413/413 858/858
f 684/684 858/858 682/682
f 858/858 413/413 859/859
f 858/858 859/859 682/682
f 678/678 682/682 859/859
f 678/678 680/680 682/682
f 406/406 859/859 413/413
f 859/859 406/406 678/678
f 678/678 406/406 676/676
f 406/406 860/860 676/676
f 676/676 860/860 861/861
f 406/406 407/407 860/860
f 861/861 675/675 676/676
f 672/672 675/675 861/861
f 860/860 407/407 862/862
f 860/860 862/862 861/861
f 672/672 861/861 863/863
f 672/672 863/863 671/671
f 861/861 862/862 863/863
f 407/407 408/408 862/862
f 862/862 408/408 863/863
f 863/863 864/864 671/671
f 864/864 863/863 408/408
f 668/668 671/671 864/864
f 408/408 865/865 864/864
f 866/866 668/668 864/864
f 865/865 866/866 864/864
f 411/411 865/865 408/408
f 667/667 668/668 866/866
f 411/411 409/409 713/713
f 411/411 713/713 865/865
f 865/865 713/713 716/716
f 865/865 716/716 866/866
f 866/866 716/716 712/712
f 866/866 712/712 691/691
f 866/866 691/691 667/667
f 493/493 733/733 519/519
f 733/733 493/493 694/694
f 694/694 734/734 733/733
f 694/694 692/692 734/734
f 734/734 692/692 696/696
f 734/734 696/696 740/740
f 696/696 741/741 740/740
f 741/741 696/696 695/695
f 741/741 695/695 742/742
f 742/742 695/695 699/699
f 742/742 699/699 700/700
f 742/742 700/700 743/743
f 743/743 700/700 698/698
f 743/743 698/698 702/702
f 743/743 702/702 728/728
f 702/702 732/732 728/728
f 705/705 732/732 702/702
f 732/732 705/705 727/727
f 705/705 707/707 727/727
f 709/709 744/744 727/727
f 727/727 707/707 709/709
f 744/744 709/709 726/726
f 726/726 709/709 711/711
f 726/726 711/711 731/731
f 731/731 711/711 715/715
f 731/731 715/715 729/729
f 714/714 729/729 715/715
f 729/729 714/714 417/417
f 417/417 714/714 409/409
f 409/409 410/410 424/424
f 409/409 424/424 417/417
f 417/417 424/424 415/415
f 417/417 418/418 867/867
f 417/417 867/867 730/730
f 730/730 867/867 868/868
f 730/730 868/868 739/739
f 739/739 868/868 869/869
f 739/739 869/869 719/719
f 719/719 869/869 870/870
f 719/719 870/870 736/736
f 736/736 870/870 753/753
f 871/871 872/872 768/768
f 758/758 760/760 873/873
f 422/422 874/874 420/420
f 420/420 875/875 421/421
f 419/419 876/876 867/867
f 419/419 867/867 418/418
f 877/877 876/876 419/419
f 877/877 419/419 421/421
f 875/875 872/872 421/421
f 867/867 876/876 868/868
f 869/869 868/868 876/876
f 869/869 876/876 878/878
f 878/878 876/876 877/877
f 871/871 877/877 421/421
f 871/871 421/421 872/872
f 879/879 875/875 420/420
f 878/878 877/877 871/871
f 768/768 872/872 875/875
f 761/761 879/879 420/420
f 420/420 874/874 761/761
f 761/761 874/874 760/760
f 760/760 874/874 873/873
f 778/778 870/870 869/869
f 778/778 869/869 878/878
f 778/778 878/878 776/776
f 774/774 878/878 871/871
f 774/774 871/871 772/772
f 772/772 871/871 770/770
f 770/770 871/871 768/768
f 768/768 875/875 766/766
f 766/766 875/875 879/879
f 763/763 879/879 761/761
f 758/758 873/873 755/755
f 753/753 870/870 778/778
f 776/776 878/878 774/774
f 763/763 766/766 879/879
f 422/422 376/376 874/874
f 874/874 376/376 821/821
f 874/874 821/821 873/873
f 793/793 755/755 873/873
f 793/793 873/873 821/821
f 689/689 638/638 880/880
f 880/880 881/881 689/689
f 689/689 881/881 688/688
f 690/690 492/492 491/491
f 492/492 882/882 490/490
f 490/490 882/882 883/883
f 466/466 885/885 884/884
f 463/463 884/884 886/886
f 463/463 459/459 884/884
f 884/884 887/887 886/886
f 887/887 889/889 888/888
f 889/889 891/891 890/890
f 889/889 890/890 888/888
f 888/888 892/892 887/887
f 893/893 894/894 889/889
f 895/895 893/893 896/896
f 889/889 894/894 891/891
f 896/896 893/893 889/889
f 894/894 897/897 891/891
f 459/459 464/464 884/884
f 464/464 466/466 884/884
f 885/885 895/895 896/896
f 887/887 884/884 889/889
f 889/889 884/884 885/885
f 889/889 885/885 896/896
f 469/469 895/895 885/885
f 469/469 885/885 468/468
f 471/471 898/898 469/469
f 469/469 898/898 895/895
f 466/466 468/468 885/885
f 899/899 901/901 900/900
f 900/900 901/901 902/902
f 899/899 900/900 903/903
f 904/904 906/906 905/905
f 905/905 906/906 907/907
f 899/899 903/903 905/905
f 887/887 892/892 908/908
f 908/908 886/886 887/887
f 909/909 886/886 908/908
f 462/462 901/901 899/899
f 901/901 462/462 910/910
f 910/910 462/462 911/911
f 909/909 911/911 886/886
f 912/912 909/909 908/908
f 913/913 910/910 911/911
f 463/463 886/886 911/911
f 462/462 899/899 461/461
f 461/461 907/907 458/458
f 458/458 907/907 914/914
f 899/899 907/907 461/461
f 462/462 463/463 911/911
f 909/909 913/913 911/911
f 906/906 914/914 907/907
f 905/905 907/907 899/899
f 915/915 472/472 916/916
f 916/916 917/917 915/915
f 916/916 919/919 918/918
f 916/916 920/920 917/917
f 916/916 918/918 920/920
f 920/920 918/918 921/921
f 922/922 920/920 921/921
f 923/923 922/922 921/921
f 924/924 918/918 906/906
f 921/921 918/918 925/925
f 925/925 918/918 924/924
f 924/924 906/906 904/904
f 914/914 460/460 458/458
f 914/914 465/465 460/460
f 919/919 467/467 465/465
f 916/916 470/470 467/467
f 916/916 467/467 919/919
f 919/919 465/465 914/914
f 472/472 470/470 916/916
f 918/918 919/919 914/914
f 918/918 914/914 906/906
f 488/488 472/472 915/915
f 488/488 915/915 926/926
f 926/926 915/915 917/917
f 926/926 917/917 927/927
f 927/927 917/917 920/920
f 927/927 920/920 928/928
f 928/928 920/920 922/922
f 928/928 922/922 929/929
f 929/929 922/922 923/923
f 480/480 483/483 930/930
f 931/931 476/476 474/474
f 931/931 930/930 932/932
f 930/930 934/934 933/933
f 935/935 933/933 936/936
f 933/933 932/932 930/930
f 935/935 937/937 933/933
f 933/933 937/937 932/932
f 933/933 928/928 929/929
f 933/933 927/927 928/928
f 931/931 480/480 930/930
f 931/931 479/479 480/480
f 479/479 931/931 474/474
f 934/934 927/927 933/933
f 488/488 926/926 487/487
f 487/487 927/927 934/934
f 487/487 926/926 927/927
f 934/934 930/930 483/483
f 487/487 934/934 485/485
f 934/934 483/483 485/485
f 933/933 929/929 936/936
f 473/473 938/938 475/475
f 939/939 938/938 940/940
f 941/941 940/940 942/942
f 941/941 942/942 943/943
f 940/940 944/944 942/942
f 941/941 939/939 940/940
f 945/945 946/946 939/939
f 945/945 939/939 947/947
f 939/939 941/941 947/947
f 948/948 949/949 932/932
f 932/932 937/937 950/950
f 951/951 949/949 952/952
f 952/952 949/949 953/953
f 944/944 951/951 952/952
f 932/932 950/950 948/948
f 948/948 954/954 949/949
f 955/955 953/953 954/954
f 953/953 949/949 954/954
f 951/951 938/938 473/473
f 951/951 473/473 477/477
f 940/940 938/938 951/951
f 949/949 951/951 477/477
f 949/949 477/477 476/476
f 932/932 476/476 931/931
f 951/951 944/944 940/940
f 949/949 476/476 932/932
f 956/956 486/486 484/484
f 956/956 484/484 957/957
f 958/958 960/960 959/959
f 959/959 960/960 957/957
f 957/957 961/961 956/956
f 957/957 962/962 961/961
f 957/957 960/960 962/962
f 958/958 963/963 960/960
f 964/964 939/939 946/946
f 959/959 964/964 946/946
f 958/958 959/959 965/965
f 965/965 959/959 946/946
f 965/965 946/946 945/945
f 939/939 964/964 938/938
f 964/964 475/475 938/938
f 481/481 475/475 966/966
f 475/475 481/481 478/478
f 966/966 482/482 481/481
f 484/484 482/482 966/966
f 964/964 966/966 475/475
f 957/957 484/484 966/966
f 959/959 966/966 964/964
f 957/957 966/966 959/959
f 963/963 897/897 894/894
f 963/963 894/894 960/960
f 960/960 894/894 962/962
f 962/962 894/894 893/893
f 962/962 893/893 961/961
f 961/961 893/893 895/895
f 961/961 895/895 956/956
f 956/956 895/895 898/898
f 956/956 898/898 486/486
f 486/486 898/898 471/471
f 522/522 967/967 521/521
f 521/521 967/967 968/968
f 746/746 969/969 745/745
f 745/745 970/970 751/751
f 532/532 751/751 970/970
f 971/971 972/972 757/757
f 971/971 757/757 796/796
f 973/973 974/974 972/972
f 973/973 972/972 971/971
f 975/975 974/974 976/976
f 976/976 974/974 973/973
f 977/977 975/975 976/976
f 978/978 979/979 621/621
f 978/978 621/621 657/657
f 980/980 979/979 978/978
f 980/980 981/981 979/979
f 982/982 981/981 983/983
f 983/983 981/981 980/980
f 984/984 982/982 983/983
f 967/967 522/522 985/985
f 522/522 524/524 985/985
f 985/985 524/524 986/986
f 986/986 524/524 747/747
f 747/747 987/987 986/986
f 987/987 747/747 748/748
f 987/987 748/748 988/988
f 988/988 748/748 749/749
f 988/988 749/749 750/750
f 750/750 989/989 988/988
f 989/989 750/750 990/990
f 991/991 530/530 992/992
f 992/992 530/530 993/993
f 993/993 530/530 528/528
f 993/993 528/528 994/994
f 994/994 528/528 527/527
f 994/994 527/527 995/995
f 995/995 527/527 526/526
f 995/995 526/526 996/996
f 996/996 526/526 490/490
f 996/996 490/490 883/883
f 756/756 757/757 972/972
f 974/974 975/975 997/997
f 756/756 972/972 974/974
f 998/998 974/974 997/997
f 998/998 756/756 974/974
f 998/998 759/759 756/756
f 999/999 998/998 997/997
f 1000/1000 759/759 998/998
f 999/999 1000/1000 998/998
f 762/762 759/759 1000/1000
f 764/764 762/762 1000/1000
f 1000/1000 999/999 1001/1001
f 1001/1001 764/764 1000/1000
f 1002/1002 764/764 1001/1001
f 1003/1003 1002/1002 1001/1001
f 1002/1002 765/765 764/764
f 1004/1004 1002/1002 1003/1003
f 767/767 765/765 1002/1002
f 1005/1005 1002/1002 1004/1004
f 1005/1005 1004/1004 1006/1006
f 767/767 1002/1002 1005/1005
f 1005/1005 769/769 767/767
f 1007/1007 769/769 1005/1005
f 771/771 769/769 1007/1007
f 1008/1008 771/771 1007/1007
f 773/773 771/771 1008/1008
f 773/773 1008/1008 1009/1009
f 773/773 777/777 775/775
f 1010/1010 990/990 750/750
f 754/754 1012/1012 1011/1011
f 754/754 1011/1011 750/750
f 750/750 1011/1011 1010/1010
f 1013/1013 1015/1015 1014/1014
f 1013/1013 1016/1016 1015/1015
f 1017/1017 1016/1016 1013/1013
f 1016/1016 1017/1017 1018/1018
f 1017/1017 659/659 1018/1018
f 651/651 659/659 1017/1017
f 665/665 663/663 1019/1019
f 665/665 1019/1019 1020/1020
f 1020/1020 1019/1019 1021/1021
f 1021/1021 1019/1019 1022/1022
f 1021/1021 1022/1022 1023/1023
f 1023/1023 1022/1022 1024/1024
f 1023/1023 1024/1024 1025/1025
f 1025/1025 1024/1024 1026/1026
f 1025/1025 1026/1026 1027/1027
f 1025/1025 1027/1027 1028/1028
f 1029/1029 1031/1031 1030/1030
f 1032/1032 1033/1033 983/983
f 983/983 1033/1033 984/984
f 1023/1023 1028/1028 1034/1034
f 1035/1035 1034/1034 1036/1036
f 1035/1035 1036/1036 1037/1037
f 1037/1037 1036/1036 1038/1038
f 1037/1037 1038/1038 1039/1039
f 1037/1037 1039/1039 1040/1040
f 1040/1040 1039/1039 1041/1041
f 1040/1040 1041/1041 1029/1029
f 1042/1042 1029/1029 1030/1030
f 1042/1042 1030/1030 1043/1043
f 1023/1023 1025/1025 1028/1028
f 1023/1023 1034/1034 1035/1035
f 1040/1040 1029/1029 1042/1042
f 1042/1042 1043/1043 1032/1032
f 1032/1032 983/983 980/980
f 1042/1042 1032/1032 1044/1044
f 1044/1044 1032/1032 980/980
f 1021/1021 1023/1023 1035/1035
f 662/662 1021/1021 1035/1035
f 652/652 1035/1035 1037/1037
f 652/652 1037/1037 1040/1040
f 645/645 1040/1040 1042/1042
f 1044/1044 980/980 978/978
f 1020/1020 1021/1021 662/662
f 662/662 1035/1035 652/652
f 652/652 1040/1040 645/645
f 647/647 645/645 1042/1042
f 647/647 1042/1042 1044/1044
f 647/647 1044/1044 657/657
f 657/657 1044/1044 978/978
f 665/665 1020/1020 662/662
f 1013/1013 1014/1014 1045/1045
f 1013/1013 1045/1045 1046/1046
f 1046/1046 1045/1045 1047/1047
f 1046/1046 1047/1047 1048/1048
f 1049/1049 1051/1051 1050/1050
f 1052/1052 1053/1053 1024/1024
f 1024/1024 1053/1053 1026/1026
f 1048/1048 1055/1055 1054/1054
f 1054/1054 1055/1055 1056/1056
f 1054/1054 1056/1056 1057/1057
f 1058/1058 1060/1060 1059/1059
f 1052/1052 1024/1024 1022/1022
f 1054/1054 1057/1057 1058/1058
f 1049/1049 1050/1050 641/641
f 1017/1017 1013/1013 1046/1046
f 1046/1046 1048/1048 1061/1061
f 1061/1061 1048/1048 1054/1054
f 1058/1058 1059/1059 641/641
f 641/641 1059/1059 1049/1049
f 641/641 1050/1050 1062/1062
f 1062/1062 1050/1050 1052/1052
f 1062/1062 1052/1052 1022/1022
f 1017/1017 1046/1046 1061/1061
f 1062/1062 1022/1022 1019/1019
f 1054/1054 1058/1058 641/641
f 648/648 641/641 1062/1062
f 648/648 1062/1062 661/661
f 661/661 1062/1062 1019/1019
f 651/651 1017/1017 1061/1061
f 651/651 1061/1061 642/642
f 642/642 1061/1061 1054/1054
f 642/642 1054/1054 641/641
f 663/663 661/661 1019/1019
f 1063/1063 1065/1065 1064/1064
f 1066/1066 1068/1068 1067/1067
f 1010/1010 1069/1069 990/990
f 1070/1070 994/994 995/995
f 1071/1071 1073/1073 1072/1072
f 1074/1074 1011/1011 1075/1075
f 1075/1075 1011/1011 1012/1012
f 1075/1075 1012/1012 1076/1076
f 1077/1077 1079/1079 1078/1078
f 1080/1080 1078/1078 1081/1081
f 1079/1079 1081/1081 1078/1078
f 1081/1081 1082/1082 1067/1067
f 1083/1083 1085/1085 1084/1084
f 1083/1083 1084/1084 1086/1086
f 1085/1085 1076/1076 1012/1012
f 1087/1087 1084/1084 1088/1088
f 1087/1087 1086/1086 1084/1084
f 1089/1089 1075/1075 1076/1076
f 1090/1090 1076/1076 1091/1091
f 1076/1076 1085/1085 1083/1083
f 1076/1076 1083/1083 1091/1091
f 1091/1091 1083/1083 1086/1086
f 1082/1082 1071/1071 1072/1072
f 1092/1092 1094/1094 1093/1093
f 1091/1091 1086/1086 1092/1092
f 1095/1095 1092/1092 1086/1086
f 1095/1095 1086/1086 1087/1087
f 1088/1088 1068/1068 1066/1066
f 1096/1096 1092/1092 1073/1073
f 1072/1072 1087/1087 1066/1066
f 1066/1066 1087/1087 1088/1088
f 1073/1073 1092/1092 1095/1095
f 1072/1072 1095/1095 1087/1087
f 1067/1067 1080/1080 1081/1081
f 1097/1097 1096/1096 1073/1073
f 1082/1082 1066/1066 1067/1067
f 1066/1066 1082/1082 1072/1072
f 1095/1095 1072/1072 1073/1073
f 1098/1098 1100/1100 1099/1099
f 1098/1098 1099/1099 1101/1101
f 1102/1102 1098/1098 1101/1101
f 1103/1103 1104/1104 1098/1098
f 1105/1105 1103/1103 1098/1098
f 1105/1105 1098/1098 1106/1106
f 1106/1106 1098/1098 1102/1102
f 1100/1100 1107/1107 1099/1099
f 1100/1100 1098/1098 1104/1104
f 1108/1108 1107/1107 1100/1100
f 1109/1109 1111/1111 1110/1110
f 1109/1109 1112/1112 1111/1111
f 1113/1113 1112/1112 1114/1114
f 1109/1109 1114/1114 1112/1112
f 1103/1103 1115/1115 1104/1104
f 1104/1104 1116/1116 1100/1100
f 1100/1100 1116/1116 1117/1117
f 1108/1108 1117/1117 1118/1118
f 1119/1119 1118/1118 1120/1120
f 1121/1121 1103/1103 1122/1122
f 1108/1108 1118/1118 1119/1119
f 1100/1100 1117/1117 1108/1108
f 1123/1123 1125/1125 1124/1124
f 1126/1126 1123/1123 1127/1127
f 1127/1127 1123/1123 1121/1121
f 1128/1128 1130/1130 1129/1129
f 1131/1131 1113/1113 1114/1114
f 1114/1114 1132/1132 1131/1131
f 1133/1133 1131/1131 1132/1132
f 1134/1134 1132/1132 1135/1135
f 1132/1132 1134/1134 1133/1133
f 1136/1136 1138/1138 1137/1137
f 1139/1139 1141/1141 1140/1140
f 1141/1141 1139/1139 1133/1133
f 1133/1133 1142/1142 1141/1141
f 1142/1142 1133/1133 1134/1134
f 1142/1142 1134/1134 1143/1143
f 1143/1143 1136/1136 1142/1142
f 1141/1141 1142/1142 1136/1136
f 1141/1141 1144/1144 1140/1140
f 1140/1140 1144/1144 1145/1145
f 1141/1141 1136/1136 1144/1144
f 1144/1144 1147/1147 1146/1146
f 1147/1147 1144/1144 1148/1148
f 1148/1148 1144/1144 1136/1136
f 1148/1148 1136/1136 1137/1137
f 1145/1145 1144/1144 1146/1146
f 1149/1149 1151/1151 1150/1150
f 1152/1152 1154/1154 1153/1153
f 1155/1155 1151/1151 1149/1149
f 1155/1155 1149/1149 1156/1156
f 1157/1157 1156/1156 1149/1149
f 1158/1158 1155/1155 1159/1159
f 1159/1159 1155/1155 1156/1156
f 1160/1160 1161/1161 1158/1158
f 1162/1162 1159/1159 1156/1156
f 1162/1162 1164/1164 1163/1163
f 1163/1163 1164/1164 1165/1165
f 1160/1160 1158/1158 1159/1159
f 1162/1162 1156/1156 1164/1164
f 1166/1166 1163/1163 1165/1165
f 1162/1162 1167/1167 1159/1159
f 1159/1159 1167/1167 1160/1160
f 1160/1160 1168/1168 1161/1161
f 1167/1167 1162/1162 1163/1163
f 1169/1169 1161/1161 1168/1168
f 1170/1170 1163/1163 1166/1166
f 1171/1171 1173/1173 1172/1172
f 1174/1174 1120/1120 1175/1175
f 1171/1171 1172/1172 1174/1174
f 1176/1176 1116/1116 1177/1177
f 1177/1177 1116/1116 1115/1115
f 1175/1175 1118/1118 1117/1117
f 1178/1178 1171/1171 1179/1179
f 1179/1179 1171/1171 1174/1174
f 1180/1180 1174/1174 1175/1175
f 1180/1180 1175/1175 1181/1181
f 1176/1176 1181/1181 1117/1117
f 1177/1177 1115/1115 1103/1103
f 1179/1179 1174/1174 1180/1180
f 1182/1182 1183/1183 1171/1171
f 1175/1175 1117/1117 1181/1181
f 1176/1176 1117/1117 1116/1116
f 1182/1182 1171/1171 1178/1178
f 1184/1184 1181/1181 1176/1176
f 1185/1185 1179/1179 1186/1186
f 1186/1186 1179/1179 1180/1180
f 1186/1186 1180/1180 1187/1187
f 1187/1187 1180/1180 1181/1181
f 1176/1176 1177/1177 1124/1124
f 1188/1188 1190/1190 1189/1189
f 1191/1191 1178/1178 1185/1185
f 1186/1186 1187/1187 1192/1192
f 1192/1192 1187/1187 1193/1193
f 1194/1194 1195/1195 1124/1124
f 1194/1194 1124/1124 1125/1125
f 1191/1191 1189/1189 1182/1182
f 1191/1191 1182/1182 1178/1178
f 1193/1193 1184/1184 1195/1195
f 1178/1178 1179/1179 1185/1185
f 1187/1187 1181/1181 1193/1193
f 1193/1193 1181/1181 1184/1184
f 1184/1184 1176/1176 1195/1195
f 1195/1195 1176/1176 1124/1124
f 1177/1177 1103/1103 1124/1124
f 1124/1124 1103/1103 1121/1121
f 1196/1196 1198/1198 1197/1197
f 1199/1199 1201/1201 1200/1200
f 1202/1202 1188/1188 1189/1189
f 1202/1202 1189/1189 1191/1191
f 1185/1185 1186/1186 1203/1203
f 1203/1203 1186/1186 1192/1192
f 1204/1204 1195/1195 1194/1194
f 1201/1201 1185/1185 1203/1203
f 1205/1205 1125/1125 1123/1123
f 1201/1201 1203/1203 1200/1200
f 1206/1206 1195/1195 1204/1204
f 1207/1207 1191/1191 1208/1208
f 1204/1204 1194/1194 1209/1209
f 1207/1207 1202/1202 1191/1191
f 1208/1208 1191/1191 1185/1185
f 1200/1200 1192/1192 1210/1210
f 1210/1210 1192/1192 1206/1206
f 1209/1209 1194/1194 1130/1130
f 1130/1130 1194/1194 1211/1211
f 1211/1211 1205/1205 1212/1212
f 1197/1197 1188/1188 1213/1213
f 1213/1213 1188/1188 1202/1202
f 1203/1203 1192/1192 1200/1200
f 1192/1192 1214/1214 1206/1206
f 1206/1206 1214/1214 1195/1195
f 1194/1194 1125/1125 1211/1211
f 1211/1211 1125/1125 1205/1205
f 1212/1212 1205/1205 1215/1215
f 1216/1216 1197/1197 1213/1213
f 1208/1208 1201/1201 1199/1199
f 1199/1199 1200/1200 1217/1217
f 1218/1218 1209/1209 1130/1130
f 1212/1212 1215/1215 1219/1219
f 1220/1220 1196/1196 1197/1197
f 1221/1221 1207/1207 1208/1208
f 1217/1217 1210/1210 1222/1222
f 1222/1222 1210/1210 1223/1223
f 1130/1130 1211/1211 1129/1129
f 1129/1129 1211/1211 1212/1212
f 1129/1129 1212/1212 1219/1219
f 1216/1216 1213/1213 1224/1224
f 1225/1225 1224/1224 1207/1207
f 1223/1223 1210/1210 1206/1206
f 1223/1223 1206/1206 1209/1209
f 1223/1223 1209/1209 1218/1218
f 1220/1220 1197/1197 1216/1216
f 1226/1226 1224/1224 1225/1225
f 1227/1227 1221/1221 1199/1199
f 1228/1228 1229/1229 1222/1222
f 1228/1228 1222/1222 1230/1230
f 1216/1216 1224/1224 1226/1226
f 1229/1229 1231/1231 1217/1217
f 1229/1229 1217/1217 1222/1222
f 1222/1222 1223/1223 1230/1230
f 1230/1230 1223/1223 1218/1218
f 1230/1230 1218/1218 1232/1232
f 1218/1218 1130/1130 1232/1232
f 1232/1232 1130/1130 1128/1128
f 1225/1225 1207/1207 1221/1221
f 1221/1221 1208/1208 1199/1199
f 1233/1233 1199/1199 1217/1217
f 1233/1233 1217/1217 1231/1231
f 1224/1224 1213/1213 1202/1202
f 1224/1224 1202/1202 1207/1207
f 1208/1208 1185/1185 1201/1201
f 1217/1217 1200/1200 1210/1210
f 1206/1206 1204/1204 1209/1209
f 1192/1192 1193/1193 1214/1214
f 1214/1214 1193/1193 1195/1195
f 1123/1123 1126/1126 1205/1205
f 1234/1234 1160/1160 1167/1167
f 1167/1167 1163/1163 1170/1170
f 995/995 996/996 1070/1070
f 994/994 1070/1070 1235/1235
f 994/994 1235/1235 993/993
f 1236/1236 992/992 993/993
f 1236/1236 993/993 1237/1237
f 1237/1237 993/993 1235/1235
f 1238/1238 996/996 883/883
f 1160/1160 1234/1234 1239/1239
f 1160/1160 1239/1239 1168/1168
f 1168/1168 1239/1239 1169/1169
f 1169/1169 1241/1241 1240/1240
f 1240/1240 1241/1241 1242/1242
f 1241/1241 1169/1169 1243/1243
f 1243/1243 1169/1169 1239/1239
f 1244/1244 1234/1234 1167/1167
f 1245/1245 1170/1170 1246/1246
f 1244/1244 1167/1167 1170/1170
f 1244/1244 1170/1170 1245/1245
f 1245/1245 1246/1246 1247/1247
f 1243/1243 1234/1234 1237/1237
f 1237/1237 1234/1234 1244/1244
f 1248/1248 1242/1242 1241/1241
f 1243/1243 1239/1239 1234/1234
f 1249/1249 1245/1245 1247/1247
f 1250/1250 1247/1247 1251/1251
f 1246/1246 1170/1170 1166/1166
f 1165/1165 1164/1164 1252/1252
f 1252/1252 1156/1156 1157/1157
f 1150/1150 1254/1254 1253/1253
f 1252/1252 1255/1255 1165/1165
f 1166/1166 1256/1256 1246/1246
f 1251/1251 1247/1247 1246/1246
f 1252/1252 1164/1164 1156/1156
f 1157/1157 1149/1149 1253/1253
f 1253/1253 1149/1149 1150/1150
f 1157/1157 1257/1257 1252/1252
f 1258/1258 1250/1250 1251/1251
f 1258/1258 1251/1251 1246/1246
f 1259/1259 1260/1260 1248/1248
f 1238/1238 1248/1248 1241/1241
f 1238/1238 1241/1241 1070/1070
f 1070/1070 1241/1241 1243/1243
f 1236/1236 1244/1244 1245/1245
f 991/991 992/992 1249/1249
f 1249/1249 992/992 1236/1236
f 1238/1238 1070/1070 996/996
f 1259/1259 1238/1238 883/883
f 1250/1250 1111/1111 991/991
f 1250/1250 991/991 1247/1247
f 1247/1247 991/991 1249/1249
f 1243/1243 1235/1235 1070/1070
f 1257/1257 1226/1226 1261/1261
f 1258/1258 1263/1263 1262/1262
f 1264/1264 1220/1220 1216/1216
f 1256/1256 1166/1166 1265/1265
f 1265/1265 1166/1166 1165/1165
f 1265/1265 1165/1165 1255/1255
f 1257/1257 1157/1157 1253/1253
f 1264/1264 1253/1253 1254/1254
f 1252/1252 1257/1257 1255/1255
f 1250/1250 1258/1258 1266/1266
f 1129/1129 1143/1143 1135/1135
f 1233/1233 1227/1227 1199/1199
f 1225/1225 1261/1261 1226/1226
f 1196/1196 1220/1220 1154/1154
f 1196/1196 1154/1154 1267/1267
f 1128/1128 1135/1135 1232/1232
f 1268/1268 1269/1269 1228/1228
f 1227/1227 1265/1265 1221/1221
f 1216/1216 1226/1226 1264/1264
f 1220/1220 1264/1264 1154/1154
f 1261/1261 1225/1225 1221/1221
f 1263/1263 1233/1233 1231/1231
f 1262/1262 1263/1263 1229/1229
f 1262/1262 1229/1229 1228/1228
f 1268/1268 1230/1230 1232/1232
f 1132/1132 1114/1114 1109/1109
f 1263/1263 1258/1258 1256/1256
f 1261/1261 1265/1265 1255/1255
f 1139/1139 1131/1131 1133/1133
f 1132/1132 1109/1109 1268/1268
f 1268/1268 1109/1109 1110/1110
f 1268/1268 1110/1110 1269/1269
f 1269/1269 1110/1110 1266/1266
f 1269/1269 1266/1266 1262/1262
f 1233/1233 1256/1256 1265/1265
f 1226/1226 1257/1257 1253/1253
f 1257/1257 1261/1261 1255/1255
f 1261/1261 1221/1221 1265/1265
f 1265/1265 1227/1227 1233/1233
f 1256/1256 1233/1233 1263/1263
f 1269/1269 1262/1262 1228/1228
f 1268/1268 1232/1232 1132/1132
f 1138/1138 1270/1270 1137/1137
f 883/883 1271/1271 1259/1259
f 1238/1238 1259/1259 1248/1248
f 1235/1235 1243/1243 1237/1237
f 1237/1237 1244/1244 1236/1236
f 1236/1236 1245/1245 1249/1249
f 1250/1250 1266/1266 1111/1111
f 1110/1110 1111/1111 1266/1266
f 1258/1258 1246/1246 1256/1256
f 1264/1264 1254/1254 1154/1154
f 1154/1154 1254/1254 1153/1153
f 1263/1263 1231/1231 1229/1229
f 1268/1268 1228/1228 1230/1230
f 1135/1135 1128/1128 1129/1129
f 1143/1143 1129/1129 1138/1138
f 1138/1138 1129/1129 1219/1219
f 1138/1138 1219/1219 1270/1270
f 1272/1272 986/986 987/987
f 1273/1273 1272/1272 987/987
f 1273/1273 987/987 988/988
f 1274/1274 988/988 989/989
f 1273/1273 988/988 1274/1274
f 1275/1275 989/989 990/990
f 967/967 985/985 1276/1276
f 1276/1276 1278/1278 1277/1277
f 1279/1279 1277/1277 1280/1280
f 1276/1276 985/985 1278/1278
f 1277/1277 1278/1278 1280/1280
f 1281/1281 1283/1283 1282/1282
f 1284/1284 1285/1285 1281/1281
f 1286/1286 1280/1280 1283/1283
f 1281/1281 1282/1282 1284/1284
f 985/985 986/986 1272/1272
f 985/985 1272/1272 1278/1278
f 1280/1280 1278/1278 1287/1287
f 1280/1280 1287/1287 1288/1288
f 1280/1280 1288/1288 1283/1283
f 1283/1283 1288/1288 1282/1282
f 1064/1064 1289/1289 1063/1063
f 1290/1290 1289/1289 1284/1284
f 1289/1289 1290/1290 1063/1063
f 1278/1278 1272/1272 1287/1287
f 1282/1282 1291/1291 1284/1284
f 1284/1284 1291/1291 1290/1290
f 955/955 1065/1065 1292/1292
f 1293/1293 1292/1292 1152/1152
f 1267/1267 1154/1154 1152/1152
f 1253/1253 1264/1264 1226/1226
f 1266/1266 1258/1258 1262/1262
f 1132/1132 1232/1232 1135/1135
f 1134/1134 1135/1135 1143/1143
f 1143/1143 1138/1138 1136/1136
f 989/989 1275/1275 1274/1274
f 1294/1294 1273/1273 1274/1274
f 1295/1295 1010/1010 1011/1011
f 1295/1295 1011/1011 1074/1074
f 1275/1275 1296/1296 1274/1274
f 1274/1274 1297/1297 1294/1294
f 1295/1295 1074/1074 1298/1298
f 1295/1295 1298/1298 1010/1010
f 1069/1069 1296/1296 990/990
f 1074/1074 1299/1299 1298/1298
f 1010/1010 1298/1298 1300/1300
f 1010/1010 1300/1300 1069/1069
f 1296/1296 1297/1297 1274/1274
f 1294/1294 1297/1297 1288/1288
f 1294/1294 1288/1288 1287/1287
f 1275/1275 990/990 1296/1296
f 1301/1301 1303/1303 1302/1302
f 1304/1304 1306/1306 1305/1305
f 1305/1305 1306/1306 1307/1307
f 1305/1305 1307/1307 1308/1308
f 1305/1305 1308/1308 1309/1309
f 1310/1310 1309/1309 1308/1308
f 1311/1311 1302/1302 1303/1303
f 1302/1302 1312/1312 1306/1306
f 1310/1310 1290/1290 1313/1313
f 1314/1314 1302/1302 1306/1306
f 1315/1315 1310/1310 1313/1313
f 1291/1291 1313/1313 1290/1290
f 1096/1096 1094/1094 1092/1092
f 1092/1092 1093/1093 1091/1091
f 1273/1273 1294/1294 1287/1287
f 1273/1273 1287/1287 1272/1272
f 1093/1093 1316/1316 1091/1091
f 1091/1091 1316/1316 1090/1090
f 1076/1076 1317/1317 1089/1089
f 1074/1074 1075/1075 1318/1318
f 1074/1074 1318/1318 1299/1299
f 1069/1069 1300/1300 1319/1319
f 1069/1069 1319/1319 1296/1296
f 1296/1296 1320/1320 1297/1297
f 1096/1096 1321/1321 1094/1094
f 1296/1296 1319/1319 1320/1320
f 1320/1320 1315/1315 1297/1297
f 1096/1096 1101/1101 1321/1321
f 1317/1317 1322/1322 1089/1089
f 1320/1320 1309/1309 1315/1315
f 1315/1315 1313/1313 1297/1297
f 1297/1297 1313/1313 1291/1291
f 1102/1102 1101/1101 1096/1096
f 1316/1316 1093/1093 1323/1323
f 1317/1317 1324/1324 1322/1322
f 1089/1089 1301/1301 1075/1075
f 1075/1075 1301/1301 1318/1318
f 1298/1298 1299/1299 1314/1314
f 1298/1298 1314/1314 1304/1304
f 1298/1298 1304/1304 1300/1300
f 1319/1319 1309/1309 1320/1320
f 1291/1291 1288/1288 1297/1297
f 1324/1324 1317/1317 1090/1090
f 1324/1324 1090/1090 1316/1316
f 1094/1094 1325/1325 1093/1093
f 1324/1324 1326/1326 1322/1322
f 1318/1318 1301/1301 1302/1302
f 1309/1309 1310/1310 1315/1315
f 1094/1094 1321/1321 1327/1327
f 1094/1094 1327/1327 1325/1325
f 1093/1093 1325/1325 1323/1323
f 1324/1324 1323/1323 1326/1326
f 1322/1322 1329/1329 1328/1328
f 1322/1322 1328/1328 1301/1301
f 1314/1314 1318/1318 1302/1302
f 1314/1314 1306/1306 1304/1304
f 1305/1305 1309/1309 1319/1319
f 1325/1325 1327/1327 1330/1330
f 1325/1325 1330/1330 1331/1331
f 1322/1322 1332/1332 1329/1329
f 1329/1329 1333/1333 1328/1328
f 1328/1328 1333/1333 1303/1303
f 1332/1332 1322/1322 1326/1326
f 1326/1326 1323/1323 1331/1331
f 1331/1331 1323/1323 1325/1325
f 1099/1099 1327/1327 1321/1321
f 1099/1099 1321/1321 1101/1101
f 1328/1328 1303/1303 1301/1301
f 1316/1316 1323/1323 1324/1324
f 1089/1089 1322/1322 1301/1301
f 1318/1318 1314/1314 1299/1299
f 1304/1304 1305/1305 1300/1300
f 1300/1300 1305/1305 1319/1319
f 1334/1334 1336/1336 1335/1335
f 1337/1337 1338/1338 1292/1292
f 1339/1339 1190/1190 1340/1340
f 1341/1341 1340/1340 1336/1336
f 1334/1334 1335/1335 1338/1338
f 1327/1327 1107/1107 1330/1330
f 1326/1326 1342/1342 1332/1332
f 1329/1329 1332/1332 1333/1333
f 1312/1312 1343/1343 1307/1307
f 1290/1290 1310/1310 1063/1063
f 1331/1331 1344/1344 1342/1342
f 1333/1333 1345/1345 1303/1303
f 1303/1303 1345/1345 1311/1311
f 1343/1343 1338/1338 1308/1308
f 1346/1346 1063/1063 1310/1310
f 1331/1331 1330/1330 1344/1344
f 1342/1342 1347/1347 1332/1332
f 1307/1307 1343/1343 1308/1308
f 1347/1347 1348/1348 1345/1345
f 1349/1349 1340/1340 1312/1312
f 1312/1312 1340/1340 1341/1341
f 1343/1343 1334/1334 1338/1338
f 1346/1346 1338/1338 1337/1337
f 1346/1346 1337/1337 1063/1063
f 1342/1342 1350/1350 1347/1347
f 1343/1343 1341/1341 1334/1334
f 1344/1344 1350/1350 1342/1342
f 1332/1332 1347/1347 1333/1333
f 1333/1333 1347/1347 1345/1345
f 1345/1345 1349/1349 1311/1311
f 1311/1311 1349/1349 1312/1312
f 1312/1312 1341/1341 1343/1343
f 1308/1308 1338/1338 1346/1346
f 1341/1341 1336/1336 1334/1334
f 1330/1330 1108/1108 1119/1119
f 1330/1330 1119/1119 1344/1344
f 1344/1344 1119/1119 1120/1120
f 1344/1344 1120/1120 1350/1350
f 1348/1348 1351/1351 1173/1173
f 1351/1351 1172/1172 1173/1173
f 1173/1173 1183/1183 1348/1348
f 1340/1340 1198/1198 1336/1336
f 1335/1335 1267/1267 1292/1292
f 1120/1120 1174/1174 1172/1172
f 1336/1336 1198/1198 1196/1196
f 1336/1336 1196/1196 1335/1335
f 1335/1335 1196/1196 1267/1267
f 1292/1292 1293/1293 955/955
f 1198/1198 1340/1340 1190/1190
f 1292/1292 1338/1338 1335/1335
f 1190/1190 1339/1339 1183/1183
f 1183/1183 1339/1339 1348/1348
f 1351/1351 1350/1350 1172/1172
f 1172/1172 1350/1350 1120/1120
f 1350/1350 1351/1351 1347/1347
f 1347/1347 1351/1351 1348/1348
f 1345/1345 1348/1348 1339/1339
f 1345/1345 1339/1339 1349/1349
f 1349/1349 1339/1339 1340/1340
f 1327/1327 1099/1099 1107/1107
f 1326/1326 1331/1331 1342/1342
f 1302/1302 1311/1311 1312/1312
f 1306/1306 1312/1312 1307/1307
f 1308/1308 1346/1346 1310/1310
f 1317/1317 1076/1076 1090/1090
f 1096/1096 1097/1097 1102/1102
f 1330/1330 1107/1107 1108/1108
f 1288/1288 1291/1291 1282/1282
f 1065/1065 1063/1063 1337/1337
f 1337/1337 1292/1292 1065/1065
f 1152/1152 1292/1292 1267/1267
f 1197/1197 1198/1198 1190/1190
f 1197/1197 1190/1190 1188/1188
f 1189/1189 1190/1190 1183/1183
f 1189/1189 1183/1183 1182/1182
f 1183/1183 1173/1173 1171/1171
f 1120/1120 1118/1118 1175/1175
f 1116/1116 1104/1104 1115/1115
f 1124/1124 1121/1121 1123/1123
f 1352/1352 531/531 1111/1111
f 1111/1111 1112/1112 1352/1352
f 530/530 991/991 1111/1111
f 530/530 1111/1111 531/531
f 666/666 1353/1353 669/669
f 669/669 1353/1353 1354/1354
f 1355/1355 1357/1357 1356/1356
f 1358/1358 1359/1359 1015/1015
f 669/669 1354/1354 1360/1360
f 673/673 1362/1362 1361/1361
f 1363/1363 1358/1358 1364/1364
f 1364/1364 1358/1358 1016/1016
f 1016/1016 1358/1358 1015/1015
f 673/673 1360/1360 1362/1362
f 1365/1365 1361/1361 1366/1366
f 1365/1365 1366/1366 1355/1355
f 1367/1367 1355/1355 1356/1356
f 1367/1367 1356/1356 1368/1368
f 1368/1368 1356/1356 1363/1363
f 1368/1368 1363/1363 1364/1364
f 670/670 1360/1360 673/673
f 677/677 1365/1365 1355/1355
f 677/677 1355/1355 1367/1367
f 1369/1369 1364/1364 1018/1018
f 1018/1018 1364/1364 1016/1016
f 669/669 1360/1360 670/670
f 673/673 1361/1361 1365/1365
f 674/674 1365/1365 677/677
f 679/679 677/677 1367/1367
f 679/679 1367/1367 1368/1368
f 1368/1368 1364/1364 1369/1369
f 679/679 1368/1368 681/681
f 681/681 1368/1368 683/683
f 683/683 1368/1368 1369/1369
f 674/674 673/673 1365/1365
f 683/683 1369/1369 1018/1018
f 683/683 1018/1018 659/659
f 1370/1370 1360/1360 1354/1354
f 531/531 1352/1352 666/666
f 1370/1370 1362/1362 1360/1360
f 1362/1362 1371/1371 1361/1361
f 1361/1361 1371/1371 1366/1366
f 1366/1366 1146/1146 1355/1355
f 1355/1355 1146/1146 1357/1357
f 1363/1363 1373/1373 1372/1372
f 1363/1363 1372/1372 1358/1358
f 1374/1374 1376/1376 1375/1375
f 1374/1374 1375/1375 1373/1373
f 1370/1370 1354/1354 1139/1139
f 1362/1362 1370/1370 1140/1140
f 1140/1140 1370/1370 1139/1139
f 1131/1131 1139/1139 1354/1354
f 1352/1352 1113/1113 666/666
f 1353/1353 1131/1131 1354/1354
f 1131/1131 1353/1353 1113/1113
f 1353/1353 666/666 1113/1113
f 1376/1376 1374/1374 1357/1357
f 1376/1376 1357/1357 1146/1146
f 1145/1145 1371/1371 1140/1140
f 1358/1358 1377/1377 1359/1359
f 1358/1358 1372/1372 1377/1377
f 1362/1362 1140/1140 1371/1371
f 1356/1356 1357/1357 1374/1374
f 1356/1356 1374/1374 1373/1373
f 1356/1356 1373/1373 1363/1363
f 1145/1145 1146/1146 1371/1371
f 1352/1352 1112/1112 1113/1113
f 1146/1146 1366/1366 1371/1371
f 1378/1378 1380/1380 1379/1379
f 981/981 982/982 1380/1380
f 981/981 1380/1380 1378/1378
f 979/979 981/981 1378/1378
f 621/621 979/979 1378/1378
f 621/621 1378/1378 620/620
f 620/620 1378/1378 623/623
f 1381/1381 1378/1378 1379/1379
f 1381/1381 623/623 1378/1378
f 625/625 623/623 1381/1381
f 1382/1382 1381/1381 1379/1379
f 1383/1383 625/625 1381/1381
f 1383/1383 1381/1381 1382/1382
f 1383/1383 627/627 625/625
f 1384/1384 627/627 1383/1383
f 1384/1384 1383/1383 1385/1385
f 1385/1385 1383/1383 1382/1382
f 1386/1386 1384/1384 1385/1385
f 1386/1386 1385/1385 1387/1387
f 630/630 627/627 1384/1384
f 1386/1386 630/630 1384/1384
f 632/632 630/630 1388/1388
f 1388/1388 630/630 1386/1386
f 634/634 632/632 1388/1388
f 1389/1389 1388/1388 1390/1390
f 1389/1389 634/634 1388/1388
f 1391/1391 1389/1389 1390/1390
f 616/616 634/634 1389/1389
f 618/618 616/616 636/636
f 1392/1392 1394/1394 1393/1393
f 1395/1395 1394/1394 1392/1392
f 1396/1396 1395/1395 1392/1392
f 1395/1395 1396/1396 1397/1397
f 1396/1396 557/557 1397/1397
f 792/792 557/557 1396/1396
f 802/802 801/801 1398/1398
f 802/802 1398/1398 1399/1399
f 1399/1399 1398/1398 1400/1400
f 1400/1400 1398/1398 1401/1401
f 1400/1400 1401/1401 1402/1402
f 1402/1402 1401/1401 1403/1403
f 1402/1402 1403/1403 1404/1404
f 1404/1404 1403/1403 1405/1405
f 1404/1404 1405/1405 1406/1406
f 1406/1406 1405/1405 1407/1407
f 1404/1404 1406/1406 1408/1408
f 1409/1409 1411/1411 1410/1410
f 1412/1412 1413/1413 976/976
f 976/976 1413/1413 977/977
f 1408/1408 1415/1415 1414/1414
f 1414/1414 1417/1417 1416/1416
f 1416/1416 1417/1417 1418/1418
f 1416/1416 1418/1418 1419/1419
f 1416/1416 1419/1419 1420/1420
f 1420/1420 1419/1419 1421/1421
f 1420/1420 1421/1421 1409/1409
f 1422/1422 1409/1409 1410/1410
f 1422/1422 1410/1410 1423/1423
f 1402/1402 1404/1404 1408/1408
f 1422/1422 1423/1423 1412/1412
f 1412/1412 976/976 973/973
f 1400/1400 1402/1402 1408/1408
f 1400/1400 1408/1408 1424/1424
f 1424/1424 1408/1408 1414/1414
f 1424/1424 1414/1414 1416/1416
f 1422/1422 1412/1412 787/787
f 787/787 1412/1412 973/973
f 1420/1420 1409/1409 1422/1422
f 795/795 1424/1424 1416/1416
f 795/795 1416/1416 785/785
f 785/785 1416/1416 1420/1420
f 784/784 1420/1420 1422/1422
f 787/787 973/973 971/971
f 1399/1399 1400/1400 1424/1424
f 785/785 1420/1420 784/784
f 1399/1399 1424/1424 795/795
f 787/787 784/784 1422/1422
f 796/796 787/787 971/971
f 802/802 1399/1399 795/795
f 1392/1392 1393/1393 1425/1425
f 1392/1392 1425/1425 1426/1426
f 1427/1427 1429/1429 1428/1428
f 1428/1428 1429/1429 1430/1430
f 1428/1428 1430/1430 1431/1431
f 1432/1432 1433/1433 1403/1403
f 1403/1403 1433/1433 1405/1405
f 1434/1434 1392/1392 1426/1426
f 1434/1434 1426/1426 1435/1435
f 1435/1435 1437/1437 1436/1436
f 1436/1436 1437/1437 1438/1438
f 1436/1436 1438/1438 1439/1439
f 1439/1439 1438/1438 1440/1440
f 1439/1439 1440/1440 1441/1441
f 1439/1439 1441/1441 1442/1442
f 1439/1439 1442/1442 1427/1427
f 1427/1427 1442/1442 1429/1429
f 1428/1428 1431/1431 1432/1432
f 1432/1432 1403/1403 1401/1401
f 1396/1396 1392/1392 1434/1434
f 1434/1434 1435/1435 1436/1436
f 1428/1428 1432/1432 1443/1443
f 1443/1443 1432/1432 1401/1401
f 1443/1443 1401/1401 1398/1398
f 1439/1439 1427/1427 780/780
f 780/780 1427/1427 1428/1428
f 780/780 1428/1428 791/791
f 791/791 1428/1428 1443/1443
f 1396/1396 1434/1434 1436/1436
f 1436/1436 1439/1439 781/781
f 791/791 1443/1443 798/798
f 798/798 1443/1443 1398/1398
f 792/792 1396/1396 1436/1436
f 792/792 1436/1436 781/781
f 781/781 1439/1439 780/780
f 801/801 798/798 1398/1398
f 1444/1444 538/538 1445/1445
f 539/539 538/538 1444/1444
f 541/541 539/539 1446/1446
f 1446/1446 539/539 1444/1444
f 1447/1447 542/542 541/541
f 1447/1447 541/541 1446/1446
f 544/544 542/542 1447/1447
f 1448/1448 544/544 1447/1447
f 1448/1448 1447/1447 1449/1449
f 1448/1448 546/546 544/544
f 548/548 546/546 1448/1448
f 1450/1450 1448/1448 1449/1449
f 548/548 1448/1448 1450/1450
f 552/552 550/550 1451/1451
f 1451/1451 550/550 548/548
f 1451/1451 548/548 1450/1450
f 1451/1451 1450/1450 1452/1452
f 1453/1453 552/552 1451/1451
f 1453/1453 1451/1451 1452/1452
f 553/553 552/552 1453/1453
f 1454/1454 1453/1453 1452/1452
f 1397/1397 555/555 553/553
f 1397/1397 553/553 1453/1453
f 1395/1395 1397/1397 1453/1453
f 1394/1394 1395/1395 1453/1453
f 1394/1394 1453/1453 1454/1454
f 557/557 555/555 1397/1397
f 1455/1455 1456/1456 1379/1379
f 1455/1455 1379/1379 1380/1380
f 1386/1386 1387/1387 1457/1457
f 1386/1386 1457/1457 1388/1388
f 1388/1388 1457/1457 1390/1390
f 1458/1458 616/616 1459/1459
f 1459/1459 616/616 1389/1389
f 1458/1458 636/636 616/616
f 1460/1460 636/636 1458/1458
f 1460/1460 638/638 636/636
f 1461/1461 638/638 1460/1460
f 1462/1462 638/638 1461/1461
f 1391/1391 1459/1459 1389/1389
f 1390/1390 1464/1464 1463/1463
f 1465/1465 1459/1459 1391/1391
f 1391/1391 1463/1463 1465/1465
f 1460/1460 1458/1458 1465/1465
f 1465/1465 1458/1458 1459/1459
f 1460/1460 1465/1465 1466/1466
f 1467/1467 1468/1468 1387/1387
f 1456/1456 1470/1470 1469/1469
f 1387/1387 1468/1468 1471/1471
f 1469/1469 1470/1470 1467/1467
f 1391/1391 1390/1390 1463/1463
f 1464/1464 1390/1390 1457/1457
f 1464/1464 1457/1457 1471/1471
f 1471/1471 1457/1457 1387/1387
f 1472/1472 1473/1473 982/982
f 1473/1473 1380/1380 982/982
f 1380/1380 1473/1473 1474/1474
f 1380/1380 1474/1474 1455/1455
f 1379/1379 1456/1456 1382/1382
f 1382/1382 1456/1456 1469/1469
f 1382/1382 1469/1469 1467/1467
f 1382/1382 1467/1467 1385/1385
f 1385/1385 1467/1467 1387/1387
f 1466/1466 1461/1461 1460/1460
f 638/638 1462/1462 880/880
f 492/492 1475/1475 882/882
f 1475/1475 492/492 690/690
f 1475/1475 690/690 1476/1476
f 1476/1476 690/690 688/688
f 1476/1476 688/688 881/881
f 1476/1476 881/881 1477/1477
f 1478/1478 1477/1477 881/881
f 880/880 1478/1478 881/881
f 880/880 1462/1462 1478/1478
f 1479/1479 1276/1276 1277/1277
f 891/891 897/897 1480/1480
f 1480/1480 897/897 1481/1481
f 1482/1482 891/891 1480/1480
f 890/890 891/891 1482/1482
f 1483/1483 890/890 1482/1482
f 888/888 890/890 1483/1483
f 892/892 888/888 1484/1484
f 1484/1484 888/888 1483/1483
f 1484/1484 908/908 892/892
f 912/912 908/908 1484/1484
f 1485/1485 909/909 912/912
f 913/913 909/909 1485/1485
f 1486/1486 913/913 1485/1485
f 1487/1487 910/910 1486/1486
f 1486/1486 910/910 913/913
f 1488/1488 901/901 1487/1487
f 1487/1487 901/901 910/910
f 901/901 1488/1488 1489/1489
f 1489/1489 902/902 901/901
f 902/902 1489/1489 1490/1490
f 902/902 1490/1490 900/900
f 900/900 1490/1490 1491/1491
f 900/900 1491/1491 903/903
f 903/903 1491/1491 1492/1492
f 1492/1492 905/905 903/903
f 1493/1493 905/905 1492/1492
f 905/905 1493/1493 904/904
f 904/904 1493/1493 1494/1494
f 904/904 1494/1494 1495/1495
f 904/904 1495/1495 1496/1496
f 904/904 1496/1496 924/924
f 1497/1497 924/924 1496/1496
f 1498/1498 925/925 924/924
f 924/924 1497/1497 1498/1498
f 925/925 1498/1498 1499/1499
f 1499/1499 921/921 925/925
f 921/921 1499/1499 1500/1500
f 1500/1500 923/923 921/921
f 929/929 1280/1280 1286/1286
f 1500/1500 929/929 923/923
f 936/936 929/929 1283/1283
f 1283/1283 929/929 1286/1286
f 1281/1281 935/935 1283/1283
f 1283/1283 935/935 936/936
f 1285/1285 935/935 1281/1281
f 1284/1284 937/937 1285/1285
f 1285/1285 937/937 935/935
f 950/950 937/937 1289/1289
f 1289/1289 937/937 1284/1284
f 1064/1064 950/950 1289/1289
f 1064/1064 948/948 950/950
f 1064/1064 1065/1065 954/954
f 954/954 948/948 1064/1064
f 1065/1065 955/955 954/954
f 1293/1293 952/952 953/953
f 1293/1293 953/953 955/955
f 1152/1152 952/952 1293/1293
f 1152/1152 944/944 952/952
f 1153/1153 944/944 1152/1152
f 944/944 1153/1153 942/942
f 942/942 1153/1153 1254/1254
f 942/942 1254/1254 943/943
f 943/943 1254/1254 1150/1150
f 1151/1151 941/941 1150/1150
f 1150/1150 941/941 943/943
f 1151/1151 947/947 941/941
f 1155/1155 945/945 947/947
f 1155/1155 947/947 1151/1151
f 1158/1158 945/945 1155/1155
f 1161/1161 945/945 1158/1158
f 1161/1161 965/965 945/945
f 1169/1169 965/965 1161/1161
f 965/965 1169/1169 958/958
f 958/958 1169/1169 1240/1240
f 1242/1242 963/963 958/958
f 1242/1242 958/958 1240/1240
f 1271/1271 883/883 882/882
f 1271/1271 882/882 1501/1501
f 1271/1271 1501/1501 1259/1259
f 1259/1259 1501/1501 1502/1502
f 897/897 963/963 1481/1481
f 1481/1481 963/963 1242/1242
f 1481/1481 1242/1242 1503/1503
f 1503/1503 1242/1242 1248/1248
f 1503/1503 1248/1248 1260/1260
f 1503/1503 1260/1260 1502/1502
f 1502/1502 1260/1260 1259/1259
f 1280/1280 929/929 1500/1500
f 1280/1280 1500/1500 1279/1279
f 1279/1279 1500/1500 1504/1504
f 1279/1279 1504/1504 1277/1277
f 1277/1277 1504/1504 1505/1505
f 1277/1277 1505/1505 1479/1479
f 1276/1276 1479/1479 1506/1506
f 968/968 967/967 1506/1506
f 1506/1506 967/967 1276/1276
f 1507/1507 970/970 1508/1508
f 1508/1508 970/970 1509/1509
f 1509/1509 970/970 745/745
f 969/969 1509/1509 745/745
f 969/969 1510/1510 1509/1509
f 746/746 1510/1510 969/969
f 1510/1510 746/746 1511/1511
f 1511/1511 746/746 752/752
f 1511/1511 752/752 1512/1512
f 1512/1512 752/752 521/521
f 1512/1512 521/521 968/968
f 1513/1513 532/532 1514/1514
f 1514/1514 1515/1515 1513/1513
f 970/970 1516/1516 1514/1514
f 970/970 1514/1514 532/532
f 970/970 1507/1507 1516/1516
f 1446/1446 1518/1518 1517/1517
f 1445/1445 538/538 1519/1519
f 1519/1519 538/538 536/536
f 1444/1444 1520/1520 1446/1446
f 1446/1446 1517/1517 1447/1447
f 1447/1447 1517/1517 1521/1521
f 1447/1447 1521/1521 1449/1449
f 1522/1522 1450/1450 1449/1449
f 1452/1452 1523/1523 1454/1454
f 1394/1394 1454/1454 1524/1524
f 1444/1444 1445/1445 1520/1520
f 1519/1519 536/536 1525/1525
f 1526/1526 1520/1520 1445/1445
f 1526/1526 1445/1445 1527/1527
f 1445/1445 1519/1519 1527/1527
f 1519/1519 1525/1525 1527/1527
f 536/536 1528/1528 1525/1525
f 1526/1526 1518/1518 1520/1520
f 1520/1520 1518/1518 1446/1446
f 1515/1515 1528/1528 1513/1513
f 1513/1513 1528/1528 535/535
f 1513/1513 535/535 532/532
f 535/535 1528/1528 536/536
f 1523/1523 1452/1452 1529/1529
f 1522/1522 1531/1531 1530/1530
f 1532/1532 1531/1531 1521/1521
f 1532/1532 1521/1521 1517/1517
f 1454/1454 1523/1523 1533/1533
f 1454/1454 1533/1533 1524/1524
f 1449/1449 1521/1521 1531/1531
f 1449/1449 1531/1531 1522/1522
f 1450/1450 1522/1522 1452/1452
f 1452/1452 1522/1522 1529/1529
f 1534/1534 1475/1475 1476/1476
f 1535/1535 882/882 1475/1475
f 1536/1536 1509/1509 1510/1510
f 1537/1537 1539/1539 1538/1538
f 1540/1540 1542/1542 1541/1541
f 1467/1467 1543/1543 1468/1468
f 1467/1467 1470/1470 1543/1543
f 1515/1515 1545/1545 1544/1544
f 1546/1546 1532/1532 1547/1547
f 1547/1547 1532/1532 1517/1517
f 1531/1531 1532/1532 1548/1548
f 1549/1549 1527/1527 1525/1525
f 1549/1549 1550/1550 1527/1527
f 1528/1528 1515/1515 1549/1549
f 1525/1525 1528/1528 1549/1549
f 1551/1551 1552/1552 1550/1550
f 1551/1551 1550/1550 1549/1549
f 1550/1550 1553/1553 1527/1527
f 1554/1554 1552/1552 1555/1555
f 1555/1555 1552/1552 1551/1551
f 1556/1556 1557/1557 1539/1539
f 1546/1546 1537/1537 1548/1548
f 1558/1558 1554/1554 1555/1555
f 1551/1551 1549/1549 1544/1544
f 1549/1549 1515/1515 1544/1544
f 1550/1550 1552/1552 1553/1553
f 1552/1552 1554/1554 1553/1553
f 1553/1553 1526/1526 1527/1527
f 1559/1559 1554/1554 1558/1558
f 1558/1558 1555/1555 1551/1551
f 1558/1558 1560/1560 1559/1559
f 1561/1561 1551/1551 1544/1544
f 1515/1515 1514/1514 1545/1545
f 1562/1562 1560/1560 1558/1558
f 1563/1563 1558/1558 1551/1551
f 1563/1563 1551/1551 1561/1561
f 1564/1564 1559/1559 1560/1560
f 1537/1537 1565/1565 1539/1539
f 1557/1557 1556/1556 1541/1541
f 1546/1546 1565/1565 1537/1537
f 1541/1541 1556/1556 1540/1540
f 1542/1542 1540/1540 1566/1566
f 1562/1562 1558/1558 1563/1563
f 1562/1562 1567/1567 1560/1560
f 1560/1560 1568/1568 1564/1564
f 1562/1562 1563/1563 1569/1569
f 1562/1562 1569/1569 1567/1567
f 1544/1544 1570/1570 1561/1561
f 1560/1560 1567/1567 1568/1568
f 1564/1564 1568/1568 1571/1571
f 1567/1567 1572/1572 1568/1568
f 1570/1570 1573/1573 1561/1561
f 1561/1561 1573/1573 1563/1563
f 1563/1563 1573/1573 1574/1574
f 1544/1544 1545/1545 1570/1570
f 1563/1563 1574/1574 1569/1569
f 1559/1559 1540/1540 1554/1554
f 1575/1575 1576/1576 1571/1571
f 1554/1554 1540/1540 1577/1577
f 1526/1526 1547/1547 1518/1518
f 1571/1571 1568/1568 1575/1575
f 1569/1569 1578/1578 1567/1567
f 1568/1568 1572/1572 1575/1575
f 1569/1569 1574/1574 1578/1578
f 1567/1567 1578/1578 1579/1579
f 1567/1567 1579/1579 1572/1572
f 1576/1576 1575/1575 1580/1580
f 1574/1574 1581/1581 1578/1578
f 1572/1572 1579/1579 1582/1582
f 1572/1572 1583/1583 1575/1575
f 1576/1576 1585/1585 1584/1584
f 1576/1576 1584/1584 1586/1586
f 1566/1566 1586/1586 1542/1542
f 1532/1532 1546/1546 1548/1548
f 1587/1587 1589/1589 1588/1588
f 1588/1588 1589/1589 1590/1590
f 1588/1588 1590/1590 1591/1591
f 1591/1591 1590/1590 1592/1592
f 1462/1462 1594/1594 1593/1593
f 1594/1594 1461/1461 1595/1595
f 1594/1594 1462/1462 1461/1461
f 1466/1466 1596/1596 1461/1461
f 1597/1597 1598/1598 1588/1588
f 1597/1597 1588/1588 1591/1591
f 1591/1591 1592/1592 1599/1599
f 1600/1600 1591/1591 1599/1599
f 1600/1600 1599/1599 1601/1601
f 1602/1602 1604/1604 1603/1603
f 1546/1546 1547/1547 1565/1565
f 1556/1556 1577/1577 1540/1540
f 1585/1585 1576/1576 1580/1580
f 1585/1585 1580/1580 1605/1605
f 1571/1571 1586/1586 1566/1566
f 1559/1559 1566/1566 1540/1540
f 1518/1518 1547/1547 1517/1517
f 1539/1539 1577/1577 1556/1556
f 1572/1572 1582/1582 1583/1583
f 1575/1575 1583/1583 1606/1606
f 1575/1575 1606/1606 1580/1580
f 1607/1607 1605/1605 1580/1580
f 1576/1576 1586/1586 1571/1571
f 1564/1564 1571/1571 1566/1566
f 1564/1564 1566/1566 1559/1559
f 1554/1554 1577/1577 1553/1553
f 1553/1553 1547/1547 1526/1526
f 1565/1565 1547/1547 1553/1553
f 1565/1565 1553/1553 1539/1539
f 1539/1539 1553/1553 1577/1577
f 1578/1578 1581/1581 1579/1579
f 1606/1606 1608/1608 1580/1580
f 1605/1605 1607/1607 1609/1609
f 1582/1582 1610/1610 1583/1583
f 1579/1579 1611/1611 1582/1582
f 1583/1583 1612/1612 1606/1606
f 1580/1580 1608/1608 1607/1607
f 1581/1581 1613/1613 1579/1579
f 1579/1579 1613/1613 1614/1614
f 1579/1579 1614/1614 1611/1611
f 1582/1582 1611/1611 1615/1615
f 1583/1583 1610/1610 1612/1612
f 1606/1606 1612/1612 1616/1616
f 1606/1606 1616/1616 1608/1608
f 1582/1582 1615/1615 1610/1610
f 1616/1616 1617/1617 1608/1608
f 1609/1609 1617/1617 1618/1618
f 1619/1619 1618/1618 1620/1620
f 1608/1608 1617/1617 1607/1607
f 1607/1607 1617/1617 1609/1609
f 1619/1619 1609/1609 1618/1618
f 1614/1614 1621/1621 1611/1611
f 1616/1616 1622/1622 1617/1617
f 1610/1610 1623/1623 1612/1612
f 1612/1612 1622/1622 1616/1616
f 1621/1621 1624/1624 1611/1611
f 1611/1611 1624/1624 1615/1615
f 1610/1610 1615/1615 1623/1623
f 1617/1617 1622/1622 1625/1625
f 1617/1617 1625/1625 1618/1618
f 1620/1620 1618/1618 1626/1626
f 1622/1622 1628/1628 1627/1627
f 1622/1622 1629/1629 1625/1625
f 1612/1612 1623/1623 1628/1628
f 1612/1612 1628/1628 1622/1622
f 1624/1624 1630/1630 1615/1615
f 1615/1615 1630/1630 1623/1623
f 1618/1618 1631/1631 1626/1626
f 1628/1628 1602/1602 1627/1627
f 1625/1625 1632/1632 1618/1618
f 1618/1618 1632/1632 1631/1631
f 1623/1623 1633/1633 1628/1628
f 1622/1622 1627/1627 1629/1629
f 1595/1595 1597/1597 1591/1591
f 1595/1595 1591/1591 1600/1600
f 1595/1595 1461/1461 1596/1596
f 1634/1634 1597/1597 1595/1595
f 1635/1635 1598/1598 1634/1634
f 1634/1634 1598/1598 1597/1597
f 1595/1595 1600/1600 1594/1594
f 1466/1466 1465/1465 1596/1596
f 1596/1596 1634/1634 1595/1595
f 1465/1465 1636/1636 1596/1596
f 1636/1636 1465/1465 1463/1463
f 1630/1630 1633/1633 1623/1623
f 1626/1626 1638/1638 1637/1637
f 1633/1633 1640/1640 1639/1639
f 1641/1641 1604/1604 1602/1602
f 1633/1633 1641/1641 1628/1628
f 1628/1628 1641/1641 1602/1602
f 1629/1629 1602/1602 1603/1603
f 1642/1642 1626/1626 1637/1637
f 1642/1642 1637/1637 1643/1643
f 1630/1630 1640/1640 1633/1633
f 1627/1627 1602/1602 1629/1629
f 1625/1625 1629/1629 1632/1632
f 1626/1626 1631/1631 1638/1638
f 1633/1633 1639/1639 1641/1641
f 1629/1629 1603/1603 1632/1632
f 1643/1643 1637/1637 1644/1644
f 1645/1645 1638/1638 1631/1631
f 1641/1641 1646/1646 1604/1604
f 1604/1604 1647/1647 1603/1603
f 1632/1632 1645/1645 1631/1631
f 1638/1638 1648/1648 1637/1637
f 1637/1637 1650/1650 1649/1649
f 1637/1637 1649/1649 1644/1644
f 1644/1644 1649/1649 1651/1651
f 1632/1632 1652/1652 1645/1645
f 1638/1638 1645/1645 1648/1648
f 1637/1637 1648/1648 1650/1650
f 1604/1604 1646/1646 1647/1647
f 1647/1647 1646/1646 1589/1589
f 1647/1647 1587/1587 1603/1603
f 1652/1652 1598/1598 1645/1645
f 1645/1645 1635/1635 1648/1648
f 1641/1641 1639/1639 1646/1646
f 1632/1632 1603/1603 1652/1652
f 1603/1603 1587/1587 1652/1652
f 1596/1596 1636/1636 1634/1634
f 1653/1653 1636/1636 1463/1463
f 1636/1636 1635/1635 1634/1634
f 1649/1649 1464/1464 1471/1471
f 1650/1650 1464/1464 1649/1649
f 1635/1635 1636/1636 1653/1653
f 1650/1650 1653/1653 1463/1463
f 1650/1650 1463/1463 1464/1464
f 1649/1649 1471/1471 1651/1651
f 1468/1468 1651/1651 1471/1471
f 1639/1639 1654/1654 1646/1646
f 1648/1648 1653/1653 1650/1650
f 1654/1654 1589/1589 1646/1646
f 1589/1589 1587/1587 1647/1647
f 1587/1587 1588/1588 1598/1598
f 1645/1645 1598/1598 1635/1635
f 1648/1648 1635/1635 1653/1653
f 1587/1587 1598/1598 1652/1652
f 1655/1655 1656/1656 1488/1488
f 1655/1655 1488/1488 1487/1487
f 1655/1655 1487/1487 1486/1486
f 912/912 1484/1484 1657/1657
f 1658/1658 1660/1660 1659/1659
f 1659/1659 1660/1660 1639/1639
f 1659/1659 1639/1639 1640/1640
f 1661/1661 1662/1662 1590/1590
f 1661/1661 1590/1590 1663/1663
f 1662/1662 1661/1661 1664/1664
f 1654/1654 1663/1663 1590/1590
f 1599/1599 1592/1592 1662/1662
f 1501/1501 882/882 1535/1535
f 1501/1501 1535/1535 1502/1502
f 1502/1502 1535/1535 1503/1503
f 1481/1481 1503/1503 1665/1665
f 1535/1535 1665/1665 1503/1503
f 1481/1481 1666/1666 1480/1480
f 1481/1481 1665/1665 1666/1666
f 1480/1480 1666/1666 1482/1482
f 1483/1483 1482/1482 1667/1667
f 1483/1483 1668/1668 1484/1484
f 1484/1484 1668/1668 1657/1657
f 1482/1482 1666/1666 1669/1669
f 1483/1483 1667/1667 1668/1668
f 1657/1657 1485/1485 912/912
f 1665/1665 1535/1535 1670/1670
f 1670/1670 1535/1535 1671/1671
f 1671/1671 1535/1535 1475/1475
f 1666/1666 1672/1672 1669/1669
f 1482/1482 1669/1669 1667/1667
f 1486/1486 1485/1485 1673/1673
f 1673/1673 1485/1485 1657/1657
f 1674/1674 1667/1667 1669/1669
f 1675/1675 1666/1666 1665/1665
f 1675/1675 1665/1665 1670/1670
f 1671/1671 1475/1475 1534/1534
f 1668/1668 1667/1667 1674/1674
f 1673/1673 1657/1657 1668/1668
f 1672/1672 1674/1674 1669/1669
f 1676/1676 1672/1672 1666/1666
f 1601/1601 1677/1677 1593/1593
f 1677/1677 1601/1601 1599/1599
f 1677/1677 1599/1599 1678/1678
f 1678/1678 1599/1599 1662/1662
f 1594/1594 1601/1601 1593/1593
f 1679/1679 1593/1593 1680/1680
f 1679/1679 1462/1462 1593/1593
f 1510/1510 1511/1511 1681/1681
f 1682/1682 1494/1494 1493/1493
f 1497/1497 1496/1496 1495/1495
f 1495/1495 1494/1494 1682/1682
f 1682/1682 1493/1493 1683/1683
f 1497/1497 1495/1495 1682/1682
f 1684/1684 1491/1491 1490/1490
f 1685/1685 1486/1486 1673/1673
f 1686/1686 1668/1668 1674/1674
f 1676/1676 1666/1666 1675/1675
f 1675/1675 1670/1670 1687/1687
f 1687/1687 1670/1670 1671/1671
f 1656/1656 1688/1688 1488/1488
f 1689/1689 1688/1688 1656/1656
f 1656/1656 1655/1655 1690/1690
f 1691/1691 1672/1672 1676/1676
f 1684/1684 1688/1688 1689/1689
f 1692/1692 1672/1672 1691/1691
f 1693/1693 1687/1687 1534/1534
f 1690/1690 1655/1655 1685/1685
f 1686/1686 1674/1674 1694/1694
f 1694/1694 1674/1674 1695/1695
f 1695/1695 1674/1674 1672/1672
f 1691/1691 1676/1676 1675/1675
f 1687/1687 1671/1671 1534/1534
f 1696/1696 1534/1534 1476/1476
f 1684/1684 1490/1490 1688/1688
f 1655/1655 1486/1486 1685/1685
f 1673/1673 1668/1668 1686/1686
f 1492/1492 1491/1491 1683/1683
f 1683/1683 1491/1491 1684/1684
f 1689/1689 1656/1656 1697/1697
f 1693/1693 1534/1534 1696/1696
f 1698/1698 1689/1689 1697/1697
f 1699/1699 1686/1686 1694/1694
f 1700/1700 1694/1694 1695/1695
f 1693/1693 1696/1696 1701/1701
f 1478/1478 1696/1696 1477/1477
f 1690/1690 1685/1685 1702/1702
f 1691/1691 1675/1675 1703/1703
f 1703/1703 1687/1687 1693/1693
f 1704/1704 1689/1689 1698/1698
f 1698/1698 1697/1697 1705/1705
f 1705/1705 1697/1697 1690/1690
f 1701/1701 1696/1696 1706/1706
f 1706/1706 1696/1696 1478/1478
f 1707/1707 1702/1702 1708/1708
f 1708/1708 1702/1702 1699/1699
f 1683/1683 1684/1684 1704/1704
f 1705/1705 1690/1690 1707/1707
f 1700/1700 1695/1695 1692/1692
f 1709/1709 1692/1692 1691/1691
f 1704/1704 1684/1684 1689/1689
f 1707/1707 1690/1690 1702/1702
f 1702/1702 1686/1686 1699/1699
f 1699/1699 1694/1694 1700/1700
f 1709/1709 1691/1691 1703/1703
f 1697/1697 1656/1656 1690/1690
f 1702/1702 1685/1685 1673/1673
f 1702/1702 1673/1673 1686/1686
f 1695/1695 1672/1672 1692/1692
f 1703/1703 1675/1675 1687/1687
f 1696/1696 1476/1476 1477/1477
f 1492/1492 1683/1683 1493/1493
f 1688/1688 1490/1490 1489/1489
f 1488/1488 1688/1688 1489/1489
f 1545/1545 1514/1514 1710/1710
f 1710/1710 1514/1514 1516/1516
f 1711/1711 1683/1683 1704/1704
f 1712/1712 1707/1707 1708/1708
f 1713/1713 1692/1692 1709/1709
f 1714/1714 1706/1706 1478/1478
f 1504/1504 1500/1500 1715/1715
f 1500/1500 1499/1499 1716/1716
f 1708/1708 1699/1699 1717/1717
f 1717/1717 1699/1699 1700/1700
f 1718/1718 1709/1709 1703/1703
f 1499/1499 1498/1498 1719/1719
f 1719/1719 1498/1498 1497/1497
f 1720/1720 1682/1682 1683/1683
f 1720/1720 1683/1683 1711/1711
f 1704/1704 1698/1698 1721/1721
f 1721/1721 1698/1698 1722/1722
f 1723/1723 1700/1700 1692/1692
f 1723/1723 1692/1692 1713/1713
f 1724/1724 1703/1703 1701/1701
f 1716/1716 1499/1499 1719/1719
f 1725/1725 1497/1497 1726/1726
f 1726/1726 1497/1497 1682/1682
f 1726/1726 1682/1682 1720/1720
f 1727/1727 1722/1722 1705/1705
f 1727/1727 1712/1712 1728/1728
f 1712/1712 1708/1708 1728/1728
f 1717/1717 1700/1700 1723/1723
f 1713/1713 1709/1709 1718/1718
f 1718/1718 1703/1703 1724/1724
f 1729/1729 1720/1720 1711/1711
f 1721/1721 1729/1729 1704/1704
f 1730/1730 1728/1728 1708/1708
f 1730/1730 1708/1708 1717/1717
f 1462/1462 1714/1714 1478/1478
f 1715/1715 1500/1500 1716/1716
f 1725/1725 1719/1719 1497/1497
f 1729/1729 1711/1711 1704/1704
f 1727/1727 1705/1705 1712/1712
f 1724/1724 1706/1706 1731/1731
f 1731/1731 1706/1706 1714/1714
f 1715/1715 1716/1716 1719/1719
f 1732/1732 1721/1721 1722/1722
f 1730/1730 1717/1717 1733/1733
f 1733/1733 1717/1717 1723/1723
f 1734/1734 1719/1719 1725/1725
f 1735/1735 1728/1728 1730/1730
f 1736/1736 1730/1730 1733/1733
f 1677/1677 1718/1718 1724/1724
f 1679/1679 1731/1731 1714/1714
f 1737/1737 1726/1726 1720/1720
f 1737/1737 1720/1720 1729/1729
f 1738/1738 1729/1729 1721/1721
f 1722/1722 1727/1727 1739/1739
f 1739/1739 1727/1727 1740/1740
f 1740/1740 1728/1728 1735/1735
f 1723/1723 1713/1713 1678/1678
f 1678/1678 1713/1713 1718/1718
f 1680/1680 1724/1724 1731/1731
f 1512/1512 1479/1479 1741/1741
f 1742/1742 1715/1715 1743/1743
f 1743/1743 1719/1719 1734/1734
f 1744/1744 1726/1726 1737/1737
f 1737/1737 1729/1729 1738/1738
f 1733/1733 1723/1723 1664/1664
f 1664/1664 1723/1723 1678/1678
f 1678/1678 1718/1718 1677/1677
f 1679/1679 1714/1714 1462/1462
f 1745/1745 1742/1742 1743/1743
f 1734/1734 1725/1725 1746/1746
f 1746/1746 1725/1725 1744/1744
f 1747/1747 1738/1738 1732/1732
f 1748/1748 1740/1740 1749/1749
f 1749/1749 1740/1740 1735/1735
f 1680/1680 1731/1731 1679/1679
f 968/968 1506/1506 1512/1512
f 1512/1512 1506/1506 1479/1479
f 1741/1741 1479/1479 1742/1742
f 1743/1743 1715/1715 1719/1719
f 1744/1744 1725/1725 1726/1726
f 1738/1738 1721/1721 1732/1732
f 1732/1732 1722/1722 1739/1739
f 1736/1736 1735/1735 1730/1730
f 1677/1677 1724/1724 1680/1680
f 1479/1479 1505/1505 1742/1742
f 1742/1742 1505/1505 1504/1504
f 1742/1742 1504/1504 1715/1715
f 1727/1727 1728/1728 1740/1740
f 1507/1507 1508/1508 1750/1750
f 1570/1570 1545/1545 1710/1710
f 1573/1573 1570/1570 1751/1751
f 1751/1751 1570/1570 1710/1710
f 1752/1752 1573/1573 1751/1751
f 1752/1752 1574/1574 1573/1573
f 1753/1753 1574/1574 1752/1752
f 1754/1754 1710/1710 1516/1516
f 1754/1754 1516/1516 1507/1507
f 1751/1751 1710/1710 1754/1754
f 1754/1754 1507/1507 1750/1750
f 1613/1613 1753/1753 1755/1755
f 1756/1756 1743/1743 1734/1734
f 1744/1744 1737/1737 1738/1738
f 1757/1757 1738/1738 1747/1747
f 1758/1758 1732/1732 1739/1739
f 1749/1749 1735/1735 1658/1658
f 1661/1661 1733/1733 1664/1664
f 1680/1680 1593/1593 1677/1677
f 1678/1678 1662/1662 1664/1664
f 1744/1744 1738/1738 1746/1746
f 1743/1743 1756/1756 1745/1745
f 1748/1748 1758/1758 1739/1739
f 1732/1732 1758/1758 1747/1747
f 1759/1759 1760/1760 1755/1755
f 1761/1761 1745/1745 1756/1756
f 1758/1758 1748/1748 1762/1762
f 1763/1763 1748/1748 1659/1659
f 1659/1659 1748/1748 1749/1749
f 1659/1659 1749/1749 1658/1658
f 1663/1663 1736/1736 1661/1661
f 1660/1660 1658/1658 1663/1663
f 1663/1663 1658/1658 1736/1736
f 1748/1748 1763/1763 1762/1762
f 1758/1758 1764/1764 1747/1747
f 1746/1746 1760/1760 1765/1765
f 1765/1765 1766/1766 1756/1756
f 1741/1741 1681/1681 1511/1511
f 1757/1757 1760/1760 1738/1738
f 1738/1738 1760/1760 1746/1746
f 1746/1746 1765/1765 1734/1734
f 1734/1734 1765/1765 1756/1756
f 1745/1745 1681/1681 1741/1741
f 1755/1755 1753/1753 1759/1759
f 1753/1753 1752/1752 1767/1767
f 1767/1767 1752/1752 1768/1768
f 1769/1769 1624/1624 1621/1621
f 1770/1770 1754/1754 1771/1771
f 1772/1772 1613/1613 1755/1755
f 1768/1768 1751/1751 1770/1770
f 1770/1770 1751/1751 1754/1754
f 1759/1759 1753/1753 1767/1767
f 1768/1768 1752/1752 1751/1751
f 1621/1621 1613/1613 1772/1772
f 1771/1771 1754/1754 1750/1750
f 1771/1771 1750/1750 1508/1508
f 1769/1769 1621/1621 1772/1772
f 1773/1773 1768/1768 1770/1770
f 1771/1771 1508/1508 1509/1509
f 1769/1769 1772/1772 1764/1764
f 1766/1766 1773/1773 1770/1770
f 1766/1766 1770/1770 1771/1771
f 1536/1536 1771/1771 1509/1509
f 1659/1659 1640/1640 1763/1763
f 1756/1756 1766/1766 1761/1761
f 1745/1745 1761/1761 1536/1536
f 1745/1745 1536/1536 1681/1681
f 1769/1769 1762/1762 1763/1763
f 1630/1630 1624/1624 1769/1769
f 1764/1764 1772/1772 1755/1755
f 1767/1767 1768/1768 1773/1773
f 1763/1763 1630/1630 1769/1769
f 1640/1640 1630/1630 1763/1763
f 1762/1762 1769/1769 1764/1764
f 1760/1760 1759/1759 1765/1765
f 1759/1759 1767/1767 1765/1765
f 1761/1761 1771/1771 1536/1536
f 1764/1764 1755/1755 1757/1757
f 1757/1757 1755/1755 1760/1760
f 1765/1765 1767/1767 1773/1773
f 1766/1766 1771/1771 1761/1761
f 1510/1510 1681/1681 1536/1536
f 1773/1773 1766/1766 1765/1765
f 1764/1764 1758/1758 1762/1762
f 1747/1747 1764/1764 1757/1757
f 1511/1511 1512/1512 1741/1741
f 1741/1741 1742/1742 1745/1745
f 1739/1739 1740/1740 1748/1748
f 1658/1658 1735/1735 1736/1736
f 1736/1736 1733/1733 1661/1661
f 1722/1722 1698/1698 1705/1705
f 1712/1712 1705/1705 1707/1707
f 1703/1703 1693/1693 1701/1701
f 1724/1724 1701/1701 1706/1706
f 1601/1601 1594/1594 1600/1600
f 1662/1662 1592/1592 1590/1590
f 1654/1654 1590/1590 1589/1589
f 1663/1663 1654/1654 1639/1639
f 1663/1663 1639/1639 1660/1660
f 1621/1621 1614/1614 1613/1613
f 1613/1613 1581/1581 1753/1753
f 1753/1753 1581/1581 1574/1574
f 1774/1774 997/997 1775/1775
f 1774/1774 999/999 997/997
f 1776/1776 1005/1005 1006/1006
f 1005/1005 1776/1776 1777/1777
f 1007/1007 1777/1777 1778/1778
f 1008/1008 1007/1007 1778/1778
f 773/773 1009/1009 1779/1779
f 773/773 1779/1779 777/777
f 777/777 1779/1779 1780/1780
f 777/777 1780/1780 779/779
f 779/779 1780/1780 1085/1085
f 779/779 1085/1085 754/754
f 1012/1012 754/754 1085/1085
f 1778/1778 1009/1009 1008/1008
f 1778/1778 1088/1088 1009/1009
f 1084/1084 1009/1009 1088/1088
f 1779/1779 1009/1009 1780/1780
f 1780/1780 1009/1009 1084/1084
f 1085/1085 1780/1780 1084/1084
f 1781/1781 1077/1077 1078/1078
f 1080/1080 1006/1006 1078/1078
f 1068/1068 1777/1777 1067/1067
f 1067/1067 1777/1777 1776/1776
f 1067/1067 1776/1776 1080/1080
f 1080/1080 1776/1776 1006/1006
f 1778/1778 1777/1777 1068/1068
f 1782/1782 1783/1783 975/975
f 1783/1783 997/997 975/975
f 997/997 1783/1783 1775/1775
f 1005/1005 1777/1777 1007/1007
f 999/999 1774/1774 1781/1781
f 999/999 1781/1781 1001/1001
f 1001/1001 1781/1781 1003/1003
f 1003/1003 1781/1781 1078/1078
f 1003/1003 1078/1078 1006/1006
f 1003/1003 1006/1006 1004/1004
f 1778/1778 1068/1068 1088/1088
f 1784/1784 1786/1786 1785/1785
f 1787/1787 1785/1785 1788/1788
f 1789/1789 1791/1791 1790/1790
f 1790/1790 1792/1792 1789/1789
f 1792/1792 1790/1790 1793/1793
f 1793/1793 1790/1790 1794/1794
f 1794/1794 1790/1790 1785/1785
f 1795/1795 1785/1785 1796/1796
f 1796/1796 1785/1785 1790/1790
f 1796/1796 1790/1790 1797/1797
f 1794/1794 1785/1785 1787/1787
f 1785/1785 1798/1798 1784/1784
f 1797/1797 1790/1790 1799/1799
f 1800/1800 1790/1790 1791/1791
f 1785/1785 1786/1786 1788/1788
f 1801/1801 1798/1798 1785/1785
f 1801/1801 1785/1785 1795/1795
f 1800/1800 1799/1799 1790/1790
f 1802/1802 1784/1784 1798/1798
f 1801/1801 1795/1795 1803/1803
f 1804/1804 1806/1806 1805/1805
f 1804/1804 1805/1805 1807/1807
f 1808/1808 1807/1807 1809/1809
f 1810/1810 1812/1812 1811/1811
f 1813/1813 1815/1815 1814/1814
f 1813/1813 1814/1814 1816/1816
f 1817/1817 1809/1809 1818/1818
f 1817/1817 1818/1818 1819/1819
f 1820/1820 1822/1822 1821/1821
f 1820/1820 1821/1821 1812/1812
f 1805/1805 1823/1823 1807/1807
f 1807/1807 1824/1824 1809/1809
f 1819/1819 1818/1818 1825/1825
f 1819/1819 1825/1825 1822/1822
f 1815/1815 1811/1811 1826/1826
f 1815/1815 1826/1826 1814/1814
f 1814/1814 1826/1826 1827/1827
f 1807/1807 1823/1823 1824/1824
f 1809/1809 1824/1824 1818/1818
f 1823/1823 1828/1828 1824/1824
f 1822/1822 1829/1829 1821/1821
f 1812/1812 1821/1821 1830/1830
f 1812/1812 1830/1830 1811/1811
f 1811/1811 1830/1830 1831/1831
f 1811/1811 1831/1831 1826/1826
f 1825/1825 1829/1829 1822/1822
f 1821/1821 1829/1829 1830/1830
f 1828/1828 1832/1832 1824/1824
f 1824/1824 1832/1832 1833/1833
f 1824/1824 1833/1833 1834/1834
f 1824/1824 1834/1834 1818/1818
f 1818/1818 1834/1834 1825/1825
f 1825/1825 1834/1834 1798/1798
f 1825/1825 1798/1798 1829/1829
f 1830/1830 1829/1829 1801/1801
f 1830/1830 1801/1801 1835/1835
f 1830/1830 1835/1835 1831/1831
f 1831/1831 1835/1835 1836/1836
f 1833/1833 1837/1837 1834/1834
f 1829/1829 1798/1798 1801/1801
f 1837/1837 1802/1802 1834/1834
f 1835/1835 1801/1801 1803/1803
f 1834/1834 1802/1802 1798/1798
f 1838/1838 1816/1816 1839/1839
f 1839/1839 1816/1816 1814/1814
f 1839/1839 1814/1814 1840/1840
f 1840/1840 1814/1814 1827/1827
f 1840/1840 1827/1827 1841/1841
f 1841/1841 1827/1827 1826/1826
f 1841/1841 1826/1826 1842/1842
f 1842/1842 1826/1826 1831/1831
f 1842/1842 1831/1831 1843/1843
f 1843/1843 1831/1831 1836/1836
f 1843/1843 1836/1836 1844/1844
f 1844/1844 1836/1836 1835/1835
f 1844/1844 1835/1835 1845/1845
f 1845/1845 1835/1835 1803/1803
f 1845/1845 1803/1803 1796/1796
f 1796/1796 1803/1803 1795/1795
f 1846/1846 1838/1838 1839/1839
f 1846/1846 1839/1839 1847/1847
f 1848/1848 1847/1847 1849/1849
f 1850/1850 1852/1852 1851/1851
f 1850/1850 1851/1851 1853/1853
f 1854/1854 1853/1853 1855/1855
f 1856/1856 1849/1849 1857/1857
f 1858/1858 1860/1860 1859/1859
f 1858/1858 1859/1859 1852/1852
f 1839/1839 1840/1840 1847/1847
f 1847/1847 1840/1840 1841/1841
f 1847/1847 1841/1841 1849/1849
f 1861/1861 1857/1857 1862/1862
f 1861/1861 1862/1862 1863/1863
f 1863/1863 1862/1862 1860/1860
f 1860/1860 1862/1862 1859/1859
f 1852/1852 1859/1859 1851/1851
f 1853/1853 1851/1851 1864/1864
f 1853/1853 1864/1864 1855/1855
f 1849/1849 1865/1865 1857/1857
f 1857/1857 1865/1865 1862/1862
f 1841/1841 1842/1842 1849/1849
f 1849/1849 1842/1842 1865/1865
f 1851/1851 1866/1866 1864/1864
f 1864/1864 1866/1866 1867/1867
f 1865/1865 1868/1868 1862/1862
f 1859/1859 1869/1869 1851/1851
f 1842/1842 1870/1870 1865/1865
f 1865/1865 1870/1870 1868/1868
f 1859/1859 1862/1862 1869/1869
f 1851/1851 1869/1869 1871/1871
f 1851/1851 1871/1871 1866/1866
f 1862/1862 1868/1868 1872/1872
f 1862/1862 1872/1872 1869/1869
f 1842/1842 1843/1843 1870/1870
f 1869/1869 1872/1872 1871/1871
f 1843/1843 1844/1844 1870/1870
f 1872/1872 1873/1873 1871/1871
f 1871/1871 1873/1873 1874/1874
f 1844/1844 1845/1845 1870/1870
f 1870/1870 1845/1845 1797/1797
f 1870/1870 1797/1797 1868/1868
f 1872/1872 1868/1868 1799/1799
f 1872/1872 1799/1799 1873/1873
f 1868/1868 1797/1797 1799/1799
f 1845/1845 1796/1796 1797/1797
f 1873/1873 1799/1799 1800/1800
f 1875/1875 1876/1876 1854/1854
f 1875/1875 1854/1854 1877/1877
f 1877/1877 1854/1854 1855/1855
f 1877/1877 1855/1855 1878/1878
f 1878/1878 1855/1855 1864/1864
f 1878/1878 1864/1864 1879/1879
f 1879/1879 1864/1864 1867/1867
f 1879/1879 1867/1867 1880/1880
f 1880/1880 1867/1867 1881/1881
f 1881/1881 1867/1867 1866/1866
f 1881/1881 1866/1866 1871/1871
f 1881/1881 1871/1871 1882/1882
f 1882/1882 1871/1871 1874/1874
f 1882/1882 1874/1874 1883/1883
f 1883/1883 1874/1874 1873/1873
f 1883/1883 1873/1873 1791/1791
f 1791/1791 1873/1873 1800/1800
f 1877/1877 1878/1878 1879/1879
f 1883/1883 1791/1791 1789/1789
f 1792/1792 1793/1793 1884/1884
f 1875/1875 1877/1877 1885/1885
f 1885/1885 1877/1877 1879/1879
f 1885/1885 1879/1879 1886/1886
f 1887/1887 1889/1889 1888/1888
f 1890/1890 1892/1892 1891/1891
f 1893/1893 1895/1895 1894/1894
f 1893/1893 1894/1894 1896/1896
f 1886/1886 1879/1879 1897/1897
f 1898/1898 1897/1897 1889/1889
f 1899/1899 1901/1901 1900/1900
f 1899/1899 1900/1900 1892/1892
f 1889/1889 1902/1902 1888/1888
f 1888/1888 1902/1902 1901/1901
f 1895/1895 1891/1891 1903/1903
f 1895/1895 1903/1903 1894/1894
f 1894/1894 1903/1903 1904/1904
f 1879/1879 1905/1905 1897/1897
f 1897/1897 1905/1905 1889/1889
f 1889/1889 1905/1905 1902/1902
f 1879/1879 1880/1880 1905/1905
f 1901/1901 1906/1906 1900/1900
f 1892/1892 1900/1900 1907/1907
f 1892/1892 1907/1907 1891/1891
f 1891/1891 1907/1907 1908/1908
f 1891/1891 1908/1908 1903/1903
f 1902/1902 1906/1906 1901/1901
f 1900/1900 1906/1906 1907/1907
f 1880/1880 1881/1881 1905/1905
f 1881/1881 1882/1882 1905/1905
f 1905/1905 1882/1882 1909/1909
f 1905/1905 1909/1909 1902/1902
f 1902/1902 1909/1909 1789/1789
f 1902/1902 1789/1789 1906/1906
f 1907/1907 1906/1906 1792/1792
f 1907/1907 1792/1792 1910/1910
f 1907/1907 1910/1910 1908/1908
f 1908/1908 1910/1910 1911/1911
f 1906/1906 1789/1789 1792/1792
f 1882/1882 1883/1883 1909/1909
f 1910/1910 1792/1792 1884/1884
f 1909/1909 1883/1883 1789/1789
f 1793/1793 1794/1794 1884/1884
f 1884/1884 1794/1794 1912/1912
f 1884/1884 1912/1912 1910/1910
f 1910/1910 1912/1912 1913/1913
f 1910/1910 1913/1913 1911/1911
f 1911/1911 1913/1913 1914/1914
f 1911/1911 1914/1914 1908/1908
f 1908/1908 1914/1914 1915/1915
f 1908/1908 1915/1915 1903/1903
f 1903/1903 1915/1915 1916/1916
f 1903/1903 1916/1916 1904/1904
f 1904/1904 1916/1916 1917/1917
f 1904/1904 1917/1917 1894/1894
f 1894/1894 1917/1917 1918/1918
f 1894/1894 1918/1918 1896/1896
f 1896/1896 1918/1918 1919/1919
f 1919/1919 1918/1918 1920/1920
f 1920/1920 1918/1918 1916/1916
f 1920/1920 1916/1916 1921/1921
f 1921/1921 1916/1916 1922/1922
f 1923/1923 1925/1925 1924/1924
f 1926/1926 1924/1924 1927/1927
f 1927/1927 1924/1924 1928/1928
f 1929/1929 1931/1931 1930/1930
f 1929/1929 1930/1930 1923/1923
f 1918/1918 1917/1917 1916/1916
f 1932/1932 1934/1934 1933/1933
f 1931/1931 1933/1933 1935/1935
f 1931/1931 1935/1935 1930/1930
f 1923/1923 1930/1930 1925/1925
f 1924/1924 1925/1925 1936/1936
f 1924/1924 1936/1936 1928/1928
f 1922/1922 1937/1937 1934/1934
f 1934/1934 1937/1937 1933/1933
f 1916/1916 1938/1938 1922/1922
f 1922/1922 1938/1938 1937/1937
f 1925/1925 1930/1930 1939/1939
f 1925/1925 1939/1939 1940/1940
f 1925/1925 1940/1940 1936/1936
f 1916/1916 1915/1915 1938/1938
f 1933/1933 1937/1937 1941/1941
f 1933/1933 1941/1941 1935/1935
f 1938/1938 1942/1942 1937/1937
f 1915/1915 1914/1914 1938/1938
f 1935/1935 1941/1941 1943/1943
f 1935/1935 1943/1943 1930/1930
f 1939/1939 1930/1930 1944/1944
f 1938/1938 1914/1914 1942/1942
f 1937/1937 1942/1942 1945/1945
f 1937/1937 1945/1945 1941/1941
f 1930/1930 1943/1943 1944/1944
f 1914/1914 1913/1913 1942/1942
f 1941/1941 1945/1945 1943/1943
f 1943/1943 1946/1946 1944/1944
f 1944/1944 1946/1946 1947/1947
f 1913/1913 1912/1912 1942/1942
f 1942/1942 1912/1912 1787/1787
f 1942/1942 1787/1787 1945/1945
f 1943/1943 1945/1945 1788/1788
f 1943/1943 1788/1788 1946/1946
f 1945/1945 1787/1787 1788/1788
f 1912/1912 1794/1794 1787/1787
f 1946/1946 1788/1788 1786/1786
f 1927/1927 1949/1949 1948/1948
f 1806/1806 1950/1950 1949/1949
f 1806/1806 1949/1949 1927/1927
f 1806/1806 1927/1927 1805/1805
f 1805/1805 1927/1927 1928/1928
f 1805/1805 1928/1928 1823/1823
f 1823/1823 1928/1928 1936/1936
f 1823/1823 1936/1936 1828/1828
f 1828/1828 1936/1936 1940/1940
f 1828/1828 1940/1940 1832/1832
f 1832/1832 1940/1940 1939/1939
f 1832/1832 1939/1939 1833/1833
f 1833/1833 1939/1939 1944/1944
f 1833/1833 1944/1944 1837/1837
f 1837/1837 1944/1944 1947/1947
f 1837/1837 1947/1947 1802/1802
f 1802/1802 1947/1947 1946/1946
f 1802/1802 1946/1946 1784/1784
f 1784/1784 1946/1946 1786/1786
f 1781/1781 1774/1774 1077/1077
f 1782/1782 1775/1775 1783/1783
f 1927/1927 975/975 977/977
f 1927/1927 1782/1782 975/975
f 1951/1951 1952/1952 1927/1927
f 1948/1948 1951/1951 1927/1927
f 1927/1927 1952/1952 1782/1782
f 1923/1923 1924/1924 1423/1423
f 1926/1926 1927/1927 977/977
f 1926/1926 977/977 1413/1413
f 1413/1413 1412/1412 1926/1926
f 1926/1926 1412/1412 1924/1924
f 1924/1924 1412/1412 1423/1423
f 1410/1410 1923/1923 1423/1423
f 1411/1411 1929/1929 1410/1410
f 1410/1410 1929/1929 1923/1923
f 1409/1409 1929/1929 1411/1411
f 1409/1409 1931/1931 1929/1929
f 1931/1931 1409/1409 1421/1421
f 1419/1419 1933/1933 1421/1421
f 1421/1421 1933/1933 1931/1931
f 1419/1419 1932/1932 1933/1933
f 1418/1418 1932/1932 1419/1419
f 1418/1418 1934/1934 1932/1932
f 1417/1417 1922/1922 1934/1934
f 1417/1417 1934/1934 1418/1418
f 1414/1414 1921/1921 1922/1922
f 1414/1414 1922/1922 1417/1417
f 1921/1921 1414/1414 1415/1415
f 1921/1921 1415/1415 1920/1920
f 1408/1408 1920/1920 1415/1415
f 1408/1408 1919/1919 1920/1920
f 1919/1919 1408/1408 1406/1406
f 1407/1407 1896/1896 1406/1406
f 1406/1406 1896/1896 1919/1919
f 1901/1901 1899/1899 1442/1442
f 1890/1890 1891/1891 1431/1431
f 1407/1407 1405/1405 1896/1896
f 1896/1896 1405/1405 1893/1893
f 1893/1893 1405/1405 1433/1433
f 1893/1893 1433/1433 1895/1895
f 1433/1433 1432/1432 1895/1895
f 1895/1895 1432/1432 1891/1891
f 1431/1431 1891/1891 1432/1432
f 1431/1431 1892/1892 1890/1890
f 1430/1430 1892/1892 1431/1431
f 1429/1429 1899/1899 1430/1430
f 1430/1430 1899/1899 1892/1892
f 1442/1442 1899/1899 1429/1429
f 1442/1442 1888/1888 1901/1901
f 1441/1441 1888/1888 1442/1442
f 1440/1440 1887/1887 1441/1441
f 1441/1441 1887/1887 1888/1888
f 1438/1438 1889/1889 1440/1440
f 1440/1440 1889/1889 1887/1887
f 1438/1438 1898/1898 1889/1889
f 1437/1437 1897/1897 1898/1898
f 1437/1437 1898/1898 1438/1438
f 1435/1435 1886/1886 1897/1897
f 1435/1435 1897/1897 1437/1437
f 1886/1886 1435/1435 1426/1426
f 1886/1886 1426/1426 1885/1885
f 1425/1425 1885/1885 1426/1426
f 1425/1425 1875/1875 1885/1885
f 1875/1875 1425/1425 1393/1393
f 1393/1393 1394/1394 1875/1875
f 1875/1875 1394/1394 1524/1524
f 1524/1524 1953/1953 1875/1875
f 1875/1875 1953/1953 1954/1954
f 1875/1875 1956/1956 1955/1955
f 1875/1875 1954/1954 1957/1957
f 1875/1875 1955/1955 1876/1876
f 1875/1875 1957/1957 1956/1956
f 1523/1523 1529/1529 1530/1530
f 1958/1958 1523/1523 1530/1530
f 1529/1529 1522/1522 1530/1530
f 1533/1533 1523/1523 1958/1958
f 1959/1959 1548/1548 1537/1537
f 1960/1960 1474/1474 1473/1473
f 1956/1956 1957/1957 1961/1961
f 1605/1605 1609/1609 1962/1962
f 1953/1953 1524/1524 1533/1533
f 1963/1963 1965/1965 1964/1964
f 1964/1964 1965/1965 1966/1966
f 1967/1967 1961/1961 1963/1963
f 1956/1956 1967/1967 1955/1955
f 1961/1961 1965/1965 1963/1963
f 1968/1968 1964/1964 1969/1969
f 1968/1968 1963/1963 1964/1964
f 1968/1968 1969/1969 1970/1970
f 1971/1971 1963/1963 1968/1968
f 1972/1972 1968/1968 1970/1970
f 1972/1972 1970/1970 1973/1973
f 1973/1973 1974/1974 1972/1972
f 1968/1968 1975/1975 1971/1971
f 1967/1967 1977/1977 1976/1976
f 1968/1968 1972/1972 1975/1975
f 1963/1963 1971/1971 1977/1977
f 1963/1963 1977/1977 1967/1967
f 1978/1978 1980/1980 1979/1979
f 1978/1978 1979/1979 1981/1981
f 1977/1977 1971/1971 1982/1982
f 1982/1982 1971/1971 1983/1983
f 1983/1983 1975/1975 1984/1984
f 1983/1983 1984/1984 1980/1980
f 1983/1983 1986/1986 1985/1985
f 1987/1987 1989/1989 1988/1988
f 1990/1990 1992/1992 1991/1991
f 1993/1993 1995/1995 1994/1994
f 1989/1989 1993/1993 1990/1990
f 1992/1992 1990/1990 1985/1985
f 1976/1976 1977/1977 1982/1982
f 1976/1976 1982/1982 1996/1996
f 1997/1997 1876/1876 1976/1976
f 1976/1976 1996/1996 1997/1997
f 1982/1982 1985/1985 1996/1996
f 1985/1985 1990/1990 1998/1998
f 1990/1990 1994/1994 1998/1998
f 1986/1986 1992/1992 1985/1985
f 1996/1996 1985/1985 1998/1998
f 1996/1996 1998/1998 1997/1997
f 1997/1997 1998/1998 1994/1994
f 1993/1993 1994/1994 1990/1990
f 1985/1985 1982/1982 1983/1983
f 1999/1999 2001/2001 2000/2000
f 2000/2000 2003/2003 2002/2002
f 1605/1605 1962/1962 1585/1585
f 1585/1585 1962/1962 1999/1999
f 2002/2002 1979/1979 1974/1974
f 2000/2000 2001/2001 2003/2003
f 1955/1955 1967/1967 1876/1876
f 1876/1876 1967/1967 1976/1976
f 1962/1962 2001/2001 1999/1999
f 2003/2003 2001/2001 2004/2004
f 2003/2003 2004/2004 1981/1981
f 2002/2002 1981/1981 1979/1979
f 1981/1981 2002/2002 2003/2003
f 1619/1619 1962/1962 1609/1609
f 1619/1619 2005/2005 1962/1962
f 1962/1962 2005/2005 2006/2006
f 1975/1975 1972/1972 1984/1984
f 1984/1984 1972/1972 1974/1974
f 2006/2006 2004/2004 2001/2001
f 2006/2006 2001/2001 1962/1962
f 1619/1619 1620/1620 2005/2005
f 2004/2004 2007/2007 1981/1981
f 2006/2006 2005/2005 2008/2008
f 2007/2007 2004/2004 2009/2009
f 2009/2009 2004/2004 2006/2006
f 2008/2008 2005/2005 1620/1620
f 1620/1620 1642/1642 2008/2008
f 2009/2009 2010/2010 2007/2007
f 1978/1978 1981/1981 2007/2007
f 2009/2009 2006/2006 2008/2008
f 2007/2007 2011/2011 1978/1978
f 1986/1986 1978/1978 1991/1991
f 2011/2011 2007/2007 2010/2010
f 2012/2012 2008/2008 2013/2013
f 2013/2013 2008/2008 1642/1642
f 1643/1643 2014/2014 2013/2013
f 2013/2013 2015/2015 2012/2012
f 2012/2012 2016/2016 2010/2010
f 2011/2011 2017/2017 1991/1991
f 1971/1971 1975/1975 1983/1983
f 1992/1992 1986/1986 1991/1991
f 2017/2017 2011/2011 2010/2010
f 1984/1984 1974/1974 1980/1980
f 1980/1980 1978/1978 1986/1986
f 2013/2013 1642/1642 1643/1643
f 1991/1991 1978/1978 2011/2011
f 2010/2010 2009/2009 2012/2012
f 2012/2012 2009/2009 2008/2008
f 1642/1642 1620/1620 1626/1626
f 1980/1980 1974/1974 1979/1979
f 2018/2018 1455/1455 1474/1474
f 1470/1470 1455/1455 2019/2019
f 2019/2019 1455/1455 2018/2018
f 2020/2020 1543/1543 2021/2021
f 1643/1643 1644/1644 2014/2014
f 2013/2013 2014/2014 2015/2015
f 2010/2010 2016/2016 2017/2017
f 2015/2015 2021/2021 2012/2012
f 1991/1991 1988/1988 1990/1990
f 1644/1644 2020/2020 2014/2014
f 2014/2014 2020/2020 2015/2015
f 2015/2015 2020/2020 2021/2021
f 1987/1987 1988/1988 2017/2017
f 2016/2016 2012/2012 2021/2021
f 1651/1651 1543/1543 1644/1644
f 1644/1644 1543/1543 2020/2020
f 2021/2021 2019/2019 2016/2016
f 1987/1987 2016/2016 2019/2019
f 1543/1543 1651/1651 1468/1468
f 2018/2018 1987/1987 2019/2019
f 1543/1543 2019/2019 2021/2021
f 2018/2018 1989/1989 1987/1987
f 1989/1989 1960/1960 1993/1993
f 1990/1990 1988/1988 1989/1989
f 1987/1987 2017/2017 2016/2016
f 1472/1472 1960/1960 1473/1473
f 1960/1960 2018/2018 1474/1474
f 1989/1989 2018/2018 1960/1960
f 1472/1472 1995/1995 1960/1960
f 1960/1960 1995/1995 1993/1993
f 1543/1543 1470/1470 2019/2019
f 1983/1983 1980/1980 1986/1986
f 1988/1988 1991/1991 2017/2017
f 2022/2022 1958/1958 1530/1530
f 2023/2023 1533/1533 1958/1958
f 2024/2024 1533/1533 2023/2023
f 2025/2025 1537/1537 1538/1538
f 2026/2026 1959/1959 1537/1537
f 2027/2027 1538/1538 1557/1557
f 2025/2025 1538/1538 2027/2027
f 2028/2028 1557/1557 1541/1541
f 2026/2026 1537/1537 2025/2025
f 2027/2027 1557/1557 2028/2028
f 1542/1542 1586/1586 2029/2029
f 2029/2029 1584/1584 2030/2030
f 2031/2031 2029/2029 2030/2030
f 2029/2029 1586/1586 1584/1584
f 2031/2031 2030/2030 2032/2032
f 2033/2033 2026/2026 2025/2025
f 2034/2034 2027/2027 2028/2028
f 2035/2035 2028/2028 2036/2036
f 2037/2037 1958/1958 2022/2022
f 2022/2022 1530/1530 1531/1531
f 2037/2037 2023/2023 1958/1958
f 1959/1959 2026/2026 2038/2038
f 2022/2022 1959/1959 2038/2038
f 2022/2022 2038/2038 2037/2037
f 1959/1959 2022/2022 1548/1548
f 1531/1531 1548/1548 2022/2022
f 2037/2037 2038/2038 2039/2039
f 1953/1953 1533/1533 2024/2024
f 1953/1953 2024/2024 1954/1954
f 1954/1954 2024/2024 1957/1957
f 1957/1957 2024/2024 1961/1961
f 1966/1966 2037/2037 2039/2039
f 2024/2024 2023/2023 1965/1965
f 1965/1965 1961/1961 2024/2024
f 1967/1967 1956/1956 1961/1961
f 2039/2039 2040/2040 1964/1964
f 1965/1965 2023/2023 1966/1966
f 2033/2033 2025/2025 2027/2027
f 2041/2041 2032/2032 2000/2000
f 2032/2032 2030/2030 1999/1999
f 2000/2000 2032/2032 1999/1999
f 1999/1999 2030/2030 1584/1584
f 1999/1999 1584/1584 1585/1585
f 2033/2033 2027/2027 2040/2040
f 2040/2040 2034/2034 2042/2042
f 2033/2033 2040/2040 2043/2043
f 2033/2033 2043/2043 2038/2038
f 2039/2039 2038/2038 2043/2043
f 2039/2039 2043/2043 2040/2040
f 2027/2027 2034/2034 2040/2040
f 2034/2034 2044/2044 2042/2042
f 2044/2044 2035/2035 2045/2045
f 2034/2034 2035/2035 2044/2044
f 2036/2036 1542/1542 2029/2029
f 1541/1541 1542/1542 2036/2036
f 2036/2036 2029/2029 2031/2031
f 2041/2041 2031/2031 2032/2032
f 1973/1973 2044/2044 2045/2045
f 1964/1964 2040/2040 2042/2042
f 1964/1964 2042/2042 1969/1969
f 2045/2045 2035/2035 2041/2041
f 2035/2035 2031/2031 2041/2041
f 2036/2036 2031/2031 2035/2035
f 2045/2045 2041/2041 1973/1973
f 1973/1973 1970/1970 2044/2044
f 2044/2044 1970/1970 2042/2042
f 2042/2042 1970/1970 1969/1969
f 2038/2038 2026/2026 2033/2033
f 2034/2034 2028/2028 2035/2035
f 1966/1966 2023/2023 2037/2037
f 1966/1966 2039/2039 1964/1964
f 1974/1974 1973/1973 2002/2002
f 2002/2002 1973/1973 2041/2041
f 2002/2002 2041/2041 2000/2000
f 1538/1538 1539/1539 1557/1557
f 2028/2028 1541/1541 2036/2036
f 1470/1470 1456/1456 1455/1455
f 1472/1472 982/982 1854/1854
f 1854/1854 982/982 984/984
f 1854/1854 1876/1876 1997/1997
f 1854/1854 1994/1994 1995/1995
f 1854/1854 1995/1995 1472/1472
f 1854/1854 1997/1997 1994/1994
f 1863/1863 1860/1860 1029/1029
f 1852/1852 1850/1850 1043/1043
f 1853/1853 1854/1854 984/984
f 1853/1853 984/984 1033/1033
f 1033/1033 1032/1032 1853/1853
f 1853/1853 1032/1032 1850/1850
f 1850/1850 1032/1032 1043/1043
f 1030/1030 1852/1852 1043/1043
f 1030/1030 1858/1858 1852/1852
f 1031/1031 1858/1858 1030/1030
f 1029/1029 1860/1860 1031/1031
f 1031/1031 1860/1860 1858/1858
f 1041/1041 1861/1861 1863/1863
f 1041/1041 1863/1863 1029/1029
f 1039/1039 1857/1857 1861/1861
f 1039/1039 1861/1861 1041/1041
f 1038/1038 1856/1856 1039/1039
f 1039/1039 1856/1856 1857/1857
f 1036/1036 1849/1849 1856/1856
f 1036/1036 1856/1856 1038/1038
f 1034/1034 1848/1848 1849/1849
f 1034/1034 1849/1849 1036/1036
f 1848/1848 1034/1034 1847/1847
f 1847/1847 1034/1034 1028/1028
f 1847/1847 1028/1028 1846/1846
f 1846/1846 1028/1028 1027/1027
f 1846/1846 1027/1027 1838/1838
f 1026/1026 1816/1816 1027/1027
f 1027/1027 1816/1816 1838/1838
f 1822/1822 1820/1820 1060/1060
f 1810/1810 1811/1811 1050/1050
f 1813/1813 1026/1026 1053/1053
f 1816/1816 1026/1026 1813/1813
f 1053/1053 1052/1052 1813/1813
f 1813/1813 1052/1052 1815/1815
f 1815/1815 1052/1052 1811/1811
f 1811/1811 1052/1052 1050/1050
f 1810/1810 1050/1050 1051/1051
f 1051/1051 1812/1812 1810/1810
f 1049/1049 1812/1812 1051/1051
f 1059/1059 1820/1820 1049/1049
f 1049/1049 1820/1820 1812/1812
f 1060/1060 1820/1820 1059/1059
f 1058/1058 1819/1819 1822/1822
f 1058/1058 1822/1822 1060/1060
f 1057/1057 1819/1819 1058/1058
f 1056/1056 1817/1817 1057/1057
f 1057/1057 1817/1817 1819/1819
f 1055/1055 1809/1809 1817/1817
f 1055/1055 1817/1817 1056/1056
f 1048/1048 1808/1808 1809/1809
f 1048/1048 1809/1809 1055/1055
f 1808/1808 1048/1048 1047/1047
f 1808/1808 1047/1047 1807/1807
f 1807/1807 1047/1047 1804/1804
f 1045/1045 1804/1804 1047/1047
f 1804/1804 1045/1045 1014/1014
f 1804/1804 1014/1014 1806/1806
f 1014/1014 1015/1015 1806/1806
f 1806/1806 1015/1015 1359/1359
f 1806/1806 2047/2047 2046/2046
f 1359/1359 2047/2047 1806/1806
f 1806/1806 2046/2046 1950/1950
f 1373/1373 1375/1375 1372/1372
f 1372/1372 1375/1375 1377/1377
f 2046/2046 2047/2047 2048/2048
f 2049/2049 1950/1950 2046/2046
f 1949/1949 1950/1950 2050/2050
f 2051/2051 1774/1774 1775/1775
f 2051/2051 1077/1077 1774/1774
f 1122/1122 1103/1103 1105/1105
f 1127/1127 1121/1121 1122/1122
f 1376/1376 1146/1146 1147/1147
f 1952/1952 1951/1951 2052/2052
f 2053/2053 2054/2054 2052/2052
f 2052/2052 1951/1951 2053/2053
f 2055/2055 2057/2057 2056/2056
f 2058/2058 1948/1948 2050/2050
f 1948/1948 1949/1949 2050/2050
f 2059/2059 2053/2053 2058/2058
f 2058/2058 2050/2050 2060/2060
f 2053/2053 2062/2062 2061/2061
f 2061/2061 2064/2064 2063/2063
f 2065/2065 2061/2061 2062/2062
f 2059/2059 2058/2058 2060/2060
f 2055/2055 2062/2062 2057/2057
f 2062/2062 2059/2059 2057/2057
f 2057/2057 2059/2059 2066/2066
f 2066/2066 2068/2068 2067/2067
f 2069/2069 2067/2067 2068/2068
f 2066/2066 2059/2059 2060/2060
f 2060/2060 2068/2068 2066/2066
f 2070/2070 2072/2072 2071/2071
f 2073/2073 2070/2070 2074/2074
f 2075/2075 2048/2048 2047/2047
f 2076/2076 2048/2048 2075/2075
f 2074/2074 2048/2048 2076/2076
f 2074/2074 2070/2070 2077/2077
f 2074/2074 2076/2076 2073/2073
f 2077/2077 2071/2071 2078/2078
f 2077/2077 2078/2078 2079/2079
f 2079/2079 2078/2078 2050/2050
f 2049/2049 2077/2077 2079/2079
f 2068/2068 2071/2071 2069/2069
f 2060/2060 2050/2050 2078/2078
f 2078/2078 2071/2071 2068/2068
f 2069/2069 2071/2071 2072/2072
f 2048/2048 2074/2074 2077/2077
f 2048/2048 2077/2077 2046/2046
f 2077/2077 2049/2049 2046/2046
f 2071/2071 2077/2077 2070/2070
f 1950/1950 2049/2049 2079/2079
f 1950/1950 2079/2079 2050/2050
f 2080/2080 2081/2081 1215/1215
f 2066/2066 2082/2082 2057/2057
f 2065/2065 2062/2062 2055/2055
f 2057/2057 2082/2082 2083/2083
f 2084/2084 2085/2085 2082/2082
f 2082/2082 2066/2066 2067/2067
f 2086/2086 2088/2088 2087/2087
f 2089/2089 2088/2088 2084/2084
f 2067/2067 2090/2090 2089/2089
f 2089/2089 2087/2087 2088/2088
f 2087/2087 2091/2091 2086/2086
f 2092/2092 2091/2091 2087/2087
f 2084/2084 2080/2080 2085/2085
f 2089/2089 2084/2084 2082/2082
f 2089/2089 2082/2082 2067/2067
f 2090/2090 2067/2067 2069/2069
f 2086/2086 1270/1270 2088/2088
f 1270/1270 2081/2081 2088/2088
f 1137/1137 2091/2091 1148/1148
f 1148/1148 2091/2091 2093/2093
f 2084/2084 2081/2081 2080/2080
f 1147/1147 1148/1148 2093/2093
f 2086/2086 1137/1137 1270/1270
f 2094/2094 1375/1375 1376/1376
f 1147/1147 2095/2095 1376/1376
f 2094/2094 2096/2096 1375/1375
f 1375/1375 2096/2096 2097/2097
f 2093/2093 2091/2091 2092/2092
f 2095/2095 1147/1147 2093/2093
f 2092/2092 2087/2087 2090/2090
f 2095/2095 2093/2093 2092/2092
f 2098/2098 2092/2092 2090/2090
f 2095/2095 2092/2092 2099/2099
f 2090/2090 2072/2072 2098/2098
f 2092/2092 2098/2098 2099/2099
f 2072/2072 2070/2070 2098/2098
f 2098/2098 2073/2073 2099/2099
f 2100/2100 2099/2099 2073/2073
f 2073/2073 2076/2076 2100/2100
f 2095/2095 2094/2094 1376/1376
f 2069/2069 2072/2072 2090/2090
f 2090/2090 2087/2087 2089/2089
f 2096/2096 2094/2094 2100/2100
f 2081/2081 2084/2084 2088/2088
f 2086/2086 2091/2091 1137/1137
f 2096/2096 2100/2100 2076/2076
f 1359/1359 1377/1377 2075/2075
f 1359/1359 2075/2075 2047/2047
f 2094/2094 2099/2099 2100/2100
f 2097/2097 2096/2096 2076/2076
f 2097/2097 2076/2076 2075/2075
f 2098/2098 2070/2070 2073/2073
f 1377/1377 1375/1375 2097/2097
f 1377/1377 2097/2097 2075/2075
f 2094/2094 2095/2095 2099/2099
f 2078/2078 2068/2068 2060/2060
f 1081/1081 1079/1079 2101/2101
f 1775/1775 2102/2102 2051/2051
f 1775/1775 1782/1782 2103/2103
f 1775/1775 2103/2103 2102/2102
f 1073/1073 2104/2104 1097/1097
f 1097/1097 2104/2104 2105/2105
f 2106/2106 1105/1105 1106/1106
f 2104/2104 1073/1073 1071/1071
f 1106/1106 1102/1102 1097/1097
f 1071/1071 2108/2108 2107/2107
f 1071/1071 2107/2107 2104/2104
f 1105/1105 2106/2106 2109/2109
f 1105/1105 2109/2109 2110/2110
f 1205/1205 2112/2112 2111/2111
f 1205/1205 2111/2111 1215/1215
f 2106/2106 2105/2105 2109/2109
f 2105/2105 2113/2113 2109/2109
f 2110/2110 2114/2114 1127/1127
f 1215/1215 2111/2111 2080/2080
f 2110/2110 2115/2115 2114/2114
f 2112/2112 2114/2114 2111/2111
f 2104/2104 2107/2107 2113/2113
f 2104/2104 2113/2113 2105/2105
f 1127/1127 2114/2114 2112/2112
f 1097/1097 2105/2105 1106/1106
f 1106/1106 2105/2105 2106/2106
f 1105/1105 2110/2110 1122/1122
f 1122/1122 2110/2110 1127/1127
f 1126/1126 1127/1127 2112/2112
f 1126/1126 2112/2112 1205/1205
f 1215/1215 2081/2081 1219/1219
f 1219/1219 2081/2081 1270/1270
f 2103/2103 1782/1782 1952/1952
f 2102/2102 2116/2116 2051/2051
f 2051/2051 2118/2118 2117/2117
f 2119/2119 2118/2118 2120/2120
f 2101/2101 2117/2117 2108/2108
f 2108/2108 2117/2117 2118/2118
f 2108/2108 2118/2118 2119/2119
f 2120/2120 2116/2116 2121/2121
f 1952/1952 2122/2122 2103/2103
f 1077/1077 2051/2051 2117/2117
f 1079/1079 1077/1077 2117/2117
f 2118/2118 2051/2051 2116/2116
f 2116/2116 2102/2102 2103/2103
f 2121/2121 2116/2116 2123/2123
f 2052/2052 2122/2122 1952/1952
f 2116/2116 2103/2103 2122/2122
f 2053/2053 2061/2061 2054/2054
f 2122/2122 2052/2052 2116/2116
f 2116/2116 2052/2052 2063/2063
f 2063/2063 2054/2054 2061/2061
f 2052/2052 2054/2054 2063/2063
f 1071/1071 2101/2101 2108/2108
f 2120/2120 2121/2121 2124/2124
f 1071/1071 1082/1082 2101/2101
f 2124/2124 2121/2121 2123/2123
f 1082/1082 1081/1081 2101/2101
f 2053/2053 2059/2059 2062/2062
f 2061/2061 2065/2065 2064/2064
f 2063/2063 2064/2064 2123/2123
f 2108/2108 2119/2119 2107/2107
f 2107/2107 2119/2119 2120/2120
f 2116/2116 2063/2063 2123/2123
f 2058/2058 2053/2053 1948/1948
f 1948/1948 2053/2053 1951/1951
f 1079/1079 2117/2117 2101/2101
f 2120/2120 2118/2118 2116/2116
f 2107/2107 2125/2125 2113/2113
f 2111/2111 2085/2085 2080/2080
f 2107/2107 2120/2120 2125/2125
f 2113/2113 2125/2125 2126/2126
f 2109/2109 2126/2126 2127/2127
f 2125/2125 2124/2124 2126/2126
f 2111/2111 2083/2083 2085/2085
f 2125/2125 2120/2120 2124/2124
f 2126/2126 2124/2124 2128/2128
f 2127/2127 2128/2128 2115/2115
f 2114/2114 2129/2129 2083/2083
f 2126/2126 2128/2128 2127/2127
f 2115/2115 2129/2129 2114/2114
f 2114/2114 2083/2083 2111/2111
f 2115/2115 2056/2056 2129/2129
f 2115/2115 2128/2128 2055/2055
f 2115/2115 2055/2055 2056/2056
f 2085/2085 2083/2083 2082/2082
f 2128/2128 2064/2064 2065/2065
f 2129/2129 2056/2056 2083/2083
f 2057/2057 2083/2083 2056/2056
f 2055/2055 2128/2128 2065/2065
f 2113/2113 2126/2126 2109/2109
f 2109/2109 2127/2127 2115/2115
f 2109/2109 2115/2115 2110/2110
f 2123/2123 2064/2064 2128/2128
f 2123/2123 2128/2128 2124/2124
f 82/82 213/213 2130/2130
f 2130/2130 213/213 210/210
f 207/207 205/205 203/203
f 2131/2131 182/182 181/181
f 210/210 209/209 207/207
f 202/202 199/199 30/30
f 30/30 199/199 197/197
f 30/30 197/197 195/195
f 52/52 195/195 193/193
f 52/52 193/193 191/191
f 52/52 191/191 190/190
f 185/185 182/182 2131/2131
f 68/68 210/210 207/207
f 68/68 207/207 203/203
f 203/203 202/202 30/30
f 190/190 188/188 185/185
f 68/68 2130/2130 210/210
f 30/30 195/195 26/26
f 26/26 195/195 52/52
f 19/19 190/190 185/185
f 20/20 185/185 2131/2131
f 52/52 190/190 19/19
f 19/19 185/185 20/20
f 15/15 2130/2130 68/68
f 68/68 203/203 30/30
f 81/81 82/82 2132/2132
f 2132/2132 82/82 2130/2130
f 2132/2132 2130/2130 15/15
f 2132/2132 15/15 39/39
f 181/181 178/178 2131/2131
f 2131/2131 178/178 2133/2133
f 2131/2131 2133/2133 20/20
f 20/20 2133/2133 51/51
f 81/81 2132/2132 214/214
f 230/230 228/228 231/231
f 216/216 214/214 33/33
f 216/216 33/33 219/219
f 234/234 21/21 236/236
f 236/236 21/21 237/237
f 214/214 2132/2132 33/33
f 33/33 221/221 219/219
f 222/222 53/53 224/224
f 224/224 53/53 226/226
f 226/226 53/53 23/23
f 226/226 23/23 228/228
f 228/228 23/23 231/231
f 231/231 21/21 234/234
f 237/237 21/21 56/56
f 237/237 56/56 240/240
f 240/240 56/56 242/242
f 242/242 56/56 247/247
f 222/222 221/221 53/53
f 231/231 23/23 21/21
f 56/56 45/45 247/247
f 2132/2132 39/39 33/33
f 221/221 33/33 53/53
f 50/50 51/51 2133/2133
f 50/50 2133/2133 2134/2134
f 2134/2134 2133/2133 178/178
f 2134/2134 178/178 176/176
f 45/45 46/46 2135/2135
f 45/45 2135/2135 247/247
f 247/247 2135/2135 248/248
f 247/247 248/248 244/244
f 2136/2136 174/174 172/172
f 2137/2137 145/145 132/132
f 2136/2136 172/172 170/170
f 163/163 161/161 160/160
f 163/163 160/160 1/1
f 1/1 160/160 157/157
f 157/157 155/155 38/38
f 38/38 155/155 153/153
f 151/151 149/149 147/147
f 147/147 145/145 2137/2137
f 2134/2134 176/176 174/174
f 2134/2134 174/174 2136/2136
f 2136/2136 170/170 168/168
f 1/1 157/157 38/38
f 71/71 151/151 147/147
f 2136/2136 168/168 10/10
f 10/10 168/168 162/162
f 162/162 163/163 1/1
f 38/38 153/153 151/151
f 38/38 151/151 71/71
f 71/71 147/147 7/7
f 7/7 147/147 2137/2137
f 50/50 2134/2134 2136/2136
f 10/10 162/162 1/1
f 50/50 2136/2136 10/10
f 97/97 248/248 96/96
f 96/96 248/248 2138/2138
f 2138/2138 248/248 2135/2135
f 2138/2138 2135/2135 36/36
f 36/36 2135/2135 46/46
f 16/16 7/7 2137/2137
f 16/16 2137/2137 2139/2139
f 2139/2139 2137/2137 132/132
f 2139/2139 132/132 131/131
f 104/104 102/102 106/106
f 116/116 114/114 118/118
f 124/124 47/47 126/126
f 128/128 2139/2139 131/131
f 120/120 74/74 122/122
f 122/122 47/47 124/124
f 126/126 47/47 128/128
f 128/128 47/47 2139/2139
f 96/96 2138/2138 100/100
f 100/100 59/59 102/102
f 102/102 59/59 106/106
f 108/108 106/106 110/110
f 112/112 110/110 25/25
f 112/112 25/25 114/114
f 114/114 25/25 5/5
f 114/114 5/5 118/118
f 118/118 74/74 120/120
f 122/122 74/74 47/47
f 106/106 25/25 110/110
f 118/118 5/5 74/74
f 2139/2139 47/47 16/16
f 2138/2138 36/36 100/100
f 100/100 36/36 59/59
f 106/106 59/59 25/25
f 2140/2140 49/49 2141/2141
f 2141/2141 49/49 61/61
f 2141/2141 61/61 2142/2142
f 2142/2142 61/61 73/73
f 2142/2142 73/73 72/72
f 2142/2142 72/72 2143/2143
f 2143/2143 72/72 65/65
f 2143/2143 65/65 2144/2144
f 2144/2144 65/65 2/2
f 2144/2144 2/2 2145/2145
f 2145/2145 2/2 3/3
f 2145/2145 3/3 12/12
f 2145/2145 12/12 2146/2146
f 2146/2146 12/12 42/42
f 2146/2146 42/42 2147/2147
f 2147/2147 42/42 76/76
f 2147/2147 76/76 2148/2148
f 2148/2148 76/76 70/70
f 2148/2148 70/70 2149/2149
f 2149/2149 70/70 8/8
f 2149/2149 8/8 2150/2150
f 2150/2150 8/8 9/9
f 2150/2150 9/9 2151/2151
f 2152/2152 2151/2151 11/11
f 11/11 2151/2151 9/9
f 2152/2152 11/11 37/37
f 2152/2152 37/37 2153/2153
f 2153/2153 37/37 64/64
f 2153/2153 64/64 2154/2154
f 2154/2154 64/64 75/75
f 2154/2154 75/75 2155/2155
f 2155/2155 75/75 2156/2156
f 2156/2156 75/75 63/63
f 2156/2156 63/63 2157/2157
f 2157/2157 63/63 6/6
f 2157/2157 6/6 2158/2158
f 2158/2158 6/6 4/4
f 2158/2158 4/4 41/41
f 2158/2158 41/41 2159/2159
f 2159/2159 41/41 60/60
f 2159/2159 60/60 2160/2160
f 2160/2160 60/60 58/58
f 2160/2160 58/58 2161/2161
f 2161/2161 58/58 80/80
f 2161/2161 80/80 2162/2162
f 2162/2162 80/80 34/34
f 2162/2162 34/34 2163/2163
f 2163/2163 34/34 35/35
f 2163/2163 35/35 2164/2164
f 2165/2165 2164/2164 43/43
f 43/43 2164/2164 35/35
f 2166/2166 2165/2165 44/44
f 44/44 2165/2165 43/43
f 2166/2166 44/44 2167/2167
f 2167/2167 44/44 57/57
f 2167/2167 57/57 2168/2168
f 2168/2168 57/57 77/77
f 2168/2168 77/77 2169/2169
f 2169/2169 77/77 55/55
f 2169/2169 55/55 2170/2170
f 2170/2170 55/55 22/22
f 2170/2170 22/22 2171/2171
f 2171/2171 22/22 2172/2172
f 2172/2172 22/22 24/24
f 2172/2172 24/24 40/40
f 2172/2172 40/40 2173/2173
f 2173/2173 40/40 54/54
f 2173/2173 54/54 2174/2174
f 2174/2174 54/54 2175/2175
f 2175/2175 54/54 79/79
f 2175/2175 79/79 2176/2176
f 2176/2176 79/79 31/31
f 2176/2176 31/31 2177/2177
f 2177/2177 31/31 32/32
f 2177/2177 32/32 2178/2178
f 2179/2179 2178/2178 13/13
f 13/13 2178/2178 32/32
f 2179/2179 13/13 14/14
f 2179/2179 14/14 2180/2180
f 2180/2180 14/14 2181/2181
f 2181/2181 14/14 69/69
f 2181/2181 69/69 2182/2182
f 2182/2182 69/69 67/67
f 2182/2182 67/67 2183/2183
f 2183/2183 67/67 62/62
f 2183/2183 62/62 2184/2184
f 2184/2184 62/62 29/29
f 2184/2184 29/29 2185/2185
f 2185/2185 29/29 27/27
f 2185/2185 27/27 2186/2186
f 2186/2186 27/27 28/28
f 2186/2186 28/28 2187/2187
f 2187/2187 28/28 66/66
f 2187/2187 66/66 2188/2188
f 2188/2188 66/66 2189/2189
f 2189/2189 66/66 78/78
f 2189/2189 78/78 2190/2190
f 2190/2190 78/78 17/17
f 2190/2190 17/17 18/18
f 2190/2190 18/18 2191/2191
f 2192/2192 2191/2191 48/48
f 48/48 2191/2191 18/18
f 2140/2140 2192/2192 49/49
f 49/49 2192/2192 48/48
f 2166/2166 2178/2178 2165/2165
f 2140/2140 2164/2164 2192/2192
f 2192/2192 2164/2164 2165/2165
f 2192/2192 2165/2165 2191/2191
f 2191/2191 2165/2165 2178/2178
f 2191/2191 2178/2178 2179/2179
f 2140/2140 2151/2151 2164/2164
f 2164/2164 2151/2151 2152/2152
f 2140/2140 2148/2148 2149/2149
f 2175/2175 2176/2176 2166/2166
f 2152/2152 2161/2161 2162/2162
f 2179/2179 2189/2189 2190/2190
f 2140/2140 2143/2143 2144/2144
f 2166/2166 2169/2169 2170/2170
f 2140/2140 2147/2147 2148/2148
f 2152/2152 2156/2156 2157/2157
f 2174/2174 2175/2175 2166/2166
f 2179/2179 2183/2183 2184/2184
f 2141/2141 2142/2142 2140/2140
f 2140/2140 2149/2149 2150/2150
f 2160/2160 2161/2161 2152/2152
f 2167/2167 2168/2168 2166/2166
f 2176/2176 2177/2177 2166/2166
f 2179/2179 2188/2188 2189/2189
f 2140/2140 2142/2142 2143/2143
f 2140/2140 2144/2144 2145/2145
f 2140/2140 2146/2146 2147/2147
f 2140/2140 2150/2150 2151/2151
f 2153/2153 2154/2154 2152/2152
f 2152/2152 2154/2154 2155/2155
f 2152/2152 2162/2162 2163/2163
f 2166/2166 2168/2168 2169/2169
f 2166/2166 2170/2170 2171/2171
f 2166/2166 2173/2173 2174/2174
f 2177/2177 2178/2178 2166/2166
f 2180/2180 2181/2181 2179/2179
f 2179/2179 2181/2181 2182/2182
f 2152/2152 2155/2155 2156/2156
f 2152/2152 2157/2157 2158/2158
f 2152/2152 2159/2159 2160/2160
f 2152/2152 2163/2163 2164/2164
f 2171/2171 2172/2172 2166/2166
f 2179/2179 2182/2182 2183/2183
f 2179/2179 2184/2184 2185/2185
f 2179/2179 2187/2187 2188/2188
f 2190/2190 2191/2191 2179/2179
f 2145/2145 2146/2146 2140/2140
f 2166/2166 2172/2172 2173/2173
f 2158/2158 2159/2159 2152/2152
f 2185/2185 2186/2186 2179/2179
f 2179/2179 2186/2186 2187/2187
f 402/402 414/414 425/425
f 414/414 402/402 403/403
f 140/140 135/135 139/139
f 139/139 135/135 134/134
f 134/134 135/135 133/133
f 142/142 137/137 141/141
f 141/141 137/137 143/143
f 143/143 137/137 136/136
f 87/87 92/92 84/84
f 84/84 92/92 89/89
f 89/89 92/92 90/90
f 89/89 90/90 91/91
f 93/93 83/83 95/95
f 95/95 83/83 86/86
f 86/86 83/83 85/85
f 2193/2193 2195/2195 2194/2194
f 2194/2194 2196/2196 2193/2193
f 2197/2197 2199/2199 2198/2198
f 2200/2200 2196/2196 2194/2194
f 2201/2201 2203/2203 2202/2202
f 2204/2204 2206/2206 2205/2205
f 2198/2198 2199/2199 2207/2207
f 2195/2195 2193/2193 2208/2208
f 2199/2199 2209/2209 2207/2207
f 2207/2207 2209/2209 2210/2210
f 2211/2211 2213/2213 2212/2212
f 2213/2213 2211/2211 2214/2214
f 2215/2215 2217/2217 2216/2216
f 2218/2218 2220/2220 2219/2219
f 2219/2219 2220/2220 2221/2221
f 2201/2201 2202/2202 2222/2222
f 2222/2222 2202/2202 2223/2223
f 2224/2224 2206/2206 2225/2225
f 2205/2205 2206/2206 2224/2224
f 2226/2226 2228/2228 2227/2227
f 2229/2229 2230/2230 2227/2227
f 2227/2227 2230/2230 2226/2226
f 2231/2231 2233/2233 2232/2232
f 2234/2234 2233/2233 2231/2231
f 2212/2212 2213/2213 2234/2234
f 2234/2234 2213/2213 2233/2233
f 2235/2235 2199/2199 2197/2197
f 2232/2232 2236/2236 2231/2231
f 2237/2237 2238/2238 2223/2223
f 2239/2239 2241/2241 2240/2240
f 2217/2217 2215/2215 2240/2240
f 2224/2224 2225/2225 2242/2242
f 2243/2243 2208/2208 2193/2193
f 2223/2223 2238/2238 2222/2222
f 2215/2215 2239/2239 2240/2240
f 2244/2244 2246/2246 2245/2245
f 2219/2219 2221/2221 2244/2244
f 2244/2244 2221/2221 2247/2247
f 2244/2244 2247/2247 2246/2246
f 2248/2248 2249/2249 2229/2229
f 2229/2229 2249/2249 2230/2230
f 2250/2250 2196/2196 2200/2200
f 2235/2235 2251/2251 2199/2199
f 2246/2246 2252/2252 2245/2245
f 2253/2253 2254/2254 2249/2249
f 2254/2254 2243/2243 2249/2249
f 2255/2255 2257/2257 2256/2256
f 2242/2242 2225/2225 2258/2258
f 2204/2204 2259/2259 2206/2206
f 2228/2228 2226/2226 2260/2260
f 2208/2208 2243/2243 2254/2254
f 2250/2250 2209/2209 2196/2196
f 2210/2210 2209/2209 2250/2250
f 2261/2261 2251/2251 2235/2235
f 2261/2261 2232/2232 2251/2251
f 2236/2236 2232/2232 2261/2261
f 2262/2262 2202/2202 2203/2203
f 2241/2241 2239/2239 2263/2263
f 2263/2263 2239/2239 2257/2257
f 2264/2264 2265/2265 2259/2259
f 2253/2253 2249/2249 2248/2248
f 2263/2263 2257/2257 2255/2255
f 2266/2266 2267/2267 2216/2216
f 2216/2216 2267/2267 2215/2215
f 2252/2252 2246/2246 2265/2265
f 2265/2265 2246/2246 2259/2259
f 2268/2268 2220/2220 2218/2218
f 2226/2226 2220/2220 2260/2260
f 2237/2237 2223/2223 2214/2214
f 2237/2237 2214/2214 2269/2269
f 2202/2202 2262/2262 2256/2256
f 2256/2256 2257/2257 2202/2202
f 2258/2258 2225/2225 2270/2270
f 2264/2264 2259/2259 2204/2204
f 2214/2214 2211/2211 2269/2269
f 2260/2260 2220/2220 2268/2268
f 2270/2270 2267/2267 2266/2266
f 2270/2270 2225/2225 2267/2267
f 2271/2271 2273/2273 2272/2272
f 2274/2274 2276/2276 2275/2275
f 2273/2273 2278/2278 2277/2277
f 2276/2276 2279/2279 2275/2275
f 2278/2278 2271/2271 2280/2280
f 2281/2281 2276/2276 2282/2282
f 2273/2273 2282/2282 2272/2272
f 2273/2273 2271/2271 2278/2278
f 2280/2280 2274/2274 2275/2275
f 2281/2281 2283/2283 2279/2279
f 2274/2274 2280/2280 2271/2271
f 2284/2284 2285/2285 2283/2283
f 2284/2284 2283/2283 2281/2281
f 2279/2279 2276/2276 2281/2281
f 2281/2281 2282/2282 2273/2273
f 2277/2277 2278/2278 2285/2285
f 2277/2277 2285/2285 2284/2284
f 2286/2286 2288/2288 2287/2287
f 2286/2286 2289/2289 2288/2288
f 2289/2289 2286/2286 2290/2290
f 2289/2289 2290/2290 2291/2291
f 2292/2292 2293/2293 2290/2290
f 2290/2290 2293/2293 2291/2291
f 2294/2294 2293/2293 2292/2292
f 2294/2294 2295/2295 2293/2293
f 2295/2295 2294/2294 2296/2296
f 2296/2296 2297/2297 2295/2295
f 2297/2297 2296/2296 2298/2298
f 2298/2298 2299/2299 2297/2297
f 2298/2298 2300/2300 2299/2299
f 2299/2299 2300/2300 2301/2301
f 2302/2302 2301/2301 2300/2300
f 2301/2301 2302/2302 2303/2303
f 2302/2302 2304/2304 2303/2303
f 2303/2303 2304/2304 2305/2305
f 2304/2304 2306/2306 2305/2305
f 2305/2305 2306/2306 2307/2307
f 2307/2307 2306/2306 2308/2308
f 2307/2307 2308/2308 2309/2309
f 2309/2309 2308/2308 2310/2310
f 2309/2309 2310/2310 2311/2311
f 2311/2311 2310/2310 2312/2312
f 2311/2311 2312/2312 2313/2313
f 2313/2313 2312/2312 2314/2314
f 2313/2313 2314/2314 2315/2315
f 2315/2315 2314/2314 2316/2316
f 2315/2315 2316/2316 2317/2317
f 2317/2317 2316/2316 2318/2318
f 2317/2317 2318/2318 2319/2319
f 2319/2319 2318/2318 2320/2320
f 2320/2320 2318/2318 2321/2321
f 2320/2320 2323/2323 2322/2322
f 2322/2322 2323/2323 2324/2324
f 2323/2323 2326/2326 2325/2325
f 2322/2322 2324/2324 2327/2327
f 2322/2322 2327/2327 2328/2328
f 2329/2329 2331/2331 2330/2330
f 2320/2320 2326/2326 2323/2323
f 2323/2323 2325/2325 2331/2331
f 2327/2327 2329/2329 2328/2328
f 2331/2331 2329/2329 2332/2332
f 2328/2328 2329/2329 2321/2321
f 2321/2321 2329/2329 2330/2330
f 2330/2330 2333/2333 2321/2321
f 2320/2320 2333/2333 2326/2326
f 2331/2331 2332/2332 2323/2323
f 2321/2321 2333/2333 2320/2320
f 2322/2322 2328/2328 2334/2334
f 2334/2334 2328/2328 2335/2335
f 2334/2334 2335/2335 2336/2336
f 2336/2336 2335/2335 2337/2337
f 2336/2336 2337/2337 2338/2338
f 2338/2338 2337/2337 2339/2339
f 2338/2338 2339/2339 2340/2340
f 2340/2340 2339/2339 2341/2341
f 2340/2340 2341/2341 2342/2342
f 2342/2342 2341/2341 2343/2343
f 2342/2342 2343/2343 2344/2344
f 2344/2344 2343/2343 2345/2345
f 2343/2343 2346/2346 2345/2345
f 2345/2345 2346/2346 2347/2347
f 2345/2345 2347/2347 2348/2348
f 2347/2347 2349/2349 2348/2348
f 2348/2348 2349/2349 2350/2350
f 2350/2350 2349/2349 2351/2351
f 2352/2352 2354/2354 2353/2353
f 2353/2353 2354/2354 2355/2355
f 2353/2353 2355/2355 2351/2351
f 2351/2351 2355/2355 2350/2350
f 2354/2354 2352/2352 2356/2356
f 2356/2356 2352/2352 2357/2357
f 2356/2356 2357/2357 2358/2358
f 2358/2358 2357/2357 2359/2359
f 2358/2358 2359/2359 2360/2360
f 2361/2361 2363/2363 2362/2362
f 2362/2362 2363/2363 2360/2360
f 2362/2362 2360/2360 2359/2359
f 2361/2361 2364/2364 2363/2363
f 2365/2365 2367/2367 2366/2366
f 2366/2366 2367/2367 2364/2364
f 2366/2366 2364/2364 2361/2361
f 2368/2368 2369/2369 2365/2365
f 2365/2365 2369/2369 2367/2367
f 2369/2369 2368/2368 2370/2370
f 2370/2370 2368/2368 2371/2371
f 2372/2372 2374/2374 2373/2373
f 2372/2372 2373/2373 2371/2371
f 2371/2371 2373/2373 2370/2370
f 2374/2374 2372/2372 2375/2375
f 2376/2376 2374/2374 2375/2375
f 2376/2376 2375/2375 2377/2377
f 2377/2377 2375/2375 2378/2378
f 2378/2378 2379/2379 2377/2377
f 2378/2378 2380/2380 2379/2379
f 2381/2381 2382/2382 2380/2380
f 2380/2380 2382/2382 2379/2379
f 2382/2382 2381/2381 2383/2383
f 2383/2383 2384/2384 2382/2382
f 2385/2385 2384/2384 2383/2383
f 2384/2384 2385/2385 2386/2386
f 2386/2386 2385/2385 2387/2387
f 2387/2387 2385/2385 2388/2388
f 2389/2389 2387/2387 2388/2388
f 2388/2388 2390/2390 2389/2389
f 2389/2389 2390/2390 2391/2391
f 2391/2391 2390/2390 2392/2392
f 2391/2391 2392/2392 2393/2393
f 2393/2393 2392/2392 2394/2394
f 2393/2393 2394/2394 2395/2395
f 2395/2395 2394/2394 2396/2396
f 2395/2395 2396/2396 2397/2397
f 2397/2397 2396/2396 2398/2398
f 2397/2397 2398/2398 2399/2399
f 2400/2400 2402/2402 2401/2401
f 2401/2401 2402/2402 2403/2403
f 2401/2401 2403/2403 2399/2399
f 2401/2401 2399/2399 2398/2398
f 2277/2277 2284/2284 2404/2404
f 2277/2277 2404/2404 2405/2405
f 2405/2405 2404/2404 2400/2400
f 2400/2400 2404/2404 2402/2402
f 2273/2273 2406/2406 2281/2281
f 2407/2407 2408/2408 2273/2273
f 2273/2273 2408/2408 2406/2406
f 2408/2408 2407/2407 2409/2409
f 2408/2408 2409/2409 2410/2410
f 2410/2410 2409/2409 2411/2411
f 2411/2411 2412/2412 2410/2410
f 2413/2413 2412/2412 2411/2411
f 2413/2413 2414/2414 2412/2412
f 2414/2414 2413/2413 2415/2415
f 2415/2415 2416/2416 2414/2414
f 2417/2417 2416/2416 2415/2415
f 2415/2415 2418/2418 2417/2417
f 2418/2418 2419/2419 2417/2417
f 2420/2420 2419/2419 2418/2418
f 2420/2420 2421/2421 2419/2419
f 2422/2422 2421/2421 2420/2420
f 2423/2423 2424/2424 2422/2422
f 2422/2422 2424/2424 2421/2421
f 2425/2425 2424/2424 2423/2423
f 2425/2425 2426/2426 2424/2424
f 2426/2426 2425/2425 2427/2427
f 2426/2426 2427/2427 2428/2428
f 2429/2429 2428/2428 2427/2427
f 2429/2429 2430/2430 2428/2428
f 2431/2431 2432/2432 2430/2430
f 2431/2431 2430/2430 2429/2429
f 2431/2431 2433/2433 2432/2432
f 2432/2432 2433/2433 2434/2434
f 2435/2435 2436/2436 2434/2434
f 2435/2435 2434/2434 2433/2433
f 2437/2437 2439/2439 2438/2438
f 2437/2437 2438/2438 2440/2440
f 2440/2440 2438/2438 2435/2435
f 2435/2435 2438/2438 2436/2436
f 2439/2439 2437/2437 2441/2441
f 2441/2441 2442/2442 2439/2439
f 2441/2441 2287/2287 2442/2442
f 2442/2442 2287/2287 2288/2288
f 2443/2443 2373/2373 2444/2444
f 2374/2374 2444/2444 2373/2373
f 2374/2374 2376/2376 2444/2444
f 2444/2444 2376/2376 2445/2445
f 2377/2377 2445/2445 2376/2376
f 2445/2445 2377/2377 2446/2446
f 2377/2377 2447/2447 2446/2446
f 2447/2447 2377/2377 2379/2379
f 2447/2447 2382/2382 2448/2448
f 2379/2379 2382/2382 2447/2447
f 2449/2449 2448/2448 2382/2382
f 2449/2449 2382/2382 2384/2384
f 2386/2386 2449/2449 2384/2384
f 2450/2450 2451/2451 2449/2449
f 2450/2450 2449/2449 2386/2386
f 2387/2387 2450/2450 2386/2386
f 2452/2452 2451/2451 2450/2450
f 2387/2387 2389/2389 2450/2450
f 2452/2452 2450/2450 2453/2453
f 2391/2391 2453/2453 2450/2450
f 2391/2391 2450/2450 2389/2389
f 2391/2391 2454/2454 2453/2453
f 2393/2393 2455/2455 2391/2391
f 2391/2391 2455/2455 2454/2454
f 2455/2455 2456/2456 2454/2454
f 2395/2395 2455/2455 2393/2393
f 2397/2397 2455/2455 2395/2395
f 2457/2457 2456/2456 2455/2455
f 2455/2455 2397/2397 2458/2458
f 2455/2455 2458/2458 2457/2457
f 2457/2457 2458/2458 2459/2459
f 2458/2458 2397/2397 2403/2403
f 2397/2397 2399/2399 2403/2403
f 2460/2460 2458/2458 2403/2403
f 2460/2460 2461/2461 2458/2458
f 2403/2403 2402/2402 2404/2404
f 2403/2403 2404/2404 2460/2460
f 2462/2462 2460/2460 2463/2463
f 2463/2463 2460/2460 2404/2404
f 2463/2463 2465/2465 2464/2464
f 2404/2404 2465/2465 2463/2463
f 2284/2284 2465/2465 2404/2404
f 2360/2360 2467/2467 2466/2466
f 2468/2468 2470/2470 2469/2469
f 2364/2364 2367/2367 2470/2470
f 2364/2364 2470/2470 2468/2468
f 2468/2468 2471/2471 2364/2364
f 2364/2364 2471/2471 2363/2363
f 2471/2471 2467/2467 2360/2360
f 2471/2471 2360/2360 2363/2363
f 2360/2360 2466/2466 2356/2356
f 2356/2356 2466/2466 2472/2472
f 2358/2358 2360/2360 2356/2356
f 2354/2354 2356/2356 2472/2472
f 2472/2472 2474/2474 2473/2473
f 2472/2472 2473/2473 2354/2354
f 2354/2354 2473/2473 2355/2355
f 2350/2350 2355/2355 2475/2475
f 2475/2475 2355/2355 2473/2473
f 2475/2475 2477/2477 2476/2476
f 2475/2475 2476/2476 2348/2348
f 2350/2350 2475/2475 2348/2348
f 2476/2476 2479/2479 2478/2478
f 2476/2476 2478/2478 2344/2344
f 2476/2476 2344/2344 2345/2345
f 2477/2477 2479/2479 2476/2476
f 2348/2348 2476/2476 2345/2345
f 2478/2478 2480/2480 2342/2342
f 2344/2344 2478/2478 2342/2342
f 2480/2480 2481/2481 2340/2340
f 2342/2342 2480/2480 2340/2340
f 2482/2482 2484/2484 2483/2483
f 2483/2483 2484/2484 2485/2485
f 2484/2484 2486/2486 2334/2334
f 2484/2484 2336/2336 2485/2485
f 2484/2484 2334/2334 2336/2336
f 2485/2485 2336/2336 2338/2338
f 2486/2486 2322/2322 2334/2334
f 2481/2481 2485/2485 2340/2340
f 2340/2340 2485/2485 2338/2338
f 2487/2487 2489/2489 2488/2488
f 2490/2490 2488/2488 2491/2491
f 2492/2492 2494/2494 2493/2493
f 2492/2492 2493/2493 2495/2495
f 2495/2495 2493/2493 2496/2496
f 2497/2497 2499/2499 2498/2498
f 2500/2500 2502/2502 2501/2501
f 2503/2503 2301/2301 2504/2504
f 2504/2504 2301/2301 2494/2494
f 2496/2496 2493/2493 2505/2505
f 2496/2496 2505/2505 2506/2506
f 2501/2501 2502/2502 2489/2489
f 2491/2491 2299/2299 2503/2503
f 2503/2503 2299/2299 2301/2301
f 2494/2494 2301/2301 2303/2303
f 2494/2494 2303/2303 2493/2493
f 2499/2499 2506/2506 2313/2313
f 2499/2499 2313/2313 2498/2498
f 2498/2498 2319/2319 2507/2507
f 2507/2507 2319/2319 2508/2508
f 2489/2489 2293/2293 2488/2488
f 2488/2488 2293/2293 2295/2295
f 2488/2488 2295/2295 2491/2491
f 2491/2491 2295/2295 2297/2297
f 2491/2491 2297/2297 2299/2299
f 2303/2303 2305/2305 2493/2493
f 2506/2506 2505/2505 2313/2313
f 2313/2313 2317/2317 2498/2498
f 2498/2498 2317/2317 2319/2319
f 2508/2508 2319/2319 2320/2320
f 2502/2502 2289/2289 2489/2489
f 2489/2489 2291/2291 2293/2293
f 2305/2305 2307/2307 2493/2493
f 2493/2493 2307/2307 2309/2309
f 2493/2493 2309/2309 2505/2505
f 2502/2502 2288/2288 2289/2289
f 2289/2289 2291/2291 2489/2489
f 2505/2505 2309/2309 2311/2311
f 2505/2505 2311/2311 2313/2313
f 2313/2313 2315/2315 2317/2317
f 2406/2406 2408/2408 2410/2410
f 2509/2509 2419/2419 2421/2421
f 2509/2509 2421/2421 2424/2424
f 2417/2417 2414/2414 2416/2416
f 2424/2424 2426/2426 2428/2428
f 2430/2430 2432/2432 2510/2510
f 2510/2510 2432/2432 2434/2434
f 2511/2511 2436/2436 2438/2438
f 2512/2512 2514/2514 2513/2513
f 2515/2515 2509/2509 2516/2516
f 2516/2516 2509/2509 2517/2517
f 2518/2518 2510/2510 2519/2519
f 2520/2520 2511/2511 2521/2521
f 2522/2522 2523/2523 2412/2412
f 2522/2522 2412/2412 2524/2524
f 2525/2525 2417/2417 2526/2526
f 2526/2526 2509/2509 2515/2515
f 2518/2518 2527/2527 2510/2510
f 2513/2513 2514/2514 2406/2406
f 2523/2523 2513/2513 2410/2410
f 2524/2524 2412/2412 2525/2525
f 2526/2526 2417/2417 2509/2509
f 2509/2509 2424/2424 2517/2517
f 2517/2517 2424/2424 2528/2528
f 2528/2528 2424/2424 2527/2527
f 2519/2519 2510/2510 2529/2529
f 2521/2521 2511/2511 2530/2530
f 2513/2513 2406/2406 2410/2410
f 2523/2523 2410/2410 2412/2412
f 2412/2412 2414/2414 2525/2525
f 2525/2525 2414/2414 2417/2417
f 2509/2509 2417/2417 2419/2419
f 2527/2527 2424/2424 2428/2428
f 2527/2527 2428/2428 2430/2430
f 2527/2527 2430/2430 2510/2510
f 2510/2510 2434/2434 2529/2529
f 2529/2529 2434/2434 2436/2436
f 2529/2529 2436/2436 2511/2511
f 2511/2511 2438/2438 2530/2530
f 2530/2530 2438/2438 2439/2439
f 2369/2369 2370/2370 2373/2373
f 2369/2369 2373/2373 2531/2531
f 2531/2531 2373/2373 2443/2443
f 2531/2531 2443/2443 2532/2532
f 2532/2532 2443/2443 2533/2533
f 2367/2367 2369/2369 2470/2470
f 2470/2470 2369/2369 2531/2531
f 2470/2470 2531/2531 2532/2532
f 2470/2470 2532/2532 2469/2469
f 2469/2469 2535/2535 2534/2534
f 2469/2469 2534/2534 2468/2468
f 2468/2468 2534/2534 2471/2471
f 2534/2534 2536/2536 2471/2471
f 2471/2471 2536/2536 2467/2467
f 2536/2536 2537/2537 2467/2467
f 2467/2467 2537/2537 2538/2538
f 2467/2467 2538/2538 2466/2466
f 2466/2466 2538/2538 2539/2539
f 2466/2466 2539/2539 2472/2472
f 2472/2472 2539/2539 2540/2540
f 2472/2472 2540/2540 2474/2474
f 2474/2474 2540/2540 2541/2541
f 2474/2474 2541/2541 2473/2473
f 2473/2473 2541/2541 2475/2475
f 2475/2475 2541/2541 2542/2542
f 2475/2475 2542/2542 2477/2477
f 2542/2542 2543/2543 2477/2477
f 2477/2477 2543/2543 2479/2479
f 2543/2543 2544/2544 2479/2479
f 2544/2544 2545/2545 2479/2479
f 2479/2479 2545/2545 2478/2478
f 2478/2478 2545/2545 2546/2546
f 2478/2478 2546/2546 2480/2480
f 2480/2480 2546/2546 2481/2481
f 2546/2546 2547/2547 2481/2481
f 2481/2481 2547/2547 2485/2485
f 2547/2547 2548/2548 2485/2485
f 2485/2485 2548/2548 2483/2483
f 2548/2548 2549/2549 2483/2483
f 2483/2483 2549/2549 2482/2482
f 2482/2482 2549/2549 2550/2550
f 2320/2320 2322/2322 2486/2486
f 2486/2486 2508/2508 2320/2320
f 2486/2486 2484/2484 2508/2508
f 2508/2508 2484/2484 2507/2507
f 2482/2482 2551/2551 2484/2484
f 2484/2484 2551/2551 2507/2507
f 2552/2552 2553/2553 2551/2551
f 2551/2551 2553/2553 2507/2507
f 2507/2507 2553/2553 2498/2498
f 2498/2498 2553/2553 2554/2554
f 2554/2554 2555/2555 2498/2498
f 2498/2498 2555/2555 2497/2497
f 2497/2497 2555/2555 2499/2499
f 2499/2499 2555/2555 2556/2556
f 2499/2499 2556/2556 2557/2557
f 2499/2499 2557/2557 2506/2506
f 2557/2557 2558/2558 2506/2506
f 2506/2506 2558/2558 2496/2496
f 2496/2496 2558/2558 2559/2559
f 2496/2496 2559/2559 2495/2495
f 2559/2559 2560/2560 2495/2495
f 2495/2495 2560/2560 2561/2561
f 2495/2495 2561/2561 2492/2492
f 2492/2492 2561/2561 2562/2562
f 2492/2492 2562/2562 2494/2494
f 2494/2494 2562/2562 2504/2504
f 2504/2504 2562/2562 2563/2563
f 2504/2504 2563/2563 2503/2503
f 2563/2563 2564/2564 2503/2503
f 2503/2503 2564/2564 2491/2491
f 2564/2564 2565/2565 2491/2491
f 2491/2491 2565/2565 2490/2490
f 2490/2490 2565/2565 2566/2566
f 2490/2490 2566/2566 2488/2488
f 2488/2488 2566/2566 2567/2567
f 2488/2488 2567/2567 2487/2487
f 2487/2487 2567/2567 2568/2568
f 2487/2487 2568/2568 2569/2569
f 2487/2487 2569/2569 2489/2489
f 2489/2489 2569/2569 2501/2501
f 2501/2501 2569/2569 2570/2570
f 2501/2501 2570/2570 2500/2500
f 2570/2570 2571/2571 2500/2500
f 2500/2500 2571/2571 2572/2572
f 2573/2573 2500/2500 2574/2574
f 2500/2500 2573/2573 2502/2502
f 2575/2575 2502/2502 2573/2573
f 2442/2442 2288/2288 2502/2502
f 2442/2442 2502/2502 2575/2575
f 2573/2573 2530/2530 2575/2575
f 2575/2575 2530/2530 2439/2439
f 2575/2575 2439/2439 2442/2442
f 2574/2574 2521/2521 2573/2573
f 2573/2573 2521/2521 2530/2530
f 2576/2576 2521/2521 2577/2577
f 2521/2521 2576/2576 2578/2578
f 2521/2521 2578/2578 2520/2520
f 2520/2520 2578/2578 2579/2579
f 2520/2520 2579/2579 2511/2511
f 2511/2511 2579/2579 2529/2529
f 2529/2529 2579/2579 2580/2580
f 2529/2529 2580/2580 2519/2519
f 2581/2581 2519/2519 2580/2580
f 2519/2519 2581/2581 2518/2518
f 2581/2581 2582/2582 2518/2518
f 2518/2518 2582/2582 2527/2527
f 2582/2582 2583/2583 2527/2527
f 2527/2527 2583/2583 2528/2528
f 2528/2528 2583/2583 2584/2584
f 2528/2528 2584/2584 2517/2517
f 2517/2517 2584/2584 2516/2516
f 2516/2516 2584/2584 2585/2585
f 2585/2585 2586/2586 2516/2516
f 2516/2516 2586/2586 2515/2515
f 2526/2526 2515/2515 2586/2586
f 2586/2586 2587/2587 2526/2526
f 2587/2587 2588/2588 2526/2526
f 2526/2526 2588/2588 2525/2525
f 2525/2525 2588/2588 2524/2524
f 2588/2588 2589/2589 2524/2524
f 2524/2524 2589/2589 2522/2522
f 2522/2522 2589/2589 2590/2590
f 2522/2522 2590/2590 2591/2591
f 2522/2522 2591/2591 2523/2523
f 2523/2523 2591/2591 2592/2592
f 2523/2523 2592/2592 2513/2513
f 2592/2592 2593/2593 2513/2513
f 2513/2513 2593/2593 2512/2512
f 2512/2512 2593/2593 2594/2594
f 2572/2572 2596/2596 2595/2595
f 2597/2597 2521/2521 2574/2574
f 2598/2598 2576/2576 2597/2597
f 2597/2597 2576/2576 2577/2577
f 2597/2597 2577/2577 2521/2521
f 2598/2598 2600/2600 2599/2599
f 2598/2598 2599/2599 2601/2601
f 2598/2598 2603/2603 2602/2602
f 2598/2598 2602/2602 2604/2604
f 2576/2576 2598/2598 2605/2605
f 2601/2601 2606/2606 2598/2598
f 2598/2598 2604/2604 2600/2600
f 2598/2598 2606/2606 2605/2605
f 2572/2572 2607/2607 2596/2596
f 2608/2608 2607/2607 2609/2609
f 2609/2609 2607/2607 2610/2610
f 2611/2611 2612/2612 2607/2607
f 2613/2613 2610/2610 2607/2607
f 2607/2607 2612/2612 2613/2613
f 2607/2607 2614/2614 2611/2611
f 2607/2607 2572/2572 2571/2571
f 2607/2607 2571/2571 2614/2614
f 2615/2615 2574/2574 2595/2595
f 2595/2595 2574/2574 2500/2500
f 2595/2595 2500/2500 2572/2572
f 2595/2595 2596/2596 2615/2615
f 2597/2597 2574/2574 2615/2615
f 2597/2597 2615/2615 2598/2598
f 2616/2616 2603/2603 2598/2598
f 2617/2617 2616/2616 2598/2598
f 2616/2616 2596/2596 2608/2608
f 2596/2596 2607/2607 2608/2608
f 2596/2596 2616/2616 2617/2617
f 2512/2512 2463/2463 2514/2514
f 2514/2514 2463/2463 2464/2464
f 2464/2464 2406/2406 2514/2514
f 2281/2281 2406/2406 2465/2465
f 2464/2464 2465/2465 2406/2406
f 2465/2465 2284/2284 2281/2281
f 2463/2463 2618/2618 2462/2462
f 2462/2462 2618/2618 2619/2619
f 2462/2462 2619/2619 2460/2460
f 2460/2460 2619/2619 2620/2620
f 2460/2460 2620/2620 2461/2461
f 2461/2461 2620/2620 2621/2621
f 2461/2461 2621/2621 2458/2458
f 2458/2458 2621/2621 2459/2459
f 2621/2621 2622/2622 2459/2459
f 2459/2459 2622/2622 2457/2457
f 2457/2457 2622/2622 2456/2456
f 2456/2456 2622/2622 2623/2623
f 2456/2456 2623/2623 2454/2454
f 2623/2623 2624/2624 2454/2454
f 2454/2454 2624/2624 2625/2625
f 2454/2454 2625/2625 2453/2453
f 2453/2453 2625/2625 2626/2626
f 2453/2453 2626/2626 2452/2452
f 2452/2452 2626/2626 2451/2451
f 2626/2626 2627/2627 2451/2451
f 2451/2451 2627/2627 2449/2449
f 2449/2449 2627/2627 2628/2628
f 2449/2449 2628/2628 2629/2629
f 2449/2449 2629/2629 2448/2448
f 2448/2448 2629/2629 2447/2447
f 2629/2629 2630/2630 2447/2447
f 2447/2447 2630/2630 2631/2631
f 2447/2447 2631/2631 2446/2446
f 2446/2446 2631/2631 2445/2445
f 2445/2445 2631/2631 2632/2632
f 2445/2445 2632/2632 2444/2444
f 2444/2444 2632/2632 2633/2633
f 2444/2444 2633/2633 2443/2443
f 2443/2443 2633/2633 2634/2634
f 2443/2443 2634/2634 2533/2533
f 2618/2618 2463/2463 2594/2594
f 2594/2594 2463/2463 2512/2512
f 2552/2552 2551/2551 2550/2550
f 2550/2550 2551/2551 2482/2482
f 2532/2532 2636/2636 2635/2635
f 2637/2637 2636/2636 2532/2532
f 2532/2532 2639/2639 2638/2638
f 2532/2532 2640/2640 2639/2639
f 2640/2640 2532/2532 2635/2635
f 2532/2532 2638/2638 2641/2641
f 2642/2642 2637/2637 2532/2532
f 2535/2535 2469/2469 2641/2641
f 2641/2641 2469/2469 2532/2532
f 2533/2533 2634/2634 2532/2532
f 2532/2532 2634/2634 2642/2642
f 2643/2643 2644/2644 2640/2640
f 2643/2643 2640/2640 2635/2635
f 2645/2645 2646/2646 2643/2643
f 2643/2643 2646/2646 2644/2644
f 2645/2645 2648/2648 2647/2647
f 2647/2647 2646/2646 2645/2645
f 2649/2649 2651/2651 2650/2650
f 2652/2652 2653/2653 2650/2650
f 2650/2650 2653/2653 2649/2649
f 2650/2650 2651/2651 2654/2654
f 2651/2651 2655/2655 2654/2654
f 2655/2655 2656/2656 2654/2654
f 2656/2656 2655/2655 2657/2657
f 2657/2657 2658/2658 2656/2656
f 2658/2658 2657/2657 2659/2659
f 2659/2659 2657/2657 2660/2660
f 2659/2659 2660/2660 2661/2661
f 2661/2661 2660/2660 2662/2662
f 2663/2663 2665/2665 2664/2664
f 2663/2663 2666/2666 2665/2665
f 2665/2665 2667/2667 2664/2664
f 2664/2664 2667/2667 2668/2668
f 2664/2664 2668/2668 2669/2669
f 2664/2664 2669/2669 2670/2670
f 2671/2671 2670/2670 2672/2672
f 2669/2669 2672/2672 2670/2670
f 2673/2673 2674/2674 2671/2671
f 2671/2671 2672/2672 2673/2673
f 2675/2675 2674/2674 2673/2673
f 2674/2674 2675/2675 2676/2676
f 2677/2677 2676/2676 2675/2675
f 2676/2676 2677/2677 2678/2678
f 2678/2678 2677/2677 2662/2662
f 2662/2662 2677/2677 2661/2661
f 2679/2679 2681/2681 2680/2680
f 2680/2680 2681/2681 2682/2682
f 2683/2683 2685/2685 2684/2684
f 2684/2684 2685/2685 2686/2686
f 2684/2684 2686/2686 2687/2687
f 2684/2684 2687/2687 2688/2688
f 2688/2688 2687/2687 2689/2689
f 2689/2689 2687/2687 2690/2690
f 2689/2689 2690/2690 2691/2691
f 2691/2691 2690/2690 2692/2692
f 2691/2691 2692/2692 2693/2693
f 2693/2693 2692/2692 2694/2694
f 2693/2693 2694/2694 2695/2695
f 2695/2695 2694/2694 2696/2696
f 2696/2696 2694/2694 2697/2697
f 2698/2698 2700/2700 2699/2699
f 2699/2699 2700/2700 2701/2701
f 2699/2699 2701/2701 2702/2702
f 2702/2702 2701/2701 2703/2703
f 2703/2703 2701/2701 2704/2704
f 2703/2703 2704/2704 2705/2705
f 2705/2705 2704/2704 2706/2706
f 2705/2705 2706/2706 2707/2707
f 2707/2707 2706/2706 2708/2708
f 2707/2707 2708/2708 2709/2709
f 2709/2709 2708/2708 2710/2710
f 2711/2711 2713/2713 2712/2712
f 2712/2712 2713/2713 2714/2714
f 2715/2715 2714/2714 2716/2716
f 2715/2715 2716/2716 2717/2717
f 2715/2715 2717/2717 2718/2718
f 2718/2718 2717/2717 2719/2719
f 2679/2679 2680/2680 2720/2720
f 2720/2720 2680/2680 2721/2721
f 2720/2720 2721/2721 2722/2722
f 2723/2723 2725/2725 2724/2724
f 2726/2726 2724/2724 2725/2725
f 2727/2727 2729/2729 2728/2728
f 2730/2730 2729/2729 2727/2727
f 2731/2731 2729/2729 2730/2730
f 2731/2731 2732/2732 2729/2729
f 2732/2732 2731/2731 2733/2733
f 2732/2732 2733/2733 2734/2734
f 2732/2732 2734/2734 2735/2735
f 2734/2734 2736/2736 2735/2735
f 2735/2735 2736/2736 2737/2737
f 2737/2737 2736/2736 2738/2738
f 2738/2738 2739/2739 2737/2737
f 2739/2739 2738/2738 2740/2740
f 2738/2738 2741/2741 2740/2740
f 2740/2740 2741/2741 2742/2742
f 2742/2742 2743/2743 2740/2740
f 2742/2742 2744/2744 2743/2743
f 2743/2743 2744/2744 2745/2745
f 2745/2745 2744/2744 2746/2746
f 2745/2745 2746/2746 2747/2747
f 2747/2747 2746/2746 2748/2748
f 2747/2747 2748/2748 2749/2749
f 2749/2749 2748/2748 2750/2750
f 2751/2751 2706/2706 2704/2704
f 2752/2752 2710/2710 2708/2708
f 2752/2752 2708/2708 2706/2706
f 2753/2753 2751/2751 2704/2704
f 2753/2753 2704/2704 2701/2701
f 2754/2754 2701/2701 2700/2700
f 2751/2751 2752/2752 2706/2706
f 2754/2754 2753/2753 2701/2701
f 2755/2755 2752/2752 2751/2751
f 2756/2756 2755/2755 2751/2751
f 2756/2756 2751/2751 2753/2753
f 2755/2755 2756/2756 2757/2757
f 2753/2753 2754/2754 2758/2758
f 2757/2757 2756/2756 2759/2759
f 2753/2753 2760/2760 2756/2756
f 2760/2760 2759/2759 2756/2756
f 2758/2758 2760/2760 2753/2753
f 2761/2761 2759/2759 2760/2760
f 2762/2762 2761/2761 2760/2760
f 2762/2762 2763/2763 2761/2761
f 2760/2760 2758/2758 2764/2764
f 2765/2765 2763/2763 2762/2762
f 2766/2766 2764/2764 2758/2758
f 2762/2762 2760/2760 2764/2764
f 2767/2767 2765/2765 2762/2762
f 2767/2767 2762/2762 2768/2768
f 2768/2768 2762/2762 2764/2764
f 2769/2769 2765/2765 2767/2767
f 2768/2768 2764/2764 2766/2766
f 2770/2770 2769/2769 2767/2767
f 2770/2770 2767/2767 2768/2768
f 2771/2771 2770/2770 2768/2768
f 2772/2772 2770/2770 2771/2771
f 2773/2773 2770/2770 2772/2772
f 2774/2774 2768/2768 2766/2766
f 2775/2775 2774/2774 2766/2766
f 2774/2774 2771/2771 2768/2768
f 2776/2776 2772/2772 2771/2771
f 2776/2776 2777/2777 2772/2772
f 2778/2778 2776/2776 2771/2771
f 2647/2647 2777/2777 2776/2776
f 2778/2778 2771/2771 2774/2774
f 2694/2694 2779/2779 2697/2697
f 2780/2780 2782/2782 2781/2781
f 2783/2783 2784/2784 2779/2779
f 2783/2783 2779/2779 2690/2690
f 2690/2690 2779/2779 2694/2694
f 2690/2690 2694/2694 2692/2692
f 2785/2785 2787/2787 2786/2786
f 2788/2788 2781/2781 2789/2789
f 2789/2789 2791/2791 2790/2790
f 2792/2792 2791/2791 2783/2783
f 2792/2792 2783/2783 2690/2690
f 2792/2792 2690/2690 2793/2793
f 2793/2793 2690/2690 2687/2687
f 2794/2794 2788/2788 2789/2789
f 2795/2795 2789/2789 2790/2790
f 2790/2790 2791/2791 2796/2796
f 2796/2796 2791/2791 2792/2792
f 2797/2797 2799/2799 2798/2798
f 2798/2798 2788/2788 2800/2800
f 2800/2800 2788/2788 2801/2801
f 2802/2802 2790/2790 2796/2796
f 2803/2803 2792/2792 2793/2793
f 2686/2686 2793/2793 2687/2687
f 2784/2784 2781/2781 2782/2782
f 2782/2782 2805/2805 2804/2804
f 2783/2783 2791/2791 2784/2784
f 2784/2784 2791/2791 2781/2781
f 2782/2782 2780/2780 2786/2786
f 2782/2782 2786/2786 2805/2805
f 2805/2805 2786/2786 2787/2787
f 2791/2791 2789/2789 2781/2781
f 2781/2781 2788/2788 2780/2780
f 2780/2780 2788/2788 2786/2786
f 2788/2788 2798/2798 2786/2786
f 2786/2786 2798/2798 2785/2785
f 2789/2789 2795/2795 2806/2806
f 2789/2789 2806/2806 2794/2794
f 2794/2794 2801/2801 2788/2788
f 2798/2798 2799/2799 2785/2785
f 2785/2785 2799/2799 2807/2807
f 2648/2648 2807/2807 2799/2799
f 2796/2796 2792/2792 2808/2808
f 2808/2808 2792/2792 2803/2803
f 2803/2803 2793/2793 2686/2686
f 2809/2809 2811/2811 2810/2810
f 2812/2812 2814/2814 2813/2813
f 2812/2812 2813/2813 2815/2815
f 2813/2813 2816/2816 2815/2815
f 2815/2815 2816/2816 2817/2817
f 2817/2817 2816/2816 2818/2818
f 2817/2817 2818/2818 2819/2819
f 2819/2819 2818/2818 2820/2820
f 2819/2819 2820/2820 2821/2821
f 2821/2821 2820/2820 2822/2822
f 2820/2820 2823/2823 2822/2822
f 2822/2822 2823/2823 2824/2824
f 2823/2823 2825/2825 2824/2824
f 2825/2825 2826/2826 2824/2824
f 2825/2825 2827/2827 2826/2826
f 2826/2826 2827/2827 2809/2809
f 2826/2826 2809/2809 2810/2810
f 2810/2810 2811/2811 2828/2828
f 2829/2829 2828/2828 2811/2811
f 2829/2829 2830/2830 2828/2828
f 2831/2831 2830/2830 2829/2829
f 2814/2814 2812/2812 2832/2832
f 2833/2833 2835/2835 2834/2834
f 2836/2836 2838/2838 2837/2837
f 2837/2837 2838/2838 2839/2839
f 2840/2840 2835/2835 2833/2833
f 2836/2836 2841/2841 2838/2838
f 2840/2840 2842/2842 2835/2835
f 2834/2834 2843/2843 2833/2833
f 2833/2833 2843/2843 2844/2844
f 2845/2845 2841/2841 2836/2836
f 2839/2839 2846/2846 2837/2837
f 2839/2839 2832/2832 2846/2846
f 2847/2847 2844/2844 2843/2843
f 2848/2848 2832/2832 2839/2839
f 2849/2849 2841/2841 2845/2845
f 2847/2847 2850/2850 2844/2844
f 2851/2851 2850/2850 2847/2847
f 2851/2851 2847/2847 2852/2852
f 2832/2832 2848/2848 2814/2814
f 2853/2853 2842/2842 2840/2840
f 2849/2849 2854/2854 2841/2841
f 2853/2853 2855/2855 2842/2842
f 2853/2853 2856/2856 2855/2855
f 2857/2857 2856/2856 2853/2853
f 2854/2854 2849/2849 2858/2858
f 2854/2854 2858/2858 2859/2859
f 2856/2856 2857/2857 2858/2858
f 2858/2858 2857/2857 2859/2859
f 2860/2860 2861/2861 2726/2726
f 2860/2860 2862/2862 2861/2861
f 2860/2860 2863/2863 2862/2862
f 2862/2862 2863/2863 2864/2864
f 2864/2864 2863/2863 2865/2865
f 2864/2864 2865/2865 2866/2866
f 2865/2865 2867/2867 2866/2866
f 2866/2866 2867/2867 2868/2868
f 2866/2866 2868/2868 2869/2869
f 2868/2868 2870/2870 2869/2869
f 2869/2869 2870/2870 2871/2871
f 2870/2870 2872/2872 2871/2871
f 2871/2871 2872/2872 2873/2873
f 2872/2872 2874/2874 2873/2873
f 2873/2873 2874/2874 2875/2875
f 2875/2875 2874/2874 2876/2876
f 2875/2875 2876/2876 2877/2877
f 2877/2877 2876/2876 2878/2878
f 2878/2878 2879/2879 2877/2877
f 2879/2879 2878/2878 2880/2880
f 2880/2880 2878/2878 2851/2851
f 2880/2880 2851/2851 2852/2852
f 2722/2722 2882/2882 2881/2881
f 2883/2883 2784/2784 2782/2782
f 2784/2784 2883/2883 2884/2884
f 2723/2723 2885/2885 2882/2882
f 2723/2723 2882/2882 2722/2722
f 2722/2722 2881/2881 2720/2720
f 2720/2720 2881/2881 2695/2695
f 2723/2723 2724/2724 2885/2885
f 2885/2885 2724/2724 2886/2886
f 2804/2804 2887/2887 2883/2883
f 2804/2804 2883/2883 2782/2782
f 2886/2886 2724/2724 2861/2861
f 2861/2861 2724/2724 2726/2726
f 2830/2830 2831/2831 2804/2804
f 2804/2804 2831/2831 2887/2887
f 2784/2784 2884/2884 2779/2779
f 2681/2681 2779/2779 2884/2884
f 2720/2720 2695/2695 2696/2696
f 2720/2720 2696/2696 2679/2679
f 2679/2679 2696/2696 2681/2681
f 2681/2681 2696/2696 2697/2697
f 2681/2681 2697/2697 2779/2779
f 2684/2684 2688/2688 2683/2683
f 2688/2688 2888/2888 2683/2683
f 2693/2693 2695/2695 2691/2691
f 2889/2889 2688/2688 2689/2689
f 2889/2889 2689/2689 2691/2691
f 2890/2890 2683/2683 2888/2888
f 2688/2688 2889/2889 2888/2888
f 2889/2889 2691/2691 2695/2695
f 2891/2891 2892/2892 2888/2888
f 2891/2891 2888/2888 2889/2889
f 2893/2893 2891/2891 2889/2889
f 2894/2894 2891/2891 2893/2893
f 2893/2893 2889/2889 2895/2895
f 2895/2895 2889/2889 2695/2695
f 2881/2881 2895/2895 2695/2695
f 2896/2896 2894/2894 2893/2893
f 2897/2897 2896/2896 2893/2893
f 2898/2898 2897/2897 2893/2893
f 2898/2898 2893/2893 2895/2895
f 2899/2899 2897/2897 2898/2898
f 2900/2900 2898/2898 2895/2895
f 2881/2881 2900/2900 2895/2895
f 2899/2899 2898/2898 2901/2901
f 2900/2900 2902/2902 2898/2898
f 2898/2898 2902/2902 2901/2901
f 2903/2903 2901/2901 2902/2902
f 2904/2904 2902/2902 2900/2900
f 2904/2904 2900/2900 2881/2881
f 2904/2904 2881/2881 2882/2882
f 2905/2905 2903/2903 2902/2902
f 2902/2902 2906/2906 2905/2905
f 2902/2902 2904/2904 2906/2906
f 2885/2885 2904/2904 2882/2882
f 2906/2906 2907/2907 2905/2905
f 2908/2908 2906/2906 2904/2904
f 2908/2908 2904/2904 2885/2885
f 2909/2909 2907/2907 2906/2906
f 2910/2910 2908/2908 2885/2885
f 2906/2906 2908/2908 2909/2909
f 2907/2907 2909/2909 2911/2911
f 2907/2907 2911/2911 2912/2912
f 2910/2910 2885/2885 2886/2886
f 2602/2602 2911/2911 2909/2909
f 2908/2908 2913/2913 2909/2909
f 2908/2908 2910/2910 2913/2913
f 2683/2683 2709/2709 2685/2685
f 2685/2685 2709/2709 2710/2710
f 2914/2914 2916/2916 2915/2915
f 2917/2917 2915/2915 2918/2918
f 2917/2917 2918/2918 2919/2919
f 2920/2920 2916/2916 2914/2914
f 2914/2914 2917/2917 2921/2921
f 2921/2921 2917/2917 2922/2922
f 2922/2922 2917/2917 2919/2919
f 2920/2920 2914/2914 2923/2923
f 2923/2923 2914/2914 2924/2924
f 2924/2924 2921/2921 2925/2925
f 2925/2925 2921/2921 2922/2922
f 2609/2609 2927/2927 2926/2926
f 2926/2926 2927/2927 2928/2928
f 2929/2929 2924/2924 2925/2925
f 2930/2930 2931/2931 2705/2705
f 2930/2930 2705/2705 2707/2707
f 2698/2698 2699/2699 2919/2919
f 2698/2698 2919/2919 2918/2918
f 2699/2699 2702/2702 2932/2932
f 2699/2699 2932/2932 2919/2919
f 2915/2915 2916/2916 2933/2933
f 2702/2702 2703/2703 2932/2932
f 2932/2932 2934/2934 2919/2919
f 2915/2915 2917/2917 2914/2914
f 2703/2703 2705/2705 2932/2932
f 2932/2932 2705/2705 2934/2934
f 2934/2934 2935/2935 2919/2919
f 2919/2919 2935/2935 2922/2922
f 2916/2916 2920/2920 2936/2936
f 2705/2705 2931/2931 2934/2934
f 2921/2921 2924/2924 2914/2914
f 2936/2936 2920/2920 2927/2927
f 2931/2931 2937/2937 2934/2934
f 2934/2934 2937/2937 2935/2935
f 2935/2935 2937/2937 2938/2938
f 2935/2935 2938/2938 2939/2939
f 2935/2935 2939/2939 2922/2922
f 2922/2922 2939/2939 2940/2940
f 2922/2922 2940/2940 2925/2925
f 2920/2920 2923/2923 2928/2928
f 2920/2920 2928/2928 2927/2927
f 2941/2941 2923/2923 2924/2924
f 2930/2930 2707/2707 2709/2709
f 2942/2942 2766/2766 2943/2943
f 2716/2716 2918/2918 2717/2717
f 2717/2717 2918/2918 2915/2915
f 2933/2933 2717/2717 2915/2915
f 2942/2942 2775/2775 2766/2766
f 2933/2933 2719/2719 2717/2717
f 2716/2716 2698/2698 2918/2918
f 2943/2943 2766/2766 2758/2758
f 2943/2943 2758/2758 2944/2944
f 2942/2942 2945/2945 2775/2775
f 2946/2946 2947/2947 2933/2933
f 2933/2933 2947/2947 2719/2719
f 2775/2775 2945/2945 2728/2728
f 2728/2728 2945/2945 2727/2727
f 2714/2714 2698/2698 2716/2716
f 2713/2713 2698/2698 2714/2714
f 2700/2700 2698/2698 2713/2713
f 2758/2758 2754/2754 2944/2944
f 2944/2944 2754/2754 2700/2700
f 2944/2944 2700/2700 2711/2711
f 2711/2711 2700/2700 2713/2713
f 2948/2948 2950/2950 2949/2949
f 2949/2949 2951/2951 2948/2948
f 2952/2952 2951/2951 2949/2949
f 2952/2952 2953/2953 2951/2951
f 2952/2952 2954/2954 2953/2953
f 2953/2953 2954/2954 2955/2955
f 2955/2955 2954/2954 2956/2956
f 2957/2957 2955/2955 2956/2956
f 2956/2956 2958/2958 2957/2957
f 2957/2957 2958/2958 2959/2959
f 2958/2958 2960/2960 2959/2959
f 2960/2960 2961/2961 2959/2959
f 2962/2962 2961/2961 2960/2960
f 2961/2961 2962/2962 2963/2963
f 2963/2963 2962/2962 2964/2964
f 2963/2963 2964/2964 2965/2965
f 2965/2965 2964/2964 2966/2966
f 2967/2967 2966/2966 2964/2964
f 2966/2966 2967/2967 2968/2968
f 2967/2967 2969/2969 2968/2968
f 2969/2969 2970/2970 2968/2968
f 2970/2970 2969/2969 2947/2947
f 2947/2947 2946/2946 2970/2970
f 2971/2971 2973/2973 2972/2972
f 2974/2974 2976/2976 2975/2975
f 2974/2974 2975/2975 2977/2977
f 2978/2978 2972/2972 2973/2973
f 2974/2974 2977/2977 2979/2979
f 2980/2980 2973/2973 2971/2971
f 2981/2981 2972/2972 2978/2978
f 2982/2982 2976/2976 2974/2974
f 2977/2977 2983/2983 2979/2979
f 2973/2973 2980/2980 2984/2984
f 2948/2948 2985/2985 2950/2950
f 2972/2972 2981/2981 2986/2986
f 2982/2982 2987/2987 2976/2976
f 2988/2988 2983/2983 2977/2977
f 2986/2986 2981/2981 2989/2989
f 2988/2988 2985/2985 2983/2983
f 2990/2990 2984/2984 2980/2980
f 2988/2988 2950/2950 2985/2985
f 2750/2750 2986/2986 2989/2989
f 2750/2750 2989/2989 2749/2749
f 2990/2990 2991/2991 2984/2984
f 2992/2992 2987/2987 2982/2982
f 2991/2991 2990/2990 2993/2993
f 2987/2987 2992/2992 2994/2994
f 2991/2991 2993/2993 2992/2992
f 2992/2992 2993/2993 2994/2994
f 2845/2845 2836/2836 2837/2837
f 2995/2995 2996/2996 2858/2858
f 2995/2995 2858/2858 2849/2849
f 2995/2995 2849/2849 2997/2997
f 2997/2997 2849/2849 2845/2845
f 2998/2998 2997/2997 2845/2845
f 2624/2624 2845/2845 2837/2837
f 2624/2624 2998/2998 2845/2845
f 2630/2630 2846/2846 2999/2999
f 3000/3000 2995/2995 2997/2997
f 2624/2624 2837/2837 2626/2626
f 2630/2630 2837/2837 2846/2846
f 3000/3000 2997/2997 2620/2620
f 2625/2625 2624/2624 2626/2626
f 2626/2626 2837/2837 2627/2627
f 2627/2627 2837/2837 2630/2630
f 2630/2630 2999/2999 2631/2631
f 2622/2622 2997/2997 2998/2998
f 2622/2622 2998/2998 2623/2623
f 2623/2623 2998/2998 2624/2624
f 2618/2618 3000/3000 2619/2619
f 2619/2619 3000/3000 2620/2620
f 2620/2620 2997/2997 2621/2621
f 2621/2621 2997/2997 2622/2622
f 2628/2628 2627/2627 2630/2630
f 2628/2628 2630/2630 2629/2629
f 2999/2999 2632/2632 2631/2631
f 2832/2832 2999/2999 2846/2846
f 2633/2633 2632/2632 2999/2999
f 3001/3001 2633/2633 2999/2999
f 3001/3001 2999/2999 2832/2832
f 2633/2633 3001/3001 2634/2634
f 2534/2534 2535/2535 3002/3002
f 2534/2534 3002/3002 2536/2536
f 2540/2540 2539/2539 2541/2541
f 2543/2543 2542/2542 2544/2544
f 2550/2550 2549/2549 3003/3003
f 3002/3002 2537/2537 2536/2536
f 2539/2539 3004/3004 2541/2541
f 2545/2545 2544/2544 3005/3005
f 2545/2545 3005/3005 2546/2546
f 2548/2548 2547/2547 2549/2549
f 2538/2538 2537/2537 2978/2978
f 2539/2539 2538/2538 3004/3004
f 2541/2541 3004/3004 2542/2542
f 2546/2546 3005/3005 2547/2547
f 2538/2538 2978/2978 3004/3004
f 2547/2547 3006/3006 2549/2549
f 2549/2549 3006/3006 3007/3007
f 2549/2549 3007/3007 3003/3003
f 3002/3002 2989/2989 2537/2537
f 2542/2542 2973/2973 2544/2544
f 2544/2544 2973/2973 3005/3005
f 3005/3005 3006/3006 2547/2547
f 2989/2989 2981/2981 2537/2537
f 2537/2537 2981/2981 2978/2978
f 3007/3007 3006/3006 3008/3008
f 3004/3004 2978/2978 2973/2973
f 3004/3004 2973/2973 2542/2542
f 3005/3005 2984/2984 3006/3006
f 3006/3006 2984/2984 3008/3008
f 3005/3005 2973/2973 2984/2984
f 2984/2984 2991/2991 3008/3008
f 2569/2569 2568/2568 3009/3009
f 3009/3009 2568/2568 2567/2567
f 2563/2563 2562/2562 3010/3010
f 2979/2979 2563/2563 2974/2974
f 2974/2974 2563/2563 3010/3010
f 3010/3010 2558/2558 2974/2974
f 2974/2974 2558/2558 2982/2982
f 2983/2983 3011/3011 2979/2979
f 2557/2557 2556/2556 2558/2558
f 2559/2559 3010/3010 2560/2560
f 2560/2560 3010/3010 2561/2561
f 2561/2561 3010/3010 2562/2562
f 2566/2566 2565/2565 2567/2567
f 2570/2570 2569/2569 3012/3012
f 2570/2570 3012/3012 2571/2571
f 2553/2553 3013/3013 2554/2554
f 2555/2555 2554/2554 2556/2556
f 2558/2558 3010/3010 2559/2559
f 2564/2564 3011/3011 2565/2565
f 2565/2565 3011/3011 2567/2567
f 2569/2569 3009/3009 3012/3012
f 3013/3013 3014/3014 2554/2554
f 2554/2554 3014/3014 2556/2556
f 2556/2556 3014/3014 2982/2982
f 2556/2556 2982/2982 2558/2558
f 2563/2563 2979/2979 2564/2564
f 2564/2564 2979/2979 3011/3011
f 2567/2567 3011/3011 3009/3009
f 3009/3009 2985/2985 3012/3012
f 3011/3011 2983/2983 3009/3009
f 3009/3009 2983/2983 2985/2985
f 2982/2982 3014/3014 2992/2992
f 2579/2579 2578/2578 2580/2580
f 2580/2580 3015/3015 2581/2581
f 2581/2581 3015/3015 2582/2582
f 2585/2585 2584/2584 2586/2586
f 2592/2592 2591/2591 2593/2593
f 2582/2582 3016/3016 2583/2583
f 2583/2583 3016/3016 2584/2584
f 2586/2586 3017/3017 2587/2587
f 2587/2587 3017/3017 2588/2588
f 2591/2591 2590/2590 3018/3018
f 2591/2591 3018/3018 2593/2593
f 2582/2582 3015/3015 3016/3016
f 2584/2584 3017/3017 2586/2586
f 2588/2588 3017/3017 3019/3019
f 2588/2588 3019/3019 2589/2589
f 2589/2589 3019/3019 2590/2590
f 2593/2593 3018/3018 3020/3020
f 2578/2578 3021/3021 2580/2580
f 2580/2580 3021/3021 2843/2843
f 2580/2580 2843/2843 3015/3015
f 3016/3016 2834/2834 2584/2584
f 2584/2584 2834/2834 3017/3017
f 3019/3019 2855/2855 2590/2590
f 2590/2590 2855/2855 3018/3018
f 3015/3015 2843/2843 3016/3016
f 3017/3017 2835/2835 3019/3019
f 2834/2834 2835/2835 3017/3017
f 3019/3019 2835/2835 2855/2855
f 3021/3021 2847/2847 2843/2843
f 3016/3016 2843/2843 2834/2834
f 3018/3018 2855/2855 2856/2856
f 2835/2835 2842/2842 2855/2855
f 2535/2535 2641/2641 3022/3022
f 2535/2535 3022/3022 3002/3002
f 3002/3002 3022/3022 3023/3023
f 3002/3002 3023/3023 2989/2989
f 2989/2989 3023/3023 2749/2749
f 3023/3023 3024/3024 2749/2749
f 3023/3023 3022/3022 3024/3024
f 2641/2641 2638/2638 3022/3022
f 2749/2749 3024/3024 2747/2747
f 2638/2638 3024/3024 3022/3022
f 2745/2745 2747/2747 3024/3024
f 3024/3024 2638/2638 2745/2745
f 2638/2638 2639/2639 3025/3025
f 2638/2638 3025/3025 2745/2745
f 3025/3025 2743/2743 2745/2745
f 3025/3025 3026/3026 2743/2743
f 2743/2743 3026/3026 2740/2740
f 2639/2639 2640/2640 3025/3025
f 3025/3025 2640/2640 3026/3026
f 2739/2739 2740/2740 3026/3026
f 3027/3027 3026/3026 2640/2640
f 3028/3028 2739/2739 3026/3026
f 3028/3028 3026/3026 3027/3027
f 3028/3028 2737/2737 2739/2739
f 2640/2640 2644/2644 3027/3027
f 3027/3027 2644/2644 3029/3029
f 3027/3027 3029/3029 3028/3028
f 2735/2735 2737/2737 3028/3028
f 3028/3028 3029/3029 2735/2735
f 3029/3029 3030/3030 2735/2735
f 3029/3029 2644/2644 3031/3031
f 3029/3029 3031/3031 3030/3030
f 2735/2735 3030/3030 2732/2732
f 2644/2644 2646/2646 3031/3031
f 3031/3031 3032/3032 3030/3030
f 3031/3031 3033/3033 3032/3032
f 3034/3034 2729/2729 2732/2732
f 3034/3034 2732/2732 3030/3030
f 3034/3034 3030/3030 3032/3032
f 2729/2729 3034/3034 2728/2728
f 3031/3031 2646/2646 3033/3033
f 2646/2646 2647/2647 2776/2776
f 2646/2646 2776/2776 3033/3033
f 3033/3033 2776/2776 3032/3032
f 3032/3032 2776/2776 2778/2778
f 3032/3032 2778/2778 2774/2774
f 3032/3032 2774/2774 3034/3034
f 3034/3034 2774/2774 2775/2775
f 3034/3034 2775/2775 2728/2728
f 2773/2773 2772/2772 2797/2797
f 2777/2777 2647/2647 2799/2799
f 2647/2647 2648/2648 2799/2799
f 2772/2772 2777/2777 2799/2799
f 2797/2797 2772/2772 2799/2799
f 2773/2773 2797/2797 2798/2798
f 2773/2773 2798/2798 2800/2800
f 2773/2773 2800/2800 2770/2770
f 2800/2800 2769/2769 2770/2770
f 2769/2769 2800/2800 2801/2801
f 2769/2769 2801/2801 2765/2765
f 2765/2765 2801/2801 2794/2794
f 2794/2794 2806/2806 2765/2765
f 2765/2765 2806/2806 2763/2763
f 2763/2763 2806/2806 2761/2761
f 2761/2761 2806/2806 2795/2795
f 2761/2761 2795/2795 2790/2790
f 2790/2790 2759/2759 2761/2761
f 2759/2759 2790/2790 2802/2802
f 2759/2759 2802/2802 2757/2757
f 2757/2757 2802/2802 2796/2796
f 2757/2757 2796/2796 2755/2755
f 2755/2755 2796/2796 2808/2808
f 2755/2755 2808/2808 2752/2752
f 2752/2752 2808/2808 2803/2803
f 2752/2752 2803/2803 2686/2686
f 2752/2752 2686/2686 2710/2710
f 2686/2686 2685/2685 2710/2710
f 2648/2648 2645/2645 3035/3035
f 2648/2648 3035/3035 2807/2807
f 2807/2807 3035/3035 2785/2785
f 2785/2785 3035/3035 3036/3036
f 2785/2785 3036/3036 2787/2787
f 2787/2787 3036/3036 3037/3037
f 2787/2787 3037/3037 2805/2805
f 2805/2805 3037/3037 2804/2804
f 2804/2804 3037/3037 2830/2830
f 2645/2645 2643/2643 3035/3035
f 2828/2828 2830/2830 3037/3037
f 2643/2643 3036/3036 3035/3035
f 3036/3036 3038/3038 3037/3037
f 3037/3037 3039/3039 2828/2828
f 3036/3036 2643/2643 3038/3038
f 3038/3038 3039/3039 3037/3037
f 2828/2828 3039/3039 2810/2810
f 3040/3040 3039/3039 3038/3038
f 2810/2810 3039/3039 3040/3040
f 3041/3041 3038/3038 2643/2643
f 2643/2643 2635/2635 3041/3041
f 3038/3038 3041/3041 3040/3040
f 2810/2810 3040/3040 2826/2826
f 2826/2826 3040/3040 3042/3042
f 2826/2826 3042/3042 2824/2824
f 3042/3042 3040/3040 3041/3041
f 2635/2635 3042/3042 3041/3041
f 2822/2822 2824/2824 3042/3042
f 3042/3042 3043/3043 2821/2821
f 3042/3042 2821/2821 2822/2822
f 2635/2635 3043/3043 3042/3042
f 2635/2635 2636/2636 3043/3043
f 2821/2821 3043/3043 2819/2819
f 2637/2637 3043/3043 2636/2636
f 2819/2819 3043/3043 2637/2637
f 2819/2819 3044/3044 2817/2817
f 3044/3044 2819/2819 2637/2637
f 3044/3044 2815/2815 2817/2817
f 3045/3045 3044/3044 2637/2637
f 2812/2812 2815/2815 3044/3044
f 3046/3046 3044/3044 3045/3045
f 2812/2812 3044/3044 3046/3046
f 2642/2642 3045/3045 2637/2637
f 2642/2642 3046/3046 3045/3045
f 2832/2832 2812/2812 3046/3046
f 2832/2832 3046/3046 3001/3001
f 3001/3001 3046/3046 2634/2634
f 3046/3046 2642/2642 2634/2634
f 2552/2552 2550/2550 2553/2553
f 2553/2553 2550/2550 3003/3003
f 2553/2553 3003/3003 3013/3013
f 3013/3013 3003/3003 3007/3007
f 3013/3013 3007/3007 3014/3014
f 3014/3014 3007/3007 3008/3008
f 3014/3014 3008/3008 2992/2992
f 3008/3008 2991/2991 2992/2992
f 2856/2856 2858/2858 2996/2996
f 2856/2856 2996/2996 3018/3018
f 3018/3018 2996/2996 2995/2995
f 3018/3018 2995/2995 3020/3020
f 3020/3020 2995/2995 3000/3000
f 3020/3020 3000/3000 2593/2593
f 2593/2593 3000/3000 2594/2594
f 2594/2594 3000/3000 2618/2618
f 2576/2576 2605/2605 2578/2578
f 2578/2578 2605/2605 3047/3047
f 2578/2578 3047/3047 3021/3021
f 3021/3021 3047/3047 3048/3048
f 3021/3021 3048/3048 2852/2852
f 3021/3021 2852/2852 2847/2847
f 2852/2852 3048/3048 2880/2880
f 3048/3048 3047/3047 3049/3049
f 3048/3048 3049/3049 2880/2880
f 3049/3049 2879/2879 2880/2880
f 3047/3047 2605/2605 2606/2606
f 3047/3047 2606/2606 3049/3049
f 2879/2879 3049/3049 2877/2877
f 3049/3049 2606/2606 3050/3050
f 3049/3049 3050/3050 2877/2877
f 2873/2873 2877/2877 3050/3050
f 2873/2873 2875/2875 2877/2877
f 2601/2601 3050/3050 2606/2606
f 3050/3050 2601/2601 2873/2873
f 2873/2873 2601/2601 2871/2871
f 2601/2601 3051/3051 2871/2871
f 2871/2871 3051/3051 3052/3052
f 2601/2601 2599/2599 3051/3051
f 3052/3052 2869/2869 2871/2871
f 3051/3051 3053/3053 3052/3052
f 2869/2869 3052/3052 2866/2866
f 2866/2866 3052/3052 2864/2864
f 3052/3052 3053/3053 3054/3054
f 3052/3052 3054/3054 2864/2864
f 3051/3051 2599/2599 2600/2600
f 3051/3051 2600/2600 3053/3053
f 3055/3055 3054/3054 3053/3053
f 2862/2862 2864/2864 3054/3054
f 3055/3055 3053/3053 2600/2600
f 2600/2600 3056/3056 3055/3055
f 3057/3057 2862/2862 3054/3054
f 3057/3057 3054/3054 3055/3055
f 2861/2861 2862/2862 3057/3057
f 2604/2604 3056/3056 2600/2600
f 2604/2604 2602/2602 3056/3056
f 3056/3056 2602/2602 2909/2909
f 3056/3056 2909/2909 3055/3055
f 3055/3055 2909/2909 2913/2913
f 3055/3055 2913/2913 3057/3057
f 3057/3057 2913/2913 2910/2910
f 3057/3057 2910/2910 2861/2861
f 2861/2861 2910/2910 2886/2886
f 2683/2683 2930/2930 2709/2709
f 2930/2930 2683/2683 2890/2890
f 2890/2890 2931/2931 2930/2930
f 2890/2890 2888/2888 2931/2931
f 2931/2931 2888/2888 2892/2892
f 2931/2931 2892/2892 2937/2937
f 2892/2892 2938/2938 2937/2937
f 2938/2938 2892/2892 2891/2891
f 2938/2938 2891/2891 2939/2939
f 2939/2939 2891/2891 2894/2894
f 2939/2939 2894/2894 2896/2896
f 2939/2939 2896/2896 2940/2940
f 2940/2940 2896/2896 2897/2897
f 2940/2940 2897/2897 2925/2925
f 2925/2925 2897/2897 2899/2899
f 2899/2899 2929/2929 2925/2925
f 2901/2901 2929/2929 2899/2899
f 2929/2929 2901/2901 2924/2924
f 2901/2901 2903/2903 2924/2924
f 2905/2905 2941/2941 2924/2924
f 2924/2924 2903/2903 2905/2905
f 2941/2941 2905/2905 2923/2923
f 2923/2923 2905/2905 2907/2907
f 2923/2923 2907/2907 2928/2928
f 2928/2928 2907/2907 2912/2912
f 2928/2928 2912/2912 2926/2926
f 2911/2911 2926/2926 2912/2912
f 2926/2926 2911/2911 2609/2609
f 2609/2609 2911/2911 2602/2602
f 2602/2602 2603/2603 2616/2616
f 2602/2602 2616/2616 2609/2609
f 2609/2609 2616/2616 2608/2608
f 2609/2609 2610/2610 3058/3058
f 2609/2609 3058/3058 2927/2927
f 2927/2927 3058/3058 3059/3059
f 2927/2927 3059/3059 2936/2936
f 2936/2936 3059/3059 3060/3060
f 2936/2936 3060/3060 2916/2916
f 2916/2916 3060/3060 3061/3061
f 2916/2916 3061/3061 2933/2933
f 2933/2933 3061/3061 2946/2946
f 3062/3062 3064/3064 3063/3063
f 3065/3065 2611/2611 3066/3066
f 2966/2966 3067/3067 3062/3062
f 2614/2614 3068/3068 2611/2611
f 2611/2611 3069/3069 2612/2612
f 2612/2612 3069/3069 3064/3064
f 2612/2612 3064/3064 2613/2613
f 2613/2613 3064/3064 3070/3070
f 2613/2613 3070/3070 3058/3058
f 2613/2613 3058/3058 2610/2610
f 3062/3062 3070/3070 3064/3064
f 3063/3063 3064/3064 3069/3069
f 3066/3066 2611/2611 3068/3068
f 3069/3069 2611/2611 3065/3065
f 3069/3069 3065/3065 3063/3063
f 3058/3058 3070/3070 3059/3059
f 3060/3060 3059/3059 3070/3070
f 3060/3060 3070/3070 3067/3067
f 3067/3067 3070/3070 3062/3062
f 2961/2961 3063/3063 3065/3065
f 3066/3066 3068/3068 2953/2953
f 2953/2953 3068/3068 2951/2951
f 2951/2951 3068/3068 3071/3071
f 2970/2970 3061/3061 3060/3060
f 2970/2970 3060/3060 3067/3067
f 2970/2970 3067/3067 2968/2968
f 2968/2968 3067/3067 2966/2966
f 2966/2966 3062/3062 2965/2965
f 2965/2965 3062/3062 2963/2963
f 2963/2963 3062/3062 3063/3063
f 2963/2963 3063/3063 2961/2961
f 2961/2961 3065/3065 2959/2959
f 3065/3065 3066/3066 2957/2957
f 2957/2957 3066/3066 2955/2955
f 2946/2946 3061/3061 2970/2970
f 2957/2957 2959/2959 3065/3065
f 2955/2955 3066/3066 2953/2953
f 2951/2951 3071/3071 2948/2948
f 2614/2614 2571/2571 3068/3068
f 3068/3068 2571/2571 3012/3012
f 3068/3068 3012/3012 3071/3071
f 2985/2985 2948/2948 3071/3071
f 2985/2985 3071/3071 3012/3012
f 2883/2883 2887/2887 3072/3072
f 2883/2883 3072/3072 3073/3073
f 2883/2883 3073/3073 2884/2884
f 2884/2884 2682/2682 2681/2681
f 2682/2682 3074/3074 2680/2680
f 2680/2680 3074/3074 3075/3075
f 2656/2656 3076/3076 2654/2654
f 2652/2652 2650/2650 3077/3077
f 3078/3078 3080/3080 3079/3079
f 3079/3079 3081/3081 3078/3078
f 3078/3078 3077/3077 3082/3082
f 3081/3081 3077/3077 3078/3078
f 3081/3081 3083/3083 3077/3077
f 3084/3084 3083/3083 3081/3081
f 3085/3085 3086/3086 3078/3078
f 3087/3087 3088/3088 3078/3078
f 3078/3078 3086/3086 3080/3080
f 3078/3078 3088/3088 3085/3085
f 3086/3086 3089/3089 3080/3080
f 3076/3076 3087/3087 3078/3078
f 3077/3077 2650/2650 2654/2654
f 3082/3082 2654/2654 3076/3076
f 3082/3082 3077/3077 2654/2654
f 3076/3076 2656/2656 2658/2658
f 2659/2659 3087/3087 3076/3076
f 3076/3076 3078/3078 3082/3082
f 2659/2659 3076/3076 2658/2658
f 2661/2661 3090/3090 2659/2659
f 2659/2659 3090/3090 3087/3087
f 2653/2653 3092/3092 3091/3091
f 3091/3091 3092/3092 3093/3093
f 3094/3094 3091/3091 3095/3095
f 3096/3096 3098/3098 3097/3097
f 3097/3097 3098/3098 3099/3099
f 3094/3094 2653/2653 3091/3091
f 3094/3094 3095/3095 3097/3097
f 3100/3100 3101/3101 3077/3077
f 3077/3077 3083/3083 3100/3100
f 3102/3102 3092/3092 2653/2653
f 3092/3092 3102/3102 3103/3103
f 3103/3103 3102/3102 3104/3104
f 3105/3105 3104/3104 3101/3101
f 3105/3105 3101/3101 3100/3100
f 3106/3106 3105/3105 3100/3100
f 2652/2652 3077/3077 3101/3101
f 3102/3102 2653/2653 2652/2652
f 3094/3094 3099/3099 2649/2649
f 2649/2649 3099/3099 3107/3107
f 3104/3104 3102/3102 3101/3101
f 3102/3102 2652/2652 3101/3101
f 3094/3094 2649/2649 2653/2653
f 3098/3098 3107/3107 3099/3099
f 3097/3097 3099/3099 3094/3094
f 3108/3108 2662/2662 3109/3109
f 3109/3109 3110/3110 3108/3108
f 3109/3109 3112/3112 3111/3111
f 3109/3109 3113/3113 3110/3110
f 3109/3109 3111/3111 3113/3113
f 3113/3113 3111/3111 3114/3114
f 3115/3115 3113/3113 3114/3114
f 3116/3116 3115/3115 3114/3114
f 3117/3117 3111/3111 3098/3098
f 3114/3114 3111/3111 3118/3118
f 3118/3118 3111/3111 3117/3117
f 3117/3117 3098/3098 3096/3096
f 3107/3107 2651/2651 2649/2649
f 3107/3107 2655/2655 2651/2651
f 3112/3112 2657/2657 2655/2655
f 3109/3109 2660/2660 2657/2657
f 3109/3109 2657/2657 3112/3112
f 3112/3112 2655/2655 3107/3107
f 2662/2662 2660/2660 3109/3109
f 3111/3111 3112/3112 3107/3107
f 3111/3111 3107/3107 3098/3098
f 2678/2678 2662/2662 3108/3108
f 2678/2678 3108/3108 3119/3119
f 3119/3119 3108/3108 3120/3120
f 3120/3120 3108/3108 3110/3110
f 3120/3120 3110/3110 3121/3121
f 3121/3121 3110/3110 3113/3113
f 3121/3121 3113/3113 3122/3122
f 3122/3122 3113/3113 3123/3123
f 3123/3123 3113/3113 3115/3115
f 3123/3123 3115/3115 3124/3124
f 3124/3124 3115/3115 3116/3116
f 2664/2664 3126/3126 3125/3125
f 3127/3127 3125/3125 3126/3126
f 3128/3128 3130/3130 3129/3129
f 3129/3129 3130/3130 3127/3127
f 3127/3127 3130/3130 3125/3125
f 3131/3131 3121/3121 3122/3122
f 3119/3119 3120/3120 3121/3121
f 3119/3119 3121/3121 3131/3131
f 3131/3131 3122/3122 3123/3123
f 2664/2664 2670/2670 3126/3126
f 3126/3126 2670/2670 2671/2671
f 3127/3127 3123/3123 3129/3129
f 3129/3129 3123/3123 3124/3124
f 3127/3127 3126/3126 2671/2671
f 3131/3131 2671/2671 2676/2676
f 2678/2678 3119/3119 2676/2676
f 2676/2676 2671/2671 2674/2674
f 3127/3127 3131/3131 3123/3123
f 3127/3127 2671/2671 3131/3131
f 3131/3131 2676/2676 3119/3119
f 2668/2668 3133/3133 3132/3132
f 3134/3134 3133/3133 3135/3135
f 3136/3136 3137/3137 3135/3135
f 3137/3137 3136/3136 3138/3138
f 3137/3137 3138/3138 3139/3139
f 3136/3136 3140/3140 3138/3138
f 3137/3137 3134/3134 3135/3135
f 3141/3141 3134/3134 3142/3142
f 3134/3134 3137/3137 3142/3142
f 3143/3143 3144/3144 3125/3125
f 3125/3125 3130/3130 3145/3145
f 3146/3146 3144/3144 3147/3147
f 3147/3147 3144/3144 3148/3148
f 3140/3140 3146/3146 3147/3147
f 3125/3125 3145/3145 3143/3143
f 3143/3143 3149/3149 3144/3144
f 3150/3150 3148/3148 3149/3149
f 3148/3148 3144/3144 3149/3149
f 2665/2665 3146/3146 2667/2667
f 2667/2667 3135/3135 2668/2668
f 2668/2668 3135/3135 3133/3133
f 3136/3136 3135/3135 2667/2667
f 3136/3136 2667/2667 3146/3146
f 3146/3146 2665/2665 3144/3144
f 3144/3144 2665/2665 2666/2666
f 3144/3144 2666/2666 2663/2663
f 3125/3125 2663/2663 2664/2664
f 3146/3146 3140/3140 3136/3136
f 3144/3144 2663/2663 3125/3125
f 3151/3151 2677/2677 2675/2675
f 3151/3151 2675/2675 3152/3152
f 3153/3153 3155/3155 3154/3154
f 3152/3152 3154/3154 3151/3151
f 3154/3154 3156/3156 3151/3151
f 3154/3154 3157/3157 3156/3156
f 3154/3154 3155/3155 3157/3157
f 3153/3153 3158/3158 3155/3155
f 3154/3154 3152/3152 3159/3159
f 3134/3134 3160/3160 3133/3133
f 3160/3160 3159/3159 3133/3133
f 3153/3153 3154/3154 3161/3161
f 3161/3161 3154/3154 3160/3160
f 3154/3154 3159/3159 3160/3160
f 3141/3141 3160/3160 3134/3134
f 2668/2668 3132/3132 2669/2669
f 3133/3133 3159/3159 3132/3132
f 3132/3132 2672/2672 2669/2669
f 2675/2675 2673/2673 2672/2672
f 3152/3152 2672/2672 3132/3132
f 3152/3152 2675/2675 2672/2672
f 3159/3159 3152/3152 3132/3132
f 3158/3158 3089/3089 3086/3086
f 3158/3158 3086/3086 3155/3155
f 3155/3155 3086/3086 3085/3085
f 3155/3155 3085/3085 3157/3157
f 3085/3085 3088/3088 3157/3157
f 3157/3157 3088/3088 3156/3156
f 3156/3156 3088/3088 3087/3087
f 3156/3156 3087/3087 3151/3151
f 3151/3151 3087/3087 3090/3090
f 3151/3151 3090/3090 2677/2677
f 2677/2677 3090/3090 2661/2661
f 2712/2712 3162/3162 2711/2711
f 2711/2711 3162/3162 3163/3163
f 2943/2943 3164/3164 2942/2942
f 2942/2942 3165/3165 2945/2945
f 2727/2727 2945/2945 3165/3165
f 3166/3166 3167/3167 2950/2950
f 3166/3166 2950/2950 2988/2988
f 3168/3168 3169/3169 3166/3166
f 3166/3166 3169/3169 3167/3167
f 3170/3170 3169/3169 3171/3171
f 3171/3171 3169/3169 3168/3168
f 3172/3172 3170/3170 3171/3171
f 3173/3173 3174/3174 2814/2814
f 3173/3173 2814/2814 2848/2848
f 3175/3175 3174/3174 3173/3173
f 3175/3175 3176/3176 3174/3174
f 3177/3177 3176/3176 3178/3178
f 3178/3178 3176/3176 3175/3175
f 3179/3179 3177/3177 3178/3178
f 3162/3162 2712/2712 3180/3180
f 2712/2712 2714/2714 3180/3180
f 3180/3180 2714/2714 3181/3181
f 3181/3181 2714/2714 2715/2715
f 2715/2715 3182/3182 3181/3181
f 3182/3182 2715/2715 2718/2718
f 3182/3182 2718/2718 3183/3183
f 3183/3183 2718/2718 2719/2719
f 2719/2719 3184/3184 3183/3183
f 3185/3185 2725/2725 3186/3186
f 3186/3186 2725/2725 2723/2723
f 3186/3186 2723/2723 3187/3187
f 3187/3187 2723/2723 2722/2722
f 3187/3187 2722/2722 3188/3188
f 3188/3188 2722/2722 2721/2721
f 3188/3188 2721/2721 3189/3189
f 3189/3189 2721/2721 2680/2680
f 3189/3189 2680/2680 3075/3075
f 2949/2949 2950/2950 3167/3167
f 3190/3190 3167/3167 3169/3169
f 3169/3169 3170/3170 3191/3191
f 2949/2949 3167/3167 3190/3190
f 3190/3190 3169/3169 3191/3191
f 3190/3190 2952/2952 2949/2949
f 3192/3192 3190/3190 3191/3191
f 3193/3193 2952/2952 3190/3190
f 3192/3192 3193/3193 3190/3190
f 2954/2954 2952/2952 3193/3193
f 2956/2956 2954/2954 3193/3193
f 3193/3193 3192/3192 3194/3194
f 3194/3194 2956/2956 3193/3193
f 3195/3195 2956/2956 3194/3194
f 3196/3196 3195/3195 3194/3194
f 3195/3195 2958/2958 2956/2956
f 3197/3197 3195/3195 3196/3196
f 2960/2960 2958/2958 3195/3195
f 3198/3198 3195/3195 3197/3197
f 3198/3198 3197/3197 3199/3199
f 2960/2960 3195/3195 3198/3198
f 3198/3198 2962/2962 2960/2960
f 3200/3200 2962/2962 3198/3198
f 2964/2964 2962/2962 3200/3200
f 3201/3201 3200/3200 3202/3202
f 3201/3201 2964/2964 3200/3200
f 2967/2967 2964/2964 3201/3201
f 3203/3203 3201/3201 3204/3204
f 2967/2967 3201/3201 3203/3203
f 2967/2967 3203/3203 2969/2969
f 3205/3205 3184/3184 2719/2719
f 3206/3206 3205/3205 2719/2719
f 2947/2947 3207/3207 2719/2719
f 2719/2719 3207/3207 3206/3206
f 2947/2947 3208/3208 3207/3207
f 3209/3209 3211/3211 3210/3210
f 3209/3209 3212/3212 3211/3211
f 3213/3213 3212/3212 3209/3209
f 3212/3212 3213/3213 3214/3214
f 3215/3215 3214/3214 3213/3213
f 3215/3215 2851/2851 3214/3214
f 2850/2850 2851/2851 3215/3215
f 2859/2859 2857/2857 3216/3216
f 2859/2859 3216/3216 3217/3217
f 3217/3217 3216/3216 3218/3218
f 3218/3218 3216/3216 3219/3219
f 3218/3218 3219/3219 3220/3220
f 3220/3220 3219/3219 3221/3221
f 3220/3220 3221/3221 3222/3222
f 3222/3222 3221/3221 3223/3223
f 3222/3222 3223/3223 3224/3224
f 3224/3224 3223/3223 3225/3225
f 3222/3222 3224/3224 3226/3226
f 3227/3227 3229/3229 3228/3228
f 3228/3228 3231/3231 3230/3230
f 3232/3232 3233/3233 3178/3178
f 3178/3178 3233/3233 3179/3179
f 3226/3226 3235/3235 3234/3234
f 3234/3234 3237/3237 3236/3236
f 3236/3236 3237/3237 3238/3238
f 3236/3236 3238/3238 3239/3239
f 3239/3239 3238/3238 3240/3240
f 3239/3239 3229/3229 3227/3227
f 3241/3241 3228/3228 3230/3230
f 3241/3241 3230/3230 3242/3242
f 3220/3220 3222/3222 3226/3226
f 3227/3227 3228/3228 3241/3241
f 3241/3241 3242/3242 3232/3232
f 3232/3232 3178/3178 3175/3175
f 3218/3218 3220/3220 3226/3226
f 3218/3218 3226/3226 3236/3236
f 3236/3236 3226/3226 3234/3234
f 3241/3241 3232/3232 2839/2839
f 2839/2839 3232/3232 3175/3175
f 2854/2854 3218/3218 3236/3236
f 2854/2854 3236/3236 3243/3243
f 3243/3243 3236/3236 3239/3239
f 3243/3243 3239/3239 3227/3227
f 2838/2838 3227/3227 3241/3241
f 2839/2839 3175/3175 3173/3173
f 3217/3217 3218/3218 2854/2854
f 3243/3243 3227/3227 2838/2838
f 2854/2854 3243/3243 2841/2841
f 2841/2841 3243/3243 2838/2838
f 2839/2839 2838/2838 3241/3241
f 2848/2848 2839/2839 3173/3173
f 2859/2859 3217/3217 2854/2854
f 3209/3209 3210/3210 3244/3244
f 3209/3209 3244/3244 3245/3245
f 3245/3245 3247/3247 3246/3246
f 3246/3246 3247/3247 3248/3248
f 3249/3249 3251/3251 3250/3250
f 3252/3252 3253/3253 3221/3221
f 3221/3221 3253/3253 3223/3223
f 3213/3213 3209/3209 3245/3245
f 3213/3213 3245/3245 3246/3246
f 3248/3248 3255/3255 3254/3254
f 3254/3254 3255/3255 3256/3256
f 3252/3252 3221/3221 3219/3219
f 3254/3254 3256/3256 3257/3257
f 3254/3254 3257/3257 3258/3258
f 3249/3249 3250/3250 3259/3259
f 3259/3259 3250/3250 3252/3252
f 2844/2844 3246/3246 3248/3248
f 2844/2844 3248/3248 3254/3254
f 3254/3254 3258/3258 3260/3260
f 3260/3260 3258/3258 3249/3249
f 3260/3260 3249/3249 3259/3259
f 3259/3259 3252/3252 3261/3261
f 3261/3261 3252/3252 3219/3219
f 3261/3261 3219/3219 3216/3216
f 3215/3215 3213/3213 3246/3246
f 3215/3215 3246/3246 2844/2844
f 3260/3260 3259/3259 2840/2840
f 2840/2840 3259/3259 3261/3261
f 2833/2833 3254/3254 3260/3260
f 2840/2840 3261/3261 2853/2853
f 2853/2853 3261/3261 3216/3216
f 2850/2850 3215/3215 2844/2844
f 2844/2844 3254/3254 2833/2833
f 2833/2833 3260/3260 2840/2840
f 2857/2857 2853/2853 3216/3216
f 3262/3262 3264/3264 3263/3263
f 3265/3265 3267/3267 3266/3266
f 3205/3205 3268/3268 3184/3184
f 3269/3269 3187/3187 3188/3188
f 3270/3270 3271/3271 3185/3185
f 3272/3272 3274/3274 3273/3273
f 3275/3275 3208/3208 3276/3276
f 3275/3275 3207/3207 3208/3208
f 3277/3277 3279/3279 3278/3278
f 3280/3280 3279/3279 3277/3277
f 3277/3277 3266/3266 3280/3280
f 3281/3281 3283/3283 3282/3282
f 3281/3281 3282/3282 3284/3284
f 3283/3283 3276/3276 3208/3208
f 3285/3285 3282/3282 3286/3286
f 3285/3285 3284/3284 3282/3282
f 3287/3287 3276/3276 3288/3288
f 3289/3289 3291/3291 3290/3290
f 3285/3285 3290/3290 3284/3284
f 3292/3292 3285/3285 3286/3286
f 3276/3276 3283/3283 3281/3281
f 3288/3288 3276/3276 3281/3281
f 3281/3281 3284/3284 3290/3290
f 3291/3291 3288/3288 3281/3281
f 3291/3291 3281/3281 3290/3290
f 3293/3293 3290/3290 3294/3294
f 3295/3295 3297/3297 3296/3296
f 3296/3296 3297/3297 3298/3298
f 3288/3288 3291/3291 3299/3299
f 3299/3299 3291/3291 3289/3289
f 3298/3298 3290/3290 3285/3285
f 3294/3294 3290/3290 3298/3298
f 3296/3296 3292/3292 3267/3267
f 3300/3300 3294/3294 3301/3301
f 3296/3296 3285/3285 3292/3292
f 3296/3296 3267/3267 3265/3265
f 3301/3301 3294/3294 3298/3298
f 3298/3298 3285/3285 3296/3296
f 3265/3265 3266/3266 3277/3277
f 3302/3302 3300/3300 3301/3301
f 3295/3295 3296/3296 3265/3265
f 3303/3303 3305/3305 3304/3304
f 3303/3303 3304/3304 3306/3306
f 3307/3307 3303/3303 3306/3306
f 3305/3305 3308/3308 3304/3304
f 3304/3304 3308/3308 3309/3309
f 3310/3310 3303/3303 3307/3307
f 3311/3311 3310/3310 3312/3312
f 3312/3312 3310/3310 3307/3307
f 3305/3305 3303/3303 3310/3310
f 3313/3313 3309/3309 3308/3308
f 3314/3314 3310/3310 3311/3311
f 3312/3312 3307/3307 3315/3315
f 3316/3316 3318/3318 3317/3317
f 3319/3319 3318/3318 3316/3316
f 3319/3319 3320/3320 3318/3318
f 3321/3321 3320/3320 3322/3322
f 3319/3319 3322/3322 3320/3320
f 3308/3308 3323/3323 3313/3313
f 3324/3324 3313/3313 3325/3325
f 3314/3314 3327/3327 3326/3326
f 3305/3305 3326/3326 3323/3323
f 3314/3314 3326/3326 3310/3310
f 3310/3310 3326/3326 3305/3305
f 3305/3305 3323/3323 3308/3308
f 3328/3328 3330/3330 3329/3329
f 3328/3328 3329/3329 3327/3327
f 3331/3331 3328/3328 3327/3327
f 3332/3332 3334/3334 3333/3333
f 3333/3333 3334/3334 3335/3335
f 3336/3336 3337/3337 3322/3322
f 3338/3338 3321/3321 3322/3322
f 3322/3322 3337/3337 3338/3338
f 3339/3339 3338/3338 3337/3337
f 3340/3340 3339/3339 3337/3337
f 3341/3341 3337/3337 3342/3342
f 3343/3343 3345/3345 3344/3344
f 3337/3337 3341/3341 3340/3340
f 3339/3339 3340/3340 3346/3346
f 3339/3339 3346/3346 3347/3347
f 3347/3347 3346/3346 3348/3348
f 3346/3346 3349/3349 3348/3348
f 3346/3346 3340/3340 3345/3345
f 3346/3346 3343/3343 3349/3349
f 3348/3348 3351/3351 3350/3350
f 3346/3346 3345/3345 3343/3343
f 3348/3348 3349/3349 3351/3351
f 3349/3349 3343/3343 3352/3352
f 3349/3349 3352/3352 3351/3351
f 3350/3350 3351/3351 3272/3272
f 3272/3272 3351/3351 3274/3274
f 3353/3353 3355/3355 3354/3354
f 3356/3356 3358/3358 3357/3357
f 3359/3359 3356/3356 3357/3357
f 3360/3360 3357/3357 3361/3361
f 3357/3357 3362/3362 3359/3359
f 3361/3361 3357/3357 3358/3358
f 3362/3362 3357/3357 3360/3360
f 3360/3360 3361/3361 3363/3363
f 3364/3364 3359/3359 3362/3362
f 3362/3362 3360/3360 3365/3365
f 3366/3366 3364/3364 3367/3367
f 3367/3367 3364/3364 3362/3362
f 3367/3367 3362/3362 3365/3365
f 3368/3368 3365/3365 3363/3363
f 3365/3365 3360/3360 3363/3363
f 3369/3369 3368/3368 3363/3363
f 3365/3365 3370/3370 3367/3367
f 3371/3371 3372/3372 3366/3366
f 3371/3371 3366/3366 3367/3367
f 3370/3370 3365/3365 3368/3368
f 3373/3373 3368/3368 3369/3369
f 3374/3374 3376/3376 3375/3375
f 3375/3375 3376/3376 3377/3377
f 3378/3378 3325/3325 3379/3379
f 3380/3380 3313/3313 3323/3323
f 3375/3375 3377/3377 3378/3378
f 3381/3381 3323/3323 3382/3382
f 3379/3379 3313/3313 3380/3380
f 3382/3382 3326/3326 3327/3327
f 3375/3375 3378/3378 3383/3383
f 3383/3383 3378/3378 3379/3379
f 3384/3384 3375/3375 3385/3385
f 3385/3385 3375/3375 3383/3383
f 3383/3383 3379/3379 3386/3386
f 3379/3379 3380/3380 3386/3386
f 3384/3384 3374/3374 3375/3375
f 3381/3381 3380/3380 3323/3323
f 3387/3387 3389/3389 3388/3388
f 3390/3390 3388/3388 3374/3374
f 3390/3390 3374/3374 3384/3384
f 3385/3385 3383/3383 3391/3391
f 3392/3392 3386/3386 3380/3380
f 3392/3392 3380/3380 3381/3381
f 3393/3393 3385/3385 3391/3391
f 3381/3381 3382/3382 3329/3329
f 3394/3394 3389/3389 3387/3387
f 3395/3395 3384/3384 3393/3393
f 3396/3396 3391/3391 3386/3386
f 3397/3397 3384/3384 3395/3395
f 3395/3395 3393/3393 3396/3396
f 3398/3398 3396/3396 3386/3386
f 3399/3399 3329/3329 3330/3330
f 3400/3400 3390/3390 3384/3384
f 3393/3393 3391/3391 3396/3396
f 3398/3398 3386/3386 3392/3392
f 3387/3387 3388/3388 3390/3390
f 3392/3392 3381/3381 3401/3401
f 3401/3401 3381/3381 3329/3329
f 3393/3393 3384/3384 3385/3385
f 3391/3391 3383/3383 3386/3386
f 3329/3329 3382/3382 3327/3327
f 3402/3402 3404/3404 3403/3403
f 3403/3403 3406/3406 3405/3405
f 3407/3407 3409/3409 3408/3408
f 3410/3410 3409/3409 3411/3411
f 3397/3397 3400/3400 3384/3384
f 3397/3397 3395/3395 3409/3409
f 3406/3406 3394/3394 3387/3387
f 3395/3395 3396/3396 3398/3398
f 3412/3412 3398/3398 3413/3413
f 3414/3414 3330/3330 3328/3328
f 3409/3409 3395/3395 3411/3411
f 3411/3411 3398/3398 3412/3412
f 3415/3415 3416/3416 3401/3401
f 3415/3415 3401/3401 3399/3399
f 3403/3403 3394/3394 3406/3406
f 3407/3407 3397/3397 3409/3409
f 3334/3334 3414/3414 3417/3417
f 3334/3334 3417/3417 3418/3418
f 3403/3403 3404/3404 3394/3394
f 3407/3407 3400/3400 3397/3397
f 3415/3415 3399/3399 3419/3419
f 3419/3419 3399/3399 3420/3420
f 3406/3406 3387/3387 3400/3400
f 3395/3395 3398/3398 3411/3411
f 3416/3416 3412/3412 3413/3413
f 3416/3416 3413/3413 3401/3401
f 3399/3399 3330/3330 3420/3420
f 3420/3420 3330/3330 3414/3414
f 3410/3410 3411/3411 3421/3421
f 3421/3421 3412/3412 3422/3422
f 3422/3422 3412/3412 3416/3416
f 3423/3423 3402/3402 3403/3403
f 3424/3424 3407/3407 3408/3408
f 3425/3425 3419/3419 3332/3332
f 3334/3334 3418/3418 3335/3335
f 3424/3424 3405/3405 3407/3407
f 3408/3408 3409/3409 3426/3426
f 3426/3426 3409/3409 3410/3410
f 3427/3427 3422/3422 3415/3415
f 3427/3427 3415/3415 3419/3419
f 3332/3332 3419/3419 3420/3420
f 3332/3332 3420/3420 3334/3334
f 3428/3428 3405/3405 3424/3424
f 3429/3429 3422/3422 3430/3430
f 3431/3431 3424/3424 3408/3408
f 3432/3432 3421/3421 3429/3429
f 3433/3433 3429/3429 3430/3430
f 3433/3433 3430/3430 3434/3434
f 3423/3423 3403/3403 3435/3435
f 3435/3435 3405/3405 3428/3428
f 3434/3434 3430/3430 3427/3427
f 3434/3434 3427/3427 3436/3436
f 3436/3436 3427/3427 3425/3425
f 3435/3435 3403/3403 3405/3405
f 3421/3421 3422/3422 3429/3429
f 3430/3430 3422/3422 3427/3427
f 3427/3427 3419/3419 3425/3425
f 3405/3405 3406/3406 3400/3400
f 3405/3405 3400/3400 3407/3407
f 3421/3421 3411/3411 3412/3412
f 3422/3422 3416/3416 3415/3415
f 3334/3334 3420/3420 3414/3414
f 3387/3387 3390/3390 3400/3400
f 3398/3398 3392/3392 3413/3413
f 3413/3413 3392/3392 3401/3401
f 3401/3401 3329/3329 3399/3399
f 3328/3328 3331/3331 3414/3414
f 3188/3188 3189/3189 3269/3269
f 3187/3187 3269/3269 3437/3437
f 3187/3187 3437/3437 3186/3186
f 3438/3438 3185/3185 3186/3186
f 3438/3438 3186/3186 3437/3437
f 3439/3439 3189/3189 3075/3075
f 3369/3369 3440/3440 3373/3373
f 3368/3368 3373/3373 3441/3441
f 3368/3368 3441/3441 3370/3370
f 3367/3367 3370/3370 3442/3442
f 3367/3367 3442/3442 3371/3371
f 3371/3371 3443/3443 3372/3372
f 3444/3444 3443/3443 3371/3371
f 3444/3444 3371/3371 3445/3445
f 3445/3445 3371/3371 3442/3442
f 3446/3446 3443/3443 3444/3444
f 3445/3445 3442/3442 3370/3370
f 3441/3441 3373/3373 3447/3447
f 3447/3447 3373/3373 3440/3440
f 3441/3441 3448/3448 3370/3370
f 3370/3370 3448/3448 3445/3445
f 3449/3449 3446/3446 3444/3444
f 3447/3447 3440/3440 3270/3270
f 3270/3270 3440/3440 3450/3450
f 3451/3451 3369/3369 3363/3363
f 3361/3361 3453/3453 3452/3452
f 3440/3440 3454/3454 3450/3450
f 3455/3455 3456/3456 3453/3453
f 3363/3363 3452/3452 3451/3451
f 3369/3369 3451/3451 3454/3454
f 3450/3450 3457/3457 3271/3271
f 3454/3454 3440/3440 3369/3369
f 3452/3452 3363/3363 3361/3361
f 3453/3453 3361/3361 3358/3358
f 3453/3453 3358/3358 3455/3455
f 3455/3455 3458/3458 3456/3456
f 3457/3457 3450/3450 3454/3454
f 3451/3451 3452/3452 3459/3459
f 3460/3460 3456/3456 3458/3458
f 3461/3461 3462/3462 3449/3449
f 3439/3439 3449/3449 3444/3444
f 3439/3439 3444/3444 3269/3269
f 3269/3269 3444/3444 3445/3445
f 3438/3438 3448/3448 3441/3441
f 3438/3438 3441/3441 3447/3447
f 3270/3270 3450/3450 3271/3271
f 3271/3271 3457/3457 3317/3317
f 3439/3439 3269/3269 3189/3189
f 3461/3461 3439/3439 3075/3075
f 3448/3448 3438/3438 3437/3437
f 3445/3445 3437/3437 3269/3269
f 3459/3459 3435/3435 3428/3428
f 3457/3457 3432/3432 3463/3463
f 3460/3460 3355/3355 3423/3423
f 3459/3459 3428/3428 3431/3431
f 3464/3464 3410/3410 3432/3432
f 3465/3465 3454/3454 3451/3451
f 3452/3452 3453/3453 3456/3456
f 3465/3465 3464/3464 3454/3454
f 3335/3335 3345/3345 3341/3341
f 3335/3335 3341/3341 3333/3333
f 3333/3333 3341/3341 3332/3332
f 3425/3425 3332/3332 3336/3336
f 3425/3425 3336/3336 3436/3436
f 3433/3433 3463/3463 3429/3429
f 3429/3429 3463/3463 3432/3432
f 3424/3424 3431/3431 3428/3428
f 3402/3402 3423/3423 3355/3355
f 3402/3402 3355/3355 3466/3466
f 3341/3341 3342/3342 3332/3332
f 3332/3332 3342/3342 3336/3336
f 3434/3434 3467/3467 3433/3433
f 3431/3431 3468/3468 3459/3459
f 3460/3460 3423/3423 3469/3469
f 3469/3469 3423/3423 3435/3435
f 3468/3468 3431/3431 3426/3426
f 3464/3464 3426/3426 3410/3410
f 3470/3470 3434/3434 3436/3436
f 3342/3342 3337/3337 3336/3336
f 3336/3336 3322/3322 3319/3319
f 3468/3468 3465/3465 3451/3451
f 3468/3468 3451/3451 3459/3459
f 3459/3459 3452/3452 3456/3456
f 3347/3347 3338/3338 3339/3339
f 3336/3336 3319/3319 3470/3470
f 3470/3470 3319/3319 3316/3316
f 3470/3470 3316/3316 3467/3467
f 3467/3467 3316/3316 3317/3317
f 3432/3432 3457/3457 3454/3454
f 3464/3464 3465/3465 3468/3468
f 3435/3435 3459/3459 3456/3456
f 3468/3468 3426/3426 3464/3464
f 3454/3454 3464/3464 3432/3432
f 3467/3467 3463/3463 3433/3433
f 3467/3467 3434/3434 3470/3470
f 3470/3470 3436/3436 3336/3336
f 3340/3340 3341/3341 3345/3345
f 3075/3075 3471/3471 3461/3461
f 3439/3439 3461/3461 3449/3449
f 3437/3437 3445/3445 3448/3448
f 3438/3438 3447/3447 3185/3185
f 3185/3185 3447/3447 3270/3270
f 3318/3318 3271/3271 3317/3317
f 3469/3469 3456/3456 3460/3460
f 3460/3460 3458/3458 3355/3355
f 3355/3355 3458/3458 3354/3354
f 3431/3431 3408/3408 3426/3426
f 3432/3432 3410/3410 3421/3421
f 3345/3345 3335/3335 3344/3344
f 3472/3472 3181/3181 3182/3182
f 3473/3473 3472/3472 3182/3182
f 3473/3473 3182/3182 3183/3183
f 3474/3474 3183/3183 3184/3184
f 3473/3473 3183/3183 3474/3474
f 3162/3162 3180/3180 3475/3475
f 3475/3475 3477/3477 3476/3476
f 3478/3478 3476/3476 3479/3479
f 3475/3475 3180/3180 3477/3477
f 3476/3476 3477/3477 3479/3479
f 3480/3480 3482/3482 3481/3481
f 3483/3483 3484/3484 3480/3480
f 3485/3485 3479/3479 3482/3482
f 3480/3480 3481/3481 3483/3483
f 3180/3180 3181/3181 3472/3472
f 3180/3180 3472/3472 3477/3477
f 3479/3479 3477/3477 3486/3486
f 3479/3479 3486/3486 3487/3487
f 3479/3479 3487/3487 3482/3482
f 3482/3482 3487/3487 3481/3481
f 3263/3263 3488/3488 3262/3262
f 3489/3489 3488/3488 3483/3483
f 3488/3488 3489/3489 3262/3262
f 3477/3477 3472/3472 3486/3486
f 3481/3481 3490/3490 3483/3483
f 3483/3483 3490/3490 3489/3489
f 3150/3150 3264/3264 3491/3491
f 3492/3492 3491/3491 3353/3353
f 3466/3466 3355/3355 3353/3353
f 3469/3469 3435/3435 3456/3456
f 3457/3457 3463/3463 3317/3317
f 3317/3317 3463/3463 3467/3467
f 3184/3184 3493/3493 3474/3474
f 3494/3494 3473/3473 3474/3474
f 3495/3495 3493/3493 3184/3184
f 3495/3495 3184/3184 3268/3268
f 3496/3496 3206/3206 3207/3207
f 3496/3496 3207/3207 3275/3275
f 3205/3205 3497/3497 3268/3268
f 3495/3495 3498/3498 3493/3493
f 3474/3474 3498/3498 3499/3499
f 3474/3474 3499/3499 3494/3494
f 3496/3496 3275/3275 3500/3500
f 3287/3287 3275/3275 3276/3276
f 3496/3496 3497/3497 3206/3206
f 3496/3496 3500/3500 3501/3501
f 3496/3496 3501/3501 3497/3497
f 3497/3497 3502/3502 3268/3268
f 3494/3494 3499/3499 3487/3487
f 3494/3494 3487/3487 3486/3486
f 3206/3206 3497/3497 3205/3205
f 3493/3493 3498/3498 3474/3474
f 3503/3503 3505/3505 3504/3504
f 3506/3506 3508/3508 3507/3507
f 3507/3507 3510/3510 3509/3509
f 3489/3489 3512/3512 3511/3511
f 3511/3511 3509/3509 3510/3510
f 3513/3513 3504/3504 3505/3505
f 3509/3509 3511/3511 3512/3512
f 3514/3514 3504/3504 3515/3515
f 3515/3515 3508/3508 3506/3506
f 3300/3300 3516/3516 3294/3294
f 3473/3473 3494/3494 3486/3486
f 3473/3473 3486/3486 3472/3472
f 3289/3289 3517/3517 3299/3299
f 3497/3497 3518/3518 3502/3502
f 3495/3495 3520/3520 3519/3519
f 3294/3294 3516/3516 3293/3293
f 3290/3290 3293/3293 3289/3289
f 3288/3288 3521/3521 3287/3287
f 3500/3500 3522/3522 3501/3501
f 3497/3497 3501/3501 3518/3518
f 3268/3268 3502/3502 3520/3520
f 3268/3268 3520/3520 3495/3495
f 3495/3495 3519/3519 3498/3498
f 3300/3300 3523/3523 3516/3516
f 3499/3499 3524/3524 3490/3490
f 3300/3300 3307/3307 3523/3523
f 3517/3517 3526/3526 3525/3525
f 3521/3521 3528/3528 3527/3527
f 3501/3501 3503/3503 3514/3514
f 3315/3315 3307/3307 3300/3300
f 3293/3293 3516/3516 3526/3526
f 3293/3293 3526/3526 3289/3289
f 3289/3289 3526/3526 3517/3517
f 3521/3521 3517/3517 3528/3528
f 3500/3500 3527/3527 3522/3522
f 3522/3522 3503/3503 3501/3501
f 3501/3501 3514/3514 3518/3518
f 3518/3518 3506/3506 3502/3502
f 3490/3490 3487/3487 3499/3499
f 3524/3524 3499/3499 3498/3498
f 3524/3524 3498/3498 3519/3519
f 3529/3529 3519/3519 3520/3520
f 3527/3527 3500/3500 3287/3287
f 3527/3527 3287/3287 3521/3521
f 3517/3517 3521/3521 3299/3299
f 3516/3516 3530/3530 3526/3526
f 3502/3502 3506/3506 3507/3507
f 3517/3517 3531/3531 3528/3528
f 3527/3527 3532/3532 3503/3503
f 3529/3529 3509/3509 3512/3512
f 3512/3512 3489/3489 3524/3524
f 3524/3524 3489/3489 3490/3490
f 3516/3516 3523/3523 3533/3533
f 3516/3516 3533/3533 3530/3530
f 3517/3517 3525/3525 3531/3531
f 3528/3528 3534/3534 3532/3532
f 3528/3528 3532/3532 3527/3527
f 3514/3514 3503/3503 3504/3504
f 3514/3514 3515/3515 3506/3506
f 3507/3507 3509/3509 3520/3520
f 3520/3520 3509/3509 3529/3529
f 3530/3530 3533/3533 3535/3535
f 3530/3530 3535/3535 3525/3525
f 3528/3528 3536/3536 3534/3534
f 3534/3534 3537/3537 3532/3532
f 3532/3532 3537/3537 3505/3505
f 3536/3536 3528/3528 3531/3531
f 3306/3306 3533/3533 3523/3523
f 3306/3306 3523/3523 3307/3307
f 3532/3532 3505/3505 3503/3503
f 3525/3525 3526/3526 3530/3530
f 3527/3527 3503/3503 3522/3522
f 3518/3518 3514/3514 3506/3506
f 3502/3502 3507/3507 3520/3520
f 3519/3519 3529/3529 3512/3512
f 3519/3519 3512/3512 3524/3524
f 3538/3538 3540/3540 3539/3539
f 3541/3541 3542/3542 3491/3491
f 3543/3543 3544/3544 3540/3540
f 3538/3538 3539/3539 3542/3542
f 3533/3533 3304/3304 3535/3535
f 3531/3531 3545/3545 3536/3536
f 3534/3534 3536/3536 3537/3537
f 3513/3513 3546/3546 3515/3515
f 3515/3515 3547/3547 3508/3508
f 3489/3489 3511/3511 3262/3262
f 3525/3525 3548/3548 3545/3545
f 3537/3537 3549/3549 3505/3505
f 3505/3505 3549/3549 3513/3513
f 3546/3546 3543/3543 3515/3515
f 3547/3547 3542/3542 3510/3510
f 3550/3550 3262/3262 3511/3511
f 3525/3525 3535/3535 3548/3548
f 3545/3545 3551/3551 3536/3536
f 3508/3508 3547/3547 3510/3510
f 3551/3551 3552/3552 3549/3549
f 3546/3546 3544/3544 3543/3543
f 3547/3547 3538/3538 3542/3542
f 3550/3550 3542/3542 3541/3541
f 3550/3550 3541/3541 3262/3262
f 3304/3304 3309/3309 3535/3535
f 3535/3535 3309/3309 3548/3548
f 3548/3548 3554/3554 3553/3553
f 3545/3545 3553/3553 3551/3551
f 3547/3547 3543/3543 3538/3538
f 3548/3548 3553/3553 3545/3545
f 3536/3536 3551/3551 3537/3537
f 3537/3537 3551/3551 3549/3549
f 3549/3549 3546/3546 3513/3513
f 3515/3515 3543/3543 3547/3547
f 3510/3510 3542/3542 3550/3550
f 3309/3309 3324/3324 3548/3548
f 3552/3552 3555/3555 3546/3546
f 3543/3543 3540/3540 3538/3538
f 3309/3309 3313/3313 3324/3324
f 3548/3548 3324/3324 3554/3554
f 3554/3554 3324/3324 3325/3325
f 3554/3554 3325/3325 3553/3553
f 3552/3552 3556/3556 3376/3376
f 3556/3556 3377/3377 3376/3376
f 3376/3376 3388/3388 3552/3552
f 3552/3552 3388/3388 3389/3389
f 3555/3555 3394/3394 3544/3544
f 3544/3544 3404/3404 3540/3540
f 3539/3539 3466/3466 3491/3491
f 3325/3325 3378/3378 3377/3377
f 3540/3540 3404/3404 3402/3402
f 3540/3540 3402/3402 3539/3539
f 3539/3539 3402/3402 3466/3466
f 3491/3491 3492/3492 3150/3150
f 3404/3404 3544/3544 3394/3394
f 3394/3394 3555/3555 3389/3389
f 3491/3491 3542/3542 3539/3539
f 3389/3389 3555/3555 3552/3552
f 3556/3556 3553/3553 3377/3377
f 3377/3377 3553/3553 3325/3325
f 3553/3553 3556/3556 3551/3551
f 3551/3551 3556/3556 3552/3552
f 3549/3549 3552/3552 3546/3546
f 3546/3546 3555/3555 3544/3544
f 3533/3533 3306/3306 3304/3304
f 3531/3531 3525/3525 3545/3545
f 3504/3504 3513/3513 3515/3515
f 3508/3508 3510/3510 3507/3507
f 3510/3510 3550/3550 3511/3511
f 3500/3500 3275/3275 3287/3287
f 3521/3521 3288/3288 3299/3299
f 3300/3300 3302/3302 3315/3315
f 3487/3487 3490/3490 3481/3481
f 3264/3264 3262/3262 3541/3541
f 3541/3541 3491/3491 3264/3264
f 3353/3353 3491/3491 3466/3466
f 3388/3388 3376/3376 3374/3374
f 3325/3325 3313/3313 3379/3379
f 3323/3323 3326/3326 3382/3382
f 3320/3320 3557/3557 3318/3318
f 3318/3318 3557/3557 2726/2726
f 3185/3185 3271/3271 2725/2725
f 2725/2725 3318/3318 2726/2726
f 2725/2725 3271/3271 3318/3318
f 2860/2860 3559/3559 3558/3558
f 3560/3560 3562/3562 3561/3561
f 3563/3563 3565/3565 3564/3564
f 3566/3566 3567/3567 3211/3211
f 3568/3568 3566/3566 3569/3569
f 3212/3212 3566/3566 3211/3211
f 2867/2867 3560/3560 3561/3561
f 2868/2868 2867/2867 3561/3561
f 2868/2868 3561/3561 3570/3570
f 2868/2868 3570/3570 3571/3571
f 3571/3571 3570/3570 3563/3563
f 3572/3572 3563/3563 3564/3564
f 3569/3569 3566/3566 3212/3212
f 3572/3572 3564/3564 3573/3573
f 3573/3573 3564/3564 3568/3568
f 3573/3573 3568/3568 3569/3569
f 3558/3558 3560/3560 2865/2865
f 2865/2865 3560/3560 2867/2867
f 3571/3571 3563/3563 3572/3572
f 3574/3574 3569/3569 3214/3214
f 3214/3214 3569/3569 3212/3212
f 2860/2860 3558/3558 2863/2863
f 2872/2872 3571/3571 3572/3572
f 2863/2863 3558/3558 2865/2865
f 2870/2870 2868/2868 3571/3571
f 2870/2870 3571/3571 2872/2872
f 2874/2874 2872/2872 3572/3572
f 2874/2874 3572/3572 3573/3573
f 3573/3573 3569/3569 3574/3574
f 2874/2874 3573/3573 2876/2876
f 2876/2876 3573/3573 2878/2878
f 2878/2878 3573/3573 3574/3574
f 2878/2878 3574/3574 3214/3214
f 2878/2878 3214/3214 2851/2851
f 3561/3561 3562/3562 3575/3575
f 3561/3561 3575/3575 3570/3570
f 3570/3570 3576/3576 3563/3563
f 3563/3563 3576/3576 3565/3565
f 3568/3568 3578/3578 3577/3577
f 3568/3568 3577/3577 3566/3566
f 3579/3579 3273/3273 3580/3580
f 3579/3579 3580/3580 3578/3578
f 3581/3581 3558/3558 3582/3582
f 3348/3348 3562/3562 3581/3581
f 3581/3581 3560/3560 3558/3558
f 3581/3581 3582/3582 3347/3347
f 3560/3560 3581/3581 3562/3562
f 3348/3348 3581/3581 3347/3347
f 3338/3338 3347/3347 3582/3582
f 3557/3557 3321/3321 2860/2860
f 3557/3557 2860/2860 2726/2726
f 3559/3559 3338/3338 3582/3582
f 3559/3559 3582/3582 3558/3558
f 3338/3338 3559/3559 3321/3321
f 3559/3559 2860/2860 3321/3321
f 3273/3273 3579/3579 3272/3272
f 3272/3272 3579/3579 3565/3565
f 3272/3272 3565/3565 3576/3576
f 3272/3272 3576/3576 3350/3350
f 3350/3350 3575/3575 3348/3348
f 3348/3348 3575/3575 3562/3562
f 3583/3583 3211/3211 3567/3567
f 3566/3566 3577/3577 3567/3567
f 3564/3564 3565/3565 3579/3579
f 3564/3564 3579/3579 3578/3578
f 3564/3564 3578/3578 3568/3568
f 3350/3350 3576/3576 3575/3575
f 3557/3557 3320/3320 3321/3321
f 3576/3576 3570/3570 3575/3575
f 3584/3584 3586/3586 3585/3585
f 3176/3176 3177/3177 3586/3586
f 3176/3176 3586/3586 3584/3584
f 3174/3174 3176/3176 3584/3584
f 2814/2814 3174/3174 3584/3584
f 2814/2814 3584/3584 2813/2813
f 2813/2813 3584/3584 2816/2816
f 3587/3587 3584/3584 3585/3585
f 3587/3587 2816/2816 3584/3584
f 2818/2818 2816/2816 3587/3587
f 3588/3588 3587/3587 3585/3585
f 3589/3589 2818/2818 3587/3587
f 3589/3589 3587/3587 3588/3588
f 3589/3589 2820/2820 2818/2818
f 3590/3590 2820/2820 3589/3589
f 3590/3590 3589/3589 3591/3591
f 3591/3591 3589/3589 3588/3588
f 3592/3592 3590/3590 3591/3591
f 3592/3592 3591/3591 3593/3593
f 2823/2823 2820/2820 3590/3590
f 3592/3592 2823/2823 3590/3590
f 2825/2825 2823/2823 3594/3594
f 3594/3594 2823/2823 3592/3592
f 2825/2825 3594/3594 3595/3595
f 3595/3595 3594/3594 3596/3596
f 3595/3595 2827/2827 2825/2825
f 3597/3597 3595/3595 3596/3596
f 2809/2809 2827/2827 3595/3595
f 2811/2811 2809/2809 2829/2829
f 3598/3598 3600/3600 3599/3599
f 3601/3601 3600/3600 3598/3598
f 3602/3602 3601/3601 3598/3598
f 3601/3601 3602/3602 3603/3603
f 3602/3602 2750/2750 3603/3603
f 2986/2986 2750/2750 3602/3602
f 2994/2994 2993/2993 3604/3604
f 2994/2994 3604/3604 3605/3605
f 3605/3605 3604/3604 3606/3606
f 3606/3606 3604/3604 3607/3607
f 3606/3606 3607/3607 3608/3608
f 3608/3608 3607/3607 3609/3609
f 3608/3608 3609/3609 3610/3610
f 3610/3610 3609/3609 3611/3611
f 3610/3610 3611/3611 3612/3612
f 3612/3612 3611/3611 3613/3613
f 3610/3610 3612/3612 3614/3614
f 3615/3615 3617/3617 3616/3616
f 3618/3618 3619/3619 3171/3171
f 3171/3171 3619/3619 3172/3172
f 3614/3614 3621/3621 3620/3620
f 3620/3620 3623/3623 3622/3622
f 3622/3622 3623/3623 3624/3624
f 3622/3622 3624/3624 3625/3625
f 3622/3622 3625/3625 3626/3626
f 3626/3626 3625/3625 3627/3627
f 3626/3626 3627/3627 3615/3615
f 3628/3628 3615/3615 3616/3616
f 3628/3628 3616/3616 3629/3629
f 3608/3608 3610/3610 3614/3614
f 3628/3628 3629/3629 3618/3618
f 3618/3618 3171/3171 3168/3168
f 3606/3606 3608/3608 3614/3614
f 3606/3606 3614/3614 3630/3630
f 3630/3630 3614/3614 3620/3620
f 3630/3630 3620/3620 3622/3622
f 3628/3628 3618/3618 3631/3631
f 3631/3631 3618/3618 3168/3168
f 3626/3626 3615/3615 3628/3628
f 2987/2987 3630/3630 3622/3622
f 2987/2987 3622/3622 2976/2976
f 2976/2976 3622/3622 3626/3626
f 2975/2975 3626/3626 3628/3628
f 3631/3631 3168/3168 3166/3166
f 3605/3605 3606/3606 3630/3630
f 2976/2976 3626/3626 2975/2975
f 3605/3605 3630/3630 2987/2987
f 2977/2977 2975/2975 3628/3628
f 2977/2977 3628/3628 3631/3631
f 2977/2977 3631/3631 2988/2988
f 2988/2988 3631/3631 3166/3166
f 2994/2994 3605/3605 2987/2987
f 3598/3598 3599/3599 3632/3632
f 3598/3598 3632/3632 3633/3633
f 3634/3634 3636/3636 3635/3635
f 3635/3635 3636/3636 3637/3637
f 3635/3635 3637/3637 3638/3638
f 3639/3639 3640/3640 3609/3609
f 3609/3609 3640/3640 3611/3611
f 3641/3641 3643/3643 3642/3642
f 3642/3642 3643/3643 3644/3644
f 3642/3642 3644/3644 3645/3645
f 3645/3645 3644/3644 3646/3646
f 3645/3645 3646/3646 3647/3647
f 3645/3645 3647/3647 3648/3648
f 3645/3645 3648/3648 3634/3634
f 3634/3634 3648/3648 3636/3636
f 3635/3635 3638/3638 3639/3639
f 3639/3639 3609/3609 3607/3607
f 3649/3649 3598/3598 3633/3633
f 3649/3649 3633/3633 3641/3641
f 3602/3602 3598/3598 3649/3649
f 3649/3649 3641/3641 3642/3642
f 3635/3635 3639/3639 3650/3650
f 3650/3650 3639/3639 3607/3607
f 3650/3650 3607/3607 3604/3604
f 3645/3645 3634/3634 2971/2971
f 2971/2971 3634/3634 3635/3635
f 2971/2971 3635/3635 2980/2980
f 2980/2980 3635/3635 3650/3650
f 2972/2972 3642/3642 3645/3645
f 2980/2980 3650/3650 2990/2990
f 2990/2990 3650/3650 3604/3604
f 2986/2986 3602/3602 3649/3649
f 2986/2986 3649/3649 2972/2972
f 2972/2972 3649/3649 3642/3642
f 2972/2972 3645/3645 2971/2971
f 2993/2993 2990/2990 3604/3604
f 3651/3651 2733/2733 3652/3652
f 2734/2734 2733/2733 3651/3651
f 3653/3653 2736/2736 2734/2734
f 3653/3653 2734/2734 3651/3651
f 3654/3654 2736/2736 3653/3653
f 3655/3655 2736/2736 3654/3654
f 3655/3655 3654/3654 3653/3653
f 3656/3656 3655/3655 3653/3653
f 2738/2738 2736/2736 3655/3655
f 3657/3657 3655/3655 3656/3656
f 3657/3657 2738/2738 3655/3655
f 2741/2741 2738/2738 3657/3657
f 2741/2741 3657/3657 3658/3658
f 3659/3659 2741/2741 3658/3658
f 2744/2744 2742/2742 3659/3659
f 3659/3659 2742/2742 2741/2741
f 3660/3660 3659/3659 3658/3658
f 3661/3661 3659/3659 3660/3660
f 3662/3662 2744/2744 3659/3659
f 3662/3662 3659/3659 3661/3661
f 2746/2746 2744/2744 3662/3662
f 3662/3662 3661/3661 3663/3663
f 3603/3603 2748/2748 2746/2746
f 3603/3603 2746/2746 3662/3662
f 3601/3601 3603/3603 3662/3662
f 3600/3600 3601/3601 3662/3662
f 3600/3600 3662/3662 3663/3663
f 2750/2750 2748/2748 3603/3603
f 3664/3664 3665/3665 3585/3585
f 3664/3664 3585/3585 3586/3586
f 3592/3592 3593/3593 3666/3666
f 3594/3594 3666/3666 3596/3596
f 3667/3667 2809/2809 3668/3668
f 3668/3668 2809/2809 3595/3595
f 3667/3667 2829/2829 2809/2809
f 3669/3669 2829/2829 3667/3667
f 3669/3669 2831/2831 2829/2829
f 3670/3670 2831/2831 3669/3669
f 3597/3597 3668/3668 3595/3595
f 3596/3596 3672/3672 3671/3671
f 3673/3673 3668/3668 3597/3597
f 3597/3597 3671/3671 3673/3673
f 3674/3674 3669/3669 3667/3667
f 3673/3673 3667/3667 3668/3668
f 3670/3670 3669/3669 3674/3674
f 3667/3667 3673/3673 3674/3674
f 3675/3675 3676/3676 3593/3593
f 3665/3665 3678/3678 3677/3677
f 3593/3593 3676/3676 3672/3672
f 3677/3677 3678/3678 3675/3675
f 3597/3597 3596/3596 3671/3671
f 3672/3672 3596/3596 3666/3666
f 3672/3672 3666/3666 3593/3593
f 3679/3679 3680/3680 3177/3177
f 3680/3680 3586/3586 3177/3177
f 3586/3586 3680/3680 3681/3681
f 3586/3586 3681/3681 3664/3664
f 3592/3592 3666/3666 3594/3594
f 3585/3585 3665/3665 3588/3588
f 3588/3588 3665/3665 3677/3677
f 3588/3588 3677/3677 3675/3675
f 3588/3588 3675/3675 3591/3591
f 3591/3591 3675/3675 3593/3593
f 2831/2831 3670/3670 3682/3682
f 2831/2831 3683/3683 2887/2887
f 2831/2831 3682/3682 3683/3683
f 2887/2887 3683/3683 3684/3684
f 2682/2682 3685/3685 3074/3074
f 3685/3685 2682/2682 2884/2884
f 3685/3685 2884/2884 3686/3686
f 3686/3686 2884/2884 3073/3073
f 3686/3686 3073/3073 3072/3072
f 3686/3686 3072/3072 3687/3687
f 3688/3688 3687/3687 3072/3072
f 2887/2887 3688/3688 3072/3072
f 2887/2887 3684/3684 3688/3688
f 3689/3689 3475/3475 3476/3476
f 3446/3446 3158/3158 3443/3443
f 3080/3080 3089/3089 3690/3690
f 3690/3690 3089/3089 3691/3691
f 3692/3692 3080/3080 3690/3690
f 3079/3079 3080/3080 3692/3692
f 3693/3693 3079/3079 3692/3692
f 3081/3081 3079/3079 3693/3693
f 3693/3693 3084/3084 3081/3081
f 3694/3694 3100/3100 3083/3083
f 3694/3694 3083/3083 3084/3084
f 3106/3106 3100/3100 3694/3694
f 3695/3695 3105/3105 3106/3106
f 3104/3104 3105/3105 3695/3695
f 3696/3696 3104/3104 3695/3695
f 3697/3697 3103/3103 3696/3696
f 3696/3696 3103/3103 3104/3104
f 3698/3698 3092/3092 3697/3697
f 3697/3697 3092/3092 3103/3103
f 3092/3092 3698/3698 3699/3699
f 3699/3699 3093/3093 3092/3092
f 3093/3093 3699/3699 3700/3700
f 3093/3093 3700/3700 3091/3091
f 3091/3091 3700/3700 3701/3701
f 3091/3091 3701/3701 3095/3095
f 3095/3095 3701/3701 3702/3702
f 3702/3702 3097/3097 3095/3095
f 3703/3703 3097/3097 3702/3702
f 3097/3097 3703/3703 3096/3096
f 3096/3096 3703/3703 3704/3704
f 3096/3096 3704/3704 3705/3705
f 3096/3096 3705/3705 3706/3706
f 3096/3096 3706/3706 3117/3117
f 3707/3707 3117/3117 3706/3706
f 3708/3708 3118/3118 3117/3117
f 3117/3117 3707/3707 3708/3708
f 3118/3118 3708/3708 3709/3709
f 3709/3709 3114/3114 3118/3118
f 3114/3114 3709/3709 3710/3710
f 3710/3710 3116/3116 3114/3114
f 3124/3124 3479/3479 3485/3485
f 3710/3710 3124/3124 3116/3116
f 3129/3129 3124/3124 3482/3482
f 3482/3482 3124/3124 3485/3485
f 3480/3480 3128/3128 3129/3129
f 3480/3480 3129/3129 3482/3482
f 3484/3484 3128/3128 3480/3480
f 3483/3483 3130/3130 3484/3484
f 3484/3484 3130/3130 3128/3128
f 3145/3145 3130/3130 3488/3488
f 3488/3488 3130/3130 3483/3483
f 3263/3263 3145/3145 3488/3488
f 3263/3263 3143/3143 3145/3145
f 3263/3263 3264/3264 3149/3149
f 3149/3149 3143/3143 3263/3263
f 3264/3264 3150/3150 3149/3149
f 3492/3492 3147/3147 3148/3148
f 3492/3492 3148/3148 3150/3150
f 3353/3353 3147/3147 3492/3492
f 3353/3353 3140/3140 3147/3147
f 3354/3354 3140/3140 3353/3353
f 3140/3140 3354/3354 3138/3138
f 3138/3138 3354/3354 3458/3458
f 3138/3138 3458/3458 3139/3139
f 3139/3139 3458/3458 3455/3455
f 3358/3358 3137/3137 3455/3455
f 3455/3455 3137/3137 3139/3139
f 3356/3356 3142/3142 3358/3358
f 3358/3358 3142/3142 3137/3137
f 3359/3359 3141/3141 3142/3142
f 3359/3359 3142/3142 3356/3356
f 3364/3364 3141/3141 3359/3359
f 3364/3364 3160/3160 3141/3141
f 3160/3160 3364/3364 3161/3161
f 3366/3366 3161/3161 3364/3364
f 3161/3161 3366/3366 3153/3153
f 3153/3153 3366/3366 3372/3372
f 3153/3153 3372/3372 3443/3443
f 3443/3443 3158/3158 3153/3153
f 3471/3471 3075/3075 3074/3074
f 3471/3471 3074/3074 3711/3711
f 3471/3471 3711/3711 3461/3461
f 3461/3461 3711/3711 3712/3712
f 3089/3089 3158/3158 3691/3691
f 3691/3691 3158/3158 3446/3446
f 3691/3691 3446/3446 3713/3713
f 3713/3713 3446/3446 3449/3449
f 3713/3713 3449/3449 3462/3462
f 3713/3713 3462/3462 3712/3712
f 3712/3712 3462/3462 3461/3461
f 3479/3479 3124/3124 3710/3710
f 3479/3479 3710/3710 3478/3478
f 3478/3478 3710/3710 3714/3714
f 3478/3478 3714/3714 3476/3476
f 3476/3476 3714/3714 3715/3715
f 3476/3476 3715/3715 3689/3689
f 3475/3475 3689/3689 3716/3716
f 3163/3163 3162/3162 3716/3716
f 3716/3716 3162/3162 3475/3475
f 3717/3717 3165/3165 3718/3718
f 3718/3718 3165/3165 2942/2942
f 3164/3164 3718/3718 2942/2942
f 3164/3164 3719/3719 3718/3718
f 2943/2943 3719/3719 3164/3164
f 3719/3719 2943/2943 3720/3720
f 3720/3720 2943/2943 2944/2944
f 3720/3720 2944/2944 3721/3721
f 3721/3721 2944/2944 2711/2711
f 3721/3721 2711/2711 3163/3163
f 3165/3165 3717/3717 3722/3722
f 3723/3723 2727/2727 3724/3724
f 3165/3165 3725/3725 2727/2727
f 2727/2727 3725/3725 3724/3724
f 3165/3165 3722/3722 3725/3725
f 3653/3653 3727/3727 3726/3726
f 3652/3652 2733/2733 3728/3728
f 3728/3728 2733/2733 2731/2731
f 3651/3651 3729/3729 3653/3653
f 3653/3653 3726/3726 3730/3730
f 3653/3653 3730/3730 3656/3656
f 3660/3660 3731/3731 3661/3661
f 3600/3600 3663/3663 3732/3732
f 3651/3651 3652/3652 3729/3729
f 3728/3728 2731/2731 3733/3733
f 3734/3734 3729/3729 3652/3652
f 3734/3734 3652/3652 3735/3735
f 3652/3652 3728/3728 3735/3735
f 3728/3728 3733/3733 3735/3735
f 2731/2731 3736/3736 3733/3733
f 3734/3734 3727/3727 3729/3729
f 3729/3729 3727/3727 3653/3653
f 3724/3724 3736/3736 3723/3723
f 3723/3723 3736/3736 2730/2730
f 3723/3723 2730/2730 2727/2727
f 2730/2730 3736/3736 2731/2731
f 3731/3731 3660/3660 3737/3737
f 3738/3738 3740/3740 3739/3739
f 3663/3663 3741/3741 3732/3732
f 3661/3661 3731/3731 3741/3741
f 3661/3661 3741/3741 3663/3663
f 3657/3657 3730/3730 3740/3740
f 3657/3657 3740/3740 3658/3658
f 3658/3658 3740/3740 3738/3738
f 3658/3658 3738/3738 3660/3660
f 3660/3660 3738/3738 3737/3737
f 3657/3657 3656/3656 3730/3730
f 3742/3742 3743/3743 3703/3703
f 3744/3744 3670/3670 3674/3674
f 3745/3745 3685/3685 3686/3686
f 3746/3746 3074/3074 3685/3685
f 3740/3740 3748/3748 3747/3747
f 3747/3747 3739/3739 3740/3740
f 3749/3749 3751/3751 3750/3750
f 3752/3752 3754/3754 3753/3753
f 3755/3755 3757/3757 3756/3756
f 3675/3675 3758/3758 3676/3676
f 3675/3675 3678/3678 3758/3758
f 3759/3759 3761/3761 3760/3760
f 3762/3762 3730/3730 3763/3763
f 3763/3763 3730/3730 3726/3726
f 3730/3730 3762/3762 3740/3740
f 3764/3764 3735/3735 3733/3733
f 3764/3764 3765/3765 3735/3735
f 3736/3736 3724/3724 3764/3764
f 3733/3733 3736/3736 3764/3764
f 3766/3766 3767/3767 3765/3765
f 3766/3766 3765/3765 3764/3764
f 3724/3724 3759/3759 3764/3764
f 3765/3765 3768/3768 3735/3735
f 3769/3769 3767/3767 3770/3770
f 3770/3770 3767/3767 3766/3766
f 3771/3771 3772/3772 3751/3751
f 3762/3762 3749/3749 3748/3748
f 3766/3766 3764/3764 3760/3760
f 3764/3764 3759/3759 3760/3760
f 3765/3765 3767/3767 3768/3768
f 3767/3767 3769/3769 3768/3768
f 3768/3768 3734/3734 3735/3735
f 3770/3770 3773/3773 3769/3769
f 3774/3774 3773/3773 3770/3770
f 3775/3775 3770/3770 3766/3766
f 3774/3774 3770/3770 3775/3775
f 3776/3776 3766/3766 3760/3760
f 3759/3759 3724/3724 3761/3761
f 3775/3775 3777/3777 3774/3774
f 3777/3777 3778/3778 3774/3774
f 3779/3779 3777/3777 3775/3775
f 3780/3780 3775/3775 3766/3766
f 3780/3780 3766/3766 3776/3776
f 3749/3749 3781/3781 3751/3751
f 3772/3772 3771/3771 3753/3753
f 3762/3762 3781/3781 3749/3749
f 3753/3753 3771/3771 3752/3752
f 3754/3754 3752/3752 3782/3782
f 3779/3779 3775/3775 3780/3780
f 3779/3779 3783/3783 3777/3777
f 3777/3777 3784/3784 3778/3778
f 3779/3779 3780/3780 3785/3785
f 3779/3779 3785/3785 3783/3783
f 3761/3761 3724/3724 3725/3725
f 3760/3760 3786/3786 3776/3776
f 3777/3777 3783/3783 3784/3784
f 3778/3778 3784/3784 3787/3787
f 3783/3783 3788/3788 3784/3784
f 3786/3786 3789/3789 3776/3776
f 3776/3776 3789/3789 3780/3780
f 3780/3780 3789/3789 3790/3790
f 3760/3760 3761/3761 3786/3786
f 3780/3780 3790/3790 3785/3785
f 3774/3774 3778/3778 3773/3773
f 3773/3773 3752/3752 3769/3769
f 3791/3791 3792/3792 3787/3787
f 3769/3769 3752/3752 3793/3793
f 3734/3734 3763/3763 3727/3727
f 3787/3787 3784/3784 3791/3791
f 3785/3785 3794/3794 3783/3783
f 3784/3784 3788/3788 3791/3791
f 3785/3785 3790/3790 3794/3794
f 3783/3783 3794/3794 3795/3795
f 3783/3783 3795/3795 3788/3788
f 3792/3792 3791/3791 3796/3796
f 3790/3790 3797/3797 3794/3794
f 3788/3788 3798/3798 3791/3791
f 3792/3792 3800/3800 3799/3799
f 3792/3792 3799/3799 3801/3801
f 3782/3782 3801/3801 3754/3754
f 3740/3740 3762/3762 3748/3748
f 3802/3802 3804/3804 3803/3803
f 3802/3802 3803/3803 3805/3805
f 3805/3805 3803/3803 3806/3806
f 3807/3807 3805/3805 3806/3806
f 3808/3808 3805/3805 3807/3807
f 3808/3808 3807/3807 3809/3809
f 3810/3810 3805/3805 3808/3808
f 3811/3811 3670/3670 3744/3744
f 3811/3811 3682/3682 3670/3670
f 3674/3674 3812/3812 3744/3744
f 3813/3813 3808/3808 3809/3809
f 3813/3813 3809/3809 3814/3814
f 3815/3815 3817/3817 3816/3816
f 3762/3762 3763/3763 3781/3781
f 3771/3771 3793/3793 3752/3752
f 3800/3800 3792/3792 3796/3796
f 3800/3800 3796/3796 3818/3818
f 3787/3787 3801/3801 3782/3782
f 3773/3773 3782/3782 3752/3752
f 3727/3727 3763/3763 3726/3726
f 3751/3751 3793/3793 3771/3771
f 3788/3788 3795/3795 3798/3798
f 3791/3791 3798/3798 3819/3819
f 3791/3791 3819/3819 3796/3796
f 3820/3820 3818/3818 3796/3796
f 3792/3792 3801/3801 3787/3787
f 3778/3778 3787/3787 3782/3782
f 3778/3778 3782/3782 3773/3773
f 3769/3769 3793/3793 3768/3768
f 3768/3768 3763/3763 3734/3734
f 3781/3781 3763/3763 3768/3768
f 3781/3781 3768/3768 3751/3751
f 3751/3751 3768/3768 3793/3793
f 3794/3794 3797/3797 3821/3821
f 3795/3795 3822/3822 3798/3798
f 3819/3819 3823/3823 3796/3796
f 3818/3818 3820/3820 3824/3824
f 3822/3822 3825/3825 3798/3798
f 3794/3794 3821/3821 3795/3795
f 3821/3821 3826/3826 3795/3795
f 3798/3798 3827/3827 3819/3819
f 3796/3796 3823/3823 3820/3820
f 3797/3797 3828/3828 3821/3821
f 3795/3795 3826/3826 3822/3822
f 3798/3798 3825/3825 3827/3827
f 3819/3819 3827/3827 3823/3823
f 3826/3826 3830/3830 3829/3829
f 3826/3826 3829/3829 3822/3822
f 3827/3827 3825/3825 3831/3831
f 3827/3827 3832/3832 3823/3823
f 3820/3820 3832/3832 3824/3824
f 3821/3821 3833/3833 3830/3830
f 3822/3822 3829/3829 3825/3825
f 3834/3834 3836/3836 3835/3835
f 3828/3828 3833/3833 3821/3821
f 3821/3821 3830/3830 3826/3826
f 3823/3823 3832/3832 3820/3820
f 3834/3834 3824/3824 3836/3836
f 3827/3827 3831/3831 3832/3832
f 3824/3824 3832/3832 3837/3837
f 3833/3833 3838/3838 3830/3830
f 3825/3825 3829/3829 3839/3839
f 3825/3825 3839/3839 3831/3831
f 3831/3831 3840/3840 3832/3832
f 3824/3824 3837/3837 3836/3836
f 3835/3835 3836/3836 3757/3757
f 3830/3830 3838/3838 3829/3829
f 3831/3831 3841/3841 3840/3840
f 3832/3832 3840/3840 3842/3842
f 3832/3832 3842/3842 3837/3837
f 3831/3831 3839/3839 3841/3841
f 3829/3829 3843/3843 3839/3839
f 3836/3836 3844/3844 3757/3757
f 3841/3841 3815/3815 3840/3840
f 3840/3840 3815/3815 3845/3845
f 3837/3837 3846/3846 3836/3836
f 3836/3836 3846/3846 3844/3844
f 3838/3838 3843/3843 3829/3829
f 3839/3839 3847/3847 3841/3841
f 3840/3840 3845/3845 3842/3842
f 3810/3810 3808/3808 3848/3848
f 3848/3848 3808/3808 3813/3813
f 3811/3811 3813/3813 3814/3814
f 3849/3849 3810/3810 3850/3850
f 3850/3850 3810/3810 3848/3848
f 3744/3744 3848/3848 3813/3813
f 3744/3744 3813/3813 3811/3811
f 3674/3674 3673/3673 3812/3812
f 3744/3744 3812/3812 3848/3848
f 3673/3673 3851/3851 3812/3812
f 3851/3851 3673/3673 3671/3671
f 3843/3843 3847/3847 3839/3839
f 3757/3757 3853/3853 3852/3852
f 3847/3847 3855/3855 3854/3854
f 3856/3856 3817/3817 3815/3815
f 3852/3852 3853/3853 3857/3857
f 3847/3847 3856/3856 3841/3841
f 3841/3841 3856/3856 3815/3815
f 3842/3842 3815/3815 3816/3816
f 3756/3756 3757/3757 3852/3852
f 3843/3843 3855/3855 3847/3847
f 3845/3845 3815/3815 3842/3842
f 3837/3837 3842/3842 3846/3846
f 3757/3757 3844/3844 3853/3853
f 3847/3847 3854/3854 3856/3856
f 3842/3842 3816/3816 3846/3846
f 3858/3858 3853/3853 3844/3844
f 3856/3856 3859/3859 3817/3817
f 3817/3817 3804/3804 3816/3816
f 3846/3846 3858/3858 3844/3844
f 3852/3852 3857/3857 3860/3860
f 3852/3852 3860/3860 3861/3861
f 3846/3846 3862/3862 3858/3858
f 3853/3853 3858/3858 3863/3863
f 3857/3857 3863/3863 3860/3860
f 3861/3861 3860/3860 3864/3864
f 3817/3817 3859/3859 3804/3804
f 3804/3804 3802/3802 3816/3816
f 3862/3862 3810/3810 3858/3858
f 3858/3858 3849/3849 3863/3863
f 3856/3856 3854/3854 3859/3859
f 3846/3846 3816/3816 3862/3862
f 3853/3853 3863/3863 3857/3857
f 3816/3816 3802/3802 3862/3862
f 3812/3812 3851/3851 3850/3850
f 3865/3865 3851/3851 3671/3671
f 3851/3851 3849/3849 3850/3850
f 3866/3866 3671/3671 3672/3672
f 3849/3849 3851/3851 3865/3865
f 3866/3866 3865/3865 3671/3671
f 3866/3866 3672/3672 3864/3864
f 3676/3676 3864/3864 3672/3672
f 3854/3854 3867/3867 3859/3859
f 3814/3814 3682/3682 3811/3811
f 3848/3848 3812/3812 3850/3850
f 3867/3867 3803/3803 3859/3859
f 3859/3859 3803/3803 3804/3804
f 3805/3805 3810/3810 3862/3862
f 3858/3858 3810/3810 3849/3849
f 3863/3863 3849/3849 3865/3865
f 3860/3860 3866/3866 3864/3864
f 3802/3802 3805/3805 3862/3862
f 3865/3865 3866/3866 3863/3863
f 3863/3863 3866/3866 3860/3860
f 3868/3868 3869/3869 3698/3698
f 3868/3868 3698/3698 3697/3697
f 3868/3868 3697/3697 3696/3696
f 3106/3106 3694/3694 3870/3870
f 3871/3871 3854/3854 3855/3855
f 3872/3872 3873/3873 3806/3806
f 3872/3872 3806/3806 3874/3874
f 3873/3873 3872/3872 3875/3875
f 3867/3867 3874/3874 3806/3806
f 3809/3809 3807/3807 3873/3873
f 3873/3873 3807/3807 3806/3806
f 3711/3711 3074/3074 3746/3746
f 3711/3711 3746/3746 3712/3712
f 3712/3712 3746/3746 3713/3713
f 3691/3691 3713/3713 3876/3876
f 3746/3746 3876/3876 3713/3713
f 3691/3691 3877/3877 3690/3690
f 3691/3691 3876/3876 3877/3877
f 3690/3690 3877/3877 3692/3692
f 3693/3693 3692/3692 3878/3878
f 3693/3693 3879/3879 3084/3084
f 3084/3084 3879/3879 3870/3870
f 3694/3694 3084/3084 3870/3870
f 3692/3692 3877/3877 3880/3880
f 3693/3693 3878/3878 3879/3879
f 3870/3870 3695/3695 3106/3106
f 3876/3876 3746/3746 3881/3881
f 3881/3881 3746/3746 3882/3882
f 3882/3882 3746/3746 3685/3685
f 3877/3877 3883/3883 3880/3880
f 3692/3692 3880/3880 3878/3878
f 3696/3696 3695/3695 3884/3884
f 3884/3884 3695/3695 3870/3870
f 3885/3885 3878/3878 3880/3880
f 3886/3886 3877/3877 3876/3876
f 3886/3886 3876/3876 3881/3881
f 3882/3882 3685/3685 3745/3745
f 3879/3879 3878/3878 3885/3885
f 3884/3884 3870/3870 3879/3879
f 3883/3883 3885/3885 3880/3880
f 3887/3887 3883/3883 3877/3877
f 3888/3888 3814/3814 3809/3809
f 3888/3888 3809/3809 3889/3889
f 3682/3682 3890/3890 3683/3683
f 3891/3891 3683/3683 3890/3890
f 3719/3719 3720/3720 3892/3892
f 3701/3701 3893/3893 3702/3702
f 3894/3894 3704/3704 3703/3703
f 3707/3707 3706/3706 3705/3705
f 3705/3705 3704/3704 3894/3894
f 3894/3894 3703/3703 3743/3743
f 3707/3707 3705/3705 3894/3894
f 3895/3895 3696/3696 3884/3884
f 3896/3896 3879/3879 3885/3885
f 3887/3887 3877/3877 3886/3886
f 3886/3886 3881/3881 3897/3897
f 3897/3897 3881/3881 3882/3882
f 3700/3700 3869/3869 3898/3898
f 3893/3893 3700/3700 3898/3898
f 3899/3899 3898/3898 3869/3869
f 3899/3899 3868/3868 3900/3900
f 3901/3901 3883/3883 3887/3887
f 3902/3902 3883/3883 3901/3901
f 3903/3903 3897/3897 3745/3745
f 3900/3900 3868/3868 3895/3895
f 3896/3896 3885/3885 3904/3904
f 3904/3904 3885/3885 3905/3905
f 3905/3905 3885/3885 3883/3883
f 3901/3901 3887/3887 3886/3886
f 3897/3897 3882/3882 3745/3745
f 3906/3906 3745/3745 3686/3686
f 3869/3869 3868/3868 3899/3899
f 3868/3868 3696/3696 3895/3895
f 3884/3884 3879/3879 3896/3896
f 3907/3907 3899/3899 3900/3900
f 3903/3903 3745/3745 3906/3906
f 3908/3908 3899/3899 3907/3907
f 3909/3909 3896/3896 3904/3904
f 3910/3910 3904/3904 3905/3905
f 3903/3903 3906/3906 3911/3911
f 3688/3688 3906/3906 3687/3687
f 3908/3908 3898/3898 3899/3899
f 3900/3900 3895/3895 3912/3912
f 3901/3901 3886/3886 3913/3913
f 3913/3913 3897/3897 3903/3903
f 3911/3911 3906/3906 3914/3914
f 3914/3914 3906/3906 3688/3688
f 3742/3742 3916/3916 3915/3915
f 3907/3907 3900/3900 3917/3917
f 3917/3917 3900/3900 3918/3918
f 3918/3918 3912/3912 3909/3909
f 3910/3910 3905/3905 3902/3902
f 3919/3919 3902/3902 3901/3901
f 3742/3742 3703/3703 3893/3893
f 3742/3742 3893/3893 3916/3916
f 3915/3915 3916/3916 3898/3898
f 3915/3915 3898/3898 3908/3908
f 3918/3918 3900/3900 3912/3912
f 3912/3912 3896/3896 3909/3909
f 3909/3909 3904/3904 3910/3910
f 3919/3919 3901/3901 3913/3913
f 3703/3703 3702/3702 3893/3893
f 3916/3916 3893/3893 3898/3898
f 3912/3912 3895/3895 3884/3884
f 3912/3912 3884/3884 3896/3896
f 3905/3905 3883/3883 3902/3902
f 3913/3913 3886/3886 3897/3897
f 3906/3906 3686/3686 3687/3687
f 3700/3700 3893/3893 3701/3701
f 3869/3869 3700/3700 3699/3699
f 3698/3698 3869/3869 3699/3699
f 3725/3725 3722/3722 3920/3920
f 3920/3920 3921/3921 3725/3725
f 3761/3761 3725/3725 3921/3921
f 3922/3922 3915/3915 3908/3908
f 3923/3923 3902/3902 3919/3919
f 3924/3924 3914/3914 3688/3688
f 3714/3714 3710/3710 3925/3925
f 3710/3710 3709/3709 3926/3926
f 3927/3927 3909/3909 3910/3910
f 3928/3928 3919/3919 3913/3913
f 3709/3709 3708/3708 3929/3929
f 3929/3929 3708/3708 3707/3707
f 3930/3930 3894/3894 3743/3743
f 3930/3930 3743/3743 3742/3742
f 3922/3922 3908/3908 3931/3931
f 3931/3931 3917/3917 3932/3932
f 3917/3917 3918/3918 3909/3909
f 3933/3933 3910/3910 3902/3902
f 3933/3933 3902/3902 3923/3923
f 3934/3934 3913/3913 3911/3911
f 3926/3926 3709/3709 3929/3929
f 3935/3935 3707/3707 3936/3936
f 3936/3936 3707/3707 3894/3894
f 3936/3936 3894/3894 3930/3930
f 3922/3922 3931/3931 3937/3937
f 3938/3938 3931/3931 3932/3932
f 3927/3927 3910/3910 3933/3933
f 3923/3923 3919/3919 3928/3928
f 3928/3928 3913/3913 3934/3934
f 3937/3937 3931/3931 3938/3938
f 3939/3939 3930/3930 3742/3742
f 3922/3922 3939/3939 3915/3915
f 3932/3932 3917/3917 3940/3940
f 3941/3941 3940/3940 3909/3909
f 3941/3941 3909/3909 3927/3927
f 3684/3684 3924/3924 3688/3688
f 3925/3925 3710/3710 3926/3926
f 3935/3935 3929/3929 3707/3707
f 3939/3939 3742/3742 3915/3915
f 3940/3940 3917/3917 3909/3909
f 3934/3934 3914/3914 3942/3942
f 3942/3942 3914/3914 3924/3924
f 3925/3925 3926/3926 3929/3929
f 3943/3943 3922/3922 3937/3937
f 3941/3941 3927/3927 3944/3944
f 3944/3944 3927/3927 3933/3933
f 3945/3945 3929/3929 3935/3935
f 3946/3946 3941/3941 3944/3944
f 3888/3888 3928/3928 3934/3934
f 3891/3891 3942/3942 3924/3924
f 3947/3947 3936/3936 3930/3930
f 3947/3947 3930/3930 3939/3939
f 3948/3948 3939/3939 3922/3922
f 3949/3949 3938/3938 3932/3932
f 3933/3933 3923/3923 3889/3889
f 3889/3889 3923/3923 3928/3928
f 3890/3890 3934/3934 3942/3942
f 3721/3721 3689/3689 3950/3950
f 3951/3951 3925/3925 3945/3945
f 3952/3952 3936/3936 3947/3947
f 3947/3947 3939/3939 3948/3948
f 3944/3944 3933/3933 3875/3875
f 3875/3875 3933/3933 3889/3889
f 3889/3889 3928/3928 3888/3888
f 3891/3891 3924/3924 3684/3684
f 3953/3953 3951/3951 3945/3945
f 3945/3945 3935/3935 3954/3954
f 3954/3954 3935/3935 3952/3952
f 3955/3955 3948/3948 3943/3943
f 3890/3890 3942/3942 3891/3891
f 3163/3163 3716/3716 3721/3721
f 3721/3721 3716/3716 3689/3689
f 3950/3950 3689/3689 3951/3951
f 3945/3945 3925/3925 3929/3929
f 3952/3952 3935/3935 3936/3936
f 3948/3948 3922/3922 3943/3943
f 3956/3956 3937/3937 3938/3938
f 3956/3956 3938/3938 3949/3949
f 3946/3946 3940/3940 3941/3941
f 3888/3888 3934/3934 3890/3890
f 3689/3689 3715/3715 3951/3951
f 3951/3951 3715/3715 3714/3714
f 3951/3951 3714/3714 3925/3925
f 3949/3949 3932/3932 3940/3940
f 3786/3786 3761/3761 3957/3957
f 3957/3957 3761/3761 3921/3921
f 3789/3789 3786/3786 3957/3957
f 3958/3958 3789/3789 3957/3957
f 3958/3958 3790/3790 3789/3789
f 3959/3959 3790/3790 3958/3958
f 3957/3957 3921/3921 3960/3960
f 3960/3960 3921/3921 3920/3920
f 3958/3958 3957/3957 3960/3960
f 3828/3828 3959/3959 3961/3961
f 3920/3920 3722/3722 3717/3717
f 3962/3962 3960/3960 3920/3920
f 3953/3953 3945/3945 3963/3963
f 3952/3952 3947/3947 3948/3948
f 3964/3964 3948/3948 3955/3955
f 3965/3965 3956/3956 3949/3949
f 3949/3949 3940/3940 3966/3966
f 3872/3872 3944/3944 3875/3875
f 3891/3891 3684/3684 3683/3683
f 3890/3890 3814/3814 3888/3888
f 3889/3889 3873/3873 3875/3875
f 3952/3952 3948/3948 3954/3954
f 3953/3953 3963/3963 3967/3967
f 3890/3890 3682/3682 3814/3814
f 3968/3968 3963/3963 3945/3945
f 3969/3969 3892/3892 3970/3970
f 3971/3971 3972/3972 3961/3961
f 3871/3871 3965/3965 3949/3949
f 3871/3871 3949/3949 3966/3966
f 3874/3874 3946/3946 3872/3872
f 3973/3973 3955/3955 3974/3974
f 3871/3871 3966/3966 3874/3874
f 3874/3874 3966/3966 3946/3946
f 3965/3965 3974/3974 3956/3956
f 3956/3956 3974/3974 3955/3955
f 3954/3954 3972/3972 3975/3975
f 3975/3975 3976/3976 3963/3963
f 3950/3950 3892/3892 3720/3720
f 3889/3889 3809/3809 3873/3873
f 3955/3955 3973/3973 3964/3964
f 3964/3964 3972/3972 3948/3948
f 3948/3948 3972/3972 3954/3954
f 3954/3954 3975/3975 3968/3968
f 3968/3968 3975/3975 3963/3963
f 3953/3953 3967/3967 3892/3892
f 3953/3953 3892/3892 3950/3950
f 3961/3961 3959/3959 3971/3971
f 3959/3959 3958/3958 3977/3977
f 3977/3977 3958/3958 3978/3978
f 3833/3833 3828/3828 3979/3979
f 3979/3979 3828/3828 3961/3961
f 3971/3971 3959/3959 3977/3977
f 3978/3978 3958/3958 3960/3960
f 3962/3962 3920/3920 3717/3717
f 3838/3838 3833/3833 3979/3979
f 3980/3980 3978/3978 3960/3960
f 3969/3969 3717/3717 3718/3718
f 3980/3980 3960/3960 3962/3962
f 3962/3962 3717/3717 3969/3969
f 3981/3981 3838/3838 3974/3974
f 3976/3976 3980/3980 3962/3962
f 3976/3976 3962/3962 3970/3970
f 3969/3969 3718/3718 3892/3892
f 3963/3963 3976/3976 3967/3967
f 3967/3967 3976/3976 3970/3970
f 3974/3974 3838/3838 3979/3979
f 3973/3973 3979/3979 3961/3961
f 3977/3977 3978/3978 3980/3980
f 3970/3970 3962/3962 3969/3969
f 3892/3892 3718/3718 3719/3719
f 3972/3972 3971/3971 3975/3975
f 3971/3971 3977/3977 3975/3975
f 3965/3965 3981/3981 3974/3974
f 3974/3974 3979/3979 3973/3973
f 3973/3973 3961/3961 3964/3964
f 3964/3964 3961/3961 3972/3972
f 3975/3975 3977/3977 3980/3980
f 3892/3892 3967/3967 3970/3970
f 3980/3980 3976/3976 3975/3975
f 3981/3981 3965/3965 3855/3855
f 3871/3871 3855/3855 3965/3965
f 3720/3720 3721/3721 3950/3950
f 3950/3950 3951/3951 3953/3953
f 3968/3968 3945/3945 3954/3954
f 3943/3943 3937/3937 3955/3955
f 3955/3955 3937/3937 3956/3956
f 3966/3966 3940/3940 3946/3946
f 3946/3946 3944/3944 3872/3872
f 3931/3931 3908/3908 3907/3907
f 3931/3931 3907/3907 3917/3917
f 3913/3913 3903/3903 3911/3911
f 3934/3934 3911/3911 3914/3914
f 3867/3867 3806/3806 3803/3803
f 3874/3874 3867/3867 3854/3854
f 3874/3874 3854/3854 3871/3871
f 3981/3981 3855/3855 3843/3843
f 3981/3981 3843/3843 3838/3838
f 3828/3828 3797/3797 3959/3959
f 3959/3959 3797/3797 3790/3790
f 3982/3982 3191/3191 3983/3983
f 3982/3982 3192/3192 3191/3191
f 3198/3198 3199/3199 3267/3267
f 3203/3203 3204/3204 3984/3984
f 3203/3203 3984/3984 2969/2969
f 2969/2969 3984/3984 3985/3985
f 2969/2969 3985/3985 2947/2947
f 2947/2947 3985/3985 3283/3283
f 3208/3208 2947/2947 3283/3283
f 3986/3986 3201/3201 3202/3202
f 3202/3202 3200/3200 3267/3267
f 3286/3286 3204/3204 3986/3986
f 3986/3986 3202/3202 3286/3286
f 3282/3282 3204/3204 3286/3286
f 3984/3984 3204/3204 3985/3985
f 3985/3985 3204/3204 3282/3282
f 3986/3986 3204/3204 3201/3201
f 3283/3283 3985/3985 3282/3282
f 3987/3987 3279/3279 3988/3988
f 3988/3988 3279/3279 3280/3280
f 3266/3266 3267/3267 3199/3199
f 3266/3266 3199/3199 3280/3280
f 3280/3280 3199/3199 3988/3988
f 3267/3267 3292/3292 3202/3202
f 3989/3989 3990/3990 3170/3170
f 3990/3990 3191/3191 3170/3170
f 3191/3191 3990/3990 3983/3983
f 3198/3198 3267/3267 3200/3200
f 3192/3192 3982/3982 3987/3987
f 3192/3192 3987/3987 3194/3194
f 3194/3194 3987/3987 3196/3196
f 3196/3196 3987/3987 3988/3988
f 3196/3196 3988/3988 3197/3197
f 3197/3197 3988/3988 3199/3199
f 3286/3286 3202/3202 3292/3292
f 3991/3991 3993/3993 3992/3992
f 3992/3992 3993/3993 3994/3994
f 3994/3994 3995/3995 3992/3992
f 3994/3994 3996/3996 3995/3995
f 3994/3994 3997/3997 3996/3996
f 3998/3998 3993/3993 3991/3991
f 3994/3994 4000/4000 3999/3999
f 3997/3997 3994/3994 3999/3999
f 4001/4001 3993/3993 4002/4002
f 3994/3994 4003/4003 4000/4000
f 4001/4001 4004/4004 3993/3993
f 3993/3993 3998/3998 4002/4002
f 4005/4005 3993/3993 4004/4004
f 4006/4006 4003/4003 3994/3994
f 3993/3993 4005/4005 4007/4007
f 4006/4006 3994/3994 4007/4007
f 4007/4007 3994/3994 3993/3993
f 4008/4008 4010/4010 4009/4009
f 4011/4011 3999/3999 4000/4000
f 4012/4012 4000/4000 4003/4003
f 4003/4003 4006/4006 4013/4013
f 4014/4014 4008/4008 4015/4015
f 4015/4015 4008/4008 4009/4009
f 4015/4015 4009/4009 4016/4016
f 4016/4016 4009/4009 4017/4017
f 4018/4018 4020/4020 4019/4019
f 4021/4021 4023/4023 4022/4022
f 4024/4024 4026/4026 4025/4025
f 4024/4024 4025/4025 4027/4027
f 4028/4028 4030/4030 4029/4029
f 4028/4028 4029/4029 4023/4023
f 4020/4020 4031/4031 4019/4019
f 4019/4019 4031/4031 4030/4030
f 4026/4026 4022/4022 4032/4032
f 4026/4026 4032/4032 4025/4025
f 4025/4025 4032/4032 4033/4033
f 4009/4009 4034/4034 4017/4017
f 4017/4017 4034/4034 4020/4020
f 4020/4020 4034/4034 4031/4031
f 4009/4009 4035/4035 4034/4034
f 4030/4030 4036/4036 4029/4029
f 4023/4023 4029/4029 4037/4037
f 4023/4023 4037/4037 4022/4022
f 4022/4022 4037/4037 4038/4038
f 4022/4022 4038/4038 4032/4032
f 4031/4031 4036/4036 4030/4030
f 4029/4029 4036/4036 4037/4037
f 4035/4035 4039/4039 4034/4034
f 4039/4039 4040/4040 4034/4034
f 4034/4034 4040/4040 4041/4041
f 4034/4034 4041/4041 4031/4031
f 4031/4031 4041/4041 4012/4012
f 4031/4031 4012/4012 4036/4036
f 4037/4037 4036/4036 4042/4042
f 4037/4037 4042/4042 4043/4043
f 4037/4037 4043/4043 4038/4038
f 4038/4038 4043/4043 4044/4044
f 4036/4036 4012/4012 4042/4042
f 4040/4040 4011/4011 4041/4041
f 4042/4042 4012/4012 4003/4003
f 4043/4043 4042/4042 4013/4013
f 4041/4041 4011/4011 4000/4000
f 4041/4041 4000/4000 4012/4012
f 4042/4042 4003/4003 4013/4013
f 4045/4045 4027/4027 4046/4046
f 4046/4046 4027/4027 4025/4025
f 4046/4046 4025/4025 4047/4047
f 4047/4047 4025/4025 4033/4033
f 4047/4047 4033/4033 4048/4048
f 4048/4048 4033/4033 4032/4032
f 4048/4048 4032/4032 4049/4049
f 4049/4049 4032/4032 4038/4038
f 4049/4049 4038/4038 4050/4050
f 4050/4050 4038/4038 4044/4044
f 4050/4050 4044/4044 4051/4051
f 4051/4051 4044/4044 4043/4043
f 4051/4051 4043/4043 4052/4052
f 4052/4052 4043/4043 4013/4013
f 4052/4052 4013/4013 4007/4007
f 4007/4007 4013/4013 4006/4006
f 4045/4045 4046/4046 4053/4053
f 4053/4053 4046/4046 4048/4048
f 4053/4053 4048/4048 4054/4054
f 4054/4054 4048/4048 4055/4055
f 4056/4056 4058/4058 4057/4057
f 4059/4059 4061/4061 4060/4060
f 4059/4059 4060/4060 4062/4062
f 4046/4046 4047/4047 4048/4048
f 4063/4063 4065/4065 4064/4064
f 4061/4061 4064/4064 4066/4066
f 4061/4061 4066/4066 4060/4060
f 4062/4062 4060/4060 4067/4067
f 4062/4062 4067/4067 4068/4068
f 4068/4068 4067/4067 4058/4058
f 4058/4058 4067/4067 4069/4069
f 4058/4058 4069/4069 4057/4057
f 4055/4055 4070/4070 4065/4065
f 4065/4065 4070/4070 4064/4064
f 4048/4048 4071/4071 4055/4055
f 4055/4055 4071/4071 4070/4070
f 4067/4067 4072/4072 4069/4069
f 4069/4069 4072/4072 4073/4073
f 4048/4048 4049/4049 4071/4071
f 4064/4064 4070/4070 4074/4074
f 4064/4064 4074/4074 4066/4066
f 4071/4071 4075/4075 4070/4070
f 4067/4067 4060/4060 4076/4076
f 4067/4067 4076/4076 4072/4072
f 4049/4049 4050/4050 4071/4071
f 4066/4066 4074/4074 4077/4077
f 4066/4066 4077/4077 4060/4060
f 4071/4071 4050/4050 4075/4075
f 4070/4070 4075/4075 4078/4078
f 4070/4070 4078/4078 4074/4074
f 4060/4060 4077/4077 4076/4076
f 4050/4050 4051/4051 4075/4075
f 4074/4074 4078/4078 4077/4077
f 4077/4077 4079/4079 4076/4076
f 4076/4076 4079/4079 4080/4080
f 4051/4051 4052/4052 4075/4075
f 4075/4075 4052/4052 4005/4005
f 4075/4075 4005/4005 4078/4078
f 4077/4077 4078/4078 4004/4004
f 4077/4077 4004/4004 4079/4079
f 4078/4078 4005/4005 4004/4004
f 4052/4052 4007/4007 4005/4005
f 4079/4079 4004/4004 4001/4001
f 4081/4081 4082/4082 4056/4056
f 4081/4081 4056/4056 4083/4083
f 4083/4083 4056/4056 4057/4057
f 4083/4083 4057/4057 4084/4084
f 4084/4084 4057/4057 4069/4069
f 4084/4084 4069/4069 4085/4085
f 4085/4085 4069/4069 4073/4073
f 4085/4085 4073/4073 4086/4086
f 4086/4086 4073/4073 4072/4072
f 4086/4086 4072/4072 4076/4076
f 4086/4086 4076/4076 4087/4087
f 4087/4087 4076/4076 4080/4080
f 4087/4087 4080/4080 4088/4088
f 4088/4088 4080/4080 4089/4089
f 4089/4089 4080/4080 4079/4079
f 4089/4089 4079/4079 4002/4002
f 4002/4002 4079/4079 4001/4001
f 4089/4089 4002/4002 3998/3998
f 4090/4090 3998/3998 4091/4091
f 4091/4091 3991/3991 4092/4092
f 4093/4093 4081/4081 4083/4083
f 4093/4093 4083/4083 4094/4094
f 4095/4095 4094/4094 4096/4096
f 4095/4095 4096/4096 4097/4097
f 4098/4098 4100/4100 4099/4099
f 4101/4101 4103/4103 4102/4102
f 4101/4101 4102/4102 4104/4104
f 4097/4097 4096/4096 4105/4105
f 4097/4097 4105/4105 4106/4106
f 4106/4106 4105/4105 4107/4107
f 4108/4108 4107/4107 4109/4109
f 4110/4110 4108/4108 4111/4111
f 4110/4110 4111/4111 4100/4100
f 4083/4083 4084/4084 4094/4094
f 4107/4107 4105/4105 4109/4109
f 4108/4108 4109/4109 4111/4111
f 4103/4103 4099/4099 4112/4112
f 4103/4103 4112/4112 4102/4102
f 4102/4102 4112/4112 4113/4113
f 4094/4094 4084/4084 4096/4096
f 4084/4084 4085/4085 4096/4096
f 4096/4096 4114/4114 4105/4105
f 4109/4109 4115/4115 4111/4111
f 4100/4100 4111/4111 4116/4116
f 4100/4100 4116/4116 4099/4099
f 4099/4099 4116/4116 4117/4117
f 4099/4099 4117/4117 4112/4112
f 4085/4085 4086/4086 4096/4096
f 4096/4096 4086/4086 4114/4114
f 4105/4105 4118/4118 4109/4109
f 4111/4111 4115/4115 4116/4116
f 4114/4114 4118/4118 4105/4105
f 4109/4109 4118/4118 4115/4115
f 4086/4086 4087/4087 4114/4114
f 4114/4114 4087/4087 4088/4088
f 4114/4114 4088/4088 4119/4119
f 4114/4114 4119/4119 4118/4118
f 4118/4118 4119/4119 4090/4090
f 4118/4118 4090/4090 4115/4115
f 4116/4116 4115/4115 4091/4091
f 4116/4116 4091/4091 4120/4120
f 4116/4116 4120/4120 4117/4117
f 4117/4117 4120/4120 4121/4121
f 4115/4115 4090/4090 4091/4091
f 4088/4088 4089/4089 4119/4119
f 4120/4120 4091/4091 4092/4092
f 4119/4119 4089/4089 3998/3998
f 4119/4119 3998/3998 4090/4090
f 3991/3991 4091/4091 3998/3998
f 3991/3991 3992/3992 4092/4092
f 4092/4092 3992/3992 4122/4122
f 4092/4092 4122/4122 4120/4120
f 4120/4120 4122/4122 4123/4123
f 4120/4120 4123/4123 4121/4121
f 4121/4121 4123/4123 4124/4124
f 4121/4121 4124/4124 4117/4117
f 4117/4117 4124/4124 4125/4125
f 4117/4117 4125/4125 4112/4112
f 4112/4112 4125/4125 4126/4126
f 4112/4112 4126/4126 4113/4113
f 4113/4113 4126/4126 4127/4127
f 4113/4113 4127/4127 4102/4102
f 4102/4102 4127/4127 4128/4128
f 4102/4102 4128/4128 4104/4104
f 4104/4104 4128/4128 4129/4129
f 4130/4130 4129/4129 4128/4128
f 4130/4130 4128/4128 4131/4131
f 4132/4132 4134/4134 4133/4133
f 4135/4135 4137/4137 4136/4136
f 4135/4135 4136/4136 4138/4138
f 4139/4139 4141/4141 4140/4140
f 4139/4139 4140/4140 4142/4142
f 4128/4128 4127/4127 4131/4131
f 4131/4131 4127/4127 4126/4126
f 4131/4131 4126/4126 4136/4136
f 4131/4131 4136/4136 4137/4137
f 4143/4143 4138/4138 4144/4144
f 4143/4143 4144/4144 4145/4145
f 4145/4145 4144/4144 4141/4141
f 4141/4141 4144/4144 4140/4140
f 4142/4142 4140/4140 4146/4146
f 4142/4142 4146/4146 4147/4147
f 4134/4134 4147/4147 4148/4148
f 4134/4134 4148/4148 4133/4133
f 4138/4138 4136/4136 4144/4144
f 4126/4126 4125/4125 4136/4136
f 4147/4147 4146/4146 4149/4149
f 4147/4147 4149/4149 4148/4148
f 4136/4136 4150/4150 4144/4144
f 4140/4140 4151/4151 4146/4146
f 4125/4125 4152/4152 4136/4136
f 4136/4136 4152/4152 4150/4150
f 4140/4140 4144/4144 4151/4151
f 4149/4149 4146/4146 4153/4153
f 4144/4144 4150/4150 4154/4154
f 4144/4144 4154/4154 4151/4151
f 4146/4146 4151/4151 4155/4155
f 4146/4146 4155/4155 4153/4153
f 4125/4125 4124/4124 4152/4152
f 4151/4151 4154/4154 4155/4155
f 4124/4124 4123/4123 4152/4152
f 4154/4154 4156/4156 4155/4155
f 4155/4155 4156/4156 4157/4157
f 4123/4123 4122/4122 4152/4152
f 4152/4152 4122/4122 3995/3995
f 4152/4152 3995/3995 4150/4150
f 4154/4154 4150/4150 3996/3996
f 4154/4154 3996/3996 4156/4156
f 4150/4150 3995/3995 3996/3996
f 4122/4122 3992/3992 3995/3995
f 4156/4156 3996/3996 3997/3997
f 4132/4132 4159/4159 4158/4158
f 4014/4014 4160/4160 4159/4159
f 4014/4014 4159/4159 4132/4132
f 4014/4014 4132/4132 4008/4008
f 4008/4008 4132/4132 4133/4133
f 4008/4008 4133/4133 4010/4010
f 4010/4010 4133/4133 4009/4009
f 4009/4009 4133/4133 4148/4148
f 4009/4009 4148/4148 4035/4035
f 4035/4035 4148/4148 4149/4149
f 4035/4035 4149/4149 4039/4039
f 4039/4039 4149/4149 4153/4153
f 4039/4039 4153/4153 4040/4040
f 4040/4040 4153/4153 4155/4155
f 4040/4040 4155/4155 4157/4157
f 4040/4040 4157/4157 4011/4011
f 4011/4011 4157/4157 4156/4156
f 4011/4011 4156/4156 3999/3999
f 3999/3999 4156/4156 3997/3997
f 3987/3987 3982/3982 3279/3279
f 3982/3982 3983/3983 3990/3990
f 3989/3989 3170/3170 4132/4132
f 4132/4132 3170/3170 3172/3172
f 4132/4132 4161/4161 3989/3989
f 4158/4158 4162/4162 4132/4132
f 4162/4162 4161/4161 4132/4132
f 4145/4145 4141/4141 3615/3615
f 4142/4142 4147/4147 3629/3629
f 4134/4134 4132/4132 3172/3172
f 4134/4134 3172/3172 3619/3619
f 3619/3619 3618/3618 4134/4134
f 4134/4134 3618/3618 4147/4147
f 4147/4147 3618/3618 3629/3629
f 3616/3616 4142/4142 3629/3629
f 3616/3616 4139/4139 4142/4142
f 3617/3617 4139/4139 3616/3616
f 3615/3615 4141/4141 3617/3617
f 3617/3617 4141/4141 4139/4139
f 4145/4145 3615/3615 3627/3627
f 3625/3625 4143/4143 3627/3627
f 3627/3627 4143/4143 4145/4145
f 3624/3624 4138/4138 3625/3625
f 3625/3625 4138/4138 4143/4143
f 3624/3624 4135/4135 4138/4138
f 3623/3623 4137/4137 4135/4135
f 3623/3623 4135/4135 3624/3624
f 3620/3620 4137/4137 3623/3623
f 4137/4137 3620/3620 3621/3621
f 4137/4137 3621/3621 4131/4131
f 4131/4131 3621/3621 4130/4130
f 3614/3614 4130/4130 3621/3621
f 4130/4130 3614/3614 3612/3612
f 4130/4130 3612/3612 4129/4129
f 3613/3613 4104/4104 3612/3612
f 3612/3612 4104/4104 4129/4129
f 4108/4108 4110/4110 3648/3648
f 4098/4098 4099/4099 3638/3638
f 3613/3613 3611/3611 4104/4104
f 4104/4104 3611/3611 4101/4101
f 4101/4101 3611/3611 3640/3640
f 4101/4101 3640/3640 4103/4103
f 3640/3640 3639/3639 4103/4103
f 4103/4103 3639/3639 4099/4099
f 3638/3638 4099/4099 3639/3639
f 3638/3638 4100/4100 4098/4098
f 3637/3637 4100/4100 3638/3638
f 3636/3636 4110/4110 3637/3637
f 3637/3637 4110/4110 4100/4100
f 3648/3648 4110/4110 3636/3636
f 3647/3647 4107/4107 4108/4108
f 3647/3647 4108/4108 3648/3648
f 3646/3646 4107/4107 3647/3647
f 3644/3644 4106/4106 3646/3646
f 3646/3646 4106/4106 4107/4107
f 3644/3644 4097/4097 4106/4106
f 3643/3643 4097/4097 3644/3644
f 3641/3641 4095/4095 4097/4097
f 3641/3641 4097/4097 3643/3643
f 4095/4095 3641/3641 3633/3633
f 4095/4095 3633/3633 4094/4094
f 4094/4094 3633/3633 4093/4093
f 3632/3632 4093/4093 3633/3633
f 4093/4093 3632/3632 3599/3599
f 4093/4093 3599/3599 4081/4081
f 4081/4081 3599/3599 3600/3600
f 3600/3600 3732/3732 4081/4081
f 4081/4081 3732/3732 4163/4163
f 4081/4081 4163/4163 4164/4164
f 4081/4081 4166/4166 4165/4165
f 4081/4081 4165/4165 4082/4082
f 4081/4081 4164/4164 4167/4167
f 4081/4081 4167/4167 4166/4166
f 3731/3731 3737/3737 3739/3739
f 3737/3737 3738/3738 3739/3739
f 3747/3747 3748/3748 4168/4168
f 4169/4169 3681/3681 3680/3680
f 4170/4170 3664/3664 4169/4169
f 3818/3818 3824/3824 4171/4171
f 3731/3731 4172/4172 3741/3741
f 4163/4163 3732/3732 3741/3741
f 4173/4173 4175/4175 4174/4174
f 4174/4174 4175/4175 4176/4176
f 4177/4177 4175/4175 4178/4178
f 4178/4178 4175/4175 4173/4173
f 4166/4166 4177/4177 4165/4165
f 4179/4179 4173/4173 4174/4174
f 4180/4180 4173/4173 4179/4179
f 4178/4178 4173/4173 4180/4180
f 4181/4181 4180/4180 4179/4179
f 4177/4177 4178/4178 4182/4182
f 4177/4177 4182/4182 4183/4183
f 4184/4184 4186/4186 4185/4185
f 4184/4184 4185/4185 4187/4187
f 4180/4180 4188/4188 4182/4182
f 4189/4189 4182/4182 4188/4188
f 4188/4188 4190/4190 4186/4186
f 4191/4191 4193/4193 4192/4192
f 4188/4188 4193/4193 4194/4194
f 4195/4195 4197/4197 4196/4196
f 4198/4198 4200/4200 4199/4199
f 4200/4200 4195/4195 4199/4199
f 4199/4199 4195/4195 4201/4201
f 4183/4183 4182/4182 4189/4189
f 4183/4183 4189/4189 4202/4202
f 4203/4203 4082/4082 4183/4183
f 4183/4183 4202/4202 4203/4203
f 4189/4189 4194/4194 4202/4202
f 4191/4191 4201/4201 4204/4204
f 4201/4201 4196/4196 4204/4204
f 4194/4194 4191/4191 4204/4204
f 4194/4194 4193/4193 4191/4191
f 4202/4202 4194/4194 4204/4204
f 4202/4202 4204/4204 4203/4203
f 4203/4203 4204/4204 4196/4196
f 4195/4195 4196/4196 4201/4201
f 4194/4194 4189/4189 4188/4188
f 4205/4205 4207/4207 4206/4206
f 4206/4206 4209/4209 4208/4208
f 3818/3818 4171/4171 3800/3800
f 3800/3800 4171/4171 4205/4205
f 4208/4208 4185/4185 4210/4210
f 4206/4206 4207/4207 4209/4209
f 4165/4165 4177/4177 4082/4082
f 4082/4082 4177/4177 4183/4183
f 4190/4190 4181/4181 4211/4211
f 4171/4171 4207/4207 4205/4205
f 4209/4209 4207/4207 4212/4212
f 4209/4209 4212/4212 4187/4187
f 4208/4208 4187/4187 4185/4185
f 4187/4187 4208/4208 4209/4209
f 3834/3834 4171/4171 3824/3824
f 3834/3834 4213/4213 4171/4171
f 4171/4171 4213/4213 4214/4214
f 4182/4182 4178/4178 4180/4180
f 4190/4190 4211/4211 4210/4210
f 4214/4214 4212/4212 4207/4207
f 4214/4214 4207/4207 4171/4171
f 4190/4190 4180/4180 4181/4181
f 3834/3834 3835/3835 4213/4213
f 4212/4212 4215/4215 4187/4187
f 4214/4214 4213/4213 4216/4216
f 4215/4215 4212/4212 4217/4217
f 4217/4217 4212/4212 4214/4214
f 4216/4216 4213/4213 3835/3835
f 3755/3755 3835/3835 3757/3757
f 3835/3835 3755/3755 4216/4216
f 4217/4217 4218/4218 4215/4215
f 4184/4184 4187/4187 4215/4215
f 4217/4217 4214/4214 4216/4216
f 4215/4215 4219/4219 4184/4184
f 4193/4193 4184/4184 4192/4192
f 4219/4219 4215/4215 4218/4218
f 4220/4220 4216/4216 4221/4221
f 4221/4221 4216/4216 3755/3755
f 4220/4220 4222/4222 4218/4218
f 4219/4219 4224/4224 4223/4223
f 4223/4223 4201/4201 4192/4192
f 4188/4188 4180/4180 4190/4190
f 4224/4224 4219/4219 4218/4218
f 4190/4190 4210/4210 4186/4186
f 4186/4186 4184/4184 4193/4193
f 4223/4223 4192/4192 4219/4219
f 4225/4225 4221/4221 3755/3755
f 4225/4225 3755/3755 3756/3756
f 4192/4192 4184/4184 4219/4219
f 4218/4218 4217/4217 4220/4220
f 4220/4220 4217/4217 4216/4216
f 4186/4186 4210/4210 4185/4185
f 4169/4169 3664/3664 3681/3681
f 3678/3678 3664/3664 4170/4170
f 4226/4226 3758/3758 4227/4227
f 3852/3852 3861/3861 3756/3756
f 3756/3756 3861/3861 4226/4226
f 3756/3756 4226/4226 4225/4225
f 4221/4221 4225/4225 4227/4227
f 4218/4218 4222/4222 4224/4224
f 4221/4221 4228/4228 4220/4220
f 4223/4223 4199/4199 4201/4201
f 4221/4221 4227/4227 4228/4228
f 4198/4198 4223/4223 4224/4224
f 4222/4222 4220/4220 4228/4228
f 4227/4227 4225/4225 4226/4226
f 3864/3864 3758/3758 3861/3861
f 3861/3861 3758/3758 4226/4226
f 4229/4229 4222/4222 4228/4228
f 3758/3758 3864/3864 3676/3676
f 4198/4198 4224/4224 4229/4229
f 3758/3758 4170/4170 4227/4227
f 4227/4227 4170/4170 4228/4228
f 4229/4229 4200/4200 4198/4198
f 4229/4229 4228/4228 4170/4170
f 4199/4199 4223/4223 4198/4198
f 4229/4229 4224/4224 4222/4222
f 3679/3679 4169/4169 3680/3680
f 4197/4197 4200/4200 4169/4169
f 3679/3679 4197/4197 4169/4169
f 4200/4200 4197/4197 4195/4195
f 3758/3758 3678/3678 4170/4170
f 4170/4170 4169/4169 4229/4229
f 4229/4229 4169/4169 4200/4200
f 4188/4188 4186/4186 4193/4193
f 4201/4201 4191/4191 4192/4192
f 4172/4172 4163/4163 3741/3741
f 3731/3731 3739/3739 4230/4230
f 4168/4168 3748/3748 3749/3749
f 4168/4168 3749/3749 4231/4231
f 4231/4231 3749/3749 3750/3750
f 4232/4232 3750/3750 3772/3772
f 4231/4231 3750/3750 4232/4232
f 4233/4233 3772/3772 3753/3753
f 4234/4234 3747/3747 4168/4168
f 4232/4232 3772/3772 4233/4233
f 4233/4233 3753/3753 4235/4235
f 3754/3754 3801/3801 4236/4236
f 4236/4236 3801/3801 3799/3799
f 4236/4236 3799/3799 4237/4237
f 4236/4236 4237/4237 4238/4238
f 4168/4168 4231/4231 4239/4239
f 4240/4240 4232/4232 4233/4233
f 4241/4241 4233/4233 4235/4235
f 4242/4242 4172/4172 3731/3731
f 3747/3747 4230/4230 3739/3739
f 4243/4243 4172/4172 4242/4242
f 4230/4230 4242/4242 3731/3731
f 4230/4230 3747/3747 4234/4234
f 4230/4230 4234/4234 4244/4244
f 4163/4163 4172/4172 4243/4243
f 4163/4163 4243/4243 4167/4167
f 4163/4163 4167/4167 4164/4164
f 4176/4176 4242/4242 4244/4244
f 4175/4175 4167/4167 4243/4243
f 4177/4177 4166/4166 4175/4175
f 4243/4243 4176/4176 4175/4175
f 4244/4244 4245/4245 4174/4174
f 4175/4175 4166/4166 4167/4167
f 4239/4239 4231/4231 4232/4232
f 4246/4246 4238/4238 4206/4206
f 4238/4238 4237/4237 4205/4205
f 4206/4206 4238/4238 4205/4205
f 4205/4205 4237/4237 3799/3799
f 4205/4205 3799/3799 3800/3800
f 4235/4235 4236/4236 4238/4238
f 4239/4239 4232/4232 4245/4245
f 4245/4245 4240/4240 4247/4247
f 4168/4168 4239/4239 4234/4234
f 4244/4244 4234/4234 4239/4239
f 4244/4244 4239/4239 4245/4245
f 4232/4232 4240/4240 4245/4245
f 4240/4240 4248/4248 4247/4247
f 4247/4247 4248/4248 4249/4249
f 4248/4248 4241/4241 4249/4249
f 4240/4240 4241/4241 4248/4248
f 3753/3753 3754/3754 4236/4236
f 3753/3753 4236/4236 4235/4235
f 4235/4235 4238/4238 4250/4250
f 4250/4250 4238/4238 4246/4246
f 4241/4241 4250/4250 4249/4249
f 4242/4242 4230/4230 4244/4244
f 4174/4174 4245/4245 4247/4247
f 4174/4174 4247/4247 4179/4179
f 4246/4246 4211/4211 4249/4249
f 4241/4241 4235/4235 4250/4250
f 4246/4246 4210/4210 4211/4211
f 4250/4250 4246/4246 4249/4249
f 4211/4211 4181/4181 4249/4249
f 4249/4249 4181/4181 4179/4179
f 4249/4249 4179/4179 4247/4247
f 4240/4240 4233/4233 4241/4241
f 4243/4243 4242/4242 4176/4176
f 4176/4176 4244/4244 4174/4174
f 4210/4210 4246/4246 4208/4208
f 4208/4208 4246/4246 4206/4206
f 3750/3750 3751/3751 3772/3772
f 3678/3678 3665/3665 3664/3664
f 3679/3679 3177/3177 4056/4056
f 4056/4056 3177/3177 3179/3179
f 4056/4056 4196/4196 4197/4197
f 4056/4056 4203/4203 4196/4196
f 4056/4056 4197/4197 3679/3679
f 4082/4082 4203/4203 4056/4056
f 4058/4058 4056/4056 3179/3179
f 4058/4058 3179/3179 3233/3233
f 3233/3233 3232/3232 4058/4058
f 4058/4058 3232/3232 4068/4068
f 4068/4068 3232/3232 3242/3242
f 3230/3230 4062/4062 3242/3242
f 3242/3242 4062/4062 4068/4068
f 3231/3231 4059/4059 3230/3230
f 3230/3230 4059/4059 4062/4062
f 3228/3228 4059/4059 3231/3231
f 3228/3228 4061/4061 4059/4059
f 4061/4061 3228/3228 3229/3229
f 3239/3239 4064/4064 3229/3229
f 3229/3229 4064/4064 4061/4061
f 3240/3240 4063/4063 4064/4064
f 3240/3240 4064/4064 3239/3239
f 3238/3238 4063/4063 3240/3240
f 3238/3238 4065/4065 4063/4063
f 3237/3237 4055/4055 4065/4065
f 3237/3237 4065/4065 3238/3238
f 3234/3234 4054/4054 4055/4055
f 3234/3234 4055/4055 3237/3237
f 4054/4054 3234/3234 3235/3235
f 4054/4054 3235/3235 4053/4053
f 3226/3226 4053/4053 3235/3235
f 3226/3226 4045/4045 4053/4053
f 4045/4045 3226/3226 3224/3224
f 3225/3225 4027/4027 3224/3224
f 3224/3224 4027/4027 4045/4045
f 4030/4030 4028/4028 3258/3258
f 4021/4021 4022/4022 3250/3250
f 3225/3225 3223/3223 4027/4027
f 4027/4027 3223/3223 4024/4024
f 4024/4024 3223/3223 3253/3253
f 4024/4024 3253/3253 4026/4026
f 3253/3253 3252/3252 4026/4026
f 4026/4026 3252/3252 4022/4022
f 3250/3250 4022/4022 3252/3252
f 3250/3250 4023/4023 4021/4021
f 3251/3251 4023/4023 3250/3250
f 3249/3249 4028/4028 3251/3251
f 3251/3251 4028/4028 4023/4023
f 3258/3258 4028/4028 3249/3249
f 3257/3257 4019/4019 3258/3258
f 3258/3258 4019/4019 4030/4030
f 3256/3256 4019/4019 3257/3257
f 3256/3256 4018/4018 4019/4019
f 3255/3255 4018/4018 3256/3256
f 3255/3255 4020/4020 4018/4018
f 3255/3255 4017/4017 4020/4020
f 3248/3248 4017/4017 3255/3255
f 3247/3247 4016/4016 4017/4017
f 3247/3247 4017/4017 3248/3248
f 4016/4016 3247/3247 3245/3245
f 4016/4016 3245/3245 4015/4015
f 3244/3244 4015/4015 3245/3245
f 3244/3244 4014/4014 4015/4015
f 4014/4014 3244/3244 3210/3210
f 4014/4014 3210/3210 3211/3211
f 3211/3211 3583/3583 4014/4014
f 3583/3583 4251/4251 4014/4014
f 4251/4251 4252/4252 4014/4014
f 4014/4014 4253/4253 4160/4160
f 4014/4014 4252/4252 4253/4253
f 3578/3578 3580/3580 3577/3577
f 3577/3577 3580/3580 4254/4254
f 3577/3577 4254/4254 3567/3567
f 4254/4254 3583/3583 3567/3567
f 3335/3335 3418/3418 4255/4255
f 4253/4253 4252/4252 4256/4256
f 4257/4257 4160/4160 4253/4253
f 4159/4159 4160/4160 4258/4258
f 3990/3990 4259/4259 3982/3982
f 4260/4260 3279/3279 3982/3982
f 3301/3301 3298/3298 3297/3297
f 3417/3417 3414/3414 3331/3331
f 3352/3352 3343/3343 4261/4261
f 4161/4161 4162/4162 4262/4262
f 4263/4263 4264/4264 4262/4262
f 4262/4262 4162/4162 4263/4263
f 4265/4265 4264/4264 4263/4263
f 4266/4266 4265/4265 4263/4263
f 4267/4267 4269/4269 4268/4268
f 4270/4270 4268/4268 4271/4271
f 4266/4266 4158/4158 4258/4258
f 4158/4158 4159/4159 4258/4258
f 4272/4272 4265/4265 4266/4266
f 4266/4266 4258/4258 4273/4273
f 4272/4272 4266/4266 4273/4273
f 4270/4270 4271/4271 4274/4274
f 4268/4268 4272/4272 4271/4271
f 4269/4269 4265/4265 4268/4268
f 4268/4268 4265/4265 4272/4272
f 4274/4274 4271/4271 4275/4275
f 4274/4274 4275/4275 4276/4276
f 4277/4277 4276/4276 4278/4278
f 4271/4271 4272/4272 4273/4273
f 4273/4273 4275/4275 4271/4271
f 4279/4279 4281/4281 4280/4280
f 4282/4282 4283/4283 4281/4281
f 4280/4280 4256/4256 4252/4252
f 4281/4281 4256/4256 4280/4280
f 4281/4281 4283/4283 4284/4284
f 4275/4275 4285/4285 4278/4278
f 4284/4284 4286/4286 4285/4285
f 4284/4284 4285/4285 4287/4287
f 4287/4287 4285/4285 4258/4258
f 4257/4257 4284/4284 4287/4287
f 4273/4273 4258/4258 4285/4285
f 4285/4285 4286/4286 4278/4278
f 4278/4278 4286/4286 4283/4283
f 4256/4256 4281/4281 4284/4284
f 4256/4256 4284/4284 4253/4253
f 4284/4284 4257/4257 4253/4253
f 4286/4286 4284/4284 4283/4283
f 4160/4160 4257/4257 4287/4287
f 4160/4160 4287/4287 4258/4258
f 4255/4255 3418/3418 3417/3417
f 4288/4288 4269/4269 4267/4267
f 4289/4289 4274/4274 4290/4290
f 4291/4291 4289/4289 4290/4290
f 4275/4275 4278/4278 4276/4276
f 4290/4290 4274/4274 4276/4276
f 4290/4290 4292/4292 4291/4291
f 4293/4293 4294/4294 4292/4292
f 4295/4295 4291/4291 4292/4292
f 4296/4296 4255/4255 4295/4295
f 4276/4276 4277/4277 4292/4292
f 4277/4277 4297/4297 4292/4292
f 4295/4295 4292/4292 4294/4294
f 4261/4261 4293/4293 4298/4298
f 4295/4295 4255/4255 4291/4291
f 4292/4292 4290/4290 4276/4276
f 4261/4261 3343/3343 4294/4294
f 4294/4294 3344/3344 4296/4296
f 4296/4296 3335/3335 4255/4255
f 3352/3352 4261/4261 4299/4299
f 3274/3274 3351/3351 3352/3352
f 3274/3274 3352/3352 4299/4299
f 3343/3343 3344/3344 4294/4294
f 3335/3335 4296/4296 3344/3344
f 4300/4300 4301/4301 3274/3274
f 4301/4301 3580/3580 3273/3273
f 4301/4301 3273/3273 3274/3274
f 4301/4301 4302/4302 3580/3580
f 3580/3580 4302/4302 4303/4303
f 4298/4298 4293/4293 4297/4297
f 4299/4299 4261/4261 4298/4298
f 4300/4300 3274/3274 4299/4299
f 4304/4304 4299/4299 4298/4298
f 4305/4305 4301/4301 4300/4300
f 4302/4302 4305/4305 4306/4306
f 4304/4304 4300/4300 4299/4299
f 4298/4298 4307/4307 4304/4304
f 4298/4298 4297/4297 4307/4307
f 4304/4304 4305/4305 4300/4300
f 4307/4307 4282/4282 4304/4304
f 4282/4282 4279/4279 4304/4304
f 4304/4304 4279/4279 4305/4305
f 4283/4283 4282/4282 4307/4307
f 4283/4283 4307/4307 4277/4277
f 4283/4283 4277/4277 4278/4278
f 4305/4305 4279/4279 4306/4306
f 4280/4280 4306/4306 4279/4279
f 4305/4305 4302/4302 4301/4301
f 4297/4297 4293/4293 4292/4292
f 4296/4296 4295/4295 4294/4294
f 4294/4294 4293/4293 4261/4261
f 4303/4303 4251/4251 4254/4254
f 3583/3583 4254/4254 4251/4251
f 4280/4280 4252/4252 4306/4306
f 4302/4302 4306/4306 4303/4303
f 4303/4303 4306/4306 4252/4252
f 4254/4254 3580/3580 4303/4303
f 4251/4251 4303/4303 4252/4252
f 4279/4279 4282/4282 4281/4281
f 4307/4307 4297/4297 4277/4277
f 4285/4285 4275/4275 4273/4273
f 3990/3990 3989/3989 4308/4308
f 3990/3990 4308/4308 4259/4259
f 4309/4309 3278/3278 4310/4310
f 4310/4310 4312/4312 4311/4311
f 3301/3301 4313/4313 3302/3302
f 3302/3302 4313/4313 4314/4314
f 4315/4315 3331/3331 3327/3327
f 4315/4315 3327/3327 3314/3314
f 4315/4315 3314/3314 3311/3311
f 3297/3297 4309/4309 4316/4316
f 4314/4314 4317/4317 3312/3312
f 4317/4317 4314/4314 4318/4318
f 4314/4314 4319/4319 4318/4318
f 4317/4317 4318/4318 4320/4320
f 3417/3417 4321/4321 4255/4255
f 4320/4320 4323/4323 4322/4322
f 4321/4321 4322/4322 4324/4324
f 4313/4313 4316/4316 4319/4319
f 4313/4313 4319/4319 4314/4314
f 4321/4321 4324/4324 4255/4255
f 4315/4315 4320/4320 4322/4322
f 4315/4315 4322/4322 4321/4321
f 3297/3297 4316/4316 3301/3301
f 3301/3301 4316/4316 4313/4313
f 3302/3302 4314/4314 3315/3315
f 3315/3315 4314/4314 3312/3312
f 3312/3312 4317/4317 4320/4320
f 3312/3312 4320/4320 3311/3311
f 3311/3311 4320/4320 4315/4315
f 3331/3331 4315/4315 4321/4321
f 3331/3331 4321/4321 3417/3417
f 4308/4308 3989/3989 4161/4161
f 4259/4259 4260/4260 3982/3982
f 4308/4308 4325/4325 4260/4260
f 4260/4260 4312/4312 3279/3279
f 3278/3278 3279/3279 4310/4310
f 4310/4310 3279/3279 4312/4312
f 4312/4312 4325/4325 4326/4326
f 4161/4161 4327/4327 4308/4308
f 4308/4308 4260/4260 4259/4259
f 4312/4312 4260/4260 4325/4325
f 4327/4327 4326/4326 4325/4325
f 4262/4262 4327/4327 4161/4161
f 4325/4325 4308/4308 4327/4327
f 4265/4265 4328/4328 4264/4264
f 4327/4327 4262/4262 4326/4326
f 4326/4326 4262/4262 4328/4328
f 4262/4262 4264/4264 4328/4328
f 4329/4329 4326/4326 4330/4330
f 3297/3297 3295/3295 4309/4309
f 4330/4330 4326/4326 4331/4331
f 3295/3295 3277/3277 3278/3278
f 4329/4329 4312/4312 4326/4326
f 4328/4328 4269/4269 4288/4288
f 4328/4328 4288/4288 4331/4331
f 4309/4309 4310/4310 4332/4332
f 4332/4332 4310/4310 4311/4311
f 4312/4312 4329/4329 4311/4311
f 4309/4309 3295/3295 3278/3278
f 3277/3277 3295/3295 3265/3265
f 4326/4326 4328/4328 4331/4331
f 4269/4269 4328/4328 4265/4265
f 4266/4266 4263/4263 4158/4158
f 4158/4158 4263/4263 4162/4162
f 4332/4332 4333/4333 4316/4316
f 4316/4316 4333/4333 4319/4319
f 4332/4332 4329/4329 4333/4333
f 4319/4319 4333/4333 4334/4334
f 4323/4323 4335/4335 4322/4322
f 4322/4322 4335/4335 4324/4324
f 4333/4333 4336/4336 4334/4334
f 4333/4333 4329/4329 4330/4330
f 4333/4333 4330/4330 4336/4336
f 4318/4318 4336/4336 4323/4323
f 4324/4324 4337/4337 4289/4289
f 4324/4324 4289/4289 4291/4291
f 4334/4334 4336/4336 4318/4318
f 4335/4335 4337/4337 4324/4324
f 4255/4255 4324/4324 4291/4291
f 4336/4336 4330/4330 4267/4267
f 4323/4323 4338/4338 4335/4335
f 4335/4335 4338/4338 4270/4270
f 4335/4335 4270/4270 4289/4289
f 4336/4336 4267/4267 4323/4323
f 4323/4323 4267/4267 4338/4338
f 4337/4337 4335/4335 4289/4289
f 4330/4330 4288/4288 4267/4267
f 4268/4268 4338/4338 4267/4267
f 4316/4316 4309/4309 4332/4332
f 4319/4319 4334/4334 4318/4318
f 4320/4320 4318/4318 4323/4323
f 4274/4274 4289/4289 4270/4270
f 4268/4268 4270/4270 4338/4338
f 4331/4331 4288/4288 4330/4330
f 4311/4311 4329/4329 4332/4332
f 4339/4339 2372/2372 2371/2371
f 2394/2394 2392/2392 2230/2230
f 2230/2230 2392/2392 2390/2390
f 2230/2230 2390/2390 2388/2388
f 2226/2226 2385/2385 2383/2383
f 2226/2226 2383/2383 2381/2381
f 2226/2226 2381/2381 2380/2380
f 2375/2375 2372/2372 4339/4339
f 4340/4340 2405/2405 2400/2400
f 4340/4340 2400/2400 2193/2193
f 2243/2243 2401/2401 2398/2398
f 2243/2243 2398/2398 2396/2396
f 2249/2249 2394/2394 2230/2230
f 2380/2380 2378/2378 2375/2375
f 2193/2193 2400/2400 2243/2243
f 2243/2243 2400/2400 2401/2401
f 2243/2243 2396/2396 2249/2249
f 2249/2249 2396/2396 2394/2394
f 2230/2230 2388/2388 2385/2385
f 2230/2230 2385/2385 2226/2226
f 2220/2220 2380/2380 2375/2375
f 2221/2221 2375/2375 4339/4339
f 2220/2220 2226/2226 2380/2380
f 2220/2220 2375/2375 2221/2221
f 2273/2273 2277/2277 2405/2405
f 2273/2273 2405/2405 4341/4341
f 4341/4341 2405/2405 4340/4340
f 4341/4341 4340/4340 4342/4342
f 4342/4342 4340/4340 2193/2193
f 4342/4342 2193/2193 2196/2196
f 2371/2371 2368/2368 4339/4339
f 4339/4339 2368/2368 4343/4343
f 4339/4339 4343/4343 2221/2221
f 2221/2221 4343/4343 2247/2247
f 2273/2273 4341/4341 2407/2407
f 2409/2409 2407/2407 4342/4342
f 2409/2409 4342/4342 2411/2411
f 2427/2427 2425/2425 2429/2429
f 2431/2431 2429/2429 2433/2433
f 2407/2407 4341/4341 4342/4342
f 4342/4342 2413/2413 2411/2411
f 2415/2415 2209/2209 2418/2418
f 2418/2418 2209/2209 2420/2420
f 2420/2420 2209/2209 2199/2199
f 2420/2420 2199/2199 2422/2422
f 2422/2422 2199/2199 2423/2423
f 2435/2435 2433/2433 2251/2251
f 2435/2435 2251/2251 2440/2440
f 2415/2415 2413/2413 2209/2209
f 2423/2423 2199/2199 2425/2425
f 2425/2425 2251/2251 2429/2429
f 2429/2429 2251/2251 2433/2433
f 2251/2251 2232/2232 2440/2440
f 2413/2413 4342/4342 2209/2209
f 2199/2199 2251/2251 2425/2425
f 4342/4342 2196/2196 2209/2209
f 4344/4344 2246/2246 2247/2247
f 4344/4344 2247/2247 4343/4343
f 4344/4344 4343/4343 2368/2368
f 4344/4344 2368/2368 2366/2366
f 2366/2366 2368/2368 2365/2365
f 2232/2232 2233/2233 4345/4345
f 2232/2232 4345/4345 2440/2440
f 2440/2440 4345/4345 2441/2441
f 2440/2440 2441/2441 2437/2437
f 4346/4346 2335/2335 2328/2328
f 2359/2359 2357/2357 2259/2259
f 2259/2259 2357/2357 2352/2352
f 2353/2353 2351/2351 2349/2349
f 2353/2353 2349/2349 2206/2206
f 2206/2206 2349/2349 2347/2347
f 2347/2347 2346/2346 2225/2225
f 2225/2225 2346/2346 2343/2343
f 2341/2341 2339/2339 2337/2337
f 2337/2337 2335/2335 4346/4346
f 4344/4344 2366/2366 2361/2361
f 2361/2361 2362/2362 2259/2259
f 2259/2259 2362/2362 2359/2359
f 2206/2206 2347/2347 2225/2225
f 2225/2225 2343/2343 2341/2341
f 2267/2267 2341/2341 2337/2337
f 2352/2352 2353/2353 2206/2206
f 2267/2267 2337/2337 2215/2215
f 2215/2215 2337/2337 4346/4346
f 2259/2259 2352/2352 2206/2206
f 2225/2225 2341/2341 2267/2267
f 4344/4344 2361/2361 2259/2259
f 2246/2246 4344/4344 2259/2259
f 2287/2287 2441/2441 4345/4345
f 2287/2287 4345/4345 2286/2286
f 2286/2286 4345/4345 4347/4347
f 4347/4347 4345/4345 2233/2233
f 4347/4347 2233/2233 2213/2213
f 2239/2239 2215/2215 4348/4348
f 4348/4348 2215/2215 4346/4346
f 4348/4348 4346/4346 4349/4349
f 4349/4349 4346/4346 2328/2328
f 4349/4349 2328/2328 2321/2321
f 2306/2306 2304/2304 2308/2308
f 2318/2318 4349/4349 2321/2321
f 2294/2294 2223/2223 2296/2296
f 2296/2296 2223/2223 2298/2298
f 2298/2298 2223/2223 2300/2300
f 2318/2318 2316/2316 4349/4349
f 2286/2286 4347/4347 2290/2290
f 2290/2290 2214/2214 2292/2292
f 2292/2292 2214/2214 2294/2294
f 2300/2300 2223/2223 2302/2302
f 2302/2302 2202/2202 2304/2304
f 2304/2304 2202/2202 2308/2308
f 2310/2310 2308/2308 2312/2312
f 2314/2314 2312/2312 2316/2316
f 2302/2302 2223/2223 2202/2202
f 2312/2312 2257/2257 2316/2316
f 4349/4349 2316/2316 4348/4348
f 4347/4347 2213/2213 2290/2290
f 2290/2290 2213/2213 2214/2214
f 2294/2294 2214/2214 2223/2223
f 2308/2308 2202/2202 2312/2312
f 2312/2312 2202/2202 2257/2257
f 2257/2257 2239/2239 2316/2316
f 2316/2316 2239/2239 4348/4348
f 4350/4350 2245/2245 4351/4351
f 4351/4351 2245/2245 2252/2252
f 4351/4351 2252/2252 4352/4352
f 4352/4352 2252/2252 2265/2265
f 4352/4352 2265/2265 2264/2264
f 4352/4352 2264/2264 4353/4353
f 4353/4353 2264/2264 2204/2204
f 4353/4353 2204/2204 4354/4354
f 4354/4354 2204/2204 2205/2205
f 4354/4354 2205/2205 4355/4355
f 4355/4355 2205/2205 2224/2224
f 4355/4355 2224/2224 4356/4356
f 4356/4356 2224/2224 2242/2242
f 4356/4356 2242/2242 4357/4357
f 4357/4357 2242/2242 2258/2258
f 4357/4357 2258/2258 2270/2270
f 4357/4357 2270/2270 4358/4358
f 4358/4358 2270/2270 2266/2266
f 4358/4358 2266/2266 4359/4359
f 4359/4359 2266/2266 2216/2216
f 4359/4359 2216/2216 4360/4360
f 4360/4360 2216/2216 2217/2217
f 4360/4360 2217/2217 4361/4361
f 4362/4362 4361/4361 2240/2240
f 2240/2240 4361/4361 2217/2217
f 4362/4362 2240/2240 2241/2241
f 4362/4362 2241/2241 4363/4363
f 4363/4363 2241/2241 2263/2263
f 4363/4363 2263/2263 4364/4364
f 4364/4364 2263/2263 2255/2255
f 4364/4364 2255/2255 4365/4365
f 4365/4365 2255/2255 2256/2256
f 4365/4365 2256/2256 4366/4366
f 4366/4366 2256/2256 2262/2262
f 4366/4366 2262/2262 4367/4367
f 4367/4367 2262/2262 2203/2203
f 4367/4367 2203/2203 4368/4368
f 4368/4368 2203/2203 2201/2201
f 4368/4368 2201/2201 2222/2222
f 4368/4368 2222/2222 4369/4369
f 4369/4369 2222/2222 2238/2238
f 4369/4369 2238/2238 4370/4370
f 4370/4370 2238/2238 2237/2237
f 4370/4370 2237/2237 4371/4371
f 4371/4371 2237/2237 2269/2269
f 4371/4371 2269/2269 4372/4372
f 4372/4372 2269/2269 2211/2211
f 4372/4372 2211/2211 4373/4373
f 4373/4373 2211/2211 2212/2212
f 4373/4373 2212/2212 4374/4374
f 4375/4375 4374/4374 2234/2234
f 2234/2234 4374/4374 2212/2212
f 4376/4376 4375/4375 2231/2231
f 2231/2231 4375/4375 2234/2234
f 4376/4376 2231/2231 4377/4377
f 4377/4377 2231/2231 2236/2236
f 4377/4377 2236/2236 4378/4378
f 4378/4378 2236/2236 2261/2261
f 4378/4378 2261/2261 4379/4379
f 4379/4379 2261/2261 2235/2235
f 4379/4379 2235/2235 4380/4380
f 4380/4380 2235/2235 2197/2197
f 4380/4380 2197/2197 4381/4381
f 4381/4381 2197/2197 4382/4382
f 4382/4382 2197/2197 2198/2198
f 4382/4382 2198/2198 2207/2207
f 4382/4382 2207/2207 4383/4383
f 4383/4383 2207/2207 2210/2210
f 4383/4383 2210/2210 4384/4384
f 4384/4384 2210/2210 4385/4385
f 4385/4385 2210/2210 2250/2250
f 4385/4385 2250/2250 4386/4386
f 4386/4386 2250/2250 2200/2200
f 4386/4386 2200/2200 4387/4387
f 4387/4387 2200/2200 2194/2194
f 4387/4387 2194/2194 4388/4388
f 4389/4389 4388/4388 2195/2195
f 2195/2195 4388/4388 2194/2194
f 4389/4389 2195/2195 2208/2208
f 4389/4389 2208/2208 4390/4390
f 4390/4390 2208/2208 4391/4391
f 4391/4391 2208/2208 2254/2254
f 4391/4391 2254/2254 4392/4392
f 4392/4392 2254/2254 2253/2253
f 4392/4392 2253/2253 4393/4393
f 4393/4393 2253/2253 2248/2248
f 4393/4393 2248/2248 4394/4394
f 4394/4394 2248/2248 2229/2229
f 4394/4394 2229/2229 4395/4395
f 4395/4395 2229/2229 2227/2227
f 4395/4395 2227/2227 4396/4396
f 4396/4396 2227/2227 2228/2228
f 4396/4396 2228/2228 4397/4397
f 4397/4397 2228/2228 2260/2260
f 4397/4397 2260/2260 4398/4398
f 4398/4398 2260/2260 4399/4399
f 4399/4399 2260/2260 2268/2268
f 4399/4399 2268/2268 4400/4400
f 4400/4400 2268/2268 2218/2218
f 4400/4400 2218/2218 2219/2219
f 4400/4400 2219/2219 4401/4401
f 4402/4402 4401/4401 2244/2244
f 2244/2244 4401/4401 2219/2219
f 4350/4350 4402/4402 2245/2245
f 2245/2245 4402/4402 2244/2244
f 4376/4376 4388/4388 4375/4375
f 4350/4350 4374/4374 4402/4402
f 4402/4402 4374/4374 4375/4375
f 4402/4402 4375/4375 4401/4401
f 4401/4401 4375/4375 4388/4388
f 4401/4401 4388/4388 4389/4389
f 4350/4350 4361/4361 4374/4374
f 4374/4374 4361/4361 4362/4362
f 4350/4350 4358/4358 4359/4359
f 4385/4385 4386/4386 4376/4376
f 4362/4362 4371/4371 4372/4372
f 4389/4389 4399/4399 4400/4400
f 4350/4350 4353/4353 4354/4354
f 4376/4376 4379/4379 4380/4380
f 4350/4350 4357/4357 4358/4358
f 4362/4362 4366/4366 4367/4367
f 4384/4384 4385/4385 4376/4376
f 4389/4389 4393/4393 4394/4394
f 4351/4351 4352/4352 4350/4350
f 4350/4350 4359/4359 4360/4360
f 4370/4370 4371/4371 4362/4362
f 4377/4377 4378/4378 4376/4376
f 4386/4386 4387/4387 4376/4376
f 4389/4389 4398/4398 4399/4399
f 4350/4350 4352/4352 4353/4353
f 4350/4350 4354/4354 4355/4355
f 4350/4350 4356/4356 4357/4357
f 4350/4350 4360/4360 4361/4361
f 4363/4363 4364/4364 4362/4362
f 4362/4362 4364/4364 4365/4365
f 4362/4362 4372/4372 4373/4373
f 4376/4376 4378/4378 4379/4379
f 4376/4376 4380/4380 4381/4381
f 4376/4376 4383/4383 4384/4384
f 4387/4387 4388/4388 4376/4376
f 4390/4390 4391/4391 4389/4389
f 4389/4389 4391/4391 4392/4392
f 4362/4362 4365/4365 4366/4366
f 4362/4362 4367/4367 4368/4368
f 4362/4362 4369/4369 4370/4370
f 4362/4362 4373/4373 4374/4374
f 4381/4381 4382/4382 4376/4376
f 4389/4389 4392/4392 4393/4393
f 4389/4389 4394/4394 4395/4395
f 4389/4389 4397/4397 4398/4398
f 4400/4400 4401/4401 4389/4389
f 4355/4355 4356/4356 4350/4350
f 4376/4376 4382/4382 4383/4383
f 4368/4368 4369/4369 4362/4362
f 4395/4395 4396/4396 4389/4389
f 4389/4389 4396/4396 4397/4397
f 2615/2615 2617/2617 2598/2598
f 2617/2617 2615/2615 2596/2596
f 2332/2332 2329/2329 2323/2323
f 2323/2323 2329/2329 2324/2324
f 2324/2324 2329/2329 2327/2327
f 2333/2333 2330/2330 2326/2326
f 2326/2326 2330/2330 2325/2325
f 2325/2325 2330/2330 2331/2331
f 2274/2274 2271/2271 2276/2276
f 2276/2276 2271/2271 2282/2282
f 2282/2282 2271/2271 2272/2272
f 2285/2285 2278/2278 2283/2283
f 2283/2283 2278/2278 2279/2279
f 2279/2279 2278/2278 2280/2280
f 2279/2279 2280/2280 2275/2275
f 4403/4403 4405/4405 4404/4404
f 4406/4406 4407/4407 4403/4403
f 4407/4407 4405/4405 4403/4403
f 4408/4408 4407/4407 4406/4406
f 4408/4408 4409/4409 4407/4407
f 4410/4410 4412/4412 4411/4411
f 4413/4413 4414/4414 4410/4410
f 4414/4414 4413/4413 4415/4415
f 4410/4410 4414/4414 4412/4412
f 4411/4411 4412/4412 4409/4409
f 4411/4411 4409/4409 4408/4408
f 4414/4414 4415/4415 4416/4416
f 4416/4416 4415/4415 4417/4417
f 4416/4416 4417/4417 4418/4418
f 4418/4418 4417/4417 4419/4419
f 4419/4419 4420/4420 4418/4418
f 4421/4421 4420/4420 4419/4419
f 4421/4421 4422/4422 4420/4420
f 4423/4423 4422/4422 4421/4421
f 4422/4422 4423/4423 4424/4424
f 4424/4424 4423/4423 4425/4425
f 4424/4424 4425/4425 4426/4426
f 4425/4425 4427/4427 4426/4426
f 4428/4428 4430/4430 4429/4429
f 4429/4429 4430/4430 4431/4431
f 4430/4430 4432/4432 4431/4431
f 4431/4431 4432/4432 4433/4433
f 4433/4433 4432/4432 4434/4434
f 4433/4433 4434/4434 4435/4435
f 4435/4435 4434/4434 4436/4436
f 4436/4436 4437/4437 4435/4435
f 4436/4436 4438/4438 4437/4437
f 4437/4437 4438/4438 4439/4439
f 4439/4439 4441/4441 4440/4440
f 4438/4438 4441/4441 4439/4439
f 4442/4442 4443/4443 4440/4440
f 4404/4404 4405/4405 4444/4444
f 4404/4404 4444/4444 4445/4445
f 4445/4445 4444/4444 4446/4446
f 4446/4446 4444/4444 4447/4447
f 4446/4446 4447/4447 4448/4448
f 4448/4448 4447/4447 4443/4443
f 4448/4448 4443/4443 4449/4449
f 4449/4449 4443/4443 4442/4442
f 4441/4441 4442/4442 4440/4440
f 4425/4425 4450/4450 4427/4427
f 4451/4451 4453/4453 4452/4452
f 4451/4451 4452/4452 4454/4454
f 4453/4453 4451/4451 4455/4455
f 4453/4453 4455/4455 4456/4456
f 4456/4456 4455/4455 4457/4457
f 4458/4458 4457/4457 4455/4455
f 4457/4457 4458/4458 4459/4459
f 4459/4459 4458/4458 4460/4460
f 4460/4460 4458/4458 4461/4461
f 4460/4460 4461/4461 4462/4462
f 4462/4462 4461/4461 4463/4463
f 4464/4464 4466/4466 4465/4465
f 4466/4466 4464/4464 4467/4467
f 4467/4467 4464/4464 4463/4463
f 4462/4462 4463/4463 4464/4464
f 4464/4464 4465/4465 4468/4468
f 4469/4469 4468/4468 4465/4465
f 4468/4468 4469/4469 4470/4470
f 4468/4468 4470/4470 4471/4471
f 4468/4468 4471/4471 4472/4472
f 4468/4468 4472/4472 4473/4473
f 4473/4473 4472/4472 4474/4474
f 4474/4474 4475/4475 4473/4473
f 4474/4474 4476/4476 4475/4475
f 4475/4475 4476/4476 4477/4477
f 4477/4477 4476/4476 4478/4478
f 4477/4477 4478/4478 4479/4479
f 4479/4479 4478/4478 4480/4480
f 4481/4481 4482/4482 4480/4480
f 4479/4479 4480/4480 4482/4482
f 4482/4482 4481/4481 4483/4483
f 4482/4482 4483/4483 4484/4484
f 4484/4484 4483/4483 4485/4485
f 4483/4483 4486/4486 4485/4485
f 4485/4485 4486/4486 4487/4487
f 4488/4488 4487/4487 4486/4486
f 4487/4487 4488/4488 4489/4489
f 4490/4490 4492/4492 4491/4491
f 4493/4493 4492/4492 4490/4490
f 4494/4494 4493/4493 4490/4490
f 4494/4494 4490/4490 4488/4488
f 4488/4488 4490/4490 4489/4489
f 4490/4490 4491/4491 4495/4495
f 4490/4490 4495/4495 4496/4496
f 4496/4496 4495/4495 4497/4497
f 4496/4496 4497/4497 4498/4498
f 4498/4498 4497/4497 4499/4499
f 4499/4499 4497/4497 4500/4500
f 4499/4499 4500/4500 4501/4501
f 4501/4501 4500/4500 4454/4454
f 4501/4501 4454/4454 4452/4452
f 4502/4502 4504/4504 4503/4503
f 4505/4505 4507/4507 4506/4506
f 4508/4508 4509/4509 4503/4503
f 4508/4508 4510/4510 4509/4509
f 4511/4511 4513/4513 4512/4512
f 4514/4514 4516/4516 4515/4515
f 4517/4517 4516/4516 4514/4514
f 4517/4517 4518/4518 4516/4516
f 4519/4519 4521/4521 4520/4520
f 4522/4522 4524/4524 4523/4523
f 4525/4525 4527/4527 4526/4526
f 4528/4528 4530/4530 4529/4529
f 4529/4529 4531/4531 4528/4528
f 4531/4531 4532/4532 4510/4510
f 4509/4509 4510/4510 4532/4532
f 4508/4508 4504/4504 4533/4533
f 4534/4534 4536/4536 4535/4535
f 4535/4535 4536/4536 4537/4537
f 4538/4538 4521/4521 4519/4519
f 4539/4539 4537/4537 4540/4540
f 4539/4539 4540/4540 4541/4541
f 4537/4537 4536/4536 4540/4540
f 4518/4518 4517/4517 4538/4538
f 4538/4538 4517/4517 4521/4521
f 4534/4534 4542/4542 4536/4536
f 4540/4540 4514/4514 4541/4541
f 4536/4536 4542/4542 4543/4543
f 4536/4536 4543/4543 4540/4540
f 4541/4541 4514/4514 4515/4515
f 4521/4521 4544/4544 4520/4520
f 4506/4506 4545/4545 4542/4542
f 4540/4540 4543/4543 4514/4514
f 4517/4517 4544/4544 4521/4521
f 4520/4520 4547/4547 4546/4546
f 4546/4546 4547/4547 4548/4548
f 4514/4514 4549/4549 4517/4517
f 4517/4517 4550/4550 4544/4544
f 4542/4542 4551/4551 4543/4543
f 4544/4544 4547/4547 4520/4520
f 4506/4506 4507/4507 4545/4545
f 4542/4542 4545/4545 4551/4551
f 4517/4517 4549/4549 4550/4550
f 4547/4547 4552/4552 4548/4548
f 4543/4543 4551/4551 4514/4514
f 4544/4544 4550/4550 4547/4547
f 4514/4514 4551/4551 4549/4549
f 4550/4550 4549/4549 4553/4553
f 4547/4547 4554/4554 4552/4552
f 4545/4545 4507/4507 4555/4555
f 4545/4545 4555/4555 4551/4551
f 4551/4551 4556/4556 4549/4549
f 4550/4550 4554/4554 4547/4547
f 4554/4554 4557/4557 4552/4552
f 4549/4549 4556/4556 4553/4553
f 4505/4505 4558/4558 4507/4507
f 4550/4550 4553/4553 4554/4554
f 4507/4507 4558/4558 4555/4555
f 4551/4551 4555/4555 4556/4556
f 4554/4554 4553/4553 4559/4559
f 4553/4553 4556/4556 4559/4559
f 4558/4558 4560/4560 4555/4555
f 4554/4554 4561/4561 4557/4557
f 4532/4532 4531/4531 4562/4562
f 4530/4530 4563/4563 4529/4529
f 4530/4530 4564/4564 4563/4563
f 4529/4529 4563/4563 4562/4562
f 4563/4563 4564/4564 4511/4511
f 4563/4563 4511/4511 4512/4512
f 4565/4565 4567/4567 4566/4566
f 4565/4565 4525/4525 4567/4567
f 4566/4566 4567/4567 4568/4568
f 4569/4569 4523/4523 4526/4526
f 4569/4569 4522/4522 4523/4523
f 4523/4523 4524/4524 4570/4570
f 4524/4524 4571/4571 4570/4570
f 4572/4572 4574/4574 4573/4573
f 4570/4570 4571/4571 4574/4574
f 4571/4571 4575/4575 4574/4574
f 4573/4573 4552/4552 4557/4557
f 4574/4574 4575/4575 4548/4548
f 4575/4575 4546/4546 4548/4548
f 4561/4561 4554/4554 4576/4576
f 4503/4503 4504/4504 4508/4508
f 4502/4502 4503/4503 4577/4577
f 4503/4503 4578/4578 4577/4577
f 4503/4503 4509/4509 4579/4579
f 4503/4503 4579/4579 4578/4578
f 4532/4532 4580/4580 4509/4509
f 4579/4579 4509/4509 4580/4580
f 4562/4562 4531/4531 4529/4529
f 4532/4532 4562/4562 4580/4580
f 4581/4581 4582/4582 4578/4578
f 4581/4581 4578/4578 4579/4579
f 4581/4581 4583/4583 4582/4582
f 4562/4562 4512/4512 4580/4580
f 4580/4580 4565/4565 4579/4579
f 4566/4566 4579/4579 4565/4565
f 4562/4562 4563/4563 4512/4512
f 4580/4580 4512/4512 4565/4565
f 4581/4581 4579/4579 4566/4566
f 4584/4584 4583/4583 4581/4581
f 4513/4513 4565/4565 4512/4512
f 4525/4525 4565/4565 4513/4513
f 4525/4525 4513/4513 4527/4527
f 4584/4584 4581/4581 4585/4585
f 4581/4581 4566/4566 4568/4568
f 4568/4568 4585/4585 4581/4581
f 4568/4568 4586/4586 4585/4585
f 4572/4572 4567/4567 4525/4525
f 4526/4526 4570/4570 4525/4525
f 4526/4526 4523/4523 4570/4570
f 4525/4525 4570/4570 4572/4572
f 4567/4567 4572/4572 4573/4573
f 4567/4567 4573/4573 4568/4568
f 4586/4586 4568/4568 4587/4587
f 4574/4574 4572/4572 4570/4570
f 4588/4588 4587/4587 4568/4568
f 4573/4573 4557/4557 4568/4568
f 4573/4573 4574/4574 4552/4552
f 4561/4561 4588/4588 4568/4568
f 4561/4561 4568/4568 4557/4557
f 4588/4588 4561/4561 4589/4589
f 4574/4574 4548/4548 4552/4552
f 4590/4590 4589/4589 4561/4561
f 4576/4576 4590/4590 4561/4561
f 4590/4590 4576/4576 4591/4591
f 4559/4559 4576/4576 4554/4554
f 4591/4591 4576/4576 4592/4592
f 4559/4559 4592/4592 4576/4576
f 4592/4592 4559/4559 4593/4593
f 4593/4593 4559/4559 4594/4594
f 4556/4556 4595/4595 4594/4594
f 4556/4556 4594/4594 4559/4559
f 4596/4596 4595/4595 4556/4556
f 4560/4560 4596/4596 4556/4556
f 4560/4560 4597/4597 4596/4596
f 4556/4556 4555/4555 4560/4560
f 4560/4560 4598/4598 4597/4597
f 4560/4560 4599/4599 4598/4598
f 4560/4560 4558/4558 4599/4599
f 4599/4599 4558/4558 4600/4600
f 4558/4558 4601/4601 4600/4600
f 4505/4505 4601/4601 4558/4558
f 4602/4602 4604/4604 4603/4603
f 4605/4605 4607/4607 4606/4606
f 4608/4608 4610/4610 4609/4609
f 4611/4611 4613/4613 4612/4612
f 4614/4614 4616/4616 4615/4615
f 4617/4617 4619/4619 4618/4618
f 4620/4620 4622/4622 4621/4621
f 4617/4617 4618/4618 4623/4623
f 4623/4623 4625/4625 4624/4624
f 4605/4605 4624/4624 4625/4625
f 4625/4625 4623/4623 4626/4626
f 4626/4626 4623/4623 4618/4618
f 4622/4622 4627/4627 4621/4621
f 4620/4620 4628/4628 4622/4622
f 4622/4622 4628/4628 4629/4629
f 4605/4605 4625/4625 4626/4626
f 4622/4622 4629/4629 4627/4627
f 4605/4605 4626/4626 4607/4607
f 4627/4627 4629/4629 4609/4609
f 4628/4628 4630/4630 4629/4629
f 4619/4619 4631/4631 4618/4618
f 4632/4632 4631/4631 4619/4619
f 4618/4618 4631/4631 4633/4633
f 4618/4618 4633/4633 4626/4626
f 4626/4626 4633/4633 4607/4607
f 4634/4634 4630/4630 4628/4628
f 4607/4607 4635/4635 4606/4606
f 4634/4634 4606/4606 4630/4630
f 4630/4630 4636/4636 4629/4629
f 4629/4629 4636/4636 4609/4609
f 4607/4607 4633/4633 4635/4635
f 4609/4609 4636/4636 4637/4637
f 4606/4606 4638/4638 4630/4630
f 4630/4630 4638/4638 4636/4636
f 4606/4606 4635/4635 4639/4639
f 4606/4606 4639/4639 4638/4638
f 4609/4609 4637/4637 4608/4608
f 4631/4631 4635/4635 4633/4633
f 4636/4636 4640/4640 4637/4637
f 4631/4631 4641/4641 4635/4635
f 4636/4636 4638/4638 4640/4640
f 4608/4608 4637/4637 4642/4642
f 4643/4643 4631/4631 4632/4632
f 4637/4637 4644/4644 4642/4642
f 4643/4643 4645/4645 4631/4631
f 4635/4635 4641/4641 4639/4639
f 4631/4631 4645/4645 4641/4641
f 4640/4640 4644/4644 4637/4637
f 4638/4638 4639/4639 4640/4640
f 4640/4640 4646/4646 4644/4644
f 4641/4641 4645/4645 4647/4647
f 4639/4639 4603/4603 4640/4640
f 4641/4641 4648/4648 4639/4639
f 4640/4640 4603/4603 4646/4646
f 4647/4647 4648/4648 4641/4641
f 4643/4643 4649/4649 4647/4647
f 4643/4643 4647/4647 4645/4645
f 4639/4639 4648/4648 4603/4603
f 4650/4650 4615/4615 4651/4651
f 4650/4650 4651/4651 4652/4652
f 4613/4613 4611/4611 4653/4653
f 4651/4651 4654/4654 4652/4652
f 4616/4616 4653/4653 4655/4655
f 4655/4655 4656/4656 4654/4654
f 4612/4612 4658/4658 4657/4657
f 4657/4657 4658/4658 4659/4659
f 4656/4656 4661/4661 4660/4660
f 4660/4660 4662/4662 4654/4654
f 4659/4659 4663/4663 4661/4661
f 4664/4664 4666/4666 4665/4665
f 4665/4665 4666/4666 4660/4660
f 4664/4664 4667/4667 4666/4666
f 4667/4667 4668/4668 4666/4666
f 4662/4662 4670/4670 4669/4669
f 4671/4671 4668/4668 4667/4667
f 4670/4670 4672/4672 4669/4669
f 4673/4673 4675/4675 4674/4674
f 4675/4675 4676/4676 4674/4674
f 4673/4673 4674/4674 4670/4670
f 4674/4674 4610/4610 4642/4642
f 4642/4642 4610/4610 4608/4608
f 4650/4650 4678/4678 4677/4677
f 4615/4615 4650/4650 4677/4677
f 4678/4678 4650/4650 4679/4679
f 4679/4679 4650/4650 4680/4680
f 4650/4650 4652/4652 4680/4680
f 4651/4651 4615/4615 4616/4616
f 4613/4613 4616/4616 4614/4614
f 4651/4651 4616/4616 4655/4655
f 4653/4653 4616/4616 4613/4613
f 4613/4613 4681/4681 4612/4612
f 4651/4651 4655/4655 4654/4654
f 4654/4654 4682/4682 4652/4652
f 4657/4657 4653/4653 4611/4611
f 4653/4653 4661/4661 4655/4655
f 4682/4682 4654/4654 4683/4683
f 4611/4611 4612/4612 4657/4657
f 4653/4653 4657/4657 4661/4661
f 4655/4655 4661/4661 4656/4656
f 4657/4657 4659/4659 4661/4661
f 4656/4656 4660/4660 4654/4654
f 4683/4683 4654/4654 4684/4684
f 4661/4661 4665/4665 4660/4660
f 4663/4663 4665/4665 4661/4661
f 4654/4654 4662/4662 4684/4684
f 4662/4662 4685/4685 4684/4684
f 4670/4670 4662/4662 4660/4660
f 4662/4662 4669/4669 4685/4685
f 4670/4670 4660/4660 4673/4673
f 4673/4673 4660/4660 4666/4666
f 4686/4686 4671/4671 4667/4667
f 4668/4668 4675/4675 4666/4666
f 4675/4675 4673/4673 4666/4666
f 4672/4672 4687/4687 4669/4669
f 4668/4668 4671/4671 4688/4688
f 4668/4668 4688/4688 4675/4675
f 4676/4676 4675/4675 4688/4688
f 4687/4687 4672/4672 4689/4689
f 4672/4672 4670/4670 4674/4674
f 4610/4610 4674/4674 4676/4676
f 4690/4690 4689/4689 4672/4672
f 4672/4672 4674/4674 4644/4644
f 4690/4690 4672/4672 4644/4644
f 4644/4644 4674/4674 4642/4642
f 4690/4690 4646/4646 4691/4691
f 4646/4646 4603/4603 4691/4691
f 4691/4691 4603/4603 4604/4604
f 4603/4603 4692/4692 4602/4602
f 4603/4603 4648/4648 4692/4692
f 4647/4647 4693/4693 4648/4648
f 4647/4647 4694/4694 4693/4693
f 4694/4694 4647/4647 4695/4695
f 4695/4695 4647/4647 4696/4696
f 4647/4647 4697/4697 4696/4696
f 4649/4649 4697/4697 4647/4647
f 4698/4698 4697/4697 4649/4649
f 4644/4644 4646/4646 4690/4690
f 4699/4699 4701/4701 4700/4700
f 4700/4700 4703/4703 4702/4702
f 4703/4703 4704/4704 4702/4702
f 4705/4705 4426/4426 4703/4703
f 4426/4426 4705/4705 4706/4706
f 4426/4426 4704/4704 4703/4703
f 4707/4707 4708/4708 4701/4701
f 4709/4709 4708/4708 4707/4707
f 4701/4701 4699/4699 4707/4707
f 4700/4700 4702/4702 4699/4699
f 4710/4710 4712/4712 4711/4711
f 4710/4710 4713/4713 4712/4712
f 4713/4713 4710/4710 4714/4714
f 4715/4715 4714/4714 4716/4716
f 4717/4717 4716/4716 4429/4429
f 4717/4717 4429/4429 4718/4718
f 4715/4715 4716/4716 4717/4717
f 4714/4714 4715/4715 4713/4713
f 4719/4719 4721/4721 4720/4720
f 4719/4719 4722/4722 4721/4721
f 4720/4720 4721/4721 4711/4711
f 4720/4720 4711/4711 4712/4712
f 4722/4722 4719/4719 4723/4723
f 4724/4724 4708/4708 4709/4709
f 4725/4725 4724/4724 4709/4709
f 4726/4726 4728/4728 4727/4727
f 4726/4726 4727/4727 4729/4729
f 4726/4726 4729/4729 4730/4730
f 4731/4731 4732/4732 4722/4722
f 4722/4722 4726/4726 4731/4731
f 4728/4728 4726/4726 4722/4722
f 4709/4709 4734/4734 4733/4733
f 4735/4735 4737/4737 4736/4736
f 4738/4738 4739/4739 4737/4737
f 4738/4738 4725/4725 4739/4739
f 4733/4733 4725/4725 4709/4709
f 4737/4737 4739/4739 4736/4736
f 4725/4725 4733/4733 4739/4739
f 4740/4740 4729/4729 4741/4741
f 4741/4741 4729/4729 4727/4727
f 4741/4741 4742/4742 4740/4740
f 4743/4743 4742/4742 4741/4741
f 4744/4744 4746/4746 4745/4745
f 4747/4747 4746/4746 4744/4744
f 4748/4748 4735/4735 4747/4747
f 4747/4747 4735/4735 4746/4746
f 4749/4749 4715/4715 4717/4717
f 4705/4705 4703/4703 4750/4750
f 4750/4750 4703/4703 4751/4751
f 4751/4751 4752/4752 4750/4750
f 4753/4753 4755/4755 4754/4754
f 4754/4754 4756/4756 4753/4753
f 4757/4757 4759/4759 4758/4758
f 4760/4760 4762/4762 4761/4761
f 4760/4760 4763/4763 4762/4762
f 4763/4763 4715/4715 4749/4749
f 4764/4764 4766/4766 4765/4765
f 4767/4767 4769/4769 4768/4768
f 4768/4768 4769/4769 4770/4770
f 4771/4771 4769/4769 4767/4767
f 4769/4769 4771/4771 4772/4772
f 4771/4771 4773/4773 4772/4772
f 4773/4773 4774/4774 4772/4772
f 4773/4773 4775/4775 4774/4774
f 4776/4776 4774/4774 4775/4775
f 4774/4774 4776/4776 4777/4777
f 4777/4777 4776/4776 4778/4778
f 4777/4777 4778/4778 4779/4779
f 4779/4779 4780/4780 4777/4777
f 4779/4779 4781/4781 4780/4780
f 4780/4780 4781/4781 4764/4764
f 4764/4764 4781/4781 4782/4782
f 4764/4764 4782/4782 4766/4766
f 4748/4748 4737/4737 4735/4735
f 4783/4783 4784/4784 4502/4502
f 4783/4783 4502/4502 4577/4577
f 4783/4783 4577/4577 4578/4578
f 4783/4783 4578/4578 4785/4785
f 4785/4785 4578/4578 4786/4786
f 4786/4786 4578/4578 4582/4582
f 4786/4786 4582/4582 4787/4787
f 4787/4787 4582/4582 4583/4583
f 4787/4787 4583/4583 4788/4788
f 4788/4788 4583/4583 4584/4584
f 4788/4788 4584/4584 4789/4789
f 4789/4789 4584/4584 4585/4585
f 4789/4789 4585/4585 4790/4790
f 4790/4790 4585/4585 4586/4586
f 4790/4790 4586/4586 4791/4791
f 4586/4586 4587/4587 4791/4791
f 4791/4791 4587/4587 4792/4792
f 4792/4792 4587/4587 4588/4588
f 4792/4792 4588/4588 4589/4589
f 4792/4792 4589/4589 4793/4793
f 4793/4793 4589/4589 4794/4794
f 4794/4794 4589/4589 4590/4590
f 4590/4590 4591/4591 4794/4794
f 4794/4794 4591/4591 4795/4795
f 4591/4591 4592/4592 4795/4795
f 4795/4795 4592/4592 4796/4796
f 4796/4796 4592/4592 4593/4593
f 4796/4796 4593/4593 4594/4594
f 4796/4796 4594/4594 4797/4797
f 4594/4594 4595/4595 4797/4797
f 4797/4797 4595/4595 4798/4798
f 4798/4798 4595/4595 4799/4799
f 4799/4799 4595/4595 4596/4596
f 4799/4799 4596/4596 4800/4800
f 4800/4800 4596/4596 4801/4801
f 4801/4801 4596/4596 4597/4597
f 4801/4801 4597/4597 4802/4802
f 4802/4802 4597/4597 4598/4598
f 4802/4802 4598/4598 4803/4803
f 4803/4803 4598/4598 4599/4599
f 4803/4803 4599/4599 4804/4804
f 4599/4599 4600/4600 4804/4804
f 4804/4804 4600/4600 4805/4805
f 4805/4805 4600/4600 4601/4601
f 4805/4805 4601/4601 4806/4806
f 4601/4601 4807/4807 4806/4806
f 4806/4806 4807/4807 4808/4808
f 4807/4807 4809/4809 4808/4808
f 4808/4808 4809/4809 4810/4810
f 4810/4810 4809/4809 4811/4811
f 4811/4811 4809/4809 4812/4812
f 4812/4812 4813/4813 4811/4811
f 4812/4812 4677/4677 4813/4813
f 4677/4677 4678/4678 4813/4813
f 4813/4813 4678/4678 4814/4814
f 4678/4678 4679/4679 4814/4814
f 4814/4814 4679/4679 4815/4815
f 4815/4815 4679/4679 4680/4680
f 4815/4815 4680/4680 4816/4816
f 4816/4816 4680/4680 4652/4652
f 4816/4816 4652/4652 4817/4817
f 4652/4652 4682/4682 4817/4817
f 4682/4682 4683/4683 4817/4817
f 4817/4817 4683/4683 4818/4818
f 4818/4818 4683/4683 4684/4684
f 4818/4818 4684/4684 4819/4819
f 4819/4819 4684/4684 4685/4685
f 4819/4819 4685/4685 4820/4820
f 4820/4820 4685/4685 4669/4669
f 4820/4820 4669/4669 4821/4821
f 4669/4669 4687/4687 4821/4821
f 4821/4821 4687/4687 4822/4822
f 4822/4822 4687/4687 4689/4689
f 4822/4822 4689/4689 4823/4823
f 4823/4823 4689/4689 4690/4690
f 4823/4823 4690/4690 4824/4824
f 4824/4824 4690/4690 4691/4691
f 4824/4824 4691/4691 4825/4825
f 4825/4825 4691/4691 4604/4604
f 4825/4825 4604/4604 4826/4826
f 4826/4826 4604/4604 4827/4827
f 4604/4604 4602/4602 4827/4827
f 4827/4827 4602/4602 4828/4828
f 4828/4828 4602/4602 4692/4692
f 4828/4828 4692/4692 4829/4829
f 4829/4829 4692/4692 4648/4648
f 4829/4829 4648/4648 4830/4830
f 4830/4830 4648/4648 4831/4831
f 4831/4831 4648/4648 4693/4693
f 4831/4831 4693/4693 4694/4694
f 4831/4831 4694/4694 4832/4832
f 4832/4832 4694/4694 4833/4833
f 4833/4833 4694/4694 4695/4695
f 4833/4833 4695/4695 4696/4696
f 4833/4833 4696/4696 4834/4834
f 4697/4697 4835/4835 4834/4834
f 4697/4697 4834/4834 4696/4696
f 4836/4836 4835/4835 4697/4697
f 4502/4502 4837/4837 4782/4782
f 4502/4502 4784/4784 4837/4837
f 4838/4838 4504/4504 4782/4782
f 4782/4782 4504/4504 4502/4502
f 4504/4504 4838/4838 4533/4533
f 4533/4533 4838/4838 4839/4839
f 4533/4533 4839/4839 4840/4840
f 4533/4533 4840/4840 4841/4841
f 4841/4841 4840/4840 4842/4842
f 4841/4841 4842/4842 4843/4843
f 4843/4843 4842/4842 4844/4844
f 4843/4843 4844/4844 4845/4845
f 4845/4845 4844/4844 4846/4846
f 4845/4845 4846/4846 4698/4698
f 4698/4698 4846/4846 4697/4697
f 4697/4697 4846/4846 4836/4836
f 4847/4847 4770/4770 4848/4848
f 4772/4772 4848/4848 4770/4770
f 4772/4772 4849/4849 4848/4848
f 4850/4850 4849/4849 4772/4772
f 4780/4780 4849/4849 4850/4850
f 4765/4765 4851/4851 4780/4780
f 4780/4780 4851/4851 4849/4849
f 4852/4852 4851/4851 4765/4765
f 4853/4853 4847/4847 4848/4848
f 4405/4405 4854/4854 4444/4444
f 4854/4854 4405/4405 4855/4855
f 4407/4407 4855/4855 4405/4405
f 4856/4856 4412/4412 4857/4857
f 4858/4858 4407/4407 4409/4409
f 4858/4858 4409/4409 4859/4859
f 4858/4858 4860/4860 4407/4407
f 4861/4861 4444/4444 4854/4854
f 4862/4862 4444/4444 4861/4861
f 4863/4863 4444/4444 4862/4862
f 4855/4855 4407/4407 4860/4860
f 4447/4447 4863/4863 4864/4864
f 4865/4865 4440/4440 4866/4866
f 4414/4414 4868/4868 4867/4867
f 4863/4863 4447/4447 4444/4444
f 4426/4426 4706/4706 4869/4869
f 4424/4424 4426/4426 4869/4869
f 4870/4870 4416/4416 4871/4871
f 4412/4412 4867/4867 4857/4857
f 4866/4866 4440/4440 4443/4443
f 4866/4866 4443/4443 4872/4872
f 4416/4416 4870/4870 4868/4868
f 4416/4416 4868/4868 4414/4414
f 4867/4867 4412/4412 4414/4414
f 4859/4859 4409/4409 4412/4412
f 4859/4859 4412/4412 4856/4856
f 4447/4447 4864/4864 4873/4873
f 4873/4873 4443/4443 4447/4447
f 4443/4443 4873/4873 4872/4872
f 4874/4874 4439/4439 4875/4875
f 4876/4876 4424/4424 4877/4877
f 4875/4875 4440/4440 4865/4865
f 4875/4875 4439/4439 4440/4440
f 4437/4437 4439/4439 4874/4874
f 4877/4877 4424/4424 4869/4869
f 4878/4878 4433/4433 4879/4879
f 4878/4878 4431/4431 4433/4433
f 4718/4718 4431/4431 4878/4878
f 4418/4418 4880/4880 4871/4871
f 4871/4871 4416/4416 4418/4418
f 4437/4437 4874/4874 4881/4881
f 4431/4431 4718/4718 4429/4429
f 4876/4876 4422/4422 4424/4424
f 4422/4422 4876/4876 4882/4882
f 4882/4882 4420/4420 4422/4422
f 4881/4881 4883/4883 4435/4435
f 4879/4879 4433/4433 4884/4884
f 4880/4880 4420/4420 4882/4882
f 4420/4420 4880/4880 4418/4418
f 4881/4881 4435/4435 4437/4437
f 4884/4884 4435/4435 4883/4883
f 4884/4884 4433/4433 4435/4435
f 4885/4885 4886/4886 4732/4732
f 4887/4887 4428/4428 4888/4888
f 4889/4889 4887/4887 4890/4890
f 4891/4891 4889/4889 4890/4890
f 4889/4889 4891/4891 4892/4892
f 4893/4893 4889/4889 4892/4892
f 4716/4716 4714/4714 4891/4891
f 4714/4714 4892/4892 4891/4891
f 4894/4894 4893/4893 4892/4892
f 4710/4710 4892/4892 4714/4714
f 4710/4710 4894/4894 4892/4892
f 4710/4710 4886/4886 4894/4894
f 4893/4893 4894/4894 4886/4886
f 4722/4722 4732/4732 4721/4721
f 4710/4710 4711/4711 4886/4886
f 4721/4721 4732/4732 4711/4711
f 4886/4886 4711/4711 4732/4732
f 4893/4893 4886/4886 4885/4885
f 4428/4428 4429/4429 4716/4716
f 4888/4888 4428/4428 4716/4716
f 4890/4890 4887/4887 4888/4888
f 4888/4888 4891/4891 4890/4890
f 4891/4891 4888/4888 4716/4716
f 4785/4785 4895/4895 4783/4783
f 4783/4783 4895/4895 4784/4784
f 4785/4785 4896/4896 4895/4895
f 4896/4896 4785/4785 4732/4732
f 4732/4732 4731/4731 4896/4896
f 4896/4896 4731/4731 4897/4897
f 4897/4897 4731/4731 4726/4726
f 4733/4733 4853/4853 4739/4739
f 4853/4853 4733/4733 4898/4898
f 4734/4734 4898/4898 4733/4733
f 4898/4898 4734/4734 4833/4833
f 4898/4898 4833/4833 4899/4899
f 4899/4899 4833/4833 4834/4834
f 4899/4899 4834/4834 4900/4900
f 4900/4900 4834/4834 4835/4835
f 4833/4833 4734/4734 4832/4832
f 4734/4734 4901/4901 4832/4832
f 4832/4832 4901/4901 4902/4902
f 4832/4832 4902/4902 4831/4831
f 4831/4831 4902/4902 4903/4903
f 4831/4831 4903/4903 4830/4830
f 4830/4830 4903/4903 4829/4829
f 4829/4829 4903/4903 4904/4904
f 4904/4904 4450/4450 4829/4829
f 4829/4829 4450/4450 4828/4828
f 4828/4828 4450/4450 4425/4425
f 4828/4828 4425/4425 4827/4827
f 4827/4827 4425/4425 4826/4826
f 4826/4826 4425/4425 4423/4423
f 4826/4826 4423/4423 4825/4825
f 4825/4825 4423/4423 4421/4421
f 4825/4825 4421/4421 4824/4824
f 4824/4824 4421/4421 4419/4419
f 4824/4824 4419/4419 4823/4823
f 4823/4823 4419/4419 4822/4822
f 4419/4419 4417/4417 4822/4822
f 4822/4822 4417/4417 4821/4821
f 4821/4821 4417/4417 4415/4415
f 4821/4821 4415/4415 4820/4820
f 4820/4820 4415/4415 4819/4819
f 4415/4415 4413/4413 4819/4819
f 4819/4819 4413/4413 4818/4818
f 4818/4818 4413/4413 4410/4410
f 4818/4818 4410/4410 4817/4817
f 4817/4817 4410/4410 4411/4411
f 4817/4817 4411/4411 4816/4816
f 4816/4816 4411/4411 4815/4815
f 4815/4815 4411/4411 4408/4408
f 4815/4815 4408/4408 4814/4814
f 4814/4814 4408/4408 4406/4406
f 4814/4814 4406/4406 4813/4813
f 4813/4813 4406/4406 4811/4811
f 4811/4811 4406/4406 4403/4403
f 4811/4811 4403/4403 4810/4810
f 4810/4810 4403/4403 4404/4404
f 4810/4810 4404/4404 4808/4808
f 4808/4808 4404/4404 4806/4806
f 4806/4806 4404/4404 4445/4445
f 4806/4806 4445/4445 4805/4805
f 4805/4805 4445/4445 4446/4446
f 4805/4805 4446/4446 4804/4804
f 4804/4804 4446/4446 4448/4448
f 4804/4804 4448/4448 4803/4803
f 4803/4803 4448/4448 4802/4802
f 4802/4802 4448/4448 4449/4449
f 4802/4802 4449/4449 4801/4801
f 4801/4801 4449/4449 4800/4800
f 4800/4800 4449/4449 4442/4442
f 4800/4800 4442/4442 4799/4799
f 4799/4799 4442/4442 4798/4798
f 4442/4442 4441/4441 4798/4798
f 4798/4798 4441/4441 4797/4797
f 4441/4441 4438/4438 4797/4797
f 4797/4797 4438/4438 4796/4796
f 4796/4796 4438/4438 4795/4795
f 4795/4795 4438/4438 4436/4436
f 4795/4795 4436/4436 4794/4794
f 4794/4794 4436/4436 4434/4434
f 4794/4794 4434/4434 4793/4793
f 4793/4793 4434/4434 4792/4792
f 4792/4792 4434/4434 4432/4432
f 4792/4792 4432/4432 4791/4791
f 4432/4432 4430/4430 4791/4791
f 4791/4791 4430/4430 4790/4790
f 4430/4430 4428/4428 4790/4790
f 4790/4790 4428/4428 4789/4789
f 4428/4428 4887/4887 4789/4789
f 4789/4789 4887/4887 4788/4788
f 4887/4887 4889/4889 4788/4788
f 4788/4788 4889/4889 4787/4787
f 4787/4787 4889/4889 4786/4786
f 4786/4786 4889/4889 4893/4893
f 4786/4786 4893/4893 4885/4885
f 4786/4786 4885/4885 4785/4785
f 4885/4885 4732/4732 4785/4785
f 4905/4905 4907/4907 4906/4906
f 4906/4906 4907/4907 4908/4908
f 4906/4906 4909/4909 4905/4905
f 4906/4906 4730/4730 4909/4909
f 4897/4897 4730/4730 4906/4906
f 4897/4897 4726/4726 4730/4730
f 4910/4910 4736/4736 4853/4853
f 4853/4853 4736/4736 4739/4739
f 4911/4911 4736/4736 4910/4910
f 4912/4912 4911/4911 4910/4910
f 4912/4912 4913/4913 4911/4911
f 4914/4914 4915/4915 4912/4912
f 4912/4912 4915/4915 4913/4913
f 4916/4916 4915/4915 4914/4914
f 4916/4916 4917/4917 4915/4915
f 4916/4916 4918/4918 4917/4917
f 4919/4919 4920/4920 4916/4916
f 4916/4916 4920/4920 4918/4918
f 4919/4919 4921/4921 4920/4920
f 4922/4922 4921/4921 4919/4919
f 4922/4922 4923/4923 4921/4921
f 4924/4924 4923/4923 4922/4922
f 4924/4924 4925/4925 4923/4923
f 4926/4926 4927/4927 4924/4924
f 4924/4924 4927/4927 4925/4925
f 4926/4926 4928/4928 4927/4927
f 4929/4929 4928/4928 4926/4926
f 4929/4929 4930/4930 4928/4928
f 4931/4931 4930/4930 4929/4929
f 4931/4931 4932/4932 4930/4930
f 4933/4933 4932/4932 4931/4931
f 4933/4933 4934/4934 4932/4932
f 4935/4935 4934/4934 4933/4933
f 4935/4935 4936/4936 4934/4934
f 4935/4935 4937/4937 4936/4936
f 4938/4938 4937/4937 4935/4935
f 4939/4939 4937/4937 4938/4938
f 4939/4939 4940/4940 4937/4937
f 4939/4939 4941/4941 4940/4940
f 4942/4942 4941/4941 4939/4939
f 4942/4942 4943/4943 4941/4941
f 4942/4942 4944/4944 4943/4943
f 4945/4945 4944/4944 4942/4942
f 4946/4946 4944/4944 4945/4945
f 4946/4946 4947/4947 4944/4944
f 4908/4908 4907/4907 4947/4947
f 4908/4908 4947/4947 4946/4946
f 4897/4897 4924/4924 4922/4922
f 4897/4897 4853/4853 4851/4851
f 4897/4897 4851/4851 4852/4852
f 4897/4897 4912/4912 4910/4910
f 4853/4853 4848/4848 4851/4851
f 4926/4926 4924/4924 4897/4897
f 4910/4910 4853/4853 4897/4897
f 4938/4938 4935/4935 4897/4897
f 4897/4897 4922/4922 4919/4919
f 4848/4848 4849/4849 4851/4851
f 4897/4897 4906/4906 4939/4939
f 4897/4897 4939/4939 4938/4938
f 4897/4897 4935/4935 4933/4933
f 4897/4897 4931/4931 4929/4929
f 4929/4929 4926/4926 4897/4897
f 4908/4908 4942/4942 4939/4939
f 4933/4933 4931/4931 4897/4897
f 4897/4897 4919/4919 4916/4916
f 4906/4906 4908/4908 4939/4939
f 4908/4908 4945/4945 4942/4942
f 4897/4897 4914/4914 4912/4912
f 4897/4897 4916/4916 4914/4914
f 4908/4908 4946/4946 4945/4945
f 4948/4948 4907/4907 4742/4742
f 4745/4745 4913/4913 4915/4915
f 4745/4745 4915/4915 4949/4949
f 4949/4949 4915/4915 4917/4917
f 4949/4949 4917/4917 4918/4918
f 4949/4949 4918/4918 4950/4950
f 4950/4950 4918/4918 4920/4920
f 4950/4950 4920/4920 4921/4921
f 4950/4950 4921/4921 4951/4951
f 4951/4951 4921/4921 4923/4923
f 4951/4951 4923/4923 4952/4952
f 4952/4952 4923/4923 4925/4925
f 4952/4952 4925/4925 4953/4953
f 4953/4953 4925/4925 4927/4927
f 4953/4953 4927/4927 4928/4928
f 4953/4953 4928/4928 4954/4954
f 4954/4954 4928/4928 4930/4930
f 4954/4954 4930/4930 4955/4955
f 4955/4955 4930/4930 4932/4932
f 4932/4932 4934/4934 4955/4955
f 4955/4955 4934/4934 4956/4956
f 4956/4956 4934/4934 4936/4936
f 4956/4956 4936/4936 4937/4937
f 4956/4956 4937/4937 4957/4957
f 4957/4957 4937/4937 4940/4940
f 4957/4957 4940/4940 4958/4958
f 4958/4958 4940/4940 4941/4941
f 4941/4941 4943/4943 4958/4958
f 4958/4958 4943/4943 4959/4959
f 4959/4959 4943/4943 4944/4944
f 4959/4959 4944/4944 4960/4960
f 4960/4960 4944/4944 4947/4947
f 4960/4960 4947/4947 4948/4948
f 4948/4948 4947/4947 4907/4907
f 4740/4740 4730/4730 4729/4729
f 4742/4742 4909/4909 4740/4740
f 4742/4742 4905/4905 4909/4909
f 4742/4742 4907/4907 4905/4905
f 4740/4740 4909/4909 4730/4730
f 4913/4913 4745/4745 4746/4746
f 4735/4735 4736/4736 4911/4911
f 4911/4911 4746/4746 4735/4735
f 4746/4746 4911/4911 4913/4913
f 4948/4948 4742/4742 4743/4743
f 4743/4743 4955/4955 4956/4956
f 4957/4957 4743/4743 4956/4956
f 4744/4744 4953/4953 4954/4954
f 4743/4743 4957/4957 4958/4958
f 4743/4743 4962/4962 4961/4961
f 4743/4743 4964/4964 4963/4963
f 4952/4952 4953/4953 4744/4744
f 4743/4743 4958/4958 4959/4959
f 4744/4744 4950/4950 4951/4951
f 4744/4744 4951/4951 4952/4952
f 4743/4743 4744/4744 4954/4954
f 4743/4743 4954/4954 4955/4955
f 4743/4743 4965/4965 4964/4964
f 4743/4743 4961/4961 4965/4965
f 4949/4949 4950/4950 4744/4744
f 4963/4963 4744/4744 4743/4743
f 4743/4743 4959/4959 4960/4960
f 4744/4744 4745/4745 4949/4949
f 4960/4960 4948/4948 4743/4743
f 4902/4902 4901/4901 4966/4966
f 4426/4426 4967/4967 4704/4704
f 4968/4968 4707/4707 4699/4699
f 4904/4904 4967/4967 4450/4450
f 4427/4427 4450/4450 4967/4967
f 4969/4969 4967/4967 4903/4903
f 4903/4903 4967/4967 4904/4904
f 4901/4901 4702/4702 4966/4966
f 4970/4970 4969/4969 4903/4903
f 4968/4968 4901/4901 4734/4734
f 4970/4970 4902/4902 4966/4966
f 4902/4902 4970/4970 4903/4903
f 4702/4702 4704/4704 4969/4969
f 4966/4966 4702/4702 4970/4970
f 4970/4970 4702/4702 4969/4969
f 4901/4901 4699/4699 4702/4702
f 4699/4699 4901/4901 4968/4968
f 4734/4734 4709/4709 4707/4707
f 4707/4707 4968/4968 4734/4734
f 4427/4427 4967/4967 4426/4426
f 4967/4967 4969/4969 4704/4704
f 4853/4853 4898/4898 4971/4971
f 4971/4971 4847/4847 4853/4853
f 4768/4768 4836/4836 4767/4767
f 4972/4972 4836/4836 4768/4768
f 4973/4973 4836/4836 4972/4972
f 4836/4836 4973/4973 4974/4974
f 4836/4836 4974/4974 4835/4835
f 4900/4900 4835/4835 4974/4974
f 4974/4974 4973/4973 4971/4971
f 4971/4971 4898/4898 4899/4899
f 4973/4973 4847/4847 4971/4971
f 4973/4973 4972/4972 4847/4847
f 4972/4972 4768/4768 4770/4770
f 4971/4971 4899/4899 4974/4974
f 4974/4974 4899/4899 4900/4900
f 4972/4972 4770/4770 4847/4847
f 4765/4765 4766/4766 4852/4852
f 4852/4852 4975/4975 4896/4896
f 4976/4976 4784/4784 4895/4895
f 4784/4784 4976/4976 4837/4837
f 4837/4837 4976/4976 4977/4977
f 4978/4978 4837/4837 4977/4977
f 4978/4978 4782/4782 4837/4837
f 4782/4782 4978/4978 4766/4766
f 4766/4766 4979/4979 4852/4852
f 4766/4766 4978/4978 4979/4979
f 4979/4979 4978/4978 4977/4977
f 4975/4975 4976/4976 4895/4895
f 4895/4895 4896/4896 4975/4975
f 4977/4977 4975/4975 4979/4979
f 4852/4852 4896/4896 4897/4897
f 4979/4979 4975/4975 4852/4852
f 4975/4975 4977/4977 4976/4976
f 4846/4846 4767/4767 4836/4836
f 4778/4778 4839/4839 4779/4779
f 4838/4838 4782/4782 4781/4781
f 4844/4844 4773/4773 4771/4771
f 4839/4839 4778/4778 4840/4840
f 4844/4844 4771/4771 4846/4846
f 4846/4846 4771/4771 4767/4767
f 4773/4773 4776/4776 4775/4775
f 4779/4779 4838/4838 4781/4781
f 4773/4773 4842/4842 4776/4776
f 4776/4776 4840/4840 4778/4778
f 4773/4773 4844/4844 4842/4842
f 4779/4779 4839/4839 4838/4838
f 4776/4776 4842/4842 4840/4840
f 4850/4850 4772/4772 4774/4774
f 4765/4765 4780/4780 4764/4764
f 4769/4769 4772/4772 4770/4770
f 4774/4774 4777/4777 4850/4850
f 4850/4850 4777/4777 4780/4780
f 4980/4980 4981/4981 4756/4756
f 4981/4981 4982/4982 4756/4756
f 4756/4756 4982/4982 4753/4753
f 4753/4753 4982/4982 4983/4983
f 4983/4983 4984/4984 4753/4753
f 4753/4753 4984/4984 4755/4755
f 4755/4755 4984/4984 4985/4985
f 4755/4755 4985/4985 4986/4986
f 4985/4985 4987/4987 4986/4986
f 4987/4987 4752/4752 4986/4986
f 4752/4752 4987/4987 4988/4988
f 4752/4752 4988/4988 4750/4750
f 4989/4989 4750/4750 4988/4988
f 4990/4990 4705/4705 4750/4750
f 4990/4990 4750/4750 4989/4989
f 4705/4705 4990/4990 4706/4706
f 4991/4991 4869/4869 4990/4990
f 4990/4990 4869/4869 4706/4706
f 4869/4869 4991/4991 4877/4877
f 4992/4992 4877/4877 4991/4991
f 4877/4877 4992/4992 4993/4993
f 4877/4877 4993/4993 4876/4876
f 4876/4876 4993/4993 4994/4994
f 4994/4994 4995/4995 4876/4876
f 4876/4876 4995/4995 4882/4882
f 4882/4882 4995/4995 4996/4996
f 4882/4882 4996/4996 4880/4880
f 4880/4880 4996/4996 4997/4997
f 4880/4880 4997/4997 4998/4998
f 4880/4880 4998/4998 4871/4871
f 4871/4871 4998/4998 4870/4870
f 4999/4999 4870/4870 4998/4998
f 4999/4999 5000/5000 4870/4870
f 5000/5000 4868/4868 4870/4870
f 5000/5000 5001/5001 4868/4868
f 5001/5001 4867/4867 4868/4868
f 4867/4867 5001/5001 5002/5002
f 4867/4867 5002/5002 4857/4857
f 4857/4857 5002/5002 4856/4856
f 5003/5003 4856/4856 5002/5002
f 5004/5004 4859/4859 5003/5003
f 5003/5003 4859/4859 4856/4856
f 5005/5005 4859/4859 5004/5004
f 4859/4859 5005/5005 4858/4858
f 4858/4858 5005/5005 5006/5006
f 4858/4858 5006/5006 4860/4860
f 4860/4860 5006/5006 5007/5007
f 4860/4860 5007/5007 4855/4855
f 4855/4855 5007/5007 5008/5008
f 4855/4855 5009/5009 4854/4854
f 4854/4854 5009/5009 5010/5010
f 4854/4854 5010/5010 4861/4861
f 5010/5010 5011/5011 4861/4861
f 4861/4861 5011/5011 4862/4862
f 5012/5012 4862/4862 5011/5011
f 4862/4862 5012/5012 4863/4863
f 4863/4863 5012/5012 4864/4864
f 5013/5013 4864/4864 5012/5012
f 4864/4864 5013/5013 5014/5014
f 4864/4864 5014/5014 4873/4873
f 5015/5015 4873/4873 5014/5014
f 5015/5015 4872/4872 4873/4873
f 5016/5016 4872/4872 5015/5015
f 4872/4872 5016/5016 5017/5017
f 5017/5017 4866/4866 4872/4872
f 4866/4866 5017/5017 4865/4865
f 4865/4865 5017/5017 5018/5018
f 5018/5018 5019/5019 4865/4865
f 4865/4865 5019/5019 4875/4875
f 4875/4875 5019/5019 5020/5020
f 4875/4875 5020/5020 4874/4874
f 4874/4874 5020/5020 4881/4881
f 4881/4881 5020/5020 5021/5021
f 5021/5021 5022/5022 4881/4881
f 4881/4881 5022/5022 4883/4883
f 5022/5022 5023/5023 4883/4883
f 4883/4883 5023/5023 4884/4884
f 5023/5023 5024/5024 4884/4884
f 4884/4884 5024/5024 4879/4879
f 5024/5024 5025/5025 4879/4879
f 4879/4879 5025/5025 4878/4878
f 4878/4878 5025/5025 5026/5026
f 4878/4878 5026/5026 4718/4718
f 4718/4718 5026/5026 5027/5027
f 5027/5027 4717/4717 4718/4718
f 5028/5028 4717/4717 5027/5027
f 4717/4717 5028/5028 4749/4749
f 4749/4749 5028/5028 5029/5029
f 5030/5030 4749/4749 5029/5029
f 4749/4749 5030/5030 4763/4763
f 4763/4763 5030/5030 4762/4762
f 4762/4762 5030/5030 5031/5031
f 4762/4762 5031/5031 4761/4761
f 5031/5031 5032/5032 4761/4761
f 4761/4761 5032/5032 4758/4758
f 5032/5032 5033/5033 4758/4758
f 5033/5033 5034/5034 4758/4758
f 4758/4758 5034/5034 4757/4757
f 4757/4757 5034/5034 4980/4980
f 5034/5034 4981/4981 4980/4980
f 4738/4738 4737/4737 5035/5035
f 4962/4962 4743/4743 4741/4741
f 4748/4748 4747/4747 5036/5036
f 5037/5037 4708/4708 4724/4724
f 5038/5038 5040/5040 5039/5039
f 5038/5038 5039/5039 5041/5041
f 5042/5042 5044/5044 5043/5043
f 5043/5043 5046/5046 5045/5045
f 5045/5045 5046/5046 5047/5047
f 5046/5046 4701/4701 5047/5047
f 5047/5047 4701/4701 4708/4708
f 4712/4712 5038/5038 4720/4720
f 5039/5039 5042/5042 5048/5048
f 5039/5039 5048/5048 5041/5041
f 4708/4708 5037/5037 5047/5047
f 5038/5038 5049/5049 4720/4720
f 5045/5045 5050/5050 5043/5043
f 5041/5041 5051/5051 5038/5038
f 5041/5041 5048/5048 5051/5051
f 5038/5038 5051/5051 5049/5049
f 5047/5047 5037/5037 5052/5052
f 5047/5047 5052/5052 5045/5045
f 5043/5043 5053/5053 5042/5042
f 4720/4720 5049/5049 5054/5054
f 5042/5042 5053/5053 5048/5048
f 4720/4720 5054/5054 4719/4719
f 5043/5043 5050/5050 5053/5053
f 4719/4719 5055/5055 4723/4723
f 5045/5045 5052/5052 5050/5050
f 5054/5054 5055/5055 4719/4719
f 4724/4724 5056/5056 5037/5037
f 5052/5052 5057/5057 5050/5050
f 4724/4724 4725/4725 5056/5056
f 5050/5050 5058/5058 5053/5053
f 5049/5049 5051/5051 5059/5059
f 5049/5049 5059/5059 5054/5054
f 5037/5037 5056/5056 5052/5052
f 5048/5048 5053/5053 5060/5060
f 5048/5048 5060/5060 5051/5051
f 5052/5052 5056/5056 5057/5057
f 5055/5055 5061/5061 4723/4723
f 5062/5062 5060/5060 5053/5053
f 5058/5058 5050/5050 5057/5057
f 5051/5051 5060/5060 5059/5059
f 4725/4725 5063/5063 5056/5056
f 5053/5053 5058/5058 5062/5062
f 5054/5054 5064/5064 5055/5055
f 4723/4723 5061/5061 4722/4722
f 5059/5059 5060/5060 5065/5065
f 5054/5054 5059/5059 5064/5064
f 5055/5055 5064/5064 5061/5061
f 5057/5057 5056/5056 5066/5066
f 5057/5057 5066/5066 5058/5058
f 5056/5056 5063/5063 5067/5067
f 5058/5058 5068/5068 5062/5062
f 5062/5062 5065/5065 5060/5060
f 5064/5064 5069/5069 5061/5061
f 4725/4725 4738/4738 5063/5063
f 5056/5056 5067/5067 5066/5066
f 5062/5062 5068/5068 5070/5070
f 5062/5062 5070/5070 5065/5065
f 5059/5059 5065/5065 5071/5071
f 5059/5059 5071/5071 5064/5064
f 5061/5061 5069/5069 4722/4722
f 5058/5058 5066/5066 5068/5068
f 4722/4722 5069/5069 4728/4728
f 4738/4738 5067/5067 5063/5063
f 5066/5066 5072/5072 5068/5068
f 5064/5064 5071/5071 5073/5073
f 5064/5064 5073/5073 5069/5069
f 4738/4738 5035/5035 5067/5067
f 5067/5067 5072/5072 5066/5066
f 5072/5072 5074/5074 5068/5068
f 5070/5070 5075/5075 5065/5065
f 5065/5065 5075/5075 5071/5071
f 5069/5069 5073/5073 5076/5076
f 5067/5067 5035/5035 5077/5077
f 5067/5067 5077/5077 5072/5072
f 5071/5071 5075/5075 5073/5073
f 5069/5069 5076/5076 4728/4728
f 5070/5070 5068/5068 5078/5078
f 5068/5068 5079/5079 5078/5078
f 5070/5070 5078/5078 5080/5080
f 5070/5070 5080/5080 5075/5075
f 5072/5072 5077/5077 5074/5074
f 5074/5074 5079/5079 5068/5068
f 4737/4737 4748/4748 5035/5035
f 5078/5078 5081/5081 5080/5080
f 5075/5075 5080/5080 5082/5082
f 5075/5075 5082/5082 5073/5073
f 5073/5073 5082/5082 5083/5083
f 5073/5073 5083/5083 5076/5076
f 5035/5035 5084/5084 5077/5077
f 5035/5035 4748/4748 5084/5084
f 5078/5078 5079/5079 5085/5085
f 5078/5078 5085/5085 5081/5081
f 5074/5074 5086/5086 5079/5079
f 5077/5077 5086/5086 5074/5074
f 5077/5077 5084/5084 5086/5086
f 5086/5086 5085/5085 5079/5079
f 5080/5080 5081/5081 5082/5082
f 5083/5083 5087/5087 5076/5076
f 5076/5076 5087/5087 4727/4727
f 4748/4748 5036/5036 5084/5084
f 4727/4727 5087/5087 4741/4741
f 5085/5085 5086/5086 4964/4964
f 5085/5085 4965/4965 5081/5081
f 5084/5084 4963/4963 5086/5086
f 5086/5086 4963/4963 4964/4964
f 5081/5081 4965/4965 5082/5082
f 5083/5083 4961/4961 5087/5087
f 5087/5087 4962/4962 4741/4741
f 5036/5036 4963/4963 5084/5084
f 4747/4747 4744/4744 5036/5036
f 5085/5085 4964/4964 4965/4965
f 5082/5082 4961/4961 5083/5083
f 5087/5087 4961/4961 4962/4962
f 4728/4728 5076/5076 4727/4727
f 5036/5036 4744/4744 4963/4963
f 5082/5082 4965/4965 4961/4961
f 5038/5038 4712/4712 5040/5040
f 4715/4715 4763/4763 4713/4713
f 4751/4751 4703/4703 4700/4700
f 4713/4713 4763/4763 4760/4760
f 4760/4760 5088/5088 4713/4713
f 5089/5089 4751/4751 4700/4700
f 4713/4713 5088/5088 4712/4712
f 4986/4986 4752/4752 4751/4751
f 4986/4986 4751/4751 5089/5089
f 4761/4761 4758/4758 4759/4759
f 5090/5090 5091/5091 5040/5040
f 5092/5092 4754/4754 5093/5093
f 5093/5093 5094/5094 5044/5044
f 4761/4761 4759/4759 5090/5090
f 5095/5095 4755/4755 4986/4986
f 5095/5095 4986/4986 5089/5089
f 5094/5094 5089/5089 5046/5046
f 5092/5092 5093/5093 5044/5044
f 5040/5040 4712/4712 5088/5088
f 5090/5090 5088/5088 4760/4760
f 5090/5090 4760/4760 4761/4761
f 5088/5088 5090/5090 5040/5040
f 5091/5091 5039/5039 5040/5040
f 5091/5091 5090/5090 4759/4759
f 5096/5096 5091/5091 4759/4759
f 5096/5096 4759/4759 4980/4980
f 4757/4757 4980/4980 4759/4759
f 5091/5091 5096/5096 5097/5097
f 5091/5091 5097/5097 5039/5039
f 5097/5097 5044/5044 5039/5039
f 5096/5096 4980/4980 4756/4756
f 5044/5044 5042/5042 5039/5039
f 5097/5097 5096/5096 5092/5092
f 5044/5044 5097/5097 5092/5092
f 4756/4756 5092/5092 5096/5096
f 4756/4756 4754/4754 5092/5092
f 5046/5046 5043/5043 5044/5044
f 5046/5046 5044/5044 5094/5094
f 5094/5094 5093/5093 4754/4754
f 5095/5095 5094/5094 4754/4754
f 5095/5095 4754/4754 4755/4755
f 5095/5095 5089/5089 5094/5094
f 4700/4700 4701/4701 5046/5046
f 4700/4700 5046/5046 5089/5089
f 5098/5098 5100/5100 5099/5099
f 5101/5101 5103/5103 5102/5102
f 4475/4475 5102/5102 5103/5103
f 5104/5104 5100/5100 5098/5098
f 4475/4475 5104/5104 5102/5102
f 5104/5104 4475/4475 5100/5100
f 5105/5105 5107/5107 5106/5106
f 5108/5108 5110/5110 5109/5109
f 5109/5109 4460/4460 5108/5108
f 5106/5106 5108/5108 5105/5105
f 5108/5108 4460/4460 5105/5105
f 5111/5111 5113/5113 5112/5112
f 5112/5112 5113/5113 5114/5114
f 4499/4499 5114/5114 5115/5115
f 5114/5114 4499/4499 5112/5112
f 5116/5116 5118/5118 5117/5117
f 5116/5116 5119/5119 5118/5118
f 5120/5120 5119/5119 5116/5116
f 4681/4681 5121/5121 4535/4535
f 4535/4535 5121/5121 5122/5122
f 4681/4681 5124/5124 5123/5123
f 5121/5121 5123/5123 4809/4809
f 4681/4681 5123/5123 5121/5121
f 4535/4535 5122/5122 4534/4534
f 4681/4681 5125/5125 5124/5124
f 4528/4528 5126/5126 4617/4617
f 4617/4617 5126/5126 5127/5127
f 5128/5128 5129/5129 4528/4528
f 5126/5126 5129/5129 4841/4841
f 4528/4528 5129/5129 5126/5126
f 4617/4617 5127/5127 5130/5130
f 4528/4528 5131/5131 5128/5128
f 5132/5132 5134/5134 5133/5133
f 5135/5135 4465/4465 5136/5136
f 4469/4469 5134/5134 5132/5132
f 4469/4469 5135/5135 5134/5134
f 5135/5135 4469/4469 4465/4465
f 5137/5137 5139/5139 5138/5138
f 5138/5138 5139/5139 5140/5140
f 5141/5141 5137/5137 4492/4492
f 5137/5137 5141/5141 5139/5139
f 5132/5132 5133/5133 4471/4471
f 4471/4471 5133/5133 5142/5142
f 4466/4466 5143/5143 5136/5136
f 4466/4466 5136/5136 4465/4465
f 4492/4492 5144/5144 5141/5141
f 4492/4492 4493/4493 5144/5144
f 4493/4493 5145/5145 5144/5144
f 5138/5138 5140/5140 5146/5146
f 5146/5146 5140/5140 5147/5147
f 4659/4659 4658/4658 5148/5148
f 4659/4659 5148/5148 4663/4663
f 4663/4663 5148/5148 5149/5149
f 4663/4663 5149/5149 4665/4665
f 4665/4665 5149/5149 5150/5150
f 4665/4665 5150/5150 4664/4664
f 4664/4664 5150/5150 4667/4667
f 5150/5150 4686/4686 4667/4667
f 5151/5151 4628/4628 4620/4620
f 4628/4628 5151/5151 5152/5152
f 4628/4628 5152/5152 4634/4634
f 4634/4634 5152/5152 5153/5153
f 4634/4634 5153/5153 4606/4606
f 4606/4606 5153/5153 5154/5154
f 4606/4606 5154/5154 4605/4605
f 4605/4605 5154/5154 5155/5155
f 5155/5155 4624/4624 4605/4605
f 4511/4511 4564/4564 5156/5156
f 4511/4511 5156/5156 5157/5157
f 4511/4511 5157/5157 4513/4513
f 4513/4513 5157/5157 5158/5158
f 4513/4513 5158/5158 4527/4527
f 4527/4527 5158/5158 5159/5159
f 4527/4527 5159/5159 5160/5160
f 4527/4527 5160/5160 4526/4526
f 5160/5160 4569/4569 4526/4526
f 4518/4518 5161/5161 4516/4516
f 4516/4516 5161/5161 5162/5162
f 4516/4516 5162/5162 5163/5163
f 4516/4516 5163/5163 4515/4515
f 4515/4515 5163/5163 5164/5164
f 4515/4515 5164/5164 4541/4541
f 4541/4541 5164/5164 4539/4539
f 4841/4841 4843/4843 5126/5126
f 4649/4649 4845/4845 4698/4698
f 4843/4843 4845/4845 4649/4649
f 5126/5126 4843/4843 4649/4649
f 5165/5165 5130/5130 5127/5127
f 4632/4632 5130/5130 5165/5165
f 5165/5165 5127/5127 5126/5126
f 4619/4619 5130/5130 4632/4632
f 4643/4643 5165/5165 4649/4649
f 4649/4649 5165/5165 5126/5126
f 4632/4632 5165/5165 4643/4643
f 4617/4617 5130/5130 4619/4619
f 4621/4621 5166/5166 5145/5145
f 4627/4627 5166/5166 4621/4621
f 4627/4627 4609/4609 5166/5166
f 5145/5145 5166/5166 5167/5167
f 5144/5144 5167/5167 5168/5168
f 5144/5144 5145/5145 5167/5167
f 5169/5169 4610/4610 4676/4676
f 5166/5166 4609/4609 5170/5170
f 5170/5170 4609/4609 4610/4610
f 5169/5169 5171/5171 4610/4610
f 5170/5170 4610/4610 5171/5171
f 5169/5169 4676/4676 5172/5172
f 5172/5172 5173/5173 5169/5169
f 5169/5169 5173/5173 5171/5171
f 5170/5170 5167/5167 5166/5166
f 5168/5168 5170/5170 5171/5171
f 5167/5167 5170/5170 5168/5168
f 5168/5168 5171/5171 5173/5173
f 5139/5139 5168/5168 5173/5173
f 5173/5173 5172/5172 5140/5140
f 5139/5139 5173/5173 5140/5140
f 5141/5141 5168/5168 5139/5139
f 5144/5144 5168/5168 5141/5141
f 5147/5147 5140/5140 5172/5172
f 4688/4688 5147/5147 5172/5172
f 4671/4671 5147/5147 4688/4688
f 4688/4688 5172/5172 4676/4676
f 5123/5123 4812/4812 4809/4809
f 4681/4681 4613/4613 5125/5125
f 4615/4615 4677/4677 4812/4812
f 5125/5125 4613/4613 4614/4614
f 4614/4614 4615/4615 5124/5124
f 5124/5124 4615/4615 4812/4812
f 5125/5125 4614/4614 5124/5124
f 5123/5123 5124/5124 4812/4812
f 4841/4841 5129/5129 5174/5174
f 5174/5174 4533/4533 4841/4841
f 5131/5131 4531/4531 4510/4510
f 5174/5174 4508/4508 4533/4533
f 4510/4510 4508/4508 5128/5128
f 5128/5128 4508/4508 5174/5174
f 5131/5131 4528/4528 4531/4531
f 5131/5131 4510/4510 5128/5128
f 5128/5128 5174/5174 5129/5129
f 4809/4809 4807/4807 5121/5121
f 4601/4601 5175/5175 4807/4807
f 4807/4807 5175/5175 5121/5121
f 5142/5142 5133/5133 5176/5176
f 5176/5176 4522/4522 5142/5142
f 5177/5177 4522/4522 5176/5176
f 4524/4524 4522/4522 5177/5177
f 4571/4571 4524/4524 5177/5177
f 4506/4506 4534/4534 5122/5122
f 5178/5178 5122/5122 5121/5121
f 5175/5175 5178/5178 5121/5121
f 4505/4505 4506/4506 5178/5178
f 4506/4506 5122/5122 5178/5178
f 4505/4505 5175/5175 4601/4601
f 4505/4505 5178/5178 5175/5175
f 4534/4534 4506/4506 4542/4542
f 5179/5179 5180/5180 4520/4520
f 4575/4575 4571/4571 5177/5177
f 4575/4575 5177/5177 5181/5181
f 5182/5182 5183/5183 5179/5179
f 5181/5181 5177/5177 5176/5176
f 5181/5181 5176/5176 5134/5134
f 5135/5135 5136/5136 5183/5183
f 4520/4520 4546/4546 5179/5179
f 5182/5182 5184/5184 5183/5183
f 5183/5183 5184/5184 5135/5135
f 5179/5179 5185/5185 5182/5182
f 5135/5135 5184/5184 5134/5134
f 4546/4546 5185/5185 5179/5179
f 5182/5182 5185/5185 5184/5184
f 5185/5185 5181/5181 5184/5184
f 4546/4546 4575/4575 5185/5185
f 5184/5184 5181/5181 5134/5134
f 5185/5185 4575/4575 5181/5181
f 5176/5176 5133/5133 5134/5134
f 4519/4519 5180/5180 5143/5143
f 4519/4519 4520/4520 5180/5180
f 5143/5143 5180/5180 5183/5183
f 5183/5183 5180/5180 5179/5179
f 5143/5143 5183/5183 5136/5136
f 4470/4470 4469/4469 5132/5132
f 4470/4470 5132/5132 4471/4471
f 5138/5138 4491/4491 5137/5137
f 4495/4495 4491/4491 5138/5138
f 4491/4491 4492/4492 5137/5137
f 5146/5146 4495/4495 5138/5138
f 4490/4490 5187/5187 5186/5186
f 5188/5188 5189/5189 4496/4496
f 4490/4490 4496/4496 5187/5187
f 5187/5187 4496/4496 5190/5190
f 5190/5190 4496/4496 5189/5189
f 5115/5115 5189/5189 5188/5188
f 5189/5189 5191/5191 5190/5190
f 5115/5115 5192/5192 5189/5189
f 5189/5189 5192/5192 5191/5191
f 5190/5190 4997/4997 4996/4996
f 4997/4997 5190/5190 4998/4998
f 5191/5191 4998/4998 5190/5190
f 4998/4998 5191/5191 4999/4999
f 4999/4999 5191/5191 5192/5192
f 5000/5000 4999/4999 5192/5192
f 4996/4996 5187/5187 5190/5190
f 4995/4995 5187/5187 4996/4996
f 4994/4994 4993/4993 4992/4992
f 5032/5032 5194/5194 5193/5193
f 5032/5032 5193/5193 5033/5033
f 5195/5195 4981/4981 5034/5034
f 5195/5195 5034/5034 5033/5033
f 5195/5195 5033/5033 5193/5193
f 5099/5099 5196/5196 5193/5193
f 5193/5193 5196/5196 5195/5195
f 5099/5099 5197/5197 5196/5196
f 5099/5099 5193/5193 5198/5198
f 5195/5195 4482/4482 5199/5199
f 5196/5196 4482/4482 5195/5195
f 5196/5196 5197/5197 4482/4482
f 5195/5195 5199/5199 4982/4982
f 5200/5200 5199/5199 4482/4482
f 5201/5201 5120/5120 5202/5202
f 5201/5201 5202/5202 4984/4984
f 5201/5201 5200/5200 5120/5120
f 5201/5201 5199/5199 5200/5200
f 5199/5199 4983/4983 4982/4982
f 4983/4983 5199/5199 5201/5201
f 5008/5008 4453/4453 5203/5203
f 4453/4453 5204/5204 5111/5111
f 5008/5008 5205/5205 5204/5204
f 5204/5204 4453/4453 5008/5008
f 5110/5110 5203/5203 5206/5206
f 4453/4453 5206/5206 5203/5203
f 5207/5207 5203/5203 5110/5110
f 5203/5203 5207/5207 5008/5008
f 5208/5208 5210/5210 5209/5209
f 5208/5208 5209/5209 5207/5207
f 5211/5211 5208/5208 5207/5207
f 5207/5207 5110/5110 5211/5211
f 5207/5207 5010/5010 5009/5009
f 5207/5207 5011/5011 5010/5010
f 5209/5209 5012/5012 5011/5011
f 5210/5210 5012/5012 5209/5209
f 5207/5207 5209/5209 5011/5011
f 5009/5009 5008/5008 5207/5207
f 5006/5006 5213/5213 5212/5212
f 5005/5005 5004/5004 5213/5213
f 5005/5005 5213/5213 5006/5006
f 5009/5009 4855/4855 5008/5008
f 5006/5006 5212/5212 5205/5205
f 5007/5007 5205/5205 5008/5008
f 5205/5205 5007/5007 5006/5006
f 5214/5214 5020/5020 5215/5215
f 5020/5020 5019/5019 5215/5215
f 5018/5018 5215/5215 5019/5019
f 5216/5216 5021/5021 5217/5217
f 5021/5021 5020/5020 5217/5217
f 5021/5021 5216/5216 5022/5022
f 5107/5107 5105/5105 5216/5216
f 5107/5107 5216/5216 5217/5217
f 5107/5107 5217/5217 5214/5214
f 5217/5217 5020/5020 5214/5214
f 5216/5216 5105/5105 4464/4464
f 5218/5218 5216/5216 4464/4464
f 4464/4464 4468/4468 5218/5218
f 5101/5101 5218/5218 4468/4468
f 5219/5219 5218/5218 5101/5101
f 5220/5220 5219/5219 5101/5101
f 5218/5218 5219/5219 5024/5024
f 5220/5220 5222/5222 5221/5221
f 5219/5219 5220/5220 5221/5221
f 4464/4464 5223/5223 4462/4462
f 4456/4456 4457/4457 5206/5206
f 5223/5223 4460/4460 4462/4462
f 4459/4459 4460/4460 4457/4457
f 5223/5223 5105/5105 4460/4460
f 4457/4457 4460/4460 5109/5109
f 5206/5206 4457/4457 5109/5109
f 5103/5103 5101/5101 4468/4468
f 5223/5223 4464/4464 5105/5105
f 5017/5017 5215/5215 5018/5018
f 5017/5017 5016/5016 5215/5215
f 5012/5012 5210/5210 5013/5013
f 5210/5210 5224/5224 5013/5013
f 5013/5013 5224/5224 5014/5014
f 5015/5015 5014/5014 5016/5016
f 5016/5016 5225/5225 5215/5215
f 5014/5014 5224/5224 5226/5226
f 5014/5014 5225/5225 5016/5016
f 5014/5014 5226/5226 5225/5225
f 5215/5215 5225/5225 5214/5214
f 5210/5210 5208/5208 5224/5224
f 5214/5214 5225/5225 5106/5106
f 5214/5214 5106/5106 5107/5107
f 5208/5208 5108/5108 5224/5224
f 5225/5225 5226/5226 5106/5106
f 5208/5208 5211/5211 5108/5108
f 5224/5224 5108/5108 5226/5226
f 5226/5226 5108/5108 5106/5106
f 5211/5211 5110/5110 5108/5108
f 4456/4456 5206/5206 4453/4453
f 5110/5110 5206/5206 5109/5109
f 4452/4452 4453/4453 5112/5112
f 5112/5112 4453/4453 5111/5111
f 4482/4482 5197/5197 4479/4479
f 4468/4468 4473/4473 5103/5103
f 4479/4479 5100/5100 4477/4477
f 4473/4473 4475/4475 5103/5103
f 4479/4479 5197/5197 5100/5100
f 4477/4477 5100/5100 4475/4475
f 5026/5026 5025/5025 5222/5222
f 5219/5219 5221/5221 5024/5024
f 5023/5023 5218/5218 5024/5024
f 5022/5022 5216/5216 5218/5218
f 5024/5024 5221/5221 5025/5025
f 5022/5022 5218/5218 5023/5023
f 5025/5025 5221/5221 5222/5222
f 5111/5111 5205/5205 5212/5212
f 5212/5212 5213/5213 5111/5111
f 5205/5205 5111/5111 5204/5204
f 4452/4452 5112/5112 4501/4501
f 4498/4498 5188/5188 4496/4496
f 5112/5112 4499/4499 4501/4501
f 4498/4498 4499/4499 5188/5188
f 4485/4485 5119/5119 4484/4484
f 4484/4484 5119/5119 4482/4482
f 4489/4489 5118/5118 4487/4487
f 4487/4487 5119/5119 4485/4485
f 4487/4487 5118/5118 5119/5119
f 5200/5200 4482/4482 5119/5119
f 5120/5120 5200/5200 5119/5119
f 5197/5197 5099/5099 5100/5100
f 5031/5031 5194/5194 5032/5032
f 5030/5030 5194/5194 5031/5031
f 5030/5030 5029/5029 5194/5194
f 5026/5026 5222/5222 5027/5027
f 5028/5028 5027/5027 5227/5227
f 5227/5227 5228/5228 5028/5028
f 5028/5028 5228/5228 5029/5029
f 5029/5029 5228/5228 5194/5194
f 5027/5027 5222/5222 5227/5227
f 5194/5194 5228/5228 5198/5198
f 5194/5194 5198/5198 5193/5193
f 5228/5228 5227/5227 5104/5104
f 5228/5228 5104/5104 5198/5198
f 5222/5222 5102/5102 5227/5227
f 5222/5222 5220/5220 5102/5102
f 5227/5227 5102/5102 5104/5104
f 5198/5198 5104/5104 5098/5098
f 5098/5098 5099/5099 5198/5198
f 5220/5220 5101/5101 5102/5102
f 5113/5113 5111/5111 5213/5213
f 5000/5000 5192/5192 5229/5229
f 5000/5000 5230/5230 5001/5001
f 5001/5001 5230/5230 5002/5002
f 5000/5000 5229/5229 5230/5230
f 5002/5002 5231/5231 5003/5003
f 5230/5230 5231/5231 5002/5002
f 5003/5003 5231/5231 5004/5004
f 5004/5004 5231/5231 5213/5213
f 5192/5192 5232/5232 5229/5229
f 5230/5230 5229/5229 5233/5233
f 5231/5231 5233/5233 5213/5213
f 5192/5192 5115/5115 5232/5232
f 5230/5230 5233/5233 5231/5231
f 5229/5229 5232/5232 5233/5233
f 5233/5233 5232/5232 5114/5114
f 5233/5233 5114/5114 5113/5113
f 5213/5213 5233/5233 5113/5113
f 5232/5232 5115/5115 5114/5114
f 4499/4499 5115/5115 5188/5188
f 5117/5117 5118/5118 4489/4489
f 4489/4489 4490/4490 5117/5117
f 4983/4983 5201/5201 4984/4984
f 4981/4981 5195/5195 4982/4982
f 4985/4985 4984/4984 5202/5202
f 5117/5117 4490/4490 5186/5186
f 5117/5117 5186/5186 5234/5234
f 5187/5187 4995/4995 5186/5186
f 5186/5186 4995/4995 4994/4994
f 5186/5186 4994/4994 5234/5234
f 4994/4994 4992/4992 5234/5234
f 5235/5235 5234/5234 4992/4992
f 4985/4985 5236/5236 4987/4987
f 4987/4987 5236/5236 4988/4988
f 4990/4990 5235/5235 4991/4991
f 4989/4989 5237/5237 4990/4990
f 4989/4989 4988/4988 5238/5238
f 4989/4989 5238/5238 5237/5237
f 4990/4990 5237/5237 5235/5235
f 5236/5236 5238/5238 4988/4988
f 4991/4991 5235/5235 4992/4992
f 5236/5236 4985/4985 5202/5202
f 5202/5202 5120/5120 5236/5236
f 5236/5236 5120/5120 5238/5238
f 5237/5237 5116/5116 5235/5235
f 5238/5238 5116/5116 5237/5237
f 5235/5235 5116/5116 5234/5234
f 5120/5120 5116/5116 5238/5238
f 5116/5116 5117/5117 5234/5234
f 5147/5147 4686/4686 5150/5150
f 5161/5161 4518/4518 4538/4538
f 5147/5147 5150/5150 5146/5146
f 5161/5161 4538/4538 5143/5143
f 4466/4466 5161/5161 5143/5143
f 4671/4671 4686/4686 5147/5147
f 4466/4466 5162/5162 5161/5161
f 5143/5143 4538/4538 4519/4519
f 5150/5150 4495/4495 5146/5146
f 4495/4495 5150/5150 5149/5149
f 5163/5163 5162/5162 4467/4467
f 4467/4467 5162/5162 4466/4466
f 4681/4681 4658/4658 4612/4612
f 4495/4495 5149/5149 5148/5148
f 4539/4539 4455/4455 4535/4535
f 4535/4535 4455/4455 4451/4451
f 4658/4658 4681/4681 4454/4454
f 4535/4535 4537/4537 4539/4539
f 4463/4463 5163/5163 4467/4467
f 4495/4495 5148/5148 4497/4497
f 4658/4658 4454/4454 4500/4500
f 4458/4458 4455/4455 4539/4539
f 4500/4500 4497/4497 5148/5148
f 4658/4658 4500/4500 5148/5148
f 4461/4461 4458/4458 4539/4539
f 5164/5164 5163/5163 4463/4463
f 4535/4535 4451/4451 4681/4681
f 4681/4681 4451/4451 4454/4454
f 5164/5164 4461/4461 4539/4539
f 5164/5164 4463/4463 4461/4461
f 5145/5145 5151/5151 4620/4620
f 5142/5142 5160/5160 4471/4471
f 4569/4569 5142/5142 4522/4522
f 5160/5160 5142/5142 4569/4569
f 4493/4493 5151/5151 5145/5145
f 5145/5145 4620/4620 4621/4621
f 4493/4493 5152/5152 5151/5151
f 4471/4471 5160/5160 5159/5159
f 4471/4471 5159/5159 4472/4472
f 5152/5152 4493/4493 4494/4494
f 4472/4472 5159/5159 5158/5158
f 4494/4494 5153/5153 5152/5152
f 4617/4617 4623/4623 4624/4624
f 5154/5154 5153/5153 4494/4494
f 4472/4472 5158/5158 5157/5157
f 4528/4528 4564/4564 4530/4530
f 4564/4564 4528/4528 4480/4480
f 4564/4564 4480/4480 4478/4478
f 5155/5155 4483/4483 4617/4617
f 5155/5155 4617/4617 4624/4624
f 4617/4617 4483/4483 4481/4481
f 4488/4488 5154/5154 4494/4494
f 4617/4617 4481/4481 4528/4528
f 4528/4528 4481/4481 4480/4480
f 4478/4478 4476/4476 4564/4564
f 4476/4476 5156/5156 4564/4564
f 5155/5155 4488/4488 4486/4486
f 5156/5156 4476/4476 4474/4474
f 4486/4486 4483/4483 5155/5155
f 4474/4474 4472/4472 5157/5157
f 5156/5156 4474/4474 5157/5157
f 5154/5154 4488/4488 5155/5155

