v -0.03947550 0.09520001 0.00558143
v -0.04055455 0.09520001 0.00835996
v -0.04119530 0.09520002 0.00365861
v -0.03805773 0.09520002 0.00364927
v 0.04121803 0.09520002 0.00391328
v 0.04038926 0.09520001 0.00912815
v 0.04005908 0.09520002 0.00391673
v 0.03782338 0.09520000 0.01365329
v 0.03928326 0.09520001 0.01310444
v 0.03043203 0.09519999 0.02810466
v 0.02748607 0.09519999 0.03099523
v 0.03235416 0.09519557 0.02378298
v 0.02342316 0.09519998 0.03417268
v 0.01807373 0.09519998 0.03728244
v 0.01949313 0.09519998 0.03519358
v 0.03778686 0.09520000 0.01695085
v 0.03539034 0.09519999 0.02151814
v 0.03307554 0.09519999 0.02493513
v 0.02652211 0.09519557 0.03015721
v 0.01133137 0.09519997 0.03985506
v 0.00516329 0.09519997 0.03990300
v 0.01082288 0.09519998 0.03875166
v 0.00629217 0.09519996 0.04095501
v -0.00090894 0.09519996 0.04142598
v -0.00203640 0.09519996 0.04018435
v -0.00909219 0.09519996 0.04042522
v -0.01306848 0.09519998 0.03931923
v -0.01463469 0.09519998 0.03747746
v -0.00399948 0.09519996 0.04124232
v -0.00703373 0.09519997 0.03961584
v -0.02955072 0.09519999 0.02903105
v -0.03229085 0.09519999 0.02594467
v -0.02681746 0.09519999 0.02998365
v -0.03952422 0.09520001 0.01235653
v -0.03869926 0.09519559 0.01066985
v -0.01785168 0.09519998 0.03738938
v -0.02406683 0.09519998 0.03372198
v -0.02283031 0.09519556 0.03304337
v -0.03204715 0.09518182 0.02408381
v -0.03724648 0.09520000 0.01810969
v -0.03655500 0.09520000 0.01676236
v -0.03579168 0.09520000 0.02084259
v -0.03888323 0.09175190 0.00540379
v -0.03480869 0.08769292 0.00522212
v -0.03910943 0.09218126 0.00674868
v -0.03510268 0.08769293 0.00255452
v -0.03674447 0.08937582 0.00314535
v -0.03676233 0.08937582 -0.00285462
v -0.03503025 0.08769293 -0.00334379
v -0.03726381 0.08991764 -0.00335313
v -0.01663459 0.08769290 0.03104936
v -0.01548859 0.09219997 0.03658994
v -0.01982347 0.09219998 0.03443247
v -0.01939972 0.08769290 0.02939906
v -0.02337669 0.09219998 0.03212366
v -0.02323600 0.08769290 0.02646755
v -0.02158086 0.08769290 0.02783537
v -0.02575389 0.09219999 0.03024898
v -0.02555470 0.08769290 0.02423303
v -0.02801361 0.09219999 0.02816651
v -0.03004604 0.09219999 0.02598447
v -0.02798816 0.08769291 0.02137146
v -0.03229208 0.09219999 0.02312951
v -0.03252357 0.08769292 0.01348059
v -0.03645318 0.09220000 0.01576034
v -0.03754542 0.09220001 0.01293678
v -0.03418893 0.08769292 0.00838208
v -0.03841933 0.09220001 0.01003820
v -0.03435824 0.08769295 -0.00758324
v -0.03915302 0.09216689 -0.00632858
v -0.03816215 0.09220003 -0.01090664
v -0.03260304 0.08769295 -0.01321481
v -0.03700219 0.09220004 -0.01434902
v -0.03125538 0.08769295 -0.01613940
v -0.03579843 0.09220004 -0.01712687
v -0.03468515 0.09220005 -0.01927804
v -0.02964604 0.08769295 -0.01892857
v -0.03344275 0.09220005 -0.02135732
v -0.02711679 0.08769297 -0.02239663
v -0.03209408 0.09220006 -0.02333197
v -0.03022479 0.09220006 -0.02570413
v -0.02457135 0.08769297 -0.02515908
v -0.02728137 0.09220006 -0.02880528
v -0.02132135 0.08769297 -0.02796300
v -0.01821563 0.08769297 -0.03007603
v -0.02453095 0.09220006 -0.03117818
v -0.02106426 0.09220006 -0.03361499
v -0.01441431 0.08769298 -0.03206963
v -0.01843872 0.09220006 -0.03512231
v -0.01570594 0.09220007 -0.03642516
v -0.01141938 0.08769298 -0.03325276
v -0.01345318 0.09220007 -0.03731510
v -0.00998281 0.09220007 -0.03838842
v -0.00780626 0.08769298 -0.03428027
v -0.00642886 0.09220007 -0.03914005
v -0.00250082 0.08769298 -0.03506799
v -0.00282109 0.09220007 -0.03956368
v -0.00040091 0.09220007 -0.03966201
v -0.03734693 0.09003869 0.00382527
v -0.03802266 0.09075495 0.00424519
v -0.03115853 0.08769291 0.01639711
v -0.03486330 0.09220000 0.01902649
v -0.03364030 0.09220000 0.02111724
v -0.02982116 0.08769291 0.01872390
v -0.01273528 0.08769289 0.03284378
v -0.01380002 0.09219997 0.03726027
v -0.00916569 0.09219997 0.03866341
v -0.00864653 0.08769289 0.03415015
v -0.00679299 0.09219997 0.03915048
v -0.00496123 0.08769289 0.03487742
v -0.00379260 0.09219997 0.03955439
v -0.00175579 0.08769289 0.03518504
v 0.00011818 0.09219997 0.03973579
v 0.00203057 0.08769298 -0.03509833
v -0.03880695 0.09161634 -0.00487399
v -0.03793877 0.09063847 -0.00386276
v -0.03910806 0.09470001 0.00676935
v -0.03904884 0.09470002 0.00593273
v -0.03842440 0.09478933 0.00463299
v -0.03724298 0.09503023 0.00364684
v -0.03890116 0.09520002 -0.00410569
v -0.04126380 0.09519826 -0.00334122
v -0.03959919 0.09519913 -0.00668366
v -0.04038926 0.09520003 -0.00905623
v 0.03810108 0.09520005 -0.01615872
v 0.04008922 0.09520003 -0.01029916
v 0.03891001 0.09520003 -0.01006606
v -0.03790801 0.09519561 -0.01314336
v -0.03858302 0.09520005 -0.01497438
v -0.03244451 0.09520005 -0.02568006
v -0.02824936 0.09520005 -0.03022844
v -0.02896938 0.09520005 -0.02783544
v -0.00629217 0.09520008 -0.04088309
v -0.00218668 0.09520008 -0.04130625
v -0.00772769 0.09520007 -0.03941429
v 0.04003526 0.09520002 -0.00408323
v 0.04119422 0.09520002 -0.00408668
v -0.03591491 0.09520005 -0.02055723
v -0.03089714 0.09520005 -0.02568186
v -0.03494027 0.09519563 -0.01970966
v -0.02342316 0.09520007 -0.03410076
v -0.01987167 0.09520007 -0.03490909
v -0.02351847 0.09520007 -0.03256652
v -0.01133137 0.09520007 -0.03978313
v -0.01398232 0.09520007 -0.03765402
v -0.01899669 0.09520007 -0.03674835
v 0.00304705 0.09515926 -0.03984998
v 0.00399948 0.09520008 -0.04117040
v 0.03471006 0.09520005 -0.02252887
v 0.03678431 0.09520005 -0.01896073
v 0.03286692 0.09520005 -0.02311151
v 0.02955072 0.09520005 -0.02895913
v 0.03229085 0.09520005 -0.02587274
v 0.03733428 0.09520005 -0.01487012
v 0.01208506 0.09520007 -0.03956090
v 0.01596758 0.09520007 -0.03816085
v 0.01826974 0.09520007 -0.03577265
v 0.02059319 0.09520007 -0.03587894
v 0.02379998 0.09520007 -0.03236158
v 0.02406683 0.09520007 -0.03365006
v 0.02870845 0.09520005 -0.02810413
v 0.00877581 0.09520007 -0.03919445
v 0.00808243 0.09520008 -0.04056742
v 0.00119155 0.08419999 0.02840331
v 0.00118802 0.08419999 0.02721605
v -0.00105188 0.08419999 0.02840999
v -0.00105542 0.08419999 0.02722273
v 0.00000508 0.08419999 0.02615590
v -0.00098974 0.08419999 0.02685494
v 0.00112126 0.08419999 0.02684901
v -0.00084466 0.08419999 0.02658672
v -0.00036231 0.08419999 0.02622376
v 0.00049214 0.08419999 0.02622142
v 0.00097538 0.08419999 0.02658171
v 0.00157375 0.08500002 0.02846210
v 0.00119155 0.08500002 0.02840332
v 0.00125632 0.08500002 0.02877391
v -0.00105189 0.08500001 0.02840999
v -0.00111445 0.08500001 0.02878097
v 0.00075979 0.08500002 0.02636665
v 0.00105792 0.08500002 0.02671011
v 0.00115524 0.08500002 0.02621634
v 0.00149140 0.08500002 0.02674165
v 0.00118802 0.08500002 0.02721605
v 0.00157004 0.08500002 0.02721492
v 0.00083724 0.08500002 0.02596869
v 0.00055355 0.08500002 0.02584550
v -0.00142624 0.08500001 0.02847103
v -0.00105542 0.08500001 0.02722273
v -0.00142995 0.08500001 0.02722385
v -0.00098975 0.08500001 0.02685494
v -0.00114702 0.08500001 0.02636592
v -0.00062967 0.08500002 0.02637045
v -0.00061343 0.08500001 0.02592287
v -0.00006440 0.08500002 0.02615864
v 0.00000398 0.08500002 0.02578512
v 0.00034551 0.08500002 0.02617896
v -0.00130932 0.08500001 0.02663635
v 0.00157004 0.08419999 0.02721492
v 0.00153446 0.08419999 0.02689116
v 0.00143285 0.08419999 0.02660172
v 0.00115698 0.08419999 0.02621810
v 0.00096493 0.08419999 0.02605203
v 0.00071637 0.08419999 0.02574275
v 0.00024511 0.08419999 0.02578895
v 0.00000398 0.08419999 0.02578511
v 0.00157375 0.08419999 0.02846210
v 0.00125633 0.08419999 0.02877391
v 0.00145064 0.08419999 0.02870958
v -0.00111445 0.08419999 0.02878097
v -0.00142623 0.08419999 0.02847103
v -0.00130676 0.08419999 0.02871710
v -0.00142995 0.08419999 0.02722385
v -0.00047100 0.08419999 0.02586355
v -0.00074716 0.08419999 0.02599750
v -0.00104150 0.08419999 0.02624216
v -0.00131148 0.08419999 0.02664115
v 0.00050307 0.08500002 0.02485104
v 0.00101308 0.08500002 0.02509400
v 0.00102858 0.08500002 0.02459330
v 0.00025214 0.08500002 0.02485179
v 0.00024601 0.08500002 0.02279187
v -0.00011865 0.08500002 0.02485289
v -0.00012478 0.08500001 0.02279298
v -0.00089633 0.08500001 0.02459984
v -0.00105704 0.08500001 0.02416280
v -0.00130374 0.08500001 0.02467282
v 0.00143988 0.08500002 0.02466466
v -0.00057257 0.08500001 0.02481961
v -0.00087440 0.08500001 0.02509962
v 0.00118265 0.08500002 0.02415613
v 0.00156468 0.08500002 0.02415499
v -0.00036473 0.08500002 0.02522441
v 0.00050418 0.08500002 0.02522183
v 0.00155984 0.08500002 0.02252953
v -0.00143640 0.08500001 0.02253845
v -0.00143157 0.08500001 0.02416391
v -0.00106187 0.08500001 0.02253734
v 0.00117782 0.08500002 0.02253067
v 0.00155984 0.08419999 0.02252953
v 0.00156468 0.08419999 0.02415499
v 0.00050418 0.08419999 0.02522183
v 0.00101309 0.08419999 0.02509400
v 0.00135787 0.08419999 0.02479425
v 0.00150224 0.08419999 0.02452454
v -0.00036473 0.08419999 0.02522441
v -0.00143156 0.08419999 0.02416391
v -0.00136692 0.08419999 0.02453308
v -0.00122096 0.08419999 0.02480193
v -0.00073427 0.08419999 0.02516197
v -0.00143640 0.08419999 0.02253845
v -0.00106187 0.08419999 0.02253734
v -0.00105703 0.08419999 0.02416280
v -0.00011865 0.08419999 0.02485289
v -0.00069375 0.08419999 0.02476728
v -0.00012478 0.08419999 0.02279297
v 0.00024601 0.08419999 0.02279187
v 0.00025214 0.08419999 0.02485179
v 0.00058058 0.08419999 0.02484509
v 0.00118266 0.08419999 0.02415613
v 0.00110110 0.08419999 0.02448371
v 0.00082875 0.08419999 0.02476220
v 0.00117782 0.08419999 0.02253067
v 0.00082115 0.08500002 0.02145803
v 0.00013401 0.08500002 0.02164414
v 0.00080893 0.08500002 0.02185111
v 0.00041988 0.08500002 0.02137735
v 0.00131788 0.08500002 0.02159219
v 0.00155161 0.08500002 0.02102393
v 0.00115086 0.08500002 0.02102513
v 0.00154620 0.08500002 0.01920746
v 0.00114546 0.08500002 0.01920866
v -0.00080578 0.08500002 0.01935347
v -0.00014880 0.08500002 0.01975558
v -0.00019285 0.08500002 0.01902810
v -0.00105891 0.08500002 0.01975829
v -0.00118394 0.08500002 0.01915152
v -0.00145217 0.08500002 0.01975946
v -0.00089277 0.08500002 0.01896794
v -0.00144666 0.08500002 0.02160964
v -0.00105340 0.08500002 0.02160847
v 0.00024445 0.08500002 0.01975441
v -0.00014501 0.08500002 0.02102898
v 0.00024825 0.08500002 0.02102781
v -0.00005096 0.08500002 0.02141022
v 0.00154621 0.08420000 0.01920746
v 0.00155161 0.08420000 0.02102393
v 0.00010017 0.08419999 0.02161252
v 0.00038046 0.08419999 0.02179646
v 0.00066368 0.08419999 0.02185748
v 0.00095099 0.08419999 0.02182015
v 0.00147861 0.08420000 0.02135114
v -0.00014501 0.08420000 0.02102898
v -0.00014880 0.08420000 0.01975558
v -0.00105891 0.08420000 0.01975829
v -0.00072314 0.08419999 0.01932529
v -0.00105340 0.08419999 0.02160847
v -0.00137335 0.08419999 0.02175468
v -0.00144666 0.08419999 0.02160964
v -0.00145216 0.08420000 0.01975946
v -0.00099756 0.08420000 0.01901364
v -0.00142822 0.08420000 0.01955301
v 0.00024446 0.08420000 0.01975441
v 0.00008460 0.08420000 0.01927239
v -0.00030020 0.08420000 0.01897923
v -0.00067210 0.08420000 0.01892634
v 0.00024825 0.08420000 0.02102781
v 0.00051013 0.08420000 0.02143287
v 0.00102072 0.08420000 0.02134012
v 0.00115087 0.08420000 0.02102512
v 0.00114546 0.08420000 0.01920865
v 0.00134380 0.08500002 0.01789720
v -0.00126667 0.08500002 0.01790497
v 0.00134490 0.08500002 0.01826798
v -0.00126557 0.08500002 0.01827575
v 0.00134491 0.08420000 0.01826798
v -0.00126557 0.08420000 0.01827575
v -0.00145714 0.08420000 0.01809093
v 0.00138028 0.08420000 0.01789818
v -0.00054885 0.08420000 0.01790283
v -0.00024846 0.08500002 0.01521653
v 0.00012694 0.08500002 0.01424912
v -0.00025133 0.08500002 0.01425024
v -0.00025243 0.08500002 0.01387946
v -0.00088779 0.08500002 0.01433454
v -0.00079709 0.08500002 0.01388968
v 0.00012982 0.08500002 0.01521541
v -0.00104216 0.08500001 0.01458878
v -0.00137620 0.08500001 0.01441828
v -0.00125207 0.08500001 0.01418911
v 0.00080842 0.08500002 0.01419091
v 0.00106448 0.08500002 0.01457327
v 0.00132333 0.08500002 0.01424219
v 0.00086348 0.08500002 0.01388624
v 0.00063228 0.08500002 0.01669469
v 0.00025772 0.08500002 0.01684994
v 0.00075363 0.08500002 0.01706177
v 0.00014647 0.08500002 0.01724173
v -0.00016728 0.08500002 0.01685352
v -0.00018661 0.08500002 0.01723104
v 0.00112003 0.08500002 0.01601016
v 0.00113539 0.08500002 0.01675244
v 0.00146406 0.08500002 0.01619444
v 0.00085584 0.08500002 0.01650064
v -0.00109153 0.08500001 0.01509170
v 0.00149809 0.08500002 0.01468035
v 0.00115173 0.08500002 0.01502510
v 0.00153375 0.08500002 0.01502396
v 0.00115378 0.08500002 0.01571423
v 0.00153580 0.08500002 0.01571310
v -0.00076677 0.08500002 0.01701290
v -0.00075389 0.08500002 0.01653639
v -0.00122295 0.08500002 0.01655304
v -0.00104458 0.08500002 0.01605065
v -0.00138586 0.08500001 0.01621636
v -0.00108965 0.08500002 0.01572091
v -0.00146418 0.08500001 0.01572203
v -0.00146606 0.08500001 0.01509282
v -0.00146418 0.08420000 0.01572203
v -0.00143450 0.08420000 0.01603539
v -0.00131497 0.08420000 0.01638981
v -0.00102465 0.08420000 0.01679750
v -0.00146605 0.08420000 0.01509281
v -0.00090699 0.08420000 0.01391554
v -0.00125206 0.08420000 0.01418911
v -0.00144469 0.08420000 0.01470931
v -0.00025243 0.08420000 0.01387946
v 0.00012695 0.08420000 0.01424912
v 0.00012982 0.08420000 0.01521541
v -0.00024845 0.08420000 0.01521653
v -0.00005877 0.08420000 0.01539950
v -0.00025133 0.08420000 0.01425024
v -0.00067455 0.08420000 0.01425150
v -0.00100645 0.08420000 0.01450247
v -0.00109152 0.08420000 0.01509170
v -0.00107472 0.08420000 0.01591372
v 0.00115378 0.08420000 0.01571423
v 0.00101992 0.08420000 0.01627094
v 0.00076657 0.08420000 0.01658969
v 0.00053215 0.08420000 0.01675394
v -0.00000358 0.08420000 0.01687050
v -0.00027979 0.08420000 0.01682695
v -0.00074808 0.08420000 0.01654220
v -0.00093501 0.08420000 0.01630455
v 0.00115173 0.08420000 0.01502510
v 0.00089136 0.08420000 0.01428238
v 0.00106448 0.08420000 0.01457327
v 0.00153375 0.08420000 0.01502396
v 0.00149810 0.08420000 0.01468034
v 0.00139713 0.08420000 0.01437891
v 0.00123376 0.08420000 0.01411341
v 0.00091717 0.08420000 0.01387167
v 0.00153581 0.08420000 0.01571310
v -0.00080926 0.08420000 0.01717560
v -0.00048697 0.08420000 0.01715582
v -0.00002051 0.08420000 0.01724486
v 0.00062452 0.08420000 0.01712655
v 0.00089582 0.08420000 0.01696934
v 0.00114303 0.08420000 0.01674402
v 0.00140715 0.08420000 0.01634312
v 0.00150291 0.08420000 0.01604694
v 0.00096564 0.08500002 0.01290205
v 0.00096674 0.08500002 0.01327283
v 0.00125795 0.08500002 0.01319690
v -0.00128155 0.08500002 0.01290874
v -0.00128044 0.08500002 0.01327952
v -0.00147216 0.08500002 0.01095770
v -0.00118508 0.08500002 0.01134290
v -0.00100628 0.08500002 0.01101652
v -0.00092495 0.08500002 0.01065673
v -0.00092606 0.08500002 0.01028594
v -0.00121534 0.08500002 0.01036182
v 0.00132972 0.08500002 0.01065002
v 0.00132862 0.08500002 0.01027923
v 0.00122577 0.08500002 0.01221588
v 0.00104697 0.08500002 0.01254600
v 0.00140502 0.08500002 0.01235409
v 0.00151938 0.08500003 0.01281054
v -0.00131602 0.08420001 0.01291243
v -0.00145388 0.08420001 0.01303223
v -0.00131494 0.08420001 0.01327603
v 0.00040727 0.08420001 0.01290371
v 0.00096564 0.08420001 0.01290205
v 0.00104698 0.08420001 0.01254600
v 0.00058070 0.08420001 0.01229467
v 0.00003829 0.08420001 0.01200230
v -0.00093529 0.08420001 0.01147753
v -0.00118508 0.08420001 0.01134290
v -0.00092605 0.08420001 0.01028594
v -0.00121534 0.08420001 0.01036182
v -0.00141215 0.08420001 0.01057314
v -0.00147216 0.08420001 0.01095769
v 0.00132862 0.08420001 0.01027923
v 0.00136521 0.08420001 0.01064756
v 0.00147641 0.08420001 0.01058428
v -0.00092495 0.08420001 0.01065673
v 0.00042262 0.08420001 0.01065272
v -0.00100628 0.08420001 0.01101652
v 0.00139917 0.08420001 0.01234738
v 0.00073906 0.08420001 0.01195435
v 0.00014313 0.08420001 0.01163414
v 0.00096674 0.08420001 0.01327283
v 0.00125795 0.08420001 0.01319690
v 0.00152763 0.08420001 0.01269878
v 0.00019978 0.08500002 0.00726011
v -0.00016488 0.08500002 0.00932113
v 0.00020591 0.08500002 0.00932002
v -0.00061880 0.08500002 0.00928784
v 0.00045795 0.08500002 0.00969006
v -0.00041096 0.08500002 0.00969265
v -0.00094256 0.08500002 0.00906807
v -0.00110327 0.08500002 0.00863103
v -0.00134997 0.08500002 0.00914106
v -0.00092063 0.08500002 0.00956785
v 0.00045684 0.08500002 0.00931928
v 0.00096685 0.08500002 0.00956223
v 0.00089047 0.08500002 0.00915549
v 0.00139365 0.08500002 0.00913289
v 0.00113642 0.08500002 0.00862437
v 0.00151844 0.08500002 0.00862323
v -0.00017101 0.08500002 0.00726121
v 0.00151361 0.08500002 0.00699777
v -0.00148263 0.08500002 0.00700669
v -0.00147780 0.08500002 0.00863215
v -0.00110810 0.08500002 0.00700557
v 0.00113159 0.08500002 0.00699890
v 0.00151361 0.08420001 0.00699777
v 0.00151845 0.08420001 0.00862323
v 0.00045795 0.08420001 0.00969006
v 0.00096686 0.08420001 0.00956223
v 0.00139365 0.08420001 0.00913289
v -0.00041096 0.08420001 0.00969265
v -0.00147779 0.08420001 0.00863215
v -0.00141315 0.08420001 0.00900131
v -0.00126719 0.08420001 0.00927016
v -0.00078050 0.08420001 0.00963020
v -0.00148263 0.08420001 0.00700669
v -0.00110810 0.08420001 0.00700557
v -0.00110326 0.08420001 0.00863103
v -0.00016488 0.08420001 0.00932113
v -0.00073998 0.08420001 0.00923552
v -0.00017101 0.08420001 0.00726121
v 0.00019978 0.08420001 0.00726011
v 0.00007782 0.08420001 0.00708083
v 0.00020591 0.08420001 0.00932002
v 0.00113643 0.08420001 0.00862437
v 0.00078252 0.08420001 0.00923043
v 0.00113159 0.08420001 0.00699890
v 0.00127417 0.08420001 0.00682702
v 0.00112463 0.08420001 0.00592027
v 0.00112110 0.08420001 0.00473301
v -0.00111880 0.08420001 0.00592695
v -0.00112234 0.08420001 0.00473969
v -0.00006184 0.08420002 0.00367285
v -0.00105666 0.08420002 0.00437189
v 0.00099100 0.08420002 0.00422707
v -0.00091158 0.08420002 0.00410367
v -0.00042923 0.08420002 0.00374072
v 0.00056427 0.08420002 0.00380136
v 0.00150683 0.08500002 0.00597906
v 0.00112463 0.08500002 0.00592027
v 0.00118940 0.08500002 0.00629086
v -0.00111881 0.08500002 0.00592695
v -0.00118137 0.08500002 0.00629792
v 0.00099100 0.08500003 0.00422707
v 0.00112110 0.08500002 0.00473301
v 0.00142448 0.08500003 0.00425860
v 0.00150312 0.08500002 0.00473187
v -0.00149316 0.08500002 0.00598799
v -0.00112234 0.08500002 0.00473969
v -0.00149687 0.08500002 0.00474080
v -0.00105667 0.08500002 0.00437189
v 0.00069287 0.08500002 0.00388360
v 0.00108832 0.08500003 0.00373329
v -0.00137624 0.08500002 0.00415330
v -0.00121394 0.08500002 0.00388287
v -0.00069659 0.08500002 0.00388740
v 0.00077032 0.08500002 0.00348564
v 0.00048663 0.08500002 0.00336246
v -0.00068035 0.08500002 0.00343982
v -0.00013132 0.08500002 0.00367559
v -0.00006294 0.08500002 0.00330207
v 0.00027859 0.08500002 0.00369591
v 0.00150312 0.08420001 0.00473187
v 0.00136593 0.08420002 0.00411867
v 0.00089801 0.08420002 0.00356898
v 0.00062336 0.08420002 0.00341213
v 0.00017819 0.08420002 0.00330591
v 0.00150683 0.08420001 0.00597906
v 0.00118941 0.08420001 0.00629086
v -0.00118137 0.08420001 0.00629792
v -0.00149315 0.08420001 0.00598799
v -0.00137368 0.08420001 0.00623405
v -0.00149687 0.08420001 0.00474080
v -0.00053792 0.08420002 0.00338051
v -0.00094384 0.08420002 0.00360719
v -0.00121712 0.08420002 0.00388705
v -0.00143104 0.08420002 0.00429621
v -0.00020018 0.08420002 -0.00128181
v -0.00113496 0.08420002 0.00050000
v -0.00019489 0.08420002 0.00049721
v -0.00114025 0.08420002 -0.00127901
v -0.00026572 0.08420002 -0.00152170
v -0.00072577 0.08420002 -0.00174903
v 0.00110318 0.08420002 -0.00128569
v 0.00017590 0.08420002 0.00049610
v 0.00110848 0.08420002 0.00049333
v 0.00017060 0.08420002 -0.00128292
v 0.00103943 0.08420002 -0.00152529
v 0.00058149 0.08420002 -0.00175292
v 0.00103943 0.08500002 -0.00152529
v 0.00091705 0.08500002 -0.00208184
v 0.00068950 0.08500002 -0.00175324
v 0.00110848 0.08500002 0.00049333
v 0.00017590 0.08500002 0.00049610
v 0.00117325 0.08500002 0.00086392
v -0.00119753 0.08500002 0.00087098
v -0.00001825 0.08500002 -0.00181419
v 0.00023293 0.08500002 -0.00152289
v -0.00150729 0.08500002 -0.00127792
v -0.00150182 0.08500002 0.00056102
v -0.00114025 0.08500002 -0.00127901
v -0.00113496 0.08500002 0.00050000
v 0.00148319 0.08500003 0.00055214
v 0.00049517 0.08500002 -0.00211743
v -0.00019489 0.08500002 0.00049721
v 0.00017060 0.08500002 -0.00128292
v -0.00020018 0.08500002 -0.00128181
v -0.00061745 0.08500002 -0.00174936
v -0.00092797 0.08500002 -0.00167536
v -0.00095414 0.08500002 -0.00207744
v -0.00138691 0.08500002 -0.00172271
v -0.00039458 0.08500002 -0.00208010
v 0.00126798 0.08500002 -0.00184498
v 0.00147771 0.08500002 -0.00128681
v 0.00110318 0.08500002 -0.00128569
v 0.00147771 0.08420002 -0.00128681
v 0.00145825 0.08420002 0.00067824
v 0.00117325 0.08420002 0.00086392
v -0.00119752 0.08420002 0.00087098
v -0.00150182 0.08420002 0.00056102
v -0.00150729 0.08420002 -0.00127792
v -0.00004330 0.08420002 -0.00184394
v -0.00053258 0.08420002 -0.00211547
v -0.00095414 0.08420002 -0.00207744
v -0.00138691 0.08420002 -0.00172271
v 0.00135278 0.08420002 -0.00173046
v 0.00091705 0.08420002 -0.00208184
v 0.00035731 0.08420002 -0.00208141
v 0.00141315 0.08500002 -0.00284467
v -0.00050742 0.08500002 -0.00383896
v 0.00118181 0.08500002 -0.00255185
v -0.00014845 0.08500002 -0.00403479
v -0.00133254 0.08500002 -0.00422228
v 0.00140229 0.08500003 -0.00523417
v -0.00050860 0.08500002 -0.00423596
v 0.00116547 0.08500003 -0.00552560
v -0.00133142 0.08500002 -0.00384774
v 0.00118181 0.08420002 -0.00255185
v 0.00148785 0.08420002 -0.00269160
v -0.00050742 0.08420002 -0.00383896
v -0.00133142 0.08420002 -0.00384775
v -0.00133253 0.08420002 -0.00422228
v -0.00050860 0.08420002 -0.00423596
v 0.00116547 0.08420003 -0.00552560
v 0.00145627 0.08420003 -0.00545057
v 0.00139532 0.08420003 -0.00552777
v 0.00140229 0.08420003 -0.00523417
v -0.00014845 0.08420002 -0.00403479
v 0.00065790 0.08420003 -0.00465843
v 0.00145040 0.08420002 -0.00281175
v 0.00036817 0.08420002 -0.00364106
v -0.00032704 0.08500002 -0.01118410
v -0.00032593 0.08500002 -0.01081331
v 0.00005234 0.08500002 -0.01081444
v -0.00032306 0.08500002 -0.00984703
v 0.00005522 0.08500002 -0.00984815
v -0.00096239 0.08500002 -0.01072902
v -0.00087169 0.08500002 -0.01117388
v -0.00111676 0.08500002 -0.01047478
v -0.00145080 0.08500002 -0.01064528
v -0.00132667 0.08500002 -0.01087444
v 0.00073382 0.08500002 -0.01087265
v 0.00098988 0.08500003 -0.01049029
v 0.00124873 0.08500003 -0.01082137
v 0.00078888 0.08500002 -0.01117732
v 0.00055768 0.08500003 -0.00836887
v 0.00018312 0.08500002 -0.00821362
v 0.00067902 0.08500003 -0.00800179
v 0.00007187 0.08500002 -0.00782183
v -0.00024188 0.08500002 -0.00821004
v -0.00026121 0.08500002 -0.00783252
v 0.00104543 0.08500003 -0.00905340
v 0.00106078 0.08500003 -0.00831111
v 0.00138946 0.08500003 -0.00886912
v 0.00078124 0.08500003 -0.00856292
v -0.00116613 0.08500002 -0.00997186
v 0.00142349 0.08500003 -0.01038321
v 0.00107713 0.08500003 -0.01003846
v 0.00145915 0.08500003 -0.01003960
v 0.00107918 0.08500003 -0.00934933
v 0.00146120 0.08500003 -0.00935046
v -0.00084137 0.08500002 -0.00805066
v -0.00082849 0.08500002 -0.00852716
v -0.00129755 0.08500002 -0.00851052
v -0.00111919 0.08500002 -0.00901291
v -0.00146046 0.08500002 -0.00884720
v -0.00116426 0.08500002 -0.00934265
v -0.00153879 0.08500002 -0.00934153
v -0.00154066 0.08500002 -0.00997074
v -0.00153878 0.08420003 -0.00934153
v -0.00146046 0.08420003 -0.00884720
v -0.00129754 0.08420003 -0.00851052
v -0.00109925 0.08420003 -0.00826606
v -0.00154066 0.08420003 -0.00997075
v -0.00075025 0.08420003 -0.01118284
v -0.00116238 0.08420003 -0.01105145
v -0.00146390 0.08420003 -0.01060768
v -0.00153632 0.08420003 -0.01016198
v -0.00032703 0.08420003 -0.01118410
v 0.00005235 0.08420003 -0.01081444
v -0.00009650 0.08420003 -0.01110713
v 0.00005522 0.08420003 -0.00984815
v -0.00032305 0.08420003 -0.00984703
v -0.00019632 0.08420003 -0.00967464
v -0.00032593 0.08420003 -0.01081332
v -0.00074915 0.08420003 -0.01081206
v -0.00108106 0.08420003 -0.01056109
v -0.00116613 0.08420003 -0.00997186
v -0.00116425 0.08420003 -0.00934265
v 0.00107918 0.08420003 -0.00934933
v 0.00094532 0.08420003 -0.00879262
v 0.00057710 0.08420003 -0.00838213
v 0.00020358 0.08420003 -0.00821787
v -0.00022061 0.08420003 -0.00820644
v -0.00071364 0.08420003 -0.00842455
v -0.00100961 0.08420003 -0.00875901
v 0.00107713 0.08420003 -0.01003846
v 0.00081676 0.08420003 -0.01078118
v 0.00098988 0.08420003 -0.01049029
v 0.00145915 0.08420003 -0.01003960
v 0.00138083 0.08420004 -0.01053899
v 0.00124873 0.08420003 -0.01082137
v 0.00094502 0.08420003 -0.01116763
v 0.00068635 0.08420003 -0.01106378
v 0.00145376 0.08420003 -0.00918562
v -0.00084125 0.08420003 -0.00805058
v -0.00056157 0.08420003 -0.00790774
v -0.00041300 0.08420003 -0.00786172
v 0.00007462 0.08420003 -0.00782202
v 0.00024001 0.08420003 -0.00784277
v 0.00054992 0.08420003 -0.00793701
v 0.00082122 0.08420003 -0.00809421
v 0.00106843 0.08420003 -0.00831954
v 0.00133254 0.08420003 -0.00872044
v 0.00090922 0.08500003 -0.01359977
v 0.00146373 0.08500004 -0.01344079
v 0.00106549 0.08500003 -0.01394856
v 0.00090719 0.08500002 -0.01302673
v 0.00142903 0.08500003 -0.01307145
v 0.00106176 0.08500002 -0.01268637
v -0.00144614 0.08500002 -0.01470513
v -0.00128236 0.08500002 -0.01504644
v -0.00143423 0.08500002 -0.01196358
v -0.00127591 0.08500002 -0.01162323
v -0.00143423 0.08420003 -0.01196358
v 0.00090719 0.08420003 -0.01302673
v 0.00090923 0.08420004 -0.01359978
v -0.00145362 0.08420005 -0.01470511
v -0.00128235 0.08420005 -0.01504644
v -0.00153700 0.08420004 -0.01495341
v 0.00106549 0.08420004 -0.01394856
v 0.00106176 0.08420003 -0.01268637
v 0.00137391 0.08420004 -0.01295923
v 0.00146300 0.08420004 -0.01319177
v 0.00130216 0.08420005 -0.01377472
v -0.00127591 0.08420003 -0.01162323
v -0.00154286 0.08420003 -0.01177638
v -0.00075128 0.08500002 -0.01592538
v -0.00042972 0.08500003 -0.01548344
v -0.00043082 0.08500003 -0.01585422
v 0.00124443 0.08500003 -0.01548842
v 0.00124333 0.08500003 -0.01585921
v -0.00096550 0.08500002 -0.01562013
v -0.00111281 0.08500002 -0.01628476
v -0.00133071 0.08500002 -0.01593374
v -0.00156040 0.08500002 -0.01660367
v -0.00118587 0.08500002 -0.01660479
v -0.00118976 0.08500002 -0.01791190
v -0.00156429 0.08500002 -0.01791078
v -0.00156040 0.08420005 -0.01660367
v -0.00148666 0.08420004 -0.01621577
v -0.00133070 0.08420004 -0.01593374
v -0.00081829 0.08420004 -0.01555357
v -0.00042972 0.08420005 -0.01548344
v -0.00156429 0.08420005 -0.01791079
v -0.00118976 0.08420005 -0.01791190
v -0.00118587 0.08420005 -0.01660479
v -0.00043082 0.08420005 -0.01585422
v -0.00075128 0.08420005 -0.01592538
v 0.00124333 0.08420005 -0.01585921
v 0.00124443 0.08420005 -0.01548842
v -0.00025792 0.08420005 -0.02067873
v -0.00119269 0.08420005 -0.01889692
v -0.00025262 0.08420005 -0.01889971
v -0.00119799 0.08420005 -0.02067593
v -0.00032346 0.08420005 -0.02091862
v -0.00078351 0.08420005 -0.02114595
v 0.00104545 0.08420005 -0.02068261
v 0.00011816 0.08420005 -0.01890082
v 0.00105074 0.08420005 -0.01890359
v 0.00011287 0.08420005 -0.02067984
v 0.00023964 0.08420004 -0.02100649
v 0.00073696 0.08420005 -0.02112562
v 0.00063177 0.08500003 -0.02115016
v -0.00007598 0.08500002 -0.02121111
v 0.00017519 0.08500002 -0.02091981
v 0.00142545 0.08500003 -0.01884478
v 0.00105074 0.08500003 -0.01890359
v 0.00111552 0.08500003 -0.01853300
v 0.00011816 0.08500003 -0.01890082
v -0.00125526 0.08500002 -0.01852594
v -0.00098571 0.08500002 -0.02107227
v -0.00144465 0.08500002 -0.02111963
v -0.00119799 0.08500002 -0.02067593
v -0.00156503 0.08500002 -0.02067484
v -0.00155955 0.08500002 -0.01883590
v -0.00119269 0.08500002 -0.01889691
v -0.00101188 0.08500002 -0.02147435
v -0.00067519 0.08500002 -0.02114627
v -0.00025262 0.08500002 -0.01889971
v 0.00011287 0.08500002 -0.02067983
v -0.00025792 0.08500002 -0.02067873
v 0.00098169 0.08500003 -0.02092221
v 0.00141998 0.08500003 -0.02068372
v 0.00121024 0.08500003 -0.02124190
v 0.00104545 0.08500003 -0.02068261
v -0.00045231 0.08500002 -0.02147701
v 0.00043744 0.08500003 -0.02151434
v 0.00085932 0.08500003 -0.02147876
v 0.00141998 0.08420005 -0.02068372
v 0.00142545 0.08420005 -0.01884478
v 0.00111552 0.08420005 -0.01853300
v -0.00125526 0.08420005 -0.01852594
v -0.00155955 0.08420005 -0.01883590
v -0.00156503 0.08420005 -0.02067484
v -0.00005099 0.08420005 -0.02124093
v -0.00059031 0.08420005 -0.02151239
v -0.00101187 0.08420005 -0.02147435
v -0.00125879 0.08420005 -0.02133424
v -0.00144465 0.08420005 -0.02111963
v -0.00154805 0.08420005 -0.02085523
v 0.00129504 0.08420005 -0.02112738
v 0.00085932 0.08420005 -0.02147876
v 0.00057941 0.08420005 -0.02152654
v 0.00102684 0.08420005 -0.02415365
v -0.00120636 0.08420005 -0.02348865
v 0.00103256 0.08420005 -0.02334856
v 0.00073975 0.08420005 -0.02272587
v -0.00106426 0.08420005 -0.02294463
v -0.00077686 0.08420005 -0.02261101
v -0.00120784 0.08420005 -0.02398678
v -0.00115983 0.08420005 -0.02431134
v 0.00096496 0.08420005 -0.02307818
v 0.00014048 0.08420005 -0.02238453
v -0.00054263 0.08420005 -0.02246357
v -0.00091156 0.08420005 -0.02474666
v -0.00065006 0.08420005 -0.02495712
v 0.00092785 0.08420005 -0.02447439
v 0.00047580 0.08420005 -0.02496047
v -0.00000342 0.08420005 -0.02510708
v -0.00151215 0.08500002 -0.02447191
v -0.00120784 0.08500003 -0.02398678
v -0.00109922 0.08500003 -0.02446835
v -0.00158247 0.08500002 -0.02401937
v -0.00128695 0.08500002 -0.02488704
v -0.00078872 0.08500003 -0.02486171
v 0.00016307 0.08500003 -0.02508243
v 0.00076505 0.08500003 -0.02522541
v 0.00033610 0.08500003 -0.02542625
v 0.00061501 0.08500003 -0.02486589
v 0.00084360 0.08500003 -0.02462009
v 0.00103934 0.08500004 -0.02399347
v 0.00120825 0.08500004 -0.02476138
v -0.00033807 0.08500003 -0.02508094
v -0.00063667 0.08500003 -0.02538088
v -0.00015823 0.08500003 -0.02547915
v -0.00158077 0.08500002 -0.02344634
v -0.00106427 0.08500003 -0.02294463
v -0.00120636 0.08500003 -0.02348865
v -0.00144199 0.08500003 -0.02283904
v 0.00141214 0.08500004 -0.02416431
v 0.00104082 0.08500004 -0.02349534
v 0.00142284 0.08500004 -0.02349648
v -0.00041572 0.08500003 -0.02241457
v -0.00090849 0.08500002 -0.02223563
v -0.00062677 0.08500002 -0.02208973
v -0.00077686 0.08500003 -0.02261101
v 0.00134846 0.08500004 -0.02301605
v 0.00090670 0.08500004 -0.02295474
v 0.00101040 0.08500004 -0.02246423
v 0.00063947 0.08500004 -0.02262869
v 0.00040488 0.08500003 -0.02247220
v 0.00047956 0.08500002 -0.02209754
v -0.00015471 0.08500002 -0.02199532
v -0.00115852 0.08500003 -0.02244424
v 0.00142136 0.08420005 -0.02399461
v 0.00142284 0.08420005 -0.02349648
v -0.00158077 0.08420005 -0.02344634
v -0.00154501 0.08420005 -0.02312868
v -0.00144199 0.08420005 -0.02283904
v -0.00103711 0.08420005 -0.02233198
v -0.00047693 0.08420004 -0.02204203
v -0.00000053 0.08420004 -0.02199585
v 0.00062169 0.08420005 -0.02216381
v 0.00088562 0.08420005 -0.02234552
v 0.00101040 0.08420005 -0.02246423
v 0.00121521 0.08420005 -0.02272960
v 0.00134846 0.08420005 -0.02301605
v -0.00158247 0.08420005 -0.02401937
v 0.00138564 0.08420006 -0.02432640
v 0.00128355 0.08420006 -0.02462382
v 0.00100671 0.08420006 -0.02501862
v 0.00076505 0.08420006 -0.02522541
v 0.00033610 0.08420006 -0.02542625
v -0.00032554 0.08420005 -0.02546318
v -0.00063667 0.08420005 -0.02538088
v -0.00091628 0.08420005 -0.02523391
v -0.00117367 0.08420005 -0.02501679
v -0.00138056 0.08420005 -0.02475279
v -0.00155215 0.08420005 -0.02432391
v 0.00141156 0.08500004 -0.02602829
v 0.00140410 0.08500003 -0.02853390
v 0.00102637 0.08500003 -0.02709082
v 0.00102527 0.08500003 -0.02746161
v -0.00141292 0.08500002 -0.02745435
v -0.00141182 0.08500002 -0.02708356
v 0.00102954 0.08500003 -0.02602715
v 0.00102208 0.08500003 -0.02853276
v 0.00140410 0.08420005 -0.02853390
v 0.00141156 0.08420005 -0.02602829
v 0.00102954 0.08420005 -0.02602716
v 0.00115788 0.08420005 -0.02585468
v 0.00102638 0.08420005 -0.02709082
v -0.00146262 0.08420005 -0.02709553
v -0.00141292 0.08420005 -0.02745435
v -0.00158507 0.08420005 -0.02731972
v 0.00102527 0.08420005 -0.02746161
v 0.00102968 0.08420005 -0.02857321
v 0.00131220 0.08420005 -0.02868186
v 0.00106145 0.08420005 -0.02863492
v 0.00839262 0.08462635 -0.02660505
v 0.00492714 0.08420005 -0.02444909
v 0.00495950 0.08420005 -0.01357852
v 0.00491677 0.08420005 -0.02796320
v 0.00503359 0.08420004 0.01131507
v 0.01786285 0.08577167 0.02125687
v 0.02199203 0.08628029 0.01687612
v 0.00953770 0.08474765 0.02613645
v 0.00508291 0.08419999 0.02800542
v 0.00498395 0.08420005 -0.00536459
v 0.02560812 0.08673427 -0.01040879
v 0.02740728 0.08695009 0.00356253
v 0.02691003 0.08688800 0.00634636
v 0.02686267 0.08688688 -0.00647369
v 0.02408230 0.08654810 -0.01359981
v 0.02337621 0.08645098 0.01486667
v 0.02474175 0.08661955 0.01241952
v 0.02759713 0.08697517 -0.00132073
v 0.00499639 0.08420004 -0.00118444
v 0.02738046 0.08694944 -0.00369367
v 0.01357757 0.08524439 0.02425910
v 0.02626208 0.08680759 0.00868170
v 0.01409504 0.08532555 -0.02388507
v 0.01707318 0.08569047 -0.02183215
v 0.01947768 0.08598493 -0.01969176
v 0.02186695 0.08627731 -0.01696675
v 0.01321469 0.08473738 0.02449174
v 0.01584049 0.08473005 0.02289232
v 0.01780373 0.08472458 0.02141275
v 0.02048411 0.08471710 0.01888701
v 0.02169257 0.08471373 0.01749812
v 0.02413469 0.08470690 0.01397264
v 0.02600279 0.08470168 0.01011718
v 0.02696062 0.08469899 0.00721156
v 0.02749163 0.08469749 0.00482287
v 0.02790157 0.08469632 -0.00065855
v 0.02765547 0.08469698 -0.00370582
v 0.02674835 0.08469947 -0.00788782
v 0.02552369 0.08470286 -0.01119226
v 0.02340388 0.08470874 -0.01508473
v 0.02078757 0.08471599 -0.01848472
v 0.01814855 0.08472332 -0.02105274
v 0.01570451 0.08473012 -0.02291407
v 0.01306926 0.08473743 -0.02449786
v -0.00504327 0.08420001 -0.01450159
v -0.00504900 0.08420001 -0.01642877
v -0.00953825 0.08474769 -0.02606436
v -0.00505777 0.08420001 -0.01937627
v -0.00506932 0.08420002 -0.02325423
v -0.00508360 0.08420005 -0.02793338
v -0.02140637 0.08620796 -0.01755229
v -0.02381548 0.08650503 -0.01406861
v -0.02762542 0.08697815 0.00054339
v -0.02722677 0.08693074 0.00477033
v -0.00501211 0.08420000 -0.00403468
v -0.00496936 0.08420000 0.01032870
v -0.02668193 0.08686476 0.00725971
v -0.01654272 0.08560909 -0.02224252
v -0.01223189 0.08507884 -0.02490218
v -0.02725454 0.08693077 -0.00453582
v -0.02672457 0.08686478 -0.00702841
v -0.02566992 0.08673411 -0.01025591
v -0.02373087 0.08650500 0.01428241
v -0.02560803 0.08673409 0.01048085
v -0.00491666 0.08419999 0.02803512
v -0.01357745 0.08526199 0.02425814
v -0.00839244 0.08462626 0.02667702
v -0.01911707 0.08592597 -0.02004743
v -0.02130101 0.08620792 0.01775165
v -0.01899686 0.08592593 0.02023308
v -0.01640945 0.08560903 0.02241276
v -0.01321523 0.08473743 -0.02441953
v -0.01584098 0.08473011 -0.02282006
v -0.01780416 0.08472463 -0.02134045
v -0.02089751 0.08471599 -0.01836054
v -0.02413492 0.08470694 -0.01390027
v -0.02553063 0.08470303 -0.01117483
v -0.02642466 0.08470052 -0.00889524
v -0.02749167 0.08469751 -0.00475050
v -0.02790152 0.08469632 0.00073089
v -0.02765537 0.08469697 0.00377813
v -0.02721645 0.08469816 0.00618510
v -0.02594229 0.08470168 0.01027173
v -0.02465219 0.08470524 0.01304779
v -0.02234721 0.08471162 0.01666277
v -0.02078733 0.08471595 0.01855684
v -0.01861153 0.08472198 0.02072118
v -0.01670654 0.08472726 0.02227371
v -0.01196846 0.08474043 0.02512127
v -0.00106674 0.08419998 0.03481960
v -0.00370965 0.09219997 0.04267489
v -0.00035171 0.09219997 0.04283452
v -0.00572637 0.08419998 0.03436158
v -0.00751684 0.09219997 0.04217071
v -0.00986679 0.09219997 0.04168313
v -0.00915818 0.08419998 0.03360927
v -0.01264610 0.09219997 0.04092503
v -0.01139588 0.08419998 0.03291716
v -0.01536811 0.09219997 0.03998169
v -0.01670424 0.09219997 0.03944165
v -0.01535677 0.08419998 0.03126430
v -0.01974412 0.09219997 0.03800977
v -0.01875678 0.08419999 0.02934846
v -0.02306869 0.09219997 0.03608698
v -0.02544162 0.09219998 0.03445346
v -0.02130890 0.08419999 0.02754905
v -0.02733155 0.09219998 0.03297266
v -0.02311147 0.08419999 0.02605325
v -0.03051262 0.09219999 0.03004962
v -0.02613861 0.08419999 0.02301013
v -0.03277340 0.09219999 0.02756312
v -0.03510898 0.09219999 0.02451452
v -0.02854655 0.08420000 0.01993907
v -0.03021573 0.08420000 0.01730006
v -0.03667610 0.09220000 0.02209732
v -0.03785558 0.09220000 0.02000581
v -0.03130863 0.08420000 0.01522837
v -0.03891557 0.09220000 0.01785219
v -0.03211139 0.08420000 0.01344858
v -0.03985352 0.09220000 0.01564162
v -0.03294093 0.08420001 0.01125802
v -0.04081306 0.09220001 0.01292527
v -0.03390429 0.08420001 0.00788064
v -0.04180417 0.09220001 0.00921480
v -0.03452248 0.08420001 0.00442210
v -0.04232695 0.09220001 0.00638178
v -0.04261609 0.09220002 0.00399940
v -0.03473934 0.08420002 0.00208979
v -0.04279856 0.09220003 -0.00031575
v -0.03478365 0.08420002 -0.00103079
v -0.04263893 0.09220003 -0.00367369
v -0.03432563 0.08420003 -0.00569042
v -0.04213475 0.09220003 -0.00748088
v -0.03357332 0.08420003 -0.00912223
v -0.04153366 0.09220003 -0.01029822
v -0.04088907 0.09220003 -0.01261014
v -0.03288121 0.08420003 -0.01135993
v -0.03994573 0.09220004 -0.01533215
v -0.03940569 0.09220004 -0.01666828
v -0.03122835 0.08420005 -0.01532082
v -0.03797380 0.09220005 -0.01970816
v -0.03605102 0.09220006 -0.02303272
v -0.02931251 0.08420005 -0.01872083
v -0.02751310 0.08420005 -0.02127295
v -0.03441750 0.09220006 -0.02540566
v -0.03293670 0.09220006 -0.02729559
v -0.02601730 0.08420005 -0.02307552
v -0.03001366 0.09220006 -0.03047666
v -0.02297418 0.08420005 -0.02610266
v -0.02752716 0.09220006 -0.03273744
v -0.02447856 0.09220006 -0.03507302
v -0.01990313 0.08420005 -0.02851060
v -0.01726411 0.08420005 -0.03017979
v -0.02206136 0.09220007 -0.03664014
v -0.01996985 0.09220007 -0.03781962
v -0.01519242 0.08420006 -0.03127268
v -0.01649599 0.09220007 -0.03945736
v -0.01232478 0.08420007 -0.03250848
v -0.01288931 0.09220008 -0.04077710
v -0.00784469 0.08420007 -0.03386834
v -0.00917884 0.09220008 -0.04176821
v -0.00438615 0.08420007 -0.03448653
v -0.00634582 0.09220008 -0.04229099
v -0.00396344 0.09220008 -0.04258013
v -0.00205384 0.08420007 -0.03470339
v -0.00060650 0.09220008 -0.04275974
v 0.00106674 0.08420007 -0.03474770
v 0.00200677 0.08420005 -0.01441938
v 0.00149956 0.08420003 -0.01263828
v 0.00829107 0.08419999 0.02722660
v 0.00784469 0.08419998 0.03394024
v 0.00438615 0.08419998 0.03455843
v 0.00205384 0.08419998 0.03477529
v 0.01519242 0.08419998 0.03134458
v 0.01726411 0.08419999 0.03025168
v 0.01341263 0.08419998 0.03214734
v 0.01122207 0.08419998 0.03297688
v 0.01722274 0.08419999 0.02268361
v 0.02208142 0.08419999 0.02693299
v 0.02384080 0.08419999 0.02538662
v 0.01351675 0.08419999 0.02505473
v 0.01990313 0.08419999 0.02858250
v 0.02257746 0.08420000 0.01740890
v 0.02601730 0.08419999 0.02314742
v 0.02751310 0.08420000 0.02134485
v 0.02931251 0.08420000 0.01879273
v 0.03069368 0.08420000 0.01643528
v 0.03204014 0.08420000 0.01361790
v 0.02468431 0.08420000 0.01429349
v 0.02659476 0.08420001 0.01034928
v 0.03324626 0.08420001 0.01031829
v 0.02811735 0.08420001 0.00493309
v 0.03395039 0.08420001 0.00767865
v 0.02847739 0.08420002 -0.00192463
v 0.03478365 0.08420002 0.00110269
v 0.03454798 0.08420002 0.00421649
v 0.03473934 0.08420002 -0.00201789
v 0.02783606 0.08420003 -0.00625434
v 0.03452248 0.08420002 -0.00435020
v 0.03390429 0.08420003 -0.00780874
v 0.02653306 0.08420003 -0.01043509
v 0.03294093 0.08420003 -0.01118612
v 0.03211139 0.08420003 -0.01337668
v 0.02322800 0.08420005 -0.01646775
v 0.03021573 0.08420005 -0.01722816
v 0.02854655 0.08420005 -0.01986718
v 0.03130863 0.08420005 -0.01515647
v 0.01639933 0.08420005 -0.03065773
v 0.01708797 0.08420005 -0.02271356
v 0.02311147 0.08420005 -0.02598135
v 0.02613861 0.08420005 -0.02293823
v 0.01875678 0.08420005 -0.02927656
v 0.02130890 0.08420005 -0.02747715
v 0.00764270 0.08420007 -0.03391444
v 0.01358195 0.08420006 -0.03200419
v 0.01028234 0.08420007 -0.03321030
v 0.00418054 0.08420007 -0.03451203
v -0.01351730 0.08420005 -0.02498251
v -0.00829171 0.08420005 -0.02715449
v -0.01722320 0.08420005 -0.02261132
v -0.02257777 0.08420005 -0.01733653
v -0.02659489 0.08420003 -0.01027688
v -0.02468454 0.08420004 -0.01422111
v -0.02811738 0.08420003 -0.00486071
v -0.02847731 0.08420002 0.00199697
v -0.02783591 0.08420001 0.00632663
v -0.02653286 0.08420001 0.01050734
v -0.02322776 0.08420000 0.01653991
v -0.02040054 0.08420000 0.01989791
v -0.01708772 0.08419999 0.02278562
v -0.01336773 0.08419999 0.02513465
v -0.00992166 0.08419999 0.02667682
v -0.00353026 0.08419999 0.02453341
v 0.00311560 0.08420005 -0.02092328
v 0.00209496 0.08420005 -0.01733926
v 0.00131921 0.08420005 -0.01461518
v -0.00194279 0.08420002 -0.00316055
v -0.00156003 0.08420000 0.01761487
v 0.00992188 0.08420005 -0.02660486
v 0.01336798 0.08420005 -0.02506265
v 0.02040080 0.08420005 -0.01982581
v -0.00125522 0.08420002 -0.00296475
v 0.00006825 0.08420002 -0.00258786
v 0.00261065 0.08420002 0.00296933
v -0.00120487 0.08420002 0.00188276
v -0.00252835 0.08420002 0.00150587
v -0.00189035 0.08420002 0.00428984
v 0.00192518 0.08420001 0.00537641
v 0.00059403 0.08420001 0.01005079
v 0.00250392 0.08420001 0.00554122
v 0.00117277 0.08420001 0.01021560
v 0.00285863 0.08420000 0.01822012
v -0.00138801 0.08420000 0.01701078
v -0.00098129 0.08420000 0.01777968
v -0.00511271 0.09419997 0.04252949
v 0.00012741 0.09419997 0.04283577
v -0.01129246 0.09419997 0.04131938
v -0.01528457 0.09419998 0.04001373
v -0.02098509 0.09419998 0.03733832
v -0.02623136 0.09419998 0.03385542
v -0.03017395 0.09419999 0.03039009
v -0.03300387 0.09419999 0.02728636
v -0.03609141 0.09419999 0.02304140
v -0.03768601 0.09420000 0.02032402
v -0.03949311 0.09420000 0.01653245
v -0.04091988 0.09420001 0.01258201
v -0.04214792 0.09420002 0.00747863
v -0.04258123 0.09420002 0.00435787
v -0.04274200 0.09420002 0.00226330
v -0.04260620 0.09420002 -0.00403236
v -0.04219148 0.09420003 -0.00715564
v -0.04099385 0.09420004 -0.01226625
v -0.03959062 0.09420004 -0.01622511
v -0.03780612 0.09420004 -0.02002737
v -0.03506584 0.09420005 -0.02450435
v -0.03316553 0.09420005 -0.02701746
v -0.03179813 0.09420006 -0.02861223
v -0.02725040 0.09420007 -0.03296791
v -0.02300544 0.09420007 -0.03605545
v -0.02028805 0.09420007 -0.03765004
v -0.01649649 0.09420007 -0.03945715
v -0.01254605 0.09420007 -0.04088392
v -0.00744267 0.09420007 -0.04211195
v -0.00432191 0.09420007 -0.04254527
v -0.00012741 0.09420007 -0.04276385
v 0.03008177 0.09419999 0.02920268
v 0.03381946 0.09419999 0.02626732
v 0.03108549 0.09419999 0.02945589
v 0.03409285 0.09419999 0.02439345
v 0.03565753 0.09419999 0.02370833
v 0.03828711 0.09420000 0.01916544
v 0.03780454 0.09420000 0.01810325
v 0.03997777 0.09420000 0.01532053
v 0.03941560 0.09420000 0.01424935
v 0.04128341 0.09420001 0.01132843
v 0.04087705 0.09420001 0.00923796
v 0.04249353 0.09420002 0.00514867
v 0.04179198 0.09420002 0.00304277
v 0.04269322 0.09420002 0.00305745
v 0.04278379 0.09420002 -0.00114177
v 0.04167919 0.09420002 -0.00426001
v 0.04246234 0.09420003 -0.00532964
v 0.04124160 0.09420003 -0.00736268
v 0.04121545 0.09420004 -0.01150208
v 0.04000156 0.09420004 -0.01243340
v 0.03988606 0.09420004 -0.01548635
v 0.03856124 0.09420004 -0.01635430
v 0.03817255 0.09420004 -0.01932112
v 0.03717676 0.09420004 -0.02117084
v 0.03512927 0.09420005 -0.02280139
v 0.03366269 0.09420005 -0.02639627
v 0.03062991 0.09420006 -0.02855457
v 0.03090979 0.09420006 -0.02956852
v -0.02781802 0.09420007 -0.03129721
v -0.03149822 0.09420006 -0.02759504
v -0.03409285 0.09420005 -0.02432153
v -0.03780454 0.09420004 -0.01803132
v -0.03975770 0.09420004 -0.01319035
v -0.04128492 0.09420003 -0.00711704
v -0.04185395 0.09420002 -0.00192801
v -0.04188368 0.09420002 0.00120523
v -0.04082155 0.09420001 0.00948114
v -0.03967826 0.09420000 0.01349871
v -0.03722857 0.09420000 0.01926208
v -0.03332440 0.09419999 0.02543467
v -0.03062991 0.09419999 0.02862650
v -0.02602660 0.09419998 0.03287232
v -0.02084190 0.09419998 0.03638462
v -0.01711917 0.09419998 0.03827918
v -0.01122811 0.09419997 0.04040352
v -0.00404778 0.09419997 0.04173999
v 0.00325554 0.09419997 0.04180930
v 0.00536560 0.09419997 0.04249830
v 0.00944517 0.09419997 0.04085751
v 0.01153805 0.09419997 0.04125141
v 0.01552231 0.09419998 0.03992203
v 0.01542381 0.09419998 0.03899384
v 0.01935708 0.09419998 0.03820851
v 0.02105791 0.09419998 0.03625991
v 0.02120680 0.09419998 0.03721272
v 0.02456001 0.09419998 0.03398321
v 0.02643224 0.09419998 0.03369866
v 0.02781802 0.09419998 0.03136913
v 0.02805215 0.09419998 0.03236114
v 0.02785920 0.09420007 -0.03245565
v 0.02602660 0.09420007 -0.03280039
v 0.02623136 0.09420007 -0.03378350
v 0.02098509 0.09420007 -0.03726640
v 0.02084190 0.09420007 -0.03631270
v 0.01806729 0.09420007 -0.03776858
v 0.01912948 0.09420007 -0.03825115
v 0.01528457 0.09420007 -0.03994181
v 0.01223101 0.09420007 -0.04003912
v 0.01230221 0.09420007 -0.04095789
v 0.00719161 0.09420007 -0.04215552
v 0.00612152 0.09420007 -0.04141445
v 0.00511271 0.09420007 -0.04245757
v 0.00091992 0.09420007 -0.04185394
v -0.00221309 0.09420007 -0.04180555
v -0.00944517 0.09420007 -0.04078558
v -0.01246936 0.09420007 -0.03996560
v -0.01922612 0.09420007 -0.03719261
v -0.02456001 0.09420007 -0.03391129
v 0.00131197 0.09220008 -0.04274393
v 0.00370965 0.09220008 -0.04260297
v 0.00751684 0.09220008 -0.04209879
v 0.01033418 0.09220008 -0.04149770
v 0.01264610 0.09220008 -0.04085311
v 0.01536811 0.09220007 -0.03990977
v 0.01670424 0.09220007 -0.03936973
v 0.01974412 0.09220007 -0.03793784
v 0.02306869 0.09220007 -0.03601506
v 0.02505402 0.09220006 -0.03466470
v 0.02733155 0.09220006 -0.03290074
v 0.02913530 0.09220006 -0.03131646
v 0.03051262 0.09220006 -0.02997770
v 0.03277340 0.09220006 -0.02749120
v 0.03510898 0.09220006 -0.02444260
v 0.03642644 0.09220006 -0.02243524
v 0.03785558 0.09220005 -0.01993389
v 0.03891557 0.09220005 -0.01778027
v 0.04002591 0.09220004 -0.01512210
v 0.04081306 0.09220003 -0.01285335
v 0.04180417 0.09220003 -0.00914288
v 0.04225294 0.09220003 -0.00678524
v 0.04261609 0.09220003 -0.00392748
v 0.04277132 0.09220003 -0.00153068
v 0.04279856 0.09220003 0.00038767
v 0.04263893 0.09220002 0.00374561
v 0.04213475 0.09220001 0.00755280
v 0.04164717 0.09220001 0.00990275
v 0.04088907 0.09220001 0.01268206
v 0.03994573 0.09220000 0.01540407
v 0.03940569 0.09220000 0.01674020
v 0.03797380 0.09220000 0.01978008
v 0.03605102 0.09219999 0.02310464
v 0.03470066 0.09219999 0.02508998
v 0.03293670 0.09219999 0.02736751
v 0.03135242 0.09219999 0.02917126
v 0.03001366 0.09219999 0.03054858
v 0.02752716 0.09219998 0.03280936
v 0.02447856 0.09219998 0.03514494
v 0.02247120 0.09219997 0.03646240
v 0.01996985 0.09219997 0.03789154
v 0.01781623 0.09219997 0.03895154
v 0.01354649 0.09219997 0.04063562
v 0.01011457 0.09219997 0.04162365
v 0.00682120 0.09219997 0.04228890
v 0.00396344 0.09219997 0.04265205
v 0.00156664 0.09219997 0.04280728
v -0.04188990 0.10470002 -0.00088394
v -0.04189089 0.10360086 0.00090956
v -0.04189884 0.10377118 -0.00027620
v -0.04178302 0.10470002 0.00316481
v -0.04189084 0.10334887 -0.00084019
v -0.04188621 0.10224786 -0.00103871
v -0.04180407 0.10470002 -0.00279771
v -0.04188497 0.10268953 -0.00108614
v -0.04189732 0.10150277 -0.00043809
v -0.04189945 0.10135318 0.00024959
v -0.04189089 0.10159928 0.00090969
v -0.04187786 0.10277791 0.00139792
v -0.04187996 0.10216340 0.00133191
v -0.04178302 0.09470002 0.00316479
v 0.04159015 0.09470002 0.00512219
v 0.04087705 0.09470001 0.00923796
v 0.03975770 0.09470001 0.01326227
v 0.03865813 0.09470000 0.01619639
v 0.03581776 0.09470000 0.02177758
v 0.03283635 0.09469999 0.02606256
v 0.03008177 0.09469999 0.02920268
v 0.02622161 0.09469998 0.03271680
v 0.02370605 0.09469998 0.03458496
v 0.02014828 0.09469998 0.03677364
v 0.01734653 0.09469998 0.03817660
v 0.01346275 0.09469998 0.03971422
v 0.01045995 0.09469997 0.04060935
v 0.00533372 0.09469997 0.04159509
v 0.00116927 0.09469996 0.04191964
v -0.00196397 0.09469996 0.04188991
v -0.00715301 0.09469997 0.04132088
v -0.01122811 0.09469997 0.04040352
v -0.01519163 0.09469998 0.03908496
v -0.01806729 0.09469998 0.03784050
v -0.02084190 0.09469998 0.03638462
v -0.02435749 0.09469998 0.03412881
v -0.02683714 0.09469998 0.03221325
v -0.02916672 0.09469999 0.03011773
v -0.03201696 0.09469999 0.02706418
v -0.03454900 0.09469999 0.02374201
v -0.03622395 0.09470000 0.02109388
v -0.03856124 0.09470000 0.01642623
v -0.04030000 0.09470001 0.01150418
v -0.04155913 0.09470002 0.00536969
v -0.04180407 0.09470002 -0.00279772
v -0.04128492 0.09470003 -0.00711704
v -0.04063493 0.09470003 -0.01018227
v -0.03941560 0.09470005 -0.01417742
v -0.03780454 0.09470005 -0.01803132
v -0.03634866 0.09470005 -0.02080594
v -0.03409285 0.09470005 -0.02432153
v -0.03079956 0.09470005 -0.02837173
v -0.02781802 0.09470007 -0.03129721
v -0.02456001 0.09470007 -0.03391129
v -0.02105791 0.09470007 -0.03618798
v -0.01639027 0.09470007 -0.03852528
v -0.01346275 0.09470007 -0.03964230
v -0.00739865 0.09470008 -0.04120564
v -0.00429597 0.09470008 -0.04164322
v -0.00116927 0.09470008 -0.04184772
v 0.00404778 0.09470008 -0.04166806
v 0.00818005 0.09470008 -0.04105780
v 0.01322631 0.09470007 -0.03972174
v 0.01616042 0.09470007 -0.03862216
v 0.01900416 0.09470007 -0.03730640
v 0.02262782 0.09470007 -0.03522863
v 0.02763101 0.09470007 -0.03146225
v 0.03133317 0.09470005 -0.02778206
v 0.03394725 0.09470005 -0.02452405
v 0.03622395 0.09470005 -0.02102195
v 0.03856124 0.09470005 -0.01635430
v 0.04000156 0.09470004 -0.01243340
v 0.04082155 0.09470003 -0.00940921
v 0.04155913 0.09470003 -0.00529776
v 0.04189982 0.09470002 -0.00008875
v 0.04315457 0.10070002 0.00290752
v 0.04373605 0.10020002 -0.00106884
v 0.04365347 0.10020002 0.00294072
v 0.04362447 0.10017835 -0.00327587
v 0.04313671 0.10070002 -0.00309245
v 0.00117277 0.08769289 0.03520932
v 0.03384371 0.08769292 0.00968706
v 0.03221433 0.08769291 0.01420556
v 0.00939402 0.08769298 -0.03388002
v 0.00731903 0.08769298 -0.03438748
v 0.00468829 0.08769298 -0.03484328
v 0.03443535 0.08769295 -0.00722679
v 0.03488685 0.08769295 -0.00459531
v 0.03378566 0.08769295 -0.00981647
v 0.03294151 0.08769295 -0.01234945
v 0.01343263 0.08769298 -0.03249258
v 0.03053020 0.08769291 0.01754161
v 0.03447798 0.08769292 0.00709356
v 0.03491380 0.08769292 0.00445944
v 0.02706337 0.08769297 -0.02246105
v 0.02929632 0.08769295 -0.01946447
v 0.03518602 0.08769293 0.00073232
v 0.03119893 0.08769295 -0.01624802
v 0.01586000 0.08769298 -0.03138062
v 0.01263502 0.08769289 0.03288253
v 0.01698994 0.08769290 0.03085613
v 0.01954830 0.08769297 -0.02922845
v 0.02542528 0.08769290 0.02436898
v 0.02753266 0.08769291 0.02195612
v 0.02270172 0.08769290 0.02692783
v 0.02254122 0.08769297 -0.02699060
v 0.02413939 0.08769297 -0.02557324
v 0.00436640 0.08769289 0.03495695
v 0.00804473 0.08769289 0.03429706
v 0.01927756 0.08769290 0.02947940
v 0.02911522 0.08769291 0.01980576
v 0.04310632 0.10034947 -0.00385277
v 0.04305254 0.09840003 -0.00409221
v -0.00125581 0.09481843 -0.03965839
v -0.00693577 0.09487973 -0.03908740
v -0.00413849 0.09470007 -0.03944774
v -0.00972897 0.09487973 -0.03848792
v -0.01381336 0.09481843 -0.03719856
v -0.01773551 0.09470007 -0.03548222
v -0.02145812 0.09475584 -0.03336893
v -0.02494888 0.09487972 -0.03088807
v -0.02860906 0.09470005 -0.02748878
v -0.03346209 0.09475582 -0.02133285
v -0.03097560 0.09481841 -0.02481822
v -0.03559535 0.09487971 -0.01761945
v -0.03706196 0.09493865 -0.01436253
v -0.03820491 0.09493864 -0.01097724
v -0.03911678 0.09478936 -0.00679092
v -0.03863278 0.09470001 0.00917919
v -0.03752144 0.09499411 0.01329620
v -0.03718871 0.09470000 0.01393165
v -0.03581196 0.09481836 0.01720344
v -0.03220219 0.09487966 0.02331173
v -0.03378356 0.09487966 0.02095041
v -0.02998037 0.09481835 0.02608200
v -0.02801361 0.09469999 0.02816651
v -0.02654771 0.09499408 0.02968241
v -0.02316575 0.09475575 0.03228012
v -0.01958447 0.09481834 0.03458545
v -0.01641486 0.09469998 0.03618347
v -0.00903573 0.09481834 0.03870862
v -0.01244985 0.09475575 0.03773661
v -0.00695209 0.09487964 0.03915643
v -0.00272081 0.09481834 0.03965686
v 0.00083239 0.09487964 0.03976064
v 0.00409217 0.09220007 -0.03945257
v 0.00707406 0.09220007 -0.03902870
v 0.01001523 0.09220007 -0.03837999
v 0.01232747 0.09220007 -0.03770160
v 0.01459430 0.09220007 -0.03688417
v 0.01742167 0.09220007 -0.03563721
v 0.01948566 0.09220006 -0.03455304
v 0.02103977 0.09220006 -0.03363032
v 0.02353149 0.09220006 -0.03193839
v 0.02678931 0.09220006 -0.02926289
v 0.02809508 0.09220006 -0.02801322
v 0.03014066 0.09220006 -0.02580259
v 0.03207561 0.09220006 -0.02335731
v 0.03337828 0.09220005 -0.02145777
v 0.03491168 0.09220005 -0.01886547
v 0.03871661 0.09220003 -0.00874550
v 0.03793946 0.09220003 -0.01165537
v 0.03927093 0.09220003 -0.00578508
v 0.03961100 0.09220003 -0.00262085
v 0.03921556 0.09220001 0.00621895
v 0.03849084 0.09220001 0.00975939
v 0.03724279 0.09220000 0.01378605
v 0.03633996 0.09220000 0.01602024
v 0.03444014 0.09220000 0.01978353
v 0.03215199 0.09219999 0.02332415
v 0.02990107 0.09219999 0.02615140
v 0.02696327 0.09219999 0.02917480
v 0.02369083 0.09219998 0.03189243
v 0.02021213 0.09219998 0.03420554
v 0.01853836 0.09219998 0.03514179
v 0.01592485 0.09219997 0.03640201
v 0.03648584 0.09220004 -0.01561247
v 0.03736802 0.09220003 -0.01337006
v 0.00312752 0.09219997 0.03961258
v 0.00611887 0.09219997 0.03926158
v 0.00907500 0.09219997 0.03868482
v 0.01312207 0.09219997 0.03750463
v 0.03945634 0.09220001 0.00442766
v 0.03962612 0.09220002 0.00245690
v 0.03969778 0.09220003 -0.00038347
v 0.04007480 0.10069520 -0.00318144
v 0.04009394 0.10069694 0.00299509
v 0.04361685 0.09890002 0.00344661
v 0.04312005 0.09979866 0.00390275
v 0.04312871 0.10034947 0.00366801
v 0.04359578 0.09890003 -0.00363429
v 0.04374185 0.09890002 0.00088037
v -0.03913390 0.09470003 -0.00593119
v -0.03826713 0.09470002 -0.00414474
v -0.03872259 0.09478936 -0.00470907
v -0.03730301 0.09504576 -0.00335301
v -0.00273264 0.09508983 0.03982918
v 0.04003526 0.09970003 -0.00408323
v 0.04005124 0.10046043 -0.00373272
v 0.00586542 0.09487973 -0.03926212
v 0.01006229 0.09487973 -0.03840221
v 0.01278743 0.09470007 -0.03754823
v 0.01740383 0.09470007 -0.03564592
v 0.01876327 0.09508993 -0.03516215
v 0.02294426 0.09487973 -0.03240327
v 0.03325894 0.09470005 -0.02164197
v 0.03542932 0.09487971 -0.01795032
v -0.00054310 0.09499417 -0.03975597
v 0.02575133 0.09481842 -0.03019792
v 0.03028574 0.09481841 -0.02565436
v 0.03927679 0.09470003 -0.00574535
v 0.03861302 0.09481839 -0.00925131
v 0.03783533 0.09475581 -0.01199840
v 0.03661242 0.09481841 -0.01535069
v 0.03783916 0.09512833 -0.01275314
v -0.01914554 0.09515926 -0.03508698
v -0.02923629 0.09508991 -0.02709717
v 0.03953878 0.09470002 -0.00353822
v 0.03936868 0.09475578 0.00517840
v 0.03808149 0.09493861 0.01146862
v 0.01474154 0.09469998 0.03689755
v 0.01137462 0.09475575 0.03807483
v 0.00862520 0.09493858 0.03884977
v 0.03302823 0.09512828 0.02249702
v 0.03157718 0.09469999 0.02409780
v 0.03434702 0.09470000 0.01994506
v 0.02731240 0.09487965 0.02889381
v 0.02977778 0.09481835 0.02631338
v 0.03571847 0.09487966 0.01744094
v 0.02514769 0.09469999 0.03075540
v 0.02171332 0.09487964 0.03331169
v 0.00368385 0.09487964 0.03959822
v 0.03735294 0.09470000 0.01348392
v 0.01799179 0.09475575 0.03542852
v 0.03955936 0.09470002 0.00337469
v 0.03953878 0.09970003 -0.00353821
v 0.03959442 0.10019760 0.00292938
v 0.03955936 0.09970002 0.00337469
v 0.03969982 0.10020002 -0.00008221
v 0.03956516 0.10016206 -0.00323325
v 0.04006865 0.10034947 0.00367712
v 0.04005986 0.09989513 0.00389752
v 0.04307635 0.09840002 0.00390776
v 0.04323776 0.09840002 -0.00099277
v 0.04149562 0.09840003 -0.00408757
v 0.04169982 0.09840002 -0.00008816
v 0.04151943 0.09840002 0.00391239
v -0.03726381 0.10470002 -0.00335311
v -0.04126380 0.10470002 -0.00334121
v -0.03724298 0.10470002 0.00364686
v -0.04119530 0.10470002 0.00365862
v 0.04149562 0.09490003 -0.00408758
v 0.04169982 0.09490002 -0.00008816
v 0.04151943 0.09490002 0.00391239
v -0.03676233 0.10470002 -0.00285460
v -0.03675653 0.10327582 -0.00090618
v -0.03675541 0.10365159 -0.00053042
v -0.03675678 0.10208075 -0.00099165
v -0.03675445 0.10140066 -0.00020678
v -0.03674447 0.10470002 0.00314537
v -0.03675235 0.10379939 0.00049755
v -0.03675287 0.10136274 0.00032327
v -0.03675185 0.10146298 0.00066465
v -0.03675027 0.10192422 0.00119694
v -0.03675059 0.10341860 0.00109007
v -0.03674972 0.10277791 0.00138265
v -0.04129991 0.10520002 -0.00284110
v -0.03726232 0.10520002 -0.00285311
v -0.04128205 0.10520002 0.00315888
v -0.03724447 0.10520002 0.00314686
f 1 3 2
f 3 1 4
f 5 7 6
f 6 7 8
f 6 8 9
f 10 12 11
f 13 15 14
f 9 8 16
f 16 8 17
f 17 8 12
f 17 12 18
f 18 12 10
f 11 19 15
f 11 15 13
f 20 22 21
f 20 21 23
f 23 21 24
f 11 12 19
f 14 22 20
f 14 15 22
f 24 21 25
f 26 28 27
f 24 25 29
f 29 30 26
f 26 30 28
f 25 30 29
f 31 33 32
f 34 35 2
f 36 38 37
f 37 38 33
f 32 33 39
f 40 41 35
f 40 35 34
f 27 28 36
f 36 28 38
f 37 33 31
f 32 39 42
f 39 41 42
f 42 41 40
f 43 45 44
f 46 48 47
f 48 46 49
f 48 49 50
f 51 53 52
f 54 53 51
f 54 55 53
f 56 58 57
f 57 58 55
f 59 60 56
f 56 60 58
f 59 61 60
f 62 63 61
f 64 66 65
f 67 68 64
f 64 68 66
f 67 45 68
f 69 71 70
f 72 73 71
f 74 76 75
f 77 78 76
f 79 80 77
f 77 80 78
f 79 81 80
f 82 81 79
f 82 83 81
f 84 83 82
f 85 86 84
f 85 87 86
f 88 90 89
f 91 90 88
f 91 92 90
f 91 93 92
f 94 93 91
f 94 95 93
f 96 95 94
f 96 97 95
f 96 98 97
f 47 99 46
f 46 99 100
f 46 100 44
f 44 100 43
f 44 45 67
f 64 65 101
f 101 65 102
f 101 102 103
f 101 103 104
f 104 103 63
f 104 63 62
f 62 61 59
f 57 55 54
f 51 52 105
f 105 52 106
f 105 106 107
f 105 107 108
f 108 107 109
f 108 109 110
f 110 109 111
f 110 111 112
f 112 111 113
f 114 98 96
f 88 89 85
f 85 89 87
f 84 86 83
f 77 76 74
f 74 75 72
f 72 75 73
f 72 71 69
f 69 70 115
f 69 115 49
f 49 115 116
f 49 116 50
f 117 45 118
f 1 2 35
f 119 120 4
f 119 4 118
f 4 1 118
f 118 1 117
f 117 1 35
f 121 123 122
f 122 123 124
f 125 127 126
f 124 123 128
f 124 128 129
f 130 132 131
f 133 135 134
f 126 127 136
f 126 136 137
f 138 140 139
f 138 139 130
f 130 139 132
f 141 143 142
f 144 145 135
f 144 135 133
f 131 132 141
f 141 132 143
f 141 142 146
f 146 142 145
f 146 145 144
f 134 135 147
f 134 147 148
f 149 151 150
f 129 128 138
f 138 128 140
f 152 151 153
f 153 151 149
f 125 154 127
f 155 157 156
f 158 157 159
f 158 159 160
f 152 161 151
f 150 151 125
f 125 151 154
f 148 147 162
f 148 162 163
f 163 162 155
f 156 157 158
f 160 161 152
f 155 162 157
f 160 159 161
f 164 166 165
f 165 166 167
f 167 168 165
f 167 169 168
f 168 170 165
f 169 171 168
f 168 171 172
f 173 174 168
f 168 174 170
f 175 177 176
f 176 177 178
f 178 177 179
f 180 182 181
f 181 182 183
f 181 183 184
f 184 183 185
f 184 185 176
f 180 187 186
f 180 186 182
f 185 175 176
f 179 188 178
f 178 188 189
f 189 188 190
f 189 190 191
f 192 194 193
f 193 194 195
f 195 194 196
f 195 196 197
f 197 196 187
f 197 187 180
f 190 198 191
f 191 198 192
f 191 192 193
f 197 168 195
f 167 189 191
f 167 191 169
f 169 191 193
f 169 193 171
f 171 193 172
f 172 193 195
f 172 195 168
f 189 167 178
f 178 167 166
f 178 166 176
f 176 166 164
f 176 164 184
f 184 164 165
f 168 197 173
f 173 197 180
f 173 180 174
f 174 180 181
f 174 181 170
f 170 181 184
f 170 184 165
f 199 185 200
f 200 185 183
f 200 183 201
f 201 183 182
f 201 182 202
f 202 182 186
f 202 186 203
f 203 186 187
f 203 187 204
f 187 205 204
f 187 196 206
f 206 205 187
f 185 199 175
f 175 199 207
f 208 177 209
f 209 177 175
f 209 175 207
f 177 208 179
f 179 208 210
f 211 188 212
f 212 188 179
f 212 179 210
f 188 211 190
f 190 211 213
f 196 214 206
f 194 215 214
f 194 214 196
f 215 194 192
f 215 192 216
f 192 198 217
f 217 216 192
f 198 190 213
f 213 217 198
f 218 220 219
f 221 223 222
f 222 223 224
f 225 227 226
f 219 220 228
f 229 230 225
f 225 230 227
f 228 220 231
f 228 231 232
f 229 233 230
f 218 219 234
f 218 234 221
f 221 234 233
f 221 233 223
f 223 233 229
f 232 231 235
f 236 238 237
f 237 238 226
f 237 226 227
f 239 235 231
f 235 240 232
f 232 240 241
f 242 234 243
f 243 234 219
f 243 219 244
f 244 219 228
f 244 228 245
f 245 228 241
f 241 228 232
f 234 242 233
f 233 242 246
f 247 237 248
f 248 237 227
f 248 227 249
f 249 227 250
f 250 227 230
f 250 230 246
f 246 230 233
f 237 247 236
f 236 247 251
f 252 238 236
f 252 236 251
f 238 252 226
f 226 252 253
f 254 229 255
f 255 229 225
f 255 225 253
f 253 225 226
f 229 254 223
f 223 254 224
f 224 254 256
f 257 222 256
f 256 222 224
f 222 257 221
f 221 257 258
f 221 258 218
f 218 258 259
f 260 231 261
f 261 231 220
f 261 220 262
f 262 220 218
f 262 218 259
f 231 260 239
f 239 260 263
f 240 235 263
f 235 239 263
f 264 266 265
f 264 265 267
f 268 270 269
f 270 268 264
f 264 268 266
f 269 270 271
f 271 270 272
f 273 275 274
f 276 278 277
f 276 277 273
f 273 279 275
f 273 277 279
f 278 276 280
f 280 276 281
f 274 275 282
f 274 282 283
f 283 282 284
f 283 284 285
f 285 284 267
f 285 267 265
f 271 286 269
f 269 286 287
f 288 265 289
f 289 265 290
f 290 265 266
f 290 266 291
f 291 266 268
f 291 268 292
f 292 268 269
f 292 269 287
f 293 283 285
f 293 285 288
f 288 285 265
f 283 293 274
f 274 293 294
f 295 276 273
f 295 273 296
f 296 273 274
f 296 274 294
f 276 295 281
f 281 295 297
f 298 281 297
f 299 280 298
f 298 280 281
f 280 299 278
f 278 299 300
f 301 277 302
f 302 277 278
f 302 278 300
f 303 282 304
f 304 282 275
f 304 275 305
f 305 275 279
f 305 279 306
f 306 279 301
f 301 279 277
f 282 303 284
f 284 303 307
f 308 267 307
f 307 267 284
f 267 308 264
f 264 308 309
f 264 309 270
f 270 309 310
f 270 310 272
f 272 310 311
f 286 271 272
f 286 272 311
f 312 314 313
f 313 314 315
f 314 316 315
f 315 316 317
f 318 313 317
f 317 313 315
f 319 312 320
f 320 312 313
f 320 313 318
f 316 314 319
f 319 314 312
f 321 323 322
f 323 324 322
f 325 326 323
f 323 326 324
f 322 327 321
f 328 329 325
f 325 329 330
f 325 330 326
f 331 333 332
f 333 331 334
f 335 337 336
f 336 337 338
f 336 338 339
f 339 338 340
f 341 343 342
f 341 342 344
f 344 342 335
f 335 342 337
f 345 329 328
f 332 333 346
f 332 346 347
f 347 346 348
f 347 348 349
f 349 348 350
f 349 350 341
f 341 350 343
f 339 340 351
f 339 351 352
f 352 351 353
f 352 353 354
f 354 353 355
f 354 355 356
f 356 355 357
f 356 357 345
f 345 357 358
f 345 358 329
f 359 357 360
f 360 357 355
f 360 355 361
f 361 355 353
f 361 353 362
f 357 359 358
f 358 359 363
f 364 326 330
f 364 330 365
f 365 330 329
f 365 329 366
f 366 329 358
f 366 358 363
f 326 364 324
f 324 364 367
f 368 322 324
f 368 324 367
f 322 368 327
f 327 368 369
f 370 321 371
f 371 321 369
f 369 321 327
f 321 370 323
f 323 370 372
f 323 372 325
f 325 372 373
f 325 373 374
f 325 374 328
f 328 374 345
f 345 374 375
f 345 375 356
f 356 375 376
f 377 349 341
f 341 378 377
f 344 378 341
f 344 379 378
f 379 344 335
f 379 335 380
f 380 335 336
f 380 336 381
f 381 336 339
f 381 339 382
f 382 339 383
f 383 339 352
f 352 384 383
f 354 384 352
f 376 384 354
f 376 354 356
f 349 377 347
f 347 377 385
f 386 331 332
f 386 332 387
f 387 332 347
f 387 347 385
f 388 348 346
f 388 346 389
f 389 346 333
f 389 333 390
f 390 333 391
f 391 333 392
f 392 333 334
f 392 334 386
f 386 334 331
f 348 388 350
f 350 388 393
f 362 353 351
f 362 351 394
f 395 394 351
f 395 351 340
f 395 340 396
f 396 340 338
f 396 338 397
f 397 338 337
f 342 398 337
f 337 398 397
f 342 400 399
f 342 399 398
f 400 342 343
f 400 343 401
f 401 343 350
f 401 350 393
f 402 404 403
f 402 403 405
f 405 403 406
f 407 409 408
f 410 412 411
f 410 411 413
f 413 411 414
f 409 407 410
f 408 409 415
f 408 415 416
f 416 415 417
f 410 407 412
f 416 404 402
f 417 418 416
f 416 418 404
f 419 405 420
f 420 405 406
f 420 406 421
f 405 419 402
f 402 419 422
f 402 422 423
f 424 416 423
f 423 416 402
f 424 425 416
f 416 425 426
f 416 426 408
f 408 426 427
f 408 427 428
f 429 411 430
f 412 430 411
f 412 431 430
f 407 431 412
f 407 432 431
f 407 408 428
f 407 428 432
f 411 429 414
f 414 429 433
f 434 413 435
f 435 413 414
f 435 414 433
f 436 410 437
f 437 410 413
f 437 413 434
f 409 410 438
f 410 436 438
f 439 415 440
f 409 438 415
f 415 438 441
f 415 441 440
f 442 403 404
f 442 404 443
f 443 404 418
f 443 418 444
f 444 418 417
f 444 417 439
f 439 417 415
f 403 442 406
f 406 442 421
f 445 447 446
f 446 449 448
f 448 449 450
f 451 453 452
f 448 450 454
f 448 454 451
f 451 454 453
f 446 447 449
f 449 447 455
f 449 455 456
f 456 455 457
f 456 457 458
f 458 457 459
f 458 459 460
f 446 461 445
f 460 459 462
f 463 465 464
f 464 465 452
f 464 452 453
f 466 462 459
f 462 467 460
f 460 467 468
f 469 449 470
f 470 449 456
f 470 456 471
f 471 456 458
f 471 458 468
f 468 458 460
f 449 469 450
f 450 469 472
f 473 464 474
f 474 464 453
f 474 453 475
f 475 453 476
f 476 453 454
f 476 454 472
f 472 454 450
f 464 473 463
f 463 473 477
f 478 465 463
f 478 463 477
f 465 478 452
f 452 478 479
f 480 448 481
f 481 448 451
f 481 451 479
f 479 451 452
f 448 480 446
f 446 480 461
f 461 480 482
f 483 445 484
f 484 445 461
f 484 461 482
f 445 483 447
f 447 483 485
f 447 485 455
f 486 459 457
f 486 457 487
f 487 457 455
f 487 455 485
f 459 486 466
f 466 486 488
f 467 462 489
f 488 489 462
f 462 466 488
f 490 492 491
f 491 492 493
f 493 494 491
f 493 495 494
f 494 496 491
f 495 497 494
f 494 497 498
f 494 499 496
f 500 502 501
f 501 502 503
f 503 502 504
f 505 507 506
f 506 507 508
f 506 508 501
f 504 509 503
f 503 509 510
f 510 509 511
f 510 511 512
f 508 500 501
f 513 514 505
f 505 514 507
f 511 515 512
f 512 515 516
f 512 516 517
f 513 519 518
f 513 518 514
f 516 520 517
f 517 520 521
f 521 520 522
f 521 522 523
f 523 522 519
f 523 519 513
f 523 494 521
f 493 510 512
f 493 512 495
f 495 512 517
f 495 517 497
f 497 517 498
f 498 517 521
f 498 521 494
f 510 493 503
f 503 493 492
f 503 492 501
f 501 492 490
f 501 490 506
f 506 490 491
f 494 523 513
f 494 513 499
f 499 513 505
f 499 505 496
f 496 505 506
f 496 506 491
f 524 508 525
f 525 508 507
f 525 507 514
f 525 514 526
f 526 514 518
f 526 518 519
f 526 519 527
f 519 528 527
f 519 522 528
f 508 524 500
f 500 524 529
f 530 502 500
f 530 500 529
f 502 530 504
f 504 530 531
f 532 509 533
f 533 509 504
f 533 504 531
f 509 532 511
f 511 532 534
f 522 535 528
f 520 535 522
f 520 536 535
f 536 520 516
f 536 516 537
f 516 515 538
f 538 537 516
f 515 511 538
f 511 534 538
f 539 541 540
f 540 542 539
f 539 542 543
f 543 542 544
f 545 547 546
f 546 548 545
f 545 548 549
f 549 548 550
f 551 553 552
f 554 556 555
f 555 556 557
f 553 559 558
f 560 562 561
f 561 562 563
f 554 564 556
f 552 553 565
f 566 568 567
f 567 568 559
f 567 555 566
f 566 555 557
f 566 557 563
f 569 558 568
f 568 558 559
f 570 571 569
f 562 560 572
f 562 572 570
f 570 572 571
f 563 557 561
f 569 571 573
f 569 573 558
f 551 552 574
f 558 565 553
f 551 574 575
f 551 575 576
f 576 575 554
f 554 575 564
f 562 542 563
f 563 542 540
f 563 540 566
f 566 540 541
f 566 541 568
f 568 541 539
f 542 562 570
f 542 570 544
f 544 570 569
f 544 569 543
f 543 569 568
f 543 568 539
f 567 548 555
f 555 548 546
f 555 546 554
f 554 546 547
f 554 547 576
f 576 547 545
f 548 567 559
f 548 559 550
f 550 559 553
f 550 553 549
f 549 553 551
f 549 551 576
f 549 576 545
f 575 577 564
f 564 577 578
f 579 556 578
f 578 556 564
f 556 579 557
f 557 579 580
f 581 561 580
f 580 561 557
f 561 581 560
f 560 581 582
f 583 558 584
f 584 558 573
f 584 573 585
f 585 573 571
f 585 571 586
f 586 571 572
f 586 572 582
f 582 572 560
f 577 575 587
f 587 575 574
f 587 574 588
f 588 574 552
f 588 552 589
f 589 552 565
f 589 565 583
f 583 565 558
f 590 592 591
f 590 591 593
f 593 591 594
f 593 596 595
f 595 596 597
f 593 594 596
f 591 598 594
f 599 592 590
f 599 590 600
f 592 599 591
f 591 599 601
f 591 601 598
f 598 601 602
f 603 594 602
f 602 594 598
f 594 603 596
f 596 603 604
f 596 604 597
f 597 604 605
f 606 595 607
f 607 595 597
f 607 597 605
f 608 595 606
f 609 593 610
f 610 593 595
f 610 595 608
f 611 590 612
f 612 590 593
f 612 593 609
f 600 590 611
f 613 615 614
f 614 615 616
f 616 615 617
f 618 619 614
f 614 619 613
f 620 621 618
f 618 621 622
f 618 622 619
f 623 625 624
f 625 623 626
f 627 629 628
f 628 629 630
f 628 630 631
f 631 630 632
f 633 635 634
f 633 634 636
f 636 634 627
f 627 634 629
f 637 621 620
f 624 625 638
f 624 638 639
f 639 638 640
f 639 640 641
f 641 640 642
f 641 642 633
f 633 642 635
f 631 632 643
f 631 643 644
f 644 643 645
f 644 645 646
f 646 645 647
f 646 647 648
f 648 647 649
f 648 649 637
f 637 649 650
f 637 650 621
f 651 649 652
f 652 649 647
f 652 647 653
f 653 647 645
f 653 645 654
f 649 651 650
f 650 651 655
f 656 619 657
f 657 619 622
f 657 622 658
f 658 622 621
f 658 621 659
f 659 621 650
f 659 650 655
f 619 656 613
f 613 656 660
f 661 615 662
f 662 615 613
f 662 613 660
f 615 661 617
f 617 661 663
f 664 616 665
f 665 616 617
f 665 617 663
f 616 664 614
f 614 664 666
f 614 666 618
f 618 666 667
f 618 667 668
f 618 668 620
f 620 668 637
f 637 668 669
f 637 669 648
f 648 669 670
f 671 641 633
f 633 672 671
f 636 672 633
f 672 636 673
f 673 636 627
f 673 627 674
f 674 627 628
f 674 628 675
f 675 628 631
f 675 631 676
f 676 631 644
f 644 677 676
f 646 677 644
f 670 677 646
f 670 646 648
f 641 671 639
f 639 671 678
f 679 623 624
f 679 624 680
f 680 624 639
f 680 639 678
f 681 640 638
f 681 638 682
f 682 638 625
f 682 625 683
f 683 625 684
f 684 625 626
f 684 626 685
f 685 626 623
f 685 623 679
f 640 681 642
f 642 681 686
f 654 645 643
f 654 643 687
f 643 688 687
f 688 643 689
f 689 643 632
f 689 632 690
f 690 632 630
f 690 630 691
f 691 630 629
f 691 629 692
f 634 693 629
f 629 693 692
f 634 694 693
f 694 634 695
f 695 634 635
f 695 635 686
f 686 635 642
f 696 698 697
f 696 697 699
f 699 697 700
f 699 700 701
f 702 703 696
f 696 703 698
f 699 701 704
f 701 705 704
f 704 706 699
f 699 706 707
f 708 696 699
f 708 699 707
f 696 708 702
f 702 708 709
f 710 703 711
f 711 703 702
f 711 702 709
f 703 710 698
f 698 710 712
f 713 701 714
f 714 701 700
f 714 700 715
f 715 700 697
f 715 697 716
f 716 697 698
f 716 698 712
f 701 713 705
f 705 713 717
f 706 704 718
f 718 704 717
f 717 704 705
f 719 721 720
f 720 721 722
f 722 721 723
f 720 724 719
f 719 724 725
f 725 724 726
f 725 726 727
f 725 727 728
f 728 727 729
f 729 727 730
f 731 727 732
f 732 727 726
f 732 726 733
f 733 726 734
f 734 726 724
f 734 724 735
f 735 724 720
f 727 731 730
f 730 731 736
f 737 729 730
f 737 730 736
f 729 737 728
f 728 737 738
f 739 721 719
f 739 719 740
f 740 719 725
f 740 725 738
f 738 725 728
f 721 739 723
f 723 739 741
f 742 722 723
f 742 723 741
f 722 742 720
f 720 742 735
f 743 745 744
f 744 746 743
f 743 746 747
f 747 746 748
f 749 751 750
f 750 752 749
f 749 752 753
f 749 753 754
f 755 757 756
f 758 760 759
f 759 760 761
f 761 760 762
f 763 765 764
f 764 765 766
f 766 765 767
f 767 765 768
f 763 764 769
f 763 769 770
f 771 773 772
f 772 773 757
f 772 761 771
f 771 761 762
f 771 762 768
f 768 762 767
f 774 776 775
f 774 775 777
f 777 775 759
f 770 769 778
f 770 778 756
f 770 756 773
f 773 756 757
f 775 758 759
f 756 779 755
f 755 779 780
f 755 780 774
f 774 780 776
f 765 746 768
f 768 746 744
f 768 744 771
f 771 744 745
f 771 745 773
f 773 745 743
f 746 765 763
f 746 763 748
f 748 763 770
f 748 770 747
f 747 770 773
f 747 773 743
f 772 752 761
f 761 752 750
f 761 750 759
f 759 750 751
f 759 751 777
f 777 751 749
f 752 772 757
f 752 757 753
f 753 757 755
f 753 755 754
f 754 755 774
f 754 774 749
f 749 774 777
f 775 781 758
f 758 781 782
f 783 760 758
f 783 758 782
f 760 783 762
f 762 783 784
f 785 767 762
f 785 762 784
f 767 785 766
f 766 785 786
f 787 756 788
f 788 756 778
f 788 778 789
f 789 778 769
f 789 769 790
f 790 769 791
f 791 769 764
f 791 764 792
f 792 764 786
f 786 764 766
f 781 775 793
f 793 775 776
f 793 776 794
f 794 776 780
f 794 780 795
f 795 780 779
f 795 779 787
f 787 779 756
f 796 798 797
f 799 801 800
f 797 802 796
f 796 802 803
f 797 804 799
f 805 806 799
f 799 800 797
f 806 801 799
f 798 804 797
f 803 807 796
f 796 807 808
f 796 808 809
f 809 808 810
f 810 808 811
f 812 814 813
f 812 813 815
f 814 812 816
f 814 816 817
f 818 820 819
f 818 819 821
f 822 824 823
f 821 819 822
f 822 819 824
f 817 826 825
f 825 826 827
f 825 827 818
f 818 827 820
f 817 816 826
f 815 813 828
f 829 831 830
f 830 831 828
f 830 828 813
f 823 824 832
f 823 832 833
f 833 832 834
f 835 837 836
f 835 836 838
f 834 839 833
f 833 839 840
f 840 839 841
f 840 841 842
f 842 841 843
f 841 844 843
f 843 844 845
f 843 845 835
f 835 845 837
f 838 836 846
f 838 846 829
f 829 846 831
f 833 798 823
f 823 798 796
f 802 813 814
f 802 814 803
f 803 814 807
f 807 814 817
f 807 817 808
f 808 817 825
f 808 825 811
f 811 825 818
f 811 818 810
f 810 818 821
f 810 821 822
f 810 822 809
f 809 822 823
f 809 823 796
f 813 802 830
f 830 802 797
f 798 833 804
f 804 833 840
f 804 840 799
f 799 840 842
f 799 842 843
f 799 843 805
f 805 843 835
f 805 835 806
f 835 838 801
f 801 806 835
f 829 800 838
f 838 800 801
f 830 797 829
f 829 797 800
f 832 847 834
f 834 847 848
f 849 828 831
f 849 831 850
f 850 831 851
f 851 831 846
f 851 846 852
f 846 836 852
f 852 836 837
f 852 837 853
f 853 837 845
f 853 845 854
f 854 845 844
f 854 844 855
f 855 844 841
f 855 841 856
f 856 841 857
f 857 841 839
f 857 839 858
f 858 839 859
f 859 839 834
f 859 834 848
f 828 849 815
f 815 849 860
f 847 832 861
f 861 832 824
f 861 824 862
f 862 824 863
f 863 824 819
f 863 819 864
f 864 819 865
f 865 819 820
f 865 820 827
f 865 827 866
f 866 827 826
f 866 826 867
f 867 826 868
f 868 826 816
f 868 816 869
f 869 816 870
f 870 816 812
f 870 812 871
f 871 812 815
f 871 815 860
f 872 874 873
f 873 874 875
f 875 874 876
f 876 874 877
f 872 878 874
f 875 879 873
f 873 880 872
f 872 880 881
f 882 878 883
f 883 878 872
f 883 872 881
f 878 882 874
f 874 882 884
f 874 884 877
f 877 884 885
f 876 887 886
f 876 877 887
f 877 885 887
f 876 886 875
f 875 886 888
f 875 888 879
f 879 888 889
f 880 873 890
f 890 873 879
f 890 879 891
f 891 879 889
f 892 894 893
f 895 892 893
f 896 898 897
f 899 900 896
f 894 902 901
f 903 904 896
f 901 902 905
f 894 906 902
f 896 908 907
f 896 907 898
f 903 910 909
f 910 903 896
f 910 911 909
f 905 911 901
f 901 911 910
f 897 912 896
f 904 913 896
f 913 908 896
f 914 915 894
f 894 915 916
f 896 912 899
f 892 914 894
f 894 917 906
f 894 916 917
f 899 912 918
f 918 912 919
f 919 912 897
f 919 897 920
f 920 897 921
f 897 898 921
f 921 898 922
f 922 898 923
f 923 898 907
f 923 907 908
f 923 908 924
f 908 913 924
f 924 913 925
f 925 913 904
f 925 904 926
f 926 904 903
f 926 903 927
f 927 903 909
f 927 909 928
f 928 909 911
f 911 905 928
f 928 905 929
f 929 905 902
f 929 902 930
f 930 902 906
f 930 906 931
f 931 906 917
f 931 917 932
f 932 917 916
f 932 916 933
f 933 916 915
f 933 915 934
f 934 915 914
f 934 914 935
f 914 892 935
f 936 938 937
f 937 938 939
f 940 938 941
f 936 943 942
f 944 946 945
f 947 948 946
f 946 948 945
f 939 938 940
f 949 950 936
f 936 950 938
f 951 952 946
f 946 952 953
f 954 955 947
f 953 943 946
f 946 943 936
f 944 951 946
f 947 955 948
f 956 958 957
f 936 942 959
f 956 961 960
f 956 960 954
f 956 954 947
f 959 949 936
f 957 962 956
f 956 962 961
f 950 963 938
f 963 950 949
f 963 949 964
f 949 965 964
f 965 949 959
f 942 966 959
f 959 966 965
f 943 966 942
f 943 967 966
f 953 967 943
f 953 968 967
f 968 953 969
f 952 969 953
f 969 952 970
f 970 952 951
f 970 951 971
f 971 951 944
f 971 944 945
f 971 945 972
f 945 973 972
f 973 945 948
f 955 974 948
f 948 974 973
f 954 975 955
f 955 975 974
f 975 954 976
f 960 976 954
f 976 960 977
f 961 977 960
f 961 978 977
f 978 961 979
f 979 961 962
f 957 980 979
f 957 979 962
f 958 980 957
f 981 983 982
f 981 982 984
f 984 982 985
f 984 985 986
f 984 986 987
f 987 986 988
f 987 988 989
f 989 988 990
f 989 990 991
f 989 991 992
f 992 991 993
f 992 993 994
f 994 993 995
f 994 995 996
f 994 996 997
f 997 996 998
f 997 998 999
f 999 998 1000
f 999 1000 1001
f 1001 1000 1002
f 1001 1002 1003
f 1001 1003 1004
f 1004 1003 1005
f 1005 1003 1006
f 1005 1006 1007
f 1005 1007 1008
f 1008 1007 1009
f 1008 1009 1010
f 1010 1009 1011
f 1010 1011 1012
f 1012 1011 1013
f 1012 1013 1014
f 1014 1013 1015
f 1014 1015 1016
f 1016 1015 1017
f 1016 1017 1018
f 1016 1018 1019
f 1019 1018 1020
f 1019 1020 1021
f 1021 1020 1022
f 1021 1022 1023
f 1023 1022 1024
f 1023 1024 1025
f 1025 1024 1026
f 1025 1026 1027
f 1025 1027 1028
f 1028 1027 1029
f 1028 1029 1030
f 1028 1030 1031
f 1031 1030 1032
f 1031 1032 1033
f 1031 1033 1034
f 1034 1033 1035
f 1035 1033 1036
f 1035 1036 1037
f 1035 1037 1038
f 1038 1037 1039
f 1038 1039 1040
f 1040 1039 1041
f 1040 1041 1042
f 1040 1042 1043
f 1043 1042 1044
f 1044 1042 1045
f 1044 1045 1046
f 1044 1046 1047
f 1047 1046 1048
f 1047 1048 1049
f 1049 1048 1050
f 1049 1050 1051
f 1051 1050 1052
f 1051 1052 1053
f 1053 1052 1054
f 1053 1054 1055
f 1053 1055 1056
f 1056 1055 1057
f 1056 1057 1058
f 894 1060 1059
f 208 209 981
f 900 209 207
f 981 210 208
f 981 209 900
f 1061 1062 900
f 900 1062 1063
f 900 1064 981
f 199 200 900
f 900 1063 1064
f 900 200 201
f 202 203 900
f 900 203 204
f 900 201 202
f 900 207 199
f 1065 1067 1066
f 1067 1068 1062
f 1069 1071 1070
f 1069 1073 1072
f 1070 1073 1069
f 1072 1073 1066
f 1074 1075 1071
f 1074 1076 1075
f 1071 1069 1074
f 1076 1074 1077
f 1078 1080 1079
f 1077 1074 1080
f 1077 1080 1078
f 1081 1082 1079
f 1081 1079 1080
f 1081 1083 1082
f 1083 1084 1082
f 1085 1086 1083
f 1083 1086 1087
f 1085 1088 1086
f 1083 1087 1084
f 1088 1085 1089
f 1088 1089 1090
f 1091 1089 1092
f 1089 1091 1090
f 1093 1092 1094
f 1094 1092 1095
f 1093 1091 1092
f 1096 1095 1097
f 1096 1098 1095
f 1098 1094 1095
f 1099 1101 1100
f 1100 1101 1102
f 1103 1104 1099
f 1099 1104 1101
f 1105 1107 1106
f 1105 1056 1058
f 1105 1053 1056
f 1058 1108 1105
f 895 1053 1105
f 1053 895 890
f 895 880 890
f 1053 890 891
f 1049 1051 889
f 889 1051 891
f 891 1051 1053
f 882 883 941
f 941 883 893
f 886 941 888
f 888 941 1047
f 888 1047 889
f 889 1047 1049
f 880 895 881
f 881 895 893
f 881 893 883
f 941 885 882
f 882 885 884
f 941 886 887
f 941 887 885
f 1047 1110 1109
f 1047 1109 1044
f 1047 941 1110
f 1109 1043 1044
f 1109 1111 1043
f 1043 1111 1040
f 1040 1111 1038
f 1038 1111 1112
f 1038 1112 1035
f 1028 1031 1113
f 1113 1031 1114
f 1034 1112 1114
f 1031 1034 1114
f 1112 1034 1035
f 1113 1115 1028
f 1115 1025 1028
f 1115 1023 1025
f 1116 1021 1115
f 1115 1021 1023
f 1021 1116 1019
f 1016 1116 1117
f 1016 1117 1014
f 1016 1019 1116
f 1014 1117 1118
f 1012 1014 1118
f 1010 1118 1008
f 1008 1118 1119
f 1118 1010 1012
f 1008 1119 1005
f 1119 1120 1005
f 1121 999 1120
f 1120 999 1001
f 1120 1004 1005
f 1121 997 999
f 1001 1004 1120
f 1121 994 997
f 1122 992 994
f 1122 994 1121
f 1123 989 1122
f 1122 989 992
f 987 956 984
f 989 1123 956
f 989 956 987
f 211 212 984
f 210 981 212
f 212 981 984
f 1124 214 215
f 216 217 1124
f 1124 217 984
f 217 213 984
f 1124 215 216
f 984 213 211
f 1124 206 214
f 1124 205 206
f 854 855 1125
f 1125 858 859
f 940 850 851
f 861 862 893
f 893 862 863
f 860 849 940
f 940 849 850
f 852 853 940
f 940 853 1125
f 1125 853 854
f 1125 855 856
f 893 859 848
f 941 869 870
f 870 871 941
f 941 871 940
f 940 871 860
f 856 857 1125
f 1125 857 858
f 848 847 893
f 893 847 861
f 893 863 864
f 941 867 868
f 940 851 852
f 865 866 941
f 941 866 867
f 868 869 941
f 864 865 893
f 893 865 941
f 939 785 784
f 939 784 1126
f 1126 784 783
f 1126 783 782
f 793 794 1125
f 788 940 795
f 788 789 940
f 940 789 790
f 1125 794 940
f 940 794 795
f 788 795 787
f 940 790 791
f 786 785 939
f 782 781 1125
f 1125 781 793
f 791 792 940
f 940 792 939
f 939 792 786
f 742 741 1126
f 737 939 1126
f 1127 735 742
f 737 736 939
f 738 737 1126
f 1126 741 738
f 937 734 1127
f 1127 734 735
f 741 739 738
f 732 733 937
f 937 733 734
f 740 738 739
f 731 732 937
f 939 736 937
f 937 736 731
f 707 709 708
f 716 712 1127
f 712 710 1127
f 1127 710 937
f 937 710 711
f 937 711 936
f 936 711 709
f 706 718 936
f 936 718 946
f 946 718 717
f 651 652 946
f 946 652 653
f 653 654 946
f 946 654 687
f 709 707 936
f 936 707 706
f 717 657 658
f 946 687 1128
f 1128 687 688
f 657 717 656
f 663 661 713
f 713 661 662
f 717 658 946
f 946 658 659
f 662 660 713
f 713 660 717
f 717 660 656
f 659 655 946
f 946 655 651
f 421 364 365
f 419 420 947
f 947 420 956
f 956 420 421
f 363 359 956
f 956 359 360
f 421 365 366
f 421 366 956
f 956 366 363
f 1124 956 1129
f 244 245 900
f 245 241 900
f 900 241 896
f 901 910 600
f 608 606 901
f 894 607 605
f 910 599 600
f 901 606 894
f 901 600 611
f 901 611 608
f 608 611 610
f 610 611 612
f 610 612 609
f 1106 1131 1130
f 1106 1130 1105
f 1130 895 1105
f 1099 1100 1131
f 1099 1131 1106
f 1097 1132 1100
f 1100 1102 1097
f 1097 1095 1132
f 1067 1072 1066
f 1067 1061 1072
f 1062 1061 1067
f 1059 716 1127
f 1059 1127 1126
f 1126 1127 742
f 1059 715 716
f 713 714 1060
f 1060 714 715
f 1060 715 1059
f 674 665 663
f 1060 684 713
f 713 684 685
f 675 665 674
f 663 685 679
f 713 685 663
f 667 666 664
f 665 675 676
f 665 677 670
f 665 670 664
f 664 670 669
f 664 669 668
f 676 677 665
f 664 668 667
f 680 678 674
f 663 679 674
f 674 679 680
f 671 672 678
f 678 672 673
f 678 673 674
f 682 683 894
f 894 683 1060
f 1060 683 684
f 605 691 692
f 604 690 605
f 605 690 691
f 694 695 605
f 605 695 894
f 692 693 605
f 894 695 686
f 686 681 894
f 894 681 682
f 605 693 694
f 1128 602 1133
f 689 604 603
f 689 603 688
f 688 603 1128
f 1128 603 602
f 604 689 690
f 602 601 1133
f 1133 601 1134
f 1134 601 599
f 579 578 1135
f 1136 580 1135
f 1135 580 579
f 588 910 587
f 1134 599 910
f 1134 910 588
f 1134 588 589
f 1134 589 583
f 1135 578 910
f 578 577 910
f 910 577 587
f 1137 580 1136
f 581 580 1137
f 1134 583 584
f 1134 584 1133
f 1133 584 585
f 1133 585 586
f 1137 582 581
f 1135 524 525
f 1138 537 538
f 1135 525 526
f 535 536 1136
f 1136 536 537
f 526 527 1135
f 1135 527 1136
f 527 528 1136
f 528 535 1136
f 478 484 482
f 487 485 483
f 484 488 483
f 489 488 484
f 530 467 489
f 534 532 947
f 947 532 533
f 483 488 487
f 1139 529 524
f 1139 524 1135
f 478 482 479
f 479 482 480
f 1138 538 534
f 533 477 947
f 530 489 531
f 531 489 484
f 531 484 533
f 533 478 477
f 484 478 533
f 481 479 480
f 476 472 1140
f 1140 472 469
f 474 475 947
f 947 475 476
f 473 474 947
f 947 477 473
f 467 1141 468
f 530 529 467
f 467 529 1139
f 1140 469 1142
f 469 470 1142
f 470 471 1142
f 1142 471 468
f 1142 468 1141
f 488 486 487
f 427 426 419
f 419 426 425
f 419 425 422
f 422 425 423
f 423 425 424
f 429 430 947
f 432 428 947
f 427 419 947
f 427 947 428
f 947 430 431
f 431 432 947
f 947 476 1140
f 947 1140 429
f 429 1140 1142
f 429 1142 433
f 910 896 1135
f 1135 896 1141
f 1141 896 1142
f 1142 896 433
f 435 433 896
f 896 434 435
f 434 440 441
f 434 441 437
f 437 441 438
f 437 438 436
f 389 390 896
f 383 370 371
f 371 382 383
f 442 443 392
f 371 381 382
f 380 381 371
f 369 379 371
f 369 378 379
f 896 390 391
f 896 391 392
f 392 443 896
f 368 392 386
f 371 379 380
f 440 434 896
f 440 896 439
f 369 377 378
f 387 385 369
f 369 385 377
f 444 439 896
f 368 386 369
f 1143 400 896
f 896 400 401
f 443 444 896
f 396 397 1143
f 397 398 1143
f 399 400 1143
f 369 386 387
f 395 396 1143
f 401 393 896
f 393 388 896
f 896 388 389
f 1143 398 399
f 392 368 442
f 442 368 367
f 442 367 421
f 421 367 364
f 956 360 361
f 956 361 1144
f 1144 361 362
f 1144 362 394
f 383 384 370
f 370 384 376
f 370 376 372
f 372 376 373
f 376 375 373
f 373 375 374
f 319 1143 316
f 394 395 1143
f 394 1143 319
f 286 316 1143
f 257 256 298
f 1143 896 241
f 1143 241 240
f 287 286 1143
f 240 292 1143
f 1143 292 287
f 263 290 291
f 297 289 290
f 292 240 263
f 290 257 297
f 297 257 298
f 290 263 260
f 297 293 288
f 286 311 316
f 316 311 317
f 254 253 256
f 256 253 252
f 263 291 292
f 306 301 317
f 262 259 290
f 290 259 257
f 257 259 258
f 297 288 289
f 311 303 304
f 256 252 298
f 255 253 254
f 295 296 294
f 252 251 298
f 1124 250 204
f 1124 204 205
f 204 243 900
f 900 243 244
f 300 299 1124
f 1124 299 298
f 293 297 294
f 294 297 295
f 303 311 307
f 307 311 310
f 317 301 302
f 1124 249 250
f 204 250 246
f 311 305 317
f 317 302 1124
f 1124 302 300
f 246 242 204
f 204 242 243
f 307 310 309
f 311 304 305
f 309 308 307
f 305 306 317
f 1124 248 249
f 251 247 1124
f 1124 247 248
f 298 251 1124
f 984 956 1124
f 319 320 1145
f 1145 320 318
f 1145 318 1129
f 1129 318 1124
f 1124 318 317
f 262 290 261
f 261 290 260
f 1137 946 1128
f 1137 1128 1133
f 1137 1133 582
f 582 1133 586
f 859 893 1125
f 947 946 1138
f 947 1138 534
f 946 1137 1138
f 1138 1137 1136
f 1138 1136 537
f 606 607 894
f 1125 1126 782
f 1125 893 1126
f 1126 893 894
f 1126 894 1059
f 1129 956 1144
f 1129 1144 1145
f 1145 1144 394
f 1145 394 319
f 1135 1141 1139
f 1139 1141 467
f 983 1147 1146
f 983 1146 982
f 982 1146 985
f 1148 985 1146
f 1148 986 985
f 986 1148 988
f 1149 988 1148
f 988 1149 990
f 991 990 1149
f 991 1149 1150
f 991 1150 993
f 993 1150 995
f 1151 995 1150
f 1151 996 995
f 1151 998 996
f 998 1151 1152
f 998 1152 1000
f 1000 1152 1153
f 1153 1002 1000
f 1003 1153 1154
f 1003 1002 1153
f 1154 1006 1003
f 1155 1006 1154
f 1006 1155 1007
f 1007 1155 1156
f 1007 1156 1009
f 1156 1011 1009
f 1157 1013 1156
f 1156 1013 1011
f 1015 1157 1158
f 1015 1013 1157
f 1158 1017 1015
f 1159 1017 1158
f 1159 1018 1017
f 1160 1018 1159
f 1018 1160 1020
f 1020 1160 1161
f 1161 1022 1020
f 1024 1161 1162
f 1024 1022 1161
f 1162 1026 1024
f 1163 1026 1162
f 1026 1163 1027
f 1027 1163 1164
f 1027 1164 1029
f 1030 1029 1164
f 1165 1032 1164
f 1164 1032 1030
f 1033 1165 1166
f 1033 1032 1165
f 1166 1036 1033
f 1167 1036 1166
f 1167 1037 1036
f 1168 1037 1167
f 1037 1168 1039
f 1039 1168 1169
f 1169 1041 1039
f 1042 1169 1170
f 1042 1041 1169
f 1170 1045 1042
f 1171 1045 1170
f 1045 1171 1046
f 1046 1171 1172
f 1046 1172 1048
f 1173 1050 1172
f 1172 1050 1048
f 1052 1173 1174
f 1052 1050 1173
f 1174 1054 1052
f 1175 1054 1174
f 1175 1055 1054
f 1175 1057 1055
f 1057 1175 1176
f 1177 1179 1178
f 1177 1178 1180
f 1180 1178 1181
f 1180 1181 1182
f 1180 1182 1183
f 1183 1182 1184
f 1183 1184 1185
f 1185 1184 1186
f 1185 1186 1187
f 1187 1186 1188
f 1187 1188 1189
f 1189 1188 1190
f 1189 1190 1191
f 1189 1191 1192
f 1192 1191 1193
f 1192 1193 1194
f 1194 1193 1195
f 1194 1195 1196
f 1196 1195 1197
f 1196 1197 1198
f 1198 1197 1199
f 1198 1199 1200
f 1198 1200 1201
f 1201 1200 1202
f 1201 1202 1203
f 1203 1202 1204
f 1205 1168 1206
f 1206 1168 1167
f 1206 1167 1207
f 1207 1167 1166
f 1207 1166 1165
f 1207 1165 1208
f 1208 1165 1164
f 1208 1164 1209
f 1209 1164 1163
f 1209 1163 1162
f 1209 1162 1210
f 1210 1162 1161
f 1210 1161 1211
f 1211 1161 1212
f 1212 1161 1160
f 1212 1160 1159
f 1212 1159 1213
f 1213 1159 1158
f 1213 1158 1214
f 1214 1158 1157
f 1214 1157 1156
f 1214 1156 1215
f 1215 1156 1155
f 1215 1155 1154
f 1215 1154 1216
f 1216 1154 1153
f 1216 1153 1217
f 1217 1153 1152
f 1217 1152 1151
f 1217 1151 1218
f 1218 1151 1219
f 1219 1151 1150
f 1219 1150 1220
f 1220 1150 1149
f 1220 1149 1221
f 1221 1149 1148
f 1221 1148 1146
f 1221 1146 1222
f 1222 1146 1147
f 1222 1147 1223
f 1223 1147 1224
f 1223 1224 1225
f 1225 1224 1226
f 1225 1226 1227
f 1225 1227 1228
f 1228 1227 1229
f 1228 1229 1230
f 1230 1229 1231
f 1230 1231 1232
f 1232 1231 1233
f 1232 1233 1234
f 1234 1233 1235
f 1234 1235 1177
f 1177 1235 1179
f 1203 1204 1236
f 1203 1236 1237
f 1237 1236 1238
f 1237 1238 1239
f 1237 1239 1240
f 1240 1239 1241
f 1241 1239 1242
f 1241 1242 1243
f 1241 1243 1244
f 1244 1243 1245
f 1244 1245 1246
f 1244 1246 1247
f 1247 1246 1248
f 1247 1248 1249
f 1249 1248 1176
f 1249 1176 1250
f 1250 1176 1175
f 1250 1175 1174
f 1250 1174 1251
f 1251 1174 1252
f 1252 1174 1173
f 1252 1173 1172
f 1252 1172 1253
f 1253 1172 1171
f 1253 1171 1170
f 1253 1170 1254
f 1254 1170 1205
f 1205 1170 1169
f 1205 1169 1168
f 1057 1176 1255
f 1255 1176 1248
f 1255 1248 1256
f 1257 1248 1246
f 1257 1256 1248
f 1246 1258 1257
f 1245 1258 1246
f 1245 1259 1258
f 1243 1260 1259
f 1243 1259 1245
f 1261 1260 1243
f 1261 1243 1242
f 1261 1242 1262
f 1239 1262 1242
f 1262 1239 1263
f 1238 1264 1239
f 1239 1264 1263
f 1264 1238 1265
f 1236 1265 1238
f 1265 1236 1266
f 1266 1236 1267
f 1267 1236 1204
f 1267 1204 1268
f 1202 1268 1204
f 1268 1202 1269
f 1200 1269 1202
f 1200 1270 1269
f 1270 1200 1271
f 1199 1271 1200
f 1271 1199 1272
f 1272 1199 1197
f 1197 1273 1272
f 1273 1197 1274
f 1195 1274 1197
f 1274 1195 1275
f 1193 1275 1195
f 1193 1276 1275
f 1276 1193 1277
f 1191 1277 1193
f 1277 1191 1278
f 1278 1191 1279
f 1279 1191 1190
f 1279 1190 1280
f 1188 1280 1190
f 1280 1188 1281
f 1186 1282 1188
f 1188 1282 1281
f 1282 1186 1283
f 1184 1283 1186
f 1283 1184 1284
f 1285 1284 1184
f 1285 1184 1182
f 1285 1182 1286
f 1286 1182 1287
f 1181 1287 1182
f 1178 1288 1181
f 1181 1288 1287
f 1288 1178 1289
f 1179 1289 1178
f 1289 1179 1290
f 1290 1179 1291
f 1291 1179 1235
f 1291 1235 1292
f 1233 1292 1235
f 1292 1233 1293
f 1231 1293 1233
f 1231 1294 1293
f 1294 1231 1295
f 1229 1295 1231
f 1295 1229 1296
f 1296 1229 1227
f 1227 1297 1296
f 1226 1297 1227
f 1226 1298 1297
f 1224 1298 1226
f 1224 1299 1298
f 1299 1224 1300
f 1147 1300 1224
f 1300 1147 1301
f 1301 1147 983
f 1058 1057 1255
f 1058 1255 1256
f 1058 1256 1108
f 1108 1256 1257
f 1108 1257 1105
f 1105 1257 1258
f 1105 1258 1107
f 1107 1258 1259
f 1107 1259 1260
f 1107 1260 1106
f 1106 1260 1261
f 1106 1261 1099
f 1099 1261 1262
f 1099 1262 1103
f 1103 1262 1263
f 1103 1263 1264
f 1103 1264 1104
f 1104 1264 1265
f 1104 1265 1101
f 1101 1265 1266
f 1101 1266 1267
f 1101 1267 1102
f 1102 1267 1268
f 1102 1268 1097
f 1097 1268 1269
f 1097 1269 1270
f 1097 1270 1096
f 1096 1270 1271
f 1096 1271 1098
f 1098 1271 1272
f 1098 1272 1094
f 1094 1272 1273
f 1094 1273 1093
f 1093 1273 1274
f 1093 1274 1091
f 1091 1274 1275
f 1091 1275 1276
f 1091 1276 1090
f 1090 1276 1277
f 1090 1277 1088
f 1088 1277 1278
f 1088 1278 1279
f 1088 1279 1086
f 1086 1279 1280
f 1086 1280 1087
f 1087 1280 1281
f 1087 1281 1084
f 1084 1281 1282
f 1084 1282 1082
f 1082 1282 1283
f 1082 1283 1284
f 1082 1284 1079
f 1079 1284 1285
f 1079 1285 1078
f 1078 1285 1286
f 1078 1286 1077
f 1077 1286 1287
f 1077 1287 1288
f 1077 1288 1076
f 1076 1288 1289
f 1076 1289 1075
f 1075 1289 1290
f 1075 1290 1291
f 1075 1291 1071
f 1071 1291 1070
f 1070 1291 1292
f 1070 1292 1073
f 1073 1292 1293
f 1073 1293 1294
f 1073 1294 1066
f 1066 1294 1295
f 1066 1295 1065
f 1065 1295 1296
f 1065 1296 1067
f 1067 1296 1297
f 1067 1297 1068
f 1068 1297 1062
f 1062 1297 1298
f 1062 1298 1299
f 1062 1299 1063
f 1063 1299 1300
f 1063 1300 1064
f 1064 1300 1301
f 1064 1301 983
f 1064 983 981
f 1111 1109 964
f 1112 1111 965
f 1113 1114 968
f 958 956 1123
f 941 938 1110
f 1122 980 1123
f 1123 980 958
f 1121 979 1122
f 1122 979 980
f 1120 978 1121
f 1121 978 979
f 1120 977 978
f 1119 976 977
f 1119 977 1120
f 1119 975 976
f 1118 974 1119
f 1119 974 975
f 1117 973 1118
f 1118 973 974
f 1116 972 1117
f 1117 972 973
f 1116 971 972
f 1115 970 1116
f 1116 970 971
f 1115 969 970
f 1113 969 1115
f 1113 968 969
f 1114 967 968
f 1112 967 1114
f 1112 966 967
f 1112 965 966
f 1111 964 965
f 1109 963 964
f 1109 938 963
f 1110 938 1109
f 1069 1072 919
f 1074 1069 920
f 1081 1080 924
f 892 895 1130
f 900 899 1061
f 1131 935 1130
f 1130 935 892
f 1100 934 1131
f 1131 934 935
f 1100 933 934
f 932 933 1132
f 1132 933 1100
f 931 932 1095
f 1095 932 1132
f 1092 930 1095
f 1095 930 931
f 1092 929 930
f 1089 929 1092
f 1089 928 929
f 1085 928 1089
f 1085 927 928
f 1083 926 1085
f 1085 926 927
f 925 926 1083
f 1081 924 925
f 1081 925 1083
f 1080 923 924
f 1074 923 1080
f 1074 922 923
f 1074 921 922
f 920 921 1074
f 1069 919 920
f 1072 918 919
f 1072 899 918
f 1061 899 1072
f 1302 1304 1303
f 1302 1303 1305
f 1302 1306 1304
f 1307 1309 1308
f 1211 1307 1308
f 1309 1306 1308
f 1308 1306 1302
f 1211 1310 1307
f 1212 1312 1311
f 1212 1311 1211
f 1211 1311 1310
f 1305 1303 1313
f 1212 1313 1314
f 1212 1314 1312
f 1313 1212 1305
f 1305 1212 1315
f 1189 1316 1187
f 1187 1316 1317
f 1187 1317 1318
f 1187 1318 1185
f 1185 1318 1319
f 1185 1319 1183
f 1183 1319 1320
f 1183 1320 1180
f 1180 1320 1321
f 1180 1321 1177
f 1177 1321 1322
f 1177 1322 1323
f 1177 1323 1234
f 1234 1323 1232
f 1232 1323 1324
f 1232 1324 1325
f 1232 1325 1230
f 1230 1325 1326
f 1230 1326 1228
f 1228 1326 1327
f 1228 1327 1225
f 1225 1327 1328
f 1225 1328 1329
f 1225 1329 1223
f 1223 1329 1330
f 1223 1330 1222
f 1222 1330 1331
f 1222 1331 1332
f 1222 1332 1221
f 1221 1332 1333
f 1221 1333 1334
f 1221 1334 1220
f 1220 1334 1335
f 1220 1335 1336
f 1220 1336 1219
f 1219 1336 1337
f 1219 1337 1218
f 1218 1337 1338
f 1218 1338 1217
f 1217 1338 1339
f 1217 1339 1340
f 1217 1340 1216
f 1216 1340 1341
f 1216 1341 1215
f 1215 1341 1342
f 1215 1342 1343
f 1215 1343 1214
f 1214 1343 1344
f 1214 1344 1213
f 1213 1344 1345
f 1213 1345 1212
f 1212 1345 1315
f 1211 1346 1210
f 1210 1346 1347
f 1210 1347 1348
f 1210 1348 1209
f 1209 1348 1349
f 1209 1349 1208
f 1208 1349 1350
f 1208 1350 1351
f 1208 1351 1207
f 1207 1351 1352
f 1207 1352 1353
f 1207 1353 1206
f 1206 1353 1205
f 1205 1353 1354
f 1205 1354 1355
f 1205 1355 1254
f 1254 1355 1356
f 1254 1356 1253
f 1253 1356 1357
f 1253 1357 1252
f 1252 1357 1358
f 1252 1358 1251
f 1251 1358 1359
f 1251 1359 1250
f 1250 1359 1360
f 1250 1360 1361
f 1250 1361 1249
f 1249 1361 1362
f 1249 1362 1247
f 1247 1362 1363
f 1247 1363 1244
f 1244 1363 1364
f 1244 1364 1241
f 1241 1364 1365
f 1241 1365 1366
f 1241 1366 1240
f 1240 1366 1367
f 1240 1367 1237
f 1237 1367 1368
f 1237 1368 1203
f 1203 1368 1369
f 1203 1369 1370
f 1203 1370 1201
f 1201 1370 1371
f 1201 1371 1198
f 1198 1371 1372
f 1198 1372 1373
f 1198 1373 1196
f 1196 1373 1374
f 1196 1374 1194
f 1194 1374 1375
f 1194 1375 1192
f 1192 1375 1376
f 1192 1376 1189
f 1189 1376 1316
f 1211 1308 1346
f 1377 1379 1378
f 1377 1378 1380
f 1377 1380 1381
f 1382 114 112
f 112 114 96
f 112 96 94
f 91 88 112
f 1382 1384 1383
f 1385 1386 1382
f 1382 1387 114
f 94 91 112
f 74 72 112
f 51 105 46
f 1382 1389 1388
f 1382 1388 1390
f 1382 1390 1391
f 1392 1385 1382
f 85 84 112
f 112 79 77
f 57 101 104
f 1382 1393 1384
f 1394 1395 1382
f 1382 1397 1396
f 1382 1386 1387
f 112 88 85
f 84 82 112
f 79 112 82
f 112 77 74
f 112 72 69
f 57 44 67
f 67 64 57
f 57 64 101
f 56 57 104
f 46 57 54
f 54 51 46
f 46 110 112
f 1383 1394 1382
f 1382 1395 1398
f 1382 1398 1389
f 1382 1391 1399
f 1382 1400 1392
f 69 49 112
f 46 44 57
f 104 59 56
f 1401 1402 1393
f 1399 1397 1382
f 1403 1400 1382
f 49 46 112
f 104 62 59
f 105 108 46
f 1404 1405 1393
f 46 108 110
f 1393 1406 1404
f 1382 1408 1407
f 1382 1407 1403
f 1393 1382 1409
f 1409 1410 1393
f 1393 1410 1401
f 1411 1406 1393
f 1393 1405 1412
f 1393 1402 1411
f 1382 1396 1408
f 1380 1413 1381
f 1380 1414 1413
f 1415 97 98
f 1416 95 1417
f 1417 95 97
f 1417 97 1415
f 1418 93 1416
f 1416 93 95
f 1419 92 93
f 1419 93 1418
f 1420 90 1419
f 1419 90 92
f 1421 87 89
f 1421 89 1420
f 1420 89 90
f 1422 86 1421
f 1421 86 87
f 1422 83 86
f 1423 81 83
f 1424 80 1425
f 1425 80 81
f 1425 81 1423
f 76 78 1424
f 1424 78 80
f 1426 75 76
f 1426 73 75
f 73 1427 71
f 1428 70 71
f 1428 71 1427
f 1429 70 1428
f 45 117 1430
f 45 1430 68
f 68 1430 1431
f 68 1431 66
f 66 1431 1432
f 66 1432 65
f 1433 102 65
f 1434 103 1435
f 1435 103 102
f 1435 102 1433
f 1434 63 103
f 63 1434 61
f 1436 61 1434
f 1437 60 1436
f 1436 60 61
f 1438 58 1437
f 1437 58 60
f 1439 55 1438
f 1438 55 58
f 1440 53 55
f 1440 55 1439
f 1441 52 53
f 1441 53 1440
f 1442 107 1443
f 1443 107 106
f 107 1442 1444
f 107 1444 109
f 1445 111 1444
f 1444 111 109
f 1446 113 1445
f 1445 113 111
f 114 1447 98
f 1387 1447 114
f 1387 1448 1447
f 1386 1448 1387
f 1386 1449 1448
f 1385 1449 1386
f 1385 1450 1449
f 1392 1451 1450
f 1400 1452 1392
f 1392 1452 1451
f 1400 1453 1452
f 1403 1455 1454
f 1407 1456 1455
f 1408 1456 1407
f 1408 1457 1456
f 1396 1457 1408
f 1396 1458 1457
f 1396 1459 1458
f 1397 1460 1459
f 1399 1461 1460
f 1388 1462 1390
f 1390 1462 1463
f 1389 1464 1388
f 1388 1464 1462
f 1389 1465 1464
f 1394 1467 1466
f 1383 1467 1394
f 1383 1468 1467
f 1384 1469 1468
f 1470 1469 1384
f 1405 1472 1471
f 1404 1473 1472
f 1406 1473 1404
f 1406 1474 1473
f 1411 1475 1474
f 1402 1475 1411
f 1402 1476 1475
f 1402 1477 1476
f 1391 1479 1478
f 1391 1478 1399
f 1399 1478 1461
f 1397 1399 1460
f 1397 1459 1396
f 1407 1455 1403
f 1403 1454 1453
f 1403 1453 1400
f 1392 1450 1385
f 112 113 1382
f 1382 113 1480
f 1382 1480 1409
f 1409 1480 1481
f 1409 1481 1482
f 1409 1482 1410
f 1410 1482 1483
f 1410 1483 1401
f 1401 1483 1477
f 1401 1477 1402
f 1411 1474 1406
f 1404 1472 1405
f 1405 1471 1412
f 1412 1471 1470
f 1412 1470 1393
f 1393 1470 1384
f 1384 1468 1383
f 1394 1466 1395
f 1395 1466 1484
f 1395 1484 1485
f 1395 1485 1398
f 1398 1485 1486
f 1398 1486 1465
f 1398 1465 1389
f 1390 1463 1479
f 1390 1479 1391
f 1381 1487 1377
f 1488 1377 1487
f 1379 1490 1489
f 1379 1491 1490
f 1379 1377 1491
f 1492 1380 1493
f 1493 1380 1378
f 1493 1378 1379
f 1493 1379 1489
f 1494 115 70
f 115 1496 1495
f 116 115 1495
f 116 1495 50
f 50 1495 1497
f 120 100 99
f 100 120 119
f 119 43 100
f 118 43 119
f 118 45 43
f 1443 106 1441
f 106 52 1441
f 1433 65 1432
f 1445 1444 1498
f 1438 1437 1436
f 1498 1446 1445
f 30 1442 1443
f 28 1440 1439
f 1439 1438 38
f 1431 1430 117
f 30 1444 1442
f 30 1443 1441
f 28 1441 1440
f 38 28 1439
f 39 1436 1434
f 39 1434 1435
f 39 1435 1433
f 41 1433 1432
f 39 1433 41
f 41 1432 1431
f 1498 1444 30
f 35 41 1431
f 30 1441 28
f 38 1438 33
f 35 1431 117
f 25 1498 30
f 33 1438 1436
f 33 1436 39
f 1380 1492 1414
f 1414 1499 1413
f 1413 1499 1500
f 1413 1500 1381
f 1381 1500 1487
f 1427 73 1426
f 1426 76 1424
f 1423 83 1422
f 1415 98 1501
f 1501 1449 1502
f 1503 1451 1504
f 1505 1453 1506
f 1507 1461 1508
f 1509 1415 1501
f 1504 1453 1505
f 1510 1511 159
f 1511 1507 161
f 162 1503 1504
f 1428 123 1429
f 1512 127 1513
f 1514 1516 1515
f 1507 1508 151
f 1503 162 1502
f 1415 135 1417
f 1419 1517 1420
f 1420 1517 1421
f 1423 1518 139
f 1423 139 1425
f 1425 139 1424
f 1424 139 140
f 1424 140 1426
f 1426 140 128
f 1426 128 1427
f 1422 1518 1423
f 1422 1421 142
f 142 1421 1517
f 1517 1419 145
f 145 1419 1418
f 145 1418 135
f 135 1418 1416
f 135 1416 1417
f 1509 135 1415
f 1509 1501 147
f 147 1501 1502
f 1505 1506 157
f 161 159 1511
f 161 1507 151
f 154 1508 1515
f 154 1515 1516
f 1516 1514 1513
f 1516 1513 127
f 127 1512 1519
f 127 1519 136
f 162 1504 157
f 1427 128 1428
f 1428 128 123
f 157 1504 1505
f 159 1506 1510
f 143 1422 142
f 157 1506 159
f 151 1508 154
f 139 1518 1422
f 139 1422 132
f 132 1422 143
f 142 1517 145
f 154 1516 127
f 135 1509 147
f 162 147 1502
f 1520 1466 1521
f 1522 1483 1523
f 1523 1482 1524
f 1525 1527 1526
f 12 1529 1528
f 1530 1527 1525
f 1525 1526 1529
f 1528 1531 19
f 19 1531 1532
f 1533 1446 21
f 7 1520 1521
f 8 1521 1534
f 8 1534 1530
f 8 1530 1525
f 1525 1529 12
f 15 1535 1522
f 15 1522 1523
f 22 1523 1524
f 21 1446 1498
f 7 1536 1520
f 12 1528 19
f 1532 1535 15
f 22 1533 21
f 22 1524 1533
f 21 1498 25
f 7 1521 8
f 12 8 1525
f 15 19 1532
f 22 15 1523
f 1537 1519 1465
f 1536 1539 1538
f 1536 1484 1520
f 1520 1484 1466
f 1466 1467 1521
f 1521 1467 1468
f 1521 1468 1534
f 1534 1468 1469
f 1534 1469 1530
f 1530 1469 1470
f 1530 1470 1527
f 1527 1470 1471
f 1527 1471 1526
f 1526 1471 1472
f 1526 1472 1529
f 1529 1472 1528
f 1528 1472 1473
f 1528 1473 1474
f 1528 1474 1531
f 1531 1474 1532
f 1532 1474 1475
f 1532 1475 1535
f 1535 1475 1476
f 1483 1522 1477
f 1535 1476 1477
f 1535 1477 1522
f 1523 1483 1482
f 1524 1482 1481
f 1524 1481 1533
f 1533 1481 1480
f 1533 1480 1446
f 1446 1480 113
f 98 1447 1501
f 1501 1447 1448
f 1501 1448 1449
f 1502 1449 1450
f 1502 1450 1503
f 1503 1450 1451
f 1451 1452 1504
f 1504 1452 1453
f 1453 1454 1506
f 1506 1454 1455
f 1506 1455 1510
f 1510 1455 1456
f 1510 1456 1457
f 1510 1457 1511
f 1511 1457 1458
f 1511 1458 1459
f 1511 1459 1507
f 1459 1460 1507
f 1507 1460 1461
f 1508 1461 1478
f 1508 1478 1515
f 1515 1478 1479
f 1515 1479 1514
f 1514 1479 1463
f 1514 1463 1513
f 1513 1463 1462
f 1513 1462 1512
f 1512 1462 1464
f 1512 1464 1519
f 1519 1464 1465
f 1540 1485 1538
f 1538 1485 1536
f 1536 1485 1484
f 1540 1486 1485
f 1541 1486 1540
f 1541 1537 1465
f 1541 1465 1486
f 1542 1491 1377
f 1542 1377 1488
f 1491 1542 1490
f 1490 1542 1543
f 1544 1489 1490
f 1414 1492 1545
f 1545 1492 1493
f 1545 1493 1544
f 1544 1493 1489
f 115 1494 1496
f 1429 1494 70
f 1429 123 1494
f 1494 123 121
f 1494 121 1496
f 1495 1496 121
f 1495 121 1497
f 1497 121 122
f 1546 1414 1547
f 1547 1414 1545
f 1547 1545 1548
f 1548 1545 1544
f 50 1497 1549
f 1550 1497 122
f 1549 1497 1550
f 1551 4 120
f 1552 3 1551
f 1551 3 4
f 1553 1546 1547
f 1553 1547 1554
f 1554 1547 1548
f 1554 1548 1555
f 5 1555 1548
f 1548 1544 1490
f 1548 1490 1543
f 1543 7 1548
f 1548 7 5
f 1553 137 1546
f 1414 1546 1499
f 1499 1546 137
f 1499 137 136
f 1556 1558 1557
f 1559 1560 48
f 1561 1562 1556
f 1556 1562 1558
f 1563 48 1560
f 47 1563 1564
f 47 1564 1565
f 1556 1557 1559
f 1556 1559 48
f 1563 47 48
f 1566 1562 1561
f 47 1565 1561
f 1561 1565 1567
f 1561 1567 1566
f 1568 1570 1569
f 1569 1570 1571
f 1562 1303 1304
f 1566 1303 1562
f 1566 1313 1303
f 1567 1313 1566
f 1313 1567 1314
f 1314 1567 1565
f 1314 1565 1312
f 1564 1312 1565
f 1563 1312 1564
f 1563 1311 1312
f 1560 1310 1563
f 1563 1310 1311
f 1559 1310 1560
f 1559 1307 1310
f 1307 1559 1309
f 1309 1559 1557
f 1309 1557 1306
f 1558 1306 1557
f 1558 1304 1306
f 1562 1304 1558
f 1539 1536 1543
f 1536 7 1543
f 1543 1542 1539
f 1539 1542 1538
f 1542 1488 1538
f 1538 1488 1540
f 1540 1488 1487
f 1540 1487 1541
f 1541 1487 1500
f 1541 1500 1537
f 1537 1500 1499
f 1499 136 1537
f 136 1519 1537
f 1346 1308 122
f 122 1308 1550
f 1376 1555 1316
f 1376 1554 1555
f 1375 1553 1376
f 1376 1553 1554
f 3 1315 1345
f 3 1345 2
f 2 1345 1344
f 2 1344 34
f 34 1344 1343
f 34 1343 40
f 40 1343 1342
f 40 1342 42
f 42 1342 1341
f 42 1341 32
f 32 1341 1340
f 32 1340 31
f 31 1340 1339
f 31 1339 1338
f 31 1338 37
f 37 1338 1337
f 37 1337 1336
f 37 1336 36
f 36 1336 1335
f 36 1335 1334
f 36 1334 27
f 27 1334 1333
f 27 1333 26
f 26 1333 1332
f 26 1332 29
f 29 1332 1331
f 29 1331 24
f 24 1331 1330
f 24 1330 23
f 23 1330 1329
f 23 1329 1328
f 23 1328 20
f 20 1328 1327
f 20 1327 14
f 14 1327 1326
f 14 1326 1325
f 14 1325 13
f 13 1325 1324
f 13 1324 1323
f 13 1323 11
f 11 1323 1322
f 11 1322 10
f 10 1322 1321
f 10 1321 18
f 18 1321 1320
f 18 1320 17
f 17 1320 16
f 16 1320 1319
f 16 1319 1318
f 16 1318 9
f 9 1318 1317
f 9 1317 6
f 6 1317 5
f 5 1317 1316
f 5 1316 1555
f 1346 122 1347
f 1347 122 124
f 1347 124 1348
f 1348 124 1349
f 1349 124 129
f 1349 129 1350
f 1350 129 138
f 1350 138 1351
f 1351 138 1352
f 1352 138 130
f 1352 130 1353
f 1353 130 131
f 1353 131 1354
f 1354 131 1355
f 1355 131 141
f 1355 141 1356
f 1356 141 146
f 1356 146 1357
f 1357 146 144
f 1357 144 1358
f 1358 144 1359
f 1359 144 133
f 1359 133 1360
f 1360 133 134
f 1360 134 1361
f 1361 134 148
f 1361 148 1362
f 1362 148 163
f 1362 163 1363
f 1363 163 155
f 1363 155 1364
f 1364 155 156
f 1364 156 1365
f 1365 156 1366
f 1366 156 158
f 1366 158 1367
f 1367 158 160
f 1367 160 1368
f 1368 160 152
f 1368 152 1369
f 1369 152 153
f 1369 153 1370
f 1370 153 149
f 1370 149 1371
f 1371 149 150
f 1371 150 1372
f 1372 150 125
f 1372 125 1373
f 1373 125 126
f 1373 126 1374
f 1374 126 137
f 1374 137 1375
f 1375 137 1553
f 1550 1308 1568
f 3 1552 1305
f 3 1305 1315
f 1305 1570 1302
f 1302 1570 1568
f 1302 1568 1308
f 1569 1549 1568
f 1568 1549 1550
f 1549 1556 50
f 50 1556 48
f 1305 1552 1570
f 1549 1569 1556
f 1551 1571 1552
f 1552 1571 1570
f 1571 1561 1569
f 1569 1561 1556
f 1571 1551 1561
f 99 47 120
f 120 47 1561
f 120 1561 1551

