v -0.04887129 -0.18100001 -0.00607903
v -0.04794554 -0.18099999 -0.01124809
v -0.04843907 -0.18100001 -0.00888907
v -0.04110655 -0.18099996 -0.02708308
v -0.04244086 -0.18099996 -0.02494961
v -0.03972674 -0.18099996 -0.02906075
v 0.03710140 -0.18099996 -0.03232998
v 0.04189782 -0.18099996 -0.02584753
v 0.03915578 -0.18099996 -0.02982203
v -0.03583329 -0.18099996 -0.03372273
v -0.03746271 -0.18099996 -0.03191279
v -0.02982831 -0.18099993 -0.03910332
v -0.03233713 -0.18099993 -0.03706976
v -0.02818790 -0.18099993 -0.04029423
v -0.02262387 -0.18099993 -0.04363373
v -0.01329566 -0.18099992 -0.04727644
v -0.01971046 -0.18099993 -0.04500971
v -0.01596613 -0.18099992 -0.04645280
v 0.01184236 -0.18099992 -0.04765477
v 0.00790402 -0.18099992 -0.04844480
v 0.01339463 -0.18099992 -0.04724873
v -0.01170957 -0.18099992 -0.04768712
v -0.00931308 -0.18099992 -0.04820096
v 0.00549854 -0.18099992 -0.04876437
v 0.00292881 -0.18099992 -0.04897333
v 0.00052061 -0.18099992 -0.04904649
v -0.00526895 -0.18099992 -0.04878863
v 0.04924513 -0.18100001 -0.00003607
v 0.04887132 -0.18100004 0.00600677
v -0.00182970 -0.18100008 0.04894930
v 0.04828745 -0.18100004 0.00960608
v 0.04794556 -0.18100004 0.01117595
v 0.04710762 -0.18100004 0.01428040
v -0.04924512 -0.18100001 -0.00003607
v -0.00603997 -0.18100008 0.04863091
v -0.03915331 -0.18100005 0.02975311
v -0.04189567 -0.18100005 0.02577884
v -0.04349739 -0.18100005 0.02299395
v -0.04854476 -0.18100004 0.00822081
v -0.04824824 -0.18100004 0.00979937
v -0.04898222 -0.18100004 0.00503460
v -0.04911689 -0.18100002 0.00350766
v 0.03972675 -0.18100005 0.02898861
v 0.04197089 -0.18100005 0.02565706
v 0.03746272 -0.18100005 0.03184065
v 0.00222138 -0.18100008 0.04893497
v -0.01702219 -0.18100008 0.04600861
v -0.01396336 -0.18100008 0.04701409
v -0.03195244 -0.18100007 0.03732757
v -0.02999436 -0.18100007 0.03890484
v 0.04911690 -0.18100001 -0.00357988
v 0.04898264 -0.18100001 -0.00510282
v 0.04393572 -0.18100005 0.02215096
v 0.03233714 -0.18100007 0.03699762
v 0.02116845 -0.18100008 0.04427800
v 0.02982832 -0.18100007 0.03903118
v -0.04770662 -0.18100004 0.01214789
v -0.04393572 -0.18099998 -0.02222310
v -0.04527765 -0.18099998 -0.01935380
v 0.04505804 -0.18099998 -0.01985808
v 0.04654647 -0.18099999 -0.01607521
v 0.04900298 -0.18100004 0.00483090
v 0.01292769 -0.18100008 0.04730454
v 0.01597838 -0.18100008 0.04637630
v 0.00957406 -0.18100008 0.04807883
v -0.00845918 -0.18100008 0.04828171
v -0.02442297 -0.18100008 0.04259024
v -0.02716822 -0.18100008 0.04091144
v -0.04918413 -0.18100001 -0.00248059
v -0.04900297 -0.18100001 -0.00490304
v -0.04710761 -0.18099999 -0.01435254
v -0.04648187 -0.18099999 -0.01626049
v 0.04349931 -0.18099996 -0.02306251
v 0.04527778 -0.18100005 0.01928137
v 0.02261229 -0.18100008 0.04356723
v 0.02544164 -0.18100008 0.04199576
v 0.02818799 -0.18100008 0.04022183
v -0.01926623 -0.18100008 0.04512723
v -0.04654517 -0.18100004 0.01600678
v -0.02545199 -0.18099993 -0.04206205
v 0.04770761 -0.18099999 -0.01221622
v 0.04918414 -0.18100002 0.00240845
v 0.04648189 -0.18100004 0.01618835
v 0.03583330 -0.18100005 0.03365059
v 0.00631911 -0.18100008 0.04859680
v -0.02218874 -0.18100008 0.04378217
v -0.03709871 -0.18100005 0.03226090
v -0.03380307 -0.18100005 0.03567427
v -0.04505644 -0.18100005 0.01978954
v 0.03380325 -0.18099993 -0.03574625
v 0.04824904 -0.18100001 -0.00986765
v 0.04854543 -0.18100001 -0.00828907
v 0.03195197 -0.18099993 -0.03740012
v 0.01873862 -0.18099993 -0.04541774
v 0.01723110 -0.18099993 -0.04600375
v 0.02173297 -0.18099993 -0.04407927
v 0.02527388 -0.18099993 -0.04216802
v 0.02731669 -0.18099993 -0.04088516
v 0.04322360 -0.09423089 -0.00006482
v 0.04255507 -0.09420002 0.00411568
v 0.04236161 -0.09420002 -0.00583806
v 0.04304343 -0.09423271 0.00416961
v 0.04178236 -0.09420003 0.00904174
v 0.04269445 -0.09423909 0.00750453
v 0.04218129 -0.09424978 0.01110760
v 0.04044141 -0.09420004 0.01384434
v 0.04172869 -0.09425675 0.01385998
v 0.03893455 -0.09425441 0.01763523
v 0.04029766 -0.09421206 0.02194196
v 0.03628725 -0.09420005 0.02257832
v 0.03943815 -0.09404929 0.02709089
v 0.03504847 -0.09413949 0.02487598
v 0.03213611 -0.09396917 0.02853448
v 0.03906782 -0.09389979 0.02956296
v 0.03007839 -0.09381002 0.03069335
v 0.03860212 -0.09356111 0.03311321
v 0.02595104 -0.09341221 0.03425024
v 0.03835518 -0.09324343 0.03535951
v 0.02276450 -0.09305283 0.03644386
v 0.03825098 -0.09305305 0.03644270
v 0.03811840 -0.09272441 0.03801411
v 0.01920045 -0.09262335 0.03843926
v 0.03804547 -0.09247477 0.03902445
v 0.01716038 -0.09237564 0.03939145
v 0.03793498 -0.09189675 0.04095080
v 0.01292832 -0.09188868 0.04097451
v 0.03788119 -0.09138986 0.04230908
v 0.01000077 -0.09159665 0.04178490
v 0.00560854 -0.09126987 0.04259671
v 0.00343468 -0.09117043 0.04282665
v 0.03785809 -0.09101501 0.04317171
v -0.00164350 -0.09112350 0.04293262
v -0.03785808 -0.09101501 0.04317171
v -0.03789648 -0.09156609 0.04186479
v 0.03784446 -0.09060949 0.04399908
v -0.03783993 -0.09027053 0.04462085
v 0.03783959 -0.09017241 0.04479047
v -0.03784116 -0.08983163 0.04534714
v 0.03784711 -0.08945586 0.04590872
v -0.03784914 -0.08936296 0.04603995
v -0.03787008 -0.08866415 0.04694287
v 0.03787009 -0.08866415 0.04694287
v -0.03789265 -0.08809365 0.04758494
v 0.03789266 -0.08809365 0.04758494
v 0.03792010 -0.08748847 0.04818885
v -0.03793537 -0.08717277 0.04847645
v 0.03796857 -0.08651505 0.04902292
v -0.03800459 -0.08582211 0.04953117
v 0.03800460 -0.08582211 0.04953117
v 0.03804266 -0.08509395 0.05000139
v -0.03806221 -0.08471669 0.05022233
v 0.03810193 -0.08393601 0.05063618
v -0.03810192 -0.08393601 0.05063618
v 0.03814181 -0.08312071 0.05101311
v -0.03816161 -0.08270024 0.05118794
v 0.03820052 -0.08183403 0.05151083
v -0.03823800 -0.08093479 0.05179884
v 0.03827354 -0.08000340 0.05205306
v -0.03830662 -0.07904099 0.05227477
v 0.03833687 -0.07804880 0.05246540
v -0.03835081 -0.07754199 0.05254957
v 0.03837620 -0.07650795 0.05269669
v -0.03839402 -0.07566014 0.05279531
v 0.03839809 -0.07544816 0.05281717
v -0.03843882 -0.07252502 0.05302414
v 0.03843109 -0.07325935 0.05298676
v -0.03845551 -0.06983893 0.05310050
v 0.03845035 -0.07099380 0.05307763
v 0.03845833 -0.06867336 0.05311248
v -0.03845957 -0.06632368 0.05311759
v 0.03845958 -0.06632368 0.05311759
v -0.00616996 -0.09130273 0.04251909
v -0.01046767 -0.09163985 0.04167049
v -0.01468350 -0.09208382 0.04037932
v -0.03795831 -0.09205146 0.04048133
v -0.01675727 -0.09232722 0.03956446
v -0.03807141 -0.09257142 0.03864887
v -0.02143662 -0.09289476 0.03723965
v -0.03822949 -0.09300760 0.03668012
v -0.02435024 -0.09323595 0.03540505
v -0.03849147 -0.09343666 0.03407506
v -0.02700939 -0.09352279 0.03342286
v -0.03861661 -0.09357572 0.03299155
v -0.03108114 -0.09389128 0.02967873
v -0.03890143 -0.09380430 0.03075941
v -0.03931955 -0.09400902 0.02785878
v -0.03400505 -0.09408641 0.02628240
v -0.03969923 -0.09411907 0.02546106
v -0.03628725 -0.09420005 0.02257832
v -0.04055259 -0.09423303 0.02049832
v -0.03780214 -0.09420004 0.01994323
v -0.04095056 -0.09420004 0.01226127
v -0.04172868 -0.09425675 0.01385998
v -0.04218128 -0.09424978 0.01110760
v -0.04236145 -0.09420003 0.00576731
v -0.04251986 -0.09424277 0.00882398
v -0.04291600 -0.09423478 0.00556088
v -0.04314023 -0.09423150 0.00277759
v -0.04255518 -0.09420002 -0.00418643
v -0.04314060 -0.09423149 -0.00284292
v -0.03845957 -0.06649990 -0.05318936
v 0.03845958 -0.06649990 -0.05318936
v -0.03845803 -0.06884293 -0.05318306
v 0.03844941 -0.07115484 -0.05314514
v -0.03844940 -0.07115484 -0.05314514
v 0.03842930 -0.07341045 -0.05304975
v -0.03842562 -0.07370393 -0.05303157
v 0.03839542 -0.07558835 -0.05287461
v -0.03839192 -0.07576695 -0.05285566
v 0.03837313 -0.07664243 -0.05275108
v -0.03834736 -0.07767064 -0.05260076
v -0.03785194 -0.08924755 -0.04627071
v -0.03786824 -0.08871567 -0.04695262
v 0.03785933 -0.08898583 -0.04661636
v 0.03789027 -0.08814976 -0.04759679
v -0.03789026 -0.08814976 -0.04759679
v -0.03791719 -0.08754937 -0.04820298
v 0.03791720 -0.08754937 -0.04820298
v 0.03794824 -0.08691420 -0.04877108
v -0.03794823 -0.08691420 -0.04877108
v 0.03800074 -0.08589578 -0.04955181
v -0.03800073 -0.08589578 -0.04955181
v 0.03803854 -0.08517302 -0.05002491
v -0.03805798 -0.08479853 -0.05024735
v -0.03809753 -0.08402345 -0.05066428
v 0.03811745 -0.08362295 -0.05085889
v -0.03815712 -0.08279631 -0.05122083
v 0.03817673 -0.08237031 -0.05138834
v -0.03819606 -0.08193596 -0.05154702
v 0.03823368 -0.08104264 -0.05183837
v -0.03826937 -0.08011722 -0.05209596
v 0.03828637 -0.07964280 -0.05221247
v -0.03831834 -0.07867127 -0.05242179
v 0.03831835 -0.07867127 -0.05242179
v 0.03784837 -0.08939696 -0.04606388
v 0.03784086 -0.08986263 -0.04537006
v -0.03784215 -0.08974591 -0.04555142
v -0.03784525 -0.09064473 -0.04400255
v 0.03784142 -0.09043203 -0.04440338
v 0.03785130 -0.09084959 -0.04359279
v -0.03785961 -0.09104673 -0.04317417
v -0.03788344 -0.09141827 -0.04231075
v -0.00488270 -0.09123149 -0.04275784
v -0.00270882 -0.09114731 -0.04295055
v 0.00164468 -0.09112334 -0.04300449
v 0.03789912 -0.09159292 -0.04186616
v 0.00617099 -0.09130262 -0.04259085
v 0.01046870 -0.09163977 -0.04174215
v 0.01468451 -0.09208377 -0.04045087
v 0.03796206 -0.09207391 -0.04048211
v 0.03801209 -0.09233382 -0.03961251
v 0.02006561 -0.09272863 -0.03806715
v 0.03814892 -0.09281153 -0.03769907
v 0.02435082 -0.09323590 -0.03547658
v 0.03823399 -0.09301718 -0.03670190
v 0.03838302 -0.09328717 -0.03515837
v 0.02701032 -0.09352276 -0.03349403
v 0.03862223 -0.09358116 -0.03301659
v 0.03003010 -0.09380583 -0.03081246
v 0.03890742 -0.09380804 -0.03078706
v 0.03209535 -0.09396621 -0.02865219
v 0.03932570 -0.09401117 -0.02789036
v 0.03970525 -0.09412033 -0.02549625
v 0.03628787 -0.09419999 -0.02264924
v 0.04055765 -0.09423330 -0.02054179
v 0.03780270 -0.09420000 -0.02001411
v 0.04095090 -0.09420001 -0.01233206
v 0.04173418 -0.09425664 -0.01389973
v 0.04252080 -0.09424272 -0.00888915
v 0.04309651 -0.09423199 -0.00353737
v 0.04320197 -0.09423099 -0.00145375
v -0.00999960 -0.09159636 -0.04185710
v -0.01364643 -0.09196686 -0.04081309
v -0.03796205 -0.09207391 -0.04048211
v -0.03801795 -0.09236012 -0.03951870
v -0.01715929 -0.09237535 -0.03946386
v -0.01919938 -0.09262307 -0.03851172
v -0.03812388 -0.09274061 -0.03801505
v -0.02287701 -0.09306592 -0.03644533
v -0.03847975 -0.09342185 -0.03425268
v -0.03825741 -0.09306610 -0.03644438
v -0.02451537 -0.09325445 -0.03536296
v -0.02830584 -0.09365056 -0.03240539
v -0.03861012 -0.09356910 -0.03311778
v -0.03890888 -0.09380898 -0.03077621
v -0.03213533 -0.09396902 -0.02860729
v -0.03925645 -0.09398484 -0.02834760
v -0.04011853 -0.09419160 -0.02304376
v -0.03460606 -0.09411802 -0.02555891
v -0.03628787 -0.09419999 -0.02264924
v -0.03829066 -0.09424707 -0.01906213
v -0.04078379 -0.09424550 -0.01927495
v -0.03987151 -0.09420000 -0.01547724
v -0.04173417 -0.09425664 -0.01389973
v -0.04239456 -0.09424540 -0.00977413
v -0.04178261 -0.09420001 -0.00911251
v -0.04291732 -0.09423473 -0.00561971
v 0.00911554 -0.09420007 0.04198673
v 0.01705343 -0.09420007 0.03943783
v 0.03501523 -0.09420005 0.02492268
v 0.03297290 -0.09420006 0.02756454
v 0.02830522 -0.09420007 0.03233400
v 0.02295578 -0.09420007 0.03632380
v 0.02006511 -0.09420007 0.03799549
v 0.01234894 -0.09420007 0.04115267
v 0.00416855 -0.09420007 0.04276150
v 0.00083497 -0.09420007 0.04295593
v -0.00250365 -0.09420007 0.04289109
v -0.00582716 -0.09420007 0.04256737
v -0.00911554 -0.09420007 0.04198673
v -0.01393891 -0.09420007 0.04064212
v -0.01857328 -0.09420007 0.03874591
v -0.02152668 -0.09420007 0.03718771
v -0.02435027 -0.09420007 0.03540504
v -0.02954075 -0.09420006 0.03121054
v -0.03297290 -0.09420006 0.02756454
v -0.04803431 -0.10623751 -0.00042228
v -0.04923926 -0.10923111 0.00073272
v -0.04922831 -0.10923094 -0.00133634
v -0.04773389 -0.10559572 -0.00217230
v -0.04914970 -0.10923073 -0.00318553
v -0.04685543 -0.10360665 -0.00363062
v -0.04628516 -0.10221416 -0.00377641
v -0.04890219 -0.10922934 -0.00618240
v -0.04864560 -0.10922638 -0.00832975
v -0.04564706 -0.10053531 -0.00320541
v -0.04520700 -0.09927832 -0.00186330
v -0.04505141 -0.09880780 -0.00003592
v -0.04510817 -0.09898134 0.00109735
v -0.04564622 -0.10053301 0.00313206
v -0.04878426 -0.10922819 0.00716118
v -0.04905725 -0.10923045 0.00444160
v -0.04601249 -0.10151441 0.00357549
v -0.04699564 -0.10393596 0.00344158
v -0.04921449 -0.10923105 0.00172548
v -0.04773392 -0.10559578 0.00210031
v 0.02801827 -0.11829443 -0.06786054
v 0.02286853 -0.12031720 -0.06781153
v 0.02802485 -0.12025096 -0.06678227
v 0.02634598 -0.12467777 -0.06457317
v 0.02804902 -0.12664464 -0.06286927
v -0.01021697 -0.09838458 -0.07580983
v -0.01252039 -0.10100984 -0.07538395
v -0.00525139 -0.09867974 -0.07594900
v 0.01698815 -0.11416180 -0.07149842
v 0.01637820 -0.11502050 -0.07121876
v 0.01932580 -0.11523774 -0.07077967
v -0.01485103 -0.10222883 -0.07505143
v -0.01780049 -0.10108192 -0.07501236
v -0.01594124 -0.10249405 -0.07492920
v 0.01570606 -0.10105114 -0.07517524
v 0.01042619 -0.10235122 -0.07528846
v 0.01485103 -0.10222883 -0.07505143
v 0.01600664 -0.10252868 -0.07491839
v 0.01670724 -0.10311447 -0.07476014
v 0.01713764 -0.11347097 -0.07175227
v 0.00739400 -0.12214772 -0.06883800
v 0.01233203 -0.12016501 -0.06937503
v 0.01339865 -0.11740912 -0.07051601
v -0.01736879 -0.13910945 -0.05815433
v -0.01461789 -0.13764630 -0.05962410
v -0.01566959 -0.13729145 -0.05960152
v -0.01666371 -0.13624959 -0.05997853
v -0.01624986 -0.13683297 -0.05973530
v -0.01715737 -0.11044133 -0.07283371
v -0.01717586 -0.10690079 -0.07387766
v -0.02134422 -0.10746416 -0.07331300
v -0.01654529 -0.10293335 -0.07480593
v -0.01718628 -0.10427141 -0.07449386
v 0.01729428 -0.12603247 -0.06571900
v 0.01760828 -0.12703076 -0.06510793
v 0.01942280 -0.12314396 -0.06692643
v 0.01742461 -0.14781277 -0.05340621
v 0.01741024 -0.14931957 -0.05267016
v 0.01976325 -0.14633688 -0.05340249
v 0.01896696 -0.15210810 -0.05084490
v 0.01737133 -0.15356912 -0.05076784
v 0.01672752 -0.15827335 -0.04921491
v 0.01901994 -0.15710922 -0.04879395
v 0.01725505 -0.15718502 -0.04940949
v 0.01616622 -0.15884435 -0.04921373
v 0.01510788 -0.15936267 -0.04938280
v 0.01553020 -0.16213009 -0.04846894
v -0.01043260 -0.16219926 -0.04978239
v -0.00672273 -0.16013215 -0.05094698
v -0.01232484 -0.15969676 -0.05004027
v -0.01673507 -0.15826331 -0.04921572
v -0.01936469 -0.15852410 -0.04816541
v -0.01583618 -0.15906724 -0.04924890
v -0.01720323 -0.15736233 -0.04936478
v -0.01734616 -0.15657887 -0.04959636
v 0.00525481 -0.12886693 -0.06559096
v 0.00318361 -0.13327254 -0.06335700
v 0.00617365 -0.13097456 -0.06442112
v 0.00882920 -0.12595187 -0.06684843
v 0.01022082 -0.12781830 -0.06574165
v 0.01423270 -0.12498739 -0.06675135
v 0.01414128 -0.12308165 -0.06774954
v 0.01330965 -0.12539503 -0.06665862
v 0.01483318 -0.12488885 -0.06672040
v 0.01652008 -0.12527734 -0.06625968
v 0.01581831 -0.12498149 -0.06652757
v 0.00336238 -0.10024713 -0.07581069
v 0.00448742 -0.09870797 -0.07596247
v -0.00276357 -0.09875540 -0.07598507
v -0.01430413 -0.09798966 -0.07562826
v -0.01537103 -0.09752746 -0.07560009
v -0.01973623 -0.09317168 -0.07550917
v -0.02130075 -0.09625801 -0.07522787
v -0.02818902 -0.09116159 -0.07453591
v -0.02797627 -0.09353861 -0.07466391
v -0.02773487 -0.09135633 -0.07474179
v -0.02480907 -0.09630097 -0.07487731
v -0.02797889 -0.09915007 -0.07423795
v -0.02482867 -0.10471617 -0.07362385
v -0.02798112 -0.10158495 -0.07387474
v -0.02798634 -0.10548975 -0.07302585
v -0.02799783 -0.11120585 -0.07115930
v -0.02485491 -0.11037112 -0.07194619
v -0.02799233 -0.10875037 -0.07205226
v -0.02798954 -0.10732982 -0.07250636
v -0.02487685 -0.11392434 -0.07054280
v -0.02800913 -0.11541793 -0.06932119
v -0.02603495 -0.15053999 -0.04849838
v -0.02813524 -0.14790820 -0.04882328
v -0.02815106 -0.15263428 -0.04625133
v -0.02612582 -0.17734745 -0.04166989
v -0.02284919 -0.17459188 -0.04361625
v -0.02116194 -0.17737806 -0.04437170
v -0.00675789 -0.17743440 -0.04862870
v -0.00206439 -0.17744039 -0.04902957
v 0.00546506 -0.17743669 -0.04878443
v 0.02645657 -0.13905518 -0.05516271
v 0.02812955 -0.14637411 -0.04973510
v 0.02809966 -0.13885856 -0.05459078
v 0.02806721 -0.13112566 -0.05988184
v 0.02800202 -0.11281355 -0.07050203
v 0.02799560 -0.11019495 -0.07154316
v 0.02454069 -0.11320525 -0.07089845
v 0.02799037 -0.10768974 -0.07239553
v 0.02798493 -0.10438789 -0.07329974
v 0.02451466 -0.10894641 -0.07247869
v 0.02274243 -0.10397011 -0.07402876
v 0.02798080 -0.10110436 -0.07395568
v 0.02797672 -0.09382977 -0.07465249
v 0.02818902 -0.09116159 -0.07453591
v 0.02506698 -0.09206527 -0.07502877
v 0.02326834 -0.09248058 -0.07520448
v 0.01542402 -0.09748085 -0.07560047
v 0.01745430 -0.09760030 -0.07544558
v 0.01973622 -0.09317168 -0.07550918
v -0.00800894 -0.10240015 -0.07538296
v -0.00450492 -0.10244817 -0.07547590
v -0.02326808 -0.09248064 -0.07520451
v -0.01955070 -0.09901751 -0.07513538
v -0.02481459 -0.09979832 -0.07452392
v -0.00017256 -0.12795103 -0.06620341
v -0.00229373 -0.12954290 -0.06535452
v -0.00108870 -0.13649887 -0.06169181
v -0.02132794 -0.10464543 -0.07403001
v -0.02135379 -0.10887811 -0.07289100
v -0.01713967 -0.11313068 -0.07188205
v -0.02131544 -0.10183869 -0.07458080
v -0.02139478 -0.11385060 -0.07108562
v -0.01710854 -0.11699994 -0.07029152
v -0.01970091 -0.11882727 -0.06909334
v -0.02318451 -0.11888881 -0.06849211
v -0.01704671 -0.12311417 -0.06732956
v -0.02234854 -0.12174521 -0.06714688
v -0.01701060 -0.12617096 -0.06569099
v -0.02801606 -0.11766139 -0.06819538
v -0.01696972 -0.12936153 -0.06390510
v -0.02324645 -0.12463611 -0.06533599
v -0.01688490 -0.13543674 -0.06040062
v -0.02803059 -0.12188823 -0.06583256
v -0.02588026 -0.13186052 -0.06012318
v -0.02805249 -0.12755647 -0.06227351
v -0.02807647 -0.13332926 -0.05837505
v -0.02810467 -0.14004532 -0.05379182
v -0.02510902 -0.13906415 -0.05569682
v -0.00539518 -0.13968213 -0.05982394
v -0.00541576 -0.13184932 -0.06400461
v -0.00743269 -0.13331376 -0.06306475
v -0.00332972 -0.13816468 -0.06074724
v -0.00943468 -0.14259233 -0.05786072
v -0.01128716 -0.13604966 -0.06110836
v -0.01143969 -0.14400631 -0.05680206
v -0.01319153 -0.13736719 -0.06005887
v -0.01475436 -0.14203741 -0.05715526
v -0.01434280 -0.14601453 -0.05516044
v -0.01655743 -0.14751248 -0.05381630
v -0.01721316 -0.14833462 -0.05321182
v -0.01738414 -0.15213461 -0.05137932
v -0.01929913 -0.15210232 -0.05072605
v -0.02020360 -0.15566130 -0.04887239
v -0.01741048 -0.14929482 -0.05268201
v -0.02013114 -0.14921454 -0.05178692
v -0.01918539 -0.14345123 -0.05516851
v -0.02091748 -0.14343272 -0.05460325
v -0.02081386 -0.13619125 -0.05894009
v -0.02159469 -0.13039623 -0.06227848
v -0.02187975 -0.15205471 -0.04972033
v -0.02268049 -0.14773437 -0.05154531
v -0.02257264 -0.13908021 -0.05661391
v -0.02278909 -0.15916181 -0.04644094
v -0.02276682 -0.15632041 -0.04748773
v -0.02418656 -0.13185379 -0.06065501
v -0.02438801 -0.15057337 -0.04930251
v -0.02431657 -0.14339325 -0.05332869
v -0.02605829 -0.15410882 -0.04674435
v -0.02608859 -0.15979326 -0.04446714
v -0.02811404 -0.14235081 -0.05226839
v -0.02598009 -0.14337249 -0.05262113
v -0.01675512 -0.16140437 -0.04825597
v -0.01491781 -0.15940216 -0.04942781
v -0.02610516 -0.16403410 -0.04322220
v -0.02528461 -0.16122857 -0.04446933
v -0.02280777 -0.16199183 -0.04556304
v -0.02197719 -0.16412418 -0.04542731
v -0.00858767 -0.16221793 -0.05012147
v -0.00766877 -0.16433153 -0.04978871
v -0.00358440 -0.16026002 -0.05121384
v -0.00580560 -0.16434439 -0.05002945
v -0.00092570 -0.16030447 -0.05130675
v -0.02817879 -0.16469026 -0.04174414
v -0.02817479 -0.16224952 -0.04239392
v -0.02027001 -0.16415790 -0.04620088
v -0.01765720 -0.16420521 -0.04724201
v -0.01498955 -0.16424786 -0.04813842
v -0.01228165 -0.16568413 -0.04860661
v -0.02816824 -0.15903170 -0.04345874
v -0.02816174 -0.15636952 -0.04451550
v -0.00206007 -0.16645186 -0.04991581
v 0.00096915 -0.16030422 -0.05130620
v 0.00075950 -0.16225673 -0.05080264
v -0.00112053 -0.16784173 -0.04972710
v -0.00581228 -0.16713317 -0.04952611
v -0.01854906 -0.16699249 -0.04635948
v -0.02449415 -0.16828716 -0.04332131
v -0.01590411 -0.16842626 -0.04710683
v -0.00300237 -0.16922222 -0.04947757
v -0.02770624 -0.17453788 -0.04073130
v -0.02917629 -0.17539574 -0.03966233
v 0.01734534 -0.15659630 -0.04959027
v 0.02581727 -0.17316318 -0.04202266
v 0.02818749 -0.17637031 -0.04033509
v 0.02740506 -0.17103854 -0.04119353
v 0.02581960 -0.17734948 -0.04185872
v 0.02418561 -0.17039256 -0.04321764
v 0.02873079 -0.16836455 -0.04063901
v 0.02336323 -0.17319497 -0.04342159
v 0.02167849 -0.17043209 -0.04451342
v 0.02083238 -0.17322512 -0.04467716
v 0.02660909 -0.16754316 -0.04218428
v 0.02083611 -0.17737989 -0.04452390
v 0.02333945 -0.16479960 -0.04459357
v 0.02335047 -0.16760789 -0.04405034
v 0.02660240 -0.16472763 -0.04275366
v 0.01822316 -0.16909011 -0.04617788
v 0.01910418 -0.17185795 -0.04553286
v 0.02902939 -0.16605760 -0.04085082
v 0.02817580 -0.16329360 -0.04209974
v 0.01735550 -0.17464277 -0.04605066
v 0.01646156 -0.17050299 -0.04666675
v 0.02817871 -0.15986943 -0.04315277
v 0.02331649 -0.16056670 -0.04572579
v 0.01467555 -0.17190658 -0.04712669
v 0.01467984 -0.17466329 -0.04696123
v 0.01994492 -0.16486663 -0.04618615
v 0.00823100 -0.16151667 -0.05035659
v 0.00880838 -0.16000152 -0.05067464
v 0.00618557 -0.16015987 -0.05100479
v 0.02412894 -0.15771194 -0.04628228
v 0.02816461 -0.15754163 -0.04403097
v 0.02078808 -0.16203441 -0.04650074
v 0.00357278 -0.16225046 -0.05069654
v 0.00824536 -0.16502628 -0.04955956
v 0.00263870 -0.16435799 -0.05027924
v 0.01191085 -0.16147698 -0.04964057
v 0.00732686 -0.16920359 -0.04904645
v 0.01009477 -0.16500932 -0.04922720
v 0.00545886 -0.16921358 -0.04927951
v 0.00264245 -0.16783927 -0.04967683
v 0.00545389 -0.16643979 -0.04967709
v 0.01645215 -0.16772231 -0.04702205
v 0.01376083 -0.16775779 -0.04786619
v 0.01103753 -0.17331363 -0.04799987
v 0.01643068 -0.16352315 -0.04783223
v 0.02815791 -0.15498511 -0.04512546
v 0.02410191 -0.15415305 -0.04774462
v 0.01102927 -0.16917528 -0.04836860
v 0.02076147 -0.15849593 -0.04759635
v 0.01374844 -0.16496624 -0.04835576
v 0.00733275 -0.17333373 -0.04868501
v 0.00358629 -0.17334585 -0.04908456
v 0.00264450 -0.17060214 -0.04934799
v 0.02573326 -0.15197568 -0.04792944
v 0.02814093 -0.14952648 -0.04790003
v 0.00170432 -0.17334872 -0.04917677
v -0.00112172 -0.17197871 -0.04928087
v -0.01046050 -0.16918035 -0.04849179
v -0.01501873 -0.17190319 -0.04701976
v -0.01321199 -0.17192015 -0.04755173
v -0.01856152 -0.17047638 -0.04588283
v 0.00264664 -0.17744000 -0.04900439
v -0.00488379 -0.17334260 -0.04897891
v -0.00675034 -0.16920698 -0.04912604
v -0.00861828 -0.17332765 -0.04848057
v -0.01943822 -0.17324054 -0.04529354
v -0.02115069 -0.16974300 -0.04484247
v -0.02691584 -0.16964412 -0.04167470
v -0.02450159 -0.17178491 -0.04290218
v -0.00112213 -0.17471600 -0.04912543
v -0.01046989 -0.17468919 -0.04805702
v -0.01769204 -0.17463998 -0.04592400
v -0.03061054 -0.16923520 -0.03911665
v -0.01412217 -0.17466718 -0.04712985
v -0.03000832 -0.16610974 -0.04012615
v 0.02272313 -0.09766892 -0.07498010
v 0.02797760 -0.09587146 -0.07454748
v 0.01430412 -0.09798966 -0.07562827
v 0.02272783 -0.09976380 -0.07474861
v 0.02022470 -0.11740154 -0.06969287
v 0.02275256 -0.10608225 -0.07352950
v 0.02101965 -0.10887116 -0.07293124
v 0.02104205 -0.11170816 -0.07196503
v 0.02472743 -0.13329796 -0.05955849
v 0.02478902 -0.13906623 -0.05581881
v 0.02483355 -0.14338689 -0.05311488
v 0.02487502 -0.14769734 -0.05059623
v 0.02408350 -0.15201063 -0.04874045
v 0.02156974 -0.15349190 -0.04920397
v 0.02320284 -0.14772578 -0.05132904
v 0.02044046 -0.13329037 -0.06081073
v 0.02309932 -0.13907696 -0.05643275
v 0.02144884 -0.14342682 -0.05441867
v 0.02152205 -0.14919147 -0.05126083
v 0.01716719 -0.10868516 -0.07338194
v 0.01717968 -0.10601922 -0.07409947
v 0.01718628 -0.10427141 -0.07449386
v 0.02800953 -0.11551387 -0.06927495
v 0.01671610 -0.11734185 -0.07018668
v 0.01938484 -0.12026005 -0.06843463
v 0.01756554 -0.13276282 -0.06181287
v 0.02291722 -0.12463185 -0.06541105
v 0.01965932 -0.13909724 -0.05753098
v 0.01746621 -0.14350671 -0.05565510
v 0.00609416 -0.10242975 -0.07544021
v 0.00928246 -0.09845513 -0.07584285
v 0.00258071 -0.10246293 -0.07550474
v 0.01587087 -0.12020873 -0.06895636
v 0.00290090 -0.12562150 -0.06734635
v 0.00121049 -0.13477139 -0.06260868
v 0.01715696 -0.09358501 -0.06407949
v 0.01973622 -0.09317169 -0.07400331
v 0.02116368 -0.09291090 -0.06407949
v 0.02303971 -0.09253014 -0.06407949
v 0.02773491 -0.09135634 -0.06407969
v -0.02110422 -0.09292224 -0.06407949
v -0.02298537 -0.09254181 -0.06407949
v -0.02773490 -0.09135634 -0.06407969
v -0.01708718 -0.09359521 -0.06407949
v -0.01973623 -0.09317168 -0.07400331
v -0.01698517 -0.09361002 -0.07420565
v -0.01277387 -0.09413318 -0.06407949
v -0.01396606 -0.09400211 -0.07439189
v -0.00934761 -0.09443952 -0.07460552
v -0.00822924 -0.09451784 -0.06407949
v -0.00353050 -0.09473553 -0.06407949
v -0.00465606 -0.09469945 -0.07473539
v 0.00009450 -0.09478410 -0.07477810
v -0.00114990 -0.09477900 -0.06407949
v 0.00361795 -0.09473308 -0.06407949
v 0.00248780 -0.09476001 -0.07476594
v 0.00831446 -0.09451224 -0.06407949
v 0.00555225 -0.09466355 -0.07471733
v 0.00919637 -0.09445072 -0.07461108
v 0.01060839 -0.09433863 -0.06407949
v 0.01285277 -0.09412489 -0.07445123
v 0.01746063 -0.09354001 -0.07417292
v -0.00805750 -0.09452917 0.07457808
v -0.00622670 -0.09463254 0.06400762
v -0.00511708 -0.09468203 0.07465463
v 0.02628063 -0.09175775 0.06400763
v 0.02797592 -0.09128638 0.06400763
v 0.02609021 -0.09180762 0.07485063
v 0.02797591 -0.09128639 0.07464238
v 0.02251880 -0.09264062 0.07520173
v 0.02089072 -0.09296285 0.06400763
v 0.01973615 -0.09317194 0.07543734
v 0.01973615 -0.09317194 0.07393147
v 0.01686114 -0.09362812 0.06400763
v 0.01642909 -0.09368920 0.07417091
v 0.01028614 -0.09436592 0.06400762
v 0.00982258 -0.09440333 0.07451563
v 0.00564756 -0.09465959 0.06400762
v 0.00757394 -0.09455913 0.07459304
v 0.00416323 -0.09471671 0.07467210
v 0.00089866 -0.09478121 0.06400762
v -0.00044673 -0.09478360 0.07470587
v -0.00386660 -0.09472602 0.06400762
v -0.01084752 -0.09431817 0.06400763
v -0.01046151 -0.09435131 0.07448997
v -0.01517775 -0.09385561 0.07424977
v -0.01308783 -0.09410014 0.06400763
v -0.01738213 -0.09355196 0.06400763
v -0.01973616 -0.09317194 0.07393147
v -0.02342704 -0.09244603 0.07511770
v -0.02137610 -0.09287022 0.06400763
v -0.01973616 -0.09317194 0.07543734
v -0.02502071 -0.09207678 0.06400763
v -0.02672551 -0.09163895 0.07478228
v -0.02797591 -0.09128639 0.07464238
v -0.02797591 -0.09128638 0.06400763
v -0.03193953 -0.08040441 0.06400765
v 0.03831913 -0.08524075 0.06400765
v 0.03193953 -0.08040441 0.06400765
v 0.03845955 -0.06632369 0.06400768
v 0.03844837 -0.07312603 0.06400766
v -0.03845954 -0.06632369 0.06400768
v -0.03838458 -0.08040441 0.06400765
v -0.03844194 -0.07435387 0.06400771
v -0.03831912 -0.08524075 0.06400765
v -0.03831912 -0.08524054 -0.06407975
v 0.02818902 -0.09116161 -0.06407977
v 0.03831913 -0.08524054 -0.06407975
v -0.03837235 -0.08134838 -0.06407975
v -0.02818901 -0.09116161 -0.06407977
v 0.03844101 -0.07450958 -0.06407974
v -0.03845954 -0.06649989 -0.06407972
v 0.03845955 -0.06649989 -0.06407972
v 0.03068477 -0.08970281 -0.07251212
v 0.03834651 -0.08522452 -0.06701522
v -0.04673716 -0.10914821 -0.01876799
v -0.04480824 -0.10176572 -0.01344387
v -0.04772506 -0.10920251 -0.01396777
v -0.04810471 -0.10921506 -0.01186462
v -0.04242585 -0.09798424 -0.01810221
v -0.04610838 -0.10909349 -0.02154974
v -0.04266500 -0.10161089 -0.02391779
v -0.04468138 -0.10888789 -0.02752407
v -0.04347480 -0.10858390 -0.03247927
v -0.04145392 -0.10134540 -0.02962021
v -0.04247300 -0.10818663 -0.03668445
v -0.04089735 -0.10113584 -0.03236280
v -0.04163953 -0.10769777 -0.04034305
v -0.04038527 -0.10086226 -0.03501970
v -0.04085407 -0.10702543 -0.04402260
v -0.04020262 -0.10620913 -0.04734995
v -0.03975668 -0.10542257 -0.04985450
v -0.03955882 -0.10498162 -0.05105145
v -0.03912916 -0.10370725 -0.05392331
v -0.03888710 -0.10266902 -0.05579497
v -0.03865877 -0.10126308 -0.05786553
v -0.03853695 -0.10018026 -0.05918811
v -0.03836259 -0.09750742 -0.06173687
v -0.03829764 -0.09506274 -0.06343844
v -0.03828172 -0.09288598 -0.06459935
v -0.03829261 -0.09012190 -0.06571919
v -0.03831609 -0.08774938 -0.06643875
v -0.03834650 -0.08522452 -0.06701522
v -0.03506222 -0.08714420 -0.06924705
v 0.04108264 -0.09784611 -0.02492283
v 0.03828900 -0.09061366 -0.06554436
v 0.03831704 -0.08766693 -0.06646042
v 0.03828322 -0.09346182 -0.06431933
v 0.03830192 -0.09533419 -0.06327253
v 0.03840865 -0.09845831 -0.06092797
v 0.03864110 -0.10112564 -0.05804502
v 0.03882010 -0.10231310 -0.05636352
v 0.03919043 -0.10392454 -0.05348459
v 0.03934632 -0.10441767 -0.05241651
v 0.03971647 -0.10533844 -0.05009285
v 0.04044173 -0.10654523 -0.04609104
v 0.03951621 -0.10008384 -0.04003745
v 0.04114325 -0.10730393 -0.04263411
v 0.04038528 -0.10086226 -0.03501970
v 0.04186600 -0.10784908 -0.03932888
v 0.04273567 -0.10830739 -0.03556658
v 0.04089736 -0.10113584 -0.03236280
v 0.04440841 -0.10883179 -0.02864387
v 0.04581311 -0.10906117 -0.02281420
v 0.04443674 -0.10540112 -0.02246708
v 0.04392118 -0.10173167 -0.01799113
v 0.04709959 -0.10917217 -0.01708611
v 0.04480825 -0.10176572 -0.01344387
v 0.04790650 -0.10920902 -0.01298896
v 0.04864562 -0.10922638 -0.00832975
v 0.04379340 -0.10867940 -0.03116631
v 0.04188171 -0.09794874 -0.02086455
v -0.03254085 -0.08861794 -0.07108478
v -0.03276972 -0.08848440 0.07084145
v -0.03834650 -0.08522476 0.06694341
v -0.04234590 -0.10155955 0.02533081
v -0.03833112 -0.08648540 0.06667719
v -0.03829899 -0.08938377 0.06589238
v -0.03828523 -0.09385256 0.06404705
v -0.03833469 -0.09672913 0.06226091
v -0.03846486 -0.09932557 0.06002913
v -0.03874968 -0.10189405 0.05692076
v -0.03908230 -0.10353058 0.05419540
v -0.03936775 -0.10447987 0.05220253
v -0.03960784 -0.10509769 0.05067704
v -0.04036862 -0.10644776 0.04639885
v -0.03923929 -0.09968672 0.04178959
v -0.04084177 -0.10701278 0.04401078
v -0.04127683 -0.10741958 0.04193505
v -0.04295077 -0.10839692 0.03458843
v -0.04405002 -0.10874783 0.03004088
v -0.04269171 -0.09799483 0.01665603
v -0.04328940 -0.10168465 0.02093343
v -0.04550722 -0.10902269 0.02403238
v -0.04673716 -0.10914827 0.01869609
v -0.04727274 -0.10918193 0.01618280
v -0.04849069 -0.10922389 0.00936611
v -0.04788327 -0.10920828 0.01304479
v -0.04037602 -0.10085650 0.03499739
v -0.04203716 -0.10795369 0.03850129
v -0.04088823 -0.10113185 0.03233698
v -0.04187611 -0.09794833 0.02082087
v 0.04478978 -0.10172088 0.01337413
v 0.04894663 -0.10922983 0.00567497
v 0.04830303 -0.10922008 0.01059362
v 0.03830888 -0.08840252 0.06618788
v 0.03834651 -0.08522476 0.06694341
v 0.03856862 -0.10049655 0.05875089
v 0.03839027 -0.09811418 0.06116008
v 0.03834212 -0.09695904 0.06209067
v 0.03993461 -0.10576607 0.04875515
v 0.04090797 -0.10708071 0.04368844
v 0.04143566 -0.10754741 0.04119988
v 0.04106170 -0.10429610 0.03735875
v 0.04233389 -0.10151574 0.02530949
v 0.04327581 -0.10164032 0.02091564
v 0.04390202 -0.10168689 0.01792610
v 0.04172708 -0.10138376 0.02816435
v 0.04044173 -0.10654538 0.04601914
v 0.03928350 -0.10422853 0.05276731
v 0.03945752 -0.10471779 0.05162615
v 0.04273567 -0.10830751 0.03549469
v 0.04379340 -0.10867950 0.03109441
v 0.04508680 -0.10896016 0.02578188
v 0.04663577 -0.10914063 0.01915495
v 0.04716275 -0.10917588 0.01671334
v 0.04790650 -0.10920905 0.01291706
v 0.03828157 -0.09262774 0.06464744
v 0.03828900 -0.09061386 0.06547252
v 0.03880047 -0.10220154 0.05646345
v 0.03255057 -0.08861250 0.07100566
v 0.03442089 -0.08751929 0.06963186
v -0.03509570 -0.13459589 -0.04585167
v -0.03612678 -0.13979973 -0.04211345
v -0.03475261 -0.13684230 -0.04558922
v -0.03279113 -0.15101308 -0.04244016
v -0.03117247 -0.15471753 -0.04261666
v -0.03113516 -0.14946918 -0.04490107
v -0.04264560 -0.16802095 -0.02520485
v -0.04355692 -0.15875846 -0.02452395
v -0.04376863 -0.16956073 -0.02294462
v -0.04417587 -0.15566793 -0.02352217
v -0.04830375 -0.12306423 -0.00996888
v -0.04779153 -0.11700299 -0.01263796
v -0.03860040 -0.12089568 -0.04235277
v -0.03731021 -0.11805497 -0.04725439
v -0.03835186 -0.11647118 -0.04503122
v -0.03487492 -0.09018933 -0.06885473
v -0.03726170 -0.08961958 -0.06685376
v -0.03582789 -0.10370572 -0.06181682
v -0.03654618 -0.09784274 -0.06433562
v -0.02894614 -0.12312464 -0.06351406
v -0.03050030 -0.09137394 -0.07253906
v -0.03940538 -0.10768857 -0.04846339
v -0.02945405 -0.15841857 -0.04270023
v -0.02957150 -0.14499806 -0.04895046
v -0.02943738 -0.13187104 -0.05720045
v -0.02912900 -0.11720129 -0.06655204
v -0.03058554 -0.12597628 -0.05879111
v -0.03018014 -0.12892365 -0.05776521
v -0.03023413 -0.12011740 -0.06291086
v -0.03259400 -0.10966296 -0.06425958
v -0.03234112 -0.10818558 -0.06552354
v -0.03372035 -0.10962063 -0.06206450
v -0.03286382 -0.11554009 -0.06019887
v -0.03355023 -0.11695531 -0.05777302
v -0.03170790 -0.12590945 -0.05664987
v -0.03278716 -0.12583786 -0.05447849
v -0.03412550 -0.12131295 -0.05388223
v -0.03131018 -0.13033186 -0.05490440
v -0.02967453 -0.10209311 -0.07175180
v -0.02969149 -0.09902232 -0.07238384
v -0.03135853 -0.10518927 -0.06848934
v -0.03218634 -0.09304634 -0.07080302
v -0.03304744 -0.09616560 -0.06928945
v -0.03121300 -0.10215817 -0.06977896
v -0.03406865 -0.10074592 -0.06642852
v -0.03434126 -0.10372262 -0.06449264
v -0.03358690 -0.09771590 -0.06822573
v -0.03617654 -0.09483891 -0.06621374
v -0.03681490 -0.10223313 -0.06097797
v -0.03525526 -0.09326711 -0.06774434
v -0.03219838 -0.12881756 -0.05407659
v -0.03044314 -0.13402283 -0.05424002
v -0.02921457 -0.13624008 -0.05475929
v -0.03443007 -0.13165002 -0.04833040
v -0.03331146 -0.13170540 -0.05046934
v -0.03408831 -0.12722315 -0.05100970
v -0.03558797 -0.11384950 -0.05469394
v -0.03229252 -0.13396022 -0.05118925
v -0.03665812 -0.11959808 -0.04829406
v -0.03576525 -0.12264407 -0.04919412
v -0.03581376 -0.12561142 -0.04780446
v -0.03489238 -0.11100783 -0.05850422
v -0.03586244 -0.11673819 -0.05205194
v -0.03485487 -0.10518714 -0.06267716
v -0.03619772 -0.10945570 -0.05642372
v -0.03623618 -0.13005969 -0.04519180
v -0.03752405 -0.11075541 -0.05157187
v -0.03739712 -0.11511053 -0.04870244
v -0.03723672 -0.12549986 -0.04439109
v -0.03861564 -0.12539275 -0.04093567
v -0.04015414 -0.12225836 -0.03757393
v -0.04031803 -0.12677780 -0.03621681
v -0.03884146 -0.11348914 -0.04531272
v -0.04069681 -0.11328068 -0.03935956
v -0.04026594 -0.12074577 -0.03764653
v -0.04068524 -0.11622905 -0.03791858
v -0.03646976 -0.10512779 -0.05937557
v -0.03700067 -0.10652483 -0.05687452
v -0.03868667 -0.10636594 -0.05224735
v -0.03975586 -0.10906098 -0.04585987
v -0.04164070 -0.12668480 -0.03269503
v -0.04326871 -0.13268578 -0.02781598
v -0.04231403 -0.13579893 -0.03009444
v -0.04337937 -0.12351394 -0.02803607
v -0.04413901 -0.12650631 -0.02556611
v -0.04493127 -0.12186606 -0.02329832
v -0.04267899 -0.12053887 -0.03052735
v -0.03951997 -0.13289249 -0.03712917
v -0.04318937 -0.11301032 -0.03098126
v -0.04140306 -0.11101522 -0.03839480
v -0.04344017 -0.11077574 -0.03118898
v -0.04430625 -0.11737617 -0.02588673
v -0.04445491 -0.11436003 -0.02606759
v -0.04569717 -0.11723962 -0.02108460
v -0.04521416 -0.11278270 -0.02377133
v -0.04645852 -0.11263018 -0.01894555
v -0.04642700 -0.13555300 -0.01814825
v -0.04599376 -0.12330101 -0.01964382
v -0.04697230 -0.12321196 -0.01602546
v -0.04781359 -0.11243893 -0.01288743
v -0.04864891 -0.11380942 -0.00792997
v -0.04840742 -0.13846157 -0.00952546
v -0.03901668 -0.17418908 -0.03018617
v -0.03567467 -0.17721950 -0.03392436
v -0.04045068 -0.17576480 -0.02814416
v -0.03876203 -0.16489951 -0.03160656
v -0.03767543 -0.16950613 -0.03228785
v -0.03629453 -0.16637720 -0.03434357
v -0.03948901 -0.16491219 -0.03060971
v -0.03750974 -0.17260243 -0.03215879
v -0.03578299 -0.16328369 -0.03551748
v -0.03709044 -0.15872478 -0.03504479
v -0.04071137 -0.16801408 -0.02839301
v -0.04152374 -0.16493173 -0.02750110
v -0.04367302 -0.17576726 -0.02279547
v -0.04310283 -0.17421827 -0.02392602
v -0.04476729 -0.17575069 -0.02054680
v -0.03913284 -0.16029541 -0.03195671
v -0.04049585 -0.16030969 -0.02989818
v -0.04185229 -0.15877570 -0.02785982
v -0.04453625 -0.16027926 -0.02216851
v -0.04188213 -0.17266771 -0.02612207
v -0.04578608 -0.16951965 -0.01837469
v -0.04574708 -0.17572598 -0.01824550
v -0.04567223 -0.14791732 -0.02026549
v -0.04662932 -0.16948892 -0.01602058
v -0.04672904 -0.15711263 -0.01637047
v -0.04483204 -0.16954404 -0.02068503
v -0.04547621 -0.16025269 -0.01984078
v -0.03865756 -0.15417099 -0.03400311
v -0.03892117 -0.14808150 -0.03505130
v -0.04052709 -0.15112266 -0.03161898
v -0.04098369 -0.13281541 -0.03368055
v -0.04010275 -0.14046262 -0.03448926
v -0.03850903 -0.13294363 -0.03939454
v -0.04079411 -0.13739423 -0.03350778
v -0.03820183 -0.14277928 -0.03761016
v -0.04355476 -0.14340168 -0.02634539
v -0.04326605 -0.15261608 -0.02596317
v -0.03791210 -0.13976210 -0.03892953
v -0.04404375 -0.14184590 -0.02521616
v -0.04451295 -0.13875081 -0.02410865
v -0.04571414 -0.14175798 -0.02043376
v -0.04609075 -0.14173493 -0.01922481
v -0.04528744 -0.12336104 -0.02204953
v -0.04283228 -0.11751444 -0.03067169
v -0.04700880 -0.16947158 -0.01482919
v -0.04768656 -0.16633514 -0.01249186
v -0.04679342 -0.14477031 -0.01671953
v -0.04771691 -0.15087356 -0.01289236
v -0.04740267 -0.13855849 -0.01442564
v -0.04667886 -0.11561903 -0.01754982
v -0.04768512 -0.13853414 -0.01320264
v -0.04823023 -0.15082911 -0.01043469
v -0.04864532 -0.15078428 -0.00796774
v -0.04908816 -0.11983471 -0.00398852
v -0.04889833 -0.13221925 -0.00602109
v -0.04797497 -0.16941333 -0.01120684
v -0.03108376 -0.17704524 -0.03814668
v -0.03484704 -0.17563370 -0.03482327
v -0.03217194 -0.17397259 -0.03736775
v -0.03034638 -0.17233250 -0.03896608
v -0.03475856 -0.16941442 -0.03546539
v -0.03594004 -0.17100511 -0.03406133
v -0.03257864 -0.16855147 -0.03760677
v -0.03342235 -0.16936187 -0.03673704
v -0.03128288 -0.15851140 -0.04116445
v -0.03299966 -0.16164473 -0.03871696
v -0.03140849 -0.16310336 -0.03972682
v -0.03409846 -0.16322297 -0.03727746
v -0.03483414 -0.15789635 -0.03790551
v -0.03329790 -0.15707868 -0.03975270
v -0.02952370 -0.14794321 -0.04737299
v -0.03510102 -0.15107331 -0.03971304
v -0.03656259 -0.15110126 -0.03780046
v -0.03761283 -0.15415740 -0.03550938
v -0.03300757 -0.15403453 -0.04106897
v -0.03427002 -0.14729448 -0.04213295
v -0.03705524 -0.14732161 -0.03821950
v -0.02927557 -0.13842116 -0.05328950
v -0.02998094 -0.14353412 -0.04929905
v -0.03112683 -0.13913040 -0.05025769
v -0.03244328 -0.13616444 -0.04980689
v -0.03488754 -0.13982071 -0.04417878
v -0.03146408 -0.14650376 -0.04595016
v -0.03215768 -0.14354843 -0.04653274
v -0.03317186 -0.14206766 -0.04584121
v -0.03697369 -0.14279397 -0.03971549
v -0.03569008 -0.14731176 -0.04020877
v -0.03716407 -0.13601696 -0.04140198
v -0.03694120 -0.13301986 -0.04273756
v -0.03788894 -0.12845482 -0.04191992
v 0.04921564 -0.10923087 -0.00176279
v 0.04923778 -0.10923099 0.00082344
v 0.04886800 -0.10922904 -0.00650127
v 0.04912523 -0.10923059 -0.00357991
v 0.02978496 -0.16148588 -0.04145046
v 0.03066297 -0.11566065 -0.06460338
v 0.03080200 -0.12008675 -0.06182850
v 0.03246994 -0.11262127 -0.06279111
v 0.04342903 -0.14800805 -0.02617125
v 0.04201029 -0.14498578 -0.02975165
v 0.04286616 -0.14955729 -0.02725371
v 0.03885148 -0.15569966 -0.03335833
v 0.03752625 -0.16179842 -0.03379625
v 0.03913285 -0.16029541 -0.03195671
v 0.02952371 -0.14794321 -0.04737299
v 0.02879688 -0.13770023 -0.05441364
v 0.02894614 -0.12312467 -0.06351406
v 0.03001775 -0.14206788 -0.05009580
v 0.04768197 -0.16943365 -0.01242160
v 0.04921520 -0.15067194 -0.00177343
v 0.03781592 -0.10076950 -0.06016338
v 0.03679648 -0.09932221 -0.06307746
v 0.03544893 -0.08947127 -0.06849934
v 0.03993855 -0.16955142 -0.02934546
v 0.03819736 -0.17572810 -0.03113381
v 0.04045070 -0.17576478 -0.02814416
v 0.03837280 -0.17107159 -0.03125941
v 0.04180265 -0.17732964 -0.02603570
v 0.04366283 -0.17732225 -0.02277492
v 0.04248912 -0.17422046 -0.02501346
v 0.04373705 -0.17111029 -0.02289787
v 0.04202675 -0.16802143 -0.02628504
v 0.04483205 -0.16954404 -0.02068503
v 0.03636053 -0.17101832 -0.03360859
v 0.03710368 -0.16640113 -0.03341953
v 0.03620417 -0.17412028 -0.03350740
v 0.03603060 -0.16482867 -0.03492390
v 0.03959681 -0.16337427 -0.03071387
v 0.04445419 -0.16336642 -0.02204220
v 0.04281717 -0.16338786 -0.02541352
v 0.04469884 -0.15411407 -0.02242345
v 0.04521261 -0.15101711 -0.02135944
v 0.04624915 -0.16640709 -0.01728514
v 0.04840743 -0.13846159 -0.00952546
v 0.04823850 -0.16939224 -0.00998566
v 0.04574709 -0.17572597 -0.01824550
v 0.04699992 -0.17257269 -0.01476328
v 0.04879735 -0.14458579 -0.00689804
v 0.04707997 -0.15709314 -0.01516205
v 0.04742502 -0.15089551 -0.01411661
v 0.04638720 -0.15404432 -0.01766999
v 0.03892118 -0.14808151 -0.03505130
v 0.03778564 -0.15263751 -0.03566199
v 0.03991155 -0.15112518 -0.03269224
v 0.04152342 -0.15417549 -0.02923926
v 0.04131065 -0.14805850 -0.03071695
v 0.04226210 -0.15110247 -0.02830918
v 0.04049586 -0.16030969 -0.02989818
v 0.04176728 -0.16031276 -0.02776682
v 0.04366991 -0.15567984 -0.02467208
v 0.04487815 -0.14487933 -0.02275043
v 0.04271426 -0.13884005 -0.02883423
v 0.04323242 -0.13575137 -0.02774443
v 0.04140799 -0.13431737 -0.03247029
v 0.04609076 -0.14173494 -0.01922481
v 0.04492903 -0.13872747 -0.02291230
v 0.04398768 -0.14491867 -0.02511908
v 0.04599377 -0.12330104 -0.01964382
v 0.04492064 -0.12339129 -0.02325019
v 0.04453135 -0.12647729 -0.02436885
v 0.04329869 -0.12962303 -0.02788319
v 0.04678071 -0.13860723 -0.01686572
v 0.04797450 -0.14467809 -0.01182375
v 0.04710092 -0.13858287 -0.01564679
v 0.04794737 -0.13850988 -0.01197811
v 0.04727236 -0.12318246 -0.01481683
v 0.04199622 -0.12970713 -0.03143283
v 0.04174814 -0.12364058 -0.03279068
v 0.04076359 -0.12674648 -0.03504650
v 0.04337938 -0.12351397 -0.02803607
v 0.04039005 -0.11923634 -0.03772684
v 0.04293220 -0.11600833 -0.03076090
v 0.04123171 -0.11469389 -0.03684103
v 0.04209144 -0.11093494 -0.03599563
v 0.04142003 -0.11320191 -0.03696959
v 0.04387924 -0.11293453 -0.02858106
v 0.04010275 -0.14046264 -0.03448926
v 0.03919419 -0.14504056 -0.03529074
v 0.04197346 -0.11909357 -0.03297741
v 0.04437250 -0.11586600 -0.02597097
v 0.04521417 -0.11278273 -0.02377133
v 0.04726045 -0.11554886 -0.01513403
v 0.04637263 -0.11565421 -0.01875604
v 0.04425420 -0.11889029 -0.02581353
v 0.04807433 -0.12309391 -0.01118301
v 0.04862801 -0.14460875 -0.00813117
v 0.04867865 -0.11993227 -0.00765037
v 0.04781360 -0.11243896 -0.01288743
v 0.04573432 -0.11572469 -0.02116536
v 0.04904225 -0.13836604 -0.00461012
v 0.02974961 -0.13185956 -0.05669482
v 0.02946324 -0.12822682 -0.05945634
v 0.03147370 -0.12959094 -0.05502434
v 0.03219838 -0.12881759 -0.05407659
v 0.03255115 -0.12438286 -0.05576314
v 0.03086119 -0.10593548 -0.06893039
v 0.02939881 -0.11867677 -0.06527314
v 0.03242029 -0.11998090 -0.05853393
v 0.03370519 -0.11401366 -0.05925915
v 0.03372035 -0.10962066 -0.06206450
v 0.03366102 -0.10520412 -0.06482545
v 0.03303585 -0.12729421 -0.05319939
v 0.03317431 -0.13245039 -0.05036830
v 0.03117844 -0.13619657 -0.05181455
v 0.03408832 -0.12722316 -0.05100970
v 0.03373152 -0.11840706 -0.05647096
v 0.03510965 -0.12715140 -0.04879381
v 0.03648439 -0.12406766 -0.04678646
v 0.03598962 -0.12114217 -0.04932269
v 0.03558745 -0.13308315 -0.04547081
v 0.03657919 -0.13153769 -0.04396104
v 0.03906686 -0.12535821 -0.03977557
v 0.03844604 -0.12240463 -0.04226269
v 0.03707441 -0.12700979 -0.04429073
v 0.03978147 -0.12832956 -0.03732282
v 0.03911974 -0.13139886 -0.03834082
v 0.03775293 -0.12996852 -0.04182919
v 0.03486827 -0.11977320 -0.05290125
v 0.03458045 -0.12422652 -0.05132171
v 0.03427580 -0.13611233 -0.04672576
v 0.03799326 -0.13296911 -0.04051637
v 0.03614940 -0.11524703 -0.05220850
v 0.03489238 -0.11100786 -0.05850422
v 0.03779887 -0.11506563 -0.04752624
v 0.03646338 -0.11814325 -0.04958646
v 0.03708897 -0.11955502 -0.04713152
v 0.03670044 -0.11084471 -0.05390737
v 0.03564786 -0.10805769 -0.05891621
v 0.03935651 -0.11489276 -0.04279445
v 0.03894537 -0.11788639 -0.04255289
v 0.04014144 -0.11044324 -0.04327242
v 0.03885548 -0.10988400 -0.04813380
v 0.03171729 -0.10819260 -0.06659191
v 0.03056978 -0.10365522 -0.07015461
v 0.03109028 -0.10063086 -0.07038660
v 0.03337683 -0.10371800 -0.06606539
v 0.03501666 -0.10664168 -0.06136703
v 0.03367057 -0.09923063 -0.06759226
v 0.03581348 -0.09930359 -0.06461009
v 0.03621010 -0.09634104 -0.06553804
v 0.03561832 -0.09555992 -0.06658431
v 0.03156543 -0.09760176 -0.07058083
v 0.03400582 -0.09546419 -0.06843281
v 0.02996507 -0.09673027 -0.07245804
v 0.03119436 -0.09374019 -0.07164665
v 0.03419433 -0.09166536 -0.06916899
v 0.03596300 -0.09179833 -0.06745964
v 0.03646976 -0.10512782 -0.05937557
v 0.03700067 -0.10652485 -0.05687452
v 0.03787361 -0.10786533 -0.05317245
v 0.03204282 -0.17708658 -0.03734951
v 0.03498714 -0.17252560 -0.03488841
v 0.03010565 -0.17700075 -0.03891924
v 0.03217195 -0.17397258 -0.03736775
v 0.03034639 -0.17233248 -0.03896608
v 0.03329710 -0.17090772 -0.03665232
v 0.03069147 -0.16846390 -0.03917156
v 0.03311484 -0.16780142 -0.03725773
v 0.03187515 -0.15550287 -0.04166445
v 0.02978800 -0.15691988 -0.04298260
v 0.03595713 -0.16175510 -0.03566909
v 0.03387176 -0.16168101 -0.03787743
v 0.02956044 -0.15239993 -0.04509602
v 0.03231960 -0.14950101 -0.04358984
v 0.03073490 -0.14945798 -0.04533083
v 0.03144271 -0.14206952 -0.04823251
v 0.03218186 -0.14503056 -0.04578567
v 0.03385694 -0.14953831 -0.04178648
v 0.03356055 -0.14355390 -0.04462887
v 0.03278292 -0.13910903 -0.04781017
v 0.03015563 -0.13768001 -0.05249740
v 0.03492180 -0.14355522 -0.04267333
v 0.03447321 -0.15256929 -0.03996573
v 0.03304313 -0.15859093 -0.03953702
v 0.03534022 -0.14956813 -0.03991502
v 0.03675568 -0.14204346 -0.04031225
v 0.03571287 -0.14055584 -0.04254785
v 0.03187010 -0.16312577 -0.03933504
v 0.03534406 -0.15715058 -0.03754777
v 0.03681828 -0.14656512 -0.03880609
v 0.03767651 -0.14203122 -0.03873755
v 0.04035930 -0.13589032 -0.03471364
v 0.03868010 -0.13747285 -0.03800205
v 0.03689199 -0.15414464 -0.03648866
v -0.03329000 -0.09159663 0.06994429
v -0.03544964 -0.08947153 0.06842687
v -0.03646255 -0.10151329 0.06210598
v -0.03581398 -0.09930378 0.06453748
v -0.03066341 -0.11566082 0.06453063
v -0.03080241 -0.12008691 0.06175576
v -0.03247035 -0.11262143 0.06271838
v -0.04342917 -0.14800812 0.02609885
v -0.04201047 -0.14498587 0.02967922
v -0.04286632 -0.14955738 0.02718130
v -0.03885176 -0.15569976 0.03328585
v -0.03752656 -0.16179852 0.03372377
v -0.03913312 -0.16029550 0.03188423
v -0.04730529 -0.11251558 0.01524237
v -0.04387935 -0.11293458 0.02850875
v -0.03958672 -0.10979479 0.04568392
v -0.03903809 -0.10773343 0.04957534
v -0.03744724 -0.10648815 0.05565644
v -0.02894660 -0.12312484 0.06344131
v -0.02802518 -0.12036767 0.06664421
v -0.02804573 -0.12586343 0.06330212
v -0.02917684 -0.17539591 0.03958981
v -0.03652797 -0.17724462 0.03293831
v -0.04768201 -0.16943368 0.01234930
v -0.04921519 -0.15067196 0.00170134
v -0.03837310 -0.17107169 0.03118692
v -0.03662455 -0.17413272 0.03297693
v -0.03969706 -0.17731200 0.02907015
v -0.04180286 -0.17732973 0.02596321
v -0.04366298 -0.17732234 0.02270247
v -0.04248931 -0.17422056 0.02494099
v -0.04373720 -0.17111038 0.02282544
v -0.04202695 -0.16802152 0.02621258
v -0.04483217 -0.16954412 0.02061263
v -0.03603096 -0.16482879 0.03485140
v -0.03616288 -0.16791645 0.03416095
v -0.03788945 -0.16642168 0.03240007
v -0.03959707 -0.16337436 0.03064140
v -0.04445432 -0.16336650 0.02196980
v -0.04281735 -0.16338795 0.02534109
v -0.04469896 -0.15411413 0.02235107
v -0.04521271 -0.15101717 0.02128709
v -0.04624923 -0.16640714 0.01721279
v -0.04840744 -0.13846160 0.00945331
v -0.04823852 -0.16939229 0.00991339
v -0.04574719 -0.17572606 0.01817310
v -0.04699998 -0.17257272 0.01469094
v -0.04879735 -0.14458580 0.00682590
v -0.04708002 -0.15709317 0.01508975
v -0.04742507 -0.15089554 0.01404435
v -0.04638727 -0.15404436 0.01759767
v -0.03892144 -0.14808160 0.03497881
v -0.03778594 -0.15263763 0.03558950
v -0.03991180 -0.15112527 0.03261977
v -0.04152362 -0.15417558 0.02916682
v -0.04131085 -0.14805859 0.03064450
v -0.04226228 -0.15110256 0.02823675
v -0.04049610 -0.16030978 0.02982571
v -0.04176748 -0.16031285 0.02769437
v -0.03993881 -0.16955152 0.02927297
v -0.04367005 -0.15567991 0.02459967
v -0.04487826 -0.14487939 0.02267808
v -0.04271441 -0.13884012 0.02876182
v -0.04323256 -0.13575144 0.02767205
v -0.04140817 -0.13431744 0.03239785
v -0.04609084 -0.14173500 0.01915251
v -0.04492913 -0.13872755 0.02283997
v -0.04398781 -0.14491874 0.02504670
v -0.04599384 -0.12330107 0.01957159
v -0.04492074 -0.12339135 0.02317791
v -0.04453145 -0.12647733 0.02429655
v -0.04329882 -0.12962310 0.02781082
v -0.04678077 -0.13860726 0.01679347
v -0.04797452 -0.14467812 0.01175154
v -0.04710097 -0.13858290 0.01557455
v -0.04794740 -0.13850990 0.01190593
v -0.04727240 -0.12318249 0.01474467
v -0.04199637 -0.12970720 0.03136042
v -0.04174830 -0.12364066 0.03271827
v -0.04076376 -0.12674655 0.03497406
v -0.04337950 -0.12351403 0.02796373
v -0.04039022 -0.11923642 0.03765438
v -0.04293233 -0.11600839 0.03068854
v -0.04123186 -0.11469398 0.03676860
v -0.04209158 -0.11093501 0.03592322
v -0.04057404 -0.11183674 0.04063417
v -0.04010297 -0.14046271 0.03441679
v -0.03919443 -0.14504065 0.03521826
v -0.04197360 -0.11909366 0.03290501
v -0.04437260 -0.11586605 0.02589868
v -0.04521425 -0.11278278 0.02369908
v -0.04726049 -0.11554889 0.01506189
v -0.04637269 -0.11565424 0.01868385
v -0.04425430 -0.11889035 0.02574124
v -0.04807435 -0.12309392 0.01111090
v -0.04862802 -0.14460877 0.00805902
v -0.04867866 -0.11993228 0.00757832
v -0.04573439 -0.11572472 0.02109314
v -0.04781363 -0.11243896 0.01281534
v -0.04899080 -0.12294399 0.00502411
v -0.04913568 -0.13834229 0.00330735
v -0.03012047 -0.13038671 0.05690615
v -0.02805801 -0.12890822 0.06130556
v -0.02879734 -0.13770041 0.05434100
v -0.03147407 -0.12959109 0.05495166
v -0.02939928 -0.11867695 0.06520039
v -0.03219875 -0.12881774 0.05400392
v -0.03255150 -0.12438300 0.05569045
v -0.02800476 -0.11388097 0.06996334
v -0.03086174 -0.10593569 0.06885767
v -0.02800021 -0.11216301 0.07070303
v -0.03242064 -0.11998105 0.05846122
v -0.03370553 -0.11401381 0.05918645
v -0.03372074 -0.10962082 0.06199180
v -0.03366148 -0.10520430 0.06475276
v -0.03303618 -0.12729433 0.05312673
v -0.03317465 -0.13245052 0.05029567
v -0.03117884 -0.13619672 0.05174192
v -0.03408863 -0.12722328 0.05093707
v -0.03373184 -0.11840719 0.05639828
v -0.03510993 -0.12715152 0.04872120
v -0.03648464 -0.12406777 0.04671387
v -0.03598988 -0.12114230 0.04925008
v -0.03605243 -0.13156587 0.04499184
v -0.03641573 -0.12855269 0.04523889
v -0.03906706 -0.12535831 0.03970306
v -0.03844625 -0.12240473 0.04219016
v -0.03707466 -0.12700991 0.04421816
v -0.03978167 -0.12832966 0.03725034
v -0.03911995 -0.13139896 0.03826833
v -0.03486855 -0.11977333 0.05282859
v -0.03458075 -0.12422664 0.05124907
v -0.03475415 -0.13312101 0.04701445
v -0.03799351 -0.13296923 0.04044384
v -0.03614966 -0.11524715 0.05213586
v -0.03489271 -0.11100801 0.05843154
v -0.03779909 -0.11506573 0.04745366
v -0.03646363 -0.11814336 0.04951385
v -0.03708920 -0.11955512 0.04705893
v -0.03670070 -0.11084484 0.05383473
v -0.03595518 -0.10515203 0.06041394
v -0.03935669 -0.11489286 0.04272194
v -0.03894557 -0.11788648 0.04248037
v -0.03836676 -0.11209560 0.04777593
v -0.02799250 -0.10882291 0.07195601
v -0.02800983 -0.11564629 0.06913923
v -0.03171778 -0.10819279 0.06651919
v -0.02798398 -0.10389455 0.07334190
v -0.02798645 -0.10554089 0.07294063
v -0.03043461 -0.10441115 0.07001849
v -0.03367115 -0.09923086 0.06751963
v -0.03400647 -0.09546443 0.06836022
v -0.03018462 -0.10135172 0.07123748
v -0.03337733 -0.10371818 0.06599270
v -0.02801853 -0.11841453 0.06772460
v -0.03501704 -0.10664184 0.06129435
v -0.03656684 -0.09486138 0.06567563
v -0.03681528 -0.10223333 0.06090534
v -0.02798093 -0.10138047 0.07383814
v -0.02797931 -0.09964680 0.07410178
v -0.02996580 -0.09673053 0.07238539
v -0.02797800 -0.09783225 0.07431379
v -0.03384169 -0.09393083 0.06893427
v -0.03043196 -0.09213999 0.07246123
v -0.03666540 -0.09260747 0.06642795
v -0.03696248 -0.10510008 0.05818175
v -0.03787386 -0.10786545 0.05309984
v -0.02978548 -0.16148604 0.04137798
v -0.02817405 -0.16184597 0.04244245
v -0.03034787 -0.16381714 0.04031899
v -0.03204329 -0.17708674 0.03727697
v -0.03053611 -0.17000796 0.03899615
v -0.02769738 -0.16892903 0.04118863
v -0.02963648 -0.16918740 0.03978952
v -0.03446672 -0.17406279 0.03520924
v -0.03329754 -0.17090787 0.03657981
v -0.03311528 -0.16780159 0.03718523
v -0.03187057 -0.16312593 0.03926255
v -0.03181651 -0.16697091 0.03845529
v -0.02769224 -0.16541025 0.04183144
v -0.03187561 -0.15550303 0.04159195
v -0.02978851 -0.15692006 0.04291010
v -0.02816499 -0.15764982 0.04391582
v -0.03445500 -0.16785620 0.03592592
v -0.03595749 -0.16175523 0.03559659
v -0.03387218 -0.16168116 0.03780493
v -0.02956094 -0.15240009 0.04502350
v -0.02815806 -0.15501183 0.04504142
v -0.02814978 -0.15222320 0.04638733
v -0.02952419 -0.14794338 0.04730044
v -0.03199374 -0.15098912 0.04324104
v -0.03149207 -0.14798965 0.04513122
v -0.02813982 -0.14920579 0.04800758
v -0.03309502 -0.14952064 0.04262383
v -0.03144313 -0.14206967 0.04815992
v -0.03254539 -0.14503448 0.04524869
v -0.03073519 -0.14206918 0.04909687
v -0.03356092 -0.14355403 0.04455632
v -0.02811868 -0.14351556 0.05144456
v -0.02892611 -0.14206515 0.05139369
v -0.02981974 -0.13768548 0.05290716
v -0.03278330 -0.13910916 0.04773759
v -0.03346761 -0.14058217 0.04601011
v -0.03500733 -0.13907275 0.04420150
v -0.03304357 -0.15859109 0.03946452
v -0.03217288 -0.15855318 0.04029038
v -0.03449947 -0.14804848 0.04147594
v -0.03534057 -0.14956826 0.03984251
v -0.03602410 -0.14055134 0.04195848
v -0.03675598 -0.14204358 0.04023972
v -0.03677631 -0.13452913 0.04254366
v -0.03534443 -0.15715073 0.03747528
v -0.03648382 -0.14656395 0.03923671
v -0.03767679 -0.14203134 0.03866503
v -0.04035950 -0.13589041 0.03464118
v -0.03868034 -0.13747297 0.03792954
v -0.03689232 -0.15414478 0.03641617
v 0.03694764 -0.08883255 0.06727057
v -0.00375000 -0.15371925 0.05330969
v -0.00279706 -0.14793819 0.05581237
v 0.00093560 -0.15084174 0.05458317
v -0.00189585 -0.17744130 0.04896342
v 0.00094812 -0.17608082 0.04901235
v -0.02607732 -0.16050579 0.04416664
v -0.02681132 -0.14623697 0.05042460
v -0.02674176 -0.13618648 0.05687512
v -0.02666049 -0.12469295 0.06441156
v -0.02478685 -0.09492086 0.07489157
v -0.01547714 -0.09743082 0.07552924
v -0.00321366 -0.09874543 0.07590836
v 0.00167754 -0.09877377 0.07592192
v 0.00000004 -0.10025680 0.07576263
v 0.02797629 -0.09354465 0.07459187
v 0.02797687 -0.09552524 0.07449827
v 0.02125892 -0.09627324 0.07515881
v 0.02797889 -0.09911573 0.07417037
v 0.02798215 -0.10247232 0.07363961
v 0.02479700 -0.10121526 0.07424626
v 0.02480539 -0.10402599 0.07371152
v 0.02798680 -0.10575131 0.07288490
v 0.02486622 -0.11536156 0.06983485
v 0.02485153 -0.11322500 0.07077078
v 0.02800329 -0.11333919 0.07020339
v 0.01762582 -0.17739749 0.04580140
v 0.00942649 -0.17742895 0.04812394
v 0.01220332 -0.17742029 0.04751012
v 0.00378928 -0.17743976 0.04886272
v 0.00567739 -0.17743717 0.04868910
v -0.00473421 -0.17743860 0.04878500
v -0.01128201 -0.17878912 0.04771980
v -0.00849344 -0.17743137 0.04829242
v -0.00661858 -0.17743549 0.04857501
v -0.01220328 -0.17742029 0.04751012
v -0.01403242 -0.17741343 0.04701086
v 0.02355703 -0.15417016 0.04793129
v 0.02604377 -0.15411440 0.04667779
v 0.02816669 -0.15834622 0.04364385
v 0.02446553 -0.16688748 0.04349696
v 0.02445497 -0.16407488 0.04409045
v 0.02690156 -0.16683646 0.04205370
v 0.02193693 -0.16412833 0.04537363
v 0.01845861 -0.16208334 0.04738041
v 0.01578629 -0.16142449 0.04850117
v 0.01933045 -0.16136116 0.04723227
v 0.01209311 -0.15365157 0.05213532
v 0.01398072 -0.16145255 0.04903908
v 0.01026991 -0.15510584 0.05195403
v 0.01395939 -0.15862204 0.04987581
v 0.02963649 -0.16918740 0.03978952
v 0.02610474 -0.16966142 0.04211022
v 0.00278306 -0.14356178 0.05791515
v 0.00742905 -0.14646463 0.05611976
v 0.00372830 -0.14793572 0.05576494
v -0.00185565 -0.14356303 0.05794556
v 0.00468544 -0.15371521 0.05324217
v 0.00093822 -0.15372582 0.05341732
v 0.00841015 -0.15369008 0.05281440
v 0.00842967 -0.15655352 0.05175566
v 0.02194999 -0.16693616 0.04479986
v 0.02023278 -0.16696700 0.04558830
v 0.00844260 -0.15868874 0.05105407
v 0.01123662 -0.16148916 0.04971977
v 0.01490394 -0.16425245 0.04809176
v 0.01848657 -0.16699629 0.04631151
v 0.02447716 -0.17178714 0.04284373
v 0.02530007 -0.17456701 0.04218310
v 0.02917685 -0.17539591 0.03958981
v 0.00469685 -0.15657999 0.05219860
v 0.00929878 -0.14935549 0.05450672
v 0.01125179 -0.16430032 0.04905235
v 0.02111014 -0.17183435 0.04457739
v 0.00094055 -0.15659119 0.05237989
v 0.01582429 -0.16842985 0.04706090
v 0.00660692 -0.16713136 0.04935817
v 0.00566076 -0.16434856 0.04997250
v 0.01127020 -0.16917543 0.04824191
v 0.00376334 -0.15800934 0.05179963
v 0.00565235 -0.16153984 0.05062161
v 0.01849902 -0.17047933 0.04583541
v 0.00940039 -0.16431975 0.04942871
v 0.01310756 -0.16915698 0.04778540
v 0.01762192 -0.17326091 0.04594917
v 0.02111628 -0.17737915 0.04432106
v 0.01493303 -0.17190591 0.04697447
v 0.00472680 -0.16783507 0.04946005
v 0.00188954 -0.16366298 0.05038373
v -0.00094252 -0.15943633 0.05148117
v 0.00094592 -0.16576023 0.04999157
v -0.00282774 -0.16014065 0.05121909
v 0.00661753 -0.17470686 0.04864559
v 0.01035450 -0.17469111 0.04800928
v 0.01403056 -0.17466915 0.04708468
v -0.00373966 -0.15083575 0.05447976
v -0.00744053 -0.14791861 0.05543067
v -0.00932385 -0.15224360 0.05325031
v -0.00927138 -0.14645304 0.05587260
v -0.01118991 -0.15509549 0.05177316
v -0.01301892 -0.15507245 0.05136364
v -0.02592870 -0.13906687 0.05529873
v -0.02429165 -0.14340086 0.05326255
v -0.02433614 -0.14771315 0.05076370
v -0.02603937 -0.15340169 0.04700924
v -0.00188065 -0.15658987 0.05235919
v -0.00749119 -0.15513191 0.05240085
v -0.00471860 -0.16365340 0.05021277
v -0.00283979 -0.16922498 0.04941400
v -0.00753810 -0.16503507 0.04959524
v -0.00472881 -0.16921906 0.04927879
v -0.01214625 -0.16006492 0.04990325
v -0.01216797 -0.16358826 0.04899172
v -0.01399409 -0.16356389 0.04851358
v -0.00940827 -0.16641459 0.04903167
v -0.01309726 -0.16637532 0.04819972
v -0.00941636 -0.16919136 0.04862738
v -0.01311444 -0.17192288 0.04750605
v -0.00092291 -0.13916402 0.06021598
v -0.00368970 -0.13916205 0.06013292
v -0.00091243 -0.13034059 0.06488724
v -0.00556008 -0.14355491 0.05774392
v -0.01299022 -0.15220363 0.05252306
v -0.01668615 -0.16211477 0.04801844
v 0.01311447 -0.17192288 0.04750604
v 0.01035106 -0.17194468 0.04816947
v 0.00661519 -0.17196624 0.04880284
v 0.00094767 -0.17198068 0.04921145
v -0.00189554 -0.17471679 0.04903320
v 0.00189370 -0.16922680 0.04945463
v -0.00378731 -0.17197624 0.04908862
v -0.00094701 -0.16922784 0.04947726
v -0.00755355 -0.17196171 0.04867149
v -0.00658403 -0.16012141 0.05089547
v -0.00942181 -0.17195092 0.04835479
v -0.00846069 -0.16222282 0.05006928
v -0.01493733 -0.17466278 0.04680871
v -0.00937090 -0.15867972 0.05089917
v -0.00559606 -0.14937995 0.05496731
v -0.02020552 -0.16204984 0.04667853
v -0.02017843 -0.15851229 0.04776608
v -0.02606013 -0.15696025 0.04545413
v -0.02527997 -0.16476087 0.04346549
v -0.01754742 -0.15856278 0.04876386
v -0.02015220 -0.15566730 0.04881889
v -0.01670361 -0.16492580 0.04736001
v -0.01848328 -0.16629715 0.04643456
v -0.01672638 -0.17050190 0.04650144
v -0.01937874 -0.17185645 0.04534594
v -0.01849467 -0.16908857 0.04599896
v -0.01673424 -0.17464913 0.04620505
v -0.02363284 -0.16620223 0.04407812
v -0.02447466 -0.17038992 0.04298399
v -0.02194045 -0.16483141 0.04521480
v -0.02443333 -0.15983714 0.04530526
v -0.02358024 -0.15701848 0.04675020
v -0.02439376 -0.15415186 0.04752743
v -0.02436329 -0.15057980 0.04923912
v -0.02530009 -0.17456701 0.04218309
v -0.02770202 -0.17593883 0.04060761
v -0.02025244 -0.17461869 0.04479488
v -0.02097984 -0.15207750 0.05001334
v -0.02365174 -0.17458488 0.04311851
v -0.01483103 -0.15504646 0.05089061
v -0.01659242 -0.15215284 0.05155279
v -0.02195730 -0.16903445 0.04447431
v -0.00359800 -0.11866377 0.07050880
v -0.00360946 -0.12156551 0.06921171
v -0.00719093 -0.11868317 0.07035752
v 0.00181460 -0.12594029 0.06713827
v -0.00181450 -0.12594029 0.06713828
v -0.01850684 -0.17463440 0.04553358
v -0.01292368 -0.14642294 0.05521043
v -0.01110365 -0.14643909 0.05556943
v -0.01107017 -0.14352776 0.05704296
v -0.00740487 -0.14354777 0.05756328
v -0.01472933 -0.14640471 0.05479578
v -0.00362820 -0.12594321 0.06709128
v -0.00736658 -0.13915558 0.05985287
v -0.01441446 -0.12454686 0.06688619
v -0.01080387 -0.12160974 0.06876280
v -0.00993835 -0.12451060 0.06741219
v -0.01437588 -0.12164671 0.06836764
v -0.01077341 -0.11871494 0.07010330
v -0.01433997 -0.11875771 0.06974659
v -0.01251420 -0.11442354 0.07174783
v -0.01608173 -0.11590934 0.07081002
v -0.01651885 -0.14638467 0.05432702
v -0.01468985 -0.14350082 0.05631159
v -0.01101706 -0.13914500 0.05938017
v -0.01000438 -0.13035546 0.06433293
v -0.00816573 -0.12742120 0.06607225
v -0.00721289 -0.12158228 0.06904433
v -0.01829049 -0.14636301 0.05380547
v -0.01180773 -0.13036127 0.06410804
v -0.02004228 -0.14633991 0.05323155
v -0.01824944 -0.14346813 0.05537533
v -0.01462724 -0.13913076 0.05871585
v -0.01360312 -0.13036790 0.06384535
v -0.00894848 -0.11438086 0.07200952
v -0.01605145 -0.11304984 0.07195184
v -0.02302649 -0.09768866 0.07487631
v -0.00690169 -0.09860338 0.07584081
v -0.01242587 -0.10102353 0.07531548
v -0.00936665 -0.09844926 0.07576814
v -0.01430413 -0.09798983 0.07555640
v -0.01773505 -0.10039886 0.07504255
v -0.02303108 -0.09978388 0.07464337
v -0.01420348 -0.10243869 0.07498773
v -0.02127644 -0.10255319 0.07438805
v -0.00537295 -0.11435155 0.07218338
v -0.01070433 -0.11083453 0.07314352
v -0.02485151 -0.11322500 0.07077078
v -0.02308070 -0.11034516 0.07212314
v -0.01960804 -0.11525557 0.07066368
v -0.01790381 -0.12024926 0.06858988
v -0.01794262 -0.12313629 0.06710616
v -0.01716543 -0.13038333 0.06320880
v -0.02145689 -0.12318260 0.06645996
v -0.01818431 -0.13911347 0.05786533
v -0.02143899 -0.12174254 0.06724653
v -0.02226536 -0.11745156 0.06928387
v -0.02068250 -0.13040109 0.06242843
v -0.02321572 -0.12464657 0.06526490
v -0.02087136 -0.14344062 0.05454291
v -0.02332094 -0.13330464 0.05992074
v -0.02253712 -0.13908862 0.05654905
v 0.02126469 -0.09905790 0.07490508
v 0.01549108 -0.09741700 0.07552945
v 0.01773763 -0.10109583 0.07494351
v 0.01242151 -0.09963590 0.07549533
v 0.01432350 -0.09798753 0.07555541
v 0.02479113 -0.09841309 0.07462038
v 0.01951420 -0.10322228 0.07443025
v 0.02799481 -0.10989000 0.07158288
v 0.01420059 -0.10174160 0.07510141
v 0.00652706 -0.09862261 0.07584993
v 0.01065774 -0.10239452 0.07519827
v 0.00710576 -0.10166689 0.07545694
v -0.00710943 -0.10305774 0.07523158
v -0.00177777 -0.10303208 0.07534586
v 0.00177690 -0.10164263 0.07556780
v 0.01421390 -0.10453608 0.07459041
v 0.01066987 -0.10518906 0.07466465
v 0.00355661 -0.10373392 0.07519858
v -0.02128992 -0.10536235 0.07379588
v -0.00355899 -0.10513134 0.07492245
v -0.01066328 -0.10378948 0.07495003
v 0.01953892 -0.10744172 0.07343805
v 0.00356182 -0.10653400 0.07460974
v -0.00178023 -0.10582653 0.07479506
v -0.00889667 -0.10587073 0.07459831
v 0.01423121 -0.10734732 0.07392544
v 0.01068542 -0.10800234 0.07398018
v -0.01421777 -0.10523730 0.07443880
v -0.01777232 -0.10740808 0.07361731
v -0.02481966 -0.10755234 0.07280044
v -0.01424133 -0.10875935 0.07353415
v -0.00712743 -0.10796486 0.07415541
v -0.00178335 -0.10864224 0.07409792
v 0.00356657 -0.10864792 0.07407150
v 0.02799128 -0.10821984 0.07215542
v 0.01956055 -0.11027158 0.07257010
v 0.00713756 -0.11008692 0.07355455
v 0.01425261 -0.11017563 0.07310375
v -0.01956055 -0.11027158 0.07257010
v -0.00357399 -0.11148492 0.07322547
v 0.00178725 -0.11147925 0.07325439
v 0.02133424 -0.11172736 0.07184970
v 0.01427802 -0.11302073 0.07212784
v 0.00894856 -0.11438086 0.07200951
v 0.02801113 -0.11607486 0.06892974
v 0.01783575 -0.11450849 0.07119254
v 0.02586527 -0.13186997 0.06005000
v 0.02804073 -0.12457819 0.06411809
v 0.02806235 -0.12995206 0.06060489
v 0.02802790 -0.12113351 0.06620362
v 0.02576042 -0.11894949 0.06790431
v 0.02406665 -0.12322012 0.06590172
v 0.02812326 -0.14468576 0.05070350
v 0.02592869 -0.13906687 0.05529875
v 0.02810488 -0.14008963 0.05369027
v 0.02808580 -0.13552782 0.05679252
v 0.02330291 -0.13185993 0.06083872
v 0.02155365 -0.13040583 0.06221111
v 0.01882460 -0.12314741 0.06695522
v 0.02054523 -0.12029015 0.06816114
v 0.02596537 -0.14337999 0.05255124
v 0.01980803 -0.13039647 0.06263686
v 0.02253718 -0.13908862 0.05654903
v 0.01698387 -0.11735833 0.07007506
v 0.02429167 -0.14340086 0.05326255
v 0.02814047 -0.14938748 0.04790558
v 0.01703880 -0.12167972 0.06799810
v 0.01623499 -0.12746875 0.06503183
v 0.02087143 -0.14344060 0.05454288
v 0.02602037 -0.15054622 0.04843076
v 0.01906392 -0.13910875 0.05762440
v 0.02815268 -0.15315358 0.04592125
v 0.02433616 -0.14771315 0.05076370
v 0.01636852 -0.13620861 0.05999707
v 0.02436330 -0.15057980 0.04923912
v 0.01345020 -0.11874607 0.06984534
v 0.01348509 -0.12163664 0.06847704
v 0.01368740 -0.13621300 0.06054284
v 0.01824948 -0.14346813 0.05537531
v 0.01552196 -0.13912669 0.05852027
v 0.02004235 -0.14633991 0.05323152
v 0.02266150 -0.14917795 0.05072361
v 0.00897149 -0.11725456 0.07086349
v 0.00538006 -0.11578722 0.07163580
v 0.00721297 -0.12158228 0.06904432
v 0.00178937 -0.11290555 0.07277901
v 0.00536630 -0.11292058 0.07269740
v 0.00539547 -0.11867186 0.07044604
v 0.00179408 -0.11577302 0.07172593
v -0.00358754 -0.11577830 0.07169249
v 0.00179936 -0.11865898 0.07054573
v 0.00180515 -0.12156137 0.06925245
v 0.01829055 -0.14636301 0.05380545
v 0.01468989 -0.14350082 0.05631158
v 0.02097993 -0.15207750 0.05001331
v 0.02441505 -0.15699936 0.04633261
v 0.01651889 -0.14638467 0.05432701
v 0.01192400 -0.13914177 0.05923200
v 0.01085375 -0.12597439 0.06657139
v 0.00828228 -0.13915330 0.05975272
v 0.01266700 -0.12744431 0.06558006
v 0.00910020 -0.13035290 0.06443117
v 0.01472936 -0.14640471 0.05479578
v 0.01107024 -0.14352776 0.05704295
v 0.01659246 -0.15215284 0.05155278
v 0.02273179 -0.15632601 0.04743008
v 0.01928110 -0.15568420 0.04915640
v 0.01292373 -0.14642294 0.05521042
v 0.02526518 -0.16123290 0.04440698
v 0.02817522 -0.16247302 0.04225670
v 0.00816581 -0.12742120 0.06607224
v 0.00723655 -0.12449469 0.06763354
v -0.00178926 -0.11290555 0.07277901
v 0.00553061 -0.13915935 0.06001703
v 0.00740492 -0.14354777 0.05756328
v 0.01204852 -0.14932974 0.05400667
v 0.01662420 -0.15501787 0.05035589
v 0.02609076 -0.16403778 0.04315791
v 0.02275411 -0.15916687 0.04638422
v 0.00184563 -0.13916364 0.06020042
v 0.00364830 -0.13034242 0.06482106
v 0.01842435 -0.15783633 0.04869012
v 0.02892401 -0.16682523 0.04070048
v 0.00541237 -0.12157251 0.06914231
v 0.04921580 -0.10923088 0.00168731
v 0.04912709 -0.10923075 0.00348052
v 0.03509603 -0.13459603 0.04577909
v 0.03612710 -0.13979988 0.04204090
v 0.03475295 -0.13684246 0.04551664
v 0.04192380 -0.17111726 0.02609593
v 0.04355710 -0.15875854 0.02445154
v 0.04376880 -0.16956082 0.02287219
v 0.04417603 -0.15566802 0.02344977
v 0.04019204 -0.16492179 0.02952011
v 0.03767577 -0.16950622 0.03221535
v 0.03948930 -0.16491228 0.03053723
v 0.03860061 -0.12089583 0.04228024
v 0.03731045 -0.11805512 0.04718181
v 0.03835208 -0.11647134 0.04495867
v 0.03012048 -0.13038673 0.05690615
v 0.04902371 -0.13219370 0.00472395
v 0.04045672 -0.10897356 0.04339782
v 0.02936287 -0.14572975 0.04869897
v 0.03127997 -0.09297768 0.07159444
v 0.03395376 -0.09011638 0.06960747
v 0.03681528 -0.10223336 0.06090533
v 0.03807816 -0.10713600 0.05321866
v 0.03000736 -0.12600759 0.05977721
v 0.02912950 -0.11720151 0.06647926
v 0.02896193 -0.13479304 0.05599515
v 0.03170828 -0.12590964 0.05657717
v 0.03023456 -0.12011760 0.06283811
v 0.03011491 -0.11270016 0.06706082
v 0.03234160 -0.10818582 0.06545082
v 0.03259444 -0.10966318 0.06418686
v 0.03372075 -0.10962085 0.06199179
v 0.03286419 -0.11554030 0.06012614
v 0.03355057 -0.11695549 0.05770032
v 0.03313929 -0.12139584 0.05605453
v 0.03421222 -0.11836483 0.05526497
v 0.03278752 -0.12583804 0.05440582
v 0.03052112 -0.09907176 0.07136671
v 0.03135909 -0.10518955 0.06841661
v 0.03121362 -0.10215846 0.06970627
v 0.03396244 -0.09317631 0.06899018
v 0.03263090 -0.09613980 0.06967635
v 0.03406919 -0.10074618 0.06635587
v 0.03434173 -0.10372287 0.06441996
v 0.03252404 -0.09917869 0.06897677
v 0.03617714 -0.09483920 0.06614118
v 0.03614872 -0.09931143 0.06402999
v 0.03667739 -0.10078374 0.06223095
v 0.03525592 -0.09326743 0.06767181
v 0.03044357 -0.13402303 0.05416736
v 0.03443040 -0.13165016 0.04825779
v 0.03331182 -0.13170557 0.05039671
v 0.03408863 -0.12722330 0.05093707
v 0.03216054 -0.13175949 0.05250400
v 0.03558826 -0.11384968 0.05462128
v 0.03665838 -0.11959823 0.04822145
v 0.03576552 -0.12264423 0.04912150
v 0.03581405 -0.12561157 0.04773186
v 0.03489271 -0.11100803 0.05843153
v 0.03586272 -0.11673837 0.05197930
v 0.03485529 -0.10518737 0.06260448
v 0.03595518 -0.10515206 0.06041393
v 0.03619802 -0.10945588 0.05635107
v 0.03623647 -0.13005984 0.04511923
v 0.03752429 -0.11075558 0.05149925
v 0.03739736 -0.11511068 0.04862984
v 0.03723697 -0.12550001 0.04431853
v 0.03861587 -0.12539290 0.04086315
v 0.04015433 -0.12225848 0.03750147
v 0.04031823 -0.12677795 0.03614435
v 0.03885569 -0.10988414 0.04806124
v 0.04140322 -0.11101535 0.03832235
v 0.03884166 -0.11348929 0.04524018
v 0.04069698 -0.11328082 0.03928710
v 0.04026613 -0.12074590 0.03757406
v 0.04068541 -0.11622918 0.03784613
v 0.03744724 -0.10648818 0.05565644
v 0.03696248 -0.10510011 0.05818175
v 0.04164088 -0.12668490 0.03262261
v 0.04326886 -0.13268587 0.02774361
v 0.04231421 -0.13579904 0.03002203
v 0.04337951 -0.12351405 0.02796373
v 0.04413914 -0.12650640 0.02549379
v 0.04493139 -0.12186616 0.02322604
v 0.04267913 -0.12053897 0.03045497
v 0.03952020 -0.13289264 0.03705668
v 0.04318951 -0.11301043 0.03090891
v 0.04430637 -0.11737628 0.02581443
v 0.04445502 -0.11436013 0.02599531
v 0.04569726 -0.11723970 0.02101237
v 0.04521426 -0.11278281 0.02369908
v 0.04402009 -0.11144096 0.02863835
v 0.04645859 -0.11263026 0.01887337
v 0.04864894 -0.11380947 0.00785794
v 0.04840745 -0.13846162 0.00945331
v 0.04830379 -0.12306429 0.00989679
v 0.04642709 -0.13555309 0.01807600
v 0.04599385 -0.12330110 0.01957158
v 0.04697236 -0.12321202 0.01595328
v 0.04779158 -0.11700304 0.01256585
v 0.04730529 -0.11251561 0.01524237
v 0.04826482 -0.11236209 0.01038231
v 0.03830275 -0.17262140 0.03113136
v 0.03567506 -0.17721960 0.03385183
v 0.04045095 -0.17576487 0.02807167
v 0.03814127 -0.16334824 0.03262847
v 0.03475897 -0.16941454 0.03539288
v 0.03578337 -0.16328381 0.03544499
v 0.03709078 -0.15872489 0.03497230
v 0.04367320 -0.17576733 0.02272302
v 0.04245069 -0.17732988 0.02489234
v 0.04052886 -0.17265846 0.02814059
v 0.04476744 -0.17575076 0.02047438
v 0.03913314 -0.16029552 0.03188423
v 0.04049611 -0.16030979 0.02982571
v 0.04152397 -0.16493182 0.02742864
v 0.04185251 -0.15877579 0.02778738
v 0.04453639 -0.16027933 0.02209612
v 0.04578620 -0.16951972 0.01830231
v 0.04574720 -0.17572604 0.01817310
v 0.04567234 -0.14791740 0.02019316
v 0.04662941 -0.16948897 0.01594823
v 0.04672913 -0.15711267 0.01629816
v 0.04483218 -0.16954412 0.02061263
v 0.04547633 -0.16025276 0.01976842
v 0.03950603 -0.17109358 0.02971188
v 0.03815548 -0.15569066 0.03429407
v 0.03691775 -0.15110673 0.03723780
v 0.03913867 -0.15264951 0.03354956
v 0.03892145 -0.14808162 0.03497881
v 0.04052734 -0.15112275 0.03154651
v 0.04098389 -0.13281551 0.03360810
v 0.04010298 -0.14046273 0.03441679
v 0.03850928 -0.13294378 0.03932202
v 0.04079433 -0.13739434 0.03343532
v 0.03820211 -0.14277942 0.03753765
v 0.04355492 -0.14340177 0.02627300
v 0.04326623 -0.15261617 0.02589076
v 0.03791239 -0.13976225 0.03885701
v 0.04404389 -0.14184600 0.02514379
v 0.04451308 -0.13875090 0.02403630
v 0.04571425 -0.14175805 0.02036145
v 0.04609085 -0.14173502 0.01915251
v 0.04528754 -0.12336113 0.02197726
v 0.04283243 -0.11751454 0.03059933
v 0.04700888 -0.16947162 0.01475686
v 0.04768662 -0.16633517 0.01241957
v 0.04679351 -0.14477035 0.01664726
v 0.04771696 -0.15087360 0.01282012
v 0.04740273 -0.13855854 0.01435343
v 0.04667894 -0.11561910 0.01747764
v 0.04768518 -0.13853419 0.01313045
v 0.04823027 -0.15082914 0.01036248
v 0.04864535 -0.15078431 0.00789556
v 0.04889835 -0.13221930 0.00594901
v 0.04797503 -0.16941336 0.01113456
v 0.03108427 -0.17704539 0.03807414
v 0.03484745 -0.17563380 0.03475075
v 0.03217242 -0.17397274 0.03729523
v 0.03034691 -0.17233264 0.03889356
v 0.03594042 -0.17100522 0.03398882
v 0.03190988 -0.16620369 0.03852733
v 0.03553457 -0.15868211 0.03683980
v 0.03257911 -0.16855162 0.03753427
v 0.03128337 -0.15851156 0.04109196
v 0.03300012 -0.16164489 0.03864447
v 0.03140899 -0.16310352 0.03965433
v 0.03483454 -0.15789650 0.03783302
v 0.03329834 -0.15707883 0.03968020
v 0.02996130 -0.13841298 0.05226409
v 0.02917453 -0.15388021 0.04469192
v 0.03101040 -0.15546556 0.04240618
v 0.03199375 -0.15098912 0.04324104
v 0.03110347 -0.14798087 0.04557162
v 0.03615224 -0.15412897 0.03737478
v 0.03300802 -0.15403469 0.04099646
v 0.03434634 -0.15105566 0.04056808
v 0.03714986 -0.14656611 0.03822647
v 0.03107787 -0.14501798 0.04708738
v 0.03179366 -0.14206967 0.04768735
v 0.03244367 -0.13616461 0.04973427
v 0.03254540 -0.14503449 0.04524868
v 0.03346762 -0.14058219 0.04601010
v 0.03347782 -0.14952977 0.04217099
v 0.03424691 -0.14355527 0.04358520
v 0.03569044 -0.14731191 0.04013625
v 0.03716436 -0.13601711 0.04132945
v 0.03694149 -0.13302001 0.04266500
v 0.03788919 -0.12845497 0.04184738
v -0.00762887 -0.14138946 -0.05193572
v -0.00537786 -0.14402996 -0.05089623
v -0.00489413 -0.13917859 -0.05334631
v 0.01492094 -0.12442026 -0.06007957
v 0.01414955 -0.12381122 -0.06053416
v 0.01366526 -0.12398618 -0.06051128
v 0.01470334 -0.12398044 -0.06035635
v 0.01139445 -0.12584755 -0.05981639
v 0.00298611 -0.13780515 -0.05417252
v 0.00432555 -0.13166219 -0.05735572
v -0.00060230 -0.13567746 -0.05534388
v -0.00262210 -0.13732927 -0.05443494
v 0.00112732 -0.13988078 -0.05316654
v 0.01400544 -0.15477559 -0.04466541
v 0.01332479 -0.15558027 -0.04458859
v 0.01378496 -0.15526132 -0.04456116
v -0.01082221 -0.14710535 -0.04863635
v -0.00995561 -0.14325471 -0.05064218
v -0.01412351 -0.14660177 -0.04806238
v -0.01422120 -0.14692231 -0.04788288
v -0.00812147 -0.14504674 -0.05007840
v -0.01407106 -0.15266007 -0.04543879
v -0.01167085 -0.15131943 -0.04662664
v -0.00899756 -0.14924845 -0.04804648
v -0.00168604 -0.14510038 -0.05062203
v -0.00076300 -0.14196223 -0.05213466
v -0.00444602 -0.14719030 -0.04952707
v -0.01332479 -0.15558028 -0.04458859
v -0.01378509 -0.15526116 -0.04456117
v -0.00718164 -0.14927433 -0.04832486
v -0.01402460 -0.15459810 -0.04472331
v -0.00986273 -0.15347925 -0.04620091
v -0.00352085 -0.14930870 -0.04868796
v -0.00715645 -0.15351921 -0.04666548
v 0.00666901 -0.14192708 -0.05178456
v 0.00577588 -0.13572972 -0.05507826
v 0.01125663 -0.13978264 -0.05217948
v 0.00854857 -0.13570181 -0.05479445
v 0.01441813 -0.14056112 -0.05106061
v 0.01309318 -0.13768378 -0.05293845
v -0.00533738 -0.15353896 -0.04689045
v -0.00168195 -0.14931674 -0.04877226
v 0.00204580 -0.14720352 -0.04966243
v -0.00499144 -0.15642838 -0.04595357
v -0.00856339 -0.15616544 -0.04552710
v 0.01428960 -0.14475191 -0.04891795
v 0.00938915 -0.14502767 -0.04988169
v 0.00573393 -0.14507516 -0.05036789
v 0.00112147 -0.15249887 -0.04753570
v -0.00167790 -0.15356079 -0.04713596
v 0.01115184 -0.14921039 -0.04762912
v 0.01112911 -0.15133016 -0.04675046
v 0.01410089 -0.15148172 -0.04590210
v 0.00753892 -0.14926970 -0.04827531
v 0.00569506 -0.15353553 -0.04685167
v 0.00571418 -0.14929101 -0.04850188
v 0.00510152 -0.15642244 -0.04594393
v 0.00838742 -0.15618181 -0.04555364
v -0.00078584 -0.15655343 -0.04615703
v 0.00174617 -0.15654235 -0.04613887
v 0.01163850 -0.15582100 -0.04496957
v 0.01458966 -0.13515271 -0.05402639
v 0.00766467 -0.12891543 -0.05857733
v -0.01452005 -0.10307579 -0.06880166
v -0.01449707 -0.10557206 -0.06822358
v -0.00905078 -0.10321592 -0.06909036
v 0.00905066 -0.10321593 -0.06909037
v 0.01450262 -0.10514966 -0.06833076
v 0.01452533 -0.10308950 -0.06879847
v -0.01102370 -0.10811142 -0.06774957
v -0.01443416 -0.10950782 -0.06704456
v -0.01099721 -0.11538078 -0.06504906
v -0.01437899 -0.11224030 -0.06604449
v -0.01429197 -0.11589628 -0.06450114
v -0.01280590 -0.11724868 -0.06403908
v -0.01413690 -0.12142470 -0.06180847
v -0.00000178 -0.11917794 -0.06382781
v -0.00000566 -0.12247980 -0.06224404
v 0.00481509 -0.11876428 -0.06392320
v -0.00368068 -0.10545044 -0.06876855
v 0.00184151 -0.10809480 -0.06808883
v 0.00181305 -0.10331764 -0.06926302
v -0.00184148 -0.10809480 -0.06808883
v -0.00543368 -0.10328398 -0.06920553
v -0.00551773 -0.10899065 -0.06774101
v -0.00184144 -0.11169616 -0.06691536
v -0.00735012 -0.11169884 -0.06675233
v -0.00734230 -0.11538684 -0.06529840
v -0.00184093 -0.11539005 -0.06548371
v -0.00733155 -0.11916813 -0.06360349
v -0.00367241 -0.11917593 -0.06377348
v -0.00735734 -0.10545921 -0.06866100
v -0.01100564 -0.11352897 -0.06582379
v -0.00214845 -0.12411990 -0.06140121
v -0.00549897 -0.12109844 -0.06278260
v -0.00612687 -0.12714793 -0.05965023
v -0.00914727 -0.12108412 -0.06253919
v -0.00821886 -0.12499689 -0.06061671
v -0.00783526 -0.12843403 -0.05882074
v -0.01185575 -0.12300771 -0.06127554
v -0.00999494 -0.13004532 -0.05770005
v -0.01369457 -0.13275588 -0.05558101
v -0.01389848 -0.12885471 -0.05776445
v -0.01376620 -0.13271162 -0.05559207
v -0.01177782 -0.13136157 -0.05671069
v -0.01401358 -0.12536579 -0.05970288
v 0.01439777 -0.11129481 -0.06640651
v 0.01101289 -0.11170057 -0.06653344
v 0.01056984 -0.11428929 -0.06554590
v 0.01101889 -0.10989510 -0.06717579
v 0.01443890 -0.10924911 -0.06713181
v 0.01102754 -0.10634763 -0.06825455
v 0.00734456 -0.11445601 -0.06568557
v 0.00795640 -0.11632368 -0.06485941
v 0.00735166 -0.11079145 -0.06707531
v 0.00735418 -0.10899356 -0.06767116
v 0.00551917 -0.10633131 -0.06850305
v 0.00543360 -0.10328399 -0.06920553
v 0.00367625 -0.11538961 -0.06544720
v 0.00184128 -0.11353128 -0.06623083
v 0.00184154 -0.10988434 -0.06753511
v 0.00967506 -0.12775283 -0.06245238
v -0.00488326 -0.13920949 -0.05688150
v -0.00755188 -0.14124367 -0.05560914
v -0.01467741 -0.14672205 -0.04973232
v 0.01615232 -0.13295881 -0.05852608
v 0.01549108 -0.09741683 -0.07409266
v 0.01063916 -0.09835035 -0.07428531
v 0.01430412 -0.09798966 -0.07411896
v 0.00567302 -0.09866216 -0.07443278
v 0.00065634 -0.09878257 -0.07449044
v -0.00717203 -0.09858862 -0.07439774
v -0.01430413 -0.09798966 -0.07411896
v -0.01722245 -0.09568546 -0.07409416
v -0.01492771 -0.09781260 -0.07409535
v -0.00250071 -0.09738300 -0.07460502
v -0.00957587 -0.09843393 0.07425258
v -0.01432370 -0.09798750 0.07404610
v -0.00231822 -0.09876414 0.07440965
v 0.00191389 -0.09877055 0.07441276
v 0.00689550 -0.09860369 0.07433295
v 0.01430412 -0.09798984 0.07404711
v -0.01549109 -0.09741700 0.07402080
v 0.01492770 -0.09781279 0.07402349
v 0.01718330 -0.09572478 0.07402288
v -0.01249435 -0.09598942 0.07430703
v 0.00000003 -0.09738103 0.07454688
v -0.00500101 -0.09739009 0.07449178
v 0.01249445 -0.09598942 0.07430702
v 0.00250371 -0.09419997 -0.04296301
v -0.00083499 -0.09419997 -0.04302786
v -0.01234926 -0.09419997 -0.04122450
v -0.03297355 -0.09419999 -0.02763569
v -0.01705387 -0.09419998 -0.03950957
v -0.00416866 -0.09419997 -0.04283342
v -0.00911578 -0.09419997 -0.04205861
v 0.00582732 -0.09419997 -0.04263928
v 0.00911578 -0.09419997 -0.04205861
v -0.02830585 -0.09419998 -0.03240538
v -0.02006561 -0.09419998 -0.03806715
v -0.02295634 -0.09419998 -0.03639537
v 0.01393928 -0.09419997 -0.04071392
v 0.03297355 -0.09419999 -0.02763569
v 0.02152721 -0.09419998 -0.03725933
v 0.02954139 -0.09419998 -0.03128186
v 0.01857375 -0.09419998 -0.03881761
v 0.02435084 -0.09419998 -0.03547657
v -0.04759043 -0.10588285 0.00062140
v -0.04350000 -0.10594211 -0.00026265
v -0.04350000 -0.10587900 0.00063977
v -0.04761756 -0.10593278 -0.00037029
v -0.04350000 -0.10575403 -0.00114751
v -0.04731735 -0.10537264 -0.00188516
v -0.04350000 -0.10503788 -0.00229358
v -0.04696847 -0.10470083 -0.00259706
v -0.04350000 -0.10432502 -0.00285053
v -0.04657610 -0.10391748 -0.00304930
v -0.04600984 -0.10272934 -0.00328581
v -0.04350000 -0.10258660 -0.00328396
v -0.04350000 -0.10169572 -0.00312687
v -0.04536461 -0.10127547 -0.00295710
v -0.04350000 -0.10021038 -0.00212500
v -0.04492692 -0.10021046 -0.00212509
v -0.04468140 -0.09957595 -0.00093187
v -0.04350000 -0.09948165 -0.00048825
v -0.04463415 -0.09945002 -0.00003576
v -0.04350000 -0.09973100 0.00128596
v -0.04469103 -0.09960148 0.00094464
v -0.04493568 -0.10023256 0.00207928
v -0.04350000 -0.10127532 0.00288514
v -0.04522985 -0.10095541 0.00270611
v -0.04586700 -0.10241756 0.00320176
v -0.04350000 -0.10303974 0.00319625
v -0.04350000 -0.10432503 0.00277864
v -0.04657950 -0.10392442 0.00297460
v -0.04698104 -0.10472544 0.00250575
v -0.04350000 -0.10503788 0.00222169
v -0.04731738 -0.10537270 0.00181319
v -0.04350000 -0.10556960 0.00148984
v -0.00137192 -0.08708327 -0.05248388
v 0.00032190 -0.08638166 -0.05248387
v -0.00091669 -0.08662803 -0.05248388
v -0.00032190 -0.08638166 -0.05248387
v -0.00165000 -0.08799995 -0.05248388
v -0.00137192 -0.08891664 -0.05248388
v -0.00091669 -0.08937188 -0.05248388
v 0.00032190 -0.08961825 -0.05248388
v -0.00032190 -0.08961825 -0.05248388
v 0.00091669 -0.08937188 -0.05248388
v 0.00161830 -0.08832186 -0.05248388
v 0.00137192 -0.08891664 -0.05248388
v 0.00152440 -0.08736853 -0.05248388
v 0.00091669 -0.08662803 -0.05248388
v 0.00000000 -0.08634994 -0.06063595
v 0.00063143 -0.08647554 -0.06063595
v 0.00116673 -0.08683322 -0.06063595
v 0.00161830 -0.08767805 -0.06063595
v 0.00161830 -0.08832184 -0.06063596
v 0.00137192 -0.08891664 -0.06063596
v 0.00091669 -0.08937187 -0.06063596
v 0.00032190 -0.08961824 -0.06063596
v -0.00032190 -0.08961824 -0.06063596
v -0.00091669 -0.08937187 -0.06063596
v -0.00137192 -0.08891664 -0.06063596
v -0.00161830 -0.08832184 -0.06063596
v -0.00161830 -0.08767805 -0.06063595
v -0.00137192 -0.08708325 -0.06063595
v -0.00063143 -0.08647554 -0.06063595
v -0.02737192 -0.08108438 -0.05248386
v -0.02632190 -0.08038277 -0.05248386
v -0.02691669 -0.08062915 -0.05248386
v -0.02761830 -0.08167917 -0.05248386
v -0.02737192 -0.08291776 -0.05248386
v -0.02761830 -0.08232297 -0.05248386
v -0.02663143 -0.08352547 -0.05248387
v -0.02600000 -0.08365107 -0.05248387
v -0.02483327 -0.08316780 -0.05248386
v -0.02536857 -0.08352547 -0.05248387
v -0.02438170 -0.08232297 -0.05248386
v -0.02438170 -0.08167917 -0.05248386
v -0.02508331 -0.08062915 -0.05248386
v -0.02462807 -0.08108438 -0.05248386
v -0.02567810 -0.08038277 -0.05248386
v -0.02567810 -0.08038276 -0.06063595
v -0.02508331 -0.08062913 -0.06063595
v -0.02462807 -0.08108437 -0.06063595
v -0.02438170 -0.08167916 -0.06063595
v -0.02438170 -0.08232296 -0.06063595
v -0.02462807 -0.08291775 -0.06063595
v -0.02508331 -0.08337299 -0.06063595
v -0.02567810 -0.08361936 -0.06063595
v -0.02632190 -0.08361936 -0.06063595
v -0.02691669 -0.08337299 -0.06063595
v -0.02737192 -0.08291775 -0.06063595
v -0.02761830 -0.08232296 -0.06063595
v -0.02761830 -0.08167916 -0.06063595
v -0.02737192 -0.08108437 -0.06063595
v -0.02691669 -0.08062913 -0.06063595
v -0.02632190 -0.08038276 -0.06063595
v 0.02462807 -0.08108438 -0.05248386
v 0.02567810 -0.08038277 -0.05248386
v 0.02508331 -0.08062915 -0.05248386
v 0.02438170 -0.08167917 -0.05248386
v 0.02462807 -0.08291776 -0.05248386
v 0.02438170 -0.08232297 -0.05248386
v 0.02536857 -0.08352547 -0.05248387
v 0.02600000 -0.08365107 -0.05248387
v 0.02716673 -0.08316780 -0.05248386
v 0.02663143 -0.08352547 -0.05248387
v 0.02761830 -0.08232297 -0.05248386
v 0.02761830 -0.08167917 -0.05248386
v 0.02691669 -0.08062915 -0.05248386
v 0.02737192 -0.08108438 -0.05248386
v 0.02632190 -0.08038277 -0.05248386
v 0.02632190 -0.08038276 -0.06063595
v 0.02691669 -0.08062913 -0.06063595
v 0.02737192 -0.08108437 -0.06063595
v 0.02761830 -0.08167916 -0.06063595
v 0.02761830 -0.08232296 -0.06063595
v 0.02737192 -0.08291775 -0.06063595
v 0.02691669 -0.08337299 -0.06063595
v 0.02632190 -0.08361936 -0.06063595
v 0.02567810 -0.08361936 -0.06063595
v 0.02508331 -0.08337299 -0.06063595
v 0.02462807 -0.08291775 -0.06063595
v 0.02438170 -0.08232296 -0.06063595
v 0.02438170 -0.08167916 -0.06063595
v 0.02462807 -0.08108437 -0.06063595
v 0.02508331 -0.08062913 -0.06063595
v 0.02567810 -0.08038276 -0.06063595
v -0.02150000 -0.08534009 -0.06063595
v -0.02150000 -0.07340980 -0.06063594
v -0.00450000 -0.08759009 -0.06063595
v -0.00450000 -0.07565980 -0.06063594
v -0.00653928 -0.07320262 -0.06063594
v -0.01853928 -0.07095262 -0.06063594
v -0.00746072 -0.09004727 -0.06063596
v -0.00590528 -0.08983766 -0.06063596
v -0.01946072 -0.08779727 -0.06063595
v -0.00495916 -0.07421586 -0.06063594
v -0.02124425 -0.08644161 -0.06063595
v -0.00499267 -0.08908027 -0.06063596
v -0.02100733 -0.07191962 -0.06063594
v -0.02009472 -0.07116222 -0.06063594
v -0.01863142 -0.07144406 -0.05463593
v -0.00500000 -0.07565980 -0.05463594
v -0.00663142 -0.07369407 -0.05463593
v -0.02100000 -0.07340981 -0.05463593
v -0.02100000 -0.08534010 -0.05463595
v -0.01936858 -0.08730584 -0.05463595
v -0.00546098 -0.07438254 -0.05463594
v -0.02053902 -0.08661737 -0.05463595
v -0.01933024 -0.07143726 -0.05463593
v -0.00500000 -0.08759011 -0.05463595
v -0.00736858 -0.08955584 -0.05463596
v -0.00512210 -0.08827820 -0.05463596
v -0.02087790 -0.07272170 -0.05463593
v -0.02052651 -0.07211762 -0.05463593
v -0.00601126 -0.08932860 -0.05463596
v -0.00666976 -0.08956265 -0.05463596
v -0.00500000 -0.08759009 -0.06013595
v -0.00500000 -0.07565980 -0.06013594
v -0.00736858 -0.08955584 -0.06013596
v -0.00673290 -0.08957218 -0.06013596
v -0.00584952 -0.08922606 -0.06013596
v -0.00510109 -0.08821789 -0.06013596
v -0.00520951 -0.07476865 -0.06013594
v -0.00556375 -0.07426797 -0.06013593
v -0.00663142 -0.07369405 -0.06013593
v -0.01936858 -0.08730584 -0.06013595
v -0.01863142 -0.07144406 -0.06013593
v -0.02100000 -0.08534009 -0.06013595
v -0.02079540 -0.08622131 -0.06013595
v -0.02044138 -0.08672661 -0.06013595
v -0.01926710 -0.07142771 -0.06013593
v -0.02015048 -0.07177383 -0.06013593
v -0.02089891 -0.07278199 -0.06013593
v -0.02100000 -0.07340980 -0.06013593
v 0.02150000 -0.07340980 -0.06063594
v 0.02150000 -0.08534009 -0.06063595
v 0.00450000 -0.07565980 -0.06063594
v 0.00450000 -0.08759009 -0.06063595
v 0.00653928 -0.07320262 -0.06063594
v 0.00549268 -0.07366531 -0.06063594
v 0.01853928 -0.07095262 -0.06063594
v 0.02079531 -0.08707988 -0.06063595
v 0.01946072 -0.08779727 -0.06063595
v 0.00746072 -0.09004727 -0.06063596
v 0.00498272 -0.08906677 -0.06063596
v 0.00589667 -0.08983345 -0.06063596
v 0.02009472 -0.07116222 -0.06063594
v 0.02100733 -0.07191962 -0.06063594
v 0.01936858 -0.08730584 -0.05463595
v 0.02100000 -0.08534010 -0.05463595
v 0.00736858 -0.08955584 -0.05463596
v 0.00500000 -0.07565980 -0.05463594
v 0.00663142 -0.07369407 -0.05463593
v 0.00546098 -0.07438254 -0.05463594
v 0.00512210 -0.08827820 -0.05463596
v 0.00547349 -0.08888229 -0.05463596
v 0.00500000 -0.08759011 -0.05463595
v 0.02053902 -0.08661737 -0.05463595
v 0.00666976 -0.08956265 -0.05463596
v 0.00601126 -0.08932860 -0.05463596
v 0.01863142 -0.07144406 -0.05463593
v 0.02100000 -0.07340981 -0.05463593
v 0.01933024 -0.07143726 -0.05463593
v 0.02052651 -0.07211762 -0.05463593
v 0.02087790 -0.07272170 -0.05463593
v 0.02100000 -0.08534009 -0.06013595
v 0.02100000 -0.07340980 -0.06013593
v 0.01936858 -0.08730584 -0.06013595
v 0.02020585 -0.08693568 -0.06013595
v 0.02063267 -0.08649524 -0.06013595
v 0.02089891 -0.07278199 -0.06013593
v 0.02039593 -0.07197753 -0.06013593
v 0.01926710 -0.07142771 -0.06013593
v 0.01863142 -0.07144406 -0.06013593
v 0.00736858 -0.08955584 -0.06013596
v 0.00663142 -0.07369405 -0.06013593
v 0.00500000 -0.08759009 -0.06013595
v 0.00538618 -0.08877144 -0.06013596
v 0.00611734 -0.08938478 -0.06013596
v 0.00556375 -0.07426797 -0.06013593
v 0.00520951 -0.07476865 -0.06013594
v 0.00500000 -0.07565980 -0.06013594
v -0.01500000 -0.09980427 0.04000364
v -0.01347225 -0.09935153 0.04054320
v -0.01500000 -0.15191895 0.04000357
v -0.01270098 -0.15055490 0.04079111
v -0.01192515 -0.09894768 0.04102449
v -0.01114504 -0.14977221 0.04124300
v -0.01036093 -0.09859331 0.04144682
v -0.00957309 -0.14909218 0.04163561
v -0.00878183 -0.09828892 0.04180958
v -0.00719012 -0.14826673 0.04211219
v -0.00772320 -0.09811417 0.04201783
v -0.00564556 -0.14786050 0.04234672
v -0.01500000 -0.14786050 0.04234672
v -0.01500000 -0.09811417 0.04201783
v 0.01500000 -0.15191895 0.04000357
v 0.01347225 -0.09935153 0.04054320
v 0.01500000 -0.09980427 0.04000364
v 0.01270098 -0.15055490 0.04079111
v 0.01192515 -0.09894768 0.04102449
v 0.01114504 -0.14977221 0.04124300
v 0.01036093 -0.09859331 0.04144682
v 0.00957309 -0.14909218 0.04163561
v 0.00878183 -0.09828892 0.04180958
v 0.00719012 -0.14826673 0.04211219
v 0.00772320 -0.09811417 0.04201783
v 0.00564556 -0.14786050 0.04234672
v 0.01500000 -0.14786050 0.04234672
v 0.01500000 -0.09811417 0.04201783
v 0.04594409 -0.04715177 0.06777640
v 0.04587340 -0.04722869 0.05300771
v 0.04450950 -0.04850850 0.06778447
v 0.04480814 -0.04823715 0.05300770
v 0.04709522 -0.04601433 0.05300771
v 0.04741328 -0.04567697 0.06774380
v 0.04828490 -0.04476846 0.05300771
v 0.04944164 -0.04349195 0.05300771
v 0.04840507 -0.04462674 0.06780214
v 0.04945877 -0.04346413 0.06776571
v 0.05072529 -0.04198538 0.06776097
v 0.05056464 -0.04218566 0.05300771
v 0.05270638 -0.03948732 0.05300772
v 0.05165313 -0.04085048 0.05300771
v 0.05251808 -0.03972847 0.06775289
v 0.05169144 -0.04079017 0.06772429
v 0.05372367 -0.03809712 0.05300772
v 0.05389376 -0.03785137 0.06774787
v 0.05485426 -0.03644791 0.06781075
v 0.05470429 -0.03668083 0.05300772
v 0.05552771 -0.03541951 0.06774128
v 0.05564759 -0.03523940 0.05300773
v 0.05655291 -0.03377382 0.05300773
v 0.05660493 -0.03368115 0.06773642
v 0.05758436 -0.03198431 0.06773325
v 0.05741965 -0.03228510 0.05300773
v 0.05824720 -0.03077425 0.05300773
v 0.05833286 -0.03060048 0.06776260
v 0.05903501 -0.02924229 0.05300774
v 0.05905121 -0.02920480 0.06772597
v 0.05989166 -0.02744992 0.06772304
v 0.05978254 -0.02769028 0.05300774
v 0.06115473 -0.02453035 0.05300774
v 0.06048927 -0.02611928 0.05300774
v 0.06105801 -0.02476318 0.06775074
v 0.06051487 -0.02604887 0.06768615
v 0.06177845 -0.02292458 0.05300774
v 0.06183539 -0.02276907 0.06771298
v 0.06235746 -0.02129762 0.06767672
v 0.06236003 -0.02130307 0.05300775
v 0.06278605 -0.02001734 0.06774283
v 0.06289905 -0.01966692 0.05300775
v 0.06339514 -0.01801725 0.05300776
v 0.06341445 -0.01794994 0.06770443
v 0.06392135 -0.01606850 0.06770223
v 0.06384798 -0.01635519 0.05300776
v 0.06425726 -0.01468186 0.05300776
v 0.06428743 -0.01453930 0.06773356
v 0.06462268 -0.01299842 0.05300776
v 0.06462353 -0.01299913 0.06769681
v 0.06498590 -0.01107366 0.06769498
v 0.06494401 -0.01130600 0.05300777
v 0.06545354 -0.00789888 0.05300777
v 0.06522103 -0.00960577 0.05300777
v 0.06542129 -0.00816624 0.06772519
v 0.06522877 -0.00954426 0.06765826
v 0.06564138 -0.00618650 0.05300777
v 0.06565869 -0.00603062 0.06768803
v 0.06588260 -0.00274995 0.05300778
v 0.06578444 -0.00446980 0.05300778
v 0.06586677 -0.00312717 0.06772016
v 0.06578378 -0.00446612 0.06765219
v 0.06594019 -0.00097007 0.06768250
v 0.06593581 -0.00102812 0.05300778
v 0.06594403 0.00069451 0.05300779
v 0.06594469 0.00097109 0.06768120
v 0.06590725 0.00241677 0.05300779
v 0.06589162 0.00291341 0.06767861
v 0.06582550 0.00413748 0.05300779
v 0.06578799 0.00473067 0.06777981
v 0.06567619 0.00616933 0.06767547
v 0.06569883 0.00585547 0.05300780
v 0.06531112 0.00927859 0.05300780
v 0.06552733 0.00756956 0.05300780
v 0.06535902 0.00896239 0.06770799
v 0.06552563 0.00759888 0.06763960
v 0.06505034 0.01098139 0.05300780
v 0.06503497 0.01110844 0.06767056
v 0.06474949 0.01266714 0.06763496
v 0.06474517 0.01267679 0.05300780
v 0.06448501 0.01397797 0.06770339
v 0.06439582 0.01436365 0.05300781
v 0.06400254 0.01604080 0.05300781
v 0.06399740 0.01608921 0.06766611
v 0.06350031 0.01796720 0.06766526
v 0.06356557 0.01770711 0.05300782
v 0.06256185 0.02100266 0.05300782
v 0.06308524 0.01936144 0.05300782
v 0.06266355 0.02071766 0.06766253
v 0.06306707 0.01943599 0.06762904
v 0.06157063 0.02378064 0.06762554
v 0.06199578 0.02262965 0.05300782
v 0.06211399 0.02231508 0.06769257
v 0.06138740 0.02424129 0.05300783
v 0.06088449 0.02550483 0.06769380
v 0.06073714 0.02583650 0.05300783
v 0.06004543 0.02741417 0.05300783
v 0.06002105 0.02748947 0.06765681
v 0.05931274 0.02897324 0.05300783
v 0.05918455 0.02925542 0.06765630
v 0.05853959 0.03051265 0.05300783
v 0.05846942 0.03066143 0.06768922
v 0.05772635 0.03205188 0.06765345
v 0.05772649 0.03203133 0.05300784
v 0.05687400 0.03352825 0.05300784
v 0.05675642 0.03374725 0.06765302
v 0.05598269 0.03500240 0.05300784
v 0.05505319 0.03645276 0.05300784
v 0.05595364 0.03506284 0.06761725
v 0.05520615 0.03623834 0.06768523
v 0.05408613 0.03787835 0.05300785
v 0.05400465 0.03801414 0.06764905
v 0.05308215 0.03927819 0.05300785
v 0.05204196 0.04065134 0.05300785
v 0.05220512 0.04045811 0.06764752
v 0.05294224 0.03948094 0.06768395
v 0.05093922 0.04204856 0.06764589
v 0.05096625 0.04199684 0.05300786
v 0.04985576 0.04331379 0.05300786
v 0.04968210 0.04353014 0.06764546
v 0.04871126 0.04460128 0.05300786
v 0.04837969 0.04497647 0.06764369
v 0.04753352 0.04585844 0.05300786
v 0.04737769 0.04603472 0.06760847
v 0.04632334 0.04708440 0.05300786
v 0.04609882 0.04732136 0.06764156
v 0.04508156 0.04827834 0.05300786
v 0.04380900 0.04943944 0.05300787
v 0.04506000 0.04831177 0.06760625
v 0.04404157 0.04924880 0.06767476
v 0.04250656 0.05056690 0.05300787
v 0.04240945 0.05066633 0.06763786
v 0.04117512 0.05165996 0.05300787
v 0.04089716 0.05189602 0.06763752
v 0.03981557 0.05271786 0.05300787
v 0.03965538 0.05285240 0.06767028
v 0.03842886 0.05373990 0.05300787
v 0.03839476 0.05378163 0.06763460
v 0.03679775 0.05488964 0.06763426
v 0.03701593 0.05472536 0.05300787
v 0.03557773 0.05567358 0.05300788
v 0.03516831 0.05594999 0.06763268
v 0.03411526 0.05658391 0.05300788
v 0.03262952 0.05745574 0.05300788
v 0.03392697 0.05671171 0.06759773
v 0.03250650 0.05754164 0.06766640
v 0.03112150 0.05828846 0.05300788
v 0.03076502 0.05849374 0.06763146
v 0.02959225 0.05908150 0.05300788
v 0.02701311 0.06032032 0.06759501
v 0.02804281 0.05983433 0.05300789
v 0.02897337 0.05940333 0.06763034
v 0.02647423 0.06054644 0.05300789
v 0.02488759 0.06121732 0.05300789
v 0.02598745 0.06077101 0.06766359
v 0.02391877 0.06161924 0.06762800
v 0.02328396 0.06184654 0.05300789
v 0.02166445 0.06243365 0.05300789
v 0.02150923 0.06250405 0.06762949
v 0.01971606 0.06309181 0.06759418
v 0.02003016 0.06297827 0.05300789
v 0.01683004 0.06392650 0.06762768
v 0.01838219 0.06348000 0.05300789
v 0.01837002 0.06349846 0.06766277
v 0.01672169 0.06393853 0.05300789
v 0.01504977 0.06435352 0.05300789
v 0.01527629 0.06431478 0.06759435
v 0.01371627 0.06466588 0.06759455
v 0.01336759 0.06472471 0.05300789
v 0.01167628 0.06505182 0.05300789
v 0.01284610 0.06484342 0.06773843
v 0.01138130 0.06511851 0.06759480
v 0.00997701 0.06533465 0.05300789
v 0.00999449 0.06534683 0.06766339
v 0.00827092 0.06557299 0.05300789
v 0.00844273 0.06556701 0.06762929
v 0.00655920 0.06576670 0.05300789
v 0.00638912 0.06580082 0.06762996
v 0.00484300 0.06591562 0.05300789
v 0.00496508 0.06592148 0.06759601
v 0.00328976 0.06602614 0.06774279
v 0.00312349 0.06601968 0.05300789
v 0.00140186 0.06607877 0.05300789
v 0.00176150 0.06608445 0.06759709
v 0.00034839 0.06610616 0.06773545
v -0.00039465 0.06609581 0.05300789
v -0.00069528 -0.04248871 0.05300771
v 0.04282523 -0.05038134 0.05300770
v 0.04343687 -0.04965103 0.05300770
v -0.04191259 -0.05162023 0.05300770
v -0.02303342 -0.03572396 0.05300773
v -0.04244976 -0.05086708 0.05300770
v 0.04224906 -0.05113994 0.05300770
v 0.04170966 -0.05192512 0.05300770
v 0.04120826 -0.05273509 0.05300770
v -0.04245448 -0.00208581 0.05300778
v -0.04302119 -0.05013958 0.05300770
v -0.04229535 -0.00416582 0.05300778
v -0.02064765 -0.03715393 0.05300772
v -0.04141082 -0.05239742 0.05300770
v -0.01817347 -0.03842480 0.05300772
v -0.04094552 -0.05319697 0.05300770
v -0.04362564 -0.04943927 0.05300770
v -0.04248862 0.00069519 0.05300779
v -0.04204562 -0.00623703 0.05300777
v -0.04154768 -0.00897359 0.05300777
v -0.03780947 -0.01942116 0.05300775
v -0.03899871 -0.01690672 0.05300776
v -0.04087183 -0.01167173 0.05300776
v -0.04002096 -0.01431988 0.05300776
v -0.03645831 -0.02185243 0.05300775
v 0.00208572 -0.04245457 0.05300771
v 0.04408259 -0.04895068 0.05300770
v 0.00416573 -0.04229544 0.05300771
v 0.00623694 -0.04204571 0.05300771
v 0.03645831 0.02185225 0.05300782
v 0.03780947 0.01942098 0.05300782
v 0.03899871 0.01690654 0.05300781
v 0.04074600 -0.05356802 0.05300770
v 0.04032393 -0.05442201 0.05300769
v 0.03994300 -0.05529514 0.05300769
v -0.04051770 -0.05401719 0.05300769
v -0.04012826 -0.05485631 0.05300769
v -0.01300256 -0.04046819 0.05300771
v -0.02802220 -0.03195328 0.05300773
v -0.02642406 -0.03329427 0.05300773
v 0.01942107 -0.03780955 0.05300772
v 0.01690663 -0.03899880 0.05300772
v -0.03946779 -0.05658405 0.05300769
v -0.03919817 -0.05746898 0.05300769
v -0.01562146 -0.03953113 0.05300772
v -0.02475530 -0.03454607 0.05300773
v 0.00829134 -0.04168347 0.05300771
v 0.01032810 -0.04123192 0.05300771
v 0.01233710 -0.04067005 0.05300771
v 0.01431979 -0.04002105 0.05300772
v 0.02185234 -0.03645840 0.05300773
v 0.02419004 -0.03495113 0.05300773
v 0.02642416 -0.03329419 0.05300773
v 0.03054376 0.02956022 0.05300783
v 0.03195319 0.02802211 0.05300783
v 0.03329410 0.02642407 0.05300783
v 0.02532056 0.03414084 0.05300784
v 0.02749927 0.03241169 0.05300784
v 0.02905267 0.03101913 0.05300784
v -0.03495104 -0.02419013 0.05300774
v -0.03329410 -0.02642425 0.05300774
v 0.02802220 -0.03195328 0.05300773
v 0.02956031 -0.03054385 0.05300773
v 0.04002096 0.01431970 0.05300781
v 0.04087183 0.01167155 0.05300780
v 0.03495104 0.02418995 0.05300783
v 0.02064765 0.03715375 0.05300784
v 0.02303342 0.03572378 0.05300784
v 0.03960408 -0.05618541 0.05300769
v 0.03930793 -0.05709081 0.05300769
v 0.03905523 -0.05800929 0.05300769
v -0.03977804 -0.05571254 0.05300769
v -0.00347355 -0.04236361 0.05300771
v -0.00623682 -0.04204572 0.05300771
v -0.01032798 -0.04123195 0.05300771
v -0.00829134 -0.04168347 0.05300771
v -0.03149460 -0.02854521 0.05300774
v -0.02956022 -0.03054394 0.05300773
v 0.04213641 -0.00554745 0.05300777
v 0.04181906 -0.00760926 0.05300777
v 0.04123186 -0.01032807 0.05300777
v 0.04250000 -0.00069549 0.05300778
v 0.04236352 -0.00347364 0.05300778
v 0.04154768 0.00897341 0.05300780
v 0.04204562 0.00623685 0.05300780
v -0.04426184 -0.04876767 0.05300770
v -0.04514502 -0.04792466 0.05300770
v -0.03863844 -0.06018519 0.05300768
v -0.03878305 -0.05927148 0.05300768
v -0.03896976 -0.05836543 0.05300768
v 0.03715384 -0.02064774 0.05300775
v 0.03572387 -0.02303351 0.05300774
v 0.03414093 -0.02532065 0.05300774
v 0.03953104 -0.01562155 0.05300776
v 0.03842471 -0.01817356 0.05300775
v 0.04046810 -0.01300265 0.05300776
v 0.04229535 0.00416564 0.05300779
v 0.04245448 0.00208563 0.05300779
v 0.01562146 0.03953096 0.05300785
v 0.01817347 0.03842462 0.05300785
v -0.00208572 0.04245440 0.05300786
v 0.00069540 0.04249991 0.05300786
v -0.04236352 0.00347346 0.05300779
v -0.04213641 0.00554727 0.05300779
v -0.06554252 0.00743416 0.05300780
v -0.06532798 0.00915712 0.05300780
v -0.04181906 0.00760908 0.05300780
v -0.06506815 0.01087384 0.05300780
v -0.06476322 0.01258312 0.05300780
v -0.04138977 0.00965065 0.05300780
v -0.06593185 -0.00123242 0.05300778
v -0.06594533 0.00050380 0.05300779
v -0.06591310 0.00223976 0.05300779
v -0.06583519 0.00397428 0.05300779
v -0.06571162 0.00570615 0.05300779
v -0.02185234 0.03645822 0.05300784
v -0.03232142 0.05763006 0.05300788
v -0.03382352 0.05675924 0.05300788
v -0.01942107 0.03780938 0.05300785
v -0.03079692 0.05846103 0.05300788
v -0.02925107 0.05925158 0.05300788
v -0.01690663 0.03899862 0.05300785
v 0.03884655 -0.05893875 0.05300768
v 0.03868237 -0.05987710 0.05300768
v 0.03856305 -0.06082220 0.05300768
v 0.03241178 -0.02749936 0.05300774
v 0.03101922 -0.02905276 0.05300774
v 0.00347355 0.04236343 0.05300786
v 0.00554736 0.04213632 0.05300786
v 0.00760917 0.04181897 0.05300786
v -0.01167164 0.04087174 0.05300785
v -0.00897350 0.04154759 0.05300786
v -0.01624708 0.06406105 0.05300789
v -0.01455884 0.06446661 0.05300789
v -0.01286051 0.06482759 0.05300789
v -0.00623694 0.04204553 0.05300786
v -0.01115327 0.06514373 0.05300789
v -0.02768494 0.06000116 0.05300789
v -0.02609962 0.06070925 0.05300789
v -0.02449621 0.06137536 0.05300789
v -0.01431979 0.04002087 0.05300785
v -0.02287582 0.06199902 0.05300789
v -0.02123957 0.06257981 0.05300789
v -0.01958860 0.06311732 0.05300789
v -0.01792405 0.06361118 0.05300789
v -0.02642416 0.03329401 0.05300784
v -0.03958728 0.05288998 0.05300787
v -0.04096207 0.05182952 0.05300787
v -0.02419004 0.03495095 0.05300784
v -0.03818505 0.05391388 0.05300787
v -0.03675635 0.05490051 0.05300788
v -0.03530217 0.05584918 0.05300788
v -0.06441340 0.01428378 0.05300781
v -0.06401892 0.01597464 0.05300781
v -0.04087186 0.01167143 0.05300780
v -0.06358007 0.01765453 0.05300782
v -0.06309714 0.01932229 0.05300782
v -0.04024453 0.01366109 0.05300781
v -0.06257048 0.02097675 0.05300782
v -0.03953104 0.01562137 0.05300781
v -0.03845958 -0.06285399 0.05300768
v -0.03847665 -0.06202779 0.05300768
v -0.03853623 -0.06110462 0.05300768
v 0.01300256 0.04046801 0.05300785
v 0.01032798 0.04123177 0.05300785
v -0.06200044 0.02261678 0.05300782
v -0.06138742 0.02424122 0.05300783
v -0.06073185 0.02584897 0.05300783
v -0.03842471 0.01817338 0.05300782
v -0.06003419 0.02743890 0.05300783
v -0.05929490 0.02900992 0.05300783
v -0.03715384 0.02064756 0.05300782
v -0.06561737 -0.00643051 0.05300777
v -0.06576781 -0.00470078 0.05300778
v -0.06587266 -0.00296768 0.05300778
v -0.00943830 0.06541482 0.05300789
v -0.00771678 0.06564067 0.05300789
v -0.00416573 0.04229526 0.05300786
v -0.00598992 0.06582110 0.05300789
v -0.00425890 0.06595603 0.05300789
v -0.00252493 0.06604533 0.05300789
v -0.03101922 0.02905258 0.05300783
v -0.02956031 0.03054367 0.05300784
v -0.04739175 0.04600540 0.05300786
v -0.04616806 0.04723715 0.05300786
v -0.04491236 0.04843625 0.05300786
v -0.02802220 0.03195310 0.05300784
v -0.04362553 0.04960189 0.05300787
v -0.04230847 0.05073323 0.05300787
v -0.05851451 0.03056092 0.05300783
v -0.05769356 0.03209085 0.05300784
v -0.05683262 0.03359863 0.05300784
v -0.03572387 0.02303333 0.05300782
v -0.05593228 0.03508322 0.05300784
v -0.05499317 0.03654360 0.05300784
v -0.03414093 0.02532047 0.05300783
v -0.05401595 0.03797874 0.05300785
v -0.05300127 0.03938767 0.05300785
v -0.05194985 0.04076938 0.05300785
v -0.03241178 0.02749918 0.05300783
v -0.05086243 0.04212295 0.05300786
v -0.04973975 0.04344741 0.05300786
v -0.04858259 0.04474186 0.05300786
v -0.03845958 -0.06580740 0.05300767
v -0.06489372 -0.01158759 0.05300777
v -0.06518017 -0.00987511 0.05300777
v -0.06542145 -0.00815569 0.05300777
v -0.06376538 -0.01667148 0.05300776
v -0.06418607 -0.01498695 0.05300776
v -0.06456227 -0.01329193 0.05300776
v -0.06223943 -0.02165049 0.05300775
v -0.06279173 -0.02000440 0.05300775
v -0.06330050 -0.01834435 0.05300775
v -0.06032535 -0.02649357 0.05300774
v -0.06100581 -0.02489619 0.05300774
v -0.06164398 -0.02328146 0.05300774
v -0.05803509 -0.03117051 0.05300773
v -0.05883948 -0.02963181 0.05300774
v -0.05960307 -0.02807247 0.05300774
v -0.05538294 -0.03565216 0.05300773
v -0.05630623 -0.03418173 0.05300773
v -0.05719049 -0.03268750 0.05300773
v -0.05238543 -0.03991056 0.05300772
v -0.05342186 -0.03851756 0.05300772
v -0.05442126 -0.03709777 0.05300772
v -0.04906124 -0.04391916 0.05300771
v -0.05020436 -0.04261229 0.05300771
v -0.05131268 -0.04127578 0.05300771
v -0.04667380 -0.04644037 0.05300771
v -0.04788412 -0.04519548 0.05300771
v 0.02213253 -0.08789700 0.07526363
v 0.02187759 -0.08325682 0.07528949
v 0.02282516 -0.08248021 0.07520223
v 0.02080608 -0.08365118 0.07538424
v 0.02478804 -0.07522614 0.07501207
v 0.02366637 -0.07914817 0.07512232
v 0.02304879 -0.07779711 0.07518370
v 0.02374477 -0.08032906 0.07511394
v 0.02567372 -0.08789587 0.07491396
v 0.02351225 -0.08137017 0.07513627
v 0.02124693 -0.07522614 0.07535648
v 0.02334743 -0.07522614 0.07515864
v 0.02106661 -0.07643019 0.07536937
v 0.02204686 -0.07688618 0.07527952
v 0.01985780 -0.07522614 0.07547797
v 0.01998858 -0.07629538 0.07546241
v 0.01732539 -0.07743594 0.07566869
v 0.01712719 -0.07522614 0.07569000
v 0.01874275 -0.07651269 0.07556330
v 0.01682063 -0.08728933 0.07568604
v 0.01650259 -0.08122632 0.07571889
v 0.01718898 -0.08242813 0.07566908
v 0.01630422 -0.07988672 0.07573516
v 0.01593517 -0.07522614 0.07577307
v 0.01657447 -0.07861175 0.07571937
v 0.01938418 -0.08370063 0.07550280
v 0.01808988 -0.08318753 0.07560315
v -0.01859127 -0.08789794 0.07555795
v -0.02055216 -0.08369692 0.07540569
v -0.01919227 -0.08365460 0.07551739
v -0.02213253 -0.08789700 0.07526373
v -0.01759833 -0.08286831 0.07563914
v -0.01712721 -0.07522614 0.07568957
v -0.01593514 -0.07522614 0.07577268
v -0.01782157 -0.07703020 0.07563337
v -0.01708624 -0.07772939 0.07568538
v -0.01641683 -0.07904951 0.07572920
v -0.01632421 -0.08027284 0.07573288
v -0.01505010 -0.08850776 0.07579706
v -0.01661079 -0.08153038 0.07571091
v -0.01870688 -0.07653039 0.07556569
v -0.01985778 -0.07522614 0.07547746
v -0.01999079 -0.07628606 0.07546247
v -0.02124686 -0.07522614 0.07535590
v -0.02101243 -0.07643013 0.07537372
v -0.02287079 -0.07759711 0.07520185
v -0.02334742 -0.07522614 0.07515797
v -0.02199971 -0.07684675 0.07528344
v -0.02300379 -0.08229626 0.07518520
v -0.02478813 -0.08789616 0.07500550
v -0.02363804 -0.08097570 0.07512422
v -0.02375737 -0.07995474 0.07511287
v -0.02478795 -0.07522614 0.07501135
v -0.02354918 -0.07874592 0.07513419
v -0.02181589 -0.08328876 0.07529494
v -0.02797640 -0.08787809 0.07465558
v -0.02651716 -0.09128428 0.07480861
v -0.02798429 -0.09093333 0.07464305
v -0.02797784 -0.07619019 0.07465500
v -0.02650519 -0.08064730 0.07482493
v -0.02797637 -0.07901440 0.07465518
v -0.02797750 -0.08085211 0.07465500
v -0.02797554 -0.08321039 0.07465514
v -0.02797676 -0.08497714 0.07465508
v -0.02797674 -0.08641261 0.07465509
v -0.00895934 -0.09401236 0.07606608
v -0.01086480 -0.09384697 0.07599225
v -0.01089518 -0.07522614 0.07605761
v -0.01239398 -0.07522614 0.07598410
v -0.01295521 -0.09362960 0.07589427
v -0.01401240 -0.07522614 0.07589406
v 0.00385498 -0.09429743 0.07619321
v 0.00199717 -0.09434573 0.07621455
v 0.00153435 -0.07522614 0.07630252
v 0.00000000 -0.07522614 0.07630738
v 0.00008022 -0.09436310 0.07622217
v -0.00153439 -0.07522614 0.07630250
v -0.00183651 -0.09434827 0.07621569
v -0.00409842 -0.07522614 0.07627384
v -0.00375237 -0.09430128 0.07619476
v -0.00566654 -0.09422220 0.07615996
v -0.00742918 -0.07522614 0.07619156
v -0.00731563 -0.09412742 0.07611812
v -0.00885283 -0.07522614 0.07614253
v 0.01401238 -0.07522614 0.07589438
v 0.01327941 -0.08729003 0.07590134
v 0.01239400 -0.07522614 0.07598437
v 0.01089515 -0.07522614 0.07605785
v 0.01142615 -0.09379152 0.07596770
v 0.00831453 -0.07522614 0.07616389
v 0.00951137 -0.09396704 0.07604573
v 0.00759193 -0.09411071 0.07611024
v 0.00498368 -0.07522614 0.07625636
v 0.00566840 -0.09422228 0.07615950
v 0.00354113 -0.07522614 0.07628113
v 0.02798196 -0.08260620 0.07465445
v 0.02797690 -0.08466062 0.07465497
v 0.02797587 -0.07977428 0.07465533
v 0.02645178 -0.07522614 0.07483175
v 0.02797376 -0.07624958 0.07465564
v 0.02798030 -0.08650003 0.07465458
v 0.02797868 -0.09093556 0.07464600
v 0.02650970 -0.09128569 0.07480787
v 0.02455060 -0.09172339 0.07501226
v 0.02259196 -0.09212755 0.07519989
v 0.02067108 -0.09249005 0.07536785
v 0.01382413 -0.09352654 0.07584314
v -0.01491698 -0.09338966 0.07577961
v -0.01720137 -0.09306920 0.07563353
v -0.02267999 -0.09211144 0.07519116
v -0.02461497 -0.09171064 0.07500485
v -0.02054430 -0.09251613 0.07538061
v 0.01762765 -0.09300258 0.07560355
v 0.01966429 -0.09267088 0.07545364
v 0.01572756 -0.09328017 0.07573084
v -0.03831688 -0.08489542 0.06400765
v 0.02799306 -0.09092993 0.06400763
v 0.03831689 -0.08489538 0.06400765
v 0.02684680 -0.09120522 0.06400763
v 0.02494432 -0.09163671 0.06400763
v 0.02304491 -0.09203589 0.06400763
v -0.02227216 -0.09218924 0.06400763
v -0.02417658 -0.09180187 0.06400763
v -0.02608447 -0.09138193 0.06400763
v -0.02799306 -0.09092994 0.06400763
v 0.02114832 -0.09240294 0.06400763
v 0.01925430 -0.09273805 0.06400763
v 0.01736261 -0.09304140 0.06400763
v -0.01657721 -0.09315813 0.06400763
v -0.01847272 -0.09286719 0.06400763
v -0.02037095 -0.09254429 0.06400763
v 0.01547300 -0.09331311 0.06400763
v 0.01358523 -0.09355334 0.06400763
v 0.01169903 -0.09376219 0.06400763
v -0.01090459 -0.09384083 0.06400763
v -0.01279340 -0.09364481 0.06400763
v -0.01468419 -0.09341729 0.06400763
v 0.00981416 -0.09393977 0.06400763
v 0.00793037 -0.09408616 0.06400763
v 0.00604739 -0.09420142 0.06400763
v -0.00524752 -0.09424098 0.06400763
v -0.00713190 -0.09413882 0.06400763
v -0.00901751 -0.09400547 0.06400763
v 0.00416498 -0.09428560 0.06400763
v 0.00228289 -0.09433874 0.06400763
v 0.00040084 -0.09436087 0.06400762
v -0.00148140 -0.09435195 0.06400762
v -0.00336411 -0.09431200 0.06400763
v -0.04070100 -0.04427044 0.07006288
v -0.03963675 -0.04652071 0.06996101
v -0.04192562 -0.04569696 0.06943163
v -0.03828491 -0.05520571 0.06887142
v -0.03790182 -0.05761005 0.06875487
v -0.03895598 -0.05782251 0.06816805
v -0.04456706 0.02601207 0.07086412
v -0.04466519 0.02261610 0.07111406
v -0.05063862 0.02544798 0.06985681
v -0.04787293 0.04508976 0.06809165
v -0.04628108 0.04275346 0.06867135
v -0.05095971 0.04160114 0.06808406
v -0.02797824 -0.01864556 0.07465415
v -0.03044100 -0.01079544 0.07425343
v -0.02797896 -0.00763296 0.07465720
v -0.02713862 0.02906123 0.07320930
v -0.02960952 0.03041401 0.07273476
v -0.02902309 0.03407435 0.07236229
v -0.02908730 0.02644627 0.07323583
v -0.02880680 0.02153891 0.07372177
v -0.02713864 0.01843576 0.07417851
v -0.02968832 0.01888398 0.07379659
v -0.02969186 0.01310268 0.07411661
v -0.03089493 0.01598536 0.07379670
v -0.02795478 0.01348895 0.07435765
v -0.02968000 0.00924440 0.07424768
v -0.02796543 0.00753582 0.07456629
v -0.03206238 0.00632909 0.07391257
v -0.03024395 0.00344833 0.07423922
v -0.02797416 0.00177154 0.07465044
v -0.02934957 -0.02454045 0.07435795
v -0.02917664 -0.01874826 0.07443566
v -0.02942099 -0.05904492 0.07376415
v -0.02797394 -0.05676955 0.07465555
v -0.02797620 -0.06477150 0.07465531
v -0.03599259 -0.06151783 0.06965484
v -0.03280577 -0.06200844 0.07164163
v -0.03831378 -0.06232649 0.06819893
v -0.03776407 -0.05953873 0.06864848
v -0.03839625 -0.06049308 0.06821198
v -0.03943008 -0.05590518 0.06822263
v -0.03869049 -0.05317192 0.06902428
v -0.04047527 -0.05354639 0.06820538
v -0.04206330 -0.05107538 0.06816486
v -0.04097037 -0.05030669 0.06871302
v -0.04288108 -0.04985864 0.06820562
v -0.04149695 -0.04782403 0.06909656
v -0.04495452 -0.04643584 0.06850598
v -0.04325527 -0.04759576 0.06864464
v -0.04539144 -0.04728880 0.06820209
v -0.04568743 -0.04431563 0.06880599
v -0.04971258 -0.04277205 0.06819035
v -0.04626160 -0.04206583 0.06910837
v -0.05231024 -0.03615160 0.06868962
v -0.04863615 -0.03886700 0.06908926
v -0.05294697 -0.03868787 0.06817831
v -0.05542934 -0.03500955 0.06817373
v -0.05385478 -0.03247847 0.06881779
v -0.05445713 -0.02981108 0.06897207
v -0.05900997 -0.02859706 0.06815963
v -0.05729629 -0.03191178 0.06816175
v -0.05855105 -0.02671922 0.06842586
v -0.06066013 -0.02477299 0.06816997
v -0.06227645 -0.02074032 0.06813423
v -0.05749004 -0.02092996 0.06905188
v -0.06364650 -0.01564969 0.06815446
v -0.05997752 -0.01468156 0.06888384
v -0.05575409 -0.01802117 0.06953402
v -0.05884500 -0.01032721 0.06923407
v -0.06454971 -0.01157617 0.06814181
v -0.05889042 -0.00646475 0.06930382
v -0.06515297 -0.00753666 0.06813571
v -0.06551362 -0.00440708 0.06811962
v -0.05892989 -0.00260185 0.06933622
v -0.06558980 0.00005526 0.06813452
v -0.05896308 0.00126057 0.06933115
v -0.06550535 0.00482761 0.06811188
v -0.05898969 0.00512203 0.06928764
v -0.05900962 0.00898231 0.06920458
v -0.06495001 0.00878795 0.06813822
v -0.05902270 0.01284113 0.06908080
v -0.06414539 0.01369515 0.06812925
v -0.05902878 0.01669813 0.06891526
v -0.06291988 0.01888043 0.06810625
v -0.05902766 0.02055292 0.06870687
v -0.05184609 0.02254871 0.06985828
v -0.06045479 0.02563658 0.06811035
v -0.06161827 0.02289863 0.06809424
v -0.05923120 0.02819641 0.06812317
v -0.05422012 0.02733795 0.06907371
v -0.05830999 0.03033387 0.06809496
v -0.05540374 0.02973045 0.06865854
v -0.05305105 0.03879920 0.06809580
v -0.05056103 0.03601602 0.06884158
v -0.05512781 0.03581465 0.06809381
v -0.04813107 0.03891196 0.06889299
v -0.04413669 0.04563447 0.06857757
v -0.04419973 0.04869585 0.06808748
v -0.04151801 0.05106394 0.06807566
v -0.03877993 0.05317807 0.06807667
v -0.03624843 0.04972943 0.06902181
v -0.03629899 0.05484972 0.06808664
v -0.03363974 0.05235291 0.06887916
v -0.02886913 0.05672310 0.06857130
v -0.03207753 0.05520360 0.06852211
v -0.02996993 0.05850440 0.06810074
v -0.03353890 0.05658079 0.06808645
v -0.05029653 0.03218025 0.06930517
v -0.04767155 0.02998898 0.06997044
v -0.04738701 0.03114283 0.06990451
v -0.04757375 0.02874747 0.07010474
v -0.04697629 0.02746537 0.07032412
v -0.04580132 0.02643712 0.07061504
v -0.04094307 0.02759789 0.07132846
v -0.04106338 0.02457294 0.07157616
v -0.04179763 0.02668107 0.07127095
v -0.04317495 0.02606279 0.07109410
v -0.03684786 0.02749153 0.07199886
v -0.04034982 0.02895507 0.07129536
v -0.03919552 0.03323403 0.07101763
v -0.04046767 0.03085990 0.07107975
v -0.04127484 0.03217407 0.07080639
v -0.04235977 0.03300463 0.07053891
v -0.04096412 0.03609632 0.07039593
v -0.04390786 0.03336988 0.07024539
v -0.04576416 0.03605778 0.06963083
v -0.04526486 0.03314232 0.07004738
v -0.04654186 0.03236699 0.06991900
v -0.04914790 -0.04054342 0.06871323
v -0.04722472 -0.02758148 0.07059357
v -0.04774680 -0.03047119 0.07025228
v -0.05196434 -0.02858724 0.06958093
v -0.04788347 -0.02469930 0.07066075
v -0.05439204 -0.02668389 0.06925891
v -0.04737139 -0.03310833 0.07007596
v -0.05503108 -0.02476342 0.06927893
v -0.04612178 -0.02323754 0.07108174
v -0.05536909 -0.02283931 0.06934375
v -0.04795424 -0.02084446 0.07085993
v -0.05990615 -0.01902250 0.06869458
v -0.04705148 0.00909447 0.07132829
v -0.05182784 0.00711958 0.07053125
v -0.04945286 0.01148503 0.07083920
v -0.04703231 0.00523274 0.07140519
v -0.05180557 0.00325780 0.07059212
v -0.04700705 0.00137013 0.07144484
v -0.05177734 -0.00060483 0.07061680
v -0.04697670 -0.00249270 0.07145343
v -0.05174384 -0.00446794 0.07060920
v -0.04574093 -0.00682739 0.07163983
v -0.05170519 -0.00833093 0.07056958
v -0.04450030 -0.01116169 0.07179651
v -0.05046034 -0.01266482 0.07070075
v -0.04446677 -0.01405779 0.07173929
v -0.04442329 -0.01743560 0.07164986
v -0.05402283 -0.01414545 0.07000765
v -0.04919372 -0.01796187 0.07075586
v -0.04945923 0.01968174 0.07046452
v -0.04946089 0.01775415 0.07057181
v -0.04946055 0.01582585 0.07066703
v -0.04945825 0.01389693 0.07075033
v -0.04630672 0.04084081 0.06893143
v -0.03299245 0.01307610 0.07360027
v -0.03387763 0.00920945 0.07356823
v -0.03743714 0.00338711 0.07304956
v -0.03264124 0.00342815 0.07383979
v -0.02938291 0.02367827 0.07345811
v -0.03206481 0.02464089 0.07299108
v -0.03208523 0.02079261 0.07330664
v -0.03209317 0.01790320 0.07349963
v -0.03508567 0.02077044 0.07284183
v -0.03509346 0.01691633 0.07308120
v -0.03688964 0.01400872 0.07292122
v -0.03263564 0.02848017 0.07253028
v -0.03868248 0.02074184 0.07225914
v -0.03868863 0.01688691 0.07248759
v -0.04047840 0.01204860 0.07238439
v -0.04047171 0.01011852 0.07244113
v -0.04046296 0.00818807 0.07248568
v -0.04134503 0.00528396 0.07238065
v -0.04221684 0.00141370 0.07226066
v -0.03859916 -0.00145132 0.07286959
v -0.04037468 -0.00436446 0.07257487
v -0.03626750 0.02461155 0.07235429
v -0.04227951 0.01878393 0.07177120
v -0.04227988 0.01492718 0.07196544
v -0.03652316 0.03037523 0.07175349
v -0.02738856 0.03611682 0.07227927
v -0.03071847 0.03806833 0.07160287
v -0.02725861 0.03873696 0.07191322
v -0.03196150 0.03519390 0.07183230
v -0.03259729 0.03231750 0.07210506
v -0.03617115 0.03517185 0.07124309
v -0.02736801 0.04228213 0.07135056
v -0.03372862 0.03805650 0.07120754
v -0.03065978 0.04188900 0.07103803
v -0.03367185 0.04187883 0.07065631
v -0.03730969 0.03994903 0.07043213
v -0.04092803 0.03896852 0.07002652
v -0.04088859 0.04183739 0.06963235
v -0.05633241 0.03361702 0.06812239
v -0.02902023 0.04589140 0.07057467
v -0.03331631 0.04521890 0.07017335
v -0.03725202 0.04376957 0.06987095
v -0.04081483 0.04660988 0.06891345
v -0.03206942 0.04760380 0.06992523
v -0.02928084 0.04908388 0.06998807
v -0.02899382 0.05274623 0.06933758
v -0.03839243 0.04757663 0.06909727
v -0.02964331 -0.05589511 0.07367705
v -0.02961067 -0.05130880 0.07380297
v -0.02866414 -0.05084572 0.07430097
v -0.02798326 -0.05261746 0.07465399
v -0.02797431 -0.04819676 0.07465534
v -0.03331201 -0.05832962 0.07139288
v -0.03332306 -0.05990012 0.07134013
v -0.03061577 -0.05273335 0.07321274
v -0.03123956 -0.04959096 0.07305512
v -0.03015053 -0.04864695 0.07362023
v -0.03042208 -0.05490863 0.07324179
v -0.03245839 -0.05233077 0.07224724
v -0.03180192 -0.04813978 0.07288142
v -0.02918595 -0.04480351 0.07416322
v -0.03059314 -0.04358647 0.07364263
v -0.02796845 -0.04285097 0.07465559
v -0.02933264 -0.04046231 0.07420222
v -0.03046529 -0.04190293 0.07376268
v -0.02797966 -0.03950118 0.07465407
v -0.03181420 -0.03949261 0.07341496
v -0.02933834 -0.03853306 0.07423312
v -0.03168576 -0.03492050 0.07362310
v -0.02964045 -0.03563924 0.07418086
v -0.03165655 -0.03756832 0.07354417
v -0.03398989 -0.04882665 0.07182155
v -0.03289376 -0.04860317 0.07234247
v -0.03363969 -0.05206596 0.07165390
v -0.03521580 -0.05671207 0.07035735
v -0.03509422 -0.05437294 0.07064495
v -0.03253378 -0.05485445 0.07203210
v -0.03305122 -0.05676822 0.07162131
v -0.03591469 -0.05862101 0.06980632
v -0.02877402 -0.04673845 0.07430488
v -0.03213198 -0.04465532 0.07299042
v -0.03325505 -0.04476598 0.07254252
v -0.03267926 -0.04153228 0.07300749
v -0.03464742 -0.04535326 0.07194208
v -0.03071724 -0.04575052 0.07349408
v -0.03376492 -0.03733018 0.07293836
v -0.02797585 -0.03250188 0.07465629
v -0.03418173 -0.03420751 0.07298294
v -0.03290148 -0.03131377 0.07341828
v -0.03617073 -0.04224225 0.07177183
v -0.03579072 -0.04498808 0.07155939
v -0.03692755 -0.04498304 0.07115200
v -0.03569333 -0.04761134 0.07123772
v -0.03504779 -0.05024536 0.07116892
v -0.03509551 -0.03949087 0.07238582
v -0.03430472 -0.04236567 0.07238126
v -0.03538918 -0.03613390 0.07255061
v -0.03623643 -0.03421729 0.07245834
v -0.03764373 -0.03674324 0.07190826
v -0.03642682 -0.03853521 0.07208109
v -0.03526044 -0.03132754 0.07285640
v -0.02851394 -0.02743048 0.07452843
v -0.02982754 -0.02936866 0.07420194
v -0.03297520 -0.02553226 0.07357062
v -0.03117419 -0.02744784 0.07391709
v -0.03293841 -0.02842375 0.07349726
v -0.03113608 -0.03130465 0.07385362
v -0.02914388 -0.03274306 0.07434298
v -0.03181451 -0.02311228 0.07386363
v -0.03064932 -0.02069081 0.07413485
v -0.03174992 -0.01515095 0.07400234
v -0.02958156 -0.00523643 0.07438400
v -0.03110532 -0.00138669 0.07410628
v -0.03364206 -0.01975113 0.07358167
v -0.03666189 -0.01688293 0.07308269
v -0.03476513 -0.02506414 0.07321719
v -0.03619672 -0.02844682 0.07277742
v -0.03377273 -0.00575496 0.07368333
v -0.03914853 -0.00773376 0.07277083
v -0.03433009 -0.01107077 0.07358224
v -0.03609693 -0.01398245 0.07324085
v -0.03720274 -0.02122845 0.07286485
v -0.03834287 -0.02461190 0.07251010
v -0.03878612 -0.03231285 0.07198109
v -0.03717483 -0.06051906 0.06894423
v -0.03670225 -0.05535648 0.06966755
v -0.03631423 -0.05291155 0.07019211
v -0.03921503 -0.04948424 0.06952100
v -0.03839019 -0.05044104 0.06966465
v -0.03984501 -0.05185261 0.06879755
v -0.03732035 -0.05027380 0.07014334
v -0.03794156 -0.04759305 0.07035574
v -0.03791557 -0.04521801 0.07077275
v -0.03901077 -0.04331626 0.07073088
v -0.04107085 -0.03532851 0.07120515
v -0.03893848 -0.03758814 0.07149251
v -0.04096057 -0.03855730 0.07086889
v -0.03844406 -0.03423039 0.07191603
v -0.03615271 -0.05010994 0.07068323
v -0.03788506 -0.04259991 0.07117990
v -0.03971376 -0.04045938 0.07094401
v -0.04206927 -0.04023631 0.07036848
v -0.03738479 -0.04045103 0.07160275
v -0.04358146 -0.04500304 0.06915729
v -0.04278584 -0.04357319 0.06963871
v -0.04079831 -0.04237079 0.07036621
v -0.04319233 -0.04143800 0.06991410
v -0.04473495 -0.04002269 0.06977572
v -0.04333738 -0.03809862 0.07036041
v -0.04344156 -0.03522879 0.07068066
v -0.04639085 -0.03573565 0.06998708
v -0.04631752 -0.03764964 0.06976207
v -0.03853237 -0.03038880 0.07216577
v -0.04323221 -0.03234953 0.07100591
v -0.04080463 -0.01981406 0.07223271
v -0.03948219 -0.02751074 0.07213986
v -0.04193667 -0.02368047 0.07185583
v -0.04186276 -0.02753162 0.07165602
v -0.04424551 -0.02755362 0.07118121
v -0.04298622 -0.03042657 0.07122000
v 0.03529968 -0.05527058 0.07044175
v 0.03614283 -0.05765271 0.06974111
v 0.03360881 -0.05579098 0.07135406
v 0.03429509 -0.03638715 0.07283913
v 0.03638855 -0.03423733 0.07243625
v 0.03648923 -0.03615628 0.07226554
v 0.03486839 -0.01785642 0.07337630
v 0.03126071 -0.02071804 0.07401466
v 0.03128931 -0.01782344 0.07403501
v 0.03616503 -0.00821721 0.07326378
v 0.03133108 -0.01348066 0.07405883
v 0.03137102 -0.00913713 0.07407568
v 0.05178301 -0.03389676 0.06908691
v 0.04767874 -0.03241736 0.07009142
v 0.05392389 -0.03199833 0.06885731
v 0.04680254 -0.01797199 0.07118998
v 0.05330902 -0.02092799 0.06984860
v 0.04675644 -0.02086447 0.07108126
v 0.03836308 -0.06157386 0.06817342
v 0.03719638 -0.05931291 0.06899364
v 0.03878801 -0.05831687 0.06819507
v 0.04633909 0.04054298 0.06885193
v 0.04757297 0.04540058 0.06808326
v 0.05099672 0.04146708 0.06808809
v 0.02797602 -0.06040119 0.07465585
v 0.02797965 -0.05382367 0.07465567
v 0.02940287 -0.05783193 0.07378819
v 0.02909587 -0.05385479 0.07402612
v 0.02825737 -0.05013085 0.07451405
v 0.02848936 -0.04264645 0.07446512
v 0.02796604 -0.04699449 0.07465715
v 0.02797608 -0.03797841 0.07465620
v 0.02797610 -0.02817008 0.07465632
v 0.02865782 -0.03106963 0.07448810
v 0.03001207 -0.02721934 0.07420723
v 0.02797626 -0.02358512 0.07465719
v 0.03181027 -0.02506319 0.07385003
v 0.03124126 -0.02264737 0.07399767
v 0.02797611 -0.01441480 0.07465636
v 0.02797610 -0.01970662 0.07465627
v 0.02797619 -0.00717457 0.07465690
v 0.03140517 -0.00527582 0.07408494
v 0.02797616 -0.00069082 0.07465658
v 0.03266482 0.00243646 0.07385413
v 0.02797689 0.00284360 0.07465056
v 0.03268381 0.00533176 0.07380950
v 0.02797799 0.00543749 0.07461778
v 0.03150563 0.01016419 0.07385307
v 0.03508887 0.00820244 0.07331865
v 0.02797815 0.00800076 0.07454625
v 0.02797813 0.01183276 0.07436029
v 0.03150715 0.01209051 0.07375292
v 0.02797616 0.01557902 0.07408600
v 0.03390035 0.01399448 0.07324464
v 0.03089150 0.01882810 0.07335998
v 0.03150142 0.01593949 0.07349758
v 0.02797744 0.02019586 0.07366125
v 0.03133024 0.02098617 0.07310188
v 0.02936773 0.02267837 0.07321008
v 0.02797660 0.02508805 0.07312060
v 0.03008128 0.02722865 0.07261525
v 0.02963463 0.03110011 0.07219168
v 0.02755645 0.04947445 0.06972575
v 0.03062752 0.04468029 0.07017840
v 0.02713396 0.04522083 0.07042194
v 0.02943844 0.04078451 0.07087249
v 0.02892674 0.05581254 0.06860061
v 0.02778961 0.05961083 0.06807099
v 0.03105243 0.05797448 0.06807289
v 0.03643983 0.05039449 0.06872670
v 0.03737626 0.05410957 0.06807342
v 0.04078786 0.05150708 0.06809037
v 0.04143770 0.04846508 0.06844523
v 0.04397736 0.04886831 0.06808371
v 0.04615773 0.04365668 0.06849184
v 0.05300889 0.03209675 0.06877246
v 0.05088571 0.03571517 0.06874042
v 0.05619102 0.03399938 0.06810141
v 0.05405650 0.03726889 0.06810656
v 0.05662370 0.02821967 0.06853539
v 0.05816005 0.03055838 0.06809773
v 0.05995817 0.02693364 0.06809180
v 0.05423653 0.02535618 0.06914324
v 0.05902524 0.01375244 0.06900425
v 0.05424507 0.01572757 0.06973777
v 0.06365988 0.01601755 0.06811243
v 0.05424662 0.01765453 0.06963901
v 0.06307472 0.01793617 0.06812411
v 0.06441394 0.01257759 0.06811730
v 0.05543256 0.01186015 0.06969851
v 0.06504007 0.00832699 0.06813256
v 0.05901144 0.00989579 0.06914157
v 0.05541725 0.00800266 0.06982301
v 0.05899117 0.00603759 0.06924046
v 0.06542731 0.00380824 0.06813766
v 0.05897208 0.00314306 0.06929043
v 0.06552555 0.00005313 0.06814293
v 0.05894091 -0.00071728 0.06932192
v 0.06539778 -0.00394625 0.06814718
v 0.05891280 -0.00361313 0.06931832
v 0.05889203 -0.00554385 0.06930432
v 0.06515992 -0.00744864 0.06813704
v 0.05886966 -0.00747453 0.06928063
v 0.06121633 -0.01039318 0.06878998
v 0.06457051 -0.01144039 0.06814173
v 0.06115969 -0.01425267 0.06867626
v 0.06390844 -0.01466447 0.06814501
v 0.06020242 -0.01810153 0.06868682
v 0.06284665 -0.01881011 0.06814444
v 0.05499073 -0.02575971 0.06921362
v 0.06121167 -0.02355128 0.06814899
v 0.05985123 -0.02678703 0.06815962
v 0.05796730 -0.03055441 0.06817772
v 0.05612897 -0.02769458 0.06883053
v 0.05596858 -0.03414807 0.06817094
v 0.05387683 -0.03738485 0.06817363
v 0.05057633 -0.04165321 0.06820183
v 0.04949185 -0.03913677 0.06886382
v 0.04690365 -0.04339666 0.06870995
v 0.04730825 -0.04545212 0.06818509
v 0.04701116 -0.04149601 0.06903323
v 0.04530356 -0.04539245 0.06866302
v 0.04137793 -0.05037343 0.06855471
v 0.04359693 -0.04902440 0.06820785
v 0.04157879 -0.05160672 0.06821413
v 0.03945151 -0.05147812 0.06902814
v 0.04036593 -0.05396031 0.06816434
v 0.03945950 -0.05588347 0.06821565
v 0.03899179 -0.05377050 0.06878681
v 0.03656935 -0.06209064 0.06929128
v 0.03693549 -0.06052570 0.06908971
v 0.03803415 0.02837862 0.07141005
v 0.04050257 0.02842912 0.07104176
v 0.04148868 0.02691394 0.07104097
v 0.04029552 0.02964715 0.07094825
v 0.03865371 0.02549412 0.07160372
v 0.04106574 0.02283185 0.07146715
v 0.04331370 0.02599561 0.07084404
v 0.04884137 0.02636803 0.06993919
v 0.04631491 0.02677107 0.07030487
v 0.04725399 0.02791918 0.07005660
v 0.05062607 0.02923551 0.06940860
v 0.04759978 0.02891552 0.06991114
v 0.04765861 0.03030742 0.06977223
v 0.04524812 0.03314022 0.06985047
v 0.04615350 0.03266703 0.06976576
v 0.04700467 0.03181418 0.06972482
v 0.04577104 0.03695329 0.06935400
v 0.04414767 0.03337878 0.06998752
v 0.04098067 0.03506975 0.07024713
v 0.04269136 0.03314101 0.07022541
v 0.04051988 0.03098586 0.07077544
v 0.04137145 0.03232210 0.07050419
v 0.04937154 0.03740588 0.06878266
v 0.04445545 -0.01505455 0.07170398
v 0.05160184 -0.01608982 0.07037831
v 0.04688041 -0.01218299 0.07134006
v 0.05165521 -0.01223053 0.07048604
v 0.04692481 -0.00832223 0.07140044
v 0.05170172 -0.00836979 0.07055613
v 0.04696414 -0.00446112 0.07143089
v 0.05174234 -0.00450831 0.07059115
v 0.04937965 -0.00158862 0.07101421
v 0.04705358 0.00905050 0.07124589
v 0.04943183 0.00613278 0.07091217
v 0.04466938 0.01196673 0.07154497
v 0.04945774 0.01384758 0.07064563
v 0.04706665 0.01676162 0.07090252
v 0.05455023 -0.01804753 0.06975532
v 0.05248673 -0.03054452 0.06930186
v 0.04941539 0.00323782 0.07096989
v 0.04939502 0.00034211 0.07100315
v 0.05644983 -0.01034713 0.06966310
v 0.05639698 -0.01420690 0.06956253
v 0.04442478 -0.04003801 0.06984265
v 0.04509922 -0.03813593 0.06996492
v 0.05165906 -0.03700764 0.06870867
v 0.05022959 -0.03579794 0.06917806
v 0.04968138 -0.02378355 0.07037714
v 0.05384631 -0.02382347 0.06957359
v 0.05982941 -0.02195312 0.06853573
v 0.04672237 -0.02279161 0.07099508
v 0.03264297 -0.00045986 0.07387890
v 0.03610554 -0.01400832 0.07321098
v 0.03464797 -0.03326709 0.07293413
v 0.03412287 -0.02941630 0.07323355
v 0.03645027 -0.03135647 0.07260738
v 0.03650376 -0.02847189 0.07274272
v 0.03057346 -0.03035689 0.07403176
v 0.03326542 -0.02724325 0.07348929
v 0.03173371 -0.03180848 0.07371630
v 0.03905746 -0.01693157 0.07262982
v 0.03978578 -0.00487325 0.07266881
v 0.04214457 -0.00827529 0.07223554
v 0.04210235 -0.01213617 0.07218655
v 0.03734194 -0.01015925 0.07304419
v 0.04082169 -0.01887765 0.07225458
v 0.03723003 -0.01980765 0.07289716
v 0.03482207 -0.02171410 0.07331148
v 0.04079334 -0.02080574 0.07219664
v 0.03478402 -0.02460572 0.07324627
v 0.03897532 -0.02271606 0.07247105
v 0.04124748 -0.02851290 0.07173155
v 0.04781160 -0.02761571 0.07048619
v 0.04357639 -0.03045658 0.07110886
v 0.04307275 -0.02660674 0.07148464
v 0.04311152 -0.02468216 0.07158702
v 0.02863255 -0.03758131 0.07445513
v 0.02965478 -0.03529260 0.07417988
v 0.03169209 -0.03529794 0.07361475
v 0.03107743 -0.03842390 0.07368186
v 0.03292865 -0.03974444 0.07302907
v 0.03048940 -0.03974764 0.07382057
v 0.03132461 -0.04178883 0.07344906
v 0.03224270 -0.03758321 0.07336234
v 0.02962358 -0.04119445 0.07407357
v 0.02905391 -0.04577648 0.07419481
v 0.02947390 -0.04986692 0.07391155
v 0.02960828 -0.04793730 0.07390140
v 0.03017295 -0.04468114 0.07376651
v 0.03105004 -0.04791629 0.07323993
v 0.03128484 -0.04527161 0.07328491
v 0.03230752 -0.04262455 0.07305323
v 0.03883392 -0.03041394 0.07212598
v 0.03831675 -0.02656247 0.07244632
v 0.03347458 -0.03326089 0.07322896
v 0.03592954 -0.03807051 0.07225598
v 0.03534242 -0.04106074 0.07215601
v 0.03665848 -0.04046458 0.07181399
v 0.03907267 -0.03281632 0.07189957
v 0.03519748 -0.04571746 0.07168555
v 0.03455108 -0.04381132 0.07214604
v 0.03640704 -0.04356640 0.07152104
v 0.03407681 -0.04811521 0.07186381
v 0.03352437 -0.04525181 0.07238644
v 0.03296044 -0.04872833 0.07230400
v 0.03299329 -0.04381930 0.07271419
v 0.03209750 -0.04694263 0.07283672
v 0.03421348 -0.04022324 0.07258793
v 0.03137114 -0.05007336 0.07296104
v 0.03209801 -0.05150066 0.07249758
v 0.03281087 -0.05340677 0.07197973
v 0.03035120 -0.05261979 0.07336401
v 0.03147361 -0.05464052 0.07264443
v 0.03226246 -0.05654792 0.07210186
v 0.03043373 -0.05683770 0.07318173
v 0.03461344 -0.05336819 0.07101513
v 0.03401025 -0.05050666 0.07162720
v 0.03538013 -0.05239612 0.07073279
v 0.03265868 -0.05870833 0.07177930
v 0.03421699 -0.05770131 0.07087594
v 0.03383899 -0.06048767 0.07100717
v 0.03569854 -0.04738213 0.07126913
v 0.03846517 -0.04237597 0.07102631
v 0.03854182 -0.04046991 0.07126309
v 0.03905672 -0.03832354 0.07138025
v 0.03871471 -0.03521109 0.07178601
v 0.03834973 -0.02463705 0.07252315
v 0.03749621 -0.04487383 0.07096659
v 0.03656962 -0.04666164 0.07103233
v 0.03827843 -0.04641652 0.07044530
v 0.03894575 -0.04451738 0.07055075
v 0.04086599 -0.04072158 0.07060498
v 0.04074044 -0.04333580 0.07021795
v 0.04048549 -0.04534983 0.06992202
v 0.03906656 -0.04759938 0.06994782
v 0.04214795 -0.03810761 0.07064133
v 0.03986172 -0.03617703 0.07141285
v 0.04221842 -0.03619619 0.07085484
v 0.04109984 -0.03427149 0.07131202
v 0.04524246 -0.03430998 0.07039831
v 0.04293112 -0.03237027 0.07108393
v 0.04517461 -0.03622429 0.07019351
v 0.04325604 -0.04524992 0.06918077
v 0.04199606 -0.04665719 0.06920933
v 0.04307818 -0.04335417 0.06960551
v 0.04317906 -0.04145509 0.06991459
v 0.04367533 -0.04761237 0.06853060
v 0.04029020 -0.04854384 0.06933185
v 0.03734839 -0.04808258 0.07050358
v 0.03787562 -0.05009730 0.06993835
v 0.03689136 -0.05189319 0.07006612
v 0.03677741 -0.05476019 0.06970264
v 0.03803638 -0.05443923 0.06911579
v 0.03803510 -0.05713027 0.06873886
v 0.03577533 -0.04988313 0.07088215
v 0.03207556 0.04945097 0.06931470
v 0.03127230 0.05326797 0.06879713
v 0.03439273 0.05599095 0.06808733
v 0.03280091 0.03989632 0.07064466
v 0.03559387 0.04562157 0.06951859
v 0.03639452 0.04179521 0.06997056
v 0.03450914 0.03558556 0.07103151
v 0.03134108 0.03607646 0.07133895
v 0.02779007 0.03600625 0.07171769
v 0.03454963 0.03175611 0.07150902
v 0.03398175 0.02816615 0.07200287
v 0.03310997 0.02433436 0.07252529
v 0.03628312 0.01974712 0.07246120
v 0.03389244 0.01784335 0.07298004
v 0.03627521 0.02166991 0.07230566
v 0.03626527 0.02359162 0.07213734
v 0.02738245 0.03240302 0.07225546
v 0.03629280 0.01589868 0.07273461
v 0.03868831 0.01298780 0.07250883
v 0.03988070 0.01875426 0.07196418
v 0.03740099 0.03221823 0.07107371
v 0.03856112 0.03652157 0.07039703
v 0.03852472 0.03987198 0.06997050
v 0.04126684 0.04368494 0.06912196
v 0.04213580 0.03985163 0.06950644
v 0.04490785 0.02608371 0.07058760
v 0.04407248 0.01871600 0.07128372
v 0.04108224 0.01585530 0.07195324
v 0.04586013 0.02254875 0.07072403
v 0.05424149 0.02343178 0.06928243
v 0.05424479 0.02150666 0.06941114
v 0.06222329 0.02081441 0.06811826
v 0.06125285 0.02365943 0.06810614
v 0.05424651 0.01958090 0.06953005
v 0.03986093 0.00526235 0.07258358
v 0.03987981 0.01008500 0.07243582
v 0.03983696 0.00140180 0.07264644
v 0.03981481 -0.00149433 0.07266703
v 0.04625677 0.03191935 0.06939627
v 0.04583715 0.03228217 0.06660784
v 0.04581795 0.03229563 0.06942862
v 0.04515692 0.03266004 0.06949479
v 0.04460842 0.03281743 0.06660784
v 0.04438546 0.03286146 0.06960098
v 0.04073541 0.03021294 0.06660784
v 0.04068899 0.02963711 0.06660783
v 0.04073157 0.03019096 0.07053009
v 0.04068047 0.02947211 0.07062250
v 0.04073384 0.02906131 0.06660783
v 0.04092744 0.03087888 0.07041337
v 0.04095834 0.03095021 0.06660784
v 0.04126279 0.03148856 0.07028405
v 0.04160437 0.03190360 0.06660784
v 0.04124342 0.03145272 0.06660784
v 0.04166136 0.03196790 0.07016163
v 0.04204430 0.03227770 0.06660784
v 0.04234744 0.03248246 0.06997935
v 0.04253905 0.03257639 0.06660784
v 0.04326860 0.03282298 0.06660784
v 0.04318111 0.03280238 0.06980643
v 0.04375629 0.03288356 0.06970284
v 0.04405972 0.03289168 0.06660784
v 0.04516275 0.03265402 0.06660784
v 0.04666776 0.03141505 0.06938756
v 0.04640535 0.03176233 0.06660784
v 0.04697386 0.03081579 0.06940073
v 0.04683498 0.03112338 0.06660784
v 0.04710300 0.03040169 0.06660784
v 0.04714749 0.03018600 0.06943838
v 0.04719424 0.02963720 0.06660783
v 0.04719585 0.02949062 0.06950090
v 0.04713774 0.02906223 0.06660783
v 0.04701595 0.02855144 0.06963432
v 0.04699038 0.02850372 0.06660783
v 0.04663959 0.02781814 0.06660783
v 0.04664176 0.02782682 0.06977224
v 0.04613612 0.02723538 0.06660783
v 0.04619617 0.02728953 0.06990802
v 0.04570485 0.02690309 0.07003244
v 0.04551069 0.02678634 0.06660783
v 0.04514768 0.02661643 0.07015912
v 0.04497987 0.02655831 0.06660783
v 0.04451650 0.02643220 0.07029125
v 0.04441960 0.02641771 0.06660783
v 0.04389878 0.02638311 0.07040512
v 0.04365003 0.02639471 0.06660783
v 0.04327220 0.02645263 0.07050771
v 0.04308234 0.02650205 0.06660783
v 0.04269312 0.02663023 0.07059259
v 0.04253915 0.02669844 0.06660783
v 0.04188785 0.02710912 0.06660782
v 0.04221812 0.02687130 0.07065126
v 0.04152894 0.02744084 0.07070724
v 0.04135127 0.02766155 0.06660783
v 0.04112692 0.02800064 0.07071520
v 0.04095811 0.02832429 0.06660783
v 0.04085333 0.02859922 0.07069453
v -0.04326957 0.03281743 0.06660784
v -0.04147324 0.03176255 0.06660784
v -0.04381861 0.03289177 0.06660783
v -0.04204122 0.03228210 0.06660783
v -0.04271562 0.03265360 0.06660784
v -0.04083069 0.03058631 0.06660784
v -0.04104225 0.03112415 0.06660784
v -0.04070639 0.02925222 0.06660783
v -0.04070657 0.03002221 0.06660783
v -0.04104309 0.02815076 0.06660783
v -0.04083069 0.02868794 0.06660783
v -0.04174165 0.02723495 0.06660783
v -0.04135571 0.02766502 0.06660783
v -0.04236747 0.02678648 0.06660783
v -0.04384264 0.02638431 0.06660783
v -0.04308078 0.02649600 0.06660782
v -0.04498208 0.02655244 0.06660783
v -0.04441884 0.02642274 0.06660783
v -0.04567710 0.02688428 0.06660783
v -0.04674234 0.02798170 0.06660783
v -0.04627509 0.02736954 0.06660783
v -0.04705276 0.02868648 0.06660783
v -0.04714328 0.03021323 0.06660784
v -0.04718894 0.02944446 0.06660783
v -0.04691779 0.03094941 0.06660784
v -0.04613269 0.03203507 0.06660784
v -0.04652631 0.03161229 0.06660784
v -0.04498199 0.03272167 0.06660784
v -0.04567669 0.03238955 0.06660784
v -0.04441885 0.03285149 0.06660784
v -0.04713804 0.03027295 0.06961228
v -0.04719260 0.02948572 0.06969055
v -0.04691468 0.03095899 0.06957885
v -0.04658749 0.03153198 0.06957461
v -0.04609922 0.03207407 0.06960043
v -0.04535726 0.03257649 0.06968071
v -0.04450858 0.03284227 0.06980341
v -0.04386318 0.03289293 0.06991950
v -0.04316533 0.03279951 0.07005898
v -0.04259557 0.03260199 0.07018969
v -0.04199921 0.03225246 0.07034243
v -0.04154321 0.03183595 0.07047777
v -0.04121006 0.03141181 0.07058948
v -0.04088557 0.03078092 0.07072530
v -0.04069697 0.02993583 0.07086197
v -0.04070220 0.02926552 0.07093929
v -0.04087520 0.02853973 0.07098698
v -0.04110735 0.02803188 0.07099944
v -0.04149302 0.02749211 0.07098377
v -0.04196903 0.02704432 0.07094227
v -0.04249487 0.02671968 0.07087656
v -0.04309395 0.02649610 0.07078230
v -0.04392355 0.02637504 0.07063530
v -0.04466669 0.02646645 0.07048276
v -0.04535726 0.02670179 0.07032625
v -0.04608442 0.02717861 0.07013915
v -0.04670297 0.02791609 0.06994528
v -0.04706923 0.02872762 0.06979194
v 0.03834114 -0.08488013 0.06691430
v 0.03838024 -0.08027790 0.06400765
v 0.03837387 -0.08237308 0.06713447
v 0.03841817 -0.07812712 0.06758907
v 0.03845262 -0.07248233 0.06400766
v 0.03844180 -0.07456648 0.06785522
v 0.03846064 -0.06741082 0.06789970
v 0.03845956 -0.06580742 0.06400768
v 0.03845997 -0.06260964 0.06788849
v 0.03845934 -0.06278892 0.05300768
v 0.03845957 -0.06580740 0.05300767
v -0.00113873 0.06609822 0.06766659
v -0.00289404 0.06604809 0.06763290
v -0.00585197 0.06584820 0.06760027
v -0.00464017 0.06594630 0.06763365
v -0.00743942 0.06568858 0.06763485
v -0.00937199 0.06543955 0.06766947
v -0.01091157 0.06520041 0.06760287
v -0.01278442 0.06485786 0.06767122
v -0.01431042 0.06453948 0.06760484
v -0.01616557 0.06409626 0.06767316
v -0.01767718 0.06369760 0.06760694
v -0.01951425 0.06315500 0.06767520
v -0.02101027 0.06267354 0.06760918
v -0.02311391 0.06192741 0.06764377
v -0.02469126 0.06131354 0.06761179
v -0.02584170 0.06083457 0.06775467
v -0.02773082 0.05999545 0.06774633
v -0.02895393 0.05941326 0.06761451
v -0.03053057 0.05861747 0.06764749
v -0.03242567 0.05758828 0.06764942
v -0.03426890 0.05650899 0.06761542
v -0.03569395 0.05561338 0.06770668
v -0.03755925 0.05436912 0.06764875
v -0.03985341 0.05270347 0.06775501
v -0.03890871 0.05340540 0.06761648
v -0.04120207 0.05165390 0.06765111
v -0.04221836 0.05082522 0.06761773
v -0.04343750 0.04978210 0.06761826
v -0.04482044 0.04853873 0.06765206
v -0.04607671 0.04734239 0.06761950
v -0.04696186 0.04646125 0.06768721
v -0.04867177 0.04466405 0.06765538
v -0.04993193 0.04324118 0.06762147
v -0.05062936 0.04241554 0.06776637
v -0.05184478 0.04092163 0.06765555
v -0.05282637 0.03963852 0.06762306
v -0.05388048 0.03819004 0.06762367
v -0.05516914 0.03629640 0.06765866
v -0.05587552 0.03519243 0.06762499
v -0.05674602 0.03376019 0.06775816
v -0.05765710 0.03217698 0.06766032
v -0.05861432 0.03038751 0.06769547
v -0.05913204 0.02935828 0.06762764
v -0.06003140 0.02746558 0.06766344
v -0.06084123 0.02561210 0.06766398
v -0.06133535 0.02439203 0.06763018
v -0.06186282 0.02300883 0.06777361
v -0.06258371 0.02096267 0.06766704
v -0.06314135 0.01919841 0.06766740
v -0.06355893 0.01775208 0.06763418
v -0.06396736 0.01620255 0.06763522
v -0.06427422 0.01492254 0.06770305
v -0.06504302 0.01105487 0.06767318
v -0.06467596 0.01304312 0.06767238
v -0.06534772 0.00905417 0.06767527
v -0.06563400 0.00656178 0.06779215
v -0.06552711 0.00759311 0.06764173
v -0.06579184 0.00471321 0.06767779
v -0.06591030 0.00244725 0.06768144
v -0.06594937 0.00025420 0.06764826
v -0.06593446 -0.00120960 0.06771868
v -0.06588364 -0.00275832 0.06765115
v -0.06579284 -0.00435855 0.06765278
v -0.06561939 -0.00642812 0.06769008
v -0.06520654 -0.00971045 0.06772693
v -0.06543973 -0.00800514 0.06765684
v -0.06494422 -0.01130205 0.06766105
v -0.06462827 -0.01297135 0.06769782
v -0.06424835 -0.01471557 0.06766592
v -0.06396089 -0.01590576 0.06773591
v -0.06298259 -0.01938746 0.06767352
v -0.06342005 -0.01791940 0.06770559
v -0.06229922 -0.02147227 0.06767726
v -0.06255627 -0.02070617 0.06782539
v -0.06159398 -0.02341224 0.06771387
v -0.06088065 -0.02518959 0.06775309
v -0.06020594 -0.02675900 0.06772142
v -0.05965750 -0.02794925 0.06769028
v -0.05901124 -0.02927937 0.06783202
v -0.05812993 -0.03098886 0.06773116
v -0.05696080 -0.03307939 0.06773516
v -0.05610123 -0.03450502 0.06770597
v -0.05529113 -0.03578614 0.06774279
v -0.05428632 -0.03728807 0.06774641
v -0.05352739 -0.03836186 0.06771675
v -0.05247885 -0.03978287 0.06775236
v -0.05101288 -0.04163277 0.06785396
v -0.05001172 -0.04283044 0.06776393
v -0.04914777 -0.04381280 0.06773621
v -0.04825336 -0.04479157 0.06780118
v -0.04696677 -0.04613387 0.06774555
v -0.04617669 -0.04692205 0.06780881
v -0.04480404 -0.04822819 0.06778311
v -0.03846058 -0.06253849 0.06785791
v -0.03857052 -0.06071761 0.06796017
v -0.03848765 -0.06175553 0.06794252
v -0.03865654 -0.06002902 0.06784245
v -0.03878121 -0.05925230 0.06796353
v -0.03895506 -0.05840996 0.06783541
v -0.03921853 -0.05736867 0.06784366
v -0.03955851 -0.05629613 0.06794187
v -0.03981652 -0.05559454 0.06779124
v -0.04020471 -0.05466310 0.06793384
v -0.04068889 -0.05365975 0.06779481
v -0.04129180 -0.05257834 0.06783167
v -0.04183931 -0.05170846 0.06780089
v -0.04248698 -0.05080121 0.06776533
v -0.04291890 -0.05024616 0.06779213
v -0.04353402 -0.04952515 0.06786747
v -0.04409634 -0.04892178 0.06775648
v -0.03845958 -0.06580742 0.06400768
v -0.03845928 -0.06815898 0.06789365
v -0.00007920 0.00102350 0.07630783
v -0.02634621 0.00098845 0.07484191
v -0.02797700 -0.07062238 0.07465514
v -0.02798006 -0.07317916 0.07465473
v -0.02470330 0.00099308 0.07501949
v -0.02306179 0.00151805 0.07518566
v -0.02178949 0.00000092 0.07530537
v -0.01947229 0.00000146 0.07550869
v -0.01749679 0.00255455 0.07566187
v -0.01404323 0.00000218 0.07589138
v -0.01561594 0.00000209 0.07579283
v -0.01108159 0.00256958 0.07604831
v -0.01253322 0.00000216 0.07597597
v -0.00599125 0.00102358 0.07623247
v -0.00831751 0.00154242 0.07616226
v -0.00945482 0.00000182 0.07611884
v -0.00221012 0.00257665 0.07629732
v -0.00341789 0.00102415 0.07628294
v -0.00475140 0.00000078 0.07625991
v 0.02797618 -0.07111213 0.07465525
v 0.02636248 0.00097117 0.07484178
v 0.02452244 0.00097671 0.07503986
v 0.02306174 0.00049099 0.07518782
v 0.01995755 0.00098967 0.07547073
v 0.01732992 0.00099680 0.07567534
v 0.01577805 0.00100119 0.07578369
v 0.01402104 0.00100526 0.07589399
v 0.01227439 0.00100896 0.07599071
v 0.00466921 0.00257127 0.07626192
v 0.00764255 0.00101641 0.07618652
v 0.01061525 0.00101227 0.07607113
v 0.00125402 0.00257519 0.07630447
v 0.00350167 0.00102141 0.07628191
v -0.03837727 -0.08054452 0.06400765
v -0.03833877 -0.08488297 0.06690256
v -0.03839584 -0.08054143 0.06743274
v -0.03845237 -0.07256216 0.06400766
v -0.03844960 -0.07334482 0.06775479
v 0.04383983 -0.04919285 0.06775968
v 0.04319948 -0.04991054 0.06779291
v 0.04242241 -0.05088893 0.06779928
v 0.04183335 -0.05172113 0.06780246
v 0.04129464 -0.05257312 0.06777763
v 0.04078821 -0.05346587 0.06780984
v 0.04021433 -0.05464378 0.06783007
v 0.03991273 -0.05535413 0.06779142
v 0.03957104 -0.05625653 0.06783871
v 0.03925429 -0.05725365 0.06783226
v 0.03897957 -0.05830120 0.06783574
v 0.03871407 -0.05963241 0.06784135
v 0.03855637 -0.06085757 0.06782283
v 0.03848888 -0.06177191 0.05300768
v 0.03849007 -0.06166784 0.06785484
v 0.03013707 -0.08967677 0.07287828
v 0.03318899 -0.08789292 0.07050668
v 0.03652291 -0.08594424 0.06812421
v -0.03436187 -0.08365288 0.07009167
v -0.03435611 -0.08449434 0.07000791
v -0.03824570 -0.08397102 0.06716108
v -0.03434962 -0.08533414 0.06991442
v -0.03631615 -0.08606506 0.06827573
v -0.03816302 -0.08280289 0.06742793
v -0.03242880 -0.08338726 0.07150805
v -0.03340145 -0.08261979 0.07087049
v -0.03817105 -0.08154563 0.06760255
v -0.03825237 -0.08024496 0.06770650
v -0.03503898 -0.07914773 0.06998031
v -0.03438029 -0.08059387 0.07032946
v -0.03823843 -0.07790270 0.06794186
v -0.03342732 -0.07697749 0.07113560
v -0.03439501 -0.07794759 0.07046597
v -0.03180705 -0.07604846 0.07220146
v -0.03821158 -0.07524946 0.06812078
v -0.03375924 -0.07460531 0.07098373
v -0.03834866 -0.07245010 0.06812637
v -0.03441317 -0.07286007 0.07060143
v -0.03825930 -0.07024336 0.06822117
v -0.03311717 -0.07037691 0.07143981
v -0.03822463 -0.06626647 0.06825869
v -0.03017578 -0.08140604 0.07316008
v -0.03179976 -0.07992333 0.07211269
v -0.03050653 -0.07876081 0.07299722
v -0.03178820 -0.08207703 0.07202882
v -0.03016312 -0.08672940 0.07299380
v -0.03049145 -0.08505422 0.07282277
v -0.03007711 -0.08971179 0.07292009
v -0.02919852 -0.08852061 0.07368598
v -0.03112167 -0.08776069 0.07218836
v -0.03406994 -0.08737797 0.06985375
v -0.03305704 -0.08637664 0.07078895
v -0.03566989 -0.08128129 0.06939024
v 0.03209880 -0.08537664 0.07161016
v 0.03370407 -0.08587731 0.07034279
v 0.02919824 -0.08866824 0.07368222
v 0.02984197 -0.08713631 0.07322566
v 0.03049189 -0.08474622 0.07283482
v 0.03339451 -0.08379925 0.07078007
v 0.03242854 -0.08339631 0.07150468
v 0.03178697 -0.08283466 0.07199407
v 0.03033770 -0.08214854 0.07303303
v 0.03017800 -0.08063781 0.07317696
v 0.03116325 -0.07400229 0.07264210
v 0.03115918 -0.07704475 0.07260422
v 0.03825194 -0.06792784 0.06824050
v 0.03311753 -0.07042100 0.07144021
v 0.03311767 -0.06611893 0.07144591
v 0.03506143 -0.07372960 0.07017719
v 0.03824830 -0.07222667 0.06819955
v 0.03821012 -0.07532669 0.06811684
v 0.03310605 -0.07601263 0.07136869
v 0.03569966 -0.07664050 0.06967653
v 0.03823606 -0.07754051 0.06796873
v 0.03568953 -0.07854137 0.06958351
v 0.03830028 -0.07904609 0.06779269
v 0.03469861 -0.08129432 0.07005841
v 0.03566060 -0.08233358 0.06929202
v 0.03817604 -0.08087197 0.06768540
v 0.03819713 -0.08221281 0.06749104
v 0.03827595 -0.08306453 0.06729423
v 0.03500058 -0.08452345 0.06952396
v 0.03321752 -0.08659153 0.07064249
v 0.03180100 -0.07872216 0.07214365
v 0.03136469 -0.08786041 0.07198799
v 0.03276669 -0.08034658 0.07144196
v 0.02016597 0.02173810 0.07429957
v 0.01839636 0.02486611 0.07408315
v 0.02191279 0.02587512 0.07364746
v 0.01704812 0.03267135 0.07314885
v 0.01838570 0.02798238 0.07368772
v 0.01485839 0.02801856 0.07395410
v 0.01128397 0.03899524 0.07257834
v 0.01482510 0.03841665 0.07245108
v 0.01129373 0.03535250 0.07314085
v -0.02545951 0.01655239 0.07451234
v 0.02588090 0.05834051 0.06842697
v 0.02454412 0.05167595 0.06962598
v 0.02497087 0.03981395 0.07143474
v 0.02542279 0.02791902 0.07304467
v 0.02542944 0.02377639 0.07355023
v 0.02543340 0.02066660 0.07389345
v 0.02412149 0.01860017 0.07424521
v 0.02543729 0.01547831 0.07438604
v 0.02543226 0.01028033 0.07473402
v 0.02542719 0.00819879 0.07482701
v 0.02541090 0.00403242 0.07492903
v -0.01492569 0.00410857 0.07583125
v -0.02017026 0.00304761 0.07544895
v -0.02541359 0.00458402 0.07492518
v -0.02634882 0.02434610 0.07379942
v -0.02548320 0.05067731 0.07006148
v -0.02548353 0.04657834 0.07080524
v -0.02739677 0.05987151 0.06806748
v -0.02254699 0.06186811 0.06806675
v -0.02549338 0.05884430 0.06845738
v -0.02200679 0.05992665 0.06851522
v -0.01500389 0.06205839 0.06849516
v -0.01881523 0.06308334 0.06807383
v -0.01470852 0.06414483 0.06807332
v -0.00200743 0.06570856 0.06808649
v 0.00169232 0.06577848 0.06806938
v 0.00085138 0.06315479 0.06859470
v 0.00301692 0.06115575 0.06896764
v 0.00633702 0.06550087 0.06806707
v 0.00565720 0.06063449 0.06901916
v 0.00874633 0.06060544 0.06894493
v 0.01020779 0.06499001 0.06806835
v 0.01345715 0.06443477 0.06806231
v 0.01490852 0.06002611 0.06881084
v 0.01850666 0.06314206 0.06806898
v 0.01972176 0.05586392 0.06927348
v 0.01842677 0.05998046 0.06863579
v 0.02373547 0.06135674 0.06806856
v -0.02031368 0.03429379 0.07320206
v -0.02031632 0.03844652 0.07258043
v -0.01684477 0.03434475 0.07342332
v -0.01685166 0.03850758 0.07278955
v -0.02031254 0.04258524 0.07190711
v -0.01684991 0.04265556 0.07210605
v -0.02030399 0.04670672 0.07118985
v -0.01684042 0.04678413 0.07138146
v -0.01942633 0.05082920 0.07048579
v -0.01682908 0.04986582 0.07081469
v -0.02376425 0.04250765 0.07165342
v -0.02376878 0.03837916 0.07231247
v -0.02376996 0.03423810 0.07291702
v -0.02289560 0.04664319 0.07101095
v -0.02202389 0.05076558 0.07032353
v -0.01680912 0.05395113 0.07003576
v -0.02028294 0.05387155 0.06984854
v -0.01678463 0.05800769 0.06923392
v -0.02026970 0.05793628 0.06904166
v -0.02288379 0.05482708 0.06947653
v -0.02548669 0.05476529 0.06927786
v -0.01067129 0.06487252 0.06808776
v -0.01149588 0.06210285 0.06863057
v -0.01329381 0.05807149 0.06938124
v -0.00988278 0.03859658 0.07304315
v -0.00636255 0.03443787 0.07374395
v -0.00986889 0.03441957 0.07369111
v -0.01336313 0.03438770 0.07358521
v -0.01337392 0.03855870 0.07294287
v -0.01337467 0.04271457 0.07225275
v -0.00988591 0.04275863 0.07234955
v -0.00637850 0.03861853 0.07309294
v -0.01336556 0.04684977 0.07152396
v -0.00284506 0.03444093 0.07374640
v -0.00987788 0.04689949 0.07161946
v -0.00638350 0.04278471 0.07239863
v -0.00286196 0.03862279 0.07309454
v 0.00068742 0.03338147 0.07385536
v 0.00067247 0.03651971 0.07338070
v -0.01335278 0.04993488 0.07095585
v -0.00286811 0.04279086 0.07240202
v -0.00637675 0.04692982 0.07166996
v -0.00986472 0.04998796 0.07105190
v -0.01158339 0.05405049 0.07023313
v -0.00286243 0.04693840 0.07167732
v 0.00065979 0.04485331 0.07200576
v -0.01419906 0.05400459 0.07014550
v -0.00979542 0.05812295 0.06948592
v -0.00628819 0.05815780 0.06955014
v -0.00796260 0.06312535 0.06852441
v -0.00532073 0.06314176 0.06856965
v -0.00653856 0.06548606 0.06806889
v -0.00315616 0.06116339 0.06898954
v 0.00773838 0.04061336 0.07249764
v 0.01216843 0.04416646 0.07169748
v 0.00420440 0.03753445 0.07312851
v 0.00066068 0.04069462 0.07271014
v 0.00419581 0.04170268 0.07245371
v 0.00419980 0.04688885 0.07156952
v 0.00111433 0.04924250 0.07122432
v -0.00636384 0.05002116 0.07110477
v -0.00285006 0.05003178 0.07111628
v 0.00951110 0.04525224 0.07164964
v 0.00596521 0.04375735 0.07204808
v 0.00774569 0.04786678 0.07127993
v -0.00105858 0.05412224 0.07034780
v 0.00247166 0.05410000 0.07030986
v -0.00457841 0.05412086 0.07034873
v -0.00808669 0.05409617 0.07031111
v -0.00099336 0.05917539 0.06938195
v 0.01219483 0.05189627 0.07038432
v 0.00955179 0.05399675 0.07012706
v 0.01182543 0.06006476 0.06893670
v 0.00598174 0.04995783 0.07097460
v 0.00600979 0.05405638 0.07023604
v 0.01528944 0.05183754 0.07023124
v 0.01924250 0.04351847 0.07133984
v 0.02277023 0.04345979 0.07107145
v 0.02013581 0.04969251 0.07027955
v 0.02280134 0.05633036 0.06898792
v 0.02188896 0.03830684 0.07192829
v 0.01570830 0.04358169 0.07157745
v 0.01836007 0.03835980 0.07220632
v 0.01660540 0.04975724 0.07050382
v 0.02013533 0.03263349 0.07290480
v 0.02365500 0.03414551 0.07237627
v 0.02192338 0.00613593 0.07524250
v 0.02542002 0.00611609 0.07489131
v 0.02192910 0.00821802 0.07518005
v 0.01842759 0.01031701 0.07539493
v 0.02193268 0.01029914 0.07508928
v 0.01842744 0.01239728 0.07527876
v 0.01491239 0.01449512 0.07539701
v 0.01842540 0.01447677 0.07513552
v 0.01490666 0.01657540 0.07523152
v 0.01136712 0.02076046 0.07505200
v 0.00781869 0.02391578 0.07488243
v 0.01134966 0.02388683 0.07470392
v 0.00425529 0.02812421 0.07449579
v 0.00779055 0.02809346 0.07435986
v 0.02193421 0.01237919 0.07497025
v 0.01842175 0.01655550 0.07496701
v 0.01665860 0.01864445 0.07491454
v 0.01313923 0.01866652 0.07515734
v 0.01489100 0.02073554 0.07483044
v 0.00688175 0.03228172 0.07382077
v 0.00246638 0.03127657 0.07411683
v 0.00421925 0.03387780 0.07368723
v 0.02193394 0.01445808 0.07482448
v 0.01487732 0.02385669 0.07447955
v 0.01132613 0.02805659 0.07417882
v 0.02543534 0.01236052 0.07461292
v 0.02193215 0.01653580 0.07465420
v 0.02017360 0.01862290 0.07462408
v 0.01752763 0.02175642 0.07452074
v 0.00954082 0.03120613 0.07384395
v 0.00774819 0.03644673 0.07315685
v 0.01307604 0.03168303 0.07356954
v 0.01483465 0.03426039 0.07307791
v 0.02278251 0.03001308 0.07302845
v 0.02280099 0.02172000 0.07405194
v -0.02629488 0.00692198 0.07478564
v -0.02280872 0.00719915 0.07516432
v -0.02018878 0.00721098 0.07541084
v -0.01669007 0.00722504 0.07568474
v -0.01318625 0.00723665 0.07590295
v -0.00967817 0.00724533 0.07606806
v -0.00616039 0.00516845 0.07621130
v -0.00353142 0.00725261 0.07623070
v -0.00089236 0.00621086 0.07627116
v -0.02543501 0.00952879 0.07482751
v -0.02194986 0.01032552 0.07517517
v -0.01845483 0.01034083 0.07548165
v -0.01495364 0.01035435 0.07572683
v -0.01144722 0.01036531 0.07591502
v -0.00793644 0.01037309 0.07604896
v -0.00617025 0.00829199 0.07615664
v -0.00442224 0.01037723 0.07613017
v -0.00090558 0.01037747 0.07615908
v -0.00089781 0.00829365 0.07622646
v 0.00262081 0.00724904 0.07623774
v -0.02284484 0.01552466 0.07486490
v -0.02195922 0.01240692 0.07510147
v -0.02457886 0.01343521 0.07478005
v -0.02022336 0.01449678 0.07516962
v -0.01846547 0.01242281 0.07540908
v -0.01672791 0.01451328 0.07544356
v -0.01496517 0.01243722 0.07565314
v -0.01322581 0.01452789 0.07565469
v -0.01145913 0.01244911 0.07583833
v -0.00971777 0.01453937 0.07580733
v -0.00794822 0.01245766 0.07596792
v -0.00620468 0.01454676 0.07590450
v -0.00443338 0.01246225 0.07604392
v -0.00268755 0.01454941 0.07594827
v -0.00091562 0.01246247 0.07606730
v 0.00083244 0.01454705 0.07594016
v 0.00260391 0.01245829 0.07603933
v 0.00393199 0.01037139 0.07611759
v 0.00613536 0.00828326 0.07613744
v 0.00613763 0.00620094 0.07618822
v 0.00789390 0.00411460 0.07616413
v -0.02631956 0.01342727 0.07457124
v -0.02375329 0.02514739 0.07401380
v -0.02503561 0.01967566 0.07435483
v -0.02242805 0.01969110 0.07463685
v -0.02023384 0.01657908 0.07505362
v -0.01850072 0.01867276 0.07505684
v -0.01674054 0.01659730 0.07532497
v -0.01500593 0.01869246 0.07529118
v -0.01324003 0.01661363 0.07553218
v -0.01150353 0.01870915 0.07546301
v -0.00973289 0.01662653 0.07567980
v -0.00799415 0.01872116 0.07557655
v -0.00621998 0.01663478 0.07577125
v -0.00447874 0.01872727 0.07563489
v -0.00270233 0.01663760 0.07580891
v -0.00095848 0.01872677 0.07564002
v 0.00081879 0.01663464 0.07579464
v 0.00435398 0.01453970 0.07588016
v 0.00612392 0.01244985 0.07595957
v 0.00788961 0.01036109 0.07600474
v 0.00965069 0.00827300 0.07601438
v 0.00965114 0.00619108 0.07606793
v 0.01140441 0.00410325 0.07601973
v -0.02374592 0.02306604 0.07421599
v -0.02026930 0.02283242 0.07456758
v -0.02025720 0.02074701 0.07475228
v -0.01678409 0.02285885 0.07482482
v -0.01676909 0.02077021 0.07501503
v -0.01328961 0.02288240 0.07501660
v -0.01327245 0.02079105 0.07521231
v -0.00978636 0.02290070 0.07514773
v -0.00976777 0.02080738 0.07534900
v -0.00627506 0.02291184 0.07522205
v -0.00625580 0.02081752 0.07542884
v -0.00275671 0.02291454 0.07524246
v -0.00273757 0.02082033 0.07545465
v 0.00075835 0.02395588 0.07509743
v 0.00078561 0.02081536 0.07542875
v 0.00434193 0.01662598 0.07572875
v 0.00787558 0.01452791 0.07576948
v 0.01008286 0.01243616 0.07581152
v 0.01140566 0.01034857 0.07585231
v 0.01316330 0.00825986 0.07584000
v 0.01316188 0.00617823 0.07589620
v 0.01491153 0.00408887 0.07582451
v 0.00256522 0.01871961 0.07559422
v -0.02376206 0.02813810 0.07369195
v -0.02029100 0.02700364 0.07413524
v -0.02028074 0.02491814 0.07436153
v -0.01681194 0.02703786 0.07437993
v -0.01679856 0.02494826 0.07461269
v -0.01332213 0.02706768 0.07456038
v -0.01330637 0.02497481 0.07479881
v -0.00982204 0.02709036 0.07468104
v -0.00980466 0.02499522 0.07492457
v -0.00632084 0.02815246 0.07461661
v -0.00629414 0.02500742 0.07499374
v -0.00280253 0.02815494 0.07462606
v -0.00277576 0.02501000 0.07500931
v 0.00072346 0.02814536 0.07458526
v 0.00428737 0.02393969 0.07501393
v 0.00431211 0.02080282 0.07535198
v 0.00786548 0.01661232 0.07561269
v 0.01139559 0.01451258 0.07560827
v 0.01491840 0.01033363 0.07564925
v 0.01579432 0.00720781 0.07571009
v 0.01842155 0.00615427 0.07554306
v 0.01841543 0.00407194 0.07557771
v -0.02635470 0.03238406 0.07289575
v -0.02376733 0.03112518 0.07332855
v -0.02073680 0.03012477 0.07372798
v -0.01857176 0.03119420 0.07374995
v -0.01682379 0.02912709 0.07412780
v -0.01509277 0.03123484 0.07394983
v -0.01333639 0.02916041 0.07430268
v -0.01160186 0.03126755 0.07408993
v -0.00983799 0.02918552 0.07441859
v -0.00809952 0.03128964 0.07417382
v -0.00458651 0.03129908 0.07420457
v -0.00106398 0.03129471 0.07418476
v 0.00784003 0.02078385 0.07522615
v 0.01138765 0.01659487 0.07544675
v 0.01491638 0.01241454 0.07553673
v 0.01842565 0.00823598 0.07548292
v 0.02191568 0.00405301 0.07527877
v 0.00961605 0.01868789 0.07535195
v 0.00609069 0.01870624 0.07549784
v -0.01746803 -0.08206433 0.07526085
v -0.01715369 -0.08158196 0.07050765
v -0.01704714 -0.08138324 0.07529659
v -0.02312882 -0.08090290 0.07471568
v -0.02301157 -0.08123434 0.07050765
v -0.02292511 -0.08143997 0.07473984
v -0.01941544 -0.08321618 0.07509466
v -0.02010507 -0.08326735 0.07502710
v -0.01942402 -0.08321807 0.07050765
v -0.02019291 -0.08326282 0.07050765
v -0.02095087 -0.08312654 0.07050765
v -0.02072356 -0.08318274 0.07496720
v -0.02138685 -0.08296221 0.07490416
v -0.02165562 -0.08281605 0.07050765
v -0.02205526 -0.08254318 0.07483654
v -0.02256130 -0.08202478 0.07478141
v -0.02226772 -0.08234870 0.07050765
v -0.02275292 -0.08175066 0.07050765
v -0.02318574 -0.08068328 0.07050765
v -0.02324661 -0.08025815 0.07470597
v -0.02322545 -0.07953541 0.07471018
v -0.02325336 -0.07991645 0.07050765
v -0.02314031 -0.07915478 0.07050765
v -0.02304534 -0.07886592 0.07472734
v -0.02285046 -0.07844142 0.07050765
v -0.02276879 -0.07830294 0.07475921
v -0.02234925 -0.07775609 0.07480736
v -0.02240267 -0.07781486 0.07050765
v -0.02175909 -0.07727265 0.07487048
v -0.02181832 -0.07731314 0.07050765
v -0.02114590 -0.07696842 0.07493236
v -0.02130998 -0.07703867 0.07050765
v -0.02076486 -0.07684750 0.07050765
v -0.02052103 -0.07679975 0.07499860
v -0.02009630 -0.07676124 0.07050765
v -0.01995894 -0.07675707 0.07505331
v -0.01961511 -0.07678399 0.07050766
v -0.01948885 -0.07679971 0.07509824
v -0.01905065 -0.07690459 0.07050765
v -0.01892734 -0.07693966 0.07514738
v -0.01851350 -0.07711696 0.07050765
v -0.01839275 -0.07718246 0.07519507
v -0.01787498 -0.07754705 0.07050765
v -0.01782866 -0.07758646 0.07524072
v -0.01747613 -0.07796510 0.07050765
v -0.01730165 -0.07818210 0.07528297
v -0.01714899 -0.07844113 0.07050765
v -0.01685918 -0.07915466 0.07050765
v -0.01687665 -0.07908567 0.07531526
v -0.01676267 -0.07972430 0.07050765
v -0.01673856 -0.07989793 0.07532663
v -0.01675755 -0.08030193 0.07050765
v -0.01682365 -0.08072249 0.07531553
v -0.01691464 -0.08105602 0.07050764
v -0.01747255 -0.08206374 0.07050765
v -0.01787815 -0.08247480 0.07050765
v -0.01797347 -0.08256020 0.07521931
v -0.01834494 -0.08281515 0.07050765
v -0.01868059 -0.08299454 0.07515875
v -0.01886817 -0.08305950 0.07050765
v 0.02020369 -0.08326326 0.07502025
v 0.01961579 -0.08324002 0.07050765
v 0.02019330 -0.08326347 0.07050765
v 0.01951309 -0.08323173 0.07508340
v 0.01904928 -0.08312595 0.07050765
v 0.01872755 -0.08301608 0.07515614
v 0.01834500 -0.08281565 0.07050765
v 0.01806067 -0.08262454 0.07521102
v 0.01787850 -0.08247475 0.07050765
v 0.01751699 -0.08212048 0.07525779
v 0.01747269 -0.08206370 0.07050765
v 0.01714431 -0.08157430 0.07528900
v 0.01715404 -0.08158191 0.07050765
v 0.01689611 -0.08099638 0.07531079
v 0.01691575 -0.08105573 0.07050765
v 0.01678579 -0.08049268 0.07050765
v 0.01674061 -0.08016483 0.07532106
v 0.01674590 -0.07991634 0.07050765
v 0.01685866 -0.07915425 0.07050765
v 0.01684092 -0.07922141 0.07531922
v 0.01714986 -0.07844140 0.07050766
v 0.01704676 -0.07864686 0.07530335
v 0.01737799 -0.07808589 0.07527758
v 0.01759746 -0.07781468 0.07050765
v 0.01784186 -0.07757653 0.07524004
v 0.01818159 -0.07731244 0.07050765
v 0.01829736 -0.07724232 0.07520022
v 0.01886675 -0.07696083 0.07050765
v 0.01883405 -0.07697279 0.07515524
v 0.01957083 -0.07678509 0.07508986
v 0.01961532 -0.07678209 0.07050766
v 0.02009665 -0.07676169 0.07050765
v 0.02012791 -0.07676011 0.07503721
v 0.02076513 -0.07684767 0.07050765
v 0.02078213 -0.07685545 0.07496969
v 0.02148699 -0.07711650 0.07050765
v 0.02145947 -0.07709833 0.07489875
v 0.02218048 -0.07759105 0.07482442
v 0.02212570 -0.07754677 0.07050765
v 0.02264548 -0.07811502 0.07050765
v 0.02268670 -0.07817087 0.07477037
v 0.02299085 -0.07872913 0.07473362
v 0.02316793 -0.07928156 0.07471167
v 0.02301749 -0.07878937 0.07050765
v 0.02318048 -0.07934339 0.07050765
v 0.02325379 -0.07991648 0.07050765
v 0.02325848 -0.07995287 0.07470413
v 0.02318551 -0.08068331 0.07050765
v 0.02320951 -0.08055221 0.07471047
v 0.02307148 -0.08109527 0.07472531
v 0.02293986 -0.08141322 0.07050765
v 0.02276643 -0.08172577 0.07475610
v 0.02252755 -0.08206355 0.07050765
v 0.02233747 -0.08227978 0.07480350
v 0.02212185 -0.08247474 0.07050765
v 0.02184771 -0.08269207 0.07485522
v 0.02165568 -0.08281580 0.07050765
v 0.02127526 -0.08300904 0.07491531
v 0.02095096 -0.08312596 0.07050765
v 0.02071798 -0.08318400 0.07496903
v 0.03838056 -0.06711517 0.06811581
v 0.03869526 -0.05921450 0.06810547
v 0.03942078 -0.05640324 0.06807048
v 0.04164842 -0.05181268 0.06805477
v 0.04372916 -0.04914872 0.06804917
v 0.04806390 -0.04492204 0.06798974
v 0.05320685 -0.03869146 0.06799299
v 0.04638380 0.04697832 0.06784318
v 0.06551574 0.00558034 0.06806043
v 0.06572498 0.00155880 0.06806422
v 0.06568351 -0.00214190 0.06807790
v 0.03059287 0.05845650 0.06791998
v 0.02788139 0.05980711 0.06792028
v 0.03324897 0.05699231 0.06792110
v 0.03671392 0.05481079 0.06793404
v 0.04034295 0.05220025 0.06792501
v 0.04346335 0.04962420 0.06792757
v 0.04987577 0.04315057 0.06793333
v 0.05240798 0.04002419 0.06793604
v 0.05474418 0.03674952 0.06793880
v 0.05688347 0.03332578 0.06794167
v 0.05865001 0.03009617 0.06793716
v 0.06036045 0.02655807 0.06788805
v 0.06148054 0.02374638 0.06795119
v 0.06280594 0.01994815 0.06795428
v 0.06389744 0.01607485 0.06795758
v 0.06475345 0.01212591 0.06796103
v 0.06531074 0.00848695 0.06796976
v 0.06585263 0.00206540 0.06790971
v 0.06584620 -0.00195886 0.06791381
v 0.06555720 -0.00597300 0.06797705
v 0.06505827 -0.00998185 0.06798135
v 0.06449604 -0.01310697 0.06797631
v 0.06371970 -0.01644051 0.06798984
v 0.06258474 -0.02031108 0.06799494
v 0.06121959 -0.02409404 0.06800028
v 0.05962493 -0.02778973 0.06800587
v 0.05779886 -0.03139749 0.06801166
v 0.05556246 -0.03516445 0.06803638
v 0.05070880 -0.04186385 0.06803018
v 0.04625960 -0.04670226 0.06805907
v 0.04720047 0.04600470 0.06797766
v 0.00086833 0.06595054 0.06796665
v 0.00527929 0.06579538 0.06791367
v 0.00935159 0.06532908 0.06793357
v 0.01595622 0.06403827 0.06791659
v 0.01895826 0.06321222 0.06791686
v 0.02192565 0.06224248 0.06791737
v 0.02485631 0.06112808 0.06791786
v -0.02454892 0.06115453 0.06802068
v -0.02181591 0.06232979 0.06786472
v -0.01747679 0.06366400 0.06791501
v -0.01207730 0.06490096 0.06792128
v -0.00660150 0.06568531 0.06791949
v -0.00244450 0.06595652 0.06791836
v -0.06578701 -0.00379222 0.06788789
v -0.04401619 -0.04885050 0.06805124
v -0.04638214 -0.04659549 0.06804205
v -0.04879589 -0.04406602 0.06804585
v -0.05201164 -0.04023792 0.06802712
v -0.05389056 -0.03768553 0.06802682
v -0.05582683 -0.03477101 0.06801345
v -0.05788023 -0.03121142 0.06803566
v -0.06001680 -0.02692616 0.06800421
v -0.06122828 -0.02406028 0.06799991
v -0.06324460 -0.01815397 0.06799173
v -0.06404563 -0.01511575 0.06798790
v -0.06477641 -0.01159567 0.06799726
v -0.06535175 -0.00785467 0.06797896
v -0.06584053 -0.00048150 0.06797294
v -0.06579701 0.00264035 0.06797007
v -0.06505263 0.00970328 0.06806099
v -0.06514364 0.00999002 0.06790619
v -0.06440139 0.01384829 0.06795985
v -0.06368363 0.01702659 0.06791463
v -0.06282257 0.01986546 0.06795520
v -0.06067443 0.02572754 0.06795102
v -0.05938505 0.02859532 0.06794906
v -0.05796412 0.03138018 0.06795347
v -0.05531175 0.03587567 0.06796275
v -0.05418166 0.03769588 0.06782785
v -0.05252792 0.03986284 0.06794213
v -0.04759014 0.04566715 0.06795256
v -0.04437399 0.04881485 0.06793302
v -0.04263819 0.05042693 0.06782264
v -0.03673758 0.05480475 0.06793687
v -0.03331013 0.05695972 0.06793045
v -0.03056754 0.05848196 0.06792984
v -0.04114500 -0.05261913 0.06806385
v -0.03840389 -0.06413054 0.06809095
v -0.03841097 -0.07595896 0.06784568
v -0.04181906 -0.00760926 0.05421415
v -0.00139056 -0.04247734 0.05421412
v -0.04213641 -0.00554745 0.05421415
v -0.04002096 0.01431970 0.05421417
v -0.04087183 0.01167155 0.05421416
v 0.04154768 -0.00897359 0.05421415
v 0.04204562 -0.00623703 0.05421415
v 0.00208510 0.04244303 0.05421419
v -0.04204562 0.00623685 0.05421416
v -0.04154768 0.00897341 0.05421416
v -0.03899871 0.01690654 0.05421417
v -0.03780947 0.01942098 0.05421417
v -0.03645831 0.02185225 0.05421417
v -0.03495104 0.02418995 0.05421418
v 0.03842471 0.01817338 0.05421417
v 0.03953104 0.01562137 0.05421417
v 0.04024453 0.01366109 0.05421416
v 0.04087183 -0.01167173 0.05421414
v 0.04002096 -0.01431988 0.05421414
v -0.03329418 -0.02642415 0.05421413
v -0.03495111 -0.02419003 0.05421413
v -0.03645838 -0.02185233 0.05421413
v -0.04245448 0.00208563 0.05421416
v -0.04229535 0.00416564 0.05421416
v 0.04087186 0.01167143 0.05421416
v 0.04154771 0.00897329 0.05421416
v 0.04245448 -0.00208581 0.05421415
v 0.04229535 -0.00416582 0.05421415
v -0.03748165 -0.02003445 0.05421414
v -0.03842471 -0.01817356 0.05421414
v 0.03149468 0.02854494 0.05421418
v 0.03329418 0.02642397 0.05421418
v 0.03454598 0.02475521 0.05421418
v 0.03572387 0.02303333 0.05421417
v 0.03715384 0.02064756 0.05421417
v 0.04204564 0.00623673 0.05421416
v 0.04236352 0.00347346 0.05421416
v 0.04250000 0.00069531 0.05421415
v 0.03899871 -0.01690672 0.05421414
v 0.03780947 -0.01942116 0.05421414
v 0.03645831 -0.02185243 0.05421413
v -0.03953104 -0.01562155 0.05421414
v -0.04046810 -0.01300265 0.05421414
v -0.04123186 -0.01032807 0.05421415
v -0.04236352 -0.00347364 0.05421415
v -0.04250000 -0.00069550 0.05421415
v -0.03329410 0.02642407 0.05421418
v -0.03149460 0.02854503 0.05421418
v -0.02956022 0.03054376 0.05421418
v 0.02802220 -0.03195328 0.05421413
v 0.02642406 -0.03329427 0.05421413
v 0.02475530 -0.03454607 0.05421412
v -0.00347367 -0.04236360 0.05421412
v -0.00623694 -0.04204571 0.05421412
v -0.00897350 -0.04154777 0.05421412
v -0.01167164 -0.04087192 0.05421412
v -0.03195319 -0.02802229 0.05421413
v -0.03054385 -0.02956031 0.05421413
v -0.02749927 0.03241169 0.05421418
v -0.02532056 0.03414084 0.05421418
v 0.00485791 0.04222708 0.05421419
v 0.02532066 0.03414076 0.05421418
v 0.00760930 0.04181895 0.05421419
v 0.00965074 0.04138968 0.05421419
v 0.01431979 0.04002087 0.05421419
v 0.01167164 0.04087174 0.05421419
v 0.01942107 0.03780938 0.05421419
v 0.02185234 0.03645822 0.05421418
v 0.02361174 0.03533737 0.05421418
v 0.02749936 0.03241161 0.05421418
v 0.02956031 0.03054367 0.05421418
v 0.03533746 -0.02361182 0.05421413
v 0.03414085 -0.02532075 0.05421413
v 0.03285294 -0.02696181 0.05421413
v 0.03149460 -0.02854521 0.05421413
v 0.02956022 -0.03054394 0.05421413
v 0.01817347 -0.03842480 0.05421412
v 0.01562146 -0.03953113 0.05421412
v -0.01942107 -0.03780955 0.05421412
v -0.02185234 -0.03645840 0.05421412
v -0.02419004 -0.03495113 0.05421412
v 0.01690663 0.03899862 0.05421419
v 0.02303342 -0.03572396 0.05421412
v 0.02064765 -0.03715393 0.05421412
v 0.01300256 -0.04046819 0.05421412
v 0.01032798 -0.04123195 0.05421412
v 0.00760917 -0.04181915 0.05421412
v -0.01690663 -0.03899880 0.05421412
v -0.01431979 -0.04002105 0.05421412
v -0.02642416 -0.03329419 0.05421413
v -0.02854512 -0.03149468 0.05421413
v -0.02303342 0.03572378 0.05421418
v 0.00485778 -0.04222728 0.05421412
v 0.00277963 -0.04240910 0.05421412
v -0.02064765 0.03715375 0.05421419
v -0.01817347 0.03842462 0.05421419
v -0.01099981 0.04105176 0.05421419
v -0.00897338 0.04154762 0.05421419
v -0.00623682 0.04204554 0.05421419
v -0.00416573 0.04229526 0.05421419
v -0.00208559 0.04245440 0.05421419
v 0.00000000 0.04249991 0.05421419
v 0.00069540 -0.04250009 0.05421412
v -0.01562146 0.03953096 0.05421419
v -0.01300256 0.04046801 0.05421419
v 0.00140186 0.06607886 -0.05307947
v -0.00039464 0.06609628 -0.05307947
v 0.00176150 0.06608547 -0.06766866
v -0.00004603 0.06610872 -0.06773725
v 0.00277813 0.06604805 -0.06773610
v 0.00312349 0.06601977 -0.05307947
v 0.00484300 0.06591571 -0.05307947
v 0.00457904 0.06595015 -0.06770197
v 0.00655920 0.06576679 -0.05307947
v 0.00648628 0.06578993 -0.06766719
v 0.00978837 0.06537947 -0.06769996
v 0.00827092 0.06557308 -0.05307947
v 0.00819355 0.06559763 -0.06773487
v 0.00997701 0.06533474 -0.05307947
v 0.01167628 0.06505191 -0.05307947
v 0.01138133 0.06511885 -0.06766638
v 0.01303829 0.06480645 -0.06780310
v 0.01336759 0.06472480 -0.05307947
v 0.01371627 0.06466600 -0.06766614
v 0.01504977 0.06435361 -0.05307947
v 0.01527622 0.06431465 -0.06766593
v 0.01672169 0.06393862 -0.05307947
v 0.01635828 0.06404782 -0.06773514
v 0.01838219 0.06348009 -0.05307947
v 0.01818243 0.06355262 -0.06766573
v 0.02003016 0.06297836 -0.05307947
v 0.01939912 0.06319004 -0.06781002
v 0.02166445 0.06243374 -0.05307947
v 0.02127659 0.06258025 -0.06770077
v 0.02328396 0.06184663 -0.05307947
v 0.02291059 0.06200228 -0.06766595
v 0.02488759 0.06121741 -0.05307947
v 0.02453146 0.06137653 -0.06773560
v 0.02647423 0.06054652 -0.05307947
v 0.02629071 0.06064167 -0.06766632
v 0.02804281 0.05983442 -0.05307947
v 0.02789330 0.05992076 -0.06770093
v 0.02959225 0.05908159 -0.05307947
v 0.02970544 0.05904169 -0.06770176
v 0.03112150 0.05828855 -0.05307947
v 0.03143554 0.05813425 -0.06770314
v 0.03262952 0.05745583 -0.05307947
v 0.03280596 0.05736857 -0.06773750
v 0.03415813 0.05657518 -0.06770354
v 0.03411526 0.05658400 -0.05307947
v 0.03557773 0.05567367 -0.05307947
v 0.03580648 0.05554315 -0.06770516
v 0.03701593 0.05472545 -0.05307947
v 0.03861012 0.05362368 -0.06767229
v 0.03842886 0.05373999 -0.05307947
v 0.03742134 0.05446140 -0.06770580
v 0.03972932 0.05279684 -0.06782844
v 0.03981557 0.05271795 -0.05307947
v 0.04079778 0.05197416 -0.06770843
v 0.04117512 0.05166005 -0.05307947
v 0.04250656 0.05056699 -0.05307947
v 0.04224752 0.05080245 -0.06774468
v 0.04380900 0.04943953 -0.05307947
v 0.04388666 0.04938740 -0.06771079
v 0.04506000 0.04831188 -0.06767785
v 0.04508156 0.04827843 -0.05307947
v 0.04616699 0.04725511 -0.06778380
v 0.04632334 0.04708449 -0.05307947
v 0.04753352 0.04585852 -0.05307947
v 0.04756498 0.04584417 -0.06771422
v 0.04871126 0.04460137 -0.05307947
v 0.04889284 0.04441812 -0.06771632
v 0.04985576 0.04331388 -0.05307947
v 0.05017540 0.04295661 -0.06771705
v 0.05096625 0.04199693 -0.05307947
v 0.05204196 0.04065143 -0.05307947
v 0.05143592 0.04143450 -0.06771894
v 0.05286793 0.03958271 -0.06775483
v 0.05308215 0.03927828 -0.05307947
v 0.05395368 0.03808535 -0.06772096
v 0.05408613 0.03787844 -0.05307947
v 0.05505319 0.03645285 -0.05307947
v 0.05509618 0.03640708 -0.06772191
v 0.05598269 0.03500248 -0.05307947
v 0.05614103 0.03476566 -0.06772398
v 0.05687400 0.03352834 -0.05307947
v 0.05772649 0.03203142 -0.05307947
v 0.05694649 0.03341837 -0.06775884
v 0.05772589 0.03205185 -0.06772513
v 0.05853959 0.03051274 -0.05307947
v 0.05864811 0.03032322 -0.06772712
v 0.06004543 0.02741426 -0.05307947
v 0.05931274 0.02897333 -0.05307947
v 0.05991498 0.02771992 -0.06772865
v 0.05933753 0.02893642 -0.06769324
v 0.06120215 0.02471969 -0.06769644
v 0.06073714 0.02583659 -0.05307947
v 0.06060169 0.02616846 -0.06776116
v 0.06138740 0.02424138 -0.05307947
v 0.06187098 0.02299125 -0.06776743
v 0.06199578 0.02262974 -0.05307947
v 0.06256185 0.02100275 -0.05307947
v 0.06258522 0.02095688 -0.06773362
v 0.06316958 0.01910623 -0.06773594
v 0.06308524 0.01936153 -0.05307947
v 0.06356557 0.01770720 -0.05307947
v 0.06371881 0.01715702 -0.06785554
v 0.06400254 0.01604089 -0.05307947
v 0.06414427 0.01547589 -0.06777421
v 0.06446680 0.01407097 -0.06773989
v 0.06439582 0.01436374 -0.05307947
v 0.06505034 0.01098148 -0.05307947
v 0.06474517 0.01267688 -0.05307947
v 0.06499889 0.01131501 -0.06777751
v 0.06474975 0.01266731 -0.06770661
v 0.06531112 0.00927868 -0.05307947
v 0.06533149 0.00917183 -0.06774401
v 0.06552543 0.00759897 -0.06771127
v 0.06552733 0.00756965 -0.05307947
v 0.06566599 0.00626172 -0.06778215
v 0.06569883 0.00585556 -0.05307947
v 0.06582550 0.00413757 -0.05307947
v 0.06583215 0.00410003 -0.06774884
v 0.06591925 0.00215747 -0.06775160
v 0.06590725 0.00241686 -0.05307947
v 0.06594403 0.00069460 -0.05307947
v 0.06594742 0.00021576 -0.06775316
v 0.06593581 -0.00102803 -0.05307947
v 0.06588260 -0.00274986 -0.05307947
v 0.06593282 -0.00123668 -0.06772038
v 0.06587908 -0.00287567 -0.06779157
v 0.06564138 -0.00618641 -0.05307947
v 0.06578444 -0.00446971 -0.05307947
v 0.06567728 -0.00581830 -0.06779480
v 0.06578389 -0.00446601 -0.06772389
v 0.06545354 -0.00789879 -0.05307947
v 0.06544519 -0.00797804 -0.06787528
v 0.06517794 -0.00989646 -0.06776521
v 0.06522103 -0.00960568 -0.05307947
v 0.06494401 -0.01130591 -0.05307947
v 0.06486632 -0.01172527 -0.06789130
v 0.06462268 -0.01299833 -0.05307947
v 0.06462357 -0.01299902 -0.06776857
v 0.06420444 -0.01491093 -0.06777217
v 0.06425726 -0.01468177 -0.05307947
v 0.06339514 -0.01801716 -0.05307947
v 0.06372984 -0.01680342 -0.06777456
v 0.06323493 -0.01855511 -0.06787880
v 0.06384798 -0.01635510 -0.05307947
v 0.06289905 -0.01966683 -0.05307947
v 0.06281520 -0.01993180 -0.06777984
v 0.06235746 -0.02129751 -0.06774844
v 0.06236003 -0.02130298 -0.05307947
v 0.06190857 -0.02256746 -0.06781904
v 0.06177845 -0.02292449 -0.05307947
v 0.06115473 -0.02453026 -0.05307947
v 0.06113385 -0.02457855 -0.06778812
v 0.06037863 -0.02636732 -0.06779253
v 0.06048927 -0.02611919 -0.05307947
v 0.05978254 -0.02769019 -0.05307947
v 0.05956862 -0.02813455 -0.06779570
v 0.05903501 -0.02924220 -0.05307947
v 0.05876385 -0.02976832 -0.06789844
v 0.05809763 -0.03105007 -0.06780220
v 0.05824720 -0.03077416 -0.05307947
v 0.05741965 -0.03228501 -0.05307947
v 0.05740359 -0.03230114 -0.06777216
v 0.05655291 -0.03377374 -0.05307947
v 0.05671013 -0.03350269 -0.06784172
v 0.05557524 -0.03534665 -0.06781245
v 0.05564759 -0.03523931 -0.05307947
v 0.05372367 -0.03809704 -0.05307947
v 0.05470429 -0.03668074 -0.05307947
v 0.05387240 -0.03788065 -0.06781958
v 0.05457139 -0.03686803 -0.06788356
v 0.05270638 -0.03948724 -0.05307947
v 0.05267050 -0.03952692 -0.06782384
v 0.05147633 -0.04106411 -0.06782948
v 0.05165313 -0.04085039 -0.05307947
v 0.05056464 -0.04218557 -0.05307947
v 0.05023568 -0.04256398 -0.06783437
v 0.04944164 -0.04349186 -0.05307947
v 0.04920511 -0.04374563 -0.06793515
v 0.04828490 -0.04476837 -0.05307947
v 0.04836537 -0.04467008 -0.06781158
v 0.04709522 -0.04601424 -0.05307947
v 0.04741335 -0.04567681 -0.06784669
v 0.04609212 -0.04700775 -0.06788054
v 0.04587340 -0.04722860 -0.05307947
v 0.04480824 -0.04823716 -0.05307947
v 0.04450948 -0.04850842 -0.06785736
v 0.04120826 -0.05273500 -0.05307947
v 0.02303342 -0.03572387 -0.05307947
v 0.04170966 -0.05192503 -0.05307947
v 0.02956022 -0.03054385 -0.05307947
v 0.03149460 -0.02854512 -0.05307947
v 0.04343687 -0.04965094 -0.05307947
v 0.04032393 -0.05442192 -0.05307947
v 0.01300256 -0.04046810 -0.05307947
v 0.04074600 -0.05356793 -0.05307947
v 0.04224906 -0.05113985 -0.05307947
v 0.04282523 -0.05038125 -0.05307947
v 0.02475530 -0.03454598 -0.05307947
v 0.02642406 -0.03329418 -0.05307947
v 0.04236352 0.00347355 -0.05307947
v 0.04213641 0.00554736 -0.05307947
v 0.04181906 0.00760917 -0.05307947
v 0.04138977 0.00965074 -0.05307947
v 0.03994300 -0.05529505 -0.05307947
v 0.03495104 -0.02419004 -0.05307947
v 0.03645831 -0.02185234 -0.05307947
v 0.03329410 -0.02642416 -0.05307947
v 0.02802220 -0.03195319 -0.05307947
v 0.00208572 0.04245448 -0.05307947
v -0.00069540 0.04250000 -0.05307947
v 0.03101922 0.02905267 -0.05307947
v 0.02956031 0.03054376 -0.05307947
v 0.02802220 0.03195319 -0.05307947
v 0.02642416 0.03329410 -0.05307947
v 0.04087186 0.01167152 -0.05307947
v 0.04024453 0.01366118 -0.05307947
v 0.03953104 0.01562146 -0.05307947
v 0.04248862 0.00069528 -0.05307947
v 0.04245448 -0.00208572 -0.05307947
v 0.04229535 -0.00416573 -0.05307947
v 0.04204562 -0.00623694 -0.05307947
v 0.04154768 -0.00897350 -0.05307947
v 0.04087183 -0.01167164 -0.05307947
v 0.00897350 0.04154768 -0.05307947
v 0.00623694 0.04204562 -0.05307947
v 0.00416573 0.04229535 -0.05307947
v 0.04408259 -0.04895059 -0.05307947
v 0.01431979 0.04002096 -0.05307947
v 0.01167164 0.04087183 -0.05307947
v 0.01690663 0.03899871 -0.05307947
v 0.02185234 0.03645831 -0.05307947
v 0.01942107 0.03780947 -0.05307947
v 0.03715384 0.02064765 -0.05307947
v 0.03572387 0.02303342 -0.05307947
v 0.03414093 0.02532056 -0.05307947
v 0.03842471 0.01817347 -0.05307947
v 0.01032798 -0.04123186 -0.05307947
v 0.03960408 -0.05618532 -0.05307947
v 0.00829134 -0.04168338 -0.05307947
v 0.01817347 -0.03842471 -0.05307947
v 0.02064765 -0.03715384 -0.05307947
v 0.01562146 -0.03953104 -0.05307947
v 0.02419004 0.03495104 -0.05307947
v 0.04002096 -0.01431979 -0.05307947
v 0.03899871 -0.01690663 -0.05307947
v 0.03780947 -0.01942107 -0.05307947
v 0.03241178 0.02749927 -0.05307947
v -0.06032535 -0.02649348 -0.05307947
v 0.03930793 -0.05709072 -0.05307947
v -0.05960307 -0.02807238 -0.05307947
v -0.05883948 -0.02963172 -0.05307947
v 0.00623682 -0.04204563 -0.05307947
v 0.00347355 -0.04236352 -0.05307947
v 0.03905523 -0.05800920 -0.05307947
v -0.05442126 -0.03709768 -0.05307947
v -0.05538294 -0.03565207 -0.05307947
v 0.03884655 -0.05893866 -0.05307947
v -0.04906124 -0.04391907 -0.05307947
v -0.05020436 -0.04261220 -0.05307947
v -0.00252493 0.06604542 -0.05307947
v -0.00347355 0.04236352 -0.05307947
v -0.00425890 0.06595612 -0.05307947
v -0.04514471 -0.04792426 -0.05307947
v 0.03868237 -0.05987701 -0.05307947
v -0.04426184 -0.04876759 -0.05307947
v -0.04362564 -0.04943918 -0.05307947
v -0.04302119 -0.05013949 -0.05307947
v -0.05803509 -0.03117042 -0.05307947
v -0.05719049 -0.03268741 -0.05307947
v -0.05630623 -0.03418164 -0.05307947
v -0.04250000 -0.00069540 -0.05307947
v -0.06587266 -0.00296759 -0.05307947
v -0.06593185 -0.00123233 -0.05307947
v -0.04236352 -0.00347355 -0.05307947
v -0.06576781 -0.00470069 -0.05307947
v -0.06561737 -0.00643042 -0.05307947
v -0.04213641 -0.00554736 -0.05307947
v -0.04204562 0.00623694 -0.05307947
v -0.04229535 0.00416573 -0.05307947
v -0.06554252 0.00743425 -0.05307947
v -0.06571162 0.00570624 -0.05307947
v -0.04245448 0.00208572 -0.05307947
v -0.06583519 0.00397437 -0.05307947
v -0.06591310 0.00223985 -0.05307947
v -0.06594533 0.00050389 -0.05307947
v -0.05342186 -0.03851748 -0.05307947
v -0.05238543 -0.03991047 -0.05307947
v -0.05131268 -0.04127569 -0.05307947
v -0.00623694 -0.04204562 -0.05307947
v -0.00416573 -0.04229535 -0.05307947
v -0.00208572 -0.04245448 -0.05307947
v -0.00829134 -0.04168338 -0.05307947
v -0.01032810 -0.04123183 -0.05307947
v -0.03896976 -0.05836534 -0.05307947
v 0.03848888 -0.06177182 -0.05307947
v -0.03878305 -0.05927139 -0.05307947
v -0.03863844 -0.06018510 -0.05307947
v -0.04094552 -0.05319688 -0.05307947
v 0.03856305 -0.06082211 -0.05307947
v -0.04051770 -0.05401710 -0.05307947
v -0.04012826 -0.05485622 -0.05307947
v -0.04788412 -0.04519539 -0.05307947
v -0.04667380 -0.04644028 -0.05307947
v 0.00069540 -0.04250000 -0.05307947
v -0.02642416 -0.03329410 -0.05307947
v -0.02419004 -0.03495104 -0.05307947
v -0.02802220 -0.03195319 -0.05307947
v -0.02956031 -0.03054376 -0.05307947
v -0.03101922 -0.02905267 -0.05307947
v -0.03241178 -0.02749927 -0.05307947
v -0.03414093 -0.02532056 -0.05307947
v -0.03572387 -0.02303342 -0.05307947
v -0.03715384 -0.02064765 -0.05307947
v -0.04244976 -0.05086699 -0.05307947
v -0.04191259 -0.05162014 -0.05307947
v -0.04141082 -0.05239733 -0.05307947
v -0.01233710 -0.04066996 -0.05307947
v -0.01431979 -0.04002096 -0.05307947
v -0.01690663 -0.03899871 -0.05307947
v -0.01942107 -0.03780947 -0.05307947
v -0.02185234 -0.03645831 -0.05307947
v -0.03842471 -0.01817347 -0.05307947
v -0.06100581 -0.02489610 -0.05307947
v -0.03953104 -0.01562146 -0.05307947
v -0.06164398 -0.02328137 -0.05307947
v -0.06223943 -0.02165040 -0.05307947
v -0.04046810 -0.01300256 -0.05307947
v -0.06279173 -0.02000432 -0.05307947
v -0.06542145 -0.00815560 -0.05307947
v -0.06518017 -0.00987502 -0.05307947
v -0.04181906 -0.00760917 -0.05307947
v -0.06489372 -0.01158750 -0.05307947
v -0.06456227 -0.01329184 -0.05307947
v -0.04123186 -0.01032798 -0.05307947
v -0.06418607 -0.01498686 -0.05307947
v -0.06376538 -0.01667139 -0.05307947
v -0.06330050 -0.01834426 -0.05307947
v -0.04087183 0.01167164 -0.05307947
v -0.04154768 0.00897350 -0.05307947
v -0.06401892 0.01597473 -0.05307947
v -0.06441340 0.01428387 -0.05307947
v -0.06476322 0.01258321 -0.05307947
v -0.06506815 0.01087393 -0.05307947
v -0.06532798 0.00915721 -0.05307947
v -0.03899871 0.01690663 -0.05307947
v -0.04002096 0.01431979 -0.05307947
v -0.06138742 0.02424131 -0.05307947
v -0.06200044 0.02261687 -0.05307947
v -0.06257048 0.02097684 -0.05307947
v -0.06309714 0.01932238 -0.05307947
v -0.06358007 0.01765462 -0.05307947
v -0.01032798 0.04123186 -0.05307947
v -0.01792405 0.06361127 -0.05307947
v -0.01624708 0.06406114 -0.05307947
v -0.01300256 0.04046810 -0.05307947
v -0.01958860 0.06311741 -0.05307947
v -0.02123957 0.06257990 -0.05307947
v -0.01562146 0.03953104 -0.05307947
v -0.02287582 0.06199911 -0.05307947
v -0.00598992 0.06582119 -0.05307947
v -0.00771678 0.06564075 -0.05307947
v -0.00554736 0.04213641 -0.05307947
v -0.00943830 0.06541491 -0.05307947
v -0.00760917 0.04181906 -0.05307947
v -0.01115327 0.06514382 -0.05307947
v -0.01286051 0.06482768 -0.05307947
v -0.01455884 0.06446670 -0.05307947
v -0.02449621 0.06137545 -0.05307947
v -0.02609962 0.06070934 -0.05307947
v -0.01817347 0.03842471 -0.05307947
v -0.02768494 0.06000125 -0.05307947
v -0.02925107 0.05925167 -0.05307947
v -0.02064765 0.03715384 -0.05307947
v -0.03079692 0.05846112 -0.05307947
v -0.03977804 -0.05571245 -0.05307947
v -0.03946779 -0.05658396 -0.05307947
v -0.03919817 -0.05746889 -0.05307947
v -0.03329410 0.02642416 -0.05307947
v -0.03495104 0.02419004 -0.05307947
v -0.05300127 0.03938776 -0.05307947
v -0.05401595 0.03797883 -0.05307947
v -0.05499317 0.03654369 -0.05307947
v -0.03645831 0.02185234 -0.05307947
v -0.05593228 0.03508331 -0.05307947
v -0.03846034 -0.06244068 -0.05307947
v 0.03845958 -0.06565213 -0.05307947
v -0.03845958 -0.06565213 -0.05307947
v -0.03054376 0.02956031 -0.05307947
v -0.04858259 0.04474195 -0.05307947
v -0.04739175 0.04600549 -0.05307947
v -0.03195319 0.02802220 -0.05307947
v -0.04973975 0.04344750 -0.05307947
v -0.05086243 0.04212303 -0.05307947
v -0.05194985 0.04076947 -0.05307947
v -0.02532056 0.03414093 -0.05307947
v -0.02749927 0.03241178 -0.05307947
v -0.04096207 0.05182961 -0.05307947
v -0.04230847 0.05073332 -0.05307947
v -0.04362553 0.04960198 -0.05307947
v -0.02905267 0.03101922 -0.05307947
v -0.04491236 0.04843634 -0.05307947
v -0.04616806 0.04723724 -0.05307947
v -0.03232142 0.05763015 -0.05307947
v -0.03382352 0.05675933 -0.05307947
v -0.02303342 0.03572387 -0.05307947
v -0.03530217 0.05584927 -0.05307947
v -0.03675635 0.05490060 -0.05307947
v -0.03818505 0.05391397 -0.05307947
v -0.03958728 0.05289007 -0.05307947
v -0.03853623 -0.06110453 -0.05307947
v 0.03845923 -0.06278883 -0.05307947
v -0.05683262 0.03359872 -0.05307947
v -0.05769356 0.03209094 -0.05307947
v -0.03780947 0.01942107 -0.05307947
v -0.05851451 0.03056101 -0.05307947
v -0.05929490 0.02901001 -0.05307947
v -0.06003419 0.02743899 -0.05307947
v -0.06073185 0.02584906 -0.05307947
v 0.02054788 -0.08370285 -0.07547785
v 0.01918833 -0.08364816 -0.07559026
v 0.02213254 -0.08789688 -0.07533547
v 0.01682064 -0.08728920 -0.07575807
v 0.01809085 -0.08318542 -0.07567417
v 0.01593517 -0.07522601 -0.07584488
v 0.01657441 -0.07861144 -0.07579120
v 0.01732457 -0.07743429 -0.07574024
v 0.01630410 -0.07988648 -0.07580700
v 0.01650356 -0.08122557 -0.07579066
v 0.01718922 -0.08242740 -0.07574052
v 0.01985783 -0.07522602 -0.07555011
v 0.01874306 -0.07651102 -0.07563499
v 0.01998885 -0.07629719 -0.07553397
v 0.01712719 -0.07522601 -0.07576181
v 0.02124693 -0.07522602 -0.07542828
v 0.02106710 -0.07642954 -0.07544161
v 0.02291127 -0.07763802 -0.07526965
v 0.02334743 -0.07522602 -0.07523045
v 0.02204853 -0.07688411 -0.07535119
v 0.02567372 -0.08789575 -0.07498580
v 0.02375829 -0.07979961 -0.07518469
v 0.02359587 -0.08117587 -0.07520010
v 0.02478804 -0.07522602 -0.07508387
v 0.02353202 -0.07873040 -0.07520771
v 0.02187731 -0.08325739 -0.07536127
v 0.02282598 -0.08248103 -0.07527445
v -0.02213252 -0.08789688 -0.07533544
v -0.01859126 -0.08789782 -0.07562963
v -0.02084323 -0.08365268 -0.07545293
v -0.01959790 -0.08370613 -0.07555693
v -0.02188687 -0.08323936 -0.07536056
v -0.02285971 -0.08245102 -0.07527123
v -0.02327733 -0.07814018 -0.07523243
v -0.02478795 -0.07522602 -0.07508316
v -0.02378790 -0.07995667 -0.07518160
v -0.02567367 -0.08820026 -0.07498537
v -0.02350614 -0.08136009 -0.07520885
v -0.02103791 -0.07642048 -0.07544365
v -0.02334742 -0.07522602 -0.07522978
v -0.02227788 -0.07703184 -0.07532971
v -0.01985780 -0.07522602 -0.07554956
v -0.01990254 -0.07629704 -0.07554130
v -0.02124686 -0.07522602 -0.07542771
v -0.01653133 -0.07522601 -0.07580522
v -0.01870650 -0.07652962 -0.07563788
v -0.01754977 -0.07723290 -0.07572482
v -0.01505002 -0.08789860 -0.07587057
v -0.01838182 -0.08337123 -0.07565341
v -0.01727308 -0.08251285 -0.07573478
v -0.01664029 -0.08156563 -0.07578069
v -0.01629492 -0.08023060 -0.07580677
v -0.01664865 -0.07841060 -0.07578650
v 0.02799137 -0.09093050 -0.07471290
v 0.02650969 -0.09128558 -0.07487956
v 0.02797902 -0.08883954 -0.07472544
v 0.02797612 -0.08466049 -0.07472692
v 0.02797475 -0.08622216 -0.07472755
v 0.02797736 -0.07425056 -0.07472693
v 0.02645178 -0.07522602 -0.07490356
v 0.02797786 -0.07821943 -0.07472680
v 0.02797755 -0.08095606 -0.07472682
v 0.02797554 -0.08332785 -0.07472679
v 0.01327945 -0.08728990 -0.07597379
v 0.01401238 -0.07522601 -0.07596619
v 0.01239400 -0.07522601 -0.07605618
v 0.01155030 -0.09377899 -0.07603392
v 0.01089515 -0.07522601 -0.07612966
v 0.00951137 -0.09396690 -0.07611803
v 0.00831452 -0.07522601 -0.07623570
v 0.00759193 -0.09411058 -0.07618231
v 0.00566840 -0.09422214 -0.07623165
v 0.00498368 -0.07522601 -0.07632817
v 0.00385497 -0.09429730 -0.07626508
v 0.00354113 -0.07522601 -0.07635294
v 0.00199716 -0.09434560 -0.07628630
v 0.00153435 -0.07522601 -0.07637433
v 0.00008021 -0.09436297 -0.07629397
v 0.00000000 -0.07522601 -0.07637919
v -0.00183652 -0.09434814 -0.07628748
v -0.00153439 -0.07522601 -0.07637431
v -0.00375239 -0.09430114 -0.07626673
v -0.00409842 -0.07522601 -0.07634581
v -0.00566655 -0.09422206 -0.07623170
v -0.00731565 -0.09412729 -0.07619013
v -0.00742920 -0.07522601 -0.07626417
v -0.00895934 -0.09401223 -0.07613729
v -0.00885283 -0.07522601 -0.07621434
v -0.01086479 -0.09384684 -0.07606359
v -0.01089518 -0.07522601 -0.07612942
v -0.01285839 -0.09363924 -0.07597056
v -0.01239398 -0.07522601 -0.07605591
v -0.01401240 -0.07522601 -0.07596587
v -0.02650516 -0.08003814 -0.07489657
v -0.02798038 -0.08203989 -0.07472631
v -0.02798031 -0.07890389 -0.07472668
v -0.02797608 -0.07513259 -0.07472711
v -0.02797610 -0.08365195 -0.07472687
v -0.02797365 -0.08680716 -0.07472809
v -0.02797695 -0.08497702 -0.07472671
v -0.02797477 -0.09093688 -0.07471634
v -0.02654779 -0.09127705 -0.07487550
v -0.02268001 -0.09211104 -0.07526372
v -0.02461503 -0.09171034 -0.07507762
v 0.02259196 -0.09212743 -0.07527173
v 0.02455062 -0.09172327 -0.07508435
v 0.01382423 -0.09352722 -0.07591513
v 0.01572763 -0.09328069 -0.07580245
v 0.01762772 -0.09300292 -0.07567539
v 0.01966443 -0.09267116 -0.07552633
v 0.02067106 -0.09249000 -0.07543923
v -0.02076664 -0.09247511 -0.07543174
v -0.01888481 -0.09280203 -0.07558388
v -0.01706676 -0.09308822 -0.07571539
v -0.01513322 -0.09336128 -0.07584114
v -0.03845958 -0.06565214 -0.06407947
v 0.03845958 -0.06565214 -0.06407947
v -0.03838125 -0.08024257 -0.06407947
v -0.02799306 -0.09092984 -0.06407947
v 0.03838800 -0.07967832 -0.06407947
v -0.02608447 -0.09138183 -0.06407947
v 0.02494432 -0.09163661 -0.06407947
v 0.02797480 -0.09094044 -0.06407947
v 0.03831735 -0.08489527 -0.06407947
v -0.03831943 -0.08489394 -0.06407947
v 0.01925430 -0.09273795 -0.06407947
v 0.02114832 -0.09240284 -0.06407947
v 0.02304491 -0.09203579 -0.06407947
v -0.02417658 -0.09180176 -0.06407947
v -0.02227216 -0.09218914 -0.06407947
v -0.02037095 -0.09254418 -0.06407947
v 0.03845415 -0.07188138 -0.06407946
v -0.03845524 -0.07161304 -0.06407946
v 0.01358523 -0.09355324 -0.06407947
v 0.01547300 -0.09331301 -0.06407947
v 0.01736261 -0.09304129 -0.06407947
v -0.01847272 -0.09286708 -0.06407947
v -0.01657721 -0.09315803 -0.06407947
v -0.01468419 -0.09341719 -0.06407947
v 0.00793037 -0.09408605 -0.06407947
v 0.00981416 -0.09393966 -0.06407947
v 0.01169903 -0.09376208 -0.06407947
v -0.01279340 -0.09364471 -0.06407947
v -0.01090459 -0.09384073 -0.06407947
v -0.00901751 -0.09400536 -0.06407947
v 0.00228289 -0.09433864 -0.06407947
v 0.00416498 -0.09428550 -0.06407947
v 0.00604739 -0.09420131 -0.06407947
v -0.00713190 -0.09413872 -0.06407947
v -0.00524752 -0.09424087 -0.06407947
v -0.00336411 -0.09431190 -0.06407947
v -0.00148140 -0.09435185 -0.06407948
v 0.00040084 -0.09436076 -0.06407948
v -0.03736407 -0.00626902 -0.07315191
v -0.04213711 -0.00824327 -0.07232276
v -0.03524077 -0.00963029 -0.07350597
v -0.03966866 -0.04841634 -0.06964500
v -0.03969260 -0.05203100 -0.06888954
v -0.03895313 -0.04853823 -0.06988166
v -0.03803200 -0.05026548 -0.06991246
v -0.03339641 -0.03756963 -0.07309991
v -0.03538422 -0.03637382 -0.07260784
v -0.03493026 -0.03877137 -0.07256041
v -0.03050585 -0.03660427 -0.07398625
v -0.03164562 -0.03853061 -0.07358207
v -0.02933780 -0.03853291 -0.07430311
v -0.03070633 -0.04719395 -0.07349845
v -0.02974026 -0.05010033 -0.07383926
v -0.02960580 -0.04576312 -0.07403918
v -0.04690741 -0.04587695 -0.06825390
v -0.04378293 -0.04883478 -0.06827535
v -0.04526563 -0.04620328 -0.06855895
v -0.05506827 -0.03559046 -0.06824401
v -0.05266913 -0.03896583 -0.06826773
v -0.05169775 -0.03662457 -0.06882463
v -0.03540902 0.05544284 -0.06815698
v -0.03501324 0.05139826 -0.06895403
v -0.03376347 0.05377692 -0.06866933
v -0.03176602 0.05760898 -0.06815448
v -0.02914630 0.05476552 -0.06900438
v -0.02820948 -0.02935984 -0.07466920
v -0.02797599 -0.03418748 -0.07472708
v -0.02797601 -0.02935851 -0.07472714
v -0.04203648 -0.05096330 -0.06827950
v -0.04195924 -0.04947798 -0.06864697
v -0.04071008 -0.04995273 -0.06895551
v -0.04049007 -0.05347654 -0.06828191
v -0.03974989 -0.05535813 -0.06823064
v -0.03881627 -0.05340877 -0.06899880
v -0.03879516 -0.05804097 -0.06829795
v -0.03804343 -0.05532963 -0.06904515
v -0.03850652 -0.06026777 -0.06822992
v -0.03769328 -0.05797508 -0.06890045
v -0.03706641 -0.05907365 -0.06916148
v -0.02797920 -0.05979148 -0.07472660
v -0.03305186 -0.06446949 -0.07155895
v -0.02797796 -0.06976000 -0.07472684
v -0.02853888 -0.05181484 -0.07442916
v -0.02935783 -0.05396989 -0.07394466
v -0.02797773 -0.05388428 -0.07472681
v -0.02937430 -0.05566058 -0.07390374
v -0.02877658 -0.04746285 -0.07436251
v -0.02797433 -0.04964632 -0.07472707
v -0.02797752 -0.04431144 -0.07472650
v -0.02877054 -0.03491357 -0.07450447
v -0.02797652 -0.03896970 -0.07472708
v -0.02797603 -0.01970313 -0.07472716
v -0.02934986 -0.02454033 -0.07443093
v -0.03019330 -0.02165185 -0.07428581
v -0.02949199 -0.01682044 -0.07446019
v -0.02983623 -0.01151420 -0.07442555
v -0.02797614 -0.00439981 -0.07472757
v -0.02929536 -0.00330269 -0.07449608
v -0.02968015 0.00924455 -0.07432032
v -0.02796951 0.00636665 -0.07465812
v -0.02796222 0.01072118 -0.07454439
v -0.03074271 0.01309452 -0.07402830
v -0.02866444 0.01469069 -0.07426767
v -0.02713856 0.01848047 -0.07424697
v -0.03089051 0.01887585 -0.07369481
v -0.02742598 0.02047244 -0.07406555
v -0.02988951 0.03232963 -0.07254124
v -0.02877101 0.02962314 -0.07300868
v -0.02726993 0.03259921 -0.07283792
v -0.02802067 0.05953788 -0.06815159
v -0.03922342 0.05285084 -0.06814755
v -0.03757319 0.05138771 -0.06862437
v -0.04340606 0.04931558 -0.06817849
v -0.03837624 0.04852930 -0.06901202
v -0.04355756 0.04420685 -0.06895272
v -0.04727301 0.04570474 -0.06816586
v -0.04660727 0.04083881 -0.06895797
v -0.05049193 0.04209871 -0.06816430
v -0.05475304 0.03638298 -0.06816506
v -0.04816301 0.03603724 -0.06931011
v -0.05280405 0.03897903 -0.06818995
v -0.04814211 0.03795408 -0.06908226
v -0.05058384 0.03361772 -0.06917713
v -0.05708442 0.03239554 -0.06819201
v -0.05891988 0.02909772 -0.06817117
v -0.05420903 0.02926114 -0.06897889
v -0.05359758 0.03118894 -0.06890562
v -0.05421995 0.02733799 -0.06914441
v -0.05422890 0.02541380 -0.06929776
v -0.06034576 0.02590689 -0.06817979
v -0.06143103 0.02319199 -0.06818260
v -0.05423589 0.02348868 -0.06943906
v -0.05902598 0.02151625 -0.06871825
v -0.06255364 0.01998471 -0.06818142
v -0.05902660 0.01476999 -0.06907479
v -0.05902907 0.01862593 -0.06888782
v -0.06379572 0.01545337 -0.06819149
v -0.05901700 0.01091203 -0.06921934
v -0.06491862 0.00925758 -0.06820531
v -0.05900047 0.00705245 -0.06932265
v -0.05897719 0.00319155 -0.06938581
v -0.06550200 0.00355621 -0.06820299
v -0.05894727 -0.00067041 -0.06940991
v -0.06566329 -0.00091812 -0.06818858
v -0.06129804 -0.00455479 -0.06896108
v -0.06546871 -0.00503505 -0.06819216
v -0.06125428 -0.00841741 -0.06890648
v -0.06472052 -0.01058279 -0.06821446
v -0.06120411 -0.01227920 -0.06881200
v -0.06394058 -0.01453521 -0.06821869
v -0.06301865 -0.01808848 -0.06822360
v -0.05965757 -0.01612617 -0.06895667
v -0.05988879 -0.01998670 -0.06871808
v -0.05804675 -0.02286251 -0.06889405
v -0.06173244 -0.02217280 -0.06822030
v -0.05500919 -0.02572612 -0.06928372
v -0.06051410 -0.02502695 -0.06824846
v -0.05645994 -0.02718272 -0.06887908
v -0.05925872 -0.02812574 -0.06822747
v -0.05491295 -0.02945433 -0.06898469
v -0.05684443 -0.03266003 -0.06824471
v -0.05300711 -0.03340082 -0.06895854
v -0.05307077 -0.03148110 -0.06915718
v -0.04996549 -0.04251567 -0.06824544
v -0.04764521 -0.04100529 -0.06904189
v -0.05037821 -0.03960023 -0.06866693
v -0.04697943 -0.04242884 -0.06894802
v -0.04612932 -0.04431984 -0.06877429
v -0.04763248 0.03041939 -0.07000709
v -0.04692340 0.03193812 -0.06997197
v -0.04589124 0.03284335 -0.07004779
v -0.03919545 0.03323410 -0.07108880
v -0.04097486 0.03513796 -0.07058214
v -0.04235978 0.03300468 -0.07061066
v -0.04390765 0.03336796 -0.07031742
v -0.04493221 0.03323197 -0.07016381
v -0.04127415 0.03217433 -0.07087810
v -0.04046787 0.03085865 -0.07115115
v -0.04034906 0.02895580 -0.07136820
v -0.03802351 0.03036438 -0.07159252
v -0.04094208 0.02759699 -0.07140039
v -0.03684775 0.02749159 -0.07206985
v -0.04106329 0.02457302 -0.07164728
v -0.04179936 0.02668195 -0.07134226
v -0.04506858 0.02612129 -0.07084078
v -0.04332349 0.02600678 -0.07114559
v -0.04757274 0.02874839 -0.07017577
v -0.04710841 0.02768521 -0.07035425
v -0.04443880 -0.04001911 -0.06991215
v -0.04865701 -0.03838881 -0.06922399
v -0.04636429 -0.03645369 -0.06997803
v -0.05235291 -0.03507368 -0.06889144
v -0.04707459 -0.03310563 -0.07021052
v -0.05215439 -0.01943580 -0.07021461
v -0.05389984 -0.02186219 -0.06975609
v -0.04790291 -0.02373603 -0.07078978
v -0.05024674 -0.02568357 -0.07021347
v -0.04779740 -0.02854888 -0.07047827
v -0.04774717 -0.03047124 -0.07032586
v -0.04317813 -0.02080020 -0.07182162
v -0.04499968 -0.01888807 -0.07156269
v -0.04502740 -0.01695859 -0.07162740
v -0.05160969 -0.01605384 -0.07045608
v -0.04623734 0.02671975 -0.07059383
v -0.04466510 0.02261619 -0.07118518
v -0.05181750 0.00518894 -0.07063816
v -0.04703232 0.00523286 -0.07147690
v -0.04944454 0.00907244 -0.07098186
v -0.05179215 0.00132669 -0.07068043
v -0.04700705 0.00137025 -0.07151658
v -0.05176122 -0.00253623 -0.07068859
v -0.04697670 -0.00249258 -0.07152509
v -0.05172518 -0.00639937 -0.07066520
v -0.04694198 -0.00635527 -0.07150672
v -0.05168378 -0.01026206 -0.07060885
v -0.04690267 -0.01021776 -0.07146008
v -0.05164856 -0.01315838 -0.07054230
v -0.04447853 -0.01309252 -0.07183281
v -0.04445509 -0.01502303 -0.07178899
v -0.04946091 0.01775428 -0.07064360
v -0.04945912 0.01968182 -0.07053558
v -0.04946057 0.01582598 -0.07073878
v -0.04945827 0.01389705 -0.07082205
v -0.04945404 0.01196755 -0.07089375
v -0.05652293 -0.00451153 -0.06982698
v -0.05648183 -0.00837445 -0.06977981
v -0.05644691 -0.01127106 -0.06971911
v -0.05640865 -0.01416692 -0.06963836
v -0.03175774 0.02560416 -0.07301838
v -0.03177617 0.02271965 -0.07327414
v -0.02850157 0.02281704 -0.07372680
v -0.03179525 0.01597839 -0.07372899
v -0.03386068 0.00631402 -0.07368797
v -0.03144221 0.00343835 -0.07410891
v -0.02797361 0.00329500 -0.07470552
v -0.03569210 0.01787554 -0.07300219
v -0.03743720 0.00338724 -0.07312156
v -0.04075750 0.00722026 -0.07252552
v -0.04223073 0.00334507 -0.07232014
v -0.03867904 0.02170497 -0.07226238
v -0.04108246 0.01879458 -0.07204919
v -0.04945529 0.02160858 -0.07041512
v -0.03143766 0.02800720 -0.07282305
v -0.03259720 0.03231753 -0.07217600
v -0.02713967 0.02643707 -0.07356463
v -0.03164857 0.03615275 -0.07182212
v -0.02842928 0.03605918 -0.07223912
v -0.03204551 0.03997543 -0.07122852
v -0.02737620 0.03943185 -0.07186756
v -0.03154866 0.04284122 -0.07085323
v -0.02736389 0.04234930 -0.07141066
v -0.03148384 0.04665389 -0.07023406
v -0.02824989 0.04595182 -0.07071765
v -0.03143196 0.04950808 -0.06973710
v -0.02910886 0.05064035 -0.06979277
v -0.02716469 0.05804864 -0.06854045
v -0.03478060 0.04759431 -0.06965428
v -0.03484510 0.04378209 -0.07027320
v -0.03490421 0.03996263 -0.07084414
v -0.03494408 0.03709336 -0.07123785
v -0.03498023 0.03422098 -0.07160548
v -0.03502136 0.03038528 -0.07204818
v -0.03626123 0.02557333 -0.07234041
v -0.03567775 0.02269163 -0.07267652
v -0.03628771 0.01979794 -0.07278588
v -0.03629214 0.01594261 -0.07300515
v -0.04080677 0.04708647 -0.06890800
v -0.03843978 0.04471691 -0.06962568
v -0.03846974 0.04280809 -0.06991582
v -0.04090184 0.04088137 -0.06983650
v -0.03730969 0.03994915 -0.07050374
v -0.04094054 0.03801169 -0.07022462
v -0.03736072 0.03612180 -0.07101484
v -0.04108294 0.01493782 -0.07224407
v -0.03509035 0.01305919 -0.07332943
v -0.04047841 0.01204873 -0.07245612
v -0.03055082 -0.05225263 -0.07334318
v -0.02966600 -0.05807013 -0.07369418
v -0.03148039 -0.05681091 -0.07262526
v -0.03318838 -0.05929944 -0.07151040
v -0.03518523 -0.06152989 -0.07023024
v -0.03147599 -0.05488113 -0.07270461
v -0.02876025 -0.04155009 -0.07445049
v -0.03067246 -0.03395390 -0.07399313
v -0.03047712 -0.04045819 -0.07388746
v -0.03017586 -0.04262665 -0.07390992
v -0.03123769 -0.04959066 -0.07312492
v -0.03181306 -0.04717889 -0.07301055
v -0.03185763 -0.04405727 -0.07320463
v -0.03297284 -0.04476806 -0.07272195
v -0.03073088 -0.04406655 -0.07364055
v -0.03182848 -0.05174334 -0.07269542
v -0.03337428 -0.05183117 -0.07188361
v -0.03281290 -0.05340417 -0.07204824
v -0.03232906 -0.04957155 -0.07259931
v -0.03473986 -0.05384072 -0.07096434
v -0.03365243 -0.05530748 -0.07143492
v -0.03331343 -0.05676106 -0.07153866
v -0.03541683 -0.05646611 -0.07033341
v -0.03441728 -0.05841957 -0.07078838
v -0.03704565 -0.06052240 -0.06909528
v -0.03499442 -0.05191953 -0.07105464
v -0.03433623 -0.04882203 -0.07174193
v -0.03288715 -0.04189138 -0.07298281
v -0.03419083 -0.04404140 -0.07233047
v -0.03469932 -0.04092814 -0.07245579
v -0.03333830 -0.04715944 -0.07234938
v -0.03262618 -0.04045203 -0.07316874
v -0.03270127 -0.03540443 -0.07339858
v -0.03346366 -0.03324207 -0.07328323
v -0.03470770 -0.03348835 -0.07295619
v -0.03341159 -0.05003245 -0.07203688
v -0.03520116 -0.04343835 -0.07202706
v -0.03513563 -0.04761744 -0.07154115
v -0.03623458 -0.04808290 -0.07102174
v -0.03634811 -0.04522305 -0.07139244
v -0.03577694 -0.05095073 -0.07080587
v -0.03705558 -0.04355300 -0.07138255
v -0.03649694 -0.03229679 -0.07258572
v -0.03680531 -0.04045003 -0.07184802
v -0.03812594 -0.03518790 -0.07199245
v -0.03789363 -0.04236107 -0.07127898
v -0.03747785 -0.03746116 -0.07196107
v -0.03772372 -0.04628862 -0.07073735
v -0.02952964 -0.02984925 -0.07434160
v -0.03297586 -0.02553215 -0.07364605
v -0.03176600 -0.02745171 -0.07385564
v -0.03398398 -0.01589423 -0.07366104
v -0.03140511 -0.01973204 -0.07407893
v -0.03430793 -0.01348399 -0.07363805
v -0.03197154 -0.00622213 -0.07405752
v -0.03201839 -0.03130888 -0.07370660
v -0.03410911 -0.02939481 -0.07327528
v -0.03648542 -0.02893015 -0.07276622
v -0.03448727 -0.02361590 -0.07338908
v -0.03601586 -0.02073597 -0.07317519
v -0.03663796 -0.01881229 -0.07311138
v -0.03666199 -0.01688282 -0.07315495
v -0.03911710 -0.01111318 -0.07281740
v -0.03260396 -0.00139906 -0.07392978
v -0.03387765 0.00920958 -0.07364004
v -0.03642482 -0.05572174 -0.06984439
v -0.03830361 -0.06215563 -0.06827855
v -0.03628318 -0.05380867 -0.07015806
v -0.03721629 -0.05247819 -0.06989247
v -0.04082330 -0.04711320 -0.06953298
v -0.04172100 -0.04664357 -0.06936556
v -0.03681054 -0.04926746 -0.07059642
v -0.03858173 -0.03949907 -0.07144573
v -0.03880879 -0.03135219 -0.07211914
v -0.03992003 -0.03424080 -0.07164130
v -0.04014409 -0.03663825 -0.07135970
v -0.04037295 -0.03855333 -0.07108866
v -0.03933680 -0.04545369 -0.07033243
v -0.04055493 -0.04426920 -0.07017357
v -0.03909228 -0.04141062 -0.07105863
v -0.04319235 -0.04143789 -0.06998595
v -0.04088446 -0.04046610 -0.07070595
v -0.04079831 -0.04237067 -0.07043798
v -0.04309260 -0.04333836 -0.06967690
v -0.04297864 -0.04523226 -0.06932513
v -0.04369357 -0.04759943 -0.06860112
v -0.04311207 -0.03618295 -0.07071428
v -0.04317537 -0.03426747 -0.07090670
v -0.04304145 -0.03809555 -0.07049805
v -0.04234164 -0.03234150 -0.07126749
v -0.04124631 -0.02848804 -0.07178594
v -0.03830975 -0.02653803 -0.07249836
v -0.03837364 -0.02268482 -0.07265548
v -0.04040116 -0.00098437 -0.07264329
v -0.04157256 -0.00437509 -0.07244401
v -0.03834283 -0.02461194 -0.07258160
v -0.04314664 -0.02272792 -0.07174172
v -0.04311191 -0.02465465 -0.07164925
v -0.04307391 -0.02658014 -0.07154428
v -0.04298624 -0.03042646 -0.07129188
v -0.04047171 0.01011864 -0.07251281
v 0.04226525 0.02258110 -0.07136900
v 0.04586510 0.02062444 -0.07093289
v 0.04645221 0.02446686 -0.07054932
v 0.03719397 0.05039220 -0.06871782
v 0.03932772 0.04847407 -0.06876010
v 0.04060077 0.05157118 -0.06817265
v 0.03210437 0.01401048 -0.07360838
v 0.03390049 0.01206871 -0.07342578
v 0.04078351 0.01489510 -0.07213040
v 0.03633158 -0.05315562 -0.07022353
v 0.03753203 -0.05283757 -0.06968784
v 0.03656134 -0.05005188 -0.07058027
v 0.03777648 -0.04499209 -0.07092521
v 0.03648285 -0.04344696 -0.07158253
v 0.03628758 -0.04666312 -0.07121044
v 0.03522935 -0.04476296 -0.07186233
v 0.03539649 -0.04165816 -0.07214864
v 0.03247491 -0.04118462 -0.07316174
v 0.03329732 -0.04285970 -0.07275516
v 0.03350922 -0.03950428 -0.07293560
v 0.03072249 -0.04575757 -0.07356511
v 0.03031929 -0.04335673 -0.07382438
v 0.02933070 -0.04673684 -0.07412442
v 0.03853749 -0.03041127 -0.07226034
v 0.04182036 -0.02947945 -0.07162607
v 0.03948697 -0.02753503 -0.07223129
v 0.02797944 -0.05916360 -0.07472681
v 0.02941993 -0.05903995 -0.07383694
v 0.02885790 -0.05615515 -0.07420544
v 0.05044538 0.04214931 -0.06815594
v 0.04694727 0.03982040 -0.06892601
v 0.05310440 0.03851107 -0.06819103
v 0.05546777 -0.03502880 -0.06823514
v 0.05765627 -0.03131725 -0.06822476
v 0.05153526 -0.03458303 -0.06912942
v 0.04692528 -0.04304075 -0.06884691
v 0.04531159 -0.04527413 -0.06875850
v 0.04950843 -0.04299188 -0.06826013
v 0.04680634 -0.04593387 -0.06826300
v 0.05193202 -0.03993900 -0.06827546
v 0.04763506 -0.04084633 -0.06907335
v 0.05107316 -0.03688265 -0.06892506
v 0.05379380 -0.03145710 -0.06901583
v 0.05496698 -0.02672184 -0.06921486
v 0.05550908 -0.02865033 -0.06893899
v 0.05906190 -0.02849595 -0.06823011
v 0.05560767 -0.02480285 -0.06923462
v 0.06064641 -0.02494379 -0.06822753
v 0.05806664 -0.02097291 -0.06900780
v 0.05802654 -0.02289936 -0.06889389
v 0.06206528 -0.02119510 -0.06821981
v 0.06049963 -0.01810420 -0.06870113
v 0.06324926 -0.01735752 -0.06821600
v 0.05874819 -0.01615874 -0.06912158
v 0.05399840 -0.01514813 -0.07004414
v 0.06400304 -0.01390845 -0.06823135
v 0.05882058 -0.01133513 -0.06927710
v 0.06474664 -0.00993310 -0.06822591
v 0.05468749 -0.00815766 -0.07009886
v 0.05890293 -0.00457840 -0.06938586
v 0.06524225 -0.00594339 -0.06822105
v 0.05894097 -0.00071716 -0.06939398
v 0.06556999 -0.00182439 -0.06820302
v 0.05897214 0.00314318 -0.06936243
v 0.06558034 0.00193224 -0.06819773
v 0.05899123 0.00603771 -0.06931250
v 0.06530605 0.00606994 -0.06820258
v 0.05900727 0.00893152 -0.06924327
v 0.06021818 0.01277664 -0.06890815
v 0.06481884 0.01021044 -0.06819434
v 0.06337427 0.01678484 -0.06820188
v 0.05244983 0.01478186 -0.07016342
v 0.05663997 0.02052065 -0.06914367
v 0.06214601 0.02105290 -0.06818884
v 0.05424332 0.02246940 -0.06941923
v 0.06106943 0.02412703 -0.06817743
v 0.05423685 0.02535645 -0.06921659
v 0.06003488 0.02641580 -0.06819023
v 0.05212807 0.02850126 -0.06930500
v 0.05792446 0.03100768 -0.06817053
v 0.05628646 0.03367222 -0.06818891
v 0.04719308 0.03153357 -0.06979650
v 0.05058204 0.03619755 -0.06880723
v 0.04668248 0.03574822 -0.06943046
v 0.04802234 0.04489049 -0.06815615
v 0.04567707 0.04734261 -0.06814566
v 0.04526750 0.04246550 -0.06883223
v 0.04191430 0.04631138 -0.06875453
v 0.04318783 0.04959650 -0.06814642
v 0.03267326 0.05708414 -0.06814721
v 0.03236540 0.05040467 -0.06921092
v 0.03478028 0.05039924 -0.06897033
v 0.02892656 0.05459703 -0.06886684
v 0.02800541 0.05952192 -0.06814393
v 0.02673377 0.05859729 -0.06839126
v 0.02842138 0.04020257 -0.07112551
v 0.02920973 0.04476042 -0.07037356
v 0.02583177 0.04147016 -0.07117992
v 0.03098572 0.02698457 -0.07259940
v 0.02849373 0.02839287 -0.07273329
v 0.02797706 0.02274615 -0.07346184
v 0.03149844 0.01690126 -0.07349641
v 0.03029173 0.01883257 -0.07352038
v 0.02797666 0.01463627 -0.07423436
v 0.02797626 0.01835080 -0.07391145
v 0.02797877 0.01085592 -0.07448816
v 0.03150544 0.01016427 -0.07392362
v 0.02797954 0.00795990 -0.07461898
v 0.03627706 0.00626199 -0.07324401
v 0.03628532 0.00819101 -0.07318800
v 0.03626671 0.00433225 -0.07328682
v 0.02797928 0.00509749 -0.07469589
v 0.03140511 -0.00527569 -0.07415628
v 0.03503276 -0.00096533 -0.07354981
v 0.02797667 0.00064513 -0.07472868
v 0.03864699 0.00237872 -0.07290909
v 0.03124232 -0.02264731 -0.07407471
v 0.02797609 -0.01924113 -0.07472677
v 0.02797498 -0.02358494 -0.07472676
v 0.02797507 -0.02720474 -0.07472705
v 0.03003121 -0.02504899 -0.07429548
v 0.02862812 -0.04047533 -0.07450110
v 0.02799044 -0.03830354 -0.07472535
v 0.02797378 -0.04434315 -0.07472721
v 0.02796837 -0.05398389 -0.07472816
v 0.03726609 -0.06148310 -0.06893307
v 0.03374365 -0.06187779 -0.07112747
v 0.03827169 -0.06229461 -0.06830136
v 0.03844723 -0.05999359 -0.06828593
v 0.03767173 -0.05839914 -0.06887262
v 0.03729411 -0.05955157 -0.06899554
v 0.03899604 -0.05735168 -0.06828677
v 0.03990088 -0.05475805 -0.06827921
v 0.03852788 -0.05562557 -0.06876818
v 0.04136681 -0.05194629 -0.06828181
v 0.03989249 -0.05257236 -0.06870629
v 0.04076635 0.03151768 -0.07075214
v 0.03864143 0.02741465 -0.07149182
v 0.04034084 0.03025231 -0.07094888
v 0.04032191 0.02908621 -0.07107350
v 0.04183457 0.03268245 -0.07046960
v 0.04008601 0.03435720 -0.07052739
v 0.04314749 0.03329844 -0.07021264
v 0.04478120 0.03327889 -0.06997629
v 0.04606500 0.03275617 -0.06984284
v 0.04759532 0.03051192 -0.06983542
v 0.04766741 0.02932580 -0.06993459
v 0.04725558 0.02787162 -0.07013151
v 0.04499639 0.02611570 -0.07064148
v 0.04613896 0.02665317 -0.07041466
v 0.04219704 0.02643367 -0.07104855
v 0.03866937 0.02261181 -0.07193149
v 0.04368378 0.02596394 -0.07086022
v 0.04107695 0.02737397 -0.07113106
v 0.03596699 0.02335401 -0.07227708
v 0.05305021 0.01718479 -0.06994040
v 0.04610831 -0.02374862 -0.07113327
v 0.04603721 -0.02711666 -0.07093875
v 0.05146698 -0.02380069 -0.07010513
v 0.04838181 -0.02858254 -0.07036751
v 0.04820727 0.00131933 -0.07127500
v 0.04459090 -0.00250661 -0.07192109
v 0.05177703 -0.00064670 -0.07066216
v 0.05174233 -0.00450819 -0.07066282
v 0.04455500 -0.00636805 -0.07190946
v 0.04390850 -0.01094719 -0.07196268
v 0.05165521 -0.01223041 -0.07055774
v 0.04565581 -0.01458369 -0.07157300
v 0.04917235 -0.01895949 -0.07078695
v 0.05392161 -0.01996972 -0.06985295
v 0.04832980 -0.03050379 -0.07021346
v 0.04586595 0.01195514 -0.07141514
v 0.04944829 0.00999131 -0.07087226
v 0.04943682 0.00709768 -0.07096120
v 0.04942111 0.00420303 -0.07102402
v 0.04767862 -0.03241718 -0.07016260
v 0.04804151 -0.03852482 -0.06934304
v 0.04517488 -0.03622434 -0.07026656
v 0.04524278 -0.03431001 -0.07047153
v 0.02797744 -0.01050588 -0.07472689
v 0.03137099 -0.00913700 -0.07414723
v 0.03677517 -0.00701617 -0.07324311
v 0.03611602 -0.01304312 -0.07329404
v 0.03253071 -0.01300914 -0.07392330
v 0.03011934 -0.01539969 -0.07433937
v 0.03188599 -0.01782881 -0.07399777
v 0.03060820 -0.02674155 -0.07415354
v 0.03359596 -0.02459564 -0.07355941
v 0.03668088 -0.01594370 -0.07314890
v 0.03603759 -0.01979643 -0.07319194
v 0.03177271 -0.02843681 -0.07386463
v 0.03386573 -0.02664560 -0.07344909
v 0.03620724 -0.02846936 -0.07287657
v 0.04075453 -0.02321434 -0.07218146
v 0.04080787 -0.01984163 -0.07229921
v 0.03599928 -0.02268869 -0.07312644
v 0.04084812 -0.01694871 -0.07237574
v 0.03714601 -0.02558927 -0.07280460
v 0.04190247 -0.02563290 -0.07184593
v 0.03126159 -0.02071797 -0.07409093
v 0.04085802 -0.03235128 -0.07160632
v 0.03642987 -0.03231709 -0.07262212
v 0.03410738 -0.03037864 -0.07326761
v 0.02797586 -0.03183769 -0.07472695
v 0.02849260 -0.03516928 -0.07458165
v 0.02865905 -0.03082825 -0.07456154
v 0.02977996 -0.03854489 -0.07415308
v 0.02972717 -0.03541315 -0.07423238
v 0.03111409 -0.03493515 -0.07385977
v 0.03055511 -0.03228411 -0.07407200
v 0.03057329 -0.03035666 -0.07410503
v 0.03287345 -0.03421975 -0.07341018
v 0.03166918 -0.03710167 -0.07362083
v 0.03164467 -0.03902477 -0.07354431
v 0.02849998 -0.04626494 -0.07449698
v 0.02905252 -0.04384783 -0.07430387
v 0.03040458 -0.04143199 -0.07386394
v 0.03290182 -0.03229587 -0.07348301
v 0.03521533 -0.03423072 -0.07280412
v 0.03502371 -0.03638958 -0.07271146
v 0.03341444 -0.03686465 -0.07313240
v 0.03414996 -0.04285635 -0.07245319
v 0.03648837 -0.03891001 -0.07209533
v 0.03488844 -0.03914582 -0.07254235
v 0.03762850 -0.04166005 -0.07145338
v 0.03351242 -0.04573013 -0.07241706
v 0.03510807 -0.04834181 -0.07146130
v 0.02974596 -0.05106665 -0.07380962
v 0.02798691 -0.05096709 -0.07472521
v 0.03041737 -0.05297967 -0.07338526
v 0.02920064 -0.04963068 -0.07412156
v 0.03056823 -0.04804335 -0.07352573
v 0.03182158 -0.04682574 -0.07303466
v 0.03157769 -0.04970916 -0.07295182
v 0.03042130 -0.05490771 -0.07331379
v 0.03135116 -0.05741622 -0.07268649
v 0.03142630 -0.05151394 -0.07291792
v 0.03252352 -0.05629985 -0.07202882
v 0.03344483 -0.05989439 -0.07133567
v 0.03186455 -0.04382650 -0.07321311
v 0.03290709 -0.04801060 -0.07246631
v 0.03447358 -0.05097709 -0.07142211
v 0.03400145 -0.04835515 -0.07194307
v 0.03278442 -0.05076770 -0.07227898
v 0.03461008 -0.05348790 -0.07107467
v 0.03274100 -0.05340786 -0.07208232
v 0.03479004 -0.05606304 -0.07072861
v 0.03489665 -0.05834659 -0.07050272
v 0.04080406 -0.03426867 -0.07144865
v 0.03756375 -0.03424454 -0.07221821
v 0.03860673 -0.03867964 -0.07153352
v 0.03968740 -0.04095212 -0.07095478
v 0.03957962 -0.04333051 -0.07062209
v 0.03905309 -0.04522903 -0.07046421
v 0.04078127 -0.04523224 -0.06992815
v 0.04132346 -0.04333970 -0.07013238
v 0.04020621 -0.04759661 -0.06962688
v 0.04145188 -0.04072602 -0.07052786
v 0.03793365 -0.04760320 -0.07042982
v 0.03736727 -0.03616081 -0.07210906
v 0.03986171 -0.03617692 -0.07148460
v 0.04097136 -0.03809784 -0.07099746
v 0.04221860 -0.03619616 -0.07092738
v 0.04332685 -0.03811812 -0.07043649
v 0.04414527 -0.03142252 -0.07098846
v 0.04442472 -0.04003785 -0.06991412
v 0.04314331 -0.04216838 -0.06987811
v 0.04297913 -0.04501126 -0.06937601
v 0.04413199 -0.04738218 -0.06854541
v 0.04348629 -0.04914039 -0.06827785
v 0.04236629 -0.04760250 -0.06896097
v 0.03781267 -0.04997909 -0.07005871
v 0.03893049 -0.04996995 -0.06960922
v 0.03853566 -0.05199073 -0.06938061
v 0.04045159 -0.05043651 -0.06894257
v 0.04190986 -0.04996163 -0.06855357
v 0.03924270 -0.05424393 -0.06866483
v 0.03624378 -0.05477121 -0.07005758
v 0.03790352 -0.05713296 -0.06888362
v 0.03141162 0.05422174 -0.06870723
v 0.03016849 0.03549168 -0.07162011
v 0.02800106 0.03569085 -0.07181385
v 0.03097910 0.04085749 -0.07077417
v 0.02897469 0.04876044 -0.06978260
v 0.03110416 0.03033693 -0.07218791
v 0.03441304 0.03032001 -0.07176907
v 0.03226447 0.03439947 -0.07152974
v 0.03627212 0.03940481 -0.07038292
v 0.03429612 0.04084722 -0.07041416
v 0.03304190 0.04467460 -0.07000432
v 0.03786649 0.04465735 -0.06947025
v 0.03087580 0.02170944 -0.07317012
v 0.02966071 0.02363580 -0.07313964
v 0.03444557 0.02648478 -0.07218987
v 0.03497608 0.03414759 -0.07122862
v 0.03205715 0.02458120 -0.07271843
v 0.03449538 0.01639554 -0.07306213
v 0.03868173 0.01924597 -0.07219400
v 0.03928548 0.01683476 -0.07226091
v 0.03741808 0.03030122 -0.07136166
v 0.03885454 0.03723815 -0.07034048
v 0.03716676 0.05424929 -0.06814771
v 0.04240102 0.04320022 -0.06911233
v 0.04945962 0.01866471 -0.07046171
v 0.03987991 0.01008515 -0.07250807
v 0.03982977 0.00043659 -0.07272647
v 0.04085284 0.02859922 -0.07076599
v 0.04082553 0.02868654 -0.06667948
v 0.04068345 0.02945226 -0.07069562
v 0.04068940 0.02944447 -0.06667948
v 0.04104748 0.02815342 -0.06667948
v 0.04112691 0.02800077 -0.07078702
v 0.04135127 0.02766166 -0.06667947
v 0.04152894 0.02744096 -0.07077969
v 0.04188757 0.02710880 -0.06667946
v 0.04216883 0.02690520 -0.07072583
v 0.04253921 0.02669862 -0.06667947
v 0.04269325 0.02663030 -0.07066543
v 0.04326826 0.02645015 -0.06667947
v 0.04327227 0.02645273 -0.07057994
v 0.04395176 0.02638115 -0.07046376
v 0.04441961 0.02641804 -0.06667948
v 0.04384269 0.02638866 -0.06667947
v 0.04455855 0.02644199 -0.07035500
v 0.04516320 0.02661891 -0.06667947
v 0.04520657 0.02663828 -0.07021672
v 0.04583713 0.02699220 -0.06667947
v 0.04573896 0.02692711 -0.07009650
v 0.04640533 0.02751203 -0.06667948
v 0.04619687 0.02728823 -0.06998046
v 0.04664384 0.02782552 -0.06984483
v 0.04702020 0.02856801 -0.06970331
v 0.04683549 0.02815081 -0.06667948
v 0.04717126 0.02925059 -0.06960535
v 0.04710360 0.02887274 -0.06667948
v 0.04718386 0.02988729 -0.06953590
v 0.04719464 0.02963745 -0.06667948
v 0.04710352 0.03040216 -0.06667948
v 0.04708880 0.03046991 -0.06949143
v 0.04683532 0.03112399 -0.06667948
v 0.04678447 0.03123580 -0.06945754
v 0.04640457 0.03176207 -0.06667947
v 0.04612343 0.03205978 -0.06947719
v 0.04583676 0.03228188 -0.06667947
v 0.04522653 0.03263867 -0.06955897
v 0.04516305 0.03265507 -0.06667947
v 0.04441962 0.03285564 -0.06667947
v 0.04438566 0.03286228 -0.06967320
v 0.04359521 0.03287672 -0.06980193
v 0.04367403 0.03288332 -0.06667948
v 0.04289629 0.03272190 -0.06667947
v 0.04306074 0.03277015 -0.06990277
v 0.04234747 0.03248398 -0.07005412
v 0.04220051 0.03239110 -0.06667947
v 0.04152229 0.03183169 -0.07027305
v 0.04160344 0.03190456 -0.06667947
v 0.04113598 0.03129276 -0.06667947
v 0.04095333 0.03096006 -0.07047153
v 0.04089238 0.03076888 -0.06667947
v 0.04073525 0.03021304 -0.06667948
v 0.04072513 0.03015991 -0.07060578
v -0.04441885 0.03285161 -0.06667947
v -0.04705234 0.03058749 -0.06667948
v -0.04381872 0.03289325 -0.06667946
v -0.04567712 0.03239007 -0.06667947
v -0.04498189 0.03272132 -0.06667947
v -0.04627512 0.03190481 -0.06667947
v -0.04674161 0.03129228 -0.06667947
v -0.04716618 0.02925284 -0.06667948
v -0.04705174 0.02868665 -0.06667948
v -0.04718838 0.02983014 -0.06667948
v -0.04627493 0.02736949 -0.06667947
v -0.04674216 0.02798171 -0.06667948
v -0.04567666 0.02688477 -0.06667947
v -0.04441884 0.02642285 -0.06667947
v -0.04498185 0.02655305 -0.06667947
v -0.04308071 0.02649595 -0.06667947
v -0.04384260 0.02638358 -0.06667947
v -0.04236747 0.02678660 -0.06667947
v -0.04135571 0.02766513 -0.06667948
v -0.04174164 0.02723507 -0.06667947
v -0.04077361 0.02887242 -0.06667947
v -0.04104309 0.02815087 -0.06667948
v -0.04068334 0.02963745 -0.06667948
v -0.04104269 0.03112404 -0.06667947
v -0.04077449 0.03040215 -0.06667948
v -0.04147309 0.03176248 -0.06667947
v -0.04189121 0.03216093 -0.06667947
v -0.04236739 0.03248840 -0.06667947
v -0.04308106 0.03277778 -0.06667947
v -0.04598388 0.03217753 -0.06968120
v -0.04524389 0.03261972 -0.06976408
v -0.04450835 0.03284084 -0.06987489
v -0.04259577 0.03260143 -0.07026111
v -0.04199942 0.03225212 -0.07041365
v -0.04110428 0.03122859 -0.07070335
v -0.04085687 0.03068535 -0.07081445
v -0.04069832 0.02993567 -0.07093222
v -0.04069876 0.02937432 -0.07099736
v -0.04084346 0.02862209 -0.07105373
v -0.04719862 0.02957074 -0.06974750
v -0.04710021 0.02886572 -0.06984369
v -0.04690072 0.02828421 -0.06994390
v -0.04658203 0.02773821 -0.07006010
v -0.04602600 0.02712787 -0.07022833
v -0.04527844 0.02666986 -0.07041825
v -0.04466681 0.02646639 -0.07055489
v -0.04381631 0.02637698 -0.07073067
v -0.04309383 0.02649551 -0.07085423
v -0.04249481 0.02671983 -0.07094765
v -0.04196899 0.02704447 -0.07101312
v -0.04149773 0.02748634 -0.07105502
v -0.04110736 0.02803197 -0.07107241
v -0.04141717 0.03169790 -0.07058696
v -0.04316424 0.03280242 -0.07013057
v -0.04386310 0.03289292 -0.06999055
v -0.04657352 0.03155423 -0.06964635
v -0.04691431 0.03095939 -0.06965016
v -0.04711438 0.03035377 -0.06968093
v 0.03845917 -0.06431929 -0.06796755
v 0.03845605 -0.07162553 -0.06786132
v 0.03840637 -0.07964681 -0.06740934
v 0.03834175 -0.08488099 -0.06682336
v 0.03846154 -0.06231314 -0.06791659
v -0.04634096 -0.04675861 -0.06794976
v -0.04696677 -0.04613375 -0.06781732
v -0.04531748 -0.04774714 -0.06781926
v -0.04805574 -0.04500315 -0.06787684
v -0.04921253 -0.04374023 -0.06783955
v -0.05007340 -0.04275551 -0.06780355
v -0.05120343 -0.04140142 -0.06793543
v -0.05158886 -0.04092025 -0.06779651
v -0.05239539 -0.03988601 -0.06785846
v -0.05306555 -0.03899232 -0.06779035
v -0.05422970 -0.03736771 -0.06781793
v -0.05523651 -0.03586792 -0.06778139
v -0.05697045 -0.03305886 -0.06780724
v -0.05611293 -0.03448712 -0.06787063
v -0.05794458 -0.03133217 -0.06780374
v -0.05895762 -0.02939117 -0.06776522
v -0.05959717 -0.02807742 -0.06782935
v -0.06024377 -0.02666930 -0.06775928
v -0.06087752 -0.02519743 -0.06775622
v -0.06164721 -0.02326858 -0.06778684
v -0.06233299 -0.02138045 -0.06778293
v -0.06274790 -0.02013417 -0.06774655
v -0.06314515 -0.01886039 -0.06781048
v -0.06377936 -0.01662144 -0.06777532
v -0.06422687 -0.01481176 -0.06777178
v -0.06458496 -0.01318626 -0.06773538
v -0.06486025 -0.01176877 -0.06780181
v -0.06519013 -0.00981465 -0.06779965
v -0.06539972 -0.00833710 -0.06776253
v -0.06558684 -0.00673085 -0.06772707
v -0.06575116 -0.00495104 -0.06772511
v -0.06588984 -0.00266096 -0.06775737
v -0.06593808 -0.00106273 -0.06786345
v -0.06594731 0.00086172 -0.06771938
v -0.06590080 0.00264290 -0.06778808
v -0.06575594 0.00517441 -0.06774997
v -0.06584075 0.00390218 -0.06771658
v -0.06559633 0.00695459 -0.06778370
v -0.06547248 0.00805911 -0.06771302
v -0.06524122 0.00979204 -0.06777884
v -0.06509619 0.01072815 -0.06771089
v -0.06472746 0.01280485 -0.06774455
v -0.06433766 0.01464343 -0.06770798
v -0.06378538 0.01690216 -0.06770641
v -0.06401452 0.01601365 -0.06777559
v -0.06330031 0.01866369 -0.06773875
v -0.06268892 0.02063503 -0.06770400
v -0.06220362 0.02206201 -0.06773826
v -0.06090127 0.02546416 -0.06773597
v -0.06158227 0.02375316 -0.06773650
v -0.05993042 0.02769024 -0.06773423
v -0.05907905 0.02946627 -0.06773287
v -0.05831255 0.03096733 -0.06769852
v -0.05744022 0.03255887 -0.06783050
v -0.05676001 0.03373997 -0.06773112
v -0.05590145 0.03515137 -0.06773073
v -0.05511384 0.03637661 -0.06769609
v -0.05429621 0.03758982 -0.06783736
v -0.05353495 0.03866937 -0.06769509
v -0.05260605 0.03993101 -0.06783608
v -0.05173007 0.04106565 -0.06772806
v -0.05023308 0.04289144 -0.06772618
v -0.04857224 0.04477253 -0.06772673
v -0.04696184 0.04646142 -0.06775844
v -0.04607672 0.04734250 -0.06769111
v -0.04482043 0.04853885 -0.06772453
v -0.04351097 0.04971805 -0.06772336
v -0.04227133 0.05078053 -0.06783591
v -0.04112571 0.05171452 -0.06768888
v -0.03996970 0.05261489 -0.06782875
v -0.03850317 0.05370013 -0.06772210
v -0.03725908 0.05457374 -0.06768759
v -0.03564563 0.05564589 -0.06772114
v -0.03359018 0.05691705 -0.06772035
v -0.03199497 0.05782872 -0.06768667
v -0.03100781 0.05836222 -0.06775139
v -0.02921536 0.05928782 -0.06772064
v -0.02752588 0.06008868 -0.06768529
v -0.02622251 0.06067277 -0.06771647
v -0.02436061 0.06144568 -0.06771654
v -0.02251046 0.06214604 -0.06774943
v -0.02101027 0.06267367 -0.06768076
v -0.01947237 0.06316785 -0.06774797
v -0.01819009 0.06354998 -0.06767886
v -0.01667023 0.06396776 -0.06771133
v -0.01454279 0.06448748 -0.06771020
v -0.01271034 0.06487206 -0.06767548
v -0.01123045 0.06514401 -0.06781406
v -0.00998033 0.06534715 -0.06767394
v -0.00795563 0.06562882 -0.06770608
v -0.00567051 0.06586627 -0.06770600
v -0.00371947 0.06600317 -0.06773800
v -0.00238086 0.06606637 -0.06767030
v -0.00105142 0.06609954 -0.06766975
v -0.03847371 -0.06199398 -0.06801256
v -0.03860013 -0.06043722 -0.06791738
v -0.03845976 -0.06261866 -0.06793108
v -0.03877267 -0.05930417 -0.06788420
v -0.03893101 -0.05851265 -0.06800933
v -0.03913769 -0.05767211 -0.06790395
v -0.03940943 -0.05673340 -0.06802475
v -0.03979792 -0.05564344 -0.06789147
v -0.04017698 -0.05472352 -0.06788593
v -0.04077448 -0.05349492 -0.06789460
v -0.04142541 -0.05235307 -0.06787422
v -0.04187252 -0.05165993 -0.06800009
v -0.04242410 -0.05088490 -0.06783757
v -0.04296424 -0.05019253 -0.06789285
v -0.04351205 -0.04955050 -0.06783113
v -0.04433389 -0.04867626 -0.06787060
v -0.03846007 -0.06683921 -0.06790392
v -0.02634619 0.00098855 -0.07491442
v -0.00000490 0.00102363 -0.07637938
v -0.00167153 0.00102404 -0.07637396
v -0.01729635 0.00050451 -0.07574983
v -0.01548818 0.00000005 -0.07587411
v -0.01392345 0.00000005 -0.07597110
v -0.01235811 0.00000005 -0.07605778
v -0.01104361 0.00256918 -0.07612295
v -0.00922589 0.00000005 -0.07620015
v -0.00765914 0.00000005 -0.07625584
v -0.00609206 0.00000005 -0.07630118
v -0.00452471 0.00000004 -0.07633620
v -0.00294256 0.00257672 -0.07636137
v -0.02469507 0.00099306 -0.07509271
v -0.02304533 0.00151787 -0.07525935
v -0.02173969 0.00000006 -0.07538296
v -0.01939698 0.00000006 -0.07558732
v 0.02636250 0.00097130 -0.07491357
v 0.02797651 -0.06705751 -0.07472701
v 0.02797593 -0.07155623 -0.07472709
v 0.00164034 0.00102279 -0.07637350
v 0.00350167 0.00102154 -0.07635359
v 0.00495695 0.00101987 -0.07632723
v 0.00739428 0.00050891 -0.07626591
v 0.01061525 0.00101240 -0.07614288
v 0.01227439 0.00100909 -0.07606239
v 0.01402104 0.00100538 -0.07596566
v 0.01577805 0.00100131 -0.07585536
v 0.01732989 0.00099692 -0.07574658
v 0.01995751 0.00098980 -0.07554190
v 0.02306174 0.00049111 -0.07525948
v 0.02452244 0.00097683 -0.07511156
v -0.03833414 -0.08488571 -0.06697414
v -0.03840389 -0.07979669 -0.06758228
v -0.03844575 -0.07407059 -0.06794115
v 0.04240733 -0.05091035 -0.06787022
v 0.04297229 -0.05018406 -0.06783656
v 0.04369893 -0.04934219 -0.06786133
v 0.04189212 -0.05163381 -0.06787378
v 0.04125512 -0.05263390 -0.06789293
v 0.04066782 -0.05370206 -0.06791081
v 0.04030665 -0.05443828 -0.06801388
v 0.03997663 -0.05519497 -0.06786226
v 0.03964313 -0.05604723 -0.06801971
v 0.03926381 -0.05721975 -0.06792892
v 0.03902328 -0.05811844 -0.06790668
v 0.03881168 -0.05908885 -0.06791066
v 0.03865782 -0.06002117 -0.06791516
v 0.03853642 -0.06106493 -0.06792127
v 0.03572989 -0.08640764 -0.06874762
v 0.03266032 -0.08820180 -0.07097556
v 0.02985912 -0.08983906 -0.07317443
v 0.03824794 -0.08493540 -0.06705146
v -0.03823350 -0.07791038 -0.06801388
v -0.03569996 -0.07656099 -0.06975143
v -0.03821081 -0.07554732 -0.06817911
v -0.03441291 -0.07370826 -0.07066138
v -0.03822413 -0.07013217 -0.06831812
v -0.03828596 -0.07352209 -0.06821021
v -0.02919878 -0.08764620 -0.07377832
v -0.02996014 -0.08978003 -0.07309559
v -0.03276096 -0.08221973 -0.07141944
v -0.03178569 -0.08314993 -0.07205045
v -0.03307457 -0.08382912 -0.07108428
v -0.03049223 -0.08462081 -0.07291147
v -0.03242139 -0.08530586 -0.07144482
v -0.03177350 -0.08593901 -0.07188449
v -0.03145147 -0.08673889 -0.07207657
v -0.03017902 -0.08053554 -0.07325199
v -0.03180660 -0.07626211 -0.07226878
v -0.03115424 -0.07783201 -0.07265976
v -0.03179954 -0.07906162 -0.07220592
v -0.03051448 -0.07397934 -0.07312536
v -0.03827498 -0.06723271 -0.06829901
v -0.03439727 -0.07794762 -0.07054123
v -0.03503647 -0.07915105 -0.07005206
v -0.03818725 -0.07952104 -0.06790287
v -0.03567204 -0.08096708 -0.06948759
v -0.03821093 -0.08085140 -0.06773745
v -0.03827274 -0.08234850 -0.06749097
v -0.03565397 -0.08305736 -0.06928761
v -0.03817456 -0.08355325 -0.06736661
v -0.03435454 -0.08449399 -0.07007763
v -0.03466282 -0.08591250 -0.06966449
v -0.03658041 -0.08591050 -0.06815893
v -0.03364999 -0.08762331 -0.07024571
v -0.03112491 -0.08775850 -0.07225903
v -0.03214192 -0.08850481 -0.07137893
v -0.03308733 -0.08095566 -0.07126449
v -0.03311737 -0.07037679 -0.07151193
v 0.03829637 -0.06562905 -0.06828620
v 0.03246326 -0.07304389 -0.07190023
v 0.03375907 -0.07467345 -0.07105424
v 0.03180683 -0.07612487 -0.07227195
v 0.03310221 -0.07687590 -0.07141987
v 0.03374678 -0.07788697 -0.07096601
v 0.03374427 -0.07895391 -0.07092506
v 0.03050211 -0.08060034 -0.07303160
v 0.03114238 -0.08161720 -0.07256257
v 0.02984270 -0.08768224 -0.07327794
v 0.03563418 -0.08536974 -0.06899473
v 0.03306100 -0.08523459 -0.07097016
v 0.03242143 -0.08474068 -0.07148999
v 0.03818935 -0.08351433 -0.06736251
v 0.03564980 -0.08359262 -0.06922767
v 0.03501417 -0.08283839 -0.06977655
v 0.03818655 -0.08195420 -0.06761260
v 0.03404985 -0.08201110 -0.07053006
v 0.03438595 -0.07973802 -0.07045174
v 0.03567429 -0.08065023 -0.06951384
v 0.03821373 -0.08025513 -0.06780612
v 0.03822441 -0.07874509 -0.06795108
v 0.03820244 -0.07698074 -0.06810092
v 0.03823719 -0.07511364 -0.06818181
v 0.03825323 -0.07326160 -0.06824207
v 0.03824917 -0.07042231 -0.06829749
v 0.03311729 -0.07042088 -0.07151165
v 0.03049545 -0.08343793 -0.07295368
v 0.03178021 -0.08391666 -0.07201061
v 0.03048705 -0.08648819 -0.07283176
v 0.03192925 -0.08722801 -0.07166229
v 0.03346172 -0.08633978 -0.07055321
v 0.00419490 0.04274254 -0.07235130
v 0.00774794 0.04838264 -0.07126379
v 0.00420564 0.04843690 -0.07137171
v 0.02318892 0.06149994 -0.06815303
v -0.02631958 0.01342739 -0.07464307
v -0.01379541 0.06430575 -0.06815791
v -0.01900381 0.06300458 -0.06814795
v -0.01500388 0.06205850 -0.06856674
v -0.02113268 0.06095576 -0.06843410
v -0.01850628 0.06200758 -0.06838745
v -0.02342149 0.06142777 -0.06816760
v -0.02375150 0.05887911 -0.06866755
v -0.02548317 0.05067737 -0.07013275
v -0.02548350 0.04657840 -0.07087655
v -0.02635257 0.03626179 -0.07244168
v -0.02635452 0.02953531 -0.07331745
v -0.02545951 0.01655251 -0.07458398
v -0.02017026 0.00304773 -0.07552055
v 0.00920941 0.00307004 -0.07619769
v 0.02541091 0.00403255 -0.07500084
v 0.02542002 0.00611622 -0.07496308
v 0.02542718 0.00819892 -0.07489862
v 0.02543225 0.01028045 -0.07480562
v 0.02543533 0.01236064 -0.07468457
v 0.02543728 0.01547842 -0.07445764
v 0.02543491 0.01962996 -0.07407460
v 0.02586800 0.02377344 -0.07357569
v 0.02541249 0.04548230 -0.07060502
v 0.02541866 0.04960309 -0.06995774
v 0.02542834 0.05371947 -0.06929405
v 0.02017279 0.05790746 -0.06896421
v 0.02368848 0.05837074 -0.06865247
v 0.01872786 0.06312073 -0.06812569
v 0.02019985 0.06200093 -0.06824657
v 0.01668977 0.06203838 -0.06843042
v 0.01515625 0.06403396 -0.06813844
v 0.01317385 0.06207404 -0.06858353
v 0.00987996 0.06260990 -0.06860342
v 0.01106758 0.06484599 -0.06814218
v 0.00791122 0.06532130 -0.06813986
v 0.00301826 0.06572860 -0.06814448
v 0.00614365 0.06313761 -0.06860111
v 0.00129249 0.06315447 -0.06866545
v -0.00199071 0.06581397 -0.06813300
v -0.02376425 0.04250777 -0.07172503
v -0.02463010 0.03836134 -0.07230559
v -0.02376991 0.03527438 -0.07284129
v -0.02463161 0.03215065 -0.07318330
v -0.02548667 0.05476538 -0.06934931
v -0.02026971 0.05793641 -0.06911332
v -0.02288378 0.05482717 -0.06954797
v -0.02028289 0.05387150 -0.06991930
v -0.01680913 0.05395130 -0.07010762
v -0.00840221 0.06312158 -0.06858548
v -0.00668894 0.06039814 -0.06917233
v -0.00583083 0.06558012 -0.06813538
v -0.00267644 0.06315196 -0.06866612
v 0.00773701 0.04269188 -0.07222855
v 0.01128500 0.03847573 -0.07273223
v 0.01128271 0.04418385 -0.07181396
v 0.00774216 0.03853154 -0.07290270
v 0.01129694 0.03431138 -0.07336773
v 0.00775627 0.03436008 -0.07354539
v 0.00068207 0.03442820 -0.07377183
v 0.00154821 0.03860269 -0.07310222
v -0.00109955 0.03861818 -0.07314966
v 0.00065879 0.04277651 -0.07243317
v 0.00421679 0.03440049 -0.07368089
v 0.00420099 0.03857754 -0.07303327
v 0.00066384 0.04692455 -0.07171515
v 0.00067566 0.05001890 -0.07115974
v 0.02188895 0.03830696 -0.07199991
v 0.02453467 0.03413556 -0.07236737
v 0.02453111 0.03827039 -0.07177180
v 0.02188760 0.04140895 -0.07153072
v 0.01835825 0.04094898 -0.07187991
v 0.02189043 0.04553922 -0.07088832
v 0.01836117 0.04560119 -0.07114216
v 0.02189853 0.04966176 -0.07022744
v 0.01837142 0.04972449 -0.07046721
v 0.01483772 0.04979127 -0.07067557
v 0.01482545 0.04566748 -0.07136426
v 0.01129739 0.04986138 -0.07085028
v 0.00070536 0.05411412 -0.07040497
v 0.00423995 0.05408073 -0.07034897
v 0.00778062 0.05402822 -0.07025751
v 0.01132251 0.05396370 -0.07013103
v 0.00253591 0.05916084 -0.06942761
v -0.00099335 0.05917559 -0.06945395
v 0.00605497 0.05811938 -0.06955488
v 0.00959257 0.05806888 -0.06945793
v -0.00281990 0.05412466 -0.07042458
v -0.00452303 0.05866918 -0.06954207
v 0.01482386 0.03997337 -0.07228251
v 0.01836167 0.03732271 -0.07243425
v 0.02191194 0.05377595 -0.06954934
v 0.01838898 0.05383513 -0.06977493
v 0.01485947 0.05389747 -0.06996955
v 0.01665328 0.05795892 -0.06916079
v 0.01312688 0.05801259 -0.06932631
v 0.02629768 0.02998127 -0.07275909
v 0.02366195 0.03000501 -0.07301766
v 0.01837022 0.03317345 -0.07304423
v 0.02189324 0.03468390 -0.07252971
v 0.01483468 0.03426058 -0.07315003
v 0.02454853 0.02585454 -0.07346428
v 0.02191568 0.00405313 -0.07535043
v 0.02192338 0.00613606 -0.07531416
v 0.02192910 0.00821815 -0.07525172
v 0.02193268 0.01029927 -0.07516095
v 0.02193421 0.01237931 -0.07504192
v 0.02193394 0.01445820 -0.07489614
v 0.02193114 0.01757473 -0.07463479
v 0.02192306 0.02172627 -0.07420952
v 0.02103359 0.02588237 -0.07380041
v 0.02014145 0.03004034 -0.07333435
v 0.01573218 0.03009045 -0.07368308
v 0.01219907 0.03013228 -0.07391678
v 0.00866210 0.03017379 -0.07410839
v 0.00512481 0.03020976 -0.07425629
v 0.00070783 0.03024047 -0.07437582
v -0.00284506 0.03444104 -0.07381789
v -0.00286811 0.04279098 -0.07247364
v -0.00286243 0.04693852 -0.07174894
v -0.00285006 0.05003191 -0.07118791
v -0.02367417 0.00563374 -0.07517155
v -0.02369297 0.00979728 -0.07508664
v -0.02628853 0.00536056 -0.07488620
v -0.02630549 0.00952460 -0.07479167
v -0.02018358 0.00617022 -0.07549568
v -0.02194033 0.00824410 -0.07530110
v -0.02370340 0.01239891 -0.07499358
v -0.01668098 0.00514346 -0.07578163
v -0.02328082 0.01552289 -0.07489298
v -0.02020318 0.01033347 -0.07540809
v -0.01844462 0.00825918 -0.07560554
v -0.01361598 0.00515366 -0.07597662
v -0.02021321 0.01241510 -0.07533525
v -0.01494315 0.00827218 -0.07585111
v -0.01670495 0.01034799 -0.07568327
v -0.02022336 0.01449691 -0.07524129
v -0.02372786 0.01864231 -0.07464746
v -0.00791087 0.00308477 -0.07624528
v -0.01671609 0.01243039 -0.07561040
v -0.02023384 0.01657921 -0.07512528
v -0.02373654 0.02072412 -0.07448951
v -0.02634700 0.02356681 -0.07394226
v -0.02461502 0.02357967 -0.07414477
v -0.02024512 0.01866254 -0.07498625
v -0.01672791 0.01451341 -0.07551522
v -0.01320103 0.01036032 -0.07589952
v -0.01143684 0.00828253 -0.07604156
v -0.00967383 0.00620419 -0.07615363
v -0.02288154 0.02385369 -0.07430133
v -0.02025720 0.02074714 -0.07482393
v -0.01674054 0.01659743 -0.07539664
v -0.01321281 0.01244366 -0.07582454
v -0.00527835 0.00308779 -0.07631698
v -0.00616292 0.00620947 -0.07626805
v -0.00792658 0.00828977 -0.07617908
v -0.00969849 0.01141208 -0.07602669
v -0.01322581 0.01452802 -0.07572636
v -0.01675431 0.01868300 -0.07525379
v -0.02026930 0.02283255 -0.07463922
v -0.01324003 0.01661376 -0.07560384
v -0.01676909 0.02077033 -0.07508669
v -0.02028627 0.02596154 -0.07432490
v -0.02289638 0.02801743 -0.07386079
v -0.02462551 0.02747889 -0.07374638
v -0.00264962 0.00621135 -0.07633094
v -0.00441326 0.00829358 -0.07626460
v -0.00617971 0.01037576 -0.07616777
v -0.00971778 0.01453949 -0.07587899
v -0.01325565 0.01870142 -0.07545628
v -0.01678409 0.02285898 -0.07489645
v -0.02290513 0.03217583 -0.07334658
v -0.02030356 0.03013080 -0.07383404
v -0.01680556 0.02599373 -0.07457289
v -0.01327245 0.02079118 -0.07528397
v -0.00973289 0.01662666 -0.07575147
v -0.00619123 0.01246061 -0.07608420
v 0.00086640 0.00516887 -0.07635935
v 0.00350222 0.00516553 -0.07633242
v 0.00613782 0.00516021 -0.07627914
v 0.01315842 0.00409654 -0.07600010
v 0.01579044 0.00512609 -0.07582662
v 0.01841543 0.00407206 -0.07564939
v -0.02288896 0.05074332 -0.07033288
v -0.02289560 0.04664331 -0.07108257
v -0.02204400 0.03841352 -0.07252563
v -0.01329823 0.02392928 -0.07498460
v -0.00974966 0.01871595 -0.07559851
v -0.00620468 0.01454688 -0.07597616
v -0.00266415 0.01037798 -0.07622290
v -0.00089781 0.00829379 -0.07629845
v 0.00965114 0.00619121 -0.07613960
v 0.01316188 0.00617836 -0.07596788
v 0.01842155 0.00615440 -0.07561473
v -0.02029256 0.05080871 -0.07050744
v -0.02030399 0.04670684 -0.07126147
v -0.02031254 0.04258536 -0.07197873
v -0.02031363 0.03429384 -0.07327312
v -0.01682904 0.03017189 -0.07406868
v -0.00977723 0.02185470 -0.07532559
v -0.00621998 0.01663491 -0.07584291
v -0.00267480 0.01246305 -0.07613391
v 0.00261877 0.00829035 -0.07627989
v 0.00613536 0.00828338 -0.07620911
v 0.00965069 0.00827313 -0.07608607
v 0.01316330 0.00825999 -0.07591167
v 0.01579606 0.00928936 -0.07571027
v 0.01842565 0.00823611 -0.07555459
v -0.01858558 0.03847819 -0.07276377
v -0.01332946 0.02811473 -0.07450777
v -0.00623713 0.01872513 -0.07568412
v -0.00268755 0.01454954 -0.07601994
v 0.00085335 0.01037623 -0.07622583
v 0.00348806 0.01141479 -0.07614990
v 0.00613079 0.01036632 -0.07613330
v 0.00964796 0.01035531 -0.07600661
v 0.01316249 0.01034148 -0.07582875
v 0.01842759 0.01031714 -0.07546660
v -0.01682906 0.04986585 -0.07088583
v -0.01684042 0.04678424 -0.07145308
v -0.01684991 0.04265568 -0.07217766
v -0.01684473 0.03434481 -0.07349452
v -0.00981349 0.02604348 -0.07487929
v -0.00626551 0.02186535 -0.07540258
v -0.00270233 0.01663773 -0.07588056
v 0.00084400 0.01246106 -0.07613132
v 0.00612392 0.01244998 -0.07603125
v 0.00964299 0.01243783 -0.07590014
v 0.01315949 0.01242286 -0.07571823
v 0.01711147 0.01240431 -0.07545615
v -0.01678463 0.05800781 -0.06930551
v -0.01335279 0.04993500 -0.07102747
v -0.01336556 0.04684989 -0.07159558
v -0.01337467 0.04271469 -0.07232437
v -0.01511446 0.03853472 -0.07294463
v -0.01336692 0.03543149 -0.07349939
v -0.01335406 0.03229833 -0.07395679
v -0.00984514 0.03023347 -0.07435443
v -0.00630331 0.02605625 -0.07494599
v -0.00271913 0.01872800 -0.07571575
v -0.00274714 0.02186810 -0.07542558
v 0.00081878 0.01663473 -0.07586580
v 0.00083244 0.01454715 -0.07601131
v 0.00434193 0.01662611 -0.07580041
v 0.00435398 0.01453983 -0.07595182
v 0.00786548 0.01661245 -0.07568434
v 0.00787558 0.01452803 -0.07584114
v 0.01138765 0.01659499 -0.07551841
v 0.01139559 0.01451271 -0.07567993
v 0.01490666 0.01657552 -0.07530317
v 0.01491239 0.01449525 -0.07546866
v 0.01842175 0.01655563 -0.07503867
v 0.01842540 0.01447690 -0.07520717
v -0.01332768 0.05402105 -0.07024999
v -0.01163002 0.03857960 -0.07307110
v 0.00080304 0.01872413 -0.07569500
v 0.00432785 0.01871377 -0.07562391
v 0.00785351 0.01869771 -0.07550269
v 0.01137805 0.01867756 -0.07533234
v 0.01489943 0.01865559 -0.07511362
v 0.01841671 0.01863370 -0.07484682
v -0.01329381 0.05807161 -0.06945282
v -0.00986472 0.04998808 -0.07112352
v -0.00987788 0.04689961 -0.07169108
v -0.00988591 0.04275874 -0.07242116
v -0.00986887 0.03441966 -0.07376248
v -0.00633679 0.03024874 -0.07441296
v -0.00278489 0.02605877 -0.07495929
v 0.00078560 0.02081545 -0.07549997
v 0.00431211 0.02080294 -0.07542364
v 0.00784003 0.02078398 -0.07529781
v 0.01136154 0.02180294 -0.07501390
v 0.01488672 0.02177633 -0.07479112
v 0.01840745 0.02175057 -0.07452231
v -0.01149587 0.06210295 -0.06870213
v -0.00979542 0.05812307 -0.06955750
v -0.00983644 0.05407586 -0.07034889
v -0.00636384 0.05002128 -0.07117639
v -0.00637675 0.04692994 -0.07174157
v -0.00638350 0.04278483 -0.07247024
v -0.00813225 0.03860980 -0.07314584
v -0.00636254 0.03443797 -0.07381539
v -0.00281868 0.03025128 -0.07441931
v 0.00076738 0.02290837 -0.07528269
v 0.00074045 0.02605045 -0.07492140
v 0.00384590 0.02394244 -0.07509834
v 0.00693559 0.02392299 -0.07499245
v 0.00868762 0.02599726 -0.07466104
v 0.01222038 0.02596387 -0.07446954
v 0.01574929 0.02593024 -0.07423362
v -0.00960422 0.06515810 -0.06812735
v -0.00633402 0.05411144 -0.07040645
v -0.00462169 0.03862306 -0.07317124
v 0.00381342 0.02812772 -0.07458097
v 0.01838902 0.02694356 -0.07389335
v -0.02194798 -0.07740760 -0.07492024
v -0.02148666 -0.07711645 -0.07057948
v -0.02145942 -0.07710357 -0.07497379
v -0.01857363 -0.07707871 -0.07525218
v -0.01787463 -0.07754642 -0.07057948
v -0.01782959 -0.07758579 -0.07531275
v -0.01956671 -0.08323776 -0.07515042
v -0.01904912 -0.08312626 -0.07057947
v -0.01980707 -0.08326242 -0.07057947
v -0.01895820 -0.08309700 -0.07520624
v -0.01834460 -0.08281560 -0.07057947
v -0.01831147 -0.08279832 -0.07526097
v -0.01772360 -0.08234223 -0.07531378
v -0.01787815 -0.08247468 -0.07057947
v -0.01747199 -0.08206401 -0.07057947
v -0.01733209 -0.08187527 -0.07534499
v -0.01706114 -0.08141278 -0.07057947
v -0.01704129 -0.08137135 -0.07537010
v -0.01686476 -0.08086942 -0.07057947
v -0.01682531 -0.08072975 -0.07538737
v -0.01675755 -0.08030181 -0.07057948
v -0.01673856 -0.07989784 -0.07539513
v -0.01676267 -0.07972418 -0.07057948
v -0.01685909 -0.07915487 -0.07057948
v -0.01687665 -0.07908554 -0.07538805
v -0.01706574 -0.07861505 -0.07057948
v -0.01730193 -0.07818215 -0.07535462
v -0.01735416 -0.07811414 -0.07057948
v -0.01851403 -0.07711782 -0.07057948
v -0.01923510 -0.07684761 -0.07057947
v -0.01929693 -0.07683530 -0.07518421
v -0.01995891 -0.07675741 -0.07512456
v -0.01995191 -0.07675498 -0.07057947
v -0.02076476 -0.07684787 -0.07057947
v -0.02076062 -0.07684323 -0.07504468
v -0.02243434 -0.07784818 -0.07486932
v -0.02212537 -0.07754672 -0.07057948
v -0.02264515 -0.07811497 -0.07057948
v -0.02291032 -0.07853971 -0.07481519
v -0.02321376 -0.07947522 -0.07477737
v -0.02301713 -0.07878932 -0.07057948
v -0.02325363 -0.07991644 -0.07057948
v -0.02318014 -0.07934335 -0.07057948
v -0.02324732 -0.08024149 -0.07477704
v -0.02318514 -0.08068326 -0.07057948
v -0.02315168 -0.08082643 -0.07478741
v -0.02293862 -0.08141261 -0.07057947
v -0.02291967 -0.08145247 -0.07481329
v -0.02264041 -0.08190746 -0.07057947
v -0.02255951 -0.08202296 -0.07485140
v -0.02226718 -0.08234834 -0.07057947
v -0.02203933 -0.08256042 -0.07490528
v -0.02165535 -0.08281577 -0.07057947
v -0.02127689 -0.08300816 -0.07498686
v -0.02095060 -0.08312590 -0.07057947
v -0.02080169 -0.08316529 -0.07503394
v -0.02020477 -0.08326313 -0.07509135
v -0.02038421 -0.08323996 -0.07057947
v 0.02320655 -0.08055177 -0.07477888
v 0.02318523 -0.08068299 -0.07057948
v 0.02307015 -0.08109469 -0.07479611
v 0.02125590 -0.08301728 -0.07498699
v 0.02095123 -0.08312636 -0.07057947
v 0.02054950 -0.08321961 -0.07505878
v 0.02019326 -0.08326264 -0.07057947
v 0.01961579 -0.08323990 -0.07057947
v 0.01991199 -0.08326808 -0.07511789
v 0.02184745 -0.08269171 -0.07492671
v 0.02165597 -0.08281586 -0.07057947
v 0.02226807 -0.08234851 -0.07057947
v 0.02233920 -0.08228197 -0.07487608
v 0.02275327 -0.08175047 -0.07057947
v 0.02276830 -0.08172701 -0.07483011
v 0.02301192 -0.08123414 -0.07057947
v 0.02325603 -0.07997388 -0.07477727
v 0.02325385 -0.07991630 -0.07057948
v 0.02318192 -0.07932656 -0.07478446
v 0.02314056 -0.07915463 -0.07057948
v 0.02299228 -0.07872837 -0.07480590
v 0.02285079 -0.07844126 -0.07057948
v 0.02268360 -0.07817309 -0.07483918
v 0.02240329 -0.07781440 -0.07057948
v 0.02221483 -0.07762448 -0.07489267
v 0.02181864 -0.07731291 -0.07057948
v 0.02169969 -0.07723638 -0.07494871
v 0.02113372 -0.07696134 -0.07057948
v 0.02109658 -0.07694739 -0.07501172
v 0.02033774 -0.07677186 -0.07057948
v 0.02044192 -0.07678808 -0.07507663
v 0.01987295 -0.07675955 -0.07513209
v 0.01961532 -0.07678235 -0.07057948
v 0.01905098 -0.07690441 -0.07057948
v 0.01918470 -0.07686069 -0.07519624
v 0.01847998 -0.07713026 -0.07525903
v 0.01851342 -0.07711574 -0.07057948
v 0.01782933 -0.07758681 -0.07531381
v 0.01787524 -0.07754686 -0.07057948
v 0.01737800 -0.07808577 -0.07534968
v 0.01747647 -0.07796492 -0.07057948
v 0.01714956 -0.07844119 -0.07057948
v 0.01707992 -0.07857472 -0.07537333
v 0.01684092 -0.07922128 -0.07539006
v 0.01685962 -0.07915450 -0.07057948
v 0.01674590 -0.07991622 -0.07057948
v 0.01674811 -0.07990830 -0.07539408
v 0.01678579 -0.08049256 -0.07057948
v 0.01680163 -0.08062862 -0.07538773
v 0.01691519 -0.08105593 -0.07057947
v 0.01708739 -0.08148260 -0.07536639
v 0.01715404 -0.08158179 -0.07057947
v 0.01747298 -0.08206334 -0.07057947
v 0.01751731 -0.08212014 -0.07533028
v 0.01787850 -0.08247463 -0.07057947
v 0.01806076 -0.08262423 -0.07528202
v 0.01834512 -0.08281533 -0.07057947
v 0.01870936 -0.08300659 -0.07522526
v 0.01904981 -0.08312497 -0.07057947
v 0.01929996 -0.08318917 -0.07517511
v 0.03841846 -0.06154269 -0.06815159
v 0.03842686 -0.06954157 -0.06808815
v 0.03836694 -0.08046586 -0.06758000
v 0.03840988 -0.07514578 -0.06797623
v 0.03886167 -0.05841463 -0.06813979
v 0.04152915 -0.05195913 -0.06814589
v 0.04372801 -0.04914878 -0.06812203
v 0.04725787 -0.04572872 -0.06810928
v 0.03987921 0.05242320 -0.06809095
v 0.05322166 0.03875095 -0.06810330
v 0.05548045 0.03542596 -0.06810603
v 0.05939298 0.02834042 -0.06811168
v 0.06353886 0.01702294 -0.06812116
v 0.06445236 0.01310013 -0.06812460
v 0.06553982 -0.00496180 -0.06814172
v 0.06510404 -0.00896602 -0.06814587
v 0.06441915 -0.01296100 -0.06815043
v 0.05071446 -0.04186787 -0.06810268
v 0.05287477 -0.03907431 -0.06811303
v 0.05547704 -0.03533564 -0.06809022
v 0.05711033 -0.03261144 -0.06809111
v 0.05962509 -0.02778930 -0.06807743
v 0.06121978 -0.02409361 -0.06807181
v 0.06240825 -0.02078240 -0.06808341
v 0.06371997 -0.01644007 -0.06806128
v 0.06582694 -0.00082704 -0.06805185
v 0.06577850 0.00307068 -0.06803983
v 0.06547601 0.00710093 -0.06803606
v 0.06486457 0.01163155 -0.06801222
v 0.06249003 0.02090330 -0.06802382
v 0.06110638 0.02468193 -0.06802068
v 0.05775433 0.03177879 -0.06801622
v 0.05084699 0.04199347 -0.06800667
v 0.04819195 0.04502654 -0.06800409
v 0.04337206 0.04971003 -0.06799895
v 0.03666507 0.05485085 -0.06799459
v 0.03324927 0.05699226 -0.06799268
v 0.06575087 -0.00396873 -0.06798748
v 0.05952068 0.02840089 -0.06795833
v 0.05559934 0.03550142 -0.06795268
v 0.05333554 0.03883341 -0.06795000
v 0.03059292 0.05845654 -0.06799162
v 0.02788256 0.05980906 -0.06798940
v -0.00136953 0.06600566 -0.06797796
v 0.00267503 0.06594449 -0.06799562
v 0.00559059 0.06575668 -0.06799778
v 0.00824859 0.06549189 -0.06798565
v 0.01139222 0.06501260 -0.06798889
v 0.01557945 0.06413290 -0.06798771
v 0.02155775 0.06237298 -0.06798836
v 0.02462820 0.06121746 -0.06799529
v -0.02852010 0.05951462 -0.06800275
v -0.02498058 0.06108649 -0.06799927
v -0.02165425 0.06235209 -0.06799003
v -0.01880628 0.06326178 -0.06799562
v -0.01478572 0.06433724 -0.06799391
v -0.00660476 0.06572121 -0.06793235
v -0.06054375 -0.02582974 -0.06802620
v -0.06164700 -0.02297013 -0.06806970
v -0.05919075 -0.02868654 -0.06807829
v -0.05776171 -0.03145394 -0.06808274
v -0.05547831 -0.03530555 -0.06810241
v -0.05363642 -0.03804530 -0.06809514
v -0.04890529 -0.04396865 -0.06809505
v -0.04417391 -0.04870660 -0.06811681
v -0.05169836 -0.04048688 -0.06819134
v -0.06575582 -0.00437537 -0.06793105
v -0.06474433 0.01153714 -0.06812738
v -0.05316526 0.03888256 -0.06809942
v -0.04155749 0.05110663 -0.06809945
v -0.06267241 -0.02002410 -0.06806558
v -0.06356049 -0.01702110 -0.06806163
v -0.06448339 -0.01316546 -0.06805786
v -0.06530162 -0.00833865 -0.06805258
v -0.06581774 0.00185818 -0.06804173
v -0.06566264 0.00498580 -0.06803893
v -0.06521049 0.00939913 -0.06802485
v -0.06432025 0.01422879 -0.06803160
v -0.06358413 0.01725139 -0.06802924
v -0.06270582 0.02023685 -0.06802699
v -0.06168529 0.02318334 -0.06802485
v -0.06052192 0.02608888 -0.06802283
v -0.05926101 0.02886382 -0.06801388
v -0.05796384 0.03138023 -0.06802546
v -0.05585592 0.03501370 -0.06802454
v -0.05033822 0.04260435 -0.06801156
v -0.04735490 0.04591810 -0.06801632
v -0.04437273 0.04881397 -0.06800660
v -0.03693983 0.05466938 -0.06800374
v -0.03440205 0.05631032 -0.06799573
v -0.03181885 0.05780457 -0.06800859
v -0.04078599 -0.05329967 -0.06812286
v -0.04273909 -0.05032442 -0.06812077
v -0.03842711 -0.06713877 -0.06810432
v 0.03645838 -0.02185224 -0.05428586
v 0.03495111 -0.02418994 -0.05428586
v 0.00069528 0.04248862 -0.05428581
v -0.03899871 -0.01690663 -0.05428586
v -0.03780947 -0.01942107 -0.05428586
v 0.03748165 -0.02003436 -0.05428586
v 0.03842471 -0.01817347 -0.05428586
v 0.03953104 -0.01562146 -0.05428585
v 0.04046810 -0.01300256 -0.05428585
v 0.04123186 -0.01032798 -0.05428585
v 0.04181906 -0.00760917 -0.05428585
v 0.04213641 -0.00554736 -0.05428585
v 0.04236352 -0.00347355 -0.05428585
v 0.04154768 0.00897350 -0.05428584
v 0.04087183 0.01167164 -0.05428583
v -0.04087183 -0.01167164 -0.05428585
v -0.04002096 -0.01431979 -0.05428585
v 0.03195319 -0.02802220 -0.05428587
v 0.03329418 -0.02642406 -0.05428587
v 0.03780947 0.01942107 -0.05428583
v 0.03899871 0.01690663 -0.05428583
v -0.02749936 0.03241170 -0.05428582
v -0.02956031 0.03054376 -0.05428582
v -0.04024453 0.01366118 -0.05428583
v -0.03953104 0.01562146 -0.05428583
v -0.04087186 0.01167152 -0.05428583
v -0.04138977 0.00965074 -0.05428584
v -0.04181906 0.00760917 -0.05428584
v -0.04213641 0.00554736 -0.05428584
v -0.04236352 0.00347355 -0.05428584
v -0.03645831 -0.02185234 -0.05428586
v -0.03533746 -0.02361174 -0.05428586
v -0.03414085 -0.02532066 -0.05428587
v -0.03285294 -0.02696172 -0.05428587
v 0.02854512 -0.03149460 -0.05428587
v 0.02642416 -0.03329410 -0.05428587
v 0.03054385 -0.02956022 -0.05428587
v 0.04250000 -0.00069540 -0.05428584
v 0.04245448 0.00208572 -0.05428584
v 0.04229535 0.00416573 -0.05428584
v 0.04204562 0.00623694 -0.05428584
v 0.04002096 0.01431979 -0.05428583
v -0.01942107 0.03780947 -0.05428581
v -0.02185234 0.03645831 -0.05428581
v -0.03149468 0.02854503 -0.05428582
v -0.03329418 0.02642406 -0.05428582
v -0.03454598 0.02475530 -0.05428582
v -0.03572387 0.02303342 -0.05428582
v -0.03715384 0.02064765 -0.05428582
v -0.03842471 0.01817347 -0.05428583
v -0.04250000 0.00069540 -0.05428584
v -0.04229535 -0.00416573 -0.05428585
v -0.04204562 -0.00623694 -0.05428585
v -0.04154768 -0.00897350 -0.05428585
v -0.03149460 -0.02854512 -0.05428587
v -0.02956022 -0.03054385 -0.05428587
v -0.02361174 0.03533746 -0.05428581
v -0.02532066 0.03414085 -0.05428581
v -0.02064765 -0.03715384 -0.05428587
v -0.02303342 -0.03572387 -0.05428587
v 0.03645831 0.02185234 -0.05428582
v 0.03495104 0.02419004 -0.05428582
v 0.03329410 0.02642416 -0.05428582
v 0.03149460 0.02854512 -0.05428582
v -0.01690663 0.03899871 -0.05428581
v -0.04245448 -0.00208572 -0.05428584
v -0.01817347 -0.03842471 -0.05428588
v 0.02956022 0.03054385 -0.05428582
v 0.02749927 0.03241178 -0.05428582
v -0.01167164 0.04087183 -0.05428581
v -0.01431979 0.04002096 -0.05428581
v -0.02802220 -0.03195319 -0.05428587
v -0.02642406 -0.03329418 -0.05428587
v -0.02475530 -0.03454598 -0.05428587
v -0.01562146 -0.03953104 -0.05428588
v -0.01300256 -0.04046810 -0.05428588
v 0.01431979 -0.04002096 -0.05428588
v 0.01167164 -0.04087183 -0.05428588
v 0.01690663 -0.03899871 -0.05428588
v 0.01942107 -0.03780947 -0.05428587
v 0.02185234 -0.03645831 -0.05428587
v 0.02419004 -0.03495104 -0.05428587
v -0.00485791 0.04222717 -0.05428581
v -0.00208572 0.04245448 -0.05428581
v -0.00760930 0.04181904 -0.05428581
v -0.01032798 -0.04123186 -0.05428588
v -0.00760917 -0.04181906 -0.05428588
v -0.00485778 -0.04222719 -0.05428588
v 0.01300256 0.04046810 -0.05428581
v 0.01562146 0.03953104 -0.05428581
v 0.02532056 0.03414093 -0.05428581
v -0.00965074 0.04138977 -0.05428581
v -0.00277963 -0.04240901 -0.05428588
v -0.00069540 -0.04250000 -0.05428588
v 0.00139056 -0.04247725 -0.05428588
v 0.00347367 -0.04236351 -0.05428588
v 0.01099981 0.04105185 -0.05428581
v 0.00897338 0.04154770 -0.05428581
v 0.00623682 0.04204563 -0.05428581
v 0.00347355 0.04236352 -0.05428581
v 0.00623694 -0.04204562 -0.05428588
v 0.00897350 -0.04154768 -0.05428588
v 0.02303342 0.03572387 -0.05428581
v 0.02064765 0.03715384 -0.05428581
v 0.01817347 0.03842471 -0.05428581
f 1 3 2
f 4 6 5
f 7 9 8
f 6 11 10
f 12 14 13
f 15 17 16
f 16 17 18
f 19 21 20
f 22 23 16
f 20 25 24
f 23 27 26
f 20 26 25
f 6 10 28
f 29 31 30
f 32 30 31
f 32 33 30
f 34 30 35
f 36 37 34
f 37 38 34
f 34 40 39
f 41 42 34
f 7 8 10
f 30 44 43
f 30 43 45
f 45 46 30
f 34 48 47
f 34 50 49
f 5 6 28
f 10 52 51
f 10 51 28
f 30 53 44
f 54 56 55
f 34 57 40
f 28 59 58
f 28 58 5
f 16 23 7
f 60 61 10
f 62 29 30
f 45 64 63
f 63 65 45
f 34 66 48
f 67 68 34
f 34 68 50
f 39 41 34
f 30 34 28
f 28 34 69
f 28 69 70
f 71 72 28
f 28 72 59
f 7 10 13
f 7 13 14
f 7 23 26
f 10 8 73
f 30 74 53
f 75 56 76
f 76 56 77
f 75 55 56
f 34 47 78
f 34 79 57
f 70 1 28
f 28 1 2
f 14 80 7
f 7 80 15
f 10 61 81
f 30 82 62
f 33 83 30
f 55 84 54
f 45 55 64
f 85 46 45
f 34 35 66
f 34 78 86
f 34 87 36
f 28 2 71
f 7 15 16
f 7 26 20
f 10 73 60
f 30 28 82
f 55 45 84
f 45 65 85
f 34 86 67
f 49 88 34
f 88 87 34
f 34 89 79
f 90 7 21
f 81 91 10
f 10 91 92
f 10 92 52
f 30 83 74
f 38 89 34
f 93 95 94
f 95 93 21
f 21 93 90
f 20 21 7
f 94 96 93
f 93 96 97
f 93 97 98
f 99 101 100
f 99 100 102
f 100 103 102
f 102 103 104
f 104 103 105
f 105 103 106
f 105 106 107
f 107 106 108
f 107 108 109
f 109 108 110
f 109 110 111
f 111 110 112
f 113 111 112
f 111 113 114
f 114 113 115
f 115 116 114
f 116 115 117
f 117 119 118
f 117 118 116
f 118 119 120
f 120 119 121
f 121 119 122
f 123 122 124
f 123 121 122
f 124 125 123
f 124 126 125
f 125 126 127
f 126 128 127
f 127 128 129
f 129 130 127
f 127 130 131
f 131 130 132
f 133 132 134
f 131 132 133
f 131 133 135
f 133 136 135
f 135 136 137
f 137 136 138
f 137 138 139
f 139 138 140
f 139 140 141
f 139 141 142
f 142 141 143
f 142 143 144
f 144 143 145
f 145 143 146
f 145 146 147
f 147 146 148
f 147 148 149
f 149 148 150
f 150 148 151
f 150 151 152
f 152 151 153
f 152 153 154
f 154 153 155
f 154 155 156
f 156 155 157
f 156 157 158
f 158 157 159
f 158 159 160
f 160 159 161
f 160 161 162
f 162 161 163
f 162 163 164
f 164 163 165
f 164 165 166
f 166 165 167
f 166 167 168
f 168 167 169
f 169 167 170
f 171 169 170
f 134 132 172
f 172 173 134
f 174 175 173
f 173 175 134
f 175 174 176
f 175 176 177
f 176 178 177
f 177 178 179
f 179 178 180
f 180 181 179
f 180 182 181
f 181 182 183
f 183 182 184
f 183 184 185
f 185 184 186
f 184 187 186
f 186 187 188
f 187 189 188
f 188 189 190
f 189 191 190
f 190 191 192
f 192 193 190
f 193 192 194
f 192 195 194
f 194 195 196
f 195 197 196
f 197 195 198
f 199 200 198
f 199 198 195
f 201 203 202
f 202 203 204
f 204 203 205
f 204 205 206
f 206 205 207
f 206 207 208
f 208 207 209
f 208 209 210
f 210 209 211
f 212 214 213
f 213 214 215
f 213 215 216
f 216 215 217
f 217 215 218
f 217 218 219
f 217 219 220
f 220 219 221
f 220 221 222
f 222 221 223
f 222 223 224
f 224 223 225
f 225 223 226
f 225 226 227
f 227 226 228
f 227 228 229
f 229 228 230
f 229 230 231
f 231 230 232
f 231 232 233
f 233 232 234
f 233 234 211
f 211 234 210
f 212 235 214
f 235 212 236
f 212 237 236
f 236 237 238
f 236 238 239
f 239 238 240
f 240 238 241
f 242 243 241
f 243 244 241
f 241 244 245
f 241 245 240
f 240 245 246
f 246 245 247
f 247 248 246
f 249 250 248
f 248 250 246
f 250 249 251
f 251 249 252
f 251 252 253
f 252 254 253
f 253 254 255
f 254 256 255
f 254 257 256
f 256 257 258
f 258 257 259
f 258 259 260
f 260 259 261
f 260 261 262
f 262 261 263
f 261 264 263
f 263 264 265
f 264 266 265
f 265 266 267
f 265 267 268
f 268 267 269
f 267 101 269
f 269 101 270
f 101 271 270
f 271 101 99
f 242 272 243
f 272 242 273
f 273 242 274
f 275 276 274
f 274 276 273
f 275 277 276
f 275 278 277
f 277 278 279
f 280 282 281
f 281 282 279
f 278 281 279
f 282 280 283
f 283 280 284
f 283 284 285
f 283 285 286
f 286 285 287
f 288 289 287
f 287 289 286
f 289 288 290
f 288 291 290
f 292 291 288
f 292 293 291
f 294 293 292
f 295 296 294
f 294 296 293
f 296 295 297
f 200 199 297
f 297 199 296
f 129 128 298
f 126 124 299
f 300 112 110
f 112 300 301
f 301 113 112
f 301 115 113
f 302 115 301
f 115 302 117
f 303 119 302
f 302 119 117
f 304 119 303
f 304 122 119
f 299 122 304
f 299 124 122
f 126 299 305
f 126 305 298
f 126 298 128
f 129 298 306
f 306 130 129
f 132 130 307
f 307 130 306
f 308 132 307
f 309 172 308
f 308 172 132
f 310 172 309
f 172 310 173
f 311 173 310
f 311 174 173
f 312 176 311
f 311 176 174
f 313 178 312
f 312 178 176
f 178 313 314
f 314 180 178
f 314 182 180
f 315 182 314
f 315 184 182
f 184 315 316
f 184 316 187
f 189 187 316
f 317 319 318
f 319 317 320
f 319 320 321
f 321 320 322
f 323 297 322
f 321 322 324
f 324 322 297
f 295 325 297
f 325 324 297
f 200 297 323
f 200 323 326
f 200 326 327
f 200 327 328
f 200 328 198
f 198 328 329
f 198 329 330
f 197 331 196
f 331 197 332
f 330 333 198
f 198 333 197
f 197 333 334
f 197 334 332
f 332 334 335
f 335 334 336
f 317 318 336
f 336 318 335
f 337 339 338
f 339 341 340
f 342 344 343
f 345 347 346
f 348 350 349
f 343 348 349
f 351 353 352
f 354 353 351
f 354 351 355
f 347 345 356
f 357 359 358
f 360 362 361
f 363 364 360
f 364 362 360
f 365 367 366
f 349 350 368
f 349 368 369
f 370 372 371
f 373 375 374
f 376 377 374
f 378 380 379
f 381 378 379
f 382 381 383
f 384 386 385
f 387 389 388
f 388 390 387
f 388 391 390
f 392 394 393
f 395 396 394
f 397 399 398
f 398 400 397
f 401 402 372
f 372 402 400
f 370 401 372
f 403 405 404
f 342 343 406
f 407 409 408
f 410 412 411
f 413 414 411
f 415 417 416
f 418 420 419
f 419 420 421
f 422 423 418
f 424 426 425
f 427 80 14
f 428 15 80
f 429 17 15
f 429 15 428
f 430 27 23
f 27 431 26
f 432 20 24
f 433 435 434
f 436 435 433
f 437 439 438
f 440 442 441
f 443 444 441
f 445 447 446
f 447 445 448
f 449 451 450
f 344 453 452
f 408 409 454
f 454 409 413
f 407 455 409
f 409 455 456
f 409 456 413
f 406 455 407
f 456 414 413
f 454 413 411
f 454 411 412
f 343 349 455
f 457 459 458
f 460 369 366
f 460 366 367
f 461 367 365
f 461 365 462
f 463 349 369
f 463 369 460
f 415 460 367
f 419 461 462
f 419 462 422
f 422 462 464
f 416 463 415
f 415 463 460
f 421 415 367
f 421 367 461
f 421 461 419
f 422 464 465
f 422 465 466
f 467 422 466
f 468 470 469
f 468 469 467
f 468 466 465
f 468 467 466
f 465 464 462
f 417 415 421
f 418 419 422
f 423 422 467
f 471 467 469
f 470 472 469
f 467 471 423
f 472 474 473
f 472 473 469
f 473 475 471
f 476 478 477
f 479 478 480
f 480 478 476
f 481 483 482
f 481 482 484
f 481 485 483
f 483 485 486
f 486 485 487
f 488 487 489
f 361 488 489
f 360 361 489
f 473 471 469
f 488 486 487
f 489 487 490
f 490 491 489
f 489 491 492
f 493 495 494
f 496 494 497
f 496 497 492
f 492 497 498
f 360 498 499
f 360 499 363
f 363 499 500
f 363 500 501
f 473 501 475
f 388 495 391
f 494 502 497
f 497 503 498
f 499 504 500
f 505 506 495
f 495 506 494
f 494 506 502
f 497 502 503
f 498 503 499
f 500 504 507
f 500 507 501
f 502 508 503
f 499 503 509
f 499 509 504
f 501 507 477
f 501 477 475
f 502 511 510
f 502 510 508
f 503 508 424
f 504 509 480
f 504 480 476
f 476 507 504
f 424 509 503
f 502 506 511
f 511 506 505
f 479 480 512
f 512 513 425
f 425 513 509
f 425 509 424
f 505 495 388
f 514 389 515
f 516 517 505
f 518 505 388
f 519 388 514
f 514 388 389
f 514 515 386
f 516 505 518
f 384 385 520
f 477 507 476
f 513 480 509
f 511 505 517
f 518 388 519
f 520 385 521
f 521 385 522
f 521 522 523
f 523 522 524
f 525 526 516
f 516 526 517
f 527 519 514
f 528 514 529
f 529 514 386
f 529 386 530
f 530 386 384
f 512 480 513
f 424 508 510
f 511 526 531
f 511 531 510
f 510 531 532
f 510 532 426
f 510 426 424
f 527 514 528
f 530 384 520
f 523 524 533
f 533 524 534
f 533 534 535
f 517 526 511
f 391 495 493
f 493 494 496
f 492 498 489
f 489 498 360
f 363 501 474
f 474 501 473
f 533 535 536
f 533 537 523
f 520 521 530
f 528 529 538
f 518 519 539
f 518 539 516
f 516 539 525
f 530 540 529
f 529 540 538
f 519 527 539
f 541 533 536
f 427 14 542
f 542 14 543
f 544 377 376
f 379 544 376
f 379 380 544
f 545 547 546
f 545 546 548
f 548 546 98
f 548 98 97
f 549 547 545
f 549 550 547
f 549 545 551
f 551 545 548
f 549 551 552
f 553 551 97
f 553 97 96
f 554 550 549
f 551 548 97
f 552 551 553
f 553 96 555
f 556 558 557
f 556 557 552
f 559 552 560
f 557 549 552
f 561 554 558
f 557 554 549
f 555 96 94
f 562 561 558
f 560 552 553
f 560 553 555
f 557 558 554
f 563 555 94
f 556 552 559
f 559 560 564
f 560 555 563
f 565 562 558
f 564 560 563
f 95 563 94
f 566 565 556
f 567 564 563
f 568 563 95
f 568 95 21
f 565 558 556
f 569 556 559
f 567 563 568
f 570 572 571
f 573 574 566
f 574 565 566
f 575 566 569
f 576 572 577
f 534 572 576
f 535 534 576
f 535 576 578
f 572 570 577
f 382 383 579
f 577 581 580
f 577 580 582
f 583 536 578
f 535 578 536
f 570 571 579
f 584 578 576
f 584 576 577
f 382 579 571
f 584 583 578
f 585 569 559
f 585 559 564
f 586 564 567
f 587 568 21
f 588 569 585
f 587 21 19
f 566 556 569
f 585 564 586
f 586 567 568
f 589 574 590
f 590 574 573
f 588 575 569
f 588 585 586
f 591 586 568
f 591 568 587
f 592 566 575
f 593 588 586
f 593 586 591
f 594 587 19
f 594 19 20
f 581 593 591
f 581 591 580
f 573 566 592
f 592 575 588
f 580 591 587
f 580 587 594
f 383 592 588
f 383 588 593
f 582 584 577
f 595 596 582
f 582 596 583
f 582 583 584
f 581 577 570
f 581 570 579
f 536 583 596
f 20 432 594
f 593 581 579
f 592 379 573
f 590 597 589
f 589 597 598
f 379 590 573
f 379 592 383
f 579 383 593
f 582 580 594
f 582 594 595
f 595 594 432
f 432 24 599
f 596 599 600
f 596 600 536
f 536 600 541
f 601 603 602
f 601 602 540
f 540 602 604
f 540 604 538
f 599 24 605
f 541 600 606
f 541 606 607
f 607 606 608
f 607 608 601
f 601 608 603
f 604 602 609
f 604 609 610
f 539 612 611
f 599 605 613
f 599 613 600
f 608 614 603
f 602 615 609
f 609 428 610
f 610 428 612
f 612 542 611
f 611 542 616
f 605 25 431
f 605 431 613
f 25 26 431
f 431 27 606
f 606 27 430
f 430 23 608
f 608 23 22
f 608 22 614
f 614 22 16
f 614 16 617
f 617 16 18
f 617 18 615
f 615 18 17
f 615 17 429
f 428 80 427
f 24 25 605
f 613 431 600
f 600 431 606
f 606 430 608
f 603 614 617
f 603 617 602
f 602 617 615
f 609 615 429
f 609 429 428
f 612 428 427
f 612 427 542
f 432 599 595
f 595 599 596
f 533 541 537
f 537 541 607
f 537 607 523
f 523 607 601
f 523 601 521
f 521 601 530
f 530 601 540
f 538 604 610
f 538 610 528
f 528 610 612
f 528 612 527
f 527 612 539
f 539 611 525
f 525 611 618
f 619 620 444
f 450 451 448
f 450 448 619
f 619 448 445
f 619 445 620
f 449 450 621
f 621 450 622
f 622 450 619
f 622 619 444
f 442 440 438
f 439 437 623
f 443 441 624
f 624 441 625
f 625 441 442
f 626 442 438
f 626 438 439
f 625 442 626
f 626 439 347
f 347 439 623
f 627 341 433
f 627 433 628
f 628 433 629
f 341 436 433
f 433 434 629
f 629 434 598
f 630 598 597
f 590 632 631
f 631 633 597
f 630 597 633
f 634 627 635
f 636 630 633
f 637 633 631
f 627 628 635
f 635 628 629
f 635 629 636
f 636 629 630
f 376 632 379
f 629 598 630
f 631 597 590
f 632 590 379
f 379 383 381
f 626 638 625
f 625 638 624
f 624 638 639
f 624 639 443
f 443 639 640
f 443 640 355
f 347 356 626
f 626 356 638
f 437 641 623
f 347 623 642
f 347 642 346
f 346 642 359
f 641 337 338
f 641 338 643
f 641 643 623
f 371 645 644
f 371 372 645
f 637 374 375
f 646 644 634
f 645 340 644
f 644 340 634
f 646 636 375
f 374 637 632
f 374 632 376
f 644 646 647
f 647 646 375
f 647 375 373
f 631 632 637
f 633 637 375
f 633 375 636
f 636 646 635
f 635 646 634
f 634 340 627
f 627 340 341
f 648 649 352
f 352 649 621
f 351 621 622
f 649 648 404
f 404 648 403
f 406 343 455
f 650 403 648
f 355 351 622
f 355 622 443
f 443 622 444
f 343 452 348
f 414 456 416
f 416 456 463
f 463 456 455
f 463 455 349
f 452 343 344
f 344 405 453
f 453 405 650
f 650 405 403
f 352 621 351
f 651 643 398
f 651 398 358
f 339 340 645
f 339 645 338
f 338 645 643
f 643 645 372
f 643 372 398
f 398 372 400
f 358 395 357
f 623 643 651
f 623 651 642
f 642 651 358
f 642 358 359
f 358 398 395
f 398 399 396
f 398 396 395
f 357 395 652
f 392 652 395
f 652 392 393
f 652 393 457
f 482 458 484
f 484 458 459
f 653 459 457
f 653 457 393
f 392 395 394
f 654 656 655
f 655 656 451
f 657 448 656
f 656 448 451
f 657 447 448
f 447 657 658
f 454 660 659
f 412 661 454
f 454 661 660
f 662 663 659
f 663 408 659
f 659 408 454
f 662 664 663
f 664 662 665
f 664 665 666
f 666 665 667
f 667 665 668
f 669 670 668
f 668 670 667
f 670 669 671
f 671 669 672
f 673 671 672
f 671 673 674
f 675 676 673
f 673 676 674
f 677 676 675
f 677 675 678
f 677 678 679
f 654 680 679
f 654 679 678
f 654 655 680
f 681 683 682
f 684 686 685
f 685 686 687
f 688 686 684
f 688 684 689
f 690 688 689
f 691 690 689
f 691 689 692
f 691 692 693
f 693 692 694
f 693 694 695
f 695 694 696
f 695 696 697
f 698 697 696
f 699 698 696
f 699 700 698
f 701 700 699
f 683 700 701
f 682 683 701
f 702 681 682
f 681 702 703
f 704 703 705
f 705 703 702
f 704 705 706
f 704 706 707
f 708 710 709
f 709 710 707
f 709 707 706
f 708 709 711
f 711 712 708
f 713 712 714
f 714 712 711
f 685 716 715
f 701 715 682
f 701 699 715
f 715 699 696
f 716 718 717
f 715 716 717
f 716 719 718
f 720 722 721
f 705 702 715
f 715 702 682
f 715 696 694
f 715 721 723
f 715 706 705
f 694 692 715
f 715 692 689
f 715 689 684
f 715 711 709
f 715 709 706
f 715 684 685
f 723 714 715
f 715 714 711
f 724 657 656
f 658 657 724
f 724 726 725
f 673 672 724
f 724 672 669
f 726 724 727
f 724 725 658
f 724 660 661
f 724 661 728
f 724 675 673
f 724 669 668
f 654 678 724
f 724 678 675
f 668 665 724
f 724 665 662
f 727 729 726
f 656 654 724
f 724 662 659
f 724 659 660
f 730 731 729
f 730 729 727
f 732 446 725
f 733 725 726
f 725 733 732
f 201 730 203
f 734 736 735
f 735 736 295
f 295 736 737
f 738 739 734
f 740 741 739
f 288 742 740
f 740 742 741
f 743 744 742
f 745 746 744
f 747 748 746
f 749 748 280
f 281 750 749
f 751 275 274
f 751 274 752
f 752 242 753
f 753 242 241
f 753 241 754
f 237 755 754
f 216 756 213
f 213 756 755
f 213 755 212
f 220 757 217
f 217 757 756
f 217 756 216
f 225 759 758
f 222 758 757
f 759 225 227
f 759 227 229
f 229 760 759
f 724 761 760
f 724 760 229
f 233 727 724
f 727 207 730
f 730 207 205
f 205 203 730
f 727 209 207
f 754 238 237
f 241 238 754
f 755 237 212
f 757 220 222
f 222 224 758
f 224 225 758
f 209 727 211
f 211 727 233
f 233 724 231
f 231 724 229
f 751 750 278
f 280 281 749
f 750 281 278
f 278 275 751
f 748 284 280
f 747 285 284
f 745 743 287
f 745 287 747
f 747 287 285
f 738 292 740
f 740 292 288
f 739 738 740
f 325 295 737
f 735 295 294
f 294 292 738
f 743 288 287
f 284 748 747
f 747 746 745
f 745 744 743
f 743 742 288
f 738 734 294
f 294 734 735
f 752 274 242
f 761 762 760
f 202 204 729
f 763 263 265
f 764 226 223
f 733 726 765
f 764 223 766
f 766 223 221
f 766 221 767
f 767 219 218
f 767 218 768
f 768 214 235
f 239 770 769
f 250 772 771
f 253 773 772
f 253 255 773
f 773 255 774
f 775 774 256
f 776 774 258
f 258 774 775
f 777 778 776
f 779 778 780
f 781 783 782
f 782 783 784
f 785 784 268
f 785 268 786
f 785 786 787
f 269 788 787
f 228 764 765
f 228 765 230
f 230 765 726
f 784 785 782
f 251 253 772
f 774 255 256
f 776 258 777
f 777 258 260
f 260 780 777
f 778 777 780
f 780 262 263
f 260 262 780
f 775 256 258
f 789 779 763
f 763 779 263
f 781 789 790
f 781 790 783
f 789 763 790
f 790 763 265
f 783 790 784
f 269 787 786
f 269 786 268
f 268 784 265
f 790 265 784
f 779 780 263
f 729 204 206
f 202 729 731
f 208 726 729
f 210 726 208
f 729 206 208
f 236 239 769
f 246 771 770
f 246 770 240
f 240 770 239
f 235 236 769
f 235 769 768
f 214 768 215
f 215 768 218
f 219 767 221
f 226 764 228
f 230 726 232
f 232 726 234
f 234 726 210
f 771 246 250
f 772 250 251
f 728 791 762
f 762 761 728
f 728 761 724
f 410 791 728
f 792 713 714
f 714 723 793
f 714 793 792
f 794 188 190
f 721 161 723
f 795 793 723
f 723 157 795
f 795 157 155
f 795 155 796
f 151 797 153
f 153 797 796
f 146 798 148
f 148 798 797
f 143 799 798
f 141 799 143
f 138 136 799
f 799 136 800
f 800 133 134
f 800 134 801
f 801 134 175
f 801 175 802
f 803 805 804
f 181 804 805
f 181 806 804
f 183 807 806
f 794 809 808
f 810 812 811
f 811 812 809
f 810 813 812
f 814 813 193
f 815 816 196
f 196 816 194
f 194 816 814
f 815 196 331
f 720 170 722
f 165 721 722
f 193 813 810
f 179 805 803
f 803 177 179
f 805 179 181
f 817 819 818
f 817 818 807
f 817 186 819
f 819 186 188
f 817 185 186
f 817 807 185
f 185 807 183
f 183 806 181
f 818 819 808
f 808 819 188
f 808 188 794
f 809 794 811
f 811 794 820
f 811 820 190
f 820 794 190
f 194 814 193
f 193 810 190
f 811 190 810
f 722 167 165
f 167 722 170
f 161 721 163
f 165 163 721
f 800 136 133
f 140 138 799
f 140 799 141
f 143 798 146
f 148 797 151
f 153 796 155
f 157 723 159
f 159 723 161
f 802 175 803
f 803 175 177
f 821 105 107
f 104 823 822
f 824 716 825
f 164 719 716
f 169 718 719
f 171 718 169
f 719 166 168
f 719 168 169
f 719 164 166
f 826 137 139
f 827 139 142
f 827 142 144
f 828 144 145
f 164 716 162
f 162 716 160
f 160 716 158
f 158 716 156
f 156 716 824
f 156 824 154
f 120 121 829
f 116 830 114
f 114 830 831
f 832 114 831
f 833 834 109
f 111 114 832
f 109 834 835
f 109 835 107
f 833 109 836
f 836 109 111
f 120 829 118
f 118 837 116
f 127 838 125
f 123 839 121
f 121 839 829
f 832 831 840
f 829 837 118
f 116 837 830
f 836 840 841
f 833 841 842
f 833 842 834
f 834 842 843
f 834 843 835
f 821 107 844
f 105 845 823
f 105 823 104
f 821 844 845
f 105 821 845
f 832 840 111
f 111 840 836
f 836 841 833
f 835 843 107
f 107 843 844
f 150 152 846
f 150 846 149
f 149 846 147
f 147 846 828
f 826 135 137
f 139 827 826
f 147 828 145
f 144 828 827
f 154 824 847
f 154 847 152
f 152 847 846
f 839 123 838
f 838 123 125
f 826 848 135
f 135 848 131
f 131 848 127
f 127 848 838
f 687 849 685
f 849 850 685
f 850 825 685
f 685 825 716
f 851 853 852
f 854 856 855
f 14 12 543
f 857 859 858
f 858 859 860
f 325 862 861
f 863 865 864
f 866 867 762
f 868 757 869
f 471 475 870
f 410 871 791
f 867 759 760
f 750 751 872
f 748 749 872
f 746 748 872
f 69 34 319
f 319 34 318
f 526 873 531
f 874 512 425
f 870 475 477
f 875 477 478
f 876 471 870
f 877 870 477
f 877 477 878
f 879 876 870
f 879 870 877
f 423 471 876
f 878 477 875
f 880 881 876
f 880 883 882
f 880 879 883
f 884 883 885
f 885 883 879
f 886 884 885
f 887 884 886
f 888 877 878
f 421 889 417
f 889 890 417
f 417 890 416
f 414 890 871
f 416 890 414
f 891 418 423
f 891 423 881
f 871 890 892
f 410 411 871
f 791 871 892
f 890 893 892
f 791 892 866
f 791 866 762
f 892 893 866
f 418 894 420
f 418 891 894
f 895 891 881
f 895 881 896
f 897 894 891
f 897 891 895
f 898 895 869
f 755 756 899
f 755 899 754
f 756 757 868
f 756 868 899
f 897 900 866
f 898 900 897
f 866 900 867
f 759 898 758
f 759 867 898
f 900 898 867
f 762 867 760
f 898 869 758
f 758 869 757
f 866 893 897
f 901 886 885
f 901 885 888
f 902 878 903
f 904 906 905
f 875 903 878
f 877 888 885
f 881 880 896
f 896 880 882
f 883 884 907
f 907 884 887
f 888 908 901
f 886 906 887
f 909 887 910
f 910 887 911
f 911 887 906
f 912 882 883
f 912 883 907
f 907 887 913
f 882 914 896
f 896 869 895
f 893 889 894
f 893 894 897
f 869 896 914
f 912 914 882
f 868 869 914
f 868 914 912
f 868 912 915
f 915 912 907
f 904 916 906
f 906 916 911
f 915 907 917
f 917 907 918
f 918 907 913
f 919 920 863
f 920 922 921
f 913 887 909
f 913 909 864
f 921 863 920
f 923 918 865
f 923 865 924
f 863 921 925
f 863 925 865
f 865 925 926
f 899 868 927
f 899 927 754
f 754 927 753
f 927 928 753
f 753 928 929
f 753 929 752
f 752 929 751
f 751 929 872
f 750 872 749
f 928 915 917
f 928 917 929
f 929 917 930
f 929 930 872
f 872 930 744
f 872 744 746
f 931 933 932
f 934 921 931
f 934 931 932
f 935 936 934
f 934 936 937
f 938 922 920
f 939 742 940
f 926 939 924
f 924 939 940
f 917 918 923
f 923 924 940
f 741 742 941
f 742 744 940
f 940 744 930
f 942 944 943
f 943 944 945
f 943 945 939
f 939 945 941
f 739 741 946
f 734 739 946
f 947 949 948
f 950 862 325
f 861 952 951
f 737 950 325
f 325 951 324
f 951 325 861
f 11 6 953
f 11 953 954
f 954 10 11
f 6 955 953
f 956 958 957
f 957 960 959
f 957 959 956
f 958 956 961
f 956 962 961
f 963 964 959
f 59 965 58
f 58 966 5
f 4 955 6
f 59 967 965
f 58 965 966
f 4 5 955
f 968 962 956
f 968 956 959
f 968 959 969
f 969 959 964
f 969 964 970
f 970 964 858
f 858 964 857
f 959 953 963
f 860 859 971
f 955 5 972
f 972 5 966
f 967 974 973
f 973 976 975
f 975 976 977
f 963 972 964
f 964 972 857
f 859 978 971
f 979 971 978
f 966 859 857
f 966 857 972
f 972 963 955
f 973 979 978
f 967 978 859
f 967 859 965
f 965 859 966
f 980 970 981
f 970 982 981
f 922 938 983
f 938 985 984
f 986 983 938
f 986 938 984
f 987 981 982
f 934 932 935
f 933 983 986
f 933 986 988
f 989 982 858
f 933 931 983
f 986 984 989
f 989 984 990
f 989 990 982
f 982 990 987
f 989 860 986
f 986 860 988
f 988 991 933
f 933 991 932
f 935 932 992
f 992 932 991
f 979 975 991
f 991 975 993
f 991 993 992
f 975 994 993
f 993 994 947
f 995 948 944
f 941 742 939
f 943 939 996
f 943 996 942
f 944 942 936
f 944 936 995
f 948 995 993
f 948 993 947
f 936 935 995
f 995 935 992
f 995 992 993
f 979 991 971
f 858 982 970
f 72 71 997
f 997 71 998
f 973 974 976
f 977 976 997
f 999 977 997
f 999 998 1000
f 977 999 994
f 994 999 947
f 999 1000 1001
f 1001 862 949
f 734 946 736
f 736 946 1002
f 1002 944 949
f 949 944 948
f 949 947 1001
f 1001 947 999
f 999 997 998
f 1000 952 1003
f 1003 952 861
f 1003 861 862
f 950 737 736
f 1000 1004 952
f 3 1 1005
f 70 69 1006
f 976 72 997
f 1005 1 951
f 951 1 1007
f 59 72 974
f 974 72 976
f 998 1008 1000
f 1000 1008 1004
f 952 1004 1005
f 952 1005 951
f 71 2 1008
f 1004 3 1005
f 1007 70 1006
f 1008 2 3
f 1 70 1007
f 1006 69 321
f 321 69 319
f 998 71 1008
f 1008 3 1004
f 967 59 974
f 951 1007 1006
f 951 1006 324
f 1006 321 324
f 930 917 923
f 930 923 940
f 741 941 946
f 946 941 945
f 946 945 944
f 946 944 1002
f 994 975 977
f 1009 543 12
f 10 954 13
f 13 954 1010
f 1009 12 13
f 543 1009 1011
f 1009 13 1011
f 1011 1013 1012
f 960 957 1014
f 1010 960 1014
f 1012 1016 1015
f 532 531 873
f 542 543 616
f 616 543 1012
f 611 616 618
f 1015 618 616
f 957 958 1014
f 1017 1019 1018
f 526 1015 1019
f 961 1020 1015
f 961 1015 1016
f 1013 1016 1012
f 1018 1015 1020
f 1018 1020 1021
f 958 1013 1014
f 13 1010 1011
f 526 618 1015
f 1019 1015 1018
f 1022 1018 1021
f 1011 1010 1014
f 1011 1014 1013
f 1016 1013 961
f 1020 961 1021
f 1015 616 1012
f 1011 1012 543
f 960 953 959
f 963 953 955
f 479 903 478
f 888 878 902
f 478 903 875
f 877 885 879
f 879 880 876
f 876 881 423
f 420 894 421
f 421 894 889
f 889 893 890
f 1017 873 526
f 1017 526 1019
f 1018 1022 1017
f 1017 1022 873
f 873 1022 855
f 873 855 532
f 425 426 1023
f 532 855 856
f 1024 1021 1025
f 1025 962 1026
f 1026 962 980
f 980 969 970
f 525 618 526
f 1022 1021 1024
f 962 1021 961
f 958 961 1013
f 1010 954 960
f 960 954 953
f 978 967 973
f 979 973 975
f 1000 1003 1001
f 1001 1003 862
f 949 862 1002
f 1002 862 950
f 1002 950 736
f 855 1027 854
f 854 1027 1028
f 980 1029 1026
f 1028 1027 1024
f 1025 1026 1029
f 1029 980 981
f 922 983 931
f 922 931 921
f 921 934 925
f 925 934 937
f 925 937 996
f 925 996 926
f 926 996 939
f 512 1030 479
f 512 874 1031
f 512 1031 1030
f 1030 1032 903
f 903 1032 902
f 902 1033 888
f 1030 1031 1032
f 1032 1033 902
f 908 905 901
f 901 905 886
f 908 888 1033
f 1033 1032 1034
f 425 1023 874
f 1023 1035 874
f 874 1035 1031
f 1031 1036 1032
f 1033 853 908
f 908 853 905
f 1031 1035 1036
f 1036 1037 1032
f 1032 1037 1034
f 1023 856 1035
f 853 851 905
f 905 851 904
f 1033 1034 853
f 990 852 987
f 987 852 1038
f 1029 1038 1037
f 1039 1028 1024
f 1039 1025 1029
f 1027 855 1022
f 1027 1022 1024
f 1024 1025 1039
f 852 853 1034
f 1037 1036 1039
f 1039 1036 1028
f 1028 1036 1035
f 852 1034 1038
f 1038 1034 1037
f 1028 1035 854
f 856 854 1035
f 1039 1029 1037
f 852 1040 851
f 851 1040 1041
f 916 851 1041
f 919 911 916
f 919 916 1042
f 1042 916 1041
f 990 984 1040
f 1040 984 985
f 910 863 909
f 910 911 919
f 1042 1041 985
f 985 1041 1040
f 990 1040 852
f 904 851 916
f 905 906 886
f 1025 1021 962
f 962 968 980
f 980 968 969
f 858 860 989
f 860 971 988
f 988 971 991
f 937 936 942
f 937 942 996
f 926 924 865
f 865 918 864
f 864 918 913
f 915 928 927
f 915 927 868
f 895 898 897
f 414 871 411
f 479 1030 903
f 864 909 863
f 863 910 919
f 920 919 1042
f 1042 985 920
f 920 985 938
f 987 1038 981
f 981 1038 1029
f 532 856 1023
f 532 1023 426
f 99 1044 1043
f 270 1046 1045
f 788 269 270
f 788 270 1045
f 1046 270 271
f 99 1043 271
f 271 1043 1046
f 562 565 1047
f 1048 1050 1049
f 1051 1053 1052
f 1054 1056 1055
f 598 434 1057
f 436 1058 435
f 341 339 1059
f 1060 434 435
f 93 98 546
f 1061 81 61
f 1062 28 51
f 1043 1044 28
f 1063 768 769
f 1064 766 767
f 732 733 1065
f 1066 1068 1067
f 1066 1067 1069
f 8 1070 73
f 73 1070 1071
f 73 1071 60
f 1072 1071 1070
f 1073 1072 1074
f 60 1071 1073
f 60 1073 1075
f 1076 1077 1069
f 1076 1069 1078
f 1078 1067 7
f 1077 1079 1055
f 1080 1077 1056
f 1073 1082 1081
f 1082 1073 1074
f 1081 1083 1075
f 1075 1083 1084
f 1075 1084 1085
f 1086 92 1087
f 1087 92 91
f 1087 91 1061
f 1061 91 81
f 1088 1089 61
f 1075 1088 60
f 60 1088 61
f 61 1089 1061
f 52 92 1090
f 1073 1081 1075
f 1088 1075 1085
f 1088 1085 1089
f 1089 1085 1091
f 1089 1091 1061
f 1061 1092 1087
f 1085 1093 1091
f 1061 1091 1092
f 1054 1095 1094
f 1054 1094 1096
f 1055 1095 1054
f 1097 1096 1098
f 1097 1098 1099
f 1056 1054 1096
f 1100 1101 1080
f 1080 1101 1066
f 1101 1074 1066
f 1066 1074 1072
f 1066 1072 1070
f 1066 1070 1068
f 1100 1056 1096
f 1100 1096 1097
f 1066 1077 1080
f 1080 1056 1100
f 1101 1100 1097
f 1101 1097 1099
f 1102 1053 1051
f 1103 1093 1084
f 1104 1106 1105
f 1052 1106 1104
f 1107 1093 1108
f 1108 1093 1103
f 1105 1103 1109
f 1109 1051 1052
f 1052 1099 1098
f 1110 1107 1111
f 1111 1107 1108
f 1111 1108 1112
f 1108 1103 1113
f 1113 1103 1105
f 1114 1107 1110
f 1087 1092 1115
f 1116 1117 1092
f 1116 1092 1114
f 1091 1114 1092
f 1115 1092 1117
f 1082 1053 1102
f 1085 1084 1093
f 1093 1107 1114
f 1118 1117 1116
f 1119 1121 1120
f 1105 1119 1113
f 1113 1119 1122
f 1123 1125 1124
f 1126 1128 1127
f 1128 1125 1127
f 1129 1052 1098
f 1129 1098 1130
f 1113 1112 1108
f 1131 1123 1124
f 1132 1124 1128
f 1132 1128 1133
f 1131 1124 1132
f 1134 1110 1135
f 1135 1110 1111
f 1135 1111 1136
f 1136 1111 1122
f 1136 1122 1131
f 1122 1111 1112
f 1122 1112 1113
f 1105 1109 1104
f 1104 1109 1052
f 1117 1118 1137
f 1086 1087 1115
f 1086 1115 1117
f 1086 1117 1137
f 92 1086 1138
f 1138 1086 1139
f 1140 1118 1134
f 1141 1135 1136
f 1140 1137 1118
f 788 1139 1137
f 788 1137 1140
f 1137 1139 1086
f 1134 1118 1110
f 1110 1118 1116
f 1110 1116 1114
f 1114 1091 1093
f 1083 1081 1102
f 1102 1081 1082
f 1132 1141 1136
f 1132 1136 1131
f 1131 1122 1120
f 1120 1122 1119
f 51 52 1142
f 1142 52 1090
f 1142 1090 1139
f 51 1142 1046
f 1133 781 782
f 1133 782 785
f 1134 787 1140
f 1140 787 788
f 1045 1139 788
f 787 1134 785
f 1133 1128 781
f 1138 1139 1090
f 1138 1090 92
f 1073 1071 1072
f 28 1062 1043
f 1043 1062 1046
f 1141 1132 1133
f 1141 1133 785
f 1141 785 1135
f 1135 785 1134
f 1139 1045 1142
f 1142 1045 1046
f 1046 1062 51
f 1143 1058 436
f 1059 1144 341
f 1144 1059 1145
f 1145 1147 1146
f 437 438 1148
f 1149 1049 1059
f 1059 1049 1145
f 436 341 1143
f 1143 341 1144
f 1147 1145 1049
f 1048 1049 1149
f 1050 1151 1150
f 1050 1153 1152
f 1147 1154 1146
f 1154 1155 1146
f 1144 1145 1143
f 1143 1145 1156
f 1150 1147 1049
f 1049 1050 1150
f 1154 1157 1155
f 1147 1158 1154
f 1159 1161 1160
f 1159 1163 1162
f 1164 1166 1165
f 1164 1167 1166
f 1166 1167 1168
f 1168 1169 1166
f 1123 1164 1165
f 1154 1158 1170
f 1154 1170 1171
f 1154 1171 1157
f 1157 1159 1172
f 1172 1159 1162
f 1157 1171 1159
f 1173 1163 1169
f 1166 1163 1159
f 1166 1159 1160
f 1161 1171 1170
f 1174 1170 1158
f 1175 1158 1151
f 1176 1177 1174
f 1161 1177 1178
f 1161 1178 1160
f 1169 1163 1166
f 1161 1159 1171
f 1161 1170 1177
f 1177 1170 1174
f 1174 1158 1175
f 1174 1175 1179
f 1175 1180 1179
f 1166 1160 1165
f 1165 1160 1178
f 1178 1176 1181
f 1178 1182 1165
f 1165 1182 1123
f 1176 1184 1183
f 1176 1183 1181
f 1181 1183 1127
f 1174 1184 1176
f 1182 1181 1125
f 1182 1125 1123
f 1120 1164 1123
f 1173 1169 1168
f 438 440 1148
f 437 1185 641
f 641 1185 337
f 440 441 1186
f 440 1186 1148
f 441 444 1187
f 1059 339 1149
f 1149 339 337
f 1149 337 1048
f 1048 337 1185
f 1048 1153 1050
f 1050 1152 1151
f 1185 1148 1188
f 1185 1188 1048
f 1048 1188 1153
f 1148 1185 437
f 1152 1153 1189
f 1186 441 1187
f 1186 1187 1190
f 1191 1190 1192
f 1153 1064 1189
f 1063 1064 768
f 1064 767 768
f 1064 1191 766
f 1187 1194 1193
f 1193 1194 1195
f 444 1196 1194
f 1194 1196 1195
f 446 732 445
f 732 1198 1197
f 732 1197 445
f 1191 1192 766
f 444 620 1196
f 1196 620 1197
f 1196 1197 1195
f 1195 1197 1198
f 1195 1198 1199
f 1191 1064 1153
f 1191 1153 1188
f 620 445 1197
f 1148 1186 1190
f 1148 1190 1188
f 1188 1190 1191
f 1065 765 1199
f 1199 765 764
f 1199 764 1193
f 1198 732 1065
f 765 1065 733
f 1065 1199 1198
f 1199 1193 1195
f 1193 1192 1190
f 1187 444 1194
f 1187 1193 1190
f 1192 1193 766
f 766 1193 764
f 1189 1200 1180
f 1180 1200 1201
f 771 1202 1201
f 774 1202 773
f 1179 1202 1184
f 1179 1184 1174
f 1177 1176 1178
f 1178 1181 1182
f 1202 771 772
f 771 1201 770
f 1175 1189 1180
f 1179 1180 1201
f 1179 1201 1202
f 1202 772 773
f 769 770 1201
f 769 1201 1200
f 769 1200 1063
f 1063 1200 1064
f 1064 1200 1189
f 1152 1189 1175
f 1152 1175 1151
f 1150 1151 1158
f 1150 1158 1147
f 1157 1172 1155
f 1184 776 1183
f 1184 774 776
f 778 1183 776
f 1183 778 1126
f 1183 1126 1127
f 1124 1125 1128
f 1128 1126 781
f 781 1126 789
f 789 1126 779
f 779 1126 778
f 561 562 1047
f 1078 1069 1067
f 1068 8 9
f 1068 9 1067
f 1067 9 7
f 93 1203 90
f 90 1203 1204
f 1205 1207 1206
f 1206 1207 1208
f 546 547 1205
f 1205 547 1207
f 1206 1204 1203
f 1206 1203 1205
f 1205 93 546
f 7 90 1078
f 1078 1204 1076
f 1209 1210 1208
f 1209 1208 1207
f 561 550 554
f 1207 547 550
f 550 1209 1207
f 1209 550 561
f 1211 1047 565
f 1211 565 1212
f 1212 565 574
f 1077 1076 1079
f 1079 1213 1055
f 1206 1208 1204
f 1204 1208 1076
f 1076 1210 1079
f 1079 1210 1214
f 1066 1069 1077
f 1056 1077 1055
f 1204 1078 90
f 589 1212 574
f 589 1215 1212
f 1212 1215 1211
f 589 598 1215
f 1215 1217 1216
f 598 1057 1215
f 1215 1057 1218
f 1215 1218 1217
f 1217 1219 1216
f 1057 434 1060
f 1216 1221 1220
f 1057 1060 1218
f 1217 1218 1219
f 1219 1222 1216
f 1216 1222 1221
f 435 1058 1060
f 1060 1223 1218
f 1218 1223 1156
f 1218 1222 1219
f 1221 1172 1224
f 1060 1058 1223
f 1156 1145 1218
f 1218 1146 1222
f 1222 1155 1221
f 1221 1155 1172
f 1225 1226 1220
f 1225 1220 1227
f 1227 1220 1224
f 1228 1229 1162
f 1228 1162 1163
f 1230 1226 1214
f 1227 1224 1229
f 561 1047 1230
f 1230 1047 1226
f 1226 1047 1211
f 1210 1209 1230
f 1231 1226 1225
f 1231 1225 1227
f 1227 1229 1232
f 1210 1230 1214
f 1214 1226 1231
f 1232 1229 1228
f 1228 1163 1233
f 1233 1163 1173
f 1232 1228 1233
f 1129 1235 1234
f 1233 1173 1235
f 1236 1227 1095
f 1095 1227 1232
f 1130 1233 1235
f 1168 1235 1173
f 1162 1229 1224
f 1221 1224 1220
f 1211 1220 1226
f 1098 1096 1130
f 1130 1094 1233
f 1130 1235 1129
f 1202 774 1184
f 1181 1127 1125
f 1123 1131 1120
f 1121 1119 1106
f 1106 1119 1105
f 1106 1052 1234
f 1234 1052 1129
f 1233 1094 1232
f 93 1205 1203
f 1079 1214 1213
f 1213 1231 1055
f 1055 1231 1236
f 1055 1236 1095
f 1095 1232 1094
f 1094 1130 1096
f 1099 1052 1053
f 1051 1109 1103
f 1051 1103 1083
f 1083 1103 1084
f 1051 1083 1102
f 1099 1053 1082
f 1099 1082 1101
f 1101 1082 1074
f 1068 1070 8
f 1155 1222 1146
f 1146 1218 1145
f 1156 1223 1143
f 1223 1058 1143
f 1208 1210 1076
f 1213 1214 1231
f 1236 1231 1227
f 1235 1168 1234
f 1234 1168 1167
f 1234 1167 1121
f 1234 1121 1106
f 1121 1167 1120
f 1164 1120 1167
f 1172 1162 1224
f 1216 1220 1211
f 1216 1211 1215
f 561 1230 1209
f 1237 792 1238
f 1239 1240 797
f 1241 1243 1242
f 1244 1246 1245
f 1247 1249 1248
f 816 1250 814
f 809 812 1251
f 804 806 1252
f 1253 803 804
f 1253 802 803
f 1253 801 802
f 800 801 1254
f 792 793 1238
f 1255 1257 1256
f 1258 50 68
f 1259 87 88
f 1260 57 79
f 1261 34 42
f 1262 1264 1263
f 37 1265 38
f 38 1265 1266
f 38 1266 89
f 1267 1266 1265
f 1268 1267 1269
f 89 1266 1268
f 89 1268 1270
f 1271 1273 1272
f 1273 1262 1272
f 1272 1262 1263
f 1273 1271 1248
f 1274 1273 1249
f 1268 1276 1275
f 1276 1268 1269
f 1275 1277 1270
f 1270 1277 1278
f 1270 1278 1279
f 1280 39 1281
f 1281 39 40
f 1281 40 1260
f 1260 40 57
f 1282 1283 79
f 1270 1282 89
f 89 1282 79
f 79 1283 1260
f 41 39 1284
f 1268 1275 1270
f 1282 1270 1279
f 1282 1279 1283
f 1283 1279 1285
f 1283 1285 1260
f 1260 1286 1281
f 1279 1287 1285
f 1260 1285 1286
f 1247 1289 1288
f 1247 1288 1290
f 1248 1289 1247
f 1291 1290 1292
f 1291 1292 1293
f 1249 1247 1290
f 1294 1295 1274
f 1274 1295 1296
f 1264 1296 1265
f 1295 1269 1296
f 1296 1269 1267
f 1296 1267 1265
f 1294 1249 1290
f 1294 1290 1291
f 1296 1273 1274
f 1274 1249 1294
f 1295 1294 1291
f 1295 1291 1293
f 1264 1262 1296
f 1297 1246 1244
f 1298 1287 1278
f 1299 1301 1300
f 1245 1301 1299
f 1302 1287 1303
f 1303 1287 1298
f 1300 1298 1304
f 1304 1244 1245
f 1245 1293 1292
f 1305 1302 1306
f 1306 1302 1303
f 1306 1303 1307
f 1303 1298 1308
f 1308 1298 1300
f 1309 1302 1305
f 1281 1286 1310
f 1311 1312 1286
f 1311 1286 1309
f 1285 1309 1286
f 1310 1286 1312
f 1276 1246 1297
f 1279 1278 1287
f 1287 1302 1309
f 1313 1312 1311
f 1314 1316 1315
f 1300 1314 1308
f 1308 1314 1317
f 1318 1320 1319
f 809 1321 808
f 1321 1251 1320
f 1321 1320 1322
f 1323 1245 1292
f 1323 1292 1324
f 1308 1307 1303
f 1325 1318 1319
f 1326 1319 1251
f 1326 1251 1327
f 1325 1319 1326
f 1328 1305 1329
f 1329 1305 1306
f 1329 1306 1330
f 1330 1306 1317
f 1330 1317 1325
f 1317 1306 1307
f 1317 1307 1308
f 1300 1304 1299
f 1299 1304 1245
f 1312 1313 1331
f 1280 1281 1310
f 1280 1310 1312
f 1280 1312 1331
f 39 1280 1332
f 1332 1280 1333
f 1334 1329 1330
f 1328 1331 1313
f 331 1333 1331
f 331 1331 1335
f 1335 1331 1328
f 1335 1328 1250
f 1250 1328 1329
f 1331 1333 1280
f 1328 1313 1305
f 1305 1313 1311
f 1305 1311 1309
f 1309 1285 1287
f 1277 1275 1297
f 1297 1275 1276
f 1326 1334 1330
f 1326 1330 1325
f 1325 1317 1315
f 1315 1317 1314
f 1284 1333 1336
f 42 41 1337
f 1337 41 1284
f 1337 1284 1336
f 1337 1336 332
f 816 1335 1250
f 813 1327 812
f 812 1327 1251
f 331 1335 815
f 815 1335 816
f 331 1336 1333
f 1332 1333 1284
f 1332 1284 39
f 1268 1266 1267
f 34 1261 318
f 318 1261 335
f 1334 1326 1327
f 1334 1327 813
f 1334 813 1329
f 1329 813 814
f 1329 814 1250
f 1336 331 332
f 332 335 1337
f 1337 335 1261
f 1337 1261 42
f 1338 1340 1339
f 1338 1339 1257
f 1338 1257 1341
f 1256 1342 1255
f 1257 1255 1341
f 1341 1344 1343
f 1345 1347 1346
f 1342 1242 1255
f 1255 1242 1341
f 1344 1341 1242
f 1241 1242 1342
f 1243 1349 1348
f 1243 1351 1350
f 1344 1352 1343
f 1352 1353 1343
f 1338 1341 1354
f 1348 1344 1242
f 1242 1243 1348
f 1352 1355 1353
f 1344 1356 1352
f 1357 1359 1358
f 1360 1357 1361
f 1362 1364 1363
f 1362 1365 1364
f 1364 1365 1366
f 1366 1361 1364
f 1318 1362 1363
f 1352 1356 1367
f 1352 1367 1368
f 1352 1368 1355
f 1355 1357 1369
f 1369 1357 1360
f 1355 1368 1357
f 1370 1360 1361
f 1364 1361 1357
f 1364 1357 1358
f 1359 1368 1367
f 1371 1367 1356
f 1372 1356 1349
f 1373 1374 1371
f 1359 1374 1375
f 1359 1375 1358
f 1359 1357 1368
f 1359 1367 1374
f 1374 1367 1371
f 1371 1356 1372
f 1371 1372 1376
f 1372 1377 1376
f 1364 1358 1363
f 1363 1358 1375
f 1375 1373 1378
f 1375 1379 1363
f 1363 1379 1318
f 1373 1380 1322
f 1373 1322 1378
f 1371 1380 1373
f 1379 1378 1320
f 1379 1320 1318
f 1315 1362 1318
f 1370 1361 1366
f 1347 1381 1346
f 1345 1383 1382
f 1384 1386 1385
f 1346 1386 1387
f 1387 1389 1388
f 1346 1381 1386
f 1390 1346 1387
f 1342 1256 1391
f 1342 1391 1241
f 1241 1391 1383
f 1241 1351 1243
f 1243 1350 1349
f 1383 1346 1390
f 1383 1390 1241
f 1241 1390 1351
f 1346 1383 1345
f 1383 1391 1382
f 1350 1351 1392
f 1386 1384 1389
f 1386 1389 1387
f 1240 1387 1393
f 1351 1239 1392
f 1394 1239 798
f 798 1239 797
f 798 799 1394
f 1395 1396 1389
f 1389 1396 1397
f 1389 1397 1388
f 1396 1398 1397
f 1388 1397 1399
f 1397 1398 1400
f 1397 1400 1399
f 792 1400 713
f 1399 1400 1237
f 792 1237 1400
f 1399 1237 1401
f 1240 1239 1351
f 1240 1351 1390
f 1399 1401 1388
f 1388 1393 1387
f 1398 713 1400
f 1240 1393 797
f 797 1393 796
f 796 1393 1401
f 1381 1385 1386
f 1390 1387 1240
f 795 796 1238
f 1238 796 1401
f 795 1238 793
f 1238 1401 1237
f 1401 1393 1388
f 1384 1395 1389
f 1377 1402 1254
f 1254 801 1253
f 1252 1380 1403
f 1376 1403 1380
f 1376 1380 1371
f 1374 1373 1375
f 1375 1378 1379
f 1254 1253 1403
f 1372 1392 1377
f 1376 1377 1254
f 1376 1254 1403
f 800 1254 799
f 799 1254 1402
f 799 1402 1394
f 1394 1402 1377
f 1394 1377 1239
f 1239 1377 1392
f 1350 1392 1372
f 1350 1372 1349
f 1348 1349 1356
f 1348 1356 1344
f 1355 1369 1353
f 1253 804 1252
f 1380 1252 1322
f 1252 806 807
f 1322 1252 818
f 818 1252 807
f 1319 1320 1251
f 1251 1321 809
f 808 1321 1322
f 808 1322 818
f 1404 1406 1405
f 1407 49 50
f 1408 1258 1409
f 1408 1409 1410
f 1263 87 1259
f 1265 37 1264
f 1264 37 36
f 1264 36 1263
f 1263 36 87
f 49 1407 88
f 88 1407 1411
f 1258 1408 1407
f 1407 1408 1412
f 1258 1407 50
f 1412 1411 1407
f 1259 1411 1263
f 1263 1411 1272
f 1413 1412 1408
f 1414 1415 1406
f 1406 1415 1410
f 1406 1410 1416
f 1417 1404 1405
f 1417 1405 1418
f 1418 1405 1419
f 1272 1412 1420
f 1272 1420 1271
f 1411 1412 1272
f 1271 1421 1248
f 1271 1420 1422
f 1296 1262 1273
f 1249 1273 1248
f 1411 1259 88
f 1419 1424 1423
f 1419 1423 1418
f 1418 1423 1417
f 1424 1425 1423
f 1425 1426 1423
f 1423 1428 1427
f 1425 1429 1426
f 1423 1426 1428
f 1427 1428 1430
f 1426 1431 1428
f 1428 1432 1430
f 1429 1433 1426
f 1426 1433 1431
f 1428 1431 1432
f 1430 1432 1434
f 1435 1436 1429
f 1429 1436 1437
f 1429 1437 1433
f 1432 1431 1438
f 1432 1438 1439
f 1432 1439 1434
f 1435 1340 1436
f 1433 1437 1354
f 1433 1354 1431
f 1439 1440 1434
f 1436 1340 1437
f 1354 1341 1431
f 1431 1343 1438
f 1435 1339 1340
f 1438 1353 1439
f 1439 1353 1440
f 1414 1442 1441
f 1443 1434 1444
f 1444 1434 1440
f 1441 1442 1430
f 1441 1430 1444
f 1444 1430 1443
f 1444 1440 1445
f 1446 1445 1447
f 1370 1447 1360
f 1360 1447 1445
f 1430 1442 1417
f 1406 1404 1414
f 1414 1404 1442
f 1442 1404 1417
f 1440 1369 1445
f 1445 1369 1360
f 1413 1415 1414
f 1448 1441 1444
f 1449 1446 1450
f 1323 1452 1451
f 1448 1444 1449
f 1450 1370 1452
f 1452 1370 1366
f 1453 1449 1289
f 1324 1450 1452
f 1447 1370 1450
f 1447 1450 1446
f 1445 1446 1449
f 1445 1449 1444
f 1441 1448 1422
f 1414 1422 1420
f 1414 1420 1413
f 1415 1413 1408
f 1415 1408 1410
f 1405 1406 1416
f 1414 1441 1422
f 1292 1290 1324
f 1324 1288 1450
f 1324 1452 1323
f 1403 1253 1252
f 1378 1322 1320
f 1318 1325 1315
f 1316 1314 1301
f 1301 1314 1300
f 1301 1245 1451
f 1451 1245 1323
f 1450 1288 1449
f 1271 1422 1421
f 1421 1448 1248
f 1248 1448 1453
f 1248 1453 1289
f 1289 1449 1288
f 1288 1324 1290
f 1293 1245 1246
f 1244 1304 1298
f 1244 1298 1277
f 1277 1298 1278
f 1244 1277 1297
f 1293 1246 1276
f 1293 1276 1295
f 1295 1276 1269
f 1369 1440 1353
f 1353 1438 1343
f 1343 1431 1341
f 1354 1437 1338
f 1437 1340 1338
f 1412 1413 1420
f 1421 1422 1448
f 1453 1448 1449
f 1452 1366 1451
f 1451 1366 1365
f 1451 1365 1316
f 1451 1316 1301
f 1316 1365 1315
f 1362 1315 1365
f 1434 1443 1430
f 1427 1430 1417
f 1427 1417 1423
f 850 1454 825
f 825 1454 824
f 1455 1457 1456
f 30 1459 1458
f 1410 1409 1416
f 1405 1460 1419
f 1429 1425 1461
f 1435 1429 1461
f 1462 1339 1435
f 1257 1463 1256
f 1398 1464 713
f 713 1464 712
f 708 712 1464
f 710 1464 1465
f 1466 1468 1467
f 686 1469 687
f 1470 1469 1471
f 1472 1474 1473
f 1473 1474 1475
f 1473 1475 1476
f 1477 1479 1478
f 1480 64 55
f 1481 65 1482
f 1482 65 63
f 1483 46 85
f 1483 85 1484
f 1484 85 65
f 1459 46 1483
f 1459 30 46
f 1485 35 1458
f 1458 35 30
f 1486 66 1487
f 1487 66 1488
f 1488 66 35
f 1488 35 1485
f 1486 48 66
f 1486 1489 48
f 48 1489 1490
f 1491 1493 1492
f 1494 1496 1495
f 1494 1495 1497
f 1498 1500 1499
f 1501 1503 1502
f 1501 1502 1504
f 1496 1506 1505
f 1507 1509 1508
f 1507 1510 1509
f 1509 1510 1457
f 1510 1456 1457
f 1457 1512 1511
f 1509 1457 1511
f 1513 1514 1503
f 1497 1498 1515
f 1503 1514 1502
f 1504 1502 1499
f 1498 1516 1515
f 1498 1499 1516
f 1494 1515 1506
f 1514 1511 1517
f 1502 1514 1518
f 1499 1502 1519
f 1499 1520 1516
f 1506 1515 1521
f 1506 1522 1505
f 1505 1522 1523
f 1506 1521 1522
f 1521 1515 1516
f 1519 1520 1499
f 1519 1502 1518
f 1518 1514 1517
f 1524 1517 1511
f 1511 1514 1513
f 1511 1513 1509
f 1509 1513 1525
f 1511 1512 1524
f 1517 1526 1518
f 1518 1526 1519
f 1516 1527 1521
f 1523 1522 77
f 1512 1528 1524
f 1519 1529 1520
f 1516 1520 1527
f 1522 76 77
f 1530 1532 1531
f 1524 1528 1533
f 1524 1533 1517
f 1517 1534 1526
f 1519 1526 1529
f 1521 1527 1522
f 1522 1527 76
f 1517 1533 1534
f 1520 1535 1527
f 1526 1534 1536
f 1529 1526 1537
f 1520 1529 1535
f 1535 1538 1527
f 1527 1539 75
f 1527 75 76
f 1529 1540 1535
f 1527 1538 1539
f 1541 1530 1542
f 1542 1530 1531
f 1528 1543 1533
f 1533 1531 1534
f 1534 1531 1536
f 1526 1536 1537
f 1529 1537 1540
f 1535 1540 1538
f 1544 1541 1542
f 1543 1542 1531
f 1544 1542 1545
f 1545 1542 1543
f 1546 1484 65
f 1546 65 1481
f 1547 1481 1482
f 1482 63 1548
f 1548 63 64
f 1548 64 1480
f 1538 1480 55
f 1456 1549 1455
f 1550 1552 1551
f 1553 1551 1554
f 1435 1555 1462
f 1556 1461 1425
f 1555 1435 1461
f 1425 1558 1557
f 1455 1559 1457
f 1559 1455 1560
f 1561 1563 1562
f 1562 1563 1564
f 1565 1567 1566
f 1566 1567 1568
f 1568 1567 1569
f 1570 1569 1571
f 1572 1574 1573
f 1572 1573 1575
f 1551 1576 1554
f 1565 1577 1567
f 1480 1538 1540
f 1480 1540 1548
f 1548 1540 1578
f 1548 1578 1482
f 1482 1578 1579
f 1482 1579 1547
f 1481 1547 1580
f 1481 1580 1546
f 1484 1546 1581
f 1484 1581 1483
f 1483 1581 1459
f 1459 1581 1582
f 1459 1582 1458
f 1537 1536 1532
f 1579 1532 1530
f 1579 1530 1580
f 1580 1530 1541
f 1541 1544 1583
f 1582 1585 1584
f 1582 1584 1485
f 1485 1584 1488
f 1540 1537 1578
f 1578 1532 1579
f 1579 1580 1547
f 1580 1541 1546
f 1546 1541 1583
f 1546 1583 1581
f 1582 1485 1458
f 1578 1537 1532
f 1581 1583 1585
f 1581 1585 1582
f 1562 1584 1585
f 1487 1488 1584
f 1486 1487 1586
f 1586 1487 1584
f 1586 1584 1564
f 1562 1585 1561
f 1561 1544 1587
f 1587 1544 1545
f 1564 1568 1586
f 1586 1588 1486
f 1486 1588 1489
f 1564 1584 1562
f 1561 1585 1583
f 1561 1583 1544
f 1545 1543 1559
f 1587 1545 1560
f 1560 1545 1559
f 1587 1589 1561
f 1561 1589 1563
f 1564 1563 1568
f 1586 1568 1570
f 1586 1570 1588
f 47 48 1490
f 1590 1490 1588
f 1568 1563 1589
f 1591 1587 1553
f 1553 1587 1560
f 1592 1560 1549
f 1592 1549 1456
f 1490 1489 1588
f 1591 1589 1587
f 1560 1455 1549
f 1593 1577 1594
f 1558 1425 1424
f 1595 1424 1419
f 1595 1419 1460
f 1460 1405 1596
f 1596 1405 1416
f 1597 1598 1594
f 1577 1593 1599
f 1599 1593 1600
f 1601 1603 1602
f 1566 1568 1589
f 1566 1589 1565
f 1565 1591 1554
f 1554 1591 1553
f 1575 1592 1510
f 47 1604 78
f 1456 1510 1592
f 1560 1592 1551
f 1560 1551 1553
f 1591 1565 1589
f 1588 1570 1571
f 1588 1571 1590
f 1490 1590 47
f 1604 47 1590
f 1590 1571 1604
f 1569 1570 1568
f 1551 1592 1550
f 1550 1592 1575
f 1572 1575 1510
f 1416 1606 1605
f 1460 1596 1607
f 1460 1607 1608
f 1595 1608 1609
f 1595 1609 1610
f 1558 1610 1611
f 1610 1424 1595
f 1608 1595 1460
f 1605 1596 1416
f 1611 1557 1558
f 1610 1558 1424
f 1416 1409 1606
f 1606 1409 1612
f 1258 1613 1612
f 86 1614 67
f 1598 1615 1610
f 1598 1610 1609
f 1598 1609 1594
f 1594 1609 1593
f 67 1616 68
f 1594 1577 1597
f 1598 1597 1617
f 1598 1617 1618
f 1593 1608 1607
f 1593 1607 1600
f 1600 1607 1619
f 1600 1619 1603
f 1603 1619 1602
f 1602 1616 1614
f 1614 1616 67
f 1409 1258 1612
f 1258 68 1613
f 1613 68 1612
f 1596 1605 1607
f 1608 1593 1609
f 1607 1605 1619
f 1602 1619 1616
f 1616 1612 68
f 1620 1622 1621
f 1623 1624 1574
f 1507 1572 1510
f 1512 1457 1559
f 1512 1559 1528
f 1528 1559 1543
f 1533 1543 1531
f 1539 1538 55
f 1539 55 75
f 1536 1531 1532
f 86 1625 1614
f 1603 1601 1600
f 1618 1617 1576
f 1626 1576 1627
f 1628 1627 1629
f 1630 1618 1626
f 1614 1625 1602
f 1602 1625 1604
f 1602 1604 1601
f 1597 1565 1617
f 1627 1552 1629
f 1573 1574 1631
f 1573 1632 1575
f 1575 1632 1629
f 1575 1629 1550
f 1550 1629 1552
f 1552 1627 1551
f 1551 1627 1576
f 1554 1576 1617
f 1554 1617 1565
f 1571 1569 1604
f 1604 1625 78
f 1633 1635 1634
f 1633 1634 1636
f 1636 1634 1637
f 1636 1637 1638
f 1638 1637 1639
f 1638 1639 1640
f 1641 1618 1630
f 1642 1630 1628
f 1643 1628 1644
f 1635 1645 1631
f 1635 1631 1646
f 1647 1615 1641
f 1642 1643 1648
f 1644 1645 1635
f 1630 1626 1628
f 1649 1615 1647
f 1650 1647 1642
f 1651 1642 1652
f 1648 1644 1635
f 1653 1639 1622
f 1622 1639 1637
f 1622 1637 1646
f 1646 1637 1634
f 1646 1634 1635
f 1644 1648 1643
f 1648 1652 1642
f 1641 1642 1647
f 1615 1598 1618
f 1615 1618 1641
f 1641 1630 1642
f 1642 1628 1643
f 1644 1628 1632
f 1644 1632 1645
f 1640 1639 1654
f 1621 1622 1646
f 1621 1646 1631
f 1631 1645 1573
f 1573 1645 1632
f 1632 1628 1629
f 1627 1628 1626
f 1576 1626 1618
f 1655 1465 1464
f 710 708 1464
f 1398 1655 1464
f 1656 1658 1657
f 1657 1658 1659
f 1657 1659 1660
f 1659 1465 1661
f 1661 1465 1655
f 1661 1655 1398
f 1661 1398 1396
f 1662 1657 1660
f 1663 1660 1661
f 1663 1661 1396
f 1663 1396 1395
f 1664 1665 1653
f 1653 1665 1639
f 1639 1665 1654
f 1654 1667 1666
f 1666 1347 1345
f 1640 1668 1638
f 1638 1668 1669
f 1638 1669 1636
f 1636 1669 1670
f 1636 1670 1633
f 1670 1672 1671
f 1670 1671 1652
f 1652 1671 1651
f 1651 1671 1673
f 1672 1670 1674
f 1674 1670 1669
f 1674 1669 1675
f 1675 1669 1668
f 1673 1671 1676
f 1676 1671 1672
f 1676 1672 1677
f 1345 1382 1675
f 1652 1648 1633
f 1652 1633 1670
f 1640 1654 1668
f 1668 1654 1666
f 1668 1666 1675
f 1675 1666 1345
f 1673 1676 1678
f 1673 1678 1650
f 1675 1391 1674
f 1674 1391 1256
f 1674 1256 1677
f 1674 1677 1672
f 1650 1678 1649
f 1679 1676 1463
f 1463 1676 1677
f 1463 1677 1256
f 1391 1675 1382
f 1680 1556 1678
f 1678 1556 1557
f 1463 1257 1679
f 1678 1557 1611
f 1649 1611 1615
f 1257 1339 1679
f 1339 1462 1679
f 1679 1462 1555
f 1425 1557 1556
f 1461 1556 1680
f 1461 1680 1555
f 1555 1680 1679
f 1611 1649 1678
f 1680 1678 1676
f 1680 1676 1679
f 1612 1616 1606
f 1606 1616 1619
f 1606 1619 1605
f 1610 1615 1611
f 1649 1647 1650
f 1650 1642 1673
f 1673 1642 1651
f 1633 1648 1635
f 686 688 1469
f 1469 688 1471
f 688 690 1471
f 1471 1682 1681
f 690 1682 1471
f 1683 1681 1684
f 1684 1681 1682
f 1684 1682 1685
f 1472 1686 1474
f 1687 1475 1474
f 1681 1686 1471
f 1471 1686 1470
f 1470 1686 1472
f 1686 1681 1474
f 1474 1681 1683
f 1474 1683 1687
f 1478 1479 1688
f 1689 1683 1684
f 1690 1684 1685
f 1468 1466 1656
f 1660 1659 1661
f 1689 1684 1691
f 1691 1684 1692
f 1660 1663 1662
f 1693 1694 1468
f 1468 1694 1695
f 1687 1689 1696
f 1696 1689 1691
f 1697 1691 1692
f 1697 1692 1698
f 1698 1695 1694
f 1662 1663 1699
f 1692 1695 1698
f 1694 1693 1700
f 1693 1657 1701
f 1701 1657 1662
f 1663 1395 1384
f 1702 1475 1687
f 1697 1698 1703
f 1703 1698 1694
f 1703 1694 1704
f 1704 1694 1700
f 1705 1693 1701
f 1702 1696 1706
f 1706 1696 1697
f 1707 1697 1703
f 1704 1700 1705
f 1705 1701 1708
f 1702 1687 1696
f 1700 1693 1705
f 1709 1708 1699
f 1710 1699 1384
f 1710 1384 1385
f 1696 1691 1697
f 1701 1662 1708
f 1708 1662 1699
f 1699 1663 1384
f 1711 1712 1705
f 1704 1712 1713
f 1704 1713 1714
f 1704 1714 1703
f 1703 1714 1707
f 1702 1716 1715
f 1711 1665 1712
f 1714 1717 1707
f 1707 1718 1706
f 1706 1718 1716
f 1716 1702 1706
f 1711 1709 1719
f 1719 1709 1710
f 1719 1710 1667
f 1667 1710 1381
f 1665 1720 1712
f 1712 1720 1713
f 1713 1720 1721
f 1713 1721 1714
f 1714 1721 1717
f 1716 1722 1688
f 1722 1716 1718
f 1722 1718 1723
f 1665 1711 1654
f 1654 1711 1719
f 1654 1719 1667
f 1688 1715 1716
f 1718 1707 1717
f 1347 1666 1667
f 1347 1667 1381
f 1385 1381 1710
f 1710 1709 1699
f 1709 1711 1708
f 1708 1711 1705
f 1705 1712 1704
f 1697 1707 1706
f 1702 1715 1476
f 1723 1718 1724
f 1684 1690 1692
f 1692 1690 1467
f 1692 1467 1695
f 1467 1468 1695
f 1468 1656 1693
f 1693 1656 1657
f 1725 1479 1477
f 1726 1478 1722
f 1726 1722 1723
f 1727 1729 1728
f 1730 1725 1731
f 1730 1731 1732
f 1733 1735 1734
f 1734 1735 1736
f 1736 1729 1727
f 1737 1727 1728
f 1738 1728 1730
f 1731 1725 1477
f 1730 1732 1738
f 1728 1738 1737
f 1734 1727 1737
f 1739 1732 1731
f 1739 1731 1740
f 1740 1731 1477
f 1741 1733 1734
f 1734 1736 1727
f 1742 1738 1732
f 1743 1734 1737
f 1478 1744 1477
f 1734 1743 1745
f 1734 1745 1741
f 1741 1745 1746
f 1741 1746 1733
f 1477 1744 1740
f 1740 1744 1747
f 1740 1747 1739
f 1739 1748 1732
f 1732 1748 1742
f 1738 1742 1743
f 1743 1749 1745
f 1746 1745 1750
f 1743 1751 1749
f 1752 1746 1750
f 1750 1745 1753
f 1753 1745 1749
f 1751 1743 1742
f 1742 1748 1754
f 1750 1755 1492
f 1750 1492 1752
f 1726 1756 1744
f 1744 1756 1757
f 1744 1757 1747
f 1748 1758 1754
f 1751 1760 1759
f 1752 1492 1493
f 1761 1762 1749
f 1761 1749 1759
f 1760 1751 1754
f 1755 1750 1753
f 1755 1753 1762
f 1762 1753 1749
f 1759 1749 1751
f 1751 1742 1754
f 1743 1737 1738
f 1744 1478 1726
f 1763 1724 1764
f 1757 1756 1765
f 1765 1756 1763
f 1766 1764 1767
f 1767 1764 1724
f 1765 1763 1768
f 1768 1763 1764
f 1769 1764 1766
f 1664 1653 1770
f 1770 1653 1620
f 1771 1620 1772
f 1726 1763 1756
f 1759 1774 1773
f 1761 1773 1775
f 1775 1491 1755
f 1755 1491 1492
f 1776 1493 1491
f 1775 1773 1777
f 1774 1760 1778
f 1779 1747 1757
f 1763 1726 1724
f 1724 1726 1723
f 1777 1773 1774
f 1778 1760 1758
f 1780 1758 1748
f 1780 1748 1781
f 1781 1747 1779
f 1779 1782 1781
f 1774 1784 1783
f 1777 1783 1785
f 1777 1785 1775
f 1775 1787 1786
f 1778 1780 1784
f 1783 1788 1785
f 1785 1787 1775
f 1776 1786 1789
f 1776 1789 1790
f 1790 1493 1776
f 1788 1783 1784
f 1782 1779 1791
f 1791 1779 1792
f 1792 1779 1757
f 1792 1757 1765
f 1768 1764 1769
f 1769 1766 1793
f 1776 1491 1786
f 1786 1491 1775
f 1783 1777 1774
f 1784 1774 1778
f 1778 1758 1780
f 1782 1780 1781
f 1782 1791 1794
f 1780 1794 1795
f 1784 1796 1788
f 1785 1796 1797
f 1789 1799 1798
f 1791 1801 1800
f 1791 1800 1794
f 1797 1504 1802
f 1799 1802 1495
f 1799 1495 1798
f 1790 1798 1803
f 1798 1790 1789
f 1802 1799 1787
f 1802 1787 1797
f 1796 1784 1795
f 1801 1791 1792
f 1792 1765 1804
f 1804 1768 1771
f 1771 1769 1770
f 1770 1793 1664
f 1800 1507 1508
f 1513 1503 1501
f 1504 1499 1500
f 1495 1500 1497
f 1500 1802 1504
f 1496 1803 1798
f 1500 1495 1802
f 1501 1797 1796
f 1525 1796 1795
f 1525 1795 1508
f 1508 1795 1794
f 1772 1804 1771
f 1620 1771 1770
f 1789 1786 1799
f 1799 1786 1787
f 1797 1787 1785
f 1796 1785 1788
f 1795 1784 1780
f 1794 1780 1782
f 1804 1765 1768
f 1771 1768 1769
f 1770 1769 1793
f 1495 1496 1798
f 1504 1797 1501
f 1501 1796 1513
f 1513 1796 1525
f 1508 1794 1800
f 1801 1792 1623
f 1623 1792 1804
f 1623 1804 1772
f 1621 1772 1620
f 1622 1620 1653
f 1775 1755 1762
f 1775 1762 1761
f 1773 1761 1759
f 1774 1759 1760
f 1760 1754 1758
f 1748 1739 1781
f 1781 1739 1747
f 1683 1689 1687
f 1475 1702 1476
f 1478 1688 1722
f 1718 1717 1724
f 1724 1717 1767
f 1767 1717 1721
f 1767 1721 1766
f 1766 1721 1720
f 1766 1720 1793
f 1793 1720 1664
f 1664 1720 1665
f 1506 1496 1494
f 1515 1494 1497
f 1498 1497 1500
f 1509 1525 1508
f 1507 1800 1572
f 1572 1800 1574
f 1574 1800 1801
f 1574 1801 1623
f 1624 1623 1772
f 1624 1772 1621
f 1624 1621 1631
f 1624 1631 1574
f 1565 1597 1577
f 1567 1577 1599
f 1567 1599 1569
f 1569 1599 1600
f 1569 1600 1601
f 1569 1601 1604
f 78 1625 86
f 99 1805 1044
f 1806 102 822
f 102 104 822
f 1806 99 102
f 1806 1805 99
f 1807 1809 1808
f 77 56 1523
f 1810 1812 1811
f 1811 1812 1813
f 1814 1816 1815
f 1817 1819 1818
f 1729 1820 1728
f 62 82 1821
f 829 839 1822
f 1505 1803 1496
f 1733 1746 1823
f 1824 849 687
f 849 1825 850
f 827 1826 826
f 838 1827 839
f 1822 837 829
f 1805 28 1044
f 1828 1730 1728
f 1829 1725 1730
f 1728 1820 1828
f 1820 1729 1830
f 1828 1820 1831
f 1832 1829 1730
f 1832 1730 1828
f 1828 1831 1832
f 1725 1829 1833
f 1725 1833 1479
f 1834 1833 1835
f 1835 1833 1829
f 1835 1837 1836
f 1835 1832 1837
f 1838 1837 1831
f 1831 1837 1832
f 1839 1838 1831
f 1840 1838 1839
f 1839 1831 1841
f 1476 1842 1473
f 1842 1824 1473
f 1473 1824 1472
f 1843 1479 1833
f 1834 1843 1833
f 1688 1479 1843
f 1715 1844 1476
f 1476 1844 1842
f 1470 1472 1824
f 687 1469 1470
f 687 1470 1824
f 849 1824 1825
f 1824 1842 1845
f 1824 1845 1825
f 1842 1846 1845
f 1825 1454 850
f 1688 1843 1844
f 1847 1843 1834
f 1847 1834 1848
f 1842 1844 1846
f 1849 1844 1843
f 1849 1843 1847
f 1850 1847 1851
f 827 1852 1826
f 1850 1853 1849
f 1845 1853 1825
f 1825 1853 1454
f 847 1850 846
f 847 824 1454
f 1853 1850 847
f 1853 847 1454
f 1850 1851 846
f 846 1851 828
f 827 828 1852
f 1845 1846 1853
f 1854 1820 1830
f 1855 1857 1856
f 1820 1858 1831
f 1834 1835 1848
f 1848 1835 1836
f 1837 1838 1859
f 1859 1838 1840
f 1841 1857 1839
f 1860 1840 1861
f 1861 1840 1839
f 1861 1839 1862
f 1862 1839 1857
f 1863 1836 1837
f 1863 1837 1859
f 1859 1840 1864
f 1836 1865 1848
f 1848 1851 1847
f 1846 1844 1849
f 1851 1848 1865
f 1863 1865 1836
f 1852 1851 1865
f 1866 1863 1867
f 1867 1863 1859
f 1855 1868 1857
f 1857 1868 1862
f 1865 1863 1866
f 1867 1859 1869
f 1869 1859 1870
f 1870 1859 1864
f 1871 1872 1817
f 1872 1874 1873
f 1864 1840 1860
f 1864 1860 1818
f 1873 1817 1872
f 1875 1877 1876
f 1869 1870 1877
f 1877 1878 1876
f 1817 1873 1879
f 1817 1879 1819
f 1819 1879 1880
f 848 1881 1827
f 848 1827 838
f 1826 1866 1882
f 1826 1882 826
f 826 1882 1881
f 826 1881 848
f 839 1827 1822
f 837 1822 830
f 1881 1867 1869
f 1881 1869 1827
f 1822 1827 1875
f 830 1822 831
f 1875 1827 1869
f 1883 1885 1884
f 1886 1873 1883
f 1886 1883 1884
f 1887 1888 1886
f 1886 1888 1889
f 1890 1874 1872
f 1891 841 1876
f 1880 1891 1878
f 1878 1891 1876
f 1878 1877 1819
f 1819 1877 1870
f 1875 1869 1877
f 831 1822 1876
f 831 1876 840
f 840 1876 841
f 1892 1894 1893
f 1893 1894 1895
f 1893 1895 1891
f 1891 1895 1896
f 843 842 1897
f 1898 1900 1899
f 1901 1903 1902
f 843 1897 844
f 1904 1906 1905
f 1905 1906 845
f 1906 1900 1898
f 1898 822 823
f 1898 823 1906
f 45 43 1907
f 45 1907 1908
f 1908 84 45
f 43 1909 1907
f 1816 1910 1815
f 1911 1910 1912
f 1910 1913 1912
f 74 1914 53
f 53 1915 44
f 44 1915 1916
f 44 1916 1909
f 44 1909 43
f 74 1917 1914
f 53 1914 1915
f 1918 1910 1816
f 1918 1816 1919
f 1919 1816 1814
f 1919 1814 1920
f 1919 1920 1921
f 1921 1920 1811
f 1811 1920 1810
f 1813 1812 1922
f 1917 1924 1923
f 1923 1926 1925
f 1925 1926 1927
f 1814 1810 1920
f 1812 1928 1922
f 1929 1922 1928
f 1914 1812 1810
f 1810 1814 1916
f 1916 1814 1930
f 1923 1929 1928
f 1917 1928 1812
f 1917 1812 1914
f 1931 1933 1932
f 1933 1921 1934
f 1921 1935 1934
f 1874 1890 1936
f 1890 1938 1937
f 1939 1936 1890
f 1939 1890 1937
f 1940 1934 1935
f 1886 1884 1887
f 1885 1936 1939
f 1885 1939 1941
f 1942 1935 1811
f 1885 1883 1936
f 1939 1937 1942
f 1942 1937 1943
f 1942 1943 1935
f 1935 1943 1940
f 1942 1813 1939
f 1939 1813 1941
f 1941 1944 1885
f 1885 1944 1884
f 1887 1884 1945
f 1945 1884 1944
f 1929 1925 1944
f 1944 1925 1946
f 1944 1946 1945
f 1925 1947 1946
f 1946 1947 1901
f 1948 1902 1894
f 1896 841 1891
f 1893 1891 1949
f 1893 1949 1892
f 1894 1892 1888
f 1894 1888 1948
f 1902 1948 1946
f 1902 1946 1901
f 1888 1887 1948
f 1948 1887 1945
f 1948 1945 1946
f 1929 1944 1922
f 1811 1935 1921
f 83 33 1950
f 1950 33 1951
f 1923 1924 1926
f 1927 1926 1950
f 82 28 1805
f 1952 1927 1950
f 1952 1951 1953
f 1927 1952 1947
f 1947 1952 1901
f 1952 1953 1954
f 1954 1904 1903
f 844 1897 1905
f 1905 1897 1955
f 1955 1894 1903
f 1903 1894 1902
f 1903 1901 1954
f 1954 1901 1952
f 1952 1950 1951
f 1953 1899 1956
f 1956 1899 1900
f 1956 1900 1904
f 1904 1900 1906
f 1906 823 845
f 1953 1957 1899
f 31 29 1958
f 1821 82 1806
f 1806 82 1805
f 1926 83 1950
f 1958 29 1898
f 1898 29 1959
f 74 83 1924
f 1924 83 1926
f 1951 1960 1953
f 1953 1960 1957
f 1899 1957 1958
f 1899 1958 1898
f 33 32 1960
f 32 31 1957
f 1957 31 1958
f 29 62 1959
f 1959 62 1821
f 1951 33 1960
f 1960 32 1957
f 1917 74 1924
f 1898 1959 1821
f 1898 1821 822
f 822 1821 1806
f 1925 1927 1947
f 1894 1955 1897
f 1894 1897 1895
f 1895 1897 1896
f 1896 1897 842
f 1896 842 841
f 1876 1822 1875
f 1961 1523 56
f 84 1908 54
f 54 1908 1962
f 1961 56 54
f 1523 1961 1963
f 1961 54 1963
f 1963 1911 1964
f 1907 1815 1965
f 1909 1930 1907
f 1523 1964 1505
f 1815 1910 1965
f 1965 1910 1911
f 1966 1968 1967
f 1969 1971 1970
f 1912 1967 1968
f 1911 1968 1964
f 1970 1966 1972
f 54 1962 1963
f 1972 1973 1970
f 1970 1971 1966
f 1966 1971 1803
f 1803 1971 1790
f 1963 1962 1965
f 1963 1965 1911
f 1968 1911 1912
f 1967 1972 1966
f 1966 1803 1505
f 1966 1505 1968
f 1968 1505 1964
f 1963 1964 1523
f 1913 1910 1931
f 1931 1910 1918
f 1815 1907 1814
f 1814 1907 1930
f 1916 1930 1909
f 1736 1830 1729
f 1858 1820 1854
f 1832 1835 1829
f 1688 1844 1715
f 1974 1830 1736
f 1974 1736 1735
f 1969 1493 1790
f 1969 1790 1971
f 1970 1973 1969
f 1969 1975 1493
f 1493 1975 1752
f 1969 1973 1976
f 1969 1976 1975
f 1975 1976 1977
f 1975 1977 1978
f 1746 1752 1823
f 1979 1913 1932
f 1932 1913 1931
f 1933 1931 1919
f 1933 1919 1921
f 1979 1972 1967
f 1913 1967 1912
f 1962 1908 1965
f 1965 1908 1907
f 1916 1915 1810
f 1810 1915 1914
f 1928 1917 1923
f 1929 1923 1925
f 1953 1956 1954
f 1954 1956 1904
f 1903 1904 1955
f 1955 1904 1905
f 1905 845 844
f 1976 1980 1977
f 1973 1972 1981
f 1981 1972 1979
f 1982 1932 1933
f 1982 1933 1934
f 1874 1936 1883
f 1874 1883 1873
f 1873 1886 1879
f 1879 1886 1889
f 1879 1889 1949
f 1879 1949 1880
f 1880 1949 1891
f 1733 1823 1983
f 1733 1983 1735
f 1735 1983 1984
f 1735 1984 1974
f 1830 1985 1854
f 1974 1985 1830
f 1858 1856 1841
f 1858 1854 1985
f 1985 1974 1984
f 1823 1978 1983
f 1985 1809 1858
f 1858 1809 1856
f 1823 1752 1978
f 1983 1986 1984
f 1984 1987 1985
f 1983 1978 1988
f 1983 1988 1986
f 1984 1986 1989
f 1984 1989 1987
f 1987 1809 1985
f 1809 1807 1856
f 1856 1807 1855
f 1943 1808 1940
f 1982 1989 1990
f 1981 1988 1980
f 1981 1979 1932
f 1990 1932 1982
f 1982 1940 1808
f 1980 1976 1973
f 1980 1973 1981
f 1981 1932 1990
f 1989 1986 1990
f 1990 1986 1988
f 1808 1809 1987
f 1982 1987 1989
f 1977 1980 1988
f 1988 1981 1990
f 1987 1982 1808
f 1808 1991 1807
f 1807 1991 1992
f 1868 1807 1992
f 1871 1862 1868
f 1871 1868 1993
f 1993 1868 1992
f 1943 1937 1991
f 1991 1937 1938
f 1861 1817 1860
f 1861 1862 1871
f 1993 1992 1938
f 1938 1992 1991
f 1943 1991 1808
f 1855 1807 1868
f 1856 1857 1841
f 1979 1967 1913
f 1931 1918 1919
f 1811 1813 1942
f 1813 1922 1941
f 1941 1922 1944
f 1889 1888 1892
f 1889 1892 1949
f 1880 1878 1819
f 1819 1870 1818
f 1818 1870 1864
f 1867 1881 1866
f 1866 1881 1882
f 1865 1866 1826
f 1865 1826 1852
f 1852 828 1851
f 1847 1850 1849
f 1849 1853 1846
f 1831 1858 1841
f 1818 1860 1817
f 1817 1861 1871
f 1872 1871 1993
f 1993 1938 1872
f 1872 1938 1890
f 1940 1982 1934
f 1977 1988 1978
f 1975 1978 1752
f 1994 1996 1995
f 1997 1999 1998
f 1997 1998 2000
f 1997 2001 1999
f 2002 2004 2003
f 2005 2004 2006
f 2007 2009 2008
f 2010 2011 1994
f 2010 2012 2011
f 2013 2012 2010
f 1994 1995 2014
f 2015 2013 2010
f 2014 2010 1994
f 2016 2015 2010
f 2016 2010 2017
f 2017 2010 2014
f 2018 2020 2019
f 2021 2022 2016
f 2023 2017 2014
f 2020 1995 1996
f 2024 2015 2022
f 2022 2015 2016
f 2021 2016 2025
f 2025 2016 2017
f 2025 2017 2023
f 2023 2014 2020
f 2020 2014 1995
f 2020 1996 2019
f 2019 2006 2018
f 2020 2026 2023
f 2023 2027 2025
f 1996 2005 2019
f 2006 2002 2028
f 2028 2002 2029
f 2028 2029 2030
f 2030 2029 2031
f 2030 2033 2032
f 2018 2026 2020
f 2023 2026 2027
f 2034 2026 2035
f 2035 2018 2036
f 2018 2035 2026
f 2026 2034 2027
f 2027 2034 2037
f 2027 2037 2038
f 2027 2038 2025
f 2032 2039 2030
f 2030 2039 2040
f 2030 2040 2028
f 2028 2040 2041
f 2028 2041 2006
f 2006 2041 2036
f 2006 2036 2018
f 2025 2038 2021
f 2036 2042 2035
f 2035 2042 2043
f 2035 2043 2034
f 2044 2046 2045
f 2044 2045 2047
f 2036 2049 2048
f 2036 2048 2042
f 2034 2043 2037
f 2048 2051 2050
f 2052 2043 2053
f 2053 2043 2042
f 2053 2042 2050
f 2051 2049 2054
f 2054 2045 2008
f 2008 2045 2007
f 2007 2045 2046
f 2045 2054 2047
f 2047 2054 2049
f 2049 2051 2048
f 2042 2048 2050
f 2043 2052 2037
f 2039 2046 2044
f 2039 2044 2040
f 2040 2044 2047
f 2040 2047 2041
f 2041 2047 2049
f 2041 2049 2036
f 1997 2055 2033
f 1997 2033 2001
f 2001 2031 2056
f 2056 2029 2003
f 2056 2031 2029
f 2002 2003 2029
f 2030 2031 2001
f 2030 2001 2033
f 2019 2005 2006
f 2006 2004 2002
f 2032 2033 2055
f 2057 2059 2058
f 2060 2062 2061
f 2063 2064 2058
f 2065 2067 2066
f 2068 2067 2065
f 2068 2069 2067
f 2070 2072 2071
f 2073 2075 2074
f 2073 2074 2076
f 2077 2075 2073
f 2078 2073 2076
f 2078 2076 2079
f 2078 2079 2080
f 2080 2079 2081
f 2081 2079 2082
f 2083 2081 2084
f 2084 2081 2082
f 2084 2082 2070
f 2059 2077 2085
f 2085 2077 2073
f 2085 2073 2078
f 2063 2085 2078
f 2063 2078 2080
f 2086 2080 2081
f 2086 2081 2065
f 2065 2081 2083
f 2058 2059 2085
f 2058 2085 2063
f 2068 2065 2083
f 2084 2070 2071
f 2071 2087 2084
f 2084 2087 2088
f 2084 2088 2083
f 2087 2089 2088
f 2083 2088 2090
f 2089 2091 2088
f 2088 2091 2090
f 2083 2090 2068
f 2064 2063 2080
f 2064 2080 2086
f 2064 2086 2066
f 2066 2086 2065
f 2091 2089 2092
f 2093 2091 2092
f 2093 2092 2094
f 2091 2093 2090
f 2095 2097 2096
f 2095 2096 2098
f 2098 2096 2099
f 2098 2099 2094
f 2094 2099 2069
f 2093 2069 2068
f 2068 2090 2093
f 2069 2093 2094
f 2100 2102 2101
f 2100 2101 2103
f 2100 2103 2104
f 2104 2103 2061
f 2061 2103 2105
f 2061 2105 2060
f 2102 2107 2106
f 2102 2106 2101
f 2101 2106 2108
f 2101 2108 2103
f 2103 2108 2109
f 2103 2109 2105
f 2105 2109 2110
f 2105 2110 2111
f 2105 2111 2060
f 2107 2072 2106
f 2072 2070 2112
f 2110 2074 2111
f 2111 2074 2075
f 2072 2112 2106
f 2106 2112 2113
f 2106 2113 2108
f 2108 2113 2114
f 2108 2114 2109
f 2109 2114 2074
f 2109 2074 2110
f 2076 2074 2079
f 2079 2074 2114
f 2079 2114 2113
f 2079 2113 2082
f 2082 2113 2112
f 2082 2112 2070
f 462 365 2064
f 2067 465 462
f 2067 468 465
f 472 470 2099
f 468 2067 2069
f 2069 470 468
f 472 2099 2096
f 470 2069 2099
f 369 2057 2058
f 369 2058 366
f 365 366 2064
f 2064 366 2058
f 462 2064 2066
f 462 2066 2067
f 2096 2097 472
f 472 2097 474
f 2097 363 474
f 363 2097 364
f 364 2097 362
f 2095 362 2097
f 362 2095 361
f 361 2095 488
f 348 2057 350
f 2057 368 350
f 2057 369 368
f 488 2095 486
f 486 2094 483
f 483 2092 2089
f 483 2089 482
f 482 2089 458
f 458 2089 2087
f 458 2087 457
f 457 2087 2071
f 457 2071 652
f 652 2071 357
f 2071 2072 357
f 2072 2107 357
f 357 2107 359
f 359 2107 2102
f 359 2102 346
f 2100 346 2102
f 2095 2098 486
f 483 2094 2092
f 486 2098 2094
f 353 2062 2060
f 2060 352 353
f 2075 650 2111
f 2111 650 648
f 2111 648 2060
f 2060 648 352
f 650 2075 453
f 453 2075 2077
f 453 2077 452
f 452 2077 2059
f 452 2059 348
f 348 2059 2057
f 346 2100 345
f 345 2100 356
f 2062 355 640
f 355 2062 354
f 354 2062 353
f 356 2100 2104
f 356 2104 638
f 638 2104 2061
f 638 2061 639
f 639 2061 640
f 640 2061 2062
f 1999 2001 396
f 399 1999 396
f 394 396 2115
f 481 484 459
f 459 2004 2116
f 2116 2004 2005
f 2117 2116 1996
f 2116 2005 1996
f 2117 1994 487
f 487 1994 2011
f 490 2011 2118
f 2012 2118 2011
f 1994 2117 1996
f 396 2001 2115
f 2115 2001 2056
f 394 2003 393
f 394 2056 2003
f 2004 653 2003
f 2003 653 393
f 2115 2056 394
f 491 490 2118
f 653 2004 459
f 490 487 2011
f 2117 487 485
f 2117 485 481
f 2117 481 2116
f 2116 481 459
f 491 2118 2012
f 491 2012 492
f 492 2012 2013
f 492 2013 496
f 1997 370 371
f 2000 370 1997
f 2000 401 370
f 401 2000 402
f 1998 402 2000
f 1998 400 402
f 1998 397 400
f 1999 397 1998
f 397 1999 399
f 2013 493 496
f 493 2013 2015
f 493 2015 391
f 391 2015 2024
f 647 2119 644
f 2119 371 644
f 2119 1997 371
f 2119 2055 1997
f 377 2046 374
f 2046 377 544
f 2046 544 2007
f 2032 2055 647
f 647 2055 2119
f 374 2046 2039
f 373 2039 2032
f 647 373 2032
f 2039 373 374
f 391 2024 390
f 390 2024 2022
f 390 2022 387
f 387 2022 389
f 389 2022 2021
f 389 2021 515
f 382 2008 381
f 381 2008 2009
f 381 2009 378
f 378 2009 380
f 380 2009 2007
f 380 2007 544
f 515 2021 386
f 2038 386 2021
f 2037 385 2038
f 2038 385 386
f 385 2037 522
f 522 2037 2052
f 2052 524 522
f 524 2052 2053
f 524 2053 534
f 534 2053 572
f 2053 2050 572
f 572 2050 571
f 571 2050 2051
f 2051 382 571
f 382 2051 2054
f 382 2054 2008
f 410 728 412
f 412 728 661
f 725 446 658
f 658 446 447
f 655 451 2120
f 2120 451 449
f 649 2121 621
f 621 2121 2122
f 404 2123 649
f 649 2123 2121
f 404 2124 2123
f 405 2124 404
f 344 2125 405
f 405 2125 2124
f 342 2125 344
f 406 2126 342
f 342 2126 2125
f 2127 2128 407
f 2127 407 408
f 2127 408 663
f 670 671 2129
f 2124 2125 2129
f 680 2120 679
f 2120 680 655
f 2123 674 676
f 2124 671 674
f 2129 671 2124
f 2127 666 667
f 2127 664 666
f 663 664 2127
f 2121 2123 677
f 2128 2127 2126
f 2126 2127 667
f 2126 667 2125
f 2125 667 670
f 2125 670 2129
f 2124 674 2123
f 2123 676 677
f 2120 2122 679
f 679 2122 677
f 677 2122 2121
f 1658 2130 1659
f 1659 2130 2131
f 1466 2132 2130
f 1466 2130 1656
f 1656 2130 1658
f 1467 2133 2132
f 1467 2132 1466
f 1467 2134 2133
f 1690 2134 1467
f 2134 1690 1685
f 2134 1685 2135
f 1465 2136 707
f 707 710 1465
f 2137 1682 2138
f 690 691 2138
f 690 2138 1682
f 703 704 2139
f 2140 683 2141
f 2140 700 683
f 2140 698 700
f 2142 697 698
f 2138 693 2142
f 2142 693 695
f 2138 691 693
f 2140 2133 2134
f 2140 2132 2133
f 2141 2130 2140
f 2140 2130 2132
f 2137 2138 2135
f 2135 2138 2142
f 2135 2142 2134
f 2134 2142 698
f 2134 698 2140
f 2139 707 2136
f 2136 2131 2139
f 2139 2130 681
f 681 2130 2141
f 681 2141 683
f 2130 2139 2131
f 704 707 2139
f 703 2139 681
f 695 697 2142
f 406 2128 2126
f 2128 406 407
f 2120 449 2122
f 2122 449 621
f 1682 2137 1685
f 1685 2137 2135
f 1659 2131 2136
f 1659 2136 1465
f 202 731 201
f 201 731 730
f 2143 2144 264
f 2145 2147 2146
f 300 306 298
f 300 305 299
f 199 195 266
f 316 315 308
f 308 315 314
f 300 298 305
f 2144 2148 2146
f 2146 2149 2145
f 290 266 264
f 307 189 308
f 308 189 316
f 300 299 304
f 304 303 300
f 300 303 302
f 2146 290 2144
f 2144 290 264
f 106 191 110
f 311 313 312
f 313 311 314
f 314 311 310
f 310 309 314
f 314 309 308
f 2146 2148 2149
f 191 267 266
f 2150 264 2151
f 264 2150 2143
f 302 301 300
f 2147 2153 2152
f 2152 2153 2154
f 2147 2152 2146
f 290 293 266
f 266 293 296
f 195 192 266
f 266 192 191
f 306 300 307
f 307 300 110
f 307 110 189
f 189 110 191
f 2151 264 2155
f 2155 264 2156
f 2157 2159 2158
f 2158 2159 2155
f 101 267 191
f 2155 2156 2158
f 2158 2160 2157
f 191 103 100
f 191 100 101
f 296 199 266
f 191 106 103
f 243 272 2149
f 273 276 2147
f 2146 289 290
f 2146 286 289
f 2152 286 2146
f 2152 283 286
f 2152 282 283
f 2154 282 2152
f 2154 279 282
f 2153 279 2154
f 2153 277 279
f 2147 277 2153
f 2147 276 277
f 273 2147 2145
f 2145 272 273
f 272 2145 2149
f 243 2149 2148
f 243 2148 244
f 245 244 2144
f 2144 244 2148
f 2143 245 2144
f 2150 247 2143
f 2143 247 245
f 2151 247 2150
f 247 2151 248
f 2155 248 2151
f 2155 249 248
f 2159 249 2155
f 2159 252 249
f 2157 252 2159
f 2160 254 2157
f 2157 254 252
f 2160 257 254
f 257 2160 2158
f 2158 259 257
f 261 259 2158
f 261 2158 2156
f 264 261 2156
f 2161 2163 2162
f 2161 2162 2164
f 2164 2162 2165
f 2164 2165 2166
f 2167 2166 2165
f 2167 2168 2166
f 2169 2168 2167
f 2169 2170 2168
f 2170 2169 2171
f 2171 2169 2172
f 2173 2171 2172
f 2173 2174 2171
f 2175 2176 2173
f 2173 2176 2174
f 2175 2177 2176
f 2178 2177 2175
f 2178 2179 2177
f 2180 2181 2178
f 2178 2181 2179
f 2181 2180 2182
f 2182 2180 2183
f 2183 2184 2182
f 2184 2183 2185
f 2185 2183 2186
f 2187 2185 2186
f 2187 2188 2185
f 2187 2189 2188
f 2190 2189 2187
f 2189 2190 2191
f 2191 2190 2192
f 2163 2161 2192
f 2192 2161 2191
f 2162 2163 2167
f 2167 2165 2162
f 2167 2172 2169
f 2167 2173 2172
f 2167 2175 2173
f 2178 2175 2167
f 2167 2180 2178
f 2167 2183 2180
f 2186 2183 2167
f 2187 2186 2167
f 2192 2190 2167
f 2167 2190 2187
f 2167 2163 2192
f 328 2179 329
f 329 2179 2181
f 329 2181 2182
f 329 2182 330
f 330 2182 2184
f 330 2184 333
f 2184 2185 333
f 333 2185 334
f 334 2185 2188
f 334 2188 2189
f 334 2189 336
f 336 2189 2191
f 2191 2161 336
f 336 2161 317
f 2161 2164 317
f 317 2164 2166
f 317 2166 320
f 2166 2168 320
f 320 2168 322
f 2168 2170 322
f 2170 2171 322
f 322 2171 323
f 323 2171 2174
f 323 2174 326
f 326 2174 2176
f 326 2176 327
f 327 2176 2177
f 327 2177 328
f 328 2177 2179
f 108 106 110
f 291 293 290
f 2193 2195 2194
f 2194 2195 2196
f 2197 2193 2194
f 2198 2197 2194
f 2194 2199 2198
f 2200 2201 2194
f 2194 2201 2199
f 2194 2202 2200
f 2203 2204 2194
f 2194 2204 2202
f 2205 2203 2194
f 2206 2205 2194
f 2196 2207 2194
f 2194 2207 2208
f 2194 2208 2206
f 2206 2208 2209
f 2206 2209 2205
f 2205 2209 2210
f 2205 2210 2203
f 2203 2210 2211
f 2203 2211 2212
f 2203 2212 2204
f 2204 2212 2213
f 2204 2213 2202
f 2202 2213 2214
f 2202 2214 2200
f 2200 2214 2215
f 2200 2215 2201
f 2201 2215 2216
f 2201 2216 2199
f 2199 2216 2217
f 2199 2217 2198
f 2198 2217 2218
f 2198 2218 2197
f 2197 2218 2219
f 2197 2219 2193
f 2193 2219 2220
f 2193 2220 2195
f 2195 2220 2221
f 2195 2221 2196
f 2196 2221 2207
f 2215 2214 2219
f 2217 2216 2219
f 2219 2216 2215
f 2219 2218 2217
f 2221 2220 2219
f 2219 2207 2221
f 2209 2208 2219
f 2219 2208 2207
f 2210 2209 2219
f 2219 2211 2210
f 2213 2212 2219
f 2219 2212 2211
f 2219 2214 2213
f 2222 2224 2223
f 2223 2225 2222
f 2226 2227 2223
f 2223 2227 2225
f 2228 2226 2223
f 2223 2229 2228
f 2230 2231 2223
f 2223 2231 2229
f 2232 2230 2223
f 2223 2233 2232
f 2234 2235 2223
f 2223 2235 2233
f 2223 2236 2234
f 2223 2237 2236
f 2236 2237 2238
f 2236 2238 2234
f 2234 2238 2239
f 2234 2239 2235
f 2235 2239 2240
f 2235 2240 2233
f 2233 2240 2241
f 2233 2241 2232
f 2232 2241 2242
f 2232 2242 2230
f 2230 2242 2243
f 2230 2243 2231
f 2231 2243 2244
f 2231 2244 2229
f 2229 2244 2245
f 2229 2245 2228
f 2228 2245 2246
f 2228 2246 2226
f 2226 2246 2247
f 2226 2247 2248
f 2226 2248 2227
f 2227 2248 2249
f 2227 2249 2225
f 2225 2249 2250
f 2225 2250 2222
f 2222 2250 2251
f 2222 2251 2224
f 2224 2251 2252
f 2224 2252 2223
f 2223 2252 2237
f 2245 2244 2248
f 2247 2246 2248
f 2248 2246 2245
f 2250 2249 2248
f 2248 2251 2250
f 2237 2252 2248
f 2248 2252 2251
f 2248 2238 2237
f 2240 2239 2248
f 2248 2239 2238
f 2248 2241 2240
f 2243 2242 2248
f 2248 2242 2241
f 2248 2244 2243
f 2253 2255 2254
f 2254 2256 2253
f 2257 2258 2254
f 2254 2258 2256
f 2259 2257 2254
f 2254 2260 2259
f 2261 2262 2254
f 2254 2262 2260
f 2263 2261 2254
f 2254 2264 2263
f 2265 2266 2254
f 2254 2266 2264
f 2254 2267 2265
f 2254 2268 2267
f 2267 2268 2269
f 2267 2269 2265
f 2265 2269 2270
f 2265 2270 2266
f 2266 2270 2271
f 2266 2271 2264
f 2264 2271 2272
f 2264 2272 2263
f 2263 2272 2273
f 2263 2273 2261
f 2261 2273 2274
f 2261 2274 2262
f 2262 2274 2275
f 2262 2275 2260
f 2260 2275 2276
f 2260 2276 2259
f 2259 2276 2277
f 2259 2277 2257
f 2257 2277 2278
f 2257 2278 2279
f 2257 2279 2258
f 2258 2279 2280
f 2258 2280 2256
f 2256 2280 2281
f 2256 2281 2253
f 2253 2281 2282
f 2253 2282 2255
f 2255 2282 2283
f 2255 2283 2254
f 2254 2283 2268
f 2276 2275 2272
f 2278 2277 2272
f 2272 2277 2276
f 2272 2279 2278
f 2281 2280 2272
f 2272 2280 2279
f 2272 2282 2281
f 2268 2283 2272
f 2272 2283 2282
f 2272 2269 2268
f 2271 2270 2272
f 2272 2270 2269
f 2274 2273 2272
f 2272 2275 2274
f 2284 2286 2285
f 2285 2286 2287
f 2287 2288 2285
f 2285 2288 2289
f 2290 2291 2286
f 2284 2292 2286
f 2286 2292 2290
f 2288 2287 2293
f 2284 2294 2292
f 2291 2295 2286
f 2296 2285 2289
f 2296 2289 2297
f 2298 2300 2299
f 2301 2303 2302
f 2299 2300 2304
f 2302 2303 2305
f 2306 2298 2301
f 2301 2298 2299
f 2301 2299 2303
f 2303 2299 2307
f 2303 2307 2308
f 2308 2307 2309
f 2306 2301 2310
f 2306 2310 2311
f 2309 2312 2308
f 2308 2312 2313
f 2314 2307 2315
f 2315 2307 2299
f 2316 2308 2313
f 2316 2313 2317
f 2317 2313 2312
f 2317 2312 2318
f 2318 2312 2309
f 2318 2309 2319
f 2319 2309 2314
f 2314 2309 2307
f 2315 2299 2320
f 2320 2299 2304
f 2320 2304 2321
f 2321 2304 2300
f 2321 2300 2322
f 2323 2303 2316
f 2316 2303 2308
f 2322 2300 2324
f 2324 2300 2298
f 2325 2302 2326
f 2326 2302 2305
f 2326 2305 2327
f 2327 2305 2303
f 2327 2303 2323
f 2324 2298 2306
f 2324 2306 2328
f 2328 2306 2329
f 2329 2306 2311
f 2329 2311 2330
f 2330 2311 2310
f 2330 2310 2331
f 2331 2310 2301
f 2331 2301 2325
f 2325 2301 2302
f 2285 2331 2284
f 2284 2331 2325
f 2289 2324 2297
f 2324 2328 2297
f 2328 2329 2297
f 2297 2329 2296
f 2329 2330 2296
f 2296 2330 2285
f 2331 2285 2330
f 2284 2325 2294
f 2325 2326 2294
f 2326 2327 2294
f 2294 2327 2292
f 2327 2323 2292
f 2324 2289 2322
f 2322 2289 2288
f 2292 2323 2290
f 2290 2323 2316
f 2287 2315 2293
f 2315 2320 2293
f 2293 2320 2321
f 2293 2321 2288
f 2321 2322 2288
f 2290 2316 2291
f 2316 2317 2291
f 2317 2318 2291
f 2291 2318 2295
f 2318 2319 2295
f 2295 2319 2286
f 2314 2286 2319
f 2286 2314 2287
f 2287 2314 2315
f 2332 2334 2333
f 2333 2334 2335
f 2336 2337 2334
f 2332 2338 2334
f 2334 2338 2336
f 2339 2333 2335
f 2340 2339 2335
f 2340 2335 2341
f 2341 2335 2342
f 2341 2342 2343
f 2332 2344 2338
f 2344 2332 2345
f 2346 2348 2347
f 2349 2351 2350
f 2348 2353 2352
f 2349 2350 2354
f 2355 2346 2347
f 2356 2357 2348
f 2348 2357 2353
f 2352 2354 2348
f 2348 2354 2350
f 2348 2350 2347
f 2347 2350 2358
f 2347 2358 2359
f 2359 2358 2360
f 2361 2362 2360
f 2360 2362 2359
f 2363 2347 2364
f 2364 2347 2359
f 2365 2346 2366
f 2366 2346 2355
f 2366 2355 2367
f 2367 2355 2347
f 2367 2347 2363
f 2364 2359 2362
f 2364 2362 2368
f 2368 2362 2361
f 2368 2361 2369
f 2369 2361 2360
f 2369 2360 2370
f 2370 2360 2371
f 2371 2360 2358
f 2372 2348 2365
f 2365 2348 2346
f 2371 2358 2373
f 2373 2358 2350
f 2374 2354 2352
f 2374 2352 2375
f 2375 2352 2353
f 2375 2353 2376
f 2376 2353 2357
f 2376 2357 2356
f 2376 2356 2372
f 2372 2356 2348
f 2373 2350 2377
f 2377 2350 2351
f 2377 2351 2378
f 2378 2351 2349
f 2378 2349 2379
f 2379 2349 2374
f 2374 2349 2354
f 2334 2379 2335
f 2335 2379 2374
f 2336 2373 2337
f 2373 2377 2337
f 2337 2377 2378
f 2337 2378 2334
f 2379 2334 2378
f 2335 2374 2342
f 2374 2375 2342
f 2342 2375 2376
f 2342 2376 2343
f 2343 2376 2341
f 2376 2372 2341
f 2373 2336 2371
f 2371 2336 2338
f 2341 2372 2340
f 2340 2372 2365
f 2332 2364 2345
f 2364 2368 2345
f 2368 2369 2345
f 2345 2369 2344
f 2369 2370 2344
f 2344 2370 2338
f 2371 2338 2370
f 2340 2365 2339
f 2365 2366 2339
f 2339 2366 2367
f 2339 2367 2333
f 2367 2363 2333
f 2333 2363 2332
f 2332 2363 2364
f 2380 2382 2381
f 2381 2382 2383
f 2381 2383 2384
f 2384 2383 2385
f 2384 2385 2386
f 2386 2385 2387
f 2386 2387 2388
f 2388 2387 2389
f 2388 2389 2390
f 2391 2390 2389
f 2391 2389 2392
f 2389 2387 2392
f 2392 2387 2385
f 2392 2385 2383
f 2383 2382 2392
f 2386 2388 2393
f 2393 2388 2390
f 2393 2384 2386
f 2380 2381 2393
f 2393 2381 2384
f 2382 2380 2392
f 2392 2380 2393
f 2390 2391 2392
f 2393 2390 2392
f 2394 2396 2395
f 2394 2395 2397
f 2397 2395 2398
f 2397 2398 2399
f 2399 2398 2400
f 2399 2400 2401
f 2401 2400 2402
f 2401 2402 2403
f 2403 2402 2404
f 2403 2404 2405
f 2399 2401 2406
f 2406 2401 2403
f 2406 2403 2405
f 2406 2397 2399
f 2406 2394 2397
f 2404 2402 2407
f 2407 2402 2400
f 2407 2400 2398
f 2398 2395 2407
f 2407 2395 2396
f 2396 2394 2407
f 2407 2394 2406
f 2406 2405 2404
f 2406 2404 2407
f 717 720 721
f 720 717 718
f 171 720 718
f 720 171 170
f 2408 2410 2409
f 2409 2410 2411
f 2408 2409 2412
f 2408 2412 2413
f 2414 2413 2412
f 2415 2417 2416
f 2415 2416 2414
f 2414 2416 2413
f 2417 2415 2418
f 2418 2415 2419
f 2420 2422 2421
f 2422 2423 2421
f 2421 2423 2419
f 2419 2423 2418
f 2424 2425 2420
f 2420 2425 2422
f 2425 2424 2426
f 2426 2424 2427
f 2426 2427 2428
f 2428 2427 2429
f 2430 2431 2429
f 2429 2431 2428
f 2432 2431 2430
f 2432 2430 2433
f 2432 2433 2434
f 2432 2434 2435
f 2436 2437 2434
f 2434 2437 2435
f 2437 2436 2438
f 2438 2436 2439
f 2440 2442 2441
f 2442 2443 2441
f 2441 2443 2439
f 2439 2443 2438
f 2444 2445 2440
f 2440 2445 2442
f 2445 2444 2446
f 2446 2444 2447
f 2446 2447 2448
f 2448 2447 2449
f 2450 2451 2449
f 2449 2451 2448
f 2451 2450 2452
f 2452 2450 2453
f 2452 2453 2454
f 2452 2454 2455
f 2456 2457 2454
f 2454 2457 2455
f 2457 2456 2458
f 2458 2456 2459
f 2460 2462 2461
f 2462 2463 2461
f 2461 2463 2459
f 2459 2463 2458
f 2464 2465 2460
f 2460 2465 2462
f 2466 2468 2467
f 2467 2468 2469
f 2467 2469 2464
f 2464 2469 2465
f 2468 2466 2470
f 2470 2466 2471
f 2472 2473 2471
f 2471 2473 2470
f 2474 2475 2472
f 2472 2475 2473
f 2476 2477 2475
f 2476 2475 2474
f 2477 2476 2478
f 2478 2476 2479
f 2480 2482 2481
f 2482 2483 2481
f 2481 2483 2479
f 2479 2483 2478
f 2484 2485 2480
f 2480 2485 2482
f 2486 2485 2484
f 2486 2484 2487
f 2486 2487 2488
f 2488 2487 2489
f 2490 2491 2489
f 2489 2491 2488
f 2491 2490 2492
f 2492 2490 2493
f 2494 2496 2495
f 2496 2497 2495
f 2495 2497 2493
f 2493 2497 2492
f 2498 2500 2499
f 2499 2500 2494
f 2494 2500 2496
f 2498 2499 2501
f 2498 2501 2502
f 2502 2501 2503
f 2504 2505 2503
f 2503 2505 2502
f 2506 2507 2504
f 2504 2507 2505
f 2508 2509 2507
f 2508 2507 2506
f 2509 2508 2510
f 2510 2508 2511
f 2512 2513 2511
f 2511 2513 2510
f 2514 2513 2512
f 2515 2517 2516
f 2515 2516 2514
f 2514 2516 2513
f 2518 2519 2515
f 2515 2519 2517
f 2520 2519 2518
f 2521 2522 2520
f 2520 2522 2523
f 2520 2523 2519
f 2522 2521 2524
f 2524 2521 2525
f 2524 2525 2526
f 2524 2526 2527
f 2528 2529 2527
f 2528 2527 2526
f 2529 2528 2530
f 2529 2530 2531
f 2531 2530 2532
f 2531 2532 2533
f 2534 2533 2532
f 2535 2537 2536
f 2535 2536 2534
f 2534 2536 2533
f 2538 2539 2535
f 2535 2539 2537
f 2540 2541 2539
f 2540 2539 2538
f 2541 2540 2542
f 2541 2542 2543
f 2544 2545 2542
f 2542 2545 2543
f 2545 2544 2546
f 2546 2544 2547
f 2548 2549 2547
f 2547 2549 2546
f 2550 2549 2548
f 2551 2553 2552
f 2551 2552 2550
f 2550 2552 2549
f 2554 2555 2551
f 2551 2555 2553
f 2556 2555 2554
f 2557 2559 2558
f 2558 2559 2556
f 2556 2559 2555
f 2557 2558 2560
f 2561 2563 2562
f 2561 2562 2560
f 2560 2562 2557
f 2563 2561 2564
f 2565 2566 2564
f 2564 2566 2563
f 2567 2566 2568
f 2568 2566 2565
f 2569 2571 2570
f 2570 2571 2568
f 2568 2571 2567
f 2569 2570 2572
f 2573 2574 2572
f 2572 2574 2569
f 2574 2573 2575
f 2575 2573 2576
f 2577 2579 2578
f 2577 2578 2576
f 2576 2578 2575
f 2580 2581 2577
f 2577 2581 2579
f 2582 2583 2580
f 2580 2583 2581
f 2584 2585 2582
f 2582 2585 2583
f 2586 2587 2584
f 2584 2587 2585
f 2587 2586 2588
f 2588 2586 2589
f 2590 2591 2589
f 2589 2591 2588
f 2591 2590 2592
f 2592 2590 2593
f 2594 2596 2595
f 2597 2599 2598
f 2595 2600 2594
f 2594 2600 2601
f 2594 2601 2602
f 2603 2605 2604
f 2598 2606 2597
f 2597 2606 2607
f 2607 2606 2608
f 2607 2608 2609
f 2610 2611 2604
f 2604 2611 2603
f 2605 2612 2604
f 2604 2612 2613
f 2604 2615 2614
f 2604 2613 2616
f 2616 2617 2604
f 2604 2617 2615
f 2604 2614 2618
f 2619 2621 2620
f 2620 2621 2622
f 2623 2511 2624
f 2624 2511 2508
f 2624 2508 2506
f 2624 2506 2625
f 2625 2506 2504
f 2602 2626 2594
f 2594 2626 2627
f 2594 2627 2628
f 2629 2631 2630
f 2632 2633 2604
f 2596 2594 2620
f 2620 2594 2619
f 2620 2635 2634
f 2636 2594 2637
f 2609 2608 2638
f 2609 2638 2629
f 2629 2638 2631
f 2604 2633 2639
f 2604 2639 2599
f 2599 2639 2598
f 2620 2622 2640
f 2620 2640 2641
f 2620 2641 2642
f 2620 2642 2643
f 2620 2643 2635
f 2620 2634 2644
f 2644 2645 2620
f 2620 2645 2646
f 2647 2530 2528
f 2647 2528 2648
f 2648 2528 2526
f 2648 2526 2649
f 2649 2526 2525
f 2650 2540 2651
f 2651 2540 2538
f 2651 2538 2535
f 2651 2535 2652
f 2652 2535 2534
f 2652 2534 2647
f 2647 2534 2532
f 2647 2532 2530
f 2618 2653 2604
f 2604 2653 2654
f 2620 2646 2655
f 2620 2655 2411
f 2411 2655 2656
f 2411 2656 2409
f 2504 2503 2625
f 2625 2503 2501
f 2625 2501 2657
f 2657 2501 2499
f 2657 2499 2494
f 2657 2494 2658
f 2658 2494 2495
f 2525 2521 2649
f 2649 2521 2520
f 2649 2520 2659
f 2659 2520 2518
f 2659 2518 2515
f 2659 2515 2623
f 2623 2515 2514
f 2623 2514 2512
f 2623 2512 2511
f 2660 2550 2661
f 2661 2550 2548
f 2661 2548 2547
f 2661 2547 2650
f 2650 2547 2544
f 2650 2544 2542
f 2650 2542 2540
f 2628 2662 2594
f 2594 2662 2663
f 2594 2663 2664
f 2665 2667 2666
f 2665 2666 2636
f 2636 2666 2594
f 2631 2668 2630
f 2630 2668 2665
f 2665 2668 2669
f 2665 2669 2667
f 2604 2654 2670
f 2670 2671 2604
f 2604 2671 2632
f 2672 2461 2673
f 2673 2461 2459
f 2673 2459 2456
f 2673 2456 2674
f 2674 2456 2454
f 2675 2471 2466
f 2675 2466 2676
f 2676 2466 2467
f 2676 2467 2464
f 2676 2464 2672
f 2672 2464 2460
f 2672 2460 2461
f 2495 2493 2658
f 2658 2493 2490
f 2658 2490 2677
f 2677 2490 2489
f 2677 2489 2487
f 2677 2487 2678
f 2678 2487 2484
f 2610 2679 2611
f 2611 2679 2680
f 2681 2682 2594
f 2594 2682 2683
f 2594 2683 2637
f 2684 2430 2685
f 2685 2430 2429
f 2685 2429 2427
f 2685 2427 2686
f 2686 2427 2424
f 2687 2441 2688
f 2688 2441 2439
f 2688 2439 2436
f 2688 2436 2684
f 2684 2436 2434
f 2684 2434 2433
f 2684 2433 2430
f 2454 2453 2674
f 2674 2453 2450
f 2674 2450 2689
f 2689 2450 2449
f 2689 2449 2447
f 2689 2447 2687
f 2687 2447 2444
f 2687 2444 2440
f 2687 2440 2441
f 2484 2480 2678
f 2678 2480 2481
f 2678 2481 2690
f 2690 2481 2479
f 2690 2479 2691
f 2691 2479 2476
f 2691 2476 2474
f 2691 2474 2675
f 2675 2474 2472
f 2675 2472 2471
f 2692 2560 2693
f 2693 2560 2558
f 2693 2558 2556
f 2693 2556 2660
f 2660 2556 2554
f 2660 2554 2551
f 2660 2551 2550
f 2694 2593 2695
f 2696 2698 2697
f 2697 2698 2699
f 2697 2699 2700
f 2700 2699 2701
f 2700 2701 2702
f 2700 2702 2703
f 2704 2705 2611
f 2611 2705 2706
f 2611 2706 2696
f 2696 2706 2707
f 2696 2707 2708
f 2696 2708 2698
f 2709 2711 2710
f 2709 2710 2712
f 2712 2710 2713
f 2712 2713 2714
f 2712 2714 2715
f 2664 2716 2594
f 2594 2716 2717
f 2594 2717 2718
f 2424 2420 2686
f 2686 2420 2421
f 2686 2421 2719
f 2719 2421 2419
f 2719 2419 2415
f 2719 2415 2720
f 2720 2415 2414
f 2720 2414 2656
f 2656 2414 2412
f 2656 2412 2409
f 2593 2590 2695
f 2695 2590 2589
f 2695 2589 2721
f 2721 2589 2586
f 2721 2586 2584
f 2721 2584 2722
f 2722 2584 2582
f 2722 2582 2723
f 2724 2726 2725
f 2725 2726 2727
f 2725 2727 2728
f 2725 2728 2729
f 2729 2728 2730
f 2714 2731 2715
f 2715 2731 2732
f 2715 2732 2733
f 2715 2733 2734
f 2734 2733 2735
f 2734 2735 2736
f 2734 2736 2724
f 2724 2736 2737
f 2724 2737 2738
f 2724 2738 2726
f 2739 2741 2740
f 2739 2740 2742
f 2742 2740 2743
f 2742 2743 2744
f 2742 2744 2709
f 2709 2744 2745
f 2709 2745 2711
f 2702 2746 2703
f 2703 2746 2747
f 2703 2747 2748
f 2748 2747 2749
f 2748 2749 2750
f 2748 2750 2751
f 2751 2750 2752
f 2751 2752 2753
f 2754 2755 2594
f 2594 2755 2756
f 2594 2756 2681
f 2757 2568 2565
f 2757 2565 2692
f 2692 2565 2564
f 2692 2564 2561
f 2692 2561 2560
f 2582 2580 2723
f 2723 2580 2577
f 2723 2577 2576
f 2723 2576 2758
f 2758 2576 2573
f 2758 2573 2572
f 2758 2572 2757
f 2757 2572 2570
f 2757 2570 2568
f 2752 2759 2753
f 2753 2759 2760
f 2753 2760 2761
f 2753 2761 2762
f 2762 2761 2763
f 2762 2763 2764
f 2762 2764 2765
f 2766 2767 2611
f 2611 2767 2768
f 2611 2768 2704
f 2730 2769 2729
f 2729 2769 2770
f 2729 2770 2771
f 2771 2770 2772
f 2771 2772 2694
f 2694 2772 2773
f 2694 2773 2774
f 2694 2774 2593
f 2775 2777 2776
f 2776 2777 2778
f 2776 2778 2779
f 2776 2779 2780
f 2780 2779 2781
f 2780 2781 2739
f 2739 2781 2782
f 2739 2782 2741
f 2764 2783 2765
f 2765 2783 2784
f 2765 2784 2785
f 2765 2785 2786
f 2786 2785 2787
f 2786 2787 2788
f 2786 2788 2789
f 2788 2790 2789
f 2789 2790 2791
f 2789 2791 2792
f 2789 2792 2793
f 2793 2792 2794
f 2793 2794 2795
f 2793 2795 2775
f 2775 2795 2796
f 2775 2796 2777
f 2594 2797 2754
f 2798 2799 2611
f 2611 2799 2800
f 2611 2800 2766
f 2801 2802 2611
f 2611 2802 2803
f 2611 2803 2798
f 2804 2805 2611
f 2611 2805 2806
f 2611 2806 2801
f 2807 2808 2611
f 2611 2808 2809
f 2611 2809 2804
f 2810 2811 2611
f 2611 2811 2812
f 2611 2812 2807
f 2813 2814 2611
f 2611 2814 2815
f 2611 2815 2810
f 2816 2817 2611
f 2611 2817 2818
f 2611 2818 2813
f 2819 2820 2611
f 2611 2820 2821
f 2611 2821 2816
f 2680 2822 2611
f 2611 2822 2823
f 2611 2823 2819
f 2824 2826 2825
f 2824 2825 2827
f 2828 2830 2829
f 2828 2829 2831
f 2832 2831 2833
f 2832 2833 2824
f 2824 2833 2826
f 2834 2836 2835
f 2835 2836 2837
f 2837 2830 2835
f 2835 2830 2828
f 2838 2839 2834
f 2834 2839 2836
f 2840 2842 2841
f 2841 2842 2838
f 2838 2842 2839
f 2843 2845 2844
f 2843 2844 2846
f 2846 2848 2847
f 2847 2848 2840
f 2847 2840 2841
f 2849 2850 2843
f 2843 2850 2845
f 2851 2853 2852
f 2851 2852 2854
f 2851 2855 2853
f 2856 2858 2857
f 2857 2858 2859
f 2859 2860 2857
f 2857 2860 2861
f 2861 2863 2862
f 2863 2855 2862
f 2862 2855 2851
f 2856 2864 2858
f 2865 2866 2864
f 2865 2864 2856
f 2867 2868 2866
f 2867 2866 2865
f 2869 2871 2870
f 2870 2871 2867
f 2867 2871 2868
f 2872 2874 2873
f 2873 2874 2875
f 2876 2875 2877
f 2876 2877 2869
f 2876 2869 2870
f 2854 2872 2873
f 2854 2852 2878
f 2854 2878 2872
f 2879 2881 2880
f 2882 2884 2883
f 2883 2884 2885
f 2883 2885 2886
f 2886 2887 2883
f 2887 2888 2883
f 2883 2888 2879
f 2875 2876 2873
f 2873 2876 2883
f 2889 2891 2890
f 2890 2891 2892
f 2890 2892 2893
f 2893 2892 2894
f 2893 2894 2862
f 2862 2894 2857
f 2862 2857 2861
f 2895 2897 2896
f 2896 2897 2898
f 2896 2898 2899
f 2899 2898 2900
f 2899 2900 2901
f 2901 2900 2902
f 2901 2902 2903
f 2903 2902 2904
f 2904 2902 2905
f 2904 2905 2906
f 2906 2905 2889
f 2889 2905 2907
f 2889 2907 2891
f 2846 2847 2843
f 2843 2847 2908
f 2843 2908 2909
f 2909 2908 2910
f 2909 2910 2911
f 2909 2911 2912
f 2912 2911 2913
f 2912 2913 2914
f 2914 2913 2915
f 2915 2913 2916
f 2915 2916 2917
f 2917 2916 2895
f 2895 2916 2918
f 2895 2918 2897
f 2832 2920 2919
f 2832 2919 2921
f 2831 2832 2828
f 2828 2832 2922
f 2922 2832 2921
f 2921 2923 2922
f 2832 2924 2920
f 2925 2924 2832
f 2925 2832 2926
f 2926 2832 2927
f 2824 2927 2832
f 2824 2928 2927
f 2928 2824 2929
f 2912 2930 2909
f 2862 2931 2893
f 2931 2862 2932
f 2933 2854 2934
f 2873 2880 2934
f 2873 2934 2854
f 2854 2933 2935
f 2854 2935 2851
f 2851 2935 2932
f 2851 2932 2862
f 2883 2879 2880
f 2883 2880 2873
f 2849 2824 2827
f 2936 2937 2843
f 2936 2843 2938
f 2938 2843 2930
f 2930 2843 2909
f 2849 2843 2937
f 2849 2937 2824
f 2824 2937 2929
f 2939 2941 2940
f 2940 2942 2939
f 2939 2942 2943
f 2939 2943 2944
f 2945 2946 2939
f 2939 2946 2947
f 2939 2947 2948
f 2944 2949 2939
f 2939 2949 2950
f 2939 2950 2951
f 2952 2953 2939
f 2939 2953 2954
f 2939 2954 2945
f 2951 2955 2939
f 2939 2955 2956
f 2939 2956 2957
f 2958 2959 2939
f 2939 2959 2960
f 2939 2960 2952
f 2957 2961 2939
f 2939 2961 2962
f 2939 2962 2963
f 2964 2965 2939
f 2939 2965 2966
f 2939 2966 2958
f 2963 2967 2939
f 2939 2967 2968
f 2939 2968 2969
f 2969 2970 2939
f 2939 2970 2971
f 2939 2971 2964
f 2972 2974 2973
f 2975 2977 2976
f 2978 2980 2979
f 2981 2983 2982
f 2984 2986 2985
f 2987 2989 2988
f 2987 2988 2990
f 2991 2993 2992
f 2994 2996 2995
f 2995 2996 2993
f 2993 2996 2992
f 2996 2994 2997
f 2996 2997 2998
f 2999 2998 2997
f 3000 3001 2998
f 2984 3003 3002
f 3004 3006 3005
f 3007 3009 3008
f 2976 2977 3010
f 3010 2977 3011
f 3012 2977 2975
f 3013 3014 3012
f 3015 3014 3016
f 3017 3015 3018
f 3018 3015 3016
f 3019 3021 3020
f 3020 3021 3017
f 3021 3019 3022
f 3022 3023 3021
f 3023 3022 3024
f 3025 3027 3026
f 3025 3028 3027
f 3029 3028 3025
f 3030 3031 3029
f 3029 3031 3032
f 3033 3034 3031
f 3034 3036 3035
f 3037 3039 3038
f 3040 3041 3038
f 3038 3041 3037
f 3042 3043 3040
f 3040 3043 3041
f 3042 3044 3043
f 3044 3042 3045
f 3045 3046 3044
f 3047 3046 3045
f 3046 3047 3048
f 3048 3047 3049
f 3050 3051 3049
f 3049 3051 3048
f 3052 3053 3050
f 3050 3053 3051
f 3054 3053 3052
f 3054 3055 3053
f 3056 3055 3054
f 2980 3058 3057
f 3057 3058 3059
f 3058 2980 3060
f 3060 2980 3061
f 3062 3060 3063
f 3063 3060 3061
f 3064 3066 3065
f 3065 3067 3064
f 2983 3064 3067
f 2981 2982 3068
f 3068 3069 2981
f 3070 3072 3071
f 3073 3071 3074
f 3075 3077 3076
f 3076 3077 3078
f 3063 3080 3079
f 3080 3081 3079
f 3061 3083 3082
f 3061 3082 3063
f 3063 3082 3080
f 3084 2980 2978
f 2980 3084 3083
f 3085 3087 3086
f 3086 3087 3088
f 3089 3090 3085
f 3091 3093 3092
f 3091 3094 3093
f 3095 3096 3094
f 3097 3098 3096
f 3079 3099 3098
f 3099 3079 3081
f 3100 3027 3023
f 3100 3023 3024
f 3101 3103 3102
f 3104 3105 3101
f 3101 3105 3103
f 3103 3030 3102
f 3102 3030 3106
f 3029 3106 3030
f 3032 3028 3029
f 3030 3103 3105
f 3107 3105 3104
f 3107 3104 3108
f 3109 3107 3108
f 3109 3108 3110
f 3034 3033 3107
f 3036 3109 3110
f 3036 3110 3039
f 3034 3107 3109
f 3039 3111 3036
f 3109 3036 3034
f 3036 3111 3035
f 3083 3061 2980
f 2979 2980 3057
f 3112 3114 3113
f 3112 3113 3115
f 3115 3113 3116
f 3115 3116 3117
f 3117 3116 3118
f 3117 3118 3119
f 3119 3118 3120
f 3119 3120 3121
f 3121 3120 3122
f 3121 3122 3123
f 3123 3122 3124
f 3123 3124 3125
f 3124 3127 3126
f 3126 3127 3128
f 3128 3039 3110
f 3105 3107 3033
f 3105 3033 3030
f 3030 3033 3031
f 3129 3056 3130
f 3130 3056 3054
f 3130 3054 3131
f 3131 3054 3132
f 3132 3054 3052
f 3132 3052 3114
f 3114 3052 3050
f 3114 3050 3113
f 3113 3050 3049
f 3113 3049 3116
f 3116 3049 3047
f 3116 3047 3118
f 3118 3047 3045
f 3118 3045 3120
f 3120 3045 3042
f 3120 3042 3122
f 3122 3042 3040
f 3122 3040 3124
f 3124 3040 3127
f 3127 3038 3128
f 3128 3038 3039
f 3133 2982 2983
f 3127 3040 3038
f 3111 3039 3037
f 3111 3037 3035
f 2994 3134 2997
f 2997 3134 3135
f 2997 3135 2999
f 3136 3137 2999
f 2999 3137 3000
f 2999 3000 2998
f 2990 3139 3138
f 3138 3139 3140
f 3138 3140 2991
f 2991 3140 2993
f 2993 3140 3141
f 2993 3141 2995
f 2995 3134 2994
f 3140 3142 3141
f 3141 3142 3143
f 3141 3143 2995
f 2995 3143 3134
f 3134 3143 3144
f 3139 3145 3089
f 3142 3146 3143
f 3143 3146 3147
f 3143 3147 3144
f 3134 3144 3148
f 3134 3148 3135
f 3135 3148 3149
f 3135 3149 3150
f 3135 3150 2999
f 2999 3150 3151
f 2999 3151 3136
f 3136 3151 3152
f 3136 3152 3153
f 3153 3152 3154
f 3139 3089 3155
f 3155 3089 3086
f 3086 3089 3085
f 3146 2979 3156
f 3146 3156 3147
f 3147 3156 3157
f 3147 3157 3144
f 3144 3157 3148
f 2990 3145 3139
f 2979 3057 3129
f 3129 3057 3056
f 3056 3059 3055
f 3086 3088 2978
f 3086 2978 2979
f 3056 3057 3059
f 2990 2988 3145
f 3145 3158 3089
f 3089 3158 3090
f 3159 3161 3160
f 3159 3160 2989
f 2989 3160 3162
f 2989 3162 3163
f 3074 3076 3078
f 2988 3163 3145
f 3145 3163 3158
f 3090 3158 3092
f 3092 3158 3091
f 3091 3158 3164
f 3164 3158 3163
f 3163 2988 2989
f 3161 3165 3160
f 3163 3162 3164
f 3091 3164 3095
f 3091 3095 3094
f 3097 3096 3095
f 3166 3164 3162
f 3166 3162 3160
f 3167 3160 3165
f 3167 3168 3166
f 3166 3168 3169
f 3169 3171 3170
f 3170 3171 3067
f 3170 3067 3097
f 3097 3065 3079
f 3079 3172 3063
f 3063 3172 3062
f 3173 3174 3167
f 3167 3174 3168
f 3168 3175 3169
f 3169 3175 3171
f 3171 3133 3067
f 3097 3067 3065
f 3079 3065 3066
f 3079 3066 3172
f 3079 3098 3097
f 3097 3095 3170
f 3170 3095 3164
f 3170 3164 3169
f 3169 3164 3166
f 3166 3160 3167
f 3167 3165 3173
f 2982 3133 3171
f 2982 3171 3068
f 3068 3171 3176
f 3176 3171 3175
f 3175 3168 3174
f 3177 3174 3173
f 3177 3173 3178
f 3179 3075 3076
f 3179 3076 3074
f 3179 3074 3178
f 3178 3074 3177
f 3177 3074 3072
f 3180 3072 3070
f 3180 3070 3176
f 3176 3070 3069
f 3177 3072 3174
f 3174 3072 3180
f 3078 3073 3074
f 3074 3071 3072
f 3176 3069 3068
f 3174 3180 3175
f 3175 3180 3176
f 3067 3133 2983
f 3005 3181 3004
f 3182 3184 3183
f 3184 3185 3183
f 3004 3181 3186
f 3004 3187 3008
f 3004 3008 3006
f 3005 3184 3181
f 3181 3184 3188
f 3188 3184 3182
f 3189 3188 3190
f 3182 3190 3188
f 3191 3181 3188
f 3192 3188 3189
f 3192 3189 3193
f 3194 3196 3195
f 3197 3198 3196
f 3197 3196 3199
f 3200 3198 3197
f 3199 3201 3197
f 3197 3201 3200
f 3202 3204 3203
f 3004 3186 3187
f 3205 3207 3206
f 3206 3207 3192
f 3206 3192 3193
f 3208 3210 3209
f 3209 3210 3207
f 3207 3210 3192
f 3191 3188 3192
f 3210 3208 3211
f 3212 3186 3208
f 3212 3187 3186
f 3213 3190 3182
f 3213 3182 3183
f 3213 3183 3185
f 3214 3216 3215
f 3195 3198 3216
f 3217 3205 3215
f 3215 3205 3206
f 3215 3206 3214
f 3214 3206 3193
f 3214 3193 3218
f 3218 3193 3189
f 3218 3189 3190
f 3218 3190 3194
f 3194 3190 3213
f 3213 3185 3196
f 3219 3200 3204
f 3204 3200 3201
f 3201 3199 3220
f 3221 3202 3222
f 3223 3224 3217
f 3223 3225 3224
f 3217 3224 3226
f 3205 3227 3207
f 3191 3210 3211
f 3191 3211 3181
f 3214 3195 3216
f 3216 3200 3228
f 3195 3196 3198
f 3216 3198 3200
f 3200 3219 3228
f 3215 3216 3229
f 3229 3216 3228
f 3230 3221 3231
f 3230 3231 3232
f 3230 3232 3233
f 3230 3233 3219
f 3219 3202 3221
f 3221 3222 3234
f 3235 3002 3236
f 3237 3239 3238
f 3238 3239 3240
f 3238 3240 3236
f 3236 3240 3241
f 3236 3002 3238
f 3237 3238 3242
f 3242 3238 3002
f 3003 3244 3243
f 3241 3220 3235
f 3241 3235 3236
f 3243 3002 3003
f 3245 2986 3246
f 3243 3244 3247
f 3243 3247 3242
f 3235 3220 2984
f 3235 2984 3002
f 3002 3243 3242
f 3244 3248 3247
f 3242 3247 3249
f 3242 3249 3237
f 3237 3249 3239
f 3239 3249 3250
f 2986 3245 2985
f 3251 3154 3252
f 3245 3251 2985
f 2985 3251 3252
f 2985 3252 3253
f 2984 2985 3003
f 3003 2985 3244
f 3244 3254 3248
f 3247 3248 3255
f 3247 3255 3249
f 3249 3255 3256
f 3249 3256 3250
f 3234 3257 3231
f 3204 3202 3219
f 3230 3219 3221
f 3221 3234 3231
f 3011 3009 3258
f 3258 3009 3007
f 3010 3011 3258
f 3010 3258 3212
f 3212 3258 3187
f 3209 3259 2976
f 2976 3259 2975
f 3008 3187 3007
f 3007 3187 3258
f 3212 3208 3010
f 3010 3208 2976
f 3012 2975 3013
f 3260 3013 2975
f 3259 3260 2975
f 3208 3209 2976
f 3261 3263 3262
f 3263 3013 3262
f 3262 3013 3264
f 3209 3260 3259
f 3263 3016 3014
f 3225 3266 3265
f 3267 2973 3266
f 3266 2973 3265
f 3265 3261 3262
f 3268 3270 3269
f 3269 3232 3271
f 3233 3232 3269
f 2974 3018 2973
f 3186 3181 3211
f 3209 3207 3227
f 3272 3227 3226
f 3225 3223 3273
f 3267 3273 3274
f 3275 3274 3270
f 3233 3269 3276
f 3233 3276 3228
f 3228 3276 3223
f 3228 3223 3229
f 3210 3191 3192
f 3227 3205 3226
f 3226 3205 3217
f 3273 3223 3276
f 3273 3276 3274
f 3271 3257 3268
f 3220 3203 3201
f 3201 3203 3204
f 3228 3219 3233
f 3232 3231 3271
f 3271 3231 3257
f 3269 3271 3268
f 3016 3263 3261
f 2974 3278 3277
f 3022 3277 3024
f 3262 3264 3265
f 2972 3267 3279
f 3022 3019 3277
f 3017 3018 3020
f 3020 3277 3019
f 3278 3024 3277
f 2972 3278 2974
f 3261 2973 3016
f 3016 2973 3018
f 3020 3018 2974
f 3020 2974 3277
f 3260 3272 3264
f 3260 3264 3013
f 3261 3265 2973
f 2973 3267 2972
f 2972 3279 3278
f 3278 3279 3280
f 3024 3280 3281
f 3260 3227 3272
f 3264 3272 3226
f 3264 3226 3265
f 3265 3226 3225
f 3266 3225 3273
f 3266 3273 3267
f 3279 3275 3280
f 3280 3275 3281
f 3281 3275 3282
f 3281 3282 3026
f 3106 3284 3283
f 3283 3284 3285
f 3283 3285 3282
f 3282 3285 3026
f 3263 3014 3013
f 3278 3280 3024
f 3024 3281 3100
f 3100 3281 3026
f 3203 3220 3241
f 3202 3203 3241
f 3202 3241 3240
f 3222 3240 3239
f 3222 3239 3234
f 3234 3239 3250
f 3234 3250 3286
f 3202 3240 3222
f 3257 3234 3286
f 3257 3286 3287
f 3257 3287 3268
f 3269 3270 3274
f 3269 3274 3276
f 3229 3223 3217
f 3229 3217 3215
f 3214 3218 3195
f 3195 3218 3194
f 3194 3213 3196
f 2985 3253 3244
f 3244 3253 3254
f 3255 3248 3288
f 3255 3288 3256
f 3256 3289 3250
f 3250 3289 3286
f 3288 3126 3110
f 3288 3110 3290
f 3290 3110 3108
f 3290 3108 3291
f 3291 3108 3292
f 3291 3292 3293
f 3001 3000 3246
f 3246 3000 3137
f 3246 3137 3136
f 3246 3136 3153
f 3283 3287 3106
f 2986 3001 3246
f 3245 3246 3251
f 3251 3246 3153
f 3251 3153 3154
f 3252 3121 3253
f 3253 3121 3123
f 3253 3123 3254
f 3254 3123 3125
f 3254 3125 3248
f 3248 3125 3126
f 3248 3126 3288
f 3256 3288 3290
f 3256 3290 3289
f 3289 3290 3291
f 3289 3291 3286
f 3286 3291 3293
f 3286 3293 3287
f 3268 3287 3283
f 3268 3283 3270
f 3270 3283 3282
f 3270 3282 3275
f 3274 3275 3279
f 3274 3279 3267
f 3224 3225 3226
f 3227 3260 3209
f 3211 3208 3186
f 3140 3139 3155
f 3140 3155 3142
f 3142 3155 3146
f 3146 3155 3086
f 3146 3086 2979
f 3156 2979 3129
f 3156 3129 3130
f 3156 3130 3157
f 3157 3130 3131
f 3157 3131 3132
f 3157 3132 3148
f 3148 3132 3114
f 3148 3114 3149
f 3149 3114 3112
f 3149 3112 3150
f 3150 3112 3151
f 3151 3112 3115
f 3151 3115 3152
f 3152 3115 3117
f 3152 3117 3154
f 3154 3117 3119
f 3154 3119 3252
f 3252 3119 3121
f 3125 3124 3126
f 3126 3128 3110
f 3108 3104 3292
f 3292 3104 3101
f 3292 3101 3293
f 3293 3101 3102
f 3293 3102 3287
f 3287 3102 3106
f 3106 3029 3284
f 3284 3029 3025
f 3284 3025 3285
f 3285 3025 3026
f 3100 3026 3027
f 3294 3296 3295
f 3297 3299 3298
f 3300 3302 3301
f 3303 3305 3304
f 3306 3308 3307
f 3309 3311 3310
f 3312 3314 3313
f 3315 3317 3316
f 3318 3320 3319
f 3319 3320 3321
f 3322 3319 3321
f 3323 3325 3324
f 3325 3327 3326
f 3328 3330 3329
f 3301 3329 3331
f 3331 3329 3330
f 3304 3332 3302
f 3302 3332 3333
f 3302 3333 3301
f 3301 3333 3329
f 3332 3305 3334
f 3334 3305 3335
f 3334 3335 3336
f 3337 3339 3338
f 3339 3340 3338
f 3341 3343 3342
f 3342 3343 3339
f 3339 3343 3340
f 3341 3344 3343
f 3344 3341 3345
f 3346 3344 3347
f 3347 3344 3345
f 3346 3349 3348
f 3346 3348 3350
f 3350 3348 3351
f 3350 3351 3352
f 3352 3353 3350
f 3352 3354 3353
f 3353 3354 3355
f 3356 3358 3357
f 3357 3358 3359
f 3360 3362 3361
f 3363 3365 3364
f 3366 3367 3365
f 3368 3316 3367
f 3369 3371 3370
f 3370 3371 3372
f 3373 3374 3369
f 3369 3374 3371
f 3373 3375 3374
f 3375 3373 3376
f 3377 3379 3378
f 3378 3379 3380
f 3380 3379 3381
f 3382 3377 3383
f 3382 3383 3384
f 3384 3383 3385
f 3384 3385 3386
f 3384 3386 3387
f 3384 3387 3388
f 3388 3387 3389
f 3388 3389 3390
f 3390 3389 3391
f 3390 3391 3392
f 3392 3391 3393
f 3392 3393 3394
f 3392 3394 3395
f 3395 3394 3396
f 3395 3396 3397
f 3395 3397 3398
f 3398 3397 3399
f 3398 3399 3400
f 3400 3399 3401
f 3400 3401 3402
f 3403 3405 3404
f 3405 3407 3406
f 3408 3406 3306
f 3306 3406 3308
f 3409 3411 3410
f 3412 3413 3410
f 3412 3410 3414
f 3412 3415 3413
f 3416 3418 3417
f 3418 3416 3419
f 3418 3419 3420
f 3420 3422 3421
f 3423 3312 3424
f 3424 3312 3313
f 3425 3427 3426
f 3425 3426 3428
f 3429 3427 3425
f 3430 3431 3429
f 3429 3431 3427
f 3432 3434 3433
f 3435 3436 3432
f 3432 3436 3434
f 3435 3437 3436
f 3438 3439 3370
f 3439 3440 3370
f 3441 3442 3438
f 3443 3444 3442
f 3445 3446 3443
f 3368 3315 3316
f 3447 3370 3372
f 3432 3376 3373
f 3432 3373 3435
f 3435 3373 3369
f 3309 3449 3448
f 3448 3449 3450
f 3450 3449 3451
f 3450 3451 3452
f 3452 3451 3453
f 3452 3453 3454
f 3454 3453 3455
f 3454 3455 3456
f 3457 3458 3386
f 3459 3457 3383
f 3459 3383 3460
f 3461 3460 3378
f 3461 3378 3380
f 3309 3310 3462
f 3308 3406 3463
f 3463 3406 3407
f 3377 3378 3460
f 3377 3460 3383
f 3385 3383 3457
f 3385 3457 3386
f 3387 3386 3458
f 3387 3458 3389
f 3389 3458 3464
f 3389 3464 3391
f 3391 3464 3465
f 3391 3465 3456
f 3391 3456 3393
f 3393 3456 3455
f 3393 3455 3394
f 3394 3455 3396
f 3396 3455 3453
f 3396 3453 3466
f 3466 3453 3451
f 3466 3451 3467
f 3467 3451 3449
f 3467 3449 3462
f 3462 3449 3309
f 3308 3463 3307
f 3468 3414 3411
f 3469 3411 3470
f 3414 3410 3411
f 3408 3306 3471
f 3408 3471 3470
f 3408 3470 3409
f 3472 3473 3310
f 3474 3403 3404
f 3474 3404 3402
f 3310 3473 3474
f 3310 3474 3401
f 3407 3405 3403
f 3382 3379 3377
f 3397 3396 3466
f 3397 3466 3399
f 3399 3466 3467
f 3399 3467 3401
f 3401 3467 3462
f 3401 3462 3310
f 3472 3310 3311
f 3472 3311 3475
f 3337 3338 3336
f 3337 3336 3476
f 3476 3336 3335
f 3302 3300 3477
f 3302 3477 3304
f 3304 3477 3303
f 3329 3326 3328
f 3328 3326 3327
f 3478 3480 3479
f 3479 3480 3481
f 3482 3484 3483
f 3483 3484 3479
f 3300 3485 3477
f 3305 3303 3486
f 3486 3303 3487
f 3487 3489 3488
f 3488 3489 3477
f 3488 3477 3448
f 3490 3485 3491
f 3491 3485 3300
f 3491 3300 3492
f 3492 3300 3301
f 3492 3301 3331
f 3493 3490 3491
f 3492 3331 3330
f 3330 3483 3494
f 3330 3494 3492
f 3492 3494 3495
f 3492 3495 3491
f 3491 3495 3493
f 3485 3448 3477
f 3477 3489 3303
f 3303 3489 3487
f 3496 3498 3497
f 3496 3497 3499
f 3499 3497 3500
f 3500 3497 3472
f 3497 3403 3473
f 3497 3473 3472
f 3472 3475 3500
f 3330 3328 3483
f 3483 3328 3482
f 3482 3328 3327
f 3325 3501 3327
f 3327 3501 3502
f 3327 3502 3482
f 3482 3502 3484
f 3484 3502 3503
f 3504 3506 3505
f 3505 3506 3507
f 3503 3502 3508
f 3509 3501 3323
f 3322 3511 3510
f 3510 3511 3512
f 3324 3322 3510
f 3324 3510 3323
f 3323 3510 3509
f 3501 3325 3323
f 3502 3501 3509
f 3502 3509 3506
f 3506 3509 3507
f 3504 3502 3506
f 3512 3514 3513
f 3513 3514 3515
f 3513 3515 3507
f 3507 3515 3516
f 3508 3297 3503
f 3478 3297 3298
f 3478 3298 3480
f 3480 3517 3481
f 3481 3517 3496
f 3481 3496 3518
f 3479 3519 3478
f 3478 3519 3297
f 3297 3520 3299
f 3521 3522 3520
f 3480 3298 3523
f 3480 3523 3517
f 3502 3504 3508
f 3508 3504 3505
f 3521 3525 3524
f 3521 3524 3522
f 3522 3524 3526
f 3527 3524 3525
f 3527 3525 3528
f 3527 3528 3529
f 3530 3516 3531
f 3531 3516 3515
f 3531 3515 3514
f 3513 3510 3512
f 3516 3530 3505
f 3505 3530 3532
f 3505 3532 3508
f 3508 3532 3520
f 3508 3520 3297
f 3512 3511 3533
f 3512 3533 3514
f 3534 3536 3535
f 3536 3321 3537
f 3538 3537 3539
f 3514 3533 3531
f 3531 3529 3530
f 3530 3529 3528
f 3530 3528 3532
f 3532 3528 3525
f 3532 3525 3521
f 3532 3521 3520
f 3503 3297 3519
f 3533 3534 3529
f 3540 3534 3535
f 3535 3537 3296
f 3540 3541 3534
f 3541 3540 3542
f 3537 3538 3296
f 3543 3544 3538
f 3543 3538 3539
f 3539 3321 3320
f 3543 3320 3545
f 3320 3318 3545
f 3296 3538 3544
f 3313 3295 3544
f 3544 3295 3296
f 3537 3321 3539
f 3539 3320 3543
f 3544 3543 3313
f 3313 3543 3545
f 3298 3299 3523
f 3524 3546 3526
f 3526 3547 3522
f 3522 3547 3548
f 3522 3548 3549
f 3522 3549 3520
f 3520 3549 3299
f 3299 3549 3550
f 3299 3550 3523
f 3517 3523 3498
f 3517 3498 3496
f 3518 3496 3499
f 3518 3499 3551
f 3551 3499 3500
f 3552 3547 3526
f 3552 3526 3553
f 3553 3526 3546
f 3546 3524 3527
f 3529 3531 3533
f 3534 3533 3511
f 3534 3511 3536
f 3554 3555 3552
f 3556 3549 3548
f 3556 3548 3547
f 3556 3547 3557
f 3557 3547 3555
f 3557 3555 3558
f 3558 3555 3559
f 3549 3556 3560
f 3549 3560 3561
f 3561 3560 3562
f 3561 3562 3563
f 3306 3307 3564
f 3564 3307 3565
f 3470 3471 3566
f 3470 3566 3469
f 3558 3568 3567
f 3558 3567 3557
f 3557 3567 3569
f 3557 3569 3556
f 3556 3569 3570
f 3556 3570 3468
f 3556 3468 3560
f 3563 3562 3564
f 3563 3564 3565
f 3568 3571 3567
f 3560 3468 3469
f 3560 3469 3562
f 3562 3469 3566
f 3562 3566 3564
f 3564 3566 3471
f 3564 3471 3306
f 3571 3415 3567
f 3567 3415 3569
f 3569 3415 3412
f 3569 3412 3570
f 3570 3412 3414
f 3570 3414 3468
f 3571 3417 3413
f 3571 3413 3415
f 3469 3468 3411
f 3411 3409 3470
f 3572 3568 3558
f 3572 3558 3559
f 3559 3555 3554
f 3573 3554 3552
f 3573 3552 3553
f 3574 3575 3422
f 3574 3422 3419
f 3542 3576 3575
f 3575 3576 3577
f 3575 3577 3422
f 3540 3535 3294
f 3542 3540 3576
f 3420 3419 3422
f 3422 3577 3421
f 3294 3576 3540
f 3296 3294 3535
f 3578 3295 3313
f 3294 3295 3576
f 3576 3295 3578
f 3313 3545 3424
f 3314 3578 3313
f 3423 3424 3545
f 3423 3545 3318
f 3577 3576 3578
f 3577 3578 3421
f 3421 3578 3314
f 3416 3572 3419
f 3419 3559 3574
f 3574 3573 3579
f 3575 3574 3579
f 3575 3579 3542
f 3542 3579 3541
f 3416 3417 3571
f 3416 3571 3568
f 3416 3568 3572
f 3419 3572 3559
f 3574 3559 3554
f 3574 3554 3573
f 3579 3573 3553
f 3324 3319 3322
f 3511 3322 3321
f 3511 3321 3536
f 3535 3536 3537
f 3534 3541 3529
f 3527 3529 3541
f 3527 3541 3579
f 3527 3579 3546
f 3546 3579 3553
f 3552 3555 3547
f 3550 3549 3561
f 3550 3561 3563
f 3550 3563 3523
f 3523 3563 3565
f 3523 3565 3498
f 3498 3565 3307
f 3498 3307 3463
f 3498 3463 3497
f 3497 3463 3407
f 3497 3407 3403
f 3473 3403 3474
f 3401 3474 3402
f 3580 3582 3581
f 3360 3581 3582
f 3360 3582 3362
f 3583 3585 3584
f 3585 3583 3586
f 3586 3583 3587
f 3580 3356 3357
f 3359 3588 3587
f 3587 3355 3586
f 3586 3355 3589
f 3589 3355 3354
f 3589 3354 3590
f 3349 3346 3347
f 3351 3591 3352
f 3364 3582 3363
f 3363 3582 3580
f 3363 3580 3584
f 3584 3580 3357
f 3584 3357 3583
f 3583 3357 3359
f 3583 3359 3587
f 3348 3593 3592
f 3348 3592 3351
f 3351 3592 3594
f 3351 3594 3591
f 3360 3356 3581
f 3581 3356 3580
f 3595 3591 3594
f 3588 3596 3587
f 3587 3596 3355
f 3590 3354 3352
f 3590 3352 3591
f 3593 3348 3349
f 3593 3349 3597
f 3597 3349 3347
f 3345 3341 3598
f 3345 3598 3347
f 3593 3597 3599
f 3593 3599 3592
f 3591 3595 3429
f 3591 3429 3590
f 3590 3429 3425
f 3590 3425 3589
f 3589 3425 3600
f 3589 3600 3586
f 3586 3600 3601
f 3586 3601 3585
f 3585 3601 3602
f 3585 3366 3584
f 3584 3366 3365
f 3584 3365 3363
f 3585 3603 3366
f 3443 3446 3444
f 3368 3603 3315
f 3315 3441 3447
f 3370 3440 3369
f 3369 3440 3437
f 3369 3437 3435
f 3602 3601 3443
f 3441 3443 3442
f 3603 3602 3604
f 3315 3604 3441
f 3366 3603 3367
f 3367 3603 3368
f 3315 3447 3317
f 3317 3447 3372
f 3604 3602 3443
f 3604 3443 3441
f 3447 3441 3438
f 3447 3438 3370
f 3603 3604 3315
f 3605 3431 3430
f 3599 3607 3606
f 3433 3605 3432
f 3432 3605 3608
f 3608 3605 3430
f 3599 3606 3608
f 3608 3610 3609
f 3609 3610 3611
f 3609 3611 3612
f 3608 3606 3613
f 3608 3613 3610
f 3610 3613 3611
f 3430 3599 3608
f 3432 3608 3609
f 3432 3609 3376
f 3376 3609 3612
f 3376 3612 3375
f 3342 3614 3457
f 3342 3457 3615
f 3598 3615 3459
f 3603 3585 3602
f 3443 3601 3600
f 3443 3600 3445
f 3445 3600 3428
f 3428 3600 3425
f 3430 3429 3595
f 3430 3595 3594
f 3430 3594 3599
f 3599 3594 3592
f 3607 3599 3597
f 3607 3597 3598
f 3598 3597 3347
f 3615 3598 3341
f 3615 3341 3342
f 3614 3342 3339
f 3614 3339 3616
f 3616 3339 3337
f 3616 3337 3476
f 3616 3476 3617
f 3617 3476 3486
f 3486 3476 3335
f 3486 3335 3305
f 3304 3305 3332
f 3510 3513 3509
f 3509 3513 3507
f 3507 3516 3505
f 3484 3503 3519
f 3484 3519 3479
f 3479 3481 3483
f 3483 3481 3518
f 3483 3518 3494
f 3494 3518 3551
f 3494 3551 3495
f 3495 3551 3500
f 3495 3500 3475
f 3495 3475 3493
f 3493 3475 3311
f 3493 3311 3490
f 3490 3311 3309
f 3490 3309 3485
f 3485 3309 3448
f 3488 3448 3450
f 3488 3450 3487
f 3487 3450 3452
f 3487 3452 3486
f 3486 3452 3454
f 3486 3454 3617
f 3617 3454 3456
f 3617 3456 3616
f 3616 3456 3465
f 3616 3465 3464
f 3616 3464 3614
f 3614 3464 3458
f 3614 3458 3457
f 3615 3457 3459
f 3598 3459 3460
f 3598 3460 3607
f 3607 3460 3461
f 3607 3461 3606
f 3606 3461 3380
f 3606 3380 3613
f 3613 3380 3381
f 3613 3381 3611
f 3618 3620 3619
f 3621 3623 3622
f 3624 3626 3625
f 3625 3626 3627
f 3625 3627 3628
f 3626 3624 3629
f 3629 3624 3630
f 3631 3629 3630
f 3632 3634 3633
f 3633 3634 3631
f 3633 3631 3630
f 3635 3636 3634
f 3635 3634 3632
f 3637 3636 3635
f 3638 3639 3637
f 3637 3639 3636
f 3640 3638 3641
f 3638 3640 3639
f 3641 3623 3640
f 3622 3623 3641
f 3642 3621 3622
f 3619 3620 3642
f 3642 3620 3621
f 3643 3618 3644
f 3644 3618 3619
f 3643 3646 3645
f 3646 3643 3644
f 3645 3646 3647
f 3647 3648 3645
f 3648 3647 3649
f 3649 3650 3648
f 3651 3650 3649
f 3650 3651 3652
f 3652 3651 3653
f 3652 3653 3654
f 3652 3654 3655
f 3656 3657 3654
f 3654 3657 3655
f 3657 3656 3658
f 3658 3656 3659
f 3660 3658 3659
f 3661 3660 3659
f 3660 3661 3662
f 3662 3661 3663
f 3662 3663 3664
f 3664 3663 3665
f 3666 3664 3665
f 3667 3666 3665
f 3666 3667 3668
f 3668 3667 3669
f 3670 3671 3669
f 3669 3671 3668
f 3671 3670 3672
f 3673 3672 3670
f 3673 3674 3672
f 3674 3673 3675
f 3675 3676 3674
f 3628 3676 3675
f 3628 3627 3676
f 3622 3641 3675
f 3619 3642 3675
f 3675 3642 3622
f 3675 3644 3619
f 3647 3646 3675
f 3675 3646 3644
f 3675 3649 3647
f 3675 3653 3651
f 3675 3651 3649
f 3656 3654 3675
f 3675 3654 3653
f 3675 3659 3656
f 3675 3663 3661
f 3675 3661 3659
f 3667 3665 3675
f 3675 3665 3663
f 3670 3669 3675
f 3675 3669 3667
f 3675 3673 3670
f 3624 3625 3675
f 3675 3625 3628
f 3675 3630 3624
f 3675 3632 3633
f 3675 3633 3630
f 3675 3637 3635
f 3675 3635 3632
f 3641 3638 3675
f 3675 3638 3637
f 3677 3679 3678
f 3680 3681 3678
f 3678 3681 3677
f 3682 3683 3678
f 3684 3685 3678
f 3678 3685 3682
f 3686 3687 3678
f 3678 3687 3684
f 3688 3689 3678
f 3678 3689 3686
f 3678 3690 3688
f 3691 3692 3678
f 3678 3692 3690
f 3693 3694 3678
f 3678 3694 3691
f 3678 3695 3693
f 3696 3697 3678
f 3678 3697 3695
f 3678 3698 3696
f 3699 3700 3678
f 3678 3700 3698
f 3678 3701 3699
f 3702 3703 3678
f 3678 3703 3701
f 3704 3705 3678
f 3678 3705 3702
f 3679 3706 3678
f 3678 3706 3704
f 3707 3708 3700
f 3699 3707 3700
f 3701 3709 3699
f 3699 3709 3707
f 3703 3710 3701
f 3701 3710 3709
f 3702 3711 3703
f 3703 3711 3710
f 3705 3711 3702
f 3711 3705 3712
f 3704 3712 3705
f 3706 3713 3704
f 3704 3713 3712
f 3679 3713 3706
f 3679 3714 3713
f 3677 3715 3714
f 3677 3714 3679
f 3715 3677 3681
f 3681 3716 3715
f 3680 3716 3681
f 3680 3717 3716
f 3678 3718 3717
f 3678 3717 3680
f 3683 3719 3678
f 3678 3719 3718
f 3719 3683 3720
f 3682 3720 3683
f 3720 3682 3685
f 3685 3721 3720
f 3722 3721 3684
f 3684 3721 3685
f 3723 3722 3687
f 3687 3722 3684
f 3723 3687 3686
f 3686 3724 3723
f 3724 3686 3689
f 3724 3689 3725
f 3688 3725 3689
f 3688 3726 3725
f 3727 3726 3690
f 3690 3726 3688
f 3692 3727 3690
f 3692 3728 3727
f 3729 3728 3692
f 3691 3729 3692
f 3729 3691 3694
f 3729 3694 3730
f 3693 3730 3694
f 3693 3731 3730
f 3695 3731 3693
f 3695 3732 3731
f 3697 3732 3695
f 3696 3733 3697
f 3697 3733 3732
f 3698 3734 3696
f 3696 3734 3733
f 3700 3708 3698
f 3698 3708 3734
f 3735 2941 3736
f 3735 3736 3737
f 3738 3737 3736
f 3738 3736 3739
f 3739 3740 3738
f 3739 3741 3740
f 3741 3739 3742
f 3741 3742 3743
f 3743 3742 3744
f 3744 3742 3745
f 2592 2593 3746
f 2774 3747 2593
f 2593 3747 3746
f 2772 3748 2773
f 3748 3749 2773
f 2773 3749 2774
f 2774 3749 3747
f 2770 3750 2772
f 2772 3750 3748
f 3750 2770 3751
f 3751 2770 2769
f 2730 3752 2769
f 2769 3752 3751
f 2728 3753 2730
f 2730 3753 3752
f 3753 2728 3754
f 3754 2728 2727
f 2726 3755 3754
f 2726 3754 2727
f 3755 2726 3756
f 3756 2726 2738
f 2737 3757 3756
f 2737 3756 2738
f 2736 3758 2737
f 2737 3758 3757
f 3758 2736 3759
f 3759 2736 2735
f 2733 3760 2735
f 2735 3760 3759
f 3760 2733 3761
f 3761 2733 2732
f 2731 3762 2732
f 2732 3762 3761
f 2714 3763 2731
f 2731 3763 3762
f 2713 3764 2714
f 2714 3764 3763
f 2710 3765 3764
f 2710 3764 2713
f 2711 3766 2710
f 2710 3766 3765
f 2745 3766 2711
f 2744 3768 3767
f 2744 3767 2745
f 2745 3767 3766
f 3768 2744 2743
f 3769 3770 2740
f 2740 3770 2743
f 2743 3770 3768
f 2741 3771 3769
f 2741 3769 2740
f 2782 3772 2741
f 2741 3772 3771
f 2781 3773 3772
f 2781 3772 2782
f 2779 3774 2781
f 2781 3774 3773
f 2778 3775 2779
f 2779 3775 3774
f 3775 2778 3776
f 3776 2778 2777
f 2796 3777 2777
f 2777 3777 3776
f 3777 2796 2795
f 3777 2795 3778
f 2794 3779 3778
f 2794 3778 2795
f 2792 3780 2794
f 2794 3780 3779
f 3780 2792 3781
f 3781 2792 2791
f 2790 3782 2791
f 2791 3782 3781
f 3782 2790 3783
f 3783 2790 2788
f 2787 3784 2788
f 2788 3784 3783
f 2785 3785 3784
f 2785 3784 2787
f 2784 3786 2785
f 2785 3786 3785
f 2783 3787 2784
f 2784 3787 3786
f 2764 3788 2783
f 2783 3788 3787
f 2763 3789 2764
f 2764 3789 3788
f 3789 2763 3790
f 3790 2763 2761
f 2760 3791 2761
f 2761 3791 3790
f 2759 3792 2760
f 2760 3792 3791
f 2752 3793 2759
f 2759 3793 3792
f 2750 3794 2752
f 2752 3794 3793
f 3794 2750 3795
f 3795 2750 2749
f 2747 3796 2749
f 2749 3796 3795
f 2746 3797 2747
f 2747 3797 3796
f 3798 3799 2702
f 2702 3799 2746
f 2746 3799 3797
f 3798 2702 2701
f 2699 3800 2701
f 2701 3800 3798
f 3801 3802 2698
f 2698 3802 2699
f 2699 3802 3800
f 3801 2698 2708
f 3801 2708 3803
f 2707 3803 2708
f 2706 3804 2707
f 2707 3804 3803
f 2705 3805 2706
f 2706 3805 3804
f 3805 2705 3806
f 3806 2705 2704
f 2768 3807 2704
f 2704 3807 3806
f 2767 3808 2768
f 2768 3808 3807
f 2766 3809 2767
f 2767 3809 3808
f 3810 3811 2800
f 2800 3811 2766
f 2766 3811 3809
f 3810 2800 2799
f 2798 3812 2799
f 2799 3812 3810
f 2803 3813 2798
f 2798 3813 3812
f 2802 3814 2803
f 2803 3814 3813
f 2801 3815 2802
f 2802 3815 3814
f 3816 3817 2806
f 2806 3817 2801
f 2801 3817 3815
f 3816 2806 2805
f 2804 3818 2805
f 2805 3818 3819
f 2805 3819 3816
f 2809 3820 2804
f 2804 3820 3818
f 2808 3821 3820
f 2808 3820 2809
f 2807 3822 2808
f 2808 3822 3821
f 3822 2807 3823
f 3823 2807 2812
f 2811 3824 2812
f 2812 3824 3823
f 2810 3825 2811
f 2811 3825 3824
f 3825 2810 3826
f 3826 2810 2815
f 2814 3827 3826
f 2814 3826 2815
f 3827 2814 3828
f 3828 2814 2813
f 2818 3829 2813
f 2813 3829 3828
f 3829 2818 3830
f 3830 2818 2817
f 2816 3831 2817
f 2817 3831 3830
f 2821 3832 3831
f 2821 3831 2816
f 3832 2821 3833
f 3833 2821 2820
f 2819 3834 2820
f 2820 3834 3833
f 3834 2819 3835
f 3835 2819 2823
f 2822 3836 2823
f 2823 3836 3835
f 3836 2822 3837
f 3837 2822 2680
f 3837 2680 3838
f 2754 3839 2755
f 3840 2756 3841
f 3841 2756 2755
f 3841 2755 3839
f 2756 3840 2681
f 2681 3840 3842
f 2681 3842 2682
f 2682 3842 3843
f 2682 3843 2683
f 2683 3843 3844
f 3845 2637 2683
f 3845 2683 3844
f 3846 2636 3845
f 3845 2636 2637
f 3847 2665 3846
f 3846 2665 2636
f 2665 3847 2630
f 2630 3847 3848
f 2630 3848 2629
f 3848 3849 2629
f 2629 3849 2609
f 2609 3849 3850
f 2609 3850 2607
f 3851 2597 2607
f 3851 2607 3850
f 3852 2599 3851
f 3851 2599 2597
f 3853 2604 3852
f 3852 2604 2599
f 2604 3853 2610
f 2610 3853 3854
f 2610 3854 3855
f 2610 3855 2679
f 3838 2680 2679
f 3838 2679 3855
f 2754 2797 3839
f 3839 2797 3856
f 3839 3856 3857
f 2900 2898 3858
f 3220 3859 2984
f 3001 2986 3859
f 3859 2986 2984
f 2883 3220 3199
f 2883 3199 3196
f 2883 3196 3185
f 3185 3184 2883
f 2883 3184 3005
f 2883 3005 3006
f 2883 3006 3860
f 3860 3861 2883
f 2883 3861 2882
f 3859 3220 2883
f 3859 2883 3862
f 3862 2883 2876
f 3862 2876 3863
f 3863 2876 2870
f 3863 2870 3864
f 3864 2870 2867
f 3864 2867 3865
f 3865 2867 2865
f 3865 2865 2856
f 3865 2856 3866
f 2894 3867 2857
f 2857 3867 3868
f 2857 3868 2856
f 2856 3868 3866
f 2891 3869 2892
f 2892 3869 3870
f 2892 3870 2894
f 2894 3870 3867
f 3871 3872 2905
f 2905 3872 2907
f 2907 3872 3873
f 2907 3873 2891
f 2891 3873 3869
f 2900 3858 3874
f 2900 3874 2902
f 2902 3874 3875
f 2902 3875 3876
f 2902 3876 2905
f 2905 3876 3871
f 3877 3318 2922
f 2922 2923 3877
f 3329 3333 3878
f 3318 3319 2922
f 3319 3324 2922
f 2922 3324 3325
f 3325 3326 3878
f 3878 3326 3329
f 3878 3333 3332
f 3878 3332 3334
f 3878 3334 3336
f 2922 3325 3878
f 2922 3878 2828
f 2828 3878 3879
f 2828 3879 2835
f 3879 3880 2835
f 2835 3880 2834
f 2834 3880 3881
f 2834 3881 2838
f 2838 3881 2841
f 2841 3881 3882
f 2841 3882 2847
f 2847 3882 3883
f 2847 3883 2908
f 2908 3883 3884
f 2908 3884 2910
f 2910 3884 3885
f 2910 3885 2911
f 3886 2916 3887
f 3887 2916 2913
f 3887 2913 3888
f 3888 2913 2911
f 3888 2911 3885
f 3858 2898 3889
f 3889 2898 2897
f 3889 2897 3890
f 3890 2897 2918
f 3890 2918 3886
f 3886 2918 2916
f 2939 3892 3891
f 3893 3891 3892
f 3891 3893 3894
f 3894 3893 3895
f 3894 3895 3857
f 3857 3856 3894
f 2411 2410 2620
f 3896 2596 2620
f 3896 2620 2410
f 3896 3897 2596
f 2596 3897 2595
f 2595 3897 3898
f 2595 3898 2600
f 3899 2601 2600
f 3899 2600 3898
f 3900 2602 2601
f 3900 2601 3899
f 3901 2626 2602
f 3901 2602 3900
f 3902 2627 3901
f 3901 2627 2626
f 3902 2628 2627
f 3902 3903 2628
f 2628 3903 2662
f 2662 3903 3904
f 3905 2663 3904
f 3904 2663 2662
f 3906 2664 3905
f 3905 2664 2663
f 3906 2716 2664
f 3906 3907 2716
f 2716 3907 2717
f 2717 3907 2718
f 2718 3907 3908
f 2718 3908 3909
f 3909 3908 3910
f 3909 3910 3744
f 3744 3910 3743
f 2940 3912 3911
f 2940 3913 3912
f 3913 2940 2941
f 2940 3911 2925
f 3913 2941 3735
f 3914 3916 3915
f 3915 3916 3917
f 3917 3916 3892
f 3917 3892 3918
f 3914 3919 3916
f 3914 3920 3919
f 3919 3920 3921
f 3919 3921 3922
f 3923 3925 3924
f 3923 3924 3926
f 3927 3926 3928
f 3928 3926 3924
f 3929 3930 3927
f 3927 3930 3926
f 3931 3932 3930
f 3932 3931 3933
f 3932 3933 3934
f 3006 3936 3935
f 3008 3009 3936
f 3936 3006 3008
f 3937 2885 3938
f 3938 2885 2884
f 3938 2884 3939
f 3939 2884 2882
f 3939 2882 3927
f 3927 2882 3929
f 3929 2882 3931
f 3931 2882 3861
f 3921 2886 3940
f 3941 2879 2888
f 3941 2888 3942
f 3942 2888 2887
f 3942 2887 3920
f 2881 3944 3943
f 3945 3946 3943
f 3947 3941 3917
f 3917 3941 3942
f 3917 3942 3915
f 3915 3942 3914
f 3914 3942 3920
f 2881 2879 3944
f 3945 3944 3941
f 3945 3947 3946
f 3944 3945 3943
f 3920 2886 3921
f 3938 3924 3925
f 3937 3925 3940
f 3940 3925 3948
f 2885 3937 2886
f 2886 3937 3940
f 3921 3940 3948
f 3918 3947 3917
f 3944 2879 3941
f 3945 3941 3947
f 3947 3918 3946
f 3936 3934 3935
f 3935 3934 3933
f 3931 3930 3929
f 2887 2886 3920
f 3922 3921 3948
f 3922 3948 3923
f 3923 3948 3925
f 3925 3937 3938
f 3924 3938 3939
f 3924 3939 3928
f 3928 3939 3927
f 3931 3861 3933
f 3933 3861 3860
f 3933 3860 3935
f 3935 3860 3006
f 3949 3950 3735
f 3735 3950 3913
f 2925 3911 3951
f 3952 2924 3951
f 3951 2924 2925
f 2924 3952 3950
f 2924 3950 3949
f 2924 3949 3953
f 2924 3953 2920
f 2920 3953 3954
f 2920 3954 3955
f 2920 3955 3956
f 2920 3956 2919
f 2919 3956 3957
f 2919 3957 3958
f 2919 3958 2921
f 3959 3877 2923
f 3959 2923 3960
f 3312 3423 3961
f 3962 3961 3963
f 3961 3423 3318
f 3961 3318 3963
f 3964 3966 3965
f 3964 3967 3966
f 3966 3967 3968
f 3968 3970 3969
f 3968 3969 3966
f 3971 3969 3970
f 3971 3970 3972
f 3973 3975 3974
f 3973 3974 3972
f 3973 3955 3975
f 3975 3955 3954
f 3975 3954 3976
f 3976 3954 3977
f 3976 3977 3735
f 3949 3735 3977
f 3913 3950 3978
f 3913 3978 3912
f 3973 3972 3956
f 3973 3956 3955
f 3960 2923 2921
f 3960 2921 3979
f 3979 2921 3958
f 3951 3911 3980
f 3951 3980 3952
f 3980 3912 3978
f 3911 3912 3980
f 3952 3980 3978
f 3952 3978 3950
f 3953 3949 3977
f 3953 3977 3954
f 3957 3956 3972
f 3957 3972 3981
f 3959 3962 3877
f 3877 3962 3963
f 3877 3963 3318
f 3958 3957 3981
f 3958 3981 3979
f 3960 3967 3959
f 3974 3971 3972
f 3981 3972 3970
f 3981 3970 3979
f 3979 3970 3968
f 3979 3968 3960
f 3960 3968 3967
f 3959 3967 3964
f 3959 3964 3962
f 3962 3964 3965
f 3962 3965 3961
f 2948 3943 3946
f 3918 2939 2948
f 3918 2948 3946
f 2881 3943 2948
f 3918 3892 2939
f 3982 3984 3983
f 3985 3987 3986
f 3988 3990 3989
f 2992 2996 3991
f 3992 3360 3361
f 3360 3992 3993
f 3993 3356 3360
f 3994 3359 3358
f 3995 3353 3355
f 3996 3350 3353
f 3350 3996 3997
f 3350 3997 3998
f 3999 3346 3998
f 3998 3346 3350
f 3344 4000 3343
f 3343 4001 3340
f 3878 3338 4002
f 4002 3338 3340
f 3876 3875 3871
f 3872 3869 3873
f 3866 3868 4003
f 4003 3868 3867
f 4003 3867 3869
f 3869 3867 3870
f 3865 3866 4004
f 3865 4004 3864
f 3864 4004 3863
f 3001 4005 2998
f 3138 2991 4006
f 4007 3178 4008
f 4008 3178 3173
f 4008 3173 3165
f 4009 4011 4010
f 4010 4011 4012
f 4013 4015 4014
f 4016 4018 4017
f 4017 4018 4019
f 4017 4019 4020
f 4020 4019 4021
f 4022 4023 4020
f 4022 4024 4023
f 4025 4026 4024
f 4027 4029 4028
f 4028 4029 4026
f 4030 4032 4031
f 4031 4032 4033
f 4031 4033 4034
f 4034 4033 4035
f 4034 4035 4036
f 4036 4035 4037
f 4036 4037 4038
f 4038 4037 4039
f 4040 4008 3165
f 4040 3165 4041
f 4041 3165 3161
f 4041 3161 4042
f 4042 3161 3159
f 4008 4040 4043
f 4008 4043 4007
f 4007 4043 4044
f 4042 4030 4041
f 4041 4030 4031
f 4041 4031 4040
f 4040 4031 4034
f 4040 4034 4043
f 4043 4034 4036
f 4043 4036 4044
f 3077 3075 4009
f 4009 3075 4011
f 4044 4036 4038
f 4045 4047 4046
f 4046 4047 4048
f 4014 4010 4012
f 4046 4048 4012
f 4046 4012 4049
f 4049 4012 4011
f 4049 4011 4050
f 4050 4011 3075
f 4050 3075 3179
f 4014 4012 4048
f 4014 4048 4047
f 4014 4047 4013
f 4051 4015 4052
f 4052 4015 4013
f 4052 4013 4053
f 4053 4013 4047
f 4053 4047 4045
f 4039 4045 4046
f 4039 4046 4038
f 4038 4046 4044
f 4044 4046 4049
f 4044 4049 4050
f 4044 4050 4007
f 4007 4050 3179
f 4007 3179 3178
f 4054 4056 4055
f 4057 4056 4058
f 4058 4056 4054
f 4058 4054 4059
f 4060 4059 4054
f 4061 4054 4055
f 4062 4059 4060
f 4060 4054 4061
f 4061 4055 4063
f 4064 4062 4060
f 4065 4060 4061
f 4066 4061 4063
f 4067 4068 4063
f 4063 4068 4066
f 4061 4066 4065
f 4060 4065 4064
f 4062 4064 4069
f 4066 4070 4065
f 4065 4071 4064
f 4064 4072 4069
f 4069 4072 4073
f 4071 4070 4074
f 4074 4070 4075
f 4032 4057 4033
f 4033 4057 4058
f 4033 4058 4035
f 4035 4058 4059
f 4035 4059 4037
f 4037 4059 4062
f 4037 4062 4039
f 4039 4062 4069
f 4039 4069 4076
f 4076 4069 4073
f 4076 4073 4053
f 4053 4073 4077
f 4053 4077 4052
f 4045 4039 4076
f 4045 4076 4053
f 4078 4080 4079
f 4079 4081 4051
f 4079 4077 4078
f 4082 4080 4078
f 4079 4080 4081
f 3988 4084 4083
f 4085 4087 4086
f 4070 4086 4075
f 4088 4089 4075
f 4075 4089 4074
f 4072 4071 4090
f 4090 4071 4074
f 4090 4074 4091
f 4091 4074 4089
f 4084 4092 4083
f 4083 4092 4093
f 4083 4093 4087
f 4075 4086 4087
f 4075 4087 4088
f 4088 4087 4093
f 4088 4093 4094
f 4094 4093 4092
f 4089 4096 4095
f 4089 4095 4091
f 4091 4095 4097
f 4091 4097 4090
f 4090 4097 4098
f 4090 4098 4072
f 4096 4019 4095
f 4095 4019 4099
f 4095 4099 4097
f 4097 4099 4082
f 4097 4082 4078
f 4097 4078 4098
f 4098 4078 4077
f 4019 4018 4099
f 4099 4018 4082
f 4082 4018 4016
f 4092 4084 4100
f 4101 4100 4025
f 4101 4025 4102
f 4022 4102 4024
f 4103 4094 4101
f 4103 4101 4104
f 4104 4101 4022
f 4021 4022 4020
f 4102 4022 4101
f 4101 4094 4100
f 4100 4094 4092
f 4105 4100 4084
f 4106 4107 3993
f 4106 3993 4108
f 4108 3993 4109
f 4027 4109 4029
f 3992 4109 3993
f 3994 4107 4110
f 3989 4112 4111
f 4084 4111 4113
f 4084 4113 4105
f 4100 4105 4028
f 4100 4028 4025
f 4102 4025 4024
f 4111 4106 4108
f 4111 4108 4113
f 4113 4108 4027
f 4113 4027 4105
f 4105 4027 4028
f 4025 4028 4026
f 4112 4106 4111
f 4109 4027 4108
f 4107 4106 4112
f 4107 4112 4110
f 4110 4112 4114
f 4110 4114 4115
f 4110 4115 3994
f 3994 4115 3588
f 3588 4115 3596
f 3994 3588 3359
f 3994 3358 4107
f 4107 3358 3356
f 4107 3356 3993
f 4109 3992 3361
f 4109 3361 4029
f 4002 4117 4116
f 4116 4117 4118
f 4118 4120 4119
f 4119 4120 4121
f 4121 4123 4122
f 4122 4123 4124
f 4125 4127 4126
f 4126 4129 4128
f 4002 3340 4117
f 4117 4001 4118
f 4118 4001 4120
f 4120 4130 4121
f 4121 4130 4123
f 4123 4131 4124
f 4124 4131 4132
f 4124 4132 4133
f 4133 4132 4134
f 4133 4134 4125
f 4125 4134 4127
f 4126 4127 4129
f 4128 4129 4135
f 4128 4135 4136
f 4136 4135 4137
f 4136 4137 4067
f 4067 4137 4068
f 4068 4137 4085
f 4117 3340 4001
f 4001 4000 4120
f 4120 4000 4130
f 4130 4138 4123
f 4123 4138 4131
f 4134 4139 4127
f 4127 4140 4129
f 4001 3343 4000
f 4000 4141 4130
f 4130 4141 4138
f 4138 4142 4131
f 4131 4142 4143
f 4131 4143 4132
f 4132 4143 4144
f 4132 4144 4134
f 4134 4144 4139
f 4127 4139 4140
f 4129 4140 4145
f 4129 4145 4135
f 4137 4135 4146
f 4137 4146 4085
f 4000 3344 4141
f 4141 3999 4138
f 4138 3999 4142
f 4143 3982 4144
f 4139 3987 4140
f 3987 3985 4147
f 4147 3985 4148
f 3989 3990 4148
f 4114 3985 3986
f 4114 3986 4149
f 3990 4147 4148
f 4141 3344 3999
f 4142 3999 3998
f 4142 3998 4143
f 4143 3998 3982
f 4144 3982 3983
f 4144 3983 4139
f 4139 3983 3987
f 4140 3987 4147
f 4140 4147 4145
f 4145 4147 3990
f 4145 3990 4135
f 4135 3990 4146
f 4146 3990 3988
f 4150 3984 3982
f 3996 3984 4150
f 3996 4150 3997
f 3997 4150 3998
f 3986 3984 4149
f 4149 3984 3995
f 3353 3995 3996
f 3996 3995 3984
f 3984 3986 3983
f 4149 3596 4115
f 4149 4115 4114
f 3985 4114 4112
f 3985 4112 3989
f 3989 4111 4084
f 4104 4022 4021
f 3995 3355 3596
f 3995 3596 4149
f 4148 3985 3989
f 3988 3989 4084
f 4088 4094 4103
f 4088 4103 4089
f 4089 4103 4104
f 4089 4104 4096
f 4096 4104 4021
f 4096 4021 4019
f 4080 4082 4016
f 4080 4016 4081
f 3344 3346 3999
f 3998 4150 3982
f 3983 3986 3987
f 4146 3988 4083
f 4146 4083 4085
f 4085 4083 4087
f 4068 4085 4086
f 4068 4086 4066
f 4066 4086 4070
f 4065 4070 4071
f 4064 4071 4072
f 4072 4098 4073
f 4073 4098 4077
f 4077 4079 4052
f 4052 4079 4051
f 3862 3863 4005
f 3862 4005 3859
f 3859 4005 3001
f 4151 2998 4005
f 4152 4005 3863
f 4152 3863 4153
f 4153 3863 4004
f 4153 4004 4154
f 4154 4004 3866
f 4154 3866 4003
f 4154 4003 4155
f 4155 4003 3869
f 4156 3869 3872
f 4156 3872 4157
f 4158 4157 3874
f 4158 3874 4159
f 4159 3874 3889
f 3858 3889 3874
f 3875 3874 3871
f 3871 3874 4157
f 3871 4157 3872
f 3869 4156 4155
f 2996 2998 4160
f 4161 4160 4152
f 4161 4152 4153
f 4161 4153 4162
f 4162 4153 4154
f 4162 4154 4163
f 4163 4154 4155
f 4163 4155 4164
f 4164 4155 4156
f 4164 4156 4165
f 4165 4156 4166
f 4165 4166 4167
f 4167 4166 4158
f 4167 4158 4168
f 4168 4158 4169
f 4168 4169 4170
f 4171 4173 4172
f 4171 4172 4174
f 4174 4172 4175
f 4174 4175 4176
f 4176 4175 4177
f 4176 4177 4178
f 4178 4177 4179
f 4178 4179 4180
f 4180 4179 4181
f 4180 4181 4182
f 4182 4181 4183
f 4182 4183 4184
f 4184 4183 4185
f 4184 4185 4186
f 4186 4185 4187
f 4187 4185 4188
f 4188 4170 4189
f 4189 4170 4190
f 4191 3887 3888
f 4192 2996 4160
f 4192 4160 4173
f 4173 4160 4172
f 4172 4160 4161
f 4172 4161 4175
f 4175 4161 4162
f 4175 4162 4177
f 4177 4162 4163
f 4177 4163 4179
f 4179 4163 4164
f 4179 4164 4181
f 4181 4164 4165
f 4181 4165 4183
f 4183 4165 4167
f 4183 4167 4185
f 4185 4167 4168
f 4185 4168 4188
f 4188 4168 4170
f 4190 4170 3886
f 4190 3886 4191
f 4191 3886 3887
f 4160 2998 4151
f 4160 4151 4005
f 4160 4005 4152
f 4166 4156 4157
f 4166 4157 4158
f 4169 4158 4159
f 4169 4159 4170
f 4170 4159 3889
f 4170 3889 3886
f 3886 3889 3890
f 2990 3138 4006
f 2987 2990 4006
f 2987 4006 4193
f 2992 3991 4194
f 4194 3991 4195
f 4195 3991 4171
f 4195 4171 4196
f 4195 4196 4197
f 4197 4196 4198
f 4197 4198 4199
f 4199 4198 4200
f 4199 4200 4201
f 4201 4200 4202
f 4201 4202 4203
f 4203 4202 4204
f 4203 4204 4205
f 4205 4204 4206
f 4205 4206 4207
f 4207 4206 4208
f 4208 4186 4209
f 4209 4186 4187
f 4209 4187 4210
f 4210 4187 4188
f 4210 4188 4211
f 4211 4188 4189
f 4211 4189 4212
f 4212 4189 4213
f 4214 3885 3884
f 4006 2991 4194
f 4006 4194 4215
f 4215 4194 4195
f 4215 4195 4216
f 4216 4195 4217
f 4216 4217 4218
f 4218 4217 4219
f 4218 4219 4220
f 4220 4219 4221
f 4220 4221 4222
f 4222 4221 4223
f 4222 4223 4224
f 4224 4223 4225
f 4224 4225 4226
f 4226 4225 4227
f 4226 4227 4228
f 4228 4227 4229
f 4230 4209 4231
f 4231 4209 4210
f 4231 4210 4232
f 4232 4210 4211
f 4232 4211 4233
f 4233 4211 4212
f 4233 4212 4234
f 4234 4212 4235
f 4236 3883 3882
f 4194 2991 2992
f 4217 4195 4197
f 4217 4197 4219
f 4219 4197 4199
f 4219 4199 4221
f 4221 4199 4201
f 4221 4201 4223
f 4223 4201 4203
f 4223 4203 4225
f 4225 4203 4205
f 4225 4205 4227
f 4227 4205 4207
f 4227 4207 4229
f 4229 4207 4237
f 4237 4207 4208
f 4237 4208 4230
f 4230 4208 4209
f 4212 4213 4235
f 4235 4213 4214
f 4235 4214 4236
f 4236 4214 3884
f 4236 3884 3883
f 4238 2987 4193
f 4238 4193 4239
f 4239 4193 4240
f 4239 4240 4241
f 4241 4240 4242
f 4241 4242 4243
f 4243 4242 4244
f 4243 4244 4245
f 4245 4244 4246
f 4245 4246 4247
f 4247 4246 4248
f 4247 4248 4249
f 4249 4248 4250
f 4249 4250 4251
f 4251 4250 4228
f 4252 4228 4253
f 4254 4231 4255
f 4255 4231 4232
f 4232 4233 4256
f 4256 4233 4234
f 4256 4234 4257
f 4258 4257 4259
f 4260 2987 4261
f 4261 2987 4238
f 4261 4238 4262
f 4263 4262 4264
f 4263 4264 4265
f 4265 4264 4266
f 4265 4266 4267
f 4267 4266 4268
f 4267 4268 4269
f 4269 4268 4247
f 4269 4247 4270
f 4270 4247 4249
f 4270 4249 4271
f 4271 4249 4251
f 4128 4251 4252
f 4126 4252 4272
f 4273 4255 4122
f 4122 4255 4274
f 4274 4256 4119
f 4119 4256 4275
f 4275 4258 4116
f 4116 4258 4276
f 4276 3880 3879
f 3881 3880 4276
f 3881 4276 4259
f 4259 4276 4258
f 4258 4275 4257
f 4257 4275 4256
f 4256 4274 4232
f 4232 4274 4255
f 4255 4273 4254
f 4254 4273 4277
f 4254 4277 4278
f 4278 4277 4272
f 4278 4272 4253
f 4253 4272 4252
f 4228 4252 4251
f 4245 4247 4268
f 4245 4268 4243
f 4243 4268 4266
f 4243 4266 4241
f 4241 4266 4264
f 4241 4264 4239
f 4239 4264 4262
f 4239 4262 4238
f 2987 4260 2989
f 4193 4006 4215
f 4193 4215 4240
f 4240 4215 4216
f 4240 4216 4242
f 4242 4216 4218
f 4242 4218 4244
f 4244 4218 4220
f 4244 4220 4246
f 4246 4220 4222
f 4246 4222 4248
f 4248 4222 4224
f 4248 4224 4250
f 4250 4224 4226
f 4250 4226 4228
f 4228 4229 4253
f 4253 4229 4237
f 4253 4237 4278
f 4278 4237 4230
f 4278 4230 4254
f 4254 4230 4231
f 4234 4235 4257
f 4257 4235 4236
f 4257 4236 4259
f 4259 4236 3882
f 4259 3882 3881
f 3991 2996 4192
f 3991 4192 4173
f 3991 4173 4171
f 4196 4171 4174
f 4196 4174 4198
f 4198 4174 4176
f 4198 4176 4200
f 4200 4176 4178
f 4200 4178 4202
f 4202 4178 4180
f 4202 4180 4204
f 4204 4180 4182
f 4204 4182 4206
f 4206 4182 4184
f 4206 4184 4208
f 4208 4184 4186
f 4189 4190 4213
f 4213 4190 4191
f 4213 4191 4214
f 4214 4191 3888
f 4214 3888 3885
f 3336 3338 3878
f 3879 3878 4002
f 3879 4002 4276
f 4276 4002 4116
f 4116 4118 4275
f 4275 4118 4119
f 4119 4121 4274
f 4274 4121 4122
f 4122 4124 4273
f 4273 4124 4133
f 4273 4133 4277
f 4277 4133 4125
f 4277 4125 4272
f 4272 4125 4126
f 4252 4126 4128
f 4251 4128 4136
f 4251 4136 4271
f 4271 4136 4067
f 4271 4067 4063
f 4271 4063 4270
f 4270 4063 4055
f 4270 4055 4269
f 4269 4055 4056
f 4269 4056 4267
f 4267 4056 4057
f 4267 4057 4265
f 4265 4057 4032
f 4265 4032 4263
f 4263 4032 4030
f 4263 4030 4262
f 4262 4030 4261
f 4261 4030 4042
f 4261 4042 4260
f 4260 4042 3159
f 4260 3159 2989
f 4279 4281 4280
f 4282 4284 4283
f 4285 4287 4286
f 4288 4286 4287
f 4289 4290 4288
f 4290 4286 4288
f 4289 4291 4290
f 4292 4293 4291
f 4292 4291 4289
f 4293 4295 4294
f 4295 4293 4292
f 4296 4294 4295
f 4283 4284 4296
f 4296 4284 4294
f 4297 4282 4283
f 4297 4298 4282
f 4299 4298 4300
f 4300 4298 4297
f 4301 4299 4300
f 4301 4302 4299
f 4303 4302 4301
f 4302 4303 4304
f 4305 4304 4306
f 4306 4304 4303
f 4307 4305 4308
f 4308 4305 4306
f 4309 4307 4310
f 4310 4307 4308
f 4311 4309 4310
f 4311 4312 4309
f 4312 4311 4313
f 4312 4313 4314
f 4315 4316 4314
f 4315 4314 4313
f 4317 4318 4316
f 4317 4316 4315
f 4318 4317 4319
f 4319 4320 4318
f 4320 4319 4321
f 4321 4322 4320
f 4323 4324 4322
f 4323 4322 4321
f 4324 4323 4325
f 4326 4327 4325
f 4325 4327 4324
f 4328 4329 4326
f 4326 4329 4327
f 4330 4329 4328
f 4329 4330 4331
f 4332 4331 4330
f 4332 4281 4331
f 4280 4281 4332
f 4333 4279 4280
f 4334 4335 4333
f 4333 4335 4279
f 4336 4337 4335
f 4336 4335 4334
f 4337 4336 4338
f 4287 4285 4338
f 4285 4337 4338
f 4300 4315 4313
f 4300 4319 4317
f 4300 4317 4315
f 4323 4321 4300
f 4300 4321 4319
f 4326 4325 4300
f 4300 4325 4323
f 4330 4328 4300
f 4300 4328 4326
f 4300 4332 4330
f 4300 4333 4280
f 4300 4280 4332
f 4300 4336 4334
f 4300 4334 4333
f 4300 4287 4338
f 4300 4338 4336
f 4289 4288 4300
f 4300 4288 4287
f 4300 4292 4289
f 4296 4295 4300
f 4300 4295 4292
f 4297 4283 4300
f 4300 4283 4296
f 4303 4301 4300
f 4300 4306 4303
f 4310 4308 4300
f 4300 4308 4306
f 4313 4311 4300
f 4300 4311 4310
f 4339 4341 4340
f 4339 4340 4342
f 4342 4340 4343
f 4343 4344 4342
f 4344 4343 4345
f 4346 4344 4345
f 4347 4346 4345
f 4346 4347 4348
f 4348 4347 4349
f 4348 4349 4350
f 4350 4349 4351
f 4352 4350 4353
f 4353 4350 4351
f 4354 4355 4352
f 4354 4352 4353
f 4355 4354 4356
f 4357 4358 4356
f 4356 4358 4355
f 4359 4360 4357
f 4357 4360 4358
f 4359 4361 4360
f 4361 4359 4362
f 4363 4361 4362
f 4364 4365 4363
f 4364 4363 4362
f 4366 4367 4364
f 4364 4367 4365
f 4368 4367 4366
f 4369 4368 4366
f 4370 4371 4369
f 4369 4371 4368
f 4372 4371 4370
f 4372 4373 4371
f 4374 4375 4372
f 4375 4373 4372
f 4375 4374 4376
f 4376 4374 4377
f 4378 4379 4377
f 4377 4379 4376
f 4380 4382 4381
f 4382 4380 4378
f 4378 4380 4379
f 4383 4381 4382
f 4384 4385 4383
f 4383 4385 4381
f 4386 4387 4384
f 4384 4387 4385
f 4386 4388 4387
f 4389 4388 4386
f 4389 4390 4388
f 4390 4389 4391
f 4391 4392 4390
f 4393 4392 4391
f 4392 4393 4394
f 4394 4393 4395
f 4396 4394 4395
f 4397 4396 4395
f 4396 4397 4398
f 4339 4398 4341
f 4341 4398 4397
f 4372 4370 4343
f 4343 4370 4369
f 4343 4374 4372
f 4378 4377 4343
f 4343 4377 4374
f 4343 4382 4378
f 4343 4384 4383
f 4343 4383 4382
f 4389 4386 4343
f 4343 4386 4384
f 4343 4391 4389
f 4343 4395 4393
f 4343 4393 4391
f 4341 4397 4343
f 4343 4397 4395
f 4343 4340 4341
f 4343 4349 4347
f 4343 4347 4345
f 4343 4353 4351
f 4343 4351 4349
f 4343 4356 4354
f 4343 4354 4353
f 4359 4357 4343
f 4343 4357 4356
f 4343 4362 4359
f 4366 4364 4343
f 4343 4364 4362
f 4343 4369 4366
f 3312 3961 4399
f 3312 4399 3743
f 3743 4399 3741
f 3974 3975 3971
f 3965 3966 3969
f 3735 3737 3976
f 3976 3737 3738
f 3976 3738 3971
f 3971 3738 3740
f 3740 3741 4399
f 3975 3976 3971
f 3969 3971 3740
f 3969 3740 3965
f 3965 3740 4399
f 3965 4399 3961
f 3908 3907 3910
f 3904 3903 3902
f 3901 3900 3899
f 3897 3896 2410
f 3312 3910 3907
f 3312 3907 4400
f 4400 3907 3906
f 4400 3906 3905
f 4400 3905 4401
f 4401 3905 3904
f 4401 3904 3902
f 4401 3902 3420
f 3420 3902 3901
f 3420 3901 4402
f 4402 3901 3899
f 4402 3899 3898
f 4402 3898 4403
f 4403 3898 3897
f 4403 3897 2410
f 3314 4400 4401
f 3314 4401 3421
f 3421 4401 3420
f 3420 4402 3418
f 3418 4402 4403
f 3418 4403 3417
f 3743 3910 3312
f 3312 4400 3314
f 2408 2413 4404
f 4404 2413 2416
f 2422 2418 2423
f 4405 2422 2425
f 2438 2443 2442
f 2445 2446 2448
f 2458 2463 2462
f 2465 2469 2468
f 2478 2483 2482
f 2485 2486 2488
f 2492 2497 2496
f 2500 2498 2502
f 2513 2516 2517
f 2529 2531 4406
f 4406 2531 2533
f 2533 2536 2537
f 3611 3381 3379
f 4407 3384 3388
f 4407 3388 4408
f 4408 3388 3390
f 4408 3390 4409
f 4409 3390 3392
f 4409 3392 3395
f 2549 2552 2553
f 2559 4411 4410
f 2559 4410 2555
f 2555 4410 4412
f 2555 4412 2553
f 2553 4412 2549
f 2549 4412 4413
f 2549 4413 2546
f 2546 4413 2545
f 2545 4413 4414
f 2545 4414 2543
f 2543 4414 2541
f 2541 4414 4415
f 2541 4415 2539
f 2539 4415 2537
f 2537 4415 4406
f 2537 4406 2533
f 2529 4406 4416
f 2529 4416 2527
f 2527 4416 2524
f 2524 4416 4417
f 2524 4417 2522
f 2522 4417 2523
f 2523 4417 4418
f 2523 4418 2519
f 2519 4418 2517
f 2517 4418 4419
f 2517 4419 2513
f 2513 4419 2510
f 2510 4419 4420
f 2510 4420 2509
f 2509 4420 2507
f 2507 4420 4421
f 2507 4421 2505
f 2505 4421 2502
f 2502 4421 4422
f 2502 4422 2500
f 2500 4422 4423
f 2500 4423 2496
f 2496 4423 2492
f 2492 4423 4424
f 2492 4424 2491
f 2491 4424 2488
f 2488 4424 4425
f 2488 4425 2485
f 2485 4425 2482
f 2482 4425 4426
f 2482 4426 2478
f 2478 4426 2477
f 2477 4427 2475
f 2475 4427 2473
f 2473 4427 4428
f 2473 4428 2470
f 2470 4428 2468
f 2468 4428 4429
f 2468 4429 2465
f 2465 4429 2462
f 2462 4429 4430
f 2462 4430 2458
f 2458 4430 4431
f 2458 4431 2457
f 2457 4431 2455
f 2455 4431 4432
f 2455 4432 2452
f 2452 4432 2451
f 2451 4432 4433
f 2451 4433 2448
f 2448 4433 2445
f 2445 4433 4434
f 2445 4434 2442
f 2442 4434 4435
f 2442 4435 2438
f 2438 4435 2437
f 2437 4435 4436
f 2437 4436 2435
f 2435 4436 2432
f 2432 4436 2431
f 2431 4436 4437
f 2431 4437 2428
f 2428 4437 2426
f 2426 4405 2425
f 2422 4405 4438
f 2422 4438 2418
f 2418 4438 2417
f 2417 4438 4404
f 2417 4404 2416
f 4404 4439 2408
f 2408 4439 4403
f 2408 4403 2410
f 4406 4415 4440
f 4406 4440 4416
f 4420 3375 4421
f 4421 3375 4422
f 4426 4407 2477
f 2477 4407 4427
f 4427 4407 4408
f 4427 4408 4428
f 4428 4408 4409
f 4428 4409 4429
f 2426 4437 4405
f 4411 3361 3362
f 4411 3362 4410
f 4410 3362 4412
f 4412 3362 3582
f 4412 3582 4413
f 4413 3582 3364
f 4413 3364 3365
f 4413 3365 4414
f 4414 3365 3367
f 4414 3367 4415
f 4415 3367 3316
f 4415 3316 4440
f 4440 3316 4416
f 4416 3316 3317
f 4416 3317 4417
f 4417 3317 3372
f 4417 3372 4418
f 4418 3372 3371
f 4418 3371 4419
f 4419 3371 3374
f 4419 3374 4420
f 4420 3374 3375
f 4422 3375 3612
f 4422 3612 4423
f 4423 3612 3611
f 4423 3611 4424
f 4424 3611 3379
f 4424 3379 4425
f 4425 3379 3382
f 4425 3382 4426
f 4426 3382 3384
f 4426 3384 4407
f 4429 4409 3395
f 4429 3395 4430
f 4430 3395 3398
f 4430 3398 4431
f 4431 3398 3400
f 4431 3400 4432
f 4432 3400 3402
f 4432 3402 4433
f 4433 3402 3404
f 4433 3404 4434
f 4434 3404 3405
f 4434 3405 4435
f 4435 3405 3406
f 4435 3406 4436
f 4436 3406 3408
f 4436 3408 4437
f 4437 3408 3409
f 4437 3409 4405
f 4405 3409 3410
f 4405 3410 4438
f 4438 3410 3413
f 4438 3413 4404
f 4404 3413 4439
f 4439 3413 3417
f 4439 3417 4403
f 2588 2591 2592
f 2587 2588 2585
f 2578 2579 2581
f 2569 2575 2578
f 2569 2574 2575
f 2566 2567 2571
f 2559 2557 2562
f 4441 4017 4020
f 4441 4020 4442
f 4442 4020 4443
f 4443 4020 4023
f 4443 4023 4024
f 4444 4024 4026
f 4444 4026 4445
f 4445 4026 4446
f 4446 4026 4029
f 4446 4029 4447
f 4447 4029 3361
f 4447 3361 4411
f 2592 4441 2588
f 2588 4441 4442
f 2578 4443 4024
f 2578 4024 4444
f 2588 4442 2585
f 2585 4442 2583
f 2583 4442 4443
f 2583 4443 2581
f 2581 4443 2578
f 2578 4444 2569
f 2569 4444 2571
f 2571 4444 4445
f 2571 4445 2566
f 2566 4445 4446
f 2566 4446 2563
f 2563 4446 4447
f 2563 4447 2562
f 2562 4447 4411
f 2562 4411 2559
f 3761 3762 4009
f 4448 3761 4009
f 4010 4448 4009
f 3759 3760 3761
f 3759 3761 4449
f 4449 3761 4448
f 4010 4449 4448
f 3757 3758 3759
f 3757 3759 4449
f 4010 4014 4449
f 4449 4014 4450
f 4449 4450 3757
f 3755 3756 3757
f 3755 3757 4450
f 4450 4014 4015
f 3753 3754 3755
f 3753 3755 4451
f 4451 3755 4450
f 4451 4450 4015
f 4015 4051 4451
f 3751 3752 3753
f 3751 3753 4451
f 4051 4081 4451
f 4451 4081 4452
f 4451 4452 3751
f 3750 3751 4452
f 3750 4452 3749
f 3750 3749 3748
f 3747 3749 4452
f 4453 3747 4452
f 4453 4452 4016
f 4016 4452 4081
f 4016 4017 4453
f 4453 4017 4441
f 4453 4441 2592
f 4453 2592 3746
f 3747 4453 3746
f 3835 3836 3837
f 3834 3835 3833
f 3830 3831 3829
f 3826 3827 3828
f 3823 3824 3822
f 3818 3820 3819
f 3817 3816 3819
f 3814 3815 3813
f 3810 3812 3813
f 3809 3811 3810
f 4454 3807 3808
f 4454 3808 3809
f 3807 4454 3806
f 4455 3021 4456
f 4456 3021 3023
f 4456 3023 4457
f 4457 3023 4458
f 4458 3023 3027
f 4458 3027 4459
f 4459 3027 3028
f 4459 3028 4460
f 4460 3028 3032
f 4460 3032 4461
f 4461 3032 3031
f 4461 3031 4462
f 4462 3031 3034
f 4462 3034 4463
f 4463 3034 3035
f 4464 3035 3037
f 4464 3037 4465
f 4465 3037 3041
f 4465 3041 4466
f 4466 3041 3043
f 4466 3043 4467
f 4467 3043 3044
f 3044 3046 4468
f 4468 3046 4469
f 4469 3046 3048
f 3832 4457 4458
f 3824 4461 4462
f 4463 3035 3819
f 3819 3035 4464
f 4454 4467 3044
f 4454 3044 4468
f 3838 4455 4456
f 3838 4456 3837
f 3837 4456 4457
f 3837 4457 3835
f 3835 4457 3833
f 3833 4457 3832
f 3832 4458 3831
f 3831 4458 4459
f 3831 4459 3829
f 3829 4459 3828
f 3828 4459 4460
f 3828 4460 3826
f 3826 4460 4461
f 3826 4461 3825
f 3825 4461 3824
f 3824 4462 3822
f 3822 4462 3821
f 3821 4462 4463
f 3821 4463 3820
f 3820 4463 3819
f 3817 3819 4464
f 3817 4464 3815
f 3815 4464 4465
f 3815 4465 3813
f 3813 4465 4466
f 3813 4466 3810
f 3810 4466 4467
f 3810 4467 3809
f 3809 4467 4454
f 3806 4454 4468
f 3806 4468 3804
f 3804 4468 4469
f 3804 4469 3803
f 3804 3805 3806
f 4469 3048 3801
f 4469 3801 3803
f 3048 3051 4470
f 3048 4470 3801
f 3800 3802 3801
f 4471 3800 3801
f 4471 3801 4470
f 3798 3800 4471
f 3799 3798 4471
f 3053 4470 3051
f 4472 3799 4471
f 4472 4471 4470
f 3053 4472 4470
f 3797 3799 4472
f 4472 3053 4473
f 4472 4473 3797
f 3053 3055 4473
f 3797 4473 3796
f 3796 4473 3795
f 3794 3795 4473
f 3794 4473 4474
f 4474 4473 3055
f 3793 3794 4474
f 3792 3793 4474
f 3792 4474 3059
f 3059 4474 3055
f 3059 3058 4475
f 3059 4475 3792
f 3792 4475 3790
f 3792 3790 3791
f 3789 3790 4475
f 4476 3789 4475
f 4476 4475 3058
f 3062 4476 3058
f 3062 3058 3060
f 3788 3789 3787
f 3787 3789 4476
f 4477 3787 4476
f 4477 4476 3062
f 3786 3787 4477
f 3785 3786 4477
f 3062 3172 3066
f 3062 3066 4477
f 4477 3066 4478
f 4477 4478 3785
f 3785 4478 3783
f 3785 3783 3784
f 4479 3783 4478
f 3782 3783 4479
f 3064 4478 3066
f 4480 4479 4478
f 4480 4478 3064
f 4479 4480 3780
f 4479 3780 3782
f 3780 3781 3782
f 3064 2983 4480
f 4480 2983 3779
f 3780 4480 3779
f 3777 3778 3779
f 4481 3779 2983
f 4481 2983 2981
f 4481 3777 3779
f 3777 4481 3776
f 4481 3069 4482
f 3776 4482 3774
f 2981 3069 4481
f 4481 4482 3776
f 3775 3776 3774
f 3774 4482 4483
f 4483 3773 3774
f 3069 3070 4482
f 4482 3070 4483
f 4483 3772 3773
f 4483 3771 3772
f 3769 3771 4483
f 3769 4483 3070
f 3071 3769 3070
f 3769 3071 4484
f 3769 4484 3768
f 3769 3768 3770
f 3071 3073 4484
f 3768 4484 3767
f 4485 3767 4484
f 4485 4484 3078
f 3078 4484 3073
f 3765 3766 3767
f 3765 3767 4485
f 4486 3765 4485
f 4486 4485 3077
f 3077 4485 3078
f 3765 4486 3764
f 3077 4009 4486
f 4486 4009 3762
f 4486 3762 3764
f 3764 3762 3763
f 3847 3846 3848
f 3852 3851 3853
f 3009 3011 3840
f 3840 3011 3843
f 3843 3011 2977
f 2977 3012 3846
f 3846 3012 3848
f 3848 3012 3014
f 3848 3014 4487
f 4487 3014 3015
f 3015 3017 4455
f 4455 3017 3021
f 4488 3009 3841
f 3841 3009 3840
f 3015 4455 3854
f 4488 3841 3839
f 3842 3840 3843
f 3843 2977 3844
f 3844 2977 3845
f 3845 2977 3846
f 3848 4487 3849
f 3849 4487 3850
f 3850 4487 3851
f 3851 4487 3015
f 3851 3015 3853
f 3853 3015 3854
f 3854 4455 3838
f 3855 3854 3838
f 3932 3934 4488
f 4488 3934 3936
f 3916 3919 3923
f 3919 3922 3923
f 3926 3930 3932
f 3893 3916 3923
f 3893 3923 3926
f 3893 3926 4489
f 4489 3926 3932
f 3892 3916 3893
f 4489 3932 3857
f 3857 3895 4489
f 4489 3895 3893
f 3839 3857 4488
f 4488 3936 3009
f 3932 4488 3857
f 3431 3666 3668
f 3648 3437 3645
f 3437 3648 3650
f 3645 3437 3440
f 3645 3440 3643
f 3618 3643 3440
f 3439 3620 3618
f 3438 3621 3439
f 3439 3621 3620
f 3442 3623 3621
f 3442 3621 3438
f 3618 3440 3439
f 3442 3640 3623
f 3442 3639 3640
f 3444 3636 3639
f 3444 3639 3442
f 3446 3636 3444
f 3446 3634 3636
f 3631 3634 3446
f 3445 3629 3446
f 3446 3629 3631
f 3445 3626 3629
f 3426 3627 3428
f 3672 3674 3427
f 3427 3674 3426
f 3426 3674 3676
f 3426 3676 3627
f 3427 3671 3672
f 3431 3664 3666
f 3431 3668 3671
f 3431 3671 3427
f 3605 3660 3662
f 3660 3605 3433
f 3658 3433 3657
f 3433 3658 3660
f 3434 3655 3433
f 3433 3655 3657
f 3434 3652 3655
f 3436 3652 3434
f 3605 3662 3431
f 3431 3662 3664
f 3428 3627 3626
f 3428 3626 3445
f 3437 3650 3436
f 3436 3650 3652
f 3094 3717 3093
f 3092 3721 3090
f 3092 3720 3721
f 3719 3720 3092
f 3093 3717 3718
f 3716 3094 3715
f 3715 3094 3096
f 3715 3096 3714
f 3094 3716 3717
f 3093 3718 3719
f 3093 3719 3092
f 3098 3712 3713
f 3098 3713 3096
f 3099 3712 3098
f 3080 3707 3081
f 3707 3709 3081
f 3081 3709 3710
f 3081 3710 3099
f 3099 3710 3711
f 3099 3711 3712
f 3713 3714 3096
f 3734 3708 3082
f 3082 3708 3080
f 3083 3732 3733
f 3083 3733 3082
f 3082 3733 3734
f 3084 3732 3083
f 3084 3731 3732
f 2978 3730 3084
f 3084 3730 3731
f 3729 3730 2978
f 3729 3088 3728
f 3727 3088 3087
f 3087 3726 3727
f 3727 3728 3088
f 3724 3725 3085
f 3085 3725 3087
f 3090 3722 3723
f 3090 3723 3724
f 3090 3724 3085
f 3087 3725 3726
f 3088 3729 2978
f 3080 3708 3707
f 3721 3722 3090
f 2853 4285 4286
f 2872 4294 4284
f 4314 2866 4312
f 2868 4309 4312
f 4312 2866 2868
f 4305 2871 2869
f 4307 2871 4305
f 2871 4307 4309
f 2871 4309 2868
f 2877 4304 2869
f 2877 4299 4302
f 2875 4299 2877
f 2877 4302 4304
f 4304 4305 2869
f 4282 4298 2874
f 2874 4298 2875
f 4284 2874 2872
f 2874 4284 4282
f 4291 4293 2878
f 2878 4293 2872
f 4291 2878 4290
f 4290 2878 2852
f 2852 4286 4290
f 4293 4294 2872
f 2875 4298 4299
f 2853 4337 4285
f 2855 4335 4337
f 2855 4337 2853
f 2863 4281 4279
f 2863 4279 2855
f 4331 2863 2861
f 2863 4331 4281
f 2855 4279 4335
f 4329 2861 2860
f 2860 4327 4329
f 4324 2860 2859
f 2860 4324 4327
f 2858 4322 2859
f 4320 2858 2864
f 4320 4322 2858
f 4318 2864 4316
f 4316 2864 2866
f 2866 4314 4316
f 2864 4318 4320
f 2859 4322 4324
f 2861 4329 4331
f 2853 4286 2852
f 2831 2829 4385
f 2833 4388 4390
f 2839 4368 4371
f 2842 4367 4368
f 4368 2839 2842
f 2840 4363 4365
f 2840 4365 2842
f 4365 4367 2842
f 2848 4361 2840
f 4360 2848 4358
f 4358 2848 2846
f 4358 2846 4355
f 2848 4360 4361
f 2840 4361 4363
f 4352 4355 2844
f 2844 4355 2846
f 2845 4348 4350
f 2845 4350 2844
f 4350 4352 2844
f 2850 4344 4346
f 2850 4346 2845
f 2849 4342 4344
f 2849 4344 2850
f 2845 4346 4348
f 2827 4339 2849
f 2825 4396 2827
f 2827 4396 4398
f 2827 4398 4339
f 4394 4396 2825
f 2833 4390 2826
f 4392 2826 4390
f 2831 4385 4387
f 4387 2833 2831
f 4387 4388 2833
f 2826 4392 2825
f 2825 4392 4394
f 2829 4381 4385
f 2830 4379 4380
f 2830 4380 2829
f 2829 4380 4381
f 2837 4376 2830
f 2837 4375 4376
f 4375 2836 4373
f 2836 4375 2837
f 2830 4376 4379
f 2849 4339 4342
f 2839 4371 2836
f 2836 4371 4373
f 2881 2948 2880
f 2880 2948 2947
f 2880 2947 2946
f 2880 2946 2934
f 2945 2933 2934
f 2945 2934 2946
f 2933 2945 2954
f 2933 2954 2935
f 2932 2935 2953
f 2953 2935 2954
f 2932 2953 2952
f 2960 2931 2932
f 2960 2932 2952
f 2931 2960 2959
f 2931 2959 2893
f 2890 2893 2958
f 2958 2893 2959
f 2890 2958 2966
f 2890 2966 2889
f 2965 2906 2889
f 2965 2889 2966
f 2906 2965 2904
f 2904 2965 2964
f 2971 2903 2964
f 2964 2903 2904
f 2903 2971 2901
f 2901 2971 2970
f 2969 2899 2970
f 2970 2899 2901
f 2899 2969 2896
f 2896 2969 2968
f 2967 2895 2968
f 2968 2895 2896
f 2895 2967 2917
f 2917 2967 2963
f 2962 2915 2963
f 2963 2915 2917
f 2915 2962 2914
f 2914 2962 2961
f 2957 2912 2961
f 2961 2912 2914
f 2956 2930 2957
f 2957 2930 2912
f 2936 2955 2951
f 2936 2938 2955
f 2955 2938 2956
f 2956 2938 2930
f 2950 2929 2937
f 2950 2937 2951
f 2951 2937 2936
f 2929 2950 2949
f 2929 2949 2928
f 2928 2949 2944
f 2943 2927 2944
f 2944 2927 2928
f 2927 2943 2926
f 2926 2943 2942
f 2926 2942 2940
f 2926 2940 2925
f 4490 4492 4491
f 4491 4494 4493
f 4495 4497 4496
f 4498 4499 4491
f 4491 4499 4494
f 4491 4493 4500
f 4500 4501 4491
f 4491 4501 4502
f 4491 4502 4503
f 4504 4505 4497
f 4497 4505 4506
f 4495 4507 4497
f 4497 4507 4508
f 4509 4510 4491
f 4491 4510 4511
f 4512 4513 4491
f 4491 4513 4498
f 4506 4514 4497
f 4497 4514 4515
f 4516 4517 4497
f 4497 4517 4496
f 4491 4511 4518
f 4491 4518 4519
f 4520 4521 4497
f 4497 4521 4522
f 4522 4523 4497
f 4497 4523 4524
f 4497 4515 4525
f 4525 4526 4497
f 4497 4526 4527
f 4497 4527 4516
f 4497 4508 4528
f 4528 4529 4497
f 4497 4529 4530
f 4491 4519 4531
f 4531 4532 4491
f 4491 4532 4533
f 4491 4533 4490
f 4492 4534 4491
f 4491 4534 4535
f 4491 4535 4512
f 4503 4536 4491
f 4491 4536 4537
f 4491 4537 4538
f 4497 4524 4504
f 4539 4540 4497
f 4497 4540 4541
f 4542 4543 4509
f 4509 4543 4544
f 4509 4544 4545
f 4545 4547 4546
f 4545 4546 4509
f 4538 4548 4491
f 4491 4548 4549
f 4550 4552 4551
f 4551 4552 4553
f 4554 4556 4555
f 4555 4556 4557
f 4553 4555 4551
f 4551 4555 4558
f 4558 4555 4557
f 4551 4559 4497
f 4497 4559 4560
f 4497 4530 4561
f 4497 4561 4562
f 4497 4562 4563
f 4497 4563 4564
f 4564 4565 4497
f 4497 4565 4539
f 4566 4567 4497
f 4509 4491 4542
f 4568 4569 4545
f 4545 4569 4570
f 4551 4497 4550
f 4554 4571 4556
f 4497 4560 4520
f 4541 4572 4497
f 4497 4572 4573
f 4567 4574 4497
f 4497 4574 4575
f 4497 4575 4576
f 4577 4545 4578
f 4545 4570 4579
f 4579 4580 4545
f 4545 4580 4547
f 4491 4549 4581
f 4497 4573 4566
f 4576 4582 4497
f 4497 4582 4583
f 4545 4577 4568
f 4581 4584 4491
f 4491 4584 4585
f 4586 4587 4491
f 4491 4587 4588
f 4491 4588 4589
f 4491 4589 4590
f 4491 4590 4591
f 4491 4591 4497
f 4583 4592 4497
f 4497 4592 4491
f 4491 4585 4593
f 4593 4594 4491
f 4491 4594 4586
f 2684 4529 2688
f 2688 4529 4528
f 2688 4528 2687
f 2687 4528 4508
f 2687 4508 2689
f 2689 4508 4507
f 2689 4507 2674
f 2674 4507 4495
f 2674 4495 2673
f 2673 4495 4496
f 2673 4496 2672
f 2672 4496 4517
f 2672 4517 2676
f 2676 4517 4516
f 2676 4516 2675
f 2675 4516 4527
f 2675 4527 2691
f 2691 4527 4526
f 2691 4526 2690
f 2690 4526 4525
f 2690 4525 2678
f 2678 4525 4515
f 2678 4515 2677
f 2677 4515 4514
f 2677 4514 2658
f 2658 4514 4506
f 2658 4506 2657
f 2657 4506 4505
f 2657 4505 2625
f 2625 4505 4504
f 2625 4504 2624
f 2624 4504 4524
f 2624 4524 2623
f 2623 4524 4523
f 2623 4523 2659
f 2659 4523 4522
f 2659 4522 4521
f 2659 4521 2649
f 2649 4521 4520
f 2649 4520 2648
f 2648 4520 2647
f 2647 4520 4560
f 2647 4560 2652
f 2652 4560 4559
f 2652 4559 2651
f 2651 4559 4551
f 2651 4551 2650
f 2650 4551 4558
f 2650 4558 2661
f 2661 4558 4557
f 2661 4557 2660
f 2660 4557 4556
f 2660 4556 2693
f 2693 4556 4571
f 2693 4571 2692
f 2692 4571 4554
f 2692 4554 2757
f 2757 4554 4555
f 2757 4555 2758
f 2758 4555 4553
f 2758 4553 4552
f 2758 4552 2723
f 2723 4552 4550
f 2723 4550 2722
f 2722 4550 2721
f 2721 4550 4497
f 2721 4497 2695
f 2695 4497 4591
f 2695 4591 4590
f 4529 2684 4530
f 4530 2684 2685
f 4530 2685 4561
f 4561 2685 2686
f 4561 2686 4562
f 4562 2686 2719
f 4562 2719 4563
f 4563 2719 4564
f 4564 2719 2720
f 4564 2720 2656
f 4564 2656 4565
f 4565 2656 2655
f 4565 2655 4539
f 4539 2655 2646
f 4539 2646 4540
f 4540 2646 2645
f 4540 2645 4541
f 4541 2645 4572
f 4572 2645 2644
f 4572 2644 4573
f 4573 2644 2634
f 4573 2634 4566
f 4566 2634 2635
f 4566 2635 4567
f 4567 2635 2643
f 4567 2643 4574
f 4574 2643 2642
f 4574 2642 2641
f 4574 2641 4575
f 4575 2641 2640
f 4575 2640 4576
f 4576 2640 2622
f 4576 2622 4582
f 4582 2622 2621
f 4582 2621 2619
f 4582 2619 4583
f 4583 2619 4592
f 4592 2619 2594
f 4592 2594 4491
f 4491 2594 2666
f 4491 2666 4542
f 4542 2666 2667
f 4542 2667 4543
f 4543 2667 2669
f 4543 2669 4544
f 4544 2669 2668
f 4544 2668 4545
f 4545 2668 2631
f 4545 2631 4578
f 4578 2631 2638
f 4578 2638 4577
f 4577 2638 2608
f 4577 2608 4568
f 4568 2608 2606
f 4568 2606 4569
f 4569 2606 2598
f 4569 2598 4570
f 4570 2598 2639
f 4570 2639 2633
f 4570 2633 4579
f 4579 2633 2632
f 4579 2632 4580
f 4580 2632 2671
f 4580 2671 4547
f 4547 2671 2670
f 4547 2670 4546
f 4546 2670 2654
f 4546 2654 4509
f 4509 2654 2653
f 4509 2653 4510
f 4510 2653 2618
f 4510 2618 4511
f 4511 2618 2614
f 4511 2614 4518
f 4518 2614 4519
f 4519 2614 2615
f 4519 2615 4531
f 4531 2615 2617
f 4531 2617 4532
f 4532 2617 2616
f 4532 2616 4533
f 4533 2616 2613
f 4533 2613 4490
f 4490 2613 2612
f 4490 2612 4492
f 4492 2612 2605
f 4492 2605 4534
f 4534 2605 2603
f 4534 2603 4535
f 4535 2603 2611
f 4535 2611 4512
f 4512 2611 2696
f 4512 2696 4513
f 4513 2696 2697
f 4513 2697 4498
f 4498 2697 2700
f 4498 2700 4499
f 4499 2700 2703
f 4499 2703 2748
f 4499 2748 4494
f 4494 2748 2751
f 4494 2751 4493
f 4493 2751 2753
f 4493 2753 4500
f 4500 2753 2762
f 4500 2762 4501
f 4501 2762 2765
f 4501 2765 4502
f 4502 2765 2786
f 4502 2786 4503
f 4503 2786 2789
f 4503 2789 4536
f 4536 2789 2793
f 4536 2793 4537
f 4537 2793 2775
f 4537 2775 2776
f 4537 2776 4538
f 4538 2776 2780
f 4538 2780 4548
f 4548 2780 2739
f 4548 2739 4549
f 4549 2739 2742
f 4549 2742 4581
f 4581 2742 2709
f 4581 2709 4584
f 4584 2709 2712
f 4584 2712 4585
f 4585 2712 2715
f 4585 2715 4593
f 4593 2715 2734
f 4593 2734 4594
f 4594 2734 2724
f 4594 2724 4586
f 4586 2724 2725
f 4586 2725 4587
f 4587 2725 2729
f 4587 2729 4588
f 4588 2729 2771
f 4588 2771 4589
f 4589 2771 2694
f 4589 2694 4590
f 4590 2694 2695
f 2797 2718 3745
f 2718 2797 2594
f 3745 3856 2797
f 3856 3745 3742
f 3856 2941 2939
f 2941 3856 3742
f 4595 4597 4596
f 4596 4597 4598
f 4597 4595 4599
f 4599 4595 4600
f 4601 4602 4600
f 4600 4602 4599
f 4603 4604 4601
f 4601 4604 4602
f 4605 4607 4606
f 4606 4607 4603
f 4603 4607 4604
f 4605 4606 4608
f 4609 4610 4608
f 4608 4610 4605
f 4610 4609 4611
f 4611 4609 4612
f 4611 4612 4613
f 4614 4615 4613
f 4614 4613 4612
f 4616 4617 4614
f 4614 4617 4615
f 4618 4619 4616
f 4616 4619 4617
f 4620 4621 4618
f 4618 4621 4619
f 4622 4623 4620
f 4620 4623 4621
f 4624 4625 4622
f 4622 4625 4623
f 4626 4627 4624
f 4624 4627 4625
f 4628 4629 4626
f 4626 4629 4627
f 4630 4631 4628
f 4628 4631 4629
f 4632 4633 4630
f 4630 4633 4631
f 4633 4632 4634
f 4633 4634 4635
f 4636 4637 4635
f 4636 4635 4634
f 4637 4636 4638
f 4638 4636 4639
f 4640 4641 4639
f 4639 4641 4638
f 4642 4641 4640
f 4643 4645 4644
f 4644 4645 4642
f 4642 4645 4641
f 4643 4644 4646
f 4646 4644 4647
f 4646 4647 4648
f 4648 4647 4649
f 4650 4651 4649
f 4649 4651 4648
f 4652 4653 4651
f 4652 4651 4650
f 4653 4652 4654
f 4654 4652 4655
f 4654 4655 4656
f 4656 4655 4657
f 4658 4659 4657
f 4657 4659 4656
f 4660 4661 4659
f 4660 4659 4658
f 4661 4660 4662
f 4661 4662 4663
f 4664 4663 4662
f 4665 4666 4664
f 4664 4666 4663
f 4666 4665 4667
f 4667 4665 4668
f 4667 4668 4669
f 4669 4668 4670
f 4671 4672 4670
f 4670 4672 4669
f 4673 4674 4671
f 4671 4674 4672
f 4675 4674 4673
f 4676 4678 4677
f 4676 4677 4675
f 4675 4677 4674
f 4679 4680 4676
f 4676 4680 4678
f 4681 4683 4682
f 4683 4684 4682
f 4682 4684 4679
f 4679 4684 4680
f 4685 4687 4686
f 4686 4687 4681
f 4681 4687 4683
f 4685 4686 4688
f 4685 4688 4689
f 4689 4688 4690
f 4691 4692 4690
f 4690 4692 4689
f 4692 4691 4693
f 4693 4691 4694
f 4693 4694 4695
f 4693 4695 4696
f 4697 4698 4696
f 4697 4696 4695
f 4698 4697 4699
f 4699 4697 4700
f 4701 4703 4702
f 4703 4704 4702
f 4702 4704 4700
f 4700 4704 4699
f 4705 4706 4701
f 4701 4706 4703
f 4707 4706 4705
f 4707 4705 4708
f 4707 4708 4709
f 4709 4708 4710
f 4711 4712 4710
f 4710 4712 4709
f 4712 4711 4713
f 4713 4711 4714
f 4713 4714 4715
f 4713 4715 4716
f 4717 4716 4715
f 4718 4720 4719
f 4718 4719 4717
f 4717 4719 4716
f 4721 4723 4722
f 4723 4724 4722
f 4722 4724 4718
f 4718 4724 4720
f 4725 4726 4721
f 4721 4726 4723
f 4726 4725 4727
f 4727 4725 4728
f 4727 4728 4729
f 4727 4729 4730
f 4731 4732 4729
f 4729 4732 4730
f 4732 4731 4733
f 4733 4731 4734
f 4735 4737 4736
f 4735 4736 4738
f 4738 4736 4734
f 4734 4736 4733
f 4739 4740 4735
f 4735 4740 4737
f 4740 4739 4741
f 4741 4739 4742
f 4741 4742 4743
f 4743 4742 4744
f 4745 4746 4744
f 4744 4746 4743
f 4746 4745 4747
f 4747 4745 4748
f 4747 4748 4749
f 4747 4749 4750
f 4751 4752 4750
f 4751 4750 4749
f 4752 4751 4753
f 4753 4751 4754
f 4755 4756 4754
f 4754 4756 4753
f 4757 4758 4755
f 4755 4758 4756
f 4758 4757 4759
f 4759 4757 4760
f 4761 4763 4762
f 4762 4763 4764
f 4762 4764 4760
f 4760 4764 4759
f 4765 4766 4763
f 4765 4763 4761
f 4766 4765 4767
f 4767 4765 4768
f 4767 4768 4769
f 4767 4769 4770
f 4771 4772 4770
f 4771 4770 4769
f 4773 4774 4771
f 4771 4774 4772
f 4775 4776 4773
f 4773 4776 4774
f 4776 4775 4777
f 4777 4775 4778
f 4777 4778 4779
f 4777 4779 4780
f 4781 4783 4782
f 4784 4786 4785
f 4787 4789 4788
f 4783 4790 4782
f 4782 4790 4791
f 4782 4791 4792
f 4792 4791 4786
f 4792 4786 4793
f 4794 4708 4795
f 4795 4708 4705
f 4795 4705 4796
f 4796 4705 4701
f 4796 4701 4702
f 4796 4702 4797
f 4787 4788 4798
f 4786 4800 4799
f 4799 4801 4786
f 4786 4801 4785
f 4786 4784 4802
f 4786 4802 4793
f 4803 4600 4595
f 4803 4595 4804
f 4805 4658 4806
f 4806 4658 4657
f 4806 4657 4655
f 4806 4655 4807
f 4807 4655 4652
f 4807 4652 4808
f 4702 4700 4797
f 4797 4700 4697
f 4797 4697 4809
f 4809 4697 4695
f 4809 4695 4694
f 4809 4694 4810
f 4810 4694 4691
f 4810 4691 4811
f 4812 4779 4778
f 4813 4814 4786
f 4814 4815 4786
f 4786 4815 4816
f 4786 4816 4817
f 4818 4609 4819
f 4819 4609 4608
f 4819 4608 4606
f 4819 4606 4820
f 4820 4606 4603
f 4820 4603 4803
f 4803 4603 4601
f 4803 4601 4600
f 4717 4715 4812
f 4812 4715 4714
f 4812 4714 4794
f 4794 4714 4711
f 4794 4711 4710
f 4794 4710 4708
f 4779 4812 4821
f 4821 4812 4786
f 4786 4812 4813
f 4822 4620 4823
f 4823 4620 4618
f 4823 4618 4616
f 4823 4616 4818
f 4818 4616 4614
f 4818 4614 4612
f 4818 4612 4609
f 4824 4628 4626
f 4824 4626 4822
f 4822 4626 4624
f 4822 4624 4622
f 4822 4622 4620
f 4825 4639 4636
f 4825 4636 4826
f 4826 4636 4634
f 4826 4634 4632
f 4826 4632 4824
f 4824 4632 4630
f 4824 4630 4628
f 4827 4676 4675
f 4827 4675 4828
f 4828 4675 4673
f 4828 4673 4671
f 4828 4671 4829
f 4691 4690 4811
f 4811 4690 4688
f 4811 4688 4686
f 4811 4686 4830
f 4830 4686 4681
f 4830 4681 4682
f 4830 4682 4827
f 4827 4682 4679
f 4827 4679 4676
f 4831 4833 4832
f 4789 4835 4834
f 4834 4836 4789
f 4789 4836 4788
f 4652 4650 4808
f 4808 4650 4649
f 4808 4649 4647
f 4808 4647 4837
f 4837 4647 4644
f 4837 4644 4642
f 4837 4642 4825
f 4825 4642 4640
f 4825 4640 4639
f 4781 4782 4789
f 4789 4782 4835
f 4817 4838 4786
f 4786 4838 4839
f 4839 4840 4786
f 4786 4840 4800
f 4671 4670 4829
f 4829 4670 4668
f 4829 4668 4665
f 4829 4665 4841
f 4841 4665 4664
f 4841 4664 4662
f 4841 4662 4805
f 4805 4662 4660
f 4805 4660 4658
f 4721 4722 4812
f 4812 4722 4718
f 4812 4718 4717
f 4842 4844 4843
f 4843 4844 4845
f 4798 4788 4832
f 4832 4788 4831
f 4833 4846 4832
f 4832 4846 4847
f 4848 4850 4849
f 4729 4728 4812
f 4812 4728 4725
f 4812 4725 4721
f 4851 4853 4852
f 4595 4596 4804
f 4804 4596 4854
f 4804 4854 4855
f 4855 4854 4856
f 4857 4859 4858
f 4858 4859 4860
f 4858 4860 4861
f 4845 4862 4843
f 4843 4862 4863
f 4843 4863 4848
f 4848 4863 4864
f 4848 4864 4850
f 4865 4867 4866
f 4865 4866 4868
f 4868 4866 4869
f 4868 4869 4870
f 4868 4870 4871
f 4872 4874 4873
f 4873 4874 4875
f 4873 4875 4876
f 4876 4875 4877
f 4876 4877 4878
f 4876 4878 4865
f 4865 4878 4879
f 4865 4879 4867
f 4849 4880 4848
f 4848 4880 4881
f 4848 4881 4851
f 4851 4881 4882
f 4851 4882 4853
f 4883 4843 4884
f 4884 4843 4885
f 4843 4883 4886
f 4843 4886 4887
f 4738 4734 4812
f 4812 4734 4731
f 4812 4731 4729
f 4888 4890 4889
f 4889 4890 4891
f 4892 4894 4893
f 4893 4894 4895
f 4852 4896 4851
f 4851 4896 4897
f 4851 4897 4858
f 4858 4897 4857
f 4847 4898 4832
f 4832 4898 4843
f 4843 4898 4885
f 4899 4842 4900
f 4899 4901 4842
f 4842 4901 4902
f 4902 4903 4842
f 4842 4903 4904
f 4904 4905 4842
f 4842 4905 4906
f 4842 4906 4907
f 4861 4908 4858
f 4858 4908 4909
f 4858 4909 4893
f 4893 4909 4910
f 4893 4910 4892
f 4843 4887 4911
f 4843 4911 4842
f 4842 4911 4912
f 4842 4912 4913
f 4913 4914 4842
f 4842 4914 4915
f 4907 4916 4842
f 4842 4916 4917
f 4917 4916 4918
f 4917 4918 4919
f 4919 4918 4920
f 4920 4918 4921
f 4920 4921 4922
f 4870 4923 4871
f 4871 4923 4924
f 4871 4924 4925
f 4925 4924 4926
f 4925 4926 4927
f 4925 4927 4928
f 4928 4927 4929
f 4928 4929 4930
f 4928 4930 4921
f 4921 4930 4931
f 4921 4931 4922
f 4932 4934 4933
f 4933 4934 4935
f 4933 4935 4936
f 4933 4936 4872
f 4872 4936 4937
f 4872 4937 4938
f 4872 4938 4874
f 4939 4941 4940
f 4940 4941 4942
f 4940 4942 4943
f 4940 4943 4932
f 4932 4943 4944
f 4932 4944 4945
f 4932 4945 4934
f 4946 4948 4947
f 4946 4947 4949
f 4949 4947 4950
f 4949 4950 4951
f 4949 4951 4952
f 4952 4951 4953
f 4856 4954 4855
f 4855 4954 4955
f 4855 4955 4956
f 4956 4955 4957
f 4956 4957 4958
f 4958 4957 4959
f 4958 4959 4960
f 4958 4960 4946
f 4946 4960 4961
f 4946 4961 4948
f 4842 4915 4900
f 4953 4962 4952
f 4952 4962 4963
f 4952 4963 4964
f 4964 4963 4965
f 4964 4965 4966
f 4964 4966 4967
f 4967 4966 4968
f 4742 4739 4812
f 4812 4739 4735
f 4812 4735 4738
f 4895 4969 4893
f 4893 4969 4970
f 4893 4970 4889
f 4889 4970 4971
f 4889 4971 4888
f 4972 4974 4973
f 4973 4974 4975
f 4973 4975 4976
f 4973 4976 4977
f 4977 4976 4978
f 4979 4981 4980
f 4982 4984 4983
f 4982 4983 4985
f 4985 4983 4986
f 4985 4986 4972
f 4972 4986 4987
f 4972 4987 4988
f 4972 4988 4974
f 4989 4991 4990
f 4990 4991 4992
f 4990 4992 4993
f 4990 4993 4994
f 4994 4993 4995
f 4994 4995 4982
f 4982 4995 4996
f 4982 4996 4984
f 4968 4997 4967
f 4967 4997 4998
f 4967 4998 4999
f 4999 4998 5000
f 4999 5000 5001
f 4999 5001 4989
f 4989 5001 5002
f 4989 5002 5003
f 4989 5003 4991
f 4748 4745 4812
f 4812 4745 4744
f 4812 4744 4742
f 4891 5004 4889
f 4889 5004 4979
f 4889 4979 5005
f 5005 4979 4980
f 4978 5006 4977
f 4977 5006 5007
f 4977 5007 5008
f 5008 5007 5009
f 5008 5009 5010
f 5008 5010 4939
f 4939 5010 5011
f 4939 5011 5012
f 4939 5012 4941
f 4754 4751 4812
f 4812 4751 4749
f 4812 4749 4748
f 4760 4757 4812
f 4812 4757 4755
f 4812 4755 4754
f 4765 4761 4812
f 4812 4761 4762
f 4812 4762 4760
f 4771 4769 4812
f 4812 4769 4768
f 4812 4768 4765
f 4778 4775 4812
f 4812 4775 4773
f 4812 4773 4771
f 5013 5015 5014
f 5016 5017 5014
f 5018 5020 5019
f 5018 5019 5021
f 5016 5021 5022
f 5016 5022 5023
f 5016 5023 5017
f 5024 5026 5025
f 5024 5025 5027
f 5027 5025 5020
f 5027 5020 5018
f 5028 5029 5024
f 5024 5029 5026
f 5030 5032 5031
f 5031 5032 5029
f 5031 5029 5028
f 5033 5035 5034
f 5034 5037 5036
f 5037 5030 5036
f 5036 5030 5031
f 5015 5013 5038
f 5015 5038 5039
f 5015 5039 5033
f 5033 5039 5035
f 5040 5042 5041
f 5041 5042 5043
f 5040 5045 5044
f 5040 5044 5042
f 5046 5048 5047
f 5049 5048 5050
f 5049 5050 5045
f 5049 5045 5040
f 5051 5053 5052
f 5052 5053 5046
f 5052 5046 5047
f 5054 5055 5051
f 5054 5051 5056
f 5056 5051 5052
f 5057 5059 5058
f 5057 5058 5054
f 5054 5058 5055
f 5041 5061 5060
f 5060 5061 5062
f 5060 5062 5063
f 5063 5064 5060
f 5057 5064 5065
f 5065 5059 5057
f 5041 5043 5061
f 5066 5067 5033
f 5033 5068 5066
f 5069 5070 5033
f 5071 5073 5072
f 5072 5073 5074
f 5074 5075 5033
f 5033 5075 5069
f 5034 5036 5033
f 5033 5036 5072
f 5033 5072 5074
f 5021 5016 5018
f 5018 5016 5076
f 5018 5076 5077
f 5077 5076 5078
f 5078 5076 5079
f 5078 5079 5080
f 5080 5079 5081
f 5080 5081 5082
f 5082 5081 5083
f 5082 5083 5084
f 5082 5084 5085
f 5085 5084 5086
f 5085 5086 5087
f 5087 5086 5088
f 5087 5088 5089
f 5089 5088 5090
f 5089 5090 5091
f 5091 5090 5092
f 5091 5092 5093
f 5093 5092 5094
f 5093 5094 5095
f 5095 5094 5096
f 5095 5096 5097
f 5095 5097 5098
f 5098 5097 5099
f 5098 5099 5100
f 5100 5099 5101
f 5100 5101 5102
f 5102 5101 5103
f 5102 5103 5104
f 5064 5057 5060
f 5060 5057 5105
f 5048 5049 5047
f 5047 5049 5106
f 5107 5108 5106
f 5106 5108 5109
f 5106 5110 5107
f 5111 5112 5106
f 5106 5112 5110
f 5113 5111 5049
f 5114 5113 5049
f 5115 5116 5040
f 5040 5116 5049
f 5049 5116 5114
f 5117 5015 5118
f 5118 5015 5033
f 5033 5067 5118
f 5049 5111 5106
f 5105 5104 5060
f 5060 5104 5103
f 5070 5068 5033
f 5119 5079 5076
f 5119 5076 5120
f 5120 5076 5016
f 5120 5016 5121
f 5121 5016 5122
f 5123 5122 5015
f 5123 5015 5117
f 5124 5115 5040
f 5124 5040 5125
f 5125 5040 5041
f 5125 5041 5126
f 5126 5041 5127
f 5127 5041 5060
f 5127 5060 5103
f 5122 5016 5014
f 5122 5014 5015
f 5128 5130 5129
f 5131 5133 5132
f 5134 5135 5132
f 5132 5135 5136
f 5129 5130 5132
f 5132 5130 5137
f 5132 5137 5131
f 5138 5139 5132
f 5132 5139 5140
f 5132 5140 5134
f 5133 5141 5132
f 5132 5141 5142
f 5132 5142 5143
f 5129 5132 5144
f 5145 5130 5128
f 5146 5147 5132
f 5132 5147 5148
f 5132 5148 5138
f 5143 5149 5132
f 5132 5149 5150
f 5132 5150 5151
f 5152 5153 5132
f 5132 5153 5154
f 5132 5154 5146
f 5151 5155 5132
f 5132 5155 5156
f 5132 5156 5157
f 5158 5159 5132
f 5132 5159 5160
f 5132 5160 5152
f 5157 5161 5132
f 5132 5161 5162
f 5132 5162 5163
f 5163 5164 5132
f 5132 5164 5165
f 5132 5165 5158
f 5166 5168 5167
f 5169 5171 5170
f 5170 5171 5172
f 5173 5175 5174
f 5176 5178 5177
f 5179 5181 5180
f 5182 5184 5183
f 5185 5187 5186
f 5188 5190 5189
f 5191 5192 5188
f 5193 5195 5194
f 5196 5183 5197
f 5170 5199 5198
f 5199 5201 5200
f 5200 5203 5202
f 5202 5205 5204
f 5204 5205 5206
f 5207 5209 5208
f 5210 5212 5211
f 5211 5212 5213
f 5213 5212 5207
f 5214 5216 5215
f 5194 5218 5217
f 5195 5193 5219
f 5193 5220 5219
f 5219 5220 5221
f 5219 5221 5222
f 5223 5224 5219
f 5224 5223 5225
f 5226 5228 5227
f 5229 5228 5226
f 5230 5228 5229
f 5230 5232 5231
f 5233 5231 5232
f 5234 5236 5235
f 5192 5191 5237
f 5192 5190 5188
f 5188 5239 5238
f 5240 5238 5241
f 5241 5238 5239
f 5242 5243 5240
f 5244 5243 5242
f 5244 5245 5243
f 5246 5248 5247
f 5247 5248 5249
f 5246 5247 5250
f 5250 5251 5246
f 5252 5251 5253
f 5253 5251 5254
f 5252 5253 5255
f 5256 5257 5255
f 5255 5257 5252
f 5257 5256 5258
f 5258 5256 5259
f 5260 5261 5258
f 5262 5264 5263
f 5263 5264 5261
f 5265 5264 5262
f 5265 5266 5264
f 5266 5265 5267
f 5268 5269 5267
f 5267 5269 5266
f 5269 5268 5270
f 5269 5270 5271
f 5272 5273 5271
f 5272 5271 5270
f 5274 5273 5272
f 5274 5275 5273
f 5275 5274 5276
f 5276 5277 5275
f 5278 5277 5279
f 5279 5277 5276
f 5280 5278 5279
f 5281 5282 5280
f 5280 5282 5278
f 5283 5284 5281
f 5285 5286 5283
f 5283 5286 5284
f 5287 5286 5285
f 5288 5290 5289
f 5291 5186 5292
f 5292 5186 5293
f 5294 5291 5292
f 5182 5291 5295
f 5295 5291 5294
f 5182 5295 5184
f 5254 5296 5253
f 5250 5297 5254
f 5254 5297 5296
f 5250 5298 5297
f 5299 5301 5300
f 5300 5301 5302
f 5247 5302 5303
f 5299 5305 5304
f 5306 5305 5307
f 5307 5305 5299
f 5308 5306 5309
f 5310 5311 5308
f 5310 5308 5309
f 5312 5313 5310
f 5310 5313 5311
f 5253 5296 5314
f 5253 5314 5255
f 5255 5314 5315
f 5316 5292 5293
f 5316 5293 5317
f 5187 5318 5317
f 5317 5186 5187
f 5187 5185 5319
f 5319 5289 5320
f 5321 5323 5322
f 5322 5323 5324
f 5283 5324 5325
f 5283 5325 5285
f 5285 5325 5326
f 5289 5290 5320
f 5320 5290 5326
f 5326 5290 5287
f 5326 5287 5285
f 5288 5289 5319
f 5288 5319 5185
f 5323 5321 5327
f 5327 5321 5328
f 5328 5321 5329
f 5290 5288 5286
f 5290 5286 5287
f 5324 5283 5281
f 5324 5281 5322
f 5321 5279 5330
f 5321 5330 5329
f 5281 5284 5282
f 5279 5321 5280
f 5280 5321 5322
f 5280 5322 5281
f 5255 5315 5256
f 5256 5315 5331
f 5256 5331 5259
f 5259 5331 5332
f 5333 5335 5334
f 5333 5334 5336
f 5336 5334 5337
f 5336 5337 5338
f 5338 5337 5339
f 5338 5339 5340
f 5340 5339 5341
f 5340 5341 5342
f 5342 5341 5343
f 5342 5343 5344
f 5344 5343 5345
f 5344 5345 5330
f 5330 5345 5346
f 5263 5348 5347
f 5263 5347 5262
f 5262 5347 5349
f 5262 5349 5350
f 5262 5350 5265
f 5265 5350 5351
f 5265 5351 5335
f 5265 5335 5267
f 5267 5335 5333
f 5267 5333 5268
f 5268 5333 5336
f 5268 5336 5270
f 5270 5336 5338
f 5270 5338 5352
f 5352 5338 5340
f 5352 5340 5353
f 5353 5340 5342
f 5353 5342 5354
f 5354 5342 5355
f 5355 5342 5344
f 5355 5344 5330
f 5245 5244 5248
f 5248 5244 5249
f 5251 5250 5254
f 5356 5358 5357
f 5357 5358 5233
f 5357 5233 5232
f 5232 5230 5359
f 5359 5230 5229
f 5226 5227 5360
f 5360 5227 5361
f 5361 5227 5362
f 5363 5232 5359
f 5364 5366 5365
f 5332 5331 5312
f 5332 5312 5310
f 5310 5367 5332
f 5332 5367 5368
f 5332 5368 5369
f 5332 5369 5259
f 5259 5369 5260
f 5259 5260 5258
f 5235 5370 5234
f 5234 5370 5371
f 5372 5358 5356
f 5372 5356 5370
f 5372 5370 5235
f 5236 5234 5373
f 5236 5373 5374
f 5374 5373 5375
f 5374 5375 5376
f 5376 5375 5377
f 5376 5377 5378
f 5378 5377 5379
f 5378 5379 5380
f 5380 5379 5381
f 5380 5381 5382
f 5234 5371 5373
f 5383 5192 5237
f 5189 5381 5384
f 5384 5381 5379
f 5384 5379 5385
f 5385 5379 5377
f 5385 5377 5386
f 5386 5377 5375
f 5386 5375 5387
f 5387 5375 5373
f 5387 5373 5388
f 5388 5373 5371
f 5388 5371 5389
f 5389 5371 5370
f 5389 5370 5309
f 5309 5370 5390
f 5390 5370 5356
f 5390 5356 5391
f 5391 5356 5357
f 5391 5357 5392
f 5392 5357 5232
f 5392 5232 5363
f 5393 5363 5359
f 5192 5382 5190
f 5189 5190 5381
f 5381 5190 5382
f 5240 5241 5394
f 5242 5394 5395
f 5242 5395 5396
f 5242 5396 5397
f 5301 5299 5304
f 5394 5241 5395
f 5397 5396 5398
f 5397 5398 5399
f 5399 5398 5400
f 5399 5400 5300
f 5300 5400 5299
f 5306 5307 5309
f 5310 5309 5390
f 5310 5390 5391
f 5310 5391 5367
f 5368 5367 5392
f 5368 5392 5363
f 5368 5363 5401
f 5401 5363 5393
f 5401 5393 5402
f 5401 5402 5403
f 5365 5360 5364
f 5302 5247 5300
f 5300 5247 5249
f 5300 5249 5399
f 5399 5249 5244
f 5399 5244 5397
f 5397 5244 5242
f 5394 5242 5240
f 5247 5303 5250
f 5250 5303 5298
f 5210 5211 5404
f 5210 5404 5180
f 5405 5407 5406
f 5207 5208 5408
f 5207 5408 5405
f 5405 5408 5407
f 5213 5409 5211
f 5211 5409 5404
f 5217 5218 5178
f 5178 5218 5410
f 5410 5218 5216
f 5176 5411 5217
f 5176 5217 5178
f 5412 5178 5410
f 5412 5410 5413
f 5413 5410 5181
f 5181 5410 5214
f 5214 5410 5216
f 5180 5404 5414
f 5180 5414 5179
f 5179 5414 5415
f 5179 5415 5416
f 5416 5415 5417
f 5181 5179 5418
f 5418 5179 5416
f 5177 5178 5412
f 5418 5413 5181
f 5214 5215 5210
f 5210 5215 5212
f 5419 5421 5420
f 5419 5420 5422
f 5419 5404 5421
f 5421 5404 5409
f 5406 5409 5213
f 5406 5213 5405
f 5405 5213 5207
f 5423 5421 5424
f 5406 5425 5424
f 5426 5424 5425
f 5426 5427 5206
f 5206 5427 5428
f 5428 5427 5407
f 5429 5430 5420
f 5417 5431 5416
f 5417 5432 5431
f 5431 5432 5433
f 5434 5432 5417
f 5177 5435 5175
f 5177 5175 5173
f 5436 5438 5437
f 5433 5175 5435
f 5433 5435 5431
f 5439 5420 5430
f 5430 5441 5440
f 5433 5432 5440
f 5420 5439 5422
f 5422 5439 5434
f 5442 5443 5441
f 5442 5441 5444
f 5444 5441 5430
f 5444 5430 5429
f 5429 5420 5423
f 5423 5420 5421
f 5440 5443 5445
f 5446 5438 5174
f 5433 5447 5175
f 5446 5174 5448
f 5404 5419 5414
f 5414 5419 5422
f 5414 5422 5415
f 5415 5422 5434
f 5415 5434 5417
f 5440 5445 5449
f 5440 5449 5433
f 5433 5449 5447
f 5175 5450 5174
f 5443 5442 5451
f 5220 5193 5452
f 5452 5193 5217
f 5217 5193 5194
f 5217 5411 5452
f 5453 5220 5454
f 5454 5220 5452
f 5219 5222 5223
f 5222 5456 5455
f 5222 5455 5457
f 5362 5224 5361
f 5361 5224 5225
f 5458 5225 5223
f 5452 5459 5454
f 5454 5459 5460
f 5454 5460 5453
f 5436 5174 5438
f 5438 5446 5461
f 5437 5438 5460
f 5460 5438 5461
f 5411 5459 5452
f 5221 5220 5453
f 5221 5453 5462
f 5221 5462 5456
f 5456 5462 5463
f 5456 5463 5464
f 5456 5464 5455
f 5464 5465 5455
f 5457 5466 5168
f 5225 5458 5467
f 5225 5467 5361
f 5226 5360 5468
f 5226 5468 5229
f 5229 5468 5402
f 5359 5229 5402
f 5359 5402 5393
f 5408 5428 5407
f 5206 5205 5426
f 5426 5205 5469
f 5408 5470 5428
f 5206 5428 5204
f 5204 5428 5470
f 5203 5472 5471
f 5203 5471 5469
f 5201 5472 5203
f 5426 5469 5423
f 5423 5469 5471
f 5472 5201 5172
f 5202 5203 5205
f 5425 5427 5426
f 5469 5205 5203
f 5203 5200 5201
f 5201 5199 5170
f 5473 5198 5474
f 5475 5451 5442
f 5475 5442 5444
f 5444 5429 5423
f 5445 5443 5451
f 5406 5407 5425
f 5424 5426 5423
f 5423 5471 5444
f 5444 5472 5475
f 5447 5476 5175
f 5175 5476 5450
f 5448 5478 5477
f 5479 5448 5450
f 5479 5450 5480
f 5480 5450 5476
f 5409 5406 5424
f 5409 5424 5421
f 5434 5439 5430
f 5434 5430 5432
f 5432 5430 5440
f 5440 5441 5443
f 5451 5481 5445
f 5445 5481 5482
f 5445 5482 5449
f 5449 5483 5447
f 5447 5483 5476
f 5171 5481 5451
f 5171 5451 5172
f 5171 5169 5481
f 5169 5473 5481
f 5481 5473 5474
f 5481 5474 5482
f 5196 5197 5198
f 5196 5198 5199
f 5198 5197 5474
f 5316 5485 5484
f 5484 5485 5486
f 5484 5486 5487
f 5487 5486 5482
f 5487 5482 5488
f 5488 5482 5474
f 5198 5473 5169
f 5198 5169 5170
f 5201 5170 5172
f 5197 5183 5489
f 5489 5183 5184
f 5489 5184 5488
f 5488 5184 5295
f 5488 5295 5487
f 5487 5295 5294
f 5487 5294 5484
f 5484 5294 5292
f 5484 5292 5316
f 5318 5491 5490
f 5318 5490 5492
f 5318 5492 5317
f 5492 5316 5317
f 5317 5293 5186
f 5474 5197 5489
f 5474 5489 5488
f 5491 5493 5478
f 5491 5478 5490
f 5490 5478 5479
f 5490 5479 5492
f 5492 5479 5480
f 5174 5450 5448
f 5446 5448 5477
f 5436 5173 5174
f 5446 5477 5461
f 5461 5477 5494
f 5461 5494 5495
f 5463 5496 5327
f 5463 5327 5464
f 5166 5498 5497
f 5497 5366 5364
f 5167 5168 5466
f 5345 5466 5457
f 5345 5457 5346
f 5346 5457 5455
f 5346 5455 5465
f 5496 5463 5462
f 5496 5462 5499
f 5499 5462 5495
f 5495 5462 5453
f 5495 5453 5461
f 5461 5453 5460
f 5437 5460 5459
f 5437 5459 5436
f 5436 5459 5411
f 5436 5411 5176
f 5436 5176 5173
f 5173 5176 5177
f 5435 5177 5412
f 5435 5412 5431
f 5431 5412 5413
f 5431 5413 5416
f 5416 5413 5418
f 5181 5214 5180
f 5180 5214 5210
f 5480 5485 5316
f 5480 5316 5492
f 5166 5167 5498
f 5272 5270 5352
f 5272 5352 5274
f 5274 5352 5353
f 5274 5353 5276
f 5276 5353 5354
f 5276 5354 5355
f 5276 5355 5279
f 5279 5355 5330
f 5330 5346 5329
f 5323 5327 5500
f 5323 5500 5501
f 5323 5501 5324
f 5324 5501 5502
f 5324 5502 5325
f 5325 5502 5494
f 5325 5494 5326
f 5326 5494 5503
f 5326 5503 5320
f 5320 5503 5493
f 5320 5493 5491
f 5320 5491 5318
f 5320 5318 5319
f 5319 5318 5187
f 5239 5188 5189
f 5239 5189 5241
f 5241 5189 5384
f 5241 5384 5395
f 5395 5384 5385
f 5395 5385 5396
f 5396 5385 5398
f 5398 5385 5386
f 5398 5386 5400
f 5400 5386 5387
f 5400 5387 5388
f 5400 5388 5299
f 5299 5388 5307
f 5307 5388 5389
f 5307 5389 5309
f 5367 5391 5392
f 5403 5402 5504
f 5504 5402 5468
f 5504 5468 5365
f 5365 5468 5360
f 5364 5360 5361
f 5364 5361 5497
f 5497 5361 5467
f 5497 5467 5166
f 5166 5467 5458
f 5166 5458 5168
f 5168 5458 5223
f 5168 5223 5457
f 5457 5223 5222
f 5456 5222 5221
f 5261 5260 5263
f 5263 5260 5369
f 5263 5369 5348
f 5348 5369 5368
f 5348 5368 5347
f 5347 5368 5349
f 5349 5368 5401
f 5349 5401 5350
f 5350 5401 5351
f 5351 5401 5403
f 5351 5403 5335
f 5335 5403 5504
f 5335 5504 5365
f 5335 5365 5334
f 5334 5365 5366
f 5334 5366 5337
f 5337 5366 5497
f 5337 5497 5339
f 5339 5497 5498
f 5339 5498 5341
f 5341 5498 5167
f 5341 5167 5343
f 5343 5167 5466
f 5343 5466 5345
f 5329 5346 5465
f 5329 5465 5328
f 5328 5465 5464
f 5328 5464 5327
f 5500 5327 5496
f 5500 5496 5501
f 5501 5496 5499
f 5501 5499 5502
f 5502 5499 5495
f 5502 5495 5494
f 5503 5494 5477
f 5503 5477 5493
f 5493 5477 5478
f 5479 5478 5448
f 5480 5476 5485
f 5485 5476 5483
f 5485 5483 5486
f 5486 5483 5449
f 5486 5449 5482
f 5172 5451 5475
f 5172 5475 5472
f 5472 5444 5471
f 5427 5425 5407
f 5505 5507 5506
f 5508 5510 5509
f 5511 5513 5512
f 5514 5516 5515
f 5517 5519 5518
f 5520 5521 5518
f 5522 5524 5523
f 5525 5527 5526
f 5528 5530 5529
f 5531 5533 5532
f 5534 5536 5535
f 5537 5539 5538
f 5540 5542 5541
f 5541 5542 5543
f 5542 5540 5544
f 5544 5540 5545
f 5539 5537 5546
f 5539 5547 5538
f 5548 5550 5549
f 5551 5552 5548
f 5548 5552 5550
f 5553 5555 5554
f 5554 5555 5552
f 5556 5557 5555
f 5558 5557 5556
f 5559 5560 5558
f 5558 5560 5557
f 5561 5560 5559
f 5561 5562 5560
f 5563 5562 5561
f 5564 5565 5563
f 5563 5565 5562
f 5566 5567 5564
f 5564 5567 5565
f 5568 5569 5566
f 5566 5569 5567
f 5570 5571 5568
f 5568 5571 5569
f 5572 5571 5570
f 5573 5574 5572
f 5572 5574 5571
f 5573 5575 5574
f 5575 5573 5576
f 5577 5578 5575
f 5578 5577 5579
f 5578 5579 5580
f 5580 5579 5581
f 5580 5581 5582
f 5583 5584 5581
f 5581 5584 5582
f 5583 5585 5584
f 5586 5587 5585
f 5587 5536 5585
f 5535 5536 5588
f 5535 5589 5534
f 5589 5591 5590
f 5592 5510 5593
f 5594 5596 5595
f 5597 5598 5594
f 5599 5598 5597
f 5600 5602 5601
f 5603 5605 5604
f 5606 5608 5607
f 5607 5608 5609
f 5512 5610 5608
f 5610 5512 5611
f 5611 5612 5610
f 5612 5614 5613
f 5615 5616 5613
f 5613 5616 5612
f 5617 5619 5618
f 5618 5619 5620
f 5620 5619 5616
f 5620 5616 5615
f 5621 5623 5622
f 5624 5623 5625
f 5626 5628 5627
f 5629 5533 5531
f 5630 5632 5631
f 5633 5635 5634
f 5636 5633 5634
f 5637 5636 5638
f 5639 5637 5640
f 5641 5643 5642
f 5642 5643 5644
f 5645 5641 5646
f 5588 5648 5647
f 5649 5648 5588
f 5583 5651 5650
f 5583 5652 5651
f 5653 5654 5507
f 5655 5657 5656
f 5507 5657 5653
f 5656 5657 5507
f 5658 5655 5659
f 5659 5655 5656
f 5644 5658 5642
f 5642 5658 5659
f 5591 5589 5535
f 5536 5587 5588
f 5588 5587 5586
f 5507 5654 5652
f 5507 5652 5583
f 5579 5506 5581
f 5581 5506 5507
f 5575 5576 5660
f 5583 5650 5585
f 5585 5650 5586
f 5661 5663 5662
f 5663 5548 5662
f 5662 5548 5664
f 5665 5667 5666
f 5666 5667 5668
f 5666 5668 5669
f 5669 5668 5563
f 5669 5563 5670
f 5670 5563 5671
f 5670 5671 5672
f 5672 5671 5559
f 5673 5674 5661
f 5661 5674 5663
f 5663 5551 5548
f 5548 5549 5664
f 5664 5549 5547
f 5664 5547 5675
f 5676 5576 5573
f 5676 5573 5677
f 5677 5573 5572
f 5677 5572 5678
f 5678 5572 5570
f 5678 5570 5679
f 5679 5570 5568
f 5679 5568 5665
f 5665 5568 5667
f 5667 5568 5566
f 5667 5566 5668
f 5668 5566 5564
f 5668 5564 5563
f 5671 5563 5561
f 5671 5561 5559
f 5673 5559 5558
f 5673 5558 5674
f 5674 5553 5554
f 5674 5554 5663
f 5663 5554 5551
f 5675 5547 5680
f 5681 5682 5546
f 5681 5546 5544
f 5680 5547 5539
f 5680 5539 5683
f 5683 5539 5682
f 5682 5539 5546
f 5546 5537 5544
f 5554 5552 5551
f 5558 5556 5674
f 5674 5556 5553
f 5549 5550 5547
f 5547 5550 5538
f 5555 5553 5556
f 5684 5619 5617
f 5685 5617 5686
f 5685 5686 5687
f 5688 5690 5689
f 5622 5684 5689
f 5688 5689 5685
f 5685 5689 5684
f 5624 5625 5691
f 5623 5621 5625
f 5625 5621 5692
f 5693 5694 5690
f 5622 5689 5690
f 5695 5691 5696
f 5696 5691 5692
f 5692 5691 5625
f 5696 5697 5695
f 5698 5700 5699
f 5699 5700 5694
f 5699 5694 5701
f 5701 5694 5693
f 5687 5693 5690
f 5687 5690 5688
f 5687 5688 5685
f 5617 5685 5684
f 5672 5701 5693
f 5672 5693 5670
f 5670 5693 5687
f 5670 5687 5686
f 5670 5686 5669
f 5530 5528 5697
f 5702 5698 5530
f 5530 5698 5703
f 5622 5704 5621
f 5621 5704 5700
f 5621 5700 5692
f 5692 5700 5702
f 5692 5702 5696
f 5696 5702 5697
f 5697 5702 5530
f 5530 5703 5529
f 5705 5706 5528
f 5705 5528 5529
f 5528 5706 5707
f 5708 5710 5709
f 5709 5712 5711
f 5713 5712 5714
f 5714 5712 5710
f 5710 5715 5714
f 5713 5714 5716
f 5717 5711 5713
f 5713 5711 5712
f 5717 5718 5711
f 5719 5628 5720
f 5720 5628 5626
f 5721 5526 5720
f 5522 5721 5718
f 5718 5721 5711
f 5626 5709 5711
f 5715 5695 5707
f 5715 5707 5722
f 5716 5722 5723
f 5716 5723 5724
f 5524 5718 5725
f 5725 5718 5717
f 5725 5717 5716
f 5716 5717 5713
f 5712 5709 5710
f 5710 5708 5624
f 5523 5524 5726
f 5727 5729 5728
f 5727 5728 5724
f 5521 5520 5726
f 5521 5726 5728
f 5728 5726 5524
f 5718 5524 5522
f 5730 5520 5731
f 5518 5519 5520
f 5726 5520 5730
f 5626 5721 5720
f 5720 5527 5719
f 5732 5734 5733
f 5732 5733 5735
f 5735 5733 5719
f 5736 5525 5737
f 5736 5737 5738
f 5735 5736 5738
f 5527 5525 5736
f 5628 5719 5733
f 5733 5734 5629
f 5629 5734 5739
f 5629 5739 5533
f 5533 5739 5740
f 5732 5741 5734
f 5740 5739 5742
f 5743 5532 5740
f 5737 5744 5730
f 5737 5730 5745
f 5746 5748 5747
f 5747 5748 5745
f 5747 5745 5730
f 5749 5751 5750
f 5523 5730 5744
f 5523 5744 5522
f 5522 5744 5526
f 5522 5526 5721
f 5742 5752 5740
f 5740 5752 5743
f 5742 5750 5751
f 5751 5749 5634
f 5751 5752 5742
f 5705 5753 5706
f 5706 5753 5754
f 5706 5754 5723
f 5697 5528 5707
f 5697 5707 5695
f 5755 5756 5729
f 5727 5755 5729
f 5756 5757 5729
f 5729 5757 5517
f 5729 5517 5518
f 5757 5759 5758
f 5760 5759 5757
f 5761 5758 5759
f 5762 5760 5757
f 5757 5758 5517
f 5731 5520 5519
f 5763 5519 5517
f 5727 5764 5755
f 5755 5764 5765
f 5755 5765 5766
f 5766 5765 5767
f 5766 5767 5768
f 5622 5690 5704
f 5704 5690 5694
f 5704 5694 5700
f 5702 5700 5698
f 5703 5698 5661
f 5703 5661 5662
f 5703 5662 5529
f 5529 5662 5769
f 5529 5769 5705
f 5705 5769 5753
f 5753 5769 5683
f 5753 5683 5682
f 5764 5723 5754
f 5764 5754 5765
f 5765 5754 5753
f 5765 5753 5767
f 5767 5753 5682
f 5767 5682 5768
f 5768 5770 5762
f 5768 5762 5766
f 5766 5762 5756
f 5766 5756 5755
f 5764 5727 5724
f 5764 5724 5723
f 5706 5723 5722
f 5706 5722 5707
f 5691 5695 5624
f 5762 5771 5760
f 5760 5771 5772
f 5760 5772 5759
f 5771 5770 5545
f 5771 5545 5540
f 5771 5540 5772
f 5772 5540 5541
f 5543 5774 5773
f 5773 5772 5541
f 5543 5773 5541
f 5773 5774 5775
f 5773 5775 5772
f 5757 5756 5762
f 5771 5762 5770
f 5770 5768 5681
f 5770 5681 5545
f 5763 5777 5776
f 5763 5776 5516
f 5763 5516 5519
f 5519 5516 5731
f 5638 5514 5515
f 5746 5731 5516
f 5777 5778 5776
f 5776 5778 5515
f 5776 5515 5516
f 5516 5514 5746
f 5710 5624 5695
f 5710 5695 5715
f 5714 5715 5722
f 5714 5722 5716
f 5725 5716 5724
f 5725 5724 5728
f 5725 5728 5524
f 5521 5728 5729
f 5521 5729 5518
f 5517 5758 5763
f 5763 5758 5761
f 5763 5761 5777
f 5777 5761 5779
f 5779 5640 5778
f 5780 5639 5779
f 5640 5637 5781
f 5708 5709 5627
f 5627 5709 5626
f 5626 5711 5721
f 5523 5726 5730
f 5747 5730 5731
f 5747 5731 5746
f 5749 5746 5514
f 5749 5514 5782
f 5748 5741 5738
f 5748 5738 5745
f 5745 5738 5737
f 5737 5525 5744
f 5744 5525 5526
f 5720 5526 5527
f 5527 5736 5735
f 5732 5735 5738
f 5732 5738 5741
f 5741 5748 5750
f 5750 5748 5746
f 5750 5746 5749
f 5749 5782 5634
f 5634 5782 5783
f 5779 5639 5640
f 5635 5752 5751
f 5635 5751 5634
f 5635 5630 5752
f 5752 5630 5743
f 5743 5630 5631
f 5743 5631 5531
f 5743 5531 5532
f 5532 5533 5740
f 5632 5630 5633
f 5633 5630 5635
f 5638 5636 5783
f 5783 5636 5634
f 5781 5637 5638
f 5638 5783 5514
f 5515 5778 5781
f 5781 5778 5640
f 5780 5779 5761
f 5780 5761 5775
f 5775 5761 5759
f 5780 5774 5639
f 5638 5515 5781
f 5774 5780 5775
f 5772 5775 5759
f 5777 5779 5778
f 5782 5514 5783
f 5742 5739 5750
f 5750 5739 5734
f 5750 5734 5741
f 5527 5735 5719
f 5594 5784 5597
f 5785 5786 5600
f 5785 5600 5787
f 5787 5600 5601
f 5784 5788 5597
f 5789 5791 5790
f 5792 5791 5785
f 5792 5785 5793
f 5793 5785 5787
f 5793 5787 5794
f 5794 5596 5795
f 5794 5795 5792
f 5596 5508 5795
f 5796 5607 5609
f 5796 5609 5605
f 5605 5797 5796
f 5614 5612 5611
f 5785 5791 5789
f 5789 5790 5798
f 5790 5791 5799
f 5799 5791 5792
f 5604 5789 5603
f 5604 5785 5789
f 5800 5603 5798
f 5800 5798 5659
f 5801 5606 5802
f 5605 5603 5797
f 5606 5607 5656
f 5606 5656 5802
f 5608 5606 5511
f 5511 5606 5801
f 5511 5801 5803
f 5511 5803 5513
f 5642 5798 5804
f 5804 5798 5790
f 5804 5790 5646
f 5646 5790 5799
f 5646 5799 5805
f 5805 5799 5792
f 5792 5793 5794
f 5596 5794 5595
f 5596 5806 5508
f 5508 5509 5795
f 5647 5645 5646
f 5646 5805 5591
f 5592 5795 5509
f 5508 5806 5510
f 5588 5647 5646
f 5588 5646 5535
f 5535 5646 5591
f 5591 5805 5807
f 5592 5509 5510
f 5807 5590 5591
f 5586 5649 5588
f 5590 5807 5592
f 5590 5592 5593
f 5642 5804 5641
f 5641 5804 5646
f 5805 5792 5807
f 5807 5792 5592
f 5592 5792 5795
f 5806 5596 5594
f 5583 5581 5507
f 5507 5505 5656
f 5796 5800 5659
f 5660 5808 5577
f 5660 5577 5575
f 5784 5594 5595
f 5784 5595 5788
f 5788 5595 5794
f 5788 5794 5601
f 5601 5794 5787
f 5603 5789 5798
f 5659 5798 5642
f 5506 5579 5808
f 5808 5579 5577
f 5801 5802 5803
f 5512 5513 5676
f 5512 5676 5809
f 5618 5810 5666
f 5618 5666 5686
f 5686 5666 5669
f 5686 5617 5618
f 5810 5618 5620
f 5809 5614 5611
f 5809 5611 5512
f 5511 5512 5608
f 5544 5545 5681
f 5681 5768 5682
f 5680 5683 5769
f 5680 5769 5675
f 5675 5769 5664
f 5664 5769 5662
f 5661 5698 5673
f 5673 5698 5699
f 5673 5699 5559
f 5559 5699 5701
f 5559 5701 5672
f 5665 5666 5810
f 5665 5810 5620
f 5665 5620 5679
f 5679 5620 5615
f 5679 5615 5678
f 5678 5615 5613
f 5678 5613 5614
f 5678 5614 5677
f 5677 5614 5809
f 5677 5809 5676
f 5576 5676 5513
f 5576 5513 5660
f 5660 5513 5808
f 5808 5513 5803
f 5808 5803 5506
f 5506 5803 5802
f 5506 5802 5505
f 5505 5802 5656
f 5659 5656 5607
f 5659 5607 5796
f 5800 5796 5797
f 5800 5797 5603
f 5811 5813 5812
f 5812 5813 5814
f 5815 5816 5811
f 5815 5811 5812
f 5816 5815 5817
f 5817 5818 5816
f 5819 5818 5817
f 5819 5820 5818
f 5821 5822 5820
f 5821 5820 5819
f 5822 5821 5823
f 5822 5823 5824
f 5825 5824 5823
f 5826 5825 5827
f 5827 5825 5823
f 5826 5828 5825
f 5828 5826 5829
f 5828 5829 5830
f 5831 5832 5829
f 5829 5832 5830
f 5833 5834 5831
f 5831 5834 5832
f 5833 5835 5834
f 5836 5835 5837
f 5837 5835 5833
f 5836 5839 5838
f 5839 5836 5837
f 5840 5838 5841
f 5841 5838 5839
f 5842 5843 5841
f 5841 5843 5840
f 5844 5845 5842
f 5842 5845 5843
f 5846 5845 5844
f 5845 5846 5847
f 5847 5846 5848
f 5849 5847 5848
f 5850 5849 5848
f 5849 5850 5851
f 5851 5852 5849
f 5853 5852 5854
f 5854 5852 5851
f 5855 5856 5853
f 5855 5853 5854
f 5856 5855 5857
f 5858 5857 5855
f 5857 5858 5859
f 5859 5858 5860
f 5861 5859 5860
f 5861 5862 5859
f 5862 5861 5863
f 5864 5865 5862
f 5864 5862 5863
f 5814 5813 5865
f 5814 5865 5864
f 5815 5854 5851
f 5858 5855 5815
f 5815 5855 5854
f 5815 5860 5858
f 5863 5861 5815
f 5815 5861 5860
f 5814 5864 5815
f 5815 5864 5863
f 5815 5812 5814
f 5821 5819 5815
f 5815 5819 5817
f 5815 5823 5821
f 5815 5826 5827
f 5815 5827 5823
f 5831 5829 5815
f 5815 5829 5826
f 5815 5833 5831
f 5839 5837 5815
f 5815 5837 5833
f 5815 5841 5839
f 5844 5842 5815
f 5815 5842 5841
f 5815 5846 5844
f 5850 5848 5815
f 5815 5848 5846
f 5815 5851 5850
f 5866 5868 5867
f 5869 5870 5867
f 5867 5870 5866
f 5867 5871 5869
f 5867 5872 5871
f 5867 5874 5873
f 5867 5873 5875
f 5876 5877 5867
f 5867 5877 5874
f 5867 5878 5876
f 5879 5880 5867
f 5867 5880 5878
f 5881 5882 5867
f 5867 5882 5879
f 5867 5883 5881
f 5884 5885 5867
f 5867 5885 5883
f 5886 5887 5867
f 5867 5887 5884
f 5867 5888 5886
f 5889 5890 5867
f 5867 5890 5888
f 5867 5891 5889
f 5867 5893 5892
f 5867 5892 5891
f 5868 5894 5867
f 5867 5894 5893
f 5895 5896 5869
f 5896 5897 5870
f 5898 5899 5893
f 5900 5901 5889
f 5901 5902 5890
f 5903 5904 5886
f 5873 5905 5875
f 5874 5906 5873
f 5873 5906 5905
f 5907 5906 5874
f 5907 5874 5877
f 5877 5908 5907
f 5908 5877 5876
f 5876 5909 5908
f 5878 5909 5876
f 5880 5910 5878
f 5878 5910 5909
f 5910 5880 5911
f 5879 5911 5880
f 5882 5912 5879
f 5879 5912 5911
f 5913 5912 5881
f 5881 5912 5882
f 5883 5914 5881
f 5881 5914 5913
f 5885 5915 5883
f 5883 5915 5914
f 5915 5885 5916
f 5884 5916 5885
f 5916 5884 5917
f 5917 5884 5887
f 5887 5904 5917
f 5904 5887 5886
f 5902 5903 5888
f 5888 5903 5886
f 5890 5902 5888
f 5889 5901 5890
f 5918 5900 5889
f 5891 5918 5889
f 5892 5899 5891
f 5891 5899 5918
f 5893 5899 5892
f 5898 5893 5919
f 5919 5893 5894
f 5894 5868 5920
f 5894 5920 5919
f 5870 5897 5866
f 5866 5897 5868
f 5868 5897 5920
f 5869 5896 5870
f 5871 5895 5869
f 5921 5871 5872
f 5871 5921 5895
f 5867 5922 5872
f 5872 5922 5921
f 5867 5923 5922
f 5923 5867 5875
f 5875 5905 5923
f 5924 5129 5925
f 5925 5129 5144
f 5132 5926 5144
f 5144 5926 5925
f 5926 5132 5927
f 5927 5132 5136
f 5129 5924 5928
f 5129 5928 4980
f 4980 5928 5005
f 4897 5930 5929
f 4897 5929 4857
f 4857 5929 5931
f 5930 4897 4896
f 5930 4896 5932
f 4852 5933 5932
f 4852 5932 4896
f 5933 4852 5934
f 5934 4852 4853
f 4882 5936 5935
f 4882 5935 4853
f 4853 5935 5934
f 4881 5937 4882
f 4882 5937 5936
f 4880 5938 4881
f 4881 5938 5937
f 4849 5939 4880
f 4880 5939 5938
f 4850 5940 4849
f 4849 5940 5939
f 5941 5942 4864
f 4864 5942 4850
f 4850 5942 5940
f 5941 4864 4863
f 4862 5943 4863
f 4863 5943 5941
f 4845 5944 4862
f 4862 5944 5943
f 5944 4845 5945
f 5945 4845 4844
f 4842 5946 4844
f 4844 5946 5945
f 4917 5947 4842
f 4842 5947 5946
f 4919 5948 4917
f 4917 5948 5947
f 4920 5949 4919
f 4919 5949 5948
f 5949 4920 5950
f 5950 4920 4922
f 4931 5951 4922
f 4922 5951 5950
f 4930 5952 4931
f 4931 5952 5951
f 5952 4930 5953
f 5953 4930 4929
f 4927 5954 4929
f 4929 5954 5953
f 4926 5955 4927
f 4927 5955 5954
f 5955 4926 5956
f 5956 4926 4924
f 4923 5957 4924
f 4924 5957 5956
f 4870 5958 4923
f 4923 5958 5957
f 4869 5959 4870
f 4870 5959 5958
f 4866 5960 4869
f 4869 5960 5959
f 5960 4866 5961
f 5961 4866 4867
f 4879 5962 4867
f 4867 5962 5961
f 4878 5963 5962
f 4878 5962 4879
f 5964 5965 4877
f 4877 5965 4878
f 4878 5965 5963
f 5964 4877 4875
f 4874 5967 5966
f 4874 5966 4875
f 4875 5966 5964
f 4938 5968 5967
f 4938 5967 4874
f 4937 5969 4938
f 4938 5969 5968
f 4936 5970 4937
f 4937 5970 5969
f 4935 5971 5970
f 4935 5970 4936
f 5972 5973 4934
f 4934 5973 4935
f 4935 5973 5971
f 5972 4934 4945
f 5972 4945 5974
f 4944 5974 4945
f 4943 5975 4944
f 4944 5975 5974
f 4942 5976 4943
f 4943 5976 5975
f 5977 5978 4941
f 4941 5978 4942
f 4942 5978 5976
f 5977 4941 5012
f 5011 5979 5012
f 5012 5979 5977
f 5010 5980 5979
f 5010 5979 5011
f 5980 5010 5981
f 5981 5010 5009
f 5007 5982 5981
f 5007 5981 5009
f 5982 5007 5983
f 5983 5007 5006
f 4978 5984 5006
f 5006 5984 5983
f 4976 5985 5984
f 4976 5984 4978
f 4975 5986 4976
f 4976 5986 5985
f 4974 5988 5987
f 4974 5987 4975
f 4975 5987 5986
f 5988 4974 4988
f 5988 4988 5989
f 5990 5989 4987
f 4987 5989 4988
f 4986 5990 4987
f 5990 4986 5991
f 5991 4986 4983
f 4984 5992 5991
f 4984 5991 4983
f 5992 4984 4996
f 5992 4996 5993
f 4995 5994 5993
f 4995 5993 4996
f 4993 5995 5994
f 4993 5994 4995
f 4992 5996 4993
f 4993 5996 5995
f 4991 5997 5996
f 4991 5996 4992
f 5003 5998 4991
f 4991 5998 5997
f 5999 5003 5002
f 5999 5998 5003
f 5001 6000 5002
f 5002 6000 5999
f 5000 6001 5001
f 5001 6001 6000
f 4998 6002 5000
f 5000 6002 6001
f 4997 6003 4998
f 4998 6003 6002
f 4968 6004 4997
f 4997 6004 6003
f 4966 6005 4968
f 4968 6005 6004
f 6005 4966 4965
f 6005 4965 6006
f 6006 4965 4963
f 6006 4963 6007
f 4962 6008 6007
f 4962 6007 4963
f 6008 4962 4953
f 4951 6010 6009
f 4951 6009 4953
f 4953 6009 6008
f 4950 6011 6010
f 4950 6010 4951
f 6011 4950 6012
f 6012 4950 4947
f 4948 6013 4947
f 4947 6013 6012
f 4961 6014 4948
f 4948 6014 6013
f 6014 4961 4960
f 6014 4960 6015
f 4959 6016 6015
f 4959 6015 4960
f 4957 6017 4959
f 4959 6017 6016
f 4955 6018 4957
f 4957 6018 6017
f 4954 6019 4955
f 4955 6019 6018
f 4856 6019 4954
f 4856 6020 6019
f 6020 4856 6021
f 6021 4856 4854
f 6021 4854 4596
f 6021 4596 6022
f 6022 4596 4598
f 5004 6024 6023
f 5004 6023 4979
f 4979 6023 6025
f 6024 5004 4891
f 4890 6026 4891
f 4891 6026 6024
f 6026 4890 6027
f 6027 4890 4888
f 4971 6028 4888
f 4888 6028 6027
f 6028 4971 6029
f 6029 4971 4970
f 4969 6030 6029
f 4969 6029 4970
f 6030 4969 6031
f 6031 4969 4895
f 4894 6032 6031
f 4894 6031 4895
f 6032 4894 4892
f 4910 6033 4892
f 4892 6033 6032
f 4909 6034 6033
f 4909 6033 4910
f 4908 6035 4909
f 4909 6035 6034
f 4861 6036 4908
f 4908 6036 6035
f 4860 6037 4861
f 4861 6037 6036
f 6037 4860 6038
f 6038 4860 4859
f 6038 4859 4857
f 6038 4857 5931
f 5128 4981 4979
f 6039 5128 6025
f 6025 5128 4979
f 5106 5109 5209
f 5209 5207 5106
f 5207 5212 5106
f 5106 5212 5215
f 5215 5216 5106
f 5216 5218 5106
f 6040 5218 5194
f 5194 5195 6040
f 5195 5219 6040
f 6040 5219 5224
f 6041 5091 6042
f 6042 5091 5093
f 6042 5093 5095
f 5054 6043 5057
f 5057 6043 6044
f 5057 6044 5105
f 5105 6044 6045
f 5105 6045 5104
f 5104 6045 6046
f 5104 6046 5102
f 5102 6046 6047
f 5102 6047 5100
f 5100 6047 6048
f 5100 6048 5098
f 5098 6048 6049
f 5098 6049 6050
f 5098 6050 5095
f 5095 6050 6051
f 5095 6051 6052
f 5095 6052 6042
f 5106 5218 6040
f 5106 6040 5047
f 5047 6040 6053
f 5047 6053 5052
f 5052 6053 6054
f 5052 6054 5056
f 5056 6054 6055
f 5056 6055 5054
f 5054 6055 6056
f 5054 6056 6043
f 6057 5622 5623
f 5619 5684 6057
f 6057 5684 5622
f 5624 5708 5072
f 5072 5708 5627
f 5072 5627 5628
f 5628 5733 5072
f 5072 5733 5629
f 5072 5629 5531
f 5531 6058 5072
f 5072 6058 6059
f 6059 5071 5072
f 5091 6041 5089
f 5089 6041 6060
f 5089 6060 5087
f 5087 6060 6061
f 5087 6061 5085
f 5085 6061 6062
f 5085 6062 6063
f 5085 6063 5082
f 5082 6063 6064
f 5082 6064 5080
f 5080 6064 5078
f 5078 6064 6065
f 5078 6065 5077
f 5077 6065 6066
f 5077 6066 5018
f 5018 6066 6067
f 5018 6067 5027
f 5027 6067 6068
f 5027 6068 5024
f 5024 6068 6069
f 5024 6069 5028
f 5028 6069 6070
f 5028 6070 5031
f 5031 6070 5036
f 5036 6070 6071
f 5036 6071 5072
f 5072 6071 6057
f 5072 6057 5624
f 5624 6057 5623
f 5130 6072 5137
f 6072 5130 6073
f 6073 5130 5145
f 6073 5145 6074
f 6074 5145 6039
f 6039 5145 5128
f 6075 6076 4791
f 4780 4779 4821
f 4786 6077 4821
f 4821 6077 4780
f 4791 6076 4786
f 4786 6076 6077
f 6075 4791 4790
f 4783 6078 4790
f 4790 6078 6075
f 6078 4783 6079
f 6079 4783 4781
f 4789 6080 6079
f 4789 6079 4781
f 4787 6081 4789
f 4789 6081 6080
f 4798 6082 4787
f 4787 6082 6081
f 6082 4798 6083
f 6083 4798 4832
f 4843 6084 6083
f 4843 6083 4832
f 6084 4843 4848
f 6084 4848 6085
f 4851 6086 6085
f 4851 6085 4848
f 4858 6087 6086
f 4858 6086 4851
f 4893 6088 6087
f 4893 6087 4858
f 4889 5928 6088
f 4889 6088 4893
f 5928 4889 5005
f 5135 6090 6089
f 5066 6091 5135
f 5135 6091 6090
f 5135 6089 5136
f 5136 6089 6092
f 6092 5927 5136
f 6093 6095 6094
f 6096 6098 6097
f 6099 5113 6100
f 6099 5111 5113
f 6101 5107 5110
f 6101 5110 6102
f 6102 5110 5112
f 6102 5112 6103
f 6103 5112 6104
f 6104 5112 6105
f 6105 5112 5111
f 6105 5111 6106
f 6106 5111 6107
f 6107 5111 6099
f 5108 5107 6108
f 6109 5108 6110
f 6110 5108 6111
f 6111 5108 6108
f 6112 5209 5109
f 6112 5109 6109
f 6109 5109 5108
f 5408 6113 5470
f 5408 5208 6113
f 6113 5208 6097
f 6098 6096 6095
f 6094 6095 6109
f 6093 6094 6114
f 6093 6114 6115
f 6093 6115 6116
f 6117 6118 6116
f 6117 6101 6118
f 6118 6101 6119
f 6119 6101 6120
f 6120 6121 6119
f 6120 6103 6121
f 6121 6103 6122
f 6121 6122 6105
f 6121 6105 6123
f 6121 6123 6072
f 6072 6123 6124
f 6123 6125 6124
f 6125 6107 6126
f 6125 6126 6127
f 6100 6127 6126
f 6107 6123 6106
f 6105 6122 6104
f 6104 6122 6103
f 6111 6115 6114
f 6114 6094 6110
f 6110 6094 6109
f 6116 6115 6117
f 6117 6115 6128
f 6108 5107 6128
f 6128 5107 6101
f 6128 6101 6117
f 6101 6102 6120
f 6120 6102 6103
f 6123 6105 6106
f 6099 6100 6126
f 6099 6126 6107
f 6123 6107 6125
f 5208 6129 6097
f 6097 6129 6096
f 5208 5209 6129
f 6129 5209 6112
f 6129 6112 6096
f 6108 6128 6115
f 6108 6115 6111
f 6110 6111 6114
f 6112 6109 6096
f 6096 6109 6095
f 6130 5631 5632
f 6058 5531 5631
f 6059 6131 5071
f 5071 6131 6132
f 5071 6132 6133
f 5071 6133 5073
f 5073 6133 6134
f 5073 6134 6135
f 5073 6135 6136
f 5073 6136 6137
f 5073 6137 5074
f 5075 5074 6138
f 6091 5066 5068
f 6091 5068 6139
f 6139 5068 5070
f 6089 6140 6092
f 6092 6140 6141
f 6092 6141 6142
f 6092 6142 6143
f 6143 6142 6144
f 6143 6144 6145
f 6143 6145 6146
f 6146 6145 6147
f 6148 6150 6149
f 6149 6150 6146
f 6149 6146 6147
f 6136 6151 6148
f 6148 6151 6150
f 6135 6151 6136
f 6135 6152 6151
f 6153 6152 6134
f 6134 6152 6135
f 6132 6154 6153
f 6154 6132 6131
f 6155 6156 6130
f 6130 6156 6058
f 6130 6058 5631
f 6155 6154 6156
f 6156 6154 6131
f 6132 6153 6133
f 6133 6153 6134
f 5075 6138 6147
f 5075 6147 6157
f 5075 6157 6158
f 5075 6158 5069
f 5069 6158 6142
f 5069 6142 5070
f 5070 6142 6141
f 5070 6141 6159
f 6090 6091 6160
f 6160 6091 6139
f 6160 6139 6159
f 6159 6139 5070
f 6090 6160 6161
f 6090 6161 6089
f 6161 6160 6159
f 6161 6159 6141
f 6158 6157 6145
f 6145 6157 6147
f 6137 6138 5074
f 6089 6161 6140
f 6140 6161 6141
f 6144 6142 6158
f 6144 6158 6145
f 6149 6147 6138
f 6149 6138 6148
f 6148 6138 6137
f 6148 6137 6136
f 6131 6059 6156
f 6156 6059 6058
f 5131 6127 6100
f 5137 6124 5131
f 6124 6125 5131
f 5131 6125 6127
f 5131 6100 5113
f 6124 5137 6072
f 5129 4980 5128
f 5128 4980 4981
f 6162 6164 6163
f 6165 5598 5599
f 5228 5230 6166
f 6167 6169 6168
f 6170 6172 6171
f 6171 6172 6168
f 6172 6170 6173
f 6173 5383 6172
f 6174 5382 5192
f 5382 6174 6175
f 5382 6175 5380
f 5380 6175 5378
f 6176 5374 5376
f 5374 6176 5236
f 6177 5235 5236
f 6178 5230 5231
f 6040 5224 5362
f 6179 6056 6055
f 6179 6055 6054
f 6063 6180 6064
f 5619 6057 5616
f 5616 6057 6181
f 5616 6181 6182
f 5616 6182 5612
f 5612 6182 6183
f 6184 5610 6183
f 6183 5610 5612
f 5610 6184 6185
f 5610 6185 5608
f 5608 6185 6186
f 6187 5609 6186
f 6186 5609 5608
f 5609 6187 5605
f 5605 6187 6188
f 6189 5601 5602
f 6190 5788 6189
f 6189 5788 5601
f 5599 5597 6191
f 6191 5597 6190
f 6190 5597 5788
f 6165 6193 6192
f 6165 6195 6194
f 6194 6195 6196
f 6194 6196 6197
f 6198 6197 6196
f 6199 6200 6198
f 6198 6200 6197
f 6199 6201 6200
f 6201 6203 6202
f 6202 6203 6204
f 6204 6205 6202
f 5378 6175 6206
f 5378 6206 5376
f 5376 6206 6207
f 5376 6207 6176
f 6176 6207 6208
f 6176 6208 5236
f 5236 6208 6209
f 6210 5192 5383
f 6211 6213 6212
f 6211 6212 6173
f 6173 6212 6210
f 6173 6210 5383
f 6214 6213 6211
f 6170 6211 6173
f 5383 5237 6172
f 6215 6217 6216
f 6218 6216 6217
f 6218 6217 6205
f 6204 6218 6205
f 6219 6221 6220
f 6219 6220 6222
f 6222 6220 6223
f 6222 6223 6224
f 6225 6227 6226
f 6226 6227 6228
f 6229 6225 6226
f 6229 6226 6230
f 6230 6226 6228
f 6230 6228 6162
f 6162 6228 6231
f 6162 6231 6164
f 6219 6162 6163
f 6224 6229 6230
f 6224 6230 6222
f 6222 6230 6162
f 6222 6162 6219
f 6219 6163 6221
f 6164 6231 6232
f 6233 6235 6234
f 5602 6235 6236
f 6236 6235 6233
f 6236 6233 6237
f 6189 5602 6238
f 6238 5602 6236
f 6238 6236 6239
f 6239 6236 6237
f 6190 6189 6240
f 6240 6189 6238
f 6240 6238 6241
f 6241 6238 6239
f 6241 6239 6242
f 6221 6244 6243
f 6232 6245 6164
f 6164 6245 6246
f 6164 6246 6163
f 6163 6246 6247
f 6163 6247 6244
f 6244 6247 6248
f 6245 6250 6249
f 6245 6249 6246
f 6246 6249 6251
f 6246 6251 6247
f 6247 6251 6252
f 6247 6252 6248
f 6253 6254 6250
f 6250 6204 6249
f 6249 6204 6203
f 6250 6254 6218
f 6250 6218 6204
f 6232 6253 6245
f 6245 6253 6250
f 6251 6249 6203
f 6251 6203 6252
f 6203 6199 6252
f 6244 6248 6242
f 6244 6242 6243
f 6255 6243 6237
f 6255 6237 6256
f 6191 6190 6257
f 6257 6190 6240
f 6257 6240 6258
f 6258 6240 6241
f 6258 6241 6259
f 6259 6241 6242
f 6193 6191 6257
f 6193 6257 6192
f 6192 6257 6258
f 6192 6258 6260
f 6260 6258 6259
f 6260 6259 6261
f 6195 6165 6192
f 6195 6192 6196
f 6196 6192 6260
f 6196 6260 6198
f 6198 6260 6261
f 6198 6261 6199
f 6165 5599 6193
f 6193 5599 6191
f 5602 5600 6235
f 6235 5600 5786
f 6235 5786 6234
f 6057 6071 6181
f 6262 6263 6234
f 6233 6265 6264
f 6233 6264 6256
f 6256 6266 6255
f 6255 6266 6220
f 6255 6220 6221
f 6255 6221 6243
f 6203 6201 6199
f 6252 6199 6261
f 6252 6261 6248
f 6248 6261 6259
f 6248 6259 6242
f 6243 6242 6239
f 6243 6239 6237
f 6256 6237 6233
f 6265 6233 6234
f 6234 5786 6262
f 6262 5786 5785
f 6262 5785 5604
f 6163 6244 6221
f 6223 6220 6266
f 6266 6256 6264
f 6265 6234 6263
f 6263 6262 6267
f 6267 6262 5604
f 6267 5604 6188
f 6188 5604 5605
f 6071 6070 6181
f 6181 6070 6268
f 6181 6268 6182
f 6182 6268 6269
f 6182 6269 6183
f 6183 6269 6270
f 6183 6270 6184
f 6184 6270 6271
f 6184 6271 6185
f 6185 6271 6272
f 6185 6272 6186
f 6186 6272 6273
f 6186 6273 6274
f 6186 6274 6187
f 6187 6274 6275
f 6187 6275 6188
f 6188 6275 6267
f 6267 6276 6263
f 6263 6277 6265
f 6265 6277 6264
f 6264 6278 6266
f 6266 6278 6279
f 6266 6279 6223
f 6223 6279 6280
f 6223 6280 6224
f 6224 6280 6281
f 6224 6281 6229
f 6229 6281 6282
f 6229 6282 6225
f 6225 6282 6283
f 6225 6283 6227
f 6228 6227 6284
f 6228 6284 6231
f 6231 6284 6285
f 6231 6285 6232
f 6232 6285 6286
f 6232 6286 6253
f 6254 6216 6218
f 6179 6054 6287
f 6287 6289 6288
f 6288 6289 6290
f 6040 5362 6289
f 6040 6289 6053
f 6053 6289 6287
f 6053 6287 6054
f 6043 6056 6179
f 6291 6179 6287
f 6291 6287 6292
f 6292 6287 6288
f 5362 5227 6289
f 6289 5227 5228
f 6289 5228 6290
f 6290 5228 6166
f 6290 6166 6288
f 6166 6293 6288
f 6179 6291 6294
f 6179 6294 6043
f 5230 6178 6166
f 6166 6178 6295
f 6166 6295 6293
f 6288 6293 6296
f 6288 6296 6292
f 6292 6296 6297
f 6292 6297 6291
f 6291 6297 6294
f 6043 6294 6044
f 6045 6044 6298
f 6298 6044 6294
f 6299 6296 6293
f 6299 6293 6295
f 6046 6045 6047
f 6047 6045 6298
f 6298 6294 6300
f 6300 6294 6297
f 6300 6297 6301
f 6301 6297 6296
f 6301 6296 6299
f 6302 6299 6295
f 6295 6178 6303
f 6303 6178 5231
f 6303 5231 5233
f 6048 6047 6304
f 6305 6301 6299
f 6305 6299 6302
f 6306 6302 6295
f 6306 6295 6303
f 6307 6303 5233
f 6307 5233 6308
f 6308 5233 5358
f 6308 6309 6307
f 6303 6307 6310
f 6303 6310 6306
f 6302 6306 6311
f 6302 6311 6305
f 6301 6305 6312
f 6301 6312 6300
f 6300 6312 6313
f 6300 6313 6298
f 6298 6313 6314
f 6298 6314 6047
f 6047 6314 6304
f 6048 6304 6049
f 6309 6315 6307
f 6307 6315 6316
f 6307 6316 6310
f 6306 6310 6317
f 6306 6317 6311
f 6305 6311 6318
f 6305 6318 6312
f 6304 6319 6049
f 6049 6319 6050
f 6051 6050 6052
f 6052 6050 6319
f 6319 6304 6320
f 6320 6304 6314
f 6320 6314 6321
f 6321 6314 6313
f 6321 6313 6322
f 6322 6313 6312
f 6322 6312 6318
f 6323 6318 6311
f 6323 6311 6317
f 6324 6317 6310
f 6324 6310 6316
f 6325 6316 6315
f 6308 5358 5372
f 6052 6319 6320
f 6322 6318 6323
f 6326 6323 6317
f 6326 6317 6324
f 6327 6324 6316
f 6327 6316 6325
f 6328 6325 6315
f 6328 6315 6329
f 6329 6315 6309
f 6329 6309 6330
f 6330 6309 6308
f 6330 6308 5372
f 6330 6177 6209
f 6330 6209 6329
f 5372 5235 6177
f 6209 6177 5236
f 6041 6042 6052
f 6331 6052 6320
f 6331 6320 6332
f 6332 6320 6321
f 6332 6321 6333
f 6333 6321 6322
f 6334 6322 6323
f 6334 6323 6326
f 6335 6326 6324
f 6335 6324 6327
f 6336 6327 6325
f 6336 6325 6328
f 6330 5372 6177
f 6209 6337 6329
f 6329 6337 6338
f 6329 6338 6328
f 6328 6339 6336
f 6327 6336 6340
f 6327 6340 6335
f 6326 6335 6341
f 6326 6341 6334
f 6322 6334 6342
f 6322 6342 6333
f 6052 6331 6343
f 6052 6343 6041
f 6041 6343 6060
f 6060 6343 6344
f 6060 6344 6061
f 6061 6344 6345
f 6061 6345 6062
f 6062 6345 6063
f 6063 6345 6180
f 6064 6180 6346
f 6064 6346 6065
f 6065 6346 6066
f 6066 6346 6347
f 6066 6347 6067
f 6067 6347 6348
f 6067 6348 6068
f 6068 6348 6069
f 6069 6348 6268
f 6174 6349 6175
f 6175 6349 6350
f 6175 6350 6206
f 6207 6206 6351
f 6207 6351 6208
f 6209 6208 6337
f 6328 6338 6339
f 6336 6339 6352
f 6336 6352 6340
f 6335 6340 6353
f 6335 6353 6341
f 6334 6341 6354
f 6334 6354 6342
f 6333 6342 6355
f 6333 6355 6332
f 6332 6355 6356
f 6332 6356 6331
f 6331 6356 6343
f 6345 6357 6180
f 6180 6357 6358
f 6180 6358 6346
f 6346 6358 6347
f 6347 6359 6348
f 6348 6359 6269
f 6348 6269 6268
f 6349 6360 6350
f 6350 6360 6361
f 6350 6361 6206
f 6206 6361 6362
f 6206 6362 6351
f 6208 6351 6363
f 6208 6363 6337
f 6337 6363 6338
f 6338 6364 6339
f 6340 6352 6365
f 6340 6365 6353
f 6341 6353 6366
f 6341 6366 6354
f 6342 6354 6367
f 6342 6367 6355
f 6343 6356 6368
f 6343 6368 6344
f 6344 6368 6369
f 6344 6369 6345
f 6345 6369 6370
f 6345 6370 6357
f 6357 6370 6371
f 6357 6371 6358
f 6358 6371 6372
f 6358 6372 6347
f 6347 6372 6373
f 6347 6373 6359
f 6359 6373 6270
f 6359 6270 6269
f 6351 6362 6374
f 6351 6374 6363
f 6338 6363 6364
f 6339 6364 6375
f 6339 6375 6352
f 6353 6365 6376
f 6353 6376 6366
f 6354 6366 6377
f 6354 6377 6367
f 6355 6367 6378
f 6355 6378 6356
f 6356 6378 6368
f 6368 6378 6379
f 6368 6379 6380
f 6368 6380 6369
f 6369 6380 6381
f 6369 6381 6370
f 6370 6381 6382
f 6370 6382 6371
f 6371 6382 6372
f 6372 6383 6373
f 6373 6383 6271
f 6373 6271 6270
f 6360 6384 6361
f 6361 6384 6385
f 6361 6385 6362
f 6362 6385 6386
f 6362 6386 6374
f 6363 6374 6387
f 6363 6387 6364
f 6352 6375 6388
f 6352 6388 6365
f 6365 6389 6376
f 6366 6376 6390
f 6366 6390 6377
f 6367 6377 6391
f 6367 6391 6378
f 6378 6391 6379
f 6379 6392 6380
f 6380 6392 6393
f 6380 6393 6381
f 6381 6393 6394
f 6381 6394 6382
f 6382 6394 6395
f 6382 6395 6372
f 6372 6395 6383
f 6383 6395 6272
f 6383 6272 6271
f 6170 6171 6211
f 6211 6171 6396
f 6211 6396 6214
f 6384 6214 6397
f 6384 6397 6385
f 6385 6397 6398
f 6385 6398 6386
f 6386 6398 6399
f 6386 6399 6400
f 6387 6400 6401
f 6387 6401 6402
f 6375 6402 6403
f 6375 6403 6388
f 6388 6404 6389
f 6389 6406 6405
f 6390 6405 6407
f 6390 6407 6408
f 6408 6407 6409
f 6408 6409 6410
f 6410 6409 6411
f 6410 6411 6412
f 6412 6411 6413
f 6412 6413 6414
f 6414 6413 6415
f 6414 6415 6416
f 6416 6415 6417
f 6416 6417 6418
f 6418 6417 6274
f 6418 6274 6273
f 6214 6396 6419
f 6214 6419 6397
f 6400 6399 6420
f 6400 6420 6401
f 6388 6403 6404
f 6389 6404 6406
f 6405 6406 6421
f 6405 6421 6407
f 6407 6421 6422
f 6407 6422 6409
f 6409 6422 6423
f 6409 6423 6411
f 6411 6423 6424
f 6411 6424 6413
f 6413 6424 6425
f 6413 6425 6415
f 6415 6425 6426
f 6415 6426 6417
f 6417 6426 6274
f 6171 6168 6169
f 6171 6169 6396
f 6396 6169 6427
f 6396 6427 6419
f 6397 6419 6428
f 6397 6428 6398
f 6398 6428 6429
f 6398 6429 6399
f 6399 6429 6430
f 6399 6430 6420
f 6401 6420 6431
f 6401 6431 6402
f 6402 6431 6403
f 6403 6432 6404
f 6404 6433 6406
f 6406 6434 6421
f 6421 6434 6435
f 6421 6435 6422
f 6422 6435 6436
f 6422 6436 6423
f 6423 6436 6437
f 6423 6437 6424
f 6424 6437 6438
f 6424 6438 6425
f 6425 6438 6439
f 6425 6439 6426
f 6426 6439 6275
f 6426 6275 6274
f 6169 6167 6440
f 6169 6440 6427
f 6427 6440 6441
f 6427 6441 6442
f 6428 6442 6443
f 6428 6443 6429
f 6429 6443 6444
f 6429 6444 6430
f 6430 6444 6445
f 6430 6445 6446
f 6431 6446 6447
f 6431 6447 6432
f 6432 6448 6433
f 6433 6450 6449
f 6449 6450 6451
f 6452 6453 6437
f 6437 6453 6454
f 6437 6454 6438
f 6438 6454 6455
f 6438 6455 6439
f 6439 6455 6276
f 6439 6276 6275
f 6167 6456 6440
f 6440 6456 6215
f 6440 6215 6441
f 6441 6215 6216
f 6441 6216 6457
f 6443 6457 6286
f 6443 6286 6444
f 6444 6286 6285
f 6444 6285 6445
f 6445 6285 6284
f 6445 6284 6458
f 6447 6458 6283
f 6447 6283 6448
f 6448 6282 6450
f 6450 6282 6459
f 6459 6281 6453
f 6453 6281 6280
f 6453 6280 6454
f 6454 6280 6279
f 6454 6279 6455
f 6455 6279 6278
f 6455 6278 6460
f 6460 6278 6277
f 6460 6277 6276
f 6442 6441 6457
f 6442 6457 6443
f 6446 6445 6458
f 6446 6458 6447
f 6432 6447 6448
f 6433 6448 6450
f 6450 6459 6451
f 6451 6459 6452
f 6452 6459 6453
f 6455 6460 6276
f 6419 6427 6442
f 6419 6442 6428
f 6420 6430 6446
f 6420 6446 6431
f 6403 6431 6432
f 6404 6432 6433
f 6406 6433 6449
f 6406 6449 6434
f 6434 6449 6451
f 6434 6451 6435
f 6435 6451 6452
f 6435 6452 6436
f 6436 6452 6437
f 5192 6210 6174
f 6174 6210 6212
f 6174 6212 6349
f 6349 6212 6213
f 6349 6213 6360
f 6360 6213 6214
f 6360 6214 6384
f 6374 6386 6400
f 6374 6400 6387
f 6364 6387 6402
f 6364 6402 6375
f 6365 6388 6389
f 6376 6389 6405
f 6376 6405 6390
f 6377 6390 6408
f 6377 6408 6391
f 6391 6408 6410
f 6391 6410 6379
f 6379 6410 6392
f 6392 6410 6412
f 6392 6412 6393
f 6393 6412 6414
f 6393 6414 6394
f 6394 6414 6416
f 6394 6416 6395
f 6395 6416 6418
f 6395 6418 6273
f 6395 6273 6272
f 6456 6217 6215
f 6216 6254 6457
f 6457 6254 6253
f 6457 6253 6286
f 6458 6284 6227
f 6458 6227 6283
f 6448 6283 6282
f 6282 6281 6459
f 6278 6264 6277
f 6277 6263 6276
f 6276 6267 6275
f 6069 6268 6070
f 6461 6463 6462
f 6464 6466 6465
f 6467 6469 6468
f 6468 6470 6467
f 6471 6472 6470
f 6471 6470 6468
f 6473 6472 6474
f 6474 6472 6471
f 6475 6473 6474
f 6475 6476 6473
f 6476 6475 6477
f 6477 6478 6476
f 6479 6480 6478
f 6479 6478 6477
f 6481 6480 6479
f 6480 6481 6482
f 6483 6482 6481
f 6482 6483 6484
f 6482 6484 6485
f 6486 6485 6484
f 6486 6487 6485
f 6488 6487 6486
f 6488 6466 6487
f 6465 6466 6488
f 6489 6464 6465
f 6464 6489 6490
f 6464 6490 6491
f 6492 6491 6490
f 6492 6490 6493
f 6494 6495 6493
f 6493 6495 6492
f 6462 6463 6494
f 6494 6463 6495
f 6461 6497 6496
f 6497 6461 6462
f 6498 6499 6496
f 6498 6496 6497
f 6499 6501 6500
f 6501 6499 6498
f 6502 6500 6503
f 6503 6500 6501
f 6500 6502 6504
f 6505 6504 6502
f 6505 6506 6504
f 6506 6505 6507
f 6507 6508 6506
f 6509 6510 6508
f 6509 6508 6507
f 6510 6509 6511
f 6511 6512 6510
f 6512 6511 6513
f 6514 6512 6513
f 6515 6514 6513
f 6514 6515 6516
f 6517 6516 6518
f 6518 6516 6515
f 6467 6517 6469
f 6469 6517 6518
f 6494 6493 6484
f 6484 6462 6494
f 6498 6497 6484
f 6484 6497 6462
f 6484 6501 6498
f 6484 6502 6503
f 6484 6503 6501
f 6507 6505 6484
f 6484 6505 6502
f 6511 6509 6484
f 6484 6509 6507
f 6484 6513 6511
f 6518 6515 6484
f 6484 6515 6513
f 6468 6469 6484
f 6484 6469 6518
f 6484 6471 6468
f 6484 6475 6474
f 6484 6474 6471
f 6479 6477 6484
f 6484 6477 6475
f 6483 6481 6484
f 6484 6481 6479
f 6465 6488 6484
f 6484 6488 6486
f 6484 6489 6465
f 6493 6490 6484
f 6484 6490 6489
f 6519 6521 6520
f 6522 6524 6523
f 6525 6527 6526
f 6523 6524 6525
f 6525 6524 6527
f 6528 6522 6529
f 6529 6522 6523
f 6530 6531 6529
f 6529 6531 6528
f 6532 6533 6530
f 6533 6531 6530
f 6534 6521 6532
f 6532 6521 6533
f 6520 6521 6534
f 6519 6520 6535
f 6535 6520 6536
f 6535 6536 6537
f 6537 6536 6538
f 6539 6537 6538
f 6540 6539 6538
f 6539 6540 6541
f 6542 6541 6540
f 6542 6543 6541
f 6543 6542 6544
f 6544 6545 6543
f 6545 6544 6546
f 6546 6547 6545
f 6548 6549 6547
f 6548 6547 6546
f 6549 6548 6550
f 6550 6548 6551
f 6552 6553 6551
f 6551 6553 6550
f 6554 6553 6555
f 6555 6553 6552
f 6556 6554 6557
f 6557 6554 6555
f 6558 6556 6559
f 6559 6556 6557
f 6560 6558 6559
f 6558 6560 6561
f 6562 6561 6563
f 6563 6561 6560
f 6564 6565 6562
f 6564 6562 6563
f 6566 6567 6564
f 6564 6567 6565
f 6568 6567 6566
f 6567 6568 6569
f 6570 6569 6568
f 6571 6569 6570
f 6571 6572 6569
f 6572 6571 6573
f 6572 6573 6574
f 6575 6574 6573
f 6575 6576 6574
f 6577 6576 6575
f 6577 6578 6576
f 6526 6527 6578
f 6526 6578 6577
f 6536 6551 6548
f 6536 6555 6552
f 6536 6552 6551
f 6559 6557 6536
f 6536 6557 6555
f 6563 6560 6536
f 6536 6560 6559
f 6536 6564 6563
f 6536 6568 6566
f 6536 6566 6564
f 6536 6571 6570
f 6536 6570 6568
f 6536 6575 6573
f 6536 6573 6571
f 6526 6577 6536
f 6536 6577 6575
f 6523 6525 6536
f 6536 6525 6526
f 6536 6529 6523
f 6532 6530 6536
f 6536 6530 6529
f 6520 6534 6536
f 6536 6534 6532
f 6540 6538 6536
f 6536 6542 6540
f 6546 6544 6536
f 6536 6544 6542
f 6536 6548 6546
f 6579 5924 6130
f 6130 5632 6579
f 6580 6130 5924
f 5926 5927 6581
f 5926 6581 6582
f 6151 6152 6153
f 6092 6143 6146
f 6092 6146 6581
f 6581 6146 6150
f 6581 6150 6151
f 6581 6151 6582
f 6582 6151 6153
f 6582 6153 6154
f 6582 6154 6155
f 6582 6155 6580
f 6580 6155 6130
f 5927 6092 6581
f 5926 6582 5925
f 5925 6582 6580
f 5925 6580 5924
f 5928 5924 6579
f 6088 5928 6579
f 5633 6579 5632
f 6087 6088 6579
f 6579 5633 6583
f 6579 6583 6087
f 6087 6583 6086
f 5633 5636 6583
f 6086 6583 6085
f 6084 6085 6583
f 6083 6084 6583
f 6083 6583 5636
f 5636 5637 6083
f 6083 5637 6081
f 6083 6081 6082
f 6584 6080 6081
f 6584 6081 5639
f 5639 6081 5637
f 6080 6584 6079
f 6079 6584 6078
f 6075 6078 6584
f 6077 6076 6075
f 6077 6075 6585
f 6585 6075 6584
f 6585 6584 5774
f 5774 6584 5639
f 6077 6585 4780
f 6585 5774 5543
f 4780 6585 6586
f 4774 4776 4772
f 4756 4758 4753
f 4741 4743 4740
f 4720 4724 4723
f 4716 4719 4720
f 4706 4707 4709
f 4704 4703 4699
f 4685 4689 4687
f 4684 4683 4680
f 4653 4654 4656
f 4645 4643 4646
f 5806 6587 5510
f 5510 6587 5593
f 5536 5534 6588
f 5536 6588 6589
f 5536 6589 5585
f 5585 6589 5584
f 5584 6590 5582
f 5582 6590 5580
f 5578 6591 5575
f 5575 6591 6592
f 5575 6592 5574
f 5567 6593 5565
f 5565 6593 6594
f 5565 6594 5562
f 5562 6594 6595
f 5562 6595 5560
f 5560 6595 5557
f 6585 5543 6586
f 6586 5543 5542
f 6586 5542 6596
f 6596 5542 5544
f 6596 5544 6597
f 6597 5544 5537
f 6597 5537 6598
f 6598 5537 6599
f 6599 5537 5538
f 5538 5550 6600
f 6600 5550 5552
f 6600 5552 6601
f 6601 5552 5555
f 6601 5555 6602
f 6602 5555 5557
f 6602 5557 6603
f 6603 5557 6595
f 6593 5567 6604
f 6604 5567 5569
f 6604 5569 6605
f 6605 5569 5571
f 6605 5571 6606
f 6606 5571 5574
f 6606 5574 6607
f 6607 5574 6592
f 6591 5578 6608
f 6608 5578 5580
f 6608 5580 6609
f 6609 5580 6590
f 6590 5584 6610
f 6610 5584 6589
f 6588 5534 6611
f 6611 5534 5589
f 6611 5589 6612
f 6612 5589 5590
f 5590 5593 6613
f 6613 5593 6587
f 6587 5806 6614
f 6614 5806 5594
f 6614 5594 6615
f 6586 6596 4772
f 6597 6598 4764
f 6599 5538 4752
f 4752 5538 6600
f 4737 6602 6603
f 6603 6595 4730
f 4730 6595 6594
f 4730 6594 4726
f 4726 6594 6593
f 4726 6593 6616
f 6616 6593 6604
f 6607 6592 6591
f 6607 6591 4696
f 4696 6591 6608
f 6609 6590 6617
f 6617 6590 6610
f 6610 6589 6618
f 6618 6589 6588
f 6618 6588 6619
f 6619 6588 6611
f 6612 5590 4656
f 4656 5590 6613
f 6613 6587 4646
f 4646 6587 6614
f 4780 6586 4777
f 4777 6586 4776
f 4776 6586 4772
f 4770 4772 6596
f 4770 6596 4767
f 4767 6596 4766
f 4766 6596 6597
f 4766 6597 4763
f 4763 6597 4764
f 4764 6598 4759
f 4759 6598 4758
f 4758 6598 6599
f 4758 6599 4753
f 4753 6599 4752
f 4752 6600 4750
f 4750 6600 4747
f 4747 6600 6601
f 4747 6601 4746
f 4746 6601 4743
f 4743 6601 6602
f 4743 6602 4740
f 4740 6602 4737
f 4737 6603 4736
f 4736 6603 4733
f 4733 6603 4730
f 4733 4730 4732
f 4727 4730 4726
f 4723 4726 6616
f 4723 6616 4720
f 4720 6616 6604
f 4720 6604 4716
f 4716 6604 6605
f 4716 6605 4713
f 4713 6605 4712
f 4712 6605 6606
f 4712 6606 4709
f 4709 6606 4706
f 4706 6606 6607
f 4706 6607 4703
f 4703 6607 4699
f 4699 6607 4698
f 4698 6607 4696
f 4693 4696 6608
f 4693 6608 4692
f 4692 6608 4689
f 4689 6608 6609
f 4689 6609 4687
f 4687 6609 6617
f 4687 6617 4683
f 4683 6617 4680
f 4680 6617 6610
f 4680 6610 4678
f 4678 6610 4677
f 4677 6610 6618
f 4677 6618 4674
f 4674 6618 4672
f 4672 6618 6619
f 4672 6619 4669
f 4669 6619 4667
f 4667 6619 6611
f 4667 6611 4666
f 4666 6611 4663
f 4663 6611 6612
f 4663 6612 4661
f 4661 6612 4659
f 4659 6612 4656
f 4656 6613 4653
f 4653 6613 4651
f 4651 6613 4646
f 4651 4646 4648
f 4646 6614 4645
f 4645 6614 4641
f 4641 6614 6615
f 4641 6615 4638
f 4638 6615 4637
f 4637 6615 4635
f 6620 4635 6615
f 6620 6615 5594
f 4633 4635 6620
f 6621 4633 6620
f 6621 6620 5598
f 5598 6620 5594
f 4631 4633 6621
f 4598 4597 4599
f 4604 4607 4602
f 4605 4610 4611
f 4611 4613 4615
f 4611 4615 4617
f 4617 4619 4621
f 4623 4625 4627
f 4629 4631 4627
f 6622 4598 4599
f 6622 4599 6623
f 6623 4599 4602
f 6623 4602 6624
f 6624 4602 6625
f 6625 4602 4607
f 6625 4607 6626
f 6626 4607 4605
f 6626 4605 4611
f 4611 4617 6627
f 6627 4617 4621
f 4621 4623 6628
f 6628 4623 4627
f 6628 4627 6629
f 6629 4627 4631
f 6629 4631 6621
f 6626 4611 6627
f 6194 6627 4621
f 6194 4621 6628
f 6202 6622 6623
f 6202 6623 6624
f 6202 6624 6201
f 6201 6624 6625
f 6201 6625 6200
f 6200 6625 6626
f 6200 6626 6197
f 6197 6626 6627
f 6197 6627 6194
f 6194 6628 6165
f 6165 6628 6629
f 6165 6629 5598
f 5598 6629 6621
f 6007 6005 6006
f 6009 6010 6011
f 6012 6013 6011
f 6014 6015 6016
f 6016 6017 6018
f 6020 6021 6022
f 6020 6022 4598
f 6005 6007 6630
f 6630 6007 6631
f 6631 6007 6008
f 6631 6008 6009
f 6631 6009 6632
f 6632 6009 6011
f 6632 6011 6633
f 6633 6011 6013
f 6633 6013 6634
f 6634 6013 6014
f 6634 6014 6016
f 6016 6018 6635
f 6635 6018 6019
f 6635 6019 6020
f 6635 6020 6622
f 6622 6020 4598
f 6634 6016 6456
f 6456 6016 6635
f 6456 6635 6217
f 6217 6635 6205
f 6205 6635 6622
f 5237 6630 6631
f 5237 6631 6172
f 6172 6631 6632
f 6172 6632 6168
f 6168 6632 6633
f 6168 6633 6634
f 6168 6634 6167
f 6167 6634 6456
f 6205 6622 6202
f 5931 5929 6038
f 5929 5930 5932
f 5934 5935 5933
f 5935 5936 5937
f 5937 5938 5939
f 5940 5942 5939
f 5943 5944 5945
f 5946 6636 5945
f 6636 5946 5947
f 5948 6637 6636
f 5945 6636 6638
f 5945 6638 5943
f 5943 6638 6639
f 5943 6639 5941
f 5941 6639 5942
f 5942 6640 5939
f 5939 6640 6641
f 5939 6641 5937
f 5937 6641 5935
f 5935 6642 5933
f 5933 6642 5932
f 5932 6642 5929
f 5929 6643 6038
f 6639 6640 5942
f 6641 6644 5935
f 5935 6644 5291
f 5935 5291 6642
f 6642 5182 5929
f 5929 5182 6643
f 6637 5282 6636
f 6636 5282 5286
f 6636 5286 6638
f 6638 5286 6639
f 6639 5286 5288
f 6639 5288 6640
f 6640 5288 5185
f 6640 5185 6641
f 6641 5185 5186
f 6641 5186 6644
f 6642 5291 5182
f 5182 5183 6643
f 5282 5284 5286
f 6644 5186 5291
f 6636 5947 5948
f 5949 5950 5951
f 5953 5954 5955
f 5957 5958 5959
f 5957 5959 6645
f 6645 5959 5960
f 5961 5962 5963
f 5963 5965 5964
f 5967 5968 5966
f 5968 5969 5970
f 5970 5971 5973
f 5973 5972 5974
f 5974 5975 5976
f 5980 5981 5982
f 5985 5986 5984
f 5986 5987 5988
f 5992 5993 5994
f 5997 5998 5996
f 5999 6000 6001
f 6002 6003 6004
f 5266 6646 5264
f 5248 5246 6647
f 5248 6647 5245
f 5240 6648 5238
f 6637 5948 5949
f 6637 5949 6649
f 6649 5949 5951
f 6649 5951 6650
f 6650 5951 5952
f 6650 5952 5953
f 6650 5953 6651
f 6651 5953 5955
f 6651 5955 6652
f 6652 5955 5956
f 6652 5956 5957
f 6652 5957 6645
f 6645 5960 5961
f 6653 5961 5963
f 6653 5963 6654
f 6654 5963 5964
f 6654 5964 5966
f 6654 5966 6655
f 6655 5966 5968
f 6655 5968 5970
f 6655 5970 6656
f 6656 5970 5973
f 6656 5973 6657
f 6657 5973 5974
f 6657 5974 6658
f 6658 5974 5976
f 6658 5976 6659
f 6659 5976 5978
f 6659 5978 5977
f 6659 5977 6660
f 6660 5977 5979
f 6660 5979 6661
f 6661 5979 5980
f 6661 5980 6662
f 6662 5980 5982
f 5982 5983 6663
f 6663 5983 5984
f 6663 5984 5986
f 5988 5989 6664
f 6664 5989 5990
f 6664 5990 5991
f 6664 5991 6665
f 6665 5991 5992
f 6665 5992 6666
f 6666 5992 5994
f 6666 5994 5995
f 6666 5995 5996
f 5998 5999 6667
f 6667 5999 6001
f 6667 6001 6668
f 6668 6001 6002
f 6668 6002 6669
f 6669 6002 6004
f 6669 6004 6630
f 6630 6004 6005
f 6652 6645 5273
f 5273 6645 5961
f 5273 5961 5271
f 5271 5961 6653
f 6646 6655 6656
f 6662 5982 6663
f 6663 5986 6647
f 6647 5986 5988
f 6647 5988 6664
f 6666 5996 6648
f 6648 5996 5998
f 6648 5998 5238
f 5238 5998 6667
f 5282 6637 6649
f 5282 6649 5278
f 5278 6649 6650
f 5278 6650 5277
f 5277 6650 6651
f 5277 6651 5275
f 5275 6651 6652
f 5275 6652 5273
f 5271 6653 5269
f 5269 6653 6654
f 5269 6654 6655
f 5269 6655 5266
f 5266 6655 6646
f 6646 6656 5264
f 5264 6656 6657
f 5264 6657 5261
f 5261 6657 6658
f 5261 6658 5258
f 5258 6658 6659
f 5258 6659 5257
f 5257 6659 6660
f 5257 6660 5252
f 5252 6660 6661
f 5252 6661 6662
f 5252 6662 5251
f 5251 6662 6663
f 5251 6663 5246
f 5246 6663 6647
f 6647 6664 5245
f 5245 6664 6665
f 5245 6665 5243
f 5243 6665 6666
f 5243 6666 5240
f 5240 6666 6648
f 5238 6667 5188
f 5188 6667 6668
f 5188 6668 6669
f 5188 6669 5191
f 5191 6669 6630
f 5191 6630 5237
f 6024 6026 6027
f 6034 6035 6036
f 6037 6038 6036
f 6023 6024 5204
f 5204 6024 6027
f 6027 6028 6029
f 6029 6030 5200
f 5200 6030 6031
f 5200 6031 6032
f 5200 6032 6670
f 6670 6032 6033
f 6670 6033 6034
f 6671 6034 6036
f 6671 6036 6038
f 6671 6038 6643
f 5470 6023 5204
f 5204 6027 5202
f 5202 6027 6029
f 5202 6029 5200
f 5199 5200 6670
f 5199 6670 6034
f 5199 6034 5196
f 5196 6034 6671
f 5196 6671 5183
f 5183 6671 6643
f 6116 6118 6093
f 6095 6093 6098
f 6119 6072 6073
f 6072 6119 6121
f 6118 6119 6073
f 6118 6073 6093
f 6093 6073 6074
f 6093 6074 6098
f 6039 6672 6074
f 6672 6113 6098
f 6672 6098 6074
f 6098 6113 6097
f 5470 6113 6023
f 6023 6113 6672
f 6023 6672 6025
f 6025 6672 6039
f 5652 5654 5834
f 5657 5655 5822
f 5820 5655 5818
f 5818 5655 5658
f 5645 5647 5857
f 5648 5852 5647
f 5586 5650 5845
f 5650 5843 5845
f 5840 5843 5650
f 5649 5847 5849
f 5849 5852 5648
f 5649 5849 5648
f 5586 5845 5847
f 5586 5847 5649
f 5647 5852 5853
f 5647 5853 5856
f 5645 5857 5859
f 5647 5856 5857
f 5645 5859 5641
f 5641 5859 5862
f 5641 5862 5643
f 5643 5862 5865
f 5818 5658 5816
f 5644 5811 5658
f 5658 5811 5816
f 5657 5822 5824
f 5657 5824 5825
f 5655 5820 5822
f 5657 5825 5653
f 5653 5825 5828
f 5653 5828 5830
f 5653 5830 5654
f 5654 5830 5832
f 5654 5832 5834
f 5652 5834 5835
f 5652 5836 5651
f 5651 5836 5838
f 5652 5835 5836
f 5643 5865 5813
f 5643 5813 5644
f 5644 5813 5811
f 5651 5838 5840
f 5651 5840 5650
f 5315 5314 5907
f 5305 5306 5902
f 5305 5902 5901
f 5305 5900 5304
f 5304 5900 5918
f 5305 5901 5900
f 5898 5301 5899
f 5304 5899 5301
f 5301 5919 5302
f 5301 5898 5919
f 5304 5918 5899
f 5302 5920 5897
f 5897 5303 5302
f 5298 5896 5895
f 5897 5896 5303
f 5303 5896 5298
f 5921 5297 5895
f 5297 5921 5922
f 5923 5296 5922
f 5922 5296 5297
f 5298 5895 5297
f 5919 5920 5302
f 5296 5905 5314
f 5315 5907 5908
f 5314 5905 5906
f 5314 5906 5907
f 5331 5909 5312
f 5312 5911 5313
f 5313 5911 5912
f 5910 5911 5312
f 5909 5910 5312
f 5315 5908 5331
f 5331 5908 5909
f 5912 5913 5313
f 5311 5914 5915
f 5313 5913 5914
f 5313 5914 5311
f 5916 5308 5311
f 5306 5904 5903
f 5308 5916 5917
f 5308 5917 5306
f 5306 5917 5904
f 5916 5311 5915
f 5296 5923 5905
f 5306 5903 5902
f 5055 6492 5051
f 5051 6492 6495
f 6461 5053 6463
f 5051 6463 5053
f 5051 6495 6463
f 6496 6499 5046
f 5046 6499 6500
f 5046 6500 5048
f 6461 6496 5053
f 5053 6496 5046
f 5048 6504 6506
f 5048 6506 5050
f 5050 6508 5045
f 5045 6508 6510
f 6506 6508 5050
f 6514 5044 6512
f 5045 6512 5044
f 6516 5042 6514
f 5042 6516 6517
f 5044 6514 5042
f 5045 6510 6512
f 5048 6500 6504
f 5043 6467 5061
f 6467 6470 5061
f 6473 5062 6472
f 6472 5062 5061
f 5061 6470 6472
f 6478 5063 6476
f 6476 5063 5062
f 6476 5062 6473
f 5063 6480 5064
f 6482 5064 6480
f 5063 6478 6480
f 6485 5065 6482
f 6482 5065 5064
f 5065 6487 5059
f 5065 6485 6487
f 5059 6466 6464
f 5059 6464 5058
f 5058 6491 5055
f 5058 6464 6491
f 5059 6487 6466
f 5042 6517 5043
f 5043 6517 6467
f 5055 6491 6492
f 5038 5013 6522
f 5025 5026 6550
f 6550 6553 5025
f 5025 6554 5020
f 5020 6554 6556
f 5025 6553 6554
f 6561 5019 6558
f 5020 6558 5019
f 5019 6562 5021
f 5019 6561 6562
f 5020 6556 6558
f 6565 6567 5021
f 5021 6567 5022
f 5022 6569 5023
f 5023 6569 6572
f 5022 6567 6569
f 6576 5017 6574
f 6574 5017 5023
f 5014 6578 6527
f 5017 6576 5014
f 5014 6576 6578
f 5023 6572 6574
f 6562 6565 5021
f 5013 6527 6524
f 5013 6524 6522
f 5038 6528 5039
f 5038 6522 6528
f 6531 6533 5039
f 5039 6533 5035
f 5035 6533 6521
f 5035 6519 5034
f 5035 6521 6519
f 6528 6531 5039
f 5034 6537 5037
f 5034 6535 6537
f 5037 6539 5030
f 6539 6541 5030
f 5037 6537 6539
f 5030 6543 5032
f 6545 5029 5032
f 5032 6543 6545
f 6549 5026 5029
f 5029 6547 6549
f 6545 6547 5029
f 5030 6541 6543
f 6519 6535 5034
f 5014 6527 5013
f 5026 6549 6550
f 5066 5135 5067
f 5134 5118 5067
f 5134 5067 5135
f 5118 5134 5140
f 5118 5140 5117
f 5139 5117 5140
f 5122 5123 5138
f 5138 5123 5139
f 5139 5123 5117
f 5122 5138 5148
f 5122 5148 5121
f 5147 5120 5121
f 5147 5121 5148
f 5120 5147 5146
f 5120 5146 5119
f 5154 5079 5119
f 5154 5119 5146
f 5079 5154 5153
f 5079 5153 5081
f 5152 5083 5081
f 5152 5081 5153
f 5083 5152 5160
f 5083 5160 5084
f 5159 5086 5084
f 5159 5084 5160
f 5086 5159 5158
f 5086 5158 5088
f 5165 5090 5088
f 5165 5088 5158
f 5090 5165 5164
f 5090 5164 5092
f 5163 5094 5092
f 5163 5092 5164
f 5094 5163 5162
f 5094 5162 5096
f 5161 5097 5096
f 5161 5096 5162
f 5097 5161 5099
f 5099 5161 5157
f 5156 5101 5157
f 5157 5101 5099
f 5103 5101 5156
f 5127 5155 5151
f 5127 5103 5155
f 5155 5103 5156
f 5125 5150 5149
f 5125 5126 5150
f 5150 5126 5151
f 5151 5126 5127
f 5115 5143 5142
f 5115 5124 5143
f 5143 5124 5149
f 5149 5124 5125
f 5114 5116 5141
f 5141 5116 5142
f 5142 5116 5115
f 5114 5141 5133
f 5114 5133 5131
f 5114 5131 5113
f 6673 6675 6674
f 6676 6677 6675
f 6675 6673 6678
f 6675 6678 6679
f 6680 6681 6675
f 6675 6681 6682
f 6675 6682 6683
f 6683 6684 6675
f 6675 6684 6685
f 6686 6687 6675
f 6688 6689 6675
f 6690 6691 6675
f 6675 6691 6674
f 6675 6679 6680
f 6692 6675 6693
f 6694 6695 6675
f 6675 6697 6696
f 6675 6696 6698
f 6675 6698 6699
f 6675 6699 6700
f 6675 6700 6701
f 6675 6701 6702
f 6675 6689 6676
f 6677 6703 6675
f 6675 6703 6704
f 6704 6705 6675
f 6675 6705 6706
f 6675 6708 6707
f 6707 6709 6675
f 6675 6709 6690
f 6685 6710 6675
f 6675 6710 6711
f 6675 6711 6712
f 6675 6712 6713
f 6687 6714 6675
f 6675 6714 6693
f 6715 6716 6675
f 6695 6717 6675
f 6675 6717 6718
f 6675 6718 6719
f 6675 6719 6720
f 6675 6720 6721
f 6721 6722 6675
f 6675 6722 6697
f 6675 6702 6723
f 6724 6725 6675
f 6675 6725 6726
f 6675 6726 6688
f 6706 6727 6675
f 6675 6727 6728
f 6675 6713 6686
f 6675 6716 6729
f 6675 6729 6730
f 6675 6730 6694
f 6675 6732 6731
f 6675 6692 6733
f 6733 6734 6675
f 6675 6734 6735
f 6675 6735 6736
f 6675 6737 6715
f 6723 6738 6675
f 6675 6738 6724
f 6675 6731 6739
f 6736 6740 6675
f 6675 6740 6741
f 6742 6743 6675
f 6675 6743 6737
f 6675 6728 6744
f 6675 6744 6745
f 6675 6745 6746
f 6675 6746 6732
f 6739 6747 6675
f 6675 6747 6748
f 6749 6675 6750
f 6749 6751 6675
f 6675 6751 6752
f 6675 6752 6753
f 6753 6754 6675
f 6675 6754 6708
f 6755 6675 6756
f 6675 6755 6757
f 6675 6748 6758
f 6758 6759 6675
f 6675 6759 6760
f 6761 6763 6762
f 6757 6764 6675
f 6675 6764 6742
f 6760 6765 6675
f 6675 6765 6766
f 6766 6767 6675
f 6675 6767 6768
f 6761 6769 6763
f 6763 6769 6770
f 6770 6771 6763
f 6763 6771 6772
f 6741 6763 6675
f 6675 6763 6772
f 6768 6773 6675
f 6675 6773 6774
f 6675 6774 6750
f 6775 6776 6763
f 6763 6776 6777
f 6763 6777 6762
f 4907 6677 4916
f 4916 6677 6676
f 4916 6676 4918
f 4918 6676 6689
f 4918 6689 4921
f 4921 6689 6688
f 4921 6688 4928
f 4928 6688 6726
f 4928 6726 4925
f 4925 6726 6725
f 4925 6725 4871
f 4871 6725 6724
f 4871 6724 4868
f 4868 6724 6738
f 4868 6738 4865
f 4865 6738 6723
f 4865 6723 4876
f 4876 6723 6702
f 4876 6702 4873
f 4873 6702 6701
f 4873 6701 4872
f 4872 6701 6700
f 4872 6700 4933
f 4933 6700 6699
f 4933 6699 6698
f 4933 6698 4932
f 4932 6698 6696
f 4932 6696 4940
f 4940 6696 6697
f 4940 6697 4939
f 4939 6697 6722
f 4939 6722 5008
f 5008 6722 6721
f 5008 6721 4977
f 4977 6721 6720
f 4977 6720 4973
f 4973 6720 6719
f 4973 6719 6718
f 4973 6718 4972
f 4972 6718 6717
f 4972 6717 4985
f 4985 6717 4982
f 4982 6717 6695
f 4982 6695 4994
f 4994 6695 6694
f 4994 6694 4990
f 4990 6694 6730
f 4990 6730 4989
f 4989 6730 6729
f 4989 6729 4999
f 4999 6729 6716
f 4999 6716 4967
f 4967 6716 6715
f 4967 6715 4964
f 4964 6715 6737
f 4964 6737 4952
f 4952 6737 6743
f 4952 6743 4949
f 4949 6743 6742
f 4949 6742 4946
f 4946 6742 6764
f 4946 6764 6757
f 4946 6757 4958
f 4958 6757 6755
f 4958 6755 4956
f 4956 6755 4855
f 4855 6755 6756
f 4855 6756 4804
f 4804 6756 6675
f 6677 4907 6703
f 6703 4907 4906
f 6703 4906 6704
f 6704 4906 4905
f 6704 4905 6705
f 6705 4905 4904
f 6705 4904 6706
f 6706 4904 6727
f 6727 4904 4903
f 6727 4903 4902
f 6727 4902 6728
f 6728 4902 4901
f 6728 4901 6744
f 6744 4901 4899
f 6744 4899 6745
f 6745 4899 4900
f 6745 4900 6746
f 6746 4900 6732
f 6732 4900 4915
f 6732 4915 6731
f 6731 4915 4914
f 6731 4914 6739
f 6739 4914 4913
f 6739 4913 6747
f 6747 4913 4912
f 6747 4912 6748
f 6748 4912 4911
f 6748 4911 4887
f 6748 4887 6758
f 6758 4887 4886
f 6758 4886 6759
f 6759 4886 4883
f 6759 4883 6760
f 6760 4883 4884
f 6760 4884 4885
f 6760 4885 6765
f 6765 4885 6766
f 6766 4885 4898
f 6766 4898 6767
f 6767 4898 4847
f 6767 4847 6768
f 6768 4847 4846
f 6768 4846 6773
f 6773 4846 4833
f 6773 4833 6774
f 6774 4833 4831
f 6774 4831 6750
f 6750 4831 4788
f 6750 4788 6749
f 6749 4788 4836
f 6749 4836 6751
f 6751 4836 4834
f 6751 4834 6752
f 6752 4834 4835
f 6752 4835 6753
f 6753 4835 4782
f 6753 4782 6754
f 6754 4782 4792
f 6754 4792 4793
f 6754 4793 6708
f 6708 4793 4802
f 6708 4802 6707
f 6707 4802 4784
f 6707 4784 6709
f 6709 4784 4785
f 6709 4785 6690
f 6690 4785 4801
f 6690 4801 6691
f 6691 4801 4799
f 6691 4799 6674
f 6674 4799 4800
f 6674 4800 6673
f 6673 4800 4840
f 6673 4840 6678
f 6678 4840 6679
f 6679 4840 4839
f 6679 4839 6680
f 6680 4839 4838
f 6680 4838 6681
f 6681 4838 4817
f 6681 4817 6682
f 6682 4817 4816
f 6682 4816 6683
f 6683 4816 4815
f 6683 4815 6684
f 6684 4815 4814
f 6684 4814 6685
f 6685 4814 4813
f 6685 4813 6710
f 6710 4813 4812
f 6710 4812 6711
f 6711 4812 4794
f 6711 4794 6712
f 6712 4794 4795
f 6712 4795 6713
f 6713 4795 4796
f 6713 4796 6686
f 6686 4796 4797
f 6686 4797 4809
f 6686 4809 6687
f 6687 4809 4810
f 6687 4810 6714
f 6714 4810 4811
f 6714 4811 6693
f 6693 4811 4830
f 6693 4830 6692
f 6692 4830 4827
f 6692 4827 6733
f 6733 4827 4828
f 6733 4828 6734
f 6734 4828 4829
f 6734 4829 6735
f 6735 4829 4841
f 6735 4841 6736
f 6736 4841 4805
f 6736 4805 4806
f 6736 4806 6740
f 6740 4806 4807
f 6740 4807 6741
f 6741 4807 4808
f 6741 4808 6763
f 6763 4808 4837
f 6763 4837 6775
f 6775 4837 4825
f 6775 4825 6776
f 6776 4825 4826
f 6776 4826 6777
f 6777 4826 4824
f 6777 4824 6762
f 6762 4824 4822
f 6762 4822 6761
f 6761 4822 4823
f 6761 4823 6769
f 6769 4823 4818
f 6769 4818 6770
f 6770 4818 4819
f 6770 4819 6771
f 6771 4819 4820
f 6771 4820 6772
f 6772 4820 4803
f 6772 4803 6675
f 6675 4803 4804

