v 0.05907105 0.13091876 0.00476222
v 0.05698103 0.13091333 0.00578913
v 0.05666323 0.13089789 0.00551292
v 0.05914720 0.13091828 0.00546960
v 0.05747345 0.13091733 0.00673158
v 0.05726688 0.13091764 0.00619434
v 0.05901267 0.13091828 0.00676759
v 0.05884966 0.13091828 0.00806231
v 0.05755082 0.13090919 0.00745813
v 0.05637728 0.13091812 0.00510819
v 0.05596300 0.13091825 0.00474327
v -0.03495830 0.13091834 0.04816972
v -0.04024458 0.13090575 0.04183124
v -0.03117011 0.13091820 0.04918146
v -0.04302472 0.13091829 0.04103357
v -0.05759697 0.13076767 0.00374129
v -0.05651543 0.13090961 0.01366797
v -0.05959756 0.13078623 0.00373074
v -0.05882680 0.13091829 0.00851784
v 0.05235649 0.13091829 0.02813931
v 0.04710961 0.13091831 0.03630161
v 0.05051702 0.13091645 0.02892984
v -0.04812835 0.13091829 0.03488010
v -0.05062245 0.13091472 0.02898254
v -0.00645278 0.13091829 0.05908546
v -0.01575128 0.13091831 0.05734678
v -0.00461879 0.13090611 0.05790994
v -0.02508580 0.13091829 0.05390232
v -0.02030495 0.13091528 0.05457098
v -0.05716795 0.13091829 0.01633829
v 0.05866420 0.13092037 0.00935447
v 0.05725496 0.13091792 0.01040962
v 0.05737434 0.13091785 0.00949778
v 0.05753244 0.13090844 0.00816728
v 0.05736070 0.13087167 0.00851904
v 0.05674782 0.13091834 0.01795696
v 0.05494750 0.13090862 0.01872196
v 0.04092722 0.13091719 0.04174099
v 0.01876716 0.13091831 0.05643337
v 0.01125619 0.13091828 0.05834840
v 0.01152049 0.13090698 0.05695374
v 0.00235061 0.13091831 0.05942399
v -0.05342757 0.13091832 0.02617254
v 0.02943963 0.13091834 0.05172500
v 0.02606953 0.13091208 0.05201748
v 0.03968469 0.13091832 0.04432223
v 0.05263630 0.12300242 0.00422753
v 0.05313412 0.12356285 0.00472989
v 0.05223892 0.12291909 0.00704505
v 0.05475087 0.12518315 0.00476765
v 0.05616045 0.12664007 0.00543742
v 0.05724820 0.12792003 0.00753257
v 0.05096702 0.12292065 0.01362787
v 0.05601390 0.12791853 0.01392912
v 0.05402780 0.12791871 0.02037209
v 0.04867939 0.12291980 0.02024103
v 0.05086383 0.12791672 0.02732459
v 0.04623019 0.12297732 0.02547722
v 0.04755129 0.12791851 0.03271485
v 0.04292800 0.12291917 0.03063063
v 0.04342762 0.12791663 0.03804876
v 0.03657597 0.12291984 0.03805720
v 0.03839345 0.12791927 0.04310639
v 0.03348546 0.12791942 0.04702777
v 0.02899104 0.12292058 0.04407518
v 0.02718300 0.12791798 0.05094898
v 0.02253667 0.12291908 0.04768077
v 0.02015982 0.12791680 0.05409373
v 0.01588255 0.12291919 0.05027083
v 0.01297000 0.12792002 0.05626423
v 0.00931161 0.12291951 0.05191460
v 0.00674203 0.12791859 0.05732108
v 0.00335579 0.12296992 0.05266311
v -0.00011859 0.12791787 0.05774584
v -0.00196215 0.12291937 0.05268046
v 0.05228182 0.12296000 -0.00720607
v 0.05720861 0.12778388 -0.00647247
v 0.05540266 0.12579136 -0.00438606
v 0.05317385 0.12356260 -0.00427002
v 0.00218077 0.12791853 -0.05767874
v 0.00744013 0.12791762 -0.05724410
v 0.00498190 0.12292017 -0.05255366
v 0.01161514 0.12791800 -0.05653417
v 0.01460886 0.12291955 -0.05069815
v 0.01692164 0.12791896 -0.05520381
v 0.02105958 0.12297010 -0.04840211
v 0.02381473 0.12791733 -0.05260680
v 0.02718691 0.12292081 -0.04521308
v 0.02953991 0.12791967 -0.04960361
v 0.03541323 0.12791738 -0.04561111
v 0.03419814 0.12291968 -0.04018887
v 0.03977631 0.12791769 -0.04181747
v 0.04349219 0.12791979 -0.03797614
v 0.04019976 0.12292032 -0.03413547
v 0.04776967 0.12791839 -0.03241797
v 0.04458898 0.12292038 -0.02822539
v 0.05017325 0.12791830 -0.02852036
v 0.05269549 0.12791815 -0.02359444
v 0.04857569 0.12292032 -0.02053004
v 0.05525282 0.12791789 -0.01677473
v 0.05071401 0.12291966 -0.01445056
v 0.05670142 0.12791862 -0.01080623
v 0.05679979 0.13091466 -0.00498853
v 0.05904802 0.13091828 -0.00424409
v 0.05642112 0.13091816 -0.00456195
v 0.05725719 0.13091721 -0.00561355
v 0.05924146 0.13091840 -0.00421541
v 0.05907017 0.13091828 -0.00625575
v 0.05919323 0.13091828 -0.00495662
v 0.05755266 0.13091765 -0.00628583
v 0.05766265 0.13092048 -0.00696983
v 0.05600459 0.13091825 -0.00425827
v 0.05764071 0.13091767 -0.00756502
v 0.05891860 0.13091828 -0.00755186
v 0.01575128 0.13091831 -0.05735626
v 0.02600070 0.13091834 -0.05354614
v 0.01717133 0.13091703 -0.05574977
v 0.00336893 0.13091834 -0.05943006
v -0.00097663 0.13091953 -0.05857918
v 0.04172542 0.13091831 -0.04239517
v 0.04758657 0.13091335 -0.03341945
v 0.03983388 0.13090913 -0.04229399
v 0.04812835 0.13091829 -0.03488958
v 0.05342757 0.13091832 -0.02618203
v 0.05716795 0.13091829 -0.01634778
v 0.05350320 0.13091615 -0.02286921
v 0.05672281 0.13080640 -0.01087147
v 0.05853306 0.13091935 -0.01013307
v 0.03002634 0.13090755 -0.04965368
v 0.03530870 0.13091829 -0.04782300
v -0.05273205 0.13091831 -0.02751468
v -0.04710961 0.13091831 -0.03631110
v -0.04973795 0.13091481 -0.03022555
v -0.03916966 0.13091473 -0.04331577
v -0.05948868 0.13090163 -0.00426946
v -0.05619619 0.13091673 -0.01542457
v -0.05758491 0.13086288 -0.00425942
v -0.03968469 0.13091832 -0.04433171
v -0.03246460 0.13091829 -0.04979948
v -0.02380341 0.13091832 -0.05453168
v -0.02677296 0.13090576 -0.05147513
v -0.05680142 0.13091831 -0.01763708
v -0.01127921 0.13091841 -0.05850463
v -0.01666347 0.13091315 -0.05567188
v 0.05978316 0.13041829 -0.00374416
v -0.05994756 0.13041185 -0.00026804
v -0.05933560 0.13041973 -0.00888786
v -0.05969521 0.13062049 -0.00140367
v -0.05918912 0.13041478 0.00982115
v 0.05847226 0.13041367 -0.01346827
v 0.05970782 0.13042068 -0.00500142
v 0.05490363 0.13041419 -0.02415580
v 0.04888420 0.13041744 -0.03482891
v 0.04163486 0.13042076 -0.04312736
v 0.03560591 0.13042076 -0.04822549
v 0.02789685 0.13041548 -0.05312409
v 0.01793265 0.13041717 -0.05721884
v 0.01025262 0.13041711 -0.05905096
v 0.00256855 0.13042076 -0.05989150
v -0.00417599 0.13041711 -0.05978879
v -0.01200351 0.13041717 -0.05874952
v -0.02023065 0.13042194 -0.05641590
v -0.02748244 0.13042201 -0.05329333
v -0.03423170 0.13042194 -0.04919507
v -0.04004318 0.13042317 -0.04461129
v -0.04588927 0.13042201 -0.03859403
v -0.05214666 0.13041987 -0.02971949
v -0.05680534 0.13042201 -0.01919098
v 0.05964508 0.13041829 0.00551568
v 0.05975076 0.13041829 0.00422100
v -0.05684232 0.13041711 0.01898268
v -0.05387942 0.13041717 0.02630193
v -0.04929454 0.13042076 0.03409908
v -0.04375667 0.13041367 0.04105163
v -0.03560591 0.13042076 0.04821601
v -0.02731212 0.13042036 0.05341386
v -0.01793265 0.13041717 0.05720936
v -0.01025262 0.13041711 0.05904147
v -0.00256855 0.13042076 0.05988202
v 0.00417599 0.13041711 0.05977931
v 0.01200351 0.13041717 0.05874004
v 0.02147504 0.13042201 0.05597544
v 0.02805379 0.13041711 0.05295332
v 0.03478792 0.13041717 0.04883002
v 0.04205073 0.13041419 0.04276697
v 0.04871926 0.13041717 0.03494475
v 0.05362923 0.13041419 0.02685766
v 0.05749996 0.13041419 0.01706677
v 0.05935849 0.13042532 0.00813355
v 0.05950941 0.13041829 0.00682459
v 0.05266902 0.12291951 -0.00343457
v -0.00239608 0.12071824 0.03903816
v -0.00241879 0.12071824 0.04285564
v -0.00184272 0.12071824 0.04122908
v -0.00187656 0.12071826 0.04291260
v -0.00184027 0.12071824 0.04067291
v 0.00187522 0.12071826 0.04121282
v 0.00182610 0.12071826 0.04069044
v -0.00184704 0.12071826 0.03901396
v -0.00241184 0.11991827 0.04288360
v -0.00240621 0.11991827 0.03907361
v -0.00188269 0.11991828 0.03898364
v -0.00184026 0.11991827 0.04067291
v 0.00184380 0.11991827 0.04069613
v 0.00181455 0.11991827 0.04124523
v 0.00190799 0.11991827 0.04121699
v 0.00208136 0.11991827 0.04101357
v -0.00184272 0.11991827 0.04122908
v -0.00184989 0.11991827 0.04283643
v -0.00207756 0.11991827 0.04306174
v -0.00162641 0.11991827 0.03450325
v 0.00088107 0.11991827 0.03395405
v -0.00125125 0.11991827 0.03402176
v 0.00125635 0.11991827 0.03696730
v 0.00154135 0.11991827 0.03613891
v 0.00154868 0.11991827 0.03529179
v -0.00142881 0.11991827 0.03711142
v -0.00108851 0.11991827 0.03742093
v 0.00148014 0.11991827 0.03482750
v -0.00181777 0.11991827 0.03521449
v -0.00182336 0.11991827 0.03608749
v 0.00005334 0.11991827 0.03360911
v -0.00065168 0.11991828 0.03367088
v -0.00170543 0.11991827 0.03664532
v 0.00125175 0.11991827 0.03433808
v 0.00070172 0.11991827 0.03748206
v -0.00060887 0.11991827 0.03764947
v 0.00001436 0.11991827 0.03770138
v -0.00182105 0.12071824 0.03612519
v -0.00180171 0.12071824 0.03504365
v -0.00238881 0.12071825 0.03513927
v -0.00163663 0.12071824 0.03680356
v -0.00228668 0.12071826 0.03673940
v -0.00239664 0.12071824 0.03610966
v -0.00218909 0.12071825 0.03434499
v -0.00157859 0.12071824 0.03441241
v -0.00167443 0.12071826 0.03364848
v -0.00108320 0.12071826 0.03389156
v 0.00210403 0.12071826 0.03508991
v 0.00153887 0.12071826 0.03616435
v 0.00210481 0.12071826 0.03617527
v 0.00196471 0.12071826 0.03685134
v 0.00129360 0.12071826 0.03690568
v -0.00102092 0.12071825 0.03746024
v -0.00179513 0.12071826 0.03755037
v -0.00092619 0.12071826 0.03813352
v 0.00151965 0.12071826 0.03500108
v 0.00191529 0.12071826 0.03434287
v 0.00055472 0.12071826 0.03374888
v 0.00143269 0.12071826 0.03367394
v 0.00082186 0.12071826 0.03324616
v 0.00112339 0.12071826 0.03417937
v -0.00024399 0.12071826 0.03360568
v 0.00011976 0.12071827 0.03305613
v -0.00082667 0.12071828 0.03314610
v -0.00005690 0.12071826 0.03770620
v -0.00000513 0.12071827 0.03826390
v 0.00150865 0.12071826 0.03755424
v 0.00071463 0.12071826 0.03747572
v 0.00083074 0.12071827 0.03805559
v -0.00237907 0.11991827 0.03631128
v -0.00239178 0.11991827 0.03517892
v 0.00171120 0.11991827 0.03399462
v 0.00198614 0.11991827 0.03452259
v 0.00210478 0.11991827 0.03507901
v 0.00134933 0.11991827 0.03359801
v 0.00076478 0.11991828 0.03322525
v 0.00006707 0.11991827 0.03304989
v -0.00057450 0.11991828 0.03308282
v -0.00125606 0.11991826 0.03311133
v -0.00181808 0.11991828 0.03379776
v -0.00225644 0.11991828 0.03451144
v 0.00209441 0.11991827 0.03626901
v -0.00215040 0.11991828 0.03706251
v -0.00170654 0.11991828 0.03764104
v -0.00101990 0.11991828 0.03809809
v -0.00018756 0.11991827 0.03835690
v 0.00049690 0.11991829 0.03818405
v 0.00112761 0.11991827 0.03788400
v 0.00150532 0.11991827 0.03756099
v 0.00187628 0.11991827 0.03703812
v -0.00178604 0.11991827 0.02839213
v -0.00179469 0.11991827 0.03109755
v -0.00038718 0.11991827 0.02839831
v -0.00039933 0.11991827 0.03107519
v -0.00055824 0.11991827 0.03150181
v -0.00128929 0.11991828 0.03173486
v 0.00016899 0.11991827 0.02840076
v 0.00015982 0.11991827 0.03109753
v 0.00157909 0.11991827 0.02840699
v 0.00155778 0.11991827 0.03115210
v 0.00044578 0.11991827 0.03163362
v 0.00106489 0.11991827 0.03174924
v -0.00038718 0.12071826 0.02839831
v -0.00042016 0.12071826 0.03118853
v 0.00016899 0.12071826 0.02840076
v 0.00016185 0.12071826 0.03112712
v 0.00211316 0.12071826 0.02823106
v 0.00167994 0.12071826 0.02785129
v 0.00157909 0.12071826 0.02840699
v -0.00189303 0.12071826 0.02783594
v -0.00178605 0.12071826 0.02839213
v -0.00233227 0.12071826 0.02822059
v 0.00054494 0.12071826 0.03169870
v -0.00014744 0.12071826 0.03197559
v 0.00068036 0.12071826 0.03231557
v -0.00235718 0.12071824 0.03112267
v -0.00179529 0.12071826 0.03110019
v -0.00206208 0.12071824 0.03187797
v -0.00156046 0.12071826 0.03158395
v -0.00077951 0.12071826 0.03228788
v -0.00101383 0.12071826 0.03175740
v -0.00144088 0.12071826 0.03228044
v 0.00155110 0.12071826 0.03212873
v 0.00118373 0.12071826 0.03168854
v 0.00199469 0.12071826 0.03161867
v 0.00156323 0.12071826 0.03111874
v 0.00211759 0.12071826 0.03109334
v -0.00235503 0.11991827 0.03112756
v -0.00234732 0.11991827 0.02829705
v -0.00189632 0.11991827 0.02783646
v -0.00223446 0.11991827 0.02800142
v 0.00169611 0.11991827 0.02785382
v 0.00212932 0.11991827 0.02830151
v 0.00211717 0.11991827 0.03109666
v -0.00042200 0.11991827 0.03212192
v 0.00049925 0.11991827 0.03227745
v 0.00118842 0.11991827 0.03229566
v 0.00167443 0.11991827 0.03203696
v 0.00199935 0.11991827 0.03160462
v -0.00205892 0.11991827 0.03187542
v -0.00162033 0.11991827 0.03221509
v -0.00096997 0.11991827 0.03232288
v 0.00119425 0.12071826 0.02345183
v 0.00055522 0.12071826 0.02384263
v 0.00120580 0.12071826 0.02411656
v 0.00048083 0.12071826 0.02327844
v -0.00210470 0.12071826 0.02328655
v 0.00191609 0.12071827 0.02410877
v 0.00158070 0.12071827 0.02482503
v 0.00215378 0.12071827 0.02489861
v 0.00165181 0.12071826 0.02703653
v 0.00214659 0.12071827 0.02694345
v -0.00207624 0.12071826 0.02381886
v 0.00215256 0.11991827 0.02489948
v 0.00184493 0.11991827 0.02400469
v 0.00115727 0.11991827 0.02342631
v 0.00055154 0.11991827 0.02328308
v 0.00210183 0.11991827 0.02704059
v 0.00160544 0.11991827 0.02699215
v 0.00159404 0.11991827 0.02495844
v 0.00047836 0.11991827 0.02383457
v 0.00101227 0.11991827 0.02398395
v 0.00147246 0.11991827 0.02447702
v -0.00211610 0.11991827 0.02381282
v -0.00205594 0.11991827 0.02326980
v -0.00229042 0.11991827 0.02367199
v -0.00176736 0.12071826 0.02095250
v -0.00158777 0.12071826 0.02037975
v -0.00224413 0.12071826 0.02048049
v 0.00202937 0.12071827 0.02213883
v 0.00179590 0.12071827 0.02264035
v -0.00154449 0.12071826 0.01960216
v 0.00203985 0.12071827 0.01799561
v -0.00183089 0.12071826 0.01912169
v 0.00182710 0.12071827 0.01749086
v -0.00234337 0.12071826 0.01984493
v 0.00202961 0.11991827 0.01800157
v -0.00153674 0.11991827 0.01959762
v -0.00154037 0.11991827 0.02042089
v 0.00201325 0.11991827 0.02212346
v 0.00186508 0.11991827 0.02265474
v 0.00206381 0.11991827 0.02259124
v 0.00216422 0.11991827 0.02235946
v -0.00184324 0.11991827 0.02090778
v -0.00179935 0.11991827 0.01910444
v -0.00233521 0.11991827 0.01982805
v -0.00228247 0.11991827 0.02040719
v 0.00182662 0.11991827 0.01749049
v 0.00218094 0.11991827 0.01774837
v 0.00112200 0.12071827 0.01625757
v 0.00036860 0.12071827 0.01627231
v 0.00133698 0.12071827 0.01676753
v 0.00027426 0.12071827 0.01681725
v 0.00034079 0.12071827 0.01473228
v -0.00018381 0.12071826 0.01636603
v -0.00018492 0.12071827 0.01477900
v 0.00157276 0.12071827 0.01568670
v 0.00199569 0.12071827 0.01616651
v -0.00201602 0.12071826 0.01622293
v -0.00123926 0.12071826 0.01637507
v -0.00163692 0.12071826 0.01566965
v -0.00157814 0.12071826 0.01675314
v -0.00170734 0.12071826 0.01385879
v -0.00143017 0.12071826 0.01309477
v -0.00207219 0.12071826 0.01306907
v -0.00074563 0.12071829 0.01250158
v 0.00013938 0.12071828 0.01235139
v -0.00064409 0.12071827 0.01185596
v 0.00007279 0.12071827 0.01178021
v -0.00228947 0.12071826 0.01391942
v -0.00228589 0.12071826 0.01532896
v -0.00172745 0.12071826 0.01512883
v -0.00146368 0.12071826 0.01229977
v 0.00163819 0.12071827 0.01501948
v 0.00219272 0.12071827 0.01526353
v 0.00079031 0.12071827 0.01193397
v 0.00072935 0.12071828 0.01253087
v 0.00154395 0.12071827 0.01245418
v 0.00121768 0.12071828 0.01292891
v 0.00156625 0.12071828 0.01355259
v 0.00208258 0.12071827 0.01332060
v 0.00164246 0.12071827 0.01406300
v 0.00220452 0.12071827 0.01403633
v 0.00220390 0.11991827 0.01404004
v 0.00217548 0.11991827 0.01367700
v 0.00208310 0.11991827 0.01331464
v 0.00187611 0.11991827 0.01287226
v 0.00153599 0.11991827 0.01244139
v 0.00219857 0.11991827 0.01509420
v 0.00108441 0.11991827 0.01682856
v 0.00156297 0.11991827 0.01666904
v 0.00200085 0.11991827 0.01614527
v 0.00215984 0.11991827 0.01561536
v 0.00026737 0.11991827 0.01681668
v -0.00017396 0.11991827 0.01639108
v -0.00015098 0.11991827 0.01471139
v 0.00037484 0.11991827 0.01481987
v 0.00014514 0.11991827 0.01456931
v 0.00036861 0.11991827 0.01627231
v 0.00112626 0.11991827 0.01625312
v 0.00156620 0.11991827 0.01570006
v 0.00163820 0.11991827 0.01501948
v 0.00163825 0.11991827 0.01396945
v -0.00152134 0.11991827 0.01324948
v -0.00171683 0.11991827 0.01395846
v -0.00119675 0.11991827 0.01281312
v -0.00076007 0.11991827 0.01250557
v -0.00025176 0.11991827 0.01235081
v 0.00036756 0.11991828 0.01239762
v 0.00106743 0.11991827 0.01277734
v 0.00148721 0.11991828 0.01334518
v -0.00170991 0.11991827 0.01530355
v -0.00116742 0.11991827 0.01660134
v -0.00145323 0.11991827 0.01605294
v -0.00144191 0.11991827 0.01681522
v -0.00185891 0.11991827 0.01645656
v -0.00218021 0.11991827 0.01584560
v -0.00229928 0.11991827 0.01515009
v -0.00229415 0.11991827 0.01399501
v 0.00114274 0.11991827 0.01211644
v 0.00083099 0.11991827 0.01194950
v -0.00004046 0.11991827 0.01178100
v -0.00090056 0.11991827 0.01194535
v -0.00121925 0.11991827 0.01211261
v -0.00163569 0.11991827 0.01245822
v -0.00198060 0.11991827 0.01290064
v -0.00214590 0.11991827 0.01323593
v 0.00211511 0.12071828 0.00629123
v 0.00017754 0.12071827 0.00610283
v 0.00072064 0.12071827 0.00640203
v -0.00218128 0.12071826 0.00790600
v -0.00185851 0.12071826 0.00834281
v 0.00072222 0.12071827 0.00581765
v 0.00199625 0.12071828 0.00584043
v -0.00180686 0.12071827 0.00385495
v -0.00218291 0.12071827 0.00424980
v -0.00179043 0.11991827 0.00386377
v -0.00208193 0.11991827 0.00383309
v 0.00072131 0.11991827 0.00581778
v 0.00214369 0.11991827 0.00594691
v 0.00203290 0.11991827 0.00636578
v 0.00071895 0.11991827 0.00640489
v -0.00181071 0.11991827 0.00832505
v -0.00226297 0.11991827 0.00807909
v -0.00209331 0.11991827 0.00835799
v -0.00218814 0.11991827 0.00791050
v 0.00017755 0.11991827 0.00610283
v -0.00214608 0.11991827 0.00431152
v -0.00225264 0.11991827 0.00406314
v -0.00165759 0.11991827 -0.00070309
v -0.00166623 0.11991827 0.00200233
v -0.00025873 0.11991827 -0.00069692
v -0.00027088 0.11991827 0.00197997
v -0.00042978 0.11991827 0.00240659
v -0.00116084 0.11991828 0.00263963
v 0.00029744 0.11991827 -0.00069446
v 0.00028827 0.11991827 0.00200231
v 0.00170754 0.11991827 -0.00068823
v 0.00169516 0.11991827 0.00199555
v 0.00053292 0.11991827 0.00250849
v 0.00134764 0.11991827 0.00256387
v -0.00025873 0.12071827 -0.00069691
v -0.00029171 0.12071827 0.00209331
v 0.00029744 0.12071827 -0.00069446
v 0.00029030 0.12071827 0.00203190
v 0.00224161 0.12071829 -0.00086416
v 0.00180839 0.12071829 -0.00124393
v 0.00170754 0.12071829 -0.00068823
v -0.00176457 0.12071827 -0.00125929
v -0.00165760 0.12071827 -0.00070309
v -0.00220382 0.12071827 -0.00087463
v 0.00212314 0.12071829 0.00252345
v 0.00169168 0.12071827 0.00202352
v 0.00131218 0.12071827 0.00259332
v -0.00222873 0.12071827 0.00202745
v -0.00166683 0.12071827 0.00200497
v -0.00193363 0.12071827 0.00278275
v -0.00143201 0.12071827 0.00248873
v -0.00001898 0.12071827 0.00288037
v 0.00067339 0.12071827 0.00260348
v 0.00080881 0.12071828 0.00322035
v 0.00167955 0.12071828 0.00303351
v 0.00224604 0.12071829 0.00199812
v -0.00065106 0.12071827 0.00319265
v -0.00088538 0.12071827 0.00266218
v -0.00131243 0.12071827 0.00318522
v -0.00223058 0.11991827 0.00198975
v -0.00218730 0.11991827 -0.00090963
v -0.00175437 0.11991827 -0.00125961
v 0.00184911 0.11991827 -0.00123503
v 0.00225352 0.11991827 -0.00082477
v 0.00224559 0.11991827 0.00199718
v 0.00068002 0.11991827 0.00319765
v -0.00007986 0.11991827 0.00291624
v 0.00133060 0.11991827 0.00319283
v 0.00192951 0.11991827 0.00280099
v -0.00197270 0.11991827 0.00273174
v -0.00124440 0.11991827 0.00320172
v -0.00072024 0.11991827 0.00320421
v 0.00070922 0.11991827 -0.00556693
v 0.00174348 0.11991827 -0.00882860
v 0.00002764 0.11991827 -0.00546054
v -0.00145394 0.11991827 -0.00633868
v -0.00111846 0.11991827 -0.00588806
v -0.00065908 0.11991827 -0.00558970
v -0.00162165 0.11991827 -0.00884346
v -0.00162610 0.11991827 -0.00699414
v 0.00173385 0.11991827 -0.00699104
v 0.00135469 0.11991827 -0.00602814
v -0.00217137 0.12071827 -0.00903907
v -0.00162166 0.12071827 -0.00884346
v -0.00171877 0.12071827 -0.00940014
v 0.00174348 0.12071829 -0.00882860
v 0.00184467 0.12071829 -0.00938430
v 0.00228039 0.12071829 -0.00902934
v 0.00205052 0.12071829 -0.00605278
v 0.00229252 0.12071829 -0.00692460
v 0.00147758 0.12071829 -0.00619731
v 0.00173240 0.12071829 -0.00697276
v -0.00129585 0.12071827 -0.00531091
v -0.00143158 0.12071828 -0.00630239
v -0.00192138 0.12071827 -0.00599528
v -0.00219484 0.12071827 -0.00690552
v -0.00162952 0.12071827 -0.00704578
v 0.00120200 0.12071829 -0.00518313
v 0.00168619 0.12071829 -0.00555909
v 0.00089033 0.12071829 -0.00564684
v -0.00064762 0.12071827 -0.00558423
v 0.00023920 0.12071828 -0.00546514
v -0.00041244 0.12071827 -0.00493826
v 0.00044669 0.12071828 -0.00492650
v 0.00021072 0.11991827 -0.00490804
v -0.00220254 0.11991827 -0.00706511
v -0.00216872 0.11991827 -0.00666246
v -0.00200125 0.11991827 -0.00615356
v -0.00167600 0.11991827 -0.00565528
v -0.00119936 0.11991827 -0.00524800
v -0.00069966 0.11991827 -0.00500385
v -0.00216979 0.11991827 -0.00903094
v -0.00171829 0.11991827 -0.00940004
v 0.00197286 0.11991827 -0.00934711
v 0.00230542 0.11991827 -0.00892292
v 0.00229704 0.11991827 -0.00702688
v 0.00113573 0.11991827 -0.00514951
v 0.00176646 0.11991827 -0.00564686
v 0.00205238 0.11991827 -0.00605365
v 0.00218444 0.11991827 -0.00635532
v 0.00033030 0.12071829 -0.01080507
v 0.00035026 0.12071829 -0.01393031
v -0.00020851 0.12071829 -0.01079639
v -0.00158583 0.12071827 -0.01306515
v -0.00196819 0.12071827 -0.01369405
v -0.00218092 0.12071827 -0.01294609
v -0.00090183 0.12071829 -0.01387186
v -0.00137545 0.12071828 -0.01428242
v -0.00066356 0.12071829 -0.01448847
v -0.00020592 0.12071829 -0.01393277
v 0.00085034 0.12071829 -0.01447647
v -0.00165063 0.12071829 -0.01039195
v -0.00219037 0.12071827 -0.01044269
v 0.00104722 0.12071829 -0.01386421
v 0.00160707 0.12071829 -0.01421639
v 0.00156845 0.12071829 -0.01346821
v 0.00210395 0.12071829 -0.01367755
v 0.00174795 0.12071829 -0.01293147
v 0.00231117 0.12071829 -0.01293028
v 0.00175527 0.12071829 -0.01039336
v 0.00229383 0.12071829 -0.01040752
v -0.00218854 0.11991827 -0.01044032
v -0.00218178 0.11991827 -0.01293627
v -0.00058740 0.11991827 -0.01449066
v -0.00118693 0.11991827 -0.01437142
v -0.00171125 0.11991827 -0.01403314
v -0.00204821 0.11991827 -0.01353739
v 0.00088795 0.11991827 -0.01447305
v 0.00230623 0.11991827 -0.01296499
v 0.00212657 0.11991827 -0.01363775
v 0.00161278 0.11991827 -0.01421127
v 0.00228078 0.11991828 -0.01039588
v 0.00174438 0.11991827 -0.01041782
v 0.00175016 0.11991827 -0.01288742
v 0.00037691 0.11991827 -0.01393113
v 0.00121800 0.11991827 -0.01379575
v 0.00164885 0.11991827 -0.01332461
v 0.00033336 0.11991827 -0.01081181
v -0.00021954 0.11991827 -0.01084103
v -0.00006978 0.11991827 -0.01060582
v -0.00020591 0.11991827 -0.01393277
v -0.00075450 0.11991827 -0.01390872
v -0.00160742 0.11991827 -0.01294236
v -0.00139379 0.11991827 -0.01352103
v -0.00167420 0.11991828 -0.01035065
v 0.00156038 0.12071829 -0.01593982
v 0.00151487 0.12071829 -0.01536924
v 0.00213073 0.12071829 -0.01566513
v -0.00191198 0.12071827 -0.01593363
v -0.00197090 0.12071829 -0.01953693
v -0.00135115 0.12071829 -0.01930296
v -0.00133121 0.12071829 -0.01986955
v 0.00212729 0.12071829 -0.01932570
v 0.00208269 0.12071829 -0.01985336
v 0.00165436 0.12071829 -0.01644458
v 0.00232836 0.12071829 -0.01636121
v 0.00194253 0.12071829 -0.01692760
v -0.00145681 0.12071829 -0.01880114
v -0.00213611 0.12071829 -0.01887677
v -0.00174410 0.12071829 -0.01831252
v -0.00191509 0.12071827 -0.01539072
v 0.00212917 0.11991827 -0.01931662
v 0.00233778 0.11991827 -0.01954101
v 0.00208826 0.11991827 -0.01985184
v -0.00138694 0.11991828 -0.01927804
v -0.00143309 0.11991827 -0.01878173
v 0.00194447 0.11991827 -0.01692357
v 0.00154314 0.11991827 -0.01537122
v 0.00211873 0.11991827 -0.01563412
v 0.00233814 0.11991827 -0.01622263
v -0.00194161 0.11991827 -0.01539948
v -0.00201813 0.11991827 -0.01589127
v -0.00216075 0.11991827 -0.01562645
v 0.00162346 0.11991828 -0.01598843
v -0.00031895 0.11991827 -0.01593328
v 0.00163262 0.11991827 -0.01646310
v -0.00175487 0.11991828 -0.01832197
v -0.00187028 0.11991827 -0.01992959
v -0.00121944 0.11991827 -0.01996872
v -0.00207175 0.11991827 -0.01936889
v -0.00214664 0.11991827 -0.01894278
v 0.00053458 0.12071829 -0.02132283
v 0.00053010 0.12071829 -0.02282333
v -0.00001783 0.12071829 -0.02122911
v 0.00000070 0.12071829 -0.02285351
v 0.00128798 0.12071829 -0.02133757
v 0.00150296 0.12071829 -0.02082761
v 0.00044024 0.12071829 -0.02077788
v 0.00173873 0.12071829 -0.02190844
v 0.00216167 0.12071830 -0.02142863
v -0.00185005 0.12071829 -0.02137221
v -0.00107328 0.12071829 -0.02122007
v -0.00147094 0.12071829 -0.02192549
v -0.00141216 0.12071829 -0.02084199
v -0.00154136 0.12071829 -0.02373635
v -0.00126419 0.12071829 -0.02450037
v -0.00190621 0.12071829 -0.02452607
v -0.00057965 0.12071830 -0.02509356
v 0.00030536 0.12071829 -0.02524375
v -0.00047811 0.12071829 -0.02573917
v 0.00023877 0.12071829 -0.02581493
v -0.00212349 0.12071829 -0.02367572
v -0.00211991 0.12071829 -0.02226618
v -0.00156147 0.12071829 -0.02246631
v -0.00129770 0.12071829 -0.02529537
v 0.00180417 0.12071829 -0.02257566
v 0.00235870 0.12071830 -0.02233161
v 0.00095629 0.12071829 -0.02566117
v 0.00089533 0.12071829 -0.02506427
v 0.00170993 0.12071830 -0.02514096
v 0.00138366 0.12071830 -0.02466622
v 0.00173223 0.12071831 -0.02404255
v 0.00224856 0.12071830 -0.02427454
v 0.00180844 0.12071830 -0.02353214
v 0.00237049 0.12071830 -0.02355881
v 0.00237016 0.11991827 -0.02355121
v 0.00230941 0.11991827 -0.02406117
v 0.00204226 0.11991827 -0.02472456
v 0.00162890 0.11991827 -0.02522511
v 0.00235383 0.11991827 -0.02228554
v 0.00130495 0.11991827 -0.02077219
v 0.00183337 0.11991827 -0.02099791
v 0.00216764 0.11991827 -0.02144533
v 0.00035210 0.11991827 -0.02080603
v -0.00002446 0.11991827 -0.02126250
v 0.00001352 0.11991827 -0.02288179
v 0.00054081 0.11991827 -0.02277527
v 0.00028640 0.11991827 -0.02303114
v 0.00053458 0.11991827 -0.02132283
v 0.00129224 0.11991827 -0.02134202
v 0.00173218 0.11991827 -0.02189508
v 0.00180417 0.11991827 -0.02257566
v 0.00180423 0.11991827 -0.02362569
v -0.00135536 0.11991827 -0.02434565
v -0.00155085 0.11991827 -0.02363668
v -0.00103077 0.11991827 -0.02478202
v -0.00059410 0.11991827 -0.02508957
v 0.00000851 0.11991827 -0.02525088
v 0.00062396 0.11991827 -0.02517580
v 0.00123130 0.11991827 -0.02481981
v 0.00165319 0.11991828 -0.02424995
v -0.00154394 0.11991827 -0.02229159
v -0.00100341 0.11991827 -0.02102528
v -0.00128725 0.11991827 -0.02154220
v -0.00148124 0.11991827 -0.02089999
v -0.00193872 0.11991827 -0.02154477
v -0.00212677 0.11991827 -0.02233084
v -0.00212791 0.11991827 -0.02361299
v 0.00113173 0.11991827 -0.02558266
v 0.00056364 0.11991827 -0.02577528
v -0.00008151 0.11991827 -0.02580897
v -0.00088871 0.11991827 -0.02557683
v -0.00156175 0.11991827 -0.02503886
v -0.00200386 0.11991827 -0.02428445
v -0.00186292 0.12071829 -0.02735392
v 0.00214738 0.12071830 -0.02680799
v 0.00212122 0.12071830 -0.02734710
v -0.00184209 0.12071829 -0.02681378
v -0.00183098 0.11991827 -0.02736511
v 0.00218004 0.11991827 -0.02731457
v 0.00212765 0.11991827 -0.02679775
v -0.00190105 0.11991827 -0.02684034
v -0.00094453 0.12071829 -0.03215177
v -0.00038576 0.12071829 -0.03200261
v -0.00053956 0.12071829 -0.03270778
v -0.00138803 0.12071829 -0.03259948
v -0.00199321 0.12071829 -0.03197324
v -0.00209468 0.12071829 -0.03150801
v -0.00147053 0.12071829 -0.03161582
v 0.00178718 0.12071830 -0.02946688
v 0.00221189 0.12071830 -0.02893895
v 0.00239674 0.12071830 -0.02956273
v -0.00208075 0.12071829 -0.02870844
v -0.00151008 0.12071829 -0.02874663
v 0.00046777 0.12071830 -0.02943402
v 0.00006175 0.12071829 -0.02889938
v 0.00074370 0.12071829 -0.02839830
v 0.00001157 0.12071830 -0.03243544
v 0.00115699 0.12071830 -0.02892208
v 0.00161796 0.12071830 -0.02842371
v 0.00240435 0.12071830 -0.03237676
v 0.00183687 0.12071830 -0.03241082
v -0.00014535 0.12071829 -0.02952807
v 0.00043503 0.12071830 -0.03165208
v -0.00014073 0.12071829 -0.03152202
v -0.00210008 0.11991827 -0.02874168
v -0.00209126 0.11991827 -0.03154749
v 0.00023095 0.11991827 -0.03218621
v -0.00037355 0.11991827 -0.03266089
v -0.00118260 0.11991827 -0.03268232
v -0.00184319 0.11991827 -0.03222582
v 0.00044876 0.11991827 -0.03154197
v 0.00044285 0.11991827 -0.02955669
v 0.00180511 0.11991827 -0.02954693
v 0.00156925 0.11991827 -0.02908579
v 0.00066017 0.11991827 -0.02908419
v 0.00182688 0.11991827 -0.03239462
v 0.00236120 0.11991827 -0.03244246
v 0.00239694 0.11991827 -0.02956941
v 0.00221712 0.11991827 -0.02894935
v -0.00014569 0.11991827 -0.02953020
v 0.00000427 0.11991827 -0.02899057
v 0.00040900 0.11991827 -0.02855176
v 0.00101809 0.11991827 -0.02833754
v 0.00165836 0.11991827 -0.02844016
v -0.00016074 0.11991827 -0.03159403
v -0.00107139 0.11991827 -0.03210167
v -0.00149025 0.11991827 -0.03153812
v -0.00150660 0.11991827 -0.02876250
v -0.00170826 0.11991827 -0.02850455
v -0.00148298 0.12071829 -0.03636268
v -0.00186534 0.12071829 -0.03699157
v -0.00207806 0.12071829 -0.03624362
v -0.00079898 0.12071830 -0.03716939
v -0.00127260 0.12071829 -0.03757995
v -0.00055025 0.12071830 -0.03778639
v -0.00010306 0.12071830 -0.03723029
v 0.00053129 0.12071830 -0.03722923
v -0.00010561 0.12071830 -0.03409398
v 0.00043321 0.12071830 -0.03410254
v -0.00154777 0.12071830 -0.03368947
v -0.00208751 0.12071829 -0.03374022
v 0.00096582 0.12071830 -0.03777312
v 0.00147577 0.12071830 -0.03696850
v 0.00170992 0.12071830 -0.03751392
v 0.00220680 0.12071830 -0.03697507
v 0.00185080 0.12071830 -0.03622900
v 0.00241402 0.12071830 -0.03622780
v 0.00185812 0.12071831 -0.03369088
v 0.00239669 0.12071831 -0.03370505
v -0.00208595 0.11991827 -0.03373666
v -0.00207424 0.11991827 -0.03626511
v -0.00048708 0.11991827 -0.03778824
v -0.00108667 0.11991827 -0.03766901
v -0.00175414 0.11991827 -0.03715274
v 0.00112329 0.11991827 -0.03774805
v 0.00241485 0.11991827 -0.03618674
v 0.00236550 0.11991827 -0.03657418
v 0.00194677 0.11991827 -0.03731396
v 0.00239866 0.11991827 -0.03371270
v 0.00187134 0.11991830 -0.03366557
v 0.00183929 0.11991827 -0.03631629
v 0.00095138 0.11991827 -0.03721051
v 0.00045312 0.11991827 -0.03722784
v 0.00043612 0.11991827 -0.03410789
v -0.00006842 0.11991827 -0.03403032
v -0.00010306 0.11991827 -0.03723029
v -0.00072248 0.11991827 -0.03719051
v -0.00150456 0.11991827 -0.03623989
v -0.00129093 0.11991827 -0.03681856
v -0.00156815 0.11991828 -0.03364825
v 0.00085811 0.11991827 -0.03929132
v 0.00189237 0.11991827 -0.04255300
v 0.00017653 0.11991827 -0.03918493
v -0.00130506 0.11991827 -0.04006306
v -0.00096957 0.11991827 -0.03961245
v -0.00051019 0.11991827 -0.03931409
v -0.00147277 0.11991827 -0.04256785
v -0.00147721 0.11991827 -0.04071853
v 0.00188274 0.11991827 -0.04071543
v 0.00150358 0.11991827 -0.03975253
v -0.00202248 0.12071830 -0.04276346
v -0.00147277 0.12071830 -0.04256785
v -0.00156937 0.12071830 -0.04312452
v 0.00189237 0.12071830 -0.04255299
v 0.00199404 0.12071830 -0.04310868
v 0.00188129 0.12071830 -0.04069715
v 0.00162647 0.12071830 -0.03992170
v 0.00244141 0.12071830 -0.04064899
v 0.00219941 0.12071830 -0.03977717
v -0.00114696 0.12071830 -0.03903530
v -0.00128269 0.12071831 -0.04002678
v -0.00177249 0.12071829 -0.03971967
v -0.00204595 0.12071829 -0.04062990
v -0.00148063 0.12071830 -0.04077017
v 0.00242928 0.12071830 -0.04275373
v 0.00135089 0.12071830 -0.03890752
v 0.00183508 0.12071830 -0.03928348
v 0.00103922 0.12071831 -0.03937123
v -0.00049873 0.12071830 -0.03930862
v 0.00038809 0.12071830 -0.03918953
v -0.00026355 0.12071830 -0.03866265
v 0.00059558 0.12071830 -0.03865089
v 0.00024262 0.11991827 -0.03862652
v -0.00205366 0.11991827 -0.04078950
v -0.00202004 0.11991827 -0.04038891
v -0.00185629 0.11991827 -0.03988879
v -0.00152850 0.11991827 -0.03938140
v -0.00105915 0.11991827 -0.03897803
v -0.00052730 0.11991827 -0.03872113
v -0.00200429 0.11991827 -0.04282294
v -0.00173230 0.11991827 -0.04309359
v 0.00171970 0.11991827 -0.04322717
v 0.00215186 0.11991827 -0.04307371
v -0.00111144 0.11991827 -0.04312244
v -0.00025695 0.11991827 -0.04311867
v 0.00113948 0.11991827 -0.04311251
v 0.00244761 0.11991827 -0.04267860
v 0.00244587 0.11991827 -0.04075103
v 0.00078640 0.11991827 -0.03854284
v 0.00146253 0.11991827 -0.03897377
v 0.00190994 0.11991827 -0.03936525
v 0.00230495 0.11991827 -0.04000371
v 0.00238574 0.11991827 -0.04025836
v -0.00700291 0.11991826 0.00063807
v -0.00706519 0.11991824 0.01474518
v -0.00561903 0.11991827 0.01096884
v -0.00403923 0.11991826 -0.05361296
v 0.01099134 0.11991823 -0.05262640
v 0.00381527 0.11991823 -0.05359997
v -0.01663670 0.11991827 -0.05108166
v -0.02307834 0.11991817 -0.04855606
v -0.02938158 0.11991826 -0.04499058
v -0.02346772 0.11991827 -0.03774969
v -0.03901671 0.11991824 -0.03698507
v -0.03391991 0.11991826 -0.04165888
v -0.01533479 0.11991828 -0.04167378
v -0.03106000 0.11991829 -0.03192583
v -0.04361266 0.11991826 -0.03138854
v -0.03818157 0.11991828 -0.02303787
v -0.04664633 0.11991826 -0.02664577
v -0.04971763 0.11991824 -0.02044994
v -0.04242126 0.11991828 -0.01382873
v -0.05198937 0.11991826 -0.01357364
v -0.05344142 0.11991823 -0.00585056
v -0.04452733 0.11991828 -0.00326903
v -0.05371278 0.11991826 0.00138567
v -0.04438582 0.11991827 0.00421547
v -0.05325978 0.11991826 0.00699732
v -0.04265523 0.11991829 0.01318611
v -0.05195751 0.11991823 0.01378887
v -0.04960699 0.11991826 0.02063863
v -0.03914404 0.11991827 0.02122998
v -0.04716307 0.11991827 0.02571052
v -0.03272755 0.11991831 0.03032729
v -0.04350202 0.11991823 0.03157723
v -0.03884212 0.11991826 0.03712064
v -0.03473541 0.11991827 0.04097180
v -0.02396788 0.11991828 0.03741319
v -0.02920701 0.11991824 0.04512617
v -0.01552673 0.11991828 0.04163282
v -0.00716697 0.11991822 0.03780045
v -0.00801712 0.11991859 0.04359069
v -0.01764505 0.11991826 0.05073257
v -0.01099134 0.11991823 0.05261692
v 0.00404207 0.11991825 0.05360327
v -0.02286325 0.11991826 0.04861912
v -0.00381527 0.11991826 0.05359051
v 0.00472207 0.11991827 0.03739756
v 0.00807192 0.11991856 0.04363116
v 0.00684238 0.11991827 0.03572715
v 0.01120646 0.11991826 0.05254443
v 0.01593564 0.11991827 0.04145093
v 0.01664020 0.11991827 0.05107104
v 0.02307837 0.11991823 0.04854663
v 0.03088305 0.11991827 0.03215511
v 0.03391991 0.11991826 0.04164940
v 0.03901670 0.11991823 0.03697557
v 0.04361266 0.11991826 0.03137905
v 0.02938159 0.11991826 0.04498110
v 0.02231379 0.11991827 0.03838274
v 0.03745137 0.11991827 0.02408984
v 0.04664633 0.11991826 0.02663629
v 0.04971763 0.11991824 0.02044045
v 0.04174902 0.11991830 0.01591216
v 0.05198937 0.11991826 0.01356416
v 0.05195739 0.11991826 -0.01379886
v 0.05371277 0.11991825 -0.00139516
v 0.05325978 0.11991826 -0.00700680
v 0.04716647 0.11991827 -0.02571377
v 0.04960696 0.11991823 -0.02064811
v 0.03509153 0.11991827 -0.02738190
v 0.04350202 0.11991823 -0.03158671
v 0.02798809 0.11991829 -0.03462078
v 0.03884212 0.11991826 -0.03713013
v 0.03473541 0.11991827 -0.04098129
v 0.01777458 0.11991832 -0.04076901
v 0.02920701 0.11991824 -0.04513565
v 0.00892403 0.11991892 -0.04350499
v 0.00712660 0.11991831 -0.02865347
v 0.02286325 0.11991826 -0.04862861
v 0.01764505 0.11991826 -0.05074205
v -0.00819311 0.11991895 -0.04361271
v -0.00456985 0.11991827 -0.03732134
v -0.01120646 0.11991825 -0.05255391
v -0.00683401 0.11990688 -0.01395716
v -0.00298039 0.11991827 -0.02551842
v -0.00686487 0.11991827 -0.03062873
v -0.00332110 0.11991827 -0.02723269
v -0.00429790 0.11991827 -0.03214738
v -0.00072403 0.11991827 0.00999596
v -0.00363168 0.11991827 0.03347050
v -0.00361243 0.11991828 0.02106491
v -0.00256338 0.11991827 0.03884556
v 0.00690727 0.11991829 0.02102662
v 0.00598973 0.11991827 0.01771115
v 0.00128258 0.11991827 0.02009202
v 0.00425947 0.11991827 0.00900548
v 0.00698905 0.11991829 0.00250399
v 0.00571907 0.11991827 -0.01090309
v 0.00212380 0.11991826 -0.00364279
v 0.00266399 0.11991826 -0.02842223
v 0.00486706 0.11991827 -0.02129084
v 0.00360952 0.11991827 -0.03371898
v 0.00260993 0.11991827 -0.03874833
v 0.03914384 0.11991827 -0.02123997
v 0.04263708 0.11991830 -0.01325508
v 0.04438587 0.11991827 -0.00422544
v 0.05344117 0.11991826 0.00584348
v 0.04452745 0.11991828 0.00325911
v -0.00013370 0.11991827 -0.03820303
v 0.00086589 0.11991827 -0.03317368
v -0.00357026 0.11991827 -0.03229200
v 0.00168719 0.11991827 -0.03333692
v -0.00259346 0.11991827 -0.02737731
v 0.00184269 0.11991827 -0.02825900
v -0.00225275 0.11991827 -0.02566304
v 0.00218340 0.11991827 -0.02654473
v 0.00300470 0.11991827 -0.02670796
v -0.00322351 0.11991827 -0.00258001
v -0.00447505 0.11991827 -0.00887699
v -0.00243789 0.11991827 0.00137279
v 0.00087227 0.11991827 -0.00993978
v 0.00014463 0.11991827 -0.00979516
v 0.00139616 0.11991827 -0.00349817
v 0.00290942 0.11991827 0.00031000
v 0.00072989 0.11991827 0.01731122
v -0.00416511 0.11991827 0.01828411
v 0.00365377 0.11991827 0.03202250
v -0.01184654 0.12049013 0.04208187
v -0.01182985 0.12053225 -0.04209745
v -0.03734970 0.12365674 -0.02239294
v -0.03975452 0.12394942 -0.01764337
v -0.04341473 0.12438823 0.00190778
v -0.04322015 0.12436797 -0.00482380
v -0.01740113 0.12121708 -0.04014001
v -0.04177153 0.12419406 -0.01211354
v -0.04187693 0.12419406 0.01173435
v -0.04295918 0.12432978 0.00651530
v -0.03990888 0.12394942 0.01728179
v -0.02327591 0.12193664 -0.03693284
v -0.02800742 0.12251570 -0.03347077
v -0.02360142 0.12193665 0.03671617
v -0.01775566 0.12121713 0.03997603
v -0.02830214 0.12251570 0.03321241
v -0.03287892 0.12311120 -0.02865502
v -0.03313089 0.12311120 0.02835379
v -0.03754614 0.12365673 0.02205244
v -0.02097279 0.12045982 -0.03847264
v -0.02703882 0.12044227 -0.03443622
v -0.03206818 0.12043756 -0.02991985
v -0.03679507 0.12042782 -0.02394370
v -0.04044309 0.12042153 -0.01712353
v -0.04271762 0.12041498 -0.01030499
v -0.04364883 0.12041592 -0.00499846
v -0.04395251 0.12041339 0.00035067
v -0.04348473 0.12041622 0.00624401
v -0.04252421 0.12041661 0.01099511
v -0.04118834 0.12041984 0.01515998
v -0.03926178 0.12042337 0.01961834
v -0.03563784 0.12043277 0.02563008
v -0.02978962 0.12043975 0.03214515
v -0.02393204 0.12045013 0.03665195
v -0.01834647 0.12046200 0.03970773
v 0.01184585 0.12049005 -0.04209162
v 0.01182980 0.12053239 0.04208790
v 0.03734983 0.12365696 0.02238329
v 0.03975466 0.12394965 0.01763366
v 0.01740110 0.12121712 0.04013056
v 0.04289995 0.12433004 0.00689442
v 0.04339618 0.12438849 0.00229105
v 0.04187682 0.12419434 -0.01174438
v 0.04326104 0.12436824 -0.00444205
v 0.03990867 0.12394965 -0.01729185
v 0.02800749 0.12251583 0.03346126
v 0.03287903 0.12311138 0.02864545
v 0.04177165 0.12419434 0.01210376
v 0.03754583 0.12365696 -0.02206251
v 0.03313043 0.12311139 -0.02836385
v 0.02327593 0.12193675 0.03692337
v 0.01775482 0.12121718 -0.03998591
v 0.02360071 0.12193675 -0.03672614
v 0.02830155 0.12251583 -0.03322244
v 0.02097297 0.12045982 0.03846309
v 0.02703903 0.12044227 0.03442662
v 0.03206840 0.12043756 0.02991021
v 0.03679530 0.12042782 0.02393398
v 0.04044330 0.12042153 0.01711374
v 0.04271780 0.12041498 0.01029514
v 0.04364896 0.12041592 0.00498856
v 0.04395260 0.12041339 -0.00036060
v 0.04348474 0.12041622 -0.00625398
v 0.04252416 0.12041661 -0.01100510
v 0.04118824 0.12041985 -0.01516998
v 0.03926161 0.12042337 -0.01962835
v 0.03563755 0.12043277 -0.02564008
v 0.02978919 0.12043975 -0.03215510
v 0.02393149 0.12045013 -0.03666184
v 0.01834583 0.12046200 -0.03971755
v -0.00043317 0.12791930 -0.06172396
v 0.00476805 0.12791990 -0.06154220
v 0.01197883 0.12791474 -0.06058144
v 0.01928710 0.12791853 -0.05863341
v 0.02429794 0.12791853 -0.05674090
v 0.02943409 0.12791851 -0.05426526
v 0.03481808 0.12791844 -0.05096589
v 0.03910603 0.12791854 -0.04775441
v 0.04309962 0.12791854 -0.04418401
v 0.04700064 0.12791851 -0.04002367
v 0.05083422 0.12791847 -0.03500790
v 0.05367762 0.12791857 -0.03046824
v 0.05611781 0.12791857 -0.02569872
v 0.05825938 0.12791853 -0.02041123
v 0.06023110 0.12792276 -0.01363870
v 0.06138486 0.12791923 -0.00643471
v 0.06171018 0.12791963 -0.00118798
v 0.06145319 0.12791470 0.00603487
v 0.06022672 0.12791851 0.01349047
v 0.05873398 0.12791851 0.01899225
v 0.05647626 0.12791844 0.02489042
v 0.05410443 0.12791853 0.02969414
v 0.05132596 0.12791854 0.03427395
v 0.04795104 0.12791851 0.03887032
v 0.04372178 0.12791845 0.04355836
v 0.03977948 0.12791856 0.04718535
v 0.03553782 0.12791856 0.05045762
v 0.03073264 0.12791851 0.05353106
v 0.02443562 0.12792295 0.05671030
v 0.01756469 0.12791924 0.05916391
v 0.01250868 0.12791982 0.06043618
v 0.00595040 0.12791739 0.06143770
v 0.00043317 0.12791930 0.06171448
v 0.00545095 0.12941808 -0.06152270
v -0.00440819 0.12941809 -0.06162354
v 0.01484044 0.12941687 -0.05993963
v 0.02059617 0.12941827 -0.05818484
v 0.02723509 0.12941808 -0.05543418
v 0.03551538 0.12941951 -0.05055562
v 0.04252763 0.12941903 -0.04474707
v 0.04678185 0.12941822 -0.04026128
v 0.05077500 0.12941712 -0.03511224
v 0.05467932 0.12941654 -0.02868645
v 0.05793777 0.12941462 -0.02135698
v 0.06026283 0.12941949 -0.01350449
v 0.06138528 0.12941816 -0.00640674
v 0.06173989 0.12941466 0.00093574
v 0.06132635 0.12941816 0.00693903
v 0.06014145 0.12942052 0.01402664
v 0.05778909 0.12941934 0.02169448
v 0.05510591 0.12941742 0.02781629
v 0.05177352 0.12941903 0.03361038
v 0.04656566 0.12941790 0.04056322
v 0.04139302 0.12941740 0.04579144
v 0.03619795 0.12941901 0.04999710
v 0.03100896 0.12941822 0.05335793
v 0.02521575 0.12941712 0.05634064
v 0.01818365 0.12941657 0.05900222
v 0.01234702 0.12941819 0.06046578
v 0.00440819 0.12941809 0.06161406
v -0.05978099 0.12991826 -0.00562119
v -0.05967500 0.12991826 0.00581413
v -0.06120595 0.12991838 0.00454440
v -0.05733097 0.12991826 0.01784104
v -0.05840401 0.12991829 0.01860111
v -0.05395194 0.12991829 0.02904450
v -0.05282805 0.12991826 0.02835301
v -0.04814395 0.12991826 0.03570500
v -0.04822287 0.12991828 0.03777162
v -0.04113954 0.12991826 0.04366958
v -0.04127217 0.12991832 0.04534965
v -0.03114039 0.12991826 0.05130842
v -0.02969121 0.12991832 0.05364602
v -0.02089938 0.12991826 0.05621199
v -0.01997219 0.12991828 0.05790627
v -0.01251537 0.12991826 0.05860360
v -0.00960916 0.12991829 0.06053342
v -0.00380451 0.12991826 0.05987045
v 0.00230294 0.12991831 0.06124803
v 0.00380451 0.12991826 -0.05987993
v -0.00761973 0.12991826 -0.05949461
v -0.00105584 0.12991828 -0.06123870
v -0.00964673 0.12991829 -0.06051599
v -0.01600094 0.12991826 -0.05777304
v -0.02095428 0.12991829 -0.05759180
v -0.02535736 0.12991826 -0.05437976
v -0.02947713 0.12991828 -0.05370388
v -0.03636875 0.12991826 -0.04778627
v -0.03842370 0.12991834 -0.04783285
v -0.04607890 0.12991826 -0.03842835
v -0.04779761 0.12991829 -0.03834610
v -0.05355363 0.12991826 -0.02711143
v -0.05473926 0.12991832 -0.02764309
v -0.05731113 0.12991826 -0.01762289
v -0.05899281 0.12991829 -0.01658011
v -0.06084976 0.12991828 -0.00706204
v 0.05989781 0.12991826 0.00141171
v 0.05986990 0.12991825 -0.00204298
v 0.06118318 0.12991829 -0.00346438
v 0.05919991 0.12991826 -0.00957990
v 0.05991787 0.12991828 -0.01274629
v 0.05573807 0.12991826 -0.02235372
v 0.05719445 0.12991829 -0.02205721
v 0.05066743 0.12991838 -0.03463579
v 0.04936113 0.12991826 -0.03415200
v 0.04269884 0.12991826 -0.04209719
v 0.04196198 0.12991828 -0.04463311
v 0.03569375 0.12991826 -0.04820986
v 0.03580566 0.12991826 -0.04967301
v 0.02915942 0.12991829 -0.05389881
v 0.02807939 0.12991826 -0.05293604
v 0.02089938 0.12991826 -0.05622147
v 0.02012431 0.12991828 -0.05784541
v 0.01251537 0.12991826 -0.05861308
v 0.00969675 0.12991832 -0.06055180
v 0.00761973 0.12991826 0.05948512
v 0.01558889 0.12991834 0.05932469
v 0.01600094 0.12991826 0.05776355
v 0.02345483 0.12991826 0.05515935
v 0.02751523 0.12991829 0.05477143
v 0.03129892 0.12991826 0.05116316
v 0.03739502 0.12991829 0.04853682
v 0.03905464 0.12991826 0.04546987
v 0.04663214 0.12991834 0.03985048
v 0.04469274 0.12991826 0.03994228
v 0.04973839 0.12991826 0.03344848
v 0.05473926 0.12991832 0.02763360
v 0.05482594 0.12991826 0.02441755
v 0.05905527 0.12991829 0.01641440
v 0.05890225 0.12991826 0.01156096
v 0.06088915 0.12991828 0.00655582
v -0.00545095 0.12941808 0.06151322
v -0.00476805 0.12791990 0.06153271
v -0.01197883 0.12791474 0.06057195
v -0.01484044 0.12941687 0.05993015
v -0.01928710 0.12791853 0.05862392
v -0.02059617 0.12941827 0.05817536
v -0.02429794 0.12791853 0.05673142
v -0.02723509 0.12941808 0.05542469
v -0.02943409 0.12791851 0.05425577
v -0.03551538 0.12941951 0.05054614
v -0.03481808 0.12791844 0.05095641
v -0.03910603 0.12791854 0.04774492
v -0.04252763 0.12941903 0.04473758
v -0.04309962 0.12791854 0.04417453
v -0.04700064 0.12791851 0.04001419
v -0.04840919 0.12941791 0.03834454
v -0.05083422 0.12791847 0.03499841
v -0.05260180 0.12941740 0.03230198
v -0.05367762 0.12791857 0.03045876
v -0.05578500 0.12941901 0.02642461
v -0.05611781 0.12791857 0.02568923
v -0.05813877 0.12941821 0.02070792
v -0.05825938 0.12791853 0.02040174
v -0.06026283 0.12941949 0.01349501
v -0.06023110 0.12792276 0.01362922
v -0.06158974 0.12941450 0.00440230
v -0.06138486 0.12791923 0.00642522
v -0.06171018 0.12791963 0.00117849
v -0.06162757 0.12941800 -0.00428956
v -0.06145319 0.12791470 -0.00604435
v -0.06014145 0.12942052 -0.01403612
v -0.06022672 0.12791851 -0.01349996
v -0.05873398 0.12791851 -0.01900173
v -0.05778909 0.12941934 -0.02170397
v -0.05647626 0.12791844 -0.02489990
v -0.05510591 0.12941742 -0.02782578
v -0.05410443 0.12791853 -0.02970362
v -0.05177352 0.12941903 -0.03361987
v -0.05132596 0.12791854 -0.03428343
v -0.04656566 0.12941790 -0.04057271
v -0.04795104 0.12791851 -0.03887980
v -0.04372178 0.12791845 -0.04356785
v -0.04139302 0.12941740 -0.04580093
v -0.03977948 0.12791856 -0.04719483
v -0.03619795 0.12941901 -0.05000659
v -0.03553782 0.12791856 -0.05046711
v -0.03073264 0.12791851 -0.05354055
v -0.03100896 0.12941822 -0.05336741
v -0.02521575 0.12941712 -0.05635013
v -0.02443562 0.12792295 -0.05671979
v -0.01818365 0.12941657 -0.05901170
v -0.01756469 0.12791924 -0.05917339
v -0.01234702 0.12941819 -0.06047526
v -0.01250868 0.12791982 -0.06044566
v -0.00595040 0.12791739 -0.06144719
v 0.05989700 0.13671431 0.00059186
v 0.05989933 0.13666980 0.00030244
v 0.05989267 0.13686520 0.00093129
v 0.05988701 0.13715039 0.00124335
v 0.05988259 0.13751303 0.00144115
v 0.05988094 0.13788506 0.00150863
v 0.05987915 0.13991828 0.00157548
v 0.05988191 0.13822861 0.00147039
v 0.05988527 0.13857172 0.00132503
v 0.05989008 0.13885655 0.00108526
v 0.05989562 0.13908368 0.00071048
v 0.05989942 0.13991828 0.00025971
v 0.05989965 0.13916263 0.00015308
v 0.05989077 0.13991828 -0.00105619
v 0.05989885 0.13900039 -0.00036530
v 0.05989606 0.13872744 -0.00069237
v 0.05989366 0.13843280 -0.00087972
v 0.05989217 0.13810557 -0.00097615
v 0.05989208 0.13778323 -0.00098276
v 0.05989352 0.13742588 -0.00088861
v 0.05989607 0.13710941 -0.00069222
v 0.05989860 0.13686511 -0.00041176
v 0.05989981 0.13670053 -0.00001407
v 0.05982999 0.13991828 0.00289049
v 0.05975230 0.13991831 0.00420896
v 0.05978817 0.13991830 -0.00371875
v 0.05985322 0.13991828 -0.00237158
v -0.06146307 0.13575052 -0.00421247
v -0.06123663 0.13641392 -0.00369459
v -0.06177315 0.13591965 0.00292429
v -0.06121171 0.13617936 0.00360417
v 0.04292877 0.12735048 -0.00511251
v 0.02164317 0.12475004 0.03859929
v 0.01292917 0.12369178 0.04220344
v 0.00663290 0.12291879 0.04317238
v 0.04000857 0.12698486 -0.01737242
v 0.01233056 0.12357140 -0.04255122
v 0.02051369 0.12457614 -0.03910937
v 0.02966076 0.12573585 0.03251464
v 0.00703950 0.12291840 -0.04317616
v 0.03012955 0.12576471 -0.03162470
v 0.03734793 0.12667572 0.02289232
v 0.04201772 0.12727430 0.01020364
v 0.01106732 0.12291852 -0.04422041
v 0.03548603 0.12321784 0.03021818
v 0.03196590 0.12292404 0.03415696
v 0.03313245 0.12446768 0.03227158
v 0.01601841 0.12358876 0.04237264
v 0.01597164 0.12292026 0.04325005
v 0.00825055 0.12291864 0.04410071
v 0.03761579 0.12658367 -0.02316065
v 0.02392975 0.12380971 0.03933842
v 0.03278839 0.12557626 0.03106581
v 0.02680785 0.12463000 0.03681210
v 0.03820382 0.12636016 0.02366633
v 0.04235102 0.12694983 0.01414157
v 0.04421477 0.12732434 0.00087867
v 0.04478043 0.12701994 0.00455087
v 0.04455412 0.12618518 0.01066494
v 0.03724166 0.12498149 0.02732213
v 0.02619351 0.12292438 0.03870955
v 0.04311481 0.12512319 0.01701485
v 0.04460200 0.12496128 0.01271237
v 0.04577792 0.12505390 0.00758132
v 0.04228172 0.12644555 -0.01656980
v 0.04488523 0.12694302 -0.00408956
v 0.04351771 0.12708026 -0.00980512
v 0.02886371 0.12520468 -0.03462048
v 0.03556205 0.12582940 -0.02795784
v 0.02608819 0.12292264 -0.03865766
v 0.03072887 0.12422255 -0.03449457
v 0.02604165 0.12397482 -0.03795252
v 0.04142512 0.12465104 -0.02096452
v 0.04334962 0.12485497 -0.01654088
v 0.04025724 0.12573008 -0.02196298
v 0.03592476 0.12471264 -0.02907836
v 0.03802926 0.12442356 -0.02660732
v 0.01795545 0.12370012 -0.04166921
v 0.02285010 0.12409112 -0.03947930
v 0.04240840 0.12628691 0.01657338
v 0.04570098 0.12606415 0.00498832
v 0.04064890 0.12497234 0.02226045
v 0.04588988 0.12617716 -0.00106370
v 0.04637224 0.12506239 0.00126794
v 0.04511129 0.12632324 -0.00751474
v 0.04607367 0.12516572 -0.00549498
v 0.03828141 0.12293348 0.02677618
v 0.04097119 0.12320899 -0.02232945
v 0.03205547 0.12338716 -0.03376324
v 0.03600495 0.12316410 -0.02966615
v 0.04470029 0.12534352 -0.01217240
v 0.02055623 0.12291997 -0.04159543
v 0.04386414 0.12315169 -0.01578945
v 0.04579620 0.12321343 -0.00898755
v 0.04663865 0.12312621 -0.00130554
v 0.04655404 0.12292714 0.00396973
v 0.04502896 0.12323727 0.01224871
v 0.04199938 0.12321205 0.02026074
v -0.04328565 0.12739959 -0.00281447
v -0.00662607 0.12291826 -0.04315580
v -0.04258282 0.12730078 0.01036734
v -0.01747050 0.12424722 -0.04038817
v -0.02362311 0.12500206 -0.03669365
v -0.03903020 0.12686454 0.01936350
v -0.01023907 0.12336120 -0.04295096
v -0.02138699 0.12468725 0.03805378
v -0.03409977 0.12625358 0.02751352
v -0.03225113 0.12605336 -0.03002357
v -0.00722450 0.12291919 0.04329966
v -0.01114401 0.12342559 0.04272119
v -0.03960549 0.12693252 -0.01913208
v -0.03669383 0.12322099 0.02874191
v -0.04100708 0.12321583 0.02223489
v -0.03918162 0.12495971 0.02467225
v -0.04278253 0.12488508 0.01807785
v -0.04415872 0.12315629 0.01498188
v -0.04503195 0.12510920 0.01108746
v -0.04587431 0.12325121 0.00855338
v -0.04614163 0.12529960 0.00456402
v -0.04664309 0.12318842 0.00020109
v -0.04627466 0.12557362 -0.00060811
v -0.04596078 0.12540753 -0.00571567
v -0.04595402 0.12326015 -0.00812831
v -0.04481927 0.12514290 -0.01204178
v -0.04332584 0.12309357 -0.01742029
v -0.04264896 0.12502454 -0.01818691
v -0.04028013 0.12454125 -0.02310542
v -0.03923288 0.12292916 -0.02545823
v -0.03741934 0.12463015 -0.02736351
v -0.03621325 0.12319838 -0.02936778
v -0.01360936 0.12291962 0.04375868
v -0.02141101 0.12292119 0.04120322
v -0.01659224 0.12378600 0.04185511
v -0.03029710 0.12308414 -0.03549521
v -0.03421933 0.12432668 -0.03124030
v -0.01694969 0.12377915 -0.04187784
v -0.01582801 0.12292122 -0.04322932
v -0.00837232 0.12291950 -0.04411037
v -0.03431355 0.12577079 -0.02938458
v -0.02970157 0.12522505 -0.03403914
v -0.04143157 0.12642618 -0.01834520
v -0.03861474 0.12571427 -0.02452737
v -0.04296556 0.12715723 -0.01085364
v -0.04353693 0.12630638 -0.01361074
v -0.04498412 0.12677400 -0.00579464
v -0.04418150 0.12728161 0.00376104
v -0.04528642 0.12681712 0.00168651
v -0.03048730 0.12433353 -0.03461115
v -0.04435034 0.12652169 0.01036967
v -0.04140198 0.12664779 0.01754970
v -0.03721667 0.12621115 0.02516397
v -0.02648702 0.12512240 0.03599545
v -0.03139294 0.12524104 0.03276196
v -0.04219189 0.12571454 0.01828893
v -0.02315526 0.12389049 0.03960955
v -0.02075106 0.12310567 -0.04136864
v -0.02407103 0.12471233 -0.03798016
v -0.02610506 0.12399746 -0.03792808
v -0.02525123 0.12292197 -0.03918795
v -0.03615767 0.12510094 0.02843784
v -0.03393627 0.12393872 0.03167542
v -0.02855539 0.12430971 0.03605020
v -0.02748123 0.12292288 0.03772349
v -0.03219481 0.12292702 0.03393329
v -0.05763224 0.13641652 -0.00358690
v -0.05764003 0.13641717 0.00297055
v -0.06179361 0.13462950 0.00301951
v -0.06121312 0.13413829 -0.00424946
v 0.00609465 0.13063587 0.05742515
v -0.00210797 0.13047796 0.05772185
v 0.01253002 0.13056178 0.05633416
v 0.01797908 0.13063695 0.05486003
v 0.02566315 0.13060677 0.05174687
v 0.03201965 0.13062760 0.04803554
v 0.03699347 0.13061912 0.04431991
v 0.04081888 0.13063706 0.04081600
v 0.04487240 0.13060717 0.03633541
v 0.04861344 0.13065057 0.03111380
v 0.05095118 0.13060892 0.02715573
v 0.05372822 0.13049152 0.02111500
v 0.05541845 0.13054599 0.01612338
v 0.05696671 0.13064726 0.00946490
v 0.05716824 0.13068074 0.00731770
v -0.00780129 0.12791960 0.05720156
v -0.00996190 0.12291931 0.05180188
v -0.01365957 0.12791900 0.05607761
v -0.01565692 0.12297451 0.05040423
v -0.01846159 0.12791818 0.05467298
v -0.02409747 0.12791626 0.05246875
v -0.02313052 0.12291942 0.04741833
v -0.03016336 0.12791911 0.04921718
v -0.02998564 0.12296695 0.04346465
v -0.03397140 0.12792028 0.04664991
v -0.03831179 0.12791693 0.04318466
v -0.03582225 0.12291917 0.03867649
v -0.04212838 0.12791756 0.03943707
v -0.04135479 0.12292054 0.03279835
v -0.04589406 0.12791725 0.03503498
v -0.04910070 0.12791952 0.03032349
v -0.04636943 0.12297777 0.02525237
v -0.05136237 0.12791647 0.02634295
v -0.04838603 0.12291992 0.02096727
v -0.05414743 0.12792081 0.02006109
v -0.05076909 0.12292024 0.01424644
v -0.05620168 0.12791774 0.01315142
v -0.05241229 0.12292055 0.00627802
v -0.05727018 0.12791730 0.00729735
v -0.05768211 0.12791686 0.00177547
v -0.05257852 0.12291917 -0.00465307
v -0.05767749 0.12791546 -0.00201608
v -0.05720580 0.12791958 -0.00780657
v -0.05051440 0.12292065 -0.01532283
v -0.05601201 0.12791970 -0.01398086
v -0.05386815 0.12792125 -0.02080806
v -0.04730430 0.12292095 -0.02330021
v -0.05081129 0.12791790 -0.02741647
v -0.04444470 0.12291993 -0.02840622
v -0.04766980 0.12791896 -0.03255270
v -0.04040399 0.12297432 -0.03396339
v -0.04451996 0.12791853 -0.03673376
v -0.04054003 0.12791593 -0.04110909
v -0.03598394 0.12291986 -0.03856346
v -0.03504995 0.12792045 -0.04589504
v -0.03074766 0.12292017 -0.04283568
v -0.02971520 0.12791941 -0.04949878
v -0.02511626 0.12291940 -0.04640712
v -0.02350308 0.12791605 -0.05273657
v -0.01579528 0.12291862 -0.05036112
v -0.01667232 0.12792017 -0.05528978
v -0.01042218 0.12791942 -0.05678562
v -0.00588778 0.12292026 -0.05246054
v -0.00345724 0.12791836 -0.05763547
v 0.04640553 0.12291916 -0.00751444
v 0.04308030 0.12291873 -0.01925825
v 0.04396863 0.12291921 0.01711844
v -0.04658650 0.12291921 0.00616167
v -0.04690029 0.12291954 -0.00309520
v -0.04453153 0.12291902 -0.01571870
v 0.03435287 0.12291955 -0.03219834
v -0.04340115 0.12291937 0.01807496
v -0.03866460 0.12291946 0.02667847
v -0.03255691 0.12291986 -0.03380831
v 0.05723975 0.13056639 -0.00722646
v 0.05568613 0.13062523 -0.01526407
v 0.05359443 0.13060477 -0.02147867
v 0.05077559 0.13060848 -0.02747926
v 0.04724348 0.13056158 -0.03322968
v 0.04247424 0.13056113 -0.03909394
v 0.03737194 0.13063619 -0.04403216
v 0.03261128 0.13045062 -0.04763560
v 0.02273707 0.13061646 -0.05310523
v 0.02846530 0.13052458 -0.05021067
v 0.01432696 0.13062452 -0.05596428
v 0.00753632 0.13055874 -0.05722837
v 0.00123514 0.13069093 -0.05773600
v -0.06123107 0.13411789 0.00371346
v -0.05757993 0.13578698 0.00373180
v -0.01139752 0.13061556 0.05662374
v -0.03250073 0.13062161 0.04772675
v -0.03908451 0.13053076 0.04251147
v -0.04519965 0.13062379 0.03597418
v -0.05023998 0.13059451 0.02849907
v -0.05400213 0.13065752 0.02049848
v -0.05728267 0.13061483 0.00711755
v -0.05618677 0.13058667 0.01326828
v -0.02010025 0.13064656 0.05415458
v -0.02724727 0.13063321 0.05089325
v -0.02083749 0.13060530 -0.05383260
v -0.02746509 0.13047443 -0.05082540
v -0.03407783 0.13063069 -0.04660886
v -0.01095316 0.13060346 -0.05667847
v -0.01584390 0.13056989 -0.05551958
v -0.00478071 0.13062167 -0.05755266
v -0.03803577 0.13060483 -0.04342261
v -0.04238344 0.13063848 -0.03921781
v -0.04693399 0.13058379 -0.03362660
v -0.05030857 0.13062280 -0.02831977
v -0.05292027 0.13066262 -0.02314203
v -0.05560048 0.13065611 -0.01562949
v -0.05701889 0.13061547 -0.00905384
v -0.05754354 0.13566288 -0.00425583
v 0.05687595 0.13071039 0.00640105
v 0.05614273 0.13068689 0.00541077
v 0.05559468 0.13088644 0.00474161
v 0.05458734 0.13047010 0.00474148
v 0.05525325 0.13082525 -0.00429788
v 0.05608299 0.13077046 -0.00484987
v 0.05680272 0.13074355 -0.00560737
v 0.05569908 0.13089347 -0.00426427
v -0.05965752 0.13411829 0.00372584
v -0.05956835 0.13411829 -0.00426721
v 0.05313412 0.13991828 0.00472989
v 0.05921029 0.13991828 0.00475672
v 0.05317385 0.13991828 -0.00427002
v 0.05920775 0.13991828 -0.00424338
v 0.05263633 0.13991828 0.00422769
v 0.05265123 0.13899982 0.00085367
v 0.05265341 0.13915908 0.00036092
v 0.05264968 0.13869591 0.00120477
v 0.05267165 0.13991828 -0.00377223
v 0.05265523 0.13913622 -0.00005229
v 0.05264872 0.13828699 0.00142161
v 0.05264848 0.13791279 0.00147687
v 0.05264903 0.13737278 0.00135131
v 0.05264997 0.13706447 0.00113924
v 0.05265124 0.13683636 0.00085109
v 0.05265855 0.13862173 -0.00080494
v 0.05265714 0.13894431 -0.00048518
v 0.05264861 0.13764013 0.00144638
v 0.05265237 0.13672380 0.00059617
v 0.05265582 0.13674034 -0.00018636
v 0.05265742 0.13694091 -0.00054942
v 0.05265854 0.13721208 -0.00080227
v 0.05265317 0.13668223 0.00041403
v 0.05265456 0.13667704 0.00009885
v 0.05265944 0.13772674 -0.00100693
v 0.05265913 0.13746159 -0.00093585
v 0.05265937 0.13819696 -0.00098950
v 0.05939085 0.14041828 -0.00104742
v 0.05317165 0.14041828 -0.00377002
v 0.05935361 0.14041828 -0.00235183
v 0.05928604 0.14042249 -0.00369406
v 0.05925014 0.14042319 0.00421864
v 0.05313633 0.14041828 0.00422990
v 0.05933058 0.14041828 0.00286632
v 0.05937933 0.14041828 0.00156229
v 0.05939942 0.14041828 0.00025750
f 1 3 2
f 4 6 5
f 7 9 8
f 1 11 10
f 10 3 1
f 4 5 7
f 1 2 6
f 1 6 4
f 7 5 9
f 12 14 13
f 12 13 15
f 16 18 17
f 17 18 19
f 20 22 21
f 15 24 23
f 25 27 26
f 28 29 12
f 12 29 14
f 30 17 19
f 31 33 32
f 9 34 8
f 8 34 31
f 31 34 35
f 31 35 33
f 36 32 37
f 36 37 22
f 36 22 20
f 21 22 38
f 39 41 40
f 40 41 42
f 42 41 27
f 27 29 26
f 26 29 28
f 15 13 24
f 23 24 43
f 31 32 36
f 44 38 45
f 39 45 41
f 44 45 39
f 43 24 17
f 43 17 30
f 46 38 44
f 42 27 25
f 21 38 46
f 47 49 48
f 49 51 50
f 52 51 49
f 49 50 48
f 52 49 53
f 52 53 54
f 54 53 55
f 55 53 56
f 55 56 57
f 57 56 58
f 57 58 59
f 59 58 60
f 59 60 61
f 61 60 62
f 61 62 63
f 63 62 64
f 62 65 64
f 64 65 66
f 66 65 67
f 66 67 68
f 67 69 68
f 68 69 70
f 70 69 71
f 70 71 72
f 71 73 72
f 72 73 74
f 75 74 73
f 76 78 77
f 79 78 76
f 80 82 81
f 81 82 83
f 82 84 83
f 83 84 85
f 85 84 86
f 85 86 87
f 87 86 88
f 87 88 89
f 89 88 90
f 88 91 90
f 90 91 92
f 92 91 93
f 91 94 93
f 93 94 95
f 94 96 95
f 95 96 97
f 97 96 98
f 96 99 98
f 98 99 100
f 99 101 100
f 100 101 102
f 102 101 76
f 102 76 77
f 103 105 104
f 106 104 107
f 104 106 103
f 108 110 109
f 109 110 106
f 108 111 110
f 104 105 112
f 113 111 114
f 114 111 108
f 109 106 107
f 115 117 116
f 118 119 115
f 115 119 117
f 120 122 121
f 120 121 123
f 124 126 125
f 125 127 113
f 125 113 128
f 123 121 124
f 124 121 126
f 116 117 129
f 125 126 127
f 116 129 130
f 128 113 114
f 129 122 130
f 130 122 120
f 131 133 132
f 133 134 132
f 135 137 136
f 138 134 139
f 139 141 140
f 135 136 142
f 139 134 141
f 142 136 131
f 131 136 133
f 132 134 138
f 140 144 143
f 143 144 119
f 143 119 118
f 140 141 144
f 109 107 145
f 146 148 147
f 146 18 148
f 149 18 146
f 150 125 128
f 150 128 114
f 150 114 151
f 151 114 108
f 151 108 109
f 151 109 145
f 148 135 147
f 125 150 152
f 125 152 124
f 124 152 153
f 124 153 123
f 123 153 120
f 120 153 154
f 120 154 155
f 120 155 130
f 130 155 156
f 130 156 116
f 116 156 157
f 116 157 115
f 115 157 158
f 115 158 118
f 118 158 159
f 118 159 160
f 118 160 143
f 143 160 161
f 143 161 162
f 143 162 140
f 140 162 163
f 140 163 139
f 139 163 164
f 139 164 138
f 138 164 165
f 138 165 166
f 138 166 132
f 132 166 167
f 132 167 131
f 131 167 168
f 131 168 142
f 142 168 147
f 142 147 135
f 149 30 19
f 149 19 18
f 7 169 4
f 4 169 170
f 4 170 1
f 30 149 171
f 30 171 43
f 43 171 172
f 43 172 173
f 43 173 23
f 23 173 174
f 23 174 15
f 15 174 12
f 12 174 175
f 12 175 176
f 12 176 28
f 28 176 177
f 28 177 26
f 26 177 178
f 26 178 25
f 25 178 179
f 25 179 42
f 42 179 180
f 42 180 181
f 42 181 40
f 40 181 39
f 39 181 182
f 39 182 44
f 44 182 183
f 44 183 184
f 44 184 46
f 46 184 185
f 46 185 21
f 21 185 186
f 21 186 20
f 20 186 187
f 20 187 36
f 36 187 188
f 36 188 31
f 31 188 189
f 31 189 8
f 8 189 190
f 8 190 7
f 7 190 169
f 49 47 191
f 76 191 79
f 191 76 101
f 88 86 84
f 56 60 58
f 73 71 75
f 192 194 193
f 193 194 195
f 196 198 197
f 197 194 196
f 196 194 192
f 196 192 199
f 193 200 192
f 192 200 201
f 202 199 192
f 202 192 201
f 199 202 196
f 196 202 203
f 196 203 198
f 198 203 204
f 205 197 206
f 206 197 207
f 207 197 204
f 204 197 198
f 197 205 194
f 194 205 208
f 194 208 195
f 195 208 209
f 200 193 210
f 210 193 195
f 210 195 209
f 211 213 212
f 214 216 215
f 216 218 217
f 216 220 219
f 216 221 220
f 222 213 223
f 216 224 221
f 212 225 220
f 214 226 216
f 216 228 227
f 217 224 216
f 212 220 211
f 220 225 219
f 216 227 218
f 222 212 213
f 216 226 228
f 229 231 230
f 232 233 229
f 229 233 234
f 229 234 231
f 231 235 230
f 230 235 236
f 236 235 237
f 236 237 238
f 239 241 240
f 240 241 242
f 240 242 243
f 244 246 245
f 244 245 232
f 232 245 233
f 247 248 239
f 247 239 240
f 249 251 250
f 249 250 252
f 253 255 254
f 253 254 249
f 249 254 251
f 238 237 255
f 238 255 253
f 256 257 246
f 256 246 244
f 243 242 258
f 252 250 248
f 252 248 247
f 243 258 259
f 259 258 260
f 259 260 256
f 256 260 257
f 230 220 229
f 229 220 221
f 243 214 240
f 240 214 215
f 259 226 243
f 243 226 214
f 256 228 259
f 259 228 226
f 228 256 227
f 227 256 244
f 227 244 218
f 218 244 217
f 217 244 232
f 217 232 224
f 224 232 229
f 224 229 221
f 240 215 247
f 247 215 216
f 230 211 220
f 236 211 230
f 236 213 211
f 236 238 213
f 223 213 238
f 253 223 238
f 223 253 222
f 222 253 249
f 222 249 212
f 212 249 252
f 212 252 225
f 225 252 247
f 225 247 219
f 219 247 216
f 234 261 231
f 231 261 262
f 250 263 248
f 248 263 264
f 248 264 239
f 239 264 265
f 250 266 263
f 266 250 267
f 267 250 251
f 267 251 254
f 254 268 267
f 255 269 254
f 254 269 268
f 255 270 269
f 270 255 237
f 237 271 270
f 272 271 235
f 235 271 237
f 272 235 231
f 231 262 272
f 239 265 241
f 241 265 273
f 233 261 234
f 233 274 261
f 245 274 233
f 274 245 275
f 275 245 276
f 276 245 246
f 277 276 246
f 277 246 257
f 277 257 278
f 260 278 257
f 278 260 279
f 279 260 258
f 279 258 280
f 280 258 281
f 281 258 242
f 281 242 273
f 273 242 241
f 282 284 283
f 283 284 285
f 286 287 283
f 285 286 283
f 288 290 289
f 289 290 291
f 289 291 292
f 291 293 292
f 294 296 295
f 295 296 297
f 298 300 299
f 299 300 296
f 299 296 301
f 301 296 294
f 301 294 302
f 301 302 303
f 304 306 305
f 304 305 297
f 303 302 307
f 307 302 308
f 307 308 309
f 309 308 310
f 311 312 305
f 305 312 295
f 305 295 297
f 311 313 312
f 312 313 310
f 310 313 309
f 314 306 315
f 315 306 304
f 314 315 316
f 316 315 317
f 316 317 318
f 318 317 298
f 298 317 300
f 295 285 294
f 294 285 284
f 294 284 302
f 302 284 282
f 302 282 308
f 308 282 283
f 285 295 286
f 286 295 312
f 286 312 287
f 310 287 312
f 287 310 283
f 308 283 310
f 317 291 300
f 300 291 290
f 300 290 296
f 296 290 288
f 296 288 297
f 297 288 289
f 291 317 315
f 291 315 293
f 293 315 304
f 293 304 292
f 292 304 297
f 292 297 289
f 307 319 303
f 303 319 320
f 321 301 322
f 322 301 303
f 322 303 320
f 301 321 299
f 299 321 323
f 324 298 323
f 323 298 299
f 298 324 318
f 318 324 325
f 305 327 326
f 305 306 327
f 306 328 327
f 314 328 306
f 314 329 328
f 316 330 329
f 316 329 314
f 330 316 318
f 330 318 325
f 319 307 331
f 331 307 309
f 331 309 332
f 332 309 313
f 332 313 333
f 333 313 311
f 333 311 326
f 326 311 305
f 334 336 335
f 334 335 337
f 337 335 338
f 334 339 336
f 336 339 340
f 340 339 341
f 340 341 342
f 342 341 343
f 335 344 338
f 345 341 346
f 346 341 339
f 346 339 334
f 346 334 347
f 347 334 348
f 348 334 337
f 341 345 343
f 343 345 349
f 350 342 349
f 349 342 343
f 342 350 340
f 340 350 351
f 352 335 353
f 353 335 336
f 353 336 354
f 354 336 340
f 354 340 351
f 335 352 344
f 344 352 355
f 338 357 356
f 357 338 344
f 355 357 344
f 338 356 337
f 337 356 348
f 358 360 359
f 361 362 359
f 359 362 358
f 363 365 364
f 364 365 366
f 359 360 367
f 359 367 363
f 363 367 365
f 364 368 363
f 363 368 369
f 359 369 370
f 363 369 359
f 359 370 361
f 361 370 371
f 372 362 373
f 373 362 361
f 373 361 374
f 374 361 371
f 362 372 358
f 358 372 375
f 376 365 377
f 377 365 367
f 377 367 360
f 377 360 378
f 378 360 375
f 375 360 358
f 365 376 366
f 366 376 379
f 368 364 380
f 380 364 366
f 380 366 379
f 381 383 382
f 382 383 384
f 382 386 385
f 385 386 387
f 382 384 386
f 388 389 381
f 381 389 383
f 390 392 391
f 390 391 393
f 394 396 395
f 397 399 398
f 398 399 400
f 394 401 396
f 392 390 402
f 392 402 403
f 403 402 394
f 394 402 401
f 395 396 404
f 395 404 397
f 397 404 399
f 405 406 388
f 388 406 389
f 400 407 398
f 398 407 408
f 408 407 409
f 408 409 410
f 410 409 411
f 411 409 412
f 411 412 413
f 413 412 414
f 413 414 405
f 405 414 406
f 415 414 416
f 416 414 412
f 416 412 417
f 417 412 418
f 418 412 409
f 418 409 419
f 414 415 406
f 406 415 420
f 421 383 422
f 422 383 389
f 422 389 423
f 423 389 406
f 423 406 424
f 424 406 420
f 383 421 384
f 384 421 425
f 426 386 384
f 426 384 425
f 386 426 387
f 387 426 427
f 428 385 429
f 429 385 427
f 427 385 387
f 385 428 382
f 382 428 430
f 382 430 381
f 381 430 431
f 381 431 432
f 381 432 388
f 388 432 433
f 388 433 405
f 405 433 413
f 413 433 434
f 394 395 435
f 394 435 436
f 397 437 395
f 395 437 435
f 437 397 438
f 438 397 439
f 439 397 398
f 439 398 440
f 440 398 408
f 440 408 441
f 441 408 410
f 441 410 442
f 442 410 411
f 442 411 434
f 434 411 413
f 394 436 403
f 403 436 443
f 444 391 445
f 445 391 392
f 445 392 443
f 443 392 403
f 391 444 446
f 391 446 393
f 446 447 393
f 393 447 390
f 390 447 448
f 390 448 402
f 402 448 449
f 402 449 401
f 401 449 450
f 407 451 409
f 409 451 419
f 407 452 451
f 400 452 407
f 400 453 452
f 399 453 400
f 399 454 453
f 399 404 455
f 399 455 454
f 404 456 455
f 456 404 396
f 456 396 457
f 396 458 457
f 396 401 458
f 401 450 458
f 459 461 460
f 460 461 462
f 462 461 463
f 464 465 459
f 460 464 459
f 464 460 466
f 466 460 467
f 466 469 468
f 469 466 467
f 466 468 464
f 464 468 470
f 464 470 465
f 465 470 471
f 472 459 471
f 471 459 465
f 459 472 461
f 461 472 473
f 461 473 463
f 463 473 474
f 475 463 476
f 476 463 474
f 477 462 475
f 475 462 463
f 462 477 460
f 460 477 478
f 460 478 467
f 467 478 479
f 469 467 480
f 480 467 479
f 481 483 482
f 482 483 484
f 485 486 482
f 484 485 482
f 487 489 488
f 488 489 490
f 488 490 491
f 491 490 492
f 493 495 494
f 494 495 496
f 497 499 498
f 498 499 495
f 498 495 500
f 500 495 493
f 500 493 501
f 500 501 502
f 503 505 504
f 502 501 506
f 506 501 507
f 506 507 508
f 508 507 509
f 510 496 511
f 510 511 512
f 503 513 505
f 503 504 514
f 514 504 497
f 497 504 499
f 515 516 510
f 510 516 494
f 510 494 496
f 515 517 516
f 516 517 509
f 509 517 508
f 513 512 505
f 505 512 511
f 494 484 493
f 493 484 483
f 493 483 501
f 501 483 481
f 501 481 507
f 507 481 482
f 484 494 485
f 485 494 516
f 485 516 486
f 509 486 516
f 486 509 482
f 507 482 509
f 504 490 499
f 499 490 489
f 499 489 495
f 495 489 487
f 495 487 496
f 496 487 488
f 490 504 492
f 492 504 505
f 492 505 511
f 492 511 491
f 491 511 496
f 491 496 488
f 506 518 502
f 502 518 519
f 520 500 519
f 519 500 502
f 500 520 498
f 498 520 521
f 522 497 521
f 521 497 498
f 497 522 514
f 514 522 523
f 510 512 524
f 510 524 525
f 512 526 524
f 513 526 512
f 513 527 526
f 503 527 513
f 527 503 523
f 523 503 514
f 518 506 528
f 528 506 508
f 528 508 529
f 529 508 517
f 529 517 530
f 530 517 515
f 530 515 525
f 525 515 510
f 531 533 532
f 532 535 534
f 532 536 535
f 532 538 537
f 539 540 532
f 532 533 536
f 532 534 538
f 532 540 531
f 541 543 542
f 542 543 544
f 544 543 545
f 544 545 546
f 547 549 548
f 548 549 550
f 551 553 552
f 552 553 554
f 552 554 555
f 555 554 542
f 542 554 541
f 548 550 546
f 546 550 544
f 556 558 557
f 559 551 552
f 560 561 559
f 559 561 551
f 558 556 562
f 558 562 560
f 560 562 561
f 558 549 557
f 557 549 547
f 539 550 540
f 540 550 549
f 540 549 558
f 540 558 531
f 531 558 560
f 560 533 531
f 550 539 544
f 544 539 532
f 544 532 542
f 542 532 537
f 542 537 555
f 555 537 538
f 533 560 559
f 533 559 536
f 535 536 559
f 552 535 559
f 535 552 534
f 534 552 538
f 538 552 555
f 562 563 561
f 554 565 564
f 554 553 566
f 554 566 565
f 553 567 566
f 553 551 567
f 567 551 568
f 551 561 569
f 569 568 551
f 561 563 569
f 554 564 541
f 541 564 570
f 571 543 570
f 570 543 541
f 543 571 545
f 545 571 572
f 573 546 572
f 572 546 545
f 546 573 548
f 548 573 574
f 563 562 575
f 575 562 556
f 575 556 557
f 575 557 576
f 576 557 547
f 576 547 577
f 577 547 578
f 578 547 548
f 578 548 574
f 579 581 580
f 582 584 583
f 582 583 585
f 585 583 586
f 585 586 587
f 585 587 588
f 588 587 589
f 590 591 582
f 582 591 584
f 581 588 580
f 580 588 589
f 580 589 592
f 592 589 593
f 592 593 594
f 594 593 595
f 594 595 596
f 596 595 597
f 596 597 598
f 598 597 599
f 591 600 584
f 584 600 601
f 602 587 603
f 603 587 586
f 603 586 604
f 604 586 583
f 604 583 605
f 605 583 584
f 605 584 601
f 587 602 589
f 589 602 606
f 607 597 595
f 607 595 608
f 608 595 609
f 609 595 593
f 609 593 606
f 606 593 589
f 597 607 599
f 599 607 610
f 598 610 611
f 610 598 599
f 598 611 596
f 596 611 612
f 613 592 614
f 614 592 615
f 615 592 594
f 615 594 596
f 615 596 612
f 592 613 580
f 580 613 579
f 579 613 616
f 617 581 618
f 618 581 579
f 618 579 616
f 581 617 588
f 588 617 619
f 588 619 585
f 585 619 620
f 582 622 621
f 582 585 622
f 585 620 622
f 582 621 590
f 590 621 623
f 600 591 590
f 600 590 623
f 624 626 625
f 624 625 627
f 628 630 629
f 629 630 631
f 631 630 632
f 633 635 634
f 636 638 637
f 639 627 625
f 636 637 629
f 629 637 628
f 636 635 633
f 633 638 636
f 633 634 624
f 624 634 626
f 640 631 641
f 641 631 642
f 642 631 632
f 631 640 629
f 629 640 643
f 644 636 643
f 629 643 636
f 636 644 635
f 635 644 645
f 646 625 626
f 646 626 647
f 647 626 648
f 648 626 634
f 648 634 635
f 648 635 645
f 625 646 639
f 639 646 649
f 650 627 651
f 651 627 639
f 651 639 649
f 652 624 653
f 653 624 627
f 653 627 650
f 633 652 654
f 624 652 633
f 633 654 638
f 638 654 655
f 630 628 656
f 656 657 630
f 628 658 656
f 637 659 628
f 628 659 658
f 638 655 637
f 637 655 659
f 630 657 632
f 632 657 642
f 660 662 661
f 661 662 663
f 664 665 660
f 665 666 660
f 660 666 662
f 667 668 664
f 664 668 665
f 669 671 670
f 669 670 672
f 673 675 674
f 676 678 677
f 677 678 679
f 673 680 675
f 671 669 681
f 671 681 682
f 682 681 673
f 673 681 680
f 674 675 683
f 674 683 676
f 676 683 678
f 684 685 667
f 667 685 668
f 679 686 677
f 677 686 687
f 687 686 688
f 687 688 689
f 689 688 690
f 690 688 691
f 690 691 692
f 692 691 693
f 692 693 684
f 684 693 685
f 694 693 695
f 695 693 691
f 695 691 696
f 696 691 688
f 696 688 697
f 693 694 685
f 685 694 698
f 699 665 700
f 700 665 668
f 700 668 701
f 701 668 685
f 701 685 698
f 665 699 666
f 666 699 702
f 703 662 702
f 702 662 666
f 662 703 663
f 663 703 704
f 705 661 706
f 706 661 663
f 706 663 704
f 661 705 660
f 660 705 707
f 660 707 664
f 664 707 708
f 664 708 709
f 664 709 667
f 667 709 710
f 667 710 684
f 684 710 692
f 692 710 711
f 673 674 712
f 673 712 713
f 676 714 674
f 674 714 712
f 714 676 715
f 715 676 716
f 716 676 677
f 716 677 717
f 717 677 687
f 717 687 718
f 718 687 689
f 718 689 719
f 719 689 690
f 719 690 711
f 711 690 692
f 673 713 682
f 682 713 720
f 721 670 722
f 722 670 671
f 722 671 720
f 720 671 682
f 670 721 672
f 672 721 723
f 672 723 669
f 669 723 724
f 669 724 681
f 681 724 725
f 681 725 680
f 680 725 726
f 686 697 688
f 686 727 697
f 686 728 727
f 679 728 686
f 678 729 679
f 679 729 728
f 678 730 729
f 678 683 730
f 683 731 730
f 731 683 675
f 731 675 732
f 675 680 732
f 680 726 732
f 733 735 734
f 734 736 733
f 733 737 735
f 735 737 738
f 739 734 738
f 738 734 735
f 734 739 736
f 736 739 740
f 740 737 733
f 740 733 736
f 741 743 742
f 741 744 743
f 745 747 746
f 748 750 749
f 747 744 741
f 746 747 751
f 751 747 752
f 753 755 754
f 747 745 744
f 742 743 756
f 757 755 753
f 748 758 757
f 748 749 758
f 750 748 759
f 759 748 760
f 753 754 761
f 753 761 762
f 762 761 763
f 762 763 742
f 762 742 756
f 758 755 757
f 751 764 746
f 746 764 765
f 766 756 767
f 767 756 743
f 767 743 768
f 768 743 744
f 768 744 769
f 769 744 745
f 769 745 765
f 765 745 746
f 770 762 766
f 766 762 756
f 762 770 753
f 753 770 771
f 772 748 773
f 773 748 757
f 773 757 774
f 774 757 753
f 774 753 771
f 748 772 760
f 760 772 775
f 776 759 760
f 776 760 775
f 759 776 750
f 750 776 777
f 778 749 777
f 777 749 750
f 779 761 754
f 779 754 780
f 780 754 781
f 754 755 781
f 781 755 782
f 782 755 758
f 782 758 783
f 783 758 749
f 783 749 778
f 761 779 763
f 763 779 784
f 784 742 763
f 742 784 785
f 742 785 741
f 741 785 747
f 786 747 785
f 747 786 752
f 752 786 787
f 788 752 787
f 764 751 788
f 788 751 752
f 789 791 790
f 789 790 792
f 792 790 793
f 792 793 794
f 792 794 795
f 795 794 796
f 795 796 797
f 797 796 798
f 799 800 789
f 789 800 791
f 794 801 796
f 796 801 802
f 802 801 803
f 802 803 804
f 802 804 805
f 805 804 806
f 805 806 807
f 807 806 808
f 800 809 791
f 791 809 810
f 811 794 812
f 812 794 793
f 812 793 813
f 813 793 790
f 813 790 810
f 810 790 791
f 794 811 801
f 801 811 814
f 815 806 816
f 816 806 804
f 816 804 817
f 817 804 803
f 817 803 814
f 814 803 801
f 806 815 808
f 808 815 818
f 819 807 808
f 819 808 818
f 807 819 805
f 805 819 820
f 821 796 802
f 821 802 820
f 820 802 805
f 796 821 822
f 796 822 798
f 798 822 823
f 824 797 798
f 824 798 823
f 797 824 795
f 795 824 825
f 795 825 792
f 792 825 826
f 789 828 827
f 789 792 828
f 792 826 828
f 789 827 799
f 799 827 829
f 809 800 799
f 809 799 829
f 830 832 831
f 831 834 833
f 831 835 834
f 831 837 836
f 838 839 831
f 831 832 835
f 831 833 837
f 831 839 830
f 840 842 841
f 841 842 843
f 843 842 844
f 845 847 846
f 846 847 848
f 849 851 850
f 850 851 852
f 850 852 853
f 853 852 841
f 841 852 840
f 843 854 845
f 845 854 847
f 855 857 856
f 844 854 843
f 858 849 850
f 859 860 858
f 858 860 849
f 857 855 861
f 857 861 859
f 859 861 860
f 857 846 856
f 856 846 848
f 838 845 839
f 839 845 846
f 839 846 857
f 839 857 830
f 830 857 859
f 859 832 830
f 845 838 843
f 843 838 831
f 843 831 841
f 841 831 836
f 841 836 853
f 853 836 837
f 832 859 858
f 832 858 835
f 834 835 858
f 850 834 858
f 834 850 833
f 833 850 837
f 837 850 853
f 861 862 860
f 852 864 863
f 852 851 865
f 852 865 864
f 851 866 865
f 851 849 866
f 866 849 867
f 849 860 868
f 868 867 849
f 860 862 868
f 852 863 840
f 840 863 869
f 870 842 840
f 870 840 869
f 871 872 844
f 870 873 842
f 842 873 874
f 842 874 844
f 844 874 875
f 844 875 871
f 876 854 872
f 872 854 844
f 854 876 847
f 847 876 877
f 862 861 878
f 878 861 855
f 878 855 879
f 879 855 856
f 879 856 880
f 880 856 848
f 880 848 881
f 881 848 847
f 881 847 882
f 882 847 877
f 428 431 430
f 883 885 884
f 209 208 205
f 886 888 887
f 889 891 890
f 892 891 889
f 893 894 892
f 895 892 889
f 891 892 894
f 896 897 893
f 893 892 896
f 897 896 898
f 898 900 899
f 897 898 899
f 900 898 901
f 900 901 902
f 902 901 903
f 904 903 901
f 905 903 904
f 905 904 906
f 906 907 905
f 908 909 907
f 908 907 906
f 908 910 909
f 910 908 911
f 911 912 910
f 912 911 913
f 914 912 913
f 913 915 914
f 913 916 915
f 916 913 917
f 918 916 917
f 918 917 919
f 201 200 920
f 920 200 921
f 919 923 922
f 200 210 924
f 922 925 919
f 921 923 919
f 921 924 926
f 921 200 924
f 919 925 918
f 921 926 923
f 210 209 924
f 924 209 205
f 924 206 207
f 927 207 204
f 206 924 205
f 927 204 277
f 928 927 929
f 928 930 924
f 928 924 927
f 927 924 207
f 930 928 931
f 931 932 930
f 932 931 933
f 934 936 935
f 934 937 936
f 934 935 938
f 934 938 939
f 939 938 933
f 939 933 931
f 937 934 940
f 937 940 941
f 940 942 941
f 943 944 942
f 940 943 942
f 945 947 946
f 948 949 945
f 950 951 948
f 951 950 952
f 951 952 953
f 953 952 954
f 955 956 952
f 952 956 954
f 876 872 957
f 957 872 871
f 958 876 957
f 959 956 955
f 955 957 959
f 958 882 877
f 958 877 876
f 959 957 871
f 871 887 960
f 871 960 959
f 961 886 962
f 886 961 889
f 886 889 963
f 889 961 895
f 964 966 965
f 965 966 967
f 967 966 968
f 968 966 962
f 962 966 961
f 885 476 969
f 883 469 480
f 883 480 479
f 883 475 885
f 478 477 479
f 479 477 883
f 883 477 475
f 885 475 476
f 884 971 970
f 884 970 920
f 920 970 972
f 929 373 973
f 374 371 974
f 974 371 975
f 975 371 370
f 973 373 374
f 973 374 974
f 973 974 976
f 973 976 977
f 978 977 979
f 958 981 980
f 958 980 982
f 958 983 881
f 958 881 882
f 948 984 950
f 948 985 984
f 945 985 948
f 986 985 945
f 986 945 987
f 987 945 946
f 987 988 986
f 988 987 943
f 944 943 987
f 962 864 865
f 962 867 868
f 962 868 989
f 869 863 962
f 962 863 864
f 989 868 862
f 865 866 962
f 962 866 867
f 886 873 870
f 886 870 869
f 886 869 962
f 873 886 874
f 874 886 875
f 875 886 871
f 871 886 887
f 983 878 879
f 983 880 881
f 983 879 880
f 990 824 823
f 991 824 990
f 809 829 991
f 824 829 825
f 826 829 828
f 811 812 989
f 989 812 962
f 991 829 824
f 829 826 825
f 829 827 828
f 812 813 962
f 962 813 810
f 962 810 991
f 991 810 809
f 989 862 878
f 989 878 811
f 811 878 814
f 820 819 992
f 983 814 878
f 819 982 992
f 983 817 814
f 819 818 982
f 983 816 817
f 958 982 983
f 983 982 816
f 818 815 982
f 982 815 816
f 823 822 990
f 990 822 821
f 990 821 992
f 992 821 820
f 787 779 780
f 784 779 787
f 769 765 991
f 993 764 788
f 787 780 781
f 994 782 783
f 787 786 784
f 771 770 773
f 773 770 990
f 990 770 766
f 787 781 782
f 787 782 788
f 788 782 994
f 784 786 785
f 991 765 993
f 993 765 764
f 990 766 767
f 990 767 768
f 990 768 991
f 768 769 991
f 773 774 771
f 775 772 990
f 990 772 773
f 992 776 775
f 992 775 990
f 982 776 992
f 980 778 777
f 994 783 980
f 980 783 778
f 993 737 740
f 993 740 995
f 788 994 993
f 993 994 737
f 995 740 996
f 740 739 996
f 980 738 994
f 994 738 737
f 739 738 997
f 997 738 980
f 713 706 720
f 720 706 704
f 712 714 706
f 708 707 705
f 711 705 706
f 706 716 717
f 715 716 706
f 706 719 711
f 706 718 719
f 706 717 718
f 706 714 715
f 723 721 657
f 657 703 702
f 699 700 981
f 711 710 705
f 705 710 709
f 657 721 704
f 721 722 704
f 704 722 720
f 704 703 657
f 981 700 701
f 705 709 708
f 702 699 657
f 657 699 981
f 996 695 696
f 696 697 996
f 695 996 981
f 695 981 694
f 706 713 712
f 996 697 727
f 996 727 728
f 995 731 732
f 701 698 981
f 729 730 995
f 981 698 694
f 728 729 996
f 996 729 995
f 730 731 995
f 656 723 657
f 725 724 656
f 656 724 723
f 965 725 656
f 965 656 964
f 964 999 998
f 964 998 883
f 883 998 1000
f 883 1000 469
f 732 726 965
f 965 726 725
f 640 648 645
f 612 611 1001
f 642 981 641
f 642 657 981
f 1001 611 610
f 978 640 641
f 978 641 981
f 610 978 1001
f 613 615 612
f 648 608 609
f 648 609 647
f 606 646 609
f 609 646 647
f 613 614 615
f 978 607 608
f 648 978 608
f 640 978 648
f 610 607 978
f 640 645 644
f 640 644 643
f 646 606 602
f 646 602 649
f 649 602 603
f 964 650 651
f 964 658 659
f 659 650 964
f 650 659 655
f 964 656 658
f 649 999 651
f 651 999 964
f 600 623 999
f 649 603 604
f 620 623 622
f 623 621 622
f 999 623 618
f 618 623 617
f 604 605 649
f 649 605 601
f 649 601 999
f 999 601 600
f 650 655 653
f 653 655 654
f 653 654 652
f 618 1001 1002
f 618 616 1001
f 613 612 1001
f 613 1001 616
f 623 620 617
f 617 620 619
f 571 999 1002
f 1002 999 618
f 571 570 999
f 999 565 998
f 998 565 566
f 570 564 999
f 999 564 565
f 1003 563 575
f 568 569 998
f 998 569 1003
f 566 567 998
f 1003 569 563
f 998 567 568
f 978 572 1001
f 1001 572 1002
f 1002 572 571
f 978 573 572
f 577 979 576
f 979 577 578
f 978 578 574
f 978 574 573
f 979 575 576
f 471 530 525
f 529 468 469
f 529 469 528
f 468 529 470
f 470 529 530
f 530 471 470
f 528 469 518
f 518 469 1000
f 476 474 969
f 969 474 976
f 976 474 473
f 976 473 472
f 471 525 524
f 976 472 471
f 471 526 527
f 527 523 471
f 524 526 471
f 520 519 998
f 1003 521 998
f 998 521 520
f 998 519 1000
f 1000 519 518
f 575 979 1003
f 1003 979 521
f 522 521 979
f 979 977 1004
f 979 1004 522
f 976 471 523
f 976 523 1004
f 1004 523 522
f 1005 421 422
f 425 421 1005
f 974 422 423
f 976 417 418
f 418 419 976
f 976 451 452
f 976 452 969
f 417 976 416
f 416 976 974
f 416 974 415
f 419 451 976
f 423 424 974
f 974 424 420
f 452 453 969
f 974 420 415
f 436 429 443
f 443 429 427
f 435 437 429
f 444 1005 446
f 429 437 438
f 1006 446 1005
f 444 426 425
f 444 425 1005
f 444 445 427
f 427 445 443
f 449 448 1006
f 448 447 1006
f 447 446 1006
f 427 426 444
f 429 436 435
f 453 454 969
f 969 454 885
f 885 454 455
f 457 458 885
f 885 458 1006
f 456 457 885
f 458 450 1006
f 1006 450 449
f 455 456 885
f 434 428 429
f 434 433 428
f 428 433 432
f 429 442 434
f 438 439 429
f 429 441 442
f 428 432 431
f 429 440 441
f 439 440 429
f 379 1005 974
f 974 1005 422
f 380 379 974
f 974 368 380
f 370 369 975
f 975 369 368
f 975 368 974
f 321 322 971
f 333 270 332
f 357 971 375
f 355 351 350
f 1007 328 329
f 356 357 375
f 350 357 355
f 971 357 321
f 349 323 350
f 270 333 326
f 270 328 1007
f 351 355 354
f 353 355 352
f 326 327 270
f 270 327 328
f 321 357 323
f 323 357 350
f 330 325 1007
f 355 353 354
f 325 324 1007
f 1007 324 349
f 349 324 323
f 1007 329 330
f 1007 349 345
f 375 348 356
f 345 372 1007
f 1007 372 929
f 929 372 373
f 372 345 346
f 372 347 375
f 347 348 375
f 346 347 372
f 1005 379 1006
f 1006 379 376
f 1006 376 377
f 377 378 971
f 971 378 375
f 1006 377 971
f 332 270 970
f 332 970 331
f 970 319 331
f 322 320 971
f 971 320 970
f 970 320 319
f 280 281 927
f 1007 264 263
f 929 927 1007
f 1007 927 265
f 1007 265 264
f 281 273 927
f 927 279 280
f 1007 263 266
f 927 278 279
f 927 273 265
f 277 278 927
f 1007 266 267
f 1007 267 268
f 1007 268 269
f 1007 269 270
f 272 262 970
f 970 270 271
f 970 271 272
f 972 261 274
f 970 261 972
f 972 276 277
f 970 262 261
f 274 275 972
f 972 275 276
f 201 920 972
f 204 203 277
f 277 203 202
f 972 202 201
f 277 202 972
f 884 885 1006
f 884 1006 971
f 1004 977 976
f 962 991 968
f 968 991 993
f 968 993 967
f 967 993 995
f 967 995 965
f 965 995 732
f 979 578 978
f 981 996 997
f 997 996 739
f 776 982 777
f 777 982 980
f 997 980 981
f 981 958 978
f 978 958 977
f 921 1008 920
f 966 1009 961
f 1008 884 920
f 1010 964 1011
f 1012 1013 883
f 1009 966 1014
f 1010 966 964
f 883 1013 964
f 964 1013 1015
f 1016 1017 883
f 883 1017 1012
f 1016 884 1018
f 884 1016 883
f 966 1020 1019
f 964 1015 1011
f 884 1022 1021
f 1019 1014 966
f 884 1008 1022
f 1021 1023 884
f 1010 1024 966
f 966 1024 1020
f 1023 1025 884
f 884 1025 1026
f 884 1026 1018
f 1014 1027 1009
f 1027 1014 1019
f 1020 1028 1019
f 1019 1028 1027
f 1028 1020 1029
f 1024 1029 1020
f 1024 1030 1029
f 1010 1030 1024
f 1011 1031 1010
f 1010 1031 1030
f 1015 1031 1011
f 1015 1032 1031
f 1032 1015 1013
f 1013 1033 1032
f 1013 1034 1033
f 1012 1034 1013
f 1034 1012 1035
f 1017 1035 1012
f 1016 1036 1017
f 1017 1036 1035
f 1016 1037 1036
f 1018 1037 1016
f 1018 1038 1037
f 1026 1038 1018
f 1026 1039 1038
f 1025 1039 1026
f 1025 1040 1039
f 1023 1040 1025
f 1040 1023 1041
f 1021 1041 1023
f 1022 1041 1021
f 1022 1042 1041
f 1022 1008 1042
f 957 1043 958
f 929 1044 928
f 1045 973 1046
f 973 1044 929
f 973 1047 1044
f 977 1049 1048
f 958 1050 977
f 977 1050 1051
f 958 1052 1050
f 973 1054 1053
f 977 1055 973
f 973 1055 1046
f 977 1051 1049
f 977 1048 1055
f 958 1056 1052
f 1057 1056 958
f 973 1045 1054
f 973 1053 1058
f 1058 1047 973
f 958 1043 1059
f 958 1059 1060
f 958 1060 1061
f 958 1061 1057
f 1047 1062 1044
f 1062 1047 1058
f 1053 1063 1058
f 1058 1063 1062
f 1063 1053 1064
f 1054 1064 1053
f 1054 1065 1064
f 1045 1065 1054
f 1046 1066 1045
f 1045 1066 1065
f 1055 1066 1046
f 1055 1067 1066
f 1067 1055 1048
f 1048 1068 1067
f 1049 1068 1048
f 1049 1069 1068
f 1051 1069 1049
f 1069 1051 1070
f 1050 1071 1051
f 1051 1071 1070
f 1050 1072 1071
f 1052 1072 1050
f 1052 1073 1072
f 1056 1073 1052
f 1056 1074 1073
f 1057 1074 1056
f 1057 1075 1074
f 1061 1075 1057
f 1075 1061 1076
f 1060 1076 1061
f 1059 1076 1060
f 1059 1077 1076
f 1059 1043 1077
f 886 1078 888
f 888 1078 1079
f 888 1079 1080
f 888 1080 887
f 887 1080 1081
f 887 1081 960
f 960 1081 1082
f 960 1082 959
f 959 1082 1083
f 959 1083 956
f 956 1083 1084
f 956 1084 1085
f 956 1085 954
f 954 1085 1086
f 954 1086 953
f 953 1086 1087
f 953 1087 951
f 951 1087 1088
f 951 1088 1089
f 951 1089 948
f 948 1089 1090
f 948 1090 949
f 949 1090 1091
f 949 1091 945
f 945 1091 1092
f 945 1092 947
f 947 1092 1093
f 947 1093 946
f 946 1093 1094
f 946 1094 1095
f 946 1095 987
f 987 1095 1096
f 987 1096 944
f 944 1096 1097
f 944 1097 942
f 942 1097 1098
f 942 1098 1099
f 942 1099 941
f 941 1099 1100
f 941 1100 937
f 937 1100 1101
f 937 1101 936
f 936 1101 1102
f 936 1102 1103
f 936 1103 935
f 935 1103 1104
f 935 1104 938
f 938 1104 1105
f 938 1105 933
f 933 1105 1106
f 933 1106 932
f 932 1106 1107
f 932 1107 930
f 930 1107 1108
f 930 1108 1109
f 930 1109 924
f 924 1109 1110
f 1078 1112 1111
f 1078 1111 1079
f 1079 1111 1080
f 1113 1080 1111
f 1080 1113 1081
f 1114 1081 1113
f 1114 1082 1081
f 1082 1114 1115
f 1115 1083 1082
f 1083 1115 1116
f 1116 1084 1083
f 1116 1085 1084
f 1085 1116 1117
f 1085 1117 1086
f 1086 1117 1087
f 1087 1117 1118
f 1119 1087 1118
f 1087 1119 1088
f 1088 1119 1089
f 1089 1119 1120
f 1120 1090 1089
f 1121 1090 1120
f 1121 1091 1090
f 1091 1121 1122
f 1122 1092 1091
f 1092 1122 1123
f 1092 1123 1093
f 1093 1123 1124
f 1093 1124 1094
f 1124 1095 1094
f 1095 1124 1125
f 1095 1125 1126
f 1095 1126 1096
f 1096 1126 1097
f 1097 1126 1127
f 1097 1127 1098
f 1128 1098 1127
f 1098 1128 1099
f 1129 1099 1128
f 1129 1100 1099
f 1130 1101 1129
f 1129 1101 1100
f 1130 1102 1101
f 1102 1130 1131
f 1131 1103 1102
f 1103 1131 1132
f 1103 1132 1104
f 1104 1132 1105
f 1105 1132 1133
f 1134 1105 1133
f 1105 1134 1106
f 1106 1134 1135
f 1135 1107 1106
f 1136 1107 1135
f 1136 1108 1107
f 1137 1108 1136
f 1137 1109 1108
f 1109 1137 1110
f 1138 1140 1139
f 1139 1140 1141
f 1141 1140 1142
f 1141 1142 1143
f 1141 1143 1144
f 1144 1143 1145
f 1145 1143 1146
f 1145 1146 1147
f 1147 1146 1148
f 1147 1148 1149
f 1149 1148 1150
f 1149 1150 1151
f 1151 1150 1152
f 1151 1152 1153
f 1153 1152 1154
f 1153 1154 1155
f 1155 1154 1156
f 1157 1159 1158
f 1158 1159 1160
f 1158 1160 1161
f 1161 1160 1162
f 1161 1162 1163
f 1163 1162 1164
f 1163 1164 1165
f 1165 1164 1166
f 1165 1166 1167
f 1167 1166 1168
f 1167 1168 1169
f 1169 1168 1170
f 1169 1170 1171
f 1171 1170 1172
f 1171 1172 1138
f 1138 1172 1173
f 1138 1173 1140
f 1174 1176 1175
f 1175 1176 1177
f 1177 1176 1178
f 1177 1178 1179
f 1179 1178 1180
f 1179 1180 1181
f 1179 1181 1182
f 1182 1181 1183
f 1183 1181 1184
f 1183 1184 1185
f 1185 1184 1186
f 1185 1186 1187
f 1185 1187 1188
f 1188 1187 1189
f 1189 1187 1190
f 1189 1190 1191
f 1191 1190 1192
f 1191 1192 1157
f 1157 1192 1159
f 1155 1156 1193
f 1193 1156 1194
f 1193 1194 1195
f 1195 1194 1196
f 1196 1194 1197
f 1196 1197 1198
f 1198 1197 1199
f 1198 1199 1200
f 1200 1199 1201
f 1200 1201 1202
f 1202 1201 1203
f 1203 1201 1204
f 1203 1204 1205
f 1205 1204 1206
f 1205 1206 1207
f 1207 1206 1208
f 1207 1208 1174
f 1174 1208 1176
f 1110 1137 1209
f 1110 1209 1210
f 1210 1209 1211
f 1212 1211 1209
f 1211 1212 1213
f 1214 1213 1212
f 1214 1215 1213
f 1215 1214 1216
f 1216 1217 1215
f 1217 1216 1218
f 1218 1219 1217
f 1218 1220 1219
f 1220 1218 1221
f 1220 1221 1222
f 1222 1221 1223
f 1223 1221 1224
f 1223 1224 1225
f 1226 1225 1224
f 1225 1226 1227
f 1228 1227 1226
f 1228 1229 1227
f 1230 1231 1228
f 1228 1231 1229
f 1231 1230 1232
f 1232 1233 1231
f 1233 1232 1234
f 1233 1234 1235
f 1235 1234 1236
f 1237 1236 1234
f 1237 1238 1236
f 1238 1237 1239
f 1238 1239 1240
f 1240 1239 1241
f 1241 1239 1242
f 1241 1242 1243
f 1244 1243 1242
f 1243 1244 1245
f 1246 1245 1244
f 1246 1247 1245
f 1248 1249 1246
f 1246 1249 1247
f 1248 1250 1249
f 1250 1248 1251
f 1251 1252 1250
f 1252 1251 1253
f 1252 1253 1254
f 1254 1253 1255
f 1255 1253 1256
f 1257 1255 1256
f 1255 1257 1258
f 1258 1257 1259
f 1259 1260 1258
f 1261 1260 1259
f 1261 1262 1260
f 1112 1262 1261
f 1112 1263 1262
f 1263 1112 1078
f 924 1110 926
f 926 1110 1210
f 926 1210 1211
f 926 1211 923
f 923 1211 1213
f 923 1213 922
f 922 1213 1215
f 922 1215 925
f 925 1215 1217
f 925 1217 918
f 918 1217 1219
f 918 1219 1220
f 918 1220 916
f 916 1220 1222
f 916 1222 915
f 915 1222 1223
f 915 1223 914
f 914 1223 1225
f 914 1225 1227
f 914 1227 912
f 912 1227 1229
f 912 1229 910
f 910 1229 1231
f 910 1231 909
f 909 1231 1233
f 909 1233 907
f 907 1233 1235
f 907 1235 905
f 905 1235 1236
f 905 1236 1238
f 905 1238 903
f 903 1238 1240
f 903 1240 902
f 902 1240 1241
f 902 1241 900
f 900 1241 1243
f 900 1243 1245
f 900 1245 899
f 899 1245 1247
f 899 1247 897
f 897 1247 1249
f 897 1249 893
f 893 1249 1250
f 893 1250 1252
f 893 1252 894
f 894 1252 1254
f 894 1254 891
f 891 1254 1255
f 891 1255 890
f 890 1255 1258
f 890 1258 889
f 889 1258 1260
f 889 1260 963
f 963 1260 1262
f 963 1262 1263
f 963 1263 886
f 886 1263 1078
f 151 145 1175
f 1182 153 152
f 1182 152 1179
f 1179 152 150
f 1179 150 1177
f 1177 150 151
f 1177 151 1175
f 1141 149 1139
f 1139 149 146
f 1139 146 1138
f 1138 146 147
f 1138 147 1171
f 1171 147 168
f 1171 168 1169
f 1169 168 167
f 1169 167 1167
f 1167 167 166
f 1167 166 165
f 1167 165 1165
f 1165 165 164
f 1165 164 163
f 1165 163 1163
f 1163 163 162
f 1163 162 1161
f 1161 162 161
f 1161 161 1158
f 1158 161 160
f 1158 160 1157
f 1157 160 159
f 1157 159 158
f 1157 158 1191
f 1191 158 157
f 1191 157 1189
f 1189 157 156
f 1189 156 1188
f 1188 156 1185
f 1185 156 155
f 1185 155 154
f 1185 154 1183
f 1183 154 153
f 1183 153 1182
f 1207 190 189
f 1207 189 188
f 1207 188 1205
f 1205 188 187
f 1205 187 1203
f 1203 187 186
f 1203 186 1202
f 1202 186 185
f 1202 185 1200
f 1200 185 184
f 1200 184 1198
f 1198 184 183
f 1198 183 1196
f 1196 183 182
f 1196 182 1195
f 1195 182 181
f 1195 181 1193
f 1193 181 180
f 1193 180 1155
f 1155 180 179
f 1155 179 178
f 1155 178 1153
f 1153 178 177
f 1153 177 1151
f 1151 177 176
f 1151 176 1149
f 1149 176 175
f 1149 175 1147
f 1147 175 174
f 1147 174 1145
f 1145 174 173
f 1145 173 1144
f 1144 173 172
f 1144 172 1141
f 1141 172 171
f 1141 171 149
f 1174 1265 1264
f 1174 1264 1266
f 1266 1267 1174
f 1174 1267 1268
f 1268 1269 1174
f 1270 1269 1271
f 1270 1271 1272
f 1272 1273 1270
f 1270 1273 1274
f 1270 1274 1275
f 1275 1274 1276
f 1275 1276 1277
f 1277 1276 1278
f 1278 1279 1277
f 1277 1279 1280
f 1277 1280 1281
f 1277 1281 1282
f 1175 1282 1283
f 1175 1283 1284
f 1284 1285 1175
f 1175 1285 1286
f 1175 1286 1174
f 1174 1286 1265
f 1269 1270 1174
f 1174 1270 1287
f 1174 1287 1288
f 1174 1288 170
f 1174 170 1207
f 1207 170 169
f 1207 169 190
f 145 1289 1175
f 1175 1289 1290
f 1175 1290 1277
f 1175 1277 1282
f 1291 1293 1292
f 1293 1294 1292
f 1295 1297 1296
f 1298 1295 1299
f 1295 1298 1297
f 1298 1301 1300
f 1295 1296 1302
f 1298 1300 1303
f 1298 1304 1301
f 1299 1304 1298
f 1295 1302 1305
f 1305 1306 1295
f 1300 1307 1303
f 1308 1310 1309
f 1311 1313 1312
f 1297 1298 1313
f 1299 1314 1304
f 1297 1313 1311
f 1297 1311 1296
f 1311 1315 1296
f 1302 1317 1316
f 1302 1316 1318
f 1306 1305 1319
f 1305 1318 1319
f 1306 1321 1320
f 1319 1322 1321
f 1323 1318 1316
f 1317 1315 1324
f 1325 1326 1322
f 1326 1327 1322
f 1310 1308 1323
f 1299 1328 1314
f 1295 1320 1329
f 1295 1329 1330
f 1304 1332 1331
f 1333 1335 1334
f 1336 1338 1337
f 1339 1338 1340
f 1341 1300 1301
f 1328 1338 1314
f 1314 1338 1332
f 1341 1301 1342
f 1295 1330 1299
f 1312 1315 1311
f 1315 1312 1324
f 1317 1302 1296
f 1343 1319 1318
f 1317 1296 1315
f 1329 1320 1321
f 1321 1322 1344
f 1316 1310 1323
f 1318 1345 1343
f 1323 1345 1318
f 1317 1324 1310
f 1345 1325 1343
f 1343 1325 1322
f 1321 1344 1346
f 1322 1327 1344
f 1344 1347 1346
f 1317 1310 1316
f 1319 1343 1322
f 1321 1346 1329
f 1346 1349 1348
f 1346 1348 1329
f 1324 1309 1310
f 1323 1350 1345
f 1344 1327 1347
f 1346 1347 1349
f 1351 1340 1336
f 1339 1353 1352
f 1338 1336 1340
f 1340 1353 1339
f 1348 1349 1354
f 1355 1335 1333
f 1352 1334 1339
f 1337 1338 1328
f 1337 1328 1354
f 1348 1354 1328
f 1335 1355 1342
f 1339 1332 1338
f 1334 1331 1332
f 1334 1332 1339
f 1335 1331 1334
f 1328 1330 1348
f 1329 1348 1330
f 1307 1300 1341
f 1335 1342 1331
f 1299 1330 1328
f 1331 1342 1301
f 1302 1318 1305
f 1319 1321 1306
f 1314 1332 1304
f 1320 1295 1306
f 1304 1331 1301
f 1353 1340 1351
f 1336 1337 1351
f 1351 1337 1356
f 1337 1354 1356
f 1356 1354 1357
f 1354 1349 1357
f 1357 1349 1358
f 1349 1347 1358
f 1358 1347 1359
f 1327 1359 1347
f 1327 1360 1359
f 1327 1326 1360
f 1360 1326 1325
f 1325 1361 1360
f 1325 1345 1361
f 1345 1350 1361
f 1350 1323 1308
f 1362 1364 1363
f 1365 1366 1362
f 1364 1367 1363
f 1362 1368 1365
f 1363 1370 1369
f 1362 1363 1368
f 1366 1371 1362
f 1367 1370 1363
f 1363 1373 1372
f 1363 1369 1373
f 1371 1374 1362
f 1375 1377 1376
f 1377 1378 1376
f 1376 1378 1379
f 1378 1380 1379
f 1379 1380 1381
f 1380 1382 1381
f 1381 1382 1383
f 1382 1384 1383
f 1385 1386 1383
f 1385 1383 1384
f 1387 1386 1385
f 1387 1388 1386
f 1389 1388 1387
f 1390 1391 1388
f 1390 1388 1389
f 1392 1393 1391
f 1392 1391 1390
f 1372 1373 1394
f 1394 1396 1395
f 1393 1398 1397
f 1399 1401 1400
f 1363 1401 1368
f 1368 1401 1399
f 1368 1399 1365
f 1371 1403 1402
f 1371 1402 1374
f 1374 1405 1404
f 1404 1407 1406
f 1408 1406 1407
f 1374 1404 1406
f 1406 1408 1362
f 1362 1410 1409
f 1411 1397 1398
f 1380 1412 1382
f 1409 1410 1412
f 1364 1412 1413
f 1367 1413 1414
f 1367 1414 1370
f 1370 1416 1415
f 1377 1417 1378
f 1415 1396 1369
f 1418 1396 1415
f 1416 1370 1414
f 1394 1373 1396
f 1400 1419 1399
f 1420 1371 1366
f 1420 1366 1365
f 1399 1420 1365
f 1403 1371 1420
f 1405 1374 1402
f 1420 1399 1419
f 1420 1419 1421
f 1403 1411 1402
f 1402 1392 1405
f 1410 1408 1384
f 1411 1398 1402
f 1419 1422 1421
f 1402 1398 1392
f 1404 1389 1407
f 1407 1387 1408
f 1408 1385 1384
f 1410 1384 1382
f 1405 1389 1404
f 1407 1389 1387
f 1408 1387 1385
f 1421 1422 1397
f 1421 1397 1411
f 1405 1390 1389
f 1405 1392 1390
f 1420 1421 1403
f 1403 1421 1411
f 1398 1393 1392
f 1412 1410 1382
f 1377 1375 1423
f 1423 1375 1424
f 1425 1426 1418
f 1395 1418 1426
f 1378 1417 1412
f 1378 1412 1380
f 1416 1424 1427
f 1416 1427 1425
f 1423 1424 1416
f 1395 1396 1418
f 1425 1418 1415
f 1423 1414 1377
f 1377 1414 1413
f 1377 1413 1417
f 1417 1413 1412
f 1414 1423 1416
f 1425 1415 1416
f 1409 1412 1364
f 1362 1408 1410
f 1364 1413 1367
f 1415 1369 1370
f 1396 1373 1369
f 1364 1362 1409
f 1406 1362 1374
f 1428 1292 1429
f 1294 1429 1292
f 1291 1431 1430
f 1430 1293 1291
f 74 1433 1432
f 74 1432 72
f 72 1432 70
f 70 1432 1434
f 70 1434 1435
f 70 1435 68
f 68 1435 1436
f 68 1436 66
f 66 1436 1437
f 66 1437 64
f 64 1437 1438
f 64 1438 63
f 1439 63 1438
f 1440 61 1439
f 1439 61 63
f 61 1440 59
f 59 1440 1441
f 59 1441 57
f 57 1441 1442
f 1443 55 1442
f 1442 55 57
f 1444 55 1443
f 55 1444 54
f 1445 54 1444
f 1446 52 1445
f 1445 52 54
f 74 75 1447
f 1447 75 1448
f 1447 1448 1449
f 1449 1448 1450
f 1449 1450 1451
f 1451 1450 1452
f 1452 1450 1453
f 1452 1453 1454
f 1454 1453 1455
f 1454 1455 1456
f 1456 1455 1457
f 1457 1455 1458
f 1457 1458 1459
f 1459 1458 1460
f 1459 1460 1461
f 1461 1460 1462
f 1462 1460 1463
f 1462 1463 1464
f 1464 1463 1465
f 1464 1465 1466
f 1466 1465 1467
f 1466 1467 1468
f 1468 1467 1469
f 1468 1469 1470
f 1470 1469 1471
f 1471 1469 1472
f 1471 1472 1473
f 1473 1472 1474
f 1472 1475 1474
f 1474 1475 1476
f 1476 1475 1477
f 1475 1478 1477
f 1477 1478 1479
f 1479 1478 1480
f 1479 1480 1481
f 1480 1482 1481
f 1481 1482 1483
f 1483 1482 1484
f 1484 1482 1485
f 1484 1485 1486
f 1486 1485 1487
f 1486 1487 1488
f 1488 1487 1489
f 1488 1489 1490
f 1490 1489 1491
f 1490 1491 1492
f 1492 1491 1493
f 1493 1491 1494
f 1493 1494 1495
f 82 80 1495
f 82 1495 1494
f 1372 71 69
f 1363 1372 1298
f 1303 1494 1491
f 1303 1491 1489
f 1372 1313 1298
f 1372 69 67
f 1363 1298 1303
f 1307 1494 1303
f 1494 1307 82
f 1372 75 71
f 1303 1401 1363
f 191 1496 1359
f 191 1359 49
f 191 101 1496
f 1496 101 1497
f 49 1359 1498
f 49 1498 53
f 101 99 1497
f 75 1372 1448
f 1448 1372 1394
f 53 1498 56
f 1469 1499 1472
f 1472 1499 1500
f 99 96 1497
f 56 1498 60
f 1472 1500 1501
f 1497 96 1502
f 1502 96 94
f 1469 1467 1499
f 1350 60 1498
f 1499 1467 1503
f 1501 1475 1472
f 1503 1467 1465
f 1309 60 1350
f 82 1307 84
f 67 1313 1372
f 1475 1501 1478
f 1478 1501 1391
f 1355 84 1307
f 1465 1460 1503
f 1503 1460 1504
f 1391 1480 1478
f 1502 91 1333
f 67 1312 1313
f 1355 88 84
f 1504 1460 1427
f 1505 1485 1391
f 1391 1485 1480
f 1333 88 1355
f 1489 1401 1303
f 1502 94 91
f 1333 91 88
f 1489 1400 1401
f 1394 1453 1448
f 1395 1453 1394
f 1427 1458 1426
f 1312 67 1324
f 1324 67 65
f 1427 1460 1458
f 1489 1422 1400
f 1426 1458 1453
f 1426 1453 1395
f 1324 65 62
f 1324 62 1309
f 1309 62 60
f 1422 1489 1487
f 1422 1487 1505
f 1505 1487 1485
f 77 1506 102
f 102 1506 127
f 102 127 1507
f 102 1507 100
f 100 1507 1508
f 1508 98 100
f 1509 97 98
f 1509 98 1508
f 1510 95 1509
f 1509 95 97
f 1510 93 95
f 93 1510 1511
f 93 1511 92
f 92 1511 1512
f 92 1512 90
f 90 1512 1513
f 1513 89 90
f 1514 87 1515
f 1515 87 89
f 1515 89 1513
f 87 1514 85
f 85 1514 1516
f 85 1516 83
f 1517 81 1516
f 1516 81 83
f 1518 80 81
f 1518 81 1517
f 129 1515 1513
f 129 1513 1512
f 119 1517 117
f 122 1511 1510
f 117 1517 1516
f 117 1514 129
f 129 1514 1515
f 122 1512 1511
f 127 1506 113
f 1518 1517 119
f 122 1510 121
f 121 1510 1509
f 121 1509 126
f 126 1509 1508
f 117 1516 1514
f 126 1508 1507
f 126 1507 127
f 122 129 1512
f 1293 1430 1294
f 1294 1430 1519
f 1294 1520 1429
f 1445 35 1446
f 1436 45 1437
f 1442 37 1443
f 1443 37 1444
f 1444 37 1445
f 41 1435 1434
f 1432 1433 27
f 27 1433 1521
f 1522 1523 13
f 13 1523 1524
f 1525 1526 24
f 17 1528 1527
f 41 1434 1432
f 1521 1529 29
f 24 1524 1525
f 45 1436 1435
f 45 38 1437
f 1437 38 1438
f 1438 38 1439
f 1439 38 1440
f 1440 38 22
f 1440 22 1441
f 1441 22 1442
f 1442 22 37
f 37 32 1445
f 1445 32 33
f 1445 33 35
f 45 1435 41
f 29 1529 1530
f 29 1530 14
f 14 1530 1522
f 13 1524 24
f 1526 1528 17
f 17 1527 16
f 27 1521 29
f 14 1522 13
f 24 1526 17
f 41 1432 27
f 1531 141 1532
f 1532 141 1533
f 1534 144 1535
f 1535 144 1531
f 1536 1518 119
f 1534 1536 144
f 1531 144 141
f 141 134 1533
f 1537 1533 134
f 1537 134 1538
f 1539 1538 134
f 1539 134 133
f 1539 133 1540
f 1541 136 1542
f 1542 136 1543
f 1543 136 137
f 1540 133 1541
f 133 136 1541
f 1536 119 144
f 1433 74 1447
f 1433 1447 1521
f 1521 1447 1449
f 1521 1449 1529
f 1529 1449 1451
f 1529 1451 1452
f 1529 1452 1530
f 1530 1452 1454
f 1530 1454 1522
f 1523 1456 1457
f 1522 1454 1456
f 1522 1456 1523
f 1523 1457 1459
f 1523 1459 1524
f 1524 1459 1461
f 1524 1461 1525
f 1525 1461 1462
f 1525 1462 1464
f 1525 1464 1526
f 1526 1464 1466
f 1526 1466 1528
f 1528 1466 1468
f 1528 1468 1470
f 1528 1470 1527
f 1527 1470 16
f 16 1470 1471
f 16 1471 1520
f 1471 1429 1520
f 1473 1544 1428
f 137 1544 1473
f 137 1473 1474
f 137 1474 1543
f 1543 1474 1476
f 1543 1476 1542
f 1542 1476 1477
f 1542 1477 1541
f 1541 1477 1479
f 1541 1479 1540
f 1540 1479 1481
f 1540 1481 1539
f 1539 1481 1483
f 1539 1483 1538
f 1538 1483 1484
f 1538 1484 1537
f 1537 1484 1486
f 1537 1486 1533
f 1533 1486 1488
f 1533 1488 1532
f 1532 1488 1490
f 1532 1490 1531
f 1531 1490 1492
f 1531 1492 1535
f 1535 1492 1493
f 1535 1493 1534
f 1534 1493 1536
f 1536 1493 1495
f 80 1518 1495
f 1495 1518 1536
f 1473 1428 1471
f 1471 1428 1429
f 1291 1292 1544
f 1544 1292 1428
f 1519 1430 1431
f 1446 35 34
f 2 3 1545
f 11 1547 1546
f 1547 1548 1546
f 3 1546 1545
f 34 9 1446
f 10 11 1546
f 9 5 1446
f 1446 5 1545
f 1545 5 6
f 1545 6 2
f 3 10 1546
f 1545 52 1446
f 1545 51 52
f 1546 51 1545
f 50 51 1546
f 50 1546 1548
f 1549 1550 78
f 1551 78 1550
f 1551 77 78
f 1506 77 1551
f 1506 111 113
f 1551 1550 103
f 1550 105 103
f 106 1551 103
f 105 1550 112
f 112 1550 1552
f 111 106 110
f 111 1506 1551
f 1552 1550 1549
f 1551 106 111
f 1553 1519 1554
f 1554 1519 1431
f 48 50 1548
f 1547 11 1555
f 1555 11 1556
f 1556 11 1
f 48 1548 1555
f 1555 1548 1547
f 1557 1552 1549
f 112 1557 104
f 104 1557 1558
f 104 1558 107
f 112 1552 1557
f 78 79 1549
f 1549 79 1557
f 18 1553 148
f 148 1553 1554
f 148 1554 135
f 1554 1431 1291
f 1554 1291 1544
f 1544 137 135
f 1544 135 1554
f 1294 1519 1553
f 1294 1553 1520
f 1553 18 1520
f 1520 18 16
f 1259 1162 1160
f 1259 1160 1261
f 1261 1160 1112
f 1112 1160 1159
f 1162 1259 1257
f 1162 1257 1164
f 1164 1257 1256
f 1164 1256 1253
f 1164 1253 1166
f 1166 1253 1251
f 1166 1251 1248
f 1166 1248 1168
f 1168 1248 1246
f 1168 1246 1170
f 1170 1246 1244
f 1170 1244 1242
f 1170 1242 1172
f 1172 1242 1239
f 1172 1239 1173
f 1173 1239 1237
f 1173 1237 1140
f 1140 1237 1234
f 1140 1234 1232
f 1140 1232 1142
f 1142 1232 1230
f 1142 1230 1228
f 1142 1228 1143
f 1143 1228 1226
f 1143 1226 1146
f 1146 1226 1224
f 1146 1224 1148
f 1148 1224 1221
f 1148 1221 1218
f 1148 1218 1150
f 1150 1218 1216
f 1150 1216 1152
f 1152 1216 1214
f 1152 1214 1212
f 1152 1212 1154
f 1154 1212 1209
f 1154 1209 1156
f 1156 1209 1137
f 1135 1194 1136
f 1136 1194 1137
f 1137 1194 1156
f 1194 1135 1134
f 1194 1134 1197
f 1197 1134 1133
f 1197 1133 1132
f 1197 1132 1199
f 1199 1132 1131
f 1199 1131 1201
f 1201 1131 1130
f 1201 1130 1129
f 1201 1129 1204
f 1204 1129 1128
f 1204 1128 1127
f 1204 1127 1206
f 1206 1127 1126
f 1206 1126 1208
f 1208 1126 1125
f 1208 1125 1124
f 1208 1124 1176
f 1176 1124 1123
f 1176 1123 1178
f 1178 1123 1122
f 1178 1122 1180
f 1180 1122 1121
f 1180 1121 1120
f 1180 1120 1181
f 1181 1120 1119
f 1181 1119 1118
f 1181 1118 1184
f 1184 1118 1117
f 1184 1117 1116
f 1184 1116 1186
f 1186 1116 1187
f 1187 1116 1115
f 1187 1115 1190
f 1190 1115 1114
f 1190 1114 1113
f 1190 1113 1192
f 1192 1113 1111
f 1192 1111 1159
f 1159 1111 1112
f 1009 895 961
f 919 1008 921
f 919 1042 1008
f 917 1042 919
f 917 1041 1042
f 917 1040 1041
f 913 1040 917
f 913 1039 1040
f 911 1039 913
f 911 1038 1039
f 908 1038 911
f 908 1037 1038
f 908 1036 1037
f 908 1035 1036
f 906 1035 908
f 906 1034 1035
f 904 1034 906
f 904 1033 1034
f 904 1032 1033
f 901 1032 904
f 901 1031 1032
f 898 1031 901
f 898 1030 1031
f 898 1029 1030
f 896 1029 898
f 896 1028 1029
f 892 1028 896
f 892 1027 1028
f 895 1027 892
f 895 1009 1027
f 1044 931 928
f 955 1043 957
f 955 1077 1043
f 955 1076 1077
f 952 1076 955
f 952 1075 1076
f 950 1075 952
f 950 1074 1075
f 984 1074 950
f 984 1073 1074
f 985 1073 984
f 985 1072 1073
f 985 1071 1072
f 985 1070 1071
f 986 1070 985
f 986 1069 1070
f 988 1069 986
f 988 1068 1069
f 988 1067 1068
f 943 1067 988
f 943 1066 1067
f 943 1065 1066
f 940 1065 943
f 940 1064 1065
f 934 1064 940
f 934 1063 1064
f 934 1062 1063
f 939 1062 934
f 931 1062 939
f 931 1044 1062
f 1504 1427 1375
f 1425 1427 1426
f 1427 1424 1375
f 1386 1500 1383
f 1391 1501 1388
f 1386 1388 1501
f 1383 1500 1381
f 1381 1500 1499
f 1381 1499 1379
f 1379 1503 1376
f 1376 1503 1504
f 1376 1504 1375
f 1393 1505 1391
f 1386 1501 1500
f 1379 1499 1503
f 1419 1400 1422
f 1397 1422 1505
f 1397 1505 1393
f 1465 1463 1460
f 1458 1455 1453
f 1453 1450 1448
f 1482 1480 1485
f 1334 1352 1333
f 1355 1341 1342
f 1502 1333 1352
f 1502 1352 1353
f 1355 1307 1341
f 1350 1498 1361
f 1361 1498 1360
f 1357 1358 1496
f 1357 1496 1356
f 1351 1356 1497
f 1351 1497 1353
f 1353 1497 1502
f 1308 1309 1350
f 1498 1359 1360
f 1358 1359 1496
f 1496 1497 1356
f 1559 1561 1560
f 1560 1562 1559
f 1561 1559 1563
f 1561 1563 1564
f 1562 1565 1559
f 1559 1565 1566
f 1567 1568 47
f 47 1568 1569
f 1570 1571 1563
f 1559 1566 1572
f 1559 1572 47
f 47 1572 1567
f 47 1569 1573
f 1574 1575 191
f 191 1575 1576
f 1563 1571 1564
f 1577 47 1573
f 1578 191 1577
f 1577 191 47
f 1574 191 1578
f 1579 1563 1580
f 1580 1563 191
f 1580 191 1576
f 1563 1579 1581
f 1563 1581 1570
f 1582 1584 1583
f 1583 1584 1585
f 1586 1588 1587
f 1587 1588 1589
f 1587 1589 1583
f 1583 1589 1590
f 1583 1590 1582
f 1282 1281 1581
f 1564 1276 1561
f 1276 1564 1278
f 1278 1564 1571
f 1278 1571 1279
f 1570 1279 1571
f 1570 1581 1280
f 1570 1280 1279
f 1581 1281 1280
f 1282 1581 1579
f 1282 1579 1283
f 1283 1579 1580
f 1283 1580 1576
f 1283 1576 1284
f 1284 1576 1575
f 1284 1575 1285
f 1285 1575 1574
f 1285 1574 1286
f 1286 1574 1578
f 1286 1578 1265
f 1265 1578 1577
f 1265 1577 1264
f 1264 1577 1573
f 1264 1573 1569
f 1264 1569 1266
f 1266 1569 1568
f 1266 1568 1267
f 1567 1268 1267
f 1567 1267 1568
f 1572 1566 1269
f 1572 1269 1268
f 1572 1268 1567
f 1565 1271 1566
f 1566 1271 1269
f 1562 1272 1565
f 1565 1272 1271
f 1562 1273 1272
f 1560 1273 1562
f 1560 1274 1273
f 1561 1274 1560
f 1561 1276 1274
f 1557 79 1563
f 1563 79 191
f 1557 1583 1558
f 1558 1583 1585
f 107 1558 1289
f 107 1289 145
f 1557 1563 1583
f 1558 1585 1289
f 48 1555 1559
f 48 1559 47
f 1559 1587 1563
f 1563 1587 1583
f 1289 1585 1584
f 1289 1584 1290
f 1290 1584 1582
f 1290 1582 1277
f 1277 1582 1590
f 1277 1590 1275
f 1275 1590 1589
f 1275 1589 1270
f 1270 1589 1588
f 1270 1588 1287
f 1287 1588 1586
f 1287 1586 1288
f 1288 1556 170
f 170 1556 1
f 1559 1555 1587
f 1288 1586 1556
f 1556 1586 1555
f 1555 1586 1587

